subset,n,theta_q,theta,mae,rmse,mase,peak_mae,daily_max_err,peak_hour_hit,pinball,cov80,width80,n_pos,f1,precision,recall,pr_auc,brier,ece,tp,fp,fn,tn,f1_bill,precision_bill,recall_bill,infer_sec,kind,size,ctx,scenario,track,fold,seed,model,train_sec,deterministic
all,336,0.95,181.0,4.934160232543945,6.524431212602043,0.22819240020690051,8.062125905354817,5.357620784214565,0.5714285714285714,1.9044484944570634,0.7678571428571429,15.167173,34.0,0.6666666666666666,0.7692307692307693,0.5882352941176471,0.792648459257245,,,20.0,6.0,14.0,296.0,0.625,0.7894736842105263,0.5172413793103449,39.25038485867636,cov,base,1344,S0,A,F1,0,chronos2_cov,,True
op,240,0.95,181.0,5.891415596008301,7.431043368137136,0.27246303364906543,8.062125905354817,6.783544921875,0.6,2.269821146329244,0.7916666666666666,17.909718,34.0,0.6666666666666666,0.7692307692307693,0.5882352941176471,0.792648459257245,,,20.0,6.0,14.0,200.0,0.625,0.7894736842105263,0.5172413793103449,39.25038485867636,cov,base,1344,S0,A,F1,0,chronos2_cov,,True
peak,60,0.95,181.0,8.062125905354817,9.457005569812537,0.37285288162695707,8.062125905354817,,,3.0671244105586304,0.7166666666666667,19.597998,,,,,,,,,,,,,,,39.25038485867636,cov,base,1344,S0,A,F1,0,chronos2_cov,,True
all,336,0.95,182.0,5.742774736313593,7.925651279487407,0.28057852359458635,8.424600908833165,9.117965153285436,0.42857142857142855,2.245777135172849,0.7053571428571429,16.013865,42.0,0.5454545454545454,0.75,0.42857142857142855,0.7520454349054814,,,18.0,6.0,24.0,288.0,0.49056603773584906,0.7222222222222222,0.37142857142857144,38.356938873018535,cov,base,1344,S0,A,F2,0,chronos2_cov,,True
op,240,0.95,182.0,6.992571512858073,9.117075144922726,0.34164066697603185,8.424600908833165,10.783155822753907,0.4,2.7434110592029715,0.7,18.831938,42.0,0.5454545454545454,0.75,0.42857142857142855,0.7520454349054814,,,18.0,6.0,24.0,192.0,0.49056603773584906,0.7222222222222222,0.37142857142857144,38.356938873018535,cov,base,1344,S0,A,F2,0,chronos2_cov,,True
peak,62,0.95,182.0,8.424600908833165,10.469043165489738,0.41160626933999644,8.424600908833165,,,3.286252200218939,0.6290322580645161,21.182405,,,,,,,,,,,,,,,38.356938873018535,cov,base,1344,S0,A,F2,0,chronos2_cov,,True
all,336,0.95,182.0,8.675190630413237,14.019402945466597,0.44542619208416256,12.499521255493164,8.364966256277901,0.35714285714285715,3.4258256875648696,0.7053571428571429,22.251274,63.0,0.7058823529411765,0.9230769230769231,0.5714285714285714,0.8667453091393821,,,36.0,3.0,27.0,270.0,0.7126436781609196,0.9117647058823529,0.5849056603773585,38.43227372850691,cov,base,1344,S0,A,F3,0,chronos2_cov,,True
op,240,0.95,182.0,11.036367003122965,16.38654599298515,0.5666603926155106,12.499521255493164,10.354103088378906,0.3,4.366214498943752,0.7416666666666667,28.077787,63.0,0.7058823529411765,0.9230769230769231,0.5714285714285714,0.866745309139382,,,36.0,3.0,27.0,174.0,0.7126436781609196,0.9117647058823529,0.5849056603773585,38.43227372850691,cov,base,1344,S0,A,F3,0,chronos2_cov,,True
peak,80,0.95,182.0,12.499521255493164,17.492572183194092,0.641785799633104,12.499521255493164,,,4.919584012561375,0.725,31.651709,,,,,,,,,,,,,,,38.43227372850691,cov,base,1344,S0,A,F3,0,chronos2_cov,,True
all,336,0.95,184.0,5.761499473026821,10.070938687737522,0.3044102169287573,6.97172797216128,17.631441388811385,0.35714285714285715,2.300724683993708,0.7351190476190477,18.785513,61.0,0.9016393442622951,0.9016393442622951,0.9016393442622951,0.9671158083776733,,,55.0,6.0,6.0,269.0,0.8867924528301887,0.8867924528301887,0.8867924528301887,38.42166944912502,cov,base,1344,S0,A,F4,0,chronos2_cov,,True
op,192,0.95,184.0,6.825015942255656,8.796346429684135,0.3606013665801475,6.97172797216128,9.318889617919922,0.5,2.686059166766979,0.8020833333333334,22.032621,61.0,0.9016393442622951,0.9016393442622951,0.9016393442622951,0.9671158083776733,,,55.0,6.0,6.0,125.0,0.8867924528301887,0.8867924528301887,0.8867924528301887,38.42166944912502,cov,base,1344,S0,A,F4,0,chronos2_cov,,True
peak,73,0.95,184.0,6.97172797216128,8.971044205169429,0.36835293213330145,6.97172797216128,,,2.810913831458244,0.8493150684931506,25.462097,,,,,,,,,,,,,,,38.42166944912502,cov,base,1344,S0,A,F4,0,chronos2_cov,,True
all,336,0.95,186.0,5.192439079284668,9.548864506966217,0.2667475109731002,7.031023661295573,6.051491328648159,0.42857142857142855,2.0599624792734783,0.5982142857142857,16.515285,36.0,0.8648648648648649,0.8421052631578947,0.8888888888888888,0.8302967427371293,,,32.0,6.0,4.0,294.0,0.8813559322033898,0.896551724137931,0.8666666666666667,38.39028550897326,cov,base,1344,S0,A,F5,0,chronos2_cov,,True
op,168,0.95,186.0,8.17264647710891,13.234582710581455,0.41984760389951603,7.031023661295573,10.722462245396205,0.5714285714285714,3.2546064288527874,0.8214285714285714,28.620378,36.0,0.8648648648648649,0.8421052631578947,0.8888888888888888,0.8302967427371293,,,32.0,6.0,4.0,126.0,0.8813559322033898,0.896551724137931,0.8666666666666667,38.39028550897326,cov,base,1344,S0,A,F5,0,chronos2_cov,,True
peak,42,0.95,186.0,7.031023661295573,9.072968867935407,0.3611998200856977,7.031023661295573,,,2.8291619921487476,0.7857142857142857,27.668806,,,,,,,,,,,,,,,38.39028550897326,cov,base,1344,S0,A,F5,0,chronos2_cov,,True
all,317,0.95,186.0,5.387561810129449,7.419336759070377,0.23400503248092172,6.070248361361229,5.87830080304827,0.21428571428571427,2.1123335202200724,0.7255520504731862,16.216347,28.0,0.4489795918367347,0.5238095238095238,0.39285714285714285,0.5201125269490154,,,11.0,10.0,17.0,279.0,0.46153846153846156,0.6428571428571429,0.36,38.25335691656385,cov,base,1344,S0,A,F6,0,chronos2_cov,,True
op,240,0.95,186.0,5.678338146209716,7.680631394486655,0.24663470214730304,6.070248361361229,4.823887634277344,0.1,2.194585738358674,0.825,18.7494,28.0,0.4489795918367347,0.5238095238095238,0.39285714285714285,0.5201125269490154,,,11.0,10.0,17.0,202.0,0.46153846153846156,0.6428571428571429,0.36,38.25335691656385,cov,base,1344,S0,A,F6,0,chronos2_cov,,True
peak,59,0.95,186.0,6.070248361361229,7.725518309752509,0.263657052118993,6.070248361361229,,,2.401011266905934,0.8135593220338984,22.225454,,,,,,,,,,,,,,,38.25335691656385,cov,base,1344,S0,A,F6,0,chronos2_cov,,True
all,336,0.95,181.0,4.926085335867746,6.515645674852218,0.22781895670950222,7.915568288167318,5.236952645438058,0.5714285714285714,1.9051846332650966,0.7708333333333334,15.144338,34.0,0.6885245901639344,0.7777777777777778,0.6176470588235294,0.7808599233989387,,,21.0,6.0,13.0,296.0,0.6530612244897959,0.8,0.5517241379310345,49.95901850291661,cov,base,1344,S1,A,F1,0,chronos2_cov,,True
op,240,0.95,181.0,5.896048386891683,7.4235047193019446,0.27267728848099465,7.915568288167318,6.604196166992187,0.6,2.27300728585985,0.7833333333333333,17.747929,34.0,0.6885245901639344,0.7777777777777778,0.6176470588235294,0.7808599233989387,,,21.0,6.0,13.0,200.0,0.6530612244897959,0.8,0.5517241379310345,49.95901850291661,cov,base,1344,S1,A,F1,0,chronos2_cov,,True
peak,60,0.95,181.0,7.915568288167318,9.314067745083399,0.3660749634284277,7.915568288167318,,,3.0290728533709492,0.7,19.217537,,,,,,,,,,,,,,,49.95901850291661,cov,base,1344,S1,A,F1,0,chronos2_cov,,True
all,336,0.95,182.0,5.755201930091495,7.9267846492416485,0.2811856871771276,8.405316260553175,9.156981876918248,0.42857142857142855,2.2523934157437115,0.7083333333333334,16.006006,42.0,0.5074626865671642,0.68,0.40476190476190477,0.7501150571228812,,,17.0,8.0,25.0,286.0,0.4528301886792453,0.6666666666666666,0.34285714285714286,48.25364702088492,cov,base,1344,S1,A,F2,0,chronos2_cov,,True
op,240,0.95,182.0,7.018824577331543,9.120336349259246,0.3429233302195022,8.405316260553175,10.827354431152344,0.4,2.753519693127385,0.7041666666666667,18.782356,42.0,0.5074626865671642,0.68,0.40476190476190477,0.7501150571228812,,,17.0,8.0,25.0,190.0,0.4528301886792453,0.6666666666666666,0.34285714285714286,48.25364702088492,cov,base,1344,S1,A,F2,0,chronos2_cov,,True
peak,62,0.95,182.0,8.405316260553175,10.431369270844574,0.4106640665911709,8.405316260553175,,,3.2822749995843488,0.6451612903225806,20.980946,,,,,,,,,,,,,,,48.25364702088492,cov,base,1344,S1,A,F2,0,chronos2_cov,,True
all,336,0.95,182.0,8.672828447251092,14.090046790468007,0.44530490619019836,12.429996490478516,9.134464808872767,0.2857142857142857,3.4286684651854173,0.7261904761904762,22.786102,63.0,0.7184466019417476,0.925,0.5873015873015873,0.8682969115733772,,,37.0,3.0,26.0,270.0,0.7126436781609196,0.9117647058823529,0.5849056603773585,49.25017552716391,cov,base,1344,S1,A,F3,0,chronos2_cov,,True
op,240,0.95,182.0,11.036807028452555,16.461571104338628,0.5666829856414544,12.429996490478516,11.395948791503907,0.2,4.365727575973229,0.7458333333333333,28.811121,63.0,0.7184466019417476,0.925,0.5873015873015873,0.8682969115733772,,,37.0,3.0,26.0,174.0,0.7126436781609196,0.9117647058823529,0.5849056603773585,49.25017552716391,cov,base,1344,S1,A,F3,0,chronos2_cov,,True
peak,80,0.95,182.0,12.429996490478516,17.604554516143434,0.6382160623609968,12.429996490478516,,,4.887875130971273,0.7375,32.849384,,,,,,,,,,,,,,,49.25017552716391,cov,base,1344,S1,A,F3,0,chronos2_cov,,True
all,336,0.95,184.0,5.619479383741107,9.2122799584077,0.2969065511920678,6.892315799242829,14.62238529750279,0.2857142857142857,2.231131160448468,0.7559523809523809,18.757082,61.0,0.8943089430894309,0.8870967741935484,0.9016393442622951,0.9676525612889769,,,55.0,7.0,6.0,268.0,0.8785046728971962,0.8703703703703703,0.8867924528301887,49.17041323866163,cov,base,1344,S1,A,F4,0,chronos2_cov,,True
op,192,0.95,184.0,6.824601411819458,8.859361787468375,0.3605794647643793,6.892315799242829,8.576169967651367,0.375,2.6917532558794375,0.8072916666666666,22.970795,61.0,0.8943089430894309,0.8870967741935484,0.9016393442622951,0.9676525612889768,,,55.0,7.0,6.0,124.0,0.8785046728971962,0.8703703703703703,0.8867924528301887,49.17041323866163,cov,base,1344,S1,A,F4,0,chronos2_cov,,True
peak,73,0.95,184.0,6.892315799242829,8.951582286288456,0.36415717078713405,6.892315799242829,,,2.795775610054283,0.863013698630137,26.265335,,,,,,,,,,,,,,,49.17041323866163,cov,base,1344,S1,A,F4,0,chronos2_cov,,True
all,336,0.95,186.0,5.255625020890009,9.675843648678937,0.2699935177907744,7.194590613955543,6.61841801234654,0.42857142857142855,2.0099761052106424,0.6428571428571429,16.943533,36.0,0.8378378378378378,0.8157894736842105,0.8611111111111112,0.861058195360682,,,31.0,7.0,5.0,293.0,0.8666666666666667,0.8666666666666667,0.8666666666666667,48.85681813103812,cov,base,1344,S1,A,F5,0,chronos2_cov,,True
op,168,0.95,186.0,8.394845099676223,13.451345928687795,0.4312624570362519,7.194590613955543,11.655702863420759,0.5714285714285714,3.200609995322253,0.8511904761904762,29.15575,36.0,0.8378378378378378,0.8157894736842105,0.8611111111111112,0.861058195360682,,,31.0,7.0,5.0,125.0,0.8666666666666667,0.8666666666666667,0.8666666666666667,48.85681813103812,cov,base,1344,S1,A,F5,0,chronos2_cov,,True
peak,42,0.95,186.0,7.194590613955543,9.027880302196793,0.36960262979290615,7.194590613955543,,,2.8619759615136204,0.8333333333333334,28.41342,,,,,,,,,,,,,,,48.85681813103812,cov,base,1344,S1,A,F5,0,chronos2_cov,,True
all,317,0.95,186.0,5.4222449413985485,7.4778984870815615,0.235511470373459,6.2319284212791315,5.853462219238281,0.2857142857142857,2.1277647167517353,0.7318611987381703,16.31004,28.0,0.4166666666666667,0.5,0.35714285714285715,0.49939727266625833,,,10.0,10.0,18.0,279.0,0.42105263157894735,0.6153846153846154,0.32,47.305893880980356,cov,base,1344,S1,A,F6,0,chronos2_cov,,True
op,240,0.95,186.0,5.707941913604737,7.74549073363677,0.2479205213722082,6.2319284212791315,5.010406494140625,0.2,2.2114298880541767,0.8333333333333334,18.878874,28.0,0.4166666666666667,0.5,0.35714285714285715,0.4993972726662583,,,10.0,10.0,18.0,202.0,0.42105263157894735,0.6153846153846154,0.32,47.305893880980356,cov,base,1344,S1,A,F6,0,chronos2_cov,,True
peak,59,0.95,186.0,6.2319284212791315,7.919047027406104,0.27067951404258006,6.2319284212791315,,,2.4391415468492523,0.8135593220338984,22.36468,,,,,,,,,,,,,,,47.305893880980356,cov,base,1344,S1,A,F6,0,chronos2_cov,,True
all,336,0.95,181.0,4.930361316317604,6.532981240320135,0.22801670996357273,7.965931447347005,5.1909926278250555,0.5714285714285714,1.9064146509876956,0.7589285714285714,14.818461,34.0,0.6885245901639344,0.7777777777777778,0.6176470588235294,0.7839757074517284,,,21.0,6.0,13.0,296.0,0.6530612244897959,0.8,0.5517241379310345,54.90251246520451,cov,base,1344,S2,A,F1,0,chronos2_cov,,True
op,240,0.95,181.0,5.908402156829834,7.443307237028448,0.2732486190176881,7.965931447347005,6.551779174804688,0.6,2.276504899130927,0.7833333333333333,17.737822,34.0,0.6885245901639344,0.7777777777777778,0.6176470588235294,0.7839757074517284,,,21.0,6.0,13.0,200.0,0.6530612244897959,0.8,0.5517241379310345,54.90251246520451,cov,base,1344,S2,A,F1,0,chronos2_cov,,True
peak,60,0.95,181.0,7.965931447347005,9.329031110105186,0.3684041318448514,7.965931447347005,,,3.031372101395218,0.7166666666666667,19.139368,,,,,,,,,,,,,,,54.90251246520451,cov,base,1344,S2,A,F1,0,chronos2_cov,,True
all,336,0.95,182.0,5.7174738475254605,7.9050263817628,0.27934238142503265,8.35386953046245,9.33349609375,0.2857142857142857,2.2387072899984934,0.7083333333333334,15.723098,42.0,0.5151515151515151,0.7083333333333334,0.40476190476190477,0.7468311864432247,,,17.0,7.0,25.0,287.0,0.46153846153846156,0.7058823529411765,0.34285714285714286,54.369754331452505,cov,base,1344,S2,A,F2,0,chronos2_cov,,True
op,240,0.95,182.0,7.007709058125814,9.111081731602672,0.3423802519845142,8.35386953046245,11.0339599609375,0.4,2.7475472263053615,0.7083333333333334,18.818655,42.0,0.5151515151515151,0.7083333333333334,0.40476190476190477,0.7468311864432247,,,17.0,7.0,25.0,191.0,0.46153846153846156,0.7058823529411765,0.34285714285714286,54.369754331452505,cov,base,1344,S2,A,F2,0,chronos2_cov,,True
peak,62,0.95,182.0,8.35386953046245,10.359922183470072,0.408150499851151,8.35386953046245,,,3.2634095058646255,0.6612903225806451,20.958492,,,,,,,,,,,,,,,54.369754331452505,cov,base,1344,S2,A,F2,0,chronos2_cov,,True
all,336,0.95,182.0,8.655898480188279,14.155601464765665,0.44443563990174795,12.519853591918945,9.234911782400948,0.35714285714285715,3.423723402982035,0.7232142857142857,23.001034,63.0,0.7184466019417476,0.925,0.5873015873015873,0.8704962562199525,,,37.0,3.0,26.0,270.0,0.7126436781609196,0.9117647058823529,0.5849056603773585,53.91730472019741,cov,base,1344,S2,A,F3,0,chronos2_cov,,True
op,240,0.95,182.0,11.01920280456543,16.539763888024805,0.5657790997506764,12.519853591918945,11.535684204101562,0.3,4.358871830127857,0.7458333333333333,29.136282,63.0,0.7184466019417476,0.925,0.5873015873015873,0.8704962562199526,,,37.0,3.0,26.0,174.0,0.7126436781609196,0.9117647058823529,0.5849056603773585,53.91730472019741,cov,base,1344,S2,A,F3,0,chronos2_cov,,True
peak,80,0.95,182.0,12.519853591918945,17.84818382376786,0.6428297599996416,12.519853591918945,,,4.918405276404486,0.725,33.218292,,,,,,,,,,,,,,,53.91730472019741,cov,base,1344,S2,A,F3,0,chronos2_cov,,True
all,336,0.95,184.0,5.439902646200998,8.631891463473123,0.28741857086926054,6.932675714362158,10.540260859898158,0.2857142857142857,2.181616946376821,0.7708333333333334,18.029615,61.0,0.9016393442622951,0.9016393442622951,0.9016393442622951,0.968051668715797,,,55.0,6.0,6.0,269.0,0.8867924528301887,0.8867924528301887,0.8867924528301887,53.64408166067941,cov,base,1344,S2,A,F4,0,chronos2_cov,,True
op,192,0.95,184.0,6.841572841008504,8.882485494280237,0.36147615432674324,6.932675714362158,8.74930191040039,0.375,2.7003263694268687,0.8125,23.113434,61.0,0.9016393442622951,0.9016393442622951,0.9016393442622951,0.968051668715797,,,55.0,6.0,6.0,125.0,0.8867924528301887,0.8867924528301887,0.8867924528301887,53.64408166067941,cov,base,1344,S2,A,F4,0,chronos2_cov,,True
peak,73,0.95,184.0,6.932675714362158,8.941704675322658,0.36628959665547256,6.932675714362158,,,2.802903336477062,0.863013698630137,26.556347,,,,,,,,,,,,,,,53.64408166067941,cov,base,1344,S2,A,F4,0,chronos2_cov,,True
all,336,0.95,186.0,4.861799399058024,8.243460219568874,0.2497617918567674,7.175392877487909,6.186816079275949,0.42857142857142855,1.9277531705836137,0.6398809523809523,17.05254,36.0,0.8533333333333334,0.8205128205128205,0.8888888888888888,0.8583259407253927,,,32.0,7.0,4.0,293.0,0.8666666666666667,0.8666666666666667,0.8666666666666667,54.085107633045745,cov,base,1344,S2,A,F5,0,chronos2_cov,,True
op,168,0.95,186.0,7.618730090913319,11.394415398959564,0.39139164802814863,7.175392877487909,10.844403948102679,0.5714285714285714,3.0344419118588557,0.8690476190476191,29.356335,36.0,0.8533333333333334,0.8205128205128205,0.8888888888888888,0.8583259407253927,,,32.0,7.0,4.0,125.0,0.8666666666666667,0.8666666666666667,0.8666666666666667,54.085107633045745,cov,base,1344,S2,A,F5,0,chronos2_cov,,True
peak,42,0.95,186.0,7.175392877487909,9.11375940015729,0.3686163980161119,7.175392877487909,,,2.8731618003239707,0.8333333333333334,28.769344,,,,,,,,,,,,,,,54.085107633045745,cov,base,1344,S2,A,F5,0,chronos2_cov,,True
all,317,0.95,186.0,5.348873427237622,7.447796399729637,0.2323246292457858,6.191211247848252,5.92217663356236,0.2857142857142857,2.1135584205817306,0.7413249211356467,16.440926,28.0,0.4166666666666667,0.5,0.35714285714285715,0.5059057499747723,,,10.0,10.0,18.0,279.0,0.42105263157894735,0.6153846153846154,0.32,53.56390825339726,cov,base,1344,S2,A,F6,0,chronos2_cov,,True
op,240,0.95,186.0,5.619049167633056,7.703715841989076,0.24405952624277663,6.191211247848252,4.995730590820313,0.2,2.1913336402398573,0.8416666666666667,19.026999,28.0,0.4166666666666667,0.5,0.35714285714285715,0.5059057499747723,,,10.0,10.0,18.0,202.0,0.42105263157894735,0.6153846153846154,0.32,53.56390825339726,cov,base,1344,S2,A,F6,0,chronos2_cov,,True
peak,59,0.95,186.0,6.191211247848252,7.838491525290646,0.2689109916892383,6.191211247848252,,,2.426498424580317,0.8135593220338984,22.551064,,,,,,,,,,,,,,,53.56390825339726,cov,base,1344,S2,A,F6,0,chronos2_cov,,True
all,336,0.95,181.0,6.169305460793631,8.679154743621917,0.2853147353064803,12.449172210693359,8.79790551321847,0.6428571428571429,2.4202297044178795,0.7619047619047619,17.609177,34.0,0.375,0.6428571428571429,0.2647058823529412,0.6110275523038862,,,9.0,5.0,25.0,297.0,0.2702702702702703,0.625,0.1724137931034483,1.8260612658091955,cov,base,1344,S0,B,F1,0,chronos2_cov,,True
op,240,0.95,181.0,7.580407206217448,9.99717688868867,0.3505746131881497,12.449172210693359,11.488417053222657,0.7,2.9680400392744275,0.7458333333333333,19.920277,34.0,0.375,0.6428571428571429,0.2647058823529412,0.6110275523038862,,,9.0,5.0,25.0,201.0,0.2702702702702703,0.625,0.1724137931034483,1.8260612658091955,cov,base,1344,S0,B,F1,0,chronos2_cov,,True
peak,60,0.95,181.0,12.449172210693359,14.64092187748606,0.5757426499063054,12.449172210693359,,,4.959544392338505,0.48333333333333334,20.866955,,,,,,,,,,,,,,,1.8260612658091955,cov,base,1344,S0,B,F1,0,chronos2_cov,,True
all,336,0.95,182.0,6.147783597310384,8.628715201338956,0.300366307980876,9.711934489588584,10.479205540248326,0.21428571428571427,2.4215933348135974,0.7648809523809523,17.838985,42.0,0.47761194029850745,0.64,0.38095238095238093,0.6970047928406966,,,16.0,9.0,26.0,285.0,0.42857142857142855,0.5714285714285714,0.34285714285714286,1.8279283898217338,cov,base,1344,S0,B,F2,0,chronos2_cov,,True
op,240,0.95,182.0,7.599053732554117,9.999901478448512,0.37127196780220995,9.711934489588584,12.953614807128906,0.3,2.998487276854338,0.7416666666666667,20.325,42.0,0.47761194029850745,0.64,0.38095238095238093,0.6970047928406966,,,16.0,9.0,26.0,189.0,0.42857142857142855,0.5714285714285714,0.34285714285714286,1.8279283898217338,cov,base,1344,S0,B,F2,0,chronos2_cov,,True
peak,62,0.95,182.0,9.711934489588584,12.144942693639226,0.4745023730610956,9.711934489588584,,,3.8507761637369793,0.6451612903225806,23.26594,,,,,,,,,,,,,,,1.8279283898217338,cov,base,1344,S0,B,F2,0,chronos2_cov,,True
all,336,0.95,182.0,11.309970106397357,19.150698367847045,0.580708497565121,17.28189125061035,9.578405107770648,0.5714285714285714,4.6418145902573125,0.6785714285714286,26.50308,63.0,0.4421052631578947,0.65625,0.3333333333333333,0.694803768774332,,,21.0,11.0,42.0,262.0,0.39473684210526316,0.6521739130434783,0.2830188679245283,1.871599657194955,cov,base,1344,S0,B,F3,0,chronos2_cov,,True
op,240,0.95,182.0,14.784510103861491,22.52285177809574,0.7591081646443496,17.28189125061035,11.912417602539062,0.5,6.088891865942213,0.6916666666666667,34.24131,63.0,0.4421052631578947,0.65625,0.3333333333333333,0.694803768774332,,,21.0,11.0,42.0,166.0,0.39473684210526316,0.6521739130434783,0.2830188679245283,1.871599657194955,cov,base,1344,S0,B,F3,0,chronos2_cov,,True
peak,80,0.95,182.0,17.28189125061035,24.729185143633497,0.8873357762059108,17.28189125061035,,,7.354056273566352,0.625,35.659836,,,,,,,,,,,,,,,1.871599657194955,cov,base,1344,S0,B,F3,0,chronos2_cov,,True
all,336,0.95,184.0,15.448802902584983,36.238301115653414,0.8162412345748067,11.839535020802119,29.214966910226003,0.21428571428571427,6.756890698715493,0.6994047619047619,29.268124,61.0,0.7192982456140351,0.7735849056603774,0.6721311475409836,0.7621772597052514,,,41.0,12.0,20.0,263.0,0.6804123711340206,0.75,0.6226415094339622,2.175537977899824,cov,base,1344,S0,B,F4,0,chronos2_cov,,True
op,192,0.95,184.0,9.25854218006134,11.132665112756113,0.4891773134183539,11.839535020802119,16.05006217956543,0.375,3.4721051613489786,0.796875,29.302835,61.0,0.7663551401869159,0.8913043478260869,0.6721311475409836,0.926083652050687,,,41.0,5.0,20.0,126.0,0.7252747252747253,0.868421052631579,0.6226415094339622,2.175537977899824,cov,base,1344,S0,B,F4,0,chronos2_cov,,True
peak,73,0.95,184.0,11.839535020802119,13.5274346617244,0.6255446938580697,11.839535020802119,,,4.399369001461128,0.7671232876712328,35.749714,,,,,,,,,,,,,,,2.175537977899824,cov,base,1344,S0,B,F4,0,chronos2_cov,,True
all,336,0.95,186.0,14.773357334591093,36.2621277439466,0.7589412677830131,43.00996344430106,25.723570687430247,0.35714285714285715,6.05542469037273,0.5922619047619048,36.78504,36.0,0.6865671641791045,0.7419354838709677,0.6388888888888888,0.5631590003868464,,,23.0,8.0,13.0,292.0,0.6785714285714286,0.7307692307692307,0.6333333333333333,2.091918247086661,cov,base,1344,S0,B,F5,0,chronos2_cov,,True
op,168,0.95,186.0,27.094676630837576,51.16970400013787,1.391915714664991,43.00996344430106,49.455352783203125,0.5714285714285714,11.10609331004834,0.7797619047619048,64.99905,36.0,0.6865671641791045,0.7419354838709677,0.6388888888888888,0.5746496293258302,,,23.0,8.0,13.0,124.0,0.6785714285714286,0.7307692307692307,0.6333333333333333,2.091918247086661,cov,base,1344,S0,B,F5,0,chronos2_cov,,True
peak,42,0.95,186.0,43.00996344430106,78.45920546895545,2.209520520246888,43.00996344430106,,,19.04130174243261,0.6904761904761905,60.02598,,,,,,,,,,,,,,,2.091918247086661,cov,base,1344,S0,B,F5,0,chronos2_cov,,True
all,317,0.95,186.0,6.555265853833701,8.730793000475403,0.2847234524833368,6.971549858481197,6.0715740748814175,0.21428571428571427,2.563009584321919,0.7192429022082019,19.644976,28.0,0.3508771929824561,0.3448275862068966,0.35714285714285715,0.3906009154929921,,,10.0,19.0,18.0,270.0,0.3181818181818182,0.3684210526315789,0.28,1.8175066368920463,cov,base,1344,S0,B,F6,0,chronos2_cov,,True
op,240,0.95,186.0,6.485819911956787,8.560787127890423,0.28170711588112435,6.971549858481197,4.8134918212890625,0.2,2.515284522374471,0.8291666666666667,22.010107,28.0,0.3508771929824561,0.3448275862068966,0.35714285714285715,0.39060091549299214,,,10.0,19.0,18.0,193.0,0.3181818181818182,0.3684210526315789,0.28,1.8175066368920463,cov,base,1344,S0,B,F6,0,chronos2_cov,,True
peak,59,0.95,186.0,6.971549858481197,8.908026903706546,0.30280446119597465,6.971549858481197,,,2.7344741304041977,0.847457627118644,25.557604,,,,,,,,,,,,,,,1.8175066368920463,cov,base,1344,S0,B,F6,0,chronos2_cov,,True
all,336,0.95,181.0,6.027842203776042,8.455666668230508,0.27877241834907457,11.971371459960938,8.44305910382952,0.5714285714285714,2.3559044914901572,0.7916666666666666,17.993479,34.0,0.40816326530612246,0.6666666666666666,0.29411764705882354,0.6161353359535212,,,10.0,5.0,24.0,297.0,0.3157894736842105,0.6666666666666666,0.20689655172413793,2.1036528859819685,cov,base,1344,S1,B,F1,0,chronos2_cov,,True
op,240,0.95,181.0,7.398948860168457,9.734577871986446,0.3421826247704682,11.971371459960938,10.961318969726562,0.6,2.8825860800566496,0.7791666666666667,20.174372,34.0,0.40816326530612246,0.6666666666666666,0.29411764705882354,0.6161353359535213,,,10.0,5.0,24.0,201.0,0.3157894736842105,0.6666666666666666,0.20689655172413793,2.1036528859819685,cov,base,1344,S1,B,F1,0,chronos2_cov,,True
peak,60,0.95,181.0,11.971371459960938,14.122769298148222,0.5536455766472808,11.971371459960938,,,4.742601564195421,0.5,20.593113,,,,,,,,,,,,,,,2.1036528859819685,cov,base,1344,S1,B,F1,0,chronos2_cov,,True
all,336,0.95,182.0,6.142872628711519,8.651343582501697,0.30012636955700295,9.646143021122102,10.410257611955915,0.21428571428571427,2.431245435734905,0.7470238095238095,17.773563,42.0,0.44776119402985076,0.6,0.35714285714285715,0.7140210185991718,,,15.0,10.0,27.0,284.0,0.4074074074074074,0.5789473684210527,0.3142857142857143,2.1271139213017056,cov,base,1344,S1,B,F2,0,chronos2_cov,,True
op,240,0.95,182.0,7.613825893402099,10.030939585775092,0.37199370098370144,9.646143021122102,12.866395568847656,0.3,3.0165261240358703,0.7083333333333334,20.19436,42.0,0.44776119402985076,0.6,0.35714285714285715,0.7140210185991718,,,15.0,10.0,27.0,188.0,0.4074074074074074,0.5789473684210527,0.3142857142857143,2.1271139213017056,cov,base,1344,S1,B,F2,0,chronos2_cov,,True
peak,62,0.95,182.0,9.646143021122102,11.976419381938051,0.47128795600052065,9.646143021122102,,,3.793365013642123,0.6290322580645161,23.013504,,,,,,,,,,,,,,,2.1271139213017056,cov,base,1344,S1,B,F2,0,chronos2_cov,,True
all,336,0.95,182.0,11.463933944702148,19.277668725643515,0.5886137447390956,17.39820499420166,9.616930280412946,0.42857142857142855,4.678465244883583,0.6785714285714286,26.673965,63.0,0.4175824175824176,0.6785714285714286,0.30158730158730157,0.6925411106543108,,,19.0,9.0,44.0,264.0,0.3611111111111111,0.6842105263157895,0.24528301886792453,2.1176912784576416,cov,base,1344,S1,B,F3,0,chronos2_cov,,True
op,240,0.95,182.0,15.015721193949382,22.677387324836005,0.7709796588642492,17.39820499420166,12.09563751220703,0.5,6.142824221716986,0.6833333333333333,34.50449,63.0,0.4175824175824176,0.6785714285714286,0.30158730158730157,0.6925411106543107,,,19.0,9.0,44.0,168.0,0.3611111111111111,0.6842105263157895,0.24528301886792453,2.1176912784576416,cov,base,1344,S1,B,F3,0,chronos2_cov,,True
peak,80,0.95,182.0,17.39820499420166,24.931190908485913,0.8933078856502035,17.39820499420166,,,7.326700092951458,0.6,35.578407,,,,,,,,,,,,,,,2.1176912784576416,cov,base,1344,S1,B,F3,0,chronos2_cov,,True
all,336,0.95,184.0,14.235125609806605,31.650924212380772,0.7521163015246821,11.928683764313998,27.293630872453964,0.2857142857142857,5.225575197815265,0.7589285714285714,35.120842,61.0,0.8,0.8979591836734694,0.7213114754098361,0.9019821180512216,,,44.0,5.0,17.0,270.0,0.7659574468085106,0.8780487804878049,0.6792452830188679,2.1782336064747403,cov,base,1344,S1,B,F4,0,chronos2_cov,,True
op,192,0.95,184.0,9.405134558677673,11.488355798060544,0.49692255716672434,11.928683764313998,16.3447265625,0.5,3.5440474194509015,0.8125,32.54487,61.0,0.8,0.8979591836734694,0.7213114754098361,0.9065934770325845,,,44.0,5.0,17.0,126.0,0.7659574468085106,0.8780487804878049,0.6792452830188679,2.1782336064747403,cov,base,1344,S1,B,F4,0,chronos2_cov,,True
peak,73,0.95,184.0,11.928683764313998,13.951643775939425,0.6302548892643915,11.928683764313998,,,4.440198090667956,0.7945205479452054,39.60108,,,,,,,,,,,,,,,2.1782336064747403,cov,base,1344,S1,B,F4,0,chronos2_cov,,True
all,336,0.95,186.0,7.550504616328648,14.439700669822635,0.38788674883674074,11.542986915225075,11.812757219587054,0.42857142857142855,3.230631776461525,0.6398809523809523,37.682297,36.0,0.7164179104477612,0.7741935483870968,0.6666666666666666,0.6494781740739974,,,24.0,7.0,12.0,293.0,0.6909090909090909,0.76,0.6333333333333333,2.087981104850769,cov,base,1344,S1,B,F5,0,chronos2_cov,,True
op,168,0.95,186.0,12.853530565897623,20.213061540694092,0.6603153611081364,11.542986915225075,21.79767063685826,0.7142857142857143,5.595382627355989,0.8630952380952381,70.05511,36.0,0.7164179104477612,0.7741935483870968,0.6666666666666666,0.6494781740739974,,,24.0,7.0,12.0,125.0,0.6909090909090909,0.76,0.6333333333333333,2.087981104850769,cov,base,1344,S1,B,F5,0,chronos2_cov,,True
peak,42,0.95,186.0,11.542986915225075,18.13035081948771,0.5929897263725888,11.542986915225075,,,5.580502930898516,0.8571428571428571,74.74681,,,,,,,,,,,,,,,2.087981104850769,cov,base,1344,S1,B,F5,0,chronos2_cov,,True
all,317,0.95,186.0,6.694183000630761,8.797225367818195,0.29075722297062556,6.94807796154992,6.063076836722238,0.21428571428571427,2.6124374388311358,0.7160883280757098,20.250668,28.0,0.3125,0.2777777777777778,0.35714285714285715,0.3405030830763143,,,10.0,26.0,18.0,263.0,0.27450980392156865,0.2692307692307692,0.28,2.1127454212733676,cov,base,1344,S1,B,F6,0,chronos2_cov,,True
op,240,0.95,186.0,6.715983517964681,8.741113113620944,0.2917041134094941,6.94807796154992,4.830929565429687,0.2,2.5991637689095954,0.8166666666666667,22.85478,28.0,0.3125,0.2777777777777778,0.35714285714285715,0.34050308307631433,,,10.0,26.0,18.0,186.0,0.27450980392156865,0.2692307692307692,0.28,2.1127454212733676,cov,base,1344,S1,B,F6,0,chronos2_cov,,True
peak,59,0.95,186.0,6.94807796154992,8.675174843135487,0.3017849755367168,6.94807796154992,,,2.712843561262285,0.847457627118644,26.290556,,,,,,,,,,,,,,,2.1127454212733676,cov,base,1344,S1,B,F6,0,chronos2_cov,,True
all,336,0.95,181.0,6.078541324252174,8.6061430664822,0.28111712412362994,11.999305470784504,8.626683916364398,0.6428571428571429,2.3774727207012276,0.7351190476190477,16.070938,34.0,0.40816326530612246,0.6666666666666666,0.29411764705882354,0.623411641283555,,,10.0,5.0,24.0,297.0,0.3157894736842105,0.6666666666666666,0.20689655172413793,2.6609581879207065,cov,base,1344,S2,B,F1,0,chronos2_cov,,True
op,240,0.95,181.0,7.4819493611653645,9.918648526941583,0.3460211874940574,11.999305470784504,11.102375793457032,0.7,2.9294494205051,0.7666666666666667,19.678156,34.0,0.40816326530612246,0.6666666666666666,0.29411764705882354,0.6234116412835551,,,10.0,5.0,24.0,201.0,0.3157894736842105,0.6666666666666666,0.20689655172413793,2.6609581879207065,cov,base,1344,S2,B,F1,0,chronos2_cov,,True
peak,60,0.95,181.0,11.999305470784504,14.328770057318774,0.5549374538212712,11.999305470784504,,,4.797007598876954,0.5166666666666667,20.306408,,,,,,,,,,,,,,,2.6609581879207065,cov,base,1344,S2,B,F1,0,chronos2_cov,,True
all,336,0.95,182.0,6.104504290081206,8.657827590705377,0.29825178239313643,9.494726119502898,10.485426766531807,0.21428571428571427,2.417192647192213,0.7291666666666666,16.600277,42.0,0.4411764705882353,0.5769230769230769,0.35714285714285715,0.7129011435383428,,,15.0,11.0,27.0,283.0,0.4,0.55,0.3142857142857143,2.642487747328622,cov,base,1344,S2,B,F2,0,chronos2_cov,,True
op,240,0.95,182.0,7.581699975331625,10.026684832178347,0.37042410386815783,9.494726119502898,12.663803100585938,0.3,3.008876455978111,0.7125,20.139387,42.0,0.4411764705882353,0.5769230769230769,0.35714285714285715,0.7129011435383428,,,15.0,11.0,27.0,187.0,0.4,0.55,0.3142857142857143,2.642487747328622,cov,base,1344,S2,B,F2,0,chronos2_cov,,True
peak,62,0.95,182.0,9.494726119502898,11.87846929061579,0.46389008081747723,9.494726119502898,,,3.752294656623649,0.6290322580645161,23.008158,,,,,,,,,,,,,,,2.642487747328622,cov,base,1344,S2,B,F2,0,chronos2_cov,,True
all,336,0.95,182.0,11.427458127339682,19.163786920818115,0.5867409000809088,17.559233951568604,9.813958849225726,0.42857142857142855,4.665788438837364,0.6875,27.299671,63.0,0.41304347826086957,0.6551724137931034,0.30158730158730157,0.6914807221322294,,,19.0,10.0,44.0,263.0,0.3561643835616438,0.65,0.24528301886792453,2.6367988756724765,cov,base,1344,S2,B,F3,0,chronos2_cov,,True
op,240,0.95,182.0,14.962684885660808,22.5410222621709,0.7682565186072084,17.559233951568604,12.286933898925781,0.5,6.123686875767178,0.7,35.394913,63.0,0.41304347826086957,0.6551724137931034,0.30158730158730157,0.6914807221322294,,,19.0,10.0,44.0,167.0,0.3561643835616438,0.65,0.24528301886792453,2.6367988756724765,cov,base,1344,S2,B,F3,0,chronos2_cov,,True
peak,80,0.95,182.0,17.559233951568604,24.95680500190166,0.9015758901645694,17.559233951568604,,,7.414803387324015,0.6125,36.638702,,,,,,,,,,,,,,,2.6367988756724765,cov,base,1344,S2,B,F3,0,chronos2_cov,,True
all,336,0.95,184.0,11.000723282496134,20.580512763789784,0.5812258729650829,11.93376870351295,22.177676609584264,0.2857142857142857,4.561450922804534,0.7589285714285714,42.11623,61.0,0.8,0.8979591836734694,0.7213114754098361,0.9173687802959963,,,44.0,5.0,17.0,270.0,0.7659574468085106,0.8780487804878049,0.6792452830188679,2.65375326360975,cov,base,1344,S2,B,F4,0,chronos2_cov,,True
op,192,0.95,184.0,9.374721884727478,11.435134751233837,0.49531569618931653,11.93376870351295,16.445669174194336,0.5,3.541157195082417,0.796875,32.22682,61.0,0.8,0.8979591836734694,0.7213114754098361,0.9173687802959963,,,44.0,5.0,17.0,126.0,0.7659574468085106,0.8780487804878049,0.6792452830188679,2.65375326360975,cov,base,1344,S2,B,F4,0,chronos2_cov,,True
peak,73,0.95,184.0,11.93376870351295,13.85676301869782,0.6305235532557482,11.93376870351295,,,4.444543628895845,0.7808219178082192,39.552547,,,,,,,,,,,,,,,2.65375326360975,cov,base,1344,S2,B,F4,0,chronos2_cov,,True
all,336,0.95,186.0,6.084967249915714,10.643989417527951,0.31259873124817844,10.010194687616258,9.17374747140067,0.42857142857142855,2.8666639233392384,0.6547619047619048,37.599663,36.0,0.7164179104477612,0.7741935483870968,0.6666666666666666,0.6812807086739875,,,24.0,7.0,12.0,293.0,0.6909090909090909,0.76,0.6333333333333333,2.5875957352774486,cov,base,1344,S2,B,F5,0,chronos2_cov,,True
op,168,0.95,186.0,9.907753808157784,14.781010865189165,0.5089840491733676,10.010194687616258,16.536331176757812,0.7142857142857143,4.856193825807521,0.8869047619047619,70.206924,36.0,0.7164179104477612,0.7741935483870968,0.6666666666666666,0.6812807086739875,,,24.0,7.0,12.0,125.0,0.6909090909090909,0.76,0.6333333333333333,2.5875957352774486,cov,base,1344,S2,B,F5,0,chronos2_cov,,True
peak,42,0.95,186.0,10.010194687616258,13.570060399697434,0.5142466722297383,10.010194687616258,,,5.024929882231213,0.8809523809523809,71.85411,,,,,,,,,,,,,,,2.5875957352774486,cov,base,1344,S2,B,F5,0,chronos2_cov,,True
all,317,0.95,186.0,6.592067574100915,8.68255557032425,0.28632190982823297,6.89208984375,5.915007182529995,0.14285714285714285,2.568265202519269,0.7318611987381703,19.988123,28.0,0.32786885245901637,0.30303030303030304,0.35714285714285715,0.35155594517242045,,,10.0,23.0,18.0,266.0,0.2916666666666667,0.30434782608695654,0.28,2.583498443875994,cov,base,1344,S2,B,F6,0,chronos2_cov,,True
op,240,0.95,186.0,6.565262254079183,8.570328386779426,0.2851576392354476,6.89208984375,4.525013732910156,0.1,2.5377862718370228,0.8375,22.473654,28.0,0.32786885245901637,0.30303030303030304,0.35714285714285715,0.35155594517242045,,,10.0,23.0,18.0,189.0,0.2916666666666667,0.30434782608695654,0.28,2.583498443875994,cov,base,1344,S2,B,F6,0,chronos2_cov,,True
peak,59,0.95,186.0,6.89208984375,8.671474443435587,0.29935317024407343,6.89208984375,,,2.6955179620372824,0.8813559322033898,25.99684,,,,,,,,,,,,,,,2.583498443875994,cov,base,1344,S2,B,F6,0,chronos2_cov,,True
all,336,0.95,184.0,6.813081253142584,11.457654768914681,0.3599707943968303,9.53521916637682,18.40599877493722,0.35714285714285715,2.6736260866992687,0.7589285714285714,20.034784,61.0,0.8771929824561403,0.9433962264150944,0.819672131147541,0.961412138311601,,,50.0,3.0,11.0,272.0,0.8571428571428571,0.9333333333333333,0.7924528301886793,13.553553938865662,cov,small,1344,S1,A,F4,0,chronos2s_cov,,True
op,192,0.95,184.0,8.223805864651998,10.211208915918084,0.43450677014876604,9.53521916637682,11.353216171264648,0.375,3.174250157674154,0.71875,21.571106,61.0,0.8771929824561403,0.9433962264150944,0.819672131147541,0.961412138311601,,,50.0,3.0,11.0,128.0,0.8571428571428571,0.9333333333333333,0.7924528301886793,13.553553938865662,cov,small,1344,S1,A,F4,0,chronos2s_cov,,True
peak,73,0.95,184.0,9.53521916637682,11.35780099171319,0.503795608849568,9.53521916637682,,,3.7210085237407253,0.6301369863013698,22.7204,,,,,,,,,,,,,,,13.553553938865662,cov,small,1344,S1,A,F4,0,chronos2s_cov,,True
all,336,0.95,186.0,5.018583456675212,8.728296595689548,0.2578161486804221,8.651898701985678,6.502892085484096,0.5,1.9978522935241618,0.7380952380952381,14.990578,36.0,0.8115942028985508,0.8484848484848485,0.7777777777777778,0.8573891870506207,,,28.0,5.0,8.0,295.0,0.8363636363636363,0.92,0.7666666666666667,13.186428036008563,cov,small,1344,S1,A,F5,0,chronos2s_cov,,True
op,168,0.95,186.0,8.164996510460263,12.136349810845093,0.4194546075578363,8.651898701985678,11.108564104352679,0.5714285714285714,3.262229959548466,0.7857142857142857,24.197086,36.0,0.8115942028985508,0.8484848484848485,0.7777777777777778,0.8573891870506207,,,28.0,5.0,8.0,127.0,0.8363636363636363,0.92,0.7666666666666667,13.186428036008563,cov,small,1344,S1,A,F5,0,chronos2s_cov,,True
peak,42,0.95,186.0,8.651898701985678,10.632700957830675,0.4444678904666162,8.651898701985678,,,3.365257630524812,0.7142857142857143,23.062931,,,,,,,,,,,,,,,13.186428036008563,cov,small,1344,S1,A,F5,0,chronos2s_cov,,True
all,317,0.95,186.0,5.7571289351309884,7.823522612245013,0.25005692573758365,7.267903732041181,5.1640216282435825,0.14285714285714285,2.2675680875193223,0.7413249211356467,16.497908,28.0,0.27906976744186046,0.4,0.21428571428571427,0.411062004370853,,,6.0,9.0,22.0,280.0,0.30303030303030304,0.625,0.2,12.56815757070269,cov,small,1344,S1,A,F6,0,chronos2s_cov,,True
op,240,0.95,186.0,6.061423556009928,7.895112804790859,0.2632737527832923,7.267903732041181,5.318144226074219,0.1,2.3542814816368955,0.7708333333333334,18.617044,28.0,0.27906976744186046,0.4,0.21428571428571427,0.41106200437085294,,,6.0,9.0,22.0,203.0,0.30303030303030304,0.625,0.2,12.56815757070269,cov,small,1344,S1,A,F6,0,chronos2s_cov,,True
peak,59,0.95,186.0,7.267903732041181,9.267742970655071,0.31567638735705655,7.267903732041181,,,2.842914838485574,0.7627118644067796,22.266502,,,,,,,,,,,,,,,12.56815757070269,cov,small,1344,S1,A,F6,0,chronos2s_cov,,True
all,336,0.95,184.0,14.23905338559832,31.531427944829865,0.7523238265077877,11.505616279497538,26.395463126046316,0.2857142857142857,5.865391190089877,0.7023809523809523,26.4491,61.0,0.7663551401869159,0.8913043478260869,0.6721311475409836,0.9290851226663769,,,41.0,5.0,20.0,270.0,0.7252747252747253,0.868421052631579,0.6226415094339622,0.5132357392992292,cov,small,1344,S1,B,F4,0,chronos2s_cov,,True
op,192,0.95,184.0,9.224624792734781,11.442977779547638,0.48738528006278886,11.505616279497538,12.746658325195312,0.375,3.5182476758956907,0.7447916666666666,25.496115,61.0,0.7663551401869159,0.8913043478260869,0.6721311475409836,0.9324015734384824,,,41.0,5.0,20.0,126.0,0.7252747252747253,0.868421052631579,0.6226415094339622,0.5132357392992292,cov,small,1344,S1,B,F4,0,chronos2s_cov,,True
peak,73,0.95,184.0,11.505616279497538,13.471678302314466,0.6079020164694863,11.505616279497538,,,4.368400169616421,0.684931506849315,29.032745,,,,,,,,,,,,,,,0.5132357392992292,cov,small,1344,S1,B,F4,0,chronos2s_cov,,True
all,336,0.95,186.0,6.291487557547433,10.807273660972378,0.32320815336849523,11.410001482282366,8.891648973737444,0.2857142857142857,2.6812417937334256,0.8273809523809523,31.898409,36.0,0.6153846153846154,0.6896551724137931,0.5555555555555556,0.6355053850180846,,,20.0,9.0,16.0,291.0,0.5769230769230769,0.6818181818181818,0.5,0.511364051273891,cov,small,1344,S1,B,F5,0,chronos2s_cov,,True
op,168,0.95,186.0,10.451442355201358,14.924925624573566,0.5369145774769244,11.410001482282366,13.837273733956474,0.5714285714285714,4.508936714999891,0.8630952380952381,54.34496,36.0,0.6153846153846154,0.6896551724137931,0.5555555555555556,0.6355053850180846,,,20.0,9.0,16.0,123.0,0.5769230769230769,0.6818181818181818,0.5,0.511364051273891,cov,small,1344,S1,B,F5,0,chronos2s_cov,,True
peak,42,0.95,186.0,11.410001482282366,14.615338090589612,0.5861579595109091,11.410001482282366,,,4.972510648656774,0.8571428571428571,60.969063,,,,,,,,,,,,,,,0.511364051273891,cov,small,1344,S1,B,F5,0,chronos2s_cov,,True
all,317,0.95,186.0,7.179970990972188,9.852859334534017,0.3118570893786466,8.848160824533236,8.339725494384766,0.14285714285714285,2.924302553938348,0.7160883280757098,23.937252,28.0,0.3508771929824561,0.3448275862068966,0.35714285714285715,0.31463268480001916,,,10.0,19.0,18.0,270.0,0.35555555555555557,0.4,0.32,0.5174535853522164,cov,small,1344,S1,B,F6,0,chronos2s_cov,,True
op,240,0.95,186.0,7.53414036432902,9.939598129815012,0.32724019190942233,8.848160824533236,8.182034301757813,0.1,3.054341633937977,0.7375,27.517935,28.0,0.3508771929824561,0.3448275862068966,0.35714285714285715,0.3146326848000191,,,10.0,19.0,18.0,193.0,0.35555555555555557,0.4,0.32,0.5174535853522164,cov,small,1344,S1,B,F6,0,chronos2s_cov,,True
peak,59,0.95,186.0,8.848160824533236,11.321038685180175,0.3843137645768504,8.848160824533236,,,3.5662057535347516,0.711864406779661,31.491852,,,,,,,,,,,,,,,0.5174535853522164,cov,small,1344,S1,B,F6,0,chronos2s_cov,,True
all,336,0.95,184.0,7.829238437470936,13.852665423647041,0.4136597047860908,10.375562275925727,26.32681165422712,0.35714285714285715,3.1007803701219108,0.6696428571428571,18.28976,61.0,0.8672566371681416,0.9423076923076923,0.8032786885245902,0.9213040966302541,,,49.0,3.0,12.0,272.0,0.845360824742268,0.9318181818181818,0.7735849056603774,8.36419529574258,lora,small,1344,S1,A,F4,2021,chronos2s_lora,3307.4593875408173,False
op,192,0.95,184.0,9.275575677553812,11.355632819441464,0.49007728237452824,10.375562275925727,17.4722900390625,0.375,3.610077311595281,0.609375,21.313356,61.0,0.8672566371681416,0.9423076923076923,0.8032786885245902,0.9213040966302541,,,49.0,3.0,12.0,128.0,0.845360824742268,0.9318181818181818,0.7735849056603774,8.36419529574258,lora,small,1344,S1,A,F4,2021,chronos2s_lora,3307.4593875408173,False
peak,73,0.95,184.0,10.375562275925727,12.247806385671456,0.5481953401122316,10.375562275925727,,,4.013700896891647,0.5753424657534246,23.542202,,,,,,,,,,,,,,,8.36419529574258,lora,small,1344,S1,A,F4,2021,chronos2s_lora,3307.4593875408173,False
all,336,0.95,184.0,15.023875531696138,32.917545565407394,0.7937900942498238,12.203555381461365,27.47073473249163,0.2857142857142857,6.218658896602652,0.6190476190476191,22.213882,61.0,0.7663551401869159,0.8913043478260869,0.6721311475409836,0.8714846304162406,,,41.0,5.0,20.0,270.0,0.7333333333333333,0.8918918918918919,0.6226415094339622,0.35263425963265554,lora,small,1344,S1,B,F4,2021,chronos2s_lora,3307.4593875408173,False
op,192,0.95,184.0,10.331918040911356,12.503846995272859,0.5458893864085798,12.203555381461365,15.359819412231445,0.375,4.040897121915111,0.578125,21.973206,61.0,0.7735849056603774,0.9111111111111111,0.6721311475409836,0.8924727756745964,,,41.0,4.0,20.0,127.0,0.7333333333333333,0.8918918918918919,0.6226415094339622,0.35263425963265554,lora,small,1344,S1,B,F4,2021,chronos2s_lora,3307.4593875408173,False
peak,73,0.95,184.0,12.203555381461365,14.38033214128263,0.6447777975793394,12.203555381461365,,,4.910829411104571,0.5205479452054794,24.909512,,,,,,,,,,,,,,,0.35263425963265554,lora,small,1344,S1,B,F4,2021,chronos2s_lora,3307.4593875408173,False
all,336,0.95,184.0,7.828916118258522,14.690894683925762,0.4136426749726142,11.04846818479773,27.09786605834961,0.21428571428571427,3.146149046585043,0.6726190476190477,18.056604,61.0,0.8672566371681416,0.9423076923076923,0.8032786885245902,0.932799624780451,,,49.0,3.0,12.0,272.0,0.845360824742268,0.9318181818181818,0.7735849056603774,7.872046402522495,lora,small,1344,S1,A,F4,2024,chronos2s_lora,2429.549228668213,False
op,192,0.95,184.0,9.349215110143026,11.446649115044966,0.49396803959041263,11.04846818479773,16.302574157714844,0.25,3.6383238584906965,0.6145833333333334,21.238113,61.0,0.8672566371681416,0.9423076923076923,0.8032786885245902,0.9336550493159951,,,49.0,3.0,12.0,128.0,0.845360824742268,0.9318181818181818,0.7735849056603774,7.872046402522495,lora,small,1344,S1,A,F4,2024,chronos2s_lora,2429.549228668213,False
peak,73,0.95,184.0,11.04846818479773,12.895184737751736,0.5837484864157851,11.04846818479773,,,4.24401002881008,0.5342465753424658,22.919477,,,,,,,,,,,,,,,7.872046402522495,lora,small,1344,S1,A,F4,2024,chronos2s_lora,2429.549228668213,False
all,336,0.95,184.0,15.093569823673793,33.031247174846904,0.7974724090081498,12.066726684570312,29.39885984148298,0.14285714285714285,6.113762057142914,0.6785714285714286,25.220646,61.0,0.7787610619469026,0.8461538461538461,0.7213114754098361,0.853190064893393,,,44.0,8.0,17.0,267.0,0.75,0.8372093023255814,0.6792452830188679,0.34245945726122173,lora,small,1344,S1,B,F4,2024,chronos2s_lora,2429.549228668213,False
op,192,0.95,184.0,10.096254825592041,12.336562174778667,0.5334380634789617,12.066726684570312,18.253578186035156,0.25,3.8669843830444193,0.6822916666666666,23.92511,61.0,0.8073394495412844,0.9166666666666666,0.7213114754098361,0.8882126154584338,,,44.0,4.0,17.0,127.0,0.7741935483870968,0.9,0.6792452830188679,0.34245945726122173,lora,small,1344,S1,B,F4,2024,chronos2s_lora,2429.549228668213,False
peak,73,0.95,184.0,12.066726684570312,14.208036075922342,0.6375484203143263,12.066726684570312,,,4.583815850151909,0.6438356164383562,27.304844,,,,,,,,,,,,,,,0.34245945726122173,lora,small,1344,S1,B,F4,2024,chronos2s_lora,2429.549228668213,False
all,336,0.95,184.0,9.321611710957118,16.88029659312524,0.49250960732403964,9.472405211566246,27.023826054164342,0.21428571428571427,3.588412176742756,0.6875,25.815474,61.0,0.8852459016393442,0.8852459016393442,0.8852459016393442,0.9113928562270657,,,54.0,7.0,7.0,268.0,0.8679245283018868,0.8679245283018868,0.8679245283018868,10.59138023853302,lora,small,1344,S1,A,F4,42,chronos2s_lora,5196.344891548157,False
op,192,0.95,184.0,9.079371372858683,11.05676163424041,0.4797107805230193,9.472405211566246,15.46098518371582,0.25,3.472510592584257,0.7291666666666666,25.344355,61.0,0.8852459016393442,0.8852459016393442,0.8852459016393442,0.9123727682163788,,,54.0,7.0,7.0,124.0,0.8679245283018868,0.8679245283018868,0.8679245283018868,10.59138023853302,lora,small,1344,S1,A,F4,42,chronos2s_lora,5196.344891548157,False
peak,73,0.95,184.0,9.472405211566246,11.246100098055098,0.5004768183681042,9.472405211566246,,,3.5274818803621755,0.7671232876712328,29.155815,,,,,,,,,,,,,,,10.59138023853302,lora,small,1344,S1,A,F4,42,chronos2s_lora,5196.344891548157,False
all,336,0.95,184.0,16.332827636173793,36.43745012018573,0.8629488949993213,13.39639407641267,32.58097512381418,0.14285714285714285,7.098918886790199,0.6339285714285714,27.214983,61.0,0.5882352941176471,0.7317073170731707,0.4918032786885246,0.7232043644754276,,,30.0,11.0,31.0,264.0,0.5348837209302325,0.696969696969697,0.4339622641509434,0.41716316768101286,lora,small,1344,S1,B,F4,42,chronos2s_lora,5196.344891548157,False
op,192,0.95,184.0,10.637912114461264,13.26266075815134,0.5620566572283245,13.39639407641267,20.76041603088379,0.25,4.169120662962949,0.6822916666666666,26.46348,61.0,0.631578947368421,0.8823529411764706,0.4918032786885246,0.8944075925105208,,,30.0,4.0,31.0,127.0,0.575,0.8518518518518519,0.4339622641509434,0.41716316768101286,lora,small,1344,S1,B,F4,42,chronos2s_lora,5196.344891548157,False
peak,73,0.95,184.0,13.39639407641267,15.602810496073564,0.7078017182776052,13.39639407641267,,,5.213704536240576,0.589041095890411,30.116148,,,,,,,,,,,,,,,0.41716316768101286,lora,small,1344,S1,B,F4,42,chronos2s_lora,5196.344891548157,False
all,336,0.95,186.0,6.027861141023182,10.345152689449465,0.30966505938879857,8.284186590285529,7.522779192243304,0.35714285714285715,2.456503284671319,0.6696428571428571,16.721659,36.0,0.7887323943661971,0.8,0.7777777777777778,0.7357547556216391,,,28.0,7.0,8.0,293.0,0.8,0.88,0.7333333333333333,8.195648568017143,lora,small,1344,S1,A,F5,2021,chronos2s_lora,3288.7501900196075,False
op,168,0.95,186.0,9.054343813941593,14.17589859584689,0.4651424193880649,8.284186590285529,13.250867571149554,0.5714285714285714,3.687253956567674,0.8035714285714286,26.216047,36.0,0.7887323943661971,0.8,0.7777777777777778,0.7357547556216391,,,28.0,7.0,8.0,125.0,0.8,0.88,0.7333333333333333,8.195648568017143,lora,small,1344,S1,A,F5,2021,chronos2s_lora,3288.7501900196075,False
peak,42,0.95,186.0,8.284186590285529,11.089441106536954,0.42557767547266584,8.284186590285529,,,3.3899475501327925,0.7380952380952381,25.653847,,,,,,,,,,,,,,,8.195648568017143,lora,small,1344,S1,A,F5,2021,chronos2s_lora,3288.7501900196075,False
all,336,0.95,186.0,6.968337535858154,12.231146037871822,0.35797948997153434,9.989229838053385,8.531755447387695,0.35714285714285715,2.7283823883722698,0.7142857142857143,20.385927,36.0,0.6578947368421053,0.625,0.6944444444444444,0.5953711285554039,,,25.0,15.0,11.0,285.0,0.6779661016949152,0.6896551724137931,0.6666666666666666,0.3290246384484427,lora,small,1344,S1,B,F5,2021,chronos2s_lora,3288.7501900196075,False
op,168,0.95,186.0,10.914986655825661,16.713527493890645,0.5607279119290512,9.989229838053385,12.846564156668526,0.5714285714285714,4.242809830771552,0.7857142857142857,32.246662,36.0,0.6578947368421053,0.625,0.6944444444444444,0.5953711285554039,,,25.0,15.0,11.0,117.0,0.6779661016949152,0.6896551724137931,0.6666666666666666,0.3290246384484427,lora,small,1344,S1,B,F5,2021,chronos2s_lora,3288.7501900196075,False
peak,42,0.95,186.0,9.989229838053385,12.588849569883726,0.5131696597981177,9.989229838053385,,,3.8782857985723593,0.7619047619047619,35.674885,,,,,,,,,,,,,,,0.3290246384484427,lora,small,1344,S1,B,F5,2021,chronos2s_lora,3288.7501900196075,False
all,336,0.95,186.0,5.3776324817112515,9.238576127237772,0.27626132103261775,9.767306009928385,7.795319148472378,0.5,2.183969111543484,0.6607142857142857,15.886622,36.0,0.6774193548387096,0.8076923076923077,0.5833333333333334,0.7966588559068022,,,21.0,5.0,15.0,295.0,0.6666666666666666,0.8888888888888888,0.5333333333333333,6.6158556427274435,lora,small,1344,S1,A,F5,2024,chronos2s_lora,2423.2130267620087,False
op,168,0.95,186.0,8.176239967346191,12.627377561450192,0.4200322097392505,9.767306009928385,13.506482805524554,0.5714285714285714,3.34878764581428,0.7797619047619048,24.681318,36.0,0.6774193548387096,0.8076923076923077,0.5833333333333334,0.7966588559068022,,,21.0,5.0,15.0,127.0,0.6666666666666666,0.8888888888888888,0.5333333333333333,6.6158556427274435,lora,small,1344,S1,A,F5,2024,chronos2s_lora,2423.2130267620087,False
peak,42,0.95,186.0,9.767306009928385,12.12633895308717,0.5017689234824745,9.767306009928385,,,3.771632631493624,0.7142857142857143,26.889034,,,,,,,,,,,,,,,6.6158556427274435,lora,small,1344,S1,A,F5,2024,chronos2s_lora,2423.2130267620087,False
all,336,0.95,186.0,7.14024932043893,13.151894965958192,0.3668109928440116,9.564308529808407,9.952676500592913,0.5,2.8168647419207944,0.75,23.672617,36.0,0.5555555555555556,0.5555555555555556,0.5555555555555556,0.5508087917355573,,,20.0,16.0,16.0,284.0,0.5283018867924528,0.6086956521739131,0.4666666666666667,0.23685426371438162,lora,small,1344,S1,B,F5,2024,chronos2s_lora,2423.2130267620087,False
op,168,0.95,186.0,11.144007682800293,17.687131501364206,0.572493247636062,9.564308529808407,13.912656511579241,0.7142857142857143,4.414441937492008,0.7916666666666666,37.00434,36.0,0.5555555555555556,0.5555555555555556,0.5555555555555556,0.5508087917355573,,,20.0,16.0,16.0,116.0,0.5283018867924528,0.6086956521739131,0.4666666666666667,0.23685426371438162,lora,small,1344,S1,B,F5,2024,chronos2s_lora,2423.2130267620087,False
peak,42,0.95,186.0,9.564308529808407,11.952317681123253,0.4913404770955262,9.564308529808407,,,3.8701703328934927,0.7857142857142857,37.298965,,,,,,,,,,,,,,,0.23685426371438162,lora,small,1344,S1,B,F5,2024,chronos2s_lora,2423.2130267620087,False
all,336,0.95,186.0,5.974726597468059,9.790991170939547,0.30693541595464324,10.320284162248884,8.346348898751396,0.5714285714285714,2.41540806079037,0.6517857142857143,18.437124,36.0,0.6885245901639344,0.84,0.5833333333333334,0.7973536379665177,,,21.0,4.0,15.0,296.0,0.6956521739130435,1.0,0.5333333333333333,9.898467217172895,lora,small,1344,S1,A,F5,42,chronos2s_lora,5317.257170677185,False
op,168,0.95,186.0,8.339442116873604,12.982539952490376,0.428416278672399,10.320284162248884,13.774773733956474,0.7142857142857143,3.446586262233674,0.8214285714285714,29.205772,36.0,0.6885245901639344,0.84,0.5833333333333334,0.7973536379665177,,,21.0,4.0,15.0,128.0,0.6956521739130435,1.0,0.5333333333333333,9.898467217172895,lora,small,1344,S1,A,F5,42,chronos2s_lora,5317.257170677185,False
peak,42,0.95,186.0,10.320284162248884,13.23395487874628,0.5301766801266444,10.320284162248884,,,4.029260895744203,0.6904761904761905,27.489529,,,,,,,,,,,,,,,9.898467217172895,lora,small,1344,S1,A,F5,42,chronos2s_lora,5317.257170677185,False
all,336,0.95,186.0,6.2998620101383755,10.932463193539572,0.32363836821556163,8.99104745047433,7.36662483215332,0.5714285714285714,2.6062395379656835,0.7976190476190477,26.935291,36.0,0.6984126984126984,0.8148148148148148,0.6111111111111112,0.7687819178834219,,,22.0,5.0,14.0,295.0,0.6666666666666666,0.8095238095238095,0.5666666666666667,0.39167870794023785,lora,small,1344,S1,B,F5,42,chronos2s_lora,5317.257170677185,False
op,168,0.95,186.0,9.46972302028111,14.892562969109715,0.4864814024188128,8.99104745047433,10.317350115094866,0.7142857142857143,3.9794256399548242,0.8809523809523809,42.75944,36.0,0.6984126984126984,0.8148148148148148,0.6111111111111112,0.7687819178834219,,,22.0,5.0,14.0,127.0,0.6666666666666666,0.8095238095238095,0.5666666666666667,0.39167870794023785,lora,small,1344,S1,B,F5,42,chronos2s_lora,5317.257170677185,False
peak,42,0.95,186.0,8.99104745047433,12.318035948036037,0.46189073994595053,8.99104745047433,,,4.009894493143394,0.8095238095238095,46.760597,,,,,,,,,,,,,,,0.39167870794023785,lora,small,1344,S1,B,F5,42,chronos2s_lora,5317.257170677185,False
all,317,0.95,186.0,5.977959280886485,8.329627981126807,0.2596485395422049,7.077349129369703,6.335350036621094,0.21428571428571427,2.370780421088881,0.7981072555205048,19.091152,28.0,0.375,0.45,0.32142857142857145,0.4132394060543397,,,9.0,11.0,19.0,278.0,0.3902439024390244,0.5,0.32,8.437530074800764,lora,small,1344,S1,A,F6,2021,chronos2s_lora,3295.740308523178,False
op,240,0.95,186.0,6.233393383026123,8.41309503522621,0.2707431436459646,7.077349129369703,5.975001525878906,0.2,2.4495483417864197,0.85,22.072903,28.0,0.375,0.45,0.32142857142857145,0.4132394060543397,,,9.0,11.0,19.0,201.0,0.3902439024390244,0.5,0.32,8.437530074800764,lora,small,1344,S1,A,F6,2021,chronos2s_lora,3295.740308523178,False
peak,59,0.95,186.0,7.077349129369703,9.291675525739523,0.3073997795780626,7.077349129369703,,,2.76913769105958,0.864406779661017,26.260616,,,,,,,,,,,,,,,8.437530074800764,lora,small,1344,S1,A,F6,2021,chronos2s_lora,3295.740308523178,False
all,317,0.95,186.0,6.6291190427184485,9.020667648769402,0.28793121482052286,8.100955251920022,7.249693189348493,0.35714285714285715,2.616466704327476,0.8012618296529969,22.401499,28.0,0.24489795918367346,0.2857142857142857,0.21428571428571427,0.37877531099013856,,,6.0,15.0,22.0,274.0,0.2857142857142857,0.35294117647058826,0.24,0.35084761892046246,lora,small,1344,S1,B,F6,2021,chronos2s_lora,3295.740308523178,False
op,240,0.95,186.0,6.95747439066569,9.082245419550862,0.3021931029564907,8.100955251920022,7.2210540771484375,0.3,2.7060692953180387,0.8375,25.836573,28.0,0.24489795918367346,0.2857142857142857,0.21428571428571427,0.3787753109901386,,,6.0,15.0,22.0,197.0,0.2857142857142857,0.35294117647058826,0.24,0.35084761892046246,lora,small,1344,S1,B,F6,2021,chronos2s_lora,3295.740308523178,False
peak,59,0.95,186.0,8.100955251920022,10.448195011583152,0.35185940573115954,8.100955251920022,,,3.126832819074785,0.847457627118644,30.668776,,,,,,,,,,,,,,,0.35084761892046246,lora,small,1344,S1,B,F6,2021,chronos2s_lora,3295.740308523178,False
all,317,0.95,186.0,6.245643531486439,8.46490590976654,0.2712752203978197,7.758338023040254,6.860205514090402,0.14285714285714285,2.46321500637136,0.7570977917981072,18.022625,28.0,0.17142857142857143,0.42857142857142855,0.10714285714285714,0.4363908895590385,,,3.0,4.0,25.0,285.0,0.2,0.6,0.12,7.669444799423218,lora,small,1344,S1,A,F6,2024,chronos2s_lora,2439.5930421352386,False
op,240,0.95,186.0,6.556449635823568,8.548346637567636,0.284774869237845,7.758338023040254,6.887556457519532,0.1,2.5470188303346983,0.7833333333333333,20.619257,28.0,0.17142857142857143,0.42857142857142855,0.10714285714285714,0.43639088955903843,,,3.0,4.0,25.0,208.0,0.2,0.6,0.12,7.669444799423218,lora,small,1344,S1,A,F6,2024,chronos2s_lora,2439.5930421352386,False
peak,59,0.95,186.0,7.758338023040254,10.10574750458187,0.33697806263050245,7.758338023040254,,,3.00269479697707,0.7966101694915254,25.311123,,,,,,,,,,,,,,,7.669444799423218,lora,small,1344,S1,A,F6,2024,chronos2s_lora,2439.5930421352386,False
all,317,0.95,186.0,6.41907648032396,8.713648783876462,0.2788081609479739,7.75848466258938,7.105064392089844,0.21428571428571427,2.5349902813868317,0.7539432176656151,20.029787,28.0,0.30434782608695654,0.3888888888888889,0.25,0.34675413610003464,,,7.0,11.0,21.0,278.0,0.2222222222222222,0.36363636363636365,0.16,0.26678340775626047,lora,small,1344,S1,B,F6,2024,chronos2s_lora,2439.5930421352386,False
op,240,0.95,186.0,6.718358453114828,8.90517063832276,0.2918072670802149,7.75848466258938,6.428163146972656,0.1,2.6352027603431982,0.7958333333333333,22.983835,28.0,0.30434782608695654,0.3888888888888889,0.25,0.3467541361000346,,,7.0,11.0,21.0,201.0,0.2222222222222222,0.36363636363636365,0.16,0.26678340775626047,lora,small,1344,S1,B,F6,2024,chronos2s_lora,2439.5930421352386,False
peak,59,0.95,186.0,7.75848466258938,10.057178227461705,0.3369844318182103,7.75848466258938,,,3.0997233963731095,0.847457627118644,27.790426,,,,,,,,,,,,,,,0.26678340775626047,lora,small,1344,S1,B,F6,2024,chronos2s_lora,2439.5930421352386,False
all,317,0.95,186.0,5.782577418378475,7.999546727307175,0.2511622630606231,7.268663050764698,6.665010179792132,0.42857142857142855,2.31206118399496,0.7917981072555205,18.630564,28.0,0.3111111111111111,0.4117647058823529,0.25,0.4497987019464151,,,7.0,10.0,21.0,279.0,0.35,0.4666666666666667,0.28,10.503420506204877,lora,small,1344,S1,A,F6,42,chronos2s_lora,5225.439512252808,False
op,240,0.95,186.0,6.177386220296224,8.204242822765956,0.26831051114991916,7.268663050764698,7.6788787841796875,0.4,2.441417614442331,0.8125,21.186857,28.0,0.3111111111111111,0.4117647058823529,0.25,0.449798701946415,,,7.0,10.0,21.0,202.0,0.35,0.4666666666666667,0.28,10.503420506204877,lora,small,1344,S1,A,F6,42,chronos2s_lora,5225.439512252808,False
peak,59,0.95,186.0,7.268663050764698,9.259683715328597,0.3157093678422597,7.268663050764698,,,2.8219985617082677,0.8135593220338984,25.11566,,,,,,,,,,,,,,,10.503420506204877,lora,small,1344,S1,A,F6,42,chronos2s_lora,5225.439512252808,False
all,317,0.95,186.0,7.351854847808742,11.708602277890545,0.3193227461858429,8.057113130213851,6.1718019757952005,0.42857142857142855,2.862958821170672,0.7381703470031545,21.659449,28.0,0.15789473684210525,0.3,0.10714285714285714,0.42015369604313146,,,3.0,7.0,25.0,282.0,0.1875,0.42857142857142855,0.12,0.41234706129346577,lora,small,1344,S1,B,F6,42,chronos2s_lora,5225.439512252808,False
op,240,0.95,186.0,7.987675635019938,12.743469856521866,0.3469391836777826,8.057113130213851,5.792591857910156,0.4,3.0924614496584293,0.7541666666666667,24.69926,28.0,0.15789473684210525,0.3,0.10714285714285714,0.42015369604313146,,,3.0,7.0,25.0,205.0,0.1875,0.42857142857142855,0.12,0.41234706129346577,lora,small,1344,S1,B,F6,42,chronos2s_lora,5225.439512252808,False
peak,59,0.95,186.0,8.057113130213851,10.111898247725444,0.3499551534041429,8.057113130213851,,,3.16395932070055,0.7627118644067796,26.495752,,,,,,,,,,,,,,,0.41234706129346577,lora,small,1344,S1,B,F6,42,chronos2s_lora,5225.439512252808,False
all,336,0.95,181.0,4.828291938418434,6.461728377221916,0.22329626003233324,7.725870513916016,5.449168613978794,0.35714285714285715,1.8670453042580335,0.75,14.409642,34.0,0.6440677966101694,0.76,0.5588235294117647,0.7761681828777907,,,19.0,6.0,15.0,296.0,0.625,0.7894736842105263,0.5172413793103449,6.002485769135611,zs,base,1344,S0,A,F1,0,chronos2_zs,,True
op,240,0.95,181.0,5.772064431508382,7.371228485188685,0.2669433449054586,7.725870513916016,7.008270263671875,0.4,2.2238693352098817,0.8083333333333333,17.459818,34.0,0.6440677966101694,0.76,0.5588235294117647,0.7761681828777907,,,19.0,6.0,15.0,200.0,0.625,0.7894736842105263,0.5172413793103449,6.002485769135611,zs,base,1344,S0,A,F1,0,chronos2_zs,,True
peak,60,0.95,181.0,7.725870513916016,9.274223588777,0.3573019223474344,7.725870513916016,,,2.9762069984718607,0.7166666666666667,19.944757,,,,,,,,,,,,,,,6.002485769135611,zs,base,1344,S0,A,F1,0,chronos2_zs,,True
all,336,0.95,182.0,5.652256148202079,7.915373510688417,0.2761559973809779,8.196456416960686,9.118658883231026,0.21428571428571427,2.2141980907904406,0.6964285714285714,15.565333,42.0,0.5151515151515151,0.7083333333333334,0.40476190476190477,0.7486046743261896,,,17.0,7.0,25.0,287.0,0.4528301886792453,0.6666666666666666,0.34285714285714286,6.031345009803772,zs,base,1344,S0,A,F2,0,chronos2_zs,,True
op,240,0.95,182.0,6.864867432912191,9.084343679049239,0.3354013447226883,8.196456416960686,10.701924133300782,0.3,2.685219491852654,0.7125,18.794624,42.0,0.5151515151515151,0.7083333333333334,0.40476190476190477,0.7486046743261896,,,17.0,7.0,25.0,191.0,0.4528301886792453,0.6666666666666666,0.34285714285714286,6.031345009803772,zs,base,1344,S0,A,F2,0,chronos2_zs,,True
peak,62,0.95,182.0,8.196456416960686,10.179915332886042,0.4004596637991167,8.196456416960686,,,3.2221852675133706,0.6451612903225806,21.470448,,,,,,,,,,,,,,,6.031345009803772,zs,base,1344,S0,A,F2,0,chronos2_zs,,True
all,336,0.95,182.0,8.302298500424339,13.775466046236119,0.4262801088918448,11.06876335144043,8.78249522617885,0.5,3.292404023553959,0.7410714285714286,22.821066,63.0,0.7289719626168224,0.8863636363636364,0.6190476190476191,0.8731255857442429,,,39.0,5.0,24.0,268.0,0.7191011235955056,0.8888888888888888,0.6037735849056604,6.121948684964861,zs,base,1344,S0,A,F3,0,chronos2_zs,,True
op,240,0.95,182.0,10.532750384012859,16.099040321110138,0.540802282692936,11.06876335144043,11.248796081542968,0.5,4.190350283163566,0.7458333333333333,28.82854,63.0,0.7289719626168224,0.8863636363636364,0.6190476190476191,0.8731255857442429,,,39.0,5.0,24.0,172.0,0.7191011235955056,0.8888888888888888,0.6037735849056604,6.121948684964861,zs,base,1344,S0,A,F3,0,chronos2_zs,,True
peak,80,0.95,182.0,11.06876335144043,15.784588701953481,0.5683237776272348,11.06876335144043,,,4.433155592812431,0.725,32.93861,,,,,,,,,,,,,,,6.121948684964861,zs,base,1344,S0,A,F3,0,chronos2_zs,,True
all,336,0.95,184.0,5.805743376413981,10.253543425399682,0.30674785425579587,7.226809148919092,18.89490454537528,0.42857142857142855,2.3565770208520234,0.6934523809523809,17.945183,61.0,0.8739495798319328,0.896551724137931,0.8524590163934426,0.9676912951982561,,,52.0,6.0,9.0,269.0,0.8543689320388349,0.88,0.8301886792452831,6.227140852383205,zs,base,1344,S0,A,F4,0,chronos2_zs,,True
op,192,0.95,184.0,6.884898384412129,8.958087082742534,0.36376526988212926,7.226809148919092,11.174694061279297,0.5,2.6940875395580575,0.7395833333333334,19.750292,61.0,0.8739495798319328,0.896551724137931,0.8524590163934426,0.9676912951982561,,,52.0,6.0,9.0,125.0,0.8543689320388349,0.88,0.8301886792452831,6.227140852383205,zs,base,1344,S0,A,F4,0,chronos2_zs,,True
peak,73,0.95,184.0,7.226809148919092,8.920950172128734,0.38183020774788984,7.226809148919092,,,2.8023867742111697,0.821917808219178,22.56285,,,,,,,,,,,,,,,6.227140852383205,zs,base,1344,S0,A,F4,0,chronos2_zs,,True
all,336,0.95,186.0,5.2175858701978415,9.90324940872895,0.2680393593284927,6.857456388927641,6.287875039236886,0.5714285714285714,2.0129657400978935,0.6994047619047619,15.65135,36.0,0.8533333333333334,0.8205128205128205,0.8888888888888888,0.8403096234742256,,,32.0,7.0,4.0,293.0,0.8813559322033898,0.896551724137931,0.8666666666666667,6.161153520856585,zs,base,1344,S0,A,F5,0,chronos2_zs,,True
op,168,0.95,186.0,8.259578772953578,13.758202952393631,0.42431351542696283,6.857456388927641,10.985264369419642,0.7142857142857143,3.2125779966828683,0.8214285714285714,25.36758,36.0,0.8533333333333334,0.8205128205128205,0.8888888888888888,0.8403096234742256,,,32.0,7.0,4.0,125.0,0.8813559322033898,0.896551724137931,0.8666666666666667,6.161153520856585,zs,base,1344,S0,A,F5,0,chronos2_zs,,True
peak,42,0.95,186.0,6.857456388927641,9.045828539615911,0.3522832710066251,6.857456388927641,,,2.7780268028299644,0.7857142857142857,23.656534,,,,,,,,,,,,,,,6.161153520856585,zs,base,1344,S0,A,F5,0,chronos2_zs,,True
all,317,0.95,186.0,5.35768079306425,7.2778509778994644,0.2327071711077569,5.989926095736229,6.120267050606864,0.2857142857142857,2.083707259773498,0.7728706624605678,16.334278,28.0,0.4583333333333333,0.55,0.39285714285714285,0.552643977827442,,,11.0,9.0,17.0,280.0,0.45,0.6,0.36,6.152863195964268,zs,base,1344,S0,A,F6,0,chronos2_zs,,True
op,240,0.95,186.0,5.6670506477355955,7.560361037225446,0.2461444374338479,5.989926095736229,5.673896789550781,0.2,2.176387812826368,0.825,18.972815,28.0,0.4583333333333333,0.55,0.39285714285714285,0.5526439778274418,,,11.0,9.0,17.0,203.0,0.45,0.6,0.36,6.152863195964268,zs,base,1344,S0,A,F6,0,chronos2_zs,,True
peak,59,0.95,186.0,5.989926095736229,7.536140296018147,0.2601683098940443,5.989926095736229,,,2.3420259694819623,0.8305084745762712,22.962996,,,,,,,,,,,,,,,6.152863195964268,zs,base,1344,S0,A,F6,0,chronos2_zs,,True
all,336,0.95,181.0,4.584729966663179,6.050351190521547,0.21203213638929105,7.281813303629558,5.336575099400112,0.5,1.7696751465873113,0.7321428571428571,14.036236,34.0,0.6779661016949152,0.8,0.5882352941176471,0.8104670844878241,,,20.0,5.0,14.0,297.0,0.6666666666666666,0.8421052631578947,0.5517241379310345,13.130874923297338,zs,base,2688,S0,A,F1,0,chronos2_zs,,True
op,240,0.95,181.0,5.378963915506999,6.863744543965324,0.24876344274555695,7.281813303629558,6.911138916015625,0.5,2.075457978248596,0.7958333333333333,16.809618,34.0,0.6779661016949152,0.8,0.5882352941176471,0.8104670844878241,,,20.0,5.0,14.0,201.0,0.6666666666666666,0.8421052631578947,0.5517241379310345,13.130874923297338,zs,base,2688,S0,A,F1,0,chronos2_zs,,True
peak,60,0.95,181.0,7.281813303629558,8.746443134301357,0.3367654022773913,7.281813303629558,,,2.830409636320891,0.7,18.643433,,,,,,,,,,,,,,,13.130874923297338,zs,base,2688,S0,A,F1,0,chronos2_zs,,True
all,336,0.95,182.0,5.236019111814953,7.303624835932845,0.25581963064236996,7.8193256009009575,8.831316266741071,0.42857142857142855,2.049189110533901,0.7172619047619048,15.269374,42.0,0.5797101449275363,0.7407407407407407,0.47619047619047616,0.7831089294127859,,,20.0,7.0,22.0,287.0,0.5185185185185185,0.7368421052631579,0.4,12.595678397587367,zs,base,2688,S0,A,F2,0,chronos2_zs,,True
op,240,0.95,182.0,6.280018838246663,8.333571896489424,0.30682701214788155,7.8193256009009575,10.338778686523437,0.5,2.452767201353003,0.7666666666666667,18.423027,42.0,0.5797101449275363,0.7407407407407407,0.47619047619047616,0.7831089294127859,,,20.0,7.0,22.0,191.0,0.5185185185185185,0.7368421052631579,0.4,12.595678397587367,zs,base,2688,S0,A,F2,0,chronos2_zs,,True
peak,62,0.95,182.0,7.8193256009009575,9.770953909413867,0.3820339353959189,7.8193256009009575,,,3.0970882511480737,0.6935483870967742,20.672937,,,,,,,,,,,,,,,12.595678397587367,zs,base,2688,S0,A,F2,0,chronos2_zs,,True
all,336,0.95,182.0,8.207581928798131,13.49431894496137,0.42141690258040965,10.5165433883667,9.02221407209124,0.42857142857142855,3.288080836351586,0.7172619047619048,23.506908,63.0,0.7592592592592593,0.9111111111111111,0.6507936507936508,0.8872040065217314,,,41.0,4.0,22.0,269.0,0.7333333333333333,0.8918918918918919,0.6226415094339622,12.445918917655945,zs,base,2688,S0,A,F3,0,chronos2_zs,,True
op,240,0.95,182.0,10.373349316914876,15.746189708208172,0.5326178619284294,10.5165433883667,11.63787384033203,0.5,4.1744160991244845,0.7541666666666667,29.96948,63.0,0.7592592592592593,0.9111111111111111,0.6507936507936508,0.8872040065217315,,,41.0,4.0,22.0,173.0,0.7333333333333333,0.8918918918918919,0.6226415094339622,12.445918917655945,zs,base,2688,S0,A,F3,0,chronos2_zs,,True
peak,80,0.95,182.0,10.5165433883667,14.824381004226117,0.5399701372492975,10.5165433883667,,,4.287835174136692,0.7125,31.39591,,,,,,,,,,,,,,,12.445918917655945,zs,base,2688,S0,A,F3,0,chronos2_zs,,True
all,336,0.95,184.0,5.703353791009812,10.071039884574379,0.30133807576843374,7.610951462837114,18.699264526367188,0.42857142857142855,2.305221338877602,0.6875,17.153725,61.0,0.8813559322033898,0.9122807017543859,0.8524590163934426,0.9650952739974363,,,52.0,5.0,9.0,270.0,0.8627450980392157,0.8979591836734694,0.8301886792452831,12.408097761017936,zs,base,2688,S0,A,F4,0,chronos2_zs,,True
op,192,0.95,184.0,6.946561058362325,8.983330091122866,0.3670232321611269,7.610951462837114,11.841712951660156,0.5,2.7221683652312665,0.7135416666666666,19.533152,61.0,0.8813559322033898,0.9122807017543859,0.8524590163934426,0.9650952739974363,,,52.0,5.0,9.0,126.0,0.8627450980392157,0.8979591836734694,0.8301886792452831,12.408097761017936,zs,base,2688,S0,A,F4,0,chronos2_zs,,True
peak,73,0.95,184.0,7.610951462837114,9.316187246393033,0.40212645973207456,7.610951462837114,,,2.969973236966532,0.7123287671232876,22.054405,,,,,,,,,,,,,,,12.408097761017936,zs,base,2688,S0,A,F4,0,chronos2_zs,,True
all,336,0.95,186.0,5.173608643668039,9.581669012066815,0.2657801482838942,7.048172360374814,6.087620326450893,0.5714285714285714,2.009810217095431,0.6964285714285714,15.772596,36.0,0.8493150684931506,0.8378378378378378,0.8611111111111112,0.8472101623048003,,,31.0,6.0,5.0,294.0,0.8620689655172413,0.8928571428571429,0.8333333333333334,12.599162476403373,zs,base,2688,S0,A,F5,0,chronos2_zs,,True
op,168,0.95,186.0,8.177818162100655,13.30272261837567,0.4201132852253863,7.048172360374814,10.709178379603795,0.7142857142857143,3.190735700647667,0.8214285714285714,25.617844,36.0,0.8493150684931506,0.8378378378378378,0.8611111111111112,0.8472101623048003,,,31.0,6.0,5.0,126.0,0.8620689655172413,0.8928571428571429,0.8333333333333334,12.599162476403373,zs,base,2688,S0,A,F5,0,chronos2_zs,,True
peak,42,0.95,186.0,7.048172360374814,9.149513966616919,0.362080788109774,7.048172360374814,,,2.7966469618378493,0.7857142857142857,23.998196,,,,,,,,,,,,,,,12.599162476403373,zs,base,2688,S0,A,F5,0,chronos2_zs,,True
all,317,0.95,186.0,5.117199269002921,6.874895569180535,0.22226202192297553,5.950943510411149,6.107199532645089,0.35714285714285715,2.0096219118628382,0.7444794952681388,15.820731,28.0,0.45454545454545453,0.625,0.35714285714285715,0.5604610156481432,,,10.0,6.0,18.0,283.0,0.4444444444444444,0.7272727272727273,0.32,12.463074479784284,zs,base,2688,S0,A,F6,0,chronos2_zs,,True
op,240,0.95,186.0,5.399991003672282,7.121816874918234,0.23454488593248377,5.950943510411149,6.124751281738281,0.3,2.0962613847520615,0.8208333333333333,18.264252,28.0,0.45454545454545453,0.625,0.35714285714285715,0.5604610156481431,,,10.0,6.0,18.0,206.0,0.4444444444444444,0.7272727272727273,0.32,12.463074479784284,zs,base,2688,S0,A,F6,0,chronos2_zs,,True
peak,59,0.95,186.0,5.950943510411149,7.662342338961397,0.25847512817907364,5.950943510411149,,,2.4013723743388433,0.8305084745762712,22.016895,,,,,,,,,,,,,,,12.463074479784284,zs,base,2688,S0,A,F6,0,chronos2_zs,,True
all,336,0.95,181.0,5.211517356690907,7.244093642199076,0.2410194639605531,7.68011245727539,3.9301109313964844,0.35714285714285715,2.0157179037729898,0.7351190476190477,16.32925,34.0,0.6666666666666666,0.6875,0.6470588235294118,0.7781000914654346,,,22.0,10.0,12.0,292.0,0.6785714285714286,0.7037037037037037,0.6551724137931034,1.7227600812911987,zs,base,336,S0,A,F1,0,chronos2_zs,,True
op,240,0.95,181.0,6.209503682454427,8.205527780115709,0.2871738011358234,7.68011245727539,5.0607421875,0.4,2.4044003225255897,0.7958333333333333,19.706978,34.0,0.6666666666666666,0.6875,0.6470588235294118,0.7781000914654346,,,22.0,10.0,12.0,196.0,0.6785714285714286,0.7037037037037037,0.6551724137931034,1.7227600812911987,zs,base,336,S0,A,F1,0,chronos2_zs,,True
peak,60,0.95,181.0,7.68011245727539,9.777317087578265,0.35518572824721883,7.68011245727539,,,2.9404151831732857,0.7333333333333333,22.18121,,,,,,,,,,,,,,,1.7227600812911987,zs,base,336,S0,A,F1,0,chronos2_zs,,True
all,336,0.95,182.0,5.924285434541249,8.268728165925275,0.2894467111979242,7.92277354578818,8.740387507847377,0.2857142857142857,2.296184632513258,0.75,17.88627,42.0,0.5555555555555556,0.6666666666666666,0.47619047619047616,0.7052349959047228,,,20.0,10.0,22.0,284.0,0.5,0.6666666666666666,0.4,1.6880063159125192,zs,base,336,S0,A,F2,0,chronos2_zs,,True
op,240,0.95,182.0,7.068952655792236,9.390983067975267,0.3453724707292627,7.92277354578818,9.854328918457032,0.4,2.754895462459988,0.7875,21.357235,42.0,0.5555555555555556,0.6666666666666666,0.47619047619047616,0.7052349959047228,,,20.0,10.0,22.0,188.0,0.5,0.6666666666666666,0.4,1.6880063159125192,zs,base,336,S0,A,F2,0,chronos2_zs,,True
peak,62,0.95,182.0,7.92277354578818,9.977559328982462,0.3870881597000369,7.92277354578818,,,3.0459389990803163,0.7903225806451613,24.664778,,,,,,,,,,,,,,,1.6880063159125192,zs,base,336,S0,A,F2,0,chronos2_zs,,True
all,336,0.95,182.0,8.38984405426752,14.069166477627286,0.43077512051102,10.347066879272461,7.420631953648159,0.35714285714285715,3.343997886698082,0.7619047619047619,23.713476,63.0,0.7155963302752294,0.8478260869565217,0.6190476190476191,0.8671391173178024,,,39.0,7.0,24.0,266.0,0.6888888888888889,0.8378378378378378,0.5849056603773585,1.693365182195391,zs,base,336,S0,A,F3,0,chronos2_zs,,True
op,240,0.95,182.0,10.573104858398438,16.417620199115735,0.5428742763383678,10.347066879272461,9.527285766601562,0.4,4.242901940698977,0.7833333333333333,29.657686,63.0,0.7155963302752294,0.8478260869565217,0.6190476190476191,0.8671391173178024,,,39.0,7.0,24.0,170.0,0.6888888888888889,0.8378378378378378,0.5849056603773585,1.693365182195391,zs,base,336,S0,A,F3,0,chronos2_zs,,True
peak,80,0.95,182.0,10.347066879272461,14.506704436877284,0.5312683946237331,10.347066879272461,,,4.161135466893514,0.775,32.068314,,,,,,,,,,,,,,,1.693365182195391,zs,base,336,S0,A,F3,0,chronos2_zs,,True
all,336,0.95,184.0,5.89724250066848,9.190370485567025,0.3115822325966257,6.972184272661601,11.5182740347726,0.35714285714285715,2.3385854319920614,0.7083333333333334,18.838062,61.0,0.8870967741935484,0.873015873015873,0.9016393442622951,0.9722225164384086,,,55.0,8.0,6.0,267.0,0.8703703703703703,0.8545454545454545,0.8867924528301887,1.6484980412891932,zs,base,336,S0,A,F4,0,chronos2_zs,,True
op,192,0.95,184.0,7.121659636497498,9.414633931682964,0.37627460784962324,6.972184272661601,6.573469161987305,0.375,2.780496170564934,0.8020833333333334,22.56955,61.0,0.8870967741935484,0.873015873015873,0.9016393442622951,0.9722225164384086,,,55.0,8.0,6.0,123.0,0.8703703703703703,0.8545454545454545,0.8867924528301887,1.6484980412891932,zs,base,336,S0,A,F4,0,chronos2_zs,,True
peak,73,0.95,184.0,6.972184272661601,8.651066376115716,0.3683770408805013,6.972184272661601,,,2.6677998581977738,0.821917808219178,23.480589,,,,,,,,,,,,,,,1.6484980412891932,zs,base,336,S0,A,F4,0,chronos2_zs,,True
all,336,0.95,186.0,6.262812262489682,12.805542501648578,0.32173503765807876,8.998367309570312,8.251091003417969,0.42857142857142855,2.5097655987613416,0.7172619047619048,16.787834,36.0,0.8285714285714286,0.8529411764705882,0.8055555555555556,0.8687575061126485,,,29.0,5.0,7.0,295.0,0.8363636363636363,0.92,0.7666666666666667,1.6667839288711548,zs,base,336,S0,A,F5,0,chronos2_zs,,True
op,168,0.95,186.0,9.625391483306885,16.24997190453665,0.49447844858827006,8.998367309570312,9.683604649135045,0.5714285714285714,3.9266065143403552,0.7738095238095238,27.304354,36.0,0.8285714285714286,0.8529411764705882,0.8055555555555556,0.8687575061126485,,,29.0,5.0,7.0,127.0,0.8363636363636363,0.92,0.7666666666666667,1.6667839288711548,zs,base,336,S0,A,F5,0,chronos2_zs,,True
peak,42,0.95,186.0,8.998367309570312,11.887528221780038,0.46226677790512793,8.998367309570312,,,3.6753510086624717,0.7857142857142857,30.567394,,,,,,,,,,,,,,,1.6667839288711548,zs,base,336,S0,A,F5,0,chronos2_zs,,True
all,317,0.95,186.0,5.811074819474566,7.811573738545114,0.25240002802817757,7.084821280786547,5.195727212088449,0.35714285714285715,2.269027453107329,0.7917981072555205,18.320108,28.0,0.40816326530612246,0.47619047619047616,0.35714285714285715,0.5195828104930533,,,10.0,11.0,18.0,278.0,0.4186046511627907,0.5,0.36,1.652888366154262,zs,base,336,S0,A,F6,0,chronos2_zs,,True
op,240,0.95,186.0,6.279553413391113,8.20340580050923,0.2727480727373712,7.084821280786547,5.32822265625,0.3,2.4146373114762483,0.8166666666666667,20.399593,28.0,0.40816326530612246,0.47619047619047616,0.35714285714285715,0.5195828104930533,,,10.0,11.0,18.0,201.0,0.4186046511627907,0.5,0.36,1.652888366154262,zs,base,336,S0,A,F6,0,chronos2_zs,,True
peak,59,0.95,186.0,7.084821280786547,8.87885529243283,0.30772432732277955,7.084821280786547,,,2.7144416765978105,0.8305084745762712,23.577515,,,,,,,,,,,,,,,1.652888366154262,zs,base,336,S0,A,F6,0,chronos2_zs,,True
all,336,0.95,181.0,4.8736187389918735,6.580836107486784,0.2253925096328899,7.622320810953776,5.392926897321429,0.5,1.8814214211923106,0.7291666666666666,14.634468,34.0,0.7096774193548387,0.7857142857142857,0.6470588235294118,0.7462639366482227,,,22.0,6.0,12.0,296.0,0.7058823529411765,0.8181818181818182,0.6206896551724138,3.114187853676932,zs,base,672,S0,A,F1,0,chronos2_zs,,True
op,240,0.95,181.0,5.808733558654785,7.515052399701491,0.26863919906151945,7.622320810953776,7.0793304443359375,0.6,2.2499981553466233,0.7833333333333333,17.81255,34.0,0.7096774193548387,0.7857142857142857,0.6470588235294118,0.7462639366482227,,,22.0,6.0,12.0,200.0,0.7058823529411765,0.8181818181818182,0.6206896551724138,3.114187853676932,zs,base,672,S0,A,F1,0,chronos2_zs,,True
peak,60,0.95,181.0,7.622320810953776,9.315518582022309,0.35251301113538763,7.622320810953776,,,2.9559179659242982,0.7166666666666667,21.052717,,,,,,,,,,,,,,,3.114187853676932,zs,base,672,S0,A,F1,0,chronos2_zs,,True
all,336,0.95,182.0,5.6590726262047175,7.9136272121173015,0.2764890345314692,7.979220728720388,8.806427001953125,0.21428571428571427,2.200376692524663,0.7172619047619048,16.306507,42.0,0.6027397260273972,0.7096774193548387,0.5238095238095238,0.7258070663602321,,,22.0,9.0,20.0,285.0,0.5666666666666667,0.68,0.4857142857142857,3.1228651148932323,zs,base,672,S0,A,F2,0,chronos2_zs,,True
op,240,0.95,182.0,6.908583927154541,9.106993555055395,0.33753723024396565,7.979220728720388,10.043096923828125,0.3,2.682507452081751,0.75,19.748344,42.0,0.6027397260273972,0.7096774193548387,0.5238095238095238,0.7258070663602321,,,22.0,9.0,20.0,189.0,0.5666666666666667,0.68,0.4857142857142857,3.1228651148932323,zs,base,672,S0,A,F2,0,chronos2_zs,,True
peak,62,0.95,182.0,7.979220728720388,10.018266547010027,0.3898460368544452,7.979220728720388,,,3.1181771063035533,0.6935483870967742,23.08214,,,,,,,,,,,,,,,3.1228651148932323,zs,base,672,S0,A,F2,0,chronos2_zs,,True
all,336,0.95,182.0,8.39456978298369,13.988274079466645,0.43101776225072846,10.658778762817382,8.963953835623604,0.5,3.345970983480019,0.7202380952380952,22.834976,63.0,0.7222222222222222,0.8666666666666667,0.6190476190476191,0.8603106162705717,,,39.0,6.0,24.0,267.0,0.7391304347826086,0.8717948717948718,0.6415094339622641,3.0594578300203596,zs,base,672,S0,A,F3,0,chronos2_zs,,True
op,240,0.95,182.0,10.648936144510905,16.337626798672456,0.546767820867004,10.658778762817382,11.669142150878907,0.6,4.26280261710838,0.7333333333333333,28.688932,63.0,0.7222222222222222,0.8666666666666667,0.6190476190476191,0.8603106162705717,,,39.0,6.0,24.0,171.0,0.7391304347826086,0.8717948717948718,0.6415094339622641,3.0594578300203596,zs,base,672,S0,A,F3,0,chronos2_zs,,True
peak,80,0.95,182.0,10.658778762817382,15.019690792432895,0.5472731884351842,10.658778762817382,,,4.269494650099013,0.75,32.29397,,,,,,,,,,,,,,,3.0594578300203596,zs,base,672,S0,A,F3,0,chronos2_zs,,True
all,336,0.95,184.0,5.744758742196219,10.319209112151098,0.3035257163699102,6.8136839148116435,17.95712171282087,0.2857142857142857,2.3342195035288573,0.7053571428571429,17.490768,61.0,0.8925619834710744,0.9,0.8852459016393442,0.97008360383863,,,54.0,6.0,7.0,269.0,0.8761904761904762,0.8846153846153846,0.8679245283018868,3.067773529461452,zs,base,672,S0,A,F4,0,chronos2_zs,,True
op,192,0.95,184.0,6.710879445075989,8.964430312051162,0.35457093717047544,6.8136839148116435,9.50568962097168,0.375,2.654453492606127,0.765625,20.287148,61.0,0.8925619834710744,0.9,0.8852459016393442,0.97008360383863,,,54.0,6.0,7.0,125.0,0.8761904761904762,0.8846153846153846,0.8679245283018868,3.067773529461452,zs,base,672,S0,A,F4,0,chronos2_zs,,True
peak,73,0.95,184.0,6.8136839148116435,8.590718152500607,0.3600026361717487,6.8136839148116435,,,2.659109174243573,0.8082191780821918,22.86641,,,,,,,,,,,,,,,3.067773529461452,zs,base,672,S0,A,F4,0,chronos2_zs,,True
all,336,0.95,186.0,5.391881829216366,10.086673179263395,0.2769933427129769,7.134736197335379,6.31416266305106,0.42857142857142855,2.117802820256147,0.7053571428571429,16.5876,36.0,0.8611111111111112,0.8611111111111112,0.8611111111111112,0.8508713092886091,,,31.0,5.0,5.0,295.0,0.8771929824561403,0.9259259259259259,0.8333333333333334,3.126537254878453,zs,base,672,S0,A,F5,0,chronos2_zs,,True
op,168,0.95,186.0,8.516422771272206,13.917216221994913,0.4375081810193248,7.134736197335379,10.610201154436384,0.42857142857142855,3.380482251808126,0.8095238095238095,25.616922,36.0,0.8611111111111112,0.8611111111111112,0.8611111111111112,0.8508713092886091,,,31.0,5.0,5.0,127.0,0.8771929824561403,0.9259259259259259,0.8333333333333334,3.126537254878453,zs,base,672,S0,A,F5,0,chronos2_zs,,True
peak,42,0.95,186.0,7.134736197335379,9.107263803382747,0.3665277710588148,7.134736197335379,,,2.7999924795968187,0.7619047619047619,23.91632,,,,,,,,,,,,,,,3.126537254878453,zs,base,672,S0,A,F5,0,chronos2_zs,,True
all,317,0.95,186.0,5.943934539891192,8.122039550098565,0.2581706983772481,7.066569700079449,5.335189001900809,0.35714285714285715,2.3158388819061075,0.7539432176656151,17.537706,28.0,0.3404255319148936,0.42105263157894735,0.2857142857142857,0.4910447743088941,,,8.0,11.0,20.0,278.0,0.358974358974359,0.5,0.28,3.1522128922598704,zs,base,672,S0,A,F6,0,chronos2_zs,,True
op,240,0.95,186.0,6.303610960642497,8.428099945009611,0.2737929957144751,7.066569700079449,4.855250549316406,0.3,2.4221812421304207,0.8083333333333333,19.88512,28.0,0.3404255319148936,0.42105263157894735,0.2857142857142857,0.49104477430889415,,,8.0,11.0,20.0,201.0,0.358974358974359,0.5,0.28,3.1522128922598704,zs,base,672,S0,A,F6,0,chronos2_zs,,True
peak,59,0.95,186.0,7.066569700079449,8.743252311906298,0.30693158249929325,7.066569700079449,,,2.7055577193725355,0.8135593220338984,23.079254,,,,,,,,,,,,,,,3.1522128922598704,zs,base,672,S0,A,F6,0,chronos2_zs,,True
all,336,0.95,181.0,4.401078859965007,5.807540772159612,0.20353873835132283,7.118696339925131,5.404718671526227,0.5714285714285714,1.6970180440832068,0.7351190476190477,13.587718,34.0,0.7213114754098361,0.8148148148148148,0.6470588235294118,0.8152678414378208,,,22.0,5.0,12.0,297.0,0.72,0.8571428571428571,0.6206896551724138,19.22577120576586,zs,base,full,S0,A,F1,0,chronos2_zs,,True
op,240,0.95,181.0,5.1533203125,6.597101473950252,0.23832799822515213,7.118696339925131,6.831556701660157,0.5,1.9822851610183716,0.8083333333333333,16.296064,34.0,0.7213114754098361,0.8148148148148148,0.6470588235294118,0.8152678414378208,,,22.0,5.0,12.0,201.0,0.72,0.8571428571428571,0.6206896551724138,19.22577120576586,zs,base,full,S0,A,F1,0,chronos2_zs,,True
peak,60,0.95,181.0,7.118696339925131,8.60984855925297,0.3292216562886267,7.118696339925131,,,2.7580984384042244,0.7166666666666667,18.360994,,,,,,,,,,,,,,,19.22577120576586,zs,base,full,S0,A,F1,0,chronos2_zs,,True
all,336,0.95,182.0,5.08723395211356,7.1091226898082125,0.2485503362056881,7.4436640585622476,8.986733027866908,0.2857142857142857,1.9989420502274127,0.7053571428571429,14.707749,42.0,0.6,0.75,0.5,0.7904430750961224,,,21.0,7.0,21.0,287.0,0.5454545454545454,0.75,0.42857142857142855,20.28032120636531,zs,base,full,S0,A,F2,0,chronos2_zs,,True
op,240,0.95,182.0,6.077480665842692,8.081070686833879,0.29693147140425646,7.4436640585622476,10.427108764648438,0.4,2.37123209229222,0.7541666666666667,17.665607,42.0,0.6,0.75,0.5,0.7904430750961224,,,21.0,7.0,21.0,191.0,0.5454545454545454,0.75,0.42857142857142855,20.28032120636531,zs,base,full,S0,A,F2,0,chronos2_zs,,True
peak,62,0.95,182.0,7.4436640585622476,9.444017298404384,0.3636799922655776,7.4436640585622476,,,2.9618516682723945,0.6935483870967742,20.052353,,,,,,,,,,,,,,,20.28032120636531,zs,base,full,S0,A,F2,0,chronos2_zs,,True
all,336,0.95,182.0,8.168271745954241,13.545223580600682,0.4193985279071315,10.521902275085449,8.783803122384208,0.5714285714285714,3.2710056428556094,0.7172619047619048,22.686459,63.0,0.7522935779816514,0.8913043478260869,0.6507936507936508,0.8811406489850141,,,41.0,5.0,22.0,268.0,0.7333333333333333,0.8918918918918919,0.6226415094339622,22.230384724480764,zs,base,full,S0,A,F3,0,chronos2_zs,,True
op,240,0.95,182.0,10.318198871612548,15.80339683122191,0.5297861716648586,10.521902275085449,11.368592834472656,0.6,4.150484466199522,0.75,28.831177,63.0,0.7522935779816514,0.8913043478260869,0.6507936507936508,0.8811406489850141,,,41.0,5.0,22.0,172.0,0.7333333333333333,0.8918918918918919,0.6226415094339622,22.230384724480764,zs,base,full,S0,A,F3,0,chronos2_zs,,True
peak,80,0.95,182.0,10.521902275085449,15.010464453288023,0.5402452883792997,10.521902275085449,,,4.280756774478489,0.7,30.587406,,,,,,,,,,,,,,,22.230384724480764,zs,base,full,S0,A,F3,0,chronos2_zs,,True
all,336,0.95,184.0,5.735076643171764,9.983820562433282,0.30301416032826545,7.345114302961794,18.98067774091448,0.2857142857142857,2.325687004775597,0.6666666666666666,17.216825,61.0,0.8833333333333333,0.8983050847457628,0.8688524590163934,0.9666057004701845,,,53.0,6.0,8.0,269.0,0.8653846153846154,0.8823529411764706,0.8490566037735849,23.560151985713414,zs,base,full,S0,A,F4,0,chronos2_zs,,True
op,192,0.95,184.0,6.929338177045186,8.959176347449242,0.36611325706481157,7.345114302961794,11.370855331420898,0.375,2.7182827079737626,0.7135416666666666,19.664814,61.0,0.8833333333333333,0.8983050847457628,0.8688524590163934,0.9666057004701845,,,53.0,6.0,8.0,125.0,0.8653846153846154,0.8823529411764706,0.8490566037735849,23.560151985713414,zs,base,full,S0,A,F4,0,chronos2_zs,,True
peak,73,0.95,184.0,7.345114302961794,9.05306753497168,0.3880808891502799,7.345114302961794,,,2.880874266834927,0.726027397260274,22.216469,,,,,,,,,,,,,,,23.560151985713414,zs,base,full,S0,A,F4,0,chronos2_zs,,True
all,336,0.95,186.0,5.342367876143682,9.580614574903517,0.2744496973203386,6.986702328636532,6.175011771065848,0.6428571428571429,2.064121707028182,0.6666666666666666,16.251759,36.0,0.868421052631579,0.825,0.9166666666666666,0.8440516538114774,,,33.0,7.0,3.0,293.0,0.9,0.9,0.9,25.273131694112504,zs,base,full,S0,A,F5,0,chronos2_zs,,True
op,168,0.95,186.0,8.287041164579845,13.246349758658086,0.4257243215047656,6.986702328636532,11.163009643554688,0.7142857142857143,3.169526026740907,0.8273809523809523,25.69007,36.0,0.868421052631579,0.825,0.9166666666666666,0.8440516538114774,,,33.0,7.0,3.0,125.0,0.9,0.9,0.9,25.273131694112504,zs,base,full,S0,A,F5,0,chronos2_zs,,True
peak,42,0.95,186.0,6.986702328636532,9.089195685927631,0.3589229315195946,6.986702328636532,,,2.7770362288863573,0.7857142857142857,23.791636,,,,,,,,,,,,,,,25.273131694112504,zs,base,full,S0,A,F5,0,chronos2_zs,,True
all,317,0.95,186.0,5.154243721946933,6.929129380384623,0.22387102219432337,5.764622575145657,6.091618401663644,0.35714285714285715,2.0186926017090014,0.7634069400630915,15.980306,28.0,0.5,0.6,0.42857142857142855,0.5403637140407116,,,12.0,8.0,16.0,281.0,0.5,0.6666666666666666,0.4,26.72779701437269,zs,base,full,S0,A,F6,0,chronos2_zs,,True
op,240,0.95,186.0,5.425134468078613,7.140677419828389,0.23563697497246922,5.764622575145657,5.727272033691406,0.3,2.0908740285590843,0.8458333333333333,18.391846,28.0,0.5,0.6,0.42857142857142855,0.5403637140407116,,,12.0,8.0,16.0,204.0,0.5,0.6666666666666666,0.4,26.72779701437269,zs,base,full,S0,A,F6,0,chronos2_zs,,True
peak,59,0.95,186.0,5.764622575145657,7.344388698573377,0.2503824068247307,5.764622575145657,,,2.302077014298089,0.864406779661017,21.959421,,,,,,,,,,,,,,,26.72779701437269,zs,base,full,S0,A,F6,0,chronos2_zs,,True
all,336,0.95,181.0,5.639586539495559,8.008102374713447,0.2608165782971577,10.840736134847004,7.402282169886997,0.5,2.2132482140152545,0.7619047619047619,19.224466,34.0,0.5357142857142857,0.6818181818181818,0.4411764705882353,0.5933289792402238,,,15.0,7.0,19.0,295.0,0.4888888888888889,0.6875,0.3793103448275862,0.2714243786675589,zs,base,1344,S0,B,F1,0,chronos2_zs,,True
op,240,0.95,181.0,6.868558788299561,9.203423112471022,0.3176534287489452,10.840736134847004,9.682196044921875,0.5,2.6992374400739316,0.8333333333333334,24.040455,34.0,0.5357142857142857,0.6818181818181818,0.4411764705882353,0.5933289792402238,,,15.0,7.0,19.0,199.0,0.4888888888888889,0.6875,0.3793103448275862,0.2714243786675589,zs,base,1344,S0,B,F1,0,chronos2_zs,,True
peak,60,0.95,181.0,10.840736134847004,13.316682125466745,0.501356559583188,10.840736134847004,,,4.251366235238534,0.6833333333333333,27.92745,,,,,,,,,,,,,,,0.2714243786675589,zs,base,1344,S0,B,F1,0,chronos2_zs,,True
all,336,0.95,182.0,5.91954839797247,8.32826724182577,0.289215270685679,8.655835551600303,8.473231724330358,0.35714285714285715,2.3322999129219664,0.7708333333333334,20.309952,42.0,0.5070422535211268,0.6206896551724138,0.42857142857142855,0.7045789689316597,,,18.0,11.0,24.0,283.0,0.4642857142857143,0.6190476190476191,0.37142857142857144,0.2816070318222046,zs,base,1344,S0,B,F2,0,chronos2_zs,,True
op,240,0.95,182.0,7.291560141245524,9.637908241230575,0.3562485511045972,8.655835551600303,10.175173950195312,0.5,2.8837515408904464,0.8041666666666667,25.092125,42.0,0.5070422535211268,0.6206896551724138,0.42857142857142855,0.7045789689316597,,,18.0,11.0,24.0,187.0,0.4642857142857143,0.6190476190476191,0.37142857142857144,0.2816070318222046,zs,base,1344,S0,B,F2,0,chronos2_zs,,True
peak,62,0.95,182.0,8.655835551600303,10.812979886411167,0.4229038524162173,8.655835551600303,,,3.460901546136453,0.7903225806451613,32.422985,,,,,,,,,,,,,,,0.2816070318222046,zs,base,1344,S0,B,F2,0,chronos2_zs,,True
all,336,0.95,182.0,11.357565153212775,19.304694166523557,0.5831522571743608,16.550010013580323,10.631029401506696,0.5,4.576185080992482,0.7232142857142857,31.100033,63.0,0.3870967741935484,0.6,0.2857142857142857,0.6847509779029748,,,18.0,12.0,45.0,261.0,0.34210526315789475,0.5652173913043478,0.24528301886792453,0.28180250099727083,zs,base,1344,S0,B,F3,0,chronos2_zs,,True
op,240,0.95,182.0,14.795499038696288,22.695027621331064,0.7596723896403244,16.550010013580323,13.315927124023437,0.4,5.987670370914318,0.7583333333333333,40.575687,63.0,0.3870967741935484,0.6,0.2857142857142857,0.6847509779029749,,,18.0,12.0,45.0,165.0,0.34210526315789475,0.5652173913043478,0.24528301886792453,0.28180250099727083,zs,base,1344,S0,B,F3,0,chronos2_zs,,True
peak,80,0.95,182.0,16.550010013580323,23.842013510910718,0.8497574581773417,16.550010013580323,,,7.059483460320369,0.7125,43.703777,,,,,,,,,,,,,,,0.28180250099727083,zs,base,1344,S0,B,F3,0,chronos2_zs,,True
all,336,0.95,184.0,19.235607260749454,41.30237214994036,1.0163179579230106,9.725969288447132,34.9847651890346,0.2857142857142857,7.753146313990234,0.6666666666666666,30.545637,61.0,0.8032786885245902,0.8032786885245902,0.8032786885245902,0.7569059870237157,,,49.0,12.0,12.0,263.0,0.780952380952381,0.7884615384615384,0.7735849056603774,0.27388882637023926,zs,base,1344,S0,B,F4,0,chronos2_zs,,True
op,192,0.95,184.0,8.514997363090515,10.410841202475094,0.44989194333544524,9.725969288447132,13.369232177734375,0.5,3.2163533455795714,0.8177083333333334,26.984116,61.0,0.8521739130434782,0.9074074074074074,0.8032786885245902,0.9402723856414601,,,49.0,5.0,12.0,126.0,0.8282828282828283,0.8913043478260869,0.7735849056603774,0.27388882637023926,zs,base,1344,S0,B,F4,0,chronos2_zs,,True
peak,73,0.95,184.0,9.725969288447132,11.406848186834079,0.5138739376440866,9.725969288447132,,,3.6405864791057247,0.821917808219178,32.45466,,,,,,,,,,,,,,,0.27388882637023926,zs,base,1344,S0,B,F4,0,chronos2_zs,,True
all,336,0.95,186.0,12.109500226520357,33.02082056513873,0.622092815193414,39.24601418631418,19.54995400565011,0.42857142857142855,5.052111855764238,0.6190476190476191,33.72647,36.0,0.7058823529411765,0.75,0.6666666666666666,0.6073744056681352,,,24.0,8.0,12.0,292.0,0.76,0.95,0.6333333333333333,0.2814938170569284,zs,base,1344,S0,B,F5,0,chronos2_zs,,True
op,168,0.95,186.0,21.77250807625907,46.57554419198339,1.118503702846318,39.24601418631418,37.18896702357701,0.5714285714285714,8.632068972108225,0.7678571428571429,41.798424,36.0,0.7058823529411765,0.75,0.6666666666666666,0.6259960722696019,,,24.0,8.0,12.0,124.0,0.76,0.95,0.6333333333333333,0.2814938170569284,zs,base,1344,S0,B,F5,0,chronos2_zs,,True
peak,42,0.95,186.0,39.24601418631418,76.17508397362757,2.01615780945407,39.24601418631418,,,15.585592605954126,0.6904761904761905,52.92022,,,,,,,,,,,,,,,0.2814938170569284,zs,base,1344,S0,B,F5,0,chronos2_zs,,True
all,317,0.95,186.0,6.323065026701437,8.365013046321375,0.2746379696601009,7.178646281614142,5.643456595284598,0.21428571428571427,2.5021058650506496,0.7634069400630915,21.802834,28.0,0.35294117647058826,0.391304347826087,0.32142857142857145,0.38601978525798963,,,9.0,14.0,19.0,275.0,0.2926829268292683,0.375,0.24,0.2811779464994158,zs,base,1344,S0,B,F6,0,chronos2_zs,,True
op,240,0.95,186.0,6.496788088480631,8.518182517290803,0.28218351106584283,7.178646281614142,4.793710327148437,0.2,2.5409883062927814,0.8708333333333333,25.664314,28.0,0.35294117647058826,0.391304347826087,0.32142857142857145,0.38601978525798963,,,9.0,14.0,19.0,198.0,0.2926829268292683,0.375,0.24,0.2811779464994158,zs,base,1344,S0,B,F6,0,chronos2_zs,,True
peak,59,0.95,186.0,7.178646281614142,9.482494676901338,0.3117995515410715,7.178646281614142,,,2.887970134498036,0.8813559322033898,30.93859,,,,,,,,,,,,,,,0.2811779464994158,zs,base,1344,S0,B,F6,0,chronos2_zs,,True
all,336,0.95,181.0,5.341702756427583,7.403954838115855,0.24704020861368944,9.963011423746744,7.471969059535435,0.7142857142857143,2.106250084644903,0.7410714285714286,19.005842,34.0,0.5714285714285714,0.7272727272727273,0.47058823529411764,0.660568099087751,,,16.0,6.0,18.0,296.0,0.5333333333333333,0.75,0.41379310344827586,0.5333032267434257,zs,base,2688,S0,B,F1,0,chronos2_zs,,True
op,240,0.95,181.0,6.436315631866455,8.50616597087102,0.29766327871512205,9.963011423746744,9.7740478515625,0.7,2.5378845963654695,0.8291666666666667,23.504414,34.0,0.5714285714285714,0.7272727272727273,0.47058823529411764,0.660568099087751,,,16.0,6.0,18.0,200.0,0.5333333333333333,0.75,0.41379310344827586,0.5333032267434257,zs,base,2688,S0,B,F1,0,chronos2_zs,,True
peak,60,0.95,181.0,9.963011423746744,12.133857837360084,0.4607640171631354,9.963011423746744,,,3.8909299892849396,0.6666666666666666,26.738255,,,,,,,,,,,,,,,0.5333032267434257,zs,base,2688,S0,B,F1,0,chronos2_zs,,True
all,336,0.95,182.0,5.570607208070301,7.886857064589543,0.27216682139425924,8.093243752756427,8.557752881731306,0.35714285714285715,2.199368550411608,0.7529761904761905,19.574875,42.0,0.5428571428571428,0.6785714285714286,0.4523809523809524,0.7451913554953199,,,19.0,9.0,23.0,285.0,0.509090909090909,0.7,0.4,0.5381461211613247,zs,base,2688,S0,B,F2,0,chronos2_zs,,True
op,240,0.95,182.0,6.7261776288350426,9.04519010058246,0.3286252857177049,8.093243752756427,10.017938232421875,0.5,2.6708566598538996,0.825,24.24442,42.0,0.5428571428571428,0.6785714285714286,0.4523809523809524,0.7451913554953199,,,19.0,9.0,23.0,189.0,0.509090909090909,0.7,0.4,0.5381461211613247,zs,base,2688,S0,B,F2,0,chronos2_zs,,True
peak,62,0.95,182.0,8.093243752756427,10.330486173589502,0.3954169347581228,8.093243752756427,,,3.2465145288829733,0.8064516129032258,30.009153,,,,,,,,,,,,,,,0.5381461211613247,zs,base,2688,S0,B,F2,0,chronos2_zs,,True
all,336,0.95,182.0,11.378564652942476,19.173197470356893,0.584230472927624,17.288874435424805,10.998383113316127,0.42857142857142855,4.639753602673768,0.7142857142857143,32.818405,63.0,0.4375,0.6363636363636364,0.3333333333333333,0.6746353774313621,,,21.0,12.0,42.0,261.0,0.38461538461538464,0.6,0.2830188679245283,0.5466767038617816,zs,base,2688,S0,B,F3,0,chronos2_zs,,True
op,240,0.95,182.0,14.792284679412841,22.531251585197182,0.759507348907894,17.288874435424805,13.812167358398437,0.3,6.061192641081634,0.7625,43.12867,63.0,0.4375,0.6363636363636364,0.3333333333333333,0.6746353774313623,,,21.0,12.0,42.0,165.0,0.38461538461538464,0.6,0.2830188679245283,0.5466767038617816,zs,base,2688,S0,B,F3,0,chronos2_zs,,True
peak,80,0.95,182.0,17.288874435424805,24.479159256297255,0.8876943266462456,17.288874435424805,,,7.346559753417969,0.6875,47.1222,,,,,,,,,,,,,,,0.5466767038617816,zs,base,2688,S0,B,F3,0,chronos2_zs,,True
all,336,0.95,184.0,20.355069103695097,44.128326634732275,1.0754649949139767,9.701249632116866,37.09954942975725,0.35714285714285715,7.906026782560601,0.6607142857142857,30.879889,61.0,0.819672131147541,0.819672131147541,0.819672131147541,0.7589420019197587,,,50.0,11.0,11.0,264.0,0.8,0.8076923076923077,0.7924528301886793,0.5396080357687814,zs,base,2688,S0,B,F4,0,chronos2_zs,,True
op,192,0.95,184.0,8.404667337735495,10.25715151824355,0.44406262978446565,9.701249632116866,13.704080581665039,0.625,3.1827480157216392,0.7916666666666666,26.318758,61.0,0.8695652173913043,0.9259259259259259,0.819672131147541,0.9469741278673043,,,50.0,4.0,11.0,127.0,0.8484848484848485,0.9130434782608695,0.7924528301886793,0.5396080357687814,zs,base,2688,S0,B,F4,0,chronos2_zs,,True
peak,73,0.95,184.0,9.701249632116866,11.316168860828,0.5125678686283505,9.701249632116866,,,3.6541526643471447,0.7808219178082192,31.140203,,,,,,,,,,,,,,,0.5396080357687814,zs,base,2688,S0,B,F4,0,chronos2_zs,,True
all,336,0.95,186.0,12.84505219686599,33.26617256719921,0.659879807835047,39.42239270891462,21.097272600446427,0.42857142857142855,5.588964743715115,0.6190476190476191,34.2492,36.0,0.7058823529411765,0.75,0.6666666666666666,0.6013872658773266,,,24.0,8.0,12.0,292.0,0.7450980392156863,0.9047619047619048,0.6333333333333333,0.6101454836981637,zs,base,2688,S0,B,F5,0,chronos2_zs,,True
op,168,0.95,186.0,22.02455184573219,46.689696090508455,1.1314517696674498,39.42239270891462,37.25313350132534,0.5714285714285714,9.06089705714473,0.7559523809523809,42.4134,36.0,0.7058823529411765,0.75,0.6666666666666666,0.618553766775354,,,24.0,8.0,12.0,124.0,0.7450980392156863,0.9047619047619048,0.6333333333333333,0.6101454836981637,zs,base,2688,S0,B,F5,0,chronos2_zs,,True
peak,42,0.95,186.0,39.42239270891462,76.11958632790792,2.025218778908769,39.42239270891462,,,16.271810955471462,0.6904761904761905,52.0211,,,,,,,,,,,,,,,0.6101454836981637,zs,base,2688,S0,B,F5,0,chronos2_zs,,True
all,317,0.95,186.0,6.172757578949071,8.167523082329044,0.2681094693044694,7.435268337443723,5.184266226632254,0.14285714285714285,2.445492587405424,0.7570977917981072,21.646053,28.0,0.3673469387755102,0.42857142857142855,0.32142857142857145,0.3953243321306688,,,9.0,12.0,19.0,277.0,0.3157894736842105,0.46153846153846156,0.24,0.5562548467091152,zs,base,2688,S0,B,F6,0,chronos2_zs,,True
op,240,0.95,186.0,6.334310054779053,8.315782430690144,0.2751263897011673,7.435268337443723,4.652394104003906,0.1,2.4933782264921405,0.8583333333333333,25.224052,28.0,0.3673469387755102,0.42857142857142855,0.32142857142857145,0.39532433213066875,,,9.0,12.0,19.0,200.0,0.3157894736842105,0.46153846153846156,0.24,0.5562548467091152,zs,base,2688,S0,B,F6,0,chronos2_zs,,True
peak,59,0.95,186.0,7.435268337443723,10.010265272859098,0.3229457535942557,7.435268337443723,,,3.044869862931821,0.847457627118644,30.838495,,,,,,,,,,,,,,,0.5562548467091152,zs,base,2688,S0,B,F6,0,chronos2_zs,,True
all,336,0.95,181.0,6.094598179771786,8.48541395276558,0.28185971297930373,11.029891459147136,7.797086443219866,0.42857142857142855,2.3608686487510724,0.7589285714285714,20.658113,34.0,0.49056603773584906,0.6842105263157895,0.38235294117647056,0.5559349163226506,,,13.0,6.0,21.0,296.0,0.42857142857142855,0.6923076923076923,0.3103448275862069,0.09807518550327846,zs,base,336,S0,B,F1,0,chronos2_zs,,True
op,240,0.95,181.0,7.385168774922689,9.700714623057094,0.3415453307672156,11.029891459147136,10.262667846679687,0.5,2.865166197352939,0.8583333333333333,25.871805,34.0,0.49056603773584906,0.6842105263157895,0.38235294117647056,0.5559349163226506,,,13.0,6.0,21.0,200.0,0.42857142857142855,0.6923076923076923,0.3103448275862069,0.09807518550327846,zs,base,336,S0,B,F1,0,chronos2_zs,,True
peak,60,0.95,181.0,11.029891459147136,13.68302890177335,0.5101045137293199,11.029891459147136,,,4.2634868310998995,0.7333333333333333,31.43006,,,,,,,,,,,,,,,0.09807518550327846,zs,base,336,S0,B,F1,0,chronos2_zs,,True
all,336,0.95,182.0,6.2404142788478305,8.706140904713568,0.30489202613258964,9.581687927246094,9.434324537004743,0.5,2.4499716602305255,0.7678571428571429,21.277246,42.0,0.48484848484848486,0.6666666666666666,0.38095238095238093,0.5845753008892484,,,16.0,8.0,26.0,286.0,0.4,0.6666666666666666,0.2857142857142857,0.09014456612723214,zs,base,336,S0,B,F2,0,chronos2_zs,,True
op,240,0.95,182.0,7.600209108988444,9.977034402822389,0.37132841678881034,9.581687927246094,10.824629211425782,0.6,2.9956333252235696,0.8166666666666667,26.357975,42.0,0.48484848484848486,0.6666666666666666,0.38095238095238093,0.5845753008892484,,,16.0,8.0,26.0,190.0,0.4,0.6666666666666666,0.2857142857142857,0.09014456612723214,zs,base,336,S0,B,F2,0,chronos2_zs,,True
peak,62,0.95,182.0,9.581687927246094,11.749575121968453,0.4681388310725438,9.581687927246094,,,3.730757469259282,0.8064516129032258,32.458828,,,,,,,,,,,,,,,0.09014456612723214,zs,base,336,S0,B,F2,0,chronos2_zs,,True
all,336,0.95,182.0,12.327293782007127,21.540590715709218,0.6329428092072548,16.32542781829834,10.149390084402901,0.35714285714285715,4.950803265369759,0.7410714285714286,31.843384,63.0,0.46,0.6216216216216216,0.36507936507936506,0.628721647406865,,,23.0,14.0,40.0,259.0,0.4146341463414634,0.5862068965517241,0.32075471698113206,0.07179347106388637,zs,base,336,S0,B,F3,0,chronos2_zs,,True
op,240,0.95,182.0,16.06290973027547,25.320419051350463,0.8247473767164273,16.32542781829834,12.89383544921875,0.3,6.487455737325881,0.7875,41.210033,63.0,0.46,0.6216216216216216,0.36507936507936506,0.6287216474068649,,,23.0,14.0,40.0,163.0,0.4146341463414634,0.5862068965517241,0.32075471698113206,0.07179347106388637,zs,base,336,S0,B,F3,0,chronos2_zs,,True
peak,80,0.95,182.0,16.32542781829834,24.44590034540116,0.8382263234373561,16.32542781829834,,,7.134809370040893,0.7375,45.09959,,,,,,,,,,,,,,,0.07179347106388637,zs,base,336,S0,B,F3,0,chronos2_zs,,True
all,336,0.95,184.0,19.583402792612713,42.11199412699068,1.0346938188941002,9.30701415179527,34.58231571742466,0.14285714285714285,7.975908068500497,0.6964285714285714,32.89447,61.0,0.8031496062992126,0.7727272727272727,0.8360655737704918,0.7813500170465715,,,51.0,15.0,10.0,260.0,0.7818181818181819,0.7543859649122807,0.8113207547169812,0.06753982816423688,zs,base,336,S0,B,F4,0,chronos2_zs,,True
op,192,0.95,184.0,8.596421798070272,10.363125863736814,0.4541940230338866,9.30701415179527,12.142557144165039,0.25,3.215044245896516,0.875,31.508202,61.0,0.85,0.864406779661017,0.8360655737704918,0.9472871585321365,,,51.0,8.0,10.0,123.0,0.8269230769230769,0.8431372549019608,0.8113207547169812,0.06753982816423688,zs,base,336,S0,B,F4,0,chronos2_zs,,True
peak,73,0.95,184.0,9.30701415179527,10.911949090410936,0.49173834175821046,9.30701415179527,,,3.4992215671858644,0.8767123287671232,35.56247,,,,,,,,,,,,,,,0.06753982816423688,zs,base,336,S0,B,F4,0,chronos2_zs,,True
all,336,0.95,186.0,22.8458259559813,51.51280055073537,1.1736425053487969,47.58648899623326,37.22125680106027,0.21428571428571427,10.972382408979708,0.6875,34.278255,36.0,0.6567164179104478,0.7096774193548387,0.6111111111111112,0.6136717599625515,,,22.0,9.0,14.0,291.0,0.6545454545454545,0.72,0.6,0.07152974605560303,zs,base,336,S0,B,F5,0,chronos2_zs,,True
op,168,0.95,186.0,29.546460401444207,57.10477421190855,1.5178694732488394,47.58648899623326,58.77447673252651,0.42857142857142855,14.277858895599527,0.7142857142857143,40.834503,36.0,0.7333333333333333,0.9166666666666666,0.6111111111111112,0.7855418157197793,,,22.0,2.0,14.0,130.0,0.7346938775510204,0.9473684210526315,0.6,0.07152974605560303,zs,base,336,S0,B,F5,0,chronos2_zs,,True
peak,42,0.95,186.0,47.58648899623326,84.23640104792604,2.4446271399380115,47.58648899623326,,,23.18425971641742,0.6190476190476191,51.157448,,,,,,,,,,,,,,,0.07152974605560303,zs,base,336,S0,B,F5,0,chronos2_zs,,True
all,317,0.95,186.0,7.135382895966058,10.359892222008064,0.3099204362156973,9.6468121803413,6.592933109828404,0.14285714285714285,2.794993698275219,0.8233438485804416,24.986858,28.0,0.20512820512820512,0.36363636363636365,0.14285714285714285,0.34296538300677637,,,4.0,7.0,24.0,282.0,0.12903225806451613,0.3333333333333333,0.08,0.06737790788922991,zs,base,336,S0,B,F6,0,chronos2_zs,,True
op,240,0.95,186.0,7.5391847610473635,10.589678876924042,0.327459291802755,9.6468121803413,6.535661315917968,0.1,2.94202452606625,0.875,28.347546,28.0,0.20512820512820512,0.36363636363636365,0.14285714285714285,0.34296538300677637,,,4.0,7.0,24.0,205.0,0.12903225806451613,0.3333333333333333,0.08,0.06737790788922991,zs,base,336,S0,B,F6,0,chronos2_zs,,True
peak,59,0.95,186.0,9.6468121803413,13.95503789709052,0.4190026355435684,9.6468121803413,,,3.8713284781648163,0.8305084745762712,34.010105,,,,,,,,,,,,,,,0.06737790788922991,zs,base,336,S0,B,F6,0,chronos2_zs,,True
all,336,0.95,181.0,5.614217553819929,7.991804319976694,0.2596433270326458,10.927826944986979,7.485196794782366,0.42857142857142855,2.20068278413601,0.7351190476190477,17.606466,34.0,0.5614035087719298,0.6956521739130435,0.47058823529411764,0.5815781298750138,,,16.0,7.0,18.0,295.0,0.5217391304347826,0.7058823529411765,0.41379310344827586,0.12686734540121897,zs,base,672,S0,B,F1,0,chronos2_zs,,True
op,240,0.95,181.0,6.809780883789062,9.192893660046382,0.3149350996965327,10.927826944986979,9.876702880859375,0.5,2.6766933319303723,0.8291666666666667,22.12328,34.0,0.5614035087719298,0.6956521739130435,0.47058823529411764,0.5815781298750138,,,16.0,7.0,18.0,199.0,0.5217391304347826,0.7058823529411765,0.41379310344827586,0.12686734540121897,zs,base,672,S0,B,F1,0,chronos2_zs,,True
peak,60,0.95,181.0,10.927826944986979,13.476897089498152,0.5053842887336777,10.927826944986979,,,4.316297124226889,0.6833333333333333,26.15706,,,,,,,,,,,,,,,0.12686734540121897,zs,base,672,S0,B,F1,0,chronos2_zs,,True
all,336,0.95,182.0,6.044919082096645,8.582213741494375,0.29534058868416707,8.464730785739038,10.00196783883231,0.5,2.374547704817757,0.7470238095238095,19.763916,42.0,0.5384615384615384,0.5833333333333334,0.5,0.6375979978781947,,,21.0,15.0,21.0,279.0,0.5079365079365079,0.5714285714285714,0.45714285714285713,0.18352561337607248,zs,base,672,S0,B,F2,0,chronos2_zs,,True
op,240,0.95,182.0,7.421694151560465,9.913545958346631,0.3626065940646885,8.464730785739038,11.846609497070313,0.6,2.929233311370567,0.8041666666666667,24.720682,42.0,0.5384615384615384,0.5833333333333334,0.5,0.6375979978781947,,,21.0,15.0,21.0,183.0,0.5079365079365079,0.5714285714285714,0.45714285714285713,0.18352561337607248,zs,base,672,S0,B,F2,0,chronos2_zs,,True
peak,62,0.95,182.0,8.464730785739038,10.942309927812776,0.4135669211383482,8.464730785739038,,,3.4199359880126075,0.7580645161290323,30.872599,,,,,,,,,,,,,,,0.18352561337607248,zs,base,672,S0,B,F2,0,chronos2_zs,,True
all,336,0.95,182.0,11.749935331798735,20.116584697938382,0.6032984374694907,16.945838737487794,10.697919028145927,0.35714285714285715,4.692477924357016,0.7232142857142857,30.05936,63.0,0.37209302325581395,0.6956521739130435,0.25396825396825395,0.66716528678145,,,16.0,7.0,47.0,266.0,0.29411764705882354,0.6666666666666666,0.18867924528301888,0.13967195578983851,zs,base,672,S0,B,F3,0,chronos2_zs,,True
op,240,0.95,182.0,15.368643760681152,23.665345721807622,0.7891004082168676,16.945838737487794,13.715185546875,0.4,6.152056633101569,0.7625,39.033257,63.0,0.37209302325581395,0.6956521739130435,0.25396825396825395,0.6671652867814499,,,16.0,7.0,47.0,170.0,0.29411764705882354,0.6666666666666666,0.18867924528301888,0.13967195578983851,zs,base,672,S0,B,F3,0,chronos2_zs,,True
peak,80,0.95,182.0,16.945838737487794,24.19086764042039,0.8700812168956259,16.945838737487794,,,7.162045658959283,0.7,42.249924,,,,,,,,,,,,,,,0.13967195578983851,zs,base,672,S0,B,F3,0,chronos2_zs,,True
all,336,0.95,184.0,19.479287908190773,41.89486882871598,1.0291928838162143,9.441855443667059,35.241621834891184,0.35714285714285715,7.720004011588121,0.6636904761904762,32.016758,61.0,0.784,0.765625,0.8032786885245902,0.769462486741023,,,49.0,15.0,12.0,260.0,0.7592592592592593,0.7454545454545455,0.7735849056603774,0.12685416425977433,zs,base,672,S0,B,F4,0,chronos2_zs,,True
op,192,0.95,184.0,8.291576067606607,10.21865617202109,0.43808742519860155,9.441855443667059,13.281728744506836,0.5,3.1454259589866354,0.828125,28.125662,61.0,0.8376068376068376,0.875,0.8032786885245902,0.9415942798052089,,,49.0,7.0,12.0,124.0,0.8118811881188119,0.8541666666666666,0.7735849056603774,0.12685416425977433,zs,base,672,S0,B,F4,0,chronos2_zs,,True
peak,73,0.95,184.0,9.441855443667059,11.222892913248216,0.4988627139987725,9.441855443667059,,,3.5566890908158535,0.8493150684931506,33.21732,,,,,,,,,,,,,,,0.12685416425977433,zs,base,672,S0,B,F4,0,chronos2_zs,,True
all,336,0.95,186.0,12.201177892230806,33.07728020547047,0.6268025072604138,38.94586399623326,19.887522561209543,0.35714285714285715,4.982051636680724,0.6904761904761905,35.8034,36.0,0.6865671641791045,0.7419354838709677,0.6388888888888888,0.6465270788548712,,,23.0,8.0,13.0,292.0,0.72,0.9,0.6,0.13964339665004186,zs,base,672,S0,B,F5,0,chronos2_zs,,True
op,168,0.95,186.0,21.613894553411576,46.5333670641505,1.1103553621955746,38.94586399623326,36.64333125523159,0.5714285714285714,8.50159490499547,0.7678571428571429,41.660004,36.0,0.6865671641791045,0.7419354838709677,0.6388888888888888,0.6623260539408148,,,23.0,8.0,13.0,124.0,0.72,0.9,0.6,0.13964339665004186,zs,base,672,S0,B,F5,0,chronos2_zs,,True
peak,42,0.95,186.0,38.94586399623326,76.07140195745748,2.000738405412989,38.94586399623326,,,15.31200987901637,0.6904761904761905,53.58669,,,,,,,,,,,,,,,0.13964339665004186,zs,base,672,S0,B,F5,0,chronos2_zs,,True
all,317,0.95,186.0,6.866568676680797,9.379003581525707,0.29824467594935344,8.374530856892214,6.520083291190011,0.14285714285714285,2.7243623882605243,0.7886435331230284,24.061588,28.0,0.21739130434782608,0.2777777777777778,0.17857142857142858,0.3316632637647444,,,5.0,13.0,23.0,276.0,0.21052631578947367,0.3076923076923077,0.16,0.13488801888057164,zs,base,672,S0,B,F6,0,chronos2_zs,,True
op,240,0.95,186.0,7.068597809473673,9.591813038265679,0.3070196720324431,8.374530856892214,5.490873718261719,0.1,2.7878324960779257,0.8541666666666666,27.713573,28.0,0.21739130434782608,0.2777777777777778,0.17857142857142858,0.3316632637647444,,,5.0,13.0,23.0,199.0,0.21052631578947367,0.3076923076923077,0.16,0.13488801888057164,zs,base,672,S0,B,F6,0,chronos2_zs,,True
peak,59,0.95,186.0,8.374530856892214,11.15669864257599,0.3637419735018238,8.374530856892214,,,3.351525723732124,0.8135593220338984,32.051594,,,,,,,,,,,,,,,0.13488801888057164,zs,base,672,S0,B,F6,0,chronos2_zs,,True
all,336,0.95,181.0,5.119054794311523,7.130308884221558,0.2367433048890522,9.81580301920573,7.6328125,0.6428571428571429,2.029138806131151,0.7321428571428571,19.13153,34.0,0.6101694915254238,0.72,0.5294117647058824,0.7010477460453789,,,18.0,7.0,16.0,295.0,0.5833333333333334,0.7368421052631579,0.4827586206896552,0.8285744190216064,zs,base,full,S0,B,F1,0,chronos2_zs,,True
op,240,0.95,181.0,6.194491068522136,8.239663529496973,0.2864795058058919,9.81580301920573,9.713638305664062,0.6,2.4472216717402144,0.8375,23.451305,34.0,0.6101694915254238,0.72,0.5294117647058824,0.701047746045379,,,18.0,7.0,16.0,199.0,0.5833333333333334,0.7368421052631579,0.4827586206896552,0.8285744190216064,zs,base,full,S0,B,F1,0,chronos2_zs,,True
peak,60,0.95,181.0,9.81580301920573,12.023972293048947,0.4539560016995753,9.81580301920573,,,3.8252932287145542,0.7,27.160881,,,,,,,,,,,,,,,0.8285744190216064,zs,base,full,S0,B,F1,0,chronos2_zs,,True
all,336,0.95,182.0,5.654426620120094,7.920668101745991,0.2762620415554794,7.846635387789819,9.066632952008929,0.35714285714285715,2.230276477147662,0.7529761904761905,19.774319,42.0,0.5555555555555556,0.6666666666666666,0.47619047619047616,0.7400881509008812,,,20.0,10.0,22.0,284.0,0.5172413793103449,0.6521739130434783,0.42857142857142855,0.9239305768694196,zs,base,full,S0,B,F2,0,chronos2_zs,,True
op,240,0.95,182.0,6.582516352335612,8.860565207141924,0.32160633221374096,7.846635387789819,10.254986572265626,0.5,2.6086833752526175,0.8166666666666667,23.644762,42.0,0.5555555555555556,0.6666666666666666,0.47619047619047616,0.7400881509008812,,,20.0,10.0,22.0,188.0,0.5172413793103449,0.6521739130434783,0.42857142857142855,0.9239305768694196,zs,base,full,S0,B,F2,0,chronos2_zs,,True
peak,62,0.95,182.0,7.846635387789819,10.11110279431643,0.3833682276216798,7.846635387789819,,,3.1750784952580715,0.8064516129032258,29.642788,,,,,,,,,,,,,,,0.9239305768694196,zs,base,full,S0,B,F2,0,chronos2_zs,,True
all,336,0.95,182.0,11.510357402619862,19.581737697432292,0.5909973493150196,17.02092275619507,10.768934522356306,0.5,4.684028845363193,0.7202380952380952,32.89692,63.0,0.4536082474226804,0.6470588235294118,0.3492063492063492,0.6802297973754577,,,22.0,12.0,41.0,261.0,0.4050632911392405,0.6153846153846154,0.3018867924528302,0.978059070450919,zs,base,full,S0,B,F3,0,chronos2_zs,,True
op,240,0.95,182.0,14.972231515248616,23.014897061083783,0.768746688684812,17.02092275619507,13.501121520996094,0.4,6.1256095116226765,0.7625,43.036156,63.0,0.4536082474226804,0.6470588235294118,0.3492063492063492,0.6802297973754576,,,22.0,12.0,41.0,165.0,0.4050632911392405,0.6153846153846154,0.3018867924528302,0.978059070450919,zs,base,full,S0,B,F3,0,chronos2_zs,,True
peak,80,0.95,182.0,17.02092275619507,24.36157407115632,0.8739363931060379,17.02092275619507,,,7.314827876620822,0.7,47.303566,,,,,,,,,,,,,,,0.978059070450919,zs,base,full,S0,B,F3,0,chronos2_zs,,True
all,336,0.95,184.0,21.57230181921096,47.581302446789714,1.1397777795836075,9.394217504213934,38.601588112967356,0.35714285714285715,8.473082347774001,0.6547619047619048,30.799238,61.0,0.8225806451612904,0.8095238095238095,0.8360655737704918,0.7529603254633029,,,51.0,12.0,10.0,263.0,0.8037383177570093,0.7962962962962963,0.8113207547169812,1.0171456166676112,zs,base,full,S0,B,F4,0,chronos2_zs,,True
op,192,0.95,184.0,8.353636185328165,10.180054000848065,0.4413663865153018,9.394217504213934,13.344205856323242,0.625,3.1759842687182953,0.7760416666666666,26.5435,61.0,0.8717948717948718,0.9107142857142857,0.8360655737704918,0.9491338343582524,,,51.0,5.0,10.0,126.0,0.8514851485148515,0.8958333333333334,0.8113207547169812,1.0171456166676112,zs,base,full,S0,B,F4,0,chronos2_zs,,True
peak,73,0.95,184.0,9.394217504213934,11.024231665132689,0.49634575195601693,9.394217504213934,,,3.5656620043053477,0.7671232876712328,31.62875,,,,,,,,,,,,,,,1.0171456166676112,zs,base,full,S0,B,F4,0,chronos2_zs,,True
all,336,0.95,186.0,15.488699697312855,36.07270511639782,0.795690046504541,38.90733246576218,24.76879828316825,0.5,5.745070541220366,0.5982142857142857,39.868305,36.0,0.6956521739130435,0.7272727272727273,0.6666666666666666,0.610052763875191,,,24.0,9.0,12.0,291.0,0.7450980392156863,0.9047619047619048,0.6333333333333333,1.1068651165281023,zs,base,full,S0,B,F5,0,chronos2_zs,,True
op,168,0.95,186.0,22.0502378372919,46.42446591107668,1.132771317997398,38.90733246576218,36.83925083705357,0.7142857142857143,8.17000313511601,0.7976190476190477,45.7123,36.0,0.6956521739130435,0.7272727272727273,0.6666666666666666,0.6217341748393549,,,24.0,9.0,12.0,123.0,0.7450980392156863,0.9047619047619048,0.6333333333333333,1.1068651165281023,zs,base,full,S0,B,F5,0,chronos2_zs,,True
peak,42,0.95,186.0,38.90733246576218,75.36572931172144,1.9987589522715652,38.90733246576218,,,13.844858294693882,0.7142857142857143,60.199406,,,,,,,,,,,,,,,1.1068651165281023,zs,base,full,S0,B,F5,0,chronos2_zs,,True
all,317,0.95,186.0,6.211909946959102,8.20100067899093,0.2698100254132952,7.30648157152079,5.224826812744141,0.14285714285714285,2.4545846922373378,0.7697160883280757,21.983027,28.0,0.39215686274509803,0.43478260869565216,0.35714285714285715,0.39260812097414693,,,10.0,13.0,18.0,276.0,0.35,0.4666666666666667,0.28,1.1457162925175257,zs,base,full,S0,B,F6,0,chronos2_zs,,True
op,240,0.95,186.0,6.343297417958578,8.315222228529604,0.27551674962405276,7.30648157152079,4.5488739013671875,0.1,2.4924724638903584,0.8791666666666667,25.501415,28.0,0.39215686274509803,0.43478260869565216,0.35714285714285715,0.3926081209741469,,,10.0,13.0,18.0,199.0,0.35,0.4666666666666667,0.28,1.1457162925175257,zs,base,full,S0,B,F6,0,chronos2_zs,,True
peak,59,0.95,186.0,7.30648157152079,9.701339751524511,0.31735198921530283,7.30648157152079,,,2.971813246445018,0.8813559322033898,31.433039,,,,,,,,,,,,,,,1.1457162925175257,zs,base,full,S0,B,F6,0,chronos2_zs,,True
