ts,hour,dow,month,weekend,holiday,shift,tou_season,tou_load,billing_hour,y_d1,y_d7,y_d14,y_dow4w,prev_day_max,prev_day_mean,prev_day_op,op_days_7d,op_lastweek,prod_day,prod_missing
2021-09-01 00:00:00,-19.321081845277902,1.8148209436024656,-1.6021981636083658,-0.03981582812276148,-0.07375842606511664,0.10813735271688435,-0.38913322345027623,-1.0156823511074533,-0.014719504035418352,-3.7036608414177117,-2.761799256841249,-1.9184838058655922,-21.864509505822678,4.102673905813236,0.0003317767506683433,0.012241653496309762,0.8023790304874034,0.0556864094888772,20.84935158786871,-0.009466894099610934
2021-09-01 01:00:00,-3.838356619897424,0.7341528935278702,-2.0728305941082756,-0.028555474334620905,-0.13039325450151149,0.04379864806455009,-0.3766562035106603,-1.7110874491100907,-0.006197301321833851,-2.3253794455839554,0.24175461045006633,-0.3645079010199617,-8.58641035781147,3.8862111012737635,0.855761459479781,0.018178179941908713,1.0866584132012782,0.04231146359319339,25.85203411354086,-0.025759444818887815
2021-09-01 02:00:00,-2.3324907729556097,0.5220561836327854,-2.004711687597996,-0.028968585555207968,-0.12890952861228608,0.013241416554012102,-0.41849784778019583,-1.9154864489523973,-0.005780554277182811,-1.574306291306144,0.17106205031330024,-0.6232912771379417,-8.807630794040591,4.147929302343655,1.111749433112746,0.018178179941908713,1.1692549289963239,0.04277330715928878,26.56129606772668,-0.025947719615009513
2021-09-01 03:00:00,-3.2281016977331816,0.9414753445403466,-2.191227318083181,-0.03165942464399012,-0.12493268892091414,0.05587944199066196,-0.17689915538778755,-1.8391219143139819,-0.0004413649507195464,-2.9485258727932386,0.6101208507373325,-0.914586229931235,-9.154913809027578,3.88195592172927,0.8905792387538596,0.017678175533308697,1.1113939474030663,0.06924581449463423,25.5705815963906,-0.027237067713840046
2021-09-01 04:00:00,-2.8476449967437847,0.7562279710680312,-1.8762641355735319,-0.029408088311037067,-0.12706225904305857,0.03019605491265334,-0.2871841035943437,-1.7116938679810323,-0.0038200040961838483,-1.6451912446371038,0.8564181235341924,-0.9114157523286003,-9.178003151572847,4.2310114937081105,1.2928154868890205,0.018178179941908713,1.2064276912768481,0.06417281344510194,26.69104601659923,-0.02554837589985957
2021-09-01 05:00:00,-3.6047731861332313,0.9804030472646432,-2.329773521720673,-0.027043934048936902,-0.12761634758603857,0.07338041747431427,-0.1207342096544206,-1.760843934748908,0.007858045964589421,-1.2170177628266232,1.0953322481969856,-0.15445761196791855,-8.941440162568544,4.1733884653761395,1.096149400258232,0.017678175533308697,1.1936458839046507,0.06471586810826203,26.580372298750138,-0.007389900400828555
2021-09-01 06:00:00,-0.8297039411247608,0.7669108742791374,-2.164286865986757,-0.028745865043433207,-0.13088612155502555,0.002545011387592974,-0.30480951874288814,-1.7027978451295325,-0.00515985040715967,-1.7737484748579668,0.10534841808705508,-0.7660367179448995,-8.349719621987692,4.16796112358952,1.3302105011803882,0.018154386274058965,1.061585203389447,0.025037102039784778,27.274530234655664,-0.027987579020752874
2021-09-01 07:00:00,10.658931214924436,1.3724880243629254,-2.2593310115775496,-0.017296280212074477,-0.14624668278211497,-0.10193364461363742,0.06159475161625392,-2.709632895613282,0.03416313186995575,0.3937997459027433,14.201211023265833,-0.3857520560953687,-4.129089272128667,1.0299262099122957,0.28634868256623264,0.017162629103390045,-0.11780167035570188,0.07236214423007854,32.962811882245674,-0.016955234955855346
2021-09-01 08:00:00,10.004592234037418,1.0238780631655964,1.0803044243550513,-0.032596623812440745,-0.15681397107096237,-0.03636136145157892,-0.4128157134879399,-1.0580626399820428,0.07864344285886614,1.8606656206848509,10.099468282829974,-0.04962855793705343,13.357949441739114,-0.41119124003927204,-0.215698072286199,0.007080000000369377,-0.3432010160510406,0.02672015801126176,42.877756119629616,-0.0020477971034058027
2021-09-01 09:00:00,9.593183519081121,1.1830114820465296,0.37979744656354514,-0.027469088425290767,-0.14763867874128536,0.4607280174877219,-0.3400352549222117,-0.10423169074689584,-0.07961188570796505,4.196558803724761,10.088599847615908,0.22585719811717767,14.01081481787888,0.310029251898708,-0.41649743061447464,0.005777742701133132,-0.2629475749351809,0.03124945147142701,44.32409957722539,0.00023826553655043503
2021-09-01 10:00:00,8.845257393219429,1.2942260955155556,1.6977782302946072,-0.036973036663422686,-0.1523938869280528,0.4412615302919399,-0.2577829210481646,1.575300274619922,-0.09023241312041377,3.444272746030524,9.624995759991254,1.4915716810696995,13.27708055609964,0.18688624848826382,0.17665039060017715,0.004614255508257108,-0.2464047854371013,0.023690446309305675,44.23292356051755,-0.0029383989301136498
2021-09-01 11:00:00,9.483990042457254,1.1312344622718398,1.6502979146074341,-0.035913978288312234,-0.15128389076094653,0.17782597251466145,-0.29846992833343033,1.2438105095512577,-0.08471975219783187,2.8800292551769884,9.719602351802044,3.328526406254955,14.408813338972529,0.27310288258901166,-0.014832483616061584,0.0055063971193214595,-0.20890378260467085,0.020545577174081262,45.16083347244337,-0.0005125167188017772
2021-09-01 12:00:00,4.61512268853417,0.8137236331043984,-1.1032113466906182,-0.029976471256878877,-0.12778924371396103,0.23974573557065232,-0.0831960709008346,1.9845950093676905,0.008842038189746307,1.39297618129753,-2.698567879380021,-6.614579533802862,-7.444639291995219,1.7713873716254487,-0.36315997861503324,0.00639494225165043,-0.04330813818935358,0.050984841990039595,33.78654253079446,-0.02553860914885013
2021-09-01 13:00:00,8.217767688521379,1.2777074376269455,1.569473620165225,-0.03323396112034743,-0.14457802306781467,0.47862988989650174,-0.28437341850037046,1.5923294505423862,-0.07823596030681071,3.6037848489783584,10.047653616699229,1.6277743456594203,12.234198164788635,0.03860238316243451,-0.30029573162796447,0.006441076228273575,-0.1938676196125879,0.014167108643436545,44.67024725276892,-0.0006127323022856908
2021-09-01 14:00:00,7.716251452509213,1.2485076093156902,1.872221699043214,-0.0355767751803488,-0.14435614196154514,0.1207885114884507,-0.2969306913325158,1.6016512922862545,-0.07978831479168663,3.164448237680711,8.994733691025667,2.9097285785727247,12.175731448594755,-0.16120622582330316,0.11051374163067135,0.004958214122004362,-0.35355870846781284,0.015503916122015422,43.90429093891713,-0.003540971055517898
2021-09-01 15:00:00,7.623081587624838,1.3133806302471975,2.9789630816709463,-0.030023733019039878,-0.13576753270972244,0.34899390813437475,-0.2795221603497721,1.9644574784499114,-0.07846812489393358,2.014998943987198,10.490530082208883,2.1341282014342027,14.52881928927524,0.6213400670575399,0.09972994240694617,0.004922866125857104,-0.12104243722111906,0.022276082607960823,44.824475144854794,-0.0027329168027397134
2021-09-01 16:00:00,5.667842769403753,1.1399959968001523,2.5844531126731423,-0.034817781508050594,-0.13641447393775297,-0.07285207296111734,-0.278945023091684,1.4097811952484445,-0.07897216471836285,3.393116652709185,8.402981083402345,2.5555661680035926,14.367466652511,0.6106191946547848,0.19841153305333598,0.0043374005776487205,-0.2675498496717627,0.01544706352244734,45.1856576268184,-0.004207692850856974
2021-09-01 17:00:00,1.7887467271727029,1.218247108460013,2.3908931654385124,-0.034422566193865176,-0.13759582555353836,0.20537030991144875,-0.22598585570341317,0.07767358212376005,-0.058156364877654056,2.452513075759808,9.705043695883331,-1.462355785148504,12.248417328893055,0.6714610989771695,-0.0177591915358966,0.005547811505867577,-0.15893942704113787,0.016806136671017605,43.1261528725412,-0.007261696443695599
2021-09-01 18:00:00,0.8151314055091846,1.3535681208505792,2.5192113104099056,-0.03911934372661029,-0.14237841752059846,0.02182367345493307,-0.4407628963880086,0.353226434222248,-0.04570391386625202,2.876874447974448,8.926882495252835,-0.3799976173973481,11.25533742581341,0.4162790677620316,0.09174328394680448,0.007254399010517981,-0.13550779997888923,0.013542371634634398,42.36011059898775,-0.003781352614363865
2021-09-01 19:00:00,3.619344876517354,1.2620498197253665,-1.0517859521561932,-0.028755725243788582,-0.13694994369992652,0.08597530632041685,-0.11310929216981211,0.04418759520808604,-0.06072587030145154,4.6986589578342155,6.027597864670368,2.6179620066462896,0.961033510657092,0.8798663342237473,0.5303221299763999,0.006363948109547346,-0.14905465499581189,0.022894317035705117,37.82052414743593,-0.0058765498047579
2021-09-01 20:00:00,-2.9917534818337157,1.147487265879409,-0.8697155114084687,0.027834699033884715,-0.12635260009527263,-0.02854207961664332,-0.2327780284105051,1.5472631805326964,0.025102348045316913,3.7519533511640653,1.3648950337835408,-3.4798508741161718,-5.754324215308503,1.641044763059884,-0.004918686149855699,0.006447057514439916,0.08096648879658876,0.049790335620524324,31.370762632085697,-0.013098505790926121
2021-09-01 21:00:00,-3.5632371973544505,0.7188525829446437,-1.0953290893936765,-0.01871829718519316,-0.1337951786766854,-0.004617452438602857,-0.15142921245498042,1.6415545014150272,0.009910161028419165,-1.0798378497580416,1.2263436417335287,-3.0954682986202764,-5.065260560908872,1.8673984823520158,-0.015716152891709592,0.006447057514439916,0.7231993295044761,0.011249807167444902,30.68587961660534,-0.029807663455888173
2021-09-01 22:00:00,-6.324847468315139,0.47902691318301505,-1.2661278492751902,-0.044636880352386395,-0.1255388050130802,0.06875082869658838,-0.12453624754234312,0.7502366281368789,0.01497697796456232,-2.641105223164502,-0.5510486451785064,-3.122106186787412,-6.682292440001096,1.9477378468786986,-0.4493758185564734,0.0064170929867081155,0.7044941432514519,0.015495773501958281,29.44578221021702,-0.0325959737920048
2021-09-01 23:00:00,-5.187820131827227,0.4002406176566636,-2.616262351153699,-0.0441301956954576,-0.12021710034936609,0.0442059938131974,-0.19426094839486296,-1.5792003877042076,-0.1131604331563578,-1.1924095412374731,1.0253430314298637,-0.9907391823864844,-7.481933278841305,2.0744891890806207,0.0068762427588969915,0.00648846082725743,0.8154045450692582,0.024470972370341914,29.08618271881434,-0.030920016968189894
2021-09-02 00:00:00,-18.862313348637713,1.8031542884829839,-1.924826237917579,-0.017069258296749417,-0.08144712441648308,-0.12418835171584904,-0.2756341333746058,-0.9322093772421843,-0.062435797560589215,-3.745400306891804,-4.603807055321557,-2.596164246544384,-21.54460733387552,4.450188511974101,2.1745141027908006,0.012309936348936908,0.3387325511041796,0.053173624512629164,21.625501478529692,-0.009322154864750729
2021-09-02 01:00:00,-3.429146365174099,1.1168894404471597,-1.9064920456437724,-0.01496999358850383,-0.1317516940737899,-0.09299531140080762,-0.41315871752218,-1.5792007373476724,-0.06659584038566904,-1.86126607926078,0.2874012927168631,-1.6825934388330028,-8.038515388719711,4.0064015297890965,3.1606765932439047,0.018246462794535855,0.8436323820355401,0.04169336974248173,25.747544183346108,-0.022540038197236066
2021-09-02 02:00:00,-2.370786046488481,1.2068490005056771,-2.3497189738468105,-0.0146888436714428,-0.13359440844353188,-0.008919712002833688,-0.4350552246970306,-1.658672143698113,-0.06689847644038108,-0.6506653568383175,0.19727720735794355,-1.589266366486593,-8.084734730048638,3.872195860712112,2.7680824399633304,0.01834157679326263,0.8328923454101016,0.037692856002994324,26.071143597371993,-0.022389091493477353
2021-09-02 03:00:00,-3.348867024242336,1.1405708037589248,-2.206421592722395,-0.01869763642222148,-0.1303546958970605,0.00795327264404825,-0.32578589715659145,-1.5652778025180045,-0.04626535694160798,-2.793194426029889,0.33919357509686393,-3.083399811743557,-9.365387286097443,5.135797879528664,2.9091821717326347,0.017727165751400382,0.6002677514431547,0.045523262022464435,25.552248756428586,-0.024550049284024544
2021-09-02 04:00:00,-3.091737476220668,1.1143005132215416,-1.9813823199487652,-0.01476889605890512,-0.13223424905183875,-0.025970370423789753,-0.3597047929404676,-1.748444168602767,-0.06858565210483555,-2.3717138784443805,-0.5244329968637241,-1.3593862653463356,-8.643786456144108,3.6383422576879734,2.737275847793774,0.018246462794535855,0.8498678303595117,0.03835972843561651,26.01103154002807,-0.026743225971076753
2021-09-02 05:00:00,-3.9973113691580195,0.9618638908349255,-2.1849898213526617,-0.01421563297162003,-0.13130435254667047,-0.06718140728795675,-0.19864234475370982,-1.629279767818409,-0.05187176184331468,-2.400518522943235,-0.2031940913306983,-0.9717065937043884,-8.001291771968509,4.080366105285952,2.697221418721547,0.018246462794535855,0.7840606443386973,0.04066372089269982,26.011034604060622,-0.025673213723433782
2021-09-02 06:00:00,-1.4832667728544013,1.364790350590525,-2.113607033749025,-0.013800029653042528,-0.13997557230341617,-0.02049397220267693,-0.3241470886496645,-1.4765636568085634,-0.06335419050690809,-2.79629347387243,0.22548825517149165,-2.994794311625728,-7.969074433400271,4.389942427362671,2.0971299268045223,0.01818292455187203,0.7264731742971919,0.025554293542323806,26.46245726071762,-0.027857313819956563
2021-09-02 07:00:00,10.65643803231031,1.0069029153863758,-2.6500259771591947,0.05824158159767397,-0.14180143500901923,-0.18153334215064623,-0.20233973944473457,-2.335085062352183,-0.04983158270514681,0.8028368543679335,10.502779829237308,-1.297162282424442,-3.078509348450543,1.653421949644231,1.016495483970726,0.0173598561606712,-0.1623785992675669,0.03854564639279545,32.22224316274364,-0.023123939233723752
2021-09-02 08:00:00,11.457978894583164,1.6817180074384888,-1.537193396241562,-0.023553981711874263,-0.1496855231543024,0.03297972288573085,-0.14278661823088298,-0.5980331650910795,0.04451508244116699,9.640968125464232,8.446943594383011,4.070147741309363,17.307248660234134,1.9554662848184339,0.7038814401949954,0.0029932569977707754,-0.36000480292843773,0.023392354720620387,44.68813462395122,-0.0009715266164407792
2021-09-02 09:00:00,10.481153706179489,1.8151521055428383,-0.22895156990506996,-0.02495589835241548,-0.148224836904269,0.1884818906963313,-0.16057752466529482,0.24900173518174387,-0.04053858703217675,3.6592998517622823,8.88453247538267,4.255671851176458,15.38265873106927,2.2529204230285327,0.7193107467175567,0.005264240153057476,-0.22988007805198904,0.02955346477418841,44.44383084337169,-0.0012343945258984827
2021-09-02 10:00:00,10.022005489395033,1.8424943973131735,-0.7393234647767878,-0.026880002106814373,-0.14785060447717308,0.49399851900188574,-0.14120135786759733,1.1581669474312069,-0.04059384064171697,7.9765730796067436,8.224584319499774,1.3023191647830743,15.113637116890855,2.4090655049305996,-0.49730601281553566,0.004639294773047002,-0.28900724974255576,0.01701654874790737,44.594214391172926,-0.0027924021266455064
2021-09-02 11:00:00,10.74082855440023,2.160503992032043,-0.07096718372185899,-0.023482880880168255,-0.1499071005517087,-0.051401027602083066,-0.1788753833512319,0.655650240658042,-0.04153317659948766,4.606817577802018,7.688066268720367,3.5130710396474076,14.944206203299874,1.808542646679226,0.07286213784434055,-0.005408131335378909,-0.37312100111827917,0.011578219949818822,44.589558534230505,-0.0011168417294678055
2021-09-02 12:00:00,4.890299502582184,1.5243064351882647,-2.2756433892028345,0.03520908118901904,-0.12929802400136367,0.4846870521669242,-0.12534086908369624,1.5440449881178429,0.11589842620079854,1.1142691884967906,-1.2356114043105495,-6.170123462408903,-6.461014604392553,2.147444611058616,1.8319987674608578,0.006463225104277574,-0.2951668454779508,0.05388052466196019,33.5661397610958,-0.02678905767562791
2021-09-02 13:00:00,8.805150869243631,1.7548670901750074,-0.5676399661887322,-0.026755848044958345,-0.14531137778722256,0.3553517161068448,-0.17597299175791212,1.4533913095453448,-0.026249567333071273,3.8215903693747575,8.781242507718726,0.026584147767864275,12.67374323485272,2.2663607292489156,-0.6387853532186831,0.0038211995691311423,-0.21824078807653033,0.013396745531157666,44.08194075503835,-0.003862964149544754
2021-09-02 14:00:00,8.844563930427077,1.7710396426331463,-0.20096919744537364,-0.025912169759198706,-0.14393496653994522,0.14774174380840827,-0.17712374063542832,1.1745299424847386,-0.026029113984602417,5.153762919435883,8.15257041971888,3.3039383283971446,14.232074575572662,2.293580905344489,0.3862874446427087,-0.004952406509113718,-0.29839808045424937,0.01703478380674312,44.44894912846062,-0.006643316814346948
2021-09-02 15:00:00,6.685765955703508,1.9843818360602117,0.06061363495366816,-0.02614586546007033,-0.1402202981027279,0.10807634158873987,-0.12794610006019685,1.199679500015954,-0.035987916564190675,3.9605983425021227,5.888346469367992,3.9938278755114207,13.86524991642671,1.722630649933752,-0.39195288065709616,-0.004952406509113718,-0.2708418119570532,0.024015092732744447,43.53928504671562,-0.004767205784992265
2021-09-02 16:00:00,3.8656888526517705,1.5511715562885753,-0.18624541985153714,-0.026477842158715494,-0.13950286070104154,0.3961995070107097,-0.19433903500189925,1.4248390815042102,-0.02343958356693861,2.6684600811950268,8.739191308289163,1.076881064571497,11.58876588273006,1.9599624522527703,-1.2149396060596134,0.005697346677380196,-0.21206344225623483,0.01596286513640022,42.85875784294833,-0.005721619357053845
2021-09-02 17:00:00,4.515674472143621,1.2989530923435073,-3.837485172969708,-0.012476687351479344,-0.13069304671589338,0.08683772714872616,-0.27300179305191163,0.20289050211226511,-0.009367924505185357,5.808909324196635,8.436728927622461,1.5708061694393876,1.1103874103676543,1.6061857573608003,1.869259720712941,0.006230952253042913,-0.2814785398046529,0.024527364948761614,38.586407837724785,-0.006970971119885634
2021-09-02 18:00:00,1.2542010364538212,1.1722125394679717,-2.1008177863876485,-0.011023636523321527,-0.13376687881949614,0.22439044812008052,-0.3722717599224696,0.1411187943742949,-0.0024483578774316104,4.4743644410221535,9.442228576478186,0.9468303095654206,4.8905688138360155,1.7150379848221633,2.060371675684096,0.006471731716751921,-0.37643580972034135,0.017814140035150618,39.154961874465705,-0.0047343545965176275
2021-09-02 19:00:00,-2.002246447036436,1.1925640919504523,-2.082568010435174,-0.011089398198940448,-0.13332606494867477,0.01455680229437693,-0.21395395008419096,0.19782099426760172,0.003586171572169097,5.058802134179055,9.756681008249007,2.0166159896596785,5.457006897006835,1.7720943055991123,2.1630654397733506,0.006437155888082155,-0.37449902018816933,0.018023063997084962,38.68997606764433,-0.006522318623647318
2021-09-02 20:00:00,-2.9939153084630505,1.1656701517244832,-1.2220817639964685,0.048764075380817215,-0.12770766921475396,-0.09840265897694785,-0.2791122177984666,2.0313736426595836,0.11574038549332945,0.9147698398627122,0.30727035263694646,-0.817403732188427,-3.6607269145063577,1.7159699955026113,2.3442663283878455,0.006486588292817212,-0.24008378798623797,0.04384665649840793,32.112380296372606,-0.02833738160328555
2021-09-02 21:00:00,-3.8265406316508255,1.33300357365071,-1.5205617287417397,-0.001402437548055581,-0.13660165138994357,-0.08393204104431247,-0.21043508740508696,1.5309997005101916,0.1082036359815694,-0.11744143894206081,2.1872376663562325,-2.8096142779482625,-5.100207199842273,1.934475050316633,1.7988024165866898,0.006486588292817212,0.6368865218040021,0.007436739427546372,30.890398893053533,-0.029156246783741884
2021-09-02 22:00:00,-5.9464828599499295,1.17564296188399,-1.8235487927519158,-0.02680156524898827,-0.12794956535218976,-0.005415599055799294,-0.1583817320890105,1.0047343565280837,0.06410460758595656,-2.256802168819177,0.6550286385900893,-2.9612187825411187,-5.732563491362263,2.116616425322037,1.8600877679623513,0.006456623765085412,0.3731469972140265,0.016489514393173574,29.846953535755272,-0.03255086454983506
2021-09-02 23:00:00,-5.979166966004629,1.254698175361168,-2.394875775953865,-0.025458531305030913,-0.12552608717711328,-0.01564098275649249,-0.18502143150694317,-0.9876001556748244,-0.15776189324401638,-0.9805602429034264,-0.471966839959379,-1.4858124907793469,-6.212909656076602,2.217086673475474,1.575947934667841,0.006433334161090979,0.5099983570525847,0.021109625654387683,29.55594739820464,-0.033390317807919276
2021-09-03 00:00:00,-21.062818085328423,0.09601588324664333,-1.9381421860411094,-0.017326403989366523,-0.09639639764804284,-0.041965063965163,-0.4394193123543262,-1.1995474351139326,-0.022498746752302345,-3.6366072823068483,-3.790195783575683,-2.4968778308939075,-19.075810428367593,3.623775881168335,3.2348714680267263,0.011785032378777312,0.3122776520346365,0.06605377871657958,23.369500659519932,-0.009772842493181517
2021-09-03 01:00:00,-3.3461561122046155,-0.07460463022430208,-1.895891061276874,-0.02002419604432881,-0.14932504199067947,-0.01469387961994614,-0.4269510406428341,-1.1670792113713002,0.011376554961232127,-2.634571955758755,-0.0024557806385434263,-0.7883315250724209,-7.780586204339063,4.049835082249846,3.5441598210705516,0.01707911810617328,0.7837340730361584,0.04679455171338123,28.46019388935197,-0.026099438419678208
2021-09-03 02:00:00,-2.3297633042889148,-0.15241203178454596,-2.0095984584667104,-0.02022757604497672,-0.15179929743040332,-0.009191858141901186,-0.4307404299636306,-1.3255401246117928,0.011714567748264378,-2.247238330875009,-0.2055463977435265,-0.8414307243063984,-8.007112649316404,4.063495242311681,3.189741141659099,0.01707911810617328,0.7588326049902951,0.051225232561641916,28.98577670057244,-0.027189503764193483
2021-09-03 03:00:00,-3.161607171691489,-0.07339540385337992,-1.7465863367486612,-0.019791116845457715,-0.1517019708295254,-0.02122554420347222,-0.3625791332947078,-1.2522726438801028,0.015339276899721092,-2.3337380013796705,-0.6714061693187279,-1.3139806776830263,-8.63862939274981,3.55141110416037,3.246751895577579,0.01707911810617328,0.7402614233204949,0.04829332472204035,28.906384949676262,-0.02769212401017749
2021-09-03 04:00:00,-3.076652206370236,-0.022028141211471324,-1.8933019289951796,-0.016812047299328146,-0.14918832266177548,-0.03158393604358879,-0.3518520584067981,-1.1024097537770061,0.019656234152865916,-2.2809140066882523,-0.3146091522907672,-1.2642385806157845,-7.627556025759663,4.009900455048876,3.296050422661366,0.01707911810617328,0.73998210560748,0.047835547299235365,28.911027533813975,-0.026881039066185042
2021-09-03 05:00:00,-4.307181340575235,-0.3485529219460266,-2.307012506674537,-0.01885606548781845,-0.1568537111504574,-0.04758984407482499,-0.20422063236449578,-1.6070640367099942,0.0291828530566652,-3.1216335746853123,-0.5894327735698834,-1.3353821995896207,-7.962560187680561,4.443029707828278,3.8568687791587206,0.016761634809882967,0.48276984744577717,0.06124469117680031,28.708143530636214,-0.028759566041102847
2021-09-03 06:00:00,-2.583532279332488,-0.19876265214064603,-2.648672217192022,-0.016418332703963454,-0.1501059148139082,-0.0774173666650365,-0.3704231991080798,-1.2074045513058598,0.01953052830093304,-1.2628007494010018,-0.3994865348020874,-1.1388551031703829,-7.769590590347029,4.6604361313174225,3.3733363326916455,0.01673784114203322,0.5915889103584512,0.050223931093498445,29.22978501221119,-0.02419388937333421
2021-09-03 07:00:00,8.984507333136243,-0.45993125059176115,-2.5773628079598945,0.05706697530636463,-0.16692071889964444,-0.006923973075039725,-0.2148729619399934,-1.691330257425003,0.18189228963642554,4.505473986506011,0.9841360247381525,0.57104920325101,-4.708322348558657,2.2848533449252657,2.4748602266437363,0.01467413339527974,-0.4270816330536874,0.05134136543854533,32.94251702082073,-0.006491377440393233
2021-09-03 08:00:00,9.742144823019187,-0.38463993001072205,0.7753540370152997,-0.03124101759170668,-0.18087354586101856,0.04077127711537775,-0.17969027582184105,-0.5451687569502022,0.09534673884947636,2.7539994621236175,9.284344261681252,1.678108683215264,14.268202667599553,1.151382524614133,0.875009790060869,0.0045556913662724826,-0.37990833812361113,0.06400743514645676,44.90737116295991,-0.0021086555075390326
2021-09-03 09:00:00,9.689204828203717,-0.5619343556770134,-0.2610094991949677,-0.028802963956497868,-0.17408847036540745,0.3728105435653294,-0.1399353272687536,0.0427243842754399,-0.07842121362304982,7.774434956515805,8.979001204957175,1.98971570778074,14.839259675214262,2.079031986869227,0.6183451257557888,0.004902244847203441,-0.34508653945777956,0.014163872298350783,45.85354073426941,-0.001697725085954525
2021-09-03 10:00:00,9.38413868566805,-0.6850987293032437,0.0035395965858248707,-0.024912862101114947,-0.17347393368958705,0.32034384233521795,-0.23853652987986212,1.3221355212439263,-0.07817169013734289,5.086111575258599,8.965440038121521,0.7625357532615344,12.520911218865807,2.045714776378752,0.5555471034162985,0.0036868344680269314,-0.3898274938485119,0.01492523406253614,45.05513795972688,-0.0027728894343441346
2021-09-03 11:00:00,9.826690417123242,0.13067196851101376,0.49246445926921306,-0.023500505333341106,-0.17256256377126625,0.03116985801365315,-0.2532075861263113,0.4765035947505353,-0.07490737422398663,4.863745393180371,7.876672490725332,3.6715253118883084,14.539348888596894,1.9724195143158152,0.9313627286738823,0.0029614126459114173,-0.43683301737670366,-0.00043650228795927493,46.51728646175071,-0.0020212350912712407
2021-09-03 12:00:00,4.498503222368382,-0.535203512487847,-1.4901290863684276,-0.023706744763800497,-0.1477158026345151,0.11269249023664007,-0.006828147496549144,2.027417652899947,-0.004863447183444502,-2.8981096558815294,0.32799127747021806,-2.9474455489767863,-5.447747701065098,1.3722734873610414,1.8991682213780996,0.00463358205551575,0.19243464848537378,-0.01624413900965341,37.46975818636093,-0.024290317504559362
2021-09-03 13:00:00,7.909960851451905,-0.2810596644656125,0.9656596709931448,-0.02360398363933858,-0.17053248402581672,0.23296974246523408,-0.14575932943506117,0.9250536522958618,-0.07527980720558833,3.583569782472754,8.806993104426038,2.2775878151565006,12.893623976905054,1.4214853959223375,-0.3108908791725981,0.004779240276577629,-0.33259799043645816,0.018663682082712716,45.85861642584007,-0.005055105258667299
2021-09-03 14:00:00,8.461496501953397,-0.22072462519254815,0.9357672819207913,-0.02437172875955019,-0.16224713539705138,0.17715454166348682,-0.19736942928775755,1.3815856730924398,-0.07182869747269843,8.140360002186881,8.175041080504114,4.545345302574686,13.879682424314181,2.055929668918686,0.3583797264738908,0.0035468878504105114,-0.31138905283076324,0.010147918108312228,46.942836776548674,-0.006240968937853454
2021-09-03 15:00:00,7.090476099537871,-0.5767061427282468,1.4706940892573344,-0.02811421220554071,-0.166616061825377,0.378986957085192,-0.041061253905591594,1.5004092285519122,-0.07604168057588943,2.8519699265312815,7.747548954460942,2.985902317979322,12.201509860188741,1.8681707895053108,0.22962122665335458,0.004737274057575583,-0.2904962976664533,0.006144119061949388,45.15105225602338,-0.00505291265457384
2021-09-03 16:00:00,4.368289127893197,-0.5344632027817219,0.3833361359408502,-0.02753400377851735,-0.15674695756902376,0.5056131604169491,-0.15159637033503195,1.7852776984036285,-0.0812703152984444,3.075724433057719,6.671559193895006,3.566882889358298,10.648967750315137,1.8053445894603442,0.9675738540929995,0.00540425982076558,-0.4038291319100575,0.012337328224062936,44.78670261159661,-0.004666287382046727
2021-09-03 17:00:00,2.575520781164183,-1.1900584709667101,-1.329454440126199,-0.024836409248217294,-0.15453322479423207,0.2071032240424223,-0.18536412006997707,-0.2529853486664158,-0.06550538160117246,4.580409873193226,6.988189316983515,2.2828255011118332,5.395652381478793,1.3564647655572615,3.3127148759460834,0.004649633686390497,-0.5243561108026005,0.01709374823353437,42.696626169613104,-0.004817437212165725
2021-09-03 18:00:00,3.537851864084048,-0.9004867987147995,-1.6199418719407632,-0.013607864793538472,-0.1622922364603846,-0.11235219474627231,-0.27131909224647477,-0.20348763311585347,-0.06707696218410106,4.792743712330138,4.382017413195714,1.732156492483705,3.3367538429311714,1.799534826115213,2.6520074009560357,0.004484405779594993,-0.4041931410782605,0.01634376917267266,41.378970743168736,-0.008058564226514974
2021-09-03 19:00:00,3.575621875890466,-1.0247366253123829,-3.2254547536344322,-0.01054266154535138,-0.15604530755905885,-0.05860088299745103,-0.026054332788056148,1.6289346863458967,-0.02981251019069981,3.7224593178628567,5.369002058119961,-1.46177692441189,-4.1834326820437235,1.8684722149521322,2.1168974996960124,0.004512349404367146,-0.3150311197859963,0.023780096500920705,38.066540973681484,-0.012227075093835818
2021-09-03 20:00:00,-3.6155451535519947,-1.102306686975346,-1.0869892818852434,0.04622836527071836,-0.14225433949992822,-0.058021620186287724,-0.13549504544123403,1.0374365353638828,0.00039960281407288385,0.5354419165048873,-0.48513610814933833,-3.006944569136512,-5.879239139723654,2.187171732405194,2.311564693254293,0.004709882130155551,-0.35207998527525214,0.05620904091711241,34.968732501066576,-0.028927474001452777
2021-09-03 21:00:00,-4.402341201322281,-0.8623919638428551,-1.191314795497379,0.04638748232229182,-0.1437893965941039,-0.06335724293222772,-0.15039713860756918,1.43111938677983,-0.013996457061059347,0.33593947624639925,0.18938107259108142,-2.8778422358434295,-4.845445019376244,2.0461457317007885,1.9879601064462935,0.004732823314639931,-0.3369994044488193,0.05821846881029035,34.917719706982105,-0.031009107205572886
2021-09-03 22:00:00,-5.984552460479074,-1.157492204498989,-2.6666116025727145,-0.025541325948463953,-0.1348070262041369,0.006462203864563834,-0.0065952740558148934,0.5061633792831759,-0.019415431369789977,-2.5448733845650184,-0.03898379080284628,-0.6542355070662921,-5.13598199586766,2.132541105890449,1.2070949138766476,0.0046556270569831654,0.3833361202178947,0.02917825973544969,33.94684143604393,-0.03155501646993989
2021-09-03 23:00:00,-5.116188490155538,-0.9336747163308746,-2.089011955292487,-0.026359727238240253,-0.1400062672182273,-0.01495920344690622,-0.023412763248130634,-0.9998944184262665,-0.009338434733277287,-1.7301340954857463,-0.16773101129718346,-1.744897784549647,-6.128906155918227,2.2058548289702533,1.5955714954349074,0.0047512854429730645,0.42759471477704974,0.03580029820478927,33.7145040616434,-0.03384685307955687
2021-09-04 00:00:00,2.9351147000956526,-0.60438121414325,-1.998339084565348,0.09694995986539992,-0.020677600600429738,0.010182180033028697,-0.26180169912112067,-0.4240887536939474,-0.021268542225695734,-5.654341201887966,-1.2901539878560446,-1.0861241323223736,-8.2247805615343,4.160402214666116,-0.6525013269279211,0.011621633294531818,-0.7676360649118736,0.007277523078179599,-11.38853483709205,-0.0080242715900685
2021-09-04 01:00:00,19.793487083819294,-1.469314638954141,-1.7337684442291348,0.08846689048579867,-0.07049416264504085,-0.011196474902961917,-0.29599808505647524,-0.62540835393299,0.005026540826348502,0.4994903041051655,3.6485124151546766,-1.810528590008627,-0.14578447383302215,3.468187333538272,-1.0019291731955922,0.01691571902192778,-0.41945033412911875,-0.009557423781932063,-11.078632709049268,-0.027654352835532612
2021-09-04 02:00:00,20.82280474579834,-1.397674453148145,-2.129420739683993,0.09227087956715094,-0.05352758266305204,-0.05097154347491924,-0.36016751697826704,-0.6741092637697651,0.0006798085770685692,1.5382623364528842,4.145598373710509,0.5836957674129766,-0.0021247257770452047,3.8908467138224103,-0.9970323063578076,0.01695884500723398,-0.5469069222412329,0.03379068739924721,-9.96751970953515,-0.028778515379971337
2021-09-04 03:00:00,19.198861614324432,-1.7668027264149386,-2.1676366700506824,0.09033285166643815,-0.07006132193631982,-0.009453786686109269,-0.2375878512239642,-0.622203005748688,0.00760230471689493,0.23790231623781302,4.061195901069007,-1.1314711083646307,-0.1474718396222757,3.490101099886853,-0.8463069381142261,0.01691571902192778,-0.5741739196040165,-0.014679274980200902,-11.699655171081758,-0.00926455948327163
2021-09-04 04:00:00,19.028573938989787,-1.9231562212461981,-2.44998447693439,0.08617198846641834,-0.04499121368725235,0.012567716714431257,-0.22368476419869318,-0.6060312208760795,0.016299065119988982,-0.08481236132543607,2.9484236555121144,0.8127889138775863,1.0812926752962924,3.612445730945728,-0.7030211280493732,0.01659823572563747,-0.684389471753983,0.03629671352587305,-11.005288522759736,-0.027716082555432807
2021-09-04 05:00:00,17.797526938562832,-1.7480062146445734,-2.728552974164749,0.0886365481860349,-0.047003103500945505,0.027994067754661546,-0.16210923290104104,-0.6361146271055323,0.010219206512048952,0.3005454083343516,3.1453938641908343,1.2881418837167034,0.42651258755261306,3.852702439122729,-0.8994664033893179,0.01659823572563747,-0.7387501756611071,0.03269812332913326,-10.844104075948529,-0.008625194506935701
2021-09-04 06:00:00,17.757759575365732,-1.8403637357071527,-2.6932535792987577,0.08166444768947753,-0.07023163360736291,-0.01662768535709248,-0.14906797240345038,-0.5891116720367472,0.011292888053109025,0.482894646809782,2.551106239571961,-0.06447875345595587,-0.9760649965887084,3.353819341169794,-1.0447819001685492,0.017343635079580425,-0.826666915901904,0.014383572132972262,-12.96169582067715,-0.00951389453499512
2021-09-04 07:00:00,20.56842803233615,-2.619682424164954,-3.782238821140778,0.05985217655700581,-0.05843224358039746,-0.014437837413633354,-0.10863553765724077,-0.6424568076667435,-0.027731217735555303,-0.09284910666696036,2.745409846433816,-1.178584551746982,-1.5540632471632958,3.617272421334032,-1.720082447748379,0.010655130069226375,-1.0086447068832887,-0.057920854818775104,-19.1737958914776,-0.005688176842649867
2021-09-04 08:00:00,-4.580288152409044,-2.9940824305739695,-7.787782902004625,0.09864140767073998,-0.05305696591836349,0.1621220052693632,-0.1099972049170206,-0.504118934304476,-0.04198659804276578,1.3071779502928562,-4.178292547091432,-1.9348229641907608,-16.72396373607143,5.188353290121413,-3.5735590585496215,0.00448390863225573,-2.005978072948017,-0.05152962669851403,-36.76638873415596,-0.0030189511851818657
2021-09-04 09:00:00,-5.707817648346012,-3.1565507441051093,-7.397911751417746,0.10342634861444304,-0.05619139528009217,0.05503908648324209,-0.031182868891728596,0.2104737791579834,-0.003934240735515224,1.0826321552395313,-4.309196171901851,-1.8230709544870645,-16.23673380693463,5.51070406648546,-4.541746281417022,0.004680100954651705,-2.065478975464176,-0.06007020962277535,-37.54479932061489,-0.002672086015266917
2021-09-04 10:00:00,-5.687570512796391,-3.2363106661030154,-6.693460379337035,0.10501950436670876,-0.05686543803372907,0.10479389624801373,-0.044576715555619366,0.23975106510312877,-0.0038430942054059228,1.4230526955341205,-4.512695489428418,-2.485192560779663,-16.85606607984335,5.569967664408523,-4.319858442517053,0.00448390863225573,-2.116313494103156,-0.053228304923948984,-36.94896717624494,-0.002503021099673711
2021-09-04 11:00:00,-4.902682862380911,-4.524954426143202,-7.125747959919056,0.09686659294485869,-0.04781728368732858,0.09631754846185646,-0.028692569757065946,0.10742229097834957,0.0062406727149131175,2.511318443600393,-3.4260331536757307,-1.486026924455233,-16.830976643616413,5.272212756851379,-3.4861127477079923,0.005244486115626344,-1.9624895200954564,-0.024503977843143874,-37.48530288332122,-0.004004349388849023
2021-09-04 12:00:00,-7.21259733030955,-1.8699342058510107,-5.361771297753708,0.12759985028045978,-0.03850777422771727,0.11124299191819974,0.05625943946736151,0.23486875140220656,-0.025221989044004727,-1.181496888994357,-4.55401062431187,-2.4186842502167356,-17.234814395840818,5.131559795085649,-3.5145064005993354,0.004917785776795411,-1.8777187239178217,-0.02593174544625579,-35.273819981507295,-0.0068554524058744605
2021-09-04 13:00:00,-6.118022436262781,-3.1167373652161756,-7.399317840932611,0.10686971802925538,-0.044152556745102635,0.0641760116782419,-0.056081324206066034,0.2803734658369362,0.000601276330232396,1.8082841998354795,-4.26706307275138,-1.940211491565472,-15.587327664859268,5.706125184649392,-4.471255938487556,0.005138926441189256,-2.0726544813854653,-0.03200964335615344,-37.500254508278076,-0.002763385944421964
2021-09-04 14:00:00,-5.21579808468557,-4.441873431813305,-7.2476685792209325,0.0938688316637197,-0.04331845580138575,0.09758283422452761,-0.0640550250926574,0.26210917219090196,0.009643053423867013,2.1335285824590584,-3.4977937737654203,-1.351835255217382,-16.203612649815557,5.371679215550415,-3.9313165089989717,0.005102653967479058,-2.0571627538379755,-0.029670540587206844,-36.87329160694561,-0.004428481792902439
2021-09-04 15:00:00,-5.278688620774444,-3.265590230110794,-6.281469555728444,0.09341981014495002,-0.033751305615107766,0.15961779127549924,-0.08710199709904151,0.301372914648511,-0.005799450761459578,1.393700003896048,-3.806761299061177,-2.575370151067161,-16.462253977605165,5.666201072960584,-3.851522861331387,0.004942734118793281,-1.9873877730771172,-0.038513908799834365,-36.94246041625306,-0.003991904544833042
2021-09-04 16:00:00,-5.671676007624691,-1.5314286668787653,-6.483943507446419,0.09569472995166083,-0.03194031590587006,0.1158396844043519,-0.0923131502925692,0.29792217001168747,-0.0006130650289645273,1.2717295584639283,-0.8722033882082207,-2.117898035069293,-16.414792125405206,5.589509048434429,-4.181737329667387,0.004942734118793281,-1.9851164331888045,-0.03871334710471489,-37.29194782815054,-0.004763685130264337
2021-09-04 17:00:00,-7.1295452609653,-3.0106456462371485,-6.867033939144048,0.11168389211702591,-0.03377324980154404,-0.1228865987643887,-0.06325283151878146,0.19082195198925647,-0.005725094645125532,2.2540364846600855,-1.2086346562043468,-1.0196708438906132,-17.03087240138768,5.069791906484922,-4.54793855947616,0.005880516259053784,-2.2241997145984356,-0.043395551215635396,-38.12091058753864,-0.006249735769096061
2021-09-04 18:00:00,-7.248945670337665,-2.968871702320452,-6.440302617732257,0.1109011142832353,-0.03070897913534814,0.17501903456496481,-0.05790744776249966,0.31101006458960795,-0.0026849127593388538,1.6297967938666837,-1.1387717406405937,-1.1927402070359436,-16.240124391934994,4.9668588175632795,-3.8631669658799295,0.00605735149220522,-2.170783560425586,-0.036573989879632854,-38.82513013560529,-0.0054880827233878635
2021-09-04 19:00:00,-8.850279407459043,-3.024826019918514,-6.178184869489667,0.11191128225122034,-0.031288440131022346,0.10662634863511564,-0.12099704330143622,0.2951299330248557,-0.00714476858240314,2.5767496843039677,-1.4394544059419943,-0.4260627543082525,-15.990489710301928,5.051838521783123,-4.379828741921007,0.006154650181671419,-2.10399330196965,-0.04691842893236911,-37.672951347714026,-0.005353943379103965
2021-09-04 20:00:00,-11.995439485845887,-1.7850524171087572,-5.019805669556331,0.11046181874145901,-0.029598293177020587,0.09217522292939707,-0.02437409824890262,0.2154051192325643,-0.015067412499287853,-1.3112656361819561,-1.739508163681375,-0.7509884044128423,-16.792232493763827,4.570459966216127,-4.060990306688326,0.0060324031502073504,-2.010947765065202,-0.0361657322785598,-33.95125107665138,-0.011083937566741387
2021-09-04 21:00:00,-12.109723565971889,-1.8102282103076457,-5.460245052480145,0.11037610964469884,-0.0288746371230345,0.10245306384638489,-0.03153499699592883,0.16150409034918456,-0.01633347548864365,-0.9779264787095643,-1.7881492628071707,-1.4910005356786502,-17.246153192014514,4.260134265525026,-3.661907607358562,0.0060324031502073504,-1.9379295863925816,-0.03559947724320091,-33.341523009935415,-0.01094342500914534
2021-09-04 22:00:00,-13.192471362374764,-1.6972798914299148,-5.38975158362947,0.11298444810603639,-0.03029082696405993,0.07568990405197755,-0.013105821155179411,0.18952725507539472,-0.0042474283785433505,-1.2698116924819165,-2.180055025478599,-0.7702090372849252,-16.35027123290052,4.404694597366369,-3.511343895489305,0.0060324031502073504,-1.8648732766080074,-0.02681593383025325,-33.562196451858796,-0.01250439417417373
2021-09-04 23:00:00,-13.202619222666982,-1.7477242419663443,-5.420398558674897,0.11515348290394638,-0.028310840669810298,0.09386416003955261,-0.027723103795730307,-0.4066709920190265,-0.016535375446930855,-0.8755177858407104,-1.815046808370149,-1.4932976929986344,-16.34396274246733,4.265890460860439,-3.677639453850605,0.0060324031502073504,-1.925911351848007,-0.04028208618684847,-32.770412756779564,-0.013560154629248622
2021-09-05 00:00:00,-8.545614528170756,-2.1009654265377815,-4.9511617493353,0.05366209314438466,-0.0862312524056467,0.11445174189553385,-0.13841280663005598,-0.3166334972578154,0.033415625223658985,-3.7826119107289333,-0.4779398760574223,-1.0652631745430927,-16.257318028555044,-2.9612270500251228,-1.8254784410730371,-0.02406345877738366,-2.1098454243458136,-0.06179092633575658,-32.807120034545996,-0.009400558394770445
2021-09-05 01:00:00,-3.900172258494519,-1.9558185018824503,-4.929251213838782,0.047715238603685754,-0.09231732158279311,0.10311113115178347,-0.2511398270096835,-0.3256166777742671,0.034773916980138625,-3.2705897148963703,-0.7556811705626657,-0.3726817885615758,-15.6579128354423,-3.284598355859995,-1.6308345216553308,-0.02406345877738366,-1.7903508669056798,-0.10652297166675129,-36.25066747570319,-0.008561107207320697
2021-09-05 02:00:00,-3.8592617637712463,-2.0376337342232413,-5.10209905409814,0.04629763010664827,-0.09491206749314138,0.09840581702738091,-0.19185219078116358,-0.3073789545998354,0.04184836809435863,-3.0550321344500304,-0.5486465998973096,-0.45103181881579346,-16.031370597388136,-3.959948249461175,-1.7555821143706025,-0.02406345877738366,-1.988575851259377,-0.08232897393509224,-36.1498422561281,-0.00891554449540469
2021-09-05 03:00:00,-4.2758968207784545,-2.1143224493183017,-4.941802166765769,0.047518201771124924,-0.08525669762841466,0.11558168277678856,-0.20705248457282432,-0.29553769984594647,0.033287743490820434,-2.156055737792092,-0.9227802025911329,-0.8513914295812165,-15.633568552864482,-3.629378571993757,-1.9137160290155282,-0.02406345877738366,-2.1660238733936823,-0.08242331751898914,-36.140929796175804,-0.008582161901509459
2021-09-05 04:00:00,-4.675717862532791,-2.1196989830605513,-5.1505278715863785,0.052232763125664806,-0.08694441281789574,0.16892351847424666,-0.22122484439490475,-0.3450934934763991,0.05356468407451118,-3.6924683271710306,-0.8640277055407626,-1.049341181750388,-17.78191989502563,-3.257181306224022,-1.7364877057771733,-0.02406345877738366,-2.1027822798263354,-0.07922118989298463,-36.5191411632339,-0.008015526721505871
2021-09-05 05:00:00,-4.629437389385264,-2.0818852114641264,-4.916314238678521,0.051093323924781185,-0.09354399568588129,0.1028249137335411,-0.18038423744246998,-0.28779468051175044,0.04589094965099845,-2.217410956427864,-0.9897708937300695,-0.4602710193805887,-15.591416663854437,-3.663744244974047,-1.9700438812275214,-0.02406345877738366,-2.106774660933537,-0.08415799973731383,-35.857823087926874,-0.008730138816639175
2021-09-05 06:00:00,-3.5761549310161587,-2.03459670967625,-5.545284264094995,0.059418615616514965,-0.09142179125134871,0.10126995117841528,0.051256928231066555,-0.33204516283610486,0.05352533692321667,-3.4663644763320454,-1.492318820421118,-0.689194864269977,-16.099171355275512,-3.0452434896678375,-1.2032366889487285,-0.02403952043134706,-2.344910759497245,-0.08093305295875639,-36.722367563590836,-0.008142085477323216
2021-09-05 07:00:00,6.705203204720653,-2.0213438778541173,-5.7675789310856755,0.06519085393498869,-0.0763788446358765,0.13908996143718222,0.6890178375937568,-0.3559800510949768,0.03849151678598643,-2.9186978362255434,-1.0308659618378881,-0.7213994192221755,-14.84772525274572,-1.7224286844325156,0.2448944502147528,-0.022567342606492048,-5.048955732750992,-0.10239897264666789,-42.88797379156397,-0.009018764048475927
2021-09-05 08:00:00,6.018203957174784,-1.918572316311151,-7.589292862387492,0.07047838436672228,-0.06606320578961257,0.24161217804753443,1.0054402265692168,-0.2676062147629819,0.03968260636789452,-2.8677429884921897,-1.0113377953903138,-0.7959265986210273,-15.237518476622466,-1.2452447555874149,0.5010516963317464,-0.008738728114415822,-5.86510514921506,-0.1477916840731785,-39.39765237195483,-0.009049376156184272
2021-09-05 09:00:00,5.3938688638643635,-2.0035131741602528,-7.300051199939813,0.06602697667398205,-0.07325275443900212,-0.058499710796689086,0.9559490596088537,-0.2703734745701418,0.033858229284281074,-1.5197912323307055,-1.5785688636303756,-0.43399156245788445,-14.584331502320198,-0.6151162429004414,0.268605954394036,-0.008738728114415822,-5.982044350697854,-0.15292800795399977,-38.12588579726999,-0.00935113091453401
2021-09-05 10:00:00,4.885282835455417,-1.9262184623954663,-7.438539489178247,0.07026685063979186,-0.06472228669283574,-0.058248069738613246,0.9701186337595048,-0.3979561132492631,0.04788406135300167,-2.9055681274094205,-1.8346934529466332,-0.8121330330748998,-15.125439071022328,-1.197519172336814,0.454052919502123,-0.008738728114415822,-6.035064755415078,-0.14327791895539785,-38.94991695616034,-0.009168435157594825
2021-09-05 11:00:00,5.050172321835489,-1.9129252067289375,-7.566372465622232,0.07725368398319375,-0.06826983745018264,-0.06711365353328606,0.9014761400947403,-0.37645034743084355,0.03947850085455829,-1.7164060859008579,-2.037712124713013,-0.9419886385170378,-15.0430453935541,-0.4825174998652572,0.3626220042178597,-0.008928936365399352,-6.039972501871816,-0.12426986502085688,-38.5196826794755,-0.009337588700055358
2021-09-05 12:00:00,3.3812770913279384,-1.8278604329218127,-3.843429055830956,0.07436278160153131,-0.06761771336515701,0.3209880805265308,0.6391843229568328,-0.5824365729687093,0.0014096122192109707,-1.9241554443038473,-6.22045854420109,-1.5029749242419348,-14.976487919736824,-1.0106999406296062,-0.038197154093054776,-0.005464956579886248,-7.495640406460012,-0.13530493519648606,-37.3580712126394,-0.009633925600812648
2021-09-05 13:00:00,4.132580815271134,-1.8594867233516696,-4.661096108968463,0.07558137484544201,-0.06998438876441077,0.1027695273038869,0.8225108884036219,-0.6705878095327149,0.025409828984365192,-3.1237111604179386,-6.041029005479444,-0.8791810911371111,-15.113249802748866,-1.5780363021002588,0.04606452370218545,-0.005464956579886248,-7.518288005009944,-0.128098182408077,-38.49310033706365,-0.009320577227387425
2021-09-05 14:00:00,4.934328580920807,-1.7660784481949423,-4.8166281187985645,0.07357335328455555,-0.05871158702802229,0.320668825968715,0.7575412822655287,-0.5806867956844,-0.00876065355195178,-2.197349651913027,-6.026879496520792,-1.093421372989812,-14.74042149141266,-0.8224180218577581,0.09146749890430732,-0.005464956579886248,-7.599966926889841,-0.13392447872811183,-38.00178558374614,-0.011349033794735224
2021-09-05 15:00:00,4.317610623997107,-1.8967503736959912,-4.779312960708433,0.07469157478998495,-0.06256159067028834,-0.18707448603938776,0.8362761128188151,-0.6269681938981905,0.0409469570487738,-2.0985958646119,-6.174439493549209,-1.331635273675517,-16.25632143734463,-0.9777714034304363,-0.06908663855515956,-0.005464956579886248,-7.515052008105455,-0.13014131891346856,-38.33743696987826,-0.011420090286249622
2021-09-05 16:00:00,4.368454801516986,-1.8191944781609029,-3.8088407387702263,0.07143605592347241,-0.06272383444335917,0.3223355576945184,0.7359074842421884,-0.6109610768533966,-0.005792698575519317,-2.977774201206498,-6.039506455221727,-1.2611113508777854,-15.437428289066043,-1.7953391007585908,0.028505628611230883,-0.005464956579886248,-7.518198028991474,-0.12725059345365788,-38.80089528972235,-0.01164652085704965
2021-09-05 17:00:00,3.8194740003578502,-1.814590991427909,-5.046910190313412,0.07584794834211535,-0.05286376103954067,0.2759092906226458,0.766079008716892,-0.5864020533820349,-0.009364276395026138,-2.797877244982534,-6.267317294476978,-0.7321846622181573,-14.430926274884428,-1.6799351153887163,0.10582422718039063,-0.005464956579886248,-7.347400958943998,-0.12668434322567482,-38.100188052799304,-0.011565829811840504
2021-09-05 18:00:00,3.8820378680474197,-1.773327726872052,-4.764196357166517,0.07639177501497296,-0.05575683238040548,0.07289853150244391,0.5979235895638494,-0.6953821626106033,-0.005108009336316514,-2.087043523552274,-6.42339486536834,-0.8448775250612388,-14.426357584631345,-1.1304311729518663,0.13308533735858583,-0.005679302317039503,-7.037361077631347,-0.12508970171936765,-38.258546124321796,-0.012321052542142467
2021-09-05 19:00:00,1.7698102544908554,-1.838811194196854,-5.8663347758632245,0.07507129912331768,-0.06076435489459489,0.0435016721494573,0.6709100880607259,-0.7202778262570525,0.030940093385273367,0.5250122521813502,-4.930489655666228,-0.6724900721348976,-13.692586381736817,-0.4159700403556681,0.6665615655312545,-0.005679302317039503,-7.324887287383584,-0.11884933019534076,-36.09514154836454,-0.011968416232509157
2021-09-05 20:00:00,-2.1702635155088603,-1.8495055995736225,-4.950239510724558,0.0734707283705549,-0.06720846823862692,0.05874833811178209,0.7239777793758506,-0.5775899394158682,0.02252298223775239,1.4528328280208733,-5.09590886692975,-0.7553177979750393,-14.001162915733664,-0.44764505622708983,0.5053255566479412,-0.005679302317039503,-6.831349941068787,-0.12595721328846993,-34.71879856616947,-0.011382654191865358
2021-09-05 21:00:00,-2.1080230567872205,-1.8586743053172563,-4.748092273883021,0.07277141192381849,-0.06466837279444941,0.03802691512317924,0.5139627519788433,-0.4868660884583819,0.032472272504063426,0.9090345408566372,-5.107277365977179,-0.9384501202290553,-13.6572391004633,-0.6895525754946396,0.4398055160469714,-0.005679302317039503,-6.438622231298636,-0.12440462464737015,-34.79862857088615,-0.011748254584051075
2021-09-05 22:00:00,-2.9518734267413986,-1.7473789862351123,-4.505184600173923,0.07377239790891754,-0.06361319022374454,-0.08244029517939512,0.2853238381030198,-0.4047203278328555,0.003280988456644443,0.21845181267622066,-5.682463704223988,-1.0365729075605699,-14.37637018181566,-1.0337941247385785,0.4823685884225613,-0.005679302317039503,-6.132348724169481,-0.12536937255074682,-34.54545327174739,-0.014118421865927011
2021-09-05 23:00:00,-3.1233222007287407,-1.7858560633769685,-4.6040009607894845,0.07110994566025752,-0.06606562809758669,0.045289701825179884,0.43623842092853465,-0.4724581940097381,0.035771533749097084,0.6938714952912411,-4.90093299331607,-0.7676781749599002,-13.620218722180363,-0.8770303594107403,0.4438340670454528,-0.005679302317039503,-6.215792322368738,-0.12340462048720562,-34.73434332470275,-0.013637486936053779
2021-09-06 00:00:00,-16.365952201347774,-4.124957090431305,-0.9855150582583091,-0.0299535957223155,-0.07173559071543402,0.16794225263689708,-0.28588782453235106,-0.9369553422145028,0.10093026623843433,-3.4757100169906114,-3.9369063843374623,-2.04703982504763,-46.56740549311889,-8.846565624936177,-1.5809269105908395,-0.016495360819992515,-0.538685423455976,0.17532020269018542,11.68877837067076,-0.006675107658787293
2021-09-06 01:00:00,-11.050578596303394,-4.412048809702411,-0.8951563886106553,-0.030173681923562838,-0.07289996951330127,0.08849238541671797,-0.3199062472200628,-1.1816722050312742,0.08276495166199231,-2.893034556485837,-5.15243598344762,-2.0817521954513265,-48.67037256141542,-10.396623955599825,-2.530525259280626,-0.016495360819992515,-0.42321546245294417,0.1823785489677819,11.229117658223334,-0.0076347123309517045
2021-09-06 02:00:00,-10.835346750713143,-4.322228123774831,-1.0454915954883262,-0.02892110450452496,-0.07320187133706856,0.08739908768555506,-0.3675795145382983,-1.1672247300144238,0.08191541125626971,-3.015278074694785,-4.95114946175349,-2.0576732212073217,-48.72781021194111,-10.617325440262595,-2.5894522731468688,-0.016495360819992515,-0.5169752505649142,0.18293802531450407,11.270045662115155,-0.007448062390598414
2021-09-06 03:00:00,-10.687151851538577,-4.214092351266594,-1.4432046099367704,-0.02652753363014373,-0.0725979633149898,0.18498203856525833,-0.18405787008488184,-1.2113516027111844,0.11123157061157,-2.7309719110112276,-3.8931173723787427,-1.5719518593639288,-48.43381367538319,-10.501110406001551,-2.5419022255452046,-0.016495360819992515,-0.715033825126357,0.16682216824521204,11.234393611175939,-0.006362046287524144
2021-09-06 04:00:00,-10.773644383679038,-4.260404909179234,-1.4153190286375423,-0.025542887777114207,-0.07154207917548953,0.2645289361212958,-0.23559113668892046,-1.047950150173139,0.12081598707083378,-2.719739668440303,-4.006505432597386,-2.297254297618102,-48.70676755664829,-10.53060617639602,-2.4608253459114957,-0.016495360819992515,-0.6014409342480412,0.17819177148948587,10.924153552972994,-0.006407639700136511
2021-09-06 05:00:00,-11.786134063561361,-4.18431594931092,-0.9682402204499141,-0.03240020096001076,-0.06972481135714485,0.16638358160465097,-0.18923058090797906,-1.2061868700710139,0.1139109673148245,-2.7253230314658854,-3.9024056748716722,-2.28659881768703,-48.53428121699165,-10.396810972256345,-2.434485253240095,-0.016495360819992515,-0.7100589364941273,0.17265783783034577,11.03605025689128,-0.006496608182823147
2021-09-06 06:00:00,-10.560803868635594,-4.299023568207825,-0.810046524943315,-0.03273994688186462,-0.07697635630963191,0.070627085183553,-0.27849264485694397,-1.1702797446765882,0.08186751701994494,-2.7433728476405115,-5.143499785385922,-2.404257109908908,-49.4619438865755,-10.658902700471975,-2.6725980194095174,-0.016443807872984727,-0.6903574416508088,0.19114116312294896,11.145588691596652,-0.007691444057368672
2021-09-06 07:00:00,10.247612508841472,0.12449178938646292,0.8171809123260255,-0.04082411398287907,-0.08152148003092957,0.2871075498000795,-0.1792185316741935,-3.5820077671012784,0.22231391117739047,-1.4404268623903,-3.9061860657574052,-2.9649437029064916,-4.145367641372658,-2.0661462782649296,-2.4237008579760015,-0.014576841529665999,-0.24737869087858608,0.19157320473150224,25.14075360335725,-0.025307796120005173
2021-09-06 08:00:00,15.576812441697363,0.7993065087200107,-3.4771161752754556,-0.026458612679201212,-0.16665609616976806,0.22519375526366892,-0.0782580664145125,-0.07573398590489663,0.3256433745462923,0.7626513276124688,10.520277312223827,6.472582194725765,23.96063734579507,-2.2974398547373927,-0.9431102130918994,-0.013000925791356878,0.0034368637249960945,0.04577212998267829,41.23859692309773,0.0023191801940596543
2021-09-06 09:00:00,13.636756137151636,0.620841591673381,-2.2642878616739566,-0.01846944842884323,-0.178281918343581,-0.018392359193423944,-0.15688498117972996,-0.028303370158041914,-0.29449383811834395,-1.1954376349316636,9.461867682678061,4.3052502113248305,20.894283991028384,-2.610574244977818,-1.075538163682232,-0.008304206519692554,0.14362355700838947,0.036391777088497765,40.814861155204824,-5.307149338059367e-05
2021-09-06 10:00:00,11.86099765527015,0.6247378092916535,-1.5314475959812888,-0.026930438718819442,-0.1809585273004714,-0.055595224242983236,-0.028070847165282027,0.6722094429371737,-0.35515244180631583,-0.41842681188761416,9.392089960803103,5.800326046033234,20.322105258651696,-2.032295486158605,-0.3484873149998081,-0.01128792756125813,0.21291000865820983,0.03914902474463785,40.3581461506073,0.0025533915502837347
2021-09-06 11:00:00,12.53904394022001,0.4354925996403813,-3.0938557539578797,-0.021621377154721295,-0.1690191688443191,-0.26041880334069134,-0.18661640418049055,0.5627295813394805,-0.23342966620336847,-1.4469401921780083,8.990811049388858,4.348081530107159,21.98660709307252,-2.508481824803622,-0.2881511552881664,-0.008395253456571496,0.1865217679715353,0.030345921284936468,39.56624418987426,0.0015833270788542615
2021-09-06 12:00:00,6.117551549921986,0.5476152354838928,-0.7967868449236866,-0.028861736955237586,-0.16388869596881406,-0.20824096969508474,-0.051947793193893484,0.5469023433799356,-0.06906866800614377,-3.1361998491551386,-2.0660108624108253,-6.825514636305966,11.312632245652555,-2.91723039037176,-1.3373412272078802,-0.005711290825032647,-0.05758377058503238,0.0322030117230284,36.82269644104575,-0.02485260139312391
2021-09-06 13:00:00,10.586584257351998,0.4798575940814603,-3.096537827732952,-0.022315126053529713,-0.1594660188313211,-0.26202432955826366,-0.12876835518174434,0.572010660869059,-0.19770626731515703,-0.32373243581626343,8.556540178179871,3.2634914529216905,16.26901520900754,-2.5927444360290623,-0.5903077947425827,-0.006205326977765763,0.13620658642729366,0.03006406636260988,39.69295551440636,0.0006876159738655581
2021-09-06 14:00:00,12.221205475507174,0.3112600529028998,-2.219234220356338,-0.022835844380633952,-0.16266804699543536,-0.36129649250710044,-0.09916473503406385,0.3994732393541873,-0.1951710400351412,0.11646714860317157,7.530659942062844,3.8020101143409137,20.478161474590614,-3.054481318785301,-0.6812832592149952,0.0006038173686643782,0.14404680162410557,0.0323463341869069,40.59758462705711,-0.005225700652952769
2021-09-06 15:00:00,11.12248368186682,0.18712694265975185,-1.888694326350603,-0.022644863596268366,-0.1521204430941553,-0.3959603718530731,0.00023120651801866726,0.43928303583270584,-0.1750847667766189,-0.7448648558256789,8.188544034708412,5.469395227322139,18.30667266685254,-3.2804987832410584,-1.254121943300762,-0.005312083540016318,0.20823675591077387,0.035444016344078205,40.25484547634714,-0.006444871020609347
2021-09-06 16:00:00,7.248232718745741,0.34520430861492307,-0.2914040088146069,-0.030687595799598063,-0.1668734617625929,0.2633048751842491,0.061258465866533364,1.2400509403771771,-0.19061788021758685,-0.8110679575697539,6.818420455296822,4.410601482601557,15.247057365185777,-3.6885660518387935,-1.5355159292826512,-0.008354925473510705,0.08439200151481414,0.03113848578476042,39.57048042122605,-0.004943435467574608
2021-09-06 17:00:00,2.8084274099979436,0.9026505563015115,-1.7619435734144535,-0.03482204537416806,-0.16458430234364138,0.2755754822966921,0.034769437023338796,0.1550130753748224,-0.17289249812588817,-0.1990103756914918,8.296059703994306,4.941548654578092,16.999378094556125,-3.2154620438227575,-1.91535373195111,-0.010613516698795906,0.09313938121669356,0.03537570650337753,38.297226091420754,-0.004208194705628957
2021-09-06 18:00:00,-1.1101169742873451,0.7686605082416439,-2.5091049978144926,-0.03559921125692698,-0.15932172015791993,0.01762048229240213,-0.08922654657850307,0.05503268891252052,-0.14745066435057644,-5.649802459401723,8.536496276780069,3.830382413984555,9.900702123922308,-3.5032469315475234,-2.624809279397632,-0.011406261526403155,0.19743008107668814,0.04603879160891611,37.675298928029875,-0.009058111075735934
2021-09-06 19:00:00,6.830115822949309,0.6190956126717252,-2.7956369349018946,-0.030084977901812953,-0.14978355536217736,-0.008698416717348235,0.23696798691625892,-0.23705478846615702,-0.1261654895736433,-2.708674023791979,12.84717171781143,-2.152191836262723,1.3978997709085226,-3.2438381405887906,-2.5232887301009574,-0.005959623266317201,0.18266492769267784,0.04146568523078915,35.340962654320705,-0.02142890658336003
2021-09-06 20:00:00,1.8971153279129673,0.7020981555986526,-1.3701108349258877,-0.03515242336526438,-0.15099475137677548,0.1598906582183392,-0.14214998524673486,2.774408368721862,-0.10307974727988735,-0.842765742610041,2.3789249781486044,-2.0607421720131094,-3.2928749869053817,-2.738597840790685,-0.8872899720643155,-0.007621339098243184,0.22138977815499278,0.08354526650623452,30.225353317272553,-0.02669171600971998
2021-09-06 21:00:00,1.1167529635843387,0.24826325228424906,-1.6035496519202366,-0.033048988415785775,-0.15679601582027652,0.12682776323374054,0.010959663635083694,2.0480845126782037,-0.13317632147873337,-0.9129253693724225,3.4060030700372037,-1.2329075938187084,-3.203991573056178,-2.9066352927921826,-0.7199210504817067,-0.007621339098243184,0.2823223181113345,0.07976483085003411,29.650872976796556,-0.026301019217034358
2021-09-06 22:00:00,-2.308827411171841,0.5802379911539762,-1.1969331899070466,-0.03513697002982457,-0.1371908267501524,0.16337103812024023,-0.09808701092198012,2.152041750766558,-0.1538293523112949,-1.9198240975873102,1.1341708111584838,-0.6514860076634622,-4.0893271723647,-2.6011023166546736,-1.2650428377914487,-0.008090996574067064,0.1300439027439662,0.07842082405265763,28.627485248201904,-0.03211903163994634
2021-09-06 23:00:00,-0.07606726123222032,0.7250034022258244,-0.3946254463282872,-0.032826492730084755,-0.13364699731995008,0.2231087017646796,0.11383385241985865,-1.5727585406533424,0.26522540928013305,-1.9189928272835104,0.38785979163805934,-1.20423172564305,-4.4898193879027275,-2.6647768657278603,-1.4009352619944377,-0.007970202071648246,-0.007748971033732967,0.0807486279215387,27.664496244744125,-0.0357759878177405
2021-09-07 00:00:00,-21.644656801252317,1.4928947709709781,-2.192794119930015,-0.026330647420836448,-0.07241324196435095,0.04764523681496513,-0.2156177588730932,-1.6613519743589706,-0.036271482050969694,-2.746374808206645,-4.4732842352864175,-1.2981519234040642,-19.860503437564688,4.706737957679199,-1.4311089450388628,0.012308095162058053,-0.03410764174681619,0.08165593698177044,20.44909822696899,-0.009988653446155949
2021-09-07 01:00:00,-5.171017717745749,0.2823406108176413,-0.9188692460279793,-0.03565100155395367,-0.1406437783741658,0.14006625439947665,-0.0894805823126754,-2.960604686865209,0.0031021394998486463,-1.938731938372622,0.7693707051105892,-1.479478761233932,-6.206764186504449,5.0454531529278315,0.12265759605501779,0.01818335026589064,0.17744284888079853,0.016742538107903823,24.76516026089446,-0.02714864258295982
2021-09-07 02:00:00,-4.693931360919159,0.720920900444278,-0.8200755110896366,-0.035305111751245996,-0.1422681318270056,0.1446857874129603,-0.14632859784529395,-2.369740078171401,-0.005629626866979718,-2.176244933198061,0.14381910033356798,-2.8318573986234123,-7.42285112451018,4.640991683356244,0.12792623976529208,0.01818335026589064,0.1621451023958208,0.029021559843455027,24.568892341136348,-0.02357183304718105
2021-09-07 03:00:00,-5.531136753430611,0.5257148788337836,-0.7593119976331996,-0.03562385241024498,-0.1354806981141574,0.1478419975591399,-0.047960811503128545,-2.9747309100583705,0.013377320796960504,-2.137069368625953,0.33874318240557894,-2.731625635797859,-6.63254770598417,4.550419714888761,-0.02486897553164876,0.017683345857290624,0.18745645739488206,0.02887820383894501,24.42076745410077,-0.02373538421188152
2021-09-07 04:00:00,-5.749019214274698,0.3973711173103759,-0.5460157177940007,-0.035520260210729786,-0.14469257621798887,0.13838368896476344,-0.11309260215209885,-3.020771286559372,0.004672780813857424,-2.4535328174232522,0.31912000076530184,-1.4126822936197396,-6.943766228438223,4.53493764385521,0.10652926923347149,0.01818335026589064,0.10250377248150917,0.016627621968375694,24.575985045679506,-0.027494897581372607
2021-09-07 05:00:00,-6.1555611491383155,0.6300251901846938,-0.49523011993549604,-0.031173201026521415,-0.14267846025695988,0.179384788842924,-0.038759705882047274,-2.3417065161801864,0.009368658198203829,-2.555382715344639,0.30169402041258675,-0.9158432614712324,-6.753454240399722,4.665202933670595,0.0881952002577634,0.01818335026589064,0.1810709372313105,0.030074391271803422,24.667530686367726,-0.026883648964726843
2021-09-07 06:00:00,-4.043428010702671,0.6367029532132291,-0.9301357673725676,-0.036519304582807416,-0.1493550788463171,0.13365483050162955,-0.15859873974181163,-2.224704673489537,-0.003614283948812082,-2.7899648577906793,0.40940551263392605,-3.0823629429702684,-7.684003360292544,4.549174453721415,0.007408596771924281,0.018024741284793026,0.05490967215282652,0.024088629904549144,24.744370549656246,-0.02835621974864505
2021-09-07 07:00:00,5.85715203726005,1.4916043597819715,-0.007884826638150308,-0.024116648002520016,-0.17300373073803663,-0.024593292595243607,0.20331305688099985,-2.1815065057130516,0.04029061176501339,-5.253936673618318,5.102621600257783,-3.911480074193922,11.361968309190884,1.632107880572806,-0.48786404868564065,0.01586457384078032,0.2228614659145702,-0.010117002203640748,33.825255113931874,-0.023506840861368908
2021-09-07 08:00:00,11.285788356265293,1.7194451143237028,-2.4003234601926744,-0.016491077814908963,-0.17183648526025852,0.3249777375224564,-0.16219795844080212,0.10139658538037746,0.09733322552988795,3.6887613108065986,9.003831241698514,4.230286153508283,18.23549433613134,2.4326623389706525,-0.5208785402563372,0.005196980716898375,-0.7916896745851787,0.042702309318433676,42.986385394921086,0.007123094750188211
2021-09-07 09:00:00,9.801170947275946,1.537354023404747,-0.3081881949254295,-0.022403872663175794,-0.18063659305306415,-0.07855284486716627,-0.151278821537254,0.2404101632717049,-0.13779019243195104,1.7683234928307034,7.838255569751448,3.454999680952626,16.045400547672735,2.746810174164166,-0.4536180829135784,0.004985858490880632,-0.6984964901898578,0.03960104927842147,42.84355826311534,0.005973352914713193
2021-09-07 10:00:00,7.369113147192192,1.7108687763541366,0.2367352717909214,-0.025302439897697107,-0.17353312785214978,0.024448368523415833,-0.032237038331125636,0.04694881325002645,-0.19553962377744713,1.7717946034970906,7.780226894358434,2.380434727367687,14.720402697626836,2.239095713041521,-0.6372834860581522,0.007919809649015695,-0.631979179879368,0.033188865830696655,43.378775908430484,0.0008681470048346076
2021-09-07 11:00:00,10.764325577943838,1.5786071478250243,-0.4301072849611966,-0.020408006922359032,-0.16641981700273945,-0.08501134537532049,-0.18276444488805446,0.308201468455705,-0.08157461475801593,3.4056007907744785,8.11290342997307,1.9256417583819994,15.850769506281834,2.3223159482452815,-0.5875453859860175,0.005477714128145156,-0.6814548084104639,0.022489918314900475,43.913041042616314,0.004462749922701223
2021-09-07 12:00:00,2.5991890268331805,1.2603972912657742,-0.3744757986040521,-0.03672054184494927,-0.1602533408121966,-0.37174958833928473,-0.08496518270551315,-0.11646120065569163,0.004350186616323345,-3.351254434106679,-1.964268903297532,-7.756615560100032,3.899160585988385,2.3995330216078075,0.20194268095993295,0.005714949006658283,-0.10366781500173956,-0.007377754588254611,35.829478331901214,-0.024859162545703008
2021-09-07 13:00:00,8.400426986294454,1.7829762512496496,0.2984481579573372,-0.027493026100787483,-0.16517042204443755,0.016775341680028335,-0.03120196757600822,0.3810370076920811,-0.0940907430866836,1.705059156618855,9.758419313057809,1.5377860188486259,16.34950877144698,2.4653995491342062,-0.6564832612974186,0.008114251910243633,-0.6525759515900134,0.01982407955853389,43.65464243189453,-0.0003719893485293435
2021-09-07 14:00:00,9.414420599411866,1.3778981306594316,0.27151742559593295,-0.023514367257131946,-0.15805558586950982,-0.1252518597808323,-0.15394725555765276,0.417888792601025,-0.07687429126645877,1.7600749447374955,9.409798130252263,3.251918020874686,18.18485214991976,2.666509116515471,-0.519834582869727,0.005140653356845801,-0.7158211402348293,0.015101405509502865,41.57424071886175,-4.088813879207028e-05
2021-09-07 15:00:00,7.463784923348331,1.3816872470441723,-0.3453779744593841,-0.01924733416461124,-0.15391182570730896,-0.3739091937579814,-0.10986531532614653,0.06556737167464789,-0.06225597424921405,3.700758522077551,7.49466885495011,0.8926623807596443,16.55963855547155,2.808509716347597,-0.4313201830261221,0.005535078850338433,-0.6354048155041498,0.013319944318788406,42.35758068100235,0.0010879862897977505
2021-09-07 16:00:00,6.392452570936331,1.4606394977300199,0.5032050828151222,-0.016982962068564412,-0.1591252977788338,-0.3105271610540243,-0.1384797277791685,-0.13188917883362625,-0.06922496764852495,1.5114593749604595,6.9180116133843415,2.7134713847768794,16.990916640335687,2.157526612409723,-0.46214585852117407,0.002541715064737857,-0.6565505358402214,0.01932262251792039,41.25440675286162,-0.004502678357404963
2021-09-07 17:00:00,1.1667521784250003,2.5146806063386977,1.8698076348661499,-0.019296711833317326,-0.15428274643544135,-0.22686420878150473,-0.1342616786858002,0.07823152662895211,0.016351296794174373,2.203967177740919,2.4621299525888114,-0.6975595061090046,7.352404472785413,1.437646135033641,-0.40378085416749215,0.00655887742825468,-0.6713528475214935,0.03144679306211586,39.67771511055876,-0.01761755963981607
2021-09-07 18:00:00,1.547541377052603,2.221009986361929,-0.9951932940768702,-0.015493382838535297,-0.15966225017814353,0.30173112400134466,-0.03558060183501691,0.633524473146064,-0.04981522876518282,2.2050396997797317,7.884016782981197,-0.4153064087729309,11.888858004164769,1.97052324099394,-0.6655065949457682,0.006401927024172136,-0.6679693441339334,0.021439415188392586,39.91987924592975,-0.004504705623358873
2021-09-07 19:00:00,-0.6899992589561368,2.518053869646115,0.2625963782149567,-0.028831612665976232,-0.16120984428568064,0.15905633512061082,-0.03453894621053844,0.1275832063640217,-0.04411192525089375,-0.5908259125520406,5.590732132866236,2.641823780151398,10.42320258672502,1.1656189837751634,-0.42816309317801104,0.0067163308283952955,-0.6080832835572658,0.02604927750847908,39.705246359179625,-0.0037225013561914756
2021-09-07 20:00:00,-7.470071720801107,1.4435351674010717,-2.0023036457258754,-0.03647891629178547,-0.15420234593133644,0.1396317598620051,-0.0356247741365903,-0.5691029764913458,-0.06630620821994691,-2.6663265156391596,8.100461671241701,-4.487000926330345,2.2414055252994767,1.1387276937035655,0.5745978992863702,0.007150324652483808,0.2943705181266437,-0.0012462140928322738,36.356512171382775,-0.02269765019730415
2021-09-07 21:00:00,-3.92688367485173,1.4524743903948525,-1.2333490594751426,-0.03221646430382066,-0.15109278782941693,0.11720541837623205,0.07406415814712661,0.3246746388431804,-0.11185807278549029,-1.5792831340492062,2.370386602186148,-4.113080911420639,-0.9104938984147436,2.1575501607801812,0.6253416368647362,0.00685773052876899,0.3763090225681237,-0.0032511040941328295,33.73009260360248,-0.030968379761965016
2021-09-07 22:00:00,-6.202970114915387,0.918154073559462,-1.2065208623543773,-0.03779154964810161,-0.14261596833041174,0.05079810877357781,-0.08725171075182502,2.3742159346088254,-0.11365533651816198,-2.0254084846060887,2.0221820709900147,-3.537383287388903,-4.846958428208277,2.1903069462820337,-0.1896816589977911,0.006674416179528464,0.11103166905497075,0.012157279643721503,31.171881538437326,-0.03219678679670308
2021-09-07 23:00:00,-5.862978192874363,0.7115963255102122,-2.0850693844433654,-0.03664453474217735,-0.1447974588593389,0.13791695992845548,-0.14341418752442908,-1.5014261279371897,0.32766278231995555,-2.435490983042856,1.5537446694387949,-1.487358348310188,-5.764036125503592,2.0963110438377104,0.01952988619048297,0.006891181168370259,0.10358415158559339,0.004464844192877733,31.02591349398531,-0.03586008695296563
2021-09-08 00:00:00,-20.791555505901453,1.5244789081041077,-0.5043282060765683,-0.01614070742615934,-0.07684662859737355,0.07678850462929265,-0.3581794813420801,-1.449660560668179,-0.036282950996779695,-3.6593987271560335,-2.924080595849228,-2.359912295260938,-17.437908849542737,3.762918240742066,0.01279790487569869,0.012309936348936904,0.4257820801372073,0.05197055771028447,21.26363869581663,-0.009899880002639753
2021-09-08 01:00:00,-3.640739544641868,-0.16410218077463498,-1.5189068842590236,-0.016461250116655193,-0.13373193124143376,0.05342766796432397,-0.3959114454532405,-1.5993714054517403,-0.0440203943268882,-0.8228450853203377,0.8261121879081984,-1.0661289531185254,-7.996966015241037,3.668892824082457,0.8136262322359586,0.01818519145276949,0.7375239277231346,0.001216495645684683,24.803454117164502,-0.0257858470123455
2021-09-08 02:00:00,-2.7639450456457455,0.22557698772940218,-2.179329269314797,-0.017606534607038468,-0.1359042813323977,0.04197587984625026,-0.3797397945966033,-1.8544950660317798,-0.03391177510992743,-2.752141298976892,-0.5721815912154243,-2.233332273426779,-9.216062279153174,3.3173407748549275,0.9067727869339705,0.01829959808603172,0.6239883866870635,0.007637610000376542,25.11835230584387,-0.02380410334466717
2021-09-08 03:00:00,-3.9739698770725895,0.4922077560886298,-1.437413879663908,-0.015902104587458343,-0.12768174727315218,0.13430575145621687,-0.09899527712779468,-1.6633223124219025,-0.03587381146035888,-1.4072162439644065,0.07060630761631165,-1.1780124157999998,-7.472246168410734,3.5743599946006124,0.18273695435742737,0.01768518704416947,0.7312844048449693,0.022829415885071657,25.347488343055357,-0.028751733464975136
2021-09-08 04:00:00,-4.480321603232615,-0.0033653664018388975,-1.6866862846897277,-0.016683196727096637,-0.13543990253490862,0.03985742775709363,-0.31993080786953887,-1.6095696357813893,-0.03542690240649462,-1.6662399402455066,0.07650465408675743,-1.4049960635369614,-8.807474588687242,3.4015292934688106,0.7981460209149395,0.01829959808603172,0.6249854824405708,0.005763146858838457,24.68128715378774,-0.028583587384751474
2021-09-08 05:00:00,-4.828584229566525,0.5784640886327216,-1.846424975973053,-0.015881845730720618,-0.13313630680561916,-0.03418649558211695,-0.168698750259763,-1.8538054598231029,-0.0452282347605316,-2.04256202465831,-0.19057312744459198,-1.366016089719981,-8.509839348705293,3.58757681345671,0.7300750325240234,0.01818519145276949,0.687241128775537,0.02085496503974113,24.59361163104881,-0.027013450709499395
2021-09-08 06:00:00,-2.014767732454362,0.38302637616249435,-2.129736451945785,-0.019642775491471528,-0.1414180069843296,0.05726803180250919,-0.3212113260591545,-1.6312819033071122,-0.03733628005977476,-1.8300961940091618,0.4445899309064863,-1.4983151193148037,-9.039813055636829,3.9395742702516157,-0.05903776859901592,0.018140989104934106,0.5908401840694151,-0.003825238630079343,25.371995168986164,-0.027399004321003697
2021-09-08 07:00:00,4.197464219098723,1.0535426013060043,1.1680885010048825,-0.0038892009735720743,-0.15111718901469032,-0.02747216828585071,-0.16985419960808457,-1.28332950449009,-0.035522389437155605,2.323298292448979,0.6117052176046565,-3.0201054644387098,11.069097126565412,1.8827908812075536,0.3680253193660645,0.015564948456869315,-0.3602455455594105,0.007068624808446497,35.04058635160027,-0.0073198447471861895
2021-09-08 08:00:00,11.329273692604797,1.2853475772699077,-0.9531530154192167,-0.023032568954349943,-0.14905662861569996,0.24866629831228756,-0.10300560893356024,-0.3241273544037889,0.12024749095197589,4.5511873022385645,7.21008562546129,3.6561729468975943,21.850179460095266,1.7663984144465612,-2.588929412522455,0.005855875457117215,-0.4819615620823057,0.02089451701615516,46.13801645301327,-0.00039119983718653674
2021-09-08 09:00:00,9.817797663548694,1.2033794009966035,0.4096825939415937,-0.023510207281945843,-0.15865777904924305,-0.30365098198991264,-0.10657836093284721,0.6635647649229074,-0.19183860253104104,1.5086580650573105,8.055844579626836,3.731802947456193,15.98056886357727,2.4184396927600558,-1.2531766882350612,0.005831858675235945,-0.4450911029323514,0.024089655995882416,47.04585725101287,0.004968318278546338
2021-09-08 10:00:00,9.62661148913657,1.125420833941987,0.06519703642305617,-0.020832844669038342,-0.16114559956698735,-0.3103837120802632,-0.20449931291526974,0.9400585467735417,-0.1225839001504674,2.521512333352076,6.498275442822099,3.2191363961683033,17.65670340320893,1.957144924868763,-1.6003086654199088,-0.0051042304143859366,-0.486438152840775,0.014707866450949477,45.81758680694881,-0.0013929115122390014
2021-09-08 11:00:00,10.997591667581554,1.0324854029596753,-0.6037756100046828,-0.0176143100506212,-0.14831631614707172,-0.2862607366656011,-0.1334848770695152,0.8442158554098813,-0.05910857636213328,3.2149703193426817,9.036838875446568,1.9014449193923115,19.01038704880919,1.873644686099799,-1.7242059164867718,0.00591194946215335,-0.4299479693344303,0.012826722491134302,47.286125397671036,0.00326525910955623
2021-09-08 12:00:00,3.5798969681087636,0.9106958864765666,-0.9936265397857297,-0.017984959815182108,-0.1427962280250917,0.12727554068968516,-0.07953172909645473,-0.14944122416908345,0.015594123537157027,0.7260180326975549,-0.5965803967960849,-8.250685550959231,-1.343505677254382,1.5838905733301258,-0.9488978046112223,0.0063556155001793175,-0.3141745804109909,0.01860987000497724,35.230133517325825,-0.027676840934662456
2021-09-08 13:00:00,8.109642315758707,0.9684091448955223,0.16550339120475,-0.02463702494634891,-0.14820117774105324,-0.07184344444541678,-0.05141814828400453,1.3162327381969772,-0.0748329471436326,4.087606894045676,7.8931462918403446,-0.008151040979883497,15.211336059681207,2.0113985798581453,-2.8300889095652004,0.005181603688874154,-0.5017866037808701,0.010242799090398826,44.51516557961455,-0.002620615083905322
2021-09-08 14:00:00,7.43346383212718,1.1402404189364848,0.1954750760830949,-0.024071528976405854,-0.14588641370379488,-0.07835563846900537,-0.06351594424182294,1.3253400484605318,-0.06657093447283136,4.485203932982712,8.052634682016647,1.8780947409394426,17.14967706044962,1.8270745270115782,-2.7926659592092165,-0.00436077120505398,-0.39176219489674774,0.010367995297644374,44.25966026879927,-0.0022310887020731513
2021-09-08 15:00:00,6.174994827718059,0.7201194577931141,0.7097958073628529,-0.022414664322300663,-0.14791628235514287,-0.21838990523759932,-0.011079743955624255,0.5187525284661558,-0.08067825042212994,2.621487994360034,7.682579806851198,0.18861619488517523,14.930729905660561,2.137007498835028,-3.1516221321456435,0.007033734015241939,-0.3749650799411907,0.011777134603240758,43.029158597960866,-0.0024161470070171126
2021-09-08 16:00:00,4.371958505776647,1.029120334776587,0.5822728604934947,-0.024961785405950357,-0.1504880360053648,-0.02276657563756433,0.03577522796713844,0.7745015191459121,-0.0734844226623296,1.973650833484507,8.517652631612401,0.09257414232447968,12.081218668752951,2.486885919945751,-1.3110021176766633,0.006264965199558665,-0.39784241436784734,0.00971925633698608,44.55321693934653,0.001439127997539964
2021-09-08 17:00:00,1.953381250966696,0.9339744970067141,0.24079906826240147,-0.02057849808717821,-0.14527843036184754,-0.1508593059262047,-0.027757161014888634,0.5249964342730904,-0.06062910569482441,1.890932840761633,8.699053744892424,1.2655067953318557,13.837541866151247,2.2252171196131973,-1.2008750555024927,0.007658679395252411,-0.37859996123059914,0.007521502735332282,41.713236113723866,0.0018444149511412497
2021-09-08 18:00:00,1.1633570594696172,0.8043163674636464,-0.3898404556345465,-0.021489040043027784,-0.14405932730254728,0.6744887328269458,-0.039965727032785746,0.697736845789902,-0.019787797746425882,1.5601932445410853,8.379290270707976,0.4868638232267965,14.912192424834302,1.4333208581149997,-0.947029983797413,0.0033415009110892673,-0.36226889740812435,0.007361071755104095,42.0895341141061,-0.0004960689825476256
2021-09-08 19:00:00,-0.2563695285835007,0.9784348066492162,-1.2007274281073472,-0.0136786741523689,-0.14545948699586486,0.07198214858181756,-0.13027496707897673,0.5584315420891055,-0.006450918555633894,3.7301285309745857,7.546137489465489,0.8786354214994821,10.41052551053237,1.7769844045278693,1.1417997650977678,0.005905863374527442,-0.4152976807667757,0.01178123568410068,40.05741070748918,-0.003168811368379742
2021-09-08 20:00:00,-6.752290911532351,0.7623167729819957,-0.9415617489166856,-0.016386762542493327,-0.1405864685135217,0.0060356558179025365,0.011177027507410967,-0.30384849520215873,0.014807761788496857,0.5434794227037358,1.880990194872403,-4.425244647099676,1.8070671212417702,1.3193251510984867,-0.9479204937521181,0.006273505969021351,-0.32529181700186593,0.02540765186044315,33.685526077125786,-0.030934841041866844
2021-09-08 21:00:00,-4.250396054114245,0.6580091333152598,-1.1704150990069302,-0.02676521193801251,-0.13848771503138077,0.01352019876648287,-0.05286613768253108,0.20268685245365153,0.060826261015837234,-1.3390575078939335,0.22573928745210758,-3.57413721950979,-0.6989240476580172,1.448137083103588,-1.151694425104617,0.006273505969021351,0.5528707625653755,-0.015752453662858885,32.70326706280465,-0.03173999125996047
2021-09-08 22:00:00,-6.097703077270947,0.48251371872810234,-2.153826122762006,-0.031984567505537485,-0.13478828982428648,0.06851794398325102,0.010502814901423022,0.8106946791163768,-0.008663565363629566,-1.7069460106130385,2.2679511724167094,-1.5467962268419062,-4.62575001075196,1.6879422032456408,-0.0716469648285866,0.006306956608622621,0.5369188206654343,-0.0008215327205505521,29.939211384848747,-0.03033858759184688
2021-09-08 23:00:00,-5.315082387770472,0.299426100282237,-2.892609781068681,-0.030757323104559687,-0.1271545348803691,-0.011939103295993094,-0.2599688266775826,-1.2520807637759968,0.05161818869806581,-2.222906542099861,0.1335918500777083,-2.665522164367462,-6.22923697844787,1.869920373002791,0.13539584909905508,0.006090191619780826,0.39960867188029137,-0.002982441256904799,29.489950959998676,-0.034555739815470915
2021-09-09 00:00:00,-20.685916233225377,1.3765321726807633,0.5872398218654402,-0.03635603330784125,-0.07937065131689668,0.19310242777352055,-0.6242944924745883,-1.5835483067309137,-0.04851270972257725,-3.940692697249521,-1.0378230914911561,-2.5924622939479414,-18.291500213702122,1.425015126990588,-0.30470313926784803,0.012202010065694147,1.3355559791578626,0.1294531549124355,19.56915128569675,-0.010853816211717642
2021-09-09 01:00:00,-3.3261422691399383,1.1162706372715172,-1.372086383397078,-0.03743507685410788,-0.142130600591134,0.15454882993671948,-0.4577494623100778,-1.8495598147710712,-0.024792158643897957,-1.4809117624980173,1.4101262533753742,0.022315565451425108,-8.209502840223635,2.271449355572212,0.4004147939259402,0.01819167180278897,1.1321860713661909,0.06533647068696923,24.910115964450355,-0.028315356106284346
2021-09-09 02:00:00,-3.2265243277618456,1.1806207705013103,-1.9233836586123416,-0.03697065698152581,-0.13929234593048284,0.22116740104470897,-0.4463343754579,-1.548326787280778,-0.016790811957140713,-0.603896577722232,1.2700548127205975,-2.3246391749375697,-8.160280645084182,2.4000835114831016,0.29178126736093096,0.018119713146751076,1.1226234161830868,0.06980617633968644,24.989165832275994,-0.02393472697907479
2021-09-09 03:00:00,-3.317304927527558,1.2410962102711744,-1.8202111518195854,-0.0363256673958976,-0.14005643897469627,0.2328283544612998,-0.29815835131064927,-1.5156217117887172,-0.019814115310743573,-0.029456371838553888,1.1981692999884428,-0.38541628511584186,-6.934650083704327,2.567918700229587,0.33566677558784175,0.01819167180278897,1.1932271868725406,0.07735291128466011,25.429709510743606,-0.02775550910240614
2021-09-09 04:00:00,-4.082862548526728,1.140605312472911,-1.3562207309296053,-0.0366590103640354,-0.14498274011197174,0.14480172590647108,-0.48895351739285503,-1.8667508427445474,-0.024027257109711684,-1.2717455713052594,0.5055629686347437,-2.3492744505469862,-9.343266558154387,2.0890012142176295,0.036337308570679884,0.01819167180278897,1.082685429773468,0.07000050127347264,24.59007717535661,-0.026411635068998875
2021-09-09 05:00:00,-4.973497372765586,1.0166290460016951,0.00691197761229175,-0.043024286157452074,-0.13588360191341503,0.17097839665512846,-0.3459880381298077,-2.141160298425893,-0.034110687146271496,-3.0454563869334885,-0.12183068055325358,-0.584230032680966,-7.093330418560175,2.4474890556340165,0.8088450827721504,0.01807726516952674,0.965321754345705,0.07184030580200798,24.15544881716984,-0.030260943165845027
2021-09-09 06:00:00,-2.0604502234673663,1.1739467528473504,-1.5584845672899414,-0.03884700830197179,-0.14686040370822578,0.2567757016162319,-0.47963300211570914,-1.5682503749459586,-0.02569400623916537,0.029400797220581462,1.808564886542027,-0.5022642080091093,-7.485241434159589,2.1236342747033206,0.5806574684481489,0.017918656188429125,1.188125403817682,0.06533489174652081,25.6096490347859,-0.028523593105180312
2021-09-09 07:00:00,5.707305413427128,0.9925998006691854,0.5039779377442541,-0.021037265276198956,-0.16688931344928065,-0.08047216521618278,-0.10598191033228373,-2.0187552533565505,0.006434895425575042,1.1344340801999648,8.645299856067533,-2.5768214364923843,8.787979052887609,-1.142387169335598,-1.1351223404011197,0.015721088077372533,-0.11649499087865157,0.0986213818712739,34.53096547080726,-0.0056635427193642745
2021-09-09 08:00:00,10.872903554856725,1.9018998633976367,-0.5684819247824715,-0.0289374075917238,-0.17312149411332295,0.35111211379271007,-0.22342719467401817,-0.2070294000853343,0.09160608303006329,3.7628360987939633,8.828358107407833,5.61100511673022,17.309457793250463,-0.35972810305160147,-1.2747663716798887,0.005924668120705772,-0.5901128968957293,0.09010748871532408,43.15856263649013,0.0044865110367984925
2021-09-09 09:00:00,9.888059134895556,1.858671898944369,0.2685246671254897,-0.029428657346426756,-0.17065806080790533,-0.10386752807387266,-0.17267719998893805,0.21087535401197344,-0.14099888926995355,1.2472224483657757,8.227072098394096,6.269660904336181,17.952533178887194,0.14919148672395227,-0.6729270256314182,0.00328911122481048,-0.48520350214740665,0.08951530818317642,43.462767290450884,0.005456747346907352
2021-09-09 10:00:00,8.655970153565798,1.8369942960935426,1.035759215147334,-0.029834169669814607,-0.18202381583854563,-0.1960285172876925,-0.21977680937102972,1.1457662953139014,-0.14093357944292167,0.6193458115710846,9.083314326152703,2.7739245919624147,11.20896089094862,-0.13388342543266188,-1.5065342656313232,-0.00503763268917643,-0.4019953308116056,0.0855311767980106,42.35366295322671,-0.0011469185286127632
2021-09-09 11:00:00,10.208201336607296,2.0036411126404845,0.9565287670571474,-0.030698330262739992,-0.1738378184371972,-0.16362646079630927,-0.18443354145850005,1.0197166028482234,-0.08589854513584166,2.4956879492933535,9.499517606496918,3.908076167566969,18.237628694489782,-0.11665933800503046,-0.8885280297482803,0.0038336599591850713,-0.3813267184784913,0.07703132775806416,42.58085746572003,0.0025019197585876146
2021-09-09 12:00:00,3.2336488420233693,1.3975049436735976,-0.18657919832218087,-0.052809011970926086,-0.15071456011540998,-0.1431977011711688,-0.20637113763519813,0.5904096070706456,0.0025587105623595414,-1.68787599155456,-1.9528599714615702,-6.9757325135390955,-0.12739107986257858,0.07428761182624756,-2.0678200692350686,0.005608863910294376,0.35428788149644697,0.04910937847110781,32.910315264995326,-0.022471637057404126
2021-09-09 13:00:00,7.237690885124155,1.9955579283424154,0.5105028993045573,-0.030616744649024474,-0.16197042904181233,-0.206573135988871,-0.203611461541813,1.14910584187507,-0.08303339766325546,1.8771542119567657,9.949962114511441,5.52976937766213,14.34707349299324,0.19907493773258395,-0.7397301739896932,0.00537274629613477,-0.45027695278228136,0.07612406575667094,42.612337858951534,0.003759498344771672
2021-09-09 14:00:00,7.388845066364781,1.9952418187017302,1.2361089768445128,-0.03051851839684007,-0.1629651943791256,-0.14303068392226082,-0.19977762025872933,1.0775602681434235,-0.08914539472211341,2.1348689800531977,7.154565196710429,4.298887125289683,14.620216878181463,-0.325438121615342,-1.4126296141745118,-0.004774035825790949,-0.3961277123852502,0.0752363025386226,43.00774214371102,-0.0013451251256484929
2021-09-09 15:00:00,6.1100780993601385,2.280556570585835,0.23080335932724882,-0.031605176279445375,-0.15920636143576206,-0.2217874752036864,-0.24460049074658485,0.7454574491371057,-0.08232079523229431,3.0021362025668394,8.564698512567768,3.662092362713131,16.405736097924162,-0.49517895017848446,-1.0765096881028322,0.005408094292282028,-0.30190073267565,0.07552067439727807,42.91010591642909,0.0008983014369302633
2021-09-09 16:00:00,6.709107138720124,2.2184299546769712,2.6838271953884343,-0.02501670230184007,-0.16621479763988017,-0.013261980834166088,-0.24477712622642317,1.0544770967166492,-0.08198328799623268,2.3962212106142786,9.118046452308219,1.1160555518220692,15.91632238246237,-0.6190852343485953,-0.37325061446785474,0.005930392885800301,-0.18566653762808683,0.07410064078663599,42.097870665514385,-0.003890930849109769
2021-09-09 17:00:00,-0.07834608925115101,1.238016867000648,0.20253397719423374,-0.033484985714217756,-0.16513684957782182,-0.15389502719973366,-0.44518975624430257,-0.031437142616427986,-0.044234722332466996,1.8126643212142468,5.066106347901498,-1.7777826310515477,8.742428467425604,-0.9321122204248312,-2.5015468070763527,0.0064565552409129095,-0.36517278323300567,0.08650127807151521,38.6853916049822,-0.005576562674230109
2021-09-09 18:00:00,0.83351533357722,1.7959913752972172,1.582324425605821,-0.03857480661635134,-0.1652245100832054,0.12636220393804076,-0.40219527980552633,0.43380623639226756,-0.03872181017519789,1.6570541786208612,9.736838213999127,-0.511127638722553,12.167421653281991,-0.5297702640190768,-1.715542679308256,0.006332685171017936,-0.3185022088786493,0.08174003382535737,39.837841717303476,-0.0021130908695101997
2021-09-09 19:00:00,-1.5220168579220805,1.9840704947129046,1.765098701166935,-0.03849161753562264,-0.1704684225441719,0.008968672159504844,-0.3090938802936005,0.5114952846249261,-0.026823361026791476,1.9915610022014891,8.728330488542507,0.9051231750775164,11.392281226726972,-0.6042983798001572,-1.1599765859734008,0.006149381903543046,-0.27447939393129656,0.08140467459289422,39.49503566560026,-0.00114787097577175
2021-09-09 20:00:00,-5.412255946227808,1.0777423913262967,-0.8675711784282943,-0.05098794934737544,-0.15033397471492485,0.26804453459261823,-0.1620606926201742,-0.21950033420874865,-0.0005912708476116728,-2.283264922959363,6.861446460584968,-5.172190910731182,5.115314002715414,0.3599139309218187,-0.784575040976683,0.006546064097205945,0.4696808269205877,0.05138813971770767,35.0658625344781,-0.029539027097979703
2021-09-09 21:00:00,-2.8581242222366807,0.8819707188266215,-0.14030807324928044,-0.05256581336841355,-0.14938592219196503,0.3256946964351668,-0.04866052474498288,-0.2300675852349737,0.017232182839621985,-2.1726360343617657,6.2849219603965665,-4.195782282731232,-2.8396214610087718,0.10028270090882416,-0.769797022341774,0.006649866646527513,0.6690713976618315,0.05167043012306839,33.69366245689665,-0.03193461994729075
2021-09-09 22:00:00,-4.767695954888828,1.2128362983937326,-0.7095015643873356,-0.05238873314908888,-0.14476901084053342,0.16429981851338452,-0.20386500524565437,0.4836517942360756,0.048650384585467596,-2.0099820534792494,4.1170970586316225,-2.1870113289532456,0.3094449297472219,1.1541830663642678,-0.7946285950067072,0.006466552297286987,0.6534079155736571,0.05444644802087452,32.746716915877116,-0.03173702390029967
2021-09-09 23:00:00,-4.724503566715964,1.115789143872435,-1.7753924635995106,-0.05236229333779694,-0.1412100533503737,0.19525277497413815,-0.22632244774877205,-2.19987720220547,-0.11952755432056208,-2.7389646824188776,3.839498244167396,-0.017244017567994943,-6.306147672172845,0.8131114637937764,-0.4157240849394907,0.006683317286128782,0.36558317616178276,0.06910002596800156,30.243166226918206,-0.038409989410480475
2021-09-10 00:00:00,-19.800274299394758,-0.470217944783985,1.1998346703611342,-0.03170357008422797,-0.08558614195998579,0.0030035122022446497,-0.42866181127706704,-1.3668101176466336,-0.016140828229859756,-3.871668888039531,-5.684325115569553,-2.649619043781625,-18.87918701326357,4.224519901227349,0.18984229295423735,0.011773855457406834,0.45930330010752585,0.05274480036914049,20.92508075746265,-0.011670961805666371
2021-09-10 01:00:00,-2.6587969605083632,-0.2779915601229795,-1.0474646460631025,-0.035504911155926716,-0.14370086891274902,0.08787621513220094,-0.23983363027651997,-1.96986574738452,0.0001643872437704359,-3.4996367965254085,0.3141391563429953,-0.4665470827256173,-8.049122101357595,4.380206134554854,0.9154802839943349,0.017049795828342627,0.620447573015437,0.0040482175367619515,24.357435289663872,-0.028794311079641366
2021-09-10 02:00:00,-2.229721181324716,-0.3169519870672577,-2.037530248970045,-0.03132575711776087,-0.1441029998029679,0.10057606187753662,-0.32976531931151826,-1.7479434149371016,0.0027390849236272473,-1.7482957821607696,0.7776462994370269,-1.7456421008652736,-6.537182580851253,4.265921903580051,1.7019994357074506,0.017006669843036427,0.6966502618439416,0.011189344841683555,25.94282290337025,-0.020797623364787306
2021-09-10 03:00:00,-2.705903217302119,-0.38555314686491454,-1.7580041161376005,-0.03224230291121151,-0.14527975803575666,0.09791079810022311,-0.25162567878541975,-1.6390828555061545,0.00274098111837026,-1.6373034009506344,-0.350282089343904,-1.4140646304803375,-8.120917073078301,4.0963994707705345,1.1610141582959153,0.017006669843036427,0.7095688097606222,0.01106018005689918,26.016940415801823,-0.02348021283329715
2021-09-10 04:00:00,-3.077248766680828,-0.3821602181557416,-1.1676524674244273,-0.031186413519161654,-0.14278895246732312,0.08045056800144844,-0.2748217815600838,-1.624723052712977,0.005344219773541164,-2.1506903611671597,-0.20533909169330777,-0.8523024886497519,-8.523396229488176,4.383651035895898,1.7421325511505188,0.017006669843036427,0.6407195700195244,0.009836857370989343,26.100379456169488,-0.027156130020423216
2021-09-10 05:00:00,-3.922460751446514,-0.9248069810754153,-0.33690381998229174,-0.02960337994322236,-0.14200475479656743,0.06878268717694609,-0.06029073063247454,-1.9562709603932098,-0.007988468193752277,-3.1616404312875157,0.6872740068880595,-0.37356541202053567,-6.809472294283303,4.36808809180784,1.9826594305224807,0.017006669843036427,0.5466387189795888,0.023333427201305133,24.82629230336495,-0.02616298627753938
2021-09-10 06:00:00,-1.0547611626922384,-0.45046793400797686,-0.5157053409456213,-0.03143502145361027,-0.15200617286192347,0.16315680024099072,-0.0748368907799861,-1.2401033927523806,0.0037294271121909566,-0.1105964198129829,0.022013880460799815,-0.6563617079001953,-7.086013535163297,4.3506706989062955,1.3144356600866307,0.016848060861938813,0.8692785062088555,0.01236526893999443,26.515502480946303,-0.027398444196276895
2021-09-10 07:00:00,6.06161391945443,-1.1377148976149987,1.4327738772956857,-0.01687710121632969,-0.1687817742741864,-0.16892276844409732,-0.10707394859367865,-1.957463631760039,0.044343797729942416,0.16597451045652908,4.438855679714034,-6.164114973767904,10.087645194849324,1.6060634346963107,-0.7146893824975764,0.013090271742885892,-0.19906107251321223,0.03378893414909422,33.54353589435048,-0.010149467881395223
2021-09-10 08:00:00,11.069426626491992,-0.6695329064608704,0.999543887039512,-0.019470905036803564,-0.17164854417097944,0.3658609300881164,-0.16456693262010166,-0.6185504896876797,0.15601486943939918,3.8777864943235723,8.947001781178155,4.70720430477928,17.556698384409827,1.6687241324044662,-0.7110819543571766,0.004077350277487097,-0.5788057298800042,0.028593235607942243,43.58561723274824,0.0009937810740331388
2021-09-10 09:00:00,9.160315571296934,-1.3834317724904186,2.452652017207194,-0.023628933226412966,-0.1740762688857612,-0.11076764069791162,-0.17545262665232123,0.12530473007092777,-0.17092241956303444,1.4654806575434387,10.218731211798447,4.070669407996406,12.835066140981231,2.416122910621035,-0.41861403577486506,0.00537960757672334,-0.4515432256561383,0.0345554377671873,43.77077570655634,0.007206287264367461
2021-09-10 10:00:00,7.819586039684079,-1.5037431380653392,3.560032082626913,-0.034265743914823635,-0.17481232976988098,-0.044173180895233345,0.021944969038112952,0.6894063622049431,-0.175875849066396,1.368774230838227,7.269455059480761,1.5056663079853365,11.640776016195739,2.2581584226732727,-1.0552856061616536,0.006518638933056249,-0.4190552747678795,0.028886202563507945,40.38230825164008,0.0025290343917583023
2021-09-10 11:00:00,10.562475480808068,-0.5777090990098022,2.7068779265105674,-0.03124151383537426,-0.1706235763334292,0.012590203526038554,-0.03434508646147484,0.7349749061367555,-0.13437897777204835,3.837154991659886,8.467594497718457,3.4180950661392213,18.605746173551942,1.8407893000562165,-0.9111580619764003,0.004684459573947051,-0.4000612851686998,0.018706123762834505,42.7414861088087,0.0011782261848190877
2021-09-10 12:00:00,2.117526228923401,-1.3116249213593372,1.9770522241236779,-0.04660089402395497,-0.1516353618696338,-0.27142409969446957,-0.11796701932468265,-0.06834182033365657,-0.023543235814685412,-4.09835213545451,-5.063410386965423,-9.493679068090493,2.6254662195379015,1.983824704273455,-1.5011173881925541,0.003953787923850338,0.29711262125492843,-0.01944580857631231,33.44317139060746,-0.025899685142879433
2021-09-10 13:00:00,7.286891703052695,-1.4778107033404178,2.5467289599611083,-0.036435947632266194,-0.16587644603679186,-0.12852201629890034,-0.015977988701655812,0.6484576075595813,-0.12124157173244117,1.4250403026000484,8.126643508296262,-0.284456247134373,10.744310961650939,1.9859935747551278,-1.2988271587858957,0.006248238044231436,-0.4918843838278682,0.018524166560056225,42.76215922453207,0.0027611742510937035
2021-09-10 14:00:00,6.782116781531199,-1.5284434366715527,3.1193252398352307,-0.02703320692314764,-0.17413725261950183,0.023580536819816436,-0.01838178284919583,0.7466696828627203,-0.13107937068859254,1.6488084564431105,8.707771941168948,-0.32387830982858545,10.00336018715243,2.0771309281026236,-1.2259814419733874,0.005479469228548162,-0.43874706622579224,0.020353356297625528,42.109941080870634,0.0013681535122246121
2021-09-10 15:00:00,5.744316911689485,-0.9267515749862965,2.5804139454910655,-0.03724999412282191,-0.16459884526909702,-0.006616437631804345,-0.010630740715027832,1.0212618631158639,-0.08479063437328875,3.4723083234560708,7.207648622683379,0.5763913978541235,14.494994702452185,1.1093670686179786,-1.0319581945560374,0.0017820599228303572,-0.29109963199924144,0.01839068228966138,41.267047947377314,-0.0013514527149642084
2021-09-10 16:00:00,4.213057829829888,-1.5566746877745727,3.7555749822184232,-0.0262802402577862,-0.16650202059299068,0.13643546583174976,-0.04676844840588685,1.0043376118951142,-0.07982683185640516,3.2970370820534702,8.29090798025537,-1.5364382790381512,13.204997025363234,2.064984993465648,-0.7886956839230308,0.003576881403107764,-0.39384185087235996,0.022242760506119046,40.894277006957864,-0.004646433733041303
2021-09-10 17:00:00,1.8912584210027106,-1.5150100532214144,3.2813813415181645,-0.025893009234420367,-0.16403974393175016,0.20333618854305646,-0.1869169164369063,0.36882723877910867,-0.07761046441026359,2.340815526775787,10.118241564270967,-0.508496427974997,13.242904235473924,1.9190904500038863,-0.3822005340771374,0.0036329903034180086,-0.40379969879465055,0.0202004703882718,40.49293538256727,-0.0023889700984123124
2021-09-10 18:00:00,0.9486666051538272,-1.7521364393345964,2.985700176715575,-0.02519119960092572,-0.16726534141610902,-0.07669999607889934,-0.3767090657146949,0.3590442972993891,-0.09236931314134479,2.567819402497529,6.558445780960362,-0.18473419451353942,15.677196744287913,1.4053903637600498,-0.10341143339766834,0.003673412434324309,-0.3402343735338325,0.02033115951732695,40.26865206085495,-0.007912848373620798
2021-09-10 19:00:00,-2.229101451779919,-2.165822204187715,2.5765902092119686,-0.027103331643136355,-0.15843918519324815,-0.23344463524967263,-0.23799736485950732,0.25361891835849987,-0.06837225838194162,2.684850202998272,6.658501874713164,-3.60824678638714,9.523456409673036,1.1474892626952298,-0.09529304037866777,0.003751895519993992,-0.31624352821717633,0.019975842905175907,38.19615713451944,-0.009800468286459713
2021-09-10 20:00:00,-3.719221386603684,-1.6675707739053949,0.19778050083494317,-0.04226347259505729,-0.140195703965911,0.08582342473470933,0.12065895220974805,1.5677989761542057,0.05252754112552805,-0.6686499273504646,1.9329622427058561,-0.1964466728914,-5.775309297187491,2.731779252170733,0.2870391049065109,0.004225258724646027,0.7250731455158385,0.0017816996366001583,32.19829965547416,-0.03059492858411605
2021-09-10 21:00:00,-5.369719043684801,-1.5677618272085794,-0.3343705824004862,-0.019764942263824394,-0.1401930265191,0.14882937820795544,0.0706637706398031,1.0021180490629968,0.03978255171836187,-0.9378241223914486,-0.9133517063928516,-1.708794124731445,-5.582905006707359,2.5855824151581825,0.42154156947781024,0.004209709126638571,0.629044897265075,0.001589339799340176,31.186644671777263,-0.027809340300769595
2021-09-10 22:00:00,-7.505692351944106,-1.1983568166858745,0.14621202632798092,-0.0419858122595148,-0.14434484556059315,0.19027990839701855,-0.0771728335336745,1.605934904849521,-0.0024620660042199314,-2.4504401559879327,0.9266929415953316,-0.7329568170898894,-6.246862595342029,2.4483180434466316,0.49388660293872605,0.004062295010725473,0.6405280172546017,0.0032620967580400764,30.72662571848632,-0.03469611442080658
2021-09-10 23:00:00,-6.384086640248903,-1.2087578814665763,-0.4630031655711697,-0.04417286403825629,-0.14231583026528927,0.10427005341929504,-0.037790375270454896,-0.9520298517129333,-0.0759207686515697,-1.7928175536535542,-0.09833220789716868,-0.09303984052442904,-6.860718744689764,2.5456894144635,0.6437240859211855,0.004046745412718017,0.4987175147015645,0.0030429946397741254,30.18438444082475,-0.03566284421440704
2021-09-11 00:00:00,1.7977109451344124,-1.1392699016565926,-1.674645854389442,0.10203334994481279,-0.06426318483467179,0.006986796708794927,-0.3604010398164038,-0.5349771528130086,-0.025922778549093157,-5.61185287364626,-1.9818549282801126,-2.176232608393798,-4.826825823972261,2.422151601617314,-0.018660383846102094,0.011621633294531818,-0.7770125173949297,-0.02148584165252105,-14.378396247239941,-0.011300827490363197
2021-09-11 01:00:00,18.160503147861984,-1.6972809560918902,-3.5711811570199754,0.1082027582020562,-0.04729869253270369,0.005701006912952513,-0.2704815761200921,-0.665806564257724,0.014583747275733338,-0.6280275626547769,3.020476825831067,0.45395599344747173,0.03739323551821214,1.0917220846529336,0.16877716372680943,0.016854447680161415,-0.647241112380735,0.04089317175970375,-11.436297314284815,-0.029412795698565024
2021-09-11 02:00:00,18.736018501091362,-1.514896080676088,-3.5235892440291967,0.09646890708124974,-0.055046483035791974,0.008638018084114891,-0.2585103888210078,-0.5434991612977627,0.041888506695270514,0.14430693186388766,3.2168525216823354,-1.4082558949654758,0.5453954886937808,1.1488040120464407,-0.5520682054990732,0.016465005727833208,-0.519929528016527,0.028635633955408833,-11.117792213671281,-0.024677007774573195
2021-09-11 03:00:00,18.300749067009896,-1.9465103571160256,-3.3011098303486635,0.09311521608801944,-0.06372076328496067,0.024092175356301093,-0.24244796579299363,-0.6118110756346904,0.02575523293506951,0.9580752788250115,3.0130012574534075,0.2104111248086726,1.929543004305526,1.0840049844648665,-0.010308240790967932,0.01659823572563747,-0.5255169725485814,0.013506938867436775,-11.196399498461302,-0.02386827575012161
2021-09-11 04:00:00,18.37727358962101,-1.5819158309090082,-3.19419208528985,0.0924449565990645,-0.04401422660901052,-0.021495270311336464,-0.23409896773150105,-0.6041152166346662,0.020587686166423085,0.990315817984042,3.2168059579825674,0.45109665853464925,0.9348321830577173,0.20934927282438265,0.3283926050444237,0.016854447680161415,-0.5326726785062013,0.049593034646389866,-11.169081516257688,-0.026066960741638785
2021-09-11 05:00:00,16.110623935148563,-1.8768271596917694,-3.3156680881376808,0.10012499184628142,-0.06167892080906019,0.04540312421036634,-0.11775363654352608,-0.6975753780630843,0.02804330247756697,-0.29847727000724084,2.8693698340941136,0.13837496240901806,1.9417089123697284,0.9529569472884825,-0.10416485015752375,0.01659823572563747,-0.7176580849698107,0.007025457476637693,-12.248176637583686,-0.02544526804284302
2021-09-11 06:00:00,17.311598752755838,-1.5471981733400555,-2.534472873622588,0.095250714661251,-0.0846104717457006,-0.010631834906840712,-0.2579884364670388,-0.6497051992347004,0.020498373440487168,-0.03912235026328235,3.5633685978772074,-0.4316724795699804,1.5078161483161074,0.6638232320073373,-0.17477852241027989,0.016891925354078033,-0.7754422244878535,-0.006628069901690128,-13.856607097609984,-0.02514596859346162
2021-09-11 07:00:00,20.479898075437905,-2.6735952673870993,-4.538406015185009,0.07118360967754482,-0.0644475017352327,0.02445030548059548,-0.08251898124636527,-0.7287631636664279,0.004837597482094312,-0.39195559524852774,2.4571756563275904,-1.926627659720315,-1.5337748436038101,2.392197218892373,-0.5665641640519029,0.014404610666051107,-1.6502332353672622,-0.07858729867232644,-20.434072617496785,-0.013790484403761617
2021-09-11 08:00:00,-4.746943539612712,-4.471041516640498,-8.062875768452592,0.10887365171916412,-0.03978956480516059,0.15863090869529875,0.016612438880090917,-0.5205775243414396,-0.026028594724207557,1.8917595465875787,-3.099547842117569,-1.1585521183507737,-17.142757754124045,4.534961641100545,-2.833928155482672,0.004643828480941508,-2.315106092249632,-0.06127283702289596,-34.447610699091726,-0.004217482454256673
2021-09-11 09:00:00,-5.269058081198881,-4.482908428385374,-6.988544446788411,0.09854966253597536,-0.031135560538867083,0.1844147853162002,0.09349370880890856,0.11468573423661173,0.0007351254491777254,2.8350181433451667,-3.0337457197865456,-0.8563946115281302,-17.715671385804228,4.36311032816009,-2.8912327715597175,0.004464522381593663,-2.364659559387042,-0.067418287085847,-35.00208432183225,-0.0037832717023930295
2021-09-11 10:00:00,-5.195391221770792,-4.397790562919457,-8.604316489927276,0.12049323324940253,-0.03489196866344851,0.07098198892733888,0.05111820261420986,0.20245297282626507,-0.007487931471935781,2.5325439939884,-3.159630279484835,-1.0914174380251056,-16.891081604196,4.542502313582268,-2.874460295582807,0.004643828480941507,-2.59985229308148,-0.09154366483117887,-34.22397345332694,-0.0018780933638619947
2021-09-11 11:00:00,-4.704654651204309,-4.360309603596419,-8.181730172997014,0.11641169599206613,-0.031618391431502454,0.0873755022032269,0.02258596772092164,0.14962696364146152,-0.006639180788146326,3.712615476601322,-3.150191113043883,-0.9724574182581137,-16.98294650882625,4.610407586603506,-2.8838879279153,0.005244486115626344,-2.568486318703059,-0.0771624650470298,-34.41704527709009,-0.0018911066750731198
2021-09-11 12:00:00,-6.387467512934184,-1.645558384137846,-6.50901557127909,0.14541816150299464,-0.028940295129153967,0.12811582315843767,0.18066441898181407,0.27606934982584097,-0.016124395546188025,-1.2574225115011932,-3.543760787552084,-0.7646348657000673,-16.786095693249088,4.4437801830888235,-2.9359627449952224,0.004942734118793281,-2.499445384685217,-0.07111289989870914,-33.41014889636401,-0.005932982955805457
2021-09-11 13:00:00,-5.610243297421219,-4.409738512568,-7.818282373605474,0.11633944741318358,-0.029024525878465105,-0.009699795494662069,0.053962104694153815,0.1647378322148332,-0.008230165587065724,2.3124497068842222,-2.9274947896718784,-0.9995506824166728,-16.532948968182836,4.506426759639727,-2.909504399498444,0.005102653967479058,-2.545214154564644,-0.04668246494978639,-34.36742792499301,-0.003471300450012053
2021-09-11 14:00:00,-4.781506791109108,-4.353266913130051,-8.00254877274438,0.11388006796636137,-0.024481681718532242,0.02653077685344479,0.07279618999370374,0.15949911111269674,-0.0036988895619015547,2.4908535257986975,-2.809568408547391,-0.9490637095770024,-16.7366488250048,4.70093257238182,-2.856787794757185,0.005102653967479058,-2.581773483150377,-0.07661963857938395,-34.4043554968194,-0.005268911368667311
2021-09-11 15:00:00,-5.121645484942981,-4.374248699380719,-7.769245458990055,0.11388006796636137,-0.023941232330738898,-0.016232821102110502,0.05674748024772046,0.19150205820351826,-0.008141121533170608,2.188758001231569,-2.61414882809728,-0.8814976496889382,-16.633390440807432,4.6641586221915965,-2.8220961595432854,0.005102653967479058,-2.519560647002113,-0.048500023281595854,-34.569063923442094,-0.005125773497728063
2021-09-11 16:00:00,-5.020867718093257,-2.9501555036231695,-8.288441286320696,0.11658235292307388,-0.018406263302811292,0.06931432737123415,0.012790971155420902,0.2724839910017615,-0.0071408299406637435,1.6023793325567357,-3.0097727450453213,-0.9961471251241859,-16.721633520177416,4.7306448253992945,-3.0397354162836434,0.004942734118793281,-2.601558866173938,-0.08346949018158825,-34.781884638624824,-0.004173641672781019
2021-09-11 17:00:00,-5.817687852446974,-2.3591255833617626,-6.689045359397801,0.08889931526728721,-0.008980829282067563,0.04923324963196821,-0.014747185295887595,0.6190695044889387,0.03415934812607152,2.86293898956853,-2.735254749758345,2.0361009926320457,-17.26978559499358,3.135207238764013,-2.909903409186702,0.03879006598523572,-1.904876594888218,-0.08580278771168344,-37.37373887390026,0.000723416953039617
2021-09-11 18:00:00,-5.214888795537553,-2.3407612434725866,-6.269915912045118,0.08876141325633433,-0.00906519651184373,0.13184511391468032,-0.05653054670807413,0.6797518030527725,0.03551363443368206,2.286342745329664,-2.9563339304802163,2.302669901865985,-16.678660131353507,3.235654138126768,-3.218677726975087,0.038966901218387154,-2.1276436872485167,-0.053656933717502096,-37.72615820800747,0.00043046522449650417
2021-09-11 19:00:00,-6.950458083559767,-2.2825597221604683,-5.75263756981864,0.08599518856544518,-0.014928808065304,0.017574053027733818,-0.06337477934130448,0.6435487292140483,0.034628803446180266,1.2269001273786602,-3.278539612364998,2.8123234791920226,-17.616041787200828,3.1603781118825243,-3.4027786455651126,0.038966901218387154,-2.4587787315086604,-0.05183522671791849,-37.46834737580567,-0.0018560687317644565
2021-09-11 20:00:00,-10.189147667600817,-1.0526637429381565,-5.455435578801676,0.1036858607167757,-0.017259979409776548,0.045516543983684224,0.13671365924076492,0.5438610478939797,0.031093892674519896,-1.1589254116177348,-3.6874344433883977,2.479677767774788,-17.62056309761125,2.917936560127698,-3.5155645806079905,0.03894282622548695,-2.376872243641873,-0.03940694559998582,-33.57461826662121,-0.0024409500832348993
2021-09-11 21:00:00,-10.610601866313763,-0.9965118021018691,-5.474853894321735,0.1050424112194508,-0.018383773075310413,0.048272523367076804,0.14127140660816379,0.5396278049946978,0.02571647254279719,-1.348450247869094,-2.350760695365773,3.7917252017022927,-17.435047259841845,2.817808195122158,-3.807664995526863,0.03894282622548695,-2.2284662642724062,-0.039461449556531074,-33.74822560755092,-0.002340791035577511
2021-09-11 22:00:00,-11.429594977050149,-1.1404346238872916,-4.886801800003155,0.10654403613315551,-0.021318965493243833,0.019862294488125848,0.16741440072392041,0.5828719624067122,0.05951846380202093,-1.135726117758954,-2.024516891624198,3.7972650019396252,-17.48541372523011,3.191427194959451,-3.432732086385819,0.03894282622548695,-2.0011145692857664,-0.05262835022356786,-33.02257026015881,-0.005821701440952634
2021-09-11 23:00:00,-11.290401421265297,-1.1374556706616352,-4.950833019249012,0.10770044702126634,-0.020224033514173304,0.03770962816664574,0.11575754227681564,-0.4283862911702836,-0.07363018583412896,-0.6031494556624301,-2.087931133576083,3.66935472710559,-17.258354797344122,3.186482398016887,-3.42038237117769,0.03894282622548695,-2.17567477832756,-0.033975425078896754,-33.49377879061336,-0.006085009471464997
2021-09-12 00:00:00,-7.001156832744353,-1.4931734778316048,-2.9917383216251157,0.042541984390512995,-0.0942286400102686,0.059734782893393734,0.1583047787349212,-0.4029589667054569,-0.03368097234179014,-2.386696537059106,-4.523004822129412,2.439243989402646,-16.619976029825246,-3.962899044022784,-1.338800165975567,-0.028552783576909033,-0.8113269426254274,-0.0811300456911109,-36.006133639216216,-0.001386104970513064
2021-09-12 01:00:00,-2.5325846469859226,-1.3910920162627272,-3.1506821794027013,0.04198817680932513,-0.09776668499934033,0.062050208213475386,0.10644781298103954,-0.4027700129237671,-0.031228937014847954,-0.5677490120728027,-3.8798927400597227,2.749141947373558,-16.592552932442512,-4.644759740938926,-1.5829756910320754,-0.028552783576909033,-0.6473450217395728,-0.09402141170356704,-39.04249375590487,-0.0027867594247303114
2021-09-12 02:00:00,-2.8369867927548116,-1.4846257930518336,-2.936443366146023,0.041852951150951404,-0.09373084692465927,0.10836855265831373,0.17660330956253786,-0.4135863056893279,-0.033242008295227235,-1.4361581599462396,-3.8003970622544907,2.6735141632491946,-16.931172144387638,-4.662567852592677,-1.5963374115050049,-0.028552783576909033,-0.76896559894872,-0.09487870452572504,-39.35457205792276,-0.0034918044474804956
2021-09-12 03:00:00,-3.2574828799777578,-1.4489425521773858,-3.50926993383555,0.04198817680932513,-0.09271477648671546,0.09982496950216117,0.1421913574945381,-0.491351103234947,-0.035988987562011736,-1.288906684321008,-4.025759605810105,3.005742090431042,-17.153215434282686,-4.545736768845601,-1.6144182902551298,-0.028552783576909033,-0.9475171193471255,-0.09560524324837205,-39.438131665624425,-0.003300884058723608
2021-09-12 04:00:00,-3.5955905038082494,-1.4841293527592208,-3.052477304532094,0.042870734179394125,-0.09444641604396722,0.12441032734324732,0.17025887208118068,-0.4587001425530449,-0.03323566481150206,-1.6612804094646656,-4.148051589790557,2.3830219928779917,-16.687564961065338,-4.664855431472083,-1.8650742000004674,-0.028552783576909033,-0.9243487458043755,-0.08763561422580698,-38.99026041733217,-0.0014697696221038252
2021-09-12 05:00:00,-4.203143519552873,-1.5581831857009674,-2.8785284172983943,0.04366700973862963,-0.09380344129099263,0.10123476318578911,0.15959157147768993,-0.4251054657605138,-0.03276010223116974,-1.6892010776593773,-4.034548266398034,2.3799388128962424,-16.9300740266198,-4.56757543383625,-1.516387121610069,-0.028552783576909033,-0.8106604334992785,-0.09873942457580688,-39.34150022209973,-0.003241402304464598
2021-09-12 06:00:00,-3.522538116409447,-1.5528052179862508,-3.1714893478525936,0.04664912457993949,-0.09793594263287297,0.14122874639915653,0.1980786013813751,-0.48492574710522507,-0.034417829392382776,-1.5139958043956305,-3.926486908201894,2.197060685937241,-17.376983471018278,-4.696550565741039,-1.4836390205220837,-0.02852847736701112,-1.0534248485790831,-0.09354555326563288,-39.71816469434511,-0.0035377559448478684
2021-09-12 07:00:00,4.61880800405992,-1.5778660410266798,-2.8183331105337004,0.043551922005508115,-0.10127842954460675,0.1311877010311172,0.35891673570994675,-0.4862447528896746,-0.03900876793270856,-2.1252116483383694,-4.12573462880328,1.9401962796005254,-18.148822776162902,-3.5537753083990324,-1.1598511066795905,-0.02705629954215611,-1.8701673464298243,-0.09834989754553375,-46.39815413144859,-0.003175248821673966
2021-09-12 08:00:00,3.84742129949928,-1.5146425655747882,-5.208637363292382,0.042564660751347086,-0.09911264423959902,0.1641852942695037,0.4635832121017385,-0.4861979967608027,-0.0021025705466277285,-0.8302368926989067,-3.95707834623017,2.08715197276118,-17.443431775378627,-4.055951069154889,-1.8474615699794894,-0.022112159586567103,-2.00269315538105,-0.15915583954319026,-44.05644688755276,-0.0016924777087093698
2021-09-12 09:00:00,3.051320514030687,-1.5574364314765032,-4.6024010923582335,0.04243492707103801,-0.09768513268067823,0.07581928103688086,0.5532355880781166,-0.498392322633172,0.002021931121106613,-0.609853904138296,-2.871109582669059,2.584816051123245,-17.50264482748754,-4.098367377906707,-1.7848608268249602,-0.022112159586567103,-1.9515095934565656,-0.16098980179967087,-43.7030266266751,-0.0006451417959745553
2021-09-12 10:00:00,2.562237966176961,-1.5839978551832972,-4.357911322262931,0.04425493996843421,-0.093264404065257,-0.04939298822284735,0.5118594074693898,-0.5846491447819905,0.007926770582696968,-0.7459007408526659,-3.985899681155398,1.3200535167614256,-18.664921735105786,-3.9460351235408955,-1.4406407008460167,-0.022112159586567103,-2.2089168617751938,-0.15314897272187494,-43.69796209229077,-0.003906075526349687
2021-09-12 11:00:00,3.0656550240380405,-1.5409654435169633,-4.4742701817082375,0.04640949953801365,-0.08810252203432906,0.05412227525120766,0.5004367258395482,-0.5789303653065687,0.0059530288249414285,-0.7990194741500162,-3.9767133089532614,1.326821903226668,-17.25439596589382,-4.110753323946356,-1.5099648077413892,-0.028757146477119046,-2.328124594940381,-0.14231936801225428,-43.75282290273425,-0.0035683204825820297
2021-09-12 12:00:00,2.1645735593637383,-1.959550129039364,-5.449796506376878,0.07830384879922957,-0.07654192560345634,0.3323109269468439,0.525898838680594,-0.605194093938226,0.05209793327851011,-0.5940729888280867,-4.953825088043572,-1.6056914405589204,-16.026747244479182,-4.516472221069149,-2.024680262557692,-0.005464956579886248,-2.538689683813066,-0.14647795812383946,-38.58347712314225,-0.008765497172503831
2021-09-12 13:00:00,2.6623448646646106,-1.8821171580781761,-5.318151694012854,0.07881224083509364,-0.07927973119180531,0.4256707488226907,0.5139835633564943,-0.6746384757959139,0.05571487214391384,-0.8028691572712098,-4.250077465751207,-1.9878158873561556,-15.912316892076792,-4.437663707509648,-2.0541836514529948,-0.005702765455517733,-2.5914067035205464,-0.1276004982014901,-39.88544662512874,-0.008999634632922606
2021-09-12 14:00:00,3.206558079202971,-1.8822597850215619,-5.240922812506016,0.08211315218275984,-0.07953250651769608,0.4301501664686249,0.4997118971987003,-0.619477894474547,0.055981363296764036,-0.9050228762832572,-4.309134234591682,-1.538930514453708,-16.527549621301684,-4.749546422296753,-2.2874485408257756,-0.005464956579886248,-2.5048229474887527,-0.1378005925726095,-39.22738363809323,-0.010145256395821176
2021-09-12 15:00:00,2.711445828599641,-1.9590203077887993,-5.627904819874351,0.07547037254099417,-0.07981948279798351,0.3369982217647169,0.4334859705885536,-0.5504413270484133,0.054201214177052516,-1.1500593248919697,-4.003770551159924,-1.73602254091021,-16.039452653320037,-4.898263523196299,-3.142375691272549,-0.005702765455517733,-2.452176482886756,-0.14028504927798666,-39.609169109398046,-0.010852235615690538
2021-09-12 16:00:00,2.8483936226630835,-1.880980486808604,-5.558019811055785,0.07627866859385203,-0.07189550546641074,0.41789894821975293,0.4462991512433981,-0.5902474077467069,0.050089473443650806,-0.9635249270108097,-4.382093847151439,-1.4969482371460257,-16.01852949929928,-4.700366366210815,-2.2896629997886215,-0.005464956579886248,-2.3715473224451045,-0.14416154461641467,-39.13685063171313,-0.011096780157003857
2021-09-12 17:00:00,1.267809907330413,-1.9017261689972595,-5.133936900052684,0.0758600966429409,-0.07850822487045973,0.3474575261894394,0.510343993263357,-0.6115736875880492,0.052376820076993874,-1.1621282007872642,-4.531832141635273,-1.15683003789852,-16.116278993628477,-4.59238442691432,-2.143523936710235,-0.005464956579886248,-2.575726338276497,-0.13701226688573448,-39.015627979535914,-0.011805182907362483
2021-09-12 18:00:00,1.7069607077397244,-1.9451232472344522,-4.849303352416483,0.08003088402012178,-0.07555893588860403,0.021728121194406362,0.3277738091445189,-0.7571869850955975,0.0495668103053633,-1.2226887860944633,-4.3177270634857345,-1.4631718056203733,-16.311904419819715,-4.662015482663712,-1.9291850259931647,-0.005679302317039503,-2.2659706757574836,-0.13531303696512492,-39.490522650216256,-0.012241251882668926
2021-09-12 19:00:00,0.7157589930629911,-1.8846761509110725,-5.313757069944661,0.07708808997559397,-0.07045891175206392,-0.03998832896228176,0.31251394834991353,-0.651892674205463,0.021436607056378978,-0.8294554980284731,-4.7105709649139875,-1.2813225719658259,-15.358258797417703,-4.64051621781691,-2.179687489927964,-0.005797240122453076,-1.9966879368592705,-0.13743066860555395,-38.81199487901807,-0.011388624080345553
2021-09-12 20:00:00,-2.2564721325298076,-1.9103596432350147,-4.257409796653517,0.07310773842424531,-0.07316700904672589,-0.10932004476024536,0.25299184162717303,-0.5503682578137239,0.022652240397788997,-1.345223484464843,-4.29336812590858,-0.9972569926217985,-15.964604964067291,-4.239595405842007,-2.1677785262824516,-0.005797240122453076,-1.7258719018112294,-0.12801341818090214,-37.6108179061473,-0.012013462312755577
2021-09-12 21:00:00,-2.4175025081067543,-1.8750628838289756,-4.477269288992068,0.08136777835607062,-0.07446963612309644,-0.12497897519615066,0.2152501364918922,-0.49495349692135787,0.030264077422223052,-1.3772880479402394,-4.47448416459543,-1.2522790694314672,-15.91412239507381,-4.4891188893133664,-2.260720360372142,-0.005797240122453076,-1.6078705869785772,-0.13860578644566576,-37.351043678027864,-0.011871388639664538
2021-09-12 22:00:00,-3.0884563835111956,-1.856503075386604,-5.270514305159529,0.07601788836794139,-0.07375667944002155,-0.10010064549078328,0.2019837360872318,-0.3848669093898148,0.024896050957106296,-0.9528386685211111,-4.491010197718668,-1.3455096631187167,-15.643079307585593,-4.138855830868295,-2.2402338613328836,-0.005679302317039503,-1.2750628142955394,-0.1409025175709794,-36.31380698820113,-0.013809977440473742
2021-09-12 23:00:00,-2.870387515377391,-1.8114446929329278,-4.568696174887958,0.07741040526368739,-0.07252694853928157,-0.10768921841530331,0.18383128650252162,-0.432115175231423,0.032518908986079426,-0.861102776646749,-4.249517415637005,-1.1128044391572025,-15.793240759159232,-4.168703873515025,-1.959773751799183,-0.005797240122453078,-1.4090230920134963,-0.1393778047253356,-37.42735933829206,-0.013816005537402481
2021-09-13 00:00:00,-15.967964941987061,-4.896403005634391,-1.8833481393546314,-0.02442815569819971,-0.07527753900726675,0.0058100890570451985,-0.47016060504636326,-1.022202296020614,0.08669341806086227,-2.8987098878632356,-4.7954893042259465,-3.1594259308290313,-46.27715373343101,-8.67863025697913,-1.5613438034501521,-0.016733169695624002,-0.5087077410959794,0.15501706203100735,15.300174477246566,-0.0075326181946757656
2021-09-13 01:00:00,-9.78844305319204,-4.615278240072191,-2.395636152350585,-0.019110410680239037,-0.07785982141130579,0.02489936235970123,-0.4849250905546335,-1.0122633735876525,0.08708576862003098,-3.3222589832479787,-4.952250724359573,-2.8294227149972007,-48.098118969370724,-10.482195953558703,-2.9208628539542985,-0.016495360819992515,-0.5662828891402627,0.2036536568510768,14.813008540824887,-0.0077235694837931535
2021-09-13 02:00:00,-10.411885224178226,-4.2937741147095565,-2.7642773609574447,-0.020608622624973944,-0.08143160865939435,-0.0001680485363680957,-0.4545641495089173,-1.0433059170373948,0.07294456679024179,-3.157630515544328,-5.580356983218888,-2.493691309333389,-48.236104037125756,-11.2045997576012,-3.0482224770917603,-0.016495360819992515,-0.5657916950571702,0.20234251636354797,14.586531461928008,-0.00709400289276959
2021-09-13 03:00:00,-10.191480798385124,-4.955012160144951,-2.174551990828621,-0.022591789114081478,-0.07603593766441191,0.010924582037465613,-0.4934329534782574,-1.176201244150885,0.08713294911237576,-2.947585009216166,-4.865630726932843,-2.8617810338023952,-48.40250215513196,-10.76209192655484,-2.938250183008439,-0.016733169695624002,-0.6344216135322341,0.1953134543173447,14.703759574720642,-0.007210487974317282
2021-09-13 04:00:00,-10.499453336597481,-4.944287504229091,-2.390957104823404,-0.009340732113550623,-0.07709742905607986,0.11302667205658871,-0.4773150062995276,-1.1738047566886813,0.1048057697738289,-2.9783543840211264,-5.085971183240347,-3.3824809811011556,-48.923165822547666,-10.448463254425764,-2.3356415248091107,-0.016733169695624002,-0.5248720798607804,0.1577525934951723,14.831540030934393,-0.007398486926400408
2021-09-13 05:00:00,-11.14000783930825,-4.891157067622557,-2.2984138261053135,-0.013861995990963594,-0.07568450434223739,0.013498398983661184,-0.45620535874785095,-1.1593785518839235,0.08629196750400024,-2.995151101775095,-4.688517447263528,-3.213230571747167,-48.673167223451074,-10.420956668867294,-2.433542459132454,-0.016733169695624002,-0.5775236400263973,0.18160821704271038,14.914352716549809,-0.007259189845618249
2021-09-13 06:00:00,-9.562386206384826,-4.2539008428685205,-3.1544052880323163,-0.012860115945081175,-0.09227812361534486,-0.0003378354806388808,-0.39763245509597955,-1.1419612787191877,0.08378352360297113,-2.850108645123796,-5.009250566401764,-2.503590975516022,-48.56830391121594,-10.706081037934307,-2.936676116163282,-0.016443807872984727,-0.6717119477231988,0.21223369333045794,14.858039903470344,-0.007257982439037486
2021-09-13 07:00:00,10.312597580294392,-0.18835798406986057,-0.9630244393132555,-0.034159579543269016,-0.09242495915991679,0.09244580413947505,-0.6852133526514628,-3.7064176001916516,0.011242822899517915,-2.2024193426952747,-5.1337543038995115,-5.29486293738819,-9.818200631623869,-2.3218023612195813,-3.022160816138862,-0.014576841529665999,-0.5869168222377291,0.24666438053900966,27.935496859170918,-0.031085920531358103
2021-09-13 08:00:00,14.562672676619023,1.1674466726807127,-3.1705784996043698,-0.019511346174359526,-0.17763716706504667,0.09359520697369282,-0.13122342045269503,0.03491813289034112,0.25782309567857653,0.7321129697951851,11.049527906463496,6.281240088179029,23.14072045530417,-1.9887619989585832,-1.1178996519734763,-0.011316729733726555,-0.06850840873774706,0.05127469590966726,45.54679780747357,0.0031203687642783573
2021-09-13 09:00:00,13.282320252151807,1.241192396778794,-0.9334512336165215,-0.022603305931760576,-0.19425881850888815,-0.07097439993349156,-0.040126111906663126,0.273528976621165,-0.2831647431263984,1.1473536084484313,8.217312823086553,4.94675938988791,23.16394982139788,-2.4146408377870925,-1.0856676468078665,-0.014965686303074308,0.08475208574310905,0.04246229516459913,46.57550000377687,0.003627803432974373
2021-09-13 10:00:00,12.629752975773117,0.4993465116381928,-0.1409548771373204,-0.022192845629908683,-0.19290914030223827,0.020150272414245593,-0.1258019409209998,1.038771659825723,-0.37085116445386607,1.4256392059527687,9.392573185044666,3.068935304482978,21.14046595746181,-2.1353074777703775,-0.8484821962963021,-0.007679341790848789,0.2332979674235239,0.03089379959291457,46.64038387922557,-0.00218115931833579
2021-09-13 11:00:00,12.674276301264623,1.0836251838488715,-1.0683400158912395,-0.023338929452302624,-0.1953314937671539,0.12713001570704582,-0.03614911177270612,0.23348588932658357,-0.2645887171401605,0.3377801462595574,9.003401525384126,4.036481422201218,20.60748651743961,-2.3943434246309514,-0.6885484554278293,-0.004668991465811521,0.11067488176063955,0.03689564042133002,45.89224666239542,-0.0036078512903131455
2021-09-13 12:00:00,6.8937757761329275,1.0086210952308798,-1.872800298369743,-0.023506495364976874,-0.15210763781606,0.08701645745354303,-0.09385738931922609,0.21285735346404783,-0.14793015385973432,-3.407716341038073,-1.7932241156588853,-4.05292793336078,-2.22420656852795,-2.3975585328026288,-1.7092202160337335,-0.005711290825032647,-0.3431033487596422,0.02711275146028479,35.072828795214484,-0.024409133315306062
2021-09-13 13:00:00,10.77613869124654,0.9492513323514996,-0.5341023496368228,-0.029358189902377044,-0.17722612531366802,0.22409279165215562,0.046785832969912844,0.9936385980683545,-0.20121326385669785,0.5829458692903942,8.174167717548334,5.06032242582798,21.22378845542971,-3.025596506004144,-1.218968876501387,-0.008900518468697155,0.042310724019703816,0.0150580897172887,45.694726301724295,-0.0011978052114558497
2021-09-13 14:00:00,10.154987444292619,0.8530314145830219,0.993998412372772,-0.02667682367490427,-0.16869230192213172,0.23517892452827863,0.013362640900925538,1.3840830502128252,-0.16970183642206707,-0.2900053573383222,7.434554712234882,1.457137110116987,19.948616006045775,-3.3425435290257797,-1.7498356186045343,-0.008900518468697155,-0.00180584744220641,0.024395035191114474,45.52177266574891,-0.005273815504030408
2021-09-13 15:00:00,9.285720159368982,1.0861043556692653,0.03544255377259448,-0.029276870381787366,-0.17800393171054055,0.23569602237039797,0.04784886393888236,0.6486594037964657,-0.2020068880609879,0.3000794392465689,8.594167367210767,4.816732717806599,21.827614564223975,-2.971351551646671,-1.3008560012129864,-0.008900518468697159,0.09495556059145824,0.02366605574523044,47.05521847506976,-0.0037214616001964487
2021-09-13 16:00:00,7.291841833553397,0.983843519154712,0.4632939089023251,-0.03222276459230498,-0.18176155378317335,0.0991037085088341,-0.15227345092541797,2.2883772858779823,-0.18942571785849663,-0.7465675480486816,6.625506088108222,2.768634362912977,17.258603718877165,-3.007085191958658,-2.374780202386512,-0.011163050643555602,0.06670897549898869,0.02255469343586229,44.104957930194175,-0.007952422069043437
2021-09-13 17:00:00,1.6154589303697349,1.5722850486976778,0.05741742965307315,-0.02967274080946298,-0.17889978311207388,0.1658835953533698,-0.23473733182640855,-0.5034677428666912,-0.16518985539882639,-2.675965261705382,5.881176124749653,2.9458966543112397,11.94482963339661,-3.011501751667587,-3.8282339875128533,-0.00792757914622968,0.09385143902707556,0.02525644648478505,40.16884854254669,-0.010581363827650165
2021-09-13 18:00:00,-0.31324050895257766,1.4528100929987853,-0.619766268973425,-0.03154519810465484,-0.17212185054020468,0.36960718452942765,-0.23188811164127734,-0.29306111132475304,-0.15725776897609745,-4.281421028944716,6.840222264528646,1.6704951122089218,12.51681461697618,-2.9249301179602636,-3.6294067354013304,-0.008022053813165023,0.13796278941492865,0.025186291979025114,40.48883876235499,-0.006945287425267771
2021-09-13 19:00:00,-1.6406169814121279,1.4097349142801188,-1.5799348163954667,-0.029355811679404275,-0.16887591663588375,-0.08479838667023182,-0.17897455967776293,-0.655095013547052,-0.11243289154269501,-10.032150225856263,5.388113359556874,-0.24990184214299596,0.5106949030085743,-3.1417805769005525,-3.6887024654926863,-0.008720323973836928,0.07079791273819289,0.03567376589877207,35.82313375837192,-0.021683299110280326
2021-09-13 20:00:00,2.491943064589195,0.6177725817666246,-2.0544549524120086,-0.026247741344520986,-0.15972037229774044,-0.012879873930171289,-0.08241791324234887,3.051480190876314,-0.12296822178417587,-3.3239770948319864,2.1842396607892693,-0.08139080136124104,-3.9260884592616243,-2.41874190263088,-1.2791400846696772,-0.005925636562185902,0.11918609130896522,0.07909208326960168,33.04705819025939,-0.0255163542431735
2021-09-13 21:00:00,0.10938750756907345,1.1231408451296796,-1.512712804507892,-0.02340437620878609,-0.1598301144854083,-0.04239604516068219,0.010971187750234741,0.1875502837128358,-0.1730953932140415,-2.987385936833178,0.4190835851870537,-2.531814220893858,0.28916986858473315,-2.171052850105816,-2.0322576802626235,-0.005925636562185902,0.0637564105510312,0.04579009224677076,33.70480432652718,-0.027336635951574526
2021-09-13 22:00:00,-2.2702852777942963,0.652476427090544,-0.5526488817993607,-0.027146787205743428,-0.14360393729590262,-0.0008017489415093686,-0.31169535139636,1.3526167005585545,-0.2145992030849139,-2.0620237342405248,-0.44826878537756165,-1.8395279905507806,-3.8733937978083417,-2.438996289045007,-0.9095466608596076,-0.005804842059767083,0.1116346599539661,0.07927796907997475,31.836653960534797,-0.02968435837175039
2021-09-13 23:00:00,0.1923857927344444,0.5533977508996513,-0.5248581613217029,-0.029396412135333713,-0.13865735620851652,0.0456743450636554,-0.2734163792008876,-1.9795987413880796,0.4037071519840346,-2.182383037646231,0.47399597365985185,-2.0716039007232228,-4.874693543040205,-2.339841577026288,-1.3576683049411753,-0.008090996574067064,-0.09520895606217254,0.08821838030354805,31.452983300150528,-0.03269469007551731
2021-09-14 00:00:00,-22.80043610917176,1.7915939351807495,-1.1397001491693481,-0.01642679956001842,-0.07556498151550184,0.05874905525215325,-0.25797456550007425,-1.4451851035721737,-0.04669046710712257,-3.6526502464817323,-4.572348881417987,-2.633650877304375,-20.310983712215215,3.415036426127105,0.2813670337620916,0.012551019645897867,0.10529465003560738,0.07027383950959097,21.3049512526908,-0.010765363139912495
2021-09-14 01:00:00,-3.7088077942407316,0.8982329290761545,-1.177088042735841,-0.0237119027313525,-0.1350623093180306,0.05820617288032419,-0.34454713159541317,-2.288738674076373,-0.018888376716868386,-1.7721305965959173,-0.7404332479477985,-1.0238698268431237,-6.068810813393598,3.7251618297576776,1.9801491912389668,0.01854068138299268,0.34856841857681736,0.01090407613854917,25.4035600846876,-0.02953703757062715
2021-09-14 02:00:00,-3.194297465947127,0.7483312474101634,-1.5750821226107015,-0.023094960424122884,-0.13478398500978894,0.07483374610636813,-0.2238884480489553,-2.239584150505078,-0.017767506837126634,-1.990505302260916,-0.30870750526935453,-2.4680499181209417,-7.959013820528123,3.8470504983678273,1.8152751278579282,0.01854068138299268,0.27811794658563627,0.016161273331621977,25.595710091460347,-0.02515849925807118
2021-09-14 03:00:00,-3.163496011027692,1.0148698794650564,-1.621996942425967,-0.018717226044028274,-0.1322761714574366,0.003794998643198569,-0.2837204755673584,-1.8061997307821973,-0.014007968586625837,-1.5795857756086487,-0.34138397037827356,-0.7851482002071513,-6.280126397209928,3.515579278871755,2.4996121244529763,0.01854068138299268,0.31294660847663,0.011708147451673307,26.255321309817987,-0.0298047638119604
2021-09-14 04:00:00,-4.4750947743348455,0.9110016374378647,-0.7497259093548756,-0.02561917340767229,-0.1374856474173581,0.01512852521904741,-0.41222085875916653,-1.812457868224836,-0.01859454346932752,-2.902155376728163,-0.9684056182415458,-2.7595659722230783,-8.6474188716156,3.5770241440306396,1.8481413478318347,0.01854068138299268,0.24653842966981096,0.016519024729407424,25.185928837587806,-0.0271179419341677
2021-09-14 05:00:00,-5.631880739165015,0.8331890695628005,-0.8274923215535034,-0.0264984994863005,-0.1402944752494047,0.04296161736920659,-0.2641295619054049,-2.0940313791715357,-0.036867673237699815,-2.118248067743759,-0.24427806653784573,-2.8788272140509865,-8.633334074422109,3.3627527573831952,1.7373564943850954,0.018426274749730447,0.2349866183962939,0.015072556705094688,25.064845236516156,-0.025627095808967194
2021-09-14 06:00:00,-2.086518746605022,0.8904092108539547,-1.1413981481471418,-0.0272272402668901,-0.1416235620035658,0.06452028618810805,-0.31799555255387435,-1.6570237308465676,-0.01908150406425737,-2.70088541586418,0.17442079740481145,-2.636940691906726,-6.966043165873176,4.103213039508551,2.2526317813104972,0.018382072401895065,0.16883202436747372,0.013017487735658988,26.168770897465443,-0.028414237251539486
2021-09-14 07:00:00,7.761215502869458,1.7304622220884,-0.21558097584377836,-0.014365658305118637,-0.15724822571430547,-0.1100818367913788,-0.14775434605631071,-1.938848704980718,0.0462985495318833,-4.100572216909155,8.125971007430252,-3.144466836895036,11.661194094773853,1.6862566236285712,-0.04603190556909803,0.015650482885515966,0.25892930211336007,-0.026510221889750274,34.688667495211234,-0.017630867283934707
2021-09-14 08:00:00,10.836731629889833,1.9861570839532907,-0.43228398272632446,-0.023855431895260532,-0.16636585468198647,0.2708841397425114,-0.05175629466100966,-0.41383611226738765,0.12181262508020453,8.497947560240192,7.968240748703729,0.4797250253248871,16.691386371355158,1.4144122060648996,0.16594546067071186,0.00787861162136276,-0.5535734568133285,0.027899339190933216,43.55637000449041,0.006078720664728303
2021-09-14 09:00:00,9.01343800579416,1.895196816908422,0.5244331497857686,-0.01700686016260777,-0.155859916420673,-0.31803772926934054,-0.22639800768467971,0.08737475474142678,-0.1311448650735627,3.9646538782419225,6.675702619420241,2.394158775358262,15.39744208830073,2.6812167572895906,0.5944080548732603,0.0082718966233426,-0.5860621503821554,0.0320681072120973,41.88924899542646,0.005274381007338898
2021-09-14 10:00:00,8.034525055043876,1.7338442022334437,1.5796256190712532,-0.014051010463069356,-0.1607102065107353,-0.1694198134825387,-0.2005559750995471,0.2571481470386474,-0.12812290851888178,4.098958561089908,9.081079010356712,-0.13406201773418394,16.587218796583233,2.912776388240004,0.24291446738843994,0.0023026821594143597,-0.5952694312828107,0.02248730234872885,42.51154816659087,-0.004786857176513336
2021-09-14 11:00:00,9.232882531750612,1.8900039415428447,1.474230314040885,-0.022753952590264748,-0.1593901511412138,-0.10465819766520075,-0.14324371708178557,0.3078289544648139,-0.12113349523895381,4.634609839132526,8.690364142040819,2.1962305377809845,14.971794015887173,2.548419916382202,0.44962724876846727,0.008162953387986907,-0.5519194788371313,0.01790069115137683,41.83184689751375,0.002964113505914893
2021-09-14 12:00:00,3.2256445187045495,1.4207842471424297,-0.03260710872782987,-0.028141004545966658,-0.1544227533539218,-0.11875155857441232,-0.010032816592709512,-0.34764692102317096,0.005504777188839212,-3.5021375629540534,-1.8792392615143005,-8.23666226011519,4.550501805020965,1.4684513518129894,0.3960712543850458,0.006681367216754153,0.19483642920537503,-0.02861386677984244,36.378182932756744,-0.024430724321411083
2021-09-14 13:00:00,9.242418962615158,1.8148010005704,1.2323523451747653,-0.023480990770907754,-0.15616560343838026,-0.18137905063606982,-0.053604163063317924,0.8310653537372982,-0.12265371701826883,5.139653820977389,8.905286913993931,2.0492646302124338,16.194825872132025,3.2259922026102985,0.5409725100217722,-0.003592629385489635,-0.46694999140483795,0.01689621709928701,42.575834022223056,-1.132926237183815e-05
2021-09-14 14:00:00,8.25755566795256,1.5437859015446633,1.525281269937207,-0.019916031255592496,-0.15325581987845688,-0.23050589217522732,-0.16134033677914777,0.5430894501436394,-0.11388712256595672,2.6745430921206323,8.218874357601576,2.20968230701926,13.482424640571086,1.4760736931850564,-0.07504215507827612,-0.005083365832618257,-0.5755352209947294,0.01603223010363327,43.749692681032585,0.00181171199731919
2021-09-14 15:00:00,6.612535338657059,1.9914125810357126,0.7855582638290752,-0.021342790194333806,-0.15294680216724968,-0.3317250941906941,-0.10979943469120573,0.7559878538905279,-0.08764155362066885,2.6468812960765105,6.720512829546146,0.7025062973380115,15.986628565760467,2.90038249805992,0.6191516965774548,0.003700869881303728,-0.481059768612995,0.01862408969212832,40.77866379164886,-0.0019619069704375647
2021-09-14 16:00:00,4.414678079415618,1.8877622790920223,1.710516847631112,-0.02087700854606188,-0.15451879642321445,-0.09556614523831383,-0.08370722376918019,0.3612506086814074,-0.07395328043942338,3.4311440887364655,6.903833566794897,0.32619241732798215,13.890536646063481,2.9756782311466567,0.7488077696058778,0.007417560580102703,-0.5393887541364855,0.026000565879428512,41.54386526927147,-0.002349333557516745
2021-09-14 17:00:00,2.175674294803395,2.0216200813999388,1.902980886168543,-0.012606244976983857,-0.14758588833809003,0.44072752656815406,-0.3457881373870907,0.06674872447661083,-0.043775910156317974,2.4498723814386127,7.743029251902684,-2.2091171861312153,10.416177105618743,1.8806494589612297,0.1321032111347307,0.005915182698895239,-0.5559075733451003,0.01879371942685165,40.51658456639171,-0.008525147779926762
2021-09-14 18:00:00,2.147143362005247,2.1661960915824165,1.2018906456349963,-0.01028506080854618,-0.15299310152826645,0.041976379050538595,-0.4193068303996357,0.2636304466896427,-0.05043781973138722,2.7721358005522236,7.726453908341982,-0.698007373745506,12.547421467156667,1.8379657976854649,0.4992205149502318,0.006040700265153438,-0.5543974877945055,0.01872782672189142,41.06301494057157,-0.004779049658958521
2021-09-14 19:00:00,0.017516702927147257,2.531569548144952,1.1282201034205048,-0.01228394583414299,-0.15364937077981985,-0.049444975163151925,-0.22202508115237812,0.20717780415306422,-0.044373488317988236,3.4270077709937348,5.839242248444109,0.16025313140508426,11.050727194258437,1.362841757601477,0.46710337310369576,0.005990239146169105,-0.5158031833945524,0.02150769970962827,39.63494623058188,-0.004300310065263675
2021-09-14 20:00:00,-9.201365493640482,1.933943257188853,0.8610980548391429,-0.028809302613549366,-0.151698343570111,0.20126002375924704,-0.14541340820286172,0.2005004953486803,0.009744042441023998,-3.5055330348745124,2.9763917011753604,0.10445732615128894,7.305310635755059,1.7073457069261118,0.9745950283279996,0.006664880126417888,0.2666107901488921,-0.040189430570094664,34.50418061419645,-0.022849300428393882
2021-09-14 21:00:00,-5.705030416734284,1.5306077390027568,0.37871214555833016,-0.030071648248338568,-0.1486697412966509,0.17252066278439754,-0.060749876083918956,0.18454845145978396,0.0134174390449032,-2.805129138617269,1.5822114077006164,-3.8639226552962778,2.3253184500440094,2.297936870108268,1.0924062460490607,0.0065433413402321595,0.43258729757498504,-0.012194889889687331,31.84759251283388,-0.029247654588123426
2021-09-14 22:00:00,-5.612947932309263,1.3034293254223317,0.04292018729796023,-0.03105655176906989,-0.1361865634875455,0.1653534773221309,-0.07974131277318322,0.6549795156080522,0.04076387056153541,-2.3443759901911894,0.0283041201323256,-2.9037741332452356,-5.027653497588035,2.945068459250435,0.7208431625774214,0.0055773950512728885,0.2938432877188314,-0.002287461868246141,29.565742648929586,-0.03141186130882418
2021-09-14 23:00:00,-4.768808225098711,0.9198218116283855,-0.478371789809433,-0.0316454004075517,-0.13630160574167627,0.14586997337536772,-0.07783063183008082,-1.2811841901650767,-0.11264416225327394,-1.3132644125557564,1.5035326987687547,-2.4619759003870816,-3.8250529403375237,2.986550787797544,1.609309345838798,0.0055773950512728885,0.26717477519407073,0.006817204496265693,29.50767436676096,-0.03293834659900245
