ts,hour,dow,month,weekend,holiday,shift,tou_season,tou_load,billing_hour,y_lag1,y_lag2,y_lag3,y_lag24,y_lag168,q4_lag1,q_min_lag1,q_slope_lag1,y_ma3,y_ma6,y_ma24,prod_day,prod_missing
2021-09-01 00:00:00,-18.07170968176668,-0.0907390044801492,0.07952678959408671,-0.033103491122231925,0.0011396276316357453,-0.8469295446582402,-0.06638304491181539,-0.25921765320750284,-0.015638981345058745,5.253347880135922,0.4128233164598354,3.938104424090586,-3.182183654727671,-12.706806739725998,6.187556899312207,2.9205538038522523,-0.5851126854073039,-2.2262355632428217,-0.09794682088220638,-1.0962718079655303,1.54713090132174,-0.001776079255968522
2021-09-01 01:00:00,0.6185828842931927,-0.10347302813777493,0.04780940526809492,-0.023770785974670392,0.0075616234594273685,-0.6819277278290623,-0.04538894914733315,-0.16240705609576997,-0.02452455469804467,4.989428735688965,0.8714337470228682,4.408826366696761,-1.9645603190712662,-7.181148329637031,9.630195002203328,2.386074865025141,-0.03033505112840325,-1.32252617902081,-0.07159492432437747,-0.8846611129035713,1.215340129038908,-0.0021777574495202407
2021-09-01 02:00:00,0.3831583639692919,-0.1343799582601727,-0.18096421984680816,-0.0046854957469428474,0.009151665925673078,-0.5966764641656599,-0.028091409800856493,-0.1474168886211694,-0.02057216013583242,6.908596341067717,-0.12114162186462628,4.751394746603693,-1.7153004622316124,-8.244780712705277,14.921234964457074,2.9067107909741354,0.10640967517068632,-1.0303591905563598,0.3673598651454988,-0.6233941525526056,0.8476243640747747,-0.002870743963440124
2021-09-01 03:00:00,0.18573175759549768,-0.01431957689401006,-0.18562225409582644,-0.0034552029811948316,0.007218210536517396,-0.630572386240893,-0.0603948598122646,-0.17430932400514926,-0.022138718840747945,8.290432414894969,0.08033174568399497,0.20150741142242748,-2.6259993151740644,-7.901572230774988,15.874963498314559,2.891696504509792,0.9330772134097653,-0.6415929388074232,0.5509665133913771,-0.7238619640170301,1.2354636136503265,-0.0013961234197983007
2021-09-01 04:00:00,-0.0517809665612795,-0.037819561017509,0.1900608451990374,-0.010835581860476977,0.0068721757036216205,-0.6444697505817926,-0.03906087708316287,-0.16695254846124138,-0.017120935970624744,5.652148888294953,0.6004642575690249,0.9305579519385331,-1.922754970228484,-7.797619872997525,13.012660380589008,2.6079817556917058,0.0953378832615096,-1.4107331413310678,0.21394196260417633,-0.5988061993279621,0.9971293273044909,-0.0022210035378211306
2021-09-01 05:00:00,-1.7120652497320201,-0.15964070907681424,-0.22459753123177223,-0.005115838675286784,0.006297276694645896,-0.5803935760341824,-0.044134954982894346,-0.16432315615345214,-0.04582036465075143,7.49370106276615,-0.16225035137840532,2.405457462945036,-1.9268017188191613,-8.356547083691014,16.02263411450039,2.91812159650198,-0.11295207681998413,-0.7243385354611435,0.15426562867541604,-0.781884700226547,0.93094774077329,-0.002668150250468358
2021-09-01 06:00:00,0.6783126515141895,0.028251762915687314,-0.06360995058933279,-0.004658780194596845,0.007761155258175199,-0.5883120803302866,-0.02792298574729602,-0.1341600258947591,-0.015125552154049846,6.481219967413243,0.30511410015599216,0.23753050179173613,-2.102911083410327,-8.160443816276256,15.172558634239712,2.665988316304616,0.9964215018544139,-0.9965223984037539,0.09098802686338128,-0.4427599393697022,1.0868685677547694,-0.00037248637288370953
2021-09-01 07:00:00,10.868010180595615,0.1545531074089606,0.20442016419873024,0.08251450967416706,0.027890495479651892,-0.5201142246770994,-0.07770284069381911,-0.14419027617711191,-0.04242904550052674,7.282635408798507,0.022999730486526097,1.343569176787664,1.389292017834141,11.084361117784695,16.669709949375303,3.038186338851255,-0.8461395379915245,-0.019458763813838674,0.6120030581602509,-0.29432959751009813,3.234466324572775,0.005339474387150206
2021-09-01 08:00:00,11.143348064172965,0.12346101880984914,1.7716819306486982,0.02010012010845137,0.024070561649341276,-0.2524012567036536,-0.0666798623883334,0.019355217097268347,0.01033357998786565,13.235662225163399,0.14229442296907163,1.4292023906494924,4.468621196631895,9.606059173664356,31.57347001489516,3.478168474214936,3.603260322466217,-0.8521826027129152,0.5403279464944402,-0.20023820986000906,2.3121183764848183,0.007568746826715744
2021-09-01 09:00:00,5.508912696694921,0.19408057940701293,1.6841421492925326,0.010594227492854543,0.021898288267648305,1.8595233449362012,-0.08026127392331452,-0.3864092043365799,-0.025041559842483112,17.9283625439039,-0.16032573037985492,1.6065036587529264,5.361921467396776,8.641539532610526,41.21135033008622,3.537188263884325,3.0499565883509865,1.9256456537437052,0.06349525732030724,-0.06120283756803892,1.7579162628973517,0.004839888576172
2021-09-01 10:00:00,4.546538298525813,0.05615062161555336,1.6472017873306137,0.0028240988396550496,0.026445856164259554,2.3642559829125616,-0.09389483230303049,0.9435172482015349,-0.01883504469450876,14.630942235413775,0.9017844223820514,3.1671646473159814,5.152491112741182,8.620386795593495,37.08414337110297,4.186151881835685,0.014667329628937239,3.745203665182488,0.10090718088243167,-0.33937262449946115,1.7221213340750743,0.002056169788286463
2021-09-01 11:00:00,4.409472922123289,0.06520616155787136,1.4182958603810352,-0.0010267119034704417,0.022506511156395435,2.418763295505957,-0.09031797163723866,1.185766782615489,-0.014855694411643798,17.0664647471368,0.4398131666217585,4.615609991503007,5.792174240335621,10.428205993275318,37.7317554758545,3.5015295331123455,1.3696636176278592,2.3021904976546663,0.27507627238600196,-0.5154929013617603,1.6406845686166853,0.002855074182412408
2021-09-01 12:00:00,-5.3847691851698976,0.03232644835983252,0.7022561840926815,0.011819366260774069,0.02616948241560156,2.42312457527549,-0.04460349702718415,-1.1829549279614622,-0.02364841778952109,9.807897652978998,0.6138917757853257,3.8882277872510747,-4.365677053019816,-9.53820073400131,26.093206872279115,2.7705775196300433,-0.5494060448583478,2.6999156810131364,0.00829286342829932,-1.6337406631890579,1.2084361354459774,-0.006010424992493133
2021-09-01 13:00:00,6.866805417057609,0.1320260702404967,0.8761527567292029,-0.009639260983975599,0.03230323749188105,2.765305667311593,-0.09330304980182863,1.203925220418891,-0.019828829656433903,13.190172445604441,-0.36839726866600875,5.000639152905547,6.95178106944582,8.469253499618214,30.319810071260875,5.238712445750909,0.20269917192207434,4.383017934825192,0.42477649169604315,-0.48495667706608614,1.5336310852067234,0.0016424966259417063
2021-09-01 14:00:00,3.6891283766235587,0.05832223719978871,1.325214093339236,0.003274714263662309,0.026155098870920688,2.264447352106411,-0.08159843772250873,1.0295834475948986,-0.024263786317257827,16.101148948762233,-0.16573546003719852,4.135917504371802,5.172045753734933,9.133813653313258,37.67349385059551,4.2250746017597,0.331421353687698,3.8459742084423247,2.0653066921040706,-0.05688188626259539,1.7203168611459168,0.002286940809706058
2021-09-01 15:00:00,4.05832050239767,-0.08860789822948871,0.922251535394063,0.0030776900587544693,0.02711447590058179,2.6119263809028324,-0.058377536189145304,0.7355114585809601,-0.028063617166091345,16.5146489011078,1.3058146603236636,3.5822909725388534,3.8843187500441547,10.784209617421645,35.25753581543429,3.8241257225477483,-0.2768353555053493,4.503747580077246,2.2147191158247517,-0.37438811040170733,1.687437504687748,0.002273006286654498
2021-09-01 16:00:00,1.0708454957069202,0.07195257277025932,1.4584589244173487,0.009895451986638003,0.029012424923689023,2.7247141671512383,-0.07375269471554131,1.1914289452126996,-0.0490243587526392,13.510768879881722,1.0844741521375085,4.189394242988529,4.87592513091596,6.438961083392783,36.045494179847545,3.3747035842308484,0.01180599849162761,3.096834839319976,1.9804991015279023,-0.5392141189150962,1.6207452573645453,-0.0056112841872081156
2021-09-01 17:00:00,0.5432099891489133,0.17237285278255232,1.1511654774383708,0.0026203803651674916,0.028800628833482268,2.506725125524001,-0.038392515751988945,-0.7372941011657956,-0.022697611320305774,13.540375565940222,-0.49809185931953215,3.7841872088701254,-1.7822919318975776,10.385042545758663,30.591912330969375,3.5959935016169315,-0.3286051305814038,3.356742062052053,1.5832235261997043,-1.4386429500900448,1.411076995170738,-0.005651414052149264
2021-09-01 18:00:00,0.21498977450070866,0.03292878877844294,1.0850857555082103,-0.01028939557894475,0.024864618199186898,-0.5102445390826362,-0.054905432110727195,-0.36109087376817833,-0.028823492602436912,13.507854911381129,-0.5642003796657518,3.8328052415429545,1.3879118037965401,6.507887381578724,35.51299988396216,2.652741900423818,7.259133998793352,1.789905539510137,1.0681524081685778,-0.4644082718724099,0.9827041389600104,-0.0048445960962042395
2021-09-01 19:00:00,-0.39253421908118064,0.1237179040775746,0.7116977126041967,0.004446344356596585,0.024630719689085926,-0.30137179451344503,-0.04150985162365691,-0.5723770115999463,-0.015457126445953292,11.669364460177533,-0.2864935127448263,4.619276243811658,1.1070931945001745,4.226896559082872,34.84491327157293,2.8545295928323893,-0.15273020442662014,2.9138151022367205,2.4172549037795625,-1.0087663199522072,1.4378309642738534,-0.006074070688590246
2021-09-01 20:00:00,-4.4823273717626355,-0.014654122785052558,0.4279410019542218,0.007694423059987766,0.022489135921209914,-0.3357823431896204,-0.04935413416402579,-0.597526094652714,-0.024490793758732515,11.412866897664587,-0.2295293982320943,4.4358886579546,1.7586460970829894,-3.940056421227841,25.989425205368462,2.4127135237757416,-1.9057755158188034,3.4603061429601745,1.1861805532226013,-1.7709297806944768,0.9234871680138823,-0.008752661518181857
2021-09-01 21:00:00,-3.068641060100799,-0.03411614818979944,0.28467468424295733,0.002026451853692221,0.017689747529567087,-0.25883416329079895,-0.061271229367453155,-0.5998195888745923,-0.030269228344061285,10.395111729065082,-0.5596618445701187,2.89615560539866,-3.7883266342743096,-4.818382457543651,26.78530004928327,2.8091659219393685,0.1246024884610925,1.2755338262022153,-0.20913008866727387,-2.154207699522776,0.5129440159103777,-0.010224189191279045
2021-09-01 22:00:00,-3.8004869843627826,-0.05244260769600746,0.013148247739285843,0.0009179844716406335,0.01946795789603528,-0.5107411838977775,-0.05648126216705735,-0.5588278892927363,-0.04349318534013277,9.640412099116894,-0.47900643363755596,3.104980435338955,-3.886338347643531,-5.53138445363544,22.38008726440331,2.2854183805769126,-0.16413384353915406,0.09103345892257574,0.0879935600499178,-1.9212331085202727,0.7484315500536355,-0.010559061868331639
2021-09-01 23:00:00,-3.1004510346530894,-0.04191796001368334,0.19167648490498093,-0.00023540914001025234,0.015910777224689015,-0.5648680072073902,-0.05594133320067413,-0.21539777169630497,0.011329253633825347,8.67415633206022,-0.09289600635072272,3.6095469283035837,-3.496373691200031,-5.000012410084654,19.610754248223405,2.4061689440834133,-0.3625844812647755,-1.587947319016964,0.01311754444468351,-1.4089995152492432,0.7854878684669996,-0.0062886949664763365
2021-09-02 00:00:00,-17.205939137746622,-0.030483716767961484,0.13738450130312563,-0.03226161123493376,0.001048800801587079,-0.8656159949598307,-0.08706691582984404,-0.15888928629085625,-0.012299187656723809,4.360909174637913,0.6722582139304412,4.02686039701594,-2.3848510726639516,-11.940996043580004,6.643878871144686,2.9356332871634674,-0.4710569021494825,-2.4327028824804247,-0.646702534510617,0.26011378464977086,1.6561506846882625,-0.0019678487190599937
2021-09-02 01:00:00,0.8496837002347579,-0.03237883803346598,-0.21639653062768713,-0.016590807679072006,0.008096738877451624,-0.6435876416890743,-0.030794509342733464,-0.13103164583580182,-0.02517086722051869,5.341767600950946,0.41573377019196694,4.609483978597295,-1.1224934587535274,-6.853651749811126,10.883630413682718,2.9563710122902584,0.30540733464405867,-1.0209363745084181,0.05081788493060345,0.19211442719085592,1.169947922435402,-0.0025122310725492897
2021-09-02 02:00:00,0.3092824873156909,-0.2098329389964951,-0.22802873431349738,-0.0013289008094800275,0.007020733097660654,-0.6075163012586201,-0.049419375427265155,-0.12808737135445072,-0.01453047187071499,7.3427317573145885,-0.29706578679196355,2.5451651167635365,-1.0308179095483934,-7.156041716124382,17.026986441821943,2.9923649866373605,0.28391154657772316,-0.8632387080084528,0.38939978906615136,-0.2575399525721527,0.8116815039160097,-0.0016307342624128042
2021-09-02 03:00:00,0.09225457265077804,-0.11944267737027565,-0.46120016595493774,-0.0073754851493622355,0.006598550586755968,-0.6131531440856133,-0.03704263809623099,-0.15590981322740782,-0.016859905314938133,8.012104869677236,0.11487609869881027,-0.050775933571228685,-2.7346391083114447,-7.834310704072753,15.75971632988211,3.155378134486017,1.105150337524238,-0.4685219271314328,0.41481388786566875,0.319824728730993,0.8953626198113745,-0.001899226643890159
2021-09-02 04:00:00,-0.23471081784440995,-0.19080670745256093,-0.1751972391023619,-0.01834134340624029,0.006215451069317983,-0.5845857675226022,-0.05788838480691136,-0.1516394939045112,-0.019603994684261997,7.162112882328628,-0.08781906688008824,1.3022296406007112,-1.5300356580695507,-8.436892229692093,16.268652841468175,2.9632296242431657,0.7060771670610254,-0.7878227081241965,0.3353300336627785,0.00812289969179116,0.6473768211727882,-0.001635263707411737
2021-09-02 05:00:00,-0.938736588380379,-0.12470898300156126,-0.39876840097263916,-0.00780764525817109,0.008327100193082061,-0.5728175072160541,-0.049822969929981455,-0.17505115277294267,-0.020284171866874562,7.731022129245607,-0.0502003611889271,1.3356731268213666,-2.101539850722132,-8.237695270923458,15.75731612621462,2.6838479810506515,0.8846623601580138,-0.30672066281960825,0.19503469533855633,0.2020790888642438,0.7704672944690336,-0.0014551296356648106
2021-09-02 06:00:00,1.225477078641822,-0.1217218415709905,-0.09920119929226189,-0.010299064667904678,0.010176064683611557,-0.6186514360111178,-0.046687196206475996,-0.1625412402886151,-0.01985306504458922,5.778985708897648,0.5057828532264859,1.106506880255522,-0.9161689257392407,-7.837747574397545,15.062933343817233,2.628716205207328,0.003380274672052797,-1.1753081158103522,0.33138903486692944,0.3296195516541354,0.9572755358429877,-0.001224398491298601
2021-09-02 07:00:00,11.358615310840207,-0.11776840115959147,0.6421208518084133,0.06305357409579057,0.02507521400657622,-0.4458519149602911,-0.08877825318707988,-0.029541365111692523,-0.046420929247012375,7.5667832840241696,1.31626240437708,1.6953265429224098,0.45048317660732184,6.758280695734378,16.357053027887247,3.130250369763841,-0.7055763788981559,-0.16979042475269562,0.6525125931499232,0.2817480876619609,3.5268851580896206,0.005082415471201281
2021-09-02 08:00:00,10.337436623336956,-0.12251717996271896,1.6088434343187217,0.024781897766500274,0.020062317525705968,-0.22214652030412227,-0.07606557913795095,0.07373554336235241,0.13785708645536277,13.271849571252252,0.22060205152614645,2.1962138683282646,13.583947727724281,7.307417010895464,36.20577670067319,2.569535282370825,2.96802107908018,-0.07945969367737182,0.9145148151995095,2.1843117695709493,2.9384888957843316,0.009559842539183074
2021-09-02 09:00:00,5.600801273046456,-0.08241806498594852,1.267589314088676,0.009582681088649823,0.023235048024638816,2.165963275952192,-0.06575989627112698,-0.3815616417437398,-0.051284635292085955,12.177923497808312,-0.7016798692133973,0.9202197989998429,5.142493958548068,7.34418964764232,35.78846596203178,2.9937740983473113,-0.36114811823973886,2.0591576248816508,-0.008012842928458575,0.5135878670374415,1.6252345930366114,0.003681092872223361
2021-09-02 10:00:00,4.813618714448771,-0.1348087491066895,1.8101057749286977,0.003017749113851806,0.02093754005563024,2.020376824674357,-0.09977107008682388,1.0320915433925437,-0.01738112583369836,18.37455908812605,-0.5010432125065831,2.8336811879235664,6.734831115056249,8.190385734008737,39.62227993953392,3.730057164114924,1.2729978380707274,3.0927604261658255,0.02780318838787854,0.5313933292026389,1.9254672213434756,0.004439206893655352
2021-09-02 11:00:00,4.24622974680615,0.00032864721488837603,1.7234550558275257,0.012983332615566128,0.0260625152359788,2.578506131217333,-0.11057206620795766,1.352159600405496,-0.03897678908999297,13.9327123131267,0.6571333091858542,3.51068377713142,5.381597238073647,8.249466282411055,36.75791772184866,3.68245220585741,0.04537320559351996,3.0976138082455456,0.23563495617780544,-0.2521625387883613,1.4507173264274795,0.001502681351846327
2021-09-02 12:00:00,-6.007297851518211,-0.07244666833148163,0.8121692237183454,0.010111215155729094,0.017399245240104864,2.3450062893773542,-0.05470718836174972,-1.4185398033653422,-0.025424181419624523,10.098265457236266,-0.6067257228705897,3.0840868389320932,-4.81922551881578,-9.183936158602464,29.38642810700486,2.859349396856058,-0.3143404696216484,1.2724812587257275,-0.431354569580798,-1.2119837979001529,0.9927162106556882,-0.008275492759306172
2021-09-02 13:00:00,6.859966276176334,-0.07029377050998545,0.3133695584114233,-0.010255503191856783,0.03134222501145061,5.009730021929988,-0.07204481408632255,0.8978733580281113,-0.040711722531547666,12.241948248513028,0.9175666084527024,4.691122685608182,7.154735565600082,9.21458078614711,27.23099102480585,4.99075096332359,-0.22487122609453622,3.9693995076318584,0.7670622287198796,-0.7103058869028435,1.4379219486393604,0.0031261839179334053
2021-09-02 14:00:00,3.337240090461997,-0.05958075668565601,1.7720154151978351,0.0013668915039752399,0.025714025605980847,2.3783641606565333,-0.08181252949313272,0.8625353065497151,-0.041117853699189015,13.643727894356008,0.5684046835838777,4.471611781573353,5.687878507401893,7.304619293065381,35.915733447433254,3.928767620167483,0.290641750756478,2.3000479001080905,1.156725082744835,-0.18478059125673674,1.4192126085872716,0.0011330750776827455
2021-09-02 15:00:00,3.479828028739978,-0.04412073530078139,0.997763895474816,-0.010299062713252505,0.023146279730408503,2.3794099301129314,-0.09033507380961918,0.7895519132082387,-0.03323415135947788,16.529710621810853,-0.5022782670806254,3.8203170116390788,5.805443589829191,11.610206355376642,38.40104463197841,3.0825258484299365,-0.5701173545210151,4.320763523003014,1.4672792857104062,-0.3960835207401734,1.4208822740969347,0.0023216396307506725
2021-09-02 16:00:00,0.6361659789455635,-0.0852542336102912,1.00352978461601,-0.004281354913426112,0.02592608418083386,2.7050174385752155,-0.05607964695470594,0.8169064255131524,-0.04661131024526292,13.29718128695478,1.0755276878526503,4.521098836640902,4.047448098866049,7.332416363339941,34.73057790359723,3.353714444881997,-0.09107636127417101,2.7844557108960886,1.1160596539638699,-0.5525764970742665,1.3750909655644457,-0.006236252090571746
2021-09-02 17:00:00,-1.1796434642560574,-0.08463769222983888,0.34663197058406847,0.007775320691533934,0.02662868104469369,2.47052181256237,-0.030972810301350812,-0.6843879590229617,-0.04875623964891392,12.621989871364638,-1.6085620420835964,3.567122577256304,3.65524837473506,7.0009032371012445,31.413576534081482,3.878037226096045,-1.4664245263449562,2.686862720859676,1.0710863882828872,-0.547976115038286,1.3126776125639221,-0.004285432294999242
2021-09-02 18:00:00,-0.9045807409159023,-0.19214953003345883,0.44064182145728686,-0.011634360195602567,0.029516533385477856,-0.5105706566313568,-0.016400373866375256,-0.38658398028768765,-0.025313206109463526,11.930585976701575,-0.38108387716758624,4.572316649659589,2.2295904867415315,7.23159895720082,32.22473797757465,3.9724635158321266,2.1920299938541374,3.03813189932443,0.54410071679599,-0.09148552335998311,0.9553232548695936,-0.0037777410571619542
2021-09-02 19:00:00,-0.12207837192959649,-0.16818581655618178,0.7327144533266853,-0.0077061826586608635,0.028315454977389347,-0.36440328440688935,-0.01007675673666946,-0.33787068964528943,-0.020572326511138554,12.630475336318273,-0.07036698665660031,4.730742164139878,1.9501878966355317,7.495432092186616,33.906393458569994,4.0740111345341505,0.09858935737053012,2.70779702915566,1.0789512840199342,-0.22856369212570535,1.3067807295309346,-0.004829223949926578
2021-09-02 20:00:00,-1.8822688818812499,-0.12186127010773601,0.20598441271444043,0.004705477811521545,0.019067525218412065,-0.0049971062205260075,-0.010864539059761666,-0.6248900538799255,-0.027020834991694474,10.56577685656713,-0.4380783373889168,3.0523957439285807,-2.23423321686969,-6.47800735831785,28.91236270575835,4.238328021255294,-1.0960726369382017,1.935882206157255,0.5829177597351934,-2.0099998642010677,0.8998079953235147,-0.009439928429957658
2021-09-02 21:00:00,-3.3581174458733853,-0.15212863695287543,0.26951870288529245,0.002961918678912463,0.017240093370246314,-0.3712398119898443,-0.035027199806072024,-0.6226350174837739,-0.027919082353404984,10.572276933349928,-0.70885433459523,3.4277233648271013,-3.9651832989185816,-4.9493743963546075,23.866314454213708,2.1784015678811146,-0.013193743663862403,1.9076025202649909,0.4476442698200183,-1.9594914562470562,0.683936825891552,-0.010408463647326355
2021-09-02 22:00:00,-3.707264914215531,-0.16796151063016798,0.08163577576988472,-0.0008417487572852814,0.019856819628610703,-0.39453586398213586,-0.04220011341895352,-0.6051606317114016,-0.03571398748567591,10.020315209104266,-0.5153548228073772,3.0571651398189132,-4.3402428291506086,-5.611870402018231,23.728389951992977,2.2398865183802,-0.4042679066243081,1.2199047509805379,-0.06120667292404904,-1.6546899403176267,0.6784290986995992,-0.010262026193587367
2021-09-02 23:00:00,-3.3407083608286356,-0.16457320256714913,0.1250308516971515,-0.00937563707011768,0.01602882599209537,-0.4879479795728455,-0.05025338872845254,-0.2968595504440929,0.02050337199484259,8.426270226319389,-0.16564437885249003,3.553890170114544,-3.891780601250068,-5.7953645356608385,23.48318443047248,2.7586649771448553,-0.5914820602483494,-0.8426075921595989,-0.1396916617709854,-0.8416026824094396,0.6057499397213131,-0.008202609846429808
2021-09-03 00:00:00,-16.243520901432344,-0.2053835942345556,0.11326490434292259,-0.034624171036743444,0.002038710455765394,-0.7663093969100204,-0.06972646007380967,-0.2727320989181379,-0.02039197999479188,6.695777792331051,0.7542001227658626,3.2674700198119138,-2.2542528550417047,-12.282143082190492,6.797952513000375,3.0863325059310585,-1.7611521420820726,-2.037327011129702,-0.11171989931541672,0.15360192962135302,1.5229188638536033,-0.001181267221237651
2021-09-03 01:00:00,1.223202343333724,-0.3158892901172068,-0.19363367703996764,-0.031348905083847,0.01015329150823377,-0.6629515401400643,-0.026963314938321926,-0.12805937811538926,-0.02162951829859096,5.504003084056547,1.482123523838236,4.427476298961283,-0.6499186895851061,-6.615691301425709,9.843499872685792,2.6146711839253953,0.8846374595346731,-1.3518498153381622,0.018342115763231113,0.2229922216314131,1.0772535473903253,-0.0027977954513496413
2021-09-03 02:00:00,0.7688986631169303,-0.34663712945758074,-0.10138749307341186,-0.011696668662139698,0.009886839781800745,-0.5495213680379402,-0.03400587034331758,-0.12795605537042964,-0.018230018947717242,6.837074117917687,-0.02002318068447552,4.7530470968698255,-1.2234308760249006,-7.696637524874809,16.381442556091944,2.82912043144689,0.10368763839913628,-0.9370638816816776,0.4218669471305225,0.01562910455392955,1.1428487328483643,-0.002151444113286849
2021-09-03 03:00:00,0.6388092883446762,-0.29261375154974834,-0.23109956705286797,0.000519182675821401,0.009605056773629451,-0.6160166826336299,-0.042465053876751216,-0.1517033540579677,-0.023993906576528407,7.545798273134651,-0.07654252626895798,-0.4367552959697269,-1.440776641723765,-7.919261423024842,14.605141152575873,3.2176976453358166,0.3592762055018462,-0.5962104402800752,0.29202888640405306,0.5730083719937695,0.9086800764233897,-0.00210699768211657
2021-09-03 04:00:00,0.3412965365700934,-0.3110055080541846,-0.08138429850784336,-0.010566457351319385,0.009363109847021957,-0.596348023756451,-0.027681710242954002,-0.12920940248150523,-0.021671987567942093,6.221017039356727,0.20843431891806224,1.3255457892693803,-0.6305872208229859,-7.900142324037685,15.707871538536173,3.070880482574704,0.1267883664017305,-0.7301336281855693,0.2787308817791943,0.09458348254287592,1.387521008591174,-0.0018790992517967561
2021-09-03 05:00:00,-0.7923094571616048,-0.3482700060441649,-0.031035815224238223,0.0007336804737850171,0.004456044493274427,-0.6615533732324747,-0.004638783013948308,-0.16983290104865084,-0.019432632935851072,5.83247390886802,-0.4531601616031862,0.8567641354993242,-2.522545111251063,-8.037932378725365,13.047604569965822,3.008961449161962,0.15788503722539876,-0.7671213955377124,0.037502204388227475,0.08123285344670804,0.740367801626667,-0.0016199185627660392
2021-09-03 06:00:00,0.5684585212738382,-0.3707402611829801,-0.2559343562995423,0.007130193366798695,0.008603950033611397,-0.5626194800077499,-0.005638512378111386,-0.13000796151734523,-0.015773247650743675,5.262626220963298,-1.1417455646735293,1.1944513387704956,-1.4678554065222662,-8.36183875569602,14.716256830471329,2.6468598274849136,1.2098383514120254,-1.0484557808632766,-0.5720500026547954,-0.287088184208968,1.0125557744443985,-0.0012376331626153731
2021-09-03 07:00:00,10.079988980189372,-0.6622167882558685,-0.08610939280236976,0.0654114785661956,0.018067069524099467,-0.4647696480006165,0.024307447834589126,-0.26853203921569363,-0.017875738935735363,5.252362929291706,-0.9114116980866571,1.0938576007904401,3.103984669811432,-1.95953589147856,11.965820817871013,3.5019771541252536,0.4241986046712283,-1.0035869882325354,0.4679478988795419,-0.11287871830086667,2.0242190081188416,-0.0011278655746842204
2021-09-03 08:00:00,10.47824320656994,-0.6694173694229028,1.2993782450137583,0.011276513750235797,0.020588444771052497,-0.25880901108957327,-0.0381006508114251,0.07221609664219832,0.00013644227137908586,12.943510689469505,-0.051800810266663146,1.5836791588610413,3.687383455066939,10.019165287764435,34.375066478499406,4.171325788645083,3.092809013778675,-0.7646755978533493,0.6458660232460253,1.0137726032051906,1.676439061506504,0.006223567242758376
2021-09-03 09:00:00,5.794368401840136,-0.4751473251078157,1.1688350143565356,0.014624396118330985,0.0222709483706494,2.09256804360969,-0.0682696881495799,-0.31723996485822425,-0.06654306207176904,14.35451866836172,-0.04110940837324532,1.4063452840503297,9.303096974128193,9.107508637335574,38.17954707541967,3.5508907190784007,0.40641020646442777,1.6559351761630745,0.1910695383502371,0.9883331192904924,1.7759697449356935,0.005693759567489915
2021-09-03 10:00:00,4.367498453731529,-0.46328452843314083,0.7451189017188259,0.002108003121944467,0.02801459984258005,2.1631613374279026,-0.08586639849615504,0.7045115730822601,-0.04483114551663025,14.172947178815807,-1.1689729394443433,3.249436580868343,5.346647981240793,7.814708156120324,35.57015393207524,4.045634906901128,0.8255014263909739,3.594378915484446,0.2207436622543392,-0.10238597929567884,0.5441117961550778,0.0014780621375027531
2021-09-03 11:00:00,3.900782366397188,-0.38361452432082416,1.138881761828827,0.008744229889592607,0.027747449841579803,2.304216175170263,-0.06557676971810397,0.8454432727015803,-0.04719129258262077,11.198607488378784,-0.8668620905855806,4.150409243615273,5.200750903627888,8.627988642726844,32.94002337657437,3.306245761040493,0.13368067836177008,3.6094089732287986,0.17118214932789275,0.03899246253978876,0.8124610023611781,0.0012618485803693458
2021-09-03 12:00:00,-5.468815576932292,-0.2849985746400788,0.6303388451777189,0.006879606446892006,0.021467771535213596,1.9284595414676688,-0.05932985804765371,-1.0202760674831588,-0.01777194752152295,10.985756796103598,-0.6083017758579895,3.85289669229342,-6.0675036320069875,-8.553209053287084,31.170586040419977,4.965630303627654,0.03341251759440995,3.567709082046032,0.017966315922578486,-0.8381056975590164,0.6417986834381636,-0.007944237122487418
2021-09-03 13:00:00,6.139685242091191,-0.2732363407631069,0.16495148859719544,-0.013855442967436538,0.02794246076269636,6.099551786509471,-0.06103310752204352,0.8231748573753067,-0.04221283847181011,10.116261462537379,4.425363053697304,3.3116505398864584,5.6290450651617885,10.23032093827711,27.699405321388355,4.492737271359811,0.5583064860148225,3.477179037314575,0.9907567333519497,0.003573613053409826,0.4603316778935473,0.0010892819927488895
2021-09-03 14:00:00,3.036237333051416,-0.40619858319349494,1.2332396947755462,-0.0002813452447624016,0.02524478589940673,2.349941663721245,-0.08168065063656256,0.8965213300308276,-0.05102929442127493,13.281268864052011,-0.2425143421983662,4.230760379285756,2.4999500954623133,7.903588399678895,34.4982720636192,3.4361158651846058,0.2602616758007377,2.0575923459971723,0.6488244034295643,-0.3751852690236428,1.161312751519996,0.00088920833490416
2021-09-03 15:00:00,3.036103001554423,-0.20271961471359715,0.7279564527230101,0.020622466596687837,0.02617502381090749,2.3385439067149973,-0.08114706225765907,0.5651360542554298,-0.029782235310483417,13.03901434476578,-1.3127779757882845,2.985485616152212,3.824891158866502,7.014264218589941,35.96211702585641,4.448027256356156,0.06942668221826251,3.3068664932105087,0.4293103805299327,-0.5105348174844437,0.6325226068125579,0.001784927752352238
2021-09-03 16:00:00,0.9530344177016156,-0.4175198559465295,0.6686171925676933,0.0013579376016792028,0.02807755131574294,2.5240363477960157,-0.0796472511741904,0.9942781459472134,-0.05284982416331541,10.813667628442353,-0.7308175515783216,4.769748682607061,4.980149230916785,6.279079570117119,29.641898201626592,3.0105729924262508,0.008149409099023834,3.5567455341667635,0.3556736761238367,-0.17582908347869136,0.8066591450799079,-0.005326790954616947
2021-09-03 17:00:00,0.18793428252450495,-0.3568876084998246,0.5856404301134734,-0.0031645159062470922,0.030330751758934776,2.2586904995016455,-0.06631787943053587,-0.46358975672298736,-0.011216827989984116,11.240568346250324,-1.0967636537833505,4.49926085444263,1.465840652784137,8.274129171887223,31.241483873635996,3.178489161528081,0.14727741511553974,3.108441231607293,0.49081668810220513,0.26730474143862265,0.8396252764727681,-0.0055367091878823485
2021-09-03 18:00:00,-0.38796005100008796,-0.4530181318039997,0.5933225317200598,-0.01271524271062927,0.02036716523806939,-0.07711682828059514,-0.042679965661125537,-0.32599249852149514,-0.017119070239706186,11.80768558760706,-0.8091099237687017,2.928644135292598,2.61115518086409,5.330669078336814,34.2597912072551,3.4467689825205556,2.48703826995455,1.808041920248118,-0.19198711698530055,-0.4790588652700429,0.8567619755314065,-0.005345819420555217
2021-09-03 19:00:00,-0.41769527646999083,-0.6175298526972148,0.5203208525569917,-0.013454224611144022,0.022472033126112918,-0.14400992686535125,-0.04096165538336114,-0.6261463725697967,-0.02956672436037903,11.355933384984523,-1.2306665799322851,3.1247823905329044,4.488948403720181,-3.26020415961238,29.41943664498855,3.2125518148975236,-1.9655123827784637,2.290604231466895,0.49725909297191306,-0.9203131644685538,0.5968226144111486,-0.008394530333452584
2021-09-03 20:00:00,-1.7899621906260361,-0.43772748093003555,-0.08023446012246656,0.023607571099097585,0.021414407083353106,-0.5079300557768668,-0.06443662478828038,-0.5013819345162506,-0.03098736862858296,11.296035073089541,-0.265043999593458,3.8565964708759997,-0.8982787002357447,-6.211825632677914,15.50160296293186,2.673799639263581,-3.7444684746963754,2.617762215813001,0.7844698988578265,-0.7579688885903952,0.7899376861348395,-0.0076884371730903634
2021-09-03 21:00:00,-1.5502751793256573,-0.42323771249328196,-0.22585702945647507,0.026227036998614523,0.020153620235391332,-0.7640489549960555,-0.048664387769796966,-0.3225757279754901,-0.04431964211978331,7.222071634647554,-0.5951238189116269,2.492806476244787,-0.7866939531293737,-5.990869013774293,13.339293863884555,2.675319872577834,-0.1987659378349839,-0.007984214557828289,0.10072608518903817,-0.8969038770390558,0.584488671699643,-0.010021547086981513
2021-09-03 22:00:00,-3.1891707789842223,-0.47472379610230814,-0.06158192975782749,0.020942077907583418,0.015556349555905461,-0.6338512791567218,-0.03328153840419546,-0.34571149104111587,-0.0770453355763789,5.049018144949836,-0.5250589561160371,2.40913302483339,-0.3433060379967685,-6.320147353455974,10.030549653094871,2.5338405647270883,-0.10903411555024542,-1.8401145842807953,-0.17005356345924114,-1.1161702185042757,0.6194051189005683,-0.00627307459656251
2021-09-03 23:00:00,-1.8656739378794587,-0.5066831787581408,-0.031966504382913145,0.04192389288053435,0.015063850381950029,-0.41398196798162085,-0.07184765499180946,-0.13392354816121088,0.005406281335921762,7.66737192485374,-1.3342597464985246,1.3191931862656978,-0.6221100062195322,-6.523852537582195,17.108161651876156,2.5970079965363992,1.8196921667878676,-0.8874277821040145,-0.8637698469516886,-1.0372503901977705,0.6541339638983896,-0.004711122959199981
2021-09-04 00:00:00,-15.288019499282681,-0.1287037335515459,0.1047344356751257,0.10885858308796324,-0.005754036184438051,-0.8466626892452178,-0.12612705894687964,-0.13670854150805845,-0.021664093009817458,2.2692831205325334,-0.061601361584869514,0.6606426696463401,-2.0790104661541773,-12.1307003366123,2.513532154661864,2.2864225646823533,-2.579963061133569,-2.37124147138487,-0.7671761357847742,-0.7876713151745408,-0.2654374758351647,-0.0020271613412659426
2021-09-04 01:00:00,1.4963780649260585,-0.3704193055976815,-0.4901664402153481,-0.0034003967693208366,0.010243997577644345,-0.5844531912545445,-0.04557031041181618,-0.13504543896781318,-0.020669931857170566,5.392039049416487,-0.7733711459582542,1.1115365781850455,-0.6142673716221341,-6.784980620544387,8.643327398329566,2.5007923387172686,-0.1861301931149006,-0.9426429724936811,0.29339107480721094,-1.532074905383493,-0.7860914222863777,-0.0019113043621329694
2021-09-04 02:00:00,1.073865141264099,-0.8480754981588945,-0.18730194552713283,-0.08135842205477656,0.008747209240031093,-0.6190371807421983,-0.05288190549162039,-0.14244767999299127,-0.01793355946986766,5.355650043809365,-0.25404383862752883,0.30604387539941963,-1.3923761691672356,-7.104353543866714,14.909998246415999,2.389664438279351,0.7279593160274271,-0.6870540394615299,-0.5981697392818452,-0.7127177989950234,-0.506468747105533,-0.0024465827584558225
2021-09-04 03:00:00,0.9080771815155788,-0.680633699309153,-0.16040802258202552,-0.022041850576163365,0.007128616383501218,-0.6382653718012676,-0.050047414641485585,-0.13286316960053585,-0.016266787378142706,5.356595575072002,-0.31101636199601623,-0.9999929696379276,-1.5493140794732847,-7.209723696911314,14.428300016297216,3.064558469633861,0.12808219430520512,-0.876056353260763,-0.7105316821269991,-0.7201339199935064,-0.6629843374003065,-0.0037846484430973898
2021-09-04 04:00:00,0.6726675505144118,-0.6092737143955134,-0.05713981730270582,-0.05652558723578316,0.006284799552056257,-0.6611279076247093,-0.038429637067790005,-0.1481639765403815,-0.017746317189444777,4.964761272482384,-1.0104841081330675,1.0719059218448344,-1.5359988404474663,-7.505603977937397,11.813108120837196,2.3127265719345753,0.05731982841263074,-1.500052237300643,-0.7942260771583193,-0.8261340533488121,-0.8379920371936758,-0.001721468038747299
2021-09-04 05:00:00,-0.6646338327509362,-0.4494697514054741,-0.04374264188910441,-0.02675339350711637,0.008063864107537384,-0.6457706325980208,-0.03309444682622504,-0.15286504967496928,-0.019276525943965676,5.968740485149578,-0.7050034283369795,-0.1833688439028215,-2.0517552308951004,-7.695653788283207,14.486270554452805,2.506770582164285,-0.04679433261764634,-1.2551858139974945,-1.4037055822403526,-0.6327331720695,-0.7020506772039083,-0.0029093411281097058
2021-09-04 06:00:00,1.0766203260739517,-0.8729588530394277,-0.21313730389350474,-0.06473263522770192,0.007266953769798194,-0.6276998413199455,-0.013649317605525213,-0.14243054619401815,-0.015080651965729564,4.690657182964528,-0.6698597743847318,-0.2211166388667897,-1.5783015381192607,-7.725898030172385,14.067732960907518,2.5991171428506767,0.5786419761671098,-1.3340865034006313,-1.104510950406267,-0.5781654189320924,-0.950721043012391,-0.0009615861821900075
2021-09-04 07:00:00,7.136918558639257,-2.49937862676187,0.188878269583154,-0.6732410269745716,0.016658801548234,-0.4910763872095093,-0.04258304948842437,-0.15579423385579513,-0.009547001573610676,8.73740585691696,-0.5937016831569294,0.41501306038463764,1.2529581088375892,-6.584769875144904,13.659397935213832,3.0371870385499817,-0.3927317199162423,-0.8446558729498516,0.6241395141959453,-0.6228365042174443,-2.949533445340024,-0.001344529060211595
2021-09-04 08:00:00,3.1977811649721084,-1.0833179407494815,-0.2180000717233926,-0.06211106127109259,0.014378115750535774,-0.6601403627840652,-0.14597647057144328,-0.10676976270514127,-0.026683863108927754,0.4908706646299463,0.9716079602894299,0.4500463756985259,3.0482626387117504,-5.525687695811277,-39.1861301949152,-3.415777167615764,-11.891315925225179,-3.5503841191396277,-0.06584937116723462,-0.8465015679829198,-1.7212081409769404,-0.0024982127893468735
2021-09-04 09:00:00,1.4264294965916942,-1.1084760226700514,-0.49702141323066146,-0.02625981006640051,0.011776360735143845,1.6781333689491444,-0.12555794073149998,-0.42498809918861086,-0.03992150545256725,-18.441300555883373,-1.9823744674944295,1.3286769464665482,1.4644323530821968,-3.9697061968460017,-43.89620441100805,-2.8107830264541214,-0.5970970779155232,-1.025366141865247,-2.581402276361898,-2.2048828947419956,-0.8592199910170882,-0.0008929271131818037
2021-09-04 10:00:00,1.6959043638095914,-0.7980061363564359,-0.514048907869187,-0.014296694805337865,0.009731601801067928,1.9731845424652203,-0.027246714932349144,-0.3569799704314604,-0.035741379366606485,-19.064582666318326,-0.2840493216606381,-0.08018841959191846,1.5760298278533589,-3.7939947295711303,-43.332940621617574,-1.686743144342438,-0.020671953082374114,-1.4384922149520356,-1.9454037089488545,-0.7268667539398687,-0.5130048362070584,-0.0018553638481951036
2021-09-04 11:00:00,1.722595727129839,-0.9356013946429267,-0.45073085957366293,-0.013212284478408798,0.009752347943073685,2.107993433747725,-0.07132879213967792,-0.4451687246842271,-0.0336457582478043,-18.167903079175815,-0.0661330917826472,-1.2032892615554764,4.7053745625534855,-3.7304764922918685,-41.27824540028663,-1.924602158634355,0.13992519615599755,-2.9732765904620653,-1.8221500107068982,-0.48151820763266645,-0.48993898051471296,-0.001944579003935792
2021-09-04 12:00:00,-0.8028608274043924,-0.8144457880298429,-1.3151930766628381,0.02303723033387019,0.007761914445643913,1.8019989588030179,-0.12684902893959796,-0.4344530717363893,-0.021763919368164374,-17.79832031795908,0.056713363798240414,-1.7327000919794528,-1.241325541612385,-4.4948792161991795,-39.52171637071228,-0.9405085616736086,-0.12076588757043012,-2.86473983840558,-0.27489435541847174,-0.5794416111755951,-0.8580247644207766,-0.0014235138784504096
2021-09-04 13:00:00,1.222994734718933,-0.8487552499323501,-1.5573675864676702,-0.002115529909076228,0.007160620334133855,1.884153871626096,-0.21747243558141266,-0.42674099775494057,-0.021553997314137117,-19.053274267913228,-0.17751184130360448,-1.3328535413104543,2.502686662033207,-3.703146369989243,-43.756176714990765,-0.8479143260613321,-0.007230109438547766,-3.04616515707316,2.7658719097087396,-0.5368259856900511,-1.005085401076197,-0.002370554122337855
2021-09-04 14:00:00,1.0451119504722548,-0.9875745620164605,-1.109519798600723,-0.006922802999906409,0.008932176401747963,1.9034773012505457,-0.19573978848262882,-0.42148985015580476,-0.026864038922168366,-18.142857558627103,0.2586893971535839,-1.5713566210904495,3.2407113504894345,-3.6464857545568394,-41.990466652800606,-1.2316299843018461,0.5394458828592462,-3.3617253143342882,0.7723794585638661,-0.9161399348134526,-0.9260363190516255,-0.003277807438484073
2021-09-04 15:00:00,0.9701883643366996,-0.8800803697538486,-1.1557792676122147,0.03774169255749036,0.00884812349204289,1.817872070876964,-0.058338125935817844,-0.4600514958298899,-0.030388425348550064,-17.751487661339283,0.1530287975454955,-1.5014596474395805,1.239475530821082,-3.8161232850982287,-42.96811093297836,-1.1965729786197277,0.24797511936202146,-3.248057162667556,0.7304214120807994,-0.5682882725753398,-0.7209998210028227,-0.00341914305090613
2021-09-04 16:00:00,0.7578758549910976,-0.7793307757486719,-0.9601030339086188,0.009584664023112971,0.008545833135686985,1.7889542696181902,-0.07547205852547256,-0.4280618380151836,-0.02659940755306743,-18.87679361488466,-0.01720802412288896,-1.4356056540644864,1.647534293407097,-3.421179530770399,-42.834146951530485,-0.9637980198932351,-0.07802600503418725,-3.3527587571122877,0.8774434104670994,-0.12800664918018312,-0.5286915513420488,-0.003721730105991133
2021-09-04 17:00:00,0.6240419255570693,-0.9292703562698874,-0.8467987197539877,-0.007292395136644953,0.008077025943892894,2.0824824021676256,-0.09203706534679668,-0.3326511540921371,-0.019872491115741065,-18.16069674835879,0.23387592195600487,-1.6928677838339432,1.8345558602436773,-3.295566468242546,-27.361859528064713,-0.4338364335287086,0.24215111559106958,-3.293492528839088,0.9126854118843404,0.66470847748566,-0.691947572131373,-0.004531985665379734
2021-09-04 18:00:00,0.37460989546604817,-0.8707899087358048,-0.9219593410073395,0.021463870365215566,0.010693740231016843,0.05945855385827615,-0.16912940720577743,-0.314263685201888,-0.043701983283521074,-17.4158182213113,0.13245831527817437,-1.3900380595783048,0.78278541496182,-3.215670081451906,-42.67472264124726,-1.2303680136557384,-0.08538118943683887,-2.480390655236367,3.04553404893947,0.6557144213168409,-1.0164041587593255,-0.0034775670447193163
2021-09-04 19:00:00,0.1756999708334518,-0.6278546691946063,-0.827799486491185,0.01653465361109243,0.006671916799976382,0.06803541138554149,-0.10763555955432054,-0.19310795329943017,-0.04173238954580947,-19.097870329109547,0.042027421530246134,-1.3906139558659858,0.607823096030282,-2.9875259528194444,-44.667665294305756,-2.90302006407321,0.7742433282024442,-1.9994875954278244,2.2459309712491238,0.06721214969623289,-0.729750903406638,-0.0037349683634512144
2021-09-04 20:00:00,-0.9118248776111416,-0.5815733475922356,-0.8621772482729005,0.01640862169691217,0.004273047856703031,0.04603106033862689,-0.028943395085409808,-0.19781194967452703,-0.02537083605286091,-18.281963907866658,-0.23602481411043433,-1.2335691486681233,-0.5953613167785127,-2.881955139182073,-43.92609569604905,-3.0850813697886985,0.16504083911236012,-2.342558940366502,0.7617026728764765,0.43817818093927313,-0.44153610850132335,-0.0041123896162690195
2021-09-04 21:00:00,-1.0859974326793347,-0.6197155847377632,-0.9462510210370569,0.019700391595969098,0.005070876644085198,0.02798787569666343,-0.06313117805330494,-0.27929044642815737,-0.0223588114274717,-18.991282433217297,0.6628994289798874,-1.2811517579762606,-0.7723370544104574,-3.142181638673392,-43.8919897495881,-2.9604488859178377,-0.013310066132086925,-2.367229717463123,1.1775578724736353,0.21420785385444732,-0.490038895592497,-0.004306165827035259
2021-09-04 22:00:00,-1.1741817967635537,-0.5355854736754815,-0.6543884536049547,0.005295497559395854,0.003139271330574204,-0.10034183410438335,-0.045876371524578914,-0.19785584385400745,-0.024136200495394625,-18.79941973255467,0.0025786628684958007,-1.4449164071226133,-0.7392791993556946,-2.7147421970660015,-43.67690311710343,-3.0649847081727213,-0.32444552170241453,-2.4000119947813534,0.7465610294469202,0.19359887514888194,-0.2574622019826109,-0.003665092993164747
2021-09-04 23:00:00,-0.7856403666648588,-0.4243721111838647,-0.8374327534454599,0.008725748722292148,0.0015915515197257328,-0.094809799909559,0.003653832894628051,-0.05535526355286036,0.003303096567090224,-18.212904685854678,2.630154632833834,-1.1718743838492938,-1.002379203840723,-2.881577331296994,-44.27086159731227,-3.04218899810056,-0.12228619474713241,-3.6167800498862825,0.4165139183498219,0.24806354061410113,-0.226524333560097,-0.004023162599112213
2021-09-05 00:00:00,-5.849681918231447,-0.39823467172621185,-1.0012692939288608,0.14481589972171743,-0.009415349314205127,-0.17203990778837866,-0.0648966317238466,-0.06903223640036792,-0.0034696109487888337,-16.796896862891497,2.3408975160827232,-3.131795874675609,-1.1496157171959551,-3.610753223554968,-39.516146450408996,-1.7250862935383942,-0.27162062690793287,-3.1894370395715588,0.9399398691639137,0.6195707257256885,-1.8844550708339811,-0.002654437968045895
2021-09-05 01:00:00,0.21076208875882954,-0.3909491875172729,-0.275744895612134,0.02342714202685502,-0.012886727471440528,-0.1453775197484379,0.019545516492644015,-0.09467210615669894,-0.004834442831056385,-19.65160901747126,2.2417716992287713,-3.3448493936118524,-1.0841221756287494,-3.4285592725520204,-45.03024401173519,-2.8423611480917623,-0.09215635431548522,-3.8677713810573753,-0.10389050570550205,0.41101744410969915,-1.3862931170732875,-0.0028037358346700955
2021-09-05 02:00:00,0.13475781399076803,-0.404368411347484,-0.2114646754536132,0.008047838274297815,-0.0067518448901679835,-0.1358338917726941,0.006054427261598507,-0.11275947375030157,-0.0031469854045000213,-19.088390549943018,0.2733103770567843,-3.2315918707264917,-1.024279874943128,-3.2453703997707155,-44.58543508584104,-2.511261814063293,-0.3604270558665219,-2.5985864636117952,0.7980558630146452,0.4646604506161641,-1.3599774384093637,-0.002505083785437308
2021-09-05 03:00:00,0.045465491457273334,-0.2648826711953334,-0.36217366812737223,0.028630444261497273,-0.011654151422380816,-0.16029622456808287,0.017563017254574674,-0.1068965213350271,-0.0007936499515839373,-18.87355607272926,1.8665529957090146,-1.4883812252673594,-0.8796876626841464,-2.9587359125576453,-44.93796266468355,-2.8171600739706713,-0.14545661173747013,-3.698773871090985,0.006077785513457971,0.8865382357378306,-1.1095174192337784,-0.002866353665409902
2021-09-05 04:00:00,-0.07342032595499877,-0.3397487938395558,-0.19927738299021247,0.005583415938754999,-0.010884283096995077,-0.14809355177560035,0.0029287349184711825,-0.1116127415581268,-0.0027747175249871886,-18.83012624732876,1.955829372687135,-3.6802620933800254,-0.9905426461611577,-3.1090289694194726,-44.45238166048543,-2.5824362703640547,-0.12738400787461943,-3.2015875142392183,0.2643377936896466,1.035493898156467,-1.2806815417767998,-0.0025755205806559265
2021-09-05 05:00:00,-0.19318848144487039,-0.26105086704283437,-0.14601099478456844,-0.004324643869039262,-0.020223245512773488,-0.1539201237685228,0.022334493372535843,-0.11813773423763058,-0.023465616032454884,-20.081124818982403,1.5737328824838788,-3.7807759868881807,-1.024313241915598,-3.3135579988863832,-44.89700519195475,-2.5913461880137576,-0.3947049961630202,-3.4181655961785418,0.006335351996957091,0.8735379735369132,-1.2568870643000682,-0.0028956618398375314
2021-09-05 06:00:00,0.3129303422536297,-0.3950178219411906,-0.04874133934488842,-0.004659395960909837,-0.0060589307965481735,-0.16205403272066332,0.00229667296283412,-0.12087471163957111,0.0014479923931933754,-19.472343605153224,-0.17869297466740539,-3.3512189181555847,-0.8332069235537601,-3.1830069672078882,-44.642891839621846,-2.537098394017991,-0.3391131613489348,-2.7736543715147954,0.1885542902354228,1.038054334862333,-1.3739400882453172,-0.002664627471409513
2021-09-05 07:00:00,5.083982666428983,-0.9597829963564685,-0.6399765826901703,-0.2047342705575112,-0.0054085244181362934,-0.15432871770749504,0.11149598112202758,-0.10992657560611818,0.003407619781973383,-19.115439435973727,1.8775160853743071,-0.6521446293116888,-0.9185961180864012,-3.5111010019498057,-44.82371988870588,-2.827714712946195,-0.4348602760516707,-3.1616541847532207,-0.20450257693917115,1.0181629765435707,-4.683370883450901,-0.0025056057058660684
2021-09-05 08:00:00,2.124330617721017,-0.7239573502893807,-0.47804892660942866,-0.13106681184292196,-0.011621301938655714,-0.1677484921009056,0.00011871055915520451,-0.10777153526381494,0.0010466818003539565,-19.228044191742867,1.7738938167749192,-3.7814350311421037,-1.0774468001317539,-3.9093407470317314,-45.65138554060503,-2.8408800481947214,-0.3853386548860462,-3.435780038938653,-0.23548233767370602,1.0011422609552754,-3.4737509678035585,-0.0026157902448951556
2021-09-05 09:00:00,1.3274946579231113,-0.5346123928357214,-0.254876784727395,0.014317567906732154,-0.01872698801056313,1.8064259203543513,0.00713488562724796,-0.09763880013958048,0.0047477304550552595,-20.98450853275999,1.3003175902325588,-3.662917401844499,-0.9226632248584731,-3.984619666768884,-47.2155311299821,-3.343688503799362,0.25691893618720196,-3.806790672372797,0.10339249850346381,0.8796056395212092,-2.2413408038024056,-0.0028078605164434476
2021-09-05 10:00:00,1.3999333902668725,-0.5932011943359846,-0.16533018754866707,0.0009827501756934235,-0.0038270742878612697,1.8373323509383754,-0.006227669335103262,-0.10014142159382408,0.002634744448693702,-20.377686572096664,-0.24562717236660644,-3.2239346939058677,-1.0269772060085287,-3.628828869727824,-46.88301402286552,-3.177013743857415,-0.3271173518348541,-3.711069866475891,0.08996009762432915,0.9525980272979784,-2.0868701414224744,-0.002680431778705177
2021-09-05 11:00:00,1.3805137140852872,-0.5487272382584175,-0.41907299405867104,0.014009303732094625,-0.004922788020235698,1.8097981667487189,0.01549959600582944,-0.11415410588954686,0.0047208548998507885,-19.83254162196962,2.238976580519729,-1.0695589207885587,-0.8809225291852065,-3.2044409735475607,-46.92313991958467,-3.363891280820629,-0.26872850373564583,-4.485686572399152,-0.4246221622323966,0.8451670381045986,-1.788832172714271,-0.0029733849488634417
2021-09-05 12:00:00,-0.3383228453623626,-0.2550537407156492,-0.6663640180780024,0.03489087922987975,-0.009748178142282375,1.77759743561112,0.03879267983516112,-0.13047990417795585,0.0055962619935455244,-18.694434685955457,1.9091480110082149,-3.350601520238173,-0.8868315323983066,-3.823590124563991,-44.248948319011696,-2.5800750993395156,-0.1695252684791019,-3.5272751315106423,-0.1707040060634649,2.718620348449105,-1.7141353286281655,-0.0021828830759176173
2021-09-05 13:00:00,1.121417152400196,-0.17359668375110945,-0.631168264789626,0.020238313181208202,-0.017300874644127825,1.6653626216311033,0.03498075032188516,-0.11821511331041387,0.02022974347575525,-19.859567154438068,1.3113551438708906,-3.9089218563425807,-0.7299652309885566,-4.3248257539976604,-45.15405428526942,-2.438454808622329,0.7171172360269344,-4.0428749750551445,-0.6487810491924969,2.92967196048735,-1.6328711024470153,-0.0016611725982476622
2021-09-05 14:00:00,1.0865529108242344,-0.3435883336666406,-0.4404614862628675,0.022346289278725923,-0.005399668048031504,1.8006453842129906,0.04062034532264734,-0.11358437842507933,0.0016898556682389625,-19.394001866577273,-0.08325654185740182,-3.7801809486075033,-0.8287362587691118,-4.20364707137959,-45.223156316042704,-2.4864579351384077,-0.25151747444703276,-3.062341017421135,-0.4715751990922492,2.5040535152361527,-1.7174126220755133,-0.003200248009219159
2021-09-05 15:00:00,1.2813471909092242,-0.3199113608283319,-0.6173195468568354,0.010160930386294051,-0.0026118137196670904,1.8164043635565108,0.03590220090991721,-0.12350666928953537,0.0029499531583760223,-19.335610242504778,2.355310073879215,-1.5549030550217338,-0.8927998416563059,-3.854540677226292,-45.928206576343655,-2.786037029815688,-0.27167462255730757,-4.169455649049449,-0.9696969396303072,1.7459494038848726,-1.5644240618992897,-0.003460360919075254
2021-09-05 16:00:00,0.3833221505060417,0.602386973443126,-1.550772616529611,0.045173290493619594,-0.0012694643874208522,1.7456279873318812,0.018850496809774277,-0.015538494294132666,-0.0031190666720885937,-19.27084779476891,2.270140823783774,-3.5348592662287404,-0.5688493404923142,-4.021017716136972,-43.904102149893085,-2.691616195892148,3.262370888848145,-3.796205642827858,-0.016885886705990526,1.9439965122400176,-1.625074975289737,-0.003591816232852701
2021-09-05 17:00:00,-0.05841599872824825,-0.08723905675202423,-0.9515597913378913,0.022135107002885814,-0.003710608092317973,1.8253812504726499,0.07397661324027442,-0.08862940698864064,0.0014707725545393823,-19.068176291450424,0.16733066949954392,-2.7279647493603227,-0.5032894616693931,-4.415422830139607,-43.276490131580104,-2.554178401871465,0.7751305936567578,-0.803253626752427,0.12743981828281697,1.8023297451778209,-1.4265057128069838,-0.0030903389083988767
2021-09-05 18:00:00,0.3467772628743469,0.07251998894479193,-0.8380434378959057,0.035645660393420174,-0.0020002277555373742,-0.15717391072755516,0.049632491566797075,-0.10271785185841588,0.0029313852072116483,-18.595375852197034,0.1310806626637714,-1.7464763634710867,-0.43557659756204986,-3.701699332615902,-44.72148172235273,-2.5880145313340868,-0.5667418290336756,-1.5331302734625196,0.4509123431758456,1.3978299110650039,-1.5454264619829778,-0.0034776972416547636
2021-09-05 19:00:00,0.12185773228811637,-0.10774597573842148,-0.6480530129174492,0.030618222817626002,-0.004552439166782591,-0.15708195367635827,0.014791749698870696,-0.08558905672738717,0.004993834852724256,-18.581502700203835,2.44965380302815,-1.8620722768420184,-0.23814115465069652,-4.058215860463926,-44.609338524395305,-2.5804570719381497,-0.3690079561999246,-3.496568821837256,-0.15356550131100863,1.4562342754718849,-1.6446634035554697,-0.003718618556357913
2021-09-05 20:00:00,-0.962069819534225,-0.15434356381333708,-0.8344762268125633,0.04747397559037451,-0.009179095919393521,-0.16606021069473212,0.049662941622927934,-0.04442764368484596,0.0023010783332144983,-18.92988176471251,1.575784877000685,-3.3881855337981484,-0.031687055408262776,-4.301174463511446,-44.43959045325656,-2.616124962569166,-0.20862293258576184,-3.979624795210661,0.05402028074271818,1.612782318609262,-1.5797130011133809,-0.0035154727433297523
2021-09-05 21:00:00,-0.8899233617499532,-0.14688363113299066,-0.5001111105928473,0.019161270489931645,-0.004157670582837845,-0.15409027933634395,0.03254493595839432,-0.06904273220806166,0.005180976385468617,-18.615307517739488,-0.19948776407890145,-3.280149500056472,-0.37957446014774926,-4.2864378823003895,-44.06958952654102,-2.3496891214214934,-0.3585793509938158,-3.2345434850066788,0.1277112128012671,1.5021916367557486,-1.5640664114042022,-0.0036267799706600017
2021-09-05 22:00:00,-0.9731369001491487,-0.101873865874656,-0.7058425106872994,0.03998153993088251,-0.004499899662411333,-0.14791711385808703,0.012841882314204094,-0.0869613614318936,0.007838744943063277,-17.997133910567914,2.3831721818427924,-1.192090022803195,-0.39526639775185446,-3.8777770249856265,-44.28699446864452,-2.6746221097768137,-0.2717159140689704,-4.138175816282923,-0.7236194122261522,1.316669806997577,-1.4715467028171487,-0.003695822227766435
2021-09-05 23:00:00,-1.1297337836242787,0.33499039169257844,-0.8048942602587447,0.038190240572157814,-0.0042154181991891195,-0.183028131622536,0.018837302581436684,-0.047517196170662586,0.002722833435070734,-19.115617551534058,2.1747092267271477,-3.415132860610939,-0.562051534378795,-4.376701824332379,-43.212264178730976,-2.4546449673115185,-0.15558391076828543,-3.997866753422002,-0.003139986147999733,1.4799364168913187,-1.5819198975683464,-0.003603868840560146
2021-09-06 00:00:00,-7.532602380531849,0.9394683192490965,-1.2653535896508976,-0.10373711154290377,-0.003075352582214902,-0.23269884321939158,0.04358581029064444,-0.046557585609124624,0.01352410435776626,-17.44857768375292,-0.16825636750794415,-2.429499920578968,-0.6022296911760947,-6.206947419906043,-39.68045473455425,-2.1739478363241345,0.14390417031272407,-2.752313502990852,0.45654893311772055,1.4705173337165074,2.0077746473174924,-0.002704321727071537
2021-09-06 01:00:00,-3.1098567243982758,0.5334683899992327,-0.6205621209965707,-0.04720349621657284,-0.00032152604104980585,-0.17455925557014562,0.015677337966801586,-0.027303396252232937,-0.00750594201439786,-19.35930718893877,1.1044275795185747,-0.7928111866779092,-0.9630609225469019,-4.536381794880081,-45.4553468246953,-3.2960990033488318,-0.18169282950650134,-3.4327297627200086,0.13041353666655472,1.1566815630608083,1.6108055335285307,-0.003080779061472416
2021-09-06 02:00:00,-3.0493894180189414,0.47153373357697564,-0.5055871986569709,-0.06531387178392116,-0.008093999053857702,-0.19088100194112823,-0.03514443939635474,-0.06499830600043854,-0.007100114456993372,-18.84842306820782,1.6215003496268956,-2.6633898747992983,-0.9465572339870657,-4.336567638281166,-44.644848146322886,-2.9764342928121073,-0.24633645452308953,-3.4767939808073294,0.2373446504351999,1.272587154160957,1.1670700653584114,-0.0026291993141181933
2021-09-06 03:00:00,-2.9208856740369096,0.5793812523791452,-0.36537885542195253,-0.03393823583356391,-0.01379014268438908,-0.18023208095186702,-0.028093593914584016,-0.049938803393319464,-0.008918865520422615,-19.90445088769985,1.202166664185223,-3.3761225148079133,-1.0664316836695062,-4.9356700705385785,-45.1269614870965,-2.785756907204274,-0.3291717567561706,-3.175335127145585,0.5206466947332193,1.6329627500113089,0.9329687558374185,-0.0029278061687008114
2021-09-06 04:00:00,-2.869627039699247,0.49802048970896584,-0.20266902285198787,-0.02521226326235694,-0.0017185898487152333,-0.18465297940759537,-0.02584573063952398,-0.04070150637140883,-0.004463587646587697,-19.794380215565457,-0.2218900541271485,-2.850984401655874,-0.11953100538932664,-4.887115628389531,-44.875394323197916,-2.667074495708365,-0.45505214517962306,-2.4914510565453742,1.0354128637574482,1.7754019185196575,1.2503135132354293,-0.002760603642299649
2021-09-06 05:00:00,-3.0667945269643737,0.39495078817508383,-0.6573973707050148,-0.06163864046013371,-0.004548840633828974,-0.1627711719370481,0.04344166253409588,-0.056801092739587916,-0.0026947840618830442,-19.15097668823161,1.6290563300036502,-0.4570468673783227,-0.9945897122829892,-4.130247590652052,-45.08590053178825,-2.8097269716979407,-0.30651264158800884,-3.062842399037685,0.1357023942307114,1.177906144675255,1.122285456777952,-0.002882591134373616
2021-09-06 06:00:00,-2.334822100638301,0.5755802438907235,-0.3417799500439627,-0.055373313277263435,-0.009712809826492487,-0.17746911937680873,-0.06641224513951276,-0.07356334229991694,-0.007748451647242578,-18.819182123212396,1.2340527260528247,-3.238198670672051,-0.9284229359911338,-4.273624540851592,-45.11291192642394,-3.101384260185916,0.16162777387191923,-3.299699025198072,0.26327775695724276,1.3651508869816793,1.1804700676365767,-0.0027719649755681116
2021-09-06 07:00:00,27.275717985699995,4.329174366368164,-0.45856335112154256,0.10360647052570489,-0.022291920935810592,-0.08024469533906002,0.0028901690031620923,0.14545500530480254,0.11422489407937157,-13.222727329813825,1.4535403293951676,-2.431305550906448,-0.9288142569253262,7.272321694769575,-33.91306505155635,-0.8752340988739132,1.9218607836118025,-2.8580275358200082,2.0205277212690484,3.617196177811382,15.140492827019978,-0.003137230464814188
2021-09-06 08:00:00,10.130125301699422,0.7499499725699778,-0.006179546852984578,-0.08773404577041577,0.02494218749832438,-0.11478060447643729,-0.051628091938245836,0.011757220197371994,-0.03361158703151701,5.103256215492448,2.8528591627977438,-2.236681010688693,0.36919574374234043,13.821721398524469,16.56615389096342,6.777986779396892,16.28126652657667,-0.9562066261418178,3.246009746292177,3.7078450484333945,2.164755851298256,0.006806246212543549
2021-09-06 09:00:00,6.524333546683212,0.8808435891007863,1.5477602475256556,0.009381570769196448,0.01844217895370924,2.0588613209699274,0.04345941059323496,-0.3446835016597237,-0.05104683665636663,13.105907715899166,-0.6863563487109351,-1.2970302493336416,-0.2583066743047945,13.081744240929533,37.61947844319836,3.2311705793294814,-1.5714275877489488,-0.7728277492644636,1.917050759387084,4.634157460510761,1.8782929651941835,0.004898314949812319
2021-09-06 10:00:00,6.03451808182349,0.8423101645791007,1.8504674547040019,-0.00336666593315878,0.03246858906365945,2.3055885754804866,-0.13029377511731258,0.8213958448594282,-0.04524988123103892,10.51897002823477,-0.7957123721410782,-0.07325113273260818,-0.5880652255696672,12.572772975725538,31.59497970153026,3.2145167436971254,-0.5052875721619348,-0.31471525080123475,-1.6380486283606455,4.225040278401831,1.6033918641520635,0.0018973899179221994
2021-09-06 11:00:00,5.195874785191767,0.6115518217055754,1.7150166993676457,-0.004053082692612963,0.032378838484249745,2.1353513241065287,-0.1757244125298845,1.265078894573531,-0.008600828289112393,15.180779008632543,-0.7364221540421783,3.936240669840286,-0.565813155558372,12.338797373385814,34.79280896050829,3.181129578953696,-0.03517948251290986,2.6378100098083244,0.4274406916293368,2.148682560954132,0.7473070062681402,0.0022667572283905377
2021-09-06 12:00:00,-5.261179049273309,0.6018899695601484,0.5645242631177734,0.0031710055937659875,0.02957649255950744,2.1081716470165737,-0.049624827339162667,-1.2929311481395107,-0.021345068115097714,10.314206375704137,0.7417513081760161,3.081897107507861,-2.7866900103165504,-8.69417106366731,28.152655106228426,3.507169981518094,0.04036060514844691,2.572814437990742,-1.0441783156180953,0.9153177634912748,0.9218777877237252,-0.007609375086508164
2021-09-06 13:00:00,6.687919448063567,0.5452245300630962,0.203794543892426,-0.017289447894766743,0.03256757639973839,5.262765011706217,-0.1638048432777236,0.9701894188838797,-0.014370027129334332,10.421106528025351,0.9986948649224381,4.44203582196793,-0.30334040342938484,12.143029718460182,26.74284763532267,4.304250241794876,-0.11208552546860692,2.700370376655876,-0.04586814971410321,2.2744851468586136,1.034720221268597,-0.0005412317968103191
2021-09-06 14:00:00,3.675866566389368,0.6800760998848536,1.1083768671828185,-0.020065759047036745,0.03568726423239139,2.4595486466365983,-0.18394605037859793,0.8423176682881498,0.0004053236247333909,10.85288438079802,0.21023516652910226,4.479740844353761,-0.9928447182356783,9.561932177448675,30.644013590265196,3.2700125190688394,-0.18508515092628952,1.797455201247291,0.587462490666427,1.1012843400692829,1.0094756872467672,-0.0016000532646589843
2021-09-06 15:00:00,2.7156787947899206,0.7449917074106607,1.3028788491145724,-0.01032232042500216,0.03445379736597649,2.271996263435965,-0.21756052036932913,0.8889082498874128,-0.015110528667012714,9.919138734769371,-1.444816491822424,4.261888432794727,-1.2375300253298247,8.340093595561894,29.98259877958386,3.2411025102090645,-0.4216848250845593,1.7562528038607454,-0.14223640778533292,1.1800652116400918,0.9718237373648043,-0.0009043002713466339
2021-09-06 16:00:00,0.9843302384937961,0.6570826000938711,0.9920722633689383,-0.0081978988332952,0.031187684542924796,2.0123366554890274,-0.13115811325907503,0.7803167955231928,-0.01276228584303328,10.707955747521165,-1.800005133732692,3.0591679059083536,-1.3733987094346303,8.289444808847728,30.632713515408188,2.8071513748814434,1.2159642607101313,1.5022778134947772,-0.39115687732736637,0.126294936735708,0.7575905739376563,-0.006001701523084902
2021-09-06 17:00:00,-0.3847454975010753,0.6278157717751367,0.3310827875586109,-0.014472055032360645,0.037621741401688086,2.2469219928758366,-0.07040195012117327,-0.5985284337503988,-0.021711732580522444,10.284756331406756,-0.5403147355134787,2.8291542846189475,-1.3721405619333982,8.844648263690026,26.47754580704904,2.609736035478323,-0.16167283142570454,2.8039621406349653,-0.15453586990456328,0.28232184523320236,0.9023567558345169,-0.005011481657323171
2021-09-06 18:00:00,-1.561200931415562,0.6984147791847916,0.6141437205049648,-0.018244426103199166,0.028773570174671834,-0.26018624826458364,-0.07524262653237034,-0.4735216269618768,-0.01704313664750956,9.762515082997751,-1.916376173877708,2.6304658379489254,-2.054299925128409,7.221990587529974,29.106768437070823,3.36144724755703,3.0999007804068905,1.0823047314113063,-0.46801822064091375,-0.49560173602846413,0.7808437726464645,-0.005864070619654703
2021-09-06 19:00:00,-0.5999452701569384,0.9015113399946848,0.3011478329984452,-0.009585652612588888,0.03657647793980887,-0.32455886275090506,-0.06520784417258317,-0.41928890053185636,-0.009737000262639758,10.173865122567268,-0.8287448148302979,2.9092931717525405,-0.9077135971707422,8.15420774587676,29.84899675174751,3.6023977681481725,0.9495057096328773,1.5869763929731333,-0.32092858464013696,0.09476367820868341,1.041590217807665,-0.008001369730535056
2021-09-06 20:00:00,-1.1944560170960186,0.5531810656004634,-0.24347854734985772,-0.0053913169635029685,0.026866585189118723,-0.5495083189198088,-0.039776539386078155,-0.3916772396271095,-0.019711991242479545,10.29206608185668,-0.6668612194749514,2.994317571903978,-1.535377616722022,-3.7256850117287406,14.301503862489007,2.10599786553968,-0.4510526081854359,1.2471684707504402,-0.06026915964543681,-1.0041319838224045,0.9150057522994134,-0.009774927491001917
2021-09-06 21:00:00,-1.4329683204920092,0.44041568720320834,-0.6306400617999122,-0.011019213104546366,0.027728333188911335,-0.6356635818985555,-0.045935931902461195,-0.30980452567335354,-0.04061802178012463,7.77216171266539,-1.096959537069231,2.5145743305827617,-1.492930717435333,-3.660134118909199,12.642659960802654,2.8706907273842943,0.29769441627474497,-0.8480667689128956,-0.47431666281715545,0.3685356186762344,0.8457660015137338,-0.009102313990841165
2021-09-06 22:00:00,-2.466516582106825,0.5441225524503227,-0.241435712405719,-0.014904013839107808,0.027102786638148,-0.43268501911623397,-0.06290248001914604,-0.353567057695501,-0.026982192427860277,10.280635737961695,-0.3520561148179118,3.211088642523381,-1.6244543378876757,-4.745292860364604,14.526996354060543,2.393908833894574,0.1615419124964271,-0.9702538996043802,-0.4116100349788691,-0.2435347170456948,0.7924712524938732,-0.008062115878704309
2021-09-06 23:00:00,-2.1780875631663306,0.4813963417322659,0.08655751771452502,-0.021332699735155745,0.021225180924106888,-0.5804616731441491,-0.05455737720150725,-0.11650302876662727,-0.020927640496405817,4.797753594886454,0.23477809749859108,3.754305727093166,-1.209682708953602,-6.027389169140768,11.7737206771125,2.1367559099884295,0.39280880108612914,-2.0434353239842395,-0.4781744723856484,-0.2786225973152189,0.6284018139194752,-0.006112040584102271
2021-09-07 00:00:00,-17.458820449570236,-0.5878572430773035,0.1534284901399645,-0.05909954510417092,0.001547118958650937,-0.8038125344634766,-0.13913456174136535,-0.15173493455440665,-0.032921635606383566,2.8084195193885955,-1.0132006451070161,4.457569547763884,-1.5695771594867245,-12.67374807864715,0.3232965086253963,2.2414704190987784,-4.050151092589084,-2.7385747644868372,-0.9802073117822667,-0.8932991960162938,0.5352558314439937,-0.004705710468654821
2021-09-07 01:00:00,0.4951009450398624,-0.16586655738153888,-0.35714837396546667,-0.03270774129401209,0.010446903771968281,-0.6489859135836455,-0.06753862962027656,-0.12697778697507126,-0.05129364592855588,5.331176236229492,0.4419922467321634,1.0066905461448246,-1.2885438544861192,-7.008605007888792,11.312488807937946,3.3550523733021147,1.3791867652745433,-0.8516701175733608,0.2530908926329294,-0.11356642851214702,0.8965483958953429,-0.002464288612038149
2021-09-07 02:00:00,0.3307356661162091,-0.0005962570749292899,-0.08812899433998317,-0.017850656924562034,0.00905526683270146,-0.5583249531767273,-0.08921533337246845,-0.15553285389375554,-0.02186346308237447,8.0083871160166,-0.41567510580278244,0.9306357273214325,-1.1774038764759256,-8.352143075394896,17.063440994532055,2.008447127959704,0.4748188173852698,-0.4452732150137518,0.2346121289103805,-0.5758348892704002,0.9264903953055048,-0.0026713514216432357
2021-09-07 03:00:00,0.11688734134673749,-0.11514812858148983,-0.3260464529695898,-0.04477762764125743,0.009189815662280986,-0.605179411707108,-0.057780147054538496,-0.13058026645747592,-0.022768169363430627,7.503761495114411,0.19036643010815157,-0.5677473737210209,-1.681080624532897,-7.549660332109644,15.051591875197866,2.8254824309058835,0.27055765596561493,-0.5019006841154441,-0.006314466586651081,-0.8618968151020441,0.8843103891483747,-0.00272929388704689
2021-09-07 04:00:00,-0.06077898878132187,-0.08795721133487105,0.13318829420348394,-0.020704189329942613,0.0067723415336696955,-0.6286648832131996,-0.09140396217041287,-0.17847364624336576,-0.06269335580217242,7.190217859755413,-0.24110419192266963,1.7570495734370501,-2.127244923145089,-8.202508441701502,11.2282643953542,2.733093001040561,-0.3115154542367461,-1.3955738913319766,0.07876057757775787,-0.7655407612834804,0.8884144226057424,-0.00330541083586747
2021-09-07 05:00:00,-0.7778422777145404,0.017634208991755423,0.05380421091405105,-0.0355590429472098,0.007442103124593516,-0.5729503142788149,-0.07379388293613669,-0.16565881500304885,-0.04506731140116133,7.311472625276129,0.08299353706922667,1.0594956898630257,-1.4132391773503459,-8.415703543047888,16.574954983071237,2.687060789235462,0.473664043714837,-1.098843690894451,0.14200511413356445,-0.9289917649110666,0.8553642215381854,-0.0025185330690611282
2021-09-07 06:00:00,1.1196150094768633,-0.0006651525330243312,-0.08843328150094924,-0.02698952771951413,0.013584008931756942,-0.521662967257421,-0.05675516574466955,-0.13212778053266463,-0.04850505891072617,6.279557509473784,-0.24444572469259346,4.189778243539896,-1.1919642870314757,-8.305297194218324,14.098844875740339,2.781651604901102,1.9031825281814923,-1.067609772854494,0.09855223534414351,-1.1365229838079187,0.9217987924492965,-0.00073692926245719
2021-09-07 07:00:00,11.137996949485553,0.18866220294569114,0.580965601179959,0.019809491674963275,0.019499662461174877,-0.35821378947434246,-0.006814994692329039,-0.17591073090854994,-0.07382912791967242,8.26899688256704,0.20159830147178973,1.3921079031010468,-4.363234960583587,6.8227728859201955,21.80130607702885,2.594904829642539,-0.32800039975840783,-0.3795278005883296,0.0684496773648365,-1.8706974047877944,2.855077862287547,0.005133976201813099
2021-09-07 08:00:00,9.080411563167958,0.32497214393392565,1.5903473846640888,0.003431305846188732,0.02476743040386375,-0.3070770218084961,-0.05299601011265418,-0.1693285129430705,0.08315931236976129,12.239064570169514,0.3682368502730206,1.277088905193592,4.7707923940719335,8.607462377202282,32.73160216488907,3.42685590778188,1.294835586742897,-1.242165701514018,-0.3475678676963413,-1.1249263997482741,2.3981763975489536,0.0061817077074484954
2021-09-07 09:00:00,4.560237213834812,0.24076790527926586,1.3817986929100001,-0.0008008638672667514,0.022325652885772436,1.7691533715966314,-0.04498648508311256,-0.4946027567549591,-0.014140980277299849,16.069774892674697,-0.6389153135205814,4.06203181053116,3.338667367645227,10.319013140268517,38.79599987710083,3.2076638157546444,1.5003893441187282,2.1089074899049334,-0.4397250207226223,-1.639157967996985,1.0032751045004937,0.004382089733982109
2021-09-07 10:00:00,3.964089009042606,0.1267804118762055,1.4963214446124748,0.006580709229037908,0.028758583080612105,2.4011072190632823,-0.06965788061682204,1.2006253305356451,-0.012202159953542275,12.771304356040439,2.33521428657202,2.755206535132163,5.777014829318251,9.107015006088345,32.73696504436656,4.032995946659217,0.1716653676176336,3.663955535495584,0.18363885088343393,-1.3862124233521445,1.0079219215552415,0.0013083080725207505
2021-09-07 11:00:00,4.112328354951019,0.20907051779585825,1.5418583558727001,0.01583489422814779,0.026790339075397757,2.1251110871698686,-0.07579520856017999,0.8895055820422689,-0.03200655569752617,13.72093012008395,-1.1575339426955427,4.370801070312132,4.427306602974777,8.23669302941443,34.82124998503532,3.1683680273907493,1.8050279102727513,2.7559209889826835,-0.03841588586422118,-1.376985869779722,0.9807488473494796,0.002107317094492094
2021-09-07 12:00:00,-5.8257685953425336,0.20872760528477025,0.7486891544165617,0.006034213510292731,0.021840615053561146,1.8872254834133109,-0.040301943920129445,-1.0753111751266216,-0.028480336481155253,9.890376751714001,-1.1385696652536623,3.535938247132004,-5.8302894014274536,-8.045163523499088,29.83868627727781,3.0506140610916788,0.3645904936519978,3.04233051103525,0.12699450667219708,-1.969213746346034,0.7978621136740756,-0.007645234430446521
2021-09-07 13:00:00,6.3230911972867645,0.1958327414011781,0.9196310666801453,-0.01210501053523731,0.03170079082205462,2.6560970011500467,-0.07798313759185967,1.0662599310889016,-0.016258929014227833,12.358854355859572,0.2674157638228738,4.074139694336016,3.82557374647275,9.405950011721659,30.262097488447328,4.854166082939249,0.30415258558590963,2.884905190169905,0.7410223784958253,-0.8893943374551003,1.1579206692811899,0.00215567742459172
2021-09-07 14:00:00,4.134619086232673,-0.06169030241679138,1.3917322095641282,-0.009045681802002811,0.03087351391285041,2.44736370811469,-0.0629774765575352,0.9512462907299443,-0.01799707433614015,15.11728625617137,-0.4165552814006796,4.65484927425825,1.9225078328612346,10.108844864538023,32.018402920625505,3.5127218689773017,-1.5628249333074424,3.746197199445783,0.7906789039436397,-0.3037870959569296,0.783010578813935,0.002729308170085234
2021-09-07 15:00:00,3.37097825804001,0.03632565800231923,1.1507757383567256,-0.0011978065180071492,0.02319991630028887,2.4874089517805222,-0.06942747986263685,0.7926186827714222,-0.027637980812624828,16.021746281676737,-0.02424162439393221,3.608544471111919,4.197587502588706,8.634391679841867,36.99173371154849,3.787910056918818,0.4690366332362147,3.9662154963749834,0.6180911310354078,-0.4883011441874508,0.6673225805836374,0.0006838963156865008
2021-09-07 16:00:00,1.025127586016043,0.141770714835506,1.2569410673960957,0.006086461006269029,0.029941341257362853,2.832969236864168,-0.07288320200906526,0.9817973068114566,-0.018939610591715523,12.392679105939957,1.6141470799834212,4.631006660469378,0.8781447689480597,9.55307783932859,32.777662930090045,3.9713521663884346,0.07615101154881675,3.0009742993617095,1.3502566998191805,-0.5489591822757313,1.0571693157542983,-0.005856915375563187
2021-09-07 17:00:00,2.612320555059684,0.20387035231764442,0.3700083162714124,0.00783478390775606,0.02745894415782066,2.1301489880325617,-0.03578824415635195,-0.7649271707059194,-0.026875653380262134,10.481848265431733,-1.1216619383311488,3.8973867931477075,0.4622904245756961,-4.285623889999031,28.551669693405714,3.269842714453152,-1.1850227693612032,2.846997118804742,0.6949740505323417,-1.0282814304255385,0.7475803506416066,-0.00867483666929728
2021-09-07 18:00:00,-0.26806685282907994,0.13421116134885455,0.5636304734400104,-0.006346672962172207,0.028967026175182188,-0.25859291804889095,-0.05280699650517083,-0.367102862444773,-0.021866286015777437,11.760679091236272,-0.590142588944022,3.3011524437129522,0.8022824905869163,6.992783046108738,33.23831140222448,3.4385718101506626,3.01720966499166,2.444951076450568,0.3928325544003141,0.2550315365617768,0.920782578753808,-0.0042177619365262355
2021-09-07 19:00:00,-0.38275954069369256,0.14099096527571386,0.2632249549500782,0.0022306121171670234,0.026410017143105723,-0.14031571091504141,-0.02345472027807112,-0.5968048721952931,-0.015842997030020005,11.120131430268415,-0.8586537973421908,2.339700762080099,-0.08734593472792486,3.904875443429703,28.846653123179685,3.4198886231837093,-2.3980706785475103,1.743030789628873,0.42627535297896085,-0.7996667113335264,0.9138426228010152,-0.004759991411943425
2021-09-07 20:00:00,-3.429209627096417,0.09196579175915749,0.10588745221053089,6.184179517524967e-05,0.024085262504876196,-0.10546305380046524,-0.03271441294464257,-0.5378086358647544,-0.020976893172194366,9.972038320192375,-0.4752101736201951,2.5767992950040126,-2.6858140608353365,4.669909458354387,27.0578198108602,3.5446350848322843,-1.4933432483903066,1.535784053451863,0.161388712394377,-1.0017528351284712,1.0100367469503477,-0.006048162340776825
2021-09-07 21:00:00,-1.9118288638477001,0.2307234098324937,0.5504806980660784,0.005572797824536208,0.020201337695017446,-0.2085845604099282,-0.04130278823780917,-0.5588250509657471,-0.02433851414310023,10.212903505621677,-0.5269919312490263,3.17434359046436,-3.2694136552473116,-4.454820945013076,27.325713061719995,2.555469325386099,0.7119867792905589,0.9643064600557499,-0.1385887209368094,-1.1060164313038627,0.981160639867293,-0.009940926354154184
2021-09-07 22:00:00,-3.2112688956530264,0.09175449106604575,-0.18705305067786426,-2.1072284558916013e-05,0.023409752052163207,-0.43352022530417067,-0.03759777488870612,-0.520532679971503,-0.04171130269270577,10.050537804269132,-0.5814951314386695,2.9465813405451438,-3.7725474528463088,-4.187095840860784,24.323935925209877,2.343101467261093,0.04633409318125823,0.4846244056236911,-0.43898148841993184,-1.299058861719163,0.947538499455404,-0.009706462114967635
2021-09-07 23:00:00,-1.5414732779626812,0.04948482192199183,-0.07107573406834349,0.00381952151196583,0.02128470255711558,-0.5657166958282557,-0.05217333490890072,-0.14915610904032145,0.011476976599203215,7.460769217788706,-0.18086170180656602,3.326717137942187,-1.193351036273971,-5.013771154375967,13.084247177248931,2.394766820682463,0.08159472147629267,-1.638892873329834,0.05175889109499193,0.00879375936262934,1.1292869847521996,-0.005616333422978263
2021-09-08 00:00:00,-16.29347534436972,-0.11541574525349355,0.22101646552085252,-0.02523550198222674,-0.0022433212212759554,-0.8164339269093441,-0.07858141759292875,-0.18405365284742575,-0.021554054638315504,4.71979092804955,-0.5148258727213557,3.5722306947490874,-2.491388949089687,-12.514053393046682,5.35333767879179,2.765574630645581,-2.395777151104614,-2.3066304346204647,-0.4699674832903295,-0.45582617248210816,1.9199855729171145,-0.0029167570126831218
2021-09-08 01:00:00,0.7510070856439365,-0.020901718442805767,-0.2525940349137945,0.006260622091946934,0.011564219510532114,-0.6261090362516277,-0.020887207046002616,-0.1286971263056936,-0.02451691903077833,5.738725280391025,0.8556744522684049,2.1300729913936256,0.6213156908905056,-6.48895521788231,11.883026667267831,3.328289592765183,0.27640836926781115,-1.3915237176038522,-0.07713685823839793,-0.21039769994215765,1.5892353370138312,-0.0018042892040789258
2021-09-08 02:00:00,0.36544722248838496,-0.05100225672649493,-0.05315900753092195,-0.0008568074547135708,0.01252448131811656,-0.6069222535076276,-0.015591003554623969,-0.1333459334145312,-0.023839616204593277,5.417933592796277,-0.05391415630682827,4.80576985510347,-1.5166868434176286,-7.900405121180475,14.84022612759684,2.9613125554366135,0.20251969859354044,-1.0300872697105545,0.2871955227941306,-0.16428837203308638,1.1373598470037922,-0.0029250303829321703
2021-09-08 03:00:00,0.23610376612666806,-0.057188122010234106,-0.13740051682689258,-1.2339502941649268e-05,0.009157480152249356,-0.5773657526649856,-0.04423014555175169,-0.14812593406687918,-0.020488422909786655,9.329374001662922,0.09524850096407551,-0.6786467065072658,-2.133905318621117,-7.762464874454627,17.057145838993392,2.917973577910453,-0.17428332016364073,-0.0571807705948642,0.10255613553578818,-0.8030779614460292,0.8297745307880621,-0.0022300204621682725
2021-09-08 04:00:00,-1.0256188674557876,-0.04425018876087383,0.1372351266476338,-0.0287812806197964,0.0077159959962926575,-0.5392181041163829,-0.061006106328783484,-0.2170864070458258,-0.015082460536734711,7.467308664193598,0.373496109204763,0.9678731000395292,-4.244096694609591,-7.924254356151416,22.236328905188056,3.0776152160821297,0.3763680518094672,-1.1760195521257935,0.04574313403442588,-1.3282260921238744,0.8722127146264196,-0.0011630126802532202
2021-09-08 05:00:00,-0.6931694340161889,-0.08034741789896215,-0.11449540352428988,-0.014436203178132928,0.012926493364639852,-0.6140726148355243,-0.04150740995810603,-0.17381154295805856,-0.028364743939352687,6.226516911859773,-0.43482794578606987,4.506369181103489,-1.759360545387086,-8.178829508104688,14.163179566062125,2.3574067618780794,-0.3614087610669069,-1.2652749063610989,0.3319205314024247,-0.17353565904100582,0.9573945932883152,-0.003348447729526753
2021-09-08 06:00:00,1.3892392950340302,0.15478594877603005,-0.06305711760374788,-0.019009597600497086,0.012348058978664188,-0.5986196288779855,-0.00999604975856217,-0.14987107396318874,-0.024519056383505804,5.575513864282211,0.06103975308157581,2.8589450033508785,-0.19535389665595643,-7.705603913764968,15.102263175431778,3.0461128815739467,0.3762852877326681,-0.9336513974263296,0.2702174032474515,0.017014557975406894,1.381857914922034,-0.0009666237697875426
2021-09-08 07:00:00,11.082278977125103,0.1778761461571876,-0.026178380285393647,0.05979723924554398,0.022306268855522,-0.39726532944362003,0.02079575385629001,-0.2434923988796715,-0.016465423628768672,7.961484476347653,0.18733601335870112,1.2925868062666863,5.751587449982105,-2.718967398335457,16.310487118457015,2.6662868453415234,-0.1494772972638749,-0.6011798962574749,0.3055434878532233,-0.3683515669416315,3.34258009247086,-0.00044989953191268336
2021-09-08 08:00:00,10.291182839660788,0.17432628811553338,1.21356625280799,-0.02226264568578293,0.023381197671046232,-0.42897708488545777,-0.00924547177422865,-0.16550741444405048,0.03940558991830551,12.341819133096667,-0.12751254443507457,0.9611334403109686,8.711658574807956,7.075042586186487,30.826628826406534,4.8112664380398344,-1.4865835517599886,-1.573272511825694,0.31601376896394234,0.2924079702307642,2.3379440554241424,0.005204806711988525
2021-09-08 09:00:00,4.91633761679146,0.17538728727610714,1.6824854851349906,0.004242543795373363,0.02662960428392769,2.148021975285541,-0.06979171253853872,-0.3705048052300198,-0.019497229070875814,13.404813797311354,-0.45739638680046857,4.079138503855765,3.695640750671604,8.92125310997481,36.09504599235907,3.304354252083796,-0.17840019456339365,2.254344266748792,0.22847442085586947,0.06963342701733619,1.4707008964722472,0.004339268790185542
2021-09-08 10:00:00,4.508990717893354,0.1619103026919901,1.445465694979716,0.003508459738520718,0.02766610070374702,2.3081275184852528,-0.09119294204869509,1.0633954068575087,-0.012261550785731067,10.656095179487606,-0.29636776147029403,2.5787998448290694,4.004240163843938,5.698997133348258,31.4043511776356,3.2207051992457894,0.09391301816366995,2.3025566428411284,-0.3667361322294112,-0.5835872821090293,1.425432158873401,-0.00010044695481484074
2021-09-08 11:00:00,4.103386484655646,0.1367139576214156,1.5129865002292846,0.011009621671440954,0.030055595393968525,2.254624034812624,-0.0724868779895953,0.8699285706837488,-0.038889574080813505,10.97993183843611,-1.4495043767190023,4.409388556414097,5.833765647561754,7.4104799003781245,32.07827085984825,2.3566969582541573,-0.16791173793171846,2.855254698921248,-0.17932566193801092,-0.3788294489358184,1.5216019242501455,0.001395305391118885
2021-09-08 12:00:00,-3.3312819296542533,0.005960608316617658,0.4117660892369449,0.0055214796925176154,0.02231300678722276,1.8836880854872835,-0.04845520975559058,-1.0376981200677997,-0.02433032014749822,8.621788336523352,-0.6925645292018087,2.5965379355179756,-3.837301181673002,-5.847803505622791,21.113305108760265,2.3035040221486853,-1.7003353998652229,0.5823404767515775,-0.6498210703002332,-1.5146213261542323,1.3048997465839098,-0.007215935053601295
2021-09-08 13:00:00,1.9019581188876968,-0.37418002448777604,-0.05024329447206299,-0.035123037443604815,0.0067721993293723875,2.7667955361492225,-0.10812129055649194,0.2937403181396535,-0.040893209315687455,-20.54603951348663,-1.827412576793449,8.004907181885097,2.7029594210575527,5.738881676902866,-46.866978709925284,-5.869021450386256,-1.661912502252951,-1.0854000491929936,-0.4690287675670875,-2.0289519682944435,1.7638810349371818,-0.0035852330940157316
2021-09-08 14:00:00,3.3303912049776696,0.12844943734380634,1.4099890320914206,-0.0007847203949653005,0.02074892103472799,2.2649644161192133,-0.06985689661774509,0.8119836982265853,-0.04288056873189657,11.161015696247942,2.734303583080362,4.350622106584941,6.913156426285906,8.072620243417758,31.109012232640076,2.6856203330724804,1.0097036161352186,2.623655440366148,1.061526701715602,-0.4275818829815221,1.4560001298462582,0.0008657794195644257
2021-09-08 15:00:00,3.6407831405234403,0.14777117946958987,1.2543769642083278,-0.0003195162484643688,0.025116196996988537,2.307053045556131,-0.03609281827214084,0.9474617039022158,-0.03699894500304432,13.656002754761577,-0.9267161140807308,-3.5986325950871896,4.027179238550498,9.496687538754932,30.546436078201022,3.12117067417445,-1.5506459975711022,3.684432987711258,-0.010263228490110101,0.1675036976044674,1.7644408163439165,0.0040498323598384635
2021-09-08 16:00:00,0.9629517259292015,0.17177173821031994,1.3851981525398576,0.0027403754700897043,0.029066319319866144,2.216763128791715,-0.08294814139886907,0.7886188641445232,-0.031234203109830074,13.191367474112738,-0.6330622593533959,3.523723537629191,3.37640665358778,7.388742250742776,35.88437180538176,3.235993182637903,2.9534673079549227,3.009077041798241,0.4977011583396914,-0.5490675943340999,1.3854270205533419,-0.003518309880616177
2021-09-08 17:00:00,0.21912788417374687,0.14558282917802456,0.6694128101974848,-0.0035509564461291324,0.03209160698262215,2.5332342637040997,-0.020369886418073423,-0.7108603249934818,-0.025936537019550045,11.315588277257133,-0.0005701219423310808,4.166570193730096,2.9486241679161678,9.128890025422455,30.9966554429385,2.9337575367896234,-0.006590558300201091,3.3279192991435105,0.632921246736526,-0.3188303461067842,1.5696353675251333,-0.003954185160993772
2021-09-08 18:00:00,-0.2066924101085392,0.1217153625400924,1.1335837618857316,0.0008377493442897565,0.026711724220289796,-0.25524993397426216,-0.04560540361803505,-0.49826073105345153,-0.03167207595228555,13.314719828554495,-1.1612497582677428,3.7330668614552764,2.6665531833348446,6.316991751870594,36.70564525313979,2.27236085263529,6.418082522761249,1.9762919632102358,0.659270328537802,-0.7354456581910447,1.1523219356845185,-0.0043697964357666645
2021-09-08 19:00:00,-0.8946100056856602,0.06036821719412362,0.1048175787749832,-0.004537755165414586,0.030207570954886683,-0.5032639612376624,-0.00536113852713147,-0.5557688863649836,-0.03151440979204173,12.136320560039758,-0.764060586690264,2.91803694411335,2.8085198233420434,7.532704952341588,32.466516983774504,3.5279852669005693,-0.9607672141942902,2.6919936247453253,0.42772359331830206,-0.6402357104740761,1.4292771938029458,-0.006699071530669092
2021-09-08 20:00:00,-2.309985256990096,-0.002495239693896311,0.034662746287577824,0.02914398167169694,0.024678316487820626,-0.6392484945928847,-0.04982315903393426,-0.515320931783275,-0.024136752528477037,10.775048731823226,-0.7361860865220596,4.968379763258278,-1.3782637725611926,-5.521210618066002,13.747853776275356,2.4929818004335127,-6.56904387127974,3.2232721855101425,0.3050648380072864,-0.9166635604943599,1.7198960341317322,-0.007860098236055678
2021-09-08 21:00:00,-1.7329362486843172,0.25335970056863244,0.243445646198187,0.018648773697793653,0.021106452715096244,-0.8812557116061328,-0.05740452050056314,-0.38241720279799124,-0.043446464762110955,5.481149698030031,-0.45757437079090707,3.070098323717037,-0.2479761120785455,-4.855424867019915,13.402678311096977,2.614372279337804,0.12644774866995487,1.4747788416661238,0.14443199732485282,-0.36829144354566307,1.804906494755063,-0.009165706016460684
2021-09-08 22:00:00,-3.012553194515259,0.0783992764161581,0.18352040219262755,0.002359628317183605,0.01847323467970855,-0.5347719000331207,-0.040050169314728504,-0.3650434105111575,-0.03660885270433933,9.095153914004102,0.08414914351485347,3.3222887670323678,-3.443370986773547,-4.605790694344408,20.93220006101781,2.8545429380730503,-0.19849940443504774,-1.3453736636109301,-0.3811206873589449,-1.565852703127982,1.2444891106847615,-0.007327779397139737
2021-09-08 23:00:00,-2.3144322382874143,0.11911107041368983,0.24869091183584172,0.025522529037861688,0.01570515361235766,-0.5567978290910623,-0.053037869315386905,-0.1472779520143525,0.018882075253429095,6.747214686649409,0.3100079715244718,0.44872447227980483,-0.2770757225437128,-6.123714786536042,13.348146375607453,2.4876561728541144,-0.10983449611535219,-1.3068013993846206,-0.18015879818526861,-0.5872572721544576,1.5455007865252284,-0.0050944958406974414
2021-09-09 00:00:00,-17.99047518301226,0.0560923371233621,0.3526342117677566,-0.06139829679628465,-0.0029111214342428717,-0.8420025676656383,-0.09411579876968351,-0.15682711845023536,-0.025406085835432562,1.9870415040537937,-0.2079604000354116,3.7549096129458936,-2.3464580591268174,-13.634569594680263,2.393170089736469,2.5078632132392698,-0.8901649446032796,-2.0435446661927967,-0.678316632882636,-0.5758494673308289,1.2781255946912113,-0.0025727171723292056
2021-09-09 01:00:00,0.2583950661287455,-0.17377914056355612,-0.3530908203081182,-0.010571553422059697,0.011371282779544266,-0.6322707422045823,-0.03813717846992133,-0.1549607576002819,-0.021766481843569392,5.125400001805469,-0.629580842246231,0.8436830253175597,-1.15394311159232,-7.2175261579640075,11.79129131986496,2.6564733831602894,0.3722388407178768,-0.6713882815152743,0.16492242492888012,-1.1381362776548467,1.0538446640019676,-0.0018346148243912536
2021-09-09 02:00:00,0.1954976870440784,0.12014264027108898,0.2178734241761021,0.042374394206724945,0.00839710163747367,-0.6311153277705446,-0.03429049853467371,-0.14461053557276538,-0.017745756928698956,4.918424797859589,-0.4276880374462531,0.07709548616381537,0.9835483345375627,-6.712501748584271,14.396141934531054,2.700379429895789,0.19004987380837213,-0.544319662227254,0.06833754833578,-0.8984886807297607,1.3758320366190766,-0.002445037566084297
2021-09-09 03:00:00,-0.26242635736389036,-0.019721323754463022,0.09767600872066569,0.009702110611790701,0.0132026128469941,-0.639439410586797,-0.03729773795279221,-0.12809186946558432,-0.019689829416901106,5.71924096801454,-0.7199358070636142,-0.6881535065301454,-0.5730636174047179,-7.209078996088511,16.011475923109362,2.8221553453469013,-0.23143641010208196,-0.6333385187847684,-0.5185571676641685,-0.8990512039487379,1.150598254107407,-0.003901094955784482
2021-09-09 04:00:00,-0.6147143757642143,-0.1628836430047021,0.025464306359073482,-0.004044920548527353,0.00920536181596162,-0.5976983325835167,-0.04509811713673858,-0.14862213232283242,-0.020161626974810592,6.656486876153131,-0.35724112218292325,0.0015007187612408033,-1.8014079356867614,-7.280148307506626,16.232051042784395,2.8077652154519557,-0.02244454010691779,-0.9750410066668539,-1.0215485667216815,-1.0465125292353479,1.0295051739912404,-0.002859619157653951
2021-09-09 05:00:00,-1.3334096348245479,0.03313572512889858,0.09138701951616476,-0.008877839458811232,0.005614433862788955,-0.6691446388685979,-0.07757075971708437,-0.1728799246567892,-0.022099360620313337,5.503738898180742,0.05270843081030404,0.7848786041723955,-2.4918686322093135,-8.007592587539897,11.782810827268602,2.493238423185247,0.19943857885598298,-1.1983864308140888,-1.2970119222552532,-1.5493923939630247,1.0880916524647115,-0.0016299794824054699
2021-09-09 06:00:00,0.3642410026299582,-0.03907713750004466,0.04617214404604651,-0.0018310224343981644,0.012190633738791992,-0.5232353242758322,-0.028159482711126525,-0.14005323199470984,-0.019409042401842706,5.6344161370464905,-0.6316010232169685,1.1257107821470713,-0.2374524351792709,-7.493703467352264,14.870193197600559,2.9511587609409107,1.192165116777912,-1.1296271580112942,-0.8347831513888121,-0.959614914366515,1.2892876183183495,-0.0007800320116040601
2021-09-09 07:00:00,10.408533681306857,-0.03430159300895993,0.39910545710176093,0.0729363648149997,0.02147705776888442,-0.3788345253418974,-0.09348116861925476,-0.07618685339928255,-0.04716455145857597,7.75012293552513,0.007029581364961563,1.3847638535934315,1.09556827522977,8.742792111886759,16.62845398064988,3.429247237053322,-0.7529913536546402,-0.6478998385743472,0.4531517194332352,-1.0560321547547018,3.578844583598305,0.0051813466510575844
2021-09-09 08:00:00,10.190090582904109,-0.19868617580759923,1.73387598652089,-0.010876289653648185,0.021970662735260344,-0.20816459386762304,-0.07106055201199901,0.136989607534506,0.14689032867085233,13.087479889632826,0.30610341670809005,1.2405724251135444,4.976977589568385,8.558998649808442,34.95817464307949,4.422246706397374,3.148846320020268,-0.11008255550878887,0.2594540419275163,-1.351407530519578,2.2480531401742847,0.006277531107959176
2021-09-09 09:00:00,4.815151059112328,-0.1532708072420234,1.7150963247180955,0.011185320534546576,0.021617294287698322,1.8227847720706223,-0.06272445091674804,-0.4098979860594124,-0.019024159259809843,14.475646513729806,-0.4084588943939657,2.469325239021522,1.6530453572991695,8.785590783401634,38.657983021728064,3.5133635538501298,1.3193489643253504,2.0559746142189517,0.16479326795738655,-1.4904307384001454,1.2814763253276176,0.0038579838205559784
2021-09-09 10:00:00,4.6215446383790395,-0.13175341942483285,1.1854235217604845,0.001999172249608483,0.026102652398966163,2.2833850069608723,-0.08018451507429862,1.252225151601574,-0.009040308169899834,13.687162521918225,0.91631242311063,3.1021043713331102,2.9719266271925235,10.263988469433281,32.24397622433302,3.8156230627474437,-0.8713729697752979,4.03040561711587,0.45214105969827456,-1.0846073342030935,0.9960396280975917,0.0034255119396891806
2021-09-09 11:00:00,4.130462199527171,-0.13415414201524964,1.71639006777914,0.006216715898962734,0.026798523886577535,2.1448916135386793,-0.08073521008563714,0.90071208902916,-0.008771728272513163,11.525725766886113,-0.7297435729683012,4.60274810542859,3.584852062004713,9.449182501453029,32.618802767368784,2.9658095656539047,1.6844077138916738,3.008730922252636,-0.03279197673925862,-0.49601939476467966,1.1228208982367327,0.001435327288481372
2021-09-09 12:00:00,-4.597797539016684,-0.12662710730637997,0.8320560645719267,0.004162031366831243,0.015339980430642018,1.9830786928690693,-0.03493200339912994,-1.0030912494794926,-0.03236967687602441,11.851962006771055,-0.8162911263782586,4.001135934331149,1.210282178502388,-9.068876216617763,31.260186326201524,2.397579022037691,0.05926397153797563,3.0475736048554922,-0.036378670688039405,-1.4461567854822879,1.11814004771882,-0.008610727317485583
2021-09-09 13:00:00,7.386947129315352,0.025012828772502237,0.685068946482907,-0.010600943148410988,0.027647522726050918,3.8213344062254144,-0.07069429960847949,0.9435586535534588,-0.018909253621332583,11.977545627525714,3.875166445270546,3.136784310970002,4.014181408341484,10.767979479636004,29.5582894011553,5.146378867304174,0.17600874306401953,3.089505801479776,1.038342456400153,0.05344098255944435,1.1292459248057063,0.0019119162962101394
2021-09-09 14:00:00,3.9218235315591543,-0.056566155430049864,1.493372517938134,0.00481499909468113,0.0274922436905584,2.373941171565705,-0.07889164918940579,1.0697974305564317,-0.016552758054063768,13.46647514114696,0.4878077976875177,4.448734153099102,4.487160171424633,8.601185058673261,32.34292004952943,4.071759190913828,0.05681275126558717,1.9122333143954804,0.7464166464587825,-0.2731034968179951,1.048470028217153,0.0005094093506718394
2021-09-09 15:00:00,2.873918188541544,-0.10859134067470058,0.9721732440189095,-0.001786073749617682,0.02721503680289726,2.424611935781247,-0.08864013431153746,0.7623411332456169,-0.051814191830498575,11.372837532689644,-1.0147482845490474,3.788050312610261,5.51942426491625,6.789323503948849,31.417063242342618,3.2497432976419307,-0.44498226381236405,3.1817421583257923,0.8737436406339482,-0.28809931183678733,1.1068881898510767,0.00031599042131762753
2021-09-09 16:00:00,1.0505668666983894,-0.07152509629708119,1.2886536553249057,0.0022390705089506482,0.026816480607735768,2.2020614156516753,-0.05209372423608569,0.7924447686321859,-0.03028004211604045,13.961300782810964,-1.0570963688480512,3.9842325716167633,3.6743321534229945,7.829948257230189,35.69665089432126,3.2523295558041068,1.448742264654666,2.9931938274562286,0.44066269864509544,-0.6624125272008062,0.9471050300385999,-0.0037164920004451353
2021-09-09 17:00:00,-0.43329840294244754,-0.0746984260148191,0.6359845047268617,0.0022292582888665557,0.022888805055365957,2.383141758379573,-0.02304666648218323,-0.7362147674642504,-0.03136589345820011,10.569507082893807,0.25537886044055125,3.1539308422864476,5.15597648923069,4.178362398520909,31.43093563633012,3.354469538237317,-0.13950216044395505,3.1024626406550855,0.7243048057068872,-0.7406626809183894,1.1672998479580061,-0.00546201070724224
2021-09-09 18:00:00,-0.9010628638434174,-0.17211393825889057,0.8823501881148814,-0.009651709470771971,0.02681005633943889,-0.12364968582478929,-0.021205930969947794,-0.4373761421886988,-0.024068965591875376,12.146494705254682,-1.1019260317501343,4.152671640191845,2.990971885780625,5.926063782499163,32.760430755948654,3.71780697201664,4.609065633884616,2.4042076207955523,-0.16788142456497424,-0.9386686252626552,0.7755432559781548,-0.004151646801758242
2021-09-09 19:00:00,-0.6398719922424451,-0.16404462827138963,0.5215558749295083,-0.009622725893203158,0.02849996196670699,-0.30662746192197554,0.001128381954009665,-0.45216748905334375,-0.025147335737033295,12.102732680412487,-0.9697089088923133,3.2724133696031545,1.9950668925811246,7.918795071061248,33.54938119403743,3.5808293521393595,0.45592904512762017,2.91478734581053,0.11074893367643449,-1.2967411831218425,0.919741584592658,-0.005775356338448147
2021-09-09 20:00:00,-3.9616192699619304,-0.25247543043433757,-0.19951621292714034,-0.000599713573136227,0.02145321221355688,-0.22260871444285868,-0.03545413004961459,-0.6683077196296137,-0.028048721966187577,9.95902361063402,-1.0108895994964036,3.5721611837772085,-3.2981958736654584,1.7069851605961708,21.343022283300957,2.164021490679663,-2.453578360289507,1.664932286325045,0.19436440647803568,-1.951547372246662,0.9817196982372103,-0.0061052035550522386
2021-09-09 21:00:00,-3.3196165214533555,-0.31948851000596873,0.16502599168542692,-0.001899752263023868,0.017675881560034884,-0.4099293139424882,-0.034015372714331915,-0.604544485312332,-0.02733470612407044,10.101957786953209,-0.6115871285539282,3.129831565155263,-4.10748826453809,-3.344640264916493,23.581703970754706,2.6326247579178967,0.1366669716999999,1.1362093544936,0.24551381855781826,-2.0051653526861526,0.7054599796862955,-0.009588260072138515
2021-09-09 22:00:00,-3.468331091512326,-0.16203177185388418,0.16965226662145855,-0.002929919426942711,0.01677062562127059,-0.4379679481011233,-0.03824959819114762,-0.5318809576259226,-0.031703321959590254,10.037058467040815,-0.5355517951803971,2.779415222516919,-4.27260919851052,-4.645393517002923,24.27508522051726,2.386721574978359,-0.1925903453719061,-1.227921590935586,-0.3741608070528391,-2.1862380394165513,0.7668023110020995,-0.010917916084293522
2021-09-09 23:00:00,-1.9057784141407317,-0.06179716706606333,-0.27170168916351384,-0.0035292749452227683,0.016513528805949168,-0.6144022937726227,-0.04568675416056251,-0.1762945195464669,0.0014234105261789953,7.01998786000859,-0.49219697803802975,3.9672218639038705,-1.7229685303717477,-5.152422299754523,10.084671280142597,2.908792801471384,0.07189148521124444,-1.7926318557711083,0.236838868891978,-0.9163388619880998,1.0435097762920513,-0.004816128042871734
2021-09-10 00:00:00,-15.955278413317263,-0.3060799962004109,0.27767732078179475,-0.044575533890058174,-0.003306830709836903,-0.8518363576263588,-0.08027561424349147,-0.16378854275151683,-0.02524699398787525,3.5154929003107935,-0.28059101157971095,3.7839375100746206,-2.375815250407373,-12.205024543955021,5.025958932177409,2.6934310783870816,-1.50244253961677,-2.4610733778185976,-0.4557223462070029,-0.6748575113020927,1.6023460406104983,-0.003531161263967455
2021-09-10 01:00:00,0.5188590229736425,-0.5116505941374654,-0.38365134115719945,-0.018965448024023574,0.01044920039614855,-0.6641170788149815,-0.03989337189451482,-0.15353180497396707,-0.022311340137713558,5.17279873387656,0.1325008315637023,0.9924015083665125,-3.043080854627392,-7.176579981364262,11.343394863511508,2.974736172205036,0.1956371240999656,-0.8341954940725076,-0.07470349482262194,-1.015968235490691,1.085118149642804,-0.0022049248174521954
2021-09-10 02:00:00,0.05720205859300791,-0.4868087666450659,0.08046717859819887,0.009009140376131344,0.007380094207567642,-0.6400866643773925,-0.03214809918369223,-0.17568361301252375,-0.018919371006266814,4.981674824897029,-0.35588285585808815,0.8515364304967258,-1.7111415351898014,-7.966065877271176,15.337700746367426,2.591607521048624,0.2398888447322795,-0.6645896065060428,0.3178750761580923,-0.6015026028967692,1.0059254714100232,-0.0020411551306268702
2021-09-10 03:00:00,-0.3636004231812806,-0.4911663093979524,-0.09684025679197003,0.018564133158437437,0.01212046890234109,-0.5994580376575201,-0.03677968324433141,-0.16980621812226676,-0.01465363200402148,7.833825251683232,-0.04822406323878945,-0.09840319079094337,-1.5445958533221968,-8.188353901967673,14.451224623002318,3.0521591347964465,0.6339654224377645,-0.649058154118075,0.08820398376238028,-1.040945851746559,1.5248629677659011,-0.002676160637960092
2021-09-10 04:00:00,-0.24817709178757974,-0.46336645311231506,-0.15316735993583372,-0.011137648164511831,0.005333701196159822,-0.6241450080305837,-0.040206235205365454,-0.17558102940402806,-0.017543990834943526,6.733438053527439,0.008397251499144555,-0.04623411298549287,-2.0436082364707224,-8.618062940157092,15.362697792513853,2.787798571799166,0.2998646179855422,-1.1907353672369776,-0.16662139821844604,-0.484351370294478,0.9756184424389649,-0.0019189936385918894
2021-09-10 05:00:00,-0.49701562492353946,-0.3937647013831822,0.03415785993763284,-0.00902252592286832,0.007778145693384545,-0.642458816033659,-0.07039570049858877,-0.20522781684417912,-0.017517759058207665,7.0175270017519225,-0.14546541707394053,0.9563205695998551,-2.4268062079411066,-7.889202939498591,12.219241156847435,2.8129194811554106,-0.8307314730822677,-0.8468980619009953,0.12865439742089824,-0.9904088380640106,1.1861877232420877,-0.0016191236436845753
2021-09-10 06:00:00,1.089616372812518,-0.5398709112523682,-0.018422678921866435,-0.005217241507608233,0.011540532362726855,-0.6345200798341972,-0.0350536855283032,-0.16208247020962166,-0.02209962118955498,5.869569890042257,0.22033530374084878,1.113790212831711,-0.20202355002547323,-7.576609478276529,15.466668605224758,3.1750661001440186,0.32509568271820083,-1.2109231371204934,-0.1685314345755842,-0.4420019830379254,1.2452133790629765,-0.0013411443729346908
2021-09-10 07:00:00,10.62254658741405,-0.9315549327891616,0.6653526476233597,0.06741879667592264,0.021137584738321717,-0.43705288158051087,-0.08032787030762382,-0.08276501549880758,-0.04696655843465062,8.025634562136847,0.6255909291354718,1.2588959809461433,0.7941023934140448,7.781735772604127,16.31551363046961,2.7980650576170216,0.7744785968312226,-0.590209997639836,0.8163161009426455,-0.36133346542632566,3.867737089750252,0.004130378336864624
2021-09-10 08:00:00,10.715939852541045,-0.7246512428453403,1.9559054889721985,0.005710722746667469,0.021833463699482462,-0.10846962209918712,-0.06498662714037313,0.13973633439387131,0.09797483226855881,13.540770752626438,0.28533980959980254,1.468663810856484,6.89618657877499,9.434386541215375,35.829795566673205,4.047278936256938,5.306017388130378,-0.24844758983392295,0.8047915712832782,0.3409488629775559,2.455802006303974,0.006544434644410407
2021-09-10 09:00:00,4.94268382886152,-0.44268310270834266,1.3770114579496533,0.018907908499696764,0.01888751480999661,2.1195225121896253,-0.0842523985720738,-0.5011134069156667,-0.020205831179479047,17.104442061601915,0.036815057946067584,1.9120585071760092,4.207468984136586,10.241616246245245,40.90193106402718,4.733443893558195,0.09119318282764584,2.769163126013571,0.1367175532576146,-0.2976575563531496,1.7037249262604932,0.005637142196103984
2021-09-10 10:00:00,4.307667496710094,-0.3273152792812597,1.4884154498541937,0.0028219252010892137,0.021258224967345963,2.403424990073706,-0.11298131901318273,1.2579006322978032,-0.009354304639039824,17.352381880339944,0.9655007070657302,3.3841500567467495,4.106694969223821,9.798963492885905,40.62040785731308,4.200606160374476,0.39750153083750817,2.896452666910841,0.11289832388587054,-0.565510950448228,1.4210609003895787,0.0018614153512326998
2021-09-10 11:00:00,4.289592237420941,-0.3933734251517294,1.5727899926305202,0.0018508828578612168,0.026325368305602097,2.684805036703298,-0.12509233874389478,1.2718311269505638,-0.02772869745321074,13.365052763840437,0.7884656596603291,4.293418996578763,6.83470411261267,9.723168393277104,32.572818116766534,3.2812908533767193,0.18756033026872507,3.2094700959488334,0.8074618950121364,-0.3457967224691166,1.6422930958606363,0.001522275952005596
2021-09-10 12:00:00,-6.038193045667489,-0.35017831825746704,0.4966636031452896,0.010024816732035641,0.01619050396674007,2.132268507171534,-0.048116618826556004,-1.4140825930046472,-0.023512187299548612,10.188212118583735,-0.6067714948538271,6.0459867247333205,-6.335939162456246,-9.770786875679756,28.865334538684905,2.777462147558606,-0.5735172919035851,1.965960252062193,-0.373201483289622,-1.7922776103768334,0.9142894090359475,-0.009266396408873613
2021-09-10 13:00:00,6.885541120540435,-0.40446294766273927,0.38760994015419203,-0.00015131390717972767,0.0296960122591328,4.378200292037138,-0.043189044144654964,0.8273586232353313,-0.014486506317301697,11.166901928388366,0.9339421778382753,4.820018748711023,4.423568281405153,8.823599585307663,27.79383431259346,5.058055903884676,0.5877414812759827,3.1291323521928898,1.004378282268773,-0.40211518249680256,1.5112510893843663,0.0009358330309591893
2021-09-10 14:00:00,3.7482596519453923,-0.3633029881363039,1.4937552871818953,0.0022623974811377214,0.02452779032372396,2.315919380247576,-0.08694152633634224,1.0347460796661745,-0.0186325658798654,16.287077122067988,0.24754410138294777,4.2439373374079725,4.161393883764481,10.561762344439058,38.16754939738628,3.992768087728101,0.741598815023735,3.491961453699918,2.480197798222142,0.05280108687451559,1.3462155153280522,0.003208012282985365
2021-09-10 15:00:00,3.7214927079841997,-0.2943128853982728,0.881740702288393,-0.003993060868231924,0.027531240881409055,2.6388831937061314,-0.06888044627634926,0.8020250869783078,-0.032588704270344854,15.256298299273396,1.4187264059923808,3.8321410105421396,5.540108152529627,7.625043505018367,32.917391649859105,4.039404478213934,-0.9814015315375103,4.577295905396957,2.3250965266625054,-0.4775956319695746,1.570662507643836,0.003123622795008635
2021-09-10 16:00:00,1.416976170239724,-0.31428177499189575,1.0732933168974952,0.005084597559093811,0.021722145809411116,2.499363302742954,-0.055015239192845934,0.9581593673733363,-0.025819519163405073,14.880299990393862,0.610725689969445,3.943932612192601,3.7654809973654695,8.070876454094032,35.58199398826155,3.4252722173442876,1.3343473810846913,2.1381522922150924,1.443970199455181,-0.5555624220095983,1.3317116554843758,-0.004764989187527579
2021-09-10 17:00:00,-0.5876973799379872,-0.31509146489068757,0.6078148675419256,-0.00636588191255035,0.029201986346412828,2.686984395597292,-0.023756275882636346,-0.6749603009491263,-0.020701905083277454,11.673156861542601,1.9948629078941638,4.48572904181836,2.961280678139475,8.587280661508746,30.601584748755315,3.41779245986505,-0.4898057847736069,2.3785148173670625,1.0270085337370314,-0.6576703497849556,1.338234257595191,-0.005391532165676322
2021-09-10 18:00:00,-0.885719096112084,-0.6063914470305025,0.30912655392755983,-0.005809338024775313,0.022359246086396504,-0.2729587324918253,-0.04028026267936155,-0.44944536975960264,-0.016046295187880286,11.273176332921983,-1.0082160375989473,4.423268712827871,2.99382917716194,4.785308528993187,31.523764422079573,3.867425125193042,2.7847233647847904,2.8165829561945666,0.7350925108472884,-0.2197603671376875,0.9577589190024557,-0.005732426077264377
2021-09-10 19:00:00,-0.3714802563771952,-0.5466345874138501,0.37769271468149745,-0.0004711087010803045,0.020199752282564525,-0.23732865758259802,-0.02487080113419793,-0.4589709022532588,-0.02299531531137893,11.442518569660022,-0.2370623964011498,3.09589898985474,2.216478028166604,4.439890359449241,33.20919553636526,3.7988738900859937,0.4911495028976287,2.366935390834056,1.1660593344849988,-0.22901544447983535,1.1795901374142985,-0.005959648254229048
2021-09-10 20:00:00,-2.5550051095503115,-0.5357107376830459,0.05815316953690752,0.009721007234657218,0.019938921808217703,-0.288179750551367,-0.035663586651904895,-0.589674573131256,-0.02781190159877497,10.767291851596735,-0.6508777973211791,3.0455594909353776,-3.3492684224850855,-5.110178233823864,23.618084206581344,2.365830105091579,-0.4989660937720607,1.2998214859745334,0.025981899703833047,-1.5587929140839292,0.9182374404914325,-0.008098227748234627
2021-09-10 21:00:00,-1.266620618600099,-0.4368715623346295,0.029620631956731557,0.02883929110376168,0.021473553110512248,-0.7307041225018095,-0.04175108788820877,-0.3065908135904394,-0.04732931892548985,7.378481040083135,-0.2644439109753029,2.9383343686307106,-0.6173995852518687,-6.1677571635298,15.424328453858282,2.2556247386952095,-0.11387394131340084,0.10149027572615771,0.3512705910258818,-0.5089572770147139,1.205596020779341,-0.008694088757691752
2021-09-10 22:00:00,-2.0376027290357053,-0.4396874851271183,-0.33602749092555,0.0020548562539220074,0.018944334055715453,-0.5576693585517114,-0.032275175818007186,-0.30312441202756224,-0.03562404297796952,8.535824225700479,-1.0529158093199127,2.7191363526315033,-1.4747188537111737,-5.30627006555227,12.673417982080197,2.6166515314391994,0.03639944114166864,-1.4725241848062756,-0.24778688772890559,-0.6709196245782422,1.135506643980268,-0.004808690088581967
2021-09-10 23:00:00,-2.473461880674458,-0.5455580105444501,0.26733206889036765,-0.000946800382437388,0.013523465883124211,-0.6005040351013771,-0.041759033829644916,-0.15762620540290595,0.003190916973009442,5.604902867242489,0.6451893886495854,2.1880317846398842,-1.0589926221362849,-6.185273308538882,13.352580403802344,2.413908730139002,0.33895799588773884,-1.5156198085907937,-0.3038955741053581,-0.2455756197466637,1.2964830332161854,-0.004970301986212523
2021-09-11 00:00:00,-13.771563766142563,-0.02065059249281982,0.22736418568961775,0.1484058370507142,-0.0017878885721518236,-0.8094594622884633,-0.1398292948692426,-0.1158190621712384,-0.018154252435167436,0.5926468993290392,-0.9277545139819152,4.044886474184743,-1.8019187322493766,-12.455580207044273,0.9711606376160407,2.129727404293039,-7.369199408889354,-3.2337899535221366,-0.49327304445734776,-0.7469481085990766,0.019826861529110684,-0.002265957778153946
2021-09-11 01:00:00,0.6934513512271846,-0.28637013048818993,-0.4358062386060926,0.05269238649677498,0.007683085023751307,-0.42580716301167315,-0.15368974958211587,-0.08805086096989145,-0.01846929935707509,4.659803692217872,-0.9058738530594238,-0.12672558674007925,-1.5690054255661383,-4.5318119372035985,-22.42060738469903,0.6798434497489052,-0.8387071412875087,-1.221362529193996,-0.26328996956231226,-1.5751263538660667,0.3338403116604038,-0.003526094045158215
2021-09-11 02:00:00,0.977944561077335,-1.1131027253074197,-0.15488168131239677,-0.06329822413236043,0.0014501491090032855,-0.6604158785641728,-0.042244448216030295,-0.14427706992135955,-0.011139948189116998,4.801137113126854,-0.6611927949005282,-0.17512106635400373,-1.1079732275386835,-8.074334356181621,13.778814205272532,2.5937018874767954,0.7336955052899193,-1.3875220071603116,-0.46678746822926115,-0.801555851299447,-1.1342859656932507,-0.002663279922797665
2021-09-11 03:00:00,0.9942289168301054,-0.8162934181192038,-0.4469302747443515,-0.055662284813386816,3.68796364316811e-05,-0.680298281321553,-0.005285324291931384,-0.12691793965857934,-0.009770856127795723,3.9725925961735142,-1.3148789422449356,-1.0386700371619688,-0.8434462082090312,-7.8241914480251795,11.269636210796978,2.5275998369581028,-0.22408790155676991,-0.7103263202304618,-1.3833655852170499,-1.742186497675871,-1.5469516217452297,-0.003890643309552796
2021-09-11 04:00:00,0.34435147928312904,-0.9044487145819513,-0.32643938859755584,-0.04532923811563072,0.004973975481425732,-0.7040852781438497,-0.013344463311578533,-0.14939319971909565,-0.01275742090579731,5.037300628324807,-1.4726969840225994,-0.18336761119033596,-0.9879420188103035,-7.607804974011463,12.29848675671382,2.5620847391738124,0.8479114087337944,-1.1984207146312569,-1.541460591241058,-1.270337074473712,-1.0838620175448828,-0.002122206994748953
2021-09-11 05:00:00,0.03355072823878748,-0.7933326934802528,-0.6492293907063263,-0.034364823930050255,0.004754692361564349,-0.7157042472886347,-0.007189989293369764,-0.1390557467035098,-0.013532408410134799,3.9279230653733506,-1.1559808490583683,-0.525851456720473,-1.6085115792764428,-7.412131036048331,10.751180218908244,3.2625815596392522,-0.1931355137792696,-0.8712961427869395,-1.805293259988949,-1.8390258231045171,-1.148359769893333,-0.0031102265870493386
2021-09-11 06:00:00,0.8638954427983879,-0.8316549218918543,-0.18599112280413754,-0.03317178962085255,0.006259210331153278,-0.6771734561897775,0.006604177237884767,-0.1337073624691873,-0.016490248189615597,4.068541803426385,-1.2829644916659961,-0.11068819897380999,-0.9684611997641458,-7.078221901464881,12.112912319241092,2.4576083904891037,1.2780512314063543,-0.9172422617439604,-2.225631785215115,-1.3360451301890235,-0.9082723371343332,-0.002006195130908943
2021-09-11 07:00:00,4.38452791937177,-2.5894370562107696,-0.2678607415819746,-0.5411572161006937,0.010662976470327601,-0.7702619244999432,-0.0296630689615918,-0.1682299964925749,-0.013271283320371521,2.316074489665956,-2.1909295876938555,-0.24417116363390914,-2.1455317908736684,-6.6896151383272,6.241095998011561,2.036314710832222,-0.5550727932500734,-1.1125061919776915,-1.3646127510106665,-1.9658342449970658,-6.853531949653353,-0.0029791240579703886
2021-09-11 08:00:00,3.0060797915208255,-1.1850021735315677,-0.5690463057573963,-0.04873003795362792,0.009885032867889457,-0.6019133107537518,-0.1688138957062984,-0.08604862953613053,-0.006308610580433401,-0.7824436266904761,-2.760791521752277,-0.2105068269610039,4.129345506057556,-6.403899723410599,-46.35414493116136,-4.132332954165898,-12.089207271981719,-4.29185385655244,-2.7031423677159925,-2.4834150239639836,-1.7658336866477473,-0.0032949622172796533
2021-09-11 09:00:00,1.2228263413239824,-0.6873660717753981,-0.6421607314140508,-0.02955585839467112,0.004751275516553434,1.7158666779181826,-0.060792839789086804,-0.37778025647586516,-0.032448790394198734,-20.461621427787158,-1.6530479180156306,0.49768820907462,6.997155310275186,-3.4353138392407963,-47.546411393711075,-4.68861795875455,-0.5071971192602622,-1.2685694987515297,-2.4813214457170436,-1.6537793750690777,-1.21493267397205,-0.002198867240225508
2021-09-11 10:00:00,1.1727403044877227,-0.7727734017911158,-1.057535756739311,-0.03279357021496394,0.003673984533803027,1.880020384399675,0.07193557677721457,-0.3114604857379178,-0.032956020542204596,-19.661187541567212,4.5489290579867525,-0.352965452786126,4.272732035468274,-3.1826198163878203,-47.59250730957129,-4.261651634837695,-0.30412281844904554,-2.2813349230847333,-1.212453649561257,-1.1741086779442984,-0.3862587548941217,-0.0026064724103726645
2021-09-11 11:00:00,1.1578658046682948,-0.786293745827441,-1.732683177045919,0.009165761740879384,0.0015167168997914668,1.8580969341067501,-0.11882082228826843,-0.3882215819061858,-0.0311575688861891,-19.40083890849635,3.7215344888487074,-3.4891015243031354,5.078630176737756,-3.309527294814865,-46.83892881656085,-3.91793350833227,-0.21040277723672363,-3.5404200006414945,0.9749275349057144,-1.4324070260686974,-0.46577594466327804,-0.0021528866993189015
2021-09-11 12:00:00,-0.9671915532634493,-0.7206711823122446,-1.7382299698982768,0.03787082290249506,-0.0029370451241013396,1.7667264919371322,-0.2503620916489138,-0.3533078787070423,-0.02954008255863077,-17.46598378596923,3.1578360747819834,-3.2905354039842765,-1.4917159604103936,-3.629767741144941,-42.679729389832495,-2.588376743891332,-0.1353554878455143,-3.699499819122879,2.27287623924341,-0.8432080648248382,-1.044822505241192,-0.0021071548199910776
2021-09-11 13:00:00,0.7052898547968517,-0.7170807005402561,-1.5864759847158703,0.03355005014011657,-0.0005311252474252146,1.7562296528242725,-0.11897155875232984,-0.35758497232657466,-0.01926034287867538,-20.481241714946513,3.025754787570251,-3.3037009617405038,4.83833270396819,-3.2524381748846163,-47.50380928016391,-3.9991485794331187,-0.019105301675614205,-3.4333567160486322,0.08104016511853943,-0.5277803041444792,-0.4254003791849018,-0.002882509911976275
2021-09-11 14:00:00,0.4981760420392813,-0.6507310601642811,-0.9815300115007287,0.004548025556081194,0.0006237488518753077,1.7850540643170856,-0.014751821259257667,-0.403927270677519,-0.018273662615982095,-19.763823184478273,0.030107334473053003,-2.66629164900047,4.0053547716381415,-3.0688637500281764,-46.681404547603904,-3.7589874233026537,-0.2808693384483389,-1.6259283248718805,0.3704561306837006,-0.21682990770693025,-0.5119161808292025,-0.003431068889950298
2021-09-11 15:00:00,0.7903757251556977,-0.5421235474606196,-0.9734764922504889,0.01453521985543203,0.0032311062858024144,1.7199228134394082,-0.003149294624938532,-0.3588440214609525,-0.02502817823462083,-19.614839538280542,0.24527081063255696,-1.2474527583210753,4.345491870717735,-3.058740418715744,-47.11892597823364,-3.7577523039517122,-0.1652029733968314,-2.0684628540664884,-0.10445016181875943,-0.08684643997183158,-0.4831396727291873,-0.0042371951210324055
2021-09-11 16:00:00,0.3967778898318698,-0.6540027366445129,-1.3052134791105268,0.011423475707761501,0.00026634037847705883,1.6953402637828834,-0.047395291235551,-0.34229969684951567,-0.024975507156225773,-19.127280057612403,1.4534192033077025,-1.573079967211261,2.2104934058530823,-2.784963570914297,-46.556820376576944,-3.6424961685161463,-0.0688056038854752,-3.5592096471469645,-0.73932723825657,0.1390561664084625,-0.5360609886119784,-0.004071639817404626
2021-09-11 17:00:00,-0.053317882609618526,-0.5893023771516804,-1.051907786848504,0.018437015259821048,0.0006252712018041867,1.683474469484477,-0.047841140438818874,-0.34270753260419884,-0.024472704751781368,-18.709591792121568,1.6412437648972773,-3.043922489337247,0.32442796976756877,-2.9382082619873424,-44.777975020441964,-2.7689616905034717,-0.17263943269403415,-3.3622170042932304,0.08174618405018956,0.25610432319738025,-0.6390598942923075,-0.004028301061279264
2021-09-11 18:00:00,-0.05840465962108285,-0.5876726250354515,-1.1336840363164113,0.03380291604436867,-0.0042876670285568385,-0.07719263697949033,0.012113536497412503,-0.23740928173438386,-0.025492199978256306,-18.332630049176867,1.6950497155480992,-2.9326844383571786,1.8205032506222127,-2.683623140541547,-44.746894428559536,-3.070754407064661,-0.2144581384390738,-3.105481243214954,0.816424060854495,0.22663287706997334,-0.7608030464292186,-0.0038899446774490324
2021-09-11 19:00:00,-0.377620737013949,-0.5377516604549748,-0.8381622865739704,0.0023215099593228913,-0.0003373290396634871,-0.14205053977306387,-0.018106945411150654,-0.19648249738333284,-0.00522819110535697,-18.0854787532944,1.5387780958843646,-3.1333939962492154,-0.22516535829621714,-3.235061681870718,-43.72983983151279,-2.4353841428403813,-0.3787401307638152,-3.7059222025697065,-0.08679448837578317,0.08470643097992207,-0.6466667946778989,-0.0038557284883574934
2021-09-11 20:00:00,-1.292272130807647,-0.4286900099393757,-1.064585101131375,0.01367922995899857,-0.0011836313007710032,-0.09204862794690007,-0.009052901896215134,-0.26119962993110973,-0.016159115094146602,-18.565131345353738,1.6612893608648045,-3.268128770929753,-0.5111974252148522,-4.249391801384085,-43.02606150105184,-2.3516473173387946,-0.1846723007439563,-1.7041854804957264,0.5164741587488467,0.11020353043654707,-0.5447929023011873,-0.003985486863538741
2021-09-11 21:00:00,-1.371835098141497,-0.43948980009556476,-0.7905864635554783,0.01586366875633939,0.0022434896894626623,-0.11847610255321497,-0.009057268886570912,-0.269269493489386,-0.026621166578721794,-17.92803972402559,-0.081576788031779,-2.880747547656529,-0.7101668628942395,-3.751037467607324,-43.00380413027513,-2.331574956886261,-0.32157749114393813,-1.5349993337744132,0.6600322407495994,0.2329173246674011,-0.46701372376351447,-0.0034448988590428937
2021-09-11 22:00:00,-1.4038837160069662,-0.39165232260163946,-1.0344941051388978,0.03840872838463582,0.0019536090627618376,-0.12480821495931747,-0.008209009354205902,-0.24222536200836683,-0.027257519248593577,-17.886540982062808,1.5391063271393275,-1.6433165117959643,-0.8340242876241919,-3.7007361407558355,-43.824067883619186,-2.4380877013213453,-0.2082828926008908,-1.9436109051164883,0.25783263393733563,0.25599321809612696,-0.42581213964265213,-0.00392831129403458
2021-09-11 23:00:00,-1.1892435247097723,-0.32880887222500554,-0.885408903438281,0.030709143262212465,0.00027348411898057946,-0.1414327990466351,0.06040141520079903,-0.03690117811922319,-0.0007759658868613493,-17.768992135615015,1.5538140096634077,-3.0775423816153493,-0.9517303623445045,-3.586202582788596,-43.4860814714207,-2.384398241150588,-0.2043699442531677,-3.2657844335875783,0.17524180363628292,0.16119504530095868,-0.2658753833776555,-0.0032593019620243053
2021-09-12 00:00:00,-6.510474993778816,-0.12712135874345246,-0.9924168848165099,0.10754980356498373,-0.012274163753688463,-0.22052281657225437,-0.01833611081008828,-0.08474502106250645,-0.004366271560829346,-16.59946047090082,1.3230486273640525,-2.9198671180931526,-1.1305067592248212,-5.871939048687105,-39.15483758477731,-1.473326303765575,-0.3582659935540994,-2.572812723527888,0.42055711922835654,0.647260206347471,-1.8765558979373262,-0.0026404744468652205
2021-09-12 01:00:00,-0.1379951683241493,-0.05076436743354427,-0.5133825400013656,0.05246788444014815,-0.0093486022267952,-0.15246593179176107,0.029556222924441135,-0.09190354311739747,-0.0035966047607829555,-18.482696636428248,2.5447501599967826,-3.123907941765954,-1.0580527338006926,-4.228470399689269,-43.929462339454986,-2.1764360282526294,-0.23529895798708278,-3.316974265908601,-0.1978259300546763,0.9360308025225166,-1.2556745677637162,-0.002421806857189292
2021-09-12 02:00:00,-0.04502745131112536,-0.019941123148432972,-0.48176654276139547,0.03988100879447614,-0.007060752320292076,-0.1614915353177238,0.003345692349854253,-0.10550484267796635,-0.0019380852635671746,-18.340511198807476,2.479398548814814,-3.273515931915054,-1.0845661254693781,-3.701574990884947,-44.072886309442445,-2.1108367641184347,0.1606712563085039,-3.2478583409795427,0.05148898316387062,0.9178961884533574,-1.2042742878918753,-0.0021925582492902545
2021-09-12 03:00:00,-0.5464756135717959,-0.11137102293686,-0.4382586992746388,0.026790409758493765,-0.01344457792651591,-0.18483174054768967,0.05732263460856385,-0.09420008419834719,-0.004446495587995631,-19.425581273769183,1.0418239525520965,-3.3383018946001064,-1.0214950915865841,-5.01374052962215,-44.803952214727964,-2.4139769875426156,-1.045316093619878,-3.1350694827994054,-0.0033965456351484923,0.6614836345726495,-1.4029526661459395,-0.0016614595165549092
2021-09-12 04:00:00,-0.3794640364136117,-0.1666437165683827,-0.5652476424441493,0.005977682666745258,-0.007169715483929572,-0.15661639112131057,0.04183657877882527,-0.09403257908856728,0.0002857089866927045,-18.758987732158346,-0.037028677679775426,-2.7926551684888055,-1.2722602807470327,-4.426907468357825,-43.089076712738525,-2.3803051255416667,-0.3888960916362282,-3.0117251214919993,0.4604807052924251,0.8959070961871918,-1.1777213945404426,-0.002582676012852635
2021-09-12 05:00:00,-0.39347793783317425,-0.04019152947700631,-0.5144789121582312,0.02147891160508993,-0.0048411411295055905,-0.15118529433611055,0.06816738282590912,-0.10800001788527722,-0.001371012225033942,-18.659996337019468,2.46308237691246,-0.9196413403187065,-1.173073469388308,-3.859493314350212,-45.00321935845,-2.5111746558951387,-0.1838491744484836,-3.877875484607945,-0.16579320159801783,1.050499359799237,-1.1989707596497043,-0.002625792705311046
2021-09-12 06:00:00,0.133105500152787,-0.12419280127225109,-0.4555115789130505,0.018324036541123707,-0.006567646177298857,-0.15343852541804007,0.034888157212644,-0.10309307796763446,-0.0023594201233535107,-18.639259540474573,2.514509188053683,-3.269119846711878,-0.9761169208531183,-3.9575836229302674,-44.507079884636255,-2.1956010161973807,-0.1791931809382119,-3.2313574552062065,0.11683498634925962,1.0845795218810614,-1.3661925407904445,-0.0021694624991360815
2021-09-12 07:00:00,5.972851057356964,-0.8171000823822067,-0.7988952057233732,-0.19132372146280865,-0.004699876742547716,-0.11731455558495336,0.09187938759901668,-0.10325241611945161,-0.002420017171981783,-18.79516864267191,2.3384176249947384,-3.029652620869567,-1.2502025911148016,-4.103313529730337,-43.71264548732609,-2.0480088649232697,-0.5535434401891083,-3.3973592638265413,-0.37675637582270827,2.8870486979964585,-4.696687704327918,-0.0022393372085356654
2021-09-12 08:00:00,2.9032676485254805,-0.23476274347625575,-1.116666722179646,-0.1043639476344024,-0.014313889555655025,-0.1898895855956267,0.04828316883745892,-0.1045606674054825,0.0001051974941776157,-18.68684848599774,2.3589027287280775,-3.2280683976096465,-0.36743320043674893,-4.554085247522916,-45.15269229470757,-2.5873635420656855,-0.6241488625020889,-3.629117468238327,-0.7015926518102414,1.5740777868546312,-3.2462250697724744,-0.002276765275832878
2021-09-12 09:00:00,2.163771393038502,-0.014971508752921664,-0.8386972338620874,0.059814519009406215,-0.008801245789429278,1.729782842300903,0.09615265481031292,-0.1138911000904483,0.015508528384186048,-20.290706278053783,1.9281998094577641,-3.3649840707490326,-0.44092636098888377,-4.036353989961519,-46.62259395350503,-2.861925159150097,0.39552532151150394,-3.7010579224389115,-0.3114231140049857,2.331216270323981,-2.193135399797721,-0.0011528757946097376
2021-09-12 10:00:00,1.9034120514683504,0.02098143434960073,-0.7941916449269943,0.03662272241657883,-0.0022929923343261824,1.9300176475668414,0.11517705203784821,-0.08799024433467813,0.003226092747021808,-19.857645571808735,-0.5878785897253135,-2.8990855746395865,-0.2126024756482121,-4.8898210182017365,-45.80568033355169,-2.769542656921692,0.10900533198806861,-3.2285154296428735,0.31759350149158716,2.1943088308888754,-1.9688039628079579,-0.0021997986094032425
2021-09-12 11:00:00,1.783709270204893,0.21646854169783084,-0.6733735582503608,0.033038021603286526,-0.0022945551436711347,1.8695347462500154,0.06316836997155834,-0.10046627607619911,0.0029703702389805293,-19.503592683522886,1.1654397021288476,-1.6237454973719814,-0.3760737836967349,-4.464719174584071,-46.72782425408435,-2.767025693701705,-0.3865129236157538,-2.3293993636411594,0.2964412621574179,2.221400866849368,-1.6658442569258602,-0.0022053193480443215
2021-09-12 12:00:00,-0.3138917907094991,-0.14494993461989766,-0.6862617983545273,0.02385537795378798,-0.008381312144744236,1.8477889335630602,0.02362300230264579,-0.13125184885460833,0.00267381169587805,-18.796717575786907,1.3382695912356364,-3.1641157297141915,-0.4848321547524074,-4.946400941526223,-44.32937259075742,-2.7775527919757903,-0.2398414476853506,-3.1931490504388718,0.44461227893584127,2.4557795420416744,-1.9951756982679631,-0.0026662131760710143
2021-09-12 13:00:00,1.431137148414669,-0.10475274634397437,-0.7161998089386927,0.0668237423527797,-0.0076080639558877335,1.846837678661398,0.027865052736960695,-0.10490164261783042,0.0016789677937019418,-19.319262469070523,2.4321620918541114,-3.223545037576216,-0.35731946141807114,-4.179341203504939,-45.52525374458449,-2.800034639474624,-0.2409030564570073,-3.8390869494144235,-0.3037088943259956,1.627047869212562,-1.8820224341708978,-0.002173936899344566
2021-09-12 14:00:00,1.3126758563147896,-0.1794022024103412,-0.7244787372283947,0.06185906764403153,-0.006399543593851101,1.8327649918547215,0.03278349690872226,-0.10257365142156084,0.0008912527637020322,-19.18147878851074,2.470855230389892,-3.439169863033986,-0.37080829116157366,-4.121010552413665,-45.827934990005126,-2.8437520605135083,-0.24929263188735493,-3.5972881177585885,-0.36102473996423423,1.6392386589561299,-1.8375383182057807,-0.0028971383533350414
2021-09-12 15:00:00,0.9065834651523881,0.6196095104517876,-1.3196412488998033,0.059800176343649585,-0.0034429888270812734,1.6850749344814517,0.05222819618324164,-0.018676450867905394,0.002777555628171929,-19.97654013182489,2.3080727501899245,-3.5913759944315777,-0.4964287851967928,-4.361920749600774,-44.25576349924116,-2.887681725595935,0.6052228405751185,-4.00696953431485,-0.11967059128117394,2.401826308423736,-1.720824316578549,-0.0034062573685531357
2021-09-12 16:00:00,0.5357392486220725,-0.22827621904819864,-0.6292839019887577,0.030766372937364436,-0.001578434442054665,1.9151293940790581,0.048561314290424804,-0.1052414789934056,0.00504603401295268,-19.29530498662762,-0.36144631994809406,-2.906728152048998,-0.34132952545689144,-3.8925931049584706,-45.240199649666515,-2.962873163225887,-0.32343277470488646,-3.137071825179311,-0.0371330607414142,2.112083920853688,-1.8169370852353561,-0.0035020052699950397
2021-09-12 17:00:00,0.3884209536112323,-0.06965590771451283,-0.7504036409257521,0.038656555046617955,-0.0013564410956151713,1.8321355272735065,0.04194831902196145,-0.12013125238812268,0.0035747872182118772,-19.116964703302244,1.271546900335317,-1.7637159832514608,-0.37124959550748593,-4.04165922570421,-45.81561571448432,-2.9728471077637617,-0.348612408819774,-2.417273953404478,-0.0595665730930067,2.1106607915491336,-1.5618990903270455,-0.003633519142152478
2021-09-12 18:00:00,0.2496826410734927,-0.1579101215139527,-0.5412746567894233,0.02004273847362706,-0.0020209123858064212,-0.13540991319274087,0.02719817651897261,-0.09203207451901739,0.0018171395983988862,-18.402438576596467,1.3104662953162405,-3.184864375142546,-0.2733426866755627,-4.084694317725738,-44.497510346476794,-2.388347817444996,-0.3331370693080495,-2.675363163037767,0.17151072487285748,2.2719842307808635,-1.7725636204425053,-0.0036404613915783993
2021-09-12 19:00:00,0.11744703398088846,-0.20456634764741205,-1.0314058080934063,0.041321735271598735,-0.006298987741487991,-0.1650256240555068,0.024319344499043445,-0.08587115073461261,0.002529341000568762,-17.93172992177997,2.6790993147196778,-3.2018175620965548,-0.4286838364077831,-4.338253998860408,-43.981983987524465,-2.5294298892894345,-0.35839099851115946,-3.251261391849262,-0.13495501794339526,2.25969722854242,-1.6317848631745469,-0.0038818369468234214
2021-09-12 20:00:00,-0.8277269306670011,-0.1232304824477154,-0.7420025961929643,0.048654859347628775,-0.003128148423883949,-0.15926429180199686,0.005155437222978831,-0.06946299225986215,0.004692269114766449,-17.90526772392481,1.4469322804829996,-3.2143874004080843,-0.32520615892470106,-3.9230646453994833,-44.12212176197502,-2.4424450589443714,0.2793067326510218,-2.406297567501474,-0.23755504842318578,1.598904120889252,-1.6369928234249795,-0.003669482505820833
2021-09-12 21:00:00,-0.8661746946552904,-0.19253984635606283,-0.6552972845627157,0.02869452661244322,-0.003885671148007304,-0.15999731542256412,0.015361220597764834,-0.085736706540161,0.005300797555763532,-18.01653896699277,1.3363885578938557,-3.136228155016833,-0.35115592972245596,-3.8519074861132303,-44.16909442343431,-2.417816286301155,-0.20957854852544633,-3.1908599696346527,-0.20391461099501748,1.5367384004117863,-1.6888698459522182,-0.0037990587127582453
2021-09-12 22:00:00,-1.5748074090037698,0.8943677471160696,-1.41919730831384,0.05430900442660511,-0.0010362195690872223,-0.054348530502728344,0.044350373369819215,0.0018561704519693596,0.005420580691567063,-18.64846511554917,1.508297857465732,-3.396914830355076,-0.4601025611842369,-4.4638018536089925,-42.18891956000763,-2.724715093581154,1.4194750593246466,-2.0324430097492785,0.6218800545644577,2.3199802258282696,-1.4455902411424242,-0.004045213862969898
2021-09-12 23:00:00,-0.9802924859124301,0.0013115651737973214,-0.6551712440252251,0.03524287987067735,-0.0018298267702923834,-0.15958366200764296,0.03017781399697802,-0.08301649379494311,0.007335791033369253,-17.96130804995102,-0.31724841613930066,-2.789768179731857,-0.5332660780700053,-4.356450046866636,-43.47145771402151,-2.2893631691994134,-0.41219788021589254,-1.6157498928898344,0.4084252031629942,2.083004854807332,-1.4379898780475182,-0.003621513646214738
2021-09-13 00:00:00,-7.229615050089603,0.621385900130922,-1.2585547666884829,-0.10473110457461414,0.00016215329922435745,-0.24877804779868057,0.03777562589391306,-0.04078290131833767,0.010382601942868854,-17.112162676467925,1.072547900113612,-1.2245236128827224,-0.8005304820560953,-5.871580893556879,-40.06606195090305,-2.2201569689165974,-0.5073178629815384,-2.1336232684781375,0.6977495836575498,2.011314851073375,2.433849572214472,-0.0030077906053952936
2021-09-13 01:00:00,-2.6688628690780054,0.43168956032600575,-0.5878737686497153,-0.03955678066504916,0.0003856928179672683,-0.1790905296219611,0.030171439606059437,-0.053392243436055205,-0.0036189146787190423,-19.178876586526613,1.1294556656275097,-2.773530448366803,-0.7366873190371624,-4.881621267277692,-45.0579956308173,-2.658504566752693,-0.3250020762026614,-2.534590457535575,0.22810553349242715,2.2910450085531635,1.6130527111842825,-0.002748326046151212
2021-09-13 02:00:00,-2.9157811523542763,0.8404424952265976,-0.8366889000890734,-0.04754108300431811,-0.00641764473895985,-0.14781088302424744,0.04005467918263599,-0.059992559909946466,-0.003917058782420333,-18.813343019857363,2.679706965430539,-2.901397601557608,-0.3009452866116494,-5.186503381748108,-44.25333415151553,-2.790193915563986,-0.23704467854950512,-3.1750924478103526,0.3760546448722103,2.709704120273198,1.5888154052001449,-0.0028401980820024673
2021-09-13 03:00:00,-2.7742242438422524,0.513800404325281,-0.667507997299268,-0.04499642697371845,-0.003771428331126664,-0.18571369934876367,0.00829348275500968,-0.05053957484191632,-0.0031644141396762167,-19.07878195538996,2.494864954923491,-2.999890309149275,-0.8529628232331375,-4.9480773487072485,-44.90646028218993,-2.7218499079272407,-0.3386508213973357,-3.0494615186582634,0.6219206425713966,1.8610992010561664,1.8915425784781237,-0.0027162640605006083
2021-09-13 04:00:00,-2.6456516665036567,0.4863773869804286,-0.6118444526183054,-0.027062812372380052,-0.002114118801080556,-0.1800228624869205,-0.030100494899787875,-0.05366713968551007,-0.003262338351141739,-19.40040709764908,2.115838298608484,-2.7825690794097437,-0.7980503003846533,-4.616549750152655,-43.88167525930623,-2.5648665130053994,0.4316799849587436,-2.648223970762776,-0.0611810982118748,1.7742691815362104,1.3228249762302942,-0.002036142919056676
2021-09-13 05:00:00,-2.8979787088791302,0.5273345353764697,-0.473518861089853,-0.0819554666924458,-0.00245268000844279,-0.17385940428011307,0.047846631497592614,-0.04323927578142493,0.007799050263454699,-19.333021479209894,0.3323853383404019,-2.5747810697089832,-0.9966335389913022,-5.019980710081762,-44.82316118349374,-2.783434215376145,-0.21932257678422631,-1.8291648083702086,0.4787587643727966,2.0643221446900895,1.3667627629080374,-0.0018365206330342712
2021-09-13 06:00:00,-1.8655941318534175,0.30051693585477957,-0.43512494785274236,-0.05305917795116314,-0.0014317474560335858,-0.19992035640577455,0.055635308956699436,-0.05095759244680109,-0.005080096422510772,-19.391561026484133,-0.41533783535437596,-1.3785503614858305,-0.8766993830958675,-5.249929504381005,-43.917312067974386,-3.048987791303189,-0.5094815974643949,-1.4594760440539134,1.078046983784142,2.088241841917252,1.2794750506612502,-0.0027545262394512715
2021-09-13 07:00:00,24.18022445503344,3.769871734943689,-0.924706612652472,0.13743550916364608,-0.005505167562771426,-0.14991350660319658,0.08123623126471834,0.16619440831288815,0.13618359062998214,-14.494017842957199,2.5926111453528775,-1.4472927835601614,-0.7562140986535659,7.780005645373973,-34.70205841598949,-0.8838656761282386,-0.6883276471403652,-1.6363895753610689,2.725529331248455,4.153853721376849,13.996773264664936,-0.0038535138956879884
2021-09-13 08:00:00,10.43906884015996,0.8652462414652801,-0.08272132774323335,-0.029456911401371518,0.017289000550475223,-0.04014422313863948,-0.12223286770235509,0.013837160655226896,0.007862864655970173,7.567683471630984,5.4389718080033385,-3.23771065658093,-0.54188923335372,13.51207029129586,22.59834046753598,5.25280505742888,21.60118276414388,1.0672368341533407,6.476098015760147,3.0820792002361075,2.6534659559979956,0.00778791870301938
2021-09-13 09:00:00,6.937225411637241,0.8716660360042553,1.8363764873000852,0.005628732041781865,0.016484591396207473,2.1345942126665047,0.06527054690414236,-0.3559983442983505,-0.033146848465296724,16.070570817691973,-0.32799376887969156,-5.910867025210043,-0.18633516789216226,14.136432722055059,40.84363121174907,3.2781132177788708,1.867843231331007,-1.664510458093371,-0.42293219278830047,4.748247680483158,1.9570340178197358,0.005834914382648845
2021-09-13 10:00:00,4.885456629273845,0.707983791302241,1.7117147646979851,0.003104618763770375,0.034098753450387646,2.4963734655351018,-0.07878277206543288,1.009386668633706,-0.02652085388907596,14.136458855466474,2.413896008928195,1.003919197405436,0.490958956460228,12.752769951148135,36.580157729371926,4.484506087489127,-0.6194846870928487,2.3654590179004042,-0.8920922705621803,3.555682692209089,1.5324517671582671,0.0023160639303072368
2021-09-13 11:00:00,5.137889185205677,0.6215490623628714,1.5248658103512702,0.0003381843663307849,0.029790430755315494,2.5456946573534087,-0.1213364058833127,1.4127790931566224,-0.0039794376325933125,14.240484690419775,0.5720902699365008,4.704944267950753,0.008178794129405162,13.383573478482162,35.53184421818417,3.3877479826136803,-0.23368390594002603,3.1839872022100186,0.503995811902322,2.9108375743063735,1.0503781800566723,0.0016474520494703239
2021-09-13 12:00:00,-5.467557062735241,0.5330048199998695,0.7471087948507723,0.002438550320819276,0.023181273202122057,2.251950095897416,-0.0716194457442063,-1.293779148079608,-0.02056224709347754,11.06595644209825,-0.3301543152762939,2.9740843480326453,-3.2455368065969807,-9.382716486289375,31.4546438801787,2.9751576949445693,-0.33430198319642873,2.4792606571721363,-0.6862022192111542,1.2722186948154934,0.6412395649797253,-0.008394670301045138
2021-09-13 13:00:00,8.349346064245458,0.6235815754892665,0.3558387630642008,-0.01677123234144803,0.03983445896569666,3.7106363722762463,-0.08672264137091865,1.1560091560917718,-0.006410408117148055,12.531322541361343,4.717357233691344,4.640576506313718,-0.014498355284237081,12.16436605890193,30.032587681086344,5.1360086848126265,0.9125450461275424,4.044870002468711,0.9919215108540469,3.2886677242296924,0.6846408660624178,0.002161856765989396
2021-09-13 14:00:00,4.05469750613493,0.6231622096211922,1.2518605048121305,-0.003471339100731762,0.027357044176360493,2.3651550625890807,-0.1560178617063755,0.9050514858254214,-0.015055941343649385,15.139451453539511,0.4266585964212746,3.7962090187882565,-0.8142739834767293,11.049608183662645,36.39763642502527,4.193914483727535,0.2562729938121249,3.431548141015431,3.4016971801961846,2.2616754565638484,0.8925596151715022,0.001428234981966595
2021-09-13 15:00:00,4.0635277215404715,0.5649372155565724,1.4784176578758983,-0.0038458600670344956,0.030656607159663965,2.6686250195304098,-0.1769089574697633,0.7763198764485152,-0.023554410566259776,13.568973389500723,2.013365977462908,4.342038494432553,0.6558949746904027,10.19100392450042,36.93160390926065,4.246527189210223,0.2860241114993251,3.992390998440803,2.7036048649430753,2.3778376317343244,1.0158421345355666,-0.000356810889777308
2021-09-13 16:00:00,1.2007482745082905,0.5724561884195615,1.423678081387755,-0.010473746710913969,0.028268359463932635,2.4889411549467706,-0.1137384832460324,1.3145853362586502,-0.010957629098791208,13.297579319445374,-0.10416059641995126,4.290970176063194,-0.26308429175848463,6.619241257165857,31.01718277094257,2.7062322104233547,0.09153092204348014,2.601722108692178,2.6890314140443414,0.7726483685747734,0.7253552352833358,-0.006508946353094978
2021-09-13 17:00:00,1.0644494370671496,0.5779662464466596,0.8936551755359085,-0.0024759137429944266,0.025940286637722926,2.224968617532692,-0.03426849431492845,-0.6264179091278523,-0.01905311369654498,12.709908577764926,-1.2806052756500685,3.8695985724532953,-0.16498302526207528,5.38609849112831,35.778668468598006,3.7846531124795972,0.16384099406168903,2.4902033802379457,2.193689641116804,1.435784664329312,0.6826995252243655,-0.005831317673331651
2021-09-13 18:00:00,0.25064624395385054,0.7402739580676121,0.4090071159296103,-0.014411176967413869,0.029340739897596224,-0.2100313915734985,-0.06941031840433058,-0.42349310207476304,-0.016411822690645533,10.85596616560126,0.10602877739666022,4.706989467597689,-0.3150617413985209,5.970142370082102,32.45936772709825,3.676230687748851,5.038131990891488,2.4233751601781477,1.0233671397697692,-0.6014837993662221,0.5186853878366943,-0.004493545125706015
2021-09-13 19:00:00,-0.34044180823852915,0.6941530903344122,0.16233491565917482,-0.014024008183150458,0.03200129102446662,-0.19203303403131505,-0.040127181362778666,-0.5928992677393154,-0.0105355221565181,10.989016745425133,-0.6823780852085501,5.702979054390598,-1.3752128578955403,3.505326565222944,24.1804932580422,2.4963276645690895,-2.1440551445143847,2.3635335903212846,1.499271885779489,0.3345459371287128,0.4576962741400832,-0.003753907317136217
2021-09-13 20:00:00,-3.0281089975760436,0.44598133565115294,-0.0785209935900569,-0.014429177385993646,0.02386219472854646,-0.38963679925152916,-0.05220574724618042,-0.5274187232727271,-0.02736492546581316,10.430342281125053,-0.6864815506550206,3.3960509342630374,-2.6774100817081585,-5.128995384295135,19.808580721433795,2.1606803420486966,-5.6714303209157855,2.405414483583153,0.6522477645967939,-0.8017082392247911,0.7392338878134583,-0.008464654398837135
2021-09-13 21:00:00,-2.3395263021038644,0.6188225308901265,0.038485812537721174,-0.01601328172999816,0.02157044452412499,-0.4614121313570132,-0.04057638862823724,-0.5267888986471814,-0.03450353974246712,7.928989465983246,-0.9376528572680005,2.7602555369000115,-2.803031608146936,-3.9645501513446733,22.885094471667525,2.248683466487316,0.05498660519159807,1.715473665111989,-0.06038186815509315,-0.2601338532283872,0.5367171916753006,-0.009726664601275616
2021-09-13 22:00:00,-2.261920389925619,0.5078841895027493,-0.2771917527928646,-0.006485238726870835,0.024991253044610626,-0.6182864104574746,-0.037651806579829604,-0.3316123808895949,-0.01351382115936598,9.183101680393854,-0.38723968753917687,2.878054463540012,-1.5377321953180996,-5.644025992311802,12.398696299845568,2.465943044386925,-0.23844517758101405,-0.6489556592369716,0.08858161591352658,-0.11587532787113704,0.9031239230226772,-0.00878323444638893
2021-09-13 23:00:00,-1.4121981978060494,0.6083080218381768,-0.3057785804726242,-0.010578304293115442,0.018666019492100023,-0.4936192338945169,-0.06553655573079131,-0.14535004128607448,0.01269577141034013,7.589999020737824,0.14242666001459867,3.941127494614244,-1.2105032100786672,-5.010060670790653,12.47590383428357,2.4690184994657507,0.4824598300710774,-1.7692337258410578,-0.04771897374016037,-0.288696864958431,0.9350692159044065,-0.005064869247061595
2021-09-14 00:00:00,-17.60694384588382,-0.3427723531430756,0.20609050469291798,-0.03195470664870515,-0.00026310941056845784,-0.8336570259820723,-0.09082983425582557,-0.15768158562671986,-0.032843613372451994,3.222200835693712,-0.6015556533327043,4.079723206493876,-1.7252537862808257,-12.565255374376907,1.4879365781038494,2.3896061116908554,-2.329795826110144,-2.7501254586392543,-0.8016024402293976,-0.5086271775953741,1.5477909559297034,-0.0036080161795259314
2021-09-14 01:00:00,0.4464878679786529,-0.24717126642338638,-0.21649412035530036,-0.0343985273334874,0.012323160073034389,-0.6778630407510696,-0.04187371169906117,-0.13677367441006713,-0.04638248687040989,5.039554199398713,0.3900884427965711,2.2243990332872117,-1.5458175106649827,-6.773966858282536,9.937571583682365,2.620554355221544,0.5702554900433005,-0.7936138502579504,-0.05980516700208277,-0.473932521452033,0.7720495826082139,-0.002504018454503131
2021-09-14 02:00:00,0.3759717145619402,-0.03079045929797995,-0.042308260578004735,-0.029924946355662854,0.009052545976988735,-0.5969415127459705,-0.06481050263456793,-0.13758502888122245,-0.018256669652323237,6.204775532331052,0.05838166561815859,4.908138245155866,-1.5599922144719727,-7.69641531721715,13.919327833188524,2.7992160605856165,0.003076557581154312,-0.33688377685905474,0.4655998231797248,-0.8009414033615622,0.6803117660882534,-0.002910010321892629
2021-09-14 03:00:00,0.07360071792038617,-0.13112786665587922,-0.3242665265504527,-0.017920477742631065,0.012944509507187923,-0.6153077505263519,-0.0414005042826286,-0.14119358930293957,-0.05015923018699316,5.937006750411026,0.08954617362802764,-0.8856020774700573,-1.292778321999694,-7.422813260418973,14.513648503325344,2.6288047910484806,0.46325948920867854,-0.6426871137752863,-0.034261042803418254,-0.90870866187697,0.7405025947951394,-0.002814011574459902
2021-09-14 04:00:00,-0.24834694291765816,0.04328108459211322,0.02067491030804033,-0.015645476340406438,0.006660903628033611,-0.602325479607045,-0.0583580255539706,-0.15573197920043555,-0.04544463031046249,5.409470301837969,-0.05170984236272494,0.9721786808037735,-1.7637669038958586,-7.634087448016353,14.848292787045244,2.5963011905777518,0.25511124878295593,-1.1370627180426303,-0.07001016488516852,-1.1929698406874052,0.6729657410373261,-0.002265196261590297
2021-09-14 05:00:00,-0.931036394700938,0.06130214867789919,0.1653406360572073,-0.02143139313769895,0.007960781555110156,-0.5968432108086893,-0.05253649962797391,-0.15760204588458054,-0.028651622708748405,5.843126814260501,-0.16688698400716429,0.9389093350157302,-1.528666609474327,-7.84209726064352,14.910878345303635,2.7241626025278984,0.30508087096644637,-0.9811399794541545,0.5045765321177766,-0.9798756413995328,0.9546809088566293,-0.002477607670069815
2021-09-14 06:00:00,0.7305701394130488,0.07618182801522765,-0.078951976175666,-0.008272538584727427,0.013337319240562133,-0.537532641490042,-0.0554365637464613,-0.12569634978741662,-0.0297447309394158,5.899952253844785,0.08208231949457333,1.1850262126172402,-1.0718103016859903,-7.565593820657458,14.710884183192272,2.62846368132404,1.7375232896935005,-1.0199336957622966,-0.343812223362468,-0.8191342867011628,0.8880279877226603,-0.001398544726718885
2021-09-14 07:00:00,11.661745475185732,0.34011137764253047,0.32101555196202197,0.04959033215052072,0.024932315838667795,-0.5885503185176388,-0.03735415650993172,-0.13359204963179813,-0.03765864448063501,5.818236884151736,-0.37788426684173776,0.877648403530085,-1.3297445765183635,11.222624039721614,16.320722547635402,3.702562878980373,0.9322902765854023,-1.1121994994543132,0.6189052880438625,-0.365428898663846,3.3348376664884816,0.004162179710726894
2021-09-14 08:00:00,10.451364863989776,0.08936859477890924,1.9190822099631495,0.020429937652010014,0.02452438637940952,-0.08327010303287402,-0.10505277196282202,0.07221847718883764,0.10129162681062194,13.251975507678344,0.3603300679468919,1.068171941414082,7.301382506681016,7.980256114907277,35.948461970484296,5.163829201609105,5.212157742096021,0.07437207999798252,0.9891670054217804,-0.33665978948006947,2.7689423174818413,0.008512671936417839
2021-09-14 09:00:00,5.383668200475057,0.21694583263536454,1.4897343605375202,0.013794223374290928,0.026938445196439755,2.1405340620019726,-0.06922177347643439,-0.37565767419873575,-0.04143164044724735,15.326728390852841,-0.21626645924063728,1.4914922135877875,5.128491938624567,8.002709539196275,37.2836417246523,3.8968255635062667,-0.18202418773403126,2.8439198315717937,0.3764298647596883,0.23030738909809914,1.6249159159393567,0.004090466192187096
2021-09-14 10:00:00,4.5577037116936925,0.07814298115217165,1.192536722622656,0.006430252268486733,0.027589269168635938,2.2803320744413833,-0.06928942386259421,1.0645843087498867,-0.02588443708886862,14.389206867513629,0.10184178598671226,3.1417925196323417,5.2877867143131345,8.48065586389029,35.91497262984615,3.8516715048276366,0.35401540898615547,3.694094287724647,0.4155344529598716,-0.4564820961899394,1.6151782384031745,0.0017179378107471778
2021-09-14 11:00:00,4.233562165818495,0.034603142613378414,1.572534742743709,0.005339586736622044,0.0313980654367198,2.3633693882758284,-0.08230635782025063,1.046515159738086,-0.039076924892855525,10.76060798872964,-1.0636892057938652,4.701644546431129,6.42730444729622,8.499472772969366,30.556033070027283,2.2673007711422715,-0.35117887147940363,3.4563332319585296,-0.13967256691395272,-0.6266032683303472,1.4265265118267483,0.0015706639498059925
2021-09-14 12:00:00,-5.205994115911787,0.30323393335515675,1.0968871204461665,0.009792647781570723,0.024785081659442126,1.904202818525543,-0.03625459709825947,-0.7778858474865383,-0.026095691517532715,10.604227403670238,-0.4396203771609434,3.803745173790094,-5.334306521163596,-4.491244447440562,29.761346345539753,2.7299770385256457,1.5049210283215126,3.099125413715714,-0.11278586581158524,-1.1515612306607788,1.2985377411886327,-0.005924395614375613
2021-09-14 13:00:00,6.80973277902982,-0.113076128353661,0.7886544088746266,-0.011492211731500699,0.0313897722501146,4.184645137651969,-0.027330191250113954,0.960662537950477,-0.03080576574073654,12.478909536501904,-0.4887257109249867,2.567161260715015,7.292864861791491,8.628174904609454,26.423203997321956,5.397119708425143,-0.7888328353456674,2.7246206981239256,0.8867854218465724,-0.4557272236289198,1.4883754903120363,0.001650018443218814
2021-09-14 14:00:00,3.5817322651706784,0.09742535494865705,1.7268783555255776,0.0013336800761533224,0.02934492820648498,2.3136987978837493,-0.0889243280579849,0.7882683350035049,-0.04594664169399088,12.088653375860435,-0.15341052959005258,4.250032062022051,5.52774673737545,7.848720476307019,33.8929842779064,3.1405462699807027,0.06361210561061661,1.8513079810516155,0.9157192568756353,-0.4444607532042177,1.477875859986969,-0.0009174581931084789
2021-09-14 15:00:00,2.9979269233202195,0.056778777983150654,1.1948906602094074,-0.0005217320822995446,0.029963964977656424,2.518663804008408,-0.06746111815779936,0.7970134479879976,-0.03422731978637642,10.476776336840654,-1.201297880601268,3.68130547085616,3.7884053502755726,6.318665901676063,29.703641807321137,2.876193970980752,-0.36241734525575486,2.764579399065554,0.18211771734942211,-0.3921144521778247,1.275750798691224,-0.0011017311013374075
2021-09-14 16:00:00,0.3727686835082785,0.16087248089503006,1.3659683481182103,0.0030317831435499243,0.026869137296264035,2.1821570550118454,-0.06900398260251263,0.661966465480336,-0.04946224934303621,12.934999119236732,-1.4559810197325003,3.2096203588340955,5.632885550778148,5.730361404226131,32.156078885766426,2.939425633674048,1.3711405922871374,2.728778687679907,-0.08984853552437937,-0.4735841546682105,1.3457326920876769,-0.004939458083386844
2021-09-14 17:00:00,0.263643159525244,0.034097270728419,0.5391987366218937,-0.006599778741496683,0.029254854526512844,2.189832356075662,-0.03070749819609861,-0.5729744760790058,-0.025408889956463204,10.89508895503675,-1.1385957424860198,2.747130091014609,3.13066801520651,7.464041398130068,28.28260588049814,2.870239589821894,-1.5555487377404318,2.8416721694524507,0.4125332597913038,-1.0671789626657462,1.406969152044798,-0.005749117910810246
2021-09-14 18:00:00,-1.43303403016974,0.15276562699045523,0.6522407619766545,-0.012004902350774144,0.02508878354483798,-0.4152704006836406,-0.04949574900408093,-0.38007945732368714,-0.03210881307353467,10.301125141816241,-0.42928450011565966,3.7071126542445003,0.9699553518320237,6.340021952977029,30.666747475575693,3.804310782708341,2.231203159464973,1.7934930097259332,-0.39204058993352564,-1.0070525813273281,1.0578685266485313,-0.003522470540348566
2021-09-14 19:00:00,-0.09645151131381348,0.0980970296077878,0.5913512840920773,-0.008751504966553995,0.024364438325226345,-0.3148926534122793,-0.0043591016269117,-0.4102444753779431,-0.020058134738481774,12.194905493156503,-0.27443763651513203,3.0926579596477297,2.181767910424468,5.072573353813759,32.97644129865511,3.912095802895498,-0.1023695382787229,1.9474271357012556,0.23380128144025397,-0.8565892427396422,1.3571963875666406,-0.0070726237296515945
2021-09-14 20:00:00,-2.6137121108308805,0.30735942623377394,0.2414418555165236,-3.7725745018624425e-05,0.02515804251432793,-0.19242284761549439,-0.02317678956138528,-0.6474577584462509,-0.03405399429420862,10.513178216795584,-0.6740622986901292,3.3093923129149423,-3.133806848064848,-1.644656674266453,25.98582191232157,2.255744916713892,-0.5232783707375556,2.313303907251607,0.5087826870653986,-1.8762034054633638,0.8578760330694255,-0.008107949839204327
2021-09-14 21:00:00,-2.3428286622662986,0.11854434213157192,0.3043936100709912,0.0021395685965662783,0.02220462060447529,-0.450351079684826,-0.038186108670948626,-0.5210081716774868,-0.029068117773367312,9.656050087100658,-0.017985741035562816,3.4427181977033707,-3.9423387042028697,-4.063870574090882,23.666124143602094,2.4379588088562003,0.24848817870867285,2.0875199739412524,0.07461391691452934,-2.01612436645842,0.7765567680390166,-0.009686722760961095
2021-09-14 22:00:00,-3.506011732761244,0.06159037080608998,-0.1456247210623281,-0.00447160037908324,0.021563535833582902,-0.4934027165011745,-0.041023701579686905,-0.48800516800894905,-0.0342677534499264,10.092688230963285,-0.37057820414422304,3.363464661337373,-3.882570262799787,-5.268399229090505,20.244631912650803,2.1314769534394156,-0.6498316190783215,-0.3152526993777447,-0.397998028629688,-2.1360513864615136,0.7724891167862209,-0.01013330727759208
2021-09-14 23:00:00,-1.659095576454309,0.10245869774791713,-0.009317025948261802,0.004081632731167821,0.020826365535010487,-0.517115664023565,-0.04515768355160459,-0.14195681222883338,0.013683550945450996,7.115246962153898,-0.048471527604931994,3.9958521811030376,-1.0655341852557367,-4.809178436366702,13.814036607419004,2.9840104683276722,0.8779229459680085,-1.3724395308890034,-0.1269122742555765,-0.8625450851335938,1.0203675727349955,-0.006061411186560028
