timestamp,track,pc1,pc2,op_day,hour,peak,outage
2021-01-01 01:00:00,A,-3.5559483,7.332907,False,1,False,False
2021-01-01 02:00:00,A,-10.715186,13.832349,False,2,False,False
2021-01-01 03:00:00,A,-10.806273,13.257628,False,3,False,False
2021-01-01 04:00:00,A,-9.9615965,12.394873,False,4,False,False
2021-01-01 05:00:00,A,-9.1692,11.713516,False,5,False,False
2021-01-01 06:00:00,A,-9.871298,10.398745,False,6,False,False
2021-01-01 07:00:00,A,-7.75916,9.196407,False,7,False,False
2021-01-01 08:00:00,A,-9.292935,9.73766,False,8,False,False
2021-01-01 09:00:00,A,-10.673562,8.927299,False,9,False,False
2021-01-01 10:00:00,A,-10.455545,8.646989,False,10,False,False
2021-01-01 11:00:00,A,-10.142068,8.415608,False,11,False,False
2021-01-01 12:00:00,A,-10.144608,8.334085,False,12,False,False
2021-01-01 13:00:00,A,-9.245555,7.816336,False,13,False,False
2021-01-01 14:00:00,A,-9.531751,7.695043,False,14,False,False
2021-01-01 15:00:00,A,-9.658561,7.6400676,False,15,False,False
2021-01-01 16:00:00,A,-9.4955635,7.7314744,False,16,False,False
2021-01-01 17:00:00,A,-8.338134,6.510915,False,17,False,False
2021-01-01 18:00:00,A,-7.888729,5.33598,False,18,False,False
2021-01-01 19:00:00,A,-6.459854,5.422647,False,19,False,False
2021-01-01 20:00:00,A,-8.195746,5.8505535,False,20,False,False
2021-01-01 21:00:00,A,-7.163267,5.7452507,False,21,False,False
2021-01-01 22:00:00,A,-6.700709,5.407278,False,22,False,False
2021-01-01 23:00:00,A,-7.4216003,5.8834968,False,23,False,False
2021-01-02 00:00:00,A,-7.7064133,5.8421865,False,0,False,False
2021-01-02 01:00:00,A,-7.4445524,5.4156275,False,1,False,False
2021-01-02 02:00:00,A,-5.637001,2.9204063,False,2,False,False
2021-01-02 03:00:00,A,-5.081591,3.0890827,False,3,False,False
2021-01-02 04:00:00,A,-5.354692,3.7384543,False,4,False,False
2021-01-02 05:00:00,A,-4.5877857,3.2867775,False,5,False,False
2021-01-02 06:00:00,A,-4.483386,3.1165566,False,6,False,False
2021-01-02 07:00:00,A,-4.398408,2.7338686,False,7,False,False
2021-01-02 08:00:00,A,-2.8286405,1.765536,False,8,False,False
2021-01-02 09:00:00,A,-2.9380672,1.0889813,False,9,False,False
2021-01-02 10:00:00,A,-2.5819857,0.88771117,False,10,False,False
2021-01-02 11:00:00,A,-2.4872124,0.8576981,False,11,False,False
2021-01-02 12:00:00,A,-2.6551769,0.6764033,False,12,False,False
2021-01-02 13:00:00,A,-2.5505593,0.4035486,False,13,False,False
2021-01-02 14:00:00,A,-2.2532072,0.4960382,False,14,False,False
2021-01-02 15:00:00,A,-2.2129352,0.26887715,False,15,False,False
2021-01-02 16:00:00,A,-2.4852295,0.19984555,False,16,False,False
2021-01-02 17:00:00,A,-2.8350406,-0.032737613,False,17,False,False
2021-01-02 18:00:00,A,-2.660657,-0.0038899183,False,18,False,False
2021-01-02 19:00:00,A,-2.0922434,-0.029427528,False,19,False,False
2021-01-02 20:00:00,A,-1.5664778,-0.10922444,False,20,False,False
2021-01-02 21:00:00,A,-1.4443109,0.11693418,False,21,False,False
2021-01-02 22:00:00,A,-1.1546261,0.3860731,False,22,False,False
2021-01-02 23:00:00,A,-0.54122275,0.095220685,False,23,False,False
2021-01-03 00:00:00,A,-0.39662635,0.1792618,False,0,False,False
2021-01-03 01:00:00,A,-2.274879,0.28026104,False,1,False,False
2021-01-03 02:00:00,A,-2.7153406,0.88736093,False,2,False,False
2021-01-03 03:00:00,A,-2.6896343,1.2121273,False,3,False,False
2021-01-03 04:00:00,A,-2.1331723,0.9243463,False,4,False,False
2021-01-03 05:00:00,A,-2.5565667,1.4393965,False,5,False,False
2021-01-03 06:00:00,A,-2.809757,1.8835012,False,6,False,False
2021-01-03 07:00:00,A,-2.3117664,1.4528388,False,7,False,False
2021-01-03 08:00:00,A,-2.0413911,0.918753,False,8,False,False
2021-01-03 09:00:00,A,-2.5370755,1.4505757,False,9,False,False
2021-01-03 10:00:00,A,-2.3830223,1.8744105,False,10,False,False
2021-01-03 11:00:00,A,-2.0019221,1.2827531,False,11,False,False
2021-01-03 12:00:00,A,-1.6503565,0.8210398,False,12,False,False
2021-01-03 13:00:00,A,-2.3405867,1.9136392,False,13,False,False
2021-01-03 14:00:00,A,-2.3253238,2.464604,False,14,False,False
2021-01-03 15:00:00,A,-1.7945249,1.6568781,False,15,False,False
2021-01-03 16:00:00,A,-2.44779,2.3342066,False,16,False,False
2021-01-03 17:00:00,A,-3.404509,2.2316651,False,17,False,False
2021-01-03 18:00:00,A,-3.3729815,2.3443146,False,18,False,False
2021-01-03 19:00:00,A,-3.4696372,2.5024438,False,19,False,False
2021-01-03 20:00:00,A,-3.1686764,2.1892424,False,20,False,False
2021-01-03 21:00:00,A,-3.0615377,2.0953183,False,21,False,False
2021-01-03 22:00:00,A,-3.1245418,2.255365,False,22,False,False
2021-01-03 23:00:00,A,-2.7249203,2.0325017,False,23,False,False
2021-01-04 00:00:00,A,-2.8948257,1.9525551,True,0,False,False
2021-01-04 01:00:00,A,-2.8586686,2.424848,True,1,False,False
2021-01-04 02:00:00,A,-1.8348114,1.733987,True,2,False,False
2021-01-04 03:00:00,A,-1.6361408,1.3973688,True,3,False,False
2021-01-04 04:00:00,A,-1.7044134,1.3947381,True,4,False,False
2021-01-04 05:00:00,A,-1.6765182,1.2641326,True,5,False,False
2021-01-04 06:00:00,A,-1.5252035,1.2143155,True,6,False,False
2021-01-04 07:00:00,A,-1.0578437,0.5786407,True,7,False,False
2021-01-04 08:00:00,A,-2.6871302,1.8167995,True,8,False,False
2021-01-04 09:00:00,A,-6.3091526,6.316405,True,9,False,False
2021-01-04 10:00:00,A,-6.495447,6.1502748,True,10,False,False
2021-01-04 11:00:00,A,-5.967005,4.941621,True,11,False,False
2021-01-04 12:00:00,A,-6.934381,5.9230494,True,12,False,False
2021-01-04 13:00:00,A,-6.9101124,5.639402,True,13,False,False
2021-01-04 14:00:00,A,-7.068221,5.9603996,True,14,False,False
2021-01-04 15:00:00,A,-7.3849087,6.4920073,True,15,False,False
2021-01-04 16:00:00,A,-7.0411654,5.593408,True,16,False,False
2021-01-04 17:00:00,A,-6.901063,5.277049,True,17,False,False
2021-01-04 18:00:00,A,-6.9908895,5.939631,True,18,False,False
2021-01-04 19:00:00,A,-6.2244663,5.4490657,True,19,False,False
2021-01-04 20:00:00,A,-6.1807556,5.234976,True,20,False,False
2021-01-04 21:00:00,A,-6.1066637,5.083734,True,21,False,False
2021-01-04 22:00:00,A,-5.7178097,5.055281,True,22,False,False
2021-01-04 23:00:00,A,-5.659252,5.4558578,True,23,False,False
2021-01-05 00:00:00,A,-5.867142,5.9071074,False,0,False,False
2021-01-05 01:00:00,A,-6.674754,5.82307,False,1,False,False
2021-01-05 02:00:00,A,-7.171344,6.103315,False,2,False,False
2021-01-05 03:00:00,A,-6.926777,5.375001,False,3,False,False
2021-01-05 04:00:00,A,-6.8039694,4.812983,False,4,False,False
2021-01-05 05:00:00,A,-7.0145655,4.8829722,False,5,False,False
2021-01-05 06:00:00,A,-7.147541,5.054238,False,6,False,False
2021-01-05 07:00:00,A,-7.2863665,5.054039,False,7,False,False
2021-01-05 08:00:00,A,-6.3422794,3.599042,False,8,False,False
2021-01-05 09:00:00,A,-6.384076,4.3068895,False,9,False,False
2021-01-05 10:00:00,A,-6.589771,5.254228,False,10,False,False
2021-01-05 11:00:00,A,-6.350189,4.744035,False,11,False,False
2021-01-05 12:00:00,A,-6.7599535,5.007296,False,12,False,False
2021-01-05 13:00:00,A,-6.645625,4.876283,False,13,False,False
2021-01-05 14:00:00,A,-6.8378077,4.8418136,False,14,False,False
2021-01-05 15:00:00,A,-6.047274,4.2094936,False,15,False,False
2021-01-05 16:00:00,A,-6.4952316,3.9432893,False,16,False,False
2021-01-05 17:00:00,A,-6.7887144,4.186576,False,17,False,False
2021-01-05 18:00:00,A,-6.7574835,4.223513,False,18,False,False
2021-01-05 19:00:00,A,-6.751647,3.8786244,False,19,False,False
2021-01-05 20:00:00,A,-6.343054,3.7755747,False,20,False,False
2021-01-05 21:00:00,A,-6.6357517,4.1621175,False,21,False,False
2021-01-05 22:00:00,A,-6.588418,4.1934576,False,22,False,False
2021-01-05 23:00:00,A,-6.3803415,4.160371,False,23,False,False
2021-01-06 00:00:00,A,-5.731387,3.7050629,False,0,False,False
2021-01-06 01:00:00,A,-5.890051,4.314708,False,1,False,False
2021-01-06 02:00:00,A,-6.2543273,4.6340384,False,2,False,False
2021-01-06 03:00:00,A,-6.109109,4.310469,False,3,False,False
2021-01-06 04:00:00,A,-6.3539724,4.386551,False,4,False,False
2021-01-06 05:00:00,A,-6.4538803,3.9350777,False,5,False,False
2021-01-06 06:00:00,A,-6.5781555,3.6760945,False,6,False,False
2021-01-06 07:00:00,A,-5.9325843,3.2175126,False,7,False,False
2021-01-06 08:00:00,A,-6.1996913,2.525638,False,8,False,False
2021-01-06 09:00:00,A,-6.3403845,2.5100274,False,9,False,False
2021-01-06 10:00:00,A,-6.158823,2.3860521,False,10,False,False
2021-01-06 11:00:00,A,-5.9236546,2.1743965,False,11,False,False
2021-01-06 12:00:00,A,-5.5363703,2.0323634,False,12,False,False
2021-01-06 13:00:00,A,-5.649029,2.1027122,False,13,False,False
2021-01-06 14:00:00,A,-5.567014,2.2564225,False,14,False,False
2021-01-06 15:00:00,A,-5.3261294,2.3328767,False,15,False,False
2021-01-06 16:00:00,A,-5.0218368,2.2413945,False,16,False,False
2021-01-06 17:00:00,A,-5.120103,2.496665,False,17,False,False
2021-01-06 18:00:00,A,-5.5589423,2.8967628,False,18,False,False
2021-01-06 19:00:00,A,-5.5430784,2.9559503,False,19,False,False
2021-01-06 20:00:00,A,-5.7033634,3.360529,False,20,False,False
2021-01-06 21:00:00,A,-5.999579,3.183042,False,21,False,False
2021-01-06 22:00:00,A,-6.036378,2.7996354,False,22,False,False
2021-01-06 23:00:00,A,-5.842233,3.1627488,False,23,False,False
2021-01-07 00:00:00,A,-5.979886,2.2628508,True,0,False,False
2021-01-07 01:00:00,A,-5.9391403,2.1185617,True,1,False,False
2021-01-07 02:00:00,A,-5.8793645,2.0480928,True,2,False,False
2021-01-07 03:00:00,A,-5.470139,1.7479516,True,3,False,False
2021-01-07 04:00:00,A,-4.897434,1.5591139,True,4,False,False
2021-01-07 05:00:00,A,-4.96821,1.4476146,True,5,False,False
2021-01-07 06:00:00,A,-4.7794228,1.3793889,True,6,False,False
2021-01-07 07:00:00,A,-4.721073,1.5798472,True,7,False,False
2021-01-07 08:00:00,A,-6.495938,3.4504986,True,8,False,False
2021-01-07 09:00:00,A,-8.69839,7.0826154,True,9,False,False
2021-01-07 10:00:00,A,-8.581344,8.161461,True,10,False,False
2021-01-07 11:00:00,A,-8.4834585,8.002944,True,11,False,False
2021-01-07 12:00:00,A,-8.227094,7.9309793,True,12,False,False
2021-01-07 13:00:00,A,-8.001239,7.902167,True,13,False,False
2021-01-07 14:00:00,A,-7.836872,7.639855,True,14,False,False
2021-01-07 15:00:00,A,-7.7587605,6.932343,True,15,False,False
2021-01-07 16:00:00,A,-8.1233835,6.975388,True,16,False,False
2021-01-07 17:00:00,A,-8.232051,7.452946,True,17,False,False
2021-01-07 18:00:00,A,-8.275641,6.764465,True,18,False,False
2021-01-07 19:00:00,A,-7.9518414,6.240911,True,19,False,False
2021-01-07 20:00:00,A,-7.353077,5.4250383,True,20,False,False
2021-01-07 21:00:00,A,-7.2570906,5.6925635,True,21,False,False
2021-01-07 22:00:00,A,-6.5181565,5.448446,True,22,False,False
2021-01-07 23:00:00,A,-6.4419613,5.3629785,True,23,False,False
2021-01-08 00:00:00,A,-6.423048,5.4064612,True,0,False,False
2021-01-08 01:00:00,A,-6.2075014,5.2011857,True,1,False,False
2021-01-08 02:00:00,A,-7.533041,7.2279487,True,2,False,False
2021-01-08 03:00:00,A,-7.3628206,6.4369125,True,3,False,False
2021-01-08 04:00:00,A,-7.2953033,6.888989,True,4,False,False
2021-01-08 05:00:00,A,-7.85073,8.27855,True,5,False,False
2021-01-08 06:00:00,A,-7.5568533,7.3790936,True,6,False,False
2021-01-08 07:00:00,A,-7.2419415,6.839826,True,7,False,False
2021-01-08 08:00:00,A,-7.7021084,7.2078996,True,8,False,False
2021-01-08 09:00:00,A,-7.265162,7.499558,True,9,False,False
2021-01-08 10:00:00,A,-7.128757,6.5561337,True,10,False,False
2021-01-08 11:00:00,A,-7.438897,6.7037396,True,11,False,False
2021-01-08 12:00:00,A,-7.780267,6.506627,True,12,False,False
2021-01-08 13:00:00,A,-7.1765766,6.387441,True,13,False,False
2021-01-08 14:00:00,A,-8.028173,7.2094493,True,14,False,False
2021-01-08 15:00:00,A,-8.092737,6.5142303,True,15,False,False
2021-01-08 16:00:00,A,-6.818251,5.6371193,True,16,False,False
2021-01-08 17:00:00,A,-6.0786886,5.7508216,True,17,False,False
2021-01-08 18:00:00,A,-5.589813,6.185904,True,18,False,False
2021-01-08 19:00:00,A,-5.3422117,6.04995,True,19,False,False
2021-01-08 20:00:00,A,-4.37792,5.0463,True,20,False,False
2021-01-08 21:00:00,A,-3.907073,4.743274,True,21,False,False
2021-01-08 22:00:00,A,-4.4771886,5.074045,True,22,False,False
2021-01-08 23:00:00,A,-5.542779,5.6833634,True,23,False,False
2021-01-09 00:00:00,A,-4.969978,4.83981,False,0,False,False
2021-01-09 01:00:00,A,-5.1048098,4.640612,False,1,False,False
2021-01-09 02:00:00,A,-4.8363795,4.4781632,False,2,False,False
2021-01-09 03:00:00,A,-4.964912,4.4627037,False,3,False,False
2021-01-09 04:00:00,A,-5.4197655,4.8463717,False,4,False,False
2021-01-09 05:00:00,A,-4.208963,4.096193,False,5,False,False
2021-01-09 06:00:00,A,-4.6770244,4.396213,False,6,False,False
2021-01-09 07:00:00,A,-4.9291177,4.7881427,False,7,False,False
2021-01-09 08:00:00,A,-4.4384727,4.0044518,False,8,False,False
2021-01-09 09:00:00,A,-2.4389296,2.6850467,False,9,False,False
2021-01-09 10:00:00,A,-2.0648527,2.5590773,False,10,False,False
2021-01-09 11:00:00,A,-1.4600616,2.1649356,False,11,False,False
2021-01-09 12:00:00,A,-1.4877522,2.2774682,False,12,False,False
2021-01-09 13:00:00,A,-4.000307,6.009624,False,13,False,False
2021-01-09 14:00:00,A,-3.7369723,5.694782,False,14,False,False
2021-01-09 15:00:00,A,-6.651079,6.738912,False,15,False,False
2021-01-09 16:00:00,A,-6.9280653,6.9277844,False,16,False,False
2021-01-09 17:00:00,A,-6.7400703,7.878035,False,17,False,False
2021-01-09 18:00:00,A,-6.2593355,7.586736,False,18,False,False
2021-01-09 19:00:00,A,-6.5819316,7.3461003,False,19,False,False
2021-01-09 20:00:00,A,-6.8400383,7.1979003,False,20,False,False
2021-01-09 21:00:00,A,-6.1425514,7.0762124,False,21,False,False
2021-01-09 22:00:00,A,-6.955603,7.3643537,False,22,False,False
2021-01-09 23:00:00,A,-8.140462,7.060846,False,23,False,False
2021-01-10 00:00:00,A,-6.6869497,7.284694,False,0,False,False
2021-01-10 01:00:00,A,-7.042667,7.145848,False,1,False,False
2021-01-10 02:00:00,A,-6.4123282,7.8025956,False,2,False,False
2021-01-10 03:00:00,A,-5.3552966,7.333222,False,3,False,False
2021-01-10 04:00:00,A,-3.6074347,6.5150805,False,4,False,False
2021-01-10 05:00:00,A,-5.134746,8.027197,False,5,False,False
2021-01-10 06:00:00,A,-6.7177744,8.279325,False,6,False,False
2021-01-10 07:00:00,A,-7.608589,7.620396,False,7,False,False
2021-01-10 08:00:00,A,-7.4391403,7.3628182,False,8,False,False
2021-01-10 09:00:00,A,-5.124363,8.565639,False,9,False,False
2021-01-10 10:00:00,A,-7.197461,8.481684,False,10,False,False
2021-01-10 11:00:00,A,-6.102043,8.960659,False,11,False,False
2021-01-10 12:00:00,A,-5.8334427,8.545024,False,12,False,False
2021-01-10 13:00:00,A,-6.360448,8.30496,False,13,False,False
2021-01-10 14:00:00,A,-7.5779963,8.247687,False,14,False,False
2021-01-10 15:00:00,A,-6.5619016,9.070258,False,15,False,False
2021-01-10 16:00:00,A,-6.959208,8.2124,False,16,False,False
2021-01-10 17:00:00,A,-7.3878384,8.226367,False,17,False,False
2021-01-10 18:00:00,A,-7.328857,8.355847,False,18,False,False
2021-01-10 19:00:00,A,-6.601126,8.959708,False,19,False,False
2021-01-10 20:00:00,A,-6.234019,9.251001,False,20,False,False
2021-01-10 21:00:00,A,-6.857512,9.260407,False,21,False,False
2021-01-10 22:00:00,A,-6.334511,9.412775,False,22,False,False
2021-01-10 23:00:00,A,-6.666854,9.44455,False,23,False,False
2021-01-11 00:00:00,A,-6.241893,9.203671,True,0,False,False
2021-01-11 01:00:00,A,-5.4321136,9.534526,True,1,False,False
2021-01-11 02:00:00,A,-4.4729033,9.149056,True,2,False,False
2021-01-11 03:00:00,A,-4.8744364,9.1324,True,3,False,False
2021-01-11 04:00:00,A,-4.574212,8.878293,True,4,False,False
2021-01-11 05:00:00,A,-3.9651356,8.766797,True,5,False,False
2021-01-11 06:00:00,A,-4.757696,8.842153,True,6,False,False
2021-01-11 07:00:00,A,-5.10252,8.851023,True,7,False,False
2021-01-11 08:00:00,A,-4.653331,8.591245,True,8,False,False
2021-01-11 09:00:00,A,-4.8556266,8.585694,True,9,False,False
2021-01-11 10:00:00,A,-3.792572,7.5765195,True,10,False,False
2021-01-11 11:00:00,A,-3.2820883,7.486464,True,11,False,False
2021-01-11 12:00:00,A,-2.4941149,7.243671,True,12,False,False
2021-01-11 13:00:00,A,-2.8885188,7.652168,True,13,False,False
2021-01-11 14:00:00,A,-2.327231,7.157994,True,14,False,False
2021-01-11 15:00:00,A,-2.723727,7.5956492,True,15,False,False
2021-01-11 16:00:00,A,-2.1892788,7.125318,True,16,False,False
2021-01-11 17:00:00,A,-2.1566741,7.7720885,True,17,False,False
2021-01-11 18:00:00,A,-1.4044075,7.4557366,True,18,False,False
2021-01-11 19:00:00,A,-1.9998372,7.774259,True,19,False,False
2021-01-11 20:00:00,A,-1.8900478,7.343307,True,20,False,False
2021-01-11 21:00:00,A,-1.5279794,7.385779,True,21,False,False
2021-01-11 22:00:00,A,-3.082091,7.8005624,True,22,False,False
2021-01-11 23:00:00,A,-2.721894,7.495916,True,23,False,False
2021-01-12 00:00:00,A,-3.6456728,7.438063,False,0,False,False
2021-01-12 01:00:00,A,-3.3608677,7.0053306,False,1,False,False
2021-01-12 02:00:00,A,-2.7785268,6.172547,False,2,False,False
2021-01-12 03:00:00,A,-2.421459,6.0084767,False,3,False,False
2021-01-12 04:00:00,A,-2.20093,6.3396306,False,4,False,False
2021-01-12 05:00:00,A,-3.726616,7.179931,False,5,False,False
2021-01-12 06:00:00,A,-3.267156,6.3323236,False,6,False,False
2021-01-12 07:00:00,A,-3.7946243,7.1935534,False,7,False,False
2021-01-12 08:00:00,A,-4.617696,6.9860845,False,8,False,False
2021-01-12 09:00:00,A,-4.884127,8.484996,False,9,False,False
2021-01-12 10:00:00,A,-5.1375203,8.854537,False,10,False,False
2021-01-12 11:00:00,A,-5.8893957,8.480622,False,11,False,False
2021-01-12 12:00:00,A,-5.344946,7.977244,False,12,False,False
2021-01-12 13:00:00,A,-4.9012427,8.335561,False,13,False,False
2021-01-12 14:00:00,A,-6.0328827,7.2177052,False,14,False,False
2021-01-12 15:00:00,A,-5.1138015,6.7113967,False,15,False,False
2021-01-12 16:00:00,A,-5.371507,6.150083,False,16,False,False
2021-01-12 17:00:00,A,-5.192176,5.7982755,False,17,False,False
2021-01-12 18:00:00,A,-4.413946,4.7281537,False,18,False,False
2021-01-12 19:00:00,A,-4.007863,4.2535877,False,19,False,False
2021-01-12 20:00:00,A,-3.7825112,5.220538,False,20,False,False
2021-01-12 21:00:00,A,-4.7730665,4.7701335,False,21,False,False
2021-01-12 22:00:00,A,-4.113435,3.6696286,False,22,False,False
2021-01-12 23:00:00,A,-4.8557177,4.437115,False,23,False,False
2021-01-13 00:00:00,A,-5.0203333,4.071655,False,0,False,False
2021-01-13 01:00:00,A,-5.909208,6.4792223,False,1,False,False
2021-01-13 02:00:00,A,-5.3213778,6.5057034,False,2,False,False
2021-01-13 03:00:00,A,-5.9635253,6.099211,False,3,False,False
2021-01-13 04:00:00,A,-5.3334126,6.0379357,False,4,False,False
2021-01-13 05:00:00,A,-3.8268833,6.097778,False,5,False,False
2021-01-13 06:00:00,A,-5.175901,4.9363604,False,6,False,False
2021-01-13 07:00:00,A,-4.305344,4.5699778,False,7,False,False
2021-01-13 08:00:00,A,-5.4534388,4.283087,False,8,False,False
2021-01-13 09:00:00,A,-5.1594305,3.322723,False,9,False,False
2021-01-13 10:00:00,A,-4.736591,2.7088375,False,10,False,False
2021-01-13 11:00:00,A,-4.681879,2.7497497,False,11,False,False
2021-01-13 12:00:00,A,-4.4519944,3.420508,False,12,False,False
2021-01-13 13:00:00,A,-4.522167,3.0647402,False,13,False,False
2021-01-13 14:00:00,A,-4.007789,2.233348,False,14,False,False
2021-01-13 15:00:00,A,-4.2914333,2.1959357,False,15,False,False
2021-01-13 16:00:00,A,-4.1421223,2.2345924,False,16,False,False
2021-01-13 17:00:00,A,-5.1791553,4.770927,False,17,False,False
2021-01-13 18:00:00,A,-5.2759953,4.707763,False,18,False,False
2021-01-13 19:00:00,A,-5.674185,4.6482277,False,19,False,False
2021-01-13 20:00:00,A,-5.3529444,4.3637495,False,20,False,False
2021-01-13 21:00:00,A,-4.5082417,4.5343275,False,21,False,False
2021-01-13 22:00:00,A,-5.3656683,3.78328,False,22,False,False
2021-01-13 23:00:00,A,-4.758588,3.934352,False,23,False,False
2021-01-14 00:00:00,A,-5.2284894,3.663806,True,0,False,False
2021-01-14 01:00:00,A,-4.7844973,2.8972297,True,1,False,False
2021-01-14 02:00:00,A,-4.367212,2.517023,True,2,False,False
2021-01-14 03:00:00,A,-3.7023754,2.1000466,True,3,False,False
2021-01-14 04:00:00,A,-3.8518186,2.3073893,True,4,False,False
2021-01-14 05:00:00,A,-4.298393,2.3931198,True,5,False,False
2021-01-14 06:00:00,A,-3.5306664,1.5802084,True,6,False,False
2021-01-14 07:00:00,A,-4.6498575,2.33982,True,7,False,False
2021-01-14 08:00:00,A,-3.1162128,0.5630957,True,8,True,False
2021-01-14 09:00:00,A,-3.1184895,1.5872885,True,9,False,False
2021-01-14 10:00:00,A,-2.7129865,1.3893734,True,10,False,False
2021-01-14 11:00:00,A,-2.2110069,0.70133567,True,11,True,False
2021-01-14 12:00:00,A,-1.744837,0.5398921,True,12,False,False
2021-01-14 13:00:00,A,-1.4848323,0.8933462,True,13,True,False
2021-01-14 14:00:00,A,-1.5062919,0.59126174,True,14,False,False
2021-01-14 15:00:00,A,-0.9704221,0.10177016,True,15,True,False
2021-01-14 16:00:00,A,-1.2429144,0.09443486,True,16,False,False
2021-01-14 17:00:00,A,-1.4891198,0.23174727,True,17,False,False
2021-01-14 18:00:00,A,-1.1228766,-0.06704295,True,18,False,False
2021-01-14 19:00:00,A,-0.75983924,-0.15940613,True,19,False,False
2021-01-14 20:00:00,A,-0.65190226,-0.26579863,True,20,False,False
2021-01-14 21:00:00,A,-0.38001525,-0.54599637,True,21,False,False
2021-01-14 22:00:00,A,-0.15724683,-0.9937512,True,22,False,False
2021-01-14 23:00:00,A,-0.30150747,-0.86813843,True,23,False,False
2021-01-15 00:00:00,A,-0.3470193,-0.9818745,True,0,False,False
2021-01-15 01:00:00,A,-0.689007,-0.55251974,True,1,False,False
2021-01-15 02:00:00,A,-0.6643787,-0.48125863,True,2,False,False
2021-01-15 03:00:00,A,-0.54568046,-0.6192015,True,3,False,False
2021-01-15 04:00:00,A,-0.5552345,-0.5934329,True,4,False,False
2021-01-15 05:00:00,A,-0.40739667,-0.39898086,True,5,False,False
2021-01-15 06:00:00,A,-0.4310233,-0.33865327,True,6,False,False
2021-01-15 07:00:00,A,-0.28083658,-0.65527254,True,7,False,False
2021-01-15 08:00:00,A,-0.38079166,-0.6274593,True,8,True,False
2021-01-15 09:00:00,A,-0.6227898,-0.22285968,True,9,True,False
2021-01-15 10:00:00,A,-0.25908136,-0.49516928,True,10,False,False
2021-01-15 11:00:00,A,-0.10768819,-0.5926122,True,11,False,False
2021-01-15 12:00:00,A,-0.1593414,-0.6697606,True,12,False,False
2021-01-15 13:00:00,A,-0.26133305,-0.6785753,True,13,False,False
2021-01-15 14:00:00,A,-0.1306138,-0.9317435,True,14,False,False
2021-01-15 15:00:00,A,-0.30359048,-0.97651815,True,15,False,False
2021-01-15 16:00:00,A,-0.34299546,-1.0251498,True,16,False,False
2021-01-15 17:00:00,A,-0.61699384,-0.8736222,True,17,False,False
2021-01-15 18:00:00,A,-0.54618424,-0.85307026,True,18,False,False
2021-01-15 19:00:00,A,-0.41706932,-0.8985672,True,19,False,False
2021-01-15 20:00:00,A,-0.4532078,-0.803496,True,20,False,False
2021-01-15 21:00:00,A,-0.23551321,-0.70074975,True,21,False,False
2021-01-15 22:00:00,A,-0.338089,-0.6815353,True,22,False,False
2021-01-15 23:00:00,A,-0.31879675,-0.74515444,True,23,False,False
2021-01-16 00:00:00,A,-0.45339972,-0.74092567,False,0,False,False
2021-01-16 01:00:00,A,-0.24032795,-0.6491659,False,1,False,False
2021-01-16 02:00:00,A,-0.04537511,-0.71370685,False,2,False,False
2021-01-16 03:00:00,A,0.03650719,-0.76280665,False,3,False,False
2021-01-16 04:00:00,A,0.22682053,-0.7801533,False,4,False,False
2021-01-16 05:00:00,A,0.20142141,-0.6428609,False,5,False,False
2021-01-16 06:00:00,A,0.31057692,-0.7398368,False,6,False,False
2021-01-16 07:00:00,A,0.29154032,-0.80125356,False,7,False,False
2021-01-16 08:00:00,A,0.14458081,-0.6490691,False,8,False,False
2021-01-16 09:00:00,A,0.081011295,-0.45307505,False,9,False,False
2021-01-16 10:00:00,A,-0.29787117,-0.08268702,False,10,False,False
2021-01-16 11:00:00,A,-0.17079246,-0.22415006,False,11,False,False
2021-01-16 12:00:00,A,-0.3842129,0.07326436,False,12,False,False
2021-01-16 13:00:00,A,-0.21140754,0.12766016,False,13,False,False
2021-01-16 14:00:00,A,-0.52615005,0.1662823,False,14,False,False
2021-01-16 15:00:00,A,-0.6042219,0.5215794,False,15,False,False
2021-01-16 16:00:00,A,-0.4658677,0.7797613,False,16,False,False
2021-01-16 17:00:00,A,-0.48808366,0.9991249,False,17,False,False
2021-01-16 18:00:00,A,-0.43710476,0.9643246,False,18,False,False
2021-01-16 19:00:00,A,-0.07776171,0.71754897,False,19,False,False
2021-01-16 20:00:00,A,-0.13524753,0.8919343,False,20,False,False
2021-01-16 21:00:00,A,-0.28824925,1.1065768,False,21,False,False
2021-01-16 22:00:00,A,-0.023220718,1.0253521,False,22,False,False
2021-01-16 23:00:00,A,-0.10926682,1.2287382,False,23,False,False
2021-01-17 00:00:00,A,-0.27232355,1.1095067,True,0,False,False
2021-01-17 01:00:00,A,-0.68574923,1.5070287,True,1,False,False
2021-01-17 02:00:00,A,-0.5924781,1.8133346,True,2,False,False
2021-01-17 03:00:00,A,-0.58898264,1.9535452,True,3,False,False
2021-01-17 04:00:00,A,-0.45353043,1.8855921,True,4,False,False
2021-01-17 05:00:00,A,-0.06796986,2.0237823,True,5,False,False
2021-01-17 06:00:00,A,-0.362544,2.051229,True,6,False,False
2021-01-17 07:00:00,A,-0.1392169,2.2102084,True,7,False,False
2021-01-17 08:00:00,A,-0.68193525,2.4564457,True,8,True,False
2021-01-17 09:00:00,A,-0.8320177,2.7878828,True,9,True,False
2021-01-17 10:00:00,A,-0.6987528,2.8539977,True,10,False,False
2021-01-17 11:00:00,A,-0.35189587,2.9149413,True,11,True,False
2021-01-17 12:00:00,A,-0.23306936,2.8712049,True,12,False,False
2021-01-17 13:00:00,A,-0.7684848,3.2093992,True,13,True,False
2021-01-17 14:00:00,A,-0.51287323,3.2046685,True,14,True,False
2021-01-17 15:00:00,A,-0.4659087,3.549602,True,15,False,False
2021-01-17 16:00:00,A,-0.7814663,3.7411513,True,16,False,False
2021-01-17 17:00:00,A,-0.8490041,3.9526272,True,17,False,False
2021-01-17 18:00:00,A,-0.27334994,4.1608276,True,18,False,False
2021-01-17 19:00:00,A,-0.54465026,4.495576,True,19,False,False
2021-01-17 20:00:00,A,-0.44614565,4.415794,True,20,False,False
2021-01-17 21:00:00,A,0.17790496,4.3755565,True,21,False,False
2021-01-17 22:00:00,A,-0.34371763,4.65228,True,22,False,False
2021-01-17 23:00:00,A,-0.08741623,4.7540064,True,23,False,False
2021-01-18 00:00:00,A,0.63294005,4.2977724,True,0,False,False
2021-01-18 01:00:00,A,0.75042874,4.4302278,True,1,False,False
2021-01-18 02:00:00,A,1.1405903,4.5100636,True,2,False,False
2021-01-18 03:00:00,A,1.2823768,4.3473315,True,3,False,False
2021-01-18 04:00:00,A,1.2796347,4.5268517,True,4,False,False
2021-01-18 05:00:00,A,1.0247092,4.7752285,True,5,False,False
2021-01-18 06:00:00,A,1.0233691,4.718145,True,6,False,False
2021-01-18 07:00:00,A,2.0260196,4.7677116,True,7,False,False
2021-01-18 08:00:00,A,1.7297745,4.577212,True,8,False,False
2021-01-18 09:00:00,A,1.8074548,4.545259,True,9,False,False
2021-01-18 10:00:00,A,2.1100545,4.444962,True,10,False,False
2021-01-18 11:00:00,A,1.6847343,4.610362,True,11,False,False
2021-01-18 12:00:00,A,1.2105908,4.6342874,True,12,False,False
2021-01-18 13:00:00,A,2.1220136,4.2833276,True,13,False,False
2021-01-18 14:00:00,A,1.2368784,4.726965,True,14,False,False
2021-01-18 15:00:00,A,0.94644487,4.864548,True,15,False,False
2021-01-18 16:00:00,A,1.4254155,4.284418,True,16,False,False
2021-01-18 17:00:00,A,1.132833,4.4619718,True,17,False,False
2021-01-18 18:00:00,A,1.2507114,4.720515,True,18,False,False
2021-01-18 19:00:00,A,1.1374254,4.501413,True,19,False,False
2021-01-18 20:00:00,A,0.8544303,4.6755557,True,20,False,False
2021-01-18 21:00:00,A,0.5091184,4.7759695,True,21,False,False
2021-01-18 22:00:00,A,0.32638097,4.915613,True,22,False,False
2021-01-18 23:00:00,A,2.1233532,4.478852,True,23,False,False
2021-01-19 00:00:00,A,1.8484645,4.2166386,False,0,False,False
2021-01-19 01:00:00,A,1.7567778,4.3643827,False,1,False,False
2021-01-19 02:00:00,A,1.6078126,4.0856066,False,2,False,False
2021-01-19 03:00:00,A,1.1385556,4.382002,False,3,False,False
2021-01-19 04:00:00,A,0.5803788,4.2385507,False,4,False,False
2021-01-19 05:00:00,A,0.9518068,3.9361033,False,5,False,False
2021-01-19 06:00:00,A,0.27191746,4.2681036,False,6,False,False
2021-01-19 07:00:00,A,0.03371495,4.372172,False,7,False,False
2021-01-19 08:00:00,A,0.24215183,3.900619,False,8,False,False
2021-01-19 09:00:00,A,-0.14759535,4.063619,False,9,False,False
2021-01-19 10:00:00,A,0.047226578,4.208238,False,10,False,False
2021-01-19 11:00:00,A,0.0729574,3.8530946,False,11,False,False
2021-01-19 12:00:00,A,-0.6389374,4.035901,False,12,False,False
2021-01-19 13:00:00,A,-1.0756366,3.7073073,False,13,False,False
2021-01-19 14:00:00,A,-1.0578277,3.7373614,False,14,False,False
2021-01-19 15:00:00,A,-0.5726312,3.902645,False,15,False,False
2021-01-19 16:00:00,A,-0.71078783,3.484974,False,16,False,False
2021-01-19 17:00:00,A,-0.5647395,3.5292726,False,17,False,False
2021-01-19 18:00:00,A,-0.72598356,3.3839116,False,18,False,False
2021-01-19 19:00:00,A,-1.3263564,3.5464435,False,19,False,False
2021-01-19 20:00:00,A,-1.21755,3.1281018,False,20,False,False
2021-01-19 21:00:00,A,-0.8455536,2.8121104,False,21,False,False
2021-01-19 22:00:00,A,-0.917998,2.9475932,False,22,False,False
2021-01-19 23:00:00,A,-1.3326063,3.2008429,False,23,False,False
2021-01-20 00:00:00,A,-1.2165217,2.619885,False,0,False,False
2021-01-20 01:00:00,A,-1.4653516,2.8077788,False,1,False,False
2021-01-20 02:00:00,A,-1.0927737,2.8151278,False,2,False,False
2021-01-20 03:00:00,A,-1.1118333,2.5131984,False,3,False,False
2021-01-20 04:00:00,A,-1.5454135,2.670454,False,4,False,False
2021-01-20 05:00:00,A,-2.0235486,2.3541322,False,5,False,False
2021-01-20 06:00:00,A,-1.8790531,2.3522668,False,6,False,False
2021-01-20 07:00:00,A,-1.3342283,2.5083303,False,7,False,False
2021-01-20 08:00:00,A,-1.2584426,2.1842427,False,8,False,False
2021-01-20 09:00:00,A,-0.92635936,2.1457734,False,9,False,False
2021-01-20 10:00:00,A,-1.0204563,2.0985646,False,10,False,False
2021-01-20 11:00:00,A,-1.5218463,2.3021111,False,11,False,False
2021-01-20 12:00:00,A,-1.1916242,1.9810122,False,12,False,False
2021-01-20 13:00:00,A,-0.6834268,1.5547215,False,13,False,False
2021-01-20 14:00:00,A,-0.6629326,1.6613499,False,14,False,False
2021-01-20 15:00:00,A,-0.91374487,1.9171416,False,15,False,False
2021-01-20 16:00:00,A,-0.6072832,1.2450968,False,16,False,False
2021-01-20 17:00:00,A,-0.712465,1.1397573,False,17,False,False
2021-01-20 18:00:00,A,-0.25827563,0.9372896,False,18,False,False
2021-01-20 19:00:00,A,-0.29965085,0.7772511,False,19,False,False
2021-01-20 20:00:00,A,-0.83027273,0.8120676,False,20,False,False
2021-01-20 21:00:00,A,-1.105952,0.61057186,False,21,False,False
2021-01-20 22:00:00,A,-0.9476686,0.5170709,False,22,False,False
2021-01-20 23:00:00,A,-0.39224875,0.36669207,False,23,False,False
2021-01-21 00:00:00,A,-0.42000765,0.12995803,True,0,False,False
2021-01-21 01:00:00,A,-0.04608196,0.016249537,True,1,False,False
2021-01-21 02:00:00,A,-0.451101,-0.019439578,True,2,False,False
2021-01-21 03:00:00,A,-0.72979146,0.03879702,True,3,False,False
2021-01-21 04:00:00,A,-0.52843004,-0.11498153,True,4,False,False
2021-01-21 05:00:00,A,-0.17586315,-0.31331682,True,5,False,False
2021-01-21 06:00:00,A,-0.24802017,-0.3886842,True,6,False,False
2021-01-21 07:00:00,A,-0.5839619,-0.23995876,True,7,False,False
2021-01-21 08:00:00,A,-0.23799717,-0.8982114,True,8,True,False
2021-01-21 09:00:00,A,-0.24225926,-0.9164811,True,9,True,False
2021-01-21 10:00:00,A,-0.086631656,-1.0112149,True,10,True,False
2021-01-21 11:00:00,A,0.05223757,-1.0774322,True,11,True,False
2021-01-21 12:00:00,A,-0.056707263,-0.9720499,True,12,False,False
2021-01-21 13:00:00,A,-0.047125876,-1.0326228,True,13,True,False
2021-01-21 14:00:00,A,0.034070134,-1.1738582,True,14,True,False
2021-01-21 15:00:00,A,0.12572002,-1.2975382,True,15,False,False
2021-01-21 16:00:00,A,0.080348074,-1.2961769,True,16,False,False
2021-01-21 17:00:00,A,0.13212958,-1.0172099,True,17,False,False
2021-01-21 18:00:00,A,0.16373369,-1.2004213,True,18,False,False
2021-01-21 19:00:00,A,0.007474929,-1.034445,True,19,False,False
2021-01-21 20:00:00,A,0.0076227784,-1.1832099,True,20,False,False
2021-01-21 21:00:00,A,0.21673301,-1.2629762,True,21,False,False
2021-01-21 22:00:00,A,0.096229374,-1.3591257,True,22,False,False
2021-01-21 23:00:00,A,0.020344287,-1.414648,True,23,False,False
2021-01-22 00:00:00,A,-0.22019815,-1.4537454,True,0,False,False
2021-01-22 01:00:00,A,-0.24622744,-1.4597518,True,1,False,False
2021-01-22 02:00:00,A,-0.12642813,-1.49785,True,2,False,False
2021-01-22 03:00:00,A,-0.04260397,-1.4659117,True,3,False,False
2021-01-22 04:00:00,A,-0.10938108,-1.4068421,True,4,False,False
2021-01-22 05:00:00,A,-0.067857504,-1.4468122,True,5,False,False
2021-01-22 06:00:00,A,-0.13568032,-1.383801,True,6,False,False
2021-01-22 07:00:00,A,0.011743188,-1.4617028,True,7,False,False
2021-01-22 08:00:00,A,0.08395156,-1.494117,True,8,False,False
2021-01-22 09:00:00,A,0.21766374,-1.373107,True,9,False,False
2021-01-22 10:00:00,A,0.25420794,-1.4645607,True,10,True,False
2021-01-22 11:00:00,A,0.24734856,-1.4588532,True,11,False,False
2021-01-22 12:00:00,A,0.08534205,-1.433196,True,12,False,False
2021-01-22 13:00:00,A,0.2558946,-1.435974,True,13,False,False
2021-01-22 14:00:00,A,0.118671834,-1.5136199,True,14,False,False
2021-01-22 15:00:00,A,-0.042595387,-1.5862743,True,15,False,False
2021-01-22 16:00:00,A,-0.2343896,-1.6871365,True,16,False,False
2021-01-22 17:00:00,A,-0.25743526,-1.7450078,True,17,False,False
2021-01-22 18:00:00,A,-0.1701582,-1.7019843,True,18,False,False
2021-01-22 19:00:00,A,-0.05280304,-1.6560365,True,19,False,False
2021-01-22 20:00:00,A,-0.15017086,-1.5214373,True,20,False,False
2021-01-22 21:00:00,A,-0.08650917,-1.5253762,True,21,False,False
2021-01-22 22:00:00,A,-0.141357,-1.5383651,True,22,False,False
2021-01-22 23:00:00,A,-0.0047769547,-1.6859161,True,23,False,False
2021-01-23 00:00:00,A,-0.018599212,-1.5634159,True,0,False,False
2021-01-23 01:00:00,A,0.14231008,-1.4807909,True,1,False,False
2021-01-23 02:00:00,A,0.27308506,-1.484292,True,2,False,False
2021-01-23 03:00:00,A,0.31657982,-1.446422,True,3,False,False
2021-01-23 04:00:00,A,0.25814962,-1.3900375,True,4,False,False
2021-01-23 05:00:00,A,0.5713927,-1.3488172,True,5,False,False
2021-01-23 06:00:00,A,0.45392096,-1.3329148,True,6,False,False
2021-01-23 07:00:00,A,0.38563064,-1.3409257,True,7,False,False
2021-01-23 08:00:00,A,0.12842435,-1.304171,True,8,False,False
2021-01-23 09:00:00,A,0.21654457,-1.2428706,True,9,False,False
2021-01-23 10:00:00,A,-0.055317223,-1.0439897,True,10,False,False
2021-01-23 11:00:00,A,-0.09227067,-0.75243545,True,11,False,False
2021-01-23 12:00:00,A,0.05016038,-0.42185688,True,12,False,False
2021-01-23 13:00:00,A,-0.05372125,-0.21874994,True,13,False,False
2021-01-23 14:00:00,A,-0.22567797,-0.105202675,True,14,False,False
2021-01-23 15:00:00,A,0.02229178,-0.08947444,True,15,False,False
2021-01-23 16:00:00,A,0.16435257,0.19962144,True,16,False,False
2021-01-23 17:00:00,A,0.006270677,0.3545097,True,17,False,False
2021-01-23 18:00:00,A,0.71187866,0.27775097,True,18,False,False
2021-01-23 19:00:00,A,0.52994305,0.47615016,True,19,False,False
2021-01-23 20:00:00,A,0.5295861,0.48503733,True,20,False,False
2021-01-23 21:00:00,A,0.8329273,0.6004106,True,21,False,False
2021-01-23 22:00:00,A,0.593755,0.7885579,True,22,False,False
2021-01-23 23:00:00,A,0.76070124,0.65273726,True,23,False,False
2021-01-24 00:00:00,A,1.0088143,0.4453907,True,0,False,False
2021-01-24 01:00:00,A,1.2289188,0.46385872,True,1,False,False
2021-01-24 02:00:00,A,1.2392819,0.5563859,True,2,False,False
2021-01-24 03:00:00,A,1.2509012,0.8094909,True,3,False,False
2021-01-24 04:00:00,A,1.5059104,0.8949338,True,4,False,False
2021-01-24 05:00:00,A,1.5063102,1.026023,True,5,False,False
2021-01-24 06:00:00,A,1.2843943,1.2753597,True,6,False,False
2021-01-24 07:00:00,A,1.5532763,1.1909765,True,7,False,False
2021-01-24 08:00:00,A,1.8429339,1.2863706,True,8,True,False
2021-01-24 09:00:00,A,2.072893,1.3412975,True,9,False,False
2021-01-24 10:00:00,A,2.4114947,1.3171235,True,10,False,False
2021-01-24 11:00:00,A,1.9999712,1.6754361,True,11,False,False
2021-01-24 12:00:00,A,1.9567151,1.7762386,True,12,False,False
2021-01-24 13:00:00,A,2.3976574,1.8021017,True,13,True,False
2021-01-24 14:00:00,A,2.4544806,1.7826864,True,14,False,False
2021-01-24 15:00:00,A,2.7988687,1.537975,True,15,False,False
2021-01-24 16:00:00,A,2.933122,1.2520028,True,16,False,False
2021-01-24 17:00:00,A,3.034072,1.361107,True,17,False,False
2021-01-24 18:00:00,A,2.9518466,1.5107883,True,18,False,False
2021-01-24 19:00:00,A,3.0265508,1.8199781,True,19,False,False
2021-01-24 20:00:00,A,3.2469826,1.9196907,True,20,False,False
2021-01-24 21:00:00,A,3.1545882,2.1437345,True,21,False,False
2021-01-24 22:00:00,A,2.9371972,2.372635,True,22,False,False
2021-01-24 23:00:00,A,3.068708,2.3375263,True,23,False,False
2021-01-25 00:00:00,A,3.2178183,2.4470863,True,0,False,False
2021-01-25 01:00:00,A,3.5208201,2.4684033,True,1,False,False
2021-01-25 02:00:00,A,3.9140325,2.2937841,True,2,False,False
2021-01-25 03:00:00,A,3.4056685,2.758431,True,3,False,False
2021-01-25 04:00:00,A,3.3710268,2.7988253,True,4,False,False
2021-01-25 05:00:00,A,3.8712926,2.7220411,True,5,False,False
2021-01-25 06:00:00,A,3.7129147,2.9550872,True,6,False,False
2021-01-25 07:00:00,A,4.1418595,2.590876,True,7,False,False
2021-01-25 08:00:00,A,4.142651,2.2678494,True,8,False,False
2021-01-25 09:00:00,A,4.379965,2.247024,True,9,False,False
2021-01-25 10:00:00,A,4.186362,2.4238772,True,10,False,False
2021-01-25 11:00:00,A,4.1991687,2.4879465,True,11,False,False
2021-01-25 12:00:00,A,4.307041,2.3287868,True,12,False,False
2021-01-25 13:00:00,A,4.1655607,2.4653625,True,13,False,False
2021-01-25 14:00:00,A,3.8128219,2.6682935,True,14,False,False
2021-01-25 15:00:00,A,3.924731,2.6087751,True,15,False,False
2021-01-25 16:00:00,A,3.902669,2.3976936,True,16,False,False
2021-01-25 17:00:00,A,4.1489596,2.3585382,True,17,False,False
2021-01-25 18:00:00,A,4.134489,2.3504844,True,18,False,False
2021-01-25 19:00:00,A,3.7711015,2.6733184,True,19,False,False
2021-01-25 20:00:00,A,3.8780022,2.628106,True,20,False,False
2021-01-25 21:00:00,A,4.1818895,2.6345387,True,21,False,False
2021-01-25 22:00:00,A,3.9006412,2.9161773,True,22,False,False
2021-01-25 23:00:00,A,4.3074393,2.516777,True,23,False,False
2021-01-26 00:00:00,A,4.1972613,2.2227864,False,0,False,False
2021-01-26 01:00:00,A,4.2951117,2.342887,False,1,False,False
2021-01-26 02:00:00,A,3.9264565,2.5128732,False,2,False,False
2021-01-26 03:00:00,A,3.7846503,2.4788184,False,3,False,False
2021-01-26 04:00:00,A,3.6561933,2.3687625,False,4,False,False
2021-01-26 05:00:00,A,3.3837423,2.5064158,False,5,False,False
2021-01-26 06:00:00,A,2.924551,2.5802479,False,6,False,False
2021-01-26 07:00:00,A,3.0126224,2.5258594,False,7,False,False
2021-01-26 08:00:00,A,2.6447992,2.4634333,False,8,False,False
2021-01-26 09:00:00,A,2.7382133,2.4222689,False,9,False,False
2021-01-26 10:00:00,A,2.7679045,2.2721539,False,10,False,False
2021-01-26 11:00:00,A,2.2345774,2.3983765,False,11,False,False
2021-01-26 12:00:00,A,2.2143147,2.3340755,False,12,False,False
2021-01-26 13:00:00,A,2.5226986,2.1318946,False,13,False,False
2021-01-26 14:00:00,A,2.0813317,2.2909656,False,14,False,False
2021-01-26 15:00:00,A,2.473896,1.9095222,False,15,False,False
2021-01-26 16:00:00,A,2.4530666,1.445006,False,16,False,False
2021-01-26 17:00:00,A,2.5623777,1.4649807,False,17,False,False
2021-01-26 18:00:00,A,2.370699,1.4792293,False,18,False,False
2021-01-26 19:00:00,A,2.2589335,1.3477091,False,19,False,False
2021-01-26 20:00:00,A,2.2072275,1.1900045,False,20,False,False
2021-01-26 21:00:00,A,1.9260204,1.3564316,False,21,False,False
2021-01-26 22:00:00,A,1.5860786,1.3219534,False,22,False,False
2021-01-26 23:00:00,A,1.6546888,1.2290021,False,23,False,False
2021-01-27 00:00:00,A,1.4735084,1.1069647,False,0,False,False
2021-01-27 01:00:00,A,1.7329853,0.9678422,False,1,False,False
2021-01-27 02:00:00,A,1.6948755,0.88338244,False,2,False,False
2021-01-27 03:00:00,A,1.1698728,1.0806547,False,3,False,False
2021-01-27 04:00:00,A,1.2055292,1.0171925,False,4,False,False
2021-01-27 05:00:00,A,1.4324777,0.8078922,False,5,False,False
2021-01-27 06:00:00,A,1.0696535,0.9627365,False,6,False,False
2021-01-27 07:00:00,A,1.4467969,0.6199964,False,7,False,False
2021-01-27 08:00:00,A,1.5410235,0.14332247,False,8,False,False
2021-01-27 09:00:00,A,1.5827558,0.118490815,False,9,False,False
2021-01-27 10:00:00,A,1.4691935,0.030044436,False,10,False,False
2021-01-27 11:00:00,A,1.4797524,-0.0707984,False,11,False,False
2021-01-27 12:00:00,A,1.3399494,-0.23686409,False,12,False,False
2021-01-27 13:00:00,A,1.2692039,-0.22564864,False,13,False,False
2021-01-27 14:00:00,A,1.0153813,-0.31063265,False,14,False,False
2021-01-27 15:00:00,A,0.9868341,-0.3538655,False,15,False,False
2021-01-27 16:00:00,A,0.8435672,-0.55028045,False,16,False,False
2021-01-27 17:00:00,A,0.8142067,-0.61072797,False,17,False,False
2021-01-27 18:00:00,A,0.7766644,-0.7372711,False,18,False,False
2021-01-27 19:00:00,A,0.60557336,-0.8638027,False,19,False,False
2021-01-27 20:00:00,A,0.4386134,-0.89156806,False,20,False,False
2021-01-27 21:00:00,A,0.47849664,-0.9820036,False,21,False,False
2021-01-27 22:00:00,A,0.33927262,-0.9547348,False,22,False,False
2021-01-27 23:00:00,A,0.32576746,-1.1032299,False,23,False,False
2021-01-28 00:00:00,A,0.28104663,-1.3940222,True,0,False,False
2021-01-28 01:00:00,A,0.3986807,-1.3899738,True,1,False,False
2021-01-28 02:00:00,A,0.29576385,-1.4429715,True,2,False,False
2021-01-28 03:00:00,A,0.24382573,-1.4803772,True,3,False,False
2021-01-28 04:00:00,A,0.16543281,-1.547153,True,4,False,False
2021-01-28 05:00:00,A,0.120851934,-1.5848818,True,5,False,False
2021-01-28 06:00:00,A,-0.120556295,-1.6317052,True,6,False,False
2021-01-28 07:00:00,A,-0.11364931,-1.5962322,True,7,False,False
2021-01-28 08:00:00,A,-0.3803478,-1.6091752,True,8,True,False
2021-01-28 09:00:00,A,-0.3745339,-1.6483305,True,9,False,False
2021-01-28 10:00:00,A,-0.30419183,-1.6931617,True,10,False,False
2021-01-28 11:00:00,A,-0.27994853,-1.7275835,True,11,True,False
2021-01-28 12:00:00,A,-0.2764867,-1.6683481,True,12,False,False
2021-01-28 13:00:00,A,-0.17404658,-1.6420405,True,13,True,False
2021-01-28 14:00:00,A,-0.19136506,-1.7115815,True,14,True,False
2021-01-28 15:00:00,A,-0.1797269,-1.7274141,True,15,True,False
2021-01-28 16:00:00,A,-0.14810497,-1.8288783,True,16,False,False
2021-01-28 17:00:00,A,-0.031899095,-1.8159481,True,17,False,False
2021-01-28 18:00:00,A,0.03012985,-1.8166053,True,18,False,False
2021-01-28 19:00:00,A,-0.03361243,-1.7567875,True,19,False,False
2021-01-28 20:00:00,A,-0.14216465,-1.7513008,True,20,False,False
2021-01-28 21:00:00,A,-0.041812837,-1.7327235,True,21,False,False
2021-01-28 22:00:00,A,-0.23846924,-1.8348349,True,22,False,False
2021-01-28 23:00:00,A,-0.24980718,-1.8578098,True,23,False,False
2021-01-29 00:00:00,A,-0.4305976,-1.8633572,True,0,False,False
2021-01-29 01:00:00,A,-0.4199143,-1.7901068,True,1,False,False
2021-01-29 02:00:00,A,-0.36525798,-1.8497452,True,2,False,False
2021-01-29 03:00:00,A,-0.34252524,-1.8189088,True,3,False,False
2021-01-29 04:00:00,A,-0.3609622,-1.7736382,True,4,False,False
2021-01-29 05:00:00,A,-0.21041608,-1.7587729,True,5,False,False
2021-01-29 06:00:00,A,-0.30060697,-1.7970089,True,6,False,False
2021-01-29 07:00:00,A,-0.27123582,-1.8339231,True,7,False,False
2021-01-29 08:00:00,A,-0.19011295,-1.8781608,True,8,True,False
2021-01-29 09:00:00,A,-0.12339145,-1.7547435,True,9,False,False
2021-01-29 10:00:00,A,-0.027614355,-1.7948383,True,10,False,False
2021-01-29 11:00:00,A,-0.058113813,-1.7478163,True,11,True,False
2021-01-29 12:00:00,A,-0.17451602,-1.7459624,True,12,False,False
2021-01-29 13:00:00,A,-0.08658135,-1.7467158,True,13,True,False
2021-01-29 14:00:00,A,-0.28931087,-1.8279264,True,14,False,False
2021-01-29 15:00:00,A,-0.26120853,-1.9030638,True,15,False,False
2021-01-29 16:00:00,A,-0.45024914,-1.8907812,True,16,False,False
2021-01-29 17:00:00,A,-0.42856193,-1.9395787,True,17,False,False
2021-01-29 18:00:00,A,-0.40296364,-1.9445938,True,18,False,False
2021-01-29 19:00:00,A,-0.37968415,-1.8799176,True,19,False,False
2021-01-29 20:00:00,A,-0.4098019,-1.868117,True,20,False,False
2021-01-29 21:00:00,A,-0.25405043,-1.8428216,True,21,False,False
2021-01-29 22:00:00,A,-0.29314935,-1.8979332,True,22,False,False
2021-01-29 23:00:00,A,-0.29823226,-1.9444488,True,23,False,False
2021-01-30 00:00:00,A,-0.2893383,-1.9247549,True,0,False,False
2021-01-30 01:00:00,A,-0.16961718,-1.8602655,True,1,False,False
2021-01-30 02:00:00,A,-0.047433197,-1.7829673,True,2,False,False
2021-01-30 03:00:00,A,0.018668175,-1.6922596,True,3,False,False
2021-01-30 04:00:00,A,0.019444734,-1.6197345,True,4,False,False
2021-01-30 05:00:00,A,0.20915496,-1.6130297,True,5,False,False
2021-01-30 06:00:00,A,0.070301086,-1.6070476,True,6,False,False
2021-01-30 07:00:00,A,0.1626805,-1.6074371,True,7,False,False
2021-01-30 08:00:00,A,0.11786392,-1.5401525,True,8,True,False
2021-01-30 09:00:00,A,0.3308357,-1.5363133,True,9,True,False
2021-01-30 10:00:00,A,0.4323817,-1.3770378,True,10,False,False
2021-01-30 11:00:00,A,0.5671911,-1.2198167,True,11,False,False
2021-01-30 12:00:00,A,0.6575544,-1.0549448,True,12,False,False
2021-01-30 13:00:00,A,0.8275592,-0.9307607,True,13,False,False
2021-01-30 14:00:00,A,0.8203164,-0.8137044,True,14,False,False
2021-01-30 15:00:00,A,1.0068567,-0.85879695,True,15,False,False
2021-01-30 16:00:00,A,1.0447228,-0.75121635,True,16,False,False
2021-01-30 17:00:00,A,1.1391106,-0.6800273,True,17,False,False
2021-01-30 18:00:00,A,1.2739547,-0.59325266,True,18,False,False
2021-01-30 19:00:00,A,1.4367816,-0.47913808,True,19,False,False
2021-01-30 20:00:00,A,1.4138541,-0.40129435,True,20,False,False
2021-01-30 21:00:00,A,1.5828068,-0.33061528,True,21,False,False
2021-01-30 22:00:00,A,1.4634426,-0.24640524,True,22,False,False
2021-01-30 23:00:00,A,1.528106,-0.27404886,True,23,False,False
2021-01-31 00:00:00,A,1.4367323,-0.32980877,False,0,False,False
2021-01-31 01:00:00,A,1.7008464,-0.20110136,False,1,False,False
2021-01-31 02:00:00,A,1.7422917,0.352404,False,2,False,False
2021-01-31 03:00:00,A,1.5135555,1.0141948,False,3,False,False
2021-01-31 04:00:00,A,1.3381317,1.5560421,False,4,False,False
2021-01-31 05:00:00,A,1.0372072,2.1692557,False,5,False,False
2021-01-31 06:00:00,A,0.101070166,2.9713454,False,6,False,False
2021-01-31 07:00:00,A,0.765517,2.6022549,False,7,False,False
2021-01-31 08:00:00,A,-0.2404393,3.4229722,False,8,False,False
2021-01-31 09:00:00,A,-0.15682435,3.4007955,False,9,False,False
2021-01-31 10:00:00,A,-0.29506594,3.462112,False,10,False,False
2021-01-31 11:00:00,A,-0.3560472,3.5516338,False,11,False,False
2021-01-31 12:00:00,A,-0.38222557,3.6598024,False,12,False,False
2021-01-31 13:00:00,A,-1.1253183,4.196869,False,13,False,False
2021-01-31 14:00:00,A,-1.6654267,4.584303,False,14,False,False
2021-01-31 15:00:00,A,-2.5086315,4.879598,False,15,False,False
2021-01-31 16:00:00,A,-1.7344093,4.118947,False,16,False,False
2021-01-31 17:00:00,A,-1.4389038,3.3376265,False,17,False,False
2021-01-31 18:00:00,A,0.22044116,1.7770265,False,18,False,False
2021-01-31 19:00:00,A,-0.49191964,2.3983984,False,19,False,False
2021-01-31 20:00:00,A,-0.8086844,3.0864577,False,20,False,False
2021-01-31 21:00:00,A,-0.590887,2.9564533,False,21,False,False
2021-01-31 22:00:00,A,-1.246336,3.470921,False,22,False,False
2021-01-31 23:00:00,A,-1.7374496,4.5953918,False,23,False,False
2021-02-01 00:00:00,A,-0.7451096,3.5697136,True,0,False,False
2021-02-01 01:00:00,A,0.25846407,2.804781,True,1,False,False
2021-02-01 02:00:00,A,0.30725822,2.8306828,True,2,False,False
2021-02-01 03:00:00,A,0.6839123,2.9346676,True,3,False,False
2021-02-01 04:00:00,A,1.294234,3.0722008,True,4,False,False
2021-02-01 05:00:00,A,1.5709887,3.1105666,True,5,False,False
2021-02-01 06:00:00,A,1.4605081,3.4093604,True,6,False,False
2021-02-01 07:00:00,A,1.8587356,3.2042084,True,7,False,False
2021-02-01 08:00:00,A,2.067417,2.7129164,True,8,True,False
2021-02-01 09:00:00,A,1.577836,2.386581,True,9,False,False
2021-02-01 10:00:00,A,1.3244818,1.4487945,True,10,True,False
2021-02-01 11:00:00,A,1.1728632,1.5339862,True,11,False,False
2021-02-01 12:00:00,A,1.1394176,2.1116643,True,12,False,False
2021-02-01 13:00:00,A,1.1787336,2.3862114,True,13,False,False
2021-02-01 14:00:00,A,1.0525241,2.4591994,True,14,False,False
2021-02-01 15:00:00,A,1.373199,2.9512725,True,15,False,False
2021-02-01 16:00:00,A,0.87822074,2.6947637,True,16,False,False
2021-02-01 17:00:00,A,0.9571615,2.5205555,True,17,False,False
2021-02-01 18:00:00,A,0.5623908,2.5553808,True,18,False,False
2021-02-01 19:00:00,A,0.949056,2.5502567,True,19,False,False
2021-02-01 20:00:00,A,1.8763618,2.3641987,True,20,False,False
2021-02-01 21:00:00,A,1.8793502,2.3794322,True,21,False,False
2021-02-01 22:00:00,A,2.0615163,2.5358791,True,22,False,False
2021-02-01 23:00:00,A,2.3906753,2.5066848,True,23,False,False
2021-02-02 00:00:00,A,2.058525,2.3876634,True,0,False,False
2021-02-02 01:00:00,A,1.8593762,2.4046888,True,1,False,False
2021-02-02 02:00:00,A,0.9002669,2.3412423,True,2,False,False
2021-02-02 03:00:00,A,0.20340842,2.6021156,True,3,False,False
2021-02-02 04:00:00,A,-0.19766712,3.200851,True,4,False,False
2021-02-02 05:00:00,A,0.2857313,3.2261167,True,5,False,False
2021-02-02 06:00:00,A,-0.18820179,3.472855,True,6,False,False
2021-02-02 07:00:00,A,0.39014107,3.3640475,True,7,False,False
2021-02-02 08:00:00,A,-0.29695934,3.1035075,True,8,False,False
2021-02-02 09:00:00,A,-0.7550053,3.142002,True,9,False,False
2021-02-02 10:00:00,A,-1.2303627,3.496231,True,10,True,False
2021-02-02 11:00:00,A,-1.0796187,3.6274796,True,11,False,False
2021-02-02 12:00:00,A,-0.6110855,3.3881726,True,12,False,False
2021-02-02 13:00:00,A,-0.45746088,3.3634515,True,13,True,False
2021-02-02 14:00:00,A,-0.6158268,3.645347,True,14,False,False
2021-02-02 15:00:00,A,-0.92969936,3.7798781,True,15,False,False
2021-02-02 16:00:00,A,-1.2979004,3.198968,True,16,False,False
2021-02-02 17:00:00,A,-1.9256985,3.4826717,True,17,False,False
2021-02-02 18:00:00,A,-2.045478,3.5392637,True,18,False,False
2021-02-02 19:00:00,A,-1.1122243,3.0354848,True,19,False,False
2021-02-02 20:00:00,A,-2.3626404,4.054423,True,20,False,False
2021-02-02 21:00:00,A,-2.194028,4.152326,True,21,False,False
2021-02-02 22:00:00,A,-2.321346,4.3469996,True,22,False,False
2021-02-02 23:00:00,A,-2.041204,4.4421406,True,23,False,False
2021-02-03 00:00:00,A,-2.4871888,4.074181,True,0,False,False
2021-02-03 01:00:00,A,-1.7945728,3.712409,True,1,False,False
2021-02-03 02:00:00,A,-1.2194066,3.7052522,True,2,False,False
2021-02-03 03:00:00,A,-0.5334583,3.6362329,True,3,False,False
2021-02-03 04:00:00,A,-1.2327669,4.1952386,True,4,False,False
2021-02-03 05:00:00,A,-0.99277765,4.004024,True,5,False,False
2021-02-03 06:00:00,A,-0.96821636,4.2675195,True,6,False,False
2021-02-03 07:00:00,A,-0.60472494,3.9824471,True,7,False,False
2021-02-03 08:00:00,A,-1.25247,3.4328504,True,8,False,False
2021-02-03 09:00:00,A,-1.4360206,3.3723836,True,9,False,False
2021-02-03 10:00:00,A,-1.0951545,3.0254273,True,10,False,False
2021-02-03 11:00:00,A,-0.39577615,2.7649379,True,11,False,False
2021-02-03 12:00:00,A,-1.9295492,3.8750143,True,12,False,False
2021-02-03 13:00:00,A,-1.7182145,4.1863084,True,13,False,False
2021-02-03 14:00:00,A,-1.7199066,4.32759,True,14,False,False
2021-02-03 15:00:00,A,-1.8301928,4.616242,True,15,False,False
2021-02-03 16:00:00,A,-2.136781,4.368246,True,16,False,False
2021-02-03 17:00:00,A,-1.0878017,3.5729213,True,17,False,False
2021-02-03 18:00:00,A,-1.4568863,4.0131235,True,18,False,False
2021-02-03 19:00:00,A,-0.45911092,3.6844292,True,19,False,False
2021-02-03 20:00:00,A,-1.8543096,4.8810496,True,20,False,False
2021-02-03 21:00:00,A,-0.92536646,4.147535,True,21,False,False
2021-02-03 22:00:00,A,-0.76666397,4.4401007,True,22,False,False
2021-02-03 23:00:00,A,-0.5102423,4.088751,True,23,False,False
2021-02-04 00:00:00,A,-1.0548158,3.759204,True,0,False,False
2021-02-04 01:00:00,A,-1.3015554,3.655281,True,1,False,False
2021-02-04 02:00:00,A,-0.9402161,3.2206655,True,2,False,False
2021-02-04 03:00:00,A,-0.30187976,3.1146078,True,3,False,False
2021-02-04 04:00:00,A,-1.2984815,4.2221856,True,4,False,False
2021-02-04 05:00:00,A,-0.6516028,3.9700022,True,5,False,False
2021-02-04 06:00:00,A,-0.52932924,4.0868173,True,6,False,False
2021-02-04 07:00:00,A,-0.19517446,4.342408,True,7,False,False
2021-02-04 08:00:00,A,-0.1968965,4.0086412,True,8,False,False
2021-02-04 09:00:00,A,-0.00838536,3.8960567,True,9,False,False
2021-02-04 10:00:00,A,0.14413598,4.050903,True,10,False,False
2021-02-04 11:00:00,A,0.7991042,3.7481437,True,11,False,False
2021-02-04 12:00:00,A,-0.15547979,4.252299,True,12,False,False
2021-02-04 13:00:00,A,0.8484627,3.7931886,True,13,False,False
2021-02-04 14:00:00,A,0.044107735,4.3618083,True,14,False,False
2021-02-04 15:00:00,A,1.518722,3.5267596,True,15,False,False
2021-02-04 16:00:00,A,1.5111573,3.3469548,True,16,False,False
2021-02-04 17:00:00,A,1.4294883,3.470943,True,17,False,False
2021-02-04 18:00:00,A,1.5388744,3.3864803,True,18,False,False
2021-02-04 19:00:00,A,2.0419514,3.266667,True,19,False,False
2021-02-04 20:00:00,A,1.2309332,3.9082475,True,20,False,False
2021-02-04 21:00:00,A,1.2413524,4.1442704,True,21,False,False
2021-02-04 22:00:00,A,1.1885595,4.1908245,True,22,False,False
2021-02-04 23:00:00,A,1.4758644,3.9914546,True,23,False,False
2021-02-05 00:00:00,A,1.0088229,4.2379556,False,0,False,False
2021-02-05 01:00:00,A,0.9344239,4.46706,False,1,False,False
2021-02-05 02:00:00,A,1.3774034,4.402487,False,2,False,False
2021-02-05 03:00:00,A,1.3759072,4.489046,False,3,False,False
2021-02-05 04:00:00,A,1.0129029,4.396132,False,4,False,False
2021-02-05 05:00:00,A,1.9338539,3.8697405,False,5,False,False
2021-02-05 06:00:00,A,1.1870757,4.668526,False,6,False,False
2021-02-05 07:00:00,A,2.3928154,3.6805558,False,7,False,False
2021-02-05 08:00:00,A,0.9657375,4.801391,False,8,False,False
2021-02-05 09:00:00,A,1.0073943,4.799744,False,9,False,False
2021-02-05 10:00:00,A,0.15057108,5.06162,False,10,False,False
2021-02-05 11:00:00,A,0.16848081,4.9653754,False,11,False,False
2021-02-05 12:00:00,A,-1.6035721,5.3705826,False,12,False,False
2021-02-05 13:00:00,A,-2.3474383,5.5192943,False,13,False,False
2021-02-05 14:00:00,A,-2.756007,5.330971,False,14,False,False
2021-02-05 15:00:00,A,-4.1946964,5.30611,False,15,False,False
2021-02-05 16:00:00,A,-3.9660811,5.511807,False,16,False,False
2021-02-05 17:00:00,A,-4.0525975,5.645087,False,17,False,False
2021-02-05 18:00:00,A,-3.4535794,5.335324,False,18,False,False
2021-02-05 19:00:00,A,-3.1557288,5.2008166,False,19,False,False
2021-02-05 20:00:00,A,-3.9530754,4.8940473,False,20,False,False
2021-02-05 21:00:00,A,-2.8338647,4.2504444,False,21,False,False
2021-02-05 22:00:00,A,-3.7836347,4.193598,False,22,False,False
2021-02-05 23:00:00,A,-2.5236712,4.3165116,False,23,False,False
2021-02-06 00:00:00,A,-1.2626085,3.4479394,False,0,False,False
2021-02-06 01:00:00,A,-1.1338754,3.723174,False,1,False,False
2021-02-06 02:00:00,A,-0.8218625,3.6528554,False,2,False,False
2021-02-06 03:00:00,A,-1.5983248,4.2311945,False,3,False,False
2021-02-06 04:00:00,A,-2.3985379,4.1707993,False,4,False,False
2021-02-06 05:00:00,A,-2.404979,4.608343,False,5,False,False
2021-02-06 06:00:00,A,-2.8178754,4.569211,False,6,False,False
2021-02-06 07:00:00,A,-3.8379645,4.634239,False,7,False,False
2021-02-06 08:00:00,A,-3.505023,4.047975,False,8,False,False
2021-02-06 09:00:00,A,-2.7706718,3.6998072,False,9,False,False
2021-02-06 10:00:00,A,-2.9153147,3.3322377,False,10,False,False
2021-02-06 11:00:00,A,-2.697811,3.4478617,False,11,False,False
2021-02-06 12:00:00,A,-3.69065,3.1803288,False,12,False,False
2021-02-06 13:00:00,A,-2.8124113,2.6916184,False,13,False,False
2021-02-06 14:00:00,A,-3.308629,2.6807957,False,14,False,False
2021-02-06 15:00:00,A,-3.0322819,3.0480366,False,15,False,False
2021-02-06 16:00:00,A,-2.8343382,2.2494082,False,16,False,False
2021-02-06 17:00:00,A,-2.638425,2.8328977,False,17,False,False
2021-02-06 18:00:00,A,-2.1119387,2.592229,False,18,False,False
2021-02-06 19:00:00,A,-3.2451205,2.6801453,False,19,False,False
2021-02-06 20:00:00,A,-3.4341898,2.8243132,False,20,False,False
2021-02-06 21:00:00,A,-3.9082403,3.1897817,False,21,False,False
2021-02-06 22:00:00,A,-4.398331,3.2610512,False,22,False,False
2021-02-06 23:00:00,A,-5.105821,2.93217,False,23,False,False
2021-02-07 00:00:00,A,-3.2933674,2.2415576,False,0,False,False
2021-02-07 01:00:00,A,-4.0496674,2.272615,False,1,False,False
2021-02-07 02:00:00,A,-3.9478502,2.067172,False,2,False,False
2021-02-07 03:00:00,A,-3.8788033,2.3961635,False,3,False,False
2021-02-07 04:00:00,A,-4.110355,1.857443,False,4,False,False
2021-02-07 05:00:00,A,-3.4835696,1.2859334,False,5,False,False
2021-02-07 06:00:00,A,-4.1095796,1.1768514,False,6,False,False
2021-02-07 07:00:00,A,-3.932373,1.864072,False,7,False,False
2021-02-07 08:00:00,A,-3.6827927,1.1136266,False,8,False,False
2021-02-07 09:00:00,A,-3.6081257,1.5737988,False,9,False,False
2021-02-07 10:00:00,A,-3.547305,1.6991192,False,10,False,False
2021-02-07 11:00:00,A,-3.9162536,1.443519,False,11,False,False
2021-02-07 12:00:00,A,-3.9959831,1.7759649,False,12,False,False
2021-02-07 13:00:00,A,-4.2338095,2.163618,False,13,False,False
2021-02-07 14:00:00,A,-4.60819,2.11021,False,14,False,False
2021-02-07 15:00:00,A,-4.990768,1.7860023,False,15,False,False
2021-02-07 16:00:00,A,-3.5462346,0.5353483,False,16,False,False
2021-02-07 17:00:00,A,-3.9856768,0.7876471,False,17,False,False
2021-02-07 18:00:00,A,-3.7018518,0.5846193,False,18,False,False
2021-02-07 19:00:00,A,-3.6220045,0.46049345,False,19,False,False
2021-02-07 20:00:00,A,-3.7210732,0.23873413,False,20,False,False
2021-02-07 21:00:00,A,-3.7430167,0.16479957,False,21,False,False
2021-02-07 22:00:00,A,-3.980339,0.12990034,False,22,False,False
2021-02-07 23:00:00,A,-4.0414,0.45899665,False,23,False,False
2021-02-08 00:00:00,A,-3.9744883,-0.15333164,True,0,False,False
2021-02-08 01:00:00,A,-4.1081257,0.07513237,True,1,False,False
2021-02-08 02:00:00,A,-4.040045,0.058602452,True,2,False,False
2021-02-08 03:00:00,A,-4.1599054,0.06728256,True,3,False,False
2021-02-08 04:00:00,A,-4.456938,0.30946493,True,4,False,False
2021-02-08 05:00:00,A,-4.3838263,0.3521346,True,5,False,False
2021-02-08 06:00:00,A,-4.355363,0.12367809,True,6,False,False
2021-02-08 07:00:00,A,-4.2725453,-0.08771491,True,7,False,False
2021-02-08 08:00:00,A,-4.027917,-0.38417906,True,8,False,False
2021-02-08 09:00:00,A,-3.9187942,-0.26846802,True,9,False,False
2021-02-08 10:00:00,A,-3.9813843,-0.45406628,True,10,False,False
2021-02-08 11:00:00,A,-3.9445229,-0.46715188,True,11,False,False
2021-02-08 12:00:00,A,-4.0529604,-0.4081185,True,12,False,False
2021-02-08 13:00:00,A,-4.127774,-0.30876946,True,13,False,False
2021-02-08 14:00:00,A,-4.2188826,-0.32941264,True,14,False,False
2021-02-08 15:00:00,A,-4.5079927,0.29525816,True,15,False,False
2021-02-08 16:00:00,A,-4.414365,-0.5236211,True,16,False,False
2021-02-08 17:00:00,A,-4.1685963,-0.42270797,True,17,False,False
2021-02-08 18:00:00,A,-4.196067,-0.1694864,True,18,False,False
2021-02-08 19:00:00,A,-4.1713533,-0.11026788,True,19,False,False
2021-02-08 20:00:00,A,-4.3728037,-0.029757261,True,20,False,False
2021-02-08 21:00:00,A,-4.3445835,0.1071372,True,21,False,False
2021-02-08 22:00:00,A,-4.57275,0.3772154,True,22,False,False
2021-02-08 23:00:00,A,-4.3659306,0.227463,True,23,False,False
2021-02-09 00:00:00,A,-4.275086,-0.24983555,True,0,False,False
2021-02-09 01:00:00,A,-4.585583,0.19403696,True,1,False,False
2021-02-09 02:00:00,A,-4.687543,0.2747978,True,2,False,False
2021-02-09 03:00:00,A,-4.6098986,0.7432319,True,3,False,False
2021-02-09 04:00:00,A,-4.5450015,0.903227,True,4,False,False
2021-02-09 05:00:00,A,-4.380643,0.71159303,True,5,False,False
2021-02-09 06:00:00,A,-4.4552784,0.7171978,True,6,False,False
2021-02-09 07:00:00,A,-4.2029676,1.0163871,True,7,False,False
2021-02-09 08:00:00,A,-4.7557845,0.016335964,True,8,False,False
2021-02-09 09:00:00,A,-4.306094,-0.08197963,True,9,False,False
2021-02-09 10:00:00,A,-4.1559434,0.087201476,True,10,False,False
2021-02-09 11:00:00,A,-3.8013344,0.09370494,True,11,False,False
2021-02-09 12:00:00,A,-3.6803875,0.15264106,True,12,False,False
2021-02-09 13:00:00,A,-3.4516106,0.18520129,True,13,False,False
2021-02-09 14:00:00,A,-3.3732333,0.49429214,True,14,False,False
2021-02-09 15:00:00,A,-3.0700598,0.5031688,True,15,False,False
2021-02-09 16:00:00,A,-2.9251237,0.13473237,True,16,False,False
2021-02-09 17:00:00,A,-2.8882787,0.32471442,True,17,False,False
2021-02-09 18:00:00,A,-2.9043815,0.31772435,True,18,False,False
2021-02-09 19:00:00,A,-2.808853,0.5210755,True,19,False,False
2021-02-09 20:00:00,A,-2.6547904,0.57600284,True,20,False,False
2021-02-09 21:00:00,A,-2.3732703,0.32052982,True,21,False,False
2021-02-09 22:00:00,A,-2.404082,0.41096902,True,22,False,False
2021-02-09 23:00:00,A,-2.484821,0.58929443,True,23,False,False
2021-02-10 00:00:00,A,-2.4761796,0.44130766,True,0,False,False
2021-02-10 01:00:00,A,-2.1903293,0.5273713,True,1,False,False
2021-02-10 02:00:00,A,-2.2004728,0.7012764,True,2,False,False
2021-02-10 03:00:00,A,-2.0578265,0.66097033,True,3,False,False
2021-02-10 04:00:00,A,-2.1354747,0.84627795,True,4,False,False
2021-02-10 05:00:00,A,-1.8893073,0.73499966,True,5,False,False
2021-02-10 06:00:00,A,-2.0253873,1.2019659,True,6,False,False
2021-02-10 07:00:00,A,-1.9891443,1.1244854,True,7,False,False
2021-02-10 08:00:00,A,-1.9446716,0.70940983,True,8,False,False
2021-02-10 09:00:00,A,-1.7358968,0.80682003,True,9,False,False
2021-02-10 10:00:00,A,-1.6303668,0.7636956,True,10,False,False
2021-02-10 11:00:00,A,-1.5452433,0.9443661,True,11,False,False
2021-02-10 12:00:00,A,-1.1709197,0.8713752,True,12,False,False
2021-02-10 13:00:00,A,-0.89218444,0.752213,True,13,False,False
2021-02-10 14:00:00,A,-0.8646241,0.8551065,True,14,False,False
2021-02-10 15:00:00,A,-0.7833132,0.8502284,True,15,False,False
2021-02-10 16:00:00,A,-0.6830483,0.7939528,True,16,False,False
2021-02-10 17:00:00,A,-0.3613069,0.68140066,True,17,False,False
2021-02-10 18:00:00,A,-0.26568252,0.7985574,True,18,False,False
2021-02-10 19:00:00,A,0.0008575618,0.81488574,True,19,False,False
2021-02-10 20:00:00,A,0.012296915,0.98566544,True,20,False,False
2021-02-10 21:00:00,A,0.24831069,1.0661463,True,21,False,False
2021-02-10 22:00:00,A,0.08468595,1.4846884,True,22,False,False
2021-02-10 23:00:00,A,0.21311799,1.5681151,True,23,False,False
2021-02-11 00:00:00,A,0.3167582,1.3264388,True,0,False,False
2021-02-11 01:00:00,A,0.50671077,1.3329295,True,1,False,False
2021-02-11 02:00:00,A,0.5573144,1.4145063,True,2,False,False
2021-02-11 03:00:00,A,0.63688296,1.5070127,True,3,False,False
2021-02-11 04:00:00,A,0.95074666,1.4490854,True,4,False,False
2021-02-11 05:00:00,A,1.2479602,1.3199602,True,5,False,False
2021-02-11 06:00:00,A,1.1625495,1.5355905,True,6,False,False
2021-02-11 07:00:00,A,1.3697453,1.4564945,True,7,False,False
2021-02-11 08:00:00,A,1.3853679,1.3657426,True,8,False,False
2021-02-11 09:00:00,A,1.7376108,1.2414049,True,9,False,False
2021-02-11 10:00:00,A,1.8611808,1.4147795,True,10,False,False
2021-02-11 11:00:00,A,2.0881293,1.4368235,True,11,False,False
2021-02-11 12:00:00,A,2.1570826,1.5681587,True,12,False,False
2021-02-11 13:00:00,A,2.468342,1.7997504,True,13,False,False
2021-02-11 14:00:00,A,2.516254,2.096251,True,14,False,False
2021-02-11 15:00:00,A,2.5738232,2.1290965,True,15,False,False
2021-02-11 16:00:00,A,2.5756402,1.9550205,True,16,False,False
2021-02-11 17:00:00,A,2.826032,1.889721,True,17,False,False
2021-02-11 18:00:00,A,3.0110264,1.9147547,True,18,False,False
2021-02-11 19:00:00,A,3.0983312,2.0056167,True,19,False,False
2021-02-11 20:00:00,A,3.348907,1.9578909,True,20,False,False
2021-02-11 21:00:00,A,3.6229076,1.8976775,True,21,False,False
2021-02-11 22:00:00,A,3.5356941,2.1425314,True,22,False,False
2021-02-11 23:00:00,A,3.6787307,2.0901752,True,23,False,False
2021-02-12 00:00:00,A,3.6322124,2.1708446,False,0,False,False
2021-02-12 01:00:00,A,3.8003483,2.0956426,False,1,False,False
2021-02-12 02:00:00,A,3.9111247,2.024716,False,2,False,False
2021-02-12 03:00:00,A,4.0652194,1.8764461,False,3,False,False
2021-02-12 04:00:00,A,3.8666341,2.0426722,False,4,False,False
2021-02-12 05:00:00,A,3.8944185,2.1838765,False,5,False,False
2021-02-12 06:00:00,A,3.6798415,2.449976,False,6,False,False
2021-02-12 07:00:00,A,3.687923,2.516415,False,7,False,False
2021-02-12 08:00:00,A,3.6469023,2.4851947,False,8,False,False
2021-02-12 09:00:00,A,3.409238,2.686235,False,9,False,False
2021-02-12 10:00:00,A,3.17761,2.5137377,False,10,False,False
2021-02-12 11:00:00,A,2.8333144,2.5346103,False,11,False,False
2021-02-12 12:00:00,A,2.6996546,2.1907673,False,12,False,False
2021-02-12 13:00:00,A,2.7726586,2.0942516,False,13,False,False
2021-02-12 14:00:00,A,2.4123006,2.048901,False,14,False,False
2021-02-12 15:00:00,A,2.3124487,2.0450044,False,15,False,False
2021-02-12 16:00:00,A,2.0135374,1.9946448,False,16,False,False
2021-02-12 17:00:00,A,2.1336553,1.9854287,False,17,False,False
2021-02-12 18:00:00,A,2.1008291,1.741459,False,18,False,False
2021-02-12 19:00:00,A,2.1374612,1.5794381,False,19,False,False
2021-02-12 20:00:00,A,2.1345246,1.4156753,False,20,False,False
2021-02-12 21:00:00,A,2.0071392,1.6725689,False,21,False,False
2021-02-12 22:00:00,A,1.6978178,1.9213935,False,22,False,False
2021-02-12 23:00:00,A,1.6413469,1.7060429,False,23,False,False
2021-02-13 00:00:00,A,1.7265615,1.2160388,False,0,False,False
2021-02-13 01:00:00,A,1.4794528,1.6361209,False,1,False,False
2021-02-13 02:00:00,A,1.5699489,1.4949595,False,2,False,False
2021-02-13 03:00:00,A,1.608084,1.4118663,False,3,False,False
2021-02-13 04:00:00,A,1.5267267,1.2699126,False,4,False,False
2021-02-13 05:00:00,A,1.5778692,1.3681723,False,5,False,False
2021-02-13 06:00:00,A,1.3526986,1.4307526,False,6,False,False
2021-02-13 07:00:00,A,1.2869365,1.5078429,False,7,False,False
2021-02-13 08:00:00,A,1.1342473,1.344952,False,8,False,False
2021-02-13 09:00:00,A,1.3179283,1.2082869,False,9,False,False
2021-02-13 10:00:00,A,1.1875134,1.0404845,False,10,False,False
2021-02-13 11:00:00,A,1.044985,0.99668753,False,11,False,False
2021-02-13 12:00:00,A,1.0749733,0.7230793,False,12,False,False
2021-02-13 13:00:00,A,1.0415502,0.85551417,False,13,False,False
2021-02-13 14:00:00,A,0.7183274,1.0245754,False,14,False,False
2021-02-13 15:00:00,A,0.43214875,1.0450109,False,15,False,False
2021-02-13 16:00:00,A,0.42341927,0.72682035,False,16,False,False
2021-02-13 17:00:00,A,0.23352829,0.8049675,False,17,False,False
2021-02-13 18:00:00,A,0.2515468,0.61448205,False,18,False,False
2021-02-13 19:00:00,A,0.060740978,0.54171395,False,19,False,False
2021-02-13 20:00:00,A,-0.0225721,0.25989974,False,20,False,False
2021-02-13 21:00:00,A,-0.041967988,0.3063022,False,21,False,False
2021-02-13 22:00:00,A,-0.38021052,0.3261515,False,22,False,False
2021-02-13 23:00:00,A,-0.4595691,0.3230294,False,23,False,False
2021-02-14 00:00:00,A,-0.5433629,0.13244677,False,0,False,False
2021-02-14 01:00:00,A,-0.40364987,0.1277504,False,1,False,False
2021-02-14 02:00:00,A,-0.44410247,0.014262557,False,2,False,False
2021-02-14 03:00:00,A,-0.5458911,-0.022756577,False,3,False,False
2021-02-14 04:00:00,A,-0.42315823,-0.35162842,False,4,False,False
2021-02-14 05:00:00,A,-0.44265598,-0.21284026,False,5,False,False
2021-02-14 06:00:00,A,-0.6599298,-0.08739269,False,6,False,False
2021-02-14 07:00:00,A,-0.7729898,-0.21346617,False,7,False,False
2021-02-14 08:00:00,A,-0.78946966,-0.49464357,False,8,False,False
2021-02-14 09:00:00,A,-0.9990625,-0.29729426,False,9,False,False
2021-02-14 10:00:00,A,-0.98576754,-0.555426,False,10,False,False
2021-02-14 11:00:00,A,-1.239541,-0.590025,False,11,False,False
2021-02-14 12:00:00,A,-1.4791546,-0.68272674,False,12,False,False
2021-02-14 13:00:00,A,-1.4136152,-0.7932461,False,13,False,False
2021-02-14 14:00:00,A,-1.7168353,-0.7987686,False,14,False,False
2021-02-14 15:00:00,A,-1.9212584,-0.76102287,False,15,False,False
2021-02-14 16:00:00,A,-2.017431,-1.075738,False,16,False,False
2021-02-14 17:00:00,A,-1.9791169,-1.0156217,False,17,False,False
2021-02-14 18:00:00,A,-1.9097733,-1.2639391,False,18,False,False
2021-02-14 19:00:00,A,-2.1751893,-1.262657,False,19,False,False
2021-02-14 20:00:00,A,-2.05051,-1.6648195,False,20,False,False
2021-02-14 21:00:00,A,-1.8045859,-1.7690892,False,21,False,False
2021-02-14 22:00:00,A,-2.1379108,-1.6428127,False,22,False,False
2021-02-14 23:00:00,A,-2.238423,-1.7802908,False,23,False,False
2021-02-15 00:00:00,A,-2.2675633,-1.9345528,True,0,False,False
2021-02-15 01:00:00,A,-2.5843976,-1.6642066,True,1,False,False
2021-02-15 02:00:00,A,-2.5247037,-1.7223202,True,2,False,False
2021-02-15 03:00:00,A,-2.6872244,-1.6276727,True,3,False,False
2021-02-15 04:00:00,A,-2.8262463,-1.6487908,True,4,False,False
2021-02-15 05:00:00,A,-2.8654857,-1.4749329,True,5,False,False
2021-02-15 06:00:00,A,-2.972106,-1.379772,True,6,False,False
2021-02-15 07:00:00,A,-3.0623746,-1.219522,True,7,False,False
2021-02-15 08:00:00,A,-3.1751583,-1.3391362,True,8,True,False
2021-02-15 09:00:00,A,-2.9033053,-1.3155559,True,9,True,False
2021-02-15 10:00:00,A,-2.896411,-1.4248726,True,10,False,False
2021-02-15 11:00:00,A,-2.9370492,-1.4533076,True,11,False,False
2021-02-15 12:00:00,A,-2.8150587,-1.6756971,True,12,False,False
2021-02-15 13:00:00,A,-2.5175924,-1.7592299,True,13,False,False
2021-02-15 14:00:00,A,-2.7445922,-1.5148569,True,14,False,False
2021-02-15 15:00:00,A,-2.860342,-1.494544,True,15,False,False
2021-02-15 16:00:00,A,-2.9822671,-1.6145834,True,16,False,False
2021-02-15 17:00:00,A,-3.0185356,-1.3867851,True,17,False,False
2021-02-15 18:00:00,A,-3.0018406,-1.372328,True,18,False,False
2021-02-15 19:00:00,A,-3.0985081,-1.3591274,True,19,False,False
2021-02-15 20:00:00,A,-3.2293932,-1.3755791,True,20,False,False
2021-02-15 21:00:00,A,-3.0814328,-1.2933491,True,21,False,False
2021-02-15 22:00:00,A,-3.263301,-1.1292138,True,22,False,False
2021-02-15 23:00:00,A,-3.4927132,-1.0019861,True,23,False,False
2021-02-16 00:00:00,A,-3.4514844,-1.331172,True,0,False,False
2021-02-16 01:00:00,A,-3.2931993,-1.1660539,True,1,False,False
2021-02-16 02:00:00,A,-3.4067166,-1.1122862,True,2,False,False
2021-02-16 03:00:00,A,-3.2936745,-1.1724893,True,3,False,False
2021-02-16 04:00:00,A,-3.2437754,-1.2788333,True,4,False,False
2021-02-16 05:00:00,A,-2.9653378,-1.43607,True,5,False,False
2021-02-16 06:00:00,A,-3.3014297,-1.047971,True,6,False,False
2021-02-16 07:00:00,A,-3.3669329,-1.0401934,True,7,False,False
2021-02-16 08:00:00,A,-3.404198,-1.2092147,True,8,False,False
2021-02-16 09:00:00,A,-3.1983442,-1.0049286,True,9,True,False
2021-02-16 10:00:00,A,-2.978176,-1.0508021,True,10,True,False
2021-02-16 11:00:00,A,-2.7908516,-1.0242634,True,11,False,False
2021-02-16 12:00:00,A,-2.7003002,-0.89017624,True,12,False,False
2021-02-16 13:00:00,A,-2.1788013,-1.0172977,True,13,False,False
2021-02-16 14:00:00,A,-2.1192098,-0.8119818,True,14,False,False
2021-02-16 15:00:00,A,-2.1646767,-0.71648854,True,15,False,False
2021-02-16 16:00:00,A,-2.0393739,-0.8700857,True,16,False,False
2021-02-16 17:00:00,A,-1.6473744,-0.8431387,True,17,False,False
2021-02-16 18:00:00,A,-1.6309905,-0.7523817,True,18,False,False
2021-02-16 19:00:00,A,-1.5496798,-0.69105047,True,19,False,False
2021-02-16 20:00:00,A,-1.3270581,-0.67921007,True,20,False,False
2021-02-16 21:00:00,A,-0.8897317,-0.8407049,True,21,False,False
2021-02-16 22:00:00,A,-1.0371695,-0.6353144,True,22,False,False
2021-02-16 23:00:00,A,-1.038259,-0.538863,True,23,False,False
2021-02-17 00:00:00,A,-1.1348212,-0.5570685,True,0,False,False
2021-02-17 01:00:00,A,-1.0324771,-0.5068194,True,1,False,False
2021-02-17 02:00:00,A,-0.9809987,-0.5828617,True,2,False,False
2021-02-17 03:00:00,A,-0.9118392,-0.5745044,True,3,False,False
2021-02-17 04:00:00,A,-0.92349917,-0.54400384,True,4,False,False
2021-02-17 05:00:00,A,-0.5850815,-0.65096533,True,5,False,False
2021-02-17 06:00:00,A,-0.7296005,-0.5283536,True,6,False,False
2021-02-17 07:00:00,A,-0.8128397,-0.52800775,True,7,False,False
2021-02-17 08:00:00,A,-0.83914644,-0.52437997,True,8,True,False
2021-02-17 09:00:00,A,-0.35579944,-0.6168168,True,9,True,False
2021-02-17 10:00:00,A,-0.17173952,-0.53823185,True,10,False,False
2021-02-17 11:00:00,A,0.023870826,-0.4902056,True,11,True,False
2021-02-17 12:00:00,A,0.076759756,-0.33187705,True,12,False,False
2021-02-17 13:00:00,A,0.50765365,-0.36668712,True,13,True,False
2021-02-17 14:00:00,A,0.29248855,-0.21057844,True,14,True,False
2021-02-17 15:00:00,A,0.26946503,-0.124335885,True,15,False,False
2021-02-17 16:00:00,A,0.2641044,-0.16416466,True,16,False,False
2021-02-17 17:00:00,A,0.43339235,-0.11287272,True,17,False,False
2021-02-17 18:00:00,A,0.5560094,-0.09325397,True,18,False,False
2021-02-17 19:00:00,A,0.5964055,0.14452529,True,19,False,False
2021-02-17 20:00:00,A,0.697037,0.21292448,True,20,False,False
2021-02-17 21:00:00,A,1.1742687,0.19256377,True,21,False,False
2021-02-17 22:00:00,A,1.1606457,0.4519652,True,22,False,False
2021-02-17 23:00:00,A,1.2042058,0.4408605,True,23,False,False
2021-02-18 00:00:00,A,1.2361097,0.3858689,True,0,False,False
2021-02-18 01:00:00,A,1.3736308,0.49372947,True,1,False,False
2021-02-18 02:00:00,A,1.5562885,0.5747218,True,2,False,False
2021-02-18 03:00:00,A,1.6244667,0.6647804,True,3,False,False
2021-02-18 04:00:00,A,1.671526,0.7601043,True,4,False,False
2021-02-18 05:00:00,A,2.0351892,0.75901055,True,5,False,False
2021-02-18 06:00:00,A,1.7846532,0.98114383,True,6,False,False
2021-02-18 07:00:00,A,1.9217207,0.9044095,True,7,False,False
2021-02-18 08:00:00,A,1.826082,0.95807445,True,8,False,False
2021-02-18 09:00:00,A,2.1719387,0.9729506,True,9,False,False
2021-02-18 10:00:00,A,2.329135,1.006744,True,10,False,False
2021-02-18 11:00:00,A,2.5233178,1.2086784,True,11,False,False
2021-02-18 12:00:00,A,2.6647832,1.1653746,True,12,False,False
2021-02-18 13:00:00,A,3.0349898,1.2821277,True,13,False,False
2021-02-18 14:00:00,A,3.161775,1.3531653,True,14,False,False
2021-02-18 15:00:00,A,3.2765398,1.4438959,True,15,False,False
2021-02-18 16:00:00,A,3.1535983,1.5244423,True,16,False,False
2021-02-18 17:00:00,A,3.5172057,1.5081059,True,17,False,False
2021-02-18 18:00:00,A,3.5826094,1.7046038,True,18,False,False
2021-02-18 19:00:00,A,3.6877267,1.9343606,True,19,False,False
2021-02-18 20:00:00,A,3.6868448,2.0771785,True,20,False,False
2021-02-18 21:00:00,A,3.9942923,2.112939,True,21,False,False
2021-02-18 22:00:00,A,3.8955452,2.1891494,True,22,False,False
2021-02-18 23:00:00,A,3.9264886,2.0542622,True,23,False,False
2021-02-19 00:00:00,A,3.8749151,2.053957,False,0,False,False
2021-02-19 01:00:00,A,4.1270285,2.095491,False,1,False,False
2021-02-19 02:00:00,A,4.0932584,2.0547357,False,2,False,False
2021-02-19 03:00:00,A,4.109203,2.2723866,False,3,False,False
2021-02-19 04:00:00,A,3.9414146,2.4145632,False,4,False,False
2021-02-19 05:00:00,A,4.0742393,2.4069633,False,5,False,False
2021-02-19 06:00:00,A,3.927145,2.840331,False,6,False,False
2021-02-19 07:00:00,A,3.8686981,2.8093257,False,7,False,False
2021-02-19 08:00:00,A,3.6676645,2.576518,False,8,False,False
2021-02-19 09:00:00,A,3.668594,2.448008,False,9,False,False
2021-02-19 10:00:00,A,3.4692912,2.3343534,False,10,False,False
2021-02-19 11:00:00,A,3.3767385,2.1742969,False,11,False,False
2021-02-19 12:00:00,A,3.0500727,1.9389352,False,12,False,False
2021-02-19 13:00:00,A,3.1099923,1.9776298,False,13,False,False
2021-02-19 14:00:00,A,2.6943986,1.9853455,False,14,False,False
2021-02-19 15:00:00,A,2.556851,1.7664717,False,15,False,False
2021-02-19 16:00:00,A,2.3299646,1.7223161,False,16,False,False
2021-02-19 17:00:00,A,2.404473,1.8882834,False,17,False,False
2021-02-19 18:00:00,A,2.272685,1.6918889,False,18,False,False
2021-02-19 19:00:00,A,2.3127713,1.678681,False,19,False,False
2021-02-19 20:00:00,A,2.1396163,1.5666028,False,20,False,False
2021-02-19 21:00:00,A,2.3017695,1.4210309,False,21,False,False
2021-02-19 22:00:00,A,2.0526888,1.4747101,False,22,False,False
2021-02-19 23:00:00,A,2.1563947,1.3478895,False,23,False,False
2021-02-20 00:00:00,A,1.8637104,1.2449154,False,0,False,False
2021-02-20 01:00:00,A,2.0990577,1.0702025,False,1,False,False
2021-02-20 02:00:00,A,2.0200737,1.0971428,False,2,False,False
2021-02-20 03:00:00,A,1.9667747,1.0914212,False,3,False,False
2021-02-20 04:00:00,A,1.8272161,1.063912,False,4,False,False
2021-02-20 05:00:00,A,1.9411328,1.2319032,False,5,False,False
2021-02-20 06:00:00,A,1.738251,1.2467467,False,6,False,False
2021-02-20 07:00:00,A,1.766861,1.0583464,False,7,False,False
2021-02-20 08:00:00,A,1.6958945,0.82780087,False,8,False,False
2021-02-20 09:00:00,A,1.8148367,0.63439095,False,9,False,False
2021-02-20 10:00:00,A,1.5959818,0.6408113,False,10,False,False
2021-02-20 11:00:00,A,1.6399269,0.5825881,False,11,False,False
2021-02-20 12:00:00,A,1.4148843,0.397586,False,12,False,False
2021-02-20 13:00:00,A,1.4921522,0.3672347,False,13,False,False
2021-02-20 14:00:00,A,1.2070539,0.4996369,False,14,False,False
2021-02-20 15:00:00,A,1.1189251,0.40946198,False,15,False,False
2021-02-20 16:00:00,A,0.8751024,0.351668,False,16,False,False
2021-02-20 17:00:00,A,0.95285225,0.1721245,False,17,False,False
2021-02-20 18:00:00,A,0.86630285,-0.004035473,False,18,False,False
2021-02-20 19:00:00,A,0.7323333,-0.11326194,False,19,False,False
2021-02-20 20:00:00,A,0.5877467,-0.24509525,False,20,False,False
2021-02-20 21:00:00,A,0.5723173,-0.29904985,False,21,False,False
2021-02-20 22:00:00,A,0.33212364,-0.25101686,False,22,False,False
2021-02-20 23:00:00,A,0.36411414,-0.42067772,False,23,False,False
2021-02-21 00:00:00,A,0.18513393,-0.50029707,False,0,False,False
2021-02-21 01:00:00,A,0.3638435,-0.5916542,False,1,False,False
2021-02-21 02:00:00,A,0.19195926,-0.6147556,False,2,False,False
2021-02-21 03:00:00,A,0.20452794,-0.6237503,False,3,False,False
2021-02-21 04:00:00,A,0.02930063,-0.81528485,False,4,False,False
2021-02-21 05:00:00,A,0.09496683,-0.88483715,False,5,False,False
2021-02-21 06:00:00,A,-0.1471842,-0.74693465,False,6,False,False
2021-02-21 07:00:00,A,-0.21989757,-0.7597668,False,7,False,False
2021-02-21 08:00:00,A,-0.46598107,-0.8304741,False,8,False,False
2021-02-21 09:00:00,A,-0.31041366,-0.99808925,False,9,False,False
2021-02-21 10:00:00,A,-0.37391502,-1.1845108,False,10,False,False
2021-02-21 11:00:00,A,-0.53578573,-1.2910361,False,11,False,False
2021-02-21 12:00:00,A,-0.67993957,-1.410816,False,12,False,False
2021-02-21 13:00:00,A,-0.6416132,-1.5243387,False,13,False,False
2021-02-21 14:00:00,A,-0.8761739,-1.4750526,False,14,False,False
2021-02-21 15:00:00,A,-0.9365421,-1.6129464,False,15,False,False
2021-02-21 16:00:00,A,-1.0423477,-1.8273244,False,16,False,False
2021-02-21 17:00:00,A,-1.1126635,-1.8843172,False,17,False,False
2021-02-21 18:00:00,A,-1.1235526,-2.075088,False,18,False,False
2021-02-21 19:00:00,A,-1.1775298,-2.1790972,False,19,False,False
2021-02-21 20:00:00,A,-1.4252689,-2.3239942,False,20,False,False
2021-02-21 21:00:00,A,-1.3627615,-2.3947177,False,21,False,False
2021-02-21 22:00:00,A,-1.5906353,-2.394638,False,22,False,False
2021-02-21 23:00:00,A,-1.6852999,-2.448894,False,23,False,False
2021-02-22 00:00:00,A,-1.9535174,-2.4334326,True,0,False,False
2021-02-22 01:00:00,A,-1.7837524,-2.497294,True,1,False,False
2021-02-22 02:00:00,A,-1.7373989,-2.4701452,True,2,False,False
2021-02-22 03:00:00,A,-1.835701,-2.4699273,True,3,False,False
2021-02-22 04:00:00,A,-1.8596075,-2.466864,True,4,False,False
2021-02-22 05:00:00,A,-1.8079491,-2.355163,True,5,False,False
2021-02-22 06:00:00,A,-1.9698637,-2.2815151,True,6,False,False
2021-02-22 07:00:00,A,-1.9205444,-2.2643924,True,7,False,False
2021-02-22 08:00:00,A,-1.9197898,-2.328648,True,8,False,False
2021-02-22 09:00:00,A,-1.890259,-2.2852688,True,9,False,False
2021-02-22 10:00:00,A,-1.7588363,-2.420323,True,10,True,False
2021-02-22 11:00:00,A,-1.7601378,-2.4352539,True,11,False,False
2021-02-22 12:00:00,A,-1.8936117,-2.4089518,True,12,False,False
2021-02-22 13:00:00,A,-1.7293572,-2.45301,True,13,False,False
2021-02-22 14:00:00,A,-1.8232846,-2.425048,True,14,False,False
2021-02-22 15:00:00,A,-2.0019836,-2.3957658,True,15,False,False
2021-02-22 16:00:00,A,-2.2327862,-2.388855,True,16,False,False
2021-02-22 17:00:00,A,-1.8961637,-2.5030758,True,17,False,False
2021-02-22 18:00:00,A,-1.8540277,-2.5048056,True,18,False,False
2021-02-22 19:00:00,A,-1.9387536,-2.576414,True,19,False,False
2021-02-22 20:00:00,A,-2.0905156,-2.5452538,True,20,False,False
2021-02-22 21:00:00,A,-1.965306,-2.4613178,True,21,False,False
2021-02-22 22:00:00,A,-2.149005,-2.3712482,True,22,False,False
2021-02-22 23:00:00,A,-2.1710782,-2.3550425,True,23,False,False
2021-02-23 00:00:00,A,-2.2018716,-2.3541443,True,0,False,False
2021-02-23 01:00:00,A,-2.1813765,-2.275034,True,1,False,False
2021-02-23 02:00:00,A,-1.9760427,-2.39788,True,2,False,False
2021-02-23 03:00:00,A,-1.9841173,-2.377437,True,3,False,False
2021-02-23 04:00:00,A,-2.051924,-2.349241,True,4,False,False
2021-02-23 05:00:00,A,-1.8355417,-2.3899097,True,5,False,False
2021-02-23 06:00:00,A,-2.0951734,-2.2744336,True,6,False,False
2021-02-23 07:00:00,A,-2.2087111,-2.3005161,True,7,False,False
2021-02-23 08:00:00,A,-2.347591,-2.226869,True,8,False,False
2021-02-23 09:00:00,A,-1.9271443,-2.2337065,True,9,False,False
2021-02-23 10:00:00,A,-1.8171644,-2.1429796,True,10,False,False
2021-02-23 11:00:00,A,-1.6929348,-2.0864184,True,11,False,False
2021-02-23 12:00:00,A,-1.5490489,-1.9796987,True,12,False,False
2021-02-23 13:00:00,A,-1.4154911,-1.640587,True,13,False,False
2021-02-23 14:00:00,A,-1.3446949,-1.5561094,True,14,False,False
2021-02-23 15:00:00,A,-1.195394,-1.5765073,True,15,False,False
2021-02-23 16:00:00,A,-1.1192102,-1.6102905,True,16,False,False
2021-02-23 17:00:00,A,-1.0724101,-1.4650582,True,17,False,False
2021-02-23 18:00:00,A,-0.82926255,-1.5197558,True,18,False,False
2021-02-23 19:00:00,A,-0.69482845,-1.4080889,True,19,False,False
2021-02-23 20:00:00,A,-0.5696264,-1.3968097,True,20,False,False
2021-02-23 21:00:00,A,-0.32653219,-1.3097051,True,21,False,False
2021-02-23 22:00:00,A,-0.46640366,-1.2358568,True,22,False,False
2021-02-23 23:00:00,A,-0.47741157,-1.2434626,True,23,False,False
2021-02-24 00:00:00,A,-0.5529377,-1.1528337,True,0,False,False
2021-02-24 01:00:00,A,-0.3087805,-1.2369877,True,1,False,False
2021-02-24 02:00:00,A,-0.2485727,-1.226973,True,2,False,False
2021-02-24 03:00:00,A,-0.26175743,-1.2211888,True,3,False,False
2021-02-24 04:00:00,A,-0.3170011,-1.1915394,True,4,False,False
2021-02-24 05:00:00,A,-0.1970743,-1.0617155,True,5,False,False
2021-02-24 06:00:00,A,-0.3488258,-0.98115754,True,6,False,False
2021-02-24 07:00:00,A,-0.3610955,-1.0064988,True,7,False,False
2021-02-24 08:00:00,A,-0.35380203,-1.0189791,True,8,True,False
2021-02-24 09:00:00,A,-0.095380306,-0.90913963,True,9,False,False
2021-02-24 10:00:00,A,0.11124781,-0.9218423,True,10,False,False
2021-02-24 11:00:00,A,0.2857728,-0.8400325,True,11,False,False
2021-02-24 12:00:00,A,0.45358616,-0.7758877,True,12,False,False
2021-02-24 13:00:00,A,0.71594274,-0.66566825,True,13,True,False
2021-02-24 14:00:00,A,0.7203765,-0.59618133,True,14,False,False
2021-02-24 15:00:00,A,0.81624734,-0.64710885,True,15,False,False
2021-02-24 16:00:00,A,0.68178,-0.53860426,True,16,False,False
2021-02-24 17:00:00,A,1.0138992,-0.588956,True,17,False,False
2021-02-24 18:00:00,A,1.1040192,-0.56240994,True,18,False,False
2021-02-24 19:00:00,A,1.2320194,-0.45881045,True,19,False,False
2021-02-24 20:00:00,A,1.1923898,-0.30388653,True,20,False,False
2021-02-24 21:00:00,A,1.4742701,-0.13777947,True,21,False,False
2021-02-24 22:00:00,A,1.341629,0.054242253,True,22,False,False
2021-02-24 23:00:00,A,1.3283824,0.03611219,True,23,False,False
2021-02-25 00:00:00,A,1.3608749,0.047378898,True,0,False,False
2021-02-25 01:00:00,A,1.5811636,0.11984515,True,1,False,False
2021-02-25 02:00:00,A,1.6535592,0.15585434,True,2,False,False
2021-02-25 03:00:00,A,1.8862493,0.16111171,True,3,False,False
2021-02-25 04:00:00,A,1.9832401,0.19910228,True,4,False,False
2021-02-25 05:00:00,A,2.2153392,0.33350432,True,5,False,False
2021-02-25 06:00:00,A,2.2079656,0.44573367,True,6,False,False
2021-02-25 07:00:00,A,2.308376,0.4241234,True,7,False,False
2021-02-25 08:00:00,A,2.2328608,0.51346254,True,8,False,False
2021-02-25 09:00:00,A,2.5831158,0.5168158,True,9,False,False
2021-02-25 10:00:00,A,2.6378655,0.6175767,True,10,False,False
2021-02-25 11:00:00,A,2.79848,0.6549839,True,11,False,False
2021-02-25 12:00:00,A,2.7870789,0.75162566,True,12,False,False
2021-02-25 13:00:00,A,3.0990365,0.9337579,True,13,False,False
2021-02-25 14:00:00,A,3.0406733,1.0835258,True,14,False,False
2021-02-25 15:00:00,A,3.1247883,1.0887376,True,15,False,False
2021-02-25 16:00:00,A,3.065508,1.2077183,True,16,False,False
2021-02-25 17:00:00,A,3.396903,1.2349981,True,17,False,False
2021-02-25 18:00:00,A,3.4324903,1.292205,True,18,False,False
2021-02-25 19:00:00,A,3.6774473,1.3592016,True,19,False,False
2021-02-25 20:00:00,A,3.733172,1.5304707,True,20,False,False
2021-02-25 21:00:00,A,3.9613104,1.6702708,True,21,False,False
2021-02-25 22:00:00,A,3.908504,1.8536593,True,22,False,False
2021-02-25 23:00:00,A,4.0325856,1.7473775,True,23,False,False
2021-02-26 00:00:00,A,4.010773,1.7994181,False,0,False,False
2021-02-26 01:00:00,A,4.1920824,1.7383815,False,1,False,False
2021-02-26 02:00:00,A,4.158774,1.7319847,False,2,False,False
2021-02-26 03:00:00,A,4.2060523,1.6991986,False,3,False,False
2021-02-26 04:00:00,A,3.9285746,1.7969304,False,4,False,False
2021-02-26 05:00:00,A,4.1535106,1.8616115,False,5,False,False
2021-02-26 06:00:00,A,4.003544,1.9815129,False,6,False,False
2021-02-26 07:00:00,A,4.030017,1.8626379,False,7,False,False
2021-02-26 08:00:00,A,3.7628138,1.8864142,False,8,False,False
2021-02-26 09:00:00,A,3.9077528,1.8151284,False,9,False,False
2021-02-26 10:00:00,A,3.650681,1.7041475,False,10,False,False
2021-02-26 11:00:00,A,3.6121645,1.507981,False,11,False,False
2021-02-26 12:00:00,A,3.3246095,1.3116316,False,12,False,False
2021-02-26 13:00:00,A,3.327224,1.2927569,False,13,False,False
2021-02-26 14:00:00,A,2.9620852,1.364329,False,14,False,False
2021-02-26 15:00:00,A,2.8688035,1.2837216,False,15,False,False
2021-02-26 16:00:00,A,2.5742068,1.2246104,False,16,False,False
2021-02-26 17:00:00,A,2.8268383,1.0402278,False,17,False,False
2021-02-26 18:00:00,A,2.7954216,0.9791311,False,18,False,False
2021-02-26 19:00:00,A,2.762614,0.81726,False,19,False,False
2021-02-26 20:00:00,A,2.5486789,0.71057236,False,20,False,False
2021-02-26 21:00:00,A,2.664233,0.7403351,False,21,False,False
2021-02-26 22:00:00,A,2.4517703,0.72410893,False,22,False,False
2021-02-26 23:00:00,A,2.3880103,0.5770217,False,23,False,False
2021-02-27 00:00:00,A,2.2560358,0.54189,False,0,False,False
2021-02-27 01:00:00,A,2.4039624,0.5743135,False,1,False,False
2021-02-27 02:00:00,A,2.2689323,0.5691868,False,2,False,False
2021-02-27 03:00:00,A,2.3824513,0.45537436,False,3,False,False
2021-02-27 04:00:00,A,2.2844536,0.33628476,False,4,False,False
2021-02-27 05:00:00,A,2.3435695,0.48690653,False,5,False,False
2021-02-27 06:00:00,A,2.1262348,0.633186,False,6,False,False
2021-02-27 07:00:00,A,2.1558628,0.63697064,False,7,False,False
2021-02-27 08:00:00,A,1.9424808,0.53523993,False,8,False,False
2021-02-27 09:00:00,A,2.080484,0.29599786,False,9,False,False
2021-02-27 10:00:00,A,2.0135918,0.22541869,False,10,False,False
2021-02-27 11:00:00,A,1.9560084,0.061653376,False,11,False,False
2021-02-27 12:00:00,A,1.7181258,-0.056909442,False,12,False,False
2021-02-27 13:00:00,A,1.7974908,-0.05418122,False,13,False,False
2021-02-27 14:00:00,A,1.5465786,-0.09322488,False,14,False,False
2021-02-27 15:00:00,A,1.4618239,-0.24506617,False,15,False,False
2021-02-27 16:00:00,A,1.2351964,-0.22732514,False,16,False,False
2021-02-27 17:00:00,A,1.3606815,-0.31923604,False,17,False,False
2021-02-27 18:00:00,A,1.211324,-0.43218982,False,18,False,False
2021-02-27 19:00:00,A,1.1892016,-0.63725495,False,19,False,False
2021-02-27 20:00:00,A,1.0137739,-0.8312809,False,20,False,False
2021-02-27 21:00:00,A,0.9867816,-0.74501705,False,21,False,False
2021-02-27 22:00:00,A,0.72135854,-0.6646899,False,22,False,False
2021-02-27 23:00:00,A,0.6890595,-0.7338291,False,23,False,False
2021-02-28 00:00:00,A,0.5015925,-0.8257045,False,0,False,False
2021-02-28 01:00:00,A,0.6591615,-0.97581553,False,1,False,False
2021-02-28 02:00:00,A,0.587648,-1.0023469,False,2,False,False
2021-02-28 03:00:00,A,0.5370487,-1.1200539,False,3,False,False
2021-02-28 04:00:00,A,0.3658718,-1.2090869,False,4,False,False
2021-02-28 05:00:00,A,0.3896579,-1.1968398,False,5,False,False
2021-02-28 06:00:00,A,0.18739083,-1.2386298,False,6,False,False
2021-02-28 07:00:00,A,0.11445078,-1.355129,False,7,False,False
2021-02-28 08:00:00,A,-0.10164201,-1.3749013,False,8,False,False
2021-02-28 09:00:00,A,-0.02097565,-1.4766817,False,9,False,False
2021-02-28 10:00:00,A,-0.121641815,-1.5800745,False,10,False,False
2021-02-28 11:00:00,A,-0.20743197,-1.7904162,False,11,False,False
2021-02-28 12:00:00,A,-0.40598196,-1.9552913,False,12,False,False
2021-02-28 13:00:00,A,-0.34758592,-1.9277954,False,13,False,False
2021-02-28 14:00:00,A,-0.64983314,-1.8897165,False,14,False,False
2021-02-28 15:00:00,A,-0.73994094,-1.9671378,False,15,False,False
2021-02-28 16:00:00,A,-0.9466135,-2.1484776,False,16,False,False
2021-02-28 17:00:00,A,-0.86986464,-2.2615108,False,17,False,False
2021-02-28 18:00:00,A,-0.92400426,-2.358736,False,18,False,False
2021-02-28 19:00:00,A,-0.997745,-2.5180364,False,19,False,False
2021-02-28 20:00:00,A,-1.1555114,-2.602209,False,20,False,False
2021-02-28 21:00:00,A,-1.1137509,-2.61524,False,21,False,False
2021-02-28 22:00:00,A,-1.4009278,-2.7026591,False,22,False,False
2021-02-28 23:00:00,A,-1.483084,-2.7867227,False,23,False,False
2021-03-01 00:00:00,A,-1.677211,-2.801571,True,0,False,False
2021-03-01 01:00:00,A,-1.643245,-2.686421,True,1,False,False
2021-03-01 02:00:00,A,-1.6579242,-2.6630607,True,2,False,False
2021-03-01 03:00:00,A,-1.6847067,-2.715125,True,3,False,False
2021-03-01 04:00:00,A,-1.7403209,-2.6843164,True,4,False,False
2021-03-01 05:00:00,A,-1.7359266,-2.4215336,True,5,False,False
2021-03-01 06:00:00,A,-1.865768,-2.4084196,True,6,False,False
2021-03-01 07:00:00,A,-1.7788348,-2.4851484,True,7,False,False
2021-03-01 08:00:00,A,-1.7989826,-2.6284819,True,8,True,False
2021-03-01 09:00:00,A,-1.6138582,-2.6758952,True,9,False,False
2021-03-01 10:00:00,A,-1.6053262,-2.6976635,True,10,True,False
2021-03-01 11:00:00,A,-1.530853,-2.7973645,True,11,False,False
2021-03-01 12:00:00,A,-1.5624995,-2.7346816,True,12,False,False
2021-03-01 13:00:00,A,-1.4644523,-2.6388955,True,13,False,False
2021-03-01 14:00:00,A,-1.586559,-2.694972,True,14,False,False
2021-03-01 15:00:00,A,-1.6774864,-2.71441,True,15,False,False
2021-03-01 16:00:00,A,-1.817411,-2.721665,True,16,False,False
2021-03-01 17:00:00,A,-1.7528815,-2.6674447,True,17,False,False
2021-03-01 18:00:00,A,-1.670814,-2.737699,True,18,False,False
2021-03-01 19:00:00,A,-1.793632,-2.7745423,True,19,False,False
2021-03-01 20:00:00,A,-1.7893186,-2.8452644,True,20,False,False
2021-03-01 21:00:00,A,-1.6897669,-2.6920257,True,21,False,False
2021-03-01 22:00:00,A,-1.844666,-2.6385868,True,22,False,False
2021-03-01 23:00:00,A,-1.7971578,-2.6343565,True,23,False,False
2021-03-02 00:00:00,A,-1.8046336,-2.7735767,True,0,False,False
2021-03-02 01:00:00,A,-1.7247925,-2.7181454,True,1,False,False
2021-03-02 02:00:00,A,-1.6779232,-2.7411609,True,2,False,False
2021-03-02 03:00:00,A,-1.5726321,-2.7984655,True,3,False,False
2021-03-02 04:00:00,A,-1.6292431,-2.7182846,True,4,False,False
2021-03-02 05:00:00,A,-1.5524077,-2.685884,True,5,False,False
2021-03-02 06:00:00,A,-1.6598725,-2.7260318,True,6,False,False
2021-03-02 07:00:00,A,-1.736023,-2.7747726,True,7,False,False
2021-03-02 08:00:00,A,-1.8975418,-2.7821717,True,8,False,False
2021-03-02 09:00:00,A,-1.6815133,-2.6668072,True,9,False,False
2021-03-02 10:00:00,A,-1.5247831,-2.6768794,True,10,True,False
2021-03-02 11:00:00,A,-1.4332979,-2.5817919,True,11,False,False
2021-03-02 12:00:00,A,-1.2889769,-2.4981701,True,12,False,False
2021-03-02 13:00:00,A,-1.0809691,-2.281186,True,13,True,False
2021-03-02 14:00:00,A,-1.0477233,-2.1088653,True,14,False,False
2021-03-02 15:00:00,A,-0.94502443,-2.0481272,True,15,False,False
2021-03-02 16:00:00,A,-0.84678906,-2.1263332,True,16,False,False
2021-03-02 17:00:00,A,-0.66584426,-2.0728831,True,17,False,False
2021-03-02 18:00:00,A,-0.55033976,-1.9688556,True,18,False,False
2021-03-02 19:00:00,A,-0.3822537,-1.8848038,True,19,False,False
2021-03-02 20:00:00,A,-0.38827682,-1.7435389,True,20,False,False
2021-03-02 21:00:00,A,-0.25936186,-1.6258143,True,21,False,False
2021-03-02 22:00:00,A,-0.31451523,-1.5427493,True,22,False,False
2021-03-02 23:00:00,A,-0.30821055,-1.593777,True,23,False,False
2021-03-03 00:00:00,A,-0.4097448,-1.6565311,True,0,False,False
2021-03-03 01:00:00,A,-0.30425155,-1.561894,True,1,False,False
2021-03-03 02:00:00,A,-0.20760328,-1.6415262,True,2,False,False
2021-03-03 03:00:00,A,-0.19210654,-1.6403861,True,3,False,False
2021-03-03 04:00:00,A,-0.22442955,-1.6537616,True,4,False,False
2021-03-03 05:00:00,A,-0.09633356,-1.5743523,True,5,False,False
2021-03-03 06:00:00,A,-0.18326718,-1.5093879,True,6,False,False
2021-03-03 07:00:00,A,-0.15109545,-1.5285664,True,7,False,False
2021-03-03 08:00:00,A,-0.19076288,-1.6326617,True,8,False,False
2021-03-03 09:00:00,A,0.0924778,-1.5748729,True,9,False,False
2021-03-03 10:00:00,A,0.17288679,-1.4898952,True,10,False,False
2021-03-03 11:00:00,A,0.36394298,-1.3935529,True,11,False,False
2021-03-03 12:00:00,A,0.45278746,-1.3314406,True,12,False,False
2021-03-03 13:00:00,A,0.5767259,-1.144824,True,13,False,False
2021-03-03 14:00:00,A,0.58309746,-0.9538341,True,14,False,False
2021-03-03 15:00:00,A,0.6140546,-0.9851439,True,15,False,False
2021-03-03 16:00:00,A,0.52806085,-0.9801266,True,16,False,False
2021-03-03 17:00:00,A,0.66238,-0.8944831,True,17,False,False
2021-03-03 18:00:00,A,0.7880385,-0.85683584,True,18,False,False
2021-03-03 19:00:00,A,0.94082475,-0.78700423,True,19,False,False
2021-03-03 20:00:00,A,1.0391856,-0.626778,True,20,False,False
2021-03-03 21:00:00,A,1.1965675,-0.56726384,True,21,False,False
2021-03-03 22:00:00,A,1.2272284,-0.46407866,True,22,False,False
2021-03-03 23:00:00,A,1.2699707,-0.4617644,True,23,False,False
2021-03-04 00:00:00,A,1.2489934,-0.48325986,True,0,False,False
2021-03-04 01:00:00,A,1.4871097,-0.36910963,True,1,False,False
2021-03-04 02:00:00,A,1.529537,-0.33880186,True,2,False,False
2021-03-04 03:00:00,A,1.6937487,-0.29850054,True,3,False,False
2021-03-04 04:00:00,A,1.7462957,-0.22918409,True,4,False,False
2021-03-04 05:00:00,A,1.9121542,-0.1441971,True,5,False,False
2021-03-04 06:00:00,A,1.9011922,0.013274193,True,6,False,False
2021-03-04 07:00:00,A,1.9414582,-0.07517874,True,7,False,False
2021-03-04 08:00:00,A,1.8147764,-0.045978904,True,8,False,False
2021-03-04 09:00:00,A,2.0300102,0.013939381,True,9,False,False
2021-03-04 10:00:00,A,2.107513,0.046509504,True,10,False,False
2021-03-04 11:00:00,A,2.3446202,0.06536853,True,11,False,False
2021-03-04 12:00:00,A,2.3803415,0.25362468,True,12,False,False
2021-03-04 13:00:00,A,2.5749137,0.35796797,True,13,False,False
2021-03-04 14:00:00,A,2.6179924,0.5846604,True,14,False,False
2021-03-04 15:00:00,A,2.69488,0.5059508,True,15,False,False
2021-03-04 16:00:00,A,2.592226,0.58723867,True,16,False,False
2021-03-04 17:00:00,A,2.8354971,0.78451526,True,17,False,False
2021-03-04 18:00:00,A,2.8808057,0.8366362,True,18,False,False
2021-03-04 19:00:00,A,3.0740626,0.88021576,True,19,False,False
2021-03-04 20:00:00,A,3.1829636,0.8861445,True,20,False,False
2021-03-04 21:00:00,A,3.3235068,1.0164031,True,21,False,False
2021-03-04 22:00:00,A,3.2814894,1.2845491,True,22,False,False
2021-03-04 23:00:00,A,3.2724879,1.1596228,True,23,False,False
2021-03-05 00:00:00,A,3.142866,1.2397081,False,0,False,False
2021-03-05 01:00:00,A,3.8087554,1.5139393,False,1,False,False
2021-03-05 02:00:00,A,3.7634735,1.8620294,False,2,False,False
2021-03-05 03:00:00,A,3.78687,1.752551,False,3,False,False
2021-03-05 04:00:00,A,3.4754763,1.987671,False,4,False,False
2021-03-05 05:00:00,A,3.2702236,2.4224658,False,5,False,False
2021-03-05 06:00:00,A,2.7546287,2.7902083,False,6,False,False
2021-03-05 07:00:00,A,3.0958126,2.5235186,False,7,False,False
2021-03-05 08:00:00,A,2.3576384,2.7348056,False,8,False,False
2021-03-05 09:00:00,A,2.4489746,2.5897694,False,9,False,False
2021-03-05 10:00:00,A,2.349647,2.4129157,False,10,False,False
2021-03-05 11:00:00,A,2.3560002,2.194252,False,11,False,False
2021-03-05 12:00:00,A,2.0098207,1.9938468,False,12,False,False
2021-03-05 13:00:00,A,2.0512092,1.8938459,False,13,False,False
2021-03-05 14:00:00,A,1.8442485,1.9092425,False,14,False,False
2021-03-05 15:00:00,A,1.8029912,1.63633,False,15,False,False
2021-03-05 16:00:00,A,1.464994,1.4525222,False,16,False,False
2021-03-05 17:00:00,A,1.6487951,1.3086725,False,17,False,False
2021-03-05 18:00:00,A,1.8088176,1.0426933,False,18,False,False
2021-03-05 19:00:00,A,1.7648625,0.7274314,False,19,False,False
2021-03-05 20:00:00,A,1.4732783,0.989956,False,20,False,False
2021-03-05 21:00:00,A,1.49505,1.1273564,False,21,False,False
2021-03-05 22:00:00,A,1.1117582,1.3270406,False,22,False,False
2021-03-05 23:00:00,A,1.4063559,1.1836964,False,23,False,False
2021-03-06 00:00:00,A,0.82310843,1.0212709,False,0,False,False
2021-03-06 01:00:00,A,1.0537052,0.94276917,False,1,False,False
2021-03-06 02:00:00,A,1.2234294,0.73257613,False,2,False,False
2021-03-06 03:00:00,A,1.3044051,0.8924805,False,3,False,False
2021-03-06 04:00:00,A,1.0191803,0.8390182,False,4,False,False
2021-03-06 05:00:00,A,1.0128388,0.9775735,False,5,False,False
2021-03-06 06:00:00,A,0.9620647,1.0261415,False,6,False,False
2021-03-06 07:00:00,A,0.86715066,0.97006834,False,7,False,False
2021-03-06 08:00:00,A,0.66810983,0.70167613,False,8,False,False
2021-03-06 09:00:00,A,0.6546338,0.46382368,False,9,False,False
2021-03-06 10:00:00,A,0.77085274,0.16842115,False,10,False,False
2021-03-06 11:00:00,A,0.6888868,-0.12629318,False,11,False,False
2021-03-06 12:00:00,A,0.6273147,-0.129619,False,12,False,False
2021-03-06 13:00:00,A,0.8777352,-0.17016625,False,13,False,False
2021-03-06 14:00:00,A,0.73644876,-0.09428775,False,14,False,False
2021-03-06 15:00:00,A,0.8012324,-0.21367502,False,15,False,False
2021-03-06 16:00:00,A,0.41391367,-0.25966352,False,16,False,False
2021-03-06 17:00:00,A,0.28453267,-0.18892783,False,17,False,False
2021-03-06 18:00:00,A,0.37733084,-0.3490671,False,18,False,False
2021-03-06 19:00:00,A,0.37110996,-0.32634544,False,19,False,False
2021-03-06 20:00:00,A,0.052957207,-0.39185256,False,20,False,False
2021-03-06 21:00:00,A,-0.089959085,-0.2889998,False,21,False,False
2021-03-06 22:00:00,A,-0.1653251,-0.24867004,False,22,False,False
2021-03-06 23:00:00,A,-0.27484554,-0.3040359,False,23,False,False
2021-03-07 00:00:00,A,-0.64361614,-0.570028,True,0,False,False
2021-03-07 01:00:00,A,-0.7551531,-0.715792,True,1,False,False
2021-03-07 02:00:00,A,-0.61553425,-1.0675344,True,2,False,False
2021-03-07 03:00:00,A,-0.7076697,-1.223102,True,3,False,False
2021-03-07 04:00:00,A,-0.7114304,-1.1970798,True,4,False,False
2021-03-07 05:00:00,A,-0.49893123,-1.1937181,True,5,False,False
2021-03-07 06:00:00,A,-0.590965,-1.1847444,True,6,False,False
2021-03-07 07:00:00,A,-0.58108205,-1.1940073,True,7,False,False
2021-03-07 08:00:00,A,-1.2944398,-0.80308366,True,8,False,False
2021-03-07 09:00:00,A,-1.2914875,-0.8547349,True,9,False,False
2021-03-07 10:00:00,A,-1.2200079,-0.6953622,True,10,False,False
2021-03-07 11:00:00,A,-1.0570524,-0.534422,True,11,False,False
2021-03-07 12:00:00,A,-1.3096988,-0.4011057,True,12,False,False
2021-03-07 13:00:00,A,-1.3510318,-0.29034978,True,13,False,False
2021-03-07 14:00:00,A,-1.4127066,-0.26707125,True,14,False,False
2021-03-07 15:00:00,A,-1.6093225,-0.2585554,True,15,False,False
2021-03-07 16:00:00,A,-2.0191324,-0.36278266,True,16,False,False
2021-03-07 17:00:00,A,-2.2564442,-0.633656,True,17,False,False
2021-03-07 18:00:00,A,-1.8059196,-1.0767807,True,18,False,False
2021-03-07 19:00:00,A,-1.8212538,-1.2025445,True,19,False,False
2021-03-07 20:00:00,A,-1.9801259,-1.0799696,True,20,False,False
2021-03-07 21:00:00,A,-2.22198,-0.88147277,True,21,False,False
2021-03-07 22:00:00,A,-1.7780652,-1.0203409,True,22,False,False
2021-03-07 23:00:00,A,-1.686976,-0.94784963,True,23,False,False
2021-03-08 00:00:00,A,-1.6693277,-0.88138044,True,0,False,False
2021-03-08 01:00:00,A,-1.666156,-0.86613834,True,1,False,False
2021-03-08 02:00:00,A,-1.3728235,-0.61819583,True,2,False,False
2021-03-08 03:00:00,A,-1.2037704,-0.5016442,True,3,False,False
2021-03-08 04:00:00,A,-1.6216116,-0.17444581,True,4,False,False
2021-03-08 05:00:00,A,-1.5654211,-0.17361754,True,5,False,False
2021-03-08 06:00:00,A,-1.5931282,-0.14687335,True,6,False,False
2021-03-08 07:00:00,A,-1.6852965,-0.14522874,True,7,False,False
2021-03-08 08:00:00,A,-2.425517,-0.08964658,True,8,False,False
2021-03-08 09:00:00,A,-2.5018775,-0.4032325,True,9,False,False
2021-03-08 10:00:00,A,-2.1522737,-0.69433904,True,10,False,False
2021-03-08 11:00:00,A,-2.3025742,-0.8566315,True,11,False,False
2021-03-08 12:00:00,A,-2.3448012,-0.70659804,True,12,False,False
2021-03-08 13:00:00,A,-2.8426552,-0.55332065,True,13,False,False
2021-03-08 14:00:00,A,-2.3194711,-0.48200446,True,14,False,False
2021-03-08 15:00:00,A,-2.820053,-0.41165859,True,15,False,False
2021-03-08 16:00:00,A,-2.501908,-0.30643952,True,16,False,False
2021-03-08 17:00:00,A,-2.03108,-0.3152777,True,17,False,False
2021-03-08 18:00:00,A,-2.0596576,0.0776124,True,18,False,False
2021-03-08 19:00:00,A,-1.9887862,0.109161496,True,19,False,False
2021-03-08 20:00:00,A,-2.4348931,0.3267349,True,20,False,False
2021-03-08 21:00:00,A,-2.2374573,0.29989076,True,21,False,False
2021-03-08 22:00:00,A,-2.098929,0.36245382,True,22,False,False
2021-03-08 23:00:00,A,-2.0638883,0.35213292,True,23,False,False
2021-03-09 00:00:00,A,-2.5046096,0.18929994,True,0,False,False
2021-03-09 01:00:00,A,-2.6227016,0.04929936,True,1,False,False
2021-03-09 02:00:00,A,-2.443493,-0.31931484,True,2,False,False
2021-03-09 03:00:00,A,-2.2581978,-0.6864587,True,3,False,False
2021-03-09 04:00:00,A,-2.4192352,-0.5478112,True,4,False,False
2021-03-09 05:00:00,A,-2.890439,-1.0223287,True,5,False,False
2021-03-09 06:00:00,A,-2.6855817,-0.85508025,True,6,False,False
2021-03-09 07:00:00,A,-2.981853,-1.1169913,True,7,False,False
2021-03-09 08:00:00,A,-2.059994,-0.72019744,True,8,False,False
2021-03-09 09:00:00,A,-1.4656167,-0.57359093,True,9,False,False
2021-03-09 10:00:00,A,-1.6276474,-0.27139992,True,10,False,False
2021-03-09 11:00:00,A,-1.3469379,-0.20153767,True,11,False,False
2021-03-09 12:00:00,A,-1.3718481,-0.061163068,True,12,False,False
2021-03-09 13:00:00,A,-1.1756892,-0.12320936,True,13,False,False
2021-03-09 14:00:00,A,-0.9924057,0.17870486,True,14,False,False
2021-03-09 15:00:00,A,-0.65926915,0.23055828,True,15,False,False
2021-03-09 16:00:00,A,-0.9908977,0.13513911,True,16,False,False
2021-03-09 17:00:00,A,-0.88732857,0.05236125,True,17,False,False
2021-03-09 18:00:00,A,-0.7224539,-0.1761511,True,18,False,False
2021-03-09 19:00:00,A,-0.42790717,-0.11365211,True,19,False,False
2021-03-09 20:00:00,A,-0.6258839,0.078208685,True,20,False,False
2021-03-09 21:00:00,A,-0.91438705,-0.34361905,True,21,False,False
2021-03-09 22:00:00,A,-0.8221056,0.18014956,True,22,False,False
2021-03-09 23:00:00,A,-1.1389544,-0.32241535,True,23,False,False
2021-03-10 00:00:00,A,-0.7661548,0.22963297,True,0,False,False
2021-03-10 01:00:00,A,0.056354105,0.43268764,True,1,False,False
2021-03-10 02:00:00,A,-0.22196758,0.5272579,True,2,False,False
2021-03-10 03:00:00,A,-0.04616946,0.48830092,True,3,False,False
2021-03-10 04:00:00,A,-0.35942662,0.58067024,True,4,False,False
2021-03-10 05:00:00,A,-0.14833719,0.4116205,True,5,False,False
2021-03-10 06:00:00,A,0.016465485,0.61709344,True,6,False,False
2021-03-10 07:00:00,A,0.13825452,0.5928234,True,7,False,False
2021-03-10 08:00:00,A,-0.23608255,0.38624275,True,8,False,False
2021-03-10 09:00:00,A,0.10746586,0.42928445,True,9,False,False
2021-03-10 10:00:00,A,0.09537819,0.24969745,True,10,False,False
2021-03-10 11:00:00,A,0.3889187,0.31138027,True,11,False,False
2021-03-10 12:00:00,A,0.30263418,0.45153594,True,12,False,False
2021-03-10 13:00:00,A,0.074172825,0.17842841,True,13,False,False
2021-03-10 14:00:00,A,0.03713891,0.5703325,True,14,False,False
2021-03-10 15:00:00,A,-0.13325298,0.119443536,True,15,False,False
2021-03-10 16:00:00,A,-0.038323283,0.6658348,True,16,False,False
2021-03-10 17:00:00,A,0.905598,1.0230044,True,17,False,False
2021-03-10 18:00:00,A,0.6687741,1.1534368,True,18,False,False
2021-03-10 19:00:00,A,0.7367239,1.1497372,True,19,False,False
2021-03-10 20:00:00,A,0.57650995,1.3654782,True,20,False,False
2021-03-10 21:00:00,A,1.0571299,1.3214055,True,21,False,False
2021-03-10 22:00:00,A,1.2816741,1.5947062,True,22,False,False
2021-03-10 23:00:00,A,1.4710298,1.5526458,True,23,False,False
2021-03-11 00:00:00,A,1.1757834,1.3912681,True,0,False,False
2021-03-11 01:00:00,A,1.4812623,1.4350218,True,1,False,False
2021-03-11 02:00:00,A,1.4863765,1.2111763,True,2,False,False
2021-03-11 03:00:00,A,1.5925086,1.2435101,True,3,False,False
2021-03-11 04:00:00,A,1.5333579,1.2349566,True,4,False,False
2021-03-11 05:00:00,A,1.5012186,1.0453352,True,5,False,False
2021-03-11 06:00:00,A,1.4786386,1.3262414,True,6,False,False
2021-03-11 07:00:00,A,1.497498,0.81945074,True,7,False,False
2021-03-11 08:00:00,A,1.4674767,1.031861,True,8,False,False
2021-03-11 09:00:00,A,2.2389581,1.4550346,True,9,False,False
2021-03-11 10:00:00,A,2.28018,1.4287616,True,10,False,False
2021-03-11 11:00:00,A,2.5175357,1.4481319,True,11,False,False
2021-03-11 12:00:00,A,2.5733643,1.5200881,True,12,False,False
2021-03-11 13:00:00,A,2.6708996,1.3832103,True,13,False,False
2021-03-11 14:00:00,A,2.7101283,1.4630908,True,14,False,False
2021-03-11 15:00:00,A,3.1176195,1.3180205,True,15,False,False
2021-03-11 16:00:00,A,3.056087,1.2129449,True,16,False,False
2021-03-11 17:00:00,A,3.3528671,1.1091048,True,17,False,False
2021-03-11 18:00:00,A,3.421921,1.0420686,True,18,False,False
2021-03-11 19:00:00,A,3.5881705,0.87523854,True,19,False,False
2021-03-11 20:00:00,A,3.5533853,0.9174415,True,20,False,False
2021-03-11 21:00:00,A,3.6301954,0.98158586,True,21,False,False
2021-03-11 22:00:00,A,3.5419989,1.0847896,True,22,False,False
2021-03-11 23:00:00,A,3.5611267,0.94439924,True,23,False,False
2021-03-12 00:00:00,A,3.3796825,1.027126,False,0,False,False
2021-03-12 01:00:00,A,3.588532,1.0805758,False,1,False,False
2021-03-12 02:00:00,A,3.5794654,1.2836725,False,2,False,False
2021-03-12 03:00:00,A,3.4777007,1.2283586,False,3,False,False
2021-03-12 04:00:00,A,3.0825715,1.2781674,False,4,False,False
2021-03-12 05:00:00,A,3.0343697,1.2057301,False,5,False,False
2021-03-12 06:00:00,A,2.6388707,1.2139729,False,6,False,False
2021-03-12 07:00:00,A,2.4917877,1.0242716,False,7,False,False
2021-03-12 08:00:00,A,2.1793468,1.0688928,False,8,False,False
2021-03-12 09:00:00,A,2.1258335,0.9664217,False,9,False,False
2021-03-12 10:00:00,A,2.0929515,0.8918477,False,10,False,False
2021-03-12 11:00:00,A,2.126921,0.70584226,False,11,False,False
2021-03-12 12:00:00,A,1.9921789,0.772357,False,12,False,False
2021-03-12 13:00:00,A,2.0821106,0.65364754,False,13,False,False
2021-03-12 14:00:00,A,1.8614197,0.7131592,False,14,False,False
2021-03-12 15:00:00,A,1.8035727,0.5860884,False,15,False,False
2021-03-12 16:00:00,A,1.634134,0.51523983,False,16,False,False
2021-03-12 17:00:00,A,1.7576079,0.351524,False,17,False,False
2021-03-12 18:00:00,A,1.8458271,0.2716856,False,18,False,False
2021-03-12 19:00:00,A,1.6930718,0.09291518,False,19,False,False
2021-03-12 20:00:00,A,1.430315,0.067252755,False,20,False,False
2021-03-12 21:00:00,A,1.4778693,0.07544124,False,21,False,False
2021-03-12 22:00:00,A,1.076041,0.10217154,False,22,False,False
2021-03-12 23:00:00,A,0.95459723,0.010075569,False,23,False,False
2021-03-13 00:00:00,A,0.75181514,0.08685696,False,0,False,False
2021-03-13 01:00:00,A,0.6972842,0.09286237,False,1,False,False
2021-03-13 02:00:00,A,0.7413883,0.07732296,False,2,False,False
2021-03-13 03:00:00,A,0.81884706,-0.09656429,False,3,False,False
2021-03-13 04:00:00,A,0.88494766,0.03677094,False,4,False,False
2021-03-13 05:00:00,A,1.0133334,0.064885855,False,5,False,False
2021-03-13 06:00:00,A,0.9097753,0.1046834,False,6,False,False
2021-03-13 07:00:00,A,0.9902351,0.101374984,False,7,False,False
2021-03-13 08:00:00,A,0.9498984,-0.04025817,False,8,False,False
2021-03-13 09:00:00,A,0.86836934,-0.12391794,False,9,False,False
2021-03-13 10:00:00,A,0.90592253,-0.26999938,False,10,False,False
2021-03-13 11:00:00,A,0.7612168,-0.5067115,False,11,False,False
2021-03-13 12:00:00,A,0.4914753,-0.53701466,False,12,False,False
2021-03-13 13:00:00,A,0.507698,-0.50816596,False,13,False,False
2021-03-13 14:00:00,A,0.06617895,-0.47420847,False,14,False,False
2021-03-13 15:00:00,A,-0.042641282,-0.5481146,False,15,False,False
2021-03-13 16:00:00,A,-0.2282728,-0.5538717,False,16,False,False
2021-03-13 17:00:00,A,-0.3721944,-0.650185,False,17,False,False
2021-03-13 18:00:00,A,-0.41239005,-0.83630365,False,18,False,False
2021-03-13 19:00:00,A,-0.44270027,-0.9860791,False,19,False,False
2021-03-13 20:00:00,A,-0.53004426,-0.93383145,False,20,False,False
2021-03-13 21:00:00,A,-0.53815824,-0.9282522,False,21,False,False
2021-03-13 22:00:00,A,-0.78360707,-0.9800003,False,22,False,False
2021-03-13 23:00:00,A,-0.7575641,-1.0293031,False,23,False,False
2021-03-14 00:00:00,A,-0.6965969,-1.1992203,True,0,False,False
2021-03-14 01:00:00,A,-0.62326473,-1.3309002,True,1,False,False
2021-03-14 02:00:00,A,-0.52491003,-1.4176207,True,2,False,False
2021-03-14 03:00:00,A,-0.6298041,-1.5743966,True,3,False,False
2021-03-14 04:00:00,A,-0.7903128,-1.6344684,True,4,False,False
2021-03-14 05:00:00,A,-0.8211394,-1.5720991,True,5,False,False
2021-03-14 06:00:00,A,-1.2767966,-1.6086879,True,6,False,False
2021-03-14 07:00:00,A,-1.264647,-1.5529723,True,7,False,False
2021-03-14 08:00:00,A,-1.7346892,-1.6271889,True,8,True,False
2021-03-14 09:00:00,A,-1.7416062,-1.7268913,True,9,False,False
2021-03-14 10:00:00,A,-1.6367588,-1.7393575,True,10,False,False
2021-03-14 11:00:00,A,-1.4763346,-1.7896013,True,11,True,False
2021-03-14 12:00:00,A,-1.6031284,-1.4807367,True,12,False,False
2021-03-14 13:00:00,A,-1.4562109,-1.3263391,True,13,True,False
2021-03-14 14:00:00,A,-1.4169526,-1.3250297,True,14,False,False
2021-03-14 15:00:00,A,-1.4110734,-1.247631,True,15,True,False
2021-03-14 16:00:00,A,-1.3022518,-1.3522279,True,16,False,False
2021-03-14 17:00:00,A,-1.0536253,-1.5317544,True,17,False,False
2021-03-14 18:00:00,A,-0.9093017,-1.6011059,True,18,False,False
2021-03-14 19:00:00,A,-0.96284837,-1.5941093,True,19,False,False
2021-03-14 20:00:00,A,-1.1599438,-1.6380236,True,20,False,False
2021-03-14 21:00:00,A,-0.9836759,-1.5496361,True,21,False,False
2021-03-14 22:00:00,A,-1.1939945,-1.5350661,True,22,False,False
2021-03-14 23:00:00,A,-1.4805081,-1.4767562,True,23,False,False
2021-03-15 00:00:00,A,-1.555918,-1.4515415,True,0,False,False
2021-03-15 01:00:00,A,-1.5662701,-1.4475504,True,1,False,False
2021-03-15 02:00:00,A,-1.4896128,-1.4938617,True,2,False,False
2021-03-15 03:00:00,A,-1.4356501,-1.5564017,True,3,False,False
2021-03-15 04:00:00,A,-1.4930503,-1.3530867,True,4,False,False
2021-03-15 05:00:00,A,-1.4759636,-1.1804382,True,5,False,False
2021-03-15 06:00:00,A,-1.4190068,-1.2455072,True,6,False,False
2021-03-15 07:00:00,A,-1.4678924,-1.1025021,True,7,False,False
2021-03-15 08:00:00,A,-1.3998497,-1.1168218,True,8,True,False
2021-03-15 09:00:00,A,-1.1507742,-1.2240154,True,9,True,False
2021-03-15 10:00:00,A,-0.97525233,-1.3465745,True,10,False,False
2021-03-15 11:00:00,A,-1.019516,-1.4045557,True,11,False,False
2021-03-15 12:00:00,A,-1.2172425,-1.4448979,True,12,False,False
2021-03-15 13:00:00,A,-1.0932724,-1.2890587,True,13,False,False
2021-03-15 14:00:00,A,-1.2296565,-1.243254,True,14,False,False
2021-03-15 15:00:00,A,-1.3792636,-1.1529998,True,15,False,False
2021-03-15 16:00:00,A,-1.4248958,-1.1778557,True,16,False,False
2021-03-15 17:00:00,A,-1.354578,-1.315467,True,17,False,False
2021-03-15 18:00:00,A,-1.2938752,-1.3837327,True,18,False,False
2021-03-15 19:00:00,A,-1.298665,-1.3718774,True,19,False,False
2021-03-15 20:00:00,A,-1.3946648,-1.1359206,True,20,False,False
2021-03-15 21:00:00,A,-1.2830882,-1.0379552,True,21,False,False
2021-03-15 22:00:00,A,-1.258635,-1.009692,True,22,False,False
2021-03-15 23:00:00,A,-1.4081161,-0.88915646,True,23,False,False
2021-03-16 00:00:00,A,-1.4507108,-0.9769939,True,0,False,False
2021-03-16 01:00:00,A,-1.1434588,-1.0839975,True,1,False,False
2021-03-16 02:00:00,A,-1.0307872,-1.1569896,True,2,False,False
2021-03-16 03:00:00,A,-0.9600492,-1.2069784,True,3,False,False
2021-03-16 04:00:00,A,-1.0091214,-1.2301053,True,4,False,False
2021-03-16 05:00:00,A,-0.7398903,-1.222562,True,5,False,False
2021-03-16 06:00:00,A,-0.59327203,-1.2574042,True,6,False,False
2021-03-16 07:00:00,A,-0.603404,-1.2370311,True,7,False,False
2021-03-16 08:00:00,A,-0.46415502,-1.338182,True,8,False,False
2021-03-16 09:00:00,A,-0.26801014,-1.2773919,True,9,True,False
2021-03-16 10:00:00,A,-0.1775642,-1.1610782,True,10,True,False
2021-03-16 11:00:00,A,-0.035375655,-1.0640954,True,11,False,False
2021-03-16 12:00:00,A,-0.0031294525,-0.8592832,True,12,False,False
2021-03-16 13:00:00,A,0.14804763,-0.72118616,True,13,False,False
2021-03-16 14:00:00,A,0.276744,-0.56443155,True,14,False,False
2021-03-16 15:00:00,A,0.27735046,-0.42126358,True,15,False,False
2021-03-16 16:00:00,A,0.21479711,-0.38951576,True,16,False,False
2021-03-16 17:00:00,A,0.5749192,-0.40395266,True,17,False,False
2021-03-16 18:00:00,A,0.725197,-0.31915724,True,18,False,False
2021-03-16 19:00:00,A,0.6819447,-0.20376664,True,19,False,False
2021-03-16 20:00:00,A,0.58762884,-0.119200945,True,20,False,False
2021-03-16 21:00:00,A,0.7875776,-0.06038463,True,21,False,False
2021-03-16 22:00:00,A,0.88637555,0.024795055,True,22,False,False
2021-03-16 23:00:00,A,0.7432081,0.16212964,True,23,False,False
2021-03-17 00:00:00,A,0.9132124,0.037038803,True,0,False,False
2021-03-17 01:00:00,A,1.0928841,0.0112092495,True,1,False,False
2021-03-17 02:00:00,A,1.0123532,0.03300059,True,2,False,False
2021-03-17 03:00:00,A,1.0325375,-0.0063683987,True,3,False,False
2021-03-17 04:00:00,A,0.902634,0.12091601,True,4,False,False
2021-03-17 05:00:00,A,0.9218761,0.18048346,True,5,False,False
2021-03-17 06:00:00,A,0.9961368,0.17322946,True,6,False,False
2021-03-17 07:00:00,A,0.9547932,0.21857798,True,7,False,False
2021-03-17 08:00:00,A,0.7391143,0.29568827,True,8,True,False
2021-03-17 09:00:00,A,1.2794226,0.27078342,True,9,True,False
2021-03-17 10:00:00,A,1.3815606,0.33652747,True,10,False,False
2021-03-17 11:00:00,A,1.299459,0.52188766,True,11,True,False
2021-03-17 12:00:00,A,1.3098831,0.5035074,True,12,False,False
2021-03-17 13:00:00,A,1.6324944,0.579332,True,13,True,False
2021-03-17 14:00:00,A,1.9165745,0.5745429,True,14,True,False
2021-03-17 15:00:00,A,1.9296846,0.6323794,True,15,False,False
2021-03-17 16:00:00,A,2.0640996,0.68729436,True,16,False,False
2021-03-17 17:00:00,A,2.2464776,0.660512,True,17,False,False
2021-03-17 18:00:00,A,2.2227776,0.8756248,True,18,False,False
2021-03-17 19:00:00,A,2.3888311,0.87551916,True,19,False,False
2021-03-17 20:00:00,A,2.315268,1.0359265,True,20,False,False
2021-03-17 21:00:00,A,2.4910421,1.1538626,True,21,False,False
2021-03-17 22:00:00,A,2.4879274,1.312857,True,22,False,False
2021-03-17 23:00:00,A,2.5296612,1.3383642,True,23,False,False
2021-03-18 00:00:00,A,2.2592742,1.4683934,True,0,False,False
2021-03-18 01:00:00,A,2.7650378,1.4680434,True,1,False,False
2021-03-18 02:00:00,A,2.9003263,1.4911243,True,2,False,False
2021-03-18 03:00:00,A,2.786375,1.6785213,True,3,False,False
2021-03-18 04:00:00,A,2.6485906,1.6973706,True,4,False,False
2021-03-18 05:00:00,A,3.004138,1.6815797,True,5,False,False
2021-03-18 06:00:00,A,3.2955997,1.6692978,True,6,False,False
2021-03-18 07:00:00,A,3.3680334,1.6929866,True,7,False,False
2021-03-18 08:00:00,A,3.399139,1.6823024,True,8,False,False
2021-03-18 09:00:00,A,3.5768187,1.5360607,True,9,False,False
2021-03-18 10:00:00,A,3.5707402,1.5303036,True,10,False,False
2021-03-18 11:00:00,A,3.5929132,1.4694968,True,11,False,False
2021-03-18 12:00:00,A,3.4677944,1.4968349,True,12,False,False
2021-03-18 13:00:00,A,3.6222334,1.5756437,True,13,False,False
2021-03-18 14:00:00,A,3.5241933,1.6197273,True,14,False,False
2021-03-18 15:00:00,A,3.6422515,1.496687,True,15,False,False
2021-03-18 16:00:00,A,3.4743824,1.4560252,True,16,False,False
2021-03-18 17:00:00,A,3.746255,1.3260249,True,17,False,False
2021-03-18 18:00:00,A,3.789826,1.3324903,True,18,False,False
2021-03-18 19:00:00,A,3.747168,1.3604859,True,19,False,False
2021-03-18 20:00:00,A,3.5690265,1.3064917,True,20,False,False
2021-03-18 21:00:00,A,3.7034152,1.337705,True,21,False,False
2021-03-18 22:00:00,A,3.55955,1.409391,True,22,False,False
2021-03-18 23:00:00,A,3.6363647,1.3683022,True,23,False,False
2021-03-19 00:00:00,A,3.487433,1.2901076,False,0,False,False
2021-03-19 01:00:00,A,3.6890416,1.3389322,False,1,False,False
2021-03-19 02:00:00,A,3.5379663,1.3394166,False,2,False,False
2021-03-19 03:00:00,A,3.526722,1.2018143,False,3,False,False
2021-03-19 04:00:00,A,3.159401,1.1611468,False,4,False,False
2021-03-19 05:00:00,A,3.288118,1.1805271,False,5,False,False
2021-03-19 06:00:00,A,3.073472,1.2230858,False,6,False,False
2021-03-19 07:00:00,A,2.9736228,1.1611615,False,7,False,False
2021-03-19 08:00:00,A,2.643927,1.1251501,False,8,False,False
2021-03-19 09:00:00,A,2.7416213,1.013148,False,9,False,False
2021-03-19 10:00:00,A,2.6781113,0.9487792,False,10,False,False
2021-03-19 11:00:00,A,2.5084643,0.91862833,False,11,False,False
2021-03-19 12:00:00,A,2.2688317,0.81596744,False,12,False,False
2021-03-19 13:00:00,A,2.2726965,0.7165549,False,13,False,False
2021-03-19 14:00:00,A,2.031295,0.741266,False,14,False,False
2021-03-19 15:00:00,A,1.9201415,0.6304004,False,15,False,False
2021-03-19 16:00:00,A,1.8097825,0.36736238,False,16,False,False
2021-03-19 17:00:00,A,2.003952,0.17659426,False,17,False,False
2021-03-19 18:00:00,A,1.97001,0.055299163,False,18,False,False
2021-03-19 19:00:00,A,1.8581767,-0.039833426,False,19,False,False
2021-03-19 20:00:00,A,1.5720999,-0.12339342,False,20,False,False
2021-03-19 21:00:00,A,1.7370827,-0.13220131,False,21,False,False
2021-03-19 22:00:00,A,1.4698112,-0.08879769,False,22,False,False
2021-03-19 23:00:00,A,1.3626336,-0.15048814,False,23,False,False
2021-03-20 00:00:00,A,1.1017327,-0.1511792,False,0,False,False
2021-03-20 01:00:00,A,1.2405704,-0.15753675,False,1,False,False
2021-03-20 02:00:00,A,1.273561,-0.2026949,False,2,False,False
2021-03-20 03:00:00,A,1.1973846,-0.12201691,False,3,False,False
2021-03-20 04:00:00,A,1.1144121,-0.13484085,False,4,False,False
2021-03-20 05:00:00,A,1.1497583,-0.024659276,False,5,False,False
2021-03-20 06:00:00,A,0.9970895,0.04815948,False,6,False,False
2021-03-20 07:00:00,A,1.0220072,-0.0023967028,False,7,False,False
2021-03-20 08:00:00,A,1.0027907,-0.26341963,False,8,False,False
2021-03-20 09:00:00,A,1.1213559,-0.49037653,False,9,False,False
2021-03-20 10:00:00,A,1.1420796,-0.62004644,False,10,False,False
2021-03-20 11:00:00,A,1.015388,-0.7231002,False,11,False,False
2021-03-20 12:00:00,A,0.6598099,-0.789851,False,12,False,False
2021-03-20 13:00:00,A,0.8033432,-0.84952474,False,13,False,False
2021-03-20 14:00:00,A,0.48200434,-0.7837827,False,14,False,False
2021-03-20 15:00:00,A,0.3478597,-0.84034646,False,15,False,False
2021-03-20 16:00:00,A,0.13431033,-0.93688065,False,16,False,False
2021-03-20 17:00:00,A,0.21251944,-1.0718448,False,17,False,False
2021-03-20 18:00:00,A,0.1980268,-1.1757791,False,18,False,False
2021-03-20 19:00:00,A,0.056279927,-1.1727936,False,19,False,False
2021-03-20 20:00:00,A,-0.10748732,-1.222086,False,20,False,False
2021-03-20 21:00:00,A,-0.16091573,-1.2172999,False,21,False,False
2021-03-20 22:00:00,A,-0.37914044,-1.1756458,False,22,False,False
2021-03-20 23:00:00,A,-0.43738943,-1.2389601,False,23,False,False
2021-03-21 00:00:00,A,-0.38887495,-1.5892584,True,0,False,False
2021-03-21 01:00:00,A,-0.2913248,-1.7076482,True,1,False,False
2021-03-21 02:00:00,A,-0.18986452,-1.8623064,True,2,False,False
2021-03-21 03:00:00,A,-0.275366,-1.9187269,True,3,False,False
2021-03-21 04:00:00,A,-0.55935735,-1.9554725,True,4,False,False
2021-03-21 05:00:00,A,-0.5203802,-1.9568242,True,5,False,False
2021-03-21 06:00:00,A,-0.7859637,-1.9585574,True,6,False,False
2021-03-21 07:00:00,A,-0.95333797,-1.8939815,True,7,False,False
2021-03-21 08:00:00,A,-1.3406267,-1.5981214,True,8,True,False
2021-03-21 09:00:00,A,-1.3272038,-1.7915004,True,9,True,False
2021-03-21 10:00:00,A,-1.2667894,-1.7918437,True,10,True,False
2021-03-21 11:00:00,A,-1.2720392,-1.7486833,True,11,True,False
2021-03-21 12:00:00,A,-1.2432578,-1.6694593,True,12,False,False
2021-03-21 13:00:00,A,-1.1671889,-1.4653813,True,13,True,False
2021-03-21 14:00:00,A,-1.2324557,-1.3788782,True,14,True,False
2021-03-21 15:00:00,A,-1.3307424,-1.3756213,True,15,False,False
2021-03-21 16:00:00,A,-1.071038,-1.575681,True,16,False,False
2021-03-21 17:00:00,A,-0.84912366,-1.5186133,True,17,False,False
2021-03-21 18:00:00,A,-0.60939556,-1.7589245,True,18,False,False
2021-03-21 19:00:00,A,-0.83608454,-1.6923344,True,19,False,False
2021-03-21 20:00:00,A,-0.974189,-1.7914367,True,20,False,False
2021-03-21 21:00:00,A,-0.73766094,-1.704211,True,21,False,False
2021-03-21 22:00:00,A,-0.9846452,-1.7172443,True,22,False,False
2021-03-21 23:00:00,A,-1.1451457,-1.6727374,True,23,False,False
2021-03-22 00:00:00,A,-1.6272082,-1.5079758,True,0,False,False
2021-03-22 01:00:00,A,-1.2529137,-1.6721656,True,1,False,False
2021-03-22 02:00:00,A,-1.2872021,-1.5530391,True,2,False,False
2021-03-22 03:00:00,A,-1.1896389,-1.5854098,True,3,False,False
2021-03-22 04:00:00,A,-1.251471,-1.4928943,True,4,False,False
2021-03-22 05:00:00,A,-1.1543787,-1.3880142,True,5,False,False
2021-03-22 06:00:00,A,-1.2067165,-1.3949488,True,6,False,False
2021-03-22 07:00:00,A,-1.244575,-1.330971,True,7,False,False
2021-03-22 08:00:00,A,-1.1661875,-1.5044422,True,8,False,False
2021-03-22 09:00:00,A,-0.84381086,-1.5366378,True,9,False,False
2021-03-22 10:00:00,A,-0.7100534,-1.575391,True,10,True,False
2021-03-22 11:00:00,A,-0.84155184,-1.632592,True,11,False,False
2021-03-22 12:00:00,A,-0.9888639,-1.675004,True,12,False,False
2021-03-22 13:00:00,A,-0.8211054,-1.5234196,True,13,False,False
2021-03-22 14:00:00,A,-0.99604243,-1.5371177,True,14,False,False
2021-03-22 15:00:00,A,-1.1582904,-1.4812379,True,15,False,False
2021-03-22 16:00:00,A,-1.6022668,-1.3927947,True,16,False,False
2021-03-22 17:00:00,A,-1.1714718,-1.672545,True,17,False,False
2021-03-22 18:00:00,A,-1.2398047,-1.564337,True,18,False,False
2021-03-22 19:00:00,A,-1.1746933,-1.558477,True,19,False,False
2021-03-22 20:00:00,A,-1.3411083,-1.3868682,True,20,False,False
2021-03-22 21:00:00,A,-1.2093143,-1.3145638,True,21,False,False
2021-03-22 22:00:00,A,-1.213253,-1.3521246,True,22,False,False
2021-03-22 23:00:00,A,-1.2921715,-1.284823,True,23,False,False
2021-03-23 00:00:00,A,-1.2581999,-1.430908,True,0,False,False
2021-03-23 01:00:00,A,-0.9417636,-1.4460901,True,1,False,False
2021-03-23 02:00:00,A,-0.7597224,-1.4166019,True,2,False,False
2021-03-23 03:00:00,A,-0.7898771,-1.4721954,True,3,False,False
2021-03-23 04:00:00,A,-0.76940614,-1.4657586,True,4,False,False
2021-03-23 05:00:00,A,-0.44828588,-1.4133661,True,5,False,False
2021-03-23 06:00:00,A,-0.4434207,-1.4218316,True,6,False,False
2021-03-23 07:00:00,A,-0.46888083,-1.4246303,True,7,False,False
2021-03-23 08:00:00,A,-0.81061,-1.2837895,True,8,False,False
2021-03-23 09:00:00,A,-0.25594234,-1.3653711,True,9,False,False
2021-03-23 10:00:00,A,-0.303863,-1.1838748,True,10,False,False
2021-03-23 11:00:00,A,-0.17926729,-0.9808878,True,11,False,False
2021-03-23 12:00:00,A,-0.1941902,-0.7613936,True,12,False,False
2021-03-23 13:00:00,A,-0.005107224,-0.6702701,True,13,False,False
2021-03-23 14:00:00,A,0.0728741,-0.5902578,True,14,False,False
2021-03-23 15:00:00,A,0.1285761,-0.57407606,True,15,False,False
2021-03-23 16:00:00,A,0.019403338,-0.42288232,True,16,False,False
2021-03-23 17:00:00,A,0.3054881,-0.3867873,True,17,False,False
2021-03-23 18:00:00,A,0.5825048,-0.3447761,True,18,False,False
2021-03-23 19:00:00,A,0.62024105,-0.34935576,True,19,False,False
2021-03-23 20:00:00,A,0.5943069,-0.25996673,True,20,False,False
2021-03-23 21:00:00,A,0.9579283,-0.16454536,True,21,False,False
2021-03-23 22:00:00,A,0.87923205,-0.1353935,True,22,False,False
2021-03-23 23:00:00,A,0.81536126,-0.07090914,True,23,False,False
2021-03-24 00:00:00,A,0.4338477,-0.020807385,True,0,False,False
2021-03-24 01:00:00,A,1.0197678,-0.14257419,True,1,False,False
2021-03-24 02:00:00,A,0.96915996,-0.099384665,True,2,False,False
2021-03-24 03:00:00,A,0.9711045,-0.065656185,True,3,False,False
2021-03-24 04:00:00,A,0.8997564,0.041078687,True,4,False,False
2021-03-24 05:00:00,A,1.0451245,-0.010970235,True,5,False,False
2021-03-24 06:00:00,A,0.98617375,0.028779864,True,6,False,False
2021-03-24 07:00:00,A,1.017906,-0.055384517,True,7,False,False
2021-03-24 08:00:00,A,0.89283395,0.12775362,True,8,True,False
2021-03-24 09:00:00,A,1.2831416,0.16591203,True,9,False,False
2021-03-24 10:00:00,A,1.3827226,0.33205867,True,10,False,False
2021-03-24 11:00:00,A,1.3328981,0.3273579,True,11,False,False
2021-03-24 12:00:00,A,1.4084866,0.4078473,True,12,False,False
2021-03-24 13:00:00,A,1.7674088,0.5259752,True,13,True,False
2021-03-24 14:00:00,A,1.8190424,0.59579074,True,14,False,False
2021-03-24 15:00:00,A,1.7792411,0.61220014,True,15,False,False
2021-03-24 16:00:00,A,1.503449,0.7367207,True,16,False,False
2021-03-24 17:00:00,A,2.0250545,0.56833375,True,17,False,False
2021-03-24 18:00:00,A,2.1074274,0.7074895,True,18,False,False
2021-03-24 19:00:00,A,2.1828768,0.8402661,True,19,False,False
2021-03-24 20:00:00,A,2.1736681,1.0001649,True,20,False,False
2021-03-24 21:00:00,A,2.4647613,1.0486716,True,21,False,False
2021-03-24 22:00:00,A,2.3925307,1.1313373,True,22,False,False
2021-03-24 23:00:00,A,2.545283,1.00761,True,23,False,False
2021-03-25 00:00:00,A,2.1542966,1.292965,True,0,False,False
2021-03-25 01:00:00,A,2.4757488,1.4039828,True,1,False,False
2021-03-25 02:00:00,A,2.5815773,1.529878,True,2,False,False
2021-03-25 03:00:00,A,2.5684335,1.4973317,True,3,False,False
2021-03-25 04:00:00,A,2.7198024,1.5408655,True,4,False,False
2021-03-25 05:00:00,A,3.0796528,1.6097099,True,5,False,False
2021-03-25 06:00:00,A,3.0431938,1.7006267,True,6,False,False
2021-03-25 07:00:00,A,3.0149746,1.6544622,True,7,False,False
2021-03-25 08:00:00,A,2.7468612,1.7202114,True,8,False,False
2021-03-25 09:00:00,A,3.357964,1.491903,True,9,False,False
2021-03-25 10:00:00,A,3.4491394,1.507424,True,10,False,False
2021-03-25 11:00:00,A,3.4827404,1.5099655,True,11,False,False
2021-03-25 12:00:00,A,3.4622831,1.3993751,True,12,False,False
2021-03-25 13:00:00,A,3.6213326,1.4006964,True,13,False,False
2021-03-25 14:00:00,A,3.4493427,1.4535702,True,14,False,False
2021-03-25 15:00:00,A,3.5608904,1.2676936,True,15,False,False
2021-03-25 16:00:00,A,3.298664,1.332174,True,16,False,False
2021-03-25 17:00:00,A,3.4669685,1.225953,True,17,False,False
2021-03-25 18:00:00,A,3.381113,1.3351918,True,18,False,False
2021-03-25 19:00:00,A,3.5828736,1.2733709,True,19,False,False
2021-03-25 20:00:00,A,3.3400092,1.2374159,True,20,False,False
2021-03-25 21:00:00,A,3.5647528,1.1961027,True,21,False,False
2021-03-25 22:00:00,A,3.3757992,1.2858444,True,22,False,False
2021-03-25 23:00:00,A,3.4689038,1.2656361,True,23,False,False
2021-03-26 00:00:00,A,3.3327532,1.2243463,False,0,False,False
2021-03-26 01:00:00,A,3.4581783,1.2400419,False,1,False,False
2021-03-26 02:00:00,A,3.368764,1.3256778,False,2,False,False
2021-03-26 03:00:00,A,3.2518375,1.2829834,False,3,False,False
2021-03-26 04:00:00,A,3.038694,1.1500312,False,4,False,False
2021-03-26 05:00:00,A,3.0593028,1.1539818,False,5,False,False
2021-03-26 06:00:00,A,2.7838128,1.146329,False,6,False,False
2021-03-26 07:00:00,A,2.7474682,0.99412096,False,7,False,False
2021-03-26 08:00:00,A,2.498268,0.93922913,False,8,False,False
2021-03-26 09:00:00,A,2.5742543,0.81877697,False,9,False,False
2021-03-26 10:00:00,A,2.4267395,0.82137656,False,10,False,False
2021-03-26 11:00:00,A,2.5308704,0.6182498,False,11,False,False
2021-03-26 12:00:00,A,2.2368891,0.5154041,False,12,False,False
2021-03-26 13:00:00,A,2.324788,0.39406228,False,13,False,False
2021-03-26 14:00:00,A,2.0645628,0.38867235,False,14,False,False
2021-03-26 15:00:00,A,1.9744058,0.3584416,False,15,False,False
2021-03-26 16:00:00,A,1.7766132,0.2225703,False,16,False,False
2021-03-26 17:00:00,A,1.9453442,0.13999724,False,17,False,False
2021-03-26 18:00:00,A,1.9145861,0.14921498,False,18,False,False
2021-03-26 19:00:00,A,1.7749722,0.019305587,False,19,False,False
2021-03-26 20:00:00,A,1.5979087,-0.13958287,False,20,False,False
2021-03-26 21:00:00,A,1.6534085,-0.15123153,False,21,False,False
2021-03-26 22:00:00,A,1.4195597,-0.20289147,False,22,False,False
2021-03-26 23:00:00,A,1.3845322,-0.3103426,False,23,False,False
2021-03-27 00:00:00,A,1.1958299,-0.40762222,False,0,False,False
2021-03-27 01:00:00,A,1.3387702,-0.4692583,False,1,False,False
2021-03-27 02:00:00,A,1.2415771,-0.39939517,False,2,False,False
2021-03-27 03:00:00,A,1.3902502,-0.5127908,False,3,False,False
2021-03-27 04:00:00,A,1.3029392,-0.50980026,False,4,False,False
2021-03-27 05:00:00,A,1.4105928,-0.47961104,False,5,False,False
2021-03-27 06:00:00,A,1.2819142,-0.44994736,False,6,False,False
2021-03-27 07:00:00,A,1.2815859,-0.4178397,False,7,False,False
2021-03-27 08:00:00,A,1.2017112,-0.56443197,False,8,False,False
2021-03-27 09:00:00,A,1.257226,-0.6393564,False,9,False,False
2021-03-27 10:00:00,A,1.1944098,-0.63027394,False,10,False,False
2021-03-27 11:00:00,A,1.0248368,-0.77241015,False,11,False,False
2021-03-27 12:00:00,A,0.8588447,-0.98524845,False,12,False,False
2021-03-27 13:00:00,A,0.8424052,-1.013416,False,13,False,False
2021-03-27 14:00:00,A,0.610788,-1.0803297,False,14,False,False
2021-03-27 15:00:00,A,0.55003524,-1.1642807,False,15,False,False
2021-03-27 16:00:00,A,0.35768744,-1.268665,False,16,False,False
2021-03-27 17:00:00,A,0.35671735,-1.4237487,False,17,False,False
2021-03-27 18:00:00,A,0.22456065,-1.4649329,False,18,False,False
2021-03-27 19:00:00,A,0.2495444,-1.6268048,False,19,False,False
2021-03-27 20:00:00,A,0.094958246,-1.7026954,False,20,False,False
2021-03-27 21:00:00,A,0.065309525,-1.6773912,False,21,False,False
2021-03-27 22:00:00,A,-0.102579415,-1.6460974,False,22,False,False
2021-03-27 23:00:00,A,-0.15981603,-1.7074729,False,23,False,False
2021-03-28 00:00:00,A,-0.22296745,-1.8698199,True,0,False,False
2021-03-28 01:00:00,A,-0.099592626,-1.860516,True,1,False,False
2021-03-28 02:00:00,A,-0.1048491,-1.820199,True,2,False,False
2021-03-28 03:00:00,A,-0.1764937,-1.9603322,True,3,False,False
2021-03-28 04:00:00,A,-0.34357423,-2.143342,True,4,False,False
2021-03-28 05:00:00,A,-0.46557266,-2.1172018,True,5,False,False
2021-03-28 06:00:00,A,-0.6396077,-2.1921124,True,6,False,False
2021-03-28 07:00:00,A,-0.7519886,-2.2537394,True,7,False,False
2021-03-28 08:00:00,A,-1.0257361,-2.3706412,True,8,True,False
2021-03-28 09:00:00,A,-1.0109739,-2.3330898,True,9,False,False
2021-03-28 10:00:00,A,-0.99184996,-2.2973242,True,10,False,False
2021-03-28 11:00:00,A,-0.8947826,-2.3038898,True,11,True,False
2021-03-28 12:00:00,A,-0.8974939,-2.231059,True,12,False,False
2021-03-28 13:00:00,A,-0.86812323,-2.0756006,True,13,True,False
2021-03-28 14:00:00,A,-0.82659215,-2.0439925,True,14,True,False
2021-03-28 15:00:00,A,-0.92759806,-1.8884798,True,15,True,False
2021-03-28 16:00:00,A,-0.87754935,-2.065502,True,16,False,False
2021-03-28 17:00:00,A,-0.6231378,-2.028163,True,17,False,False
2021-03-28 18:00:00,A,-0.5722789,-1.881749,True,18,False,False
2021-03-28 19:00:00,A,-0.6082464,-2.0135446,True,19,False,False
2021-03-28 20:00:00,A,-0.72105736,-2.0710196,True,20,False,False
2021-03-28 21:00:00,A,-0.6580164,-2.0165827,True,21,False,False
2021-03-28 22:00:00,A,-0.8046655,-2.1211736,True,22,False,False
2021-03-28 23:00:00,A,-0.9370567,-2.20509,True,23,False,False
2021-03-29 00:00:00,A,-1.1771924,-2.2570033,True,0,False,False
2021-03-29 01:00:00,A,-1.167927,-2.244594,True,1,False,False
2021-03-29 02:00:00,A,-1.146723,-2.195829,True,2,False,False
2021-03-29 03:00:00,A,-1.0854146,-2.2382612,True,3,False,False
2021-03-29 04:00:00,A,-1.1035793,-2.1697245,True,4,False,False
2021-03-29 05:00:00,A,-1.0195594,-2.0703754,True,5,False,False
2021-03-29 06:00:00,A,-0.9998035,-2.0431817,True,6,False,False
2021-03-29 07:00:00,A,-1.0497184,-1.9407436,True,7,False,False
2021-03-29 08:00:00,A,-1.0099211,-2.065849,True,8,True,False
2021-03-29 09:00:00,A,-0.8967591,-1.8194182,True,9,False,False
2021-03-29 10:00:00,A,-0.69971246,-1.7730622,True,10,False,False
2021-03-29 11:00:00,A,-0.7390086,-1.9013667,True,11,True,False
2021-03-29 12:00:00,A,-0.8912613,-1.9082171,True,12,False,False
2021-03-29 13:00:00,A,-0.79241127,-1.8268161,True,13,True,False
2021-03-29 14:00:00,A,-0.82144994,-1.9669954,True,14,False,False
2021-03-29 15:00:00,A,-0.9420646,-2.0401616,True,15,False,False
2021-03-29 16:00:00,A,-1.178977,-2.1055093,True,16,False,False
2021-03-29 17:00:00,A,-1.2131238,-2.162561,True,17,False,False
2021-03-29 18:00:00,A,-1.2228358,-2.1001306,True,18,False,False
2021-03-29 19:00:00,A,-1.0997396,-2.1700144,True,19,False,False
2021-03-29 20:00:00,A,-1.1132259,-2.0925045,True,20,False,False
2021-03-29 21:00:00,A,-0.99875385,-2.021723,True,21,False,False
2021-03-29 22:00:00,A,-0.9376127,-1.9965981,True,22,False,False
2021-03-29 23:00:00,A,-0.9936251,-1.9415818,True,23,False,False
2021-03-30 00:00:00,A,-1.0632372,-2.0412605,True,0,False,False
2021-03-30 01:00:00,A,-0.79539186,-1.8556968,True,1,False,False
2021-03-30 02:00:00,A,-0.6414502,-1.6870899,True,2,False,False
2021-03-30 03:00:00,A,-0.535927,-1.78823,True,3,False,False
2021-03-30 04:00:00,A,-0.5489926,-1.7954962,True,4,False,False
2021-03-30 05:00:00,A,-0.29600376,-1.7233216,True,5,False,False
2021-03-30 06:00:00,A,-0.2308129,-1.7918061,True,6,False,False
2021-03-30 07:00:00,A,-0.14021367,-1.8449756,True,7,False,False
2021-03-30 08:00:00,A,-0.45756716,-1.6590389,True,8,True,False
2021-03-30 09:00:00,A,-0.2101444,-1.6876968,True,9,True,False
2021-03-30 10:00:00,A,-0.097194135,-1.5417082,True,10,False,False
2021-03-30 11:00:00,A,0.02269286,-1.4288712,True,11,False,False
2021-03-30 12:00:00,A,0.042667568,-1.1421409,True,12,False,False
2021-03-30 13:00:00,A,0.26783025,-1.0035533,True,13,False,False
2021-03-30 14:00:00,A,0.36407262,-0.88605845,True,14,False,False
2021-03-30 15:00:00,A,0.535377,-0.88061774,True,15,False,False
2021-03-30 16:00:00,A,0.47600114,-0.8434794,True,16,False,False
2021-03-30 17:00:00,A,0.7871497,-0.7236638,True,17,False,False
2021-03-30 18:00:00,A,0.9744078,-0.5921091,True,18,False,False
2021-03-30 19:00:00,A,1.1119604,-0.5987983,True,19,False,False
2021-03-30 20:00:00,A,1.0452019,-0.50694245,True,20,False,False
2021-03-30 21:00:00,A,1.2526052,-0.36491734,True,21,False,False
2021-03-30 22:00:00,A,1.2416928,-0.31511927,True,22,False,False
2021-03-30 23:00:00,A,1.3113596,-0.4592201,True,23,False,False
2021-03-31 00:00:00,A,1.000655,-0.35840964,False,0,False,False
2021-03-31 01:00:00,A,1.3362689,-0.20390886,False,1,False,False
2021-03-31 02:00:00,A,1.2792602,0.82484245,False,2,False,False
2021-03-31 03:00:00,A,1.4975445,0.6307689,False,3,False,False
2021-03-31 04:00:00,A,0.965292,1.1955849,False,4,False,False
2021-03-31 05:00:00,A,0.90448236,1.3703524,False,5,False,False
2021-03-31 06:00:00,A,0.56996185,1.5130419,False,6,False,False
2021-03-31 07:00:00,A,0.6865231,1.0285531,False,7,False,False
2021-03-31 08:00:00,A,0.23628217,1.3430008,False,8,False,False
2021-03-31 09:00:00,A,0.5728206,1.5185348,False,9,False,False
2021-03-31 10:00:00,A,0.24282119,1.7582775,False,10,False,False
2021-03-31 11:00:00,A,0.26769638,1.5204979,False,11,False,False
2021-03-31 12:00:00,A,-0.11334854,1.6865226,False,12,False,False
2021-03-31 13:00:00,A,0.006689787,1.7569262,False,13,False,False
2021-03-31 14:00:00,A,-0.030543983,1.8495966,False,14,False,False
2021-03-31 15:00:00,A,0.22719091,1.4080049,False,15,False,False
2021-03-31 16:00:00,A,0.046847045,1.2729853,False,16,False,False
2021-03-31 17:00:00,A,0.56163305,0.68895364,False,17,False,False
2021-03-31 18:00:00,A,1.028975,0.060213685,False,18,False,False
2021-03-31 19:00:00,A,1.0022333,0.1286248,False,19,False,False
2021-03-31 20:00:00,A,0.544806,0.9711348,False,20,False,False
2021-03-31 21:00:00,A,0.71602726,0.9128381,False,21,False,False
2021-03-31 22:00:00,A,0.54243624,1.2949718,False,22,False,False
2021-03-31 23:00:00,A,0.18697855,1.5492676,False,23,False,False
2021-04-01 00:00:00,A,0.3396234,1.0253865,True,0,False,False
2021-04-01 01:00:00,A,0.79339355,1.108086,True,1,False,False
2021-04-01 02:00:00,A,-0.29419947,2.2152076,True,2,False,False
2021-04-01 03:00:00,A,-1.2669778,2.9546218,True,3,False,False
2021-04-01 04:00:00,A,-1.0483632,2.6341429,True,4,False,False
2021-04-01 05:00:00,A,-1.3346739,2.9919963,True,5,False,False
2021-04-01 06:00:00,A,-1.5206561,3.3690782,True,6,False,False
2021-04-01 07:00:00,A,-1.7288194,3.5081096,True,7,False,False
2021-04-01 08:00:00,A,-0.27186745,1.9148303,True,8,False,False
2021-04-01 09:00:00,A,0.068252295,1.5014302,True,9,False,False
2021-04-01 10:00:00,A,0.57423437,0.71920884,True,10,False,False
2021-04-01 11:00:00,A,0.54441094,0.5170101,True,11,False,False
2021-04-01 12:00:00,A,0.12812492,0.70056677,True,12,False,False
2021-04-01 13:00:00,A,0.28863877,0.7790071,True,13,False,False
2021-04-01 14:00:00,A,0.20139247,0.8088039,True,14,False,False
2021-04-01 15:00:00,A,-0.17805547,1.0359541,True,15,False,False
2021-04-01 16:00:00,A,0.15749407,0.8880347,True,16,False,False
2021-04-01 17:00:00,A,0.30460325,0.76759493,True,17,False,False
2021-04-01 18:00:00,A,0.04087007,1.1084515,True,18,False,False
2021-04-01 19:00:00,A,-0.14689958,1.2647649,True,19,False,False
2021-04-01 20:00:00,A,-0.32527912,1.3286372,True,20,False,False
2021-04-01 21:00:00,A,-0.36317116,1.1516312,True,21,False,False
2021-04-01 22:00:00,A,-0.56130713,1.844318,True,22,False,False
2021-04-01 23:00:00,A,-0.31140596,1.7413076,True,23,False,False
2021-04-02 00:00:00,A,-0.08618915,1.3418075,True,0,False,False
2021-04-02 01:00:00,A,-0.02096212,1.2143112,True,1,False,False
2021-04-02 02:00:00,A,-0.30247217,0.8754865,True,2,False,False
2021-04-02 03:00:00,A,-0.12669069,0.6032134,True,3,False,False
2021-04-02 04:00:00,A,-0.90588754,1.3014005,True,4,False,False
2021-04-02 05:00:00,A,-0.39611423,1.1014766,True,5,False,False
2021-04-02 06:00:00,A,-0.40373087,0.9864193,True,6,False,False
2021-04-02 07:00:00,A,-0.7389278,1.1538645,True,7,False,False
2021-04-02 08:00:00,A,-1.2475841,1.4791187,True,8,False,False
2021-04-02 09:00:00,A,-1.5684319,1.5788614,True,9,False,False
2021-04-02 10:00:00,A,-2.1473746,1.7619494,True,10,False,False
2021-04-02 11:00:00,A,-2.8339796,2.4725842,True,11,False,False
2021-04-02 12:00:00,A,-3.0272393,2.7077308,True,12,False,False
2021-04-02 13:00:00,A,-2.816297,2.4885225,True,13,False,False
2021-04-02 14:00:00,A,-2.7893677,2.5436816,True,14,False,False
2021-04-02 15:00:00,A,-3.12967,2.8184853,True,15,False,False
2021-04-02 16:00:00,A,-3.3840318,2.4341168,True,16,False,False
2021-04-02 17:00:00,A,-2.4877887,1.6783537,True,17,False,False
2021-04-02 18:00:00,A,-2.552102,1.6358086,True,18,False,False
2021-04-02 19:00:00,A,-2.5919523,1.8618976,True,19,False,False
2021-04-02 20:00:00,A,-3.1222124,2.2534432,True,20,False,False
2021-04-02 21:00:00,A,-3.133966,1.8140136,True,21,False,False
2021-04-02 22:00:00,A,-2.795175,1.5831136,True,22,False,False
2021-04-02 23:00:00,A,-3.3044143,1.7063042,True,23,False,False
2021-04-03 00:00:00,A,-3.0396276,1.9099404,False,0,False,False
2021-04-03 01:00:00,A,-2.3775318,1.7928096,False,1,False,False
2021-04-03 02:00:00,A,-3.1153812,2.0767026,False,2,False,False
2021-04-03 03:00:00,A,-3.3827932,2.5937934,False,3,False,False
2021-04-03 04:00:00,A,-3.646441,2.6860757,False,4,False,False
2021-04-03 05:00:00,A,-3.6213412,2.4700842,False,5,False,False
2021-04-03 06:00:00,A,-3.7901359,2.9412084,False,6,False,False
2021-04-03 07:00:00,A,-3.6735482,2.8930674,False,7,False,False
2021-04-03 08:00:00,A,-3.0734377,1.1741673,False,8,False,False
2021-04-03 09:00:00,A,-2.6580205,0.5486828,False,9,False,False
2021-04-03 10:00:00,A,-2.4885306,0.13838053,False,10,False,False
2021-04-03 11:00:00,A,-2.9218042,0.11647153,False,11,False,False
2021-04-03 12:00:00,A,-3.3491879,0.2122289,False,12,False,False
2021-04-03 13:00:00,A,-3.6815114,-0.04667926,False,13,False,False
2021-04-03 14:00:00,A,-3.7208734,-0.218378,False,14,False,False
2021-04-03 15:00:00,A,-3.9744406,-0.08915651,False,15,False,False
2021-04-03 16:00:00,A,-4.5074563,0.3242917,False,16,False,False
2021-04-03 17:00:00,A,-4.468775,0.5318365,False,17,False,False
2021-04-03 18:00:00,A,-4.7555904,0.7870438,False,18,False,False
2021-04-03 19:00:00,A,-5.3826632,1.4467021,False,19,False,False
2021-04-03 20:00:00,A,-5.380584,1.4511188,False,20,False,False
2021-04-03 21:00:00,A,-5.014681,1.3832403,False,21,False,False
2021-04-03 22:00:00,A,-5.165591,2.4375205,False,22,False,False
2021-04-03 23:00:00,A,-5.273416,1.9201573,False,23,False,False
2021-04-04 00:00:00,A,-4.9003186,0.16144896,False,0,False,False
2021-04-04 01:00:00,A,-4.0617204,-0.10262203,False,1,False,False
2021-04-04 02:00:00,A,-3.7701216,-0.5919116,False,2,False,False
2021-04-04 03:00:00,A,-3.8094754,-0.663638,False,3,False,False
2021-04-04 04:00:00,A,-4.1690984,-0.58375025,False,4,False,False
2021-04-04 05:00:00,A,-4.2505474,-1.0255895,False,5,False,False
2021-04-04 06:00:00,A,-4.0805626,-1.1858084,False,6,False,False
2021-04-04 07:00:00,A,-4.1425853,-1.0907835,False,7,False,False
2021-04-04 08:00:00,A,-4.5176,-0.7331919,False,8,False,False
2021-04-04 09:00:00,A,-4.4243965,0.17285311,False,9,False,False
2021-04-04 10:00:00,A,-4.897246,0.057232857,False,10,False,False
2021-04-04 11:00:00,A,-5.8081226,0.32447147,False,11,False,False
2021-04-04 12:00:00,A,-5.0055547,0.31411088,False,12,False,False
2021-04-04 13:00:00,A,-5.130566,0.9034358,False,13,False,False
2021-04-04 14:00:00,A,-5.6932793,1.362444,False,14,False,False
2021-04-04 15:00:00,A,-5.350024,0.5773406,False,15,False,False
2021-04-04 16:00:00,A,-4.479464,-0.17812485,False,16,False,False
2021-04-04 17:00:00,A,-3.876823,0.32385218,False,17,False,False
2021-04-04 18:00:00,A,-3.4154406,-0.23537576,False,18,False,False
2021-04-04 19:00:00,A,-3.6803474,0.066230774,False,19,False,False
2021-04-04 20:00:00,A,-4.2106466,0.49471843,False,20,False,False
2021-04-04 21:00:00,A,-3.3320155,-0.6146101,False,21,False,False
2021-04-04 22:00:00,A,-3.8939948,-0.21886164,False,22,False,False
2021-04-04 23:00:00,A,-3.9103503,-0.4084862,False,23,False,False
2021-04-05 00:00:00,A,-4.0922284,-0.34308493,True,0,False,False
2021-04-05 01:00:00,A,-3.5701523,-0.5606394,True,1,False,False
2021-04-05 02:00:00,A,-4.7551327,-0.42161357,True,2,False,False
2021-04-05 03:00:00,A,-5.5343075,0.029396534,True,3,False,False
2021-04-05 04:00:00,A,-4.8861537,0.14792657,True,4,False,False
2021-04-05 05:00:00,A,-4.8777966,0.53728116,True,5,False,False
2021-04-05 06:00:00,A,-5.3016863,0.9997393,True,6,False,False
2021-04-05 07:00:00,A,-5.6041017,0.7682774,True,7,False,False
2021-04-05 08:00:00,A,-4.7815247,0.583599,True,8,False,False
2021-04-05 09:00:00,A,-3.5497222,0.56793845,True,9,False,False
2021-04-05 10:00:00,A,-3.8154268,0.496814,True,10,False,False
2021-04-05 11:00:00,A,-4.025244,0.41794264,True,11,False,False
2021-04-05 12:00:00,A,-4.0117445,0.56011033,True,12,False,False
2021-04-05 13:00:00,A,-3.583127,0.5220742,True,13,False,False
2021-04-05 14:00:00,A,-3.1851063,0.39995384,True,14,False,False
2021-04-05 15:00:00,A,-3.7390647,0.33483863,True,15,False,False
2021-04-05 16:00:00,A,-3.9176078,0.2043947,True,16,False,False
2021-04-05 17:00:00,A,-3.4373364,-0.14868897,True,17,False,False
2021-04-05 18:00:00,A,-4.602904,0.06915653,True,18,False,False
2021-04-05 19:00:00,A,-5.27828,0.4674319,True,19,False,False
2021-04-05 20:00:00,A,-4.828183,0.37152302,True,20,False,False
2021-04-05 21:00:00,A,-4.308102,0.2838279,True,21,False,False
2021-04-05 22:00:00,A,-4.560175,0.60559356,True,22,False,False
2021-04-05 23:00:00,A,-4.5221663,0.39391422,True,23,False,False
2021-04-06 00:00:00,A,-3.7486205,0.029375672,True,0,False,False
2021-04-06 01:00:00,A,-2.6356049,-0.26804292,True,1,False,False
2021-04-06 02:00:00,A,-2.8489442,-0.05404401,True,2,False,False
2021-04-06 03:00:00,A,-2.9158678,0.049944162,True,3,False,False
2021-04-06 04:00:00,A,-3.3743277,0.28702593,True,4,False,False
2021-04-06 05:00:00,A,-2.9813042,0.09594405,True,5,False,False
2021-04-06 06:00:00,A,-2.5772328,-0.058997512,True,6,False,False
2021-04-06 07:00:00,A,-2.8316388,-0.22320592,True,7,False,False
2021-04-06 08:00:00,A,-2.4095483,-0.442268,True,8,False,False
2021-04-06 09:00:00,A,-2.6914635,-0.4900216,True,9,False,False
2021-04-06 10:00:00,A,-3.2280412,-0.069776654,True,10,False,False
2021-04-06 11:00:00,A,-3.2555652,0.22489107,True,11,False,False
2021-04-06 12:00:00,A,-3.0961735,0.021837354,True,12,False,False
2021-04-06 13:00:00,A,-2.7737813,-0.04507339,True,13,False,False
2021-04-06 14:00:00,A,-2.9185157,0.19369149,True,14,False,False
2021-04-06 15:00:00,A,-3.0837076,0.4253019,True,15,False,False
2021-04-06 16:00:00,A,-2.7443156,-0.1453085,True,16,False,False
2021-04-06 17:00:00,A,-2.3419597,-0.51613796,True,17,False,False
2021-04-06 18:00:00,A,-2.2336626,-0.6999443,True,18,False,False
2021-04-06 19:00:00,A,-2.1997702,-0.55316174,True,19,False,False
2021-04-06 20:00:00,A,-2.5220838,-0.2626596,True,20,False,False
2021-04-06 21:00:00,A,-2.2997427,-0.26028097,True,21,False,False
2021-04-06 22:00:00,A,-2.2528396,-0.25623894,True,22,False,False
2021-04-06 23:00:00,A,-2.1975808,-0.37329596,True,23,False,False
2021-04-07 00:00:00,A,-2.1828728,-0.6259362,True,0,False,False
2021-04-07 01:00:00,A,-1.6422086,-1.3097383,True,1,False,False
2021-04-07 02:00:00,A,-1.4746006,-1.3803709,True,2,False,False
2021-04-07 03:00:00,A,-2.134119,-1.006355,True,3,False,False
2021-04-07 04:00:00,A,-2.1922278,-1.1409028,True,4,False,False
2021-04-07 05:00:00,A,-2.1625085,-1.1372548,True,5,False,False
2021-04-07 06:00:00,A,-2.7154894,-0.8262214,True,6,False,False
2021-04-07 07:00:00,A,-2.7450686,-1.0207552,True,7,False,False
2021-04-07 08:00:00,A,-3.2957654,-0.13352132,True,8,True,False
2021-04-07 09:00:00,A,-2.4470549,0.26670372,True,9,True,False
2021-04-07 10:00:00,A,-1.9262581,-0.00445199,True,10,False,False
2021-04-07 11:00:00,A,-1.490622,-0.23457533,True,11,False,False
2021-04-07 12:00:00,A,-1.6517909,0.20772159,True,12,False,False
2021-04-07 13:00:00,A,-1.3754206,0.41727364,True,13,False,False
2021-04-07 14:00:00,A,-1.4419975,0.54131687,True,14,False,False
2021-04-07 15:00:00,A,-1.3941159,0.27605832,True,15,False,False
2021-04-07 16:00:00,A,-1.4674327,0.08255184,True,16,False,False
2021-04-07 17:00:00,A,-1.4190562,-0.23070246,True,17,False,False
2021-04-07 18:00:00,A,-1.5168564,0.14674723,True,18,False,False
2021-04-07 19:00:00,A,-1.4662476,0.6844413,True,19,False,False
2021-04-07 20:00:00,A,-1.6275342,0.89107907,True,20,False,False
2021-04-07 21:00:00,A,-1.180098,1.0875131,True,21,False,False
2021-04-07 22:00:00,A,-1.105871,1.7451135,True,22,False,False
2021-04-07 23:00:00,A,-1.0777533,1.8680123,True,23,False,False
2021-04-08 00:00:00,A,-0.61822265,1.4489034,True,0,False,False
2021-04-08 01:00:00,A,-0.33503276,1.4141673,True,1,False,False
2021-04-08 02:00:00,A,-0.046772182,1.2659758,True,2,False,False
2021-04-08 03:00:00,A,0.2630757,1.0864328,True,3,False,False
2021-04-08 04:00:00,A,0.19530931,1.4241177,True,4,False,False
2021-04-08 05:00:00,A,0.20379263,1.5869719,True,5,False,False
2021-04-08 06:00:00,A,0.22397444,1.9374799,True,6,False,False
2021-04-08 07:00:00,A,0.047694236,1.5847641,True,7,False,False
2021-04-08 08:00:00,A,-0.075374305,1.3123621,True,8,False,False
2021-04-08 09:00:00,A,0.013964057,1.0934147,True,9,False,False
2021-04-08 10:00:00,A,-0.037411332,1.2188696,True,10,False,False
2021-04-08 11:00:00,A,0.5643382,1.3376871,True,11,False,False
2021-04-08 12:00:00,A,0.60935867,1.4071704,True,12,False,False
2021-04-08 13:00:00,A,0.5994476,1.7332116,True,13,False,False
2021-04-08 14:00:00,A,0.80186725,2.2080607,True,14,False,False
2021-04-08 15:00:00,A,0.49542063,2.4454136,True,15,False,False
2021-04-08 16:00:00,A,0.6926883,2.3901677,True,16,False,False
2021-04-08 17:00:00,A,1.6056788,1.8395277,True,17,False,False
2021-04-08 18:00:00,A,1.5595899,1.8536717,True,18,False,False
2021-04-08 19:00:00,A,1.4404287,2.2832127,True,19,False,False
2021-04-08 20:00:00,A,2.1648772,2.3174787,True,20,False,False
2021-04-08 21:00:00,A,2.1072469,2.4916801,True,21,False,False
2021-04-08 22:00:00,A,1.8934717,2.650332,True,22,False,False
2021-04-08 23:00:00,A,1.2614973,2.3196054,True,23,False,False
2021-04-09 00:00:00,A,0.85787845,2.3830547,True,0,False,False
2021-04-09 01:00:00,A,1.2026289,2.412404,True,1,False,False
2021-04-09 02:00:00,A,0.9641963,2.271906,True,2,False,False
2021-04-09 03:00:00,A,1.3144407,2.343893,True,3,False,False
2021-04-09 04:00:00,A,0.8327939,2.444057,True,4,False,False
2021-04-09 05:00:00,A,0.41949996,2.6219625,True,5,False,False
2021-04-09 06:00:00,A,0.5973383,2.9093323,True,6,False,False
2021-04-09 07:00:00,A,0.33729577,2.7728329,True,7,False,False
2021-04-09 08:00:00,A,1.4302769,2.7363696,True,8,False,False
2021-04-09 09:00:00,A,1.9892254,2.4122214,True,9,False,False
2021-04-09 10:00:00,A,1.7751331,2.3648071,True,10,False,False
2021-04-09 11:00:00,A,1.9626343,2.3110733,True,11,False,False
2021-04-09 12:00:00,A,2.2065396,2.2490177,True,12,False,False
2021-04-09 13:00:00,A,2.7156491,2.3651175,True,13,False,False
2021-04-09 14:00:00,A,2.551487,2.405623,True,14,False,False
2021-04-09 15:00:00,A,2.3179836,2.2249575,True,15,False,False
2021-04-09 16:00:00,A,0.90882164,2.3372416,True,16,False,False
2021-04-09 17:00:00,A,1.3011162,2.1499782,True,17,False,False
2021-04-09 18:00:00,A,0.60197866,2.2524157,True,18,False,False
2021-04-09 19:00:00,A,1.1334496,2.4463186,True,19,False,False
2021-04-09 20:00:00,A,0.52096236,2.7326427,True,20,False,False
2021-04-09 21:00:00,A,0.36265674,2.8872576,True,21,False,False
2021-04-09 22:00:00,A,0.4084937,3.138054,True,22,False,False
2021-04-09 23:00:00,A,-0.21325701,3.280365,True,23,False,False
2021-04-10 00:00:00,A,0.6775809,2.735948,False,0,False,False
2021-04-10 01:00:00,A,1.6326461,2.4670882,False,1,False,False
2021-04-10 02:00:00,A,2.1174562,2.2610936,False,2,False,False
2021-04-10 03:00:00,A,2.1712816,2.1439514,False,3,False,False
2021-04-10 04:00:00,A,2.419624,2.110571,False,4,False,False
2021-04-10 05:00:00,A,2.7997565,2.3586574,False,5,False,False
2021-04-10 06:00:00,A,2.5919204,2.4298625,False,6,False,False
2021-04-10 07:00:00,A,2.42751,2.225164,False,7,False,False
2021-04-10 08:00:00,A,1.2235022,2.1106572,False,8,False,False
2021-04-10 09:00:00,A,1.2615974,1.9190558,False,9,False,False
2021-04-10 10:00:00,A,0.54386944,2.152687,False,10,False,False
2021-04-10 11:00:00,A,0.88158184,2.1439748,False,11,False,False
2021-04-10 12:00:00,A,0.22192878,2.2766123,False,12,False,False
2021-04-10 13:00:00,A,0.014891446,2.2986202,False,13,False,False
2021-04-10 14:00:00,A,-0.10043341,2.390542,False,14,False,False
2021-04-10 15:00:00,A,-0.81595343,2.4420695,False,15,False,False
2021-04-10 16:00:00,A,-0.20902008,1.9378442,False,16,False,False
2021-04-10 17:00:00,A,0.3555621,1.7709144,False,17,False,False
2021-04-10 18:00:00,A,0.40769798,1.422666,False,18,False,False
2021-04-10 19:00:00,A,0.79393435,1.2330693,False,19,False,False
2021-04-10 20:00:00,A,0.79859626,1.2629954,False,20,False,False
2021-04-10 21:00:00,A,0.99983877,1.2780699,False,21,False,False
2021-04-10 22:00:00,A,1.264122,1.2592713,False,22,False,False
2021-04-10 23:00:00,A,1.3021791,0.8330927,False,23,False,False
2021-04-11 00:00:00,A,0.60015905,0.81282616,False,0,False,False
2021-04-11 01:00:00,A,0.711365,0.5209638,False,1,False,False
2021-04-11 02:00:00,A,-0.00048708916,0.7793602,False,2,False,False
2021-04-11 03:00:00,A,0.3513314,0.7123405,False,3,False,False
2021-04-11 04:00:00,A,-0.12490034,0.7700919,False,4,False,False
2021-04-11 05:00:00,A,0.08879787,0.7234918,False,5,False,False
2021-04-11 06:00:00,A,-0.24602717,0.78123677,False,6,False,False
2021-04-11 07:00:00,A,-1.1391852,1.0987419,False,7,False,False
2021-04-11 08:00:00,A,-0.20718026,0.4713962,False,8,False,False
2021-04-11 09:00:00,A,0.29924387,0.29253805,False,9,False,False
2021-04-11 10:00:00,A,0.49276936,0.072541,False,10,False,False
2021-04-11 11:00:00,A,0.5207663,-0.13165867,False,11,False,False
2021-04-11 12:00:00,A,0.3051577,-0.044206858,False,12,False,False
2021-04-11 13:00:00,A,0.2404924,-0.0669682,False,13,False,False
2021-04-11 14:00:00,A,-0.14507157,-0.016522646,False,14,False,False
2021-04-11 15:00:00,A,-0.1306085,-0.36194807,False,15,False,False
2021-04-11 16:00:00,A,-0.62741095,-0.48390776,False,16,False,False
2021-04-11 17:00:00,A,-0.71307355,-0.70491767,False,17,False,False
2021-04-11 18:00:00,A,-0.77146703,-0.59854585,False,18,False,False
2021-04-11 19:00:00,A,-1.063072,-0.5420177,False,19,False,False
2021-04-11 20:00:00,A,-1.2406859,-0.7133274,False,20,False,False
2021-04-11 21:00:00,A,-1.0617862,-0.7606159,False,21,False,False
2021-04-11 22:00:00,A,-1.3710828,-0.82885826,False,22,False,False
2021-04-11 23:00:00,A,-2.0839937,-0.6365975,False,23,False,False
2021-04-12 00:00:00,A,-1.5657513,-1.000408,True,0,False,False
2021-04-12 01:00:00,A,-1.1180229,-1.1017822,True,1,False,False
2021-04-12 02:00:00,A,-1.053098,-1.1389287,True,2,False,False
2021-04-12 03:00:00,A,-1.1971784,-1.1701909,True,3,False,False
2021-04-12 04:00:00,A,-1.3414199,-1.0627401,True,4,False,False
2021-04-12 05:00:00,A,-1.0113909,-1.0807202,True,5,False,False
2021-04-12 06:00:00,A,-0.9364013,-1.0617958,True,6,False,False
2021-04-12 07:00:00,A,-0.8479807,-1.2835984,True,7,False,False
2021-04-12 08:00:00,A,-1.0431945,-1.4257917,True,8,False,False
2021-04-12 09:00:00,A,-1.1495807,-1.4695002,True,9,False,False
2021-04-12 10:00:00,A,-1.2342684,-1.2651949,True,10,False,False
2021-04-12 11:00:00,A,-1.2281377,-1.1874152,True,11,False,False
2021-04-12 12:00:00,A,-1.1440804,-1.268965,True,12,False,False
2021-04-12 13:00:00,A,-0.9514139,-1.182082,True,13,False,False
2021-04-12 14:00:00,A,-1.0794048,-1.0811841,True,14,False,False
2021-04-12 15:00:00,A,-1.2516165,-0.9717579,True,15,False,False
2021-04-12 16:00:00,A,-1.3353851,-1.0866666,True,16,False,False
2021-04-12 17:00:00,A,-1.2176263,-1.1773642,True,17,False,False
2021-04-12 18:00:00,A,-1.0601888,-1.2558364,True,18,False,False
2021-04-12 19:00:00,A,-1.1232882,-1.2397459,True,19,False,False
2021-04-12 20:00:00,A,-1.4561162,-1.0447811,True,20,False,False
2021-04-12 21:00:00,A,-1.165623,-1.2077844,True,21,False,False
2021-04-12 22:00:00,A,-1.1529171,-1.1449164,True,22,False,False
2021-04-12 23:00:00,A,-1.074692,-1.3959808,True,23,False,False
2021-04-13 00:00:00,A,-1.2442572,-1.5517092,True,0,False,False
2021-04-13 01:00:00,A,-1.3301482,-1.4809635,True,1,False,False
2021-04-13 02:00:00,A,-1.3253598,-1.3942307,True,2,False,False
2021-04-13 03:00:00,A,-1.3149548,-1.3247926,True,3,False,False
2021-04-13 04:00:00,A,-1.2278836,-1.3644075,True,4,False,False
2021-04-13 05:00:00,A,-1.0266495,-1.3277028,True,5,False,False
2021-04-13 06:00:00,A,-1.057874,-1.2932856,True,6,False,False
2021-04-13 07:00:00,A,-1.0266447,-1.2859664,True,7,False,False
2021-04-13 08:00:00,A,-1.0474846,-1.5372562,True,8,False,False
2021-04-13 09:00:00,A,-0.87867135,-1.6165464,True,9,False,False
2021-04-13 10:00:00,A,-0.9152977,-1.586741,True,10,False,False
2021-04-13 11:00:00,A,-0.84833354,-1.6434382,True,11,False,False
2021-04-13 12:00:00,A,-0.92360646,-1.5823355,True,12,False,False
2021-04-13 13:00:00,A,-0.8223532,-1.5703801,True,13,False,False
2021-04-13 14:00:00,A,-1.016403,-1.2998345,True,14,False,False
2021-04-13 15:00:00,A,-0.8400299,-1.5768244,True,15,False,False
2021-04-13 16:00:00,A,-0.928345,-1.6401823,True,16,False,False
2021-04-13 17:00:00,A,-0.94201463,-1.6104616,True,17,False,False
2021-04-13 18:00:00,A,-0.8771071,-1.4894049,True,18,False,False
2021-04-13 19:00:00,A,-0.9753582,-1.4184921,True,19,False,False
2021-04-13 20:00:00,A,-0.9840259,-1.4636401,True,20,False,False
2021-04-13 21:00:00,A,-0.8646235,-1.5644511,True,21,False,False
2021-04-13 22:00:00,A,-1.0389321,-1.4955169,True,22,False,False
2021-04-13 23:00:00,A,-1.0499752,-1.5297724,True,23,False,False
2021-04-14 00:00:00,A,-1.1598198,-1.7067671,True,0,False,False
2021-04-14 01:00:00,A,-0.9278042,-1.7698193,True,1,False,False
2021-04-14 02:00:00,A,-0.98562866,-1.6785272,True,2,False,False
2021-04-14 03:00:00,A,-0.8786054,-1.6935945,True,3,False,False
2021-04-14 04:00:00,A,-0.9340028,-1.6891775,True,4,False,False
2021-04-14 05:00:00,A,-0.9472603,-1.7031586,True,5,False,False
2021-04-14 06:00:00,A,-1.0626471,-1.4264164,True,6,False,False
2021-04-14 07:00:00,A,-0.927169,-1.6497536,True,7,False,False
2021-04-14 08:00:00,A,-0.9397964,-1.7224193,True,8,False,False
2021-04-14 09:00:00,A,-0.83962935,-1.6098486,True,9,False,False
2021-04-14 10:00:00,A,-0.65792614,-1.4631339,True,10,False,False
2021-04-14 11:00:00,A,-0.51616055,-1.3323995,True,11,False,False
2021-04-14 12:00:00,A,-0.3701836,-1.2867182,True,12,False,False
2021-04-14 13:00:00,A,-0.09110081,-1.2037554,True,13,False,False
2021-04-14 14:00:00,A,-0.00046288967,-1.0770547,True,14,False,False
2021-04-14 15:00:00,A,-0.05148357,-1.0220841,True,15,False,False
2021-04-14 16:00:00,A,-0.0029557943,-1.0517224,True,16,False,False
2021-04-14 17:00:00,A,0.21323374,-1.085877,True,17,False,False
2021-04-14 18:00:00,A,0.1773557,-0.94681615,True,18,False,False
2021-04-14 19:00:00,A,0.35154882,-0.8280735,True,19,False,False
2021-04-14 20:00:00,A,0.38438419,-0.7804153,True,20,False,False
2021-04-14 21:00:00,A,0.5848304,-0.7121908,True,21,False,False
2021-04-14 22:00:00,A,0.49540195,-0.4230743,True,22,False,False
2021-04-14 23:00:00,A,0.66414243,-0.5938213,True,23,False,False
2021-04-15 00:00:00,A,0.62595713,-0.6088189,True,0,False,False
2021-04-15 01:00:00,A,0.6865525,-0.47880346,True,1,False,False
2021-04-15 02:00:00,A,0.81996584,-0.3928944,True,2,False,False
2021-04-15 03:00:00,A,0.9224745,-0.2910602,True,3,False,False
2021-04-15 04:00:00,A,0.9846684,-0.26114607,True,4,False,False
2021-04-15 05:00:00,A,1.2412574,-0.21485609,True,5,False,False
2021-04-15 06:00:00,A,1.3312182,-0.16696215,True,6,False,False
2021-04-15 07:00:00,A,1.3479955,-0.18825787,True,7,False,False
2021-04-15 08:00:00,A,1.3809555,-0.23686725,True,8,False,False
2021-04-15 09:00:00,A,1.7208276,-0.2319622,True,9,False,False
2021-04-15 10:00:00,A,1.6805258,-0.13006043,True,10,False,False
2021-04-15 11:00:00,A,1.9421353,-0.045325637,True,11,False,False
2021-04-15 12:00:00,A,2.0629933,-0.028398156,True,12,False,False
2021-04-15 13:00:00,A,2.2951367,0.09734142,True,13,False,False
2021-04-15 14:00:00,A,2.3183854,0.3413726,True,14,False,False
2021-04-15 15:00:00,A,2.5315034,0.2205503,True,15,False,False
2021-04-15 16:00:00,A,2.4380112,0.27426112,True,16,False,False
2021-04-15 17:00:00,A,2.6431835,0.31677163,True,17,False,False
2021-04-15 18:00:00,A,2.7244515,0.4442855,True,18,False,False
2021-04-15 19:00:00,A,2.941856,0.63372743,True,19,False,False
2021-04-15 20:00:00,A,2.934472,0.67430305,True,20,False,False
2021-04-15 21:00:00,A,3.211602,0.73060143,True,21,False,False
2021-04-15 22:00:00,A,3.3696074,0.7172526,True,22,False,False
2021-04-15 23:00:00,A,3.3289907,0.7705108,True,23,False,False
2021-04-16 00:00:00,A,3.329225,0.7854117,True,0,False,False
2021-04-16 01:00:00,A,3.5382862,0.7148696,True,1,False,False
2021-04-16 02:00:00,A,3.514114,0.6860626,True,2,False,False
2021-04-16 03:00:00,A,3.6310647,0.72717583,True,3,False,False
2021-04-16 04:00:00,A,3.4159613,0.8314992,True,4,False,False
2021-04-16 05:00:00,A,3.6501305,0.8183168,True,5,False,False
2021-04-16 06:00:00,A,3.6186094,0.88446414,True,6,False,False
2021-04-16 07:00:00,A,3.6069481,0.85042155,True,7,False,False
2021-04-16 08:00:00,A,3.410606,0.8281468,True,8,False,False
2021-04-16 09:00:00,A,3.4960232,0.7639929,True,9,False,False
2021-04-16 10:00:00,A,3.3623724,0.82417214,True,10,False,False
2021-04-16 11:00:00,A,3.4453979,0.90545976,True,11,False,False
2021-04-16 12:00:00,A,3.2624342,0.85722744,True,12,False,False
2021-04-16 13:00:00,A,3.4527779,0.85860384,True,13,False,False
2021-04-16 14:00:00,A,3.4472167,0.86423385,True,14,False,False
2021-04-16 15:00:00,A,3.4721756,0.76394784,True,15,False,False
2021-04-16 16:00:00,A,3.3173513,0.7313646,True,16,False,False
2021-04-16 17:00:00,A,3.510538,0.7172173,True,17,False,False
2021-04-16 18:00:00,A,3.4849684,0.7066103,True,18,False,False
2021-04-16 19:00:00,A,3.6011868,0.79451144,True,19,False,False
2021-04-16 20:00:00,A,3.3824372,0.7487539,True,20,False,False
2021-04-16 21:00:00,A,3.651556,0.7704524,True,21,False,False
2021-04-16 22:00:00,A,3.574862,0.7891747,True,22,False,False
2021-04-16 23:00:00,A,3.5306678,0.7513441,True,23,False,False
2021-04-17 00:00:00,A,3.3416708,0.78478026,False,0,False,False
2021-04-17 01:00:00,A,3.5431252,0.7036905,False,1,False,False
2021-04-17 02:00:00,A,3.467729,0.8583387,False,2,False,False
2021-04-17 03:00:00,A,3.4732206,0.9928485,False,3,False,False
2021-04-17 04:00:00,A,3.273551,0.9658524,False,4,False,False
2021-04-17 05:00:00,A,3.3441677,1.0919329,False,5,False,False
2021-04-17 06:00:00,A,3.3856888,1.0920316,False,6,False,False
2021-04-17 07:00:00,A,3.3774571,1.0593642,False,7,False,False
2021-04-17 08:00:00,A,3.260275,0.97585213,False,8,False,False
2021-04-17 09:00:00,A,3.3599272,0.8261069,False,9,False,False
2021-04-17 10:00:00,A,3.204945,0.6233282,False,10,False,False
2021-04-17 11:00:00,A,3.097219,0.5925025,False,11,False,False
2021-04-17 12:00:00,A,2.7326233,0.49677134,False,12,False,False
2021-04-17 13:00:00,A,2.8452063,0.38005316,False,13,False,False
2021-04-17 14:00:00,A,2.6705418,0.3419608,False,14,False,False
2021-04-17 15:00:00,A,2.5836203,0.30290473,False,15,False,False
2021-04-17 16:00:00,A,2.2614625,0.23416042,False,16,False,False
2021-04-17 17:00:00,A,2.4043725,0.04347384,False,17,False,False
2021-04-17 18:00:00,A,2.31131,0.04306209,False,18,False,False
2021-04-17 19:00:00,A,2.2213688,0.095826745,False,19,False,False
2021-04-17 20:00:00,A,2.0028398,-0.025198698,False,20,False,False
2021-04-17 21:00:00,A,1.9693344,0.022404432,False,21,False,False
2021-04-17 22:00:00,A,1.9530778,-0.09067595,False,22,False,False
2021-04-17 23:00:00,A,1.8934376,-0.24570763,False,23,False,False
2021-04-18 00:00:00,A,1.7164891,-0.2647025,False,0,False,False
2021-04-18 01:00:00,A,1.84955,-0.35322028,False,1,False,False
2021-04-18 02:00:00,A,1.7621291,-0.5109292,False,2,False,False
2021-04-18 03:00:00,A,1.711683,-0.56718636,False,3,False,False
2021-04-18 04:00:00,A,1.4467905,-0.6479436,False,4,False,False
2021-04-18 05:00:00,A,1.5311425,-0.74564666,False,5,False,False
2021-04-18 06:00:00,A,1.3900205,-0.77779883,False,6,False,False
2021-04-18 07:00:00,A,1.3378232,-0.80959916,False,7,False,False
2021-04-18 08:00:00,A,1.060724,-0.8567084,False,8,False,False
2021-04-18 09:00:00,A,1.1516135,-1.0025986,False,9,False,False
2021-04-18 10:00:00,A,1.0283732,-0.9479269,False,10,False,False
2021-04-18 11:00:00,A,0.9150114,-0.8901773,False,11,False,False
2021-04-18 12:00:00,A,0.6594015,-0.9809948,False,12,False,False
2021-04-18 13:00:00,A,0.626711,-0.9698405,False,13,False,False
2021-04-18 14:00:00,A,0.5299038,-1.06444,False,14,False,False
2021-04-18 15:00:00,A,0.410586,-1.25961,False,15,False,False
2021-04-18 16:00:00,A,0.25473037,-1.3226917,False,16,False,False
2021-04-18 17:00:00,A,0.23346767,-1.4558153,False,17,False,False
2021-04-18 18:00:00,A,0.15936506,-1.6013495,False,18,False,False
2021-04-18 19:00:00,A,0.058217943,-1.7325828,False,19,False,False
2021-04-18 20:00:00,A,-0.1999386,-1.8089746,False,20,False,False
2021-04-18 21:00:00,A,-0.187707,-1.9523728,False,21,False,False
2021-04-18 22:00:00,A,-0.36687207,-1.9813081,False,22,False,False
2021-04-18 23:00:00,A,-0.38656944,-2.0705228,False,23,False,False
2021-04-19 00:00:00,A,-0.6861493,-2.071797,True,0,False,False
2021-04-19 01:00:00,A,-0.6608464,-1.9331911,True,1,False,False
2021-04-19 02:00:00,A,-0.8279812,-1.5907466,True,2,False,False
2021-04-19 03:00:00,A,-1.0120475,-1.2683761,True,3,False,False
2021-04-19 04:00:00,A,-1.1129892,-1.2570126,True,4,False,False
2021-04-19 05:00:00,A,-1.1415653,-1.2663498,True,5,False,False
2021-04-19 06:00:00,A,-1.4395804,-0.7142825,True,6,False,False
2021-04-19 07:00:00,A,-1.4952626,-0.9059918,True,7,False,False
2021-04-19 08:00:00,A,-1.1409688,-1.6528125,True,8,False,False
2021-04-19 09:00:00,A,-1.2103984,-1.5795071,True,9,False,False
2021-04-19 10:00:00,A,-1.1134648,-1.6822977,True,10,False,False
2021-04-19 11:00:00,A,-0.9633898,-1.8562195,True,11,False,False
2021-04-19 12:00:00,A,-1.1363125,-1.7771037,True,12,False,False
2021-04-19 13:00:00,A,-0.90146893,-1.8959231,True,13,False,False
2021-04-19 14:00:00,A,-1.0269907,-1.7435726,True,14,False,False
2021-04-19 15:00:00,A,-0.91856974,-1.9259784,True,15,False,False
2021-04-19 16:00:00,A,-1.2208669,-1.8565342,True,16,False,False
2021-04-19 17:00:00,A,-1.2708066,-1.9363579,True,17,False,False
2021-04-19 18:00:00,A,-1.5657239,-1.6498326,True,18,False,False
2021-04-19 19:00:00,A,-1.543498,-1.5629302,True,19,False,False
2021-04-19 20:00:00,A,-1.5241809,-1.6292224,True,20,False,False
2021-04-19 21:00:00,A,-1.3035076,-1.7084162,True,21,False,False
2021-04-19 22:00:00,A,-1.5109327,-1.515134,True,22,False,False
2021-04-19 23:00:00,A,-1.5775995,-1.5774698,True,23,False,False
2021-04-20 00:00:00,A,-1.3806963,-1.7236533,True,0,False,False
2021-04-20 01:00:00,A,-1.5386457,-1.5013562,True,1,False,False
2021-04-20 02:00:00,A,-1.5048118,-1.5082865,True,2,False,False
2021-04-20 03:00:00,A,-1.5874705,-1.5189798,True,3,False,False
2021-04-20 04:00:00,A,-1.973125,-1.4244485,True,4,False,False
2021-04-20 05:00:00,A,-1.7580166,-1.3716904,True,5,False,False
2021-04-20 06:00:00,A,-1.9247472,-1.3226982,True,6,False,False
2021-04-20 07:00:00,A,-1.8259287,-1.4573519,True,7,False,False
2021-04-20 08:00:00,A,-1.8641789,-1.8924804,True,8,False,False
2021-04-20 09:00:00,A,-2.1494117,-1.824996,True,9,False,False
2021-04-20 10:00:00,A,-2.176657,-1.6132894,True,10,False,False
2021-04-20 11:00:00,A,-2.2847767,-1.3750216,True,11,False,False
2021-04-20 12:00:00,A,-2.149942,-1.3719223,True,12,False,False
2021-04-20 13:00:00,A,-1.8842149,-1.3830131,True,13,False,False
2021-04-20 14:00:00,A,-2.2403762,-1.1443834,True,14,False,False
2021-04-20 15:00:00,A,-2.3131692,-1.1545357,True,15,False,False
2021-04-20 16:00:00,A,-1.9987197,-1.4274571,True,16,False,False
2021-04-20 17:00:00,A,-2.2217994,-1.6472796,True,17,False,False
2021-04-20 18:00:00,A,-2.0465257,-1.7304535,True,18,False,False
2021-04-20 19:00:00,A,-1.9397063,-1.7882942,True,19,False,False
2021-04-20 20:00:00,A,-2.0386648,-1.5972463,True,20,False,False
2021-04-20 21:00:00,A,-1.7236123,-1.6694338,True,21,False,False
2021-04-20 22:00:00,A,-1.7849011,-1.664013,True,22,False,False
2021-04-20 23:00:00,A,-1.5013845,-1.6577673,True,23,False,False
2021-04-21 00:00:00,A,-1.729847,-1.6568404,True,0,False,False
2021-04-21 01:00:00,A,-1.8726761,-1.5947512,True,1,False,False
2021-04-21 02:00:00,A,-1.9604359,-1.3327663,True,2,False,False
2021-04-21 03:00:00,A,-2.0754013,-1.1057568,True,3,False,False
2021-04-21 04:00:00,A,-2.044842,-1.1556405,True,4,False,False
2021-04-21 05:00:00,A,-1.6536999,-1.384666,True,5,False,False
2021-04-21 06:00:00,A,-1.7729979,-1.2098091,True,6,False,False
2021-04-21 07:00:00,A,-1.7500513,-1.2614831,True,7,False,False
2021-04-21 08:00:00,A,-1.5356107,-1.4064496,True,8,False,False
2021-04-21 09:00:00,A,-1.530797,-1.449119,True,9,False,False
2021-04-21 10:00:00,A,-1.3826969,-1.4274808,True,10,False,False
2021-04-21 11:00:00,A,-1.121789,-1.3853964,True,11,False,False
2021-04-21 12:00:00,A,-1.0338154,-1.1352495,True,12,False,False
2021-04-21 13:00:00,A,-0.58731765,-1.0925441,True,13,False,False
2021-04-21 14:00:00,A,-0.4898569,-1.0369881,True,14,False,False
2021-04-21 15:00:00,A,-0.2903549,-1.0731368,True,15,False,False
2021-04-21 16:00:00,A,-0.41505104,-0.9795306,True,16,False,False
2021-04-21 17:00:00,A,-0.4209754,-0.89692086,True,17,False,False
2021-04-21 18:00:00,A,-0.5333161,-0.5457076,True,18,False,False
2021-04-21 19:00:00,A,-0.5618141,-0.19642413,True,19,False,False
2021-04-21 20:00:00,A,-0.44313103,-0.21510655,True,20,False,False
2021-04-21 21:00:00,A,-0.055068374,-0.3730964,True,21,False,False
2021-04-21 22:00:00,A,-0.11162186,-0.15339577,True,22,False,False
2021-04-21 23:00:00,A,-0.044567943,-0.13070107,True,23,False,False
2021-04-22 00:00:00,A,0.09055096,-0.22401386,True,0,False,False
2021-04-22 01:00:00,A,-0.06919646,-0.2372824,True,1,False,False
2021-04-22 02:00:00,A,0.10344997,-0.25841796,True,2,False,False
2021-04-22 03:00:00,A,0.27781266,-0.27438527,True,3,False,False
2021-04-22 04:00:00,A,0.3178041,-0.07747793,True,4,False,False
2021-04-22 05:00:00,A,0.8006999,-0.05716431,True,5,False,False
2021-04-22 06:00:00,A,0.85497594,0.0046828985,True,6,False,False
2021-04-22 07:00:00,A,1.0893257,-0.03574717,True,7,False,False
2021-04-22 08:00:00,A,0.9578297,-0.01318562,True,8,False,False
2021-04-22 09:00:00,A,1.0947067,-0.018970609,True,9,False,False
2021-04-22 10:00:00,A,1.0763133,0.24788499,True,10,False,False
2021-04-22 11:00:00,A,1.1259928,0.5794507,True,11,False,False
2021-04-22 12:00:00,A,1.3042974,0.5504415,True,12,False,False
2021-04-22 13:00:00,A,1.6650476,0.5621377,True,13,False,False
2021-04-22 14:00:00,A,1.6084929,0.8287817,True,14,False,False
2021-04-22 15:00:00,A,1.6968946,0.87224495,True,15,False,False
2021-04-22 16:00:00,A,1.7397976,0.8318156,True,16,False,False
2021-04-22 17:00:00,A,1.8254135,0.7166184,True,17,False,False
2021-04-22 18:00:00,A,1.8249571,0.8536744,True,18,False,False
2021-04-22 19:00:00,A,2.053181,0.85710585,True,19,False,False
2021-04-22 20:00:00,A,2.1062267,1.050466,True,20,False,False
2021-04-22 21:00:00,A,2.6182957,1.0262109,True,21,False,False
2021-04-22 22:00:00,A,2.6349056,1.0989951,True,22,False,False
2021-04-22 23:00:00,A,2.817523,1.1544825,True,23,False,False
2021-04-23 00:00:00,A,2.7339456,1.1656986,True,0,False,False
2021-04-23 01:00:00,A,2.9102678,1.0917093,True,1,False,False
2021-04-23 02:00:00,A,2.9260743,1.2035776,True,2,False,False
2021-04-23 03:00:00,A,3.092002,1.2650906,True,3,False,False
2021-04-23 04:00:00,A,3.1727986,1.1655179,True,4,False,False
2021-04-23 05:00:00,A,3.5464659,1.1023341,True,5,False,False
2021-04-23 06:00:00,A,3.5036087,1.2764331,True,6,False,False
2021-04-23 07:00:00,A,3.6085887,1.2278389,True,7,False,False
2021-04-23 08:00:00,A,3.3990474,1.1641065,True,8,False,False
2021-04-23 09:00:00,A,3.4425683,1.0719022,True,9,False,False
2021-04-23 10:00:00,A,3.2438588,1.2017041,True,10,False,False
2021-04-23 11:00:00,A,3.3729901,1.1095482,True,11,False,False
2021-04-23 12:00:00,A,3.2754426,1.085477,True,12,False,False
2021-04-23 13:00:00,A,3.5690937,0.9926666,True,13,False,False
2021-04-23 14:00:00,A,3.4681163,1.006025,True,14,False,False
2021-04-23 15:00:00,A,3.4743037,1.0758928,True,15,False,False
2021-04-23 16:00:00,A,3.271524,1.0998496,True,16,False,False
2021-04-23 17:00:00,A,3.4532447,0.9484147,True,17,False,False
2021-04-23 18:00:00,A,3.4559736,1.0077933,True,18,False,False
2021-04-23 19:00:00,A,3.533588,1.1218778,True,19,False,False
2021-04-23 20:00:00,A,3.4579656,0.9872695,True,20,False,False
2021-04-23 21:00:00,A,3.5944037,0.9295999,True,21,False,False
2021-04-23 22:00:00,A,3.4862401,1.179706,True,22,False,False
2021-04-23 23:00:00,A,3.4807093,1.1702634,True,23,False,False
2021-04-24 00:00:00,A,3.2649827,1.1675237,False,0,False,False
2021-04-24 01:00:00,A,3.2598894,1.0644985,False,1,False,False
2021-04-24 02:00:00,A,3.158534,1.1737837,False,2,False,False
2021-04-24 03:00:00,A,3.3536954,1.0643169,False,3,False,False
2021-04-24 04:00:00,A,3.3155928,1.0197226,False,4,False,False
2021-04-24 05:00:00,A,3.5869017,0.9340166,False,5,False,False
2021-04-24 06:00:00,A,3.520947,0.9518546,False,6,False,False
2021-04-24 07:00:00,A,3.5604658,1.0129517,False,7,False,False
2021-04-24 08:00:00,A,3.3464513,1.1105748,False,8,False,False
2021-04-24 09:00:00,A,3.3532684,0.9586469,False,9,False,False
2021-04-24 10:00:00,A,3.2249408,0.9673923,False,10,False,False
2021-04-24 11:00:00,A,3.169735,0.9716805,False,11,False,False
2021-04-24 12:00:00,A,2.897799,0.7311548,False,12,False,False
2021-04-24 13:00:00,A,2.9236798,0.529768,False,13,False,False
2021-04-24 14:00:00,A,2.616069,0.6421429,False,14,False,False
2021-04-24 15:00:00,A,2.5465481,0.53520775,False,15,False,False
2021-04-24 16:00:00,A,2.2634907,0.42543507,False,16,False,False
2021-04-24 17:00:00,A,2.3665495,0.17505884,False,17,False,False
2021-04-24 18:00:00,A,2.2729461,0.19205034,False,18,False,False
2021-04-24 19:00:00,A,2.2553282,0.055032372,False,19,False,False
2021-04-24 20:00:00,A,2.0759265,-0.034223914,False,20,False,False
2021-04-24 21:00:00,A,2.091608,-0.044774532,False,21,False,False
2021-04-24 22:00:00,A,1.9565761,-0.055892825,False,22,False,False
2021-04-24 23:00:00,A,1.8993261,-0.07130325,False,23,False,False
2021-04-25 00:00:00,A,1.7136354,-0.12260318,False,0,False,False
2021-04-25 01:00:00,A,1.8295488,-0.26953173,False,1,False,False
2021-04-25 02:00:00,A,1.8014913,-0.27330863,False,2,False,False
2021-04-25 03:00:00,A,1.7995656,-0.19214934,False,3,False,False
2021-04-25 04:00:00,A,1.6072094,-0.4218284,False,4,False,False
2021-04-25 05:00:00,A,1.5849054,-0.59689873,False,5,False,False
2021-04-25 06:00:00,A,1.3857234,-0.48200464,False,6,False,False
2021-04-25 07:00:00,A,1.3043051,-0.5885751,False,7,False,False
2021-04-25 08:00:00,A,1.1022148,-0.69365656,False,8,False,False
2021-04-25 09:00:00,A,1.1229451,-0.837831,False,9,False,False
2021-04-25 10:00:00,A,1.0306134,-0.8098024,False,10,False,False
2021-04-25 11:00:00,A,1.0055923,-0.9736565,False,11,False,False
2021-04-25 12:00:00,A,0.7975896,-1.0767524,False,12,False,False
2021-04-25 13:00:00,A,0.80722225,-1.0780356,False,13,False,False
2021-04-25 14:00:00,A,0.59685355,-1.1049182,False,14,False,False
2021-04-25 15:00:00,A,0.6070158,-1.198562,False,15,False,False
2021-04-25 16:00:00,A,0.38538867,-1.226652,False,16,False,False
2021-04-25 17:00:00,A,0.34327173,-1.4067438,False,17,False,False
2021-04-25 18:00:00,A,0.34731802,-1.4355224,False,18,False,False
2021-04-25 19:00:00,A,0.27871373,-1.4125866,False,19,False,False
2021-04-25 20:00:00,A,0.026300132,-1.6398666,False,20,False,False
2021-04-25 21:00:00,A,-0.012865663,-1.7739539,False,21,False,False
2021-04-25 22:00:00,A,-0.20875925,-1.7052853,False,22,False,False
2021-04-25 23:00:00,A,-0.28633404,-1.7324182,False,23,False,False
2021-04-26 00:00:00,A,-0.5079288,-1.8570547,True,0,False,False
2021-04-26 01:00:00,A,-0.42750853,-2.0208063,True,1,False,False
2021-04-26 02:00:00,A,-0.45003545,-1.9264696,True,2,False,False
2021-04-26 03:00:00,A,-0.47304708,-1.9463649,True,3,False,False
2021-04-26 04:00:00,A,-0.5366455,-1.9354572,True,4,False,False
2021-04-26 05:00:00,A,-0.5301252,-1.7922243,True,5,False,False
2021-04-26 06:00:00,A,-0.66209716,-1.7745823,True,6,False,False
2021-04-26 07:00:00,A,-0.47715122,-1.8492304,True,7,False,False
2021-04-26 08:00:00,A,-0.33315247,-1.9287375,True,8,False,False
2021-04-26 09:00:00,A,-0.3732199,-1.9857702,True,9,False,False
2021-04-26 10:00:00,A,-0.42862135,-1.8136969,True,10,False,False
2021-04-26 11:00:00,A,-0.34224278,-1.8192923,True,11,False,False
2021-04-26 12:00:00,A,-0.5523271,-1.9087437,True,12,False,False
2021-04-26 13:00:00,A,-0.4240362,-1.9597305,True,13,False,False
2021-04-26 14:00:00,A,-0.53031176,-1.870394,True,14,False,False
2021-04-26 15:00:00,A,-0.50646394,-1.8844124,True,15,False,False
2021-04-26 16:00:00,A,-0.5734109,-1.9652712,True,16,False,False
2021-04-26 17:00:00,A,-0.4959284,-2.070974,True,17,False,False
2021-04-26 18:00:00,A,-0.47906083,-2.001882,True,18,False,False
2021-04-26 19:00:00,A,-0.48151898,-2.0226197,True,19,False,False
2021-04-26 20:00:00,A,-0.58922595,-1.9032102,True,20,False,False
2021-04-26 21:00:00,A,-0.52547127,-1.8208963,True,21,False,False
2021-04-26 22:00:00,A,-0.64282876,-1.8751628,True,22,False,False
2021-04-26 23:00:00,A,-0.48903304,-2.0121217,True,23,False,False
2021-04-27 00:00:00,A,-0.38454074,-2.0966263,True,0,False,False
2021-04-27 01:00:00,A,-0.42884833,-2.095275,True,1,False,False
2021-04-27 02:00:00,A,-0.4385507,-1.9450428,True,2,False,False
2021-04-27 03:00:00,A,-0.43436068,-1.9481344,True,3,False,False
2021-04-27 04:00:00,A,-0.58516234,-1.9453439,True,4,False,False
2021-04-27 05:00:00,A,-0.5202778,-2.0628436,True,5,False,False
2021-04-27 06:00:00,A,-0.63007253,-1.9579523,True,6,False,False
2021-04-27 07:00:00,A,-0.56808823,-1.9570074,True,7,False,False
2021-04-27 08:00:00,A,-0.5770777,-2.0952945,True,8,False,False
2021-04-27 09:00:00,A,-0.40409786,-2.1621542,True,9,False,False
2021-04-27 10:00:00,A,-0.40621656,-2.0794022,True,10,False,False
2021-04-27 11:00:00,A,-0.42984122,-2.1095812,True,11,False,False
2021-04-27 12:00:00,A,-0.50435406,-2.1122584,True,12,False,False
2021-04-27 13:00:00,A,-0.4601364,-1.9831249,True,13,False,False
2021-04-27 14:00:00,A,-0.5986385,-1.9395738,True,14,False,False
2021-04-27 15:00:00,A,-0.43721354,-2.0867286,True,15,False,False
2021-04-27 16:00:00,A,-0.31783873,-2.1299262,True,16,False,False
2021-04-27 17:00:00,A,-0.46844923,-2.1292639,True,17,False,False
2021-04-27 18:00:00,A,-0.457254,-2.0007336,True,18,False,False
2021-04-27 19:00:00,A,-0.4561965,-1.9650093,True,19,False,False
2021-04-27 20:00:00,A,-0.6542886,-1.8984923,True,20,False,False
2021-04-27 21:00:00,A,-0.5832966,-2.0263872,True,21,False,False
2021-04-27 22:00:00,A,-0.6913554,-1.9535269,True,22,False,False
2021-04-27 23:00:00,A,-0.63614196,-2.0049639,True,23,False,False
2021-04-28 00:00:00,A,-0.6789096,-2.1605198,True,0,False,False
2021-04-28 01:00:00,A,-0.53896433,-2.1626086,True,1,False,False
2021-04-28 02:00:00,A,-0.5308768,-2.111806,True,2,False,False
2021-04-28 03:00:00,A,-0.5522439,-2.1466603,True,3,False,False
2021-04-28 04:00:00,A,-0.6038968,-2.1069202,True,4,False,False
2021-04-28 05:00:00,A,-0.59157676,-1.9802954,True,5,False,False
2021-04-28 06:00:00,A,-0.7266421,-1.9199119,True,6,False,False
2021-04-28 07:00:00,A,-0.52522904,-2.1269724,True,7,False,False
2021-04-28 08:00:00,A,-0.4150433,-2.1843767,True,8,False,False
2021-04-28 09:00:00,A,-0.41160953,-2.0547452,True,9,False,False
2021-04-28 10:00:00,A,-0.30558616,-1.8488617,True,10,False,False
2021-04-28 11:00:00,A,-0.114429414,-1.7709942,True,11,False,False
2021-04-28 12:00:00,A,-0.07116306,-1.618628,True,12,False,False
2021-04-28 13:00:00,A,0.17715752,-1.5561281,True,13,False,False
2021-04-28 14:00:00,A,0.1728026,-1.3407793,True,14,False,False
2021-04-28 15:00:00,A,0.31572452,-1.3844422,True,15,False,False
2021-04-28 16:00:00,A,0.317847,-1.3552598,True,16,False,False
2021-04-28 17:00:00,A,0.5292271,-1.3857759,True,17,False,False
2021-04-28 18:00:00,A,0.5502733,-1.218346,True,18,False,False
2021-04-28 19:00:00,A,0.6459975,-1.1094757,True,19,False,False
2021-04-28 20:00:00,A,0.6270479,-1.041554,True,20,False,False
2021-04-28 21:00:00,A,0.8282707,-0.8824307,True,21,False,False
2021-04-28 22:00:00,A,0.63393164,-0.75172186,True,22,False,False
2021-04-28 23:00:00,A,0.8524979,-0.8743522,True,23,False,False
2021-04-29 00:00:00,A,1.0039039,-0.92948174,True,0,False,False
2021-04-29 01:00:00,A,0.9840929,-0.8590616,True,1,False,False
2021-04-29 02:00:00,A,1.0818496,-0.6868229,True,2,False,False
2021-04-29 03:00:00,A,1.2374237,-0.6853594,True,3,False,False
2021-04-29 04:00:00,A,1.2208147,-0.5977223,True,4,False,False
2021-04-29 05:00:00,A,1.5052636,-0.54417235,True,5,False,False
2021-04-29 06:00:00,A,1.4597614,-0.34092826,True,6,False,False
2021-04-29 07:00:00,A,1.5959685,-0.377626,True,7,False,False
2021-04-29 08:00:00,A,1.6532514,-0.41927332,True,8,False,False
2021-04-29 09:00:00,A,1.931864,-0.47716904,True,9,False,False
2021-04-29 10:00:00,A,1.9204023,-0.27234977,True,10,False,False
2021-04-29 11:00:00,A,2.0026762,-0.20771402,True,11,False,False
2021-04-29 12:00:00,A,2.064063,-0.10925233,True,12,False,False
2021-04-29 13:00:00,A,2.2692122,0.103676915,True,13,False,False
2021-04-29 14:00:00,A,2.15655,0.2842102,True,14,False,False
2021-04-29 15:00:00,A,2.3583732,0.19046223,True,15,False,False
2021-04-29 16:00:00,A,2.435223,0.1914078,True,16,False,False
2021-04-29 17:00:00,A,2.5332878,0.2238816,True,17,False,False
2021-04-29 18:00:00,A,2.60493,0.41993177,True,18,False,False
2021-04-29 19:00:00,A,2.8293812,0.48885727,True,19,False,False
2021-04-29 20:00:00,A,2.8156447,0.6364411,True,20,False,False
2021-04-29 21:00:00,A,3.1867523,0.6772455,True,21,False,False
2021-04-29 22:00:00,A,3.0929728,0.84076154,True,22,False,False
2021-04-29 23:00:00,A,3.1581514,0.7833265,True,23,False,False
2021-04-30 00:00:00,A,3.1865532,0.78075266,True,0,False,False
2021-04-30 01:00:00,A,3.4366195,0.6030103,True,1,False,False
2021-04-30 02:00:00,A,3.3655424,0.71077263,True,2,False,False
2021-04-30 03:00:00,A,3.3791113,0.6169702,True,3,False,False
2021-04-30 04:00:00,A,3.2697937,0.55422807,True,4,False,False
2021-04-30 05:00:00,A,3.4401574,0.63290894,True,5,False,False
2021-04-30 06:00:00,A,3.3172722,0.7013973,True,6,False,False
2021-04-30 07:00:00,A,3.3065846,0.58677006,True,7,False,False
2021-04-30 08:00:00,A,3.1685865,0.629635,True,8,False,False
2021-04-30 09:00:00,A,3.300331,0.53785145,True,9,False,False
2021-04-30 10:00:00,A,3.310697,0.65165675,True,10,False,False
2021-04-30 11:00:00,A,3.458438,0.6229588,True,11,False,False
2021-04-30 12:00:00,A,3.3582275,0.5123484,True,12,False,False
2021-04-30 13:00:00,A,3.5259209,0.6054827,True,13,False,False
2021-04-30 14:00:00,A,3.4299521,0.73606956,True,14,False,False
2021-04-30 15:00:00,A,3.3573818,0.6161572,True,15,False,False
2021-04-30 16:00:00,A,3.20827,0.6562625,True,16,False,False
2021-04-30 17:00:00,A,3.3482451,0.53909934,True,17,False,False
2021-04-30 18:00:00,A,3.3137221,0.6843406,True,18,False,False
2021-04-30 19:00:00,A,3.3163786,0.58755124,True,19,False,False
2021-04-30 20:00:00,A,3.238594,0.52009606,True,20,False,False
2021-04-30 21:00:00,A,3.356082,0.550274,True,21,False,False
2021-04-30 22:00:00,A,3.278636,0.6304666,True,22,False,False
2021-04-30 23:00:00,A,3.2781153,0.56911886,True,23,False,False
2021-05-01 00:00:00,A,3.1134086,0.63827085,False,0,False,False
2021-05-01 01:00:00,A,3.2612648,0.56427324,False,1,False,False
2021-05-01 02:00:00,A,3.3058221,0.701203,False,2,False,False
2021-05-01 03:00:00,A,3.4059224,0.7173246,False,3,False,False
2021-05-01 04:00:00,A,3.341722,0.6386477,False,4,False,False
2021-05-01 05:00:00,A,3.4985662,0.67371786,False,5,False,False
2021-05-01 06:00:00,A,3.4392562,0.8488668,False,6,False,False
2021-05-01 07:00:00,A,3.3227315,0.7220688,False,7,False,False
2021-05-01 08:00:00,A,3.1650825,0.7345499,False,8,False,False
2021-05-01 09:00:00,A,3.1957912,0.6303092,False,9,False,False
2021-05-01 10:00:00,A,3.036518,0.6722361,False,10,False,False
2021-05-01 11:00:00,A,2.8316367,0.45281887,False,11,False,False
2021-05-01 12:00:00,A,2.583868,0.27251232,False,12,False,False
2021-05-01 13:00:00,A,2.6194122,0.17662013,False,13,False,False
2021-05-01 14:00:00,A,2.3986127,0.1229099,False,14,False,False
2021-05-01 15:00:00,A,2.315317,-0.0007901192,False,15,False,False
2021-05-01 16:00:00,A,2.1030927,-0.03732848,False,16,False,False
2021-05-01 17:00:00,A,2.1562197,-0.14354813,False,17,False,False
2021-05-01 18:00:00,A,2.1687393,-0.10112727,False,18,False,False
2021-05-01 19:00:00,A,2.1627576,-0.15271515,False,19,False,False
2021-05-01 20:00:00,A,2.0499804,-0.35075438,False,20,False,False
2021-05-01 21:00:00,A,2.0590832,-0.3984362,False,21,False,False
2021-05-01 22:00:00,A,1.9552624,-0.31903076,False,22,False,False
2021-05-01 23:00:00,A,1.8547301,-0.47995555,False,23,False,False
2021-05-02 00:00:00,A,1.6261232,-0.47502702,False,0,False,False
2021-05-02 01:00:00,A,1.7995458,-0.5807538,False,1,False,False
2021-05-02 02:00:00,A,1.6906571,-0.49902153,False,2,False,False
2021-05-02 03:00:00,A,1.5151086,-0.6339486,False,3,False,False
2021-05-02 04:00:00,A,1.360327,-0.7925666,False,4,False,False
2021-05-02 05:00:00,A,1.3634615,-0.87634206,False,5,False,False
2021-05-02 06:00:00,A,1.2388277,-0.924822,False,6,False,False
2021-05-02 07:00:00,A,1.1339962,-1.0333378,False,7,False,False
2021-05-02 08:00:00,A,0.97666913,-1.0854744,False,8,False,False
2021-05-02 09:00:00,A,0.9831251,-1.14458,False,9,False,False
2021-05-02 10:00:00,A,0.9823942,-1.0861514,False,10,False,False
2021-05-02 11:00:00,A,0.9678061,-1.1357962,False,11,False,False
2021-05-02 12:00:00,A,0.81527925,-1.3267194,False,12,False,False
2021-05-02 13:00:00,A,0.7977023,-1.3758353,False,13,False,False
2021-05-02 14:00:00,A,0.65554076,-1.3774909,False,14,False,False
2021-05-02 15:00:00,A,0.52522767,-1.48579,False,15,False,False
2021-05-02 16:00:00,A,0.35815734,-1.5211601,False,16,False,False
2021-05-02 17:00:00,A,0.35819027,-1.6446435,False,17,False,False
2021-05-02 18:00:00,A,0.27958265,-1.596844,False,18,False,False
2021-05-02 19:00:00,A,0.08414382,-1.7778294,False,19,False,False
2021-05-02 20:00:00,A,-0.11791396,-1.9444131,False,20,False,False
2021-05-02 21:00:00,A,-0.11934799,-2.0103774,False,21,False,False
2021-05-02 22:00:00,A,-0.27153772,-2.075185,False,22,False,False
2021-05-02 23:00:00,A,-0.3324476,-2.2212791,False,23,False,False
2021-05-03 00:00:00,A,-0.46540552,-2.2784925,True,0,False,False
2021-05-03 01:00:00,A,-0.41688794,-2.2254114,True,1,False,False
2021-05-03 02:00:00,A,-0.52100354,-1.9775007,True,2,False,False
2021-05-03 03:00:00,A,-0.5846364,-1.8214986,True,3,False,False
2021-05-03 04:00:00,A,-0.60971564,-2.0263116,True,4,False,False
2021-05-03 05:00:00,A,-0.78742665,-1.8413705,True,5,False,False
2021-05-03 06:00:00,A,-0.9649083,-1.7896869,True,6,False,False
2021-05-03 07:00:00,A,-1.0943704,-1.8507482,True,7,False,False
2021-05-03 08:00:00,A,-1.0139368,-1.8388609,True,8,False,False
2021-05-03 09:00:00,A,-0.824048,-1.999781,True,9,False,False
2021-05-03 10:00:00,A,-0.8102878,-1.899075,True,10,False,False
2021-05-03 11:00:00,A,-0.83439666,-2.0688064,True,11,False,False
2021-05-03 12:00:00,A,-0.9296661,-2.1054897,True,12,False,False
2021-05-03 13:00:00,A,-0.71764475,-2.0034087,True,13,False,False
2021-05-03 14:00:00,A,-0.77549917,-1.9875066,True,14,False,False
2021-05-03 15:00:00,A,-0.721672,-2.0338855,True,15,False,False
2021-05-03 16:00:00,A,-0.72715324,-2.1073008,True,16,False,False
2021-05-03 17:00:00,A,-0.64610845,-2.1849518,True,17,False,False
2021-05-03 18:00:00,A,-0.780309,-2.1177442,True,18,False,False
2021-05-03 19:00:00,A,-0.7311221,-2.075368,True,19,False,False
2021-05-03 20:00:00,A,-0.7302361,-2.1971197,True,20,False,False
2021-05-03 21:00:00,A,-0.77562505,-2.146906,True,21,False,False
2021-05-03 22:00:00,A,-0.98863715,-2.0536008,True,22,False,False
2021-05-03 23:00:00,A,-1.080725,-2.0661554,True,23,False,False
2021-05-04 00:00:00,A,-1.0575655,-2.099035,True,0,False,False
2021-05-04 01:00:00,A,-0.8644454,-2.1555166,True,1,False,False
2021-05-04 02:00:00,A,-0.8485629,-2.0000403,True,2,False,False
2021-05-04 03:00:00,A,-0.9304593,-2.0805447,True,3,False,False
2021-05-04 04:00:00,A,-1.0384712,-2.0371804,True,4,False,False
2021-05-04 05:00:00,A,-0.84258217,-2.0043774,True,5,False,False
2021-05-04 06:00:00,A,-0.9115762,-1.948406,True,6,False,False
2021-05-04 07:00:00,A,-0.788474,-2.0070748,True,7,False,False
2021-05-04 08:00:00,A,-0.8353103,-2.0914512,True,8,False,False
2021-05-04 09:00:00,A,-0.7625163,-2.1217775,True,9,False,False
2021-05-04 10:00:00,A,-0.862065,-2.0284877,True,10,False,False
2021-05-04 11:00:00,A,-0.79893345,-1.9888775,True,11,False,False
2021-05-04 12:00:00,A,-0.78980285,-2.127962,True,12,False,False
2021-05-04 13:00:00,A,-0.8331942,-2.0457854,True,13,False,False
2021-05-04 14:00:00,A,-1.0580595,-1.9488215,True,14,False,False
2021-05-04 15:00:00,A,-1.0861526,-2.0173542,True,15,False,False
2021-05-04 16:00:00,A,-1.0374408,-1.973587,True,16,False,False
2021-05-04 17:00:00,A,-0.94545954,-2.0766518,True,17,False,False
2021-05-04 18:00:00,A,-0.8880649,-1.9057539,True,18,False,False
2021-05-04 19:00:00,A,-0.9501423,-1.9691486,True,19,False,False
2021-05-04 20:00:00,A,-1.1250551,-1.9122086,True,20,False,False
2021-05-04 21:00:00,A,-0.9443044,-1.8980505,True,21,False,False
2021-05-04 22:00:00,A,-1.0539861,-1.7899227,True,22,False,False
2021-05-04 23:00:00,A,-0.9032456,-1.8648767,True,23,False,False
2021-05-05 00:00:00,A,-0.9458012,-1.971647,False,0,False,False
2021-05-05 01:00:00,A,-0.8527711,-1.946301,False,1,False,False
2021-05-05 02:00:00,A,-1.0725636,-1.817483,False,2,False,False
2021-05-05 03:00:00,A,-0.9923369,-1.8400307,False,3,False,False
2021-05-05 04:00:00,A,-0.9314727,-1.9457939,False,4,False,False
2021-05-05 05:00:00,A,-1.005997,-1.9257998,False,5,False,False
2021-05-05 06:00:00,A,-1.1251376,-1.9317954,False,6,False,False
2021-05-05 07:00:00,A,-1.1464293,-2.0503252,False,7,False,False
2021-05-05 08:00:00,A,-0.99288803,-1.8820243,False,8,False,False
2021-05-05 09:00:00,A,-1.2342803,-1.202167,False,9,False,False
2021-05-05 10:00:00,A,-1.3541837,-1.0274081,False,10,False,False
2021-05-05 11:00:00,A,-1.2965095,-1.1111736,False,11,False,False
2021-05-05 12:00:00,A,-1.4590824,-0.88991094,False,12,False,False
2021-05-05 13:00:00,A,-1.4361398,-0.82630754,False,13,False,False
2021-05-05 14:00:00,A,-1.9740012,-0.26417685,False,14,False,False
2021-05-05 15:00:00,A,-2.0386143,-0.4075365,False,15,False,False
2021-05-05 16:00:00,A,-2.1655188,-0.28653818,False,16,False,False
2021-05-05 17:00:00,A,-1.7726102,-0.97345585,False,17,False,False
2021-05-05 18:00:00,A,-1.7755487,-0.7331007,False,18,False,False
2021-05-05 19:00:00,A,-2.0106552,-0.18969303,False,19,False,False
2021-05-05 20:00:00,A,-1.8167472,-0.3007359,False,20,False,False
2021-05-05 21:00:00,A,-1.9117982,0.02857101,False,21,False,False
2021-05-05 22:00:00,A,-2.3891282,0.65119255,False,22,False,False
2021-05-05 23:00:00,A,-2.1885095,0.20882416,False,23,False,False
2021-05-06 00:00:00,A,-1.5066879,-0.92598206,True,0,False,False
2021-05-06 01:00:00,A,-1.3991649,-0.8981973,True,1,False,False
2021-05-06 02:00:00,A,-1.7421694,-0.28967154,True,2,False,False
2021-05-06 03:00:00,A,-1.307096,-0.8001735,True,3,False,False
2021-05-06 04:00:00,A,-1.6811731,-0.42419344,True,4,False,False
2021-05-06 05:00:00,A,-1.9307911,0.1322633,True,5,False,False
2021-05-06 06:00:00,A,-2.2122881,0.37562406,True,6,False,False
2021-05-06 07:00:00,A,-2.2621484,0.20674849,True,7,False,False
2021-05-06 08:00:00,A,-2.019219,0.16761649,True,8,True,False
2021-05-06 09:00:00,A,-1.889576,-0.45347124,True,9,True,False
2021-05-06 10:00:00,A,-1.6380522,-0.4473853,True,10,False,False
2021-05-06 11:00:00,A,-1.5905831,-0.12513614,True,11,False,False
2021-05-06 12:00:00,A,-1.4673557,0.1680032,True,12,False,False
2021-05-06 13:00:00,A,-1.2533948,0.7183397,True,13,False,False
2021-05-06 14:00:00,A,-1.393631,0.8276609,True,14,False,False
2021-05-06 15:00:00,A,-1.1583619,0.61056936,True,15,False,False
2021-05-06 16:00:00,A,-0.88672334,-0.071199775,True,16,False,False
2021-05-06 17:00:00,A,-0.612544,-0.2362901,True,17,False,False
2021-05-06 18:00:00,A,-0.6175186,0.14347649,True,18,False,False
2021-05-06 19:00:00,A,-0.33996493,0.12819707,True,19,False,False
2021-05-06 20:00:00,A,-0.7580455,0.59125507,True,20,False,False
2021-05-06 21:00:00,A,-0.740555,0.72624886,True,21,False,False
2021-05-06 22:00:00,A,-0.84909326,1.249209,True,22,False,False
2021-05-06 23:00:00,A,-0.7794574,1.2249125,True,23,False,False
2021-05-07 00:00:00,A,-0.6475257,1.4217438,True,0,False,False
2021-05-07 01:00:00,A,-0.56985515,1.1768352,True,1,False,False
2021-05-07 02:00:00,A,-0.36359173,0.98137796,True,2,False,False
2021-05-07 03:00:00,A,-0.21467954,1.0568086,True,3,False,False
2021-05-07 04:00:00,A,-0.1422211,1.259874,True,4,False,False
2021-05-07 05:00:00,A,0.32073206,1.496986,True,5,False,False
2021-05-07 06:00:00,A,0.36286622,1.6244057,True,6,False,False
2021-05-07 07:00:00,A,0.59221655,1.378014,True,7,False,False
2021-05-07 08:00:00,A,0.48076397,0.6228143,True,8,False,False
2021-05-07 09:00:00,A,0.6929581,0.38884878,True,9,False,False
2021-05-07 10:00:00,A,0.5302863,0.7394179,True,10,False,False
2021-05-07 11:00:00,A,0.67748696,0.57826126,True,11,False,False
2021-05-07 12:00:00,A,0.16589552,0.7547792,True,12,False,False
2021-05-07 13:00:00,A,0.23967838,0.86804783,True,13,False,False
2021-05-07 14:00:00,A,0.117348135,1.1307262,True,14,False,False
2021-05-07 15:00:00,A,0.15225136,0.9174119,True,15,False,False
2021-05-07 16:00:00,A,-0.0647642,1.113501,True,16,False,False
2021-05-07 17:00:00,A,0.06538573,0.83338916,True,17,False,False
2021-05-07 18:00:00,A,0.22439197,0.64420795,True,18,False,False
2021-05-07 19:00:00,A,0.14220592,0.82745016,True,19,False,False
2021-05-07 20:00:00,A,0.11753291,0.9485072,True,20,False,False
2021-05-07 21:00:00,A,0.29115316,1.1148442,True,21,False,False
2021-05-07 22:00:00,A,0.08196676,1.2517389,True,22,False,False
2021-05-07 23:00:00,A,0.3688566,1.2349783,True,23,False,False
2021-05-08 00:00:00,A,0.21442401,0.7839142,False,0,False,False
2021-05-08 01:00:00,A,0.56570256,0.47797835,False,1,False,False
2021-05-08 02:00:00,A,0.46304053,0.69408333,False,2,False,False
2021-05-08 03:00:00,A,0.6197104,0.506523,False,3,False,False
2021-05-08 04:00:00,A,0.1088652,0.7900214,False,4,False,False
2021-05-08 05:00:00,A,0.17015275,0.85143757,False,5,False,False
2021-05-08 06:00:00,A,0.06442997,1.3689762,False,6,False,False
2021-05-08 07:00:00,A,0.099518776,1.1086417,False,7,False,False
2021-05-08 08:00:00,A,-0.28241903,1.0514308,False,8,False,False
2021-05-08 09:00:00,A,-0.34456897,0.8557042,False,9,False,False
2021-05-08 10:00:00,A,-0.24591386,0.8025701,False,10,False,False
2021-05-08 11:00:00,A,-0.50904614,0.79246247,False,11,False,False
2021-05-08 12:00:00,A,-0.7318527,0.8647479,False,12,False,False
2021-05-08 13:00:00,A,-0.48185903,0.9187263,False,13,False,False
2021-05-08 14:00:00,A,-0.7837114,1.1659957,False,14,False,False
2021-05-08 15:00:00,A,-0.33097345,1.0182801,False,15,False,False
2021-05-08 16:00:00,A,-0.8548928,0.43713832,False,16,False,False
2021-05-08 17:00:00,A,-0.6385192,-0.19004083,False,17,False,False
2021-05-08 18:00:00,A,-0.7646288,-0.081916094,False,18,False,False
2021-05-08 19:00:00,A,-0.5968873,-0.31928194,False,19,False,False
2021-05-08 20:00:00,A,-1.1448371,-0.20231962,False,20,False,False
2021-05-08 21:00:00,A,-1.2050343,-0.29796034,False,21,False,False
2021-05-08 22:00:00,A,-1.3912225,-0.026335478,False,22,False,False
2021-05-08 23:00:00,A,-1.4840956,-0.30924714,False,23,False,False
2021-05-09 00:00:00,A,-1.7138591,-0.27831596,True,0,False,False
2021-05-09 01:00:00,A,-1.5818634,-0.45989537,True,1,False,False
2021-05-09 02:00:00,A,-1.4651606,-0.5580886,True,2,False,False
2021-05-09 03:00:00,A,-1.5682495,-0.4005381,True,3,False,False
2021-05-09 04:00:00,A,-1.7371204,-0.4316755,True,4,False,False
2021-05-09 05:00:00,A,-1.5693781,-0.2770695,True,5,False,False
2021-05-09 06:00:00,A,-1.618267,0.07915795,True,6,False,False
2021-05-09 07:00:00,A,-0.85704285,0.124351144,True,7,False,False
2021-05-09 08:00:00,A,-2.240821,-0.47291178,True,8,False,False
2021-05-09 09:00:00,A,-1.9237018,-0.91348946,True,9,False,False
2021-05-09 10:00:00,A,-1.8674161,-0.75286686,True,10,False,False
2021-05-09 11:00:00,A,-1.701911,-0.882558,True,11,False,False
2021-05-09 12:00:00,A,-1.9303079,-0.63671875,True,12,False,False
2021-05-09 13:00:00,A,-1.4577785,-0.54182523,True,13,False,False
2021-05-09 14:00:00,A,-1.3096347,-0.22450578,True,14,False,False
2021-05-09 15:00:00,A,-0.9811706,-0.3832432,True,15,False,False
2021-05-09 16:00:00,A,-0.7396644,-0.2050283,True,16,False,False
2021-05-09 17:00:00,A,-0.46185565,-0.15348363,True,17,False,False
2021-05-09 18:00:00,A,-0.53462976,-0.008991361,True,18,False,False
2021-05-09 19:00:00,A,-0.45960206,0.14489186,True,19,False,False
2021-05-09 20:00:00,A,-0.52008253,0.2000773,True,20,False,False
2021-05-09 21:00:00,A,-0.013379872,0.18928087,True,21,False,False
2021-05-09 22:00:00,A,0.028494895,0.22258818,True,22,False,False
2021-05-09 23:00:00,A,0.09308338,0.16225517,True,23,False,False
2021-05-10 00:00:00,A,0.20558387,0.057755113,True,0,False,False
2021-05-10 01:00:00,A,-0.0063875318,0.20614421,True,1,False,False
2021-05-10 02:00:00,A,-0.27999282,0.5521468,True,2,False,False
2021-05-10 03:00:00,A,-0.192797,0.4064871,True,3,False,False
2021-05-10 04:00:00,A,-0.4801014,0.56620586,True,4,False,False
2021-05-10 05:00:00,A,-0.41291893,0.4978143,True,5,False,False
2021-05-10 06:00:00,A,-0.2331953,0.32811093,True,6,False,False
2021-05-10 07:00:00,A,-0.20477378,0.2504872,True,7,False,False
2021-05-10 08:00:00,A,0.36680138,-0.1924184,True,8,False,False
2021-05-10 09:00:00,A,0.6345335,-0.09862757,True,9,False,False
2021-05-10 10:00:00,A,0.59936816,-0.04575467,True,10,False,False
2021-05-10 11:00:00,A,0.5878496,0.05392754,True,11,False,False
2021-05-10 12:00:00,A,0.095929354,0.22506678,True,12,False,False
2021-05-10 13:00:00,A,0.03589219,0.4072466,True,13,False,False
2021-05-10 14:00:00,A,-0.1040681,0.58812463,True,14,False,False
2021-05-10 15:00:00,A,-0.09065932,0.38386166,True,15,False,False
2021-05-10 16:00:00,A,-0.044815063,0.41471612,True,16,False,False
2021-05-10 17:00:00,A,-0.009777367,0.21818542,True,17,False,False
2021-05-10 18:00:00,A,-0.025693834,0.18785763,True,18,False,False
2021-05-10 19:00:00,A,0.03225428,0.14941144,True,19,False,False
2021-05-10 20:00:00,A,-0.029932916,0.24578321,True,20,False,False
2021-05-10 21:00:00,A,-0.021748602,0.16290164,True,21,False,False
2021-05-10 22:00:00,A,0.099336654,-0.01917398,True,22,False,False
2021-05-10 23:00:00,A,0.36829305,-0.22108328,True,23,False,False
2021-05-11 00:00:00,A,0.11186272,-0.22592974,True,0,False,False
2021-05-11 01:00:00,A,0.43647447,0.18425882,True,1,False,False
2021-05-11 02:00:00,A,0.28165966,0.11237931,True,2,False,False
2021-05-11 03:00:00,A,0.29697198,0.1613549,True,3,False,False
2021-05-11 04:00:00,A,-0.55081517,0.32174432,True,4,False,False
2021-05-11 05:00:00,A,-0.60080177,0.4403901,True,5,False,False
2021-05-11 06:00:00,A,-0.93731433,0.45364094,True,6,False,False
2021-05-11 07:00:00,A,-0.79421943,0.48652637,True,7,False,False
2021-05-11 08:00:00,A,-0.40075868,0.41926622,True,8,False,False
2021-05-11 09:00:00,A,-0.11657274,0.3939265,True,9,False,False
2021-05-11 10:00:00,A,-0.15885884,0.38017595,True,10,False,False
2021-05-11 11:00:00,A,-0.13648027,0.31789303,True,11,False,False
2021-05-11 12:00:00,A,-0.33937335,0.4162519,True,12,False,False
2021-05-11 13:00:00,A,-0.13698626,0.30876052,True,13,False,False
2021-05-11 14:00:00,A,-0.13857317,0.21615195,True,14,False,False
2021-05-11 15:00:00,A,0.0098949075,0.015895128,True,15,False,False
2021-05-11 16:00:00,A,-0.11901337,0.02214396,True,16,False,False
2021-05-11 17:00:00,A,0.20859262,0.38143575,True,17,False,False
2021-05-11 18:00:00,A,0.008093983,0.25216854,True,18,False,False
2021-05-11 19:00:00,A,0.022700042,0.39746392,True,19,False,False
2021-05-11 20:00:00,A,-0.8679052,0.37107694,True,20,False,False
2021-05-11 21:00:00,A,-0.817056,0.3643397,True,21,False,False
2021-05-11 22:00:00,A,-1.0342352,0.3854934,True,22,False,False
2021-05-11 23:00:00,A,-1.1035311,0.23629439,True,23,False,False
2021-05-12 00:00:00,A,-0.7088428,0.41042435,True,0,False,False
2021-05-12 01:00:00,A,-0.25504303,0.5504402,True,1,False,False
2021-05-12 02:00:00,A,-0.42890865,0.4574479,True,2,False,False
2021-05-12 03:00:00,A,-0.35722244,0.40620565,True,3,False,False
2021-05-12 04:00:00,A,-0.6120921,0.4856392,True,4,False,False
2021-05-12 05:00:00,A,-0.4298737,0.44177353,True,5,False,False
2021-05-12 06:00:00,A,-0.3503263,0.1924268,True,6,False,False
2021-05-12 07:00:00,A,-0.24722797,0.0844028,True,7,False,False
2021-05-12 08:00:00,A,-0.120083034,0.12602949,True,8,False,False
2021-05-12 09:00:00,A,0.33626467,0.39695287,True,9,False,False
2021-05-12 10:00:00,A,0.1005325,0.457214,True,10,False,False
2021-05-12 11:00:00,A,0.6157798,0.62913764,True,11,False,False
2021-05-12 12:00:00,A,0.27820474,0.84056985,True,12,False,False
2021-05-12 13:00:00,A,0.5539308,1.0573875,True,13,False,False
2021-05-12 14:00:00,A,0.57937974,1.2979277,True,14,False,False
2021-05-12 15:00:00,A,0.33780432,1.2145072,True,15,False,False
2021-05-12 16:00:00,A,0.4715107,1.2402891,True,16,False,False
2021-05-12 17:00:00,A,0.8548981,1.4482762,True,17,False,False
2021-05-12 18:00:00,A,0.66821,1.5450066,True,18,False,False
2021-05-12 19:00:00,A,0.8931849,1.5962456,True,19,False,False
2021-05-12 20:00:00,A,0.6612538,1.6672322,True,20,False,False
2021-05-12 21:00:00,A,0.8708105,1.5874482,True,21,False,False
2021-05-12 22:00:00,A,0.9973047,1.4309953,True,22,False,False
2021-05-12 23:00:00,A,1.1076162,1.3590103,True,23,False,False
2021-05-13 00:00:00,A,1.1091719,1.4281718,True,0,False,False
2021-05-13 01:00:00,A,1.4434783,1.6349021,True,1,False,False
2021-05-13 02:00:00,A,1.3029954,1.5954236,True,2,False,False
2021-05-13 03:00:00,A,1.5086513,1.7739369,True,3,False,False
2021-05-13 04:00:00,A,1.1571944,1.65934,True,4,False,False
2021-05-13 05:00:00,A,1.4596277,1.8652049,True,5,False,False
2021-05-13 06:00:00,A,1.383956,1.9031342,True,6,False,False
2021-05-13 07:00:00,A,1.3992748,1.6626967,True,7,False,False
2021-05-13 08:00:00,A,1.510282,1.8700963,True,8,False,False
2021-05-13 09:00:00,A,2.1438475,2.0934343,True,9,False,False
2021-05-13 10:00:00,A,2.2855008,1.9313136,True,10,False,False
2021-05-13 11:00:00,A,2.506398,1.8144652,True,11,False,False
2021-05-13 12:00:00,A,2.2958941,1.7923836,True,12,False,False
2021-05-13 13:00:00,A,2.5600233,1.7444502,True,13,False,False
2021-05-13 14:00:00,A,2.566566,1.6828979,True,14,False,False
2021-05-13 15:00:00,A,2.8357563,1.629939,True,15,False,False
2021-05-13 16:00:00,A,2.913115,1.72775,True,16,False,False
2021-05-13 17:00:00,A,3.2738461,1.5522476,True,17,False,False
2021-05-13 18:00:00,A,3.2368898,1.802668,True,18,False,False
2021-05-13 19:00:00,A,3.5560837,1.9551154,True,19,False,False
2021-05-13 20:00:00,A,3.2687504,2.0635886,True,20,False,False
2021-05-13 21:00:00,A,3.5736966,1.6353289,True,21,False,False
2021-05-13 22:00:00,A,3.5474594,1.6199955,True,22,False,False
2021-05-13 23:00:00,A,3.5128083,1.5821444,True,23,False,False
2021-05-14 00:00:00,A,3.4298356,1.5180792,True,0,False,False
2021-05-14 01:00:00,A,3.3319905,1.529986,True,1,False,False
2021-05-14 02:00:00,A,3.2001858,1.5503899,True,2,False,False
2021-05-14 03:00:00,A,3.3149004,1.4373833,True,3,False,False
2021-05-14 04:00:00,A,3.327713,1.3776084,True,4,False,False
2021-05-14 05:00:00,A,3.6202059,1.365049,True,5,False,False
2021-05-14 06:00:00,A,3.6243658,1.3851842,True,6,False,False
2021-05-14 07:00:00,A,3.6324458,1.3647891,True,7,False,False
2021-05-14 08:00:00,A,3.513101,1.2854832,True,8,False,False
2021-05-14 09:00:00,A,3.6540117,1.2405602,True,9,False,False
2021-05-14 10:00:00,A,3.6083465,1.4294163,True,10,False,False
2021-05-14 11:00:00,A,3.779893,1.2080075,True,11,False,False
2021-05-14 12:00:00,A,3.606534,1.3403507,True,12,False,False
2021-05-14 13:00:00,A,3.7469869,1.3400937,True,13,False,False
2021-05-14 14:00:00,A,3.6425838,1.4489864,True,14,False,False
2021-05-14 15:00:00,A,3.6122146,1.3550824,True,15,False,False
2021-05-14 16:00:00,A,3.428617,1.2700502,True,16,False,False
2021-05-14 17:00:00,A,3.492816,1.1894823,True,17,False,False
2021-05-14 18:00:00,A,3.4626288,1.2294844,True,18,False,False
2021-05-14 19:00:00,A,3.5204544,1.2596155,True,19,False,False
2021-05-14 20:00:00,A,3.3673491,1.2017332,True,20,False,False
2021-05-14 21:00:00,A,3.606655,1.2709085,True,21,False,False
2021-05-14 22:00:00,A,3.4621034,1.3167483,True,22,False,False
2021-05-14 23:00:00,A,3.4390059,1.3202714,True,23,False,False
2021-05-15 00:00:00,A,3.2977118,1.3300854,False,0,False,False
2021-05-15 01:00:00,A,3.437385,1.3013316,False,1,False,False
2021-05-15 02:00:00,A,3.3909822,1.3595043,False,2,False,False
2021-05-15 03:00:00,A,3.4728944,1.3880583,False,3,False,False
2021-05-15 04:00:00,A,3.239139,1.4535967,False,4,False,False
2021-05-15 05:00:00,A,3.3959835,1.5409657,False,5,False,False
2021-05-15 06:00:00,A,3.3173208,1.650463,False,6,False,False
2021-05-15 07:00:00,A,3.3437624,1.4658152,False,7,False,False
2021-05-15 08:00:00,A,3.2467122,1.4608346,False,8,False,False
2021-05-15 09:00:00,A,3.1105337,1.3361241,False,9,False,False
2021-05-15 10:00:00,A,2.952423,1.3010317,False,10,False,False
2021-05-15 11:00:00,A,2.8759274,1.1503285,False,11,False,False
2021-05-15 12:00:00,A,2.5920286,1.0120212,False,12,False,False
2021-05-15 13:00:00,A,2.6861758,0.94560945,False,13,False,False
2021-05-15 14:00:00,A,2.466035,0.83013916,False,14,False,False
2021-05-15 15:00:00,A,2.3957748,0.7593887,False,15,False,False
2021-05-15 16:00:00,A,2.144459,0.7100848,False,16,False,False
2021-05-15 17:00:00,A,2.206166,0.49044955,False,17,False,False
2021-05-15 18:00:00,A,2.033458,0.5682839,False,18,False,False
2021-05-15 19:00:00,A,2.0465343,0.5347661,False,19,False,False
2021-05-15 20:00:00,A,1.7695544,0.51561666,False,20,False,False
2021-05-15 21:00:00,A,1.8761437,0.4823885,False,21,False,False
2021-05-15 22:00:00,A,1.7848446,0.53321314,False,22,False,False
2021-05-15 23:00:00,A,1.6660206,0.39391732,False,23,False,False
2021-05-16 00:00:00,A,1.5896368,0.25090575,False,0,False,False
2021-05-16 01:00:00,A,1.6544507,0.1092149,False,1,False,False
2021-05-16 02:00:00,A,1.6112456,0.021857738,False,2,False,False
2021-05-16 03:00:00,A,1.5482926,-0.058479905,False,3,False,False
2021-05-16 04:00:00,A,1.3487377,-0.13834214,False,4,False,False
2021-05-16 05:00:00,A,1.3941466,-0.19055504,False,5,False,False
2021-05-16 06:00:00,A,1.2063432,-0.30339038,False,6,False,False
2021-05-16 07:00:00,A,1.1630323,-0.32469344,False,7,False,False
2021-05-16 08:00:00,A,0.87322855,-0.28266817,False,8,False,False
2021-05-16 09:00:00,A,0.9246995,-0.53009135,False,9,False,False
2021-05-16 10:00:00,A,0.65517515,-0.40006632,False,10,False,False
2021-05-16 11:00:00,A,0.5335715,-0.39313912,False,11,False,False
2021-05-16 12:00:00,A,0.39541507,-0.4847092,False,12,False,False
2021-05-16 13:00:00,A,0.5042304,-0.5600095,False,13,False,False
2021-05-16 14:00:00,A,0.25489652,-0.48225427,False,14,False,False
2021-05-16 15:00:00,A,0.27332604,-0.721701,False,15,False,False
2021-05-16 16:00:00,A,0.14879867,-0.836288,False,16,False,False
2021-05-16 17:00:00,A,0.11556119,-1.0478938,False,17,False,False
2021-05-16 18:00:00,A,0.13283622,-1.1737574,False,18,False,False
2021-05-16 19:00:00,A,0.08081561,-1.2897584,False,19,False,False
2021-05-16 20:00:00,A,-0.11163437,-1.4006846,False,20,False,False
2021-05-16 21:00:00,A,-0.16030443,-1.488519,False,21,False,False
2021-05-16 22:00:00,A,-0.29178923,-1.6056769,False,22,False,False
2021-05-16 23:00:00,A,-0.3505581,-1.6632425,False,23,False,False
2021-05-17 00:00:00,A,-0.6252528,-1.7271223,True,0,False,False
2021-05-17 01:00:00,A,-0.53135675,-1.8581614,True,1,False,False
2021-05-17 02:00:00,A,-0.81354374,-1.6856779,True,2,False,False
2021-05-17 03:00:00,A,-0.9504984,-1.5933828,True,3,False,False
2021-05-17 04:00:00,A,-0.87499946,-1.7644591,True,4,False,False
2021-05-17 05:00:00,A,-0.97508794,-1.6671361,True,5,False,False
2021-05-17 06:00:00,A,-1.0435085,-1.7196529,True,6,False,False
2021-05-17 07:00:00,A,-1.0350535,-1.7993667,True,7,False,False
2021-05-17 08:00:00,A,-1.1717494,-1.7529914,True,8,True,False
2021-05-17 09:00:00,A,-1.0415554,-1.9606941,True,9,False,False
2021-05-17 10:00:00,A,-1.0188134,-1.8426552,True,10,False,False
2021-05-17 11:00:00,A,-0.9468213,-1.9257503,True,11,False,False
2021-05-17 12:00:00,A,-1.0098245,-1.8844784,True,12,False,False
2021-05-17 13:00:00,A,-0.92689544,-1.8701572,True,13,False,False
2021-05-17 14:00:00,A,-0.93780917,-1.9142691,True,14,False,False
2021-05-17 15:00:00,A,-0.908014,-1.9578255,True,15,False,False
2021-05-17 16:00:00,A,-1.0436833,-2.0219593,True,16,False,False
2021-05-17 17:00:00,A,-0.84023553,-2.0773811,True,17,False,False
2021-05-17 18:00:00,A,-0.9947054,-1.9829448,True,18,False,False
2021-05-17 19:00:00,A,-1.1067376,-1.8689224,True,19,False,False
2021-05-17 20:00:00,A,-0.9367356,-2.0003033,True,20,False,False
2021-05-17 21:00:00,A,-0.9704111,-1.8610766,True,21,False,False
2021-05-17 22:00:00,A,-1.111752,-1.8194718,True,22,False,False
2021-05-17 23:00:00,A,-1.0950365,-1.8855678,True,23,False,False
2021-05-18 00:00:00,A,-1.121067,-1.9635636,True,0,False,False
2021-05-18 01:00:00,A,-1.0819364,-2.0839334,True,1,False,False
2021-05-18 02:00:00,A,-1.0626411,-1.9606178,True,2,False,False
2021-05-18 03:00:00,A,-1.0631583,-2.1212795,True,3,False,False
2021-05-18 04:00:00,A,-1.1045794,-2.056243,True,4,False,False
2021-05-18 05:00:00,A,-1.040523,-2.0920568,True,5,False,False
2021-05-18 06:00:00,A,-1.0785887,-2.111339,True,6,False,False
2021-05-18 07:00:00,A,-1.0128396,-2.164468,True,7,False,False
2021-05-18 08:00:00,A,-1.1586466,-2.1099305,True,8,False,False
2021-05-18 09:00:00,A,-0.8862706,-2.1726508,True,9,False,False
2021-05-18 10:00:00,A,-1.0571752,-2.0781755,True,10,False,False
2021-05-18 11:00:00,A,-1.0570192,-2.0307178,True,11,False,False
2021-05-18 12:00:00,A,-0.97230476,-2.1280334,True,12,False,False
2021-05-18 13:00:00,A,-0.93125576,-2.0254178,True,13,False,False
2021-05-18 14:00:00,A,-1.1133077,-1.9211192,True,14,False,False
2021-05-18 15:00:00,A,-1.0825036,-1.9884018,True,15,False,False
2021-05-18 16:00:00,A,-1.1391959,-2.023954,True,16,False,False
2021-05-18 17:00:00,A,-1.1023993,-2.1124787,True,17,False,False
2021-05-18 18:00:00,A,-1.0655057,-1.999915,True,18,False,False
2021-05-18 19:00:00,A,-1.0741916,-2.1484015,True,19,False,False
2021-05-18 20:00:00,A,-1.0854893,-2.1065674,True,20,False,False
2021-05-18 21:00:00,A,-1.0157778,-2.158046,True,21,False,False
2021-05-18 22:00:00,A,-1.129786,-2.1229134,True,22,False,False
2021-05-18 23:00:00,A,-1.1116664,-2.0858645,True,23,False,False
2021-05-19 00:00:00,A,-1.2947471,-2.0267332,False,0,False,False
2021-05-19 01:00:00,A,-1.0724206,-2.0685658,False,1,False,False
2021-05-19 02:00:00,A,-1.219389,-1.9697976,False,2,False,False
2021-05-19 03:00:00,A,-1.2197995,-1.9154079,False,3,False,False
2021-05-19 04:00:00,A,-1.094902,-1.9908749,False,4,False,False
2021-05-19 05:00:00,A,-1.0153301,-2.0057573,False,5,False,False
2021-05-19 06:00:00,A,-1.1860118,-1.922161,False,6,False,False
2021-05-19 07:00:00,A,-1.1310623,-2.007379,False,7,False,False
2021-05-19 08:00:00,A,-1.0836306,-1.7636278,False,8,False,False
2021-05-19 09:00:00,A,-1.500922,-1.0357957,False,9,False,False
2021-05-19 10:00:00,A,-1.5965376,-0.85142463,False,10,False,False
2021-05-19 11:00:00,A,-1.5583882,-0.86683166,False,11,False,False
2021-05-19 12:00:00,A,-1.7231419,-0.89421785,False,12,False,False
2021-05-19 13:00:00,A,-1.6735859,-0.7510704,False,13,False,False
2021-05-19 14:00:00,A,-2.1327693,-0.36403072,False,14,False,False
2021-05-19 15:00:00,A,-1.9910035,-0.6414545,False,15,False,False
2021-05-19 16:00:00,A,-2.2187982,-0.33636206,False,16,False,False
2021-05-19 17:00:00,A,-1.7186017,-0.771248,False,17,False,False
2021-05-19 18:00:00,A,-1.842711,-0.7016624,False,18,False,False
2021-05-19 19:00:00,A,-1.7714453,-0.7142012,False,19,False,False
2021-05-19 20:00:00,A,-1.7632685,-0.57297504,False,20,False,False
2021-05-19 21:00:00,A,-1.8388937,-0.14785552,False,21,False,False
2021-05-19 22:00:00,A,-2.0120492,0.089661956,False,22,False,False
2021-05-19 23:00:00,A,-1.9034383,-0.24136001,False,23,False,False
2021-05-20 00:00:00,A,-1.7572875,-1.0502446,True,0,False,False
2021-05-20 01:00:00,A,-1.5362511,-1.1401647,True,1,False,False
2021-05-20 02:00:00,A,-1.5481453,-0.9310137,True,2,False,False
2021-05-20 03:00:00,A,-1.4027464,-1.0744088,True,3,False,False
2021-05-20 04:00:00,A,-1.6638823,-0.9899184,True,4,False,False
2021-05-20 05:00:00,A,-1.5951438,-0.98497266,True,5,False,False
2021-05-20 06:00:00,A,-1.8494792,-0.61073077,True,6,False,False
2021-05-20 07:00:00,A,-1.9548721,-0.6911596,True,7,False,False
2021-05-20 08:00:00,A,-1.9399254,-0.7161392,True,8,False,False
2021-05-20 09:00:00,A,-1.6887937,-0.9301561,True,9,False,False
2021-05-20 10:00:00,A,-1.7175665,-0.82185745,True,10,False,False
2021-05-20 11:00:00,A,-1.5122762,-0.6808768,True,11,False,False
2021-05-20 12:00:00,A,-1.4147272,-0.50132483,True,12,False,False
2021-05-20 13:00:00,A,-1.3431208,-0.023430824,True,13,False,False
2021-05-20 14:00:00,A,-1.3439131,0.34242558,True,14,False,False
2021-05-20 15:00:00,A,-1.0618978,-0.055839896,True,15,False,False
2021-05-20 16:00:00,A,-0.9684562,-0.12576962,True,16,False,False
2021-05-20 17:00:00,A,-0.4471547,-0.48403925,True,17,False,False
2021-05-20 18:00:00,A,-0.5059759,0.0007765293,True,18,False,False
2021-05-20 19:00:00,A,-0.18455261,-0.015171051,True,19,False,False
2021-05-20 20:00:00,A,-0.39304906,0.15648305,True,20,False,False
2021-05-20 21:00:00,A,-0.116506755,-0.08164036,True,21,False,False
2021-05-20 22:00:00,A,-0.21031803,0.15500295,True,22,False,False
2021-05-20 23:00:00,A,-0.25783998,0.2232424,True,23,False,False
2021-05-21 00:00:00,A,-0.25347096,0.3198899,True,0,False,False
2021-05-21 01:00:00,A,-0.19077808,0.2540046,True,1,False,False
2021-05-21 02:00:00,A,-0.30237913,0.3686217,True,2,False,False
2021-05-21 03:00:00,A,0.007403791,0.37627685,True,3,False,False
2021-05-21 04:00:00,A,0.048797905,0.40247703,True,4,False,False
2021-05-21 05:00:00,A,0.21032304,0.55690885,True,5,False,False
2021-05-21 06:00:00,A,0.22454637,0.72928584,True,6,False,False
2021-05-21 07:00:00,A,0.37235206,0.71246254,True,7,False,False
2021-05-21 08:00:00,A,0.39671665,0.59871244,True,8,False,False
2021-05-21 09:00:00,A,0.8764901,0.12366521,True,9,False,False
2021-05-21 10:00:00,A,0.76848954,0.45085275,True,10,False,False
2021-05-21 11:00:00,A,0.8199557,0.27379525,True,11,False,False
2021-05-21 12:00:00,A,0.5368961,0.3223487,True,12,False,False
2021-05-21 13:00:00,A,0.6282306,0.18876898,True,13,False,False
2021-05-21 14:00:00,A,0.4805925,0.25735247,True,14,False,False
2021-05-21 15:00:00,A,0.39570558,0.15005195,True,15,False,False
2021-05-21 16:00:00,A,0.16837487,0.18708777,True,16,False,False
2021-05-21 17:00:00,A,0.11089036,0.089999676,True,17,False,False
2021-05-21 18:00:00,A,0.07234776,0.112939954,True,18,False,False
2021-05-21 19:00:00,A,0.24905778,0.09312236,True,19,False,False
2021-05-21 20:00:00,A,0.2522148,0.10764241,True,20,False,False
2021-05-21 21:00:00,A,0.2999102,0.14878237,True,21,False,False
2021-05-21 22:00:00,A,0.23189187,0.29409516,True,22,False,False
2021-05-21 23:00:00,A,0.32933167,0.24518156,True,23,False,False
2021-05-22 00:00:00,A,0.2832309,0.24012685,False,0,False,False
2021-05-22 01:00:00,A,0.69725025,-0.050818563,False,1,False,False
2021-05-22 02:00:00,A,0.5626671,0.23989785,False,2,False,False
2021-05-22 03:00:00,A,0.6023439,0.12882864,False,3,False,False
2021-05-22 04:00:00,A,0.3298548,0.15510833,False,4,False,False
2021-05-22 05:00:00,A,0.4301245,0.14871502,False,5,False,False
2021-05-22 06:00:00,A,0.3381269,0.31545198,False,6,False,False
2021-05-22 07:00:00,A,0.30159843,0.19427025,False,7,False,False
2021-05-22 08:00:00,A,0.15967178,0.106533885,False,8,False,False
2021-05-22 09:00:00,A,0.04950261,-0.143067,False,9,False,False
2021-05-22 10:00:00,A,-0.19150108,-0.09282231,False,10,False,False
2021-05-22 11:00:00,A,-0.09727925,-0.27804804,False,11,False,False
2021-05-22 12:00:00,A,-0.24244922,-0.3763613,False,12,False,False
2021-05-22 13:00:00,A,-0.34072065,-0.3557635,False,13,False,False
2021-05-22 14:00:00,A,-0.5560002,-0.39477813,False,14,False,False
2021-05-22 15:00:00,A,-0.50154024,-0.4969191,False,15,False,False
2021-05-22 16:00:00,A,-0.5916392,-0.5765677,False,16,False,False
2021-05-22 17:00:00,A,-0.299977,-0.94427425,False,17,False,False
2021-05-22 18:00:00,A,-0.52777857,-0.7696968,False,18,False,False
2021-05-22 19:00:00,A,-0.5362509,-0.8935311,False,19,False,False
2021-05-22 20:00:00,A,-0.83426684,-0.87904423,False,20,False,False
2021-05-22 21:00:00,A,-0.8212537,-0.9964746,False,21,False,False
2021-05-22 22:00:00,A,-0.9711022,-1.0752872,False,22,False,False
2021-05-22 23:00:00,A,-1.030735,-1.251093,False,23,False,False
2021-05-23 00:00:00,A,-1.154099,-1.191397,False,0,False,False
2021-05-23 01:00:00,A,-1.1859477,-1.400391,False,1,False,False
2021-05-23 02:00:00,A,-1.3131423,-1.3747352,False,2,False,False
2021-05-23 03:00:00,A,-1.285907,-1.3628287,False,3,False,False
2021-05-23 04:00:00,A,-1.3378863,-1.4424307,False,4,False,False
2021-05-23 05:00:00,A,-1.4831734,-1.4146879,False,5,False,False
2021-05-23 06:00:00,A,-1.6964498,-1.4014053,False,6,False,False
2021-05-23 07:00:00,A,-1.7352848,-1.2711225,False,7,False,False
2021-05-23 08:00:00,A,-1.6428747,-1.6341596,False,8,False,False
2021-05-23 09:00:00,A,-1.3597627,-1.9762325,False,9,False,False
2021-05-23 10:00:00,A,-1.4486291,-1.8279288,False,10,False,False
2021-05-23 11:00:00,A,-1.1650081,-1.8807924,False,11,False,False
2021-05-23 12:00:00,A,-1.3060739,-1.7672247,False,12,False,False
2021-05-23 13:00:00,A,-1.0089049,-1.831057,False,13,False,False
2021-05-23 14:00:00,A,-1.0434477,-1.9000652,False,14,False,False
2021-05-23 15:00:00,A,-1.0960767,-2.020485,False,15,False,False
2021-05-23 16:00:00,A,-1.1070535,-1.8557609,False,16,False,False
2021-05-23 17:00:00,A,-0.9843952,-1.9245155,False,17,False,False
2021-05-23 18:00:00,A,-1.058248,-2.0501,False,18,False,False
2021-05-23 19:00:00,A,-0.9568741,-1.9632795,False,19,False,False
2021-05-23 20:00:00,A,-0.95388,-1.8367735,False,20,False,False
2021-05-23 21:00:00,A,-0.9634747,-1.9186537,False,21,False,False
2021-05-23 22:00:00,A,-1.1380441,-1.8345921,False,22,False,False
2021-05-23 23:00:00,A,-0.9853361,-1.7867358,False,23,False,False
2021-05-24 00:00:00,A,-0.8552826,-1.9546793,True,0,False,False
2021-05-24 01:00:00,A,-0.8504886,-2.0810866,True,1,False,False
2021-05-24 02:00:00,A,-0.90340763,-2.008915,True,2,False,False
2021-05-24 03:00:00,A,-0.7355364,-2.0685909,True,3,False,False
2021-05-24 04:00:00,A,-0.9446085,-1.9539565,True,4,False,False
2021-05-24 05:00:00,A,-0.7774028,-2.0040433,True,5,False,False
2021-05-24 06:00:00,A,-0.7877895,-2.0439909,True,6,False,False
2021-05-24 07:00:00,A,-0.8591129,-2.0754118,True,7,False,False
2021-05-24 08:00:00,A,-0.98109394,-2.0555487,True,8,False,False
2021-05-24 09:00:00,A,-0.81377524,-2.197242,True,9,False,False
2021-05-24 10:00:00,A,-0.962269,-2.1109028,True,10,False,False
2021-05-24 11:00:00,A,-0.91059846,-2.1180415,True,11,False,False
2021-05-24 12:00:00,A,-0.87248737,-2.130512,True,12,False,False
2021-05-24 13:00:00,A,-0.9109432,-2.034963,True,13,False,False
2021-05-24 14:00:00,A,-1.1227798,-1.9917157,True,14,False,False
2021-05-24 15:00:00,A,-1.0234437,-2.0028682,True,15,False,False
2021-05-24 16:00:00,A,-0.9833285,-2.0215445,True,16,False,False
2021-05-24 17:00:00,A,-0.90230864,-2.2080398,True,17,False,False
2021-05-24 18:00:00,A,-0.8911796,-2.0477629,True,18,False,False
2021-05-24 19:00:00,A,-0.7938873,-2.0990162,True,19,False,False
2021-05-24 20:00:00,A,-0.9599486,-2.0343604,True,20,False,False
2021-05-24 21:00:00,A,-0.78728133,-2.0941012,True,21,False,False
2021-05-24 22:00:00,A,-0.8955427,-2.0932503,True,22,False,False
2021-05-24 23:00:00,A,-1.005769,-2.1640563,True,23,False,False
2021-05-25 00:00:00,A,-1.141305,-2.0953143,True,0,False,False
2021-05-25 01:00:00,A,-0.96434313,-2.1476827,True,1,False,False
2021-05-25 02:00:00,A,-1.1041017,-2.045045,True,2,False,False
2021-05-25 03:00:00,A,-1.0624073,-2.0730715,True,3,False,False
2021-05-25 04:00:00,A,-1.0244613,-2.0673454,True,4,False,False
2021-05-25 05:00:00,A,-1.0458539,-1.9841651,True,5,False,False
2021-05-25 06:00:00,A,-1.3146164,-1.8505459,True,6,False,False
2021-05-25 07:00:00,A,-1.1245828,-1.8787202,True,7,False,False
2021-05-25 08:00:00,A,-1.0959699,-1.872195,True,8,False,False
2021-05-25 09:00:00,A,-0.98499066,-1.9904478,True,9,False,False
2021-05-25 10:00:00,A,-0.89781445,-1.940279,True,10,False,False
2021-05-25 11:00:00,A,-0.8607606,-1.9764218,True,11,False,False
2021-05-25 12:00:00,A,-0.93298155,-1.987796,True,12,False,False
2021-05-25 13:00:00,A,-0.77577204,-2.031053,True,13,False,False
2021-05-25 14:00:00,A,-0.8452756,-2.1039515,True,14,False,False
2021-05-25 15:00:00,A,-0.9477441,-2.1363873,True,15,False,False
2021-05-25 16:00:00,A,-1.0714347,-2.1058078,True,16,False,False
2021-05-25 17:00:00,A,-0.96696967,-2.1219144,True,17,False,False
2021-05-25 18:00:00,A,-1.0434339,-2.0131233,True,18,False,False
2021-05-25 19:00:00,A,-1.0488791,-2.0148196,True,19,False,False
2021-05-25 20:00:00,A,-0.993156,-2.0331974,True,20,False,False
2021-05-25 21:00:00,A,-1.0287483,-1.9235171,True,21,False,False
2021-05-25 22:00:00,A,-1.2828813,-1.8166474,True,22,False,False
2021-05-25 23:00:00,A,-1.1472392,-1.8308477,True,23,False,False
2021-05-26 00:00:00,A,-1.0704184,-1.9314556,True,0,False,False
2021-05-26 01:00:00,A,-1.0107219,-1.9789692,True,1,False,False
2021-05-26 02:00:00,A,-0.939825,-1.9322108,True,2,False,False
2021-05-26 03:00:00,A,-0.86479396,-2.0032384,True,3,False,False
2021-05-26 04:00:00,A,-0.9288582,-1.9942274,True,4,False,False
2021-05-26 05:00:00,A,-0.77984196,-2.0556128,True,5,False,False
2021-05-26 06:00:00,A,-0.8706483,-2.0804176,True,6,False,False
2021-05-26 07:00:00,A,-0.9421368,-2.146184,True,7,False,False
2021-05-26 08:00:00,A,-1.095999,-2.0518012,True,8,False,False
2021-05-26 09:00:00,A,-0.8556804,-1.9775767,True,9,False,False
2021-05-26 10:00:00,A,-0.90158695,-1.7758092,True,10,False,False
2021-05-26 11:00:00,A,-0.6764359,-1.6769627,True,11,False,False
2021-05-26 12:00:00,A,-0.482337,-1.6000487,True,12,False,False
2021-05-26 13:00:00,A,-0.41558844,-1.3809414,True,13,False,False
2021-05-26 14:00:00,A,-0.5296921,-1.1638546,True,14,False,False
2021-05-26 15:00:00,A,-0.24833411,-1.2123979,True,15,False,False
2021-05-26 16:00:00,A,-0.12666988,-1.1468153,True,16,False,False
2021-05-26 17:00:00,A,-0.009640276,-1.2281927,True,17,False,False
2021-05-26 18:00:00,A,0.13178605,-1.0659627,True,18,False,False
2021-05-26 19:00:00,A,0.36043763,-1.041894,True,19,False,False
2021-05-26 20:00:00,A,0.3075682,-0.9960149,True,20,False,False
2021-05-26 21:00:00,A,0.54620826,-1.0271437,True,21,False,False
2021-05-26 22:00:00,A,0.5216082,-0.9701146,True,22,False,False
2021-05-26 23:00:00,A,0.42479286,-0.93811095,True,23,False,False
2021-05-27 00:00:00,A,0.2813395,-0.79598206,True,0,False,False
2021-05-27 01:00:00,A,0.46071488,-0.7732967,True,1,False,False
2021-05-27 02:00:00,A,0.43458676,-0.59424466,True,2,False,False
2021-05-27 03:00:00,A,0.6330892,-0.537218,True,3,False,False
2021-05-27 04:00:00,A,0.74513143,-0.55178845,True,4,False,False
2021-05-27 05:00:00,A,0.91978914,-0.39395964,True,5,False,False
2021-05-27 06:00:00,A,0.84681404,-0.19627571,True,6,False,False
2021-05-27 07:00:00,A,1.0572517,-0.26060712,True,7,False,False
2021-05-27 08:00:00,A,1.1278968,-0.15989512,True,8,False,False
2021-05-27 09:00:00,A,1.3265896,-0.240147,True,9,False,False
2021-05-27 10:00:00,A,1.4627886,-0.091831446,True,10,False,False
2021-05-27 11:00:00,A,1.7251801,-0.056080222,True,11,False,False
2021-05-27 12:00:00,A,1.7632735,-0.0368644,True,12,False,False
2021-05-27 13:00:00,A,2.0038886,-0.027218461,True,13,False,False
2021-05-27 14:00:00,A,2.0168715,0.036466837,True,14,False,False
2021-05-27 15:00:00,A,2.0262241,0.052618742,True,15,False,False
2021-05-27 16:00:00,A,1.8661664,0.21190727,True,16,False,False
2021-05-27 17:00:00,A,2.027409,0.25590324,True,17,False,False
2021-05-27 18:00:00,A,2.092719,0.44611216,True,18,False,False
2021-05-27 19:00:00,A,2.3715487,0.5412135,True,19,False,False
2021-05-27 20:00:00,A,2.3707871,0.6028811,True,20,False,False
2021-05-27 21:00:00,A,2.6183653,0.7568494,True,21,False,False
2021-05-27 22:00:00,A,2.5426452,0.9640235,True,22,False,False
2021-05-27 23:00:00,A,2.649643,0.9448019,True,23,False,False
2021-05-28 00:00:00,A,2.720898,1.0176541,True,0,False,False
2021-05-28 01:00:00,A,2.9024556,0.919469,True,1,False,False
2021-05-28 02:00:00,A,3.0270045,1.016699,True,2,False,False
2021-05-28 03:00:00,A,3.251285,1.0035456,True,3,False,False
2021-05-28 04:00:00,A,3.246914,0.99244344,True,4,False,False
2021-05-28 05:00:00,A,3.5101438,0.8952311,True,5,False,False
2021-05-28 06:00:00,A,3.498476,0.9748179,True,6,False,False
2021-05-28 07:00:00,A,3.5232773,0.9981271,True,7,False,False
2021-05-28 08:00:00,A,3.3708444,0.95607626,True,8,False,False
2021-05-28 09:00:00,A,3.5442786,0.84118617,True,9,False,False
2021-05-28 10:00:00,A,3.5613923,0.96671593,True,10,False,False
2021-05-28 11:00:00,A,3.6891406,0.9030534,True,11,False,False
2021-05-28 12:00:00,A,3.5897107,0.8121637,True,12,False,False
2021-05-28 13:00:00,A,3.7095795,0.87013113,True,13,False,False
2021-05-28 14:00:00,A,3.5657809,0.97085917,True,14,False,False
2021-05-28 15:00:00,A,3.5698838,0.8936821,True,15,False,False
2021-05-28 16:00:00,A,3.4643116,0.9295739,True,16,False,False
2021-05-28 17:00:00,A,3.5721564,0.8603493,True,17,False,False
2021-05-28 18:00:00,A,3.501779,0.99127805,True,18,False,False
2021-05-28 19:00:00,A,3.5844111,0.963868,True,19,False,False
2021-05-28 20:00:00,A,3.554057,0.90160406,True,20,False,False
2021-05-28 21:00:00,A,3.6370444,0.91837966,True,21,False,False
2021-05-28 22:00:00,A,3.5509434,0.99780834,True,22,False,False
2021-05-28 23:00:00,A,3.5144634,0.97814715,True,23,False,False
2021-05-29 00:00:00,A,3.3567338,0.9600147,False,0,False,False
2021-05-29 01:00:00,A,3.5451798,0.86518276,False,1,False,False
2021-05-29 02:00:00,A,3.592043,0.9366821,False,2,False,False
2021-05-29 03:00:00,A,3.7129035,0.8922502,False,3,False,False
2021-05-29 04:00:00,A,3.5994306,0.7905456,False,4,False,False
2021-05-29 05:00:00,A,3.709704,0.9160167,False,5,False,False
2021-05-29 06:00:00,A,3.5711968,1.0206708,False,6,False,False
2021-05-29 07:00:00,A,3.587896,0.9474093,False,7,False,False
2021-05-29 08:00:00,A,3.4383855,1.0341808,False,8,False,False
2021-05-29 09:00:00,A,3.4119194,0.95410407,False,9,False,False
2021-05-29 10:00:00,A,3.2525964,0.95937264,False,10,False,False
2021-05-29 11:00:00,A,3.2028427,0.7908758,False,11,False,False
2021-05-29 12:00:00,A,2.961314,0.6313696,False,12,False,False
2021-05-29 13:00:00,A,2.9438424,0.50244606,False,13,False,False
2021-05-29 14:00:00,A,2.7008762,0.50075924,False,14,False,False
2021-05-29 15:00:00,A,2.6172414,0.361879,False,15,False,False
2021-05-29 16:00:00,A,2.3903873,0.26742196,False,16,False,False
2021-05-29 17:00:00,A,2.4921615,0.09360945,False,17,False,False
2021-05-29 18:00:00,A,2.417465,0.13078749,False,18,False,False
2021-05-29 19:00:00,A,2.4526725,-0.038285732,False,19,False,False
2021-05-29 20:00:00,A,2.2801952,-0.20134568,False,20,False,False
2021-05-29 21:00:00,A,2.2192578,-0.10937309,False,21,False,False
2021-05-29 22:00:00,A,2.0566196,-0.08896637,False,22,False,False
2021-05-29 23:00:00,A,2.0278702,-0.2266776,False,23,False,False
2021-05-30 00:00:00,A,1.8855522,-0.22024232,False,0,False,False
2021-05-30 01:00:00,A,2.0373466,-0.3128273,False,1,False,False
2021-05-30 02:00:00,A,1.9393575,-0.26337725,False,2,False,False
2021-05-30 03:00:00,A,1.8818905,-0.4166143,False,3,False,False
2021-05-30 04:00:00,A,1.7607605,-0.522622,False,4,False,False
2021-05-30 05:00:00,A,1.6946864,-0.62255484,False,5,False,False
2021-05-30 06:00:00,A,1.5199802,-0.6461705,False,6,False,False
2021-05-30 07:00:00,A,1.455677,-0.7492629,False,7,False,False
2021-05-30 08:00:00,A,1.2771835,-0.82260156,False,8,False,False
2021-05-30 09:00:00,A,1.3339828,-0.9477301,False,9,False,False
2021-05-30 10:00:00,A,1.196985,-0.91052425,False,10,False,False
2021-05-30 11:00:00,A,1.20247,-1.0536199,False,11,False,False
2021-05-30 12:00:00,A,1.0262253,-1.1822184,False,12,False,False
2021-05-30 13:00:00,A,0.9164187,-1.1259482,False,13,False,False
2021-05-30 14:00:00,A,0.71997005,-1.1698685,False,14,False,False
2021-05-30 15:00:00,A,0.7050812,-1.302376,False,15,False,False
2021-05-30 16:00:00,A,0.56166136,-1.3249497,False,16,False,False
2021-05-30 17:00:00,A,0.55521446,-1.4224931,False,17,False,False
2021-05-30 18:00:00,A,0.5551916,-1.4566668,False,18,False,False
2021-05-30 19:00:00,A,0.44817394,-1.6418803,False,19,False,False
2021-05-30 20:00:00,A,0.27016106,-1.7635884,False,20,False,False
2021-05-30 21:00:00,A,0.23244268,-1.8568529,False,21,False,False
2021-05-30 22:00:00,A,0.0492357,-1.906627,False,22,False,False
2021-05-30 23:00:00,A,-0.001957357,-2.0085084,False,23,False,False
2021-05-31 00:00:00,A,-0.17555279,-2.0784326,True,0,False,False
2021-05-31 01:00:00,A,-0.06569344,-2.1738365,True,1,False,False
2021-05-31 02:00:00,A,-0.15986282,-2.1218252,True,2,False,False
2021-05-31 03:00:00,A,-0.15760344,-2.2418728,True,3,False,False
2021-05-31 04:00:00,A,-0.25023514,-2.3230743,True,4,False,False
2021-05-31 05:00:00,A,-0.38510203,-2.2598453,True,5,False,False
2021-05-31 06:00:00,A,-0.5088586,-2.3460648,True,6,False,False
2021-05-31 07:00:00,A,-0.5688618,-2.397673,True,7,False,False
2021-05-31 08:00:00,A,-0.85291666,-2.2525785,True,8,False,False
2021-05-31 09:00:00,A,-0.82863575,-2.249164,True,9,False,False
2021-05-31 10:00:00,A,-0.7357804,-2.20337,True,10,False,False
2021-05-31 11:00:00,A,-0.72229236,-2.280624,True,11,False,False
2021-05-31 12:00:00,A,-0.79303616,-2.2827535,True,12,False,False
2021-05-31 13:00:00,A,-0.69468945,-2.2847753,True,13,False,False
2021-05-31 14:00:00,A,-0.7423,-2.2886276,True,14,False,False
2021-05-31 15:00:00,A,-0.6910531,-2.3276834,True,15,False,False
2021-05-31 16:00:00,A,-0.7359707,-2.2489672,True,16,False,False
2021-05-31 17:00:00,A,-0.59616035,-2.3401394,True,17,False,False
2021-05-31 18:00:00,A,-0.5625487,-2.275144,True,18,False,False
2021-05-31 19:00:00,A,-0.57441944,-2.267713,True,19,False,False
2021-05-31 20:00:00,A,-0.5753793,-2.2562764,True,20,False,False
2021-05-31 21:00:00,A,-0.56587595,-2.2230277,True,21,False,False
2021-05-31 22:00:00,A,-0.7578301,-2.255962,True,22,False,False
2021-05-31 23:00:00,A,-0.68633264,-2.3384466,True,23,False,False
2021-06-01 00:00:00,A,-0.8691049,-2.2899723,True,0,False,False
2021-06-01 01:00:00,A,-0.8710901,-2.1986706,True,1,False,False
2021-06-01 02:00:00,A,-0.7605409,-2.2031994,True,2,False,False
2021-06-01 03:00:00,A,-0.7439863,-2.2832174,True,3,False,False
2021-06-01 04:00:00,A,-0.8039903,-2.2687688,True,4,False,False
2021-06-01 05:00:00,A,-0.67860955,-2.323646,True,5,False,False
2021-06-01 06:00:00,A,-0.7163846,-2.3397126,True,6,False,False
2021-06-01 07:00:00,A,-0.6740926,-2.3791647,True,7,False,False
2021-06-01 08:00:00,A,-0.768418,-2.2655597,True,8,True,False
2021-06-01 09:00:00,A,-0.62310666,-2.2813478,True,9,False,False
2021-06-01 10:00:00,A,-0.57432,-2.162643,True,10,True,False
2021-06-01 11:00:00,A,-0.62243134,-2.1381798,True,11,False,False
2021-06-01 12:00:00,A,-0.5835603,-2.151349,True,12,False,False
2021-06-01 13:00:00,A,-0.48721236,-2.1254768,True,13,False,False
2021-06-01 14:00:00,A,-0.6726503,-2.1688159,True,14,False,False
2021-06-01 15:00:00,A,-0.63490635,-2.2484372,True,15,False,False
2021-06-01 16:00:00,A,-0.7964366,-2.2398014,True,16,False,False
2021-06-01 17:00:00,A,-0.8817838,-2.1541953,True,17,False,False
2021-06-01 18:00:00,A,-0.71659845,-2.1696687,True,18,False,False
2021-06-01 19:00:00,A,-0.6980049,-2.248691,True,19,False,False
2021-06-01 20:00:00,A,-0.7702318,-2.22282,True,20,False,False
2021-06-01 21:00:00,A,-0.65797824,-2.2418718,True,21,False,False
2021-06-01 22:00:00,A,-0.741299,-2.3017166,True,22,False,False
2021-06-01 23:00:00,A,-0.6450935,-2.326857,True,23,False,False
2021-06-02 00:00:00,A,-0.73549217,-2.2475426,True,0,False,False
2021-06-02 01:00:00,A,-0.6267776,-2.2266433,True,1,False,False
2021-06-02 02:00:00,A,-0.58710235,-2.1231937,True,2,False,False
2021-06-02 03:00:00,A,-0.5344358,-2.1670985,True,3,False,False
2021-06-02 04:00:00,A,-0.5049021,-2.184229,True,4,False,False
2021-06-02 05:00:00,A,-0.5120171,-2.1873631,True,5,False,False
2021-06-02 06:00:00,A,-0.6399953,-2.2450783,True,6,False,False
2021-06-02 07:00:00,A,-0.6767768,-2.3239455,True,7,False,False
2021-06-02 08:00:00,A,-0.9833881,-2.200909,True,8,False,False
2021-06-02 09:00:00,A,-0.91178054,-2.016468,True,9,False,False
2021-06-02 10:00:00,A,-0.90696377,-1.8033569,True,10,True,False
2021-06-02 11:00:00,A,-0.9898042,-1.7127185,True,11,False,False
2021-06-02 12:00:00,A,-0.90293163,-1.5388782,True,12,False,False
2021-06-02 13:00:00,A,-0.5677354,-1.4248621,True,13,True,False
2021-06-02 14:00:00,A,-0.62577313,-1.2739781,True,14,False,False
2021-06-02 15:00:00,A,-0.25363266,-1.3223033,True,15,False,False
2021-06-02 16:00:00,A,-0.08773309,-1.1625748,True,16,False,False
2021-06-02 17:00:00,A,-0.11965543,-1.1373595,True,17,False,False
2021-06-02 18:00:00,A,0.09355539,-0.93600535,True,18,False,False
2021-06-02 19:00:00,A,0.3025338,-0.87454045,True,19,False,False
2021-06-02 20:00:00,A,0.4451409,-0.8836258,True,20,False,False
2021-06-02 21:00:00,A,0.6827731,-0.8759494,True,21,False,False
2021-06-02 22:00:00,A,0.53114635,-0.8149774,True,22,False,False
2021-06-02 23:00:00,A,0.6233849,-0.84860563,True,23,False,False
2021-06-03 00:00:00,A,0.56588554,-0.79129934,True,0,False,False
2021-06-03 01:00:00,A,0.53440034,-0.69409806,True,1,False,False
2021-06-03 02:00:00,A,0.5422268,-0.54115146,True,2,False,False
2021-06-03 03:00:00,A,0.70519525,-0.48628318,True,3,False,False
2021-06-03 04:00:00,A,0.67133105,-0.27368522,True,4,False,False
2021-06-03 05:00:00,A,1.0140114,-0.2895106,True,5,False,False
2021-06-03 06:00:00,A,1.0400784,-0.1273464,True,6,False,False
2021-06-03 07:00:00,A,1.1723406,-0.17109549,True,7,False,False
2021-06-03 08:00:00,A,1.1842921,-0.075626016,True,8,False,False
2021-06-03 09:00:00,A,1.4710214,-0.114559054,True,9,False,False
2021-06-03 10:00:00,A,1.6516743,0.015501976,True,10,False,False
2021-06-03 11:00:00,A,1.8515525,0.09338534,True,11,False,False
2021-06-03 12:00:00,A,1.9658818,0.051683784,True,12,False,False
2021-06-03 13:00:00,A,2.1985447,0.1903745,True,13,False,False
2021-06-03 14:00:00,A,2.0921962,0.30712867,True,14,False,False
2021-06-03 15:00:00,A,2.199417,0.23843992,True,15,False,False
2021-06-03 16:00:00,A,2.0988815,0.32924306,True,16,False,False
2021-06-03 17:00:00,A,2.2232192,0.39491117,True,17,False,False
2021-06-03 18:00:00,A,2.2712975,0.5761776,True,18,False,False
2021-06-03 19:00:00,A,2.5244555,0.6137252,True,19,False,False
2021-06-03 20:00:00,A,2.5213747,0.8061892,True,20,False,False
2021-06-03 21:00:00,A,2.7441149,0.8484601,True,21,False,False
2021-06-03 22:00:00,A,2.6671343,0.95977604,True,22,False,False
2021-06-03 23:00:00,A,2.6935139,1.015853,True,23,False,False
2021-06-04 00:00:00,A,2.658481,1.1241685,True,0,False,False
2021-06-04 01:00:00,A,2.8753548,1.1284834,True,1,False,False
2021-06-04 02:00:00,A,3.0431576,1.237871,True,2,False,False
2021-06-04 03:00:00,A,3.2491305,1.2439486,True,3,False,False
2021-06-04 04:00:00,A,3.2956061,1.1901227,True,4,False,False
2021-06-04 05:00:00,A,3.5448084,1.2209219,True,5,False,False
2021-06-04 06:00:00,A,3.4998183,1.2791935,True,6,False,False
2021-06-04 07:00:00,A,3.5534148,1.1726655,True,7,False,False
2021-06-04 08:00:00,A,3.447068,1.1786844,True,8,False,False
2021-06-04 09:00:00,A,3.6135793,1.1349744,True,9,False,False
2021-06-04 10:00:00,A,3.5617876,1.3124791,True,10,False,False
2021-06-04 11:00:00,A,3.639673,1.2860152,True,11,False,False
2021-06-04 12:00:00,A,3.5513577,1.3433188,True,12,False,False
2021-06-04 13:00:00,A,3.6499953,1.3400131,True,13,False,False
2021-06-04 14:00:00,A,3.5315943,1.3832628,True,14,False,False
2021-06-04 15:00:00,A,3.4696565,1.28433,True,15,False,False
2021-06-04 16:00:00,A,3.2965941,1.2169467,True,16,False,False
2021-06-04 17:00:00,A,3.4125144,1.1775352,True,17,False,False
2021-06-04 18:00:00,A,3.4390488,1.2477852,True,18,False,False
2021-06-04 19:00:00,A,3.550425,1.1741112,True,19,False,False
2021-06-04 20:00:00,A,3.5194058,1.0642024,True,20,False,False
2021-06-04 21:00:00,A,3.6540651,1.2291785,True,21,False,False
2021-06-04 22:00:00,A,3.4922128,1.2727858,True,22,False,False
2021-06-04 23:00:00,A,3.491239,1.1833128,True,23,False,False
2021-06-05 00:00:00,A,3.3687458,1.167802,False,0,False,False
2021-06-05 01:00:00,A,3.557308,1.1655809,False,1,False,False
2021-06-05 02:00:00,A,3.5267274,1.3180321,False,2,False,False
2021-06-05 03:00:00,A,3.6147106,1.327226,False,3,False,False
2021-06-05 04:00:00,A,3.451353,1.3502296,False,4,False,False
2021-06-05 05:00:00,A,3.5824723,1.3801967,False,5,False,False
2021-06-05 06:00:00,A,3.4765801,1.5392545,False,6,False,False
2021-06-05 07:00:00,A,3.4462523,1.4370438,False,7,False,False
2021-06-05 08:00:00,A,3.2221353,1.3331267,False,8,False,False
2021-06-05 09:00:00,A,3.2850986,1.2081736,False,9,False,False
2021-06-05 10:00:00,A,3.1920247,1.1896526,False,10,False,False
2021-06-05 11:00:00,A,3.064034,1.0090946,False,11,False,False
2021-06-05 12:00:00,A,2.870408,0.79176915,False,12,False,False
2021-06-05 13:00:00,A,2.913579,0.8090147,False,13,False,False
2021-06-05 14:00:00,A,2.6391094,0.7526076,False,14,False,False
2021-06-05 15:00:00,A,2.5676804,0.54635465,False,15,False,False
2021-06-05 16:00:00,A,2.3642404,0.49799287,False,16,False,False
2021-06-05 17:00:00,A,2.4717805,0.40276587,False,17,False,False
2021-06-05 18:00:00,A,2.354886,0.45640922,False,18,False,False
2021-06-05 19:00:00,A,2.2984028,0.40898287,False,19,False,False
2021-06-05 20:00:00,A,2.0917547,0.37587917,False,20,False,False
2021-06-05 21:00:00,A,2.1106105,0.2943648,False,21,False,False
2021-06-05 22:00:00,A,1.9721506,0.31336844,False,22,False,False
2021-06-05 23:00:00,A,1.9094756,0.17759359,False,23,False,False
2021-06-06 00:00:00,A,1.6306036,0.09082496,False,0,False,False
2021-06-06 01:00:00,A,1.7892609,-0.07502401,False,1,False,False
2021-06-06 02:00:00,A,1.8274763,-0.10903895,False,2,False,False
2021-06-06 03:00:00,A,1.6926136,-0.20321971,False,3,False,False
2021-06-06 04:00:00,A,1.5488532,-0.38927537,False,4,False,False
2021-06-06 05:00:00,A,1.5819848,-0.3452723,False,5,False,False
2021-06-06 06:00:00,A,1.3472872,-0.3877349,False,6,False,False
2021-06-06 07:00:00,A,1.3156302,-0.5682292,False,7,False,False
2021-06-06 08:00:00,A,1.2005781,-0.64572525,False,8,False,False
2021-06-06 09:00:00,A,1.2457289,-0.71009886,False,9,False,False
2021-06-06 10:00:00,A,1.0967236,-0.68211246,False,10,False,False
2021-06-06 11:00:00,A,1.0613878,-0.74988496,False,11,False,False
2021-06-06 12:00:00,A,0.84957385,-0.83768,False,12,False,False
2021-06-06 13:00:00,A,0.84533596,-0.90685636,False,13,False,False
2021-06-06 14:00:00,A,0.6612681,-0.8938083,False,14,False,False
2021-06-06 15:00:00,A,0.6650257,-1.11475,False,15,False,False
2021-06-06 16:00:00,A,0.42648506,-1.2538592,False,16,False,False
2021-06-06 17:00:00,A,0.43404508,-1.3851221,False,17,False,False
2021-06-06 18:00:00,A,0.43172747,-1.4242064,False,18,False,False
2021-06-06 19:00:00,A,0.29713786,-1.6440805,False,19,False,False
2021-06-06 20:00:00,A,0.12240815,-1.7775903,False,20,False,False
2021-06-06 21:00:00,A,0.041493356,-1.722458,False,21,False,False
2021-06-06 22:00:00,A,-0.13750565,-1.8122874,False,22,False,False
2021-06-06 23:00:00,A,-0.16326964,-1.9487777,False,23,False,False
2021-06-07 00:00:00,A,-0.29194987,-2.020474,True,0,False,False
2021-06-07 01:00:00,A,-0.22155827,-2.0333278,True,1,False,False
2021-06-07 02:00:00,A,-0.29149002,-2.0340507,True,2,False,False
2021-06-07 03:00:00,A,-0.29527533,-2.077587,True,3,False,False
2021-06-07 04:00:00,A,-0.40708464,-2.1293254,True,4,False,False
2021-06-07 05:00:00,A,-0.47057068,-2.1762424,True,5,False,False
2021-06-07 06:00:00,A,-0.6227254,-2.183506,True,6,False,False
2021-06-07 07:00:00,A,-0.6651339,-2.2855682,True,7,False,False
2021-06-07 08:00:00,A,-0.9641579,-2.224441,True,8,False,False
2021-06-07 09:00:00,A,-0.8619506,-2.3201733,True,9,False,False
2021-06-07 10:00:00,A,-0.77975374,-2.2368097,True,10,False,False
2021-06-07 11:00:00,A,-0.7796605,-2.3242788,True,11,False,False
2021-06-07 12:00:00,A,-0.80716497,-2.3878694,True,12,False,False
2021-06-07 13:00:00,A,-0.7481833,-2.2557073,True,13,False,False
2021-06-07 14:00:00,A,-0.82439727,-2.15935,True,14,False,False
2021-06-07 15:00:00,A,-0.8149108,-2.2217765,True,15,False,False
2021-06-07 16:00:00,A,-0.79628223,-2.23103,True,16,False,False
2021-06-07 17:00:00,A,-0.6933047,-2.2241082,True,17,False,False
2021-06-07 18:00:00,A,-0.67967325,-2.2487683,True,18,False,False
2021-06-07 19:00:00,A,-0.6495127,-2.2321882,True,19,False,False
2021-06-07 20:00:00,A,-0.68897575,-2.2168841,True,20,False,False
2021-06-07 21:00:00,A,-0.6206626,-2.1996222,True,21,False,False
2021-06-07 22:00:00,A,-0.7394734,-2.239972,True,22,False,False
2021-06-07 23:00:00,A,-0.7286224,-2.281664,True,23,False,False
2021-06-08 00:00:00,A,-1.0397902,-2.3053584,True,0,False,False
2021-06-08 01:00:00,A,-0.99374264,-2.323071,True,1,False,False
2021-06-08 02:00:00,A,-0.95167893,-2.240539,True,2,False,False
2021-06-08 03:00:00,A,-0.96838313,-2.2922668,True,3,False,False
2021-06-08 04:00:00,A,-0.9826483,-2.3643572,True,4,False,False
2021-06-08 05:00:00,A,-0.86181194,-2.32205,True,5,False,False
2021-06-08 06:00:00,A,-0.86987025,-2.264629,True,6,False,False
2021-06-08 07:00:00,A,-0.83551663,-2.3028526,True,7,False,False
2021-06-08 08:00:00,A,-0.8269233,-2.2897673,True,8,False,False
2021-06-08 09:00:00,A,-0.65527505,-2.2432513,True,9,False,False
2021-06-08 10:00:00,A,-0.6729093,-2.208684,True,10,False,False
2021-06-08 11:00:00,A,-0.60784763,-2.2389898,True,11,False,False
2021-06-08 12:00:00,A,-0.6904102,-2.2024465,True,12,False,False
2021-06-08 13:00:00,A,-0.634046,-2.186486,True,13,False,False
2021-06-08 14:00:00,A,-0.7572579,-2.2595024,True,14,False,False
2021-06-08 15:00:00,A,-0.7229125,-2.2929568,True,15,False,False
2021-06-08 16:00:00,A,-1.0927608,-2.2015557,True,16,False,False
2021-06-08 17:00:00,A,-1.0780914,-2.2479262,True,17,False,False
2021-06-08 18:00:00,A,-0.98021525,-2.1546278,True,18,False,False
2021-06-08 19:00:00,A,-0.9918509,-2.2215004,True,19,False,False
2021-06-08 20:00:00,A,-1.0617559,-2.211214,True,20,False,False
2021-06-08 21:00:00,A,-0.895477,-2.204931,True,21,False,False
2021-06-08 22:00:00,A,-0.9915566,-2.1084192,True,22,False,False
2021-06-08 23:00:00,A,-0.9217376,-2.1532075,True,23,False,False
2021-06-09 00:00:00,A,-0.94493574,-2.1571474,True,0,False,False
2021-06-09 01:00:00,A,-0.793626,-2.136428,True,1,False,False
2021-06-09 02:00:00,A,-0.7929453,-2.110475,True,2,False,False
2021-06-09 03:00:00,A,-0.75009626,-2.136407,True,3,False,False
2021-06-09 04:00:00,A,-0.79980713,-2.077195,True,4,False,False
2021-06-09 05:00:00,A,-0.7156908,-2.1307278,True,5,False,False
2021-06-09 06:00:00,A,-0.79620737,-2.2282815,True,6,False,False
2021-06-09 07:00:00,A,-0.7924573,-2.2839441,True,7,False,False
2021-06-09 08:00:00,A,-1.0285907,-2.1803198,True,8,False,False
2021-06-09 09:00:00,A,-0.9145197,-2.108007,True,9,False,False
2021-06-09 10:00:00,A,-0.70408875,-1.9547317,True,10,False,False
2021-06-09 11:00:00,A,-0.5594401,-1.8594141,True,11,False,False
2021-06-09 12:00:00,A,-0.43735778,-1.807378,True,12,False,False
2021-06-09 13:00:00,A,-0.12495446,-1.6895723,True,13,False,False
2021-06-09 14:00:00,A,-0.043901145,-1.5127137,True,14,False,False
2021-06-09 15:00:00,A,0.07916078,-1.5186081,True,15,False,False
2021-06-09 16:00:00,A,0.15171081,-1.408882,True,16,False,False
2021-06-09 17:00:00,A,0.36676604,-1.3709517,True,17,False,False
2021-06-09 18:00:00,A,0.43305132,-1.2345151,True,18,False,False
2021-06-09 19:00:00,A,0.5720825,-1.1879606,True,19,False,False
2021-06-09 20:00:00,A,0.61365724,-1.0743513,True,20,False,False
2021-06-09 21:00:00,A,0.772025,-1.0031567,True,21,False,False
2021-06-09 22:00:00,A,0.6942444,-0.99940515,True,22,False,False
2021-06-09 23:00:00,A,0.7261052,-0.97464883,True,23,False,False
2021-06-10 00:00:00,A,0.5210928,-0.916241,True,0,False,False
2021-06-10 01:00:00,A,0.5508468,-0.8371177,True,1,False,False
2021-06-10 02:00:00,A,0.70094115,-0.7453937,True,2,False,False
2021-06-10 03:00:00,A,0.84123033,-0.72576594,True,3,False,False
2021-06-10 04:00:00,A,0.90747243,-0.664799,True,4,False,False
2021-06-10 05:00:00,A,1.1710932,-0.59198713,True,5,False,False
2021-06-10 06:00:00,A,1.23526,-0.477027,True,6,False,False
2021-06-10 07:00:00,A,1.3334415,-0.48611778,True,7,False,False
2021-06-10 08:00:00,A,1.3482337,-0.36411858,True,8,False,False
2021-06-10 09:00:00,A,1.6226645,-0.3633693,True,9,False,False
2021-06-10 10:00:00,A,1.7171128,-0.2090466,True,10,False,False
2021-06-10 11:00:00,A,1.8919168,-0.14241588,True,11,False,False
2021-06-10 12:00:00,A,1.9361248,-0.08466828,True,12,False,False
2021-06-10 13:00:00,A,2.1263618,0.033702493,True,13,False,False
2021-06-10 14:00:00,A,2.1539588,0.08329141,True,14,False,False
2021-06-10 15:00:00,A,2.158762,0.10221374,True,15,False,False
2021-06-10 16:00:00,A,2.0362408,0.158535,True,16,False,False
2021-06-10 17:00:00,A,2.1409643,0.20466459,True,17,False,False
2021-06-10 18:00:00,A,2.2733204,0.34818769,True,18,False,False
2021-06-10 19:00:00,A,2.4700723,0.4595996,True,19,False,False
2021-06-10 20:00:00,A,2.4943042,0.49643707,True,20,False,False
2021-06-10 21:00:00,A,2.7594724,0.62154996,True,21,False,False
2021-06-10 22:00:00,A,2.67147,0.82822454,True,22,False,False
2021-06-10 23:00:00,A,2.7556248,0.8823348,True,23,False,False
2021-06-11 00:00:00,A,2.842308,0.9690472,True,0,False,False
2021-06-11 01:00:00,A,3.077142,0.91539204,True,1,False,False
2021-06-11 02:00:00,A,3.1781502,1.0296727,True,2,False,False
2021-06-11 03:00:00,A,3.344942,1.0156187,True,3,False,False
2021-06-11 04:00:00,A,3.3487935,1.0590981,True,4,False,False
2021-06-11 05:00:00,A,3.57578,1.1019784,True,5,False,False
2021-06-11 06:00:00,A,3.5326762,1.168708,True,6,False,False
2021-06-11 07:00:00,A,3.4916964,1.1992973,True,7,False,False
2021-06-11 08:00:00,A,3.3901048,1.1823627,True,8,False,False
2021-06-11 09:00:00,A,3.4952197,1.1480812,True,9,False,False
2021-06-11 10:00:00,A,3.5358515,1.1821753,True,10,False,False
2021-06-11 11:00:00,A,3.6182768,1.1880549,True,11,False,False
2021-06-11 12:00:00,A,3.5017874,1.0966665,True,12,False,False
2021-06-11 13:00:00,A,3.656081,1.1647068,True,13,False,False
2021-06-11 14:00:00,A,3.544129,1.1709057,True,14,False,False
2021-06-11 15:00:00,A,3.5533419,1.160082,True,15,False,False
2021-06-11 16:00:00,A,3.4643352,1.1241885,True,16,False,False
2021-06-11 17:00:00,A,3.5455709,1.0090858,True,17,False,False
2021-06-11 18:00:00,A,3.5836701,1.0971454,True,18,False,False
2021-06-11 19:00:00,A,3.6293104,1.0662147,True,19,False,False
2021-06-11 20:00:00,A,3.5422797,1.0405227,True,20,False,False
2021-06-11 21:00:00,A,3.6680596,1.1120287,True,21,False,False
2021-06-11 22:00:00,A,3.6049924,1.1499292,True,22,False,False
2021-06-11 23:00:00,A,3.5645466,1.1310521,True,23,False,False
2021-06-12 00:00:00,A,3.3779297,1.1221339,False,0,False,False
2021-06-12 01:00:00,A,3.508628,1.1410981,False,1,False,False
2021-06-12 02:00:00,A,3.5762525,1.1263779,False,2,False,False
2021-06-12 03:00:00,A,3.6761022,1.1446186,False,3,False,False
2021-06-12 04:00:00,A,3.561541,1.0929648,False,4,False,False
2021-06-12 05:00:00,A,3.6810439,1.1794204,False,5,False,False
2021-06-12 06:00:00,A,3.55121,1.2193526,False,6,False,False
2021-06-12 07:00:00,A,3.551015,1.1734079,False,7,False,False
2021-06-12 08:00:00,A,3.4472451,1.189608,False,8,False,False
2021-06-12 09:00:00,A,3.439012,1.0300881,False,9,False,False
2021-06-12 10:00:00,A,3.3412342,1.0544053,False,10,False,False
2021-06-12 11:00:00,A,3.18984,0.9394504,False,11,False,False
2021-06-12 12:00:00,A,2.9482114,0.7447902,False,12,False,False
2021-06-12 13:00:00,A,2.937262,0.6760856,False,13,False,False
2021-06-12 14:00:00,A,2.7071533,0.6577288,False,14,False,False
2021-06-12 15:00:00,A,2.6512086,0.50679076,False,15,False,False
2021-06-12 16:00:00,A,2.3892279,0.40550184,False,16,False,False
2021-06-12 17:00:00,A,2.4222116,0.33757472,False,17,False,False
2021-06-12 18:00:00,A,2.417344,0.23488605,False,18,False,False
2021-06-12 19:00:00,A,2.4239898,0.122075796,False,19,False,False
2021-06-12 20:00:00,A,2.2739787,-0.03060627,False,20,False,False
2021-06-12 21:00:00,A,2.260733,0.009568691,False,21,False,False
2021-06-12 22:00:00,A,2.1088948,-0.019142032,False,22,False,False
2021-06-12 23:00:00,A,2.077135,-0.12358618,False,23,False,False
2021-06-13 00:00:00,A,1.9452858,-0.15962821,False,0,False,False
2021-06-13 01:00:00,A,2.0149903,-0.27491093,False,1,False,False
2021-06-13 02:00:00,A,1.9545841,-0.2309236,False,2,False,False
2021-06-13 03:00:00,A,1.8247979,-0.28087616,False,3,False,False
2021-06-13 04:00:00,A,1.7017138,-0.44636774,False,4,False,False
2021-06-13 05:00:00,A,1.6427739,-0.48887777,False,5,False,False
2021-06-13 06:00:00,A,1.469943,-0.50390357,False,6,False,False
2021-06-13 07:00:00,A,1.3802509,-0.5945621,False,7,False,False
2021-06-13 08:00:00,A,1.2328906,-0.7109072,False,8,False,False
2021-06-13 09:00:00,A,1.2238922,-0.7638877,False,9,False,False
2021-06-13 10:00:00,A,1.1959782,-0.84761035,False,10,False,False
2021-06-13 11:00:00,A,1.1812698,-0.9670797,False,11,False,False
2021-06-13 12:00:00,A,1.0034978,-1.0995494,False,12,False,False
2021-06-13 13:00:00,A,0.9785018,-1.0699071,False,13,False,False
2021-06-13 14:00:00,A,0.8277483,-1.1175375,False,14,False,False
2021-06-13 15:00:00,A,0.7813939,-1.2649572,False,15,False,False
2021-06-13 16:00:00,A,0.6428366,-1.34922,False,16,False,False
2021-06-13 17:00:00,A,0.6374589,-1.4656101,False,17,False,False
2021-06-13 18:00:00,A,0.5957497,-1.4851416,False,18,False,False
2021-06-13 19:00:00,A,0.40269744,-1.5799259,False,19,False,False
2021-06-13 20:00:00,A,0.26572278,-1.7443712,False,20,False,False
2021-06-13 21:00:00,A,0.18076384,-1.7877865,False,21,False,False
2021-06-13 22:00:00,A,-0.071017146,-1.8509486,False,22,False,False
2021-06-13 23:00:00,A,-0.06444055,-1.9538926,False,23,False,False
2021-06-14 00:00:00,A,-0.21713024,-2.0716894,True,0,False,False
2021-06-14 01:00:00,A,-0.20861119,-2.0636718,True,1,False,False
2021-06-14 02:00:00,A,-0.17787957,-2.0972824,True,2,False,False
2021-06-14 03:00:00,A,-0.20479476,-2.1767268,True,3,False,False
2021-06-14 04:00:00,A,-0.28555846,-2.264017,True,4,False,False
2021-06-14 05:00:00,A,-0.3523867,-2.2428823,True,5,False,False
2021-06-14 06:00:00,A,-0.5092303,-2.2475283,True,6,False,False
2021-06-14 07:00:00,A,-0.5118558,-2.3429065,True,7,False,False
2021-06-14 08:00:00,A,-0.87574905,-2.1621728,True,8,True,False
2021-06-14 09:00:00,A,-0.7389795,-2.1261144,True,9,False,False
2021-06-14 10:00:00,A,-0.68387204,-2.214531,True,10,False,False
2021-06-14 11:00:00,A,-0.7142469,-2.2429385,True,11,True,False
2021-06-14 12:00:00,A,-0.7240359,-2.203323,True,12,False,False
2021-06-14 13:00:00,A,-0.7576484,-2.198368,True,13,True,False
2021-06-14 14:00:00,A,-0.96844953,-2.1432123,True,14,False,False
2021-06-14 15:00:00,A,-0.79639703,-2.1973178,True,15,True,False
2021-06-14 16:00:00,A,-0.9113452,-2.0889874,True,16,False,False
2021-06-14 17:00:00,A,-0.8633205,-2.0943036,True,17,False,False
2021-06-14 18:00:00,A,-0.7013921,-2.131168,True,18,False,False
2021-06-14 19:00:00,A,-0.66708845,-2.1248717,True,19,False,False
2021-06-14 20:00:00,A,-0.65584964,-2.2204285,True,20,False,False
2021-06-14 21:00:00,A,-0.5411425,-2.1626587,True,21,False,False
2021-06-14 22:00:00,A,-0.67187184,-2.1151805,True,22,False,False
2021-06-14 23:00:00,A,-0.957269,-2.0381768,True,23,False,False
2021-06-15 00:00:00,A,-1.0018964,-2.180976,True,0,False,False
2021-06-15 01:00:00,A,-0.96784157,-2.0208035,True,1,False,False
2021-06-15 02:00:00,A,-0.9207162,-2.1299603,True,2,False,False
2021-06-15 03:00:00,A,-0.9529001,-2.1288447,True,3,False,False
2021-06-15 04:00:00,A,-0.9616024,-2.0824556,True,4,False,False
2021-06-15 05:00:00,A,-0.9525215,-2.1181436,True,5,False,False
2021-06-15 06:00:00,A,-1.0462544,-2.1537366,True,6,False,False
2021-06-15 07:00:00,A,-0.87193245,-2.2243428,True,7,False,False
2021-06-15 08:00:00,A,-0.8529267,-2.2156477,True,8,True,False
2021-06-15 09:00:00,A,-0.8016291,-2.1095543,True,9,True,False
2021-06-15 10:00:00,A,-0.66736263,-2.102221,True,10,False,False
2021-06-15 11:00:00,A,-0.5744104,-2.1139078,True,11,False,False
2021-06-15 12:00:00,A,-0.63968104,-2.194065,True,12,False,False
2021-06-15 13:00:00,A,-0.5507495,-2.1016765,True,13,False,False
2021-06-15 14:00:00,A,-0.58049685,-2.132207,True,14,False,False
2021-06-15 15:00:00,A,-0.6934902,-2.1568599,True,15,False,False
2021-06-15 16:00:00,A,-0.822707,-2.2120254,True,16,False,False
2021-06-15 17:00:00,A,-0.78932744,-2.1541972,True,17,False,False
2021-06-15 18:00:00,A,-0.7683794,-2.1809828,True,18,False,False
2021-06-15 19:00:00,A,-0.7732616,-2.1886826,True,19,False,False
2021-06-15 20:00:00,A,-0.7679935,-2.1339095,True,20,False,False
2021-06-15 21:00:00,A,-0.73114413,-2.163064,True,21,False,False
2021-06-15 22:00:00,A,-0.9247696,-2.1514173,True,22,False,False
2021-06-15 23:00:00,A,-0.82144505,-2.1750636,True,23,False,False
2021-06-16 00:00:00,A,-0.8629623,-2.208427,True,0,False,False
2021-06-16 01:00:00,A,-0.7711608,-2.092244,True,1,False,False
2021-06-16 02:00:00,A,-0.6416065,-2.0942872,True,2,False,False
2021-06-16 03:00:00,A,-0.5439747,-2.1046968,True,3,False,False
2021-06-16 04:00:00,A,-0.638354,-2.130354,True,4,False,False
2021-06-16 05:00:00,A,-0.5713132,-2.117248,True,5,False,False
2021-06-16 06:00:00,A,-0.6375541,-2.1484723,True,6,False,False
2021-06-16 07:00:00,A,-0.7626793,-2.1722498,True,7,False,False
2021-06-16 08:00:00,A,-0.95180124,-2.1439993,True,8,False,False
2021-06-16 09:00:00,A,-0.69409186,-2.0481038,True,9,True,False
2021-06-16 10:00:00,A,-0.6684219,-1.9441707,True,10,True,False
2021-06-16 11:00:00,A,-0.45896178,-1.8422942,True,11,False,False
2021-06-16 12:00:00,A,-0.21247345,-1.6877786,True,12,False,False
2021-06-16 13:00:00,A,-0.033147037,-1.5516987,True,13,False,False
2021-06-16 14:00:00,A,-0.05541402,-1.474702,True,14,False,False
2021-06-16 15:00:00,A,0.14921278,-1.4416692,True,15,False,False
2021-06-16 16:00:00,A,0.19293618,-1.3629787,True,16,False,False
2021-06-16 17:00:00,A,0.31067282,-1.2986836,True,17,False,False
2021-06-16 18:00:00,A,0.47013682,-1.1456604,True,18,False,False
2021-06-16 19:00:00,A,0.54327023,-1.0097296,True,19,False,False
2021-06-16 20:00:00,A,0.5672908,-0.98007846,True,20,False,False
2021-06-16 21:00:00,A,0.849471,-0.9581233,True,21,False,False
2021-06-16 22:00:00,A,0.8169395,-0.86892813,True,22,False,False
2021-06-16 23:00:00,A,0.7902113,-0.8531353,True,23,False,False
2021-06-17 00:00:00,A,0.7026983,-0.8750465,True,0,False,False
2021-06-17 01:00:00,A,0.8702472,-0.80120945,True,1,False,False
2021-06-17 02:00:00,A,0.88033634,-0.7033867,True,2,False,False
2021-06-17 03:00:00,A,1.0733457,-0.712333,True,3,False,False
2021-06-17 04:00:00,A,1.170728,-0.55655193,True,4,False,False
2021-06-17 05:00:00,A,1.3932965,-0.45760477,True,5,False,False
2021-06-17 06:00:00,A,1.3728619,-0.34637314,True,6,False,False
2021-06-17 07:00:00,A,1.5302665,-0.34699386,True,7,False,False
2021-06-17 08:00:00,A,1.5620563,-0.29017568,True,8,True,False
2021-06-17 09:00:00,A,1.7435048,-0.1910575,True,9,True,False
2021-06-17 10:00:00,A,1.9152408,-0.096648335,True,10,False,False
2021-06-17 11:00:00,A,2.0834765,0.022904754,True,11,True,False
2021-06-17 12:00:00,A,2.0259583,0.08389866,True,12,False,False
2021-06-17 13:00:00,A,2.285086,0.18699718,True,13,True,False
2021-06-17 14:00:00,A,2.2557023,0.24263847,True,14,True,False
2021-06-17 15:00:00,A,2.2986777,0.2856114,True,15,False,False
2021-06-17 16:00:00,A,2.2347817,0.33204484,True,16,False,False
2021-06-17 17:00:00,A,2.4117067,0.29264128,True,17,False,False
2021-06-17 18:00:00,A,2.4691713,0.5233942,True,18,False,False
2021-06-17 19:00:00,A,2.7145503,0.5439261,True,19,False,False
2021-06-17 20:00:00,A,2.7493196,0.7252127,True,20,False,False
2021-06-17 21:00:00,A,3.0591514,0.8191997,True,21,False,False
2021-06-17 22:00:00,A,3.0438356,0.9759716,True,22,False,False
2021-06-17 23:00:00,A,3.1083493,0.97813714,True,23,False,False
2021-06-18 00:00:00,A,3.0543482,1.011129,True,0,False,False
2021-06-18 01:00:00,A,3.2442408,1.1266779,True,1,False,False
2021-06-18 02:00:00,A,3.3882027,1.1937758,True,2,False,False
2021-06-18 03:00:00,A,3.514227,1.2205907,True,3,False,False
2021-06-18 04:00:00,A,3.4539657,1.2926761,True,4,False,False
2021-06-18 05:00:00,A,3.7198424,1.3179101,True,5,False,False
2021-06-18 06:00:00,A,3.6578665,1.3694173,True,6,False,False
2021-06-18 07:00:00,A,3.7325823,1.3871304,True,7,False,False
2021-06-18 08:00:00,A,3.641446,1.3921243,True,8,False,False
2021-06-18 09:00:00,A,3.8002086,1.2786218,True,9,False,False
2021-06-18 10:00:00,A,3.7843075,1.4189774,True,10,False,False
2021-06-18 11:00:00,A,3.8694704,1.3876306,True,11,False,False
2021-06-18 12:00:00,A,3.7689342,1.3778809,True,12,False,False
2021-06-18 13:00:00,A,3.9451609,1.4420084,True,13,False,False
2021-06-18 14:00:00,A,3.8492875,1.4463998,True,14,False,False
2021-06-18 15:00:00,A,3.8212218,1.4225727,True,15,False,False
2021-06-18 16:00:00,A,3.6269126,1.3029186,True,16,False,False
2021-06-18 17:00:00,A,3.7590775,1.2361253,True,17,False,False
2021-06-18 18:00:00,A,3.7654943,1.284726,True,18,False,False
2021-06-18 19:00:00,A,3.7732644,1.2483467,True,19,False,False
2021-06-18 20:00:00,A,3.6863236,1.2466036,True,20,False,False
2021-06-18 21:00:00,A,3.8221354,1.2838665,True,21,False,False
2021-06-18 22:00:00,A,3.7147367,1.351503,True,22,False,False
2021-06-18 23:00:00,A,3.7211394,1.3424226,True,23,False,False
2021-06-19 00:00:00,A,3.6266704,1.2989787,False,0,False,False
2021-06-19 01:00:00,A,3.7955363,1.2321552,False,1,False,False
2021-06-19 02:00:00,A,3.7607248,1.3546132,False,2,False,False
2021-06-19 03:00:00,A,3.888025,1.3261381,False,3,False,False
2021-06-19 04:00:00,A,3.749761,1.3572747,False,4,False,False
2021-06-19 05:00:00,A,3.88157,1.4091536,False,5,False,False
2021-06-19 06:00:00,A,3.816101,1.4726788,False,6,False,False
2021-06-19 07:00:00,A,3.785887,1.4605669,False,7,False,False
2021-06-19 08:00:00,A,3.5738316,1.4306203,False,8,False,False
2021-06-19 09:00:00,A,3.554989,1.3824931,False,9,False,False
2021-06-19 10:00:00,A,3.4810174,1.3165246,False,10,False,False
2021-06-19 11:00:00,A,3.355824,1.1028591,False,11,False,False
2021-06-19 12:00:00,A,3.1001892,0.9737669,False,12,False,False
2021-06-19 13:00:00,A,3.14642,0.89636934,False,13,False,False
2021-06-19 14:00:00,A,2.9286714,0.8773519,False,14,False,False
2021-06-19 15:00:00,A,2.8126256,0.7807778,False,15,False,False
2021-06-19 16:00:00,A,2.6082551,0.69149435,False,16,False,False
2021-06-19 17:00:00,A,2.6918068,0.5580579,False,17,False,False
2021-06-19 18:00:00,A,2.5581203,0.5309869,False,18,False,False
2021-06-19 19:00:00,A,2.5926769,0.35672557,False,19,False,False
2021-06-19 20:00:00,A,2.396979,0.2915852,False,20,False,False
2021-06-19 21:00:00,A,2.447443,0.29183817,False,21,False,False
2021-06-19 22:00:00,A,2.3221505,0.23898709,False,22,False,False
2021-06-19 23:00:00,A,2.263521,0.12258804,False,23,False,False
2021-06-20 00:00:00,A,2.0141637,0.040987253,False,0,False,False
2021-06-20 01:00:00,A,2.1299582,-0.005065322,False,1,False,False
2021-06-20 02:00:00,A,2.1172945,-0.035764575,False,2,False,False
2021-06-20 03:00:00,A,1.9835215,-0.14575565,False,3,False,False
2021-06-20 04:00:00,A,1.7894499,-0.28037012,False,4,False,False
2021-06-20 05:00:00,A,1.8141987,-0.3308593,False,5,False,False
2021-06-20 06:00:00,A,1.6283703,-0.3376205,False,6,False,False
2021-06-20 07:00:00,A,1.5692558,-0.42747766,False,7,False,False
2021-06-20 08:00:00,A,1.3936188,-0.50798535,False,8,False,False
2021-06-20 09:00:00,A,1.4446361,-0.6272438,False,9,False,False
2021-06-20 10:00:00,A,1.3178111,-0.63049215,False,10,False,False
2021-06-20 11:00:00,A,1.271849,-0.7640718,False,11,False,False
2021-06-20 12:00:00,A,1.1084075,-0.8145865,False,12,False,False
2021-06-20 13:00:00,A,1.1309018,-0.87356967,False,13,False,False
2021-06-20 14:00:00,A,0.9188667,-0.958661,False,14,False,False
2021-06-20 15:00:00,A,0.85858965,-1.0707762,False,15,False,False
2021-06-20 16:00:00,A,0.66060495,-1.2055365,False,16,False,False
2021-06-20 17:00:00,A,0.71737415,-1.2863526,False,17,False,False
2021-06-20 18:00:00,A,0.64232343,-1.3127297,False,18,False,False
2021-06-20 19:00:00,A,0.4949107,-1.491384,False,19,False,False
2021-06-20 20:00:00,A,0.31663975,-1.6428462,False,20,False,False
2021-06-20 21:00:00,A,0.23539037,-1.6784008,False,21,False,False
2021-06-20 22:00:00,A,0.07771501,-1.7157305,False,22,False,False
2021-06-20 23:00:00,A,0.03612584,-1.8244253,False,23,False,False
2021-06-21 00:00:00,A,-0.14960295,-1.9206898,True,0,False,False
2021-06-21 01:00:00,A,-0.065321386,-1.921117,True,1,False,False
2021-06-21 02:00:00,A,-0.11809337,-1.9500909,True,2,False,False
2021-06-21 03:00:00,A,-0.13022006,-2.0346437,True,3,False,False
2021-06-21 04:00:00,A,-0.21253932,-2.0620081,True,4,False,False
2021-06-21 05:00:00,A,-0.2201342,-2.1151474,True,5,False,False
2021-06-21 06:00:00,A,-0.36398095,-2.234252,True,6,False,False
2021-06-21 07:00:00,A,-0.43899935,-2.2791295,True,7,False,False
2021-06-21 08:00:00,A,-0.60937315,-2.2898312,True,8,True,False
2021-06-21 09:00:00,A,-0.5270019,-2.3188524,True,9,True,False
2021-06-21 10:00:00,A,-0.47898287,-2.2558227,True,10,True,False
2021-06-21 11:00:00,A,-0.5184497,-2.246602,True,11,True,False
2021-06-21 12:00:00,A,-0.54729956,-2.2972245,True,12,False,False
2021-06-21 13:00:00,A,-0.47502768,-2.2476568,True,13,True,False
2021-06-21 14:00:00,A,-0.5246652,-2.1420426,True,14,True,False
2021-06-21 15:00:00,A,-0.5331029,-2.2113256,True,15,False,False
2021-06-21 16:00:00,A,-0.60011095,-2.2535787,True,16,False,False
2021-06-21 17:00:00,A,-0.416969,-2.155779,True,17,False,False
2021-06-21 18:00:00,A,-0.37749022,-2.1812515,True,18,False,False
2021-06-21 19:00:00,A,-0.36514068,-2.159237,True,19,False,False
2021-06-21 20:00:00,A,-0.37887412,-2.160142,True,20,False,False
2021-06-21 21:00:00,A,-0.27208942,-2.1688757,True,21,False,False
2021-06-21 22:00:00,A,-0.42794126,-2.2324157,True,22,False,False
2021-06-21 23:00:00,A,-0.44811255,-2.270711,True,23,False,False
2021-06-22 00:00:00,A,-0.6255787,-2.3499315,True,0,False,False
2021-06-22 01:00:00,A,-0.55009264,-2.3510752,True,1,False,False
2021-06-22 02:00:00,A,-0.56596774,-2.230969,True,2,False,False
2021-06-22 03:00:00,A,-0.52696687,-2.2282758,True,3,False,False
2021-06-22 04:00:00,A,-0.59773153,-2.2522564,True,4,False,False
2021-06-22 05:00:00,A,-0.5261814,-2.2577415,True,5,False,False
2021-06-22 06:00:00,A,-0.55991405,-2.1867695,True,6,False,False
2021-06-22 07:00:00,A,-0.5113756,-2.2840996,True,7,False,False
2021-06-22 08:00:00,A,-0.6741242,-2.2517662,True,8,False,False
2021-06-22 09:00:00,A,-0.42604262,-2.2094264,True,9,False,False
2021-06-22 10:00:00,A,-0.3991571,-2.1862712,True,10,True,False
2021-06-22 11:00:00,A,-0.39395136,-2.169328,True,11,False,False
2021-06-22 12:00:00,A,-0.36934417,-2.1671667,True,12,False,False
2021-06-22 13:00:00,A,-0.2851625,-2.167729,True,13,False,False
2021-06-22 14:00:00,A,-0.4401067,-2.1959152,True,14,False,False
2021-06-22 15:00:00,A,-0.42151183,-2.2443953,True,15,False,False
2021-06-22 16:00:00,A,-0.5953292,-2.3558512,True,16,False,False
2021-06-22 17:00:00,A,-0.54883593,-2.4015236,True,17,False,False
2021-06-22 18:00:00,A,-0.52892774,-2.2878213,True,18,False,False
2021-06-22 19:00:00,A,-0.4995796,-2.2730937,True,19,False,False
2021-06-22 20:00:00,A,-0.60865885,-2.2765307,True,20,False,False
2021-06-22 21:00:00,A,-0.49807757,-2.2944074,True,21,False,False
2021-06-22 22:00:00,A,-0.56625146,-2.2160544,True,22,False,False
2021-06-22 23:00:00,A,-0.54070956,-2.3149514,True,23,False,False
2021-06-23 00:00:00,A,-0.72660846,-2.260655,True,0,False,False
2021-06-23 01:00:00,A,-0.477593,-2.1961741,True,1,False,False
2021-06-23 02:00:00,A,-0.46970135,-2.1514673,True,2,False,False
2021-06-23 03:00:00,A,-0.44109654,-2.1279445,True,3,False,False
2021-06-23 04:00:00,A,-0.40756208,-2.10212,True,4,False,False
2021-06-23 05:00:00,A,-0.35499257,-2.1641912,True,5,False,False
2021-06-23 06:00:00,A,-0.52311486,-2.1732888,True,6,False,False
2021-06-23 07:00:00,A,-0.5151774,-2.1977048,True,7,False,False
2021-06-23 08:00:00,A,-0.5912613,-2.291376,True,8,False,False
2021-06-23 09:00:00,A,-0.41657704,-2.2514324,True,9,False,False
2021-06-23 10:00:00,A,-0.3467471,-2.0531611,True,10,False,False
2021-06-23 11:00:00,A,-0.13357985,-1.9330449,True,11,False,False
2021-06-23 12:00:00,A,-0.11135733,-1.7834264,True,12,False,False
2021-06-23 13:00:00,A,0.1623843,-1.6030765,True,13,False,False
2021-06-23 14:00:00,A,0.23115057,-1.4406793,True,14,False,False
2021-06-23 15:00:00,A,0.3179397,-1.4983613,True,15,False,False
2021-06-23 16:00:00,A,0.24273396,-1.3964868,True,16,False,False
2021-06-23 17:00:00,A,0.5208415,-1.3095024,True,17,False,False
2021-06-23 18:00:00,A,0.60212576,-1.1550177,True,18,False,False
2021-06-23 19:00:00,A,0.7700024,-1.0770974,True,19,False,False
2021-06-23 20:00:00,A,0.88497543,-0.99553174,True,20,False,False
2021-06-23 21:00:00,A,1.0357504,-0.95082545,True,21,False,False
2021-06-23 22:00:00,A,0.9162931,-0.910445,True,22,False,False
2021-06-23 23:00:00,A,0.94598365,-0.8398934,True,23,False,False
2021-06-24 00:00:00,A,0.8619909,-0.8906584,True,0,False,False
2021-06-24 01:00:00,A,0.97277874,-0.8806665,True,1,False,False
2021-06-24 02:00:00,A,1.0415518,-0.7564831,True,2,False,False
2021-06-24 03:00:00,A,1.2290001,-0.71667945,True,3,False,False
2021-06-24 04:00:00,A,1.2084169,-0.58181596,True,4,False,False
2021-06-24 05:00:00,A,1.4514208,-0.50191617,True,5,False,False
2021-06-24 06:00:00,A,1.5060911,-0.36048305,True,6,False,False
2021-06-24 07:00:00,A,1.5705571,-0.37410855,True,7,False,False
2021-06-24 08:00:00,A,1.4795299,-0.23427606,True,8,True,False
2021-06-24 09:00:00,A,1.8440857,-0.19533312,True,9,False,False
2021-06-24 10:00:00,A,1.9422734,-0.069722295,True,10,False,False
2021-06-24 11:00:00,A,2.136828,0.04632151,True,11,False,False
2021-06-24 12:00:00,A,2.197324,0.095443726,True,12,False,False
2021-06-24 13:00:00,A,2.423869,0.1716367,True,13,True,False
2021-06-24 14:00:00,A,2.3528333,0.2920102,True,14,False,False
2021-06-24 15:00:00,A,2.4695299,0.34162056,True,15,False,False
2021-06-24 16:00:00,A,2.3597994,0.24637234,True,16,False,False
2021-06-24 17:00:00,A,2.4868963,0.24685574,True,17,False,False
2021-06-24 18:00:00,A,2.5543094,0.38686383,True,18,False,False
2021-06-24 19:00:00,A,2.750048,0.4259528,True,19,False,False
2021-06-24 20:00:00,A,2.7427936,0.61321723,True,20,False,False
2021-06-24 21:00:00,A,3.0595403,0.71211183,True,21,False,False
2021-06-24 22:00:00,A,3.0114326,0.9397496,True,22,False,False
2021-06-24 23:00:00,A,3.0935302,0.9579624,True,23,False,False
2021-06-25 00:00:00,A,3.0170722,1.0344027,True,0,False,False
2021-06-25 01:00:00,A,3.3280292,1.0537986,True,1,False,False
2021-06-25 02:00:00,A,3.409329,1.2115532,True,2,False,False
2021-06-25 03:00:00,A,3.630684,1.2257875,True,3,False,False
2021-06-25 04:00:00,A,3.5804677,1.2868239,True,4,False,False
2021-06-25 05:00:00,A,3.838314,1.3292779,True,5,False,False
2021-06-25 06:00:00,A,3.7347364,1.4835869,True,6,False,False
2021-06-25 07:00:00,A,3.805162,1.4873358,True,7,False,False
2021-06-25 08:00:00,A,3.6461482,1.3579739,True,8,False,False
2021-06-25 09:00:00,A,3.781495,1.297202,True,9,False,False
2021-06-25 10:00:00,A,3.7609234,1.3719119,True,10,False,False
2021-06-25 11:00:00,A,3.8273964,1.3089415,True,11,False,False
2021-06-25 12:00:00,A,3.6838987,1.2747403,True,12,False,False
2021-06-25 13:00:00,A,3.9125607,1.3115252,True,13,False,False
2021-06-25 14:00:00,A,3.7489426,1.4284993,True,14,False,False
2021-06-25 15:00:00,A,3.8081725,1.3865377,True,15,False,False
2021-06-25 16:00:00,A,3.5756502,1.3551923,True,16,False,False
2021-06-25 17:00:00,A,3.7470691,1.2918881,True,17,False,False
2021-06-25 18:00:00,A,3.7293198,1.3680984,True,18,False,False
2021-06-25 19:00:00,A,3.892978,1.343546,True,19,False,False
2021-06-25 20:00:00,A,3.7925792,1.3125554,True,20,False,False
2021-06-25 21:00:00,A,3.9165413,1.372151,True,21,False,False
2021-06-25 22:00:00,A,3.7524667,1.4990774,True,22,False,False
2021-06-25 23:00:00,A,3.7577605,1.4239734,True,23,False,False
2021-06-26 00:00:00,A,3.646519,1.2602607,False,0,False,False
2021-06-26 01:00:00,A,3.820207,1.2949129,False,1,False,False
2021-06-26 02:00:00,A,3.7603254,1.3444005,False,2,False,False
2021-06-26 03:00:00,A,3.8230176,1.2777749,False,3,False,False
2021-06-26 04:00:00,A,3.674454,1.2978929,False,4,False,False
2021-06-26 05:00:00,A,3.8633745,1.3709995,False,5,False,False
2021-06-26 06:00:00,A,3.726795,1.5123214,False,6,False,False
2021-06-26 07:00:00,A,3.7376385,1.4420248,False,7,False,False
2021-06-26 08:00:00,A,3.6181514,1.3976852,False,8,False,False
2021-06-26 09:00:00,A,3.6286182,1.353993,False,9,False,False
2021-06-26 10:00:00,A,3.498066,1.3508309,False,10,False,False
2021-06-26 11:00:00,A,3.4783726,1.1520673,False,11,False,False
2021-06-26 12:00:00,A,3.2081957,1.0348798,False,12,False,False
2021-06-26 13:00:00,A,3.2497172,0.97959363,False,13,False,False
2021-06-26 14:00:00,A,2.9322314,0.99636734,False,14,False,False
2021-06-26 15:00:00,A,2.9228992,0.8694991,False,15,False,False
2021-06-26 16:00:00,A,2.6656923,0.61968946,False,16,False,False
2021-06-26 17:00:00,A,2.7363493,0.5650563,False,17,False,False
2021-06-26 18:00:00,A,2.643849,0.46074617,False,18,False,False
2021-06-26 19:00:00,A,2.6125896,0.30020607,False,19,False,False
2021-06-26 20:00:00,A,2.4110112,0.22366011,False,20,False,False
2021-06-26 21:00:00,A,2.5187874,0.2116915,False,21,False,False
2021-06-26 22:00:00,A,2.3252013,0.23878348,False,22,False,False
2021-06-26 23:00:00,A,2.286806,0.15740168,False,23,False,False
2021-06-27 00:00:00,A,2.1505373,0.121291876,False,0,False,False
2021-06-27 01:00:00,A,2.1963274,0.1005913,False,1,False,False
2021-06-27 02:00:00,A,2.0357933,0.115421176,False,2,False,False
2021-06-27 03:00:00,A,2.084599,-0.050604463,False,3,False,False
2021-06-27 04:00:00,A,1.920558,-0.13992321,False,4,False,False
2021-06-27 05:00:00,A,1.9099374,-0.19987547,False,5,False,False
2021-06-27 06:00:00,A,1.663389,-0.22577047,False,6,False,False
2021-06-27 07:00:00,A,1.6825552,-0.29985607,False,7,False,False
2021-06-27 08:00:00,A,1.4718812,-0.50361484,False,8,False,False
2021-06-27 09:00:00,A,1.4969692,-0.590105,False,9,False,False
2021-06-27 10:00:00,A,1.464361,-0.6180546,False,10,False,False
2021-06-27 11:00:00,A,1.3779039,-0.79363394,False,11,False,False
2021-06-27 12:00:00,A,1.1273038,-0.88962907,False,12,False,False
2021-06-27 13:00:00,A,1.2465174,-0.9295198,False,13,False,False
2021-06-27 14:00:00,A,1.0596733,-0.9256049,False,14,False,False
2021-06-27 15:00:00,A,0.9547571,-1.0648398,False,15,False,False
2021-06-27 16:00:00,A,0.8554904,-1.1338218,False,16,False,False
2021-06-27 17:00:00,A,0.81814295,-1.1354305,False,17,False,False
2021-06-27 18:00:00,A,0.62613475,-1.2057152,False,18,False,False
2021-06-27 19:00:00,A,0.5973704,-1.4100962,False,19,False,False
2021-06-27 20:00:00,A,0.45497268,-1.521271,False,20,False,False
2021-06-27 21:00:00,A,0.37549728,-1.5993159,False,21,False,False
2021-06-27 22:00:00,A,0.09854543,-1.6522423,False,22,False,False
2021-06-27 23:00:00,A,0.17209235,-1.7204981,False,23,False,False
2021-06-28 00:00:00,A,-0.018843532,-1.8770431,True,0,False,False
2021-06-28 01:00:00,A,-0.0023120046,-1.8977821,True,1,False,False
2021-06-28 02:00:00,A,0.07672268,-1.8741214,True,2,False,False
2021-06-28 03:00:00,A,0.046091467,-1.998874,True,3,False,False
2021-06-28 04:00:00,A,-0.1692282,-2.10504,True,4,False,False
2021-06-28 05:00:00,A,-0.040868938,-2.1018414,True,5,False,False
2021-06-28 06:00:00,A,-0.22411007,-2.1065483,True,6,False,False
2021-06-28 07:00:00,A,-0.3407225,-2.254506,True,7,False,False
2021-06-28 08:00:00,A,-0.4225586,-2.125545,True,8,True,False
2021-06-28 09:00:00,A,-0.37285393,-2.1594954,True,9,False,False
2021-06-28 10:00:00,A,-0.48138303,-2.133813,True,10,False,False
2021-06-28 11:00:00,A,-0.3961776,-2.1833465,True,11,True,False
2021-06-28 12:00:00,A,-0.43565506,-2.1650286,True,12,False,False
2021-06-28 13:00:00,A,-0.35683,-2.1822267,True,13,True,False
2021-06-28 14:00:00,A,-0.5811985,-2.175913,True,14,True,False
2021-06-28 15:00:00,A,-0.46422893,-2.1571789,True,15,True,False
2021-06-28 16:00:00,A,-0.47864848,-2.2205768,True,16,False,False
2021-06-28 17:00:00,A,-0.40125763,-2.2289639,True,17,False,False
2021-06-28 18:00:00,A,-0.21640772,-2.1447597,True,18,False,False
2021-06-28 19:00:00,A,-0.12165767,-2.191306,True,19,False,False
2021-06-28 20:00:00,A,-0.35778147,-2.2259192,True,20,False,False
2021-06-28 21:00:00,A,-0.0923596,-2.1680226,True,21,False,False
2021-06-28 22:00:00,A,-0.29234588,-2.1336098,True,22,False,False
2021-06-28 23:00:00,A,-0.3724658,-2.2615318,True,23,False,False
2021-06-29 00:00:00,A,-0.47389388,-2.2475762,True,0,False,False
2021-06-29 01:00:00,A,-0.423724,-2.2391553,True,1,False,False
2021-06-29 02:00:00,A,-0.5431066,-2.1731553,True,2,False,False
2021-06-29 03:00:00,A,-0.46644264,-2.2231326,True,3,False,False
2021-06-29 04:00:00,A,-0.51850516,-2.1918998,True,4,False,False
2021-06-29 05:00:00,A,-0.4233849,-2.2386618,True,5,False,False
2021-06-29 06:00:00,A,-0.64957553,-2.2490034,True,6,False,False
2021-06-29 07:00:00,A,-0.53831214,-2.2160678,True,7,False,False
2021-06-29 08:00:00,A,-0.5374591,-2.2447355,True,8,True,False
2021-06-29 09:00:00,A,-0.42902225,-2.1826115,True,9,False,False
2021-06-29 10:00:00,A,-0.20310211,-2.1397634,True,10,False,False
2021-06-29 11:00:00,A,-0.10188472,-2.1947694,True,11,True,False
2021-06-29 12:00:00,A,-0.3214782,-2.1987906,True,12,False,False
2021-06-29 13:00:00,A,-0.05991727,-2.1207309,True,13,True,False
2021-06-29 14:00:00,A,-0.21934527,-2.085487,True,14,False,False
2021-06-29 15:00:00,A,-0.25906008,-2.1905606,True,15,False,False
2021-06-29 16:00:00,A,-0.4099955,-2.2195497,True,16,False,False
2021-06-29 17:00:00,A,-0.4148584,-2.2538548,True,17,False,False
2021-06-29 18:00:00,A,-0.5210821,-2.2061481,True,18,False,False
2021-06-29 19:00:00,A,-0.44871622,-2.2414289,True,19,False,False
2021-06-29 20:00:00,A,-0.50640863,-2.1984162,True,20,False,False
2021-06-29 21:00:00,A,-0.39567953,-2.2642343,True,21,False,False
2021-06-29 22:00:00,A,-0.5999746,-2.2769284,True,22,False,False
2021-06-29 23:00:00,A,-0.49341732,-2.254157,True,23,False,False
2021-06-30 00:00:00,A,-0.5289733,-2.2861872,True,0,False,False
2021-06-30 01:00:00,A,-0.42709088,-2.176968,True,1,False,False
2021-06-30 02:00:00,A,-0.28278154,-2.1112304,True,2,False,False
2021-06-30 03:00:00,A,-0.17087597,-2.1593077,True,3,False,False
2021-06-30 04:00:00,A,-0.3817792,-2.147373,True,4,False,False
2021-06-30 05:00:00,A,-0.15876347,-2.1341712,True,5,False,False
2021-06-30 06:00:00,A,-0.344024,-2.090233,True,6,False,False
2021-06-30 07:00:00,A,-0.3504933,-2.213601,True,7,False,False
2021-06-30 08:00:00,A,-0.47978455,-2.1929314,True,8,True,False
2021-06-30 09:00:00,A,-0.25997663,-2.169945,True,9,True,False
2021-06-30 10:00:00,A,-0.26201528,-2.0500624,True,10,False,False
2021-06-30 11:00:00,A,-0.040546775,-1.952993,True,11,False,False
2021-06-30 12:00:00,A,0.0659343,-1.7113314,True,12,False,False
2021-06-30 13:00:00,A,0.21724057,-1.6371413,True,13,False,False
2021-06-30 14:00:00,A,0.16907445,-1.5756837,True,14,False,False
2021-06-30 15:00:00,A,0.3807821,-1.5474763,True,15,False,False
2021-06-30 16:00:00,A,0.43156162,-1.4856126,True,16,False,False
2021-06-30 17:00:00,A,0.5696262,-1.3668003,True,17,False,False
2021-06-30 18:00:00,A,0.80724657,-1.237605,True,18,False,False
2021-06-30 19:00:00,A,0.9884397,-1.1795986,True,19,False,False
2021-06-30 20:00:00,A,0.84436995,-1.10923,True,20,False,False
2021-06-30 21:00:00,A,1.1748629,-1.0102912,True,21,False,False
2021-06-30 22:00:00,A,1.0561869,-0.87111425,True,22,False,False
2021-06-30 23:00:00,A,1.066206,-0.94061005,True,23,False,False
2021-07-01 00:00:00,A,0.9101437,-0.9466703,True,0,False,False
2021-07-01 01:00:00,A,1.0627663,-0.97050285,True,1,False,False
2021-07-01 02:00:00,A,1.0575194,-0.85335207,True,2,False,False
2021-07-01 03:00:00,A,1.2817857,-0.8580783,True,3,False,False
2021-07-01 04:00:00,A,1.2824156,-0.7262816,True,4,False,False
2021-07-01 05:00:00,A,1.4559059,-0.6606494,True,5,False,False
2021-07-01 06:00:00,A,1.3534071,-0.5002384,True,6,False,False
2021-07-01 07:00:00,A,1.5437965,-0.53105915,True,7,False,False
2021-07-01 08:00:00,A,1.5534363,-0.5105592,True,8,True,False
2021-07-01 09:00:00,A,1.7941334,-0.38815314,True,9,False,False
2021-07-01 10:00:00,A,2.002615,-0.2759949,True,10,False,False
2021-07-01 11:00:00,A,2.2347655,-0.20339477,True,11,True,False
2021-07-01 12:00:00,A,2.181799,-0.13373864,True,12,False,False
2021-07-01 13:00:00,A,2.421405,-0.004371524,True,13,True,False
2021-07-01 14:00:00,A,2.386906,0.18050659,True,14,True,False
2021-07-01 15:00:00,A,2.514404,0.15570676,True,15,True,False
2021-07-01 16:00:00,A,2.2924159,0.18500948,True,16,True,False
2021-07-01 17:00:00,A,2.4962592,0.16937721,True,17,False,False
2021-07-01 18:00:00,A,2.5844142,0.33946383,True,18,False,False
2021-07-01 19:00:00,A,2.8570065,0.38441026,True,19,False,False
2021-07-01 20:00:00,A,2.7984219,0.55309856,True,20,False,False
2021-07-01 21:00:00,A,3.0439196,0.6184809,True,21,False,False
2021-07-01 22:00:00,A,2.98748,0.88847435,True,22,False,False
2021-07-01 23:00:00,A,3.1501584,0.8433176,True,23,False,False
2021-07-02 00:00:00,A,3.101901,0.8685869,True,0,False,False
2021-07-02 01:00:00,A,3.3259368,0.98318017,True,1,False,False
2021-07-02 02:00:00,A,3.426707,1.0687653,True,2,False,False
2021-07-02 03:00:00,A,3.6244082,1.0766515,True,3,False,False
2021-07-02 04:00:00,A,3.5529513,1.1345938,True,4,False,False
2021-07-02 05:00:00,A,3.8364477,1.1845974,True,5,False,False
2021-07-02 06:00:00,A,3.6902304,1.3924505,True,6,False,False
2021-07-02 07:00:00,A,3.802526,1.3220268,True,7,False,False
2021-07-02 08:00:00,A,3.504726,1.2318109,True,8,False,False
2021-07-02 09:00:00,A,3.6847878,1.1900164,True,9,True,False
2021-07-02 10:00:00,A,3.7039604,1.2863103,True,10,False,False
2021-07-02 11:00:00,A,3.849587,1.2297994,True,11,False,False
2021-07-02 12:00:00,A,3.666061,1.2069157,True,12,False,False
2021-07-02 13:00:00,A,3.8121896,1.2299279,True,13,False,False
2021-07-02 14:00:00,A,3.6784813,1.3713185,True,14,False,False
2021-07-02 15:00:00,A,3.7677076,1.2771331,True,15,False,False
2021-07-02 16:00:00,A,3.557919,1.167266,True,16,False,False
2021-07-02 17:00:00,A,3.6862006,1.1604844,True,17,False,False
2021-07-02 18:00:00,A,3.7243857,1.1915835,True,18,False,False
2021-07-02 19:00:00,A,3.7812915,1.1698774,True,19,False,False
2021-07-02 20:00:00,A,3.70893,1.1161801,True,20,False,False
2021-07-02 21:00:00,A,3.8616982,1.1482126,True,21,False,False
2021-07-02 22:00:00,A,3.6092422,1.3030897,True,22,False,False
2021-07-02 23:00:00,A,3.7049618,1.1983789,True,23,False,False
2021-07-03 00:00:00,A,3.4570007,1.0830232,False,0,False,False
2021-07-03 01:00:00,A,3.6245291,1.1642646,False,1,False,False
2021-07-03 02:00:00,A,3.6397476,1.2418886,False,2,False,False
2021-07-03 03:00:00,A,3.8109126,1.1755382,False,3,False,False
2021-07-03 04:00:00,A,3.567114,1.1837102,False,4,False,False
2021-07-03 05:00:00,A,3.6994486,1.2556416,False,5,False,False
2021-07-03 06:00:00,A,3.574053,1.3534535,False,6,False,False
2021-07-03 07:00:00,A,3.6796417,1.2501804,False,7,False,False
2021-07-03 08:00:00,A,3.4352722,1.2138098,False,8,False,False
2021-07-03 09:00:00,A,3.4587135,1.121333,False,9,False,False
2021-07-03 10:00:00,A,3.3556294,0.98944986,False,10,False,False
2021-07-03 11:00:00,A,3.2943974,0.8899838,False,11,False,False
2021-07-03 12:00:00,A,3.0513573,0.7362244,False,12,False,False
2021-07-03 13:00:00,A,3.1521888,0.5890858,False,13,False,False
2021-07-03 14:00:00,A,2.7855134,0.6398728,False,14,False,False
2021-07-03 15:00:00,A,2.8031197,0.45422113,False,15,False,False
2021-07-03 16:00:00,A,2.4313598,0.32405603,False,16,False,False
2021-07-03 17:00:00,A,2.5515547,0.32076132,False,17,False,False
2021-07-03 18:00:00,A,2.458393,0.29704845,False,18,False,False
2021-07-03 19:00:00,A,2.5100114,0.12347174,False,19,False,False
2021-07-03 20:00:00,A,2.2608516,0.04238844,False,20,False,False
2021-07-03 21:00:00,A,2.2664938,0.062485456,False,21,False,False
2021-07-03 22:00:00,A,2.1067567,0.055634618,False,22,False,False
2021-07-03 23:00:00,A,2.1793582,-0.09218204,False,23,False,False
2021-07-04 00:00:00,A,1.9420898,-0.1914922,False,0,False,False
2021-07-04 01:00:00,A,2.0218747,-0.22384667,False,1,False,False
2021-07-04 02:00:00,A,1.9859867,-0.27026355,False,2,False,False
2021-07-04 03:00:00,A,1.9234273,-0.35612762,False,3,False,False
2021-07-04 04:00:00,A,1.7554088,-0.47000188,False,4,False,False
2021-07-04 05:00:00,A,1.7849364,-0.5689758,False,5,False,False
2021-07-04 06:00:00,A,1.5325363,-0.516288,False,6,False,False
2021-07-04 07:00:00,A,1.53251,-0.67089456,False,7,False,False
2021-07-04 08:00:00,A,1.247333,-0.73963875,False,8,False,False
2021-07-04 09:00:00,A,1.3953004,-0.7172551,False,9,False,False
2021-07-04 10:00:00,A,1.2794533,-0.76888824,False,10,False,False
2021-07-04 11:00:00,A,1.2482448,-0.9534621,False,11,False,False
2021-07-04 12:00:00,A,1.0577695,-1.0182445,False,12,False,False
2021-07-04 13:00:00,A,1.0886762,-1.050833,False,13,False,False
2021-07-04 14:00:00,A,0.89126056,-1.1334159,False,14,False,False
2021-07-04 15:00:00,A,0.9191288,-1.2385429,False,15,False,False
2021-07-04 16:00:00,A,0.69500315,-1.3253505,False,16,False,False
2021-07-04 17:00:00,A,0.7163235,-1.4153682,False,17,False,False
2021-07-04 18:00:00,A,0.6668263,-1.4934785,False,18,False,False
2021-07-04 19:00:00,A,0.5840701,-1.6102242,False,19,False,False
2021-07-04 20:00:00,A,0.3785063,-1.7696416,False,20,False,False
2021-07-04 21:00:00,A,0.34132403,-1.8608972,False,21,False,False
2021-07-04 22:00:00,A,0.19220096,-1.8513011,False,22,False,False
2021-07-04 23:00:00,A,0.18707246,-2.0049472,False,23,False,False
2021-07-05 00:00:00,A,-0.092797875,-2.0434885,True,0,False,False
2021-07-05 01:00:00,A,0.1406424,-1.9874761,True,1,False,False
2021-07-05 02:00:00,A,-0.0010416806,-2.0393405,True,2,False,False
2021-07-05 03:00:00,A,-0.044549823,-2.16929,True,3,False,False
2021-07-05 04:00:00,A,-0.122894645,-2.234118,True,4,False,False
2021-07-05 05:00:00,A,-0.12472683,-2.2481213,True,5,False,False
2021-07-05 06:00:00,A,-0.24454951,-2.342081,True,6,False,False
2021-07-05 07:00:00,A,-0.21748036,-2.3806787,True,7,False,False
2021-07-05 08:00:00,A,-0.45114404,-2.4029374,True,8,False,False
2021-07-05 09:00:00,A,-0.4246561,-2.4314165,True,9,False,False
2021-07-05 10:00:00,A,-0.43331748,-2.3584807,True,10,False,False
2021-07-05 11:00:00,A,-0.35321623,-2.3784332,True,11,False,False
2021-07-05 12:00:00,A,-0.48460627,-2.3738751,True,12,False,False
2021-07-05 13:00:00,A,-0.4136637,-2.3479414,True,13,False,False
2021-07-05 14:00:00,A,-0.5224022,-2.3313751,True,14,False,False
2021-07-05 15:00:00,A,-0.52261215,-2.3906517,True,15,False,False
2021-07-05 16:00:00,A,-0.59363383,-2.4004416,True,16,False,False
2021-07-05 17:00:00,A,-0.32437545,-2.3272476,True,17,False,False
2021-07-05 18:00:00,A,-0.43086833,-2.2248895,True,18,False,False
2021-07-05 19:00:00,A,-0.34673268,-2.3214116,True,19,False,False
2021-07-05 20:00:00,A,-0.39547998,-2.3200622,True,20,False,False
2021-07-05 21:00:00,A,-0.3050403,-2.3006372,True,21,False,False
2021-07-05 22:00:00,A,-0.35837716,-2.3908324,True,22,False,False
2021-07-05 23:00:00,A,-0.32909018,-2.4017367,True,23,False,False
2021-07-06 00:00:00,A,-0.51281327,-2.526117,True,0,False,False
2021-07-06 01:00:00,A,-0.51861554,-2.5158272,True,1,False,False
2021-07-06 02:00:00,A,-0.50737673,-2.4739199,True,2,False,False
2021-07-06 03:00:00,A,-0.50113165,-2.456676,True,3,False,False
2021-07-06 04:00:00,A,-0.65995055,-2.416307,True,4,False,False
2021-07-06 05:00:00,A,-0.5491869,-2.413178,True,5,False,False
2021-07-06 06:00:00,A,-0.6429456,-2.4040642,True,6,False,False
2021-07-06 07:00:00,A,-0.58096355,-2.442697,True,7,False,False
2021-07-06 08:00:00,A,-0.66775185,-2.4447112,True,8,True,False
2021-07-06 09:00:00,A,-0.38923544,-2.3626118,True,9,False,False
2021-07-06 10:00:00,A,-0.39439493,-2.3025131,True,10,False,False
2021-07-06 11:00:00,A,-0.3275028,-2.3425188,True,11,False,False
2021-07-06 12:00:00,A,-0.36641598,-2.3011246,True,12,False,False
2021-07-06 13:00:00,A,-0.25807804,-2.2847552,True,13,False,False
2021-07-06 14:00:00,A,-0.30734313,-2.3828497,True,14,False,False
2021-07-06 15:00:00,A,-0.24493557,-2.3852093,True,15,False,False
2021-07-06 16:00:00,A,-0.45443517,-2.5007162,True,16,False,False
2021-07-06 17:00:00,A,-0.49258703,-2.5344458,True,17,False,False
2021-07-06 18:00:00,A,-0.48182142,-2.5011148,True,18,False,False
2021-07-06 19:00:00,A,-0.46014905,-2.4769711,True,19,False,False
2021-07-06 20:00:00,A,-0.6144149,-2.4723368,True,20,False,False
2021-07-06 21:00:00,A,-0.521519,-2.4514346,True,21,False,False
2021-07-06 22:00:00,A,-0.5859023,-2.4416618,True,22,False,False
2021-07-06 23:00:00,A,-0.55817264,-2.4495068,True,23,False,False
2021-07-07 00:00:00,A,-0.66704506,-2.4459188,True,0,False,False
2021-07-07 01:00:00,A,-0.41052824,-2.3468776,True,1,False,False
2021-07-07 02:00:00,A,-0.4226845,-2.2958944,True,2,False,False
2021-07-07 03:00:00,A,-0.34059817,-2.3192472,True,3,False,False
2021-07-07 04:00:00,A,-0.3627628,-2.2510471,True,4,False,False
2021-07-07 05:00:00,A,-0.3214783,-2.2856882,True,5,False,False
2021-07-07 06:00:00,A,-0.36472768,-2.375928,True,6,False,False
2021-07-07 07:00:00,A,-0.3143236,-2.419527,True,7,False,False
2021-07-07 08:00:00,A,-0.46095556,-2.4610338,True,8,True,False
2021-07-07 09:00:00,A,-0.3629387,-2.3927155,True,9,True,False
2021-07-07 10:00:00,A,-0.23956376,-2.2782054,True,10,False,False
2021-07-07 11:00:00,A,-0.027446032,-2.119082,True,11,False,False
2021-07-07 12:00:00,A,-0.017261803,-1.9886867,True,12,False,False
2021-07-07 13:00:00,A,0.17200208,-1.8147041,True,13,False,False
2021-07-07 14:00:00,A,0.2697002,-1.721046,True,14,False,False
2021-07-07 15:00:00,A,0.36390606,-1.6554868,True,15,False,False
2021-07-07 16:00:00,A,0.3567514,-1.5979707,True,16,False,False
2021-07-07 17:00:00,A,0.6291772,-1.4743354,True,17,False,False
2021-07-07 18:00:00,A,0.7567967,-1.3258246,True,18,False,False
2021-07-07 19:00:00,A,0.9264356,-1.2363931,True,19,False,False
2021-07-07 20:00:00,A,0.9190054,-1.1098394,True,20,False,False
2021-07-07 21:00:00,A,1.1269147,-1.0245898,True,21,False,False
2021-07-07 22:00:00,A,1.0828714,-1.0328147,True,22,False,False
2021-07-07 23:00:00,A,1.1411669,-1.0072618,True,23,False,False
2021-07-08 00:00:00,A,1.016572,-1.092091,True,0,False,False
2021-07-08 01:00:00,A,1.0560985,-1.0341308,True,1,False,False
2021-07-08 02:00:00,A,1.1286142,-1.0005649,True,2,False,False
2021-07-08 03:00:00,A,1.3149502,-0.8915377,True,3,False,False
2021-07-08 04:00:00,A,1.2534995,-0.7828579,True,4,False,False
2021-07-08 05:00:00,A,1.4527776,-0.65994024,True,5,False,False
2021-07-08 06:00:00,A,1.4643406,-0.5551474,True,6,False,False
2021-07-08 07:00:00,A,1.5794024,-0.55912614,True,7,False,False
2021-07-08 08:00:00,A,1.5505202,-0.5573369,True,8,True,False
2021-07-08 09:00:00,A,1.8598752,-0.47003466,True,9,False,False
2021-07-08 10:00:00,A,1.9700217,-0.3402083,True,10,True,False
2021-07-08 11:00:00,A,2.1749334,-0.20709985,True,11,True,False
2021-07-08 12:00:00,A,2.188882,-0.121355295,True,12,False,False
2021-07-08 13:00:00,A,2.4039154,0.038477063,True,13,True,False
2021-07-08 14:00:00,A,2.4297414,0.122440815,True,14,True,False
2021-07-08 15:00:00,A,2.532033,0.16297233,True,15,False,False
2021-07-08 16:00:00,A,2.3924994,0.035535336,True,16,False,False
2021-07-08 17:00:00,A,2.5158842,0.100613475,True,17,False,False
2021-07-08 18:00:00,A,2.586547,0.19336748,True,18,False,False
2021-07-08 19:00:00,A,2.7512255,0.3392495,True,19,False,False
2021-07-08 20:00:00,A,2.7179816,0.4748391,True,20,False,False
2021-07-08 21:00:00,A,2.9840217,0.559976,True,21,False,False
2021-07-08 22:00:00,A,2.9802108,0.69690466,True,22,False,False
2021-07-08 23:00:00,A,3.0598965,0.76777995,True,23,False,False
2021-07-09 00:00:00,A,3.0127978,0.71848977,True,0,False,False
2021-07-09 01:00:00,A,3.2558544,0.80097485,True,1,False,False
2021-07-09 02:00:00,A,3.3591623,0.86720383,True,2,False,False
2021-07-09 03:00:00,A,3.5307336,0.90593374,True,3,False,False
2021-07-09 04:00:00,A,3.4439063,1.0041333,True,4,False,False
2021-07-09 05:00:00,A,3.6604333,1.1105057,True,5,False,False
2021-07-09 06:00:00,A,3.6299384,1.1467694,True,6,False,False
2021-07-09 07:00:00,A,3.6837568,1.1542615,True,7,False,False
2021-07-09 08:00:00,A,3.5247264,1.0133148,True,8,True,False
2021-07-09 09:00:00,A,3.6427684,1.010811,True,9,False,False
2021-07-09 10:00:00,A,3.6507378,1.0210093,True,10,False,False
2021-07-09 11:00:00,A,3.696951,1.0824684,True,11,False,False
2021-07-09 12:00:00,A,3.5842695,1.0565492,True,12,False,False
2021-07-09 13:00:00,A,3.7570004,1.0692102,True,13,False,False
2021-07-09 14:00:00,A,3.6453815,1.1402782,True,14,True,False
2021-07-09 15:00:00,A,3.7296965,1.1236416,True,15,True,False
2021-07-09 16:00:00,A,3.499975,0.97102344,True,16,False,False
2021-07-09 17:00:00,A,3.6538687,1.027748,True,17,False,False
2021-07-09 18:00:00,A,3.6617732,1.0365328,True,18,False,False
2021-07-09 19:00:00,A,3.7309272,1.0299865,True,19,False,False
2021-07-09 20:00:00,A,3.6073074,1.0299867,True,20,False,False
2021-07-09 21:00:00,A,3.7548761,1.1007124,True,21,False,False
2021-07-09 22:00:00,A,3.6441813,1.1121794,True,22,False,False
2021-07-09 23:00:00,A,3.5980601,1.1047384,True,23,False,False
2021-07-10 00:00:00,A,3.4147584,1.0086423,False,0,False,False
2021-07-10 01:00:00,A,3.5858846,1.0387789,False,1,False,False
2021-07-10 02:00:00,A,3.6152225,1.0441493,False,2,False,False
2021-07-10 03:00:00,A,3.667036,1.1265329,False,3,False,False
2021-07-10 04:00:00,A,3.5621362,1.0829684,False,4,False,False
2021-07-10 05:00:00,A,3.6824381,1.1074859,False,5,False,False
2021-07-10 06:00:00,A,3.5565689,1.2205328,False,6,False,False
2021-07-10 07:00:00,A,3.5842786,1.1535643,False,7,False,False
2021-07-10 08:00:00,A,3.366763,1.01133,False,8,False,False
2021-07-10 09:00:00,A,3.3981938,1.0517575,False,9,False,False
2021-07-10 10:00:00,A,3.3085127,0.95912135,False,10,False,False
2021-07-10 11:00:00,A,3.1775484,0.8011639,False,11,False,False
2021-07-10 12:00:00,A,2.9257288,0.67104983,False,12,False,False
2021-07-10 13:00:00,A,3.0325356,0.5813414,False,13,False,False
2021-07-10 14:00:00,A,2.795876,0.5201682,False,14,False,False
2021-07-10 15:00:00,A,2.6822958,0.47045076,False,15,False,False
2021-07-10 16:00:00,A,2.3843389,0.3176,False,16,False,False
2021-07-10 17:00:00,A,2.4981458,0.27021253,False,17,False,False
2021-07-10 18:00:00,A,2.4257517,0.17303157,False,18,False,False
2021-07-10 19:00:00,A,2.3629522,0.09421158,False,19,False,False
2021-07-10 20:00:00,A,2.2064955,-0.05927527,False,20,False,False
2021-07-10 21:00:00,A,2.2273908,-0.07745314,False,21,False,False
2021-07-10 22:00:00,A,2.0583136,-0.06652522,False,22,False,False
2021-07-10 23:00:00,A,2.091015,-0.18816352,False,23,False,False
2021-07-11 00:00:00,A,1.8500519,-0.2236011,False,0,False,False
2021-07-11 01:00:00,A,1.9503136,-0.18638945,False,1,False,False
2021-07-11 02:00:00,A,1.9429018,-0.22935927,False,2,False,False
2021-07-11 03:00:00,A,1.8219609,-0.345199,False,3,False,False
2021-07-11 04:00:00,A,1.6556838,-0.46738195,False,4,False,False
2021-07-11 05:00:00,A,1.7063544,-0.5166039,False,5,False,False
2021-07-11 06:00:00,A,1.5758171,-0.5477519,False,6,False,False
2021-07-11 07:00:00,A,1.484741,-0.5919487,False,7,False,False
2021-07-11 08:00:00,A,1.2641599,-0.71942437,False,8,False,False
2021-07-11 09:00:00,A,1.3596325,-0.7582552,False,9,False,False
2021-07-11 10:00:00,A,1.2450008,-0.8408961,False,10,False,False
2021-07-11 11:00:00,A,1.138635,-0.95216274,False,11,False,False
2021-07-11 12:00:00,A,1.0173335,-1.1017944,False,12,False,False
2021-07-11 13:00:00,A,1.0293821,-1.1395634,False,13,False,False
2021-07-11 14:00:00,A,0.80911505,-1.1748132,False,14,False,False
2021-07-11 15:00:00,A,0.85249156,-1.2972802,False,15,False,False
2021-07-11 16:00:00,A,0.6293309,-1.3277797,False,16,False,False
2021-07-11 17:00:00,A,0.6041999,-1.3653097,False,17,False,False
2021-07-11 18:00:00,A,0.6048623,-1.4583348,False,18,False,False
2021-07-11 19:00:00,A,0.49383363,-1.5773892,False,19,False,False
2021-07-11 20:00:00,A,0.2691937,-1.7540522,False,20,False,False
2021-07-11 21:00:00,A,0.22921064,-1.824759,False,21,False,False
2021-07-11 22:00:00,A,0.12018907,-1.8737235,False,22,False,False
2021-07-11 23:00:00,A,0.017233491,-1.9421649,False,23,False,False
2021-07-12 00:00:00,A,-0.17658323,-2.0476117,True,0,False,False
2021-07-12 01:00:00,A,-0.037647545,-2.0619957,True,1,False,False
2021-07-12 02:00:00,A,-0.11828619,-2.0976481,True,2,False,False
2021-07-12 03:00:00,A,-0.20677668,-2.1888442,True,3,False,False
2021-07-12 04:00:00,A,-0.19181234,-2.2547898,True,4,False,False
2021-07-12 05:00:00,A,-0.23158193,-2.2835383,True,5,False,False
2021-07-12 06:00:00,A,-0.41594118,-2.3502045,True,6,False,False
2021-07-12 07:00:00,A,-0.3695808,-2.4313643,True,7,False,False
2021-07-12 08:00:00,A,-0.48129588,-2.2805343,True,8,True,False
2021-07-12 09:00:00,A,-0.4326914,-2.3346334,True,9,True,False
2021-07-12 10:00:00,A,-0.38914603,-2.284885,True,10,False,False
2021-07-12 11:00:00,A,-0.3353473,-2.3014922,True,11,True,False
2021-07-12 12:00:00,A,-0.48012084,-2.3381834,True,12,False,False
2021-07-12 13:00:00,A,-0.4084522,-2.3494153,True,13,False,False
2021-07-12 14:00:00,A,-0.47524405,-2.3484874,True,14,True,False
2021-07-12 15:00:00,A,-0.4911881,-2.3432658,True,15,True,False
2021-07-12 16:00:00,A,-0.5411145,-2.3618517,True,16,False,False
2021-07-12 17:00:00,A,-0.3874933,-2.3753843,True,17,False,False
2021-07-12 18:00:00,A,-0.33721834,-2.3371677,True,18,False,False
2021-07-12 19:00:00,A,-0.36456102,-2.355503,True,19,False,False
2021-07-12 20:00:00,A,-0.35120738,-2.3773007,True,20,False,False
2021-07-12 21:00:00,A,-0.2684384,-2.3184133,True,21,False,False
2021-07-12 22:00:00,A,-0.37957639,-2.3503673,True,22,False,False
2021-07-12 23:00:00,A,-0.30273634,-2.3757968,True,23,False,False
2021-07-13 00:00:00,A,-0.48319894,-2.392682,True,0,False,False
2021-07-13 01:00:00,A,-0.44945085,-2.3450894,True,1,False,False
2021-07-13 02:00:00,A,-0.43315214,-2.310473,True,2,False,False
2021-07-13 03:00:00,A,-0.39985508,-2.328023,True,3,False,False
2021-07-13 04:00:00,A,-0.5360703,-2.3287802,True,4,False,False
2021-07-13 05:00:00,A,-0.48256642,-2.35609,True,5,False,False
2021-07-13 06:00:00,A,-0.7080149,-2.2678428,True,6,False,False
2021-07-13 07:00:00,A,-0.5706052,-2.2889905,True,7,False,False
2021-07-13 08:00:00,A,-0.6623983,-2.3051198,True,8,False,False
2021-07-13 09:00:00,A,-0.48231137,-2.1536002,True,9,False,False
2021-07-13 10:00:00,A,-0.48722988,-1.943538,True,10,False,False
2021-07-13 11:00:00,A,-0.46562535,-2.1147833,True,11,False,False
2021-07-13 12:00:00,A,-0.48815376,-2.1629481,True,12,False,False
2021-07-13 13:00:00,A,-0.37664175,-2.1251354,True,13,False,False
2021-07-13 14:00:00,A,-0.62290424,-1.8569195,True,14,False,False
2021-07-13 15:00:00,A,-0.42446458,-2.1590905,True,15,False,False
2021-07-13 16:00:00,A,-0.7114937,-1.994044,True,16,False,False
2021-07-13 17:00:00,A,-0.72783285,-1.9555774,True,17,False,False
2021-07-13 18:00:00,A,-0.6216046,-2.021076,True,18,False,False
2021-07-13 19:00:00,A,-0.5862691,-2.0228193,True,19,True,False
2021-07-13 20:00:00,A,-0.63114446,-2.0701103,True,20,True,False
2021-07-13 21:00:00,A,-1.2174768,-1.7776659,True,21,False,False
2021-07-13 22:00:00,A,-1.2368186,-1.7097579,True,22,True,False
2021-07-13 23:00:00,A,-1.4990702,-1.4400587,True,23,True,False
2021-07-14 00:00:00,A,-1.9460652,-1.2168956,True,0,False,False
2021-07-14 01:00:00,A,-1.0902245,-1.6502349,True,1,False,False
2021-07-14 02:00:00,A,-1.1314838,-1.4809887,True,2,False,False
2021-07-14 03:00:00,A,-1.0001433,-1.6303856,True,3,False,False
2021-07-14 04:00:00,A,-1.026159,-1.6243536,True,4,False,False
2021-07-14 05:00:00,A,-0.8198026,-1.7168137,True,5,False,False
2021-07-14 06:00:00,A,-0.880027,-1.7264591,True,6,False,False
2021-07-14 07:00:00,A,-0.7169972,-1.8000835,True,7,False,False
2021-07-14 08:00:00,A,-0.8725528,-1.7941208,True,8,False,False
2021-07-14 09:00:00,A,-0.7627364,-1.6925546,True,9,True,False
2021-07-14 10:00:00,A,-0.71903247,-1.5750606,True,10,False,False
2021-07-14 11:00:00,A,-0.3046394,-1.5555401,True,11,True,False
2021-07-14 12:00:00,A,-0.33754402,-1.3706074,True,12,False,False
2021-07-14 13:00:00,A,-0.1497131,-1.4035136,True,13,False,False
2021-07-14 14:00:00,A,-0.18507051,-1.1500056,True,14,False,False
2021-07-14 15:00:00,A,-0.08009982,-1.0716707,True,15,False,False
2021-07-14 16:00:00,A,-0.21902406,-0.8863751,True,16,False,False
2021-07-14 17:00:00,A,0.12714559,-0.96767235,True,17,False,False
2021-07-14 18:00:00,A,0.091112286,-0.6810261,True,18,False,False
2021-07-14 19:00:00,A,0.20780972,-0.6458268,True,19,False,False
2021-07-14 20:00:00,A,0.25987822,-0.6230433,True,20,False,False
2021-07-14 21:00:00,A,0.52006656,-0.593517,True,21,False,False
2021-07-14 22:00:00,A,0.45306402,-0.5434554,True,22,False,False
2021-07-14 23:00:00,A,0.63963884,-0.62635845,True,23,False,False
2021-07-15 00:00:00,A,0.5053181,-0.6894455,True,0,False,False
2021-07-15 01:00:00,A,0.5610349,-0.60007626,True,1,False,False
2021-07-15 02:00:00,A,0.66191417,-0.55980605,True,2,False,False
2021-07-15 03:00:00,A,0.87688303,-0.5115067,True,3,False,False
2021-07-15 04:00:00,A,0.62217724,-0.40360272,True,4,False,False
2021-07-15 05:00:00,A,0.97265565,-0.34935796,True,5,False,False
2021-07-15 06:00:00,A,0.9004929,-0.1597364,True,6,False,False
2021-07-15 07:00:00,A,0.9132977,-0.10752964,True,7,False,False
2021-07-15 08:00:00,A,0.7179499,0.16393423,True,8,False,False
2021-07-15 09:00:00,A,1.0160854,0.17248929,True,9,False,False
2021-07-15 10:00:00,A,0.83409727,0.688408,True,10,False,False
2021-07-15 11:00:00,A,1.0006144,0.70113933,True,11,False,False
2021-07-15 12:00:00,A,1.1006589,0.6374606,True,12,False,False
2021-07-15 13:00:00,A,1.3124017,0.6624471,True,13,False,False
2021-07-15 14:00:00,A,1.1696682,0.870396,True,14,False,False
2021-07-15 15:00:00,A,1.4966702,0.765818,True,15,False,False
2021-07-15 16:00:00,A,1.3740418,0.7039616,True,16,True,False
2021-07-15 17:00:00,A,1.3822644,0.9912642,True,17,False,False
2021-07-15 18:00:00,A,1.5041602,1.0894114,True,18,True,False
2021-07-15 19:00:00,A,1.6883142,1.2917851,True,19,False,False
2021-07-15 20:00:00,A,1.685889,1.2651712,True,20,False,False
2021-07-15 21:00:00,A,1.8813198,1.3749605,True,21,True,False
2021-07-15 22:00:00,A,1.8064115,1.6987206,True,22,True,False
2021-07-15 23:00:00,A,1.7227907,1.8839754,True,23,True,False
2021-07-16 00:00:00,A,1.6155148,2.0301328,True,0,False,False
2021-07-16 01:00:00,A,2.032134,1.9601856,True,1,False,False
2021-07-16 02:00:00,A,1.929471,2.255818,True,2,False,False
2021-07-16 03:00:00,A,2.0170474,2.2159963,True,3,False,False
2021-07-16 04:00:00,A,2.0059705,2.2928495,True,4,False,False
2021-07-16 05:00:00,A,2.2657886,2.2932038,True,5,False,False
2021-07-16 06:00:00,A,2.2402642,2.4164987,True,6,False,False
2021-07-16 07:00:00,A,2.6117842,2.3886929,True,7,False,False
2021-07-16 08:00:00,A,2.3690991,2.4183016,True,8,True,False
2021-07-16 09:00:00,A,2.5095437,2.3307185,True,9,True,False
2021-07-16 10:00:00,A,2.5749412,2.5258455,True,10,True,False
2021-07-16 11:00:00,A,2.6127262,2.5821543,True,11,True,False
2021-07-16 12:00:00,A,2.5409665,2.4985967,True,12,False,False
2021-07-16 13:00:00,A,2.7157502,2.3106565,True,13,False,False
2021-07-16 14:00:00,A,2.7114947,2.178546,True,14,False,False
2021-07-16 15:00:00,A,2.5539234,2.2126226,True,15,True,False
2021-07-16 16:00:00,A,2.2593675,2.3002486,True,16,False,False
2021-07-16 17:00:00,A,2.380148,2.3542123,True,17,False,False
2021-07-16 18:00:00,A,2.2856224,2.6621132,True,18,False,False
2021-07-16 19:00:00,A,2.1980636,2.5043478,True,19,False,False
2021-07-16 20:00:00,A,2.2884529,2.4528975,True,20,False,False
2021-07-16 21:00:00,A,2.4984941,2.3727512,True,21,False,False
2021-07-16 22:00:00,A,2.271184,2.5120692,True,22,False,False
2021-07-16 23:00:00,A,2.5515223,2.340417,True,23,False,False
2021-07-17 00:00:00,A,2.3904016,2.3613172,False,0,False,False
2021-07-17 01:00:00,A,2.5478768,2.2418404,False,1,False,False
2021-07-17 02:00:00,A,2.6879354,2.3512907,False,2,False,False
2021-07-17 03:00:00,A,2.6902285,2.4269252,False,3,False,False
2021-07-17 04:00:00,A,2.5722284,2.293137,False,4,False,False
2021-07-17 05:00:00,A,2.5746803,2.356431,False,5,False,False
2021-07-17 06:00:00,A,2.5766575,2.2331939,False,6,False,False
2021-07-17 07:00:00,A,2.4466434,2.1147528,False,7,False,False
2021-07-17 08:00:00,A,2.11696,2.1437569,False,8,False,False
2021-07-17 09:00:00,A,2.053757,2.202774,False,9,False,False
2021-07-17 10:00:00,A,1.9523144,2.3374648,False,10,False,False
2021-07-17 11:00:00,A,1.7199354,1.9921368,False,11,False,False
2021-07-17 12:00:00,A,1.7234924,1.8014301,False,12,False,False
2021-07-17 13:00:00,A,1.9064336,1.5953833,False,13,False,False
2021-07-17 14:00:00,A,1.5929415,1.5707697,False,14,False,False
2021-07-17 15:00:00,A,1.7675102,1.3888441,False,15,False,False
2021-07-17 16:00:00,A,1.5067682,1.3124713,False,16,False,False
2021-07-17 17:00:00,A,1.6299582,1.1582643,False,17,False,False
2021-07-17 18:00:00,A,1.7242842,1.1219274,False,18,False,False
2021-07-17 19:00:00,A,1.6892185,1.0401281,False,19,False,False
2021-07-17 20:00:00,A,1.5483351,0.8103914,False,20,False,False
2021-07-17 21:00:00,A,1.4259698,0.7564806,False,21,False,False
2021-07-17 22:00:00,A,1.4367268,0.48511398,False,22,False,False
2021-07-17 23:00:00,A,1.3795105,0.28427827,False,23,False,False
2021-07-18 00:00:00,A,1.1961858,0.23636317,False,0,False,False
2021-07-18 01:00:00,A,1.2647278,0.31309354,False,1,False,False
2021-07-18 02:00:00,A,1.0538614,0.4668846,False,2,False,False
2021-07-18 03:00:00,A,0.928397,0.3858093,False,3,False,False
2021-07-18 04:00:00,A,0.8583398,0.21574295,False,4,False,False
2021-07-18 05:00:00,A,1.0003668,0.12387991,False,5,False,False
2021-07-18 06:00:00,A,0.74624383,0.04391873,False,6,False,False
2021-07-18 07:00:00,A,0.81358564,-0.07405329,False,7,False,False
2021-07-18 08:00:00,A,0.6923877,-0.105461955,False,8,False,False
2021-07-18 09:00:00,A,0.75345683,-0.21989107,False,9,False,False
2021-07-18 10:00:00,A,0.71499944,-0.2876786,False,10,False,False
2021-07-18 11:00:00,A,0.6140519,-0.3722409,False,11,False,False
2021-07-18 12:00:00,A,0.4510567,-0.56303227,False,12,False,False
2021-07-18 13:00:00,A,0.30965656,-0.6286113,False,13,False,False
2021-07-18 14:00:00,A,0.23772335,-0.8153933,False,14,False,False
2021-07-18 15:00:00,A,0.15544176,-0.9512697,False,15,False,False
2021-07-18 16:00:00,A,0.026006132,-1.0187708,False,16,False,False
2021-07-18 17:00:00,A,-0.004663497,-1.0428541,False,17,False,False
2021-07-18 18:00:00,A,-0.16076571,-0.95532894,False,18,False,False
2021-07-18 19:00:00,A,-0.30401427,-1.0590279,False,19,False,False
2021-07-18 20:00:00,A,-0.48216575,-1.25651,False,20,False,False
2021-07-18 21:00:00,A,-0.39024323,-1.3392894,False,21,False,False
2021-07-18 22:00:00,A,-0.5001119,-1.4485016,False,22,False,False
2021-07-18 23:00:00,A,-0.50902206,-1.5705001,False,23,False,False
2021-07-19 00:00:00,A,-0.65259594,-1.5709567,True,0,False,False
2021-07-19 01:00:00,A,-0.48761016,-1.6201084,True,1,False,False
2021-07-19 02:00:00,A,-0.5478832,-1.6598828,True,2,False,False
2021-07-19 03:00:00,A,-0.58405966,-1.6915274,True,3,False,False
2021-07-19 04:00:00,A,-0.66443676,-1.8288145,True,4,False,False
2021-07-19 05:00:00,A,-0.806554,-1.8260918,True,5,False,False
2021-07-19 06:00:00,A,-0.92294306,-2.0501168,True,6,False,False
2021-07-19 07:00:00,A,-0.9711333,-2.1790054,True,7,False,False
2021-07-19 08:00:00,A,-1.1666327,-2.148593,True,8,True,False
2021-07-19 09:00:00,A,-1.1225085,-2.1584077,True,9,False,False
2021-07-19 10:00:00,A,-1.123898,-1.9921706,True,10,True,False
2021-07-19 11:00:00,A,-1.0956559,-1.9834106,True,11,True,False
2021-07-19 12:00:00,A,-1.1224415,-1.9631735,True,12,False,False
2021-07-19 13:00:00,A,-0.8685861,-2.0319963,True,13,True,False
2021-07-19 14:00:00,A,-0.85808605,-2.1209273,True,14,True,False
2021-07-19 15:00:00,A,-0.8463344,-2.13695,True,15,True,False
2021-07-19 16:00:00,A,-0.8287094,-2.1320057,True,16,True,False
2021-07-19 17:00:00,A,-0.584801,-2.1665854,True,17,True,False
2021-07-19 18:00:00,A,-0.5911605,-2.0972831,True,18,True,False
2021-07-19 19:00:00,A,-0.5313818,-2.0902548,True,19,False,False
2021-07-19 20:00:00,A,-0.601275,-2.1278691,True,20,False,False
2021-07-19 21:00:00,A,-0.55061656,-2.2028484,True,21,False,False
2021-07-19 22:00:00,A,-0.62409705,-2.259601,True,22,False,False
2021-07-19 23:00:00,A,-0.6396143,-2.4063973,True,23,False,False
2021-07-20 00:00:00,A,-0.7640577,-2.536474,True,0,False,False
2021-07-20 01:00:00,A,-0.8025413,-2.4609005,True,1,False,False
2021-07-20 02:00:00,A,-0.82914895,-2.3693342,True,2,False,False
2021-07-20 03:00:00,A,-0.8069634,-2.3882267,True,3,False,False
2021-07-20 04:00:00,A,-0.9185528,-2.3918767,True,4,False,False
2021-07-20 05:00:00,A,-0.74432105,-2.4353585,True,5,False,False
2021-07-20 06:00:00,A,-0.7832436,-2.4615374,True,6,False,False
2021-07-20 07:00:00,A,-0.81216806,-2.457294,True,7,False,False
2021-07-20 08:00:00,A,-0.82016164,-2.405773,True,8,True,False
2021-07-20 09:00:00,A,-0.6086622,-2.3370185,True,9,True,False
2021-07-20 10:00:00,A,-0.5685379,-2.3323832,True,10,True,False
2021-07-20 11:00:00,A,-0.52071804,-2.295763,True,11,True,False
2021-07-20 12:00:00,A,-0.56887716,-2.3303761,True,12,False,False
2021-07-20 13:00:00,A,-0.46978134,-2.3348103,True,13,True,False
2021-07-20 14:00:00,A,-0.49619138,-2.3558707,True,14,True,False
2021-07-20 15:00:00,A,-0.4308341,-2.4426908,True,15,True,False
2021-07-20 16:00:00,A,-0.6212409,-2.5511832,True,16,True,False
2021-07-20 17:00:00,A,-0.6913133,-2.5005612,True,17,False,False
2021-07-20 18:00:00,A,-0.710144,-2.3875048,True,18,False,False
2021-07-20 19:00:00,A,-0.6991032,-2.397757,True,19,False,False
2021-07-20 20:00:00,A,-0.7800264,-2.3850093,True,20,False,False
2021-07-20 21:00:00,A,-0.64514047,-2.4047596,True,21,False,False
2021-07-20 22:00:00,A,-0.6991431,-2.4197855,True,22,False,False
2021-07-20 23:00:00,A,-0.7633528,-2.4308863,True,23,False,False
2021-07-21 00:00:00,A,-0.82019705,-2.38769,True,0,False,False
2021-07-21 01:00:00,A,-0.6148309,-2.3043337,True,1,False,False
2021-07-21 02:00:00,A,-0.5733383,-2.3379426,True,2,False,False
2021-07-21 03:00:00,A,-0.49726707,-2.2905717,True,3,False,False
2021-07-21 04:00:00,A,-0.53087157,-2.319407,True,4,False,False
2021-07-21 05:00:00,A,-0.469539,-2.3607602,True,5,False,False
2021-07-21 06:00:00,A,-0.52543193,-2.3595476,True,6,False,False
2021-07-21 07:00:00,A,-0.45581704,-2.4168038,True,7,False,False
2021-07-21 08:00:00,A,-0.5575718,-2.48633,True,8,True,False
2021-07-21 09:00:00,A,-0.48769993,-2.3856573,True,9,True,False
2021-07-21 10:00:00,A,-0.39467865,-2.1863809,True,10,True,False
2021-07-21 11:00:00,A,-0.1850648,-2.0722744,True,11,True,False
2021-07-21 12:00:00,A,-0.14354187,-1.8904599,True,12,False,False
2021-07-21 13:00:00,A,0.061164707,-1.7460599,True,13,True,False
2021-07-21 14:00:00,A,0.15967038,-1.6486645,True,14,True,False
2021-07-21 15:00:00,A,0.22382492,-1.6279178,True,15,True,False
2021-07-21 16:00:00,A,0.25247627,-1.5026217,True,16,True,False
2021-07-21 17:00:00,A,0.529093,-1.4293216,True,17,False,False
2021-07-21 18:00:00,A,0.61038,-1.3496901,True,18,False,False
2021-07-21 19:00:00,A,0.79986626,-1.1781708,True,19,False,False
2021-07-21 20:00:00,A,0.8264494,-1.1399801,True,20,False,False
2021-07-21 21:00:00,A,1.0296738,-1.1129528,True,21,False,False
2021-07-21 22:00:00,A,0.9835367,-1.0183984,True,22,False,False
2021-07-21 23:00:00,A,1.0285447,-1.0055848,True,23,False,False
2021-07-22 00:00:00,A,0.92249024,-1.1071157,True,0,False,False
2021-07-22 01:00:00,A,0.93062353,-1.0424585,True,1,False,False
2021-07-22 02:00:00,A,1.0013173,-0.90613246,True,2,False,False
2021-07-22 03:00:00,A,1.1481156,-0.8704536,True,3,False,False
2021-07-22 04:00:00,A,1.1132429,-0.72941697,True,4,False,False
2021-07-22 05:00:00,A,1.3400643,-0.68958294,True,5,False,False
2021-07-22 06:00:00,A,1.287427,-0.5335369,True,6,False,False
2021-07-22 07:00:00,A,1.3982433,-0.5413583,True,7,False,False
2021-07-22 08:00:00,A,1.4059823,-0.46441495,True,8,True,False
2021-07-22 09:00:00,A,1.6889322,-0.3946082,True,9,True,False
2021-07-22 10:00:00,A,1.8559742,-0.3556981,True,10,True,False
2021-07-22 11:00:00,A,2.06299,-0.18907452,True,11,True,False
2021-07-22 12:00:00,A,2.0714025,-0.13403928,True,12,False,False
2021-07-22 13:00:00,A,2.2852795,-0.01826644,True,13,False,False
2021-07-22 14:00:00,A,2.2677615,0.12737477,True,14,True,False
2021-07-22 15:00:00,A,2.3759792,0.115915656,True,15,False,False
2021-07-22 16:00:00,A,2.2599459,-0.010100722,True,16,False,False
2021-07-22 17:00:00,A,2.3034115,0.08955276,True,17,False,False
2021-07-22 18:00:00,A,2.3598332,0.32146275,True,18,False,False
2021-07-22 19:00:00,A,2.5411243,0.37443626,True,19,False,False
2021-07-22 20:00:00,A,2.5463953,0.5242218,True,20,False,False
2021-07-22 21:00:00,A,2.8211946,0.5492176,True,21,False,False
2021-07-22 22:00:00,A,2.7325635,0.7426475,True,22,False,False
2021-07-22 23:00:00,A,2.8081415,0.7937783,True,23,False,False
2021-07-23 00:00:00,A,2.7459986,0.79551136,True,0,False,False
2021-07-23 01:00:00,A,2.979857,0.8981916,True,1,False,False
2021-07-23 02:00:00,A,3.135213,0.926736,True,2,False,False
2021-07-23 03:00:00,A,3.2996511,1.0210427,True,3,False,False
2021-07-23 04:00:00,A,3.2093282,1.0349499,True,4,False,False
2021-07-23 05:00:00,A,3.445387,1.1024638,True,5,False,False
2021-07-23 06:00:00,A,3.3578835,1.229982,True,6,False,False
2021-07-23 07:00:00,A,3.4021838,1.1662995,True,7,False,False
2021-07-23 08:00:00,A,3.30062,1.061994,True,8,True,False
2021-07-23 09:00:00,A,3.380859,1.0163118,True,9,True,False
2021-07-23 10:00:00,A,3.346231,1.1460007,True,10,True,False
2021-07-23 11:00:00,A,3.4514108,1.091905,True,11,True,False
2021-07-23 12:00:00,A,3.358514,1.0870737,True,12,False,False
2021-07-23 13:00:00,A,3.5343063,1.0334157,True,13,True,False
2021-07-23 14:00:00,A,3.3601823,1.1824812,True,14,True,False
2021-07-23 15:00:00,A,3.4445887,1.1369141,True,15,True,False
2021-07-23 16:00:00,A,3.218766,1.0695175,True,16,True,False
2021-07-23 17:00:00,A,3.3376677,1.0267335,True,17,False,False
2021-07-23 18:00:00,A,3.4215488,1.0374271,True,18,False,False
2021-07-23 19:00:00,A,3.5024118,1.0271105,True,19,False,False
2021-07-23 20:00:00,A,3.3789866,1.0058879,True,20,False,False
2021-07-23 21:00:00,A,3.5173326,0.9973,True,21,False,False
2021-07-23 22:00:00,A,3.392147,1.0940996,True,22,False,False
2021-07-23 23:00:00,A,3.4353967,1.0455068,True,23,False,False
2021-07-24 00:00:00,A,3.3328974,0.9707941,False,0,False,False
2021-07-24 01:00:00,A,3.4006314,0.9314586,False,1,False,False
2021-07-24 02:00:00,A,3.3443604,1.0574211,False,2,False,False
2021-07-24 03:00:00,A,3.4658828,0.99855626,False,3,False,False
2021-07-24 04:00:00,A,3.339374,1.0091401,False,4,False,False
2021-07-24 05:00:00,A,3.4981961,0.9950565,False,5,False,False
2021-07-24 06:00:00,A,3.3447793,1.1616453,False,6,False,False
2021-07-24 07:00:00,A,3.4009175,1.0609792,False,7,False,False
2021-07-24 08:00:00,A,3.0957594,1.1559707,False,8,False,False
2021-07-24 09:00:00,A,3.0829716,0.9816655,False,9,False,False
2021-07-24 10:00:00,A,3.0717742,0.87745297,False,10,False,False
2021-07-24 11:00:00,A,3.0030937,0.77848995,False,11,False,False
2021-07-24 12:00:00,A,2.7389553,0.6010494,False,12,False,False
2021-07-24 13:00:00,A,2.8249035,0.48613846,False,13,False,False
2021-07-24 14:00:00,A,2.5364504,0.49749994,False,14,False,False
2021-07-24 15:00:00,A,2.5040464,0.34278905,False,15,False,False
2021-07-24 16:00:00,A,2.3136592,0.19062102,False,16,False,False
2021-07-24 17:00:00,A,2.307606,0.106770754,False,17,False,False
2021-07-24 18:00:00,A,2.1653159,0.08586323,False,18,False,False
2021-07-24 19:00:00,A,2.173076,-0.06824672,False,19,False,False
2021-07-24 20:00:00,A,2.0115066,-0.16107762,False,20,False,False
2021-07-24 21:00:00,A,2.0615094,-0.23289043,False,21,False,False
2021-07-24 22:00:00,A,1.8687973,-0.18212861,False,22,False,False
2021-07-24 23:00:00,A,1.9067426,-0.31192958,False,23,False,False
2021-07-25 00:00:00,A,1.605659,-0.28176183,False,0,False,False
2021-07-25 01:00:00,A,1.7128391,-0.3867771,False,1,False,False
2021-07-25 02:00:00,A,1.7283323,-0.42789423,False,2,False,False
2021-07-25 03:00:00,A,1.6778321,-0.41714036,False,3,False,False
2021-07-25 04:00:00,A,1.5093586,-0.60375583,False,4,False,False
2021-07-25 05:00:00,A,1.5393155,-0.6858644,False,5,False,False
2021-07-25 06:00:00,A,1.3698776,-0.66495717,False,6,False,False
2021-07-25 07:00:00,A,1.3255167,-0.7944544,False,7,False,False
2021-07-25 08:00:00,A,1.1634986,-0.9011665,False,8,False,False
2021-07-25 09:00:00,A,1.1311915,-0.9620308,False,9,False,False
2021-07-25 10:00:00,A,1.0053446,-0.9683169,False,10,False,False
2021-07-25 11:00:00,A,0.96423554,-1.1543463,False,11,False,False
2021-07-25 12:00:00,A,0.758899,-1.2657994,False,12,False,False
2021-07-25 13:00:00,A,0.821047,-1.351059,False,13,False,False
2021-07-25 14:00:00,A,0.63783133,-1.3820299,False,14,False,False
2021-07-25 15:00:00,A,0.5828801,-1.5272466,False,15,False,False
2021-07-25 16:00:00,A,0.29277986,-1.5331602,False,16,False,False
2021-07-25 17:00:00,A,0.38889706,-1.6560308,False,17,False,False
2021-07-25 18:00:00,A,0.32742438,-1.7358942,False,18,False,False
2021-07-25 19:00:00,A,0.21529287,-1.83232,False,19,False,False
2021-07-25 20:00:00,A,0.09249529,-1.9881464,False,20,False,False
2021-07-25 21:00:00,A,0.06363815,-2.125203,False,21,False,False
2021-07-25 22:00:00,A,-0.15843755,-2.1236732,False,22,False,False
2021-07-25 23:00:00,A,-0.20856935,-2.255753,False,23,False,False
2021-07-26 00:00:00,A,-0.27262765,-2.2643223,True,0,False,False
2021-07-26 01:00:00,A,-0.27109414,-2.3123112,True,1,False,False
2021-07-26 02:00:00,A,-0.35833055,-2.3078003,True,2,False,False
2021-07-26 03:00:00,A,-0.3450051,-2.386148,True,3,False,False
2021-07-26 04:00:00,A,-0.47883213,-2.409462,True,4,False,False
2021-07-26 05:00:00,A,-0.48038226,-2.5173154,True,5,False,False
2021-07-26 06:00:00,A,-0.5737559,-2.5826507,True,6,False,False
2021-07-26 07:00:00,A,-0.61009985,-2.6434412,True,7,False,False
2021-07-26 08:00:00,A,-0.848604,-2.5331254,True,8,True,False
2021-07-26 09:00:00,A,-0.70142525,-2.6210098,True,9,True,False
2021-07-26 10:00:00,A,-0.70297784,-2.6011343,True,10,True,False
2021-07-26 11:00:00,A,-0.68722504,-2.5956547,True,11,True,False
2021-07-26 12:00:00,A,-0.69510454,-2.614976,True,12,False,False
2021-07-26 13:00:00,A,-0.569724,-2.6647,True,13,False,False
2021-07-26 14:00:00,A,-0.6961972,-2.593133,True,14,True,False
2021-07-26 15:00:00,A,-0.6880614,-2.6252894,True,15,False,False
2021-07-26 16:00:00,A,-0.66369647,-2.5871243,True,16,False,False
2021-07-26 17:00:00,A,-0.6162279,-2.6028433,True,17,False,False
2021-07-26 18:00:00,A,-0.6011763,-2.5251331,True,18,False,False
2021-07-26 19:00:00,A,-0.50851065,-2.5524197,True,19,False,False
2021-07-26 20:00:00,A,-0.6137207,-2.4963524,True,20,False,False
2021-07-26 21:00:00,A,-0.5277888,-2.5444484,True,21,False,False
2021-07-26 22:00:00,A,-0.6171033,-2.567121,True,22,False,False
2021-07-26 23:00:00,A,-0.66129607,-2.5866566,True,23,False,False
2021-07-27 00:00:00,A,-0.94677514,-2.5795245,True,0,False,False
2021-07-27 01:00:00,A,-0.83158153,-2.6284132,True,1,False,False
2021-07-27 02:00:00,A,-0.8438408,-2.5787668,True,2,False,False
2021-07-27 03:00:00,A,-0.82082504,-2.55304,True,3,False,False
2021-07-27 04:00:00,A,-0.7960772,-2.5973468,True,4,False,False
2021-07-27 05:00:00,A,-0.7190786,-2.6435633,True,5,False,False
2021-07-27 06:00:00,A,-0.8237342,-2.5464878,True,6,False,False
2021-07-27 07:00:00,A,-0.81906563,-2.5865922,True,7,False,False
2021-07-27 08:00:00,A,-0.78085965,-2.5504875,True,8,True,False
2021-07-27 09:00:00,A,-0.6482902,-2.5490813,True,9,True,False
2021-07-27 10:00:00,A,-0.651895,-2.5032382,True,10,True,False
2021-07-27 11:00:00,A,-0.5392907,-2.4805639,True,11,True,False
2021-07-27 12:00:00,A,-0.6288087,-2.4698243,True,12,False,False
2021-07-27 13:00:00,A,-0.51709193,-2.4807558,True,13,True,False
2021-07-27 14:00:00,A,-0.58003694,-2.5085888,True,14,True,False
2021-07-27 15:00:00,A,-0.59066314,-2.5557485,True,15,True,False
2021-07-27 16:00:00,A,-0.8462631,-2.5483966,True,16,True,False
2021-07-27 17:00:00,A,-0.763262,-2.6410484,True,17,False,False
2021-07-27 18:00:00,A,-0.77985233,-2.5630019,True,18,False,False
2021-07-27 19:00:00,A,-0.75167125,-2.5257797,True,19,False,False
2021-07-27 20:00:00,A,-0.7317242,-2.556181,True,20,False,False
2021-07-27 21:00:00,A,-0.6674389,-2.5702004,True,21,False,False
2021-07-27 22:00:00,A,-0.8464889,-2.4465384,True,22,False,False
2021-07-27 23:00:00,A,-0.81874424,-2.482181,True,23,False,False
2021-07-28 00:00:00,A,-0.8327846,-2.4091935,True,0,False,False
2021-07-28 01:00:00,A,-0.71642405,-2.3518882,True,1,False,False
2021-07-28 02:00:00,A,-0.7310812,-2.281714,True,2,False,False
2021-07-28 03:00:00,A,-0.56392926,-2.2958817,True,3,False,False
2021-07-28 04:00:00,A,-0.6319209,-2.278636,True,4,False,False
2021-07-28 05:00:00,A,-0.55955917,-2.2970977,True,5,False,False
2021-07-28 06:00:00,A,-0.68006355,-2.2583356,True,6,False,False
2021-07-28 07:00:00,A,-0.614536,-2.310433,True,7,False,False
2021-07-28 08:00:00,A,-0.8067915,-2.2620673,True,8,True,False
2021-07-28 09:00:00,A,-0.5905537,-2.304863,True,9,True,False
2021-07-28 10:00:00,A,-0.5403618,-2.0842822,True,10,True,False
2021-07-28 11:00:00,A,-0.28926355,-1.9511721,True,11,True,False
2021-07-28 12:00:00,A,-0.24327946,-1.7895848,True,12,False,False
2021-07-28 13:00:00,A,-0.09142715,-1.6746545,True,13,True,False
2021-07-28 14:00:00,A,0.026913643,-1.5055596,True,14,True,False
2021-07-28 15:00:00,A,0.16254404,-1.5173736,True,15,True,False
2021-07-28 16:00:00,A,0.22578302,-1.3993657,True,16,False,False
2021-07-28 17:00:00,A,0.47403574,-1.4294668,True,17,True,False
2021-07-28 18:00:00,A,0.5249467,-1.2228569,True,18,True,False
2021-07-28 19:00:00,A,0.76892495,-1.1496849,True,19,False,False
2021-07-28 20:00:00,A,0.7664064,-1.0730058,True,20,False,False
2021-07-28 21:00:00,A,0.9743086,-1.0396564,True,21,False,False
2021-07-28 22:00:00,A,0.84939235,-0.90959215,True,22,False,False
2021-07-28 23:00:00,A,0.8578639,-0.92354465,True,23,False,False
2021-07-29 00:00:00,A,0.67454904,-0.9532459,True,0,False,False
2021-07-29 01:00:00,A,0.8452372,-1.0095037,True,1,False,False
2021-07-29 02:00:00,A,0.90056324,-0.85878253,True,2,False,False
2021-07-29 03:00:00,A,1.127079,-0.81888103,True,3,False,False
2021-07-29 04:00:00,A,1.1321986,-0.73284805,True,4,False,False
2021-07-29 05:00:00,A,1.3291757,-0.6448918,True,5,False,False
2021-07-29 06:00:00,A,1.2530122,-0.43348676,True,6,False,False
2021-07-29 07:00:00,A,1.4150426,-0.47966385,True,7,False,False
2021-07-29 08:00:00,A,1.4272037,-0.34841347,True,8,True,False
2021-07-29 09:00:00,A,1.6828816,-0.39559984,True,9,True,False
2021-07-29 10:00:00,A,1.7739947,-0.20559466,True,10,True,False
2021-07-29 11:00:00,A,2.035437,-0.10897303,True,11,True,False
2021-07-29 12:00:00,A,2.0731523,-0.071792245,True,12,False,False
2021-07-29 13:00:00,A,2.2608266,0.062168002,True,13,True,False
2021-07-29 14:00:00,A,2.189905,0.2269789,True,14,True,False
2021-07-29 15:00:00,A,2.304388,0.20343173,True,15,False,False
2021-07-29 16:00:00,A,2.1156929,0.17670262,True,16,False,False
2021-07-29 17:00:00,A,2.2419581,0.106710315,True,17,False,False
2021-07-29 18:00:00,A,2.331529,0.3559085,True,18,False,False
2021-07-29 19:00:00,A,2.596478,0.47544038,True,19,False,False
2021-07-29 20:00:00,A,2.618893,0.57219446,True,20,False,False
2021-07-29 21:00:00,A,2.804997,0.68686736,True,21,False,False
2021-07-29 22:00:00,A,2.7885854,0.92170155,True,22,False,False
2021-07-29 23:00:00,A,2.8499858,0.9232346,True,23,False,False
2021-07-30 00:00:00,A,2.8207045,0.99662936,True,0,False,False
2021-07-30 01:00:00,A,3.0469217,0.9388422,True,1,False,False
2021-07-30 02:00:00,A,3.1407044,1.1738082,True,2,False,False
2021-07-30 03:00:00,A,3.346167,1.1603342,True,3,False,False
2021-07-30 04:00:00,A,3.3625305,1.1399988,True,4,False,False
2021-07-30 05:00:00,A,3.5505931,1.2449638,True,5,False,False
2021-07-30 06:00:00,A,3.437234,1.4426242,True,6,False,False
2021-07-30 07:00:00,A,3.562748,1.4023134,True,7,False,False
2021-07-30 08:00:00,A,3.3545094,1.356063,True,8,True,False
2021-07-30 09:00:00,A,3.4469755,1.2149678,True,9,True,False
2021-07-30 10:00:00,A,3.5339084,1.3625389,True,10,True,False
2021-07-30 11:00:00,A,3.6613903,1.3830487,True,11,True,False
2021-07-30 12:00:00,A,3.4872415,1.3558458,True,12,False,False
2021-07-30 13:00:00,A,3.6545458,1.3833753,True,13,True,False
2021-07-30 14:00:00,A,3.5561457,1.4705673,True,14,True,False
2021-07-30 15:00:00,A,3.5656495,1.4174408,True,15,True,False
2021-07-30 16:00:00,A,3.3616047,1.3488423,True,16,False,False
2021-07-30 17:00:00,A,3.4593325,1.1659337,True,17,True,False
2021-07-30 18:00:00,A,3.4637704,1.3256727,True,18,True,False
2021-07-30 19:00:00,A,3.520339,1.303595,True,19,False,False
2021-07-30 20:00:00,A,3.5057259,1.2357715,True,20,False,False
2021-07-30 21:00:00,A,3.535536,1.3350686,True,21,False,False
2021-07-30 22:00:00,A,3.3174493,1.519436,True,22,False,False
2021-07-30 23:00:00,A,3.353026,1.453678,True,23,False,False
2021-07-31 00:00:00,A,3.1749887,1.3606149,False,0,False,False
2021-07-31 01:00:00,A,3.4305296,1.337943,False,1,False,False
2021-07-31 02:00:00,A,3.4226909,2.0439315,False,2,False,False
2021-07-31 03:00:00,A,3.557283,2.0684543,False,3,False,False
2021-07-31 04:00:00,A,3.2712293,2.327167,False,4,False,False
2021-07-31 05:00:00,A,3.4142478,2.384118,False,5,False,False
2021-07-31 06:00:00,A,2.9068134,2.9890394,False,6,False,False
2021-07-31 07:00:00,A,2.6105886,3.3849602,False,7,False,False
2021-07-31 08:00:00,A,1.757055,3.6519413,False,8,False,False
2021-07-31 09:00:00,A,2.1199079,2.8601642,False,9,False,False
2021-07-31 10:00:00,A,1.9578991,2.8707438,False,10,False,False
2021-07-31 11:00:00,A,1.8012049,2.5980396,False,11,False,False
2021-07-31 12:00:00,A,1.5692446,2.4085646,False,12,False,False
2021-07-31 13:00:00,A,1.623198,2.1840692,False,13,False,False
2021-07-31 14:00:00,A,1.3173974,2.3578992,False,14,False,False
2021-07-31 15:00:00,A,1.6223273,1.830536,False,15,False,False
2021-07-31 16:00:00,A,1.4314775,1.5723897,False,16,False,False
2021-07-31 17:00:00,A,1.3290744,1.3323613,False,17,False,False
2021-07-31 18:00:00,A,1.3474257,1.4029838,False,18,False,False
2021-07-31 19:00:00,A,1.7173781,0.7746242,False,19,False,False
2021-07-31 20:00:00,A,1.28947,1.1411964,False,20,False,False
2021-07-31 21:00:00,A,1.5318851,1.052034,False,21,False,False
2021-07-31 22:00:00,A,1.571995,0.96863973,False,22,False,False
2021-07-31 23:00:00,A,1.4571772,1.1735977,False,23,False,False
2021-08-01 00:00:00,A,0.59948343,1.4383003,False,0,False,False
2021-08-01 01:00:00,A,1.0179268,0.8243364,False,1,False,False
2021-08-01 02:00:00,A,1.0271225,0.8121017,False,2,False,False
2021-08-01 03:00:00,A,0.63311094,0.7984092,False,3,False,False
2021-08-01 04:00:00,A,0.5001709,0.6458932,False,4,False,False
2021-08-01 05:00:00,A,0.6496138,0.47558367,False,5,False,False
2021-08-01 06:00:00,A,0.5772004,0.5815817,False,6,False,False
2021-08-01 07:00:00,A,0.54107356,0.40479147,False,7,False,False
2021-08-01 08:00:00,A,0.45051968,0.18072939,False,8,False,False
2021-08-01 09:00:00,A,0.46381164,-0.18573058,False,9,False,False
2021-08-01 10:00:00,A,0.34660983,-0.13030553,False,10,False,False
2021-08-01 11:00:00,A,0.35134712,-0.37429208,False,11,False,False
2021-08-01 12:00:00,A,0.041763335,-0.21364415,False,12,False,False
2021-08-01 13:00:00,A,0.3223067,-0.39997363,False,13,False,False
2021-08-01 14:00:00,A,0.10444364,-0.2630784,False,14,False,False
2021-08-01 15:00:00,A,-0.018068254,-0.21917033,False,15,False,False
2021-08-01 16:00:00,A,-0.7403285,-0.11944115,False,16,False,False
2021-08-01 17:00:00,A,-0.2835319,-0.71471184,False,17,False,False
2021-08-01 18:00:00,A,-0.64338297,-0.5032151,False,18,False,False
2021-08-01 19:00:00,A,-0.9657075,-0.6266025,False,19,False,False
2021-08-01 20:00:00,A,-0.99258536,-0.8039453,False,20,False,False
2021-08-01 21:00:00,A,-0.92194146,-0.9436546,False,21,False,False
2021-08-01 22:00:00,A,-1.1057446,-0.8702896,False,22,False,False
2021-08-01 23:00:00,A,-1.0025034,-1.0979024,False,23,False,False
2021-08-02 00:00:00,A,-0.95922595,-1.3112906,False,0,False,False
2021-08-02 01:00:00,A,-0.991967,-1.550065,False,1,False,False
2021-08-02 02:00:00,A,-1.1574986,-1.5014683,False,2,False,False
2021-08-02 03:00:00,A,-1.0345404,-1.7118428,False,3,False,False
2021-08-02 04:00:00,A,-1.0316732,-1.7481322,False,4,False,False
2021-08-02 05:00:00,A,-1.1221757,-1.719531,False,5,False,False
2021-08-02 06:00:00,A,-1.2882645,-1.622433,False,6,False,False
2021-08-02 07:00:00,A,-1.184571,-1.6784655,False,7,False,False
2021-08-02 08:00:00,A,-3.392323,-0.46090835,False,8,False,False
2021-08-02 09:00:00,A,-3.2159572,-0.40081817,False,9,False,False
2021-08-02 10:00:00,A,-3.5814495,-0.14359963,False,10,False,False
2021-08-02 11:00:00,A,-3.7301497,-0.2982478,False,11,False,False
2021-08-02 12:00:00,A,-4.126053,0.020418763,False,12,False,False
2021-08-02 13:00:00,A,-3.9925127,-0.24219841,False,13,False,False
2021-08-02 14:00:00,A,-4.575087,-0.15672475,False,14,False,False
2021-08-02 15:00:00,A,-4.18544,-0.6420876,False,15,False,False
2021-08-02 16:00:00,A,-4.3543334,-0.2458427,False,16,False,False
2021-08-02 17:00:00,A,-4.9127073,-0.77707857,False,17,False,False
2021-08-02 18:00:00,A,-4.5344214,-1.3677495,False,18,False,False
2021-08-02 19:00:00,A,-4.485675,-1.3019289,False,19,False,False
2021-08-02 20:00:00,A,-5.1407676,-0.71165586,False,20,False,False
2021-08-02 21:00:00,A,-5.2095947,-1.0361729,False,21,False,False
2021-08-02 22:00:00,A,-5.166842,-0.8812888,False,22,False,False
2021-08-02 23:00:00,A,-5.1327972,-0.82293785,False,23,False,False
2021-08-03 00:00:00,A,-5.8833637,-1.5677047,False,0,False,False
2021-08-03 01:00:00,A,-5.3362503,-1.9397233,False,1,False,False
2021-08-03 02:00:00,A,-5.3776493,-1.802912,False,2,False,False
2021-08-03 03:00:00,A,-5.7587833,-1.6751654,False,3,False,False
2021-08-03 04:00:00,A,-6.1833878,-1.2560567,False,4,False,False
2021-08-03 05:00:00,A,-5.821181,-1.4639887,False,5,False,False
2021-08-03 06:00:00,A,-6.272609,-1.2938013,False,6,False,False
2021-08-03 07:00:00,A,-6.000845,-1.5652547,False,7,False,False
2021-08-03 08:00:00,A,-6.6413765,-1.0867255,False,8,False,False
2021-08-03 09:00:00,A,-7.115188,-1.6560731,False,9,False,False
2021-08-03 10:00:00,A,-6.911601,-1.7241783,False,10,False,False
2021-08-03 11:00:00,A,-6.795848,-1.4002886,False,11,False,False
2021-08-03 12:00:00,A,-7.0764737,-1.1289467,False,12,False,False
2021-08-03 13:00:00,A,-7.1372433,-0.87374794,False,13,False,False
2021-08-03 14:00:00,A,-7.2294607,-0.9582713,False,14,False,False
2021-08-03 15:00:00,A,-7.294979,-0.80358505,False,15,False,False
2021-08-03 16:00:00,A,-7.790844,-1.6575756,False,16,False,False
2021-08-03 17:00:00,A,-7.6625834,-2.139219,False,17,False,False
2021-08-03 18:00:00,A,-7.6381464,-2.1797616,False,18,False,False
2021-08-03 19:00:00,A,-7.7663527,-2.4788222,False,19,False,False
2021-08-03 20:00:00,A,-7.8148317,-2.147686,False,20,False,False
2021-08-03 21:00:00,A,-7.8314276,-2.1650066,False,21,False,False
2021-08-03 22:00:00,A,-8.017937,-2.3949723,False,22,False,False
2021-08-03 23:00:00,A,-7.775324,-2.5818198,False,23,False,False
2021-08-04 00:00:00,A,-8.034566,-2.2295198,False,0,False,False
2021-08-04 01:00:00,A,-7.593852,-3.0026631,False,1,False,False
2021-08-04 02:00:00,A,-6.974619,-3.5734682,False,2,False,False
2021-08-04 03:00:00,A,-6.9867325,-3.198639,False,3,False,False
2021-08-04 04:00:00,A,-7.2500525,-2.8244548,False,4,False,False
2021-08-04 05:00:00,A,-6.9273252,-3.009149,False,5,False,False
2021-08-04 06:00:00,A,-6.860796,-3.1683707,False,6,False,False
2021-08-04 07:00:00,A,-7.452491,-2.3834646,False,7,False,False
2021-08-04 08:00:00,A,-6.592024,-3.651363,False,8,False,False
2021-08-04 09:00:00,A,-6.535399,-3.9011908,False,9,False,False
2021-08-04 10:00:00,A,-6.579254,-3.8843646,False,10,False,False
2021-08-04 11:00:00,A,-6.8631234,-3.6089764,False,11,False,False
2021-08-04 12:00:00,A,-6.675639,-3.6189198,False,12,False,False
2021-08-04 13:00:00,A,-6.873244,-3.5531173,False,13,False,False
2021-08-04 14:00:00,A,-7.4809914,-2.9304068,False,14,False,False
2021-08-04 15:00:00,A,-7.09346,-3.2755446,False,15,False,False
2021-08-04 16:00:00,A,-6.9986806,-3.3451633,False,16,False,False
2021-08-04 17:00:00,A,-6.6141644,-3.8581772,False,17,False,False
2021-08-04 18:00:00,A,-7.0148897,-3.2624235,False,18,False,False
2021-08-04 19:00:00,A,-6.734746,-3.137291,False,19,False,False
2021-08-04 20:00:00,A,-6.460316,-3.2404647,False,20,False,False
2021-08-04 21:00:00,A,-6.558443,-2.83391,False,21,False,False
2021-08-04 22:00:00,A,-7.5060625,-2.0483217,False,22,False,False
2021-08-04 23:00:00,A,-6.9133344,-2.9185567,False,23,False,False
2021-08-05 00:00:00,A,-6.425408,-3.7207503,False,0,False,False
2021-08-05 01:00:00,A,-6.5658,-3.5160065,False,1,False,False
2021-08-05 02:00:00,A,-6.672222,-3.5133433,False,2,False,False
2021-08-05 03:00:00,A,-6.5292997,-3.4750285,False,3,False,False
2021-08-05 04:00:00,A,-6.5108423,-3.433864,False,4,False,False
2021-08-05 05:00:00,A,-7.443442,-2.6752634,False,5,False,False
2021-08-05 06:00:00,A,-7.1727066,-2.7580624,False,6,False,False
2021-08-05 07:00:00,A,-6.8896685,-3.1287785,False,7,False,False
2021-08-05 08:00:00,A,-6.4636497,-3.4025211,False,8,False,False
2021-08-05 09:00:00,A,-6.263766,-3.8760839,False,9,False,False
2021-08-05 10:00:00,A,-6.2310047,-3.5405521,False,10,False,False
2021-08-05 11:00:00,A,-6.35221,-3.2771692,False,11,False,False
2021-08-05 12:00:00,A,-6.4679193,-3.1002965,False,12,False,False
2021-08-05 13:00:00,A,-6.483376,-2.9325051,False,13,False,False
2021-08-05 14:00:00,A,-6.5907774,-2.944406,False,14,False,False
2021-08-05 15:00:00,A,-6.4485965,-3.397274,False,15,False,False
2021-08-05 16:00:00,A,-6.218211,-3.705123,False,16,False,False
2021-08-05 17:00:00,A,-6.1939917,-3.6347551,False,17,False,False
2021-08-05 18:00:00,A,-6.084804,-3.9059148,False,18,False,False
2021-08-05 19:00:00,A,-6.005864,-3.8205252,False,19,False,False
2021-08-05 20:00:00,A,-6.1968193,-3.4501352,False,20,False,False
2021-08-05 21:00:00,A,-6.4489565,-3.4306083,False,21,False,False
2021-08-05 22:00:00,A,-6.534315,-3.4148889,False,22,False,False
2021-08-05 23:00:00,A,-6.6494384,-3.3378243,False,23,False,False
2021-08-06 00:00:00,A,-6.9646225,-2.945887,False,0,False,False
2021-08-06 01:00:00,A,-6.429984,-3.4458275,False,1,False,False
2021-08-06 02:00:00,A,-6.1765757,-3.2478452,False,2,False,False
2021-08-06 03:00:00,A,-6.2878246,-2.970116,False,3,False,False
2021-08-06 04:00:00,A,-6.3594913,-2.8156543,False,4,False,False
2021-08-06 05:00:00,A,-6.4626684,-2.5834737,False,5,False,False
2021-08-06 06:00:00,A,-6.586706,-2.6370096,False,6,False,False
2021-08-06 07:00:00,A,-6.660807,-2.992133,False,7,False,False
2021-08-06 08:00:00,A,-5.973339,-3.6077623,False,8,False,False
2021-08-06 09:00:00,A,-5.9037037,-3.6132555,False,9,False,False
2021-08-06 10:00:00,A,-5.6539927,-3.950583,False,10,False,False
2021-08-06 11:00:00,A,-5.7134643,-3.9397335,False,11,False,False
2021-08-06 12:00:00,A,-5.973536,-3.5425663,False,12,False,False
2021-08-06 13:00:00,A,-6.248932,-3.539114,False,13,False,False
2021-08-06 14:00:00,A,-6.139129,-3.7223172,False,14,False,False
2021-08-06 15:00:00,A,-6.3463097,-3.7357006,False,15,False,False
2021-08-06 16:00:00,A,-5.978402,-3.8119407,False,16,False,False
2021-08-06 17:00:00,A,-5.8516917,-4.0273886,False,17,False,False
2021-08-06 18:00:00,A,-5.8876495,-3.7822552,False,18,False,False
2021-08-06 19:00:00,A,-5.8927994,-3.6686988,False,19,False,False
2021-08-06 20:00:00,A,-5.732254,-3.5937824,False,20,False,False
2021-08-06 21:00:00,A,-5.7180457,-3.2851357,False,21,False,False
2021-08-06 22:00:00,A,-6.3027477,-3.2876177,False,22,False,False
2021-08-06 23:00:00,A,-6.350506,-3.3597589,False,23,False,False
2021-08-07 00:00:00,A,-5.968275,-3.6432343,False,0,False,False
2021-08-07 01:00:00,A,-6.298523,-3.2778535,False,1,False,False
2021-08-07 02:00:00,A,-6.114049,-3.6753263,False,2,False,False
2021-08-07 03:00:00,A,-6.1422777,-3.592153,False,3,False,False
2021-08-07 04:00:00,A,-6.172476,-3.371889,False,4,False,False
2021-08-07 05:00:00,A,-6.4880013,-3.2953944,False,5,False,False
2021-08-07 06:00:00,A,-6.5336475,-3.4133315,False,6,False,False
2021-08-07 07:00:00,A,-6.5718813,-3.5159688,False,7,False,False
2021-08-07 08:00:00,A,-6.499364,-3.5104833,False,8,False,False
2021-08-07 09:00:00,A,-6.642662,-3.7414742,False,9,False,False
2021-08-07 10:00:00,A,-6.3987904,-3.7187424,False,10,False,False
2021-08-07 11:00:00,A,-6.419344,-3.6570692,False,11,False,False
2021-08-07 12:00:00,A,-6.075229,-3.6756697,False,12,False,False
2021-08-07 13:00:00,A,-6.209388,-3.7426476,False,13,False,False
2021-08-07 14:00:00,A,-6.2303333,-3.613986,False,14,False,False
2021-08-07 15:00:00,A,-6.28263,-3.5655308,False,15,False,False
2021-08-07 16:00:00,A,-5.957444,-3.8457026,False,16,False,False
2021-08-07 17:00:00,A,-6.368281,-3.599389,False,17,False,False
2021-08-07 18:00:00,A,-5.988495,-3.9338236,False,18,False,False
2021-08-07 19:00:00,A,-6.008131,-3.8617377,False,19,False,False
2021-08-07 20:00:00,A,-6.328786,-3.5792084,False,20,False,False
2021-08-07 21:00:00,A,-6.773863,-3.5665164,False,21,False,False
2021-08-07 22:00:00,A,-6.6356735,-3.6356735,False,22,False,False
2021-08-07 23:00:00,A,-6.571643,-3.7596555,False,23,False,False
2021-08-08 00:00:00,A,-6.621415,-3.6199074,False,0,False,False
2021-08-08 01:00:00,A,-6.4068613,-3.9022045,False,1,False,False
2021-08-08 02:00:00,A,-6.1969347,-3.8764129,False,2,False,False
2021-08-08 03:00:00,A,-6.3638897,-3.783701,False,3,False,False
2021-08-08 04:00:00,A,-6.2040963,-3.823646,False,4,False,False
2021-08-08 05:00:00,A,-6.0249815,-3.9271502,False,5,False,False
2021-08-08 06:00:00,A,-6.2249537,-3.676962,False,6,False,False
2021-08-08 07:00:00,A,-6.279227,-3.7729135,False,7,False,False
2021-08-08 08:00:00,A,-6.2934523,-3.912356,False,8,False,False
2021-08-08 09:00:00,A,-5.8529687,-4.0135317,False,9,False,False
2021-08-08 10:00:00,A,-5.706579,-4.119517,False,10,False,False
2021-08-08 11:00:00,A,-6.0230455,-4.087276,False,11,False,False
2021-08-08 12:00:00,A,-5.6589127,-4.0898166,False,12,False,False
2021-08-08 13:00:00,A,-5.9995193,-4.0126295,False,13,False,False
2021-08-08 14:00:00,A,-5.9450245,-4.037488,False,14,False,False
2021-08-08 15:00:00,A,-6.139341,-4.05687,False,15,False,False
2021-08-08 16:00:00,A,-5.874819,-4.0376816,False,16,False,False
2021-08-08 17:00:00,A,-5.653368,-4.202942,False,17,False,False
2021-08-08 18:00:00,A,-5.6745043,-4.157374,False,18,False,False
2021-08-08 19:00:00,A,-5.841958,-4.2057567,False,19,False,False
2021-08-08 20:00:00,A,-5.506757,-4.230593,False,20,False,False
2021-08-08 21:00:00,A,-5.5280576,-4.20013,False,21,False,False
2021-08-08 22:00:00,A,-5.836567,-4.133553,False,22,False,False
2021-08-08 23:00:00,A,-5.7397747,-4.2101693,False,23,False,False
2021-08-09 00:00:00,A,-5.543647,-4.307008,True,0,False,False
2021-08-09 01:00:00,A,-5.505501,-4.1860094,True,1,False,False
2021-08-09 02:00:00,A,-5.43898,-4.262459,True,2,False,False
2021-08-09 03:00:00,A,-5.4363904,-4.269879,True,3,False,False
2021-08-09 04:00:00,A,-5.466014,-4.0702972,True,4,False,False
2021-08-09 05:00:00,A,-5.5772724,-4.052588,True,5,False,False
2021-08-09 06:00:00,A,-5.723913,-3.9941921,True,6,False,False
2021-08-09 07:00:00,A,-5.4728193,-4.208897,True,7,False,False
2021-08-09 08:00:00,A,-6.146506,-3.654027,True,8,True,False
2021-08-09 09:00:00,A,-6.2940807,-3.4225616,True,9,True,False
2021-08-09 10:00:00,A,-6.0087867,-3.3026223,True,10,True,False
2021-08-09 11:00:00,A,-6.005825,-2.9473972,True,11,True,False
2021-08-09 12:00:00,A,-5.763139,-2.8623958,True,12,False,False
2021-08-09 13:00:00,A,-5.3910394,-2.9399576,True,13,True,False
2021-08-09 14:00:00,A,-5.1541777,-2.8640008,True,14,True,False
2021-08-09 15:00:00,A,-5.1336136,-2.8909273,True,15,False,False
2021-08-09 16:00:00,A,-4.9073153,-2.9555469,True,16,True,False
2021-08-09 17:00:00,A,-4.807453,-2.868526,True,17,False,False
2021-08-09 18:00:00,A,-4.687325,-2.8221102,True,18,False,False
2021-08-09 19:00:00,A,-5.0307617,-2.856413,True,19,False,False
2021-08-09 20:00:00,A,-5.2382503,-2.757351,True,20,False,False
2021-08-09 21:00:00,A,-4.489436,-2.590301,True,21,False,False
2021-08-09 22:00:00,A,-4.358142,-2.5927649,True,22,False,False
2021-08-09 23:00:00,A,-4.046313,-2.7351074,True,23,False,False
2021-08-10 00:00:00,A,-4.093979,-2.815145,True,0,False,False
2021-08-10 01:00:00,A,-4.158577,-2.7824168,True,1,False,False
2021-08-10 02:00:00,A,-3.9536877,-2.7143683,True,2,False,False
2021-08-10 03:00:00,A,-3.9164295,-2.533084,True,3,False,False
2021-08-10 04:00:00,A,-3.7649302,-2.4421995,True,4,False,False
2021-08-10 05:00:00,A,-3.4522927,-2.485115,True,5,False,False
2021-08-10 06:00:00,A,-3.352475,-2.348394,True,6,False,False
2021-08-10 07:00:00,A,-3.2350774,-2.3944502,True,7,False,False
2021-08-10 08:00:00,A,-3.164102,-2.4138122,True,8,True,False
2021-08-10 09:00:00,A,-2.9565182,-2.4213948,True,9,True,False
2021-08-10 10:00:00,A,-2.83208,-2.4305835,True,10,True,False
2021-08-10 11:00:00,A,-2.615868,-2.33077,True,11,True,False
2021-08-10 12:00:00,A,-2.4227371,-2.429844,True,12,False,False
2021-08-10 13:00:00,A,-2.277518,-2.2599516,True,13,True,False
2021-08-10 14:00:00,A,-2.1501029,-2.2366066,True,14,False,False
2021-08-10 15:00:00,A,-1.9602671,-2.3800116,True,15,False,False
2021-08-10 16:00:00,A,-1.9984331,-2.4013171,True,16,False,False
2021-08-10 17:00:00,A,-1.9242525,-2.3890247,True,17,False,False
2021-08-10 18:00:00,A,-1.7295332,-2.361385,True,18,False,False
2021-08-10 19:00:00,A,-1.5533609,-2.2151585,True,19,False,False
2021-08-10 20:00:00,A,-1.5045092,-2.1702924,True,20,False,False
2021-08-10 21:00:00,A,-1.2230604,-2.1277857,True,21,False,False
2021-08-10 22:00:00,A,-1.157249,-2.051459,True,22,False,False
2021-08-10 23:00:00,A,-1.1300378,-2.0832238,True,23,False,False
2021-08-11 00:00:00,A,-1.0577543,-2.075666,True,0,False,False
2021-08-11 01:00:00,A,-0.93113536,-1.9799614,True,1,False,False
2021-08-11 02:00:00,A,-0.7811181,-1.9874595,True,2,False,False
2021-08-11 03:00:00,A,-0.663829,-1.942617,True,3,False,False
2021-08-11 04:00:00,A,-0.6422606,-1.9638736,True,4,False,False
2021-08-11 05:00:00,A,-0.44432437,-1.8415666,True,5,False,False
2021-08-11 06:00:00,A,-0.3266942,-1.8719121,True,6,False,False
2021-08-11 07:00:00,A,-0.2943222,-1.8361664,True,7,False,False
2021-08-11 08:00:00,A,-0.2633025,-1.9006618,True,8,True,False
2021-08-11 09:00:00,A,-0.15216738,-1.8039141,True,9,True,False
2021-08-11 10:00:00,A,0.06198263,-1.7492622,True,10,True,False
2021-08-11 11:00:00,A,0.2612431,-1.5890648,True,11,True,False
2021-08-11 12:00:00,A,0.31264752,-1.4698609,True,12,False,False
2021-08-11 13:00:00,A,0.5632697,-1.3853626,True,13,True,False
2021-08-11 14:00:00,A,0.62167674,-1.2299323,True,14,True,False
2021-08-11 15:00:00,A,0.7120192,-1.1992457,True,15,False,False
2021-08-11 16:00:00,A,0.7294309,-1.1826718,True,16,True,False
2021-08-11 17:00:00,A,0.873114,-1.0662769,True,17,False,False
2021-08-11 18:00:00,A,1.0085942,-1.0010536,True,18,True,False
2021-08-11 19:00:00,A,1.0718006,-0.82143354,True,19,False,False
2021-08-11 20:00:00,A,1.0830495,-0.84286404,True,20,False,False
2021-08-11 21:00:00,A,1.3255706,-0.710891,True,21,False,False
2021-08-11 22:00:00,A,1.3431101,-0.66953933,True,22,False,False
2021-08-11 23:00:00,A,1.2699721,-0.5940198,True,23,False,False
2021-08-12 00:00:00,A,1.3145022,-0.73303384,True,0,False,False
2021-08-12 01:00:00,A,1.335052,-0.63530165,True,1,False,False
2021-08-12 02:00:00,A,1.4973722,-0.6050973,True,2,False,False
2021-08-12 03:00:00,A,1.6918299,-0.5174646,True,3,False,False
2021-08-12 04:00:00,A,1.6462297,-0.46698308,True,4,False,False
2021-08-12 05:00:00,A,1.8700564,-0.3511737,True,5,False,False
2021-08-12 06:00:00,A,1.880753,-0.25221562,True,6,False,False
2021-08-12 07:00:00,A,1.9506862,-0.24248719,True,7,False,False
2021-08-12 08:00:00,A,1.9890156,-0.2651534,True,8,True,False
2021-08-12 09:00:00,A,2.1663096,-0.14487159,True,9,True,False
2021-08-12 10:00:00,A,2.2895064,-0.05942595,True,10,False,False
2021-08-12 11:00:00,A,2.4132683,0.09230721,True,11,True,False
2021-08-12 12:00:00,A,2.459314,0.07682097,True,12,False,False
2021-08-12 13:00:00,A,2.6812668,0.24953258,True,13,True,False
2021-08-12 14:00:00,A,2.7082443,0.31409633,True,14,True,False
2021-08-12 15:00:00,A,2.7310767,0.3496648,True,15,True,False
2021-08-12 16:00:00,A,2.6805294,0.26005793,True,16,False,False
2021-08-12 17:00:00,A,2.8000426,0.30773962,True,17,False,False
2021-08-12 18:00:00,A,2.9498777,0.41814005,True,18,False,False
2021-08-12 19:00:00,A,3.1972518,0.5498849,True,19,False,False
2021-08-12 20:00:00,A,3.150038,0.7091507,True,20,False,False
2021-08-12 21:00:00,A,3.3843436,0.80657494,True,21,False,False
2021-08-12 22:00:00,A,3.389935,0.924543,True,22,False,False
2021-08-12 23:00:00,A,3.4351902,0.9272729,True,23,False,False
2021-08-13 00:00:00,A,3.4228845,0.892974,True,0,False,False
2021-08-13 01:00:00,A,3.5719616,0.9935669,True,1,False,False
2021-08-13 02:00:00,A,3.6439629,1.0459923,True,2,False,False
2021-08-13 03:00:00,A,3.7668123,1.1596266,True,3,False,False
2021-08-13 04:00:00,A,3.713078,1.114092,True,4,False,False
2021-08-13 05:00:00,A,3.9303973,1.2011524,True,5,False,False
2021-08-13 06:00:00,A,3.9103134,1.2636272,True,6,False,False
2021-08-13 07:00:00,A,3.9566,1.2843016,True,7,False,False
2021-08-13 08:00:00,A,3.8763661,1.1805092,True,8,True,False
2021-08-13 09:00:00,A,3.9369078,1.1597427,True,9,True,False
2021-08-13 10:00:00,A,4.022848,1.1949242,True,10,True,False
2021-08-13 11:00:00,A,4.147767,1.2090002,True,11,True,False
2021-08-13 12:00:00,A,3.9861479,1.2106653,True,12,False,False
2021-08-13 13:00:00,A,4.1069093,1.2372602,True,13,True,False
2021-08-13 14:00:00,A,4.04352,1.2580053,True,14,True,False
2021-08-13 15:00:00,A,4.0386634,1.2397705,True,15,True,False
2021-08-13 16:00:00,A,3.9031963,1.1350592,True,16,False,False
2021-08-13 17:00:00,A,3.9438353,1.1363591,True,17,False,False
2021-08-13 18:00:00,A,3.9521751,1.1620482,True,18,False,False
2021-08-13 19:00:00,A,4.046275,1.1944963,True,19,False,False
2021-08-13 20:00:00,A,3.9167361,1.0992216,True,20,False,False
2021-08-13 21:00:00,A,4.0535245,1.1423026,True,21,False,False
2021-08-13 22:00:00,A,4.008835,1.1781367,True,22,False,False
2021-08-13 23:00:00,A,3.9940395,1.2025529,True,23,False,False
2021-08-14 00:00:00,A,3.8959565,1.0954362,False,0,False,False
2021-08-14 01:00:00,A,3.947074,1.0916492,False,1,False,False
2021-08-14 02:00:00,A,3.991109,1.1488572,False,2,False,False
2021-08-14 03:00:00,A,4.1174917,1.1524411,False,3,False,False
2021-08-14 04:00:00,A,3.9601884,1.1598529,False,4,False,False
2021-08-14 05:00:00,A,4.075698,1.2034389,False,5,False,False
2021-08-14 06:00:00,A,4.018237,1.2297384,False,6,False,False
2021-08-14 07:00:00,A,3.9882762,1.2102457,False,7,False,False
2021-08-14 08:00:00,A,3.8316174,1.1419839,False,8,False,False
2021-08-14 09:00:00,A,3.771865,1.1048323,False,9,False,False
2021-08-14 10:00:00,A,3.6329546,1.0403925,False,10,False,False
2021-08-14 11:00:00,A,3.5438151,0.9315907,False,11,False,False
2021-08-14 12:00:00,A,3.259637,0.7765895,False,12,False,False
2021-08-14 13:00:00,A,3.3401818,0.64753187,False,13,False,False
2021-08-14 14:00:00,A,3.1865783,0.6054894,False,14,False,False
2021-08-14 15:00:00,A,3.05448,0.52006376,False,15,False,False
2021-08-14 16:00:00,A,2.8575387,0.37520754,False,16,False,False
2021-08-14 17:00:00,A,2.8788676,0.33651495,False,17,False,False
2021-08-14 18:00:00,A,2.8038163,0.2623316,False,18,False,False
2021-08-14 19:00:00,A,2.827118,0.18594551,False,19,False,False
2021-08-14 20:00:00,A,2.6299386,0.08597517,False,20,False,False
2021-08-14 21:00:00,A,2.645798,0.066731334,False,21,False,False
2021-08-14 22:00:00,A,2.542044,0.061849713,False,22,False,False
2021-08-14 23:00:00,A,2.4956703,-0.03500831,False,23,False,False
2021-08-15 00:00:00,A,2.3124077,-0.12996995,False,0,False,False
2021-08-15 01:00:00,A,2.3726976,-0.1449902,False,1,False,False
2021-08-15 02:00:00,A,2.3303392,-0.12693548,False,2,False,False
2021-08-15 03:00:00,A,2.248592,-0.17753851,False,3,False,False
2021-08-15 04:00:00,A,2.027616,-0.3113637,False,4,False,False
2021-08-15 05:00:00,A,2.0670316,-0.3761903,False,5,False,False
2021-08-15 06:00:00,A,1.9748154,-0.4276008,False,6,False,False
2021-08-15 07:00:00,A,1.8777597,-0.49659908,False,7,False,False
2021-08-15 08:00:00,A,1.7263005,-0.58886915,False,8,False,False
2021-08-15 09:00:00,A,1.7400372,-0.6254489,False,9,False,False
2021-08-15 10:00:00,A,1.6364095,-0.69294393,False,10,False,False
2021-08-15 11:00:00,A,1.609375,-0.78424907,False,11,False,False
2021-08-15 12:00:00,A,1.4064204,-0.8729137,False,12,False,False
2021-08-15 13:00:00,A,1.44806,-0.9492766,False,13,False,False
2021-08-15 14:00:00,A,1.286386,-0.9869871,False,14,False,False
2021-08-15 15:00:00,A,1.1815753,-1.1031586,False,15,False,False
2021-08-15 16:00:00,A,1.0519683,-1.2146469,False,16,False,False
2021-08-15 17:00:00,A,1.0680361,-1.295714,False,17,False,False
2021-08-15 18:00:00,A,0.9796581,-1.329618,False,18,False,False
2021-08-15 19:00:00,A,0.8543494,-1.4355918,False,19,False,False
2021-08-15 20:00:00,A,0.7295071,-1.5828677,False,20,False,False
2021-08-15 21:00:00,A,0.70388144,-1.6477553,False,21,False,False
2021-08-15 22:00:00,A,0.50601685,-1.6870806,False,22,False,False
2021-08-15 23:00:00,A,0.5138649,-1.7908022,False,23,False,False
2021-08-16 00:00:00,A,0.4138126,-1.8227901,True,0,False,False
2021-08-16 01:00:00,A,0.45418948,-1.8625143,True,1,False,False
2021-08-16 02:00:00,A,0.3783937,-1.8895733,True,2,False,False
2021-08-16 03:00:00,A,0.4070733,-1.9217256,True,3,False,False
2021-08-16 04:00:00,A,0.30321237,-1.9901042,True,4,False,False
2021-08-16 05:00:00,A,0.23401573,-2.0658407,True,5,False,False
2021-08-16 06:00:00,A,0.1364688,-2.097682,True,6,False,False
2021-08-16 07:00:00,A,0.09281823,-2.1455545,True,7,False,False
2021-08-16 08:00:00,A,-0.07684654,-2.225626,True,8,False,False
2021-08-16 09:00:00,A,-0.055936098,-2.2598376,True,9,True,False
2021-08-16 10:00:00,A,-0.025050819,-2.1735234,True,10,False,False
2021-08-16 11:00:00,A,-0.12286782,-2.0172734,True,11,False,False
2021-08-16 12:00:00,A,-0.1797167,-1.8419653,True,12,False,False
2021-08-16 13:00:00,A,-0.16518235,-1.7867546,True,13,False,False
2021-08-16 14:00:00,A,-0.42587763,-1.7550685,True,14,False,False
2021-08-16 15:00:00,A,-0.4148326,-1.7759209,True,15,False,False
2021-08-16 16:00:00,A,-0.49166828,-1.5637045,True,16,False,False
2021-08-16 17:00:00,A,-0.805391,-1.2320261,True,17,False,False
2021-08-16 18:00:00,A,-1.2713249,-0.98853296,True,18,False,False
2021-08-16 19:00:00,A,-1.1788597,-0.7005985,True,19,False,False
2021-08-16 20:00:00,A,-1.5206649,-0.66816163,True,20,False,False
2021-08-16 21:00:00,A,-0.6127519,-1.2407322,True,21,False,False
2021-08-16 22:00:00,A,-0.3349052,-1.6077874,True,22,False,False
2021-08-16 23:00:00,A,-0.42045254,-1.637001,True,23,False,False
2021-08-17 00:00:00,A,-0.43292016,-1.7928119,True,0,False,False
2021-08-17 01:00:00,A,-0.41466886,-1.8367817,True,1,False,False
2021-08-17 02:00:00,A,-0.50775164,-1.711103,True,2,False,False
2021-08-17 03:00:00,A,-0.5899189,-1.7127125,True,3,False,False
2021-08-17 04:00:00,A,-0.57268256,-1.6505345,True,4,False,False
2021-08-17 05:00:00,A,-0.53663236,-1.6228361,True,5,False,False
2021-08-17 06:00:00,A,-0.6302081,-1.7501552,True,6,False,False
2021-08-17 07:00:00,A,-0.5404044,-1.8224943,True,7,False,False
2021-08-17 08:00:00,A,-0.41420585,-1.806836,True,8,False,False
2021-08-17 09:00:00,A,-0.47787464,-1.6798627,True,9,False,False
2021-08-17 10:00:00,A,-0.5824906,-1.6542196,True,10,False,False
2021-08-17 11:00:00,A,-0.3724553,-1.6003995,True,11,False,False
2021-08-17 12:00:00,A,-0.5490232,-1.5858591,True,12,False,False
2021-08-17 13:00:00,A,-0.33209723,-1.6241258,True,13,False,False
2021-08-17 14:00:00,A,-0.45967746,-1.6291351,True,14,False,False
2021-08-17 15:00:00,A,-0.5464954,-1.6872574,True,15,False,False
2021-08-17 16:00:00,A,-0.5171942,-1.9187697,True,16,False,False
2021-08-17 17:00:00,A,-0.57861656,-1.9844135,True,17,False,False
2021-08-17 18:00:00,A,-0.7012251,-1.8777959,True,18,False,False
2021-08-17 19:00:00,A,-0.6576137,-1.8564456,True,19,False,False
2021-08-17 20:00:00,A,-0.59708697,-1.861515,True,20,False,False
2021-08-17 21:00:00,A,-0.5012206,-1.8513342,True,21,False,False
2021-08-17 22:00:00,A,-0.64708954,-1.839734,True,22,False,False
2021-08-17 23:00:00,A,-0.51815265,-1.9124308,True,23,False,False
2021-08-18 00:00:00,A,-0.52038854,-1.8115975,True,0,False,False
2021-08-18 01:00:00,A,-0.48314905,-1.7390006,True,1,False,False
2021-08-18 02:00:00,A,-0.4664331,-1.7628084,True,2,False,False
2021-08-18 03:00:00,A,-0.3135075,-1.6646972,True,3,False,False
2021-08-18 04:00:00,A,-0.4062981,-1.6697265,True,4,False,False
2021-08-18 05:00:00,A,-0.33948404,-1.7428335,True,5,False,False
2021-08-18 06:00:00,A,-0.4063862,-1.7507523,True,6,False,False
2021-08-18 07:00:00,A,-0.43353754,-1.8327299,True,7,False,False
2021-08-18 08:00:00,A,-0.3984391,-1.9650227,True,8,False,False
2021-08-18 09:00:00,A,-0.32875252,-1.9774729,True,9,False,False
2021-08-18 10:00:00,A,-0.2894646,-1.7700429,True,10,False,False
2021-08-18 11:00:00,A,-0.07454455,-1.6677687,True,11,False,False
2021-08-18 12:00:00,A,0.107839465,-1.529906,True,12,False,False
2021-08-18 13:00:00,A,0.2839195,-1.4265194,True,13,False,False
2021-08-18 14:00:00,A,0.29082876,-1.3495375,True,14,False,False
2021-08-18 15:00:00,A,0.42329288,-1.3540518,True,15,False,False
2021-08-18 16:00:00,A,0.49907136,-1.2436476,True,16,True,False
2021-08-18 17:00:00,A,0.64507204,-1.1303618,True,17,False,False
2021-08-18 18:00:00,A,0.8022901,-0.97416234,True,18,False,False
2021-08-18 19:00:00,A,1.0647714,-0.77868724,True,19,False,False
2021-08-18 20:00:00,A,0.9824727,-0.7157906,True,20,False,False
2021-08-18 21:00:00,A,1.1919496,-0.7102108,True,21,False,False
2021-08-18 22:00:00,A,1.0926226,-0.557031,True,22,False,False
2021-08-18 23:00:00,A,1.0540195,-0.53038853,True,23,False,False
2021-08-19 00:00:00,A,1.0539513,-0.6579627,True,0,False,False
2021-08-19 01:00:00,A,1.0893264,-0.64425397,True,1,False,False
2021-08-19 02:00:00,A,1.1068537,-0.5392002,True,2,False,False
2021-08-19 03:00:00,A,1.2951264,-0.5068871,True,3,False,False
2021-08-19 04:00:00,A,1.336235,-0.3481201,True,4,False,False
2021-08-19 05:00:00,A,1.550432,-0.30754077,True,5,False,False
2021-08-19 06:00:00,A,1.5387092,-0.22999966,True,6,False,False
2021-08-19 07:00:00,A,1.5961022,-0.2453357,True,7,False,False
2021-08-19 08:00:00,A,1.6542735,-0.213723,True,8,False,False
2021-08-19 09:00:00,A,1.7859323,-0.13618934,True,9,False,False
2021-08-19 10:00:00,A,1.9730132,-0.025161982,True,10,False,False
2021-08-19 11:00:00,A,2.2202463,0.18459904,True,11,True,False
2021-08-19 12:00:00,A,2.1660814,0.25598335,True,12,False,False
2021-08-19 13:00:00,A,2.4146154,0.24586666,True,13,False,False
2021-08-19 14:00:00,A,2.3634937,0.36268866,True,14,False,False
2021-08-19 15:00:00,A,2.362363,0.42539454,True,15,False,False
2021-08-19 16:00:00,A,2.3415883,0.3329445,True,16,False,False
2021-08-19 17:00:00,A,2.4255548,0.34348226,True,17,False,False
2021-08-19 18:00:00,A,2.451915,0.5526322,True,18,False,False
2021-08-19 19:00:00,A,2.67007,0.6064874,True,19,False,False
2021-08-19 20:00:00,A,2.685217,0.7910634,True,20,False,False
2021-08-19 21:00:00,A,2.9049716,0.85862577,True,21,False,False
2021-08-19 22:00:00,A,2.930982,0.9516438,True,22,False,False
2021-08-19 23:00:00,A,2.9500597,0.963359,True,23,False,False
2021-08-20 00:00:00,A,2.965919,0.9659382,True,0,False,False
2021-08-20 01:00:00,A,3.0965843,1.0378398,True,1,False,False
2021-08-20 02:00:00,A,3.2582114,1.1151558,True,2,False,False
2021-08-20 03:00:00,A,3.5104723,1.2158347,True,3,False,False
2021-08-20 04:00:00,A,3.3812747,1.2913047,True,4,False,False
2021-08-20 05:00:00,A,3.6379538,1.2572218,True,5,False,False
2021-08-20 06:00:00,A,3.5728607,1.3538595,True,6,False,False
2021-08-20 07:00:00,A,3.5866053,1.3348008,True,7,False,False
2021-08-20 08:00:00,A,3.5500746,1.1599661,True,8,False,False
2021-08-20 09:00:00,A,3.5773602,1.113923,True,9,False,False
2021-08-20 10:00:00,A,3.5255506,1.2447134,True,10,False,False
2021-08-20 11:00:00,A,3.6296635,1.202679,True,11,True,False
2021-08-20 12:00:00,A,3.5531406,1.281586,True,12,False,False
2021-08-20 13:00:00,A,3.657628,1.268972,True,13,False,False
2021-08-20 14:00:00,A,3.6090293,1.2348996,True,14,False,False
2021-08-20 15:00:00,A,3.589818,1.1716739,True,15,False,False
2021-08-20 16:00:00,A,3.4565568,1.0612186,True,16,False,False
2021-08-20 17:00:00,A,3.5143504,1.0379511,True,17,False,False
2021-08-20 18:00:00,A,3.5387273,1.1151255,True,18,False,False
2021-08-20 19:00:00,A,3.7005892,1.1482533,True,19,False,False
2021-08-20 20:00:00,A,3.6039672,1.1361958,True,20,False,False
2021-08-20 21:00:00,A,3.788277,1.0421294,True,21,False,False
2021-08-20 22:00:00,A,3.7066545,1.099584,True,22,False,False
2021-08-20 23:00:00,A,3.6534023,1.1029338,True,23,False,False
2021-08-21 00:00:00,A,3.5999885,0.9746412,False,0,False,False
2021-08-21 01:00:00,A,3.6412752,1.042339,False,1,False,False
2021-08-21 02:00:00,A,3.5895698,1.1267382,False,2,False,False
2021-08-21 03:00:00,A,3.7039542,1.0668689,False,3,False,False
2021-08-21 04:00:00,A,3.5497484,1.1819946,False,4,False,False
2021-08-21 05:00:00,A,3.6644561,1.1823236,False,5,False,False
2021-08-21 06:00:00,A,3.655612,1.1761941,False,6,False,False
2021-08-21 07:00:00,A,3.6747198,1.1129323,False,7,False,False
2021-08-21 08:00:00,A,3.563418,1.0284766,False,8,False,False
2021-08-21 09:00:00,A,3.5292788,0.9510504,False,9,False,False
2021-08-21 10:00:00,A,3.3767974,1.0078841,False,10,False,False
2021-08-21 11:00:00,A,3.3721514,0.91880095,False,11,False,False
2021-08-21 12:00:00,A,3.0749803,0.7683617,False,12,False,False
2021-08-21 13:00:00,A,3.1303914,0.61061287,False,13,False,False
2021-08-21 14:00:00,A,2.9354262,0.5885109,False,14,False,False
2021-08-21 15:00:00,A,2.8463387,0.5347749,False,15,False,False
2021-08-21 16:00:00,A,2.6527195,0.3285638,False,16,False,False
2021-08-21 17:00:00,A,2.611178,0.32446086,False,17,False,False
2021-08-21 18:00:00,A,2.5153773,0.34818625,False,18,False,False
2021-08-21 19:00:00,A,2.5330307,0.19072866,False,19,False,False
2021-08-21 20:00:00,A,2.3783312,0.19835103,False,20,False,False
2021-08-21 21:00:00,A,2.3486025,0.16892684,False,21,False,False
2021-08-21 22:00:00,A,2.298752,0.1137383,False,22,False,False
2021-08-21 23:00:00,A,2.332743,-0.026377678,False,23,False,False
2021-08-22 00:00:00,A,2.1709328,-0.15238333,False,0,False,False
2021-08-22 01:00:00,A,2.2415876,-0.18932879,False,1,False,False
2021-08-22 02:00:00,A,2.1460614,-0.1186614,False,2,False,False
2021-08-22 03:00:00,A,2.134951,-0.15130126,False,3,False,False
2021-08-22 04:00:00,A,1.9658973,-0.30119252,False,4,False,False
2021-08-22 05:00:00,A,1.9740546,-0.4251246,False,5,False,False
2021-08-22 06:00:00,A,1.8280518,-0.42861044,False,6,False,False
2021-08-22 07:00:00,A,1.7312553,-0.47024912,False,7,False,False
2021-08-22 08:00:00,A,1.5767686,-0.62290996,False,8,False,False
2021-08-22 09:00:00,A,1.52372,-0.6287645,False,9,False,False
2021-08-22 10:00:00,A,1.4474764,-0.6241311,False,10,False,False
2021-08-22 11:00:00,A,1.4336224,-0.75976884,False,11,False,False
2021-08-22 12:00:00,A,1.2346556,-0.76823497,False,12,False,False
2021-08-22 13:00:00,A,1.2104421,-0.8337163,False,13,False,False
2021-08-22 14:00:00,A,1.1529806,-0.9208591,False,14,False,False
2021-08-22 15:00:00,A,1.0979103,-1.071491,False,15,False,False
2021-08-22 16:00:00,A,0.9671241,-1.1795584,False,16,False,False
2021-08-22 17:00:00,A,1.0308101,-1.2717197,False,17,False,False
2021-08-22 18:00:00,A,0.895073,-1.254581,False,18,False,False
2021-08-22 19:00:00,A,0.78006256,-1.3579588,False,19,False,False
2021-08-22 20:00:00,A,0.6407653,-1.5389628,False,20,False,False
2021-08-22 21:00:00,A,0.6640064,-1.6661456,False,21,False,False
2021-08-22 22:00:00,A,0.47261494,-1.706049,False,22,False,False
2021-08-22 23:00:00,A,0.4553824,-1.7671952,False,23,False,False
2021-08-23 00:00:00,A,0.35049957,-1.8853191,True,0,False,False
2021-08-23 01:00:00,A,0.36249658,-1.8962309,True,1,False,False
2021-08-23 02:00:00,A,0.28785816,-1.874466,True,2,False,False
2021-08-23 03:00:00,A,0.2876917,-1.9513052,True,3,False,False
2021-08-23 04:00:00,A,0.22048742,-1.972672,True,4,False,False
2021-08-23 05:00:00,A,0.19880658,-2.0045462,True,5,False,False
2021-08-23 06:00:00,A,0.1733594,-2.0657372,True,6,False,False
2021-08-23 07:00:00,A,0.102746904,-2.1367612,True,7,False,False
2021-08-23 08:00:00,A,-0.1875636,-2.0992467,True,8,False,False
2021-08-23 09:00:00,A,-0.061609745,-2.1709232,True,9,True,False
2021-08-23 10:00:00,A,-0.12926048,-2.0879307,True,10,False,False
2021-08-23 11:00:00,A,-0.13388228,-2.0953636,True,11,True,False
2021-08-23 12:00:00,A,-0.16612786,-2.1609972,True,12,False,False
2021-08-23 13:00:00,A,-0.0055674314,-2.1672304,True,13,True,False
2021-08-23 14:00:00,A,-0.16232818,-2.1276743,True,14,True,False
2021-08-23 15:00:00,A,-0.07732326,-2.1768456,True,15,True,False
2021-08-23 16:00:00,A,-0.09974116,-2.1268103,True,16,False,False
2021-08-23 17:00:00,A,-0.02147621,-2.1626673,True,17,False,False
2021-08-23 18:00:00,A,0.013917565,-2.1171849,True,18,False,False
2021-08-23 19:00:00,A,0.08258447,-2.1187394,True,19,False,False
2021-08-23 20:00:00,A,-0.001693964,-2.0812745,True,20,False,False
2021-08-23 21:00:00,A,0.036571443,-2.0603375,True,21,False,False
2021-08-23 22:00:00,A,-0.023327827,-2.086877,True,22,False,False
2021-08-23 23:00:00,A,-0.07287246,-2.1712701,True,23,False,False
2021-08-24 00:00:00,A,-0.24222237,-2.2429538,True,0,False,False
2021-08-24 01:00:00,A,-0.12578398,-2.2130742,True,1,False,False
2021-08-24 02:00:00,A,-0.17771423,-2.1336288,True,2,False,False
2021-08-24 03:00:00,A,-0.18476349,-2.1411762,True,3,False,False
2021-08-24 04:00:00,A,-0.22367883,-2.149168,True,4,False,False
2021-08-24 05:00:00,A,-0.079399705,-2.1632771,True,5,False,False
2021-08-24 06:00:00,A,-0.1893124,-2.1363015,True,6,False,False
2021-08-24 07:00:00,A,-0.12426901,-2.1513195,True,7,False,False
2021-08-24 08:00:00,A,-0.11824554,-2.1275148,True,8,True,False
2021-08-24 09:00:00,A,-0.028443277,-2.1199079,True,9,True,False
2021-08-24 10:00:00,A,0.013369143,-2.0981932,True,10,False,False
2021-08-24 11:00:00,A,0.09661311,-2.0827832,True,11,True,False
2021-08-24 12:00:00,A,0.04266423,-2.0609086,True,12,False,False
2021-08-24 13:00:00,A,0.073223025,-2.01667,True,13,False,False
2021-08-24 14:00:00,A,0.010212779,-2.0327642,True,14,True,False
2021-08-24 15:00:00,A,-0.038925707,-2.1247156,True,15,True,False
2021-08-24 16:00:00,A,-0.20807779,-2.175453,True,16,True,False
2021-08-24 17:00:00,A,-0.086999476,-2.2152321,True,17,False,False
2021-08-24 18:00:00,A,-0.13027638,-2.1213934,True,18,False,False
2021-08-24 19:00:00,A,-0.1383254,-2.110135,True,19,False,False
2021-08-24 20:00:00,A,-0.18465716,-2.1298957,True,20,False,False
2021-08-24 21:00:00,A,-0.059531868,-2.1420038,True,21,False,False
2021-08-24 22:00:00,A,-0.18411785,-2.110674,True,22,False,False
2021-08-24 23:00:00,A,-0.13854188,-2.1482954,True,23,False,False
2021-08-25 00:00:00,A,-0.13421148,-2.1101878,True,0,False,False
2021-08-25 01:00:00,A,-0.045006454,-2.0653877,True,1,False,False
2021-08-25 02:00:00,A,0.00050890446,-2.0363793,True,2,False,False
2021-08-25 03:00:00,A,0.05779478,-2.0442119,True,3,False,False
2021-08-25 04:00:00,A,0.03465545,-2.0260854,True,4,False,False
2021-08-25 05:00:00,A,0.025965244,-2.0153687,True,5,False,False
2021-08-25 06:00:00,A,-0.026718497,-2.0236971,True,6,False,False
2021-08-25 07:00:00,A,-0.06570476,-2.115767,True,7,False,False
2021-08-25 08:00:00,A,-0.19170207,-2.1420405,True,8,False,False
2021-08-25 09:00:00,A,0.045294583,-2.0667684,True,9,False,False
2021-08-25 10:00:00,A,0.108701736,-1.8887897,True,10,True,False
2021-08-25 11:00:00,A,0.31094587,-1.8037136,True,11,False,False
2021-08-25 12:00:00,A,0.4066757,-1.6978062,True,12,False,False
2021-08-25 13:00:00,A,0.6070311,-1.5886304,True,13,False,False
2021-08-25 14:00:00,A,0.6221627,-1.4794217,True,14,False,False
2021-08-25 15:00:00,A,0.711356,-1.4579568,True,15,False,False
2021-08-25 16:00:00,A,0.80663955,-1.3767009,True,16,False,False
2021-08-25 17:00:00,A,0.95591277,-1.2966399,True,17,False,False
2021-08-25 18:00:00,A,1.0580697,-1.137363,True,18,False,False
2021-08-25 19:00:00,A,1.2074606,-1.0764488,True,19,False,False
2021-08-25 20:00:00,A,1.1892185,-1.003599,True,20,False,False
2021-08-25 21:00:00,A,1.3012745,-0.96936184,True,21,False,False
2021-08-25 22:00:00,A,1.2661185,-0.85642195,True,22,False,False
2021-08-25 23:00:00,A,1.2367396,-0.92054176,True,23,False,False
2021-08-26 00:00:00,A,1.1386905,-0.9590544,True,0,False,False
2021-08-26 01:00:00,A,1.3065774,-0.92642087,True,1,False,False
2021-08-26 02:00:00,A,1.3490968,-0.7621673,True,2,False,False
2021-08-26 03:00:00,A,1.5262828,-0.7297499,True,3,False,False
2021-08-26 04:00:00,A,1.5861645,-0.65148485,True,4,False,False
2021-08-26 05:00:00,A,1.7922149,-0.56925404,True,5,False,False
2021-08-26 06:00:00,A,1.7907796,-0.4801284,True,6,False,False
2021-08-26 07:00:00,A,1.869762,-0.4634037,True,7,False,False
2021-08-26 08:00:00,A,1.9410062,-0.42631048,True,8,True,False
2021-08-26 09:00:00,A,2.1202672,-0.36961406,True,9,True,False
2021-08-26 10:00:00,A,2.2134583,-0.1836443,True,10,True,False
2021-08-26 11:00:00,A,2.3985047,-0.11113179,True,11,True,False
2021-08-26 12:00:00,A,2.4245174,-0.05894983,True,12,False,False
2021-08-26 13:00:00,A,2.557252,0.0011948347,True,13,True,False
2021-08-26 14:00:00,A,2.5353243,0.14219463,True,14,True,False
2021-08-26 15:00:00,A,2.5772228,0.10389948,True,15,True,False
2021-08-26 16:00:00,A,2.4684243,0.0963186,True,16,False,False
2021-08-26 17:00:00,A,2.634598,0.07534897,True,17,False,False
2021-08-26 18:00:00,A,2.7264075,0.30714452,True,18,False,False
2021-08-26 19:00:00,A,2.966142,0.4251237,True,19,False,False
2021-08-26 20:00:00,A,2.9571157,0.5371405,True,20,False,False
2021-08-26 21:00:00,A,3.213585,0.60500145,True,21,False,False
2021-08-26 22:00:00,A,3.2064981,0.75827944,True,22,False,False
2021-08-26 23:00:00,A,3.225613,0.7619897,True,23,False,False
2021-08-27 00:00:00,A,3.2874253,0.7585758,True,0,False,False
2021-08-27 01:00:00,A,3.412187,0.7937033,True,1,False,False
2021-08-27 02:00:00,A,3.478631,0.9617678,True,2,False,False
2021-08-27 03:00:00,A,3.6452274,0.96395314,True,3,False,False
2021-08-27 04:00:00,A,3.6391182,0.9809705,True,4,False,False
2021-08-27 05:00:00,A,3.7451024,1.02557,True,5,False,False
2021-08-27 06:00:00,A,3.7009554,1.1486655,True,6,False,False
2021-08-27 07:00:00,A,3.7468238,1.0813118,True,7,False,False
2021-08-27 08:00:00,A,3.6199017,1.0277094,True,8,True,False
2021-08-27 09:00:00,A,3.777001,0.9712843,True,9,False,False
2021-08-27 10:00:00,A,3.7822065,1.0801653,True,10,False,False
2021-08-27 11:00:00,A,3.9107912,1.0781232,True,11,False,False
2021-08-27 12:00:00,A,3.7474413,1.0417942,True,12,False,False
2021-08-27 13:00:00,A,3.9289427,1.0339702,True,13,False,False
2021-08-27 14:00:00,A,3.8554063,1.0778588,True,14,False,False
2021-08-27 15:00:00,A,3.8836856,1.0563151,True,15,False,False
2021-08-27 16:00:00,A,3.7782085,0.96633303,True,16,False,False
2021-08-27 17:00:00,A,3.798151,0.97392905,True,17,False,False
2021-08-27 18:00:00,A,3.7492104,1.098962,True,18,False,False
2021-08-27 19:00:00,A,3.843636,1.0414139,True,19,False,False
2021-08-27 20:00:00,A,3.7509809,1.0457803,True,20,False,False
2021-08-27 21:00:00,A,3.8178213,1.0422121,True,21,False,False
2021-08-27 22:00:00,A,3.7038836,1.1019465,True,22,False,False
2021-08-27 23:00:00,A,3.7301862,1.0172836,True,23,False,False
2021-08-28 00:00:00,A,3.572664,0.9708241,False,0,False,False
2021-08-28 01:00:00,A,3.7383068,0.9446918,False,1,False,False
2021-08-28 02:00:00,A,3.7628927,1.073912,False,2,False,False
2021-08-28 03:00:00,A,3.899252,1.0961457,False,3,False,False
2021-08-28 04:00:00,A,3.7781105,1.0522469,False,4,False,False
2021-08-28 05:00:00,A,3.921373,1.0833629,False,5,False,False
2021-08-28 06:00:00,A,3.8205485,1.1439296,False,6,False,False
2021-08-28 07:00:00,A,3.8185558,1.104952,False,7,False,False
2021-08-28 08:00:00,A,3.7135048,1.0002388,False,8,False,False
2021-08-28 09:00:00,A,3.6234562,0.96791875,False,9,False,False
2021-08-28 10:00:00,A,3.4827347,1.0040845,False,10,False,False
2021-08-28 11:00:00,A,3.4441261,0.8332089,False,11,False,False
2021-08-28 12:00:00,A,3.210899,0.7491771,False,12,False,False
2021-08-28 13:00:00,A,3.2440186,0.6511191,False,13,False,False
2021-08-28 14:00:00,A,3.0223684,0.6595504,False,14,False,False
2021-08-28 15:00:00,A,2.965613,0.51670575,False,15,False,False
2021-08-28 16:00:00,A,2.787663,0.42867112,False,16,False,False
2021-08-28 17:00:00,A,2.7758307,0.38679004,False,17,False,True
2021-08-28 18:00:00,A,2.8030188,0.34959018,False,18,False,True
2021-08-28 19:00:00,A,2.7954626,0.28570962,False,19,False,True
2021-08-28 20:00:00,A,2.6370144,0.19050896,False,20,False,True
2021-08-28 21:00:00,A,2.664582,0.15940869,False,21,False,True
2021-08-28 22:00:00,A,2.505518,0.1407572,False,22,False,True
2021-08-28 23:00:00,A,2.4154022,0.07188082,False,23,False,True
2021-08-29 00:00:00,A,2.3028965,-0.062059283,False,0,False,True
2021-08-29 01:00:00,A,2.293692,-0.103405,False,1,False,True
2021-08-29 02:00:00,A,2.1792123,-0.06089008,False,2,False,True
2021-08-29 03:00:00,A,2.1529117,-0.2054044,False,3,False,True
2021-08-29 04:00:00,A,1.9775326,-0.26605523,False,4,False,True
2021-08-29 05:00:00,A,1.9729905,-0.35833895,False,5,False,True
2021-08-29 06:00:00,A,1.8084812,-0.33524048,False,6,False,True
2021-08-29 07:00:00,A,1.7643993,-0.39531493,False,7,False,True
2021-08-29 08:00:00,A,1.6264052,-0.44915736,False,8,False,True
2021-08-29 09:00:00,A,1.7763026,-0.29105175,False,9,False,True
2021-08-29 10:00:00,A,1.7511692,-0.28906786,False,10,False,True
2021-08-29 11:00:00,A,1.6456466,-0.37489736,False,11,False,True
2021-08-29 12:00:00,A,1.4270874,-0.4848814,False,12,False,False
2021-08-29 13:00:00,A,1.269844,-0.88724864,False,13,False,False
2021-08-29 14:00:00,A,1.0725571,-0.8782203,False,14,False,False
2021-08-29 15:00:00,A,0.9412001,-0.9492693,False,15,False,False
2021-08-29 16:00:00,A,0.7789699,-1.0946736,False,16,False,False
2021-08-29 17:00:00,A,0.74622416,-1.1496203,False,17,False,False
2021-08-29 18:00:00,A,0.66322184,-1.1783373,False,18,False,False
2021-08-29 19:00:00,A,0.60113126,-1.3551329,False,19,False,False
2021-08-29 20:00:00,A,0.445291,-1.4188409,False,20,False,False
2021-08-29 21:00:00,A,0.44167817,-1.4672812,False,21,False,False
2021-08-29 22:00:00,A,0.2872455,-1.4792781,False,22,False,False
2021-08-29 23:00:00,A,0.22428009,-1.5593739,False,23,False,False
2021-08-30 00:00:00,A,0.06938055,-1.5934169,True,0,False,False
2021-08-30 01:00:00,A,0.3534816,-1.5410955,True,1,False,False
2021-08-30 02:00:00,A,0.31840932,-1.5873456,True,2,False,False
2021-08-30 03:00:00,A,0.25945503,-1.662026,True,3,False,False
2021-08-30 04:00:00,A,0.12508154,-1.7026472,True,4,False,False
2021-08-30 05:00:00,A,0.05509469,-1.9877424,True,5,False,False
2021-08-30 06:00:00,A,-0.09042877,-1.9680951,True,6,False,False
2021-08-30 07:00:00,A,-0.20156819,-2.0096705,True,7,False,False
2021-08-30 08:00:00,A,-0.45343018,-1.919178,True,8,False,False
2021-08-30 09:00:00,A,-0.35048407,-2.0894866,True,9,False,False
2021-08-30 10:00:00,A,-0.3448183,-1.9941449,True,10,False,False
2021-08-30 11:00:00,A,-0.3370524,-2.0310133,True,11,False,False
2021-08-30 12:00:00,A,-0.39485258,-2.010268,True,12,False,False
2021-08-30 13:00:00,A,-0.28467578,-1.977493,True,13,False,False
2021-08-30 14:00:00,A,-0.42490524,-1.9024132,True,14,False,False
2021-08-30 15:00:00,A,-0.47471917,-1.8694538,True,15,False,False
2021-08-30 16:00:00,A,-0.5168831,-1.8440696,True,16,False,False
2021-08-30 17:00:00,A,-0.12305027,-1.7904255,True,17,False,False
2021-08-30 18:00:00,A,-0.11406046,-1.80324,True,18,False,False
2021-08-30 19:00:00,A,-0.030646503,-1.8287251,True,19,False,False
2021-08-30 20:00:00,A,-0.14503568,-1.8181612,True,20,False,False
2021-08-30 21:00:00,A,-0.117225766,-2.029555,True,21,False,False
2021-08-30 22:00:00,A,-0.25948554,-1.9719611,True,22,False,False
2021-08-30 23:00:00,A,-0.31567675,-2.0199504,True,23,False,False
2021-08-31 00:00:00,A,-0.46529537,-2.0363889,True,0,False,False
2021-08-31 01:00:00,A,-0.39748544,-2.0234659,True,1,False,False
2021-08-31 02:00:00,A,-0.3598737,-1.9867421,True,2,False,False
2021-08-31 03:00:00,A,-0.3519249,-2.038034,True,3,False,False
2021-08-31 04:00:00,A,-0.40287673,-2.0199275,True,4,False,False
2021-08-31 05:00:00,A,-0.33176106,-1.949353,True,5,False,False
2021-08-31 06:00:00,A,-0.47464538,-1.8809061,True,6,False,False
2021-08-31 07:00:00,A,-0.5245481,-1.8054225,True,7,False,False
2021-08-31 08:00:00,A,-0.5871083,-1.7405405,True,8,False,False
2021-08-31 09:00:00,A,-0.11257571,-1.7080446,True,9,False,False
2021-08-31 10:00:00,A,-0.13299185,-1.7222395,True,10,True,False
2021-08-31 11:00:00,A,-0.081541,-1.7454815,True,11,False,False
2021-08-31 12:00:00,A,-0.18754935,-1.7627198,True,12,False,False
2021-08-31 13:00:00,A,-0.1195575,-1.9412998,True,13,False,False
2021-08-31 14:00:00,A,-0.2663018,-1.8985329,True,14,True,False
2021-08-31 15:00:00,A,-0.2998094,-1.9688108,True,15,False,False
2021-08-31 16:00:00,A,-0.43904525,-2.021899,True,16,False,False
2021-08-31 17:00:00,A,-0.37729484,-2.045589,True,17,False,False
2021-08-31 18:00:00,A,-0.3620034,-1.9811664,True,18,False,False
2021-08-31 19:00:00,A,-0.3661924,-1.9995629,True,19,False,False
2021-08-31 20:00:00,A,-0.41742563,-1.9986634,True,20,False,False
2021-08-31 21:00:00,A,-0.36595654,-1.9019378,True,21,False,False
2021-08-31 22:00:00,A,-0.4476422,-1.8682199,True,22,False,False
2021-08-31 23:00:00,A,-0.509664,-1.7499572,True,23,False,False
2021-01-02 00:00:00,B,-6.6865773,6.939102,False,0,False,False
2021-01-03 00:00:00,B,-1.0965408,1.1944506,False,0,False,False
2021-01-04 00:00:00,B,-3.0010154,2.4624004,True,0,False,False
2021-01-05 00:00:00,B,-4.770528,7.0349827,False,0,False,False
2021-01-06 00:00:00,B,-5.3880157,4.8778353,False,0,False,False
2021-01-07 00:00:00,B,-5.7079816,3.5736954,True,0,False,False
2021-01-08 00:00:00,B,-5.5868545,6.712964,True,0,False,False
2021-01-09 00:00:00,B,-4.027472,5.87772,False,0,False,False
2021-01-10 00:00:00,B,-5.380653,8.587666,False,0,False,False
2021-01-11 00:00:00,B,-4.5772214,10.426076,True,0,False,False
2021-01-12 00:00:00,B,-2.238689,8.124998,False,0,False,False
2021-01-13 00:00:00,B,-4.4551573,5.0285854,False,0,False,False
2021-01-14 00:00:00,B,-4.616415,4.718504,True,0,False,False
2021-01-15 00:00:00,B,-0.7021918,-0.8048135,True,0,False,False
2021-01-16 00:00:00,B,-0.38952494,-0.41494358,False,0,False,False
2021-01-17 00:00:00,B,-0.024983019,1.2478888,True,0,False,False
2021-01-18 00:00:00,B,1.6744102,4.222637,True,0,False,False
2021-01-19 00:00:00,B,2.8781388,3.8808239,False,0,False,False
2021-01-20 00:00:00,B,-0.9522522,2.738118,False,0,False,False
2021-01-21 00:00:00,B,-0.45254707,0.25665724,True,0,False,False
2021-01-22 00:00:00,B,-0.72543204,-1.3601896,True,0,False,False
2021-01-23 00:00:00,B,-0.10720311,-1.3196766,True,0,False,False
2021-01-24 00:00:00,B,1.1246408,0.32375062,True,0,False,False
2021-01-25 00:00:00,B,3.8427904,1.9155419,True,0,False,False
2021-01-26 00:00:00,B,4.7000556,1.4674106,False,0,False,False
2021-01-27 00:00:00,B,1.4139144,0.77999306,False,0,False,False
2021-01-28 00:00:00,B,-0.04052449,-1.3275781,True,0,False,False
2021-01-29 00:00:00,B,-0.97411716,-1.7309602,True,0,False,False
2021-01-30 00:00:00,B,-0.43278706,-1.6317773,True,0,False,False
2021-01-31 00:00:00,B,1.4139491,-0.5343703,False,0,False,False
2021-02-01 00:00:00,B,0.25510275,3.716057,True,0,False,False
2021-02-02 00:00:00,B,2.7518985,2.0668123,True,0,False,False
2021-02-03 00:00:00,B,-1.5624671,4.5628805,True,0,False,False
2021-02-04 00:00:00,B,-0.3048109,3.967304,True,0,False,False
2021-02-05 00:00:00,B,1.9512125,4.0571632,False,0,False,False
2021-02-06 00:00:00,B,-0.50845313,3.723122,False,0,False,False
2021-02-07 00:00:00,B,-2.8877897,2.9117615,False,0,False,False
2021-02-08 00:00:00,B,-4.1498737,0.6650152,True,0,False,False
2021-02-09 00:00:00,B,-4.2484565,0.7806957,True,0,False,False
2021-02-10 00:00:00,B,-2.461564,0.99254966,True,0,False,False
2021-02-11 00:00:00,B,0.76761746,1.3960083,True,0,False,False
2021-02-12 00:00:00,B,4.1288133,1.5113468,False,0,False,False
2021-02-13 00:00:00,B,2.0601184,0.98512506,False,0,False,False
2021-02-14 00:00:00,B,-0.6112329,0.2873299,False,0,False,False
2021-02-15 00:00:00,B,-2.8875039,-1.4434144,True,0,False,False
2021-02-16 00:00:00,B,-3.6812909,-0.48427087,True,0,False,False
2021-02-17 00:00:00,B,-1.4163166,-0.29960787,True,0,False,False
2021-02-18 00:00:00,B,1.5443789,0.3299713,True,0,False,False
2021-02-19 00:00:00,B,4.3877563,1.3603785,False,0,False,False
2021-02-20 00:00:00,B,2.2248836,0.9660611,False,0,False,False
2021-02-21 00:00:00,B,-0.010443658,-0.46070838,False,0,False,False
2021-02-22 00:00:00,B,-2.6418393,-2.0145955,True,0,False,False
2021-02-23 00:00:00,B,-2.6592405,-1.7344555,True,0,False,False
2021-02-24 00:00:00,B,-1.0054818,-1.0275586,True,0,False,False
2021-02-25 00:00:00,B,1.5798969,-0.056027055,True,0,False,False
2021-02-26 00:00:00,B,4.434228,1.0651624,False,0,False,False
2021-02-27 00:00:00,B,2.4343314,0.20351398,False,0,False,False
2021-02-28 00:00:00,B,0.22066526,-0.8601225,False,0,False,False
2021-03-01 00:00:00,B,-2.452696,-2.4547772,True,0,False,False
2021-03-02 00:00:00,B,-2.3322115,-2.228129,True,0,False,False
2021-03-03 00:00:00,B,-0.9010663,-1.5666616,True,0,False,False
2021-03-04 00:00:00,B,1.411983,-0.55812985,True,0,False,False
2021-03-05 00:00:00,B,3.5099216,0.7207428,False,0,False,False
2021-03-06 00:00:00,B,1.1385475,0.86469793,False,0,False,False
2021-03-07 00:00:00,B,-0.6780247,-0.3018431,True,0,False,False
2021-03-08 00:00:00,B,-1.9389573,-0.62292683,True,0,False,False
2021-03-09 00:00:00,B,-2.2666118,0.87709045,True,0,False,False
2021-03-10 00:00:00,B,-0.8223901,0.36878836,True,0,False,False
2021-03-11 00:00:00,B,1.6147164,1.2799711,True,0,False,False
2021-03-12 00:00:00,B,3.6863463,0.43240058,False,0,False,False
2021-03-13 00:00:00,B,0.789478,-0.04626012,False,0,False,False
2021-03-14 00:00:00,B,-0.7704775,-0.9216982,True,0,False,False
2021-03-15 00:00:00,B,-2.0674942,-1.2339542,True,0,False,False
2021-03-16 00:00:00,B,-1.2494897,-0.40296555,True,0,False,False
2021-03-17 00:00:00,B,0.80872476,-0.19398868,True,0,False,False
2021-03-18 00:00:00,B,2.9132347,1.1825216,True,0,False,False
2021-03-19 00:00:00,B,3.926678,0.67977405,False,0,False,False
2021-03-20 00:00:00,B,1.1215516,-0.3449921,False,0,False,False
2021-03-21 00:00:00,B,-0.48430866,-1.3317109,True,0,False,False
2021-03-22 00:00:00,B,-2.1612008,-1.2629008,True,0,False,False
2021-03-23 00:00:00,B,-1.1180432,-0.86684,True,0,False,False
2021-03-24 00:00:00,B,0.3317827,-0.12036359,True,0,False,False
2021-03-25 00:00:00,B,2.728947,1.0214808,True,0,False,False
2021-03-26 00:00:00,B,3.72895,0.6404747,False,0,False,False
2021-03-27 00:00:00,B,1.0813236,-0.63932425,False,0,False,False
2021-03-28 00:00:00,B,-0.38748246,-1.6513485,True,0,False,False
2021-03-29 00:00:00,B,-1.8781707,-2.1289473,True,0,False,False
2021-03-30 00:00:00,B,-0.94357014,-1.4911282,True,0,False,False
2021-03-31 00:00:00,B,0.82611275,-0.6042824,False,0,False,False
2021-04-01 00:00:00,B,0.86966735,1.0244596,True,0,False,False
2021-04-02 00:00:00,B,0.38070035,1.3552837,True,0,False,False
2021-04-03 00:00:00,B,-2.2307427,2.61326,False,0,False,False
2021-04-04 00:00:00,B,-4.7434936,1.137387,False,0,False,False
2021-04-05 00:00:00,B,-4.0876536,0.49731588,True,0,False,False
2021-04-06 00:00:00,B,-3.5801787,0.8512151,True,0,False,False
2021-04-07 00:00:00,B,-2.154688,-0.126091,True,0,False,False
2021-04-08 00:00:00,B,-0.047027506,1.5726271,True,0,False,False
2021-04-09 00:00:00,B,1.7253594,2.2557304,True,0,False,False
2021-04-10 00:00:00,B,1.4371163,2.5444427,False,0,False,False
2021-04-11 00:00:00,B,1.1652862,0.8185682,False,0,False,False
2021-04-12 00:00:00,B,-1.8071386,-0.7565018,True,0,False,False
2021-04-13 00:00:00,B,-1.2339624,-1.1190509,True,0,False,False
2021-04-14 00:00:00,B,-1.5460793,-1.4414799,True,0,False,False
2021-04-15 00:00:00,B,0.7428224,-0.600804,True,0,False,False
2021-04-16 00:00:00,B,3.7071853,0.21397507,True,0,False,False
2021-04-17 00:00:00,B,3.693673,0.20177245,False,0,False,False
2021-04-18 00:00:00,B,1.8708435,-0.47334194,False,0,False,False
2021-04-19 00:00:00,B,-1.2502408,-1.9383494,True,0,False,False
2021-04-20 00:00:00,B,-1.5281922,-1.3313968,True,0,False,False
2021-04-21 00:00:00,B,-2.0212514,-1.2863086,True,0,False,False
2021-04-22 00:00:00,B,0.23368217,-0.17218202,True,0,False,False
2021-04-23 00:00:00,B,3.2373562,0.72664404,True,0,False,False
2021-04-24 00:00:00,B,3.5927737,0.5696521,False,0,False,False
2021-04-25 00:00:00,B,1.8108114,-0.3495083,False,0,False,False
2021-04-26 00:00:00,B,-1.1152447,-1.8080856,True,0,False,False
2021-04-27 00:00:00,B,-0.6432218,-1.8383617,True,0,False,False
2021-04-28 00:00:00,B,-1.2756971,-1.9894598,True,0,False,False
2021-04-29 00:00:00,B,0.9706125,-1.007466,True,0,False,False
2021-04-30 00:00:00,B,3.496404,0.27086318,True,0,False,False
2021-05-01 00:00:00,B,3.3554003,0.08496261,False,0,False,False
2021-05-02 00:00:00,B,1.6017455,-0.68453825,False,0,False,False
2021-05-03 00:00:00,B,-1.1419687,-2.207921,True,0,False,False
2021-05-04 00:00:00,B,-1.3827562,-1.7817608,True,0,False,False
2021-05-05 00:00:00,B,-1.3462598,-1.743963,False,0,False,False
2021-05-06 00:00:00,B,-1.5064186,-0.57647634,True,0,False,False
2021-05-07 00:00:00,B,-0.1573624,1.5517342,True,0,False,False
2021-05-08 00:00:00,B,0.73240423,0.9005327,False,0,False,False
2021-05-09 00:00:00,B,-1.7202975,0.07589555,True,0,False,False
2021-05-10 00:00:00,B,0.23515077,-0.029295683,True,0,False,False
2021-05-11 00:00:00,B,0.2690587,-0.12826622,True,0,False,False
2021-05-12 00:00:00,B,-0.66057605,0.5165391,True,0,False,False
2021-05-13 00:00:00,B,1.502942,1.1942723,True,0,False,False
2021-05-14 00:00:00,B,3.847668,0.87422466,True,0,False,False
2021-05-15 00:00:00,B,3.6902082,0.7099786,False,0,False,False
2021-05-16 00:00:00,B,1.753156,0.025289536,False,0,False,False
2021-05-17 00:00:00,B,-1.1367422,-1.6530659,True,0,False,False
2021-05-18 00:00:00,B,-1.3767288,-1.638047,True,0,False,False
2021-05-19 00:00:00,B,-1.6758215,-1.7268581,False,0,False,False
2021-05-20 00:00:00,B,-1.7768503,-0.63739765,True,0,False,False
2021-05-21 00:00:00,B,-0.0943317,0.38637328,True,0,False,False
2021-05-22 00:00:00,B,0.74948514,0.3780563,False,0,False,False
2021-05-23 00:00:00,B,-1.4989833,-0.9731003,False,0,False,False
2021-05-24 00:00:00,B,-1.2281964,-1.7647455,True,0,False,False
2021-05-25 00:00:00,B,-1.4595546,-1.7793443,True,0,False,False
2021-05-26 00:00:00,B,-1.4506464,-1.6701033,True,0,False,False
2021-05-27 00:00:00,B,0.21527965,-0.8175062,True,0,False,False
2021-05-28 00:00:00,B,3.2161553,0.62517154,True,0,False,False
2021-05-29 00:00:00,B,3.69111,0.35348654,False,0,False,False
2021-05-30 00:00:00,B,1.9333371,-0.47908533,False,0,False,False
2021-05-31 00:00:00,B,-0.8122572,-2.0973403,True,0,False,False
2021-06-01 00:00:00,B,-1.2336243,-2.0242953,True,0,False,False
2021-06-02 00:00:00,B,-1.1116619,-2.0379326,True,0,False,False
2021-06-03 00:00:00,B,0.5575744,-0.8742429,True,0,False,False
2021-06-04 00:00:00,B,3.253297,0.74829316,True,0,False,False
2021-06-05 00:00:00,B,3.7637732,0.5806012,False,0,False,False
2021-06-06 00:00:00,B,1.7304493,-0.15708303,False,0,False,False
2021-06-07 00:00:00,B,-0.8802687,-2.0047488,True,0,False,False
2021-06-08 00:00:00,B,-1.3971909,-2.022243,True,0,False,False
2021-06-09 00:00:00,B,-1.3325692,-1.9107822,True,0,False,False
2021-06-10 00:00:00,B,0.4655869,-0.97186625,True,0,False,False
2021-06-11 00:00:00,B,3.3725517,0.5756513,True,0,False,False
2021-06-12 00:00:00,B,3.729408,0.55219674,False,0,False,False
2021-06-13 00:00:00,B,2.0160613,-0.42400002,False,0,False,False
2021-06-14 00:00:00,B,-0.84207904,-2.0618775,True,0,False,False
2021-06-15 00:00:00,B,-1.3140737,-1.9180217,True,0,False,False
2021-06-16 00:00:00,B,-1.2120485,-1.969357,True,0,False,False
2021-06-17 00:00:00,B,0.68419087,-0.9669893,True,0,False,False
2021-06-18 00:00:00,B,3.6782444,0.5988879,True,0,False,False
2021-06-19 00:00:00,B,4.052086,0.6753032,False,0,False,False
2021-06-20 00:00:00,B,2.132695,-0.24541628,False,0,False,False
2021-06-21 00:00:00,B,-0.7075253,-1.9391509,True,0,False,False
2021-06-22 00:00:00,B,-0.9933376,-2.1272473,True,0,False,False
2021-06-23 00:00:00,B,-1.0998424,-2.036253,True,0,False,False
2021-06-24 00:00:00,B,0.7943926,-1.0111992,True,0,False,False
2021-06-25 00:00:00,B,3.6038692,0.6189438,True,0,False,False
2021-06-26 00:00:00,B,4.022161,0.6048318,False,0,False,False
2021-06-27 00:00:00,B,2.2773798,-0.19643724,False,0,False,False
2021-06-28 00:00:00,B,-0.60429204,-1.9303883,True,0,False,False
2021-06-29 00:00:00,B,-0.81608117,-2.0596538,True,0,False,False
2021-06-30 00:00:00,B,-0.8834894,-2.0980182,True,0,False,False
2021-07-01 00:00:00,B,0.85520524,-1.0873785,True,0,False,False
2021-07-02 00:00:00,B,3.7488692,0.44373572,True,0,False,False
2021-07-03 00:00:00,B,3.8626301,0.46669424,False,0,False,False
2021-07-04 00:00:00,B,2.0570333,-0.45978642,False,0,False,False
2021-07-05 00:00:00,B,-0.68823516,-2.0784533,True,0,False,False
2021-07-06 00:00:00,B,-0.9327402,-2.3222446,True,0,False,False
2021-07-07 00:00:00,B,-1.0589153,-2.2150042,True,0,False,False
2021-07-08 00:00:00,B,0.95551527,-1.2324407,True,0,False,False
2021-07-09 00:00:00,B,3.617589,0.33070827,True,0,False,False
2021-07-10 00:00:00,B,3.8275616,0.4317881,False,0,False,False
2021-07-11 00:00:00,B,2.0013127,-0.43995643,False,0,False,False
2021-07-12 00:00:00,B,-0.7435678,-2.0433955,True,0,False,False
2021-07-13 00:00:00,B,-0.84413564,-2.1912737,True,0,False,False
2021-07-14 00:00:00,B,-2.0784395,-0.83785486,True,0,False,False
2021-07-15 00:00:00,B,0.51661986,-0.75887483,True,0,False,False
2021-07-16 00:00:00,B,2.4344862,1.8324695,True,0,False,False
2021-07-17 00:00:00,B,2.8170025,1.8561661,False,0,False,False
2021-07-18 00:00:00,B,1.397525,0.15058208,False,0,False,False
2021-07-19 00:00:00,B,-1.2181767,-1.5193822,True,0,False,False
2021-07-20 00:00:00,B,-1.0956808,-2.284857,True,0,False,False
2021-07-21 00:00:00,B,-1.150486,-2.150897,True,0,False,False
2021-07-22 00:00:00,B,0.8911725,-1.2263389,True,0,False,False
2021-07-23 00:00:00,B,3.3527977,0.4393829,True,0,False,False
2021-07-24 00:00:00,B,3.8496015,0.43271685,False,0,False,False
2021-07-25 00:00:00,B,1.805201,-0.46042883,False,0,False,False
2021-07-26 00:00:00,B,-0.7823336,-2.2138045,True,0,False,False
2021-07-27 00:00:00,B,-1.2096442,-2.3019104,True,0,False,False
2021-07-28 00:00:00,B,-1.1321776,-2.1654685,True,0,False,False
2021-07-29 00:00:00,B,0.74030095,-1.0430788,True,0,False,False
2021-07-30 00:00:00,B,3.5397413,0.6349952,True,0,False,False
2021-07-31 00:00:00,B,3.8111017,0.8242192,False,0,False,False
2021-08-01 00:00:00,B,1.1952268,1.3032346,False,0,False,False
2021-08-02 00:00:00,B,-1.1401762,-1.1214964,False,0,False,False
2021-08-03 00:00:00,B,-5.90583,-0.34554416,False,0,False,False
2021-08-04 00:00:00,B,-8.223665,-0.61821723,False,0,False,False
2021-08-05 00:00:00,B,-6.9534802,-2.4001915,False,0,False,False
2021-08-06 00:00:00,B,-7.3057666,-1.517391,False,0,False,False
2021-08-07 00:00:00,B,-6.5284743,-2.4101639,False,0,False,False
2021-08-08 00:00:00,B,-7.204859,-2.2609408,False,0,False,False
2021-08-09 00:00:00,B,-6.333406,-3.150077,True,0,False,False
2021-08-10 00:00:00,B,-4.549599,-1.9674985,True,0,False,False
2021-08-11 00:00:00,B,-1.185658,-1.6920693,True,0,False,False
2021-08-12 00:00:00,B,1.3359867,-0.9212909,True,0,False,False
2021-08-13 00:00:00,B,4.0302377,0.40595078,True,0,False,False
2021-08-14 00:00:00,B,4.3239837,0.42249048,False,0,False,False
2021-08-15 00:00:00,B,2.4727676,-0.43805432,False,0,False,False
2021-08-16 00:00:00,B,-0.099698514,-1.8879114,True,0,False,False
2021-08-17 00:00:00,B,-0.74549866,-1.5811064,True,0,False,False
2021-08-18 00:00:00,B,-0.88334274,-1.569792,True,0,False,False
2021-08-19 00:00:00,B,1.0078715,-0.7827598,True,0,False,False
2021-08-20 00:00:00,B,3.491839,0.59906054,True,0,False,False
2021-08-21 00:00:00,B,3.8932674,0.39006114,False,0,False,False
2021-08-22 00:00:00,B,2.2247806,-0.43004793,False,0,False,False
2021-08-23 00:00:00,B,-0.22735605,-1.9339712,True,0,False,False
2021-08-24 00:00:00,B,-0.5998899,-2.0581846,True,0,False,False
2021-08-25 00:00:00,B,-0.5043604,-1.9437234,True,0,False,False
2021-08-26 00:00:00,B,1.0276632,-1.0925746,True,0,False,False
2021-08-27 00:00:00,B,3.816199,0.32746744,True,0,False,False
2021-08-28 00:00:00,B,3.908686,0.39206386,False,0,False,False
2021-08-29 00:00:00,B,2.4063203,-0.350977,False,0,False,True
2021-08-30 00:00:00,B,-0.42440724,-1.5759246,True,0,False,False
2021-08-31 00:00:00,B,-0.7917197,-1.8008573,True,0,False,False
