발행시각,대상시각,예측,하위10%,중앙값,상위10%
2021-08-09 00:00:00,2021-08-09 00:00:00,24.616451,21.40855,24.616451,37.016926
2021-08-09 00:00:00,2021-08-09 00:15:00,24.566364,21.190266,24.566364,37.55834
2021-08-09 00:00:00,2021-08-09 00:30:00,24.448566,21.408459,24.448566,36.692467
2021-08-09 00:00:00,2021-08-09 00:45:00,24.09922,21.202606,24.09922,36.100605
2021-08-09 01:00:00,2021-08-09 01:00:00,22.137493,20.7179,22.137493,24.560406
2021-08-09 01:00:00,2021-08-09 01:15:00,22.157707,20.646309,22.157707,24.685196
2021-08-09 01:00:00,2021-08-09 01:30:00,22.164787,20.617737,22.164787,24.56517
2021-08-09 01:00:00,2021-08-09 01:45:00,22.075779,20.421955,22.075779,24.62828
2021-08-09 02:00:00,2021-08-09 02:00:00,22.332016,21.131016,22.332016,24.13742
2021-08-09 02:00:00,2021-08-09 02:15:00,22.346394,20.971634,22.346394,24.282528
2021-08-09 02:00:00,2021-08-09 02:30:00,22.389156,20.966026,22.389156,24.175194
2021-08-09 02:00:00,2021-08-09 02:45:00,22.343437,20.842415,22.343437,24.32508
2021-08-09 03:00:00,2021-08-09 03:00:00,22.052433,20.923523,22.052433,23.574783
2021-08-09 03:00:00,2021-08-09 03:15:00,22.098362,20.851048,22.098362,23.786995
2021-08-09 03:00:00,2021-08-09 03:30:00,22.071667,20.715382,22.071667,23.60727
2021-08-09 03:00:00,2021-08-09 03:45:00,21.91146,20.562103,21.91146,23.537937
2021-08-09 04:00:00,2021-08-09 04:00:00,22.142979,20.029816,22.142979,25.440578
2021-08-09 04:00:00,2021-08-09 04:15:00,21.72108,19.500748,21.72108,25.092014
2021-08-09 04:00:00,2021-08-09 04:30:00,21.898949,19.751698,21.898949,24.578098
2021-08-09 04:00:00,2021-08-09 04:45:00,21.92976,19.61724,21.92976,24.573765
2021-08-09 05:00:00,2021-08-09 05:00:00,21.293915,19.000381,21.293915,24.227844
2021-08-09 05:00:00,2021-08-09 05:15:00,21.511047,19.152905,21.511047,24.308144
2021-08-09 05:00:00,2021-08-09 05:30:00,21.53115,19.2822,21.53115,23.766117
2021-08-09 05:00:00,2021-08-09 05:45:00,21.273426,19.178032,21.273426,23.910664
2021-08-09 06:00:00,2021-08-09 06:00:00,20.868198,18.730068,20.868198,22.866142
2021-08-09 06:00:00,2021-08-09 06:15:00,20.716759,18.633755,20.716759,22.280937
2021-08-09 06:00:00,2021-08-09 06:30:00,20.980873,18.938457,20.980873,22.733513
2021-08-09 06:00:00,2021-08-09 06:45:00,20.744045,18.944736,20.744045,23.980053
2021-08-09 07:00:00,2021-08-09 07:00:00,20.600338,18.83939,20.600338,22.363857
2021-08-09 07:00:00,2021-08-09 07:15:00,20.590378,18.930172,20.590378,22.502243
2021-08-09 07:00:00,2021-08-09 07:30:00,20.823399,19.046555,20.823399,22.952595
2021-08-09 07:00:00,2021-08-09 07:45:00,21.110073,19.48384,21.110073,23.95977
2021-08-09 08:00:00,2021-08-09 08:00:00,158.12128,143.27728,158.12128,174.27425
2021-08-09 08:00:00,2021-08-09 08:15:00,187.02414,170.25671,187.02414,203.59933
2021-08-09 08:00:00,2021-08-09 08:30:00,183.22,165.44873,183.22,198.37997
2021-08-09 08:00:00,2021-08-09 08:45:00,177.65883,161.0875,177.65883,194.66037
2021-08-09 09:00:00,2021-08-09 09:00:00,192.05194,177.26988,192.05194,207.96286
2021-08-09 09:00:00,2021-08-09 09:15:00,192.72594,177.88704,192.72594,207.89052
2021-08-09 09:00:00,2021-08-09 09:30:00,194.31671,178.3449,194.31671,209.20763
2021-08-09 09:00:00,2021-08-09 09:45:00,192.92477,177.49423,192.92477,210.194
2021-08-09 10:00:00,2021-08-09 10:00:00,159.09586,144.4689,159.09586,174.84586
2021-08-09 10:00:00,2021-08-09 10:15:00,197.16193,182.78299,197.16193,211.74
2021-08-09 10:00:00,2021-08-09 10:30:00,196.6753,180.884,196.6753,210.11066
2021-08-09 10:00:00,2021-08-09 10:45:00,196.79051,182.10489,196.79051,211.09009
2021-08-09 11:00:00,2021-08-09 11:00:00,180.09433,166.85464,180.09433,194.96509
2021-08-09 11:00:00,2021-08-09 11:15:00,186.56242,172.4078,186.56242,202.54164
2021-08-09 11:00:00,2021-08-09 11:30:00,188.45547,172.0639,188.45547,203.98102
2021-08-09 11:00:00,2021-08-09 11:45:00,186.4046,169.26672,186.4046,203.38281
2021-08-09 12:00:00,2021-08-09 12:00:00,125.846634,113.06122,125.846634,139.13272
2021-08-09 12:00:00,2021-08-09 12:15:00,101.39426,87.60183,101.39426,115.11891
2021-08-09 12:00:00,2021-08-09 12:30:00,96.05312,81.79172,96.05312,110.27261
2021-08-09 12:00:00,2021-08-09 12:45:00,98.048195,83.13449,98.048195,113.682076
2021-08-09 13:00:00,2021-08-09 13:00:00,167.80322,155.42526,167.80322,180.58983
2021-08-09 13:00:00,2021-08-09 13:15:00,187.86996,175.4028,187.86996,200.74928
2021-08-09 13:00:00,2021-08-09 13:30:00,189.59772,175.53738,189.59772,202.13039
2021-08-09 13:00:00,2021-08-09 13:45:00,186.7279,173.67596,186.7279,200.78639
2021-08-09 14:00:00,2021-08-09 14:00:00,193.99629,183.46483,193.99629,204.77542
2021-08-09 14:00:00,2021-08-09 14:15:00,194.98743,183.36461,194.98743,206.24493
2021-08-09 14:00:00,2021-08-09 14:30:00,196.57404,184.24185,196.57404,207.31244
2021-08-09 14:00:00,2021-08-09 14:45:00,191.0856,178.16028,191.0856,203.5073
2021-08-09 15:00:00,2021-08-09 15:00:00,142.48032,130.83615,142.48032,156.13898
2021-08-09 15:00:00,2021-08-09 15:15:00,143.85403,130.49591,143.85403,157.85852
2021-08-09 15:00:00,2021-08-09 15:30:00,186.36047,171.6904,186.36047,199.05359
2021-08-09 15:00:00,2021-08-09 15:45:00,185.81589,172.34546,185.81589,198.52103
2021-08-09 16:00:00,2021-08-09 16:00:00,182.18362,170.7309,182.18362,194.2871
2021-08-09 16:00:00,2021-08-09 16:15:00,177.55661,164.92761,177.55661,190.0791
2021-08-09 16:00:00,2021-08-09 16:30:00,176.93942,162.6318,176.93942,189.56473
2021-08-09 16:00:00,2021-08-09 16:45:00,172.75314,157.5063,172.75314,187.55298
2021-08-09 17:00:00,2021-08-09 17:00:00,129.38115,116.34482,129.38115,142.58545
2021-08-09 17:00:00,2021-08-09 17:15:00,116.27189,101.11192,116.27189,132.71083
2021-08-09 17:00:00,2021-08-09 17:30:00,159.8323,145.39055,159.8323,171.49377
2021-08-09 17:00:00,2021-08-09 17:45:00,175.28554,162.9654,175.28554,186.68094
2021-08-09 18:00:00,2021-08-09 18:00:00,141.60297,109.82172,141.60297,169.55066
2021-08-09 18:00:00,2021-08-09 18:15:00,147.14096,113.38797,147.14096,176.95822
2021-08-09 18:00:00,2021-08-09 18:30:00,148.17001,111.87196,148.17001,178.09235
2021-08-09 18:00:00,2021-08-09 18:45:00,153.56953,117.50427,153.56953,182.03236
2021-08-09 19:00:00,2021-08-09 19:00:00,100.26126,81.481064,100.26126,122.202545
2021-08-09 19:00:00,2021-08-09 19:15:00,102.34635,76.21041,102.34635,131.73306
2021-08-09 19:00:00,2021-08-09 19:30:00,101.59843,70.52798,101.59843,136.73543
2021-08-09 19:00:00,2021-08-09 19:45:00,97.50285,64.708496,97.50285,134.30188
2021-08-09 20:00:00,2021-08-09 20:00:00,89.998955,81.67716,89.998955,100.591255
2021-08-09 20:00:00,2021-08-09 20:15:00,90.130196,78.62964,90.130196,103.680664
2021-08-09 20:00:00,2021-08-09 20:30:00,90.29394,74.53725,90.29394,107.44877
2021-08-09 20:00:00,2021-08-09 20:45:00,89.64811,69.717545,89.64811,110.936966
2021-08-09 21:00:00,2021-08-09 21:00:00,113.469536,103.78102,113.469536,122.57161
2021-08-09 21:00:00,2021-08-09 21:15:00,113.37242,100.06373,113.37242,125.453156
2021-08-09 21:00:00,2021-08-09 21:30:00,113.31833,96.6413,113.31833,127.530624
2021-08-09 21:00:00,2021-08-09 21:45:00,111.56567,90.578415,111.56567,127.79326
2021-08-09 22:00:00,2021-08-09 22:00:00,106.82085,95.82439,106.82085,115.77779
2021-08-09 22:00:00,2021-08-09 22:15:00,109.26056,95.26253,109.26056,120.83646
2021-08-09 22:00:00,2021-08-09 22:30:00,108.77003,92.90684,108.77003,122.658844
2021-08-09 22:00:00,2021-08-09 22:45:00,107.589905,88.48211,107.589905,122.73886
2021-08-09 23:00:00,2021-08-09 23:00:00,112.14816,103.048584,112.14816,119.60239
2021-08-09 23:00:00,2021-08-09 23:15:00,112.20419,99.99009,112.20419,122.571106
2021-08-09 23:00:00,2021-08-09 23:30:00,108.2773,93.008514,108.2773,121.19522
2021-08-09 23:00:00,2021-08-09 23:45:00,97.361115,77.6281,97.361115,113.16765
2021-08-10 00:00:00,2021-08-10 00:00:00,72.51877,61.382385,72.51877,80.51114
2021-08-10 00:00:00,2021-08-10 00:15:00,70.22538,57.521248,70.22538,80.380615
2021-08-10 00:00:00,2021-08-10 00:30:00,68.42041,54.03134,68.42041,80.457466
2021-08-10 00:00:00,2021-08-10 00:45:00,69.19255,53.626167,69.19255,82.32378
2021-08-10 01:00:00,2021-08-10 01:00:00,88.49473,77.986984,88.49473,98.92673
2021-08-10 01:00:00,2021-08-10 01:15:00,101.040146,88.86607,101.040146,112.45456
2021-08-10 01:00:00,2021-08-10 01:30:00,104.839165,91.8633,104.839165,116.89369
2021-08-10 01:00:00,2021-08-10 01:45:00,104.30853,89.31432,104.30853,116.701035
2021-08-10 02:00:00,2021-08-10 02:00:00,96.18947,88.18784,96.18947,104.76327
2021-08-10 02:00:00,2021-08-10 02:15:00,99.61665,89.79966,99.61665,109.215805
2021-08-10 02:00:00,2021-08-10 02:30:00,99.875,89.66457,99.875,109.62842
2021-08-10 02:00:00,2021-08-10 02:45:00,99.80026,87.7533,99.80026,109.831436
2021-08-10 03:00:00,2021-08-10 03:00:00,90.1543,81.976906,90.1543,97.96326
2021-08-10 03:00:00,2021-08-10 03:15:00,101.58665,93.27414,101.58665,109.71173
2021-08-10 03:00:00,2021-08-10 03:30:00,103.832886,94.66566,103.832886,112.29291
2021-08-10 03:00:00,2021-08-10 03:45:00,103.57167,93.942024,103.57167,112.140366
2021-08-10 04:00:00,2021-08-10 04:00:00,100.98375,94.71011,100.98375,107.07021
2021-08-10 04:00:00,2021-08-10 04:15:00,102.23439,94.956856,102.23439,109.145035
2021-08-10 04:00:00,2021-08-10 04:30:00,99.11266,90.431435,99.11266,107.41037
2021-08-10 04:00:00,2021-08-10 04:45:00,95.53772,85.404854,95.53772,104.11033
2021-08-10 05:00:00,2021-08-10 05:00:00,89.899605,80.552444,89.899605,97.26201
2021-08-10 05:00:00,2021-08-10 05:15:00,87.33648,78.472275,87.33648,95.1075
2021-08-10 05:00:00,2021-08-10 05:30:00,97.21452,86.97892,97.21452,105.778015
2021-08-10 05:00:00,2021-08-10 05:45:00,103.36886,91.81917,103.36886,112.73668
2021-08-10 06:00:00,2021-08-10 06:00:00,105.59583,98.791504,105.59583,113.14433
2021-08-10 06:00:00,2021-08-10 06:15:00,105.67531,96.97367,105.67531,113.43619
2021-08-10 06:00:00,2021-08-10 06:30:00,104.88046,95.92378,104.88046,113.27142
2021-08-10 06:00:00,2021-08-10 06:45:00,103.81891,94.02666,103.81891,113.004
2021-08-10 07:00:00,2021-08-10 07:00:00,110.62633,101.3626,110.62633,119.84574
2021-08-10 07:00:00,2021-08-10 07:15:00,119.985275,108.75539,119.985275,129.54321
2021-08-10 07:00:00,2021-08-10 07:30:00,143.71338,130.0957,143.71338,155.41693
2021-08-10 07:00:00,2021-08-10 07:45:00,148.45993,131.34662,148.45993,163.62167
2021-08-10 08:00:00,2021-08-10 08:00:00,156.86081,142.8891,156.86081,170.46931
2021-08-10 08:00:00,2021-08-10 08:15:00,181.8453,165.5017,181.8453,195.1705
2021-08-10 08:00:00,2021-08-10 08:30:00,183.88971,165.47272,183.88971,197.77077
2021-08-10 08:00:00,2021-08-10 08:45:00,182.5138,162.37738,182.5138,197.1517
2021-08-10 09:00:00,2021-08-10 09:00:00,186.5664,175.0115,186.5664,196.8499
2021-08-10 09:00:00,2021-08-10 09:15:00,189.29645,177.94733,189.29645,199.43729
2021-08-10 09:00:00,2021-08-10 09:30:00,190.56061,177.70053,190.56061,201.17413
2021-08-10 09:00:00,2021-08-10 09:45:00,190.42224,177.65805,190.42224,202.62
2021-08-10 10:00:00,2021-08-10 10:00:00,161.51207,148.69594,161.51207,173.94588
2021-08-10 10:00:00,2021-08-10 10:15:00,189.29195,177.06157,189.29195,200.8912
2021-08-10 10:00:00,2021-08-10 10:30:00,186.96597,172.93582,186.96597,198.15488
2021-08-10 10:00:00,2021-08-10 10:45:00,184.35434,170.10645,184.35434,197.1159
2021-08-10 11:00:00,2021-08-10 11:00:00,188.99387,178.71884,188.99387,200.05937
2021-08-10 11:00:00,2021-08-10 11:15:00,192.81113,180.6637,192.81113,204.80211
2021-08-10 11:00:00,2021-08-10 11:30:00,192.34816,177.93143,192.34816,204.48264
2021-08-10 11:00:00,2021-08-10 11:45:00,191.1323,175.92435,191.1323,204.35635
2021-08-10 12:00:00,2021-08-10 12:00:00,128.97052,117.38359,128.97052,140.26385
2021-08-10 12:00:00,2021-08-10 12:15:00,109.406364,96.59465,109.406364,121.00292
2021-08-10 12:00:00,2021-08-10 12:30:00,107.7912,94.515175,107.7912,120.312416
2021-08-10 12:00:00,2021-08-10 12:45:00,107.926834,93.11743,107.926834,121.05577
2021-08-10 13:00:00,2021-08-10 13:00:00,158.56534,146.66962,158.56534,171.1556
2021-08-10 13:00:00,2021-08-10 13:15:00,178.76788,165.47531,178.76788,190.86922
2021-08-10 13:00:00,2021-08-10 13:30:00,181.48734,166.31305,181.48734,193.7829
2021-08-10 13:00:00,2021-08-10 13:45:00,179.24382,164.9941,179.24382,192.78232
2021-08-10 14:00:00,2021-08-10 14:00:00,183.18338,173.58043,183.18338,191.95255
2021-08-10 14:00:00,2021-08-10 14:15:00,186.56288,175.50684,186.56288,196.21072
2021-08-10 14:00:00,2021-08-10 14:30:00,188.8184,176.52124,188.8184,198.91684
2021-08-10 14:00:00,2021-08-10 14:45:00,183.57727,170.79498,183.57727,194.3844
2021-08-10 15:00:00,2021-08-10 15:00:00,131.06828,118.39014,131.06828,144.40704
2021-08-10 15:00:00,2021-08-10 15:15:00,136.85425,120.5565,136.85425,151.2177
2021-08-10 15:00:00,2021-08-10 15:30:00,174.27725,155.11069,174.27725,189.43004
2021-08-10 15:00:00,2021-08-10 15:45:00,170.7445,149.92134,170.7445,186.5063
2021-08-10 16:00:00,2021-08-10 16:00:00,174.80972,163.90108,174.80972,185.61533
2021-08-10 16:00:00,2021-08-10 16:15:00,171.2557,157.73315,171.2557,183.81494
2021-08-10 16:00:00,2021-08-10 16:30:00,168.62778,152.20435,168.62778,182.27649
2021-08-10 16:00:00,2021-08-10 16:45:00,163.8328,144.95917,163.8328,179.50136
2021-08-10 17:00:00,2021-08-10 17:00:00,123.73818,108.15947,123.73818,138.76323
2021-08-10 17:00:00,2021-08-10 17:15:00,107.06805,88.21048,107.06805,125.57109
2021-08-10 17:00:00,2021-08-10 17:30:00,145.96176,125.46422,145.96176,161.60223
2021-08-10 17:00:00,2021-08-10 17:45:00,155.06787,134.16245,155.06787,170.81476
2021-08-10 18:00:00,2021-08-10 18:00:00,161.02762,149.552,161.02762,172.3922
2021-08-10 18:00:00,2021-08-10 18:15:00,158.05411,144.29935,158.05411,171.56065
2021-08-10 18:00:00,2021-08-10 18:30:00,156.29118,140.33093,156.29118,170.37042
2021-08-10 18:00:00,2021-08-10 18:45:00,158.77847,143.07462,158.77847,173.20874
2021-08-10 19:00:00,2021-08-10 19:00:00,164.17236,152.90717,164.17236,174.56613
2021-08-10 19:00:00,2021-08-10 19:15:00,149.95517,136.90997,149.95517,162.91628
2021-08-10 19:00:00,2021-08-10 19:30:00,152.06229,137.148,152.06229,165.6633
2021-08-10 19:00:00,2021-08-10 19:45:00,127.226036,110.04506,127.226036,142.41748
2021-08-10 20:00:00,2021-08-10 20:00:00,123.01806,111.182846,123.01806,133.64644
2021-08-10 20:00:00,2021-08-10 20:15:00,126.6745,114.40372,126.6745,137.90764
2021-08-10 20:00:00,2021-08-10 20:30:00,120.6302,108.24425,120.6302,132.96613
2021-08-10 20:00:00,2021-08-10 20:45:00,120.49805,108.11185,120.49805,131.91113
2021-08-10 21:00:00,2021-08-10 21:00:00,126.68758,117.31767,126.68758,135.25897
2021-08-10 21:00:00,2021-08-10 21:15:00,124.904175,114.24219,124.904175,134.10014
2021-08-10 21:00:00,2021-08-10 21:30:00,125.63405,114.61192,125.63405,135.46158
2021-08-10 21:00:00,2021-08-10 21:45:00,123.576996,111.75571,123.576996,134.42125
2021-08-10 22:00:00,2021-08-10 22:00:00,106.60385,98.03412,106.60385,115.6528
2021-08-10 22:00:00,2021-08-10 22:15:00,116.94321,107.678635,116.94321,125.61999
2021-08-10 22:00:00,2021-08-10 22:30:00,116.2209,106.34718,116.2209,125.566895
2021-08-10 22:00:00,2021-08-10 22:45:00,115.87701,106.126015,115.87701,125.20332
2021-08-10 23:00:00,2021-08-10 23:00:00,107.74866,99.54678,107.74866,115.225006
2021-08-10 23:00:00,2021-08-10 23:15:00,107.17522,97.919014,107.17522,115.99219
2021-08-10 23:00:00,2021-08-10 23:30:00,104.63917,94.84646,104.63917,114.1069
2021-08-10 23:00:00,2021-08-10 23:45:00,86.91649,74.706505,86.91649,97.9581
2021-08-11 00:00:00,2021-08-11 00:00:00,79.0411,69.40582,79.0411,87.25003
2021-08-11 00:00:00,2021-08-11 00:15:00,75.981674,66.08247,75.981674,84.9125
2021-08-11 00:00:00,2021-08-11 00:30:00,71.76291,61.749413,71.76291,81.23744
2021-08-11 00:00:00,2021-08-11 00:45:00,69.379974,58.040222,69.379974,79.13303
2021-08-11 01:00:00,2021-08-11 01:00:00,91.94221,81.701706,91.94221,102.151695
2021-08-11 01:00:00,2021-08-11 01:15:00,104.20784,94.25738,104.20784,114.55261
2021-08-11 01:00:00,2021-08-11 01:30:00,106.55443,95.95107,106.55443,116.65982
2021-08-11 01:00:00,2021-08-11 01:45:00,103.186676,91.997116,103.186676,113.707245
2021-08-11 02:00:00,2021-08-11 02:00:00,95.35631,87.800224,95.35631,103.39912
2021-08-11 02:00:00,2021-08-11 02:15:00,100.09639,92.04149,100.09639,108.46228
2021-08-11 02:00:00,2021-08-11 02:30:00,99.72858,90.994354,99.72858,107.82212
2021-08-11 02:00:00,2021-08-11 02:45:00,99.99019,90.72228,99.99019,108.64269
2021-08-11 03:00:00,2021-08-11 03:00:00,94.63946,86.18858,94.63946,103.09659
2021-08-11 03:00:00,2021-08-11 03:15:00,108.39057,99.86684,108.39057,116.3185
2021-08-11 03:00:00,2021-08-11 03:30:00,110.511734,101.75235,110.511734,118.513214
2021-08-11 03:00:00,2021-08-11 03:45:00,107.809784,99.752464,107.809784,115.730576
2021-08-11 04:00:00,2021-08-11 04:00:00,104.2504,96.23598,104.2504,112.54089
2021-08-11 04:00:00,2021-08-11 04:15:00,105.05041,96.722305,105.05041,113.3618
2021-08-11 04:00:00,2021-08-11 04:30:00,103.465065,94.17591,103.465065,111.900795
2021-08-11 04:00:00,2021-08-11 04:45:00,100.21269,90.04373,100.21269,109.89838
2021-08-11 05:00:00,2021-08-11 05:00:00,92.72789,81.932396,92.72789,102.822754
2021-08-11 05:00:00,2021-08-11 05:15:00,84.173004,73.55003,84.173004,94.62813
2021-08-11 05:00:00,2021-08-11 05:30:00,99.14626,88.98732,99.14626,109.71356
2021-08-11 05:00:00,2021-08-11 05:45:00,109.28618,99.00006,109.28618,120.380875
2021-08-11 06:00:00,2021-08-11 06:00:00,108.501816,100.45909,108.501816,117.172516
2021-08-11 06:00:00,2021-08-11 06:15:00,108.86136,100.27175,108.86136,117.840576
2021-08-11 06:00:00,2021-08-11 06:30:00,107.92228,99.112076,107.92228,117.103966
2021-08-11 06:00:00,2021-08-11 06:45:00,108.71185,99.02127,108.71185,118.23869
2021-08-11 07:00:00,2021-08-11 07:00:00,124.18821,114.1367,124.18821,134.69745
2021-08-11 07:00:00,2021-08-11 07:15:00,131.91132,120.99719,131.91132,142.81604
2021-08-11 07:00:00,2021-08-11 07:30:00,152.51076,140.27249,152.51076,163.74567
2021-08-11 07:00:00,2021-08-11 07:45:00,154.78473,142.40662,154.78473,167.48178
2021-08-11 08:00:00,2021-08-11 08:00:00,174.8414,164.26868,174.8414,185.5379
2021-08-11 08:00:00,2021-08-11 08:15:00,199.98634,189.40125,199.98634,210.52951
2021-08-11 08:00:00,2021-08-11 08:30:00,199.75117,188.64595,199.75117,208.75038
2021-08-11 08:00:00,2021-08-11 08:45:00,196.2779,186.54477,196.2779,206.01498
2021-08-11 09:00:00,2021-08-11 09:00:00,195.6619,184.45258,195.6619,207.74268
2021-08-11 09:00:00,2021-08-11 09:15:00,197.20532,186.1747,197.20532,208.01437
2021-08-11 09:00:00,2021-08-11 09:30:00,200.25436,188.58899,200.25436,210.59503
2021-08-11 09:00:00,2021-08-11 09:45:00,198.0427,186.53592,198.0427,209.4458
2021-08-11 10:00:00,2021-08-11 10:00:00,158.03717,144.5026,158.03717,172.47626
2021-08-11 10:00:00,2021-08-11 10:15:00,191.15775,178.15854,191.15775,203.81897
2021-08-11 10:00:00,2021-08-11 10:30:00,193.21901,179.0629,193.21901,204.8259
2021-08-11 10:00:00,2021-08-11 10:45:00,190.02887,176.72757,190.02887,202.33722
2021-08-11 11:00:00,2021-08-11 11:00:00,186.61559,176.57034,186.61559,197.7444
2021-08-11 11:00:00,2021-08-11 11:15:00,191.17435,179.60727,191.17435,203.39066
2021-08-11 11:00:00,2021-08-11 11:30:00,191.75116,178.73978,191.75116,203.55539
2021-08-11 11:00:00,2021-08-11 11:45:00,190.9762,177.02032,190.9762,204.2374
2021-08-11 12:00:00,2021-08-11 12:00:00,127.830765,116.01895,127.830765,139.47752
2021-08-11 12:00:00,2021-08-11 12:15:00,107.039635,95.154785,107.039635,118.40445
2021-08-11 12:00:00,2021-08-11 12:30:00,107.08306,95.98373,107.08306,119.08975
2021-08-11 12:00:00,2021-08-11 12:45:00,108.13655,94.98009,108.13655,120.46312
2021-08-11 13:00:00,2021-08-11 13:00:00,158.78537,147.4474,158.78537,171.26025
2021-08-11 13:00:00,2021-08-11 13:15:00,184.89413,172.23949,184.89413,196.99725
2021-08-11 13:00:00,2021-08-11 13:30:00,184.97632,170.75217,184.97632,196.41197
2021-08-11 13:00:00,2021-08-11 13:45:00,181.12512,168.01227,181.12512,193.33353
2021-08-11 14:00:00,2021-08-11 14:00:00,188.66927,177.0632,188.66927,199.63524
2021-08-11 14:00:00,2021-08-11 14:15:00,187.39386,175.1736,187.39386,199.25874
2021-08-11 14:00:00,2021-08-11 14:30:00,188.66766,175.42793,188.66766,199.97415
2021-08-11 14:00:00,2021-08-11 14:45:00,184.55356,170.99722,184.55356,196.74652
2021-08-11 15:00:00,2021-08-11 15:00:00,142.12354,129.66165,142.12354,156.44977
2021-08-11 15:00:00,2021-08-11 15:15:00,143.97018,129.98492,143.97018,157.88596
2021-08-11 15:00:00,2021-08-11 15:30:00,182.12045,167.46854,182.12045,195.6932
2021-08-11 15:00:00,2021-08-11 15:45:00,180.28296,165.48749,180.28296,193.45874
2021-08-11 16:00:00,2021-08-11 16:00:00,167.30359,155.13391,167.30359,179.61458
2021-08-11 16:00:00,2021-08-11 16:15:00,166.03323,152.40956,166.03323,179.46182
2021-08-11 16:00:00,2021-08-11 16:30:00,163.84506,147.94174,163.84506,177.92677
2021-08-11 16:00:00,2021-08-11 16:45:00,160.14554,142.0332,160.14554,176.44469
2021-08-11 17:00:00,2021-08-11 17:00:00,133.97325,117.07381,133.97325,150.0904
2021-08-11 17:00:00,2021-08-11 17:15:00,111.691734,94.25378,111.691734,130.31038
2021-08-11 17:00:00,2021-08-11 17:30:00,153.55072,135.8951,153.55072,168.29855
2021-08-11 17:00:00,2021-08-11 17:45:00,167.01909,150.80869,167.01909,181.04822
2021-08-11 18:00:00,2021-08-11 18:00:00,173.11105,161.53375,173.11105,184.13892
2021-08-11 18:00:00,2021-08-11 18:15:00,170.0003,157.34825,170.0003,182.54501
2021-08-11 18:00:00,2021-08-11 18:30:00,170.13463,155.6781,170.13463,182.72272
2021-08-11 18:00:00,2021-08-11 18:45:00,170.63495,156.69026,170.63495,183.63092
2021-08-11 19:00:00,2021-08-11 19:00:00,167.07497,155.19757,167.07497,178.24663
2021-08-11 19:00:00,2021-08-11 19:15:00,154.28622,141.25168,154.28622,167.98701
2021-08-11 19:00:00,2021-08-11 19:30:00,155.78847,141.0037,155.78847,169.75102
2021-08-11 19:00:00,2021-08-11 19:45:00,129.91093,113.2201,129.91093,145.76163
2021-08-11 20:00:00,2021-08-11 20:00:00,116.37306,103.89218,116.37306,128.24591
2021-08-11 20:00:00,2021-08-11 20:15:00,121.90849,108.92383,121.90849,134.1297
2021-08-11 20:00:00,2021-08-11 20:30:00,116.474754,103.23236,116.474754,130.26372
2021-08-11 20:00:00,2021-08-11 20:45:00,118.47125,104.9205,118.47125,131.50754
2021-08-11 21:00:00,2021-08-11 21:00:00,117.78386,107.752075,117.78386,126.828926
2021-08-11 21:00:00,2021-08-11 21:15:00,117.64334,107.19733,117.64334,127.39907
2021-08-11 21:00:00,2021-08-11 21:30:00,118.591064,107.35886,118.591064,129.06702
2021-08-11 21:00:00,2021-08-11 21:45:00,116.35091,104.78616,116.35091,127.3144
2021-08-11 22:00:00,2021-08-11 22:00:00,100.23735,91.03618,100.23735,109.95724
2021-08-11 22:00:00,2021-08-11 22:15:00,111.59534,101.924644,111.59534,120.84335
2021-08-11 22:00:00,2021-08-11 22:30:00,108.54525,98.23115,108.54525,118.63902
2021-08-11 22:00:00,2021-08-11 22:45:00,108.91802,98.69624,108.91802,119.086365
2021-08-11 23:00:00,2021-08-11 23:00:00,105.136826,96.56383,105.136826,113.59745
2021-08-11 23:00:00,2021-08-11 23:15:00,105.19025,95.24215,105.19025,114.858536
2021-08-11 23:00:00,2021-08-11 23:30:00,104.4399,93.62013,104.4399,115.181076
2021-08-11 23:00:00,2021-08-11 23:45:00,85.26678,71.86336,85.26678,97.94432
2021-08-12 00:00:00,2021-08-12 00:00:00,79.25278,69.28102,79.25278,88.604774
2021-08-12 00:00:00,2021-08-12 00:15:00,77.56633,66.36351,77.56633,87.54336
2021-08-12 00:00:00,2021-08-12 00:30:00,72.230515,61.258816,72.230515,82.91815
2021-08-12 00:00:00,2021-08-12 00:45:00,69.45687,57.353355,69.45687,80.344025
2021-08-12 01:00:00,2021-08-12 01:00:00,98.3026,87.87573,98.3026,108.49401
2021-08-12 01:00:00,2021-08-12 01:15:00,109.30736,98.74322,109.30736,119.10005
2021-08-12 01:00:00,2021-08-12 01:30:00,106.42314,95.86116,106.42314,116.63617
2021-08-12 01:00:00,2021-08-12 01:45:00,101.63019,90.51898,101.63019,112.56957
2021-08-12 02:00:00,2021-08-12 02:00:00,109.75209,101.16499,109.75209,117.65015
2021-08-12 02:00:00,2021-08-12 02:15:00,109.63703,100.4533,109.63703,118.09567
2021-08-12 02:00:00,2021-08-12 02:30:00,108.929924,99.78378,108.929924,117.18619
2021-08-12 02:00:00,2021-08-12 02:45:00,109.097626,99.926834,109.097626,117.73599
2021-08-12 03:00:00,2021-08-12 03:00:00,92.95763,84.49231,92.95763,101.80766
2021-08-12 03:00:00,2021-08-12 03:15:00,109.795715,101.14914,109.795715,118.069824
2021-08-12 03:00:00,2021-08-12 03:30:00,112.236145,103.31182,112.236145,120.61154
2021-08-12 03:00:00,2021-08-12 03:45:00,109.3111,101.09243,109.3111,117.589966
2021-08-12 04:00:00,2021-08-12 04:00:00,105.96641,97.74308,105.96641,114.52612
2021-08-12 04:00:00,2021-08-12 04:15:00,106.97468,98.300934,106.97468,115.48799
2021-08-12 04:00:00,2021-08-12 04:30:00,107.095184,97.76784,107.095184,115.4907
2021-08-12 04:00:00,2021-08-12 04:45:00,103.78406,93.75865,103.78406,114.29611
2021-08-12 05:00:00,2021-08-12 05:00:00,88.45683,78.22864,88.45683,97.80147
2021-08-12 05:00:00,2021-08-12 05:15:00,81.81353,71.51595,81.81353,91.97868
2021-08-12 05:00:00,2021-08-12 05:30:00,98.9225,88.787415,98.9225,109.63269
2021-08-12 05:00:00,2021-08-12 05:45:00,107.36338,97.17963,107.36338,118.42415
2021-08-12 06:00:00,2021-08-12 06:00:00,109.15914,101.22493,109.15914,117.77212
2021-08-12 06:00:00,2021-08-12 06:15:00,109.78218,101.24704,109.78218,119.25552
2021-08-12 06:00:00,2021-08-12 06:30:00,108.83056,99.656334,108.83056,118.716415
2021-08-12 06:00:00,2021-08-12 06:45:00,110.844894,100.72173,110.844894,121.0788
2021-08-12 07:00:00,2021-08-12 07:00:00,117.223656,108.20988,117.223656,126.81322
2021-08-12 07:00:00,2021-08-12 07:15:00,125.60795,116.380646,125.60795,135.79941
2021-08-12 07:00:00,2021-08-12 07:30:00,147.03905,135.98969,147.03905,156.92265
2021-08-12 07:00:00,2021-08-12 07:45:00,151.43271,140.75598,151.43271,163.24095
2021-08-12 08:00:00,2021-08-12 08:00:00,172.08618,161.23885,172.08618,184.28316
2021-08-12 08:00:00,2021-08-12 08:15:00,202.26588,190.97308,202.26588,213.71193
2021-08-12 08:00:00,2021-08-12 08:30:00,205.34378,193.0751,205.34378,214.96902
2021-08-12 08:00:00,2021-08-12 08:45:00,202.28372,191.95627,202.28372,212.2578
2021-08-12 09:00:00,2021-08-12 09:00:00,185.88577,175.03302,185.88577,196.5604
2021-08-12 09:00:00,2021-08-12 09:15:00,186.03839,175.21552,186.03839,195.85942
2021-08-12 09:00:00,2021-08-12 09:30:00,189.95346,178.98987,189.95346,199.6278
2021-08-12 09:00:00,2021-08-12 09:45:00,190.49556,180.06767,190.49556,201.24976
2021-08-12 10:00:00,2021-08-12 10:00:00,151.11572,138.38947,151.11572,164.86841
2021-08-12 10:00:00,2021-08-12 10:15:00,183.88834,171.4534,183.88834,195.59906
2021-08-12 10:00:00,2021-08-12 10:30:00,187.0799,173.58607,187.0799,198.19101
2021-08-12 10:00:00,2021-08-12 10:45:00,184.92343,172.28958,184.92343,196.64134
2021-08-12 11:00:00,2021-08-12 11:00:00,189.49568,180.07733,189.49568,199.92773
2021-08-12 11:00:00,2021-08-12 11:15:00,192.11754,181.53271,192.11754,202.87775
2021-08-12 11:00:00,2021-08-12 11:30:00,192.95497,181.28867,192.95497,203.04225
2021-08-12 11:00:00,2021-08-12 11:45:00,190.45831,178.29498,190.45831,201.86752
2021-08-12 12:00:00,2021-08-12 12:00:00,130.05635,118.154106,130.05635,142.25778
2021-08-12 12:00:00,2021-08-12 12:15:00,105.02893,93.65338,105.02893,116.22518
2021-08-12 12:00:00,2021-08-12 12:30:00,106.254776,95.708084,106.254776,117.971985
2021-08-12 12:00:00,2021-08-12 12:45:00,108.052086,95.74646,108.052086,119.93476
2021-08-12 13:00:00,2021-08-12 13:00:00,159.89038,148.66833,159.89038,172.69078
2021-08-12 13:00:00,2021-08-12 13:15:00,187.25009,174.61095,187.25009,199.6048
2021-08-12 13:00:00,2021-08-12 13:30:00,188.17561,173.7919,188.17561,199.8892
2021-08-12 13:00:00,2021-08-12 13:45:00,186.15677,173.08972,186.15677,198.47539
2021-08-12 14:00:00,2021-08-12 14:00:00,179.01259,167.20105,179.01259,190.28674
2021-08-12 14:00:00,2021-08-12 14:15:00,179.5438,167.63235,179.5438,191.07343
2021-08-12 14:00:00,2021-08-12 14:30:00,181.93971,168.82309,181.93971,193.26965
2021-08-12 14:00:00,2021-08-12 14:45:00,178.56345,165.5619,178.56345,190.73053
2021-08-12 15:00:00,2021-08-12 15:00:00,138.66855,126.57691,138.66855,152.42612
2021-08-12 15:00:00,2021-08-12 15:15:00,140.69775,127.65661,140.69775,153.79028
2021-08-12 15:00:00,2021-08-12 15:30:00,181.65417,166.21419,181.65417,194.51595
2021-08-12 15:00:00,2021-08-12 15:45:00,178.0267,163.54909,178.0267,191.12729
2021-08-12 16:00:00,2021-08-12 16:00:00,190.30362,175.89316,190.30362,203.32504
2021-08-12 16:00:00,2021-08-12 16:15:00,182.81104,168.42921,182.81104,197.5943
2021-08-12 16:00:00,2021-08-12 16:30:00,178.52583,162.14977,178.52583,192.82535
2021-08-12 16:00:00,2021-08-12 16:45:00,169.88998,152.29457,169.88998,186.1099
2021-08-12 17:00:00,2021-08-12 17:00:00,119.01524,103.114204,119.01524,135.81412
2021-08-12 17:00:00,2021-08-12 17:15:00,105.19797,87.02761,105.19797,122.808624
2021-08-12 17:00:00,2021-08-12 17:30:00,150.66782,132.3883,150.66782,165.39319
2021-08-12 17:00:00,2021-08-12 17:45:00,164.39897,146.86148,164.39897,178.59985
2021-08-12 18:00:00,2021-08-12 18:00:00,166.73128,156.74867,166.73128,176.604
2021-08-12 18:00:00,2021-08-12 18:15:00,163.99936,152.18494,163.99936,175.75095
2021-08-12 18:00:00,2021-08-12 18:30:00,165.37775,152.29701,165.37775,177.01181
2021-08-12 18:00:00,2021-08-12 18:45:00,166.03284,153.55975,166.03284,178.04314
2021-08-12 19:00:00,2021-08-12 19:00:00,161.28757,150.50327,161.28757,171.37509
2021-08-12 19:00:00,2021-08-12 19:15:00,150.83638,139.29758,150.83638,163.18005
2021-08-12 19:00:00,2021-08-12 19:30:00,149.94504,136.95302,149.94504,162.1735
2021-08-12 19:00:00,2021-08-12 19:45:00,125.16658,111.079895,125.16658,138.81245
2021-08-12 20:00:00,2021-08-12 20:00:00,115.02288,103.751816,115.02288,126.407974
2021-08-12 20:00:00,2021-08-12 20:15:00,119.962326,108.115105,119.962326,131.11327
2021-08-12 20:00:00,2021-08-12 20:30:00,118.29909,106.518265,118.29909,130.03055
2021-08-12 20:00:00,2021-08-12 20:45:00,116.24726,104.31496,116.24726,127.775116
2021-08-12 21:00:00,2021-08-12 21:00:00,118.870804,109.436485,118.870804,127.7798
2021-08-12 21:00:00,2021-08-12 21:15:00,117.41371,107.62891,117.41371,126.57402
2021-08-12 21:00:00,2021-08-12 21:30:00,117.85364,107.53646,117.85364,127.49657
2021-08-12 21:00:00,2021-08-12 21:45:00,116.58534,106.62899,116.58534,126.3683
2021-08-12 22:00:00,2021-08-12 22:00:00,100.61661,92.66686,100.61661,109.09109
2021-08-12 22:00:00,2021-08-12 22:15:00,111.68314,103.28137,111.68314,119.785
2021-08-12 22:00:00,2021-08-12 22:30:00,110.51793,101.56511,110.51793,119.01193
2021-08-12 22:00:00,2021-08-12 22:45:00,108.432915,99.74375,108.432915,117.240906
2021-08-12 23:00:00,2021-08-12 23:00:00,113.19883,104.3012,113.19883,121.03894
2021-08-12 23:00:00,2021-08-12 23:15:00,112.46885,103.2767,112.46885,120.93178
2021-08-12 23:00:00,2021-08-12 23:30:00,109.63672,99.80206,109.63672,118.61751
2021-08-12 23:00:00,2021-08-12 23:45:00,89.18047,77.85692,89.18047,99.53717
2021-08-13 00:00:00,2021-08-13 00:00:00,81.207214,71.43763,81.207214,90.58189
2021-08-13 00:00:00,2021-08-13 00:15:00,80.18401,69.652626,80.18401,89.69537
2021-08-13 00:00:00,2021-08-13 00:30:00,75.192795,64.585976,75.192795,85.3355
2021-08-13 00:00:00,2021-08-13 00:45:00,72.65852,61.175774,72.65852,82.83561
2021-08-13 01:00:00,2021-08-13 01:00:00,93.956924,84.98213,93.956924,103.28899
2021-08-13 01:00:00,2021-08-13 01:15:00,106.240524,97.0542,106.240524,115.26947
2021-08-13 01:00:00,2021-08-13 01:30:00,107.62804,98.13754,107.62804,116.493744
2021-08-13 01:00:00,2021-08-13 01:45:00,105.77457,95.88971,105.77457,114.94383
2021-08-13 02:00:00,2021-08-13 02:00:00,104.795586,97.59013,104.795586,112.34742
2021-08-13 02:00:00,2021-08-13 02:15:00,106.26976,98.63834,106.26976,113.745514
2021-08-13 02:00:00,2021-08-13 02:30:00,107.27099,99.517075,107.27099,114.25775
2021-08-13 02:00:00,2021-08-13 02:45:00,106.5849,98.76907,106.5849,113.96098
2021-08-13 03:00:00,2021-08-13 03:00:00,96.163,87.90608,96.163,104.5853
2021-08-13 03:00:00,2021-08-13 03:15:00,111.65733,103.46103,111.65733,119.46425
2021-08-13 03:00:00,2021-08-13 03:30:00,112.56633,104.1552,112.56633,120.145164
2021-08-13 03:00:00,2021-08-13 03:45:00,110.944786,102.94141,110.944786,118.5063
2021-08-13 04:00:00,2021-08-13 04:00:00,111.1794,102.5338,111.1794,120.62161
2021-08-13 04:00:00,2021-08-13 04:15:00,112.033516,102.7767,112.033516,121.00928
2021-08-13 04:00:00,2021-08-13 04:30:00,109.35465,99.550095,109.35465,118.15995
2021-08-13 04:00:00,2021-08-13 04:45:00,104.65365,94.38692,104.65365,115.506226
2021-08-13 05:00:00,2021-08-13 05:00:00,91.883385,81.55589,91.883385,102.02421
2021-08-13 05:00:00,2021-08-13 05:15:00,85.94469,75.37361,85.94469,96.61452
2021-08-13 05:00:00,2021-08-13 05:30:00,102.79262,92.74377,102.79262,113.67403
2021-08-13 05:00:00,2021-08-13 05:45:00,110.41348,100.22656,110.41348,121.46394
2021-08-13 06:00:00,2021-08-13 06:00:00,111.70192,103.182465,111.70192,120.96429
2021-08-13 06:00:00,2021-08-13 06:15:00,112.76433,104.11988,112.76433,122.55536
2021-08-13 06:00:00,2021-08-13 06:30:00,110.615295,101.27375,110.615295,120.633514
2021-08-13 06:00:00,2021-08-13 06:45:00,113.37463,103.39668,113.37463,123.70459
2021-08-13 07:00:00,2021-08-13 07:00:00,112.43661,102.966,112.43661,122.81714
2021-08-13 07:00:00,2021-08-13 07:15:00,120.70546,110.67749,120.70546,131.71301
2021-08-13 07:00:00,2021-08-13 07:30:00,145.12735,133.2957,145.12735,155.65897
2021-08-13 07:00:00,2021-08-13 07:45:00,151.3012,139.43626,151.3012,162.84824
2021-08-13 08:00:00,2021-08-13 08:00:00,176.26515,164.88834,176.26515,187.31006
2021-08-13 08:00:00,2021-08-13 08:15:00,198.25085,187.36664,198.25085,209.04129
2021-08-13 08:00:00,2021-08-13 08:30:00,201.93266,190.05725,201.93266,211.53354
2021-08-13 08:00:00,2021-08-13 08:45:00,199.55716,189.26404,199.55716,209.61998
2021-08-13 09:00:00,2021-08-13 09:00:00,183.14966,171.65799,183.14966,193.82343
2021-08-13 09:00:00,2021-08-13 09:15:00,182.89844,171.26273,182.89844,192.90381
2021-08-13 09:00:00,2021-08-13 09:30:00,187.98996,176.48038,187.98996,198.1308
2021-08-13 09:00:00,2021-08-13 09:45:00,187.12,175.88756,187.12,198.64447
2021-08-13 10:00:00,2021-08-13 10:00:00,157.08293,144.48418,157.08293,170.63898
2021-08-13 10:00:00,2021-08-13 10:15:00,188.52686,176.81432,188.52686,199.97905
2021-08-13 10:00:00,2021-08-13 10:30:00,192.66208,179.8327,192.66208,203.18973
2021-08-13 10:00:00,2021-08-13 10:45:00,191.37915,179.60132,191.37915,202.50546
2021-08-13 11:00:00,2021-08-13 11:00:00,192.79456,181.58551,192.79456,204.65317
2021-08-13 11:00:00,2021-08-13 11:15:00,194.65045,182.8489,194.65045,206.74332
2021-08-13 11:00:00,2021-08-13 11:30:00,195.9674,183.24963,195.9674,206.98932
2021-08-13 11:00:00,2021-08-13 11:45:00,194.53125,181.41798,194.53125,206.7844
2021-08-13 12:00:00,2021-08-13 12:00:00,130.43436,117.92029,130.43436,143.44598
2021-08-13 12:00:00,2021-08-13 12:15:00,105.26023,92.673416,105.26023,117.34915
2021-08-13 12:00:00,2021-08-13 12:30:00,108.28243,96.730804,108.28243,120.88908
2021-08-13 12:00:00,2021-08-13 12:45:00,111.868744,98.61859,111.868744,124.31529
2021-08-13 13:00:00,2021-08-13 13:00:00,155.04825,143.34421,155.04825,168.87338
2021-08-13 13:00:00,2021-08-13 13:15:00,178.13065,164.83116,178.13065,190.13907
2021-08-13 13:00:00,2021-08-13 13:30:00,189.89856,175.79233,189.89856,201.37103
2021-08-13 13:00:00,2021-08-13 13:45:00,187.21146,174.71523,187.21146,199.06699
2021-08-13 14:00:00,2021-08-13 14:00:00,179.3294,167.81201,179.3294,190.17422
2021-08-13 14:00:00,2021-08-13 14:15:00,182.13242,171.01901,182.13242,193.09834
2021-08-13 14:00:00,2021-08-13 14:30:00,189.9721,177.80559,189.9721,200.48334
2021-08-13 14:00:00,2021-08-13 14:45:00,182.52322,170.94109,182.52322,193.51692
2021-08-13 15:00:00,2021-08-13 15:00:00,136.04117,123.82471,136.04117,149.80087
2021-08-13 15:00:00,2021-08-13 15:15:00,142.83527,130.17166,142.83527,155.85306
2021-08-13 15:00:00,2021-08-13 15:30:00,184.21729,170.14651,184.21729,196.02084
2021-08-13 15:00:00,2021-08-13 15:45:00,180.11133,167.04224,180.11133,191.88274
2021-08-13 16:00:00,2021-08-13 16:00:00,182.10394,170.55692,182.10394,193.61339
2021-08-13 16:00:00,2021-08-13 16:15:00,177.55905,165.46729,177.55905,189.26529
2021-08-13 16:00:00,2021-08-13 16:30:00,175.92023,162.4104,175.92023,187.34341
2021-08-13 16:00:00,2021-08-13 16:45:00,170.19556,156.05252,170.19556,183.55353
2021-08-13 17:00:00,2021-08-13 17:00:00,131.74173,118.35505,131.74173,145.68954
2021-08-13 17:00:00,2021-08-13 17:15:00,112.91697,97.92761,112.91697,128.56357
2021-08-13 17:00:00,2021-08-13 17:30:00,159.92139,144.58331,159.92139,171.88731
2021-08-13 17:00:00,2021-08-13 17:45:00,173.6737,160.68558,173.6737,185.11606
2021-08-13 18:00:00,2021-08-13 18:00:00,178.40964,167.91916,178.40964,187.68
2021-08-13 18:00:00,2021-08-13 18:15:00,173.46701,162.90674,173.46701,183.64368
2021-08-13 18:00:00,2021-08-13 18:30:00,174.69128,163.23749,174.69128,184.53998
2021-08-13 18:00:00,2021-08-13 18:45:00,173.40556,162.0444,173.40556,183.92236
2021-08-13 19:00:00,2021-08-13 19:00:00,167.74847,156.68008,167.74847,177.63484
2021-08-13 19:00:00,2021-08-13 19:15:00,159.80405,148.65402,159.80405,171.40964
2021-08-13 19:00:00,2021-08-13 19:30:00,158.29984,145.82574,158.29984,169.63948
2021-08-13 19:00:00,2021-08-13 19:45:00,133.22559,119.74068,133.22559,145.88602
2021-08-13 20:00:00,2021-08-13 20:00:00,103.16644,93.14877,103.16644,113.8512
2021-08-13 20:00:00,2021-08-13 20:15:00,109.56799,98.90932,109.56799,120.064606
2021-08-13 20:00:00,2021-08-13 20:30:00,107.12342,95.839935,107.12342,118.30937
2021-08-13 20:00:00,2021-08-13 20:45:00,110.32678,98.54261,110.32678,121.00481
2021-08-13 21:00:00,2021-08-13 21:00:00,116.7699,108.07788,116.7699,124.565285
2021-08-13 21:00:00,2021-08-13 21:15:00,113.292946,103.72313,113.292946,121.53055
2021-08-13 21:00:00,2021-08-13 21:30:00,114.01915,104.46835,114.01915,122.55936
2021-08-13 21:00:00,2021-08-13 21:45:00,114.092545,104.79353,114.092545,122.38648
2021-08-13 22:00:00,2021-08-13 22:00:00,101.54776,94.61593,101.54776,108.96129
2021-08-13 22:00:00,2021-08-13 22:15:00,109.9523,102.39715,109.9523,117.23183
2021-08-13 22:00:00,2021-08-13 22:30:00,108.70001,100.39681,108.70001,116.53685
2021-08-13 22:00:00,2021-08-13 22:45:00,108.65317,100.244026,108.65317,116.48253
2021-08-13 23:00:00,2021-08-13 23:00:00,112.902374,105.188644,112.902374,119.64797
2021-08-13 23:00:00,2021-08-13 23:15:00,109.78849,101.31267,109.78849,116.92609
2021-08-13 23:00:00,2021-08-13 23:30:00,106.55014,97.303055,106.55014,114.35324
2021-08-13 23:00:00,2021-08-13 23:45:00,84.3124,73.72998,84.3124,93.683525
2021-08-14 00:00:00,2021-08-14 00:00:00,42.815857,26.830238,42.815857,58.31996
2021-08-14 00:00:00,2021-08-14 00:15:00,41.02352,24.476135,41.02352,61.33915
2021-08-14 00:00:00,2021-08-14 00:30:00,39.48399,20.42878,39.48399,61.81643
2021-08-14 00:00:00,2021-08-14 00:45:00,37.503475,17.264889,37.503475,62.58368
2021-08-14 01:00:00,2021-08-14 01:00:00,71.21747,60.16868,71.21747,82.67363
2021-08-14 01:00:00,2021-08-14 01:15:00,79.11725,66.612274,79.11725,91.25817
2021-08-14 01:00:00,2021-08-14 01:30:00,80.89875,67.33615,80.89875,93.28757
2021-08-14 01:00:00,2021-08-14 01:45:00,79.54154,64.08465,79.54154,93.113556
2021-08-14 02:00:00,2021-08-14 02:00:00,102.76703,93.97657,102.76703,110.82373
2021-08-14 02:00:00,2021-08-14 02:15:00,101.96954,92.28217,101.96954,110.3052
2021-08-14 02:00:00,2021-08-14 02:30:00,101.84736,92.14054,101.84736,110.31506
2021-08-14 02:00:00,2021-08-14 02:45:00,103.98122,94.1043,103.98122,112.34323
2021-08-14 03:00:00,2021-08-14 03:00:00,91.692986,83.365166,91.692986,100.346855
2021-08-14 03:00:00,2021-08-14 03:15:00,105.006584,96.176735,105.006584,112.58146
2021-08-14 03:00:00,2021-08-14 03:30:00,106.659546,97.008896,106.659546,114.69151
2021-08-14 03:00:00,2021-08-14 03:45:00,104.84581,94.489494,104.84581,112.572586
2021-08-14 04:00:00,2021-08-14 04:00:00,97.8013,89.75283,97.8013,105.83669
2021-08-14 04:00:00,2021-08-14 04:15:00,98.01837,88.18273,98.01837,106.29569
2021-08-14 04:00:00,2021-08-14 04:30:00,94.548195,83.65535,94.548195,103.56498
2021-08-14 04:00:00,2021-08-14 04:45:00,91.079185,78.668816,91.079185,102.10986
2021-08-14 05:00:00,2021-08-14 05:00:00,80.988365,70.78201,80.988365,88.771835
2021-08-14 05:00:00,2021-08-14 05:15:00,75.084724,63.79277,75.084724,83.495674
2021-08-14 05:00:00,2021-08-14 05:30:00,91.548355,80.647064,91.548355,100.58068
2021-08-14 05:00:00,2021-08-14 05:45:00,101.106415,89.635025,101.106415,110.36478
2021-08-14 06:00:00,2021-08-14 06:00:00,100.32197,92.73387,100.32197,107.43468
2021-08-14 06:00:00,2021-08-14 06:15:00,101.142944,92.5354,101.142944,109.036026
2021-08-14 06:00:00,2021-08-14 06:30:00,98.57678,88.3822,98.57678,107.29003
2021-08-14 06:00:00,2021-08-14 06:45:00,99.87439,87.45392,99.87439,109.12108
2021-08-14 07:00:00,2021-08-14 07:00:00,90.81636,75.563995,90.81636,100.11006
2021-08-14 07:00:00,2021-08-14 07:15:00,98.65879,80.3074,98.65879,108.46231
2021-08-14 07:00:00,2021-08-14 07:30:00,114.82756,90.43383,114.82756,127.816444
2021-08-14 07:00:00,2021-08-14 07:45:00,124.73668,94.22739,124.73668,140.2794
2021-08-14 08:00:00,2021-08-14 08:00:00,25.006626,20.455002,25.006626,33.463543
2021-08-14 08:00:00,2021-08-14 08:15:00,26.506023,20.223618,26.506023,36.866024
2021-08-14 08:00:00,2021-08-14 08:30:00,27.529305,20.098106,27.529305,40.51183
2021-08-14 08:00:00,2021-08-14 08:45:00,28.27351,20.12627,28.27351,42.070026
2021-08-14 09:00:00,2021-08-14 09:00:00,22.379837,19.980831,22.379837,27.442066
2021-08-14 09:00:00,2021-08-14 09:15:00,22.562267,19.581196,22.562267,28.78384
2021-08-14 09:00:00,2021-08-14 09:30:00,22.988129,19.651302,22.988129,29.85112
2021-08-14 09:00:00,2021-08-14 09:45:00,23.40456,19.670467,23.40456,30.554691
2021-08-14 10:00:00,2021-08-14 10:00:00,22.674652,20.974056,22.674652,24.611195
2021-08-14 10:00:00,2021-08-14 10:15:00,22.604252,20.868454,22.604252,24.768188
2021-08-14 10:00:00,2021-08-14 10:30:00,22.671413,20.866562,22.671413,24.988945
2021-08-14 10:00:00,2021-08-14 10:45:00,22.839134,20.946964,22.839134,24.951954
2021-08-14 11:00:00,2021-08-14 11:00:00,22.075836,20.537262,22.075836,23.78955
2021-08-14 11:00:00,2021-08-14 11:15:00,21.9892,20.572708,21.9892,23.848633
2021-08-14 11:00:00,2021-08-14 11:30:00,22.052216,20.53135,22.052216,23.89336
2021-08-14 11:00:00,2021-08-14 11:45:00,22.25441,20.791523,22.25441,23.888065
2021-08-14 12:00:00,2021-08-14 12:00:00,23.395,21.17617,23.395,26.309395
2021-08-14 12:00:00,2021-08-14 12:15:00,23.341656,21.186253,23.341656,26.448109
2021-08-14 12:00:00,2021-08-14 12:30:00,23.446835,21.254128,23.446835,26.612461
2021-08-14 12:00:00,2021-08-14 12:45:00,23.538857,21.40131,23.538857,26.62476
2021-08-14 13:00:00,2021-08-14 13:00:00,22.342869,21.212238,22.342869,23.616932
2021-08-14 13:00:00,2021-08-14 13:15:00,22.31205,21.127274,22.31205,23.731491
2021-08-14 13:00:00,2021-08-14 13:30:00,22.388016,21.078987,22.388016,23.721237
2021-08-14 13:00:00,2021-08-14 13:45:00,22.370445,21.03284,22.370445,23.66874
2021-08-14 14:00:00,2021-08-14 14:00:00,21.950054,20.925404,21.950054,23.003586
2021-08-14 14:00:00,2021-08-14 14:15:00,21.920921,20.942547,21.920921,23.083286
2021-08-14 14:00:00,2021-08-14 14:30:00,22.037338,20.881615,22.037338,23.134602
2021-08-14 14:00:00,2021-08-14 14:45:00,22.05782,20.8849,22.05782,23.039959
2021-08-14 15:00:00,2021-08-14 15:00:00,22.121319,21.12574,22.121319,23.158138
2021-08-14 15:00:00,2021-08-14 15:15:00,22.080067,21.10614,22.080067,23.302586
2021-08-14 15:00:00,2021-08-14 15:30:00,22.202106,21.082108,22.202106,23.325375
2021-08-14 15:00:00,2021-08-14 15:45:00,22.151749,21.033283,22.151749,23.212048
2021-08-14 16:00:00,2021-08-14 16:00:00,22.795399,20.996185,22.795399,24.862309
2021-08-14 16:00:00,2021-08-14 16:15:00,22.727226,21.028595,22.727226,24.903294
2021-08-14 16:00:00,2021-08-14 16:30:00,22.765831,20.93237,22.765831,24.829147
2021-08-14 16:00:00,2021-08-14 16:45:00,22.77169,20.8591,22.77169,24.700722
2021-08-14 17:00:00,2021-08-14 17:00:00,22.54456,21.390759,22.54456,23.806976
2021-08-14 17:00:00,2021-08-14 17:15:00,22.505669,21.406185,22.505669,23.8628
2021-08-14 17:00:00,2021-08-14 17:30:00,22.648956,21.323189,22.648956,23.949482
2021-08-14 17:00:00,2021-08-14 17:45:00,22.611958,21.27837,22.611958,23.848515
2021-08-14 18:00:00,2021-08-14 18:00:00,21.938423,20.946117,21.938423,22.932232
2021-08-14 18:00:00,2021-08-14 18:15:00,21.906452,20.910858,21.906452,23.007313
2021-08-14 18:00:00,2021-08-14 18:30:00,21.940937,20.864887,21.940937,22.937874
2021-08-14 18:00:00,2021-08-14 18:45:00,21.99279,20.843922,21.99279,22.790813
2021-08-14 19:00:00,2021-08-14 19:00:00,22.093067,21.05775,22.093067,23.128834
2021-08-14 19:00:00,2021-08-14 19:15:00,22.027248,21.101841,22.027248,23.128704
2021-08-14 19:00:00,2021-08-14 19:30:00,22.131954,21.03278,22.131954,23.1353
2021-08-14 19:00:00,2021-08-14 19:45:00,22.102314,20.971874,22.102314,23.035004
2021-08-14 20:00:00,2021-08-14 20:00:00,22.185574,20.718113,22.185574,23.77198
2021-08-14 20:00:00,2021-08-14 20:15:00,22.103928,20.72366,22.103928,23.771866
2021-08-14 20:00:00,2021-08-14 20:30:00,22.201843,20.676949,22.201843,23.72931
2021-08-14 20:00:00,2021-08-14 20:45:00,22.16513,20.558842,22.16513,23.69421
2021-08-14 21:00:00,2021-08-14 21:00:00,22.449589,21.05693,22.449589,23.878723
2021-08-14 21:00:00,2021-08-14 21:15:00,22.379078,21.1097,22.379078,23.858662
2021-08-14 21:00:00,2021-08-14 21:30:00,22.456821,21.069168,22.456821,23.768665
2021-08-14 21:00:00,2021-08-14 21:45:00,22.360569,20.896809,22.360569,23.672
2021-08-14 22:00:00,2021-08-14 22:00:00,22.342148,21.154781,22.342148,23.598862
2021-08-14 22:00:00,2021-08-14 22:15:00,22.277935,21.116932,22.277935,23.631191
2021-08-14 22:00:00,2021-08-14 22:30:00,22.36559,21.090374,22.36559,23.575226
2021-08-14 22:00:00,2021-08-14 22:45:00,22.40078,21.081322,22.40078,23.492477
2021-08-14 23:00:00,2021-08-14 23:00:00,22.165695,20.691143,22.165695,23.862957
2021-08-14 23:00:00,2021-08-14 23:15:00,22.131226,20.7113,22.131226,23.904987
2021-08-14 23:00:00,2021-08-14 23:30:00,22.248386,20.69244,22.248386,23.876522
2021-08-14 23:00:00,2021-08-14 23:45:00,22.36665,20.890251,22.36665,23.871044
2021-08-15 00:00:00,2021-08-15 00:00:00,21.240356,19.596294,21.240356,23.436287
2021-08-15 00:00:00,2021-08-15 00:15:00,21.197216,19.575497,21.197216,23.39141
2021-08-15 00:00:00,2021-08-15 00:30:00,21.319424,19.694649,21.319424,23.519676
2021-08-15 00:00:00,2021-08-15 00:45:00,21.519897,19.864094,21.519897,23.554405
2021-08-15 01:00:00,2021-08-15 01:00:00,21.801105,20.45464,21.801105,23.278854
2021-08-15 01:00:00,2021-08-15 01:15:00,21.707272,20.368374,21.707272,23.258484
2021-08-15 01:00:00,2021-08-15 01:30:00,21.686375,20.375546,21.686375,23.107296
2021-08-15 01:00:00,2021-08-15 01:45:00,21.76744,20.467667,21.76744,23.022087
2021-08-15 02:00:00,2021-08-15 02:00:00,24.496525,20.864868,24.496525,28.533829
2021-08-15 02:00:00,2021-08-15 02:15:00,24.489529,20.915073,24.489529,29.074646
2021-08-15 02:00:00,2021-08-15 02:30:00,24.634052,20.883793,24.634052,29.16692
2021-08-15 02:00:00,2021-08-15 02:45:00,24.685905,20.921024,24.685905,29.111347
2021-08-15 03:00:00,2021-08-15 03:00:00,21.931393,20.448631,21.931393,23.679726
2021-08-15 03:00:00,2021-08-15 03:15:00,21.909084,20.341347,21.909084,23.812927
2021-08-15 03:00:00,2021-08-15 03:30:00,22.03072,20.34174,22.03072,23.78255
2021-08-15 03:00:00,2021-08-15 03:45:00,22.13306,20.536293,22.13306,23.84135
2021-08-15 04:00:00,2021-08-15 04:00:00,21.660225,20.33104,21.660225,23.061256
2021-08-15 04:00:00,2021-08-15 04:15:00,21.597359,20.350185,21.597359,23.068035
2021-08-15 04:00:00,2021-08-15 04:30:00,21.675335,20.293716,21.675335,22.962437
2021-08-15 04:00:00,2021-08-15 04:45:00,21.626629,20.14722,21.626629,22.970448
2021-08-15 05:00:00,2021-08-15 05:00:00,21.705856,20.623306,21.705856,22.69376
2021-08-15 05:00:00,2021-08-15 05:15:00,21.591228,20.598324,21.591228,22.654793
2021-08-15 05:00:00,2021-08-15 05:30:00,21.672512,20.499485,21.672512,22.577412
2021-08-15 05:00:00,2021-08-15 05:45:00,21.613777,20.416267,21.613777,22.549084
2021-08-15 06:00:00,2021-08-15 06:00:00,21.840477,20.495872,21.840477,23.3792
2021-08-15 06:00:00,2021-08-15 06:15:00,21.768997,20.362114,21.768997,23.387234
2021-08-15 06:00:00,2021-08-15 06:30:00,21.803062,20.320164,21.803062,23.221329
2021-08-15 06:00:00,2021-08-15 06:45:00,21.819126,20.249023,21.819126,23.209717
2021-08-15 07:00:00,2021-08-15 07:00:00,22.000053,20.683502,22.000053,23.401665
2021-08-15 07:00:00,2021-08-15 07:15:00,21.93349,20.614616,21.93349,23.52211
2021-08-15 07:00:00,2021-08-15 07:30:00,22.007767,20.588505,22.007767,23.41917
2021-08-15 07:00:00,2021-08-15 07:45:00,22.062614,20.538433,22.062614,23.45065
2021-08-15 08:00:00,2021-08-15 08:00:00,21.829712,20.61232,21.829712,23.23405
2021-08-15 08:00:00,2021-08-15 08:15:00,21.771362,20.605774,21.771362,23.277279
2021-08-15 08:00:00,2021-08-15 08:30:00,21.83797,20.519283,21.83797,23.204166
2021-08-15 08:00:00,2021-08-15 08:45:00,21.790188,20.52449,21.790188,23.185184
2021-08-15 09:00:00,2021-08-15 09:00:00,22.495647,21.058262,22.495647,24.035896
2021-08-15 09:00:00,2021-08-15 09:15:00,22.297455,20.927975,22.297455,23.88269
2021-08-15 09:00:00,2021-08-15 09:30:00,22.194698,20.844788,22.194698,23.574337
2021-08-15 09:00:00,2021-08-15 09:45:00,22.226757,20.819988,22.226757,23.509567
2021-08-15 10:00:00,2021-08-15 10:00:00,21.7958,20.461597,21.7958,23.194618
2021-08-15 10:00:00,2021-08-15 10:15:00,21.758701,20.424446,21.758701,23.315514
2021-08-15 10:00:00,2021-08-15 10:30:00,21.816605,20.36258,21.816605,23.178242
2021-08-15 10:00:00,2021-08-15 10:45:00,21.893917,20.283894,21.893917,23.221771
2021-08-15 11:00:00,2021-08-15 11:00:00,21.988865,20.846851,21.988865,23.200447
2021-08-15 11:00:00,2021-08-15 11:15:00,21.941395,20.845955,21.941395,23.283386
2021-08-15 11:00:00,2021-08-15 11:30:00,21.991287,20.781502,21.991287,23.130829
2021-08-15 11:00:00,2021-08-15 11:45:00,21.997269,20.69418,21.997269,23.132938
2021-08-15 12:00:00,2021-08-15 12:00:00,21.941933,20.789833,21.941933,23.155697
2021-08-15 12:00:00,2021-08-15 12:15:00,21.856346,20.810741,21.856346,23.129032
2021-08-15 12:00:00,2021-08-15 12:30:00,21.911507,20.769413,21.911507,22.957588
2021-08-15 12:00:00,2021-08-15 12:45:00,21.869095,20.617523,21.869095,22.910774
2021-08-15 13:00:00,2021-08-15 13:00:00,22.309246,20.94519,22.309246,23.848915
2021-08-15 13:00:00,2021-08-15 13:15:00,22.051193,20.72284,22.051193,23.670406
2021-08-15 13:00:00,2021-08-15 13:30:00,21.917732,20.592224,21.917732,23.290958
2021-08-15 13:00:00,2021-08-15 13:45:00,21.972733,20.495937,21.972733,23.250416
2021-08-15 14:00:00,2021-08-15 14:00:00,21.869453,20.635838,21.869453,23.249332
2021-08-15 14:00:00,2021-08-15 14:15:00,21.8214,20.634903,21.8214,23.266777
2021-08-15 14:00:00,2021-08-15 14:30:00,21.918484,20.58744,21.918484,23.15794
2021-08-15 14:00:00,2021-08-15 14:45:00,21.938316,20.48196,21.938316,23.19786
2021-08-15 15:00:00,2021-08-15 15:00:00,22.088352,21.05893,22.088352,23.220417
2021-08-15 15:00:00,2021-08-15 15:15:00,22.044487,21.035057,22.044487,23.32082
2021-08-15 15:00:00,2021-08-15 15:30:00,22.133926,20.990429,22.133926,23.202888
2021-08-15 15:00:00,2021-08-15 15:45:00,22.091518,20.91364,22.091518,23.187103
2021-08-15 16:00:00,2021-08-15 16:00:00,21.782658,20.701809,21.782658,22.953762
2021-08-15 16:00:00,2021-08-15 16:15:00,21.707813,20.737667,21.707813,22.931885
2021-08-15 16:00:00,2021-08-15 16:30:00,21.75961,20.664719,21.75961,22.80328
2021-08-15 16:00:00,2021-08-15 16:45:00,21.69722,20.51379,21.69722,22.716251
2021-08-15 17:00:00,2021-08-15 17:00:00,21.883533,20.800468,21.883533,23.033016
2021-08-15 17:00:00,2021-08-15 17:15:00,21.792606,20.791153,21.792606,23.019577
2021-08-15 17:00:00,2021-08-15 17:30:00,21.891598,20.749619,21.891598,22.906929
2021-08-15 17:00:00,2021-08-15 17:45:00,21.841072,20.614788,21.841072,22.897968
2021-08-15 18:00:00,2021-08-15 18:00:00,22.120419,20.986187,22.120419,23.402275
2021-08-15 18:00:00,2021-08-15 18:15:00,22.040577,20.971363,22.040577,23.390003
2021-08-15 18:00:00,2021-08-15 18:30:00,22.091137,20.908478,22.091137,23.187271
2021-08-15 18:00:00,2021-08-15 18:45:00,22.030472,20.747303,22.030472,23.19215
2021-08-15 19:00:00,2021-08-15 19:00:00,22.171062,21.12104,22.171062,23.350563
2021-08-15 19:00:00,2021-08-15 19:15:00,22.112877,21.112244,22.112877,23.370415
2021-08-15 19:00:00,2021-08-15 19:30:00,22.17363,21.058018,22.17363,23.216621
2021-08-15 19:00:00,2021-08-15 19:45:00,22.153717,20.936176,22.153717,23.223831
2021-08-15 20:00:00,2021-08-15 20:00:00,22.1944,20.9441,22.1944,23.62727
2021-08-15 20:00:00,2021-08-15 20:15:00,22.111515,20.951035,22.111515,23.584896
2021-08-15 20:00:00,2021-08-15 20:30:00,22.151531,20.909588,22.151531,23.373554
2021-08-15 20:00:00,2021-08-15 20:45:00,22.097603,20.720627,22.097603,23.383648
2021-08-15 21:00:00,2021-08-15 21:00:00,22.116772,21.199532,22.116772,23.047443
2021-08-15 21:00:00,2021-08-15 21:15:00,22.061836,21.236095,22.061836,23.019753
2021-08-15 21:00:00,2021-08-15 21:30:00,22.170399,21.210838,22.170399,22.85291
2021-08-15 21:00:00,2021-08-15 21:45:00,22.091274,21.017239,22.091274,22.90847
2021-08-15 22:00:00,2021-08-15 22:00:00,22.188099,21.252563,22.188099,23.223255
2021-08-15 22:00:00,2021-08-15 22:15:00,22.132511,21.292244,22.132511,23.219543
2021-08-15 22:00:00,2021-08-15 22:30:00,22.266022,21.21759,22.266022,23.027847
2021-08-15 22:00:00,2021-08-15 22:45:00,22.211712,21.011703,22.211712,23.159916
2021-08-15 23:00:00,2021-08-15 23:00:00,22.347683,21.283215,22.347683,23.662891
2021-08-15 23:00:00,2021-08-15 23:15:00,22.278412,21.288471,22.278412,23.602142
2021-08-15 23:00:00,2021-08-15 23:30:00,22.293571,21.169834,22.293571,23.27803
2021-08-15 23:00:00,2021-08-15 23:45:00,22.179684,20.909237,22.179684,23.307144
2021-08-16 00:00:00,2021-08-16 00:00:00,22.228374,21.070202,22.228374,23.713367
2021-08-16 00:00:00,2021-08-16 00:15:00,22.209389,20.950672,22.209389,23.784237
2021-08-16 00:00:00,2021-08-16 00:30:00,22.216984,21.036327,22.216984,23.609653
2021-08-16 00:00:00,2021-08-16 00:45:00,22.143745,20.851498,22.143745,23.480045
2021-08-16 01:00:00,2021-08-16 01:00:00,22.042301,21.12342,22.042301,22.979282
2021-08-16 01:00:00,2021-08-16 01:15:00,22.028793,21.021454,22.028793,23.056664
2021-08-16 01:00:00,2021-08-16 01:30:00,22.024338,21.01052,22.024338,22.805561
2021-08-16 01:00:00,2021-08-16 01:45:00,21.922894,20.861301,21.922894,22.714806
2021-08-16 02:00:00,2021-08-16 02:00:00,22.012638,21.040405,22.012638,23.103806
2021-08-16 02:00:00,2021-08-16 02:15:00,21.919811,20.915424,21.919811,23.05986
2021-08-16 02:00:00,2021-08-16 02:30:00,21.977837,20.921398,21.977837,22.855206
2021-08-16 02:00:00,2021-08-16 02:45:00,21.90295,20.763824,21.90295,22.847717
2021-08-16 03:00:00,2021-08-16 03:00:00,22.594463,21.284603,22.594463,24.334862
2021-08-16 03:00:00,2021-08-16 03:15:00,22.585712,21.098679,22.585712,24.586212
2021-08-16 03:00:00,2021-08-16 03:30:00,22.535915,21.061539,22.535915,24.321266
2021-08-16 03:00:00,2021-08-16 03:45:00,22.38245,20.984966,22.38245,24.244732
2021-08-16 04:00:00,2021-08-16 04:00:00,22.662273,20.955177,22.662273,23.611427
2021-08-16 04:00:00,2021-08-16 04:15:00,22.301857,20.505993,22.301857,23.4081
2021-08-16 04:00:00,2021-08-16 04:30:00,22.386337,20.819664,22.386337,23.258991
2021-08-16 04:00:00,2021-08-16 04:45:00,22.351933,20.649876,22.351933,22.886711
2021-08-16 05:00:00,2021-08-16 05:00:00,21.855644,19.735065,21.855644,23.589714
2021-08-16 05:00:00,2021-08-16 05:15:00,21.909302,19.74612,21.909302,23.197735
2021-08-16 05:00:00,2021-08-16 05:30:00,21.895142,19.829441,21.895142,22.758476
2021-08-16 05:00:00,2021-08-16 05:45:00,21.89613,19.765842,21.89613,22.716324
2021-08-16 06:00:00,2021-08-16 06:00:00,21.884655,20.340794,21.884655,22.187561
2021-08-16 06:00:00,2021-08-16 06:15:00,21.769691,20.131077,21.769691,21.898502
2021-08-16 06:00:00,2021-08-16 06:30:00,21.902554,20.256077,21.902554,21.825851
2021-08-16 06:00:00,2021-08-16 06:45:00,21.714336,20.295788,21.714336,22.641304
2021-08-16 07:00:00,2021-08-16 07:00:00,21.646446,20.169735,21.646446,22.893429
2021-08-16 07:00:00,2021-08-16 07:15:00,21.90503,20.10292,21.90503,23.009491
2021-08-16 07:00:00,2021-08-16 07:30:00,22.102005,20.250881,22.102005,22.988064
2021-08-16 07:00:00,2021-08-16 07:45:00,22.101555,20.450611,22.101555,23.8093
2021-08-16 08:00:00,2021-08-16 08:00:00,171.65839,156.44167,171.65839,188.3822
2021-08-16 08:00:00,2021-08-16 08:15:00,195.96216,178.9867,195.96216,213.28726
2021-08-16 08:00:00,2021-08-16 08:30:00,203.56944,184.90923,203.56944,219.79503
2021-08-16 08:00:00,2021-08-16 08:45:00,197.45749,179.36107,197.45749,214.0882
2021-08-16 09:00:00,2021-08-16 09:00:00,183.45367,169.79688,183.45367,196.51413
2021-08-16 09:00:00,2021-08-16 09:15:00,178.76315,163.00497,178.76315,191.7747
2021-08-16 09:00:00,2021-08-16 09:30:00,180.02261,161.77039,180.02261,194.61311
2021-08-16 09:00:00,2021-08-16 09:45:00,179.08142,156.85579,179.08142,196.1973
2021-08-16 10:00:00,2021-08-16 10:00:00,155.51456,132.7602,155.51456,171.6753
2021-08-16 10:00:00,2021-08-16 10:15:00,179.55754,153.9711,179.55754,196.63054
2021-08-16 10:00:00,2021-08-16 10:30:00,176.38779,144.55478,176.38779,194.66345
2021-08-16 10:00:00,2021-08-16 10:45:00,177.13078,144.53436,177.13078,196.4193
2021-08-16 11:00:00,2021-08-16 11:00:00,167.66959,149.78754,167.66959,182.79895
2021-08-16 11:00:00,2021-08-16 11:15:00,172.27585,151.22649,172.27585,189.94193
2021-08-16 11:00:00,2021-08-16 11:30:00,173.16943,147.86386,173.16943,192.84738
2021-08-16 11:00:00,2021-08-16 11:45:00,172.19417,141.4221,172.19417,192.96857
2021-08-16 12:00:00,2021-08-16 12:00:00,114.09917,101.164055,114.09917,126.158554
2021-08-16 12:00:00,2021-08-16 12:15:00,96.69884,79.70147,96.69884,109.57859
2021-08-16 12:00:00,2021-08-16 12:30:00,96.39456,78.212234,96.39456,111.306
2021-08-16 12:00:00,2021-08-16 12:45:00,98.96827,77.85655,98.96827,117.13317
2021-08-16 13:00:00,2021-08-16 13:00:00,135.66322,121.36081,135.66322,150.90648
2021-08-16 13:00:00,2021-08-16 13:15:00,157.32874,136.74623,157.32874,172.78421
2021-08-16 13:00:00,2021-08-16 13:30:00,168.40625,145.40523,168.40625,186.37883
2021-08-16 13:00:00,2021-08-16 13:45:00,170.12384,144.35892,170.12384,188.6818
2021-08-16 14:00:00,2021-08-16 14:00:00,150.8295,134.63461,150.8295,164.20673
2021-08-16 14:00:00,2021-08-16 14:15:00,150.41132,132.44951,150.41132,165.6127
2021-08-16 14:00:00,2021-08-16 14:30:00,151.32068,131.01709,151.32068,167.9296
2021-08-16 14:00:00,2021-08-16 14:45:00,150.07059,127.352905,150.07059,167.75647
2021-08-16 15:00:00,2021-08-16 15:00:00,118.66594,108.28461,118.66594,128.7878
2021-08-16 15:00:00,2021-08-16 15:15:00,124.38596,110.49574,124.38596,136.60194
2021-08-16 15:00:00,2021-08-16 15:30:00,151.59251,132.41476,151.59251,166.18893
2021-08-16 15:00:00,2021-08-16 15:45:00,154.53519,131.80446,154.53519,170.62683
2021-08-16 16:00:00,2021-08-16 16:00:00,135.82532,116.3383,135.82532,153.1884
2021-08-16 16:00:00,2021-08-16 16:15:00,136.04039,112.24673,136.04039,158.0759
2021-08-16 16:00:00,2021-08-16 16:30:00,135.0619,107.377945,135.0619,158.54297
2021-08-16 16:00:00,2021-08-16 16:45:00,131.09712,100.76165,131.09712,156.84807
2021-08-16 17:00:00,2021-08-16 17:00:00,100.25981,82.78289,100.25981,116.714745
2021-08-16 17:00:00,2021-08-16 17:15:00,94.018745,70.73379,94.018745,116.86253
2021-08-16 17:00:00,2021-08-16 17:30:00,108.18422,79.12491,108.18422,134.34048
2021-08-16 17:00:00,2021-08-16 17:45:00,113.044716,79.78885,113.044716,142.33589
2021-08-16 18:00:00,2021-08-16 18:00:00,94.63954,82.57608,94.63954,108.79801
2021-08-16 18:00:00,2021-08-16 18:15:00,92.87706,75.46493,92.87706,111.63785
2021-08-16 18:00:00,2021-08-16 18:30:00,92.02479,70.47096,92.02479,114.286316
2021-08-16 18:00:00,2021-08-16 18:45:00,91.203476,66.171295,91.203476,115.37858
2021-08-16 19:00:00,2021-08-16 19:00:00,90.054306,80.809296,90.054306,101.36852
2021-08-16 19:00:00,2021-08-16 19:15:00,89.47921,75.031815,89.47921,104.00346
2021-08-16 19:00:00,2021-08-16 19:30:00,88.26484,70.50031,88.26484,105.710396
2021-08-16 19:00:00,2021-08-16 19:45:00,85.425644,64.6247,85.425644,104.67148
2021-08-16 20:00:00,2021-08-16 20:00:00,82.65948,75.066505,82.65948,91.2863
2021-08-16 20:00:00,2021-08-16 20:15:00,84.7337,74.352264,84.7337,95.50359
2021-08-16 20:00:00,2021-08-16 20:30:00,85.64955,72.597145,85.64955,98.19562
2021-08-16 20:00:00,2021-08-16 20:45:00,87.014595,71.21247,87.014595,101.01988
2021-08-16 21:00:00,2021-08-16 21:00:00,99.96491,90.9791,99.96491,108.333565
2021-08-16 21:00:00,2021-08-16 21:15:00,99.18581,88.554825,99.18581,109.18738
2021-08-16 21:00:00,2021-08-16 21:30:00,97.31357,85.51299,97.31357,108.58113
2021-08-16 21:00:00,2021-08-16 21:45:00,95.988014,81.52535,95.988014,107.634
2021-08-16 22:00:00,2021-08-16 22:00:00,99.87808,93.31141,99.87808,106.131004
2021-08-16 22:00:00,2021-08-16 22:15:00,101.056984,94.04158,101.056984,107.5511
2021-08-16 22:00:00,2021-08-16 22:30:00,100.76498,92.87393,100.76498,107.30438
2021-08-16 22:00:00,2021-08-16 22:45:00,101.741035,93.41181,101.741035,109.11638
2021-08-16 23:00:00,2021-08-16 23:00:00,94.66443,86.99904,94.66443,102.005844
2021-08-16 23:00:00,2021-08-16 23:15:00,93.13413,84.46761,93.13413,101.19023
2021-08-16 23:00:00,2021-08-16 23:30:00,88.582344,79.072426,88.582344,97.234184
2021-08-16 23:00:00,2021-08-16 23:45:00,68.955246,57.948666,68.955246,78.803116
2021-08-17 00:00:00,2021-08-17 00:00:00,79.57742,69.652435,79.57742,87.03326
2021-08-17 00:00:00,2021-08-17 00:15:00,75.07222,63.727505,75.07222,83.697334
2021-08-17 00:00:00,2021-08-17 00:30:00,71.33565,59.33068,71.33565,80.93369
2021-08-17 00:00:00,2021-08-17 00:45:00,69.721436,56.273827,69.721436,80.70053
2021-08-17 01:00:00,2021-08-17 01:00:00,98.36312,88.68516,98.36312,107.452896
2021-08-17 01:00:00,2021-08-17 01:15:00,98.04023,88.96686,98.04023,106.85925
2021-08-17 01:00:00,2021-08-17 01:30:00,96.4158,87.30147,96.4158,104.67438
2021-08-17 01:00:00,2021-08-17 01:45:00,93.59287,83.96989,93.59287,103.249535
2021-08-17 02:00:00,2021-08-17 02:00:00,95.63249,89.223404,95.63249,101.79502
2021-08-17 02:00:00,2021-08-17 02:15:00,95.42587,88.45799,95.42587,101.17143
2021-08-17 02:00:00,2021-08-17 02:30:00,94.832344,87.40477,94.832344,101.08765
2021-08-17 02:00:00,2021-08-17 02:45:00,97.35766,89.52302,97.35766,104.381004
2021-08-17 03:00:00,2021-08-17 03:00:00,89.21392,82.77637,89.21392,95.01365
2021-08-17 03:00:00,2021-08-17 03:15:00,99.58777,93.24068,99.58777,105.37498
2021-08-17 03:00:00,2021-08-17 03:30:00,100.45509,93.90039,100.45509,106.075096
2021-08-17 03:00:00,2021-08-17 03:45:00,98.4177,91.929726,98.4177,104.731
2021-08-17 04:00:00,2021-08-17 04:00:00,95.84343,89.60918,95.84343,102.2282
2021-08-17 04:00:00,2021-08-17 04:15:00,96.2784,89.03237,96.2784,103.66314
2021-08-17 04:00:00,2021-08-17 04:30:00,94.48932,85.52143,94.48932,102.72749
2021-08-17 04:00:00,2021-08-17 04:45:00,93.37221,82.5744,93.37221,103.17952
2021-08-17 05:00:00,2021-08-17 05:00:00,82.77586,73.87945,82.77586,89.621506
2021-08-17 05:00:00,2021-08-17 05:15:00,79.64543,71.249466,79.64543,87.16655
2021-08-17 05:00:00,2021-08-17 05:30:00,91.195656,81.8786,91.195656,99.412186
2021-08-17 05:00:00,2021-08-17 05:45:00,96.08647,86.193275,96.08647,104.929855
2021-08-17 06:00:00,2021-08-17 06:00:00,104.161415,95.890724,104.161415,112.60509
2021-08-17 06:00:00,2021-08-17 06:15:00,105.78006,96.6326,105.78006,114.54448
2021-08-17 06:00:00,2021-08-17 06:30:00,103.25148,93.605125,103.25148,112.42616
2021-08-17 06:00:00,2021-08-17 06:45:00,105.52725,93.95346,105.52725,115.42006
2021-08-17 07:00:00,2021-08-17 07:00:00,97.75288,86.935524,97.75288,107.00457
2021-08-17 07:00:00,2021-08-17 07:15:00,105.83086,91.93202,105.83086,116.46001
2021-08-17 07:00:00,2021-08-17 07:30:00,119.77749,101.44165,119.77749,135.9179
2021-08-17 07:00:00,2021-08-17 07:45:00,126.71695,103.84409,126.71695,146.44928
2021-08-17 08:00:00,2021-08-17 08:00:00,158.37683,145.59021,158.37683,171.64568
2021-08-17 08:00:00,2021-08-17 08:15:00,181.54218,167.39435,181.54218,194.01196
2021-08-17 08:00:00,2021-08-17 08:30:00,186.15274,170.71786,186.15274,198.11305
2021-08-17 08:00:00,2021-08-17 08:45:00,184.98888,170.43134,184.98888,197.2178
2021-08-17 09:00:00,2021-08-17 09:00:00,159.0039,147.04033,159.0039,170.38174
2021-08-17 09:00:00,2021-08-17 09:15:00,161.24786,147.28644,161.24786,173.52228
2021-08-17 09:00:00,2021-08-17 09:30:00,164.34113,149.18051,164.34113,178.08183
2021-08-17 09:00:00,2021-08-17 09:45:00,164.83603,147.53384,164.83603,180.18951
2021-08-17 10:00:00,2021-08-17 10:00:00,137.87277,125.52887,137.87277,150.74284
2021-08-17 10:00:00,2021-08-17 10:15:00,165.63538,152.56949,165.63538,177.06288
2021-08-17 10:00:00,2021-08-17 10:30:00,167.17708,152.95615,167.17708,178.74252
2021-08-17 10:00:00,2021-08-17 10:45:00,166.99744,153.16327,166.99744,179.263
2021-08-17 11:00:00,2021-08-17 11:00:00,164.344,153.03206,164.344,175.82037
2021-08-17 11:00:00,2021-08-17 11:15:00,166.2611,154.36574,166.2611,178.2197
2021-08-17 11:00:00,2021-08-17 11:30:00,166.58698,152.72299,166.58698,178.81825
2021-08-17 11:00:00,2021-08-17 11:45:00,166.47745,151.8623,166.47745,179.72726
2021-08-17 12:00:00,2021-08-17 12:00:00,114.89533,104.86639,114.89533,125.345566
2021-08-17 12:00:00,2021-08-17 12:15:00,92.70924,81.49344,92.70924,102.77813
2021-08-17 12:00:00,2021-08-17 12:30:00,95.04503,84.45554,95.04503,105.76103
2021-08-17 12:00:00,2021-08-17 12:45:00,97.99878,85.40551,97.99878,109.9082
2021-08-17 13:00:00,2021-08-17 13:00:00,160.65817,146.72021,160.65817,175.00436
2021-08-17 13:00:00,2021-08-17 13:15:00,173.22049,158.24672,173.22049,188.27792
2021-08-17 13:00:00,2021-08-17 13:30:00,175.50557,159.23883,175.50557,190.21405
2021-08-17 13:00:00,2021-08-17 13:45:00,173.05206,157.50922,173.05206,188.3479
2021-08-17 14:00:00,2021-08-17 14:00:00,158.51173,148.2106,158.51173,168.03859
2021-08-17 14:00:00,2021-08-17 14:15:00,157.63773,146.48994,157.63773,167.89511
2021-08-17 14:00:00,2021-08-17 14:30:00,159.30602,147.11958,159.30602,170.33356
2021-08-17 14:00:00,2021-08-17 14:45:00,156.15465,143.69565,156.15465,168.54716
2021-08-17 15:00:00,2021-08-17 15:00:00,122.817276,113.332596,122.817276,133.48264
2021-08-17 15:00:00,2021-08-17 15:15:00,131.00705,120.05632,131.00705,141.95126
2021-08-17 15:00:00,2021-08-17 15:30:00,158.831,144.9938,158.831,170.05545
2021-08-17 15:00:00,2021-08-17 15:45:00,158.19092,143.4484,158.19092,170.19199
2021-08-17 16:00:00,2021-08-17 16:00:00,163.1211,151.65155,163.1211,173.78458
2021-08-17 16:00:00,2021-08-17 16:15:00,158.94049,146.55048,158.94049,170.59613
2021-08-17 16:00:00,2021-08-17 16:30:00,153.1832,139.03236,153.1832,165.00145
2021-08-17 16:00:00,2021-08-17 16:45:00,148.99042,133.91824,148.99042,162.70428
2021-08-17 17:00:00,2021-08-17 17:00:00,115.51303,103.44574,115.51303,128.17662
2021-08-17 17:00:00,2021-08-17 17:15:00,101.22582,86.269394,101.22582,115.58856
2021-08-17 17:00:00,2021-08-17 17:30:00,141.14839,126.402756,141.14839,153.06299
2021-08-17 17:00:00,2021-08-17 17:45:00,151.57379,136.67584,151.57379,163.4768
2021-08-17 18:00:00,2021-08-17 18:00:00,142.47328,130.81235,142.47328,153.44247
2021-08-17 18:00:00,2021-08-17 18:15:00,142.15155,129.48035,142.15155,154.34448
2021-08-17 18:00:00,2021-08-17 18:30:00,142.41263,128.29628,142.41263,154.9361
2021-08-17 18:00:00,2021-08-17 18:45:00,141.92596,126.86014,141.92596,155.04001
2021-08-17 19:00:00,2021-08-17 19:00:00,150.0613,139.76013,150.0613,159.29462
2021-08-17 19:00:00,2021-08-17 19:15:00,141.32452,130.60445,141.32452,152.2143
2021-08-17 19:00:00,2021-08-17 19:30:00,137.4678,125.26085,137.4678,148.1715
2021-08-17 19:00:00,2021-08-17 19:45:00,117.52962,104.7148,117.52962,129.831
2021-08-17 20:00:00,2021-08-17 20:00:00,108.31171,99.13095,108.31171,117.71261
2021-08-17 20:00:00,2021-08-17 20:15:00,114.06135,104.013565,114.06135,123.435005
2021-08-17 20:00:00,2021-08-17 20:30:00,111.889626,101.856155,111.889626,122.24989
2021-08-17 20:00:00,2021-08-17 20:45:00,113.92184,103.520325,113.92184,123.61511
2021-08-17 21:00:00,2021-08-17 21:00:00,110.778404,102.66637,110.778404,118.369545
2021-08-17 21:00:00,2021-08-17 21:15:00,107.90169,99.0809,107.90169,116.06617
2021-08-17 21:00:00,2021-08-17 21:30:00,107.09244,98.47015,107.09244,115.548454
2021-08-17 21:00:00,2021-08-17 21:45:00,106.98177,97.924614,106.98177,115.429054
2021-08-17 22:00:00,2021-08-17 22:00:00,98.58906,91.425064,98.58906,106.00842
2021-08-17 22:00:00,2021-08-17 22:15:00,104.90049,97.37284,104.90049,111.9928
2021-08-17 22:00:00,2021-08-17 22:30:00,103.84015,96.10527,103.84015,111.0259
2021-08-17 22:00:00,2021-08-17 22:45:00,104.16986,96.80571,104.16986,111.65936
2021-08-17 23:00:00,2021-08-17 23:00:00,109.32059,100.901085,109.32059,116.702194
2021-08-17 23:00:00,2021-08-17 23:15:00,107.29686,98.20267,107.29686,115.35684
2021-08-17 23:00:00,2021-08-17 23:30:00,104.73537,95.22543,104.73537,113.416
2021-08-17 23:00:00,2021-08-17 23:45:00,84.4674,73.26431,84.4674,94.79715
2021-08-18 00:00:00,2021-08-18 00:00:00,80.16416,70.85005,80.16416,88.578094
2021-08-18 00:00:00,2021-08-18 00:15:00,77.38097,66.72963,77.38097,86.45103
2021-08-18 00:00:00,2021-08-18 00:30:00,73.54455,62.808956,73.54455,83.48197
2021-08-18 00:00:00,2021-08-18 00:45:00,72.1188,60.502384,72.1188,82.687675
2021-08-18 01:00:00,2021-08-18 01:00:00,95.2838,85.597984,95.2838,104.54358
2021-08-18 01:00:00,2021-08-18 01:15:00,104.88278,95.67659,104.88278,113.70123
2021-08-18 01:00:00,2021-08-18 01:30:00,105.49353,95.979614,105.49353,114.43402
2021-08-18 01:00:00,2021-08-18 01:45:00,102.29431,92.1683,102.29431,111.990326
2021-08-18 02:00:00,2021-08-18 02:00:00,101.47288,94.32567,101.47288,109.25545
2021-08-18 02:00:00,2021-08-18 02:15:00,105.01603,97.1242,105.01603,112.499344
2021-08-18 02:00:00,2021-08-18 02:30:00,104.09857,96.31872,104.09857,111.30258
2021-08-18 02:00:00,2021-08-18 02:45:00,103.85658,95.90285,103.85658,111.47034
2021-08-18 03:00:00,2021-08-18 03:00:00,92.617645,85.14963,92.617645,100.48448
2021-08-18 03:00:00,2021-08-18 03:15:00,105.41197,97.76012,105.41197,112.665405
2021-08-18 03:00:00,2021-08-18 03:30:00,105.8768,98.04871,105.8768,113.19325
2021-08-18 03:00:00,2021-08-18 03:45:00,103.52408,96.192184,103.52408,110.92728
2021-08-18 04:00:00,2021-08-18 04:00:00,99.10643,91.019875,99.10643,107.6915
2021-08-18 04:00:00,2021-08-18 04:15:00,100.629715,92.32251,100.629715,109.279594
2021-08-18 04:00:00,2021-08-18 04:30:00,100.6775,91.39298,100.6775,109.24997
2021-08-18 04:00:00,2021-08-18 04:45:00,97.5165,87.51865,97.5165,107.89338
2021-08-18 05:00:00,2021-08-18 05:00:00,80.725006,72.174225,80.725006,88.18019
2021-08-18 05:00:00,2021-08-18 05:15:00,76.489296,68.332504,76.489296,84.629425
2021-08-18 05:00:00,2021-08-18 05:30:00,92.88106,84.40654,92.88106,101.43739
2021-08-18 05:00:00,2021-08-18 05:45:00,101.77765,92.84875,101.77765,110.925606
2021-08-18 06:00:00,2021-08-18 06:00:00,102.16719,94.70375,102.16719,110.17592
2021-08-18 06:00:00,2021-08-18 06:15:00,103.25108,95.153625,103.25108,111.68858
2021-08-18 06:00:00,2021-08-18 06:30:00,102.580185,94.08822,102.580185,111.4997
2021-08-18 06:00:00,2021-08-18 06:45:00,104.0939,94.352516,104.0939,113.50615
2021-08-18 07:00:00,2021-08-18 07:00:00,104.969376,97.00107,104.969376,113.56206
2021-08-18 07:00:00,2021-08-18 07:15:00,116.30304,107.05881,116.30304,125.71246
2021-08-18 07:00:00,2021-08-18 07:30:00,135.48322,124.75767,135.48322,145.49408
2021-08-18 07:00:00,2021-08-18 07:45:00,140.80893,129.54535,140.80893,152.3728
2021-08-18 08:00:00,2021-08-18 08:00:00,150.19649,140.45096,150.19649,161.99815
2021-08-18 08:00:00,2021-08-18 08:15:00,170.63525,158.86353,170.63525,182.1088
2021-08-18 08:00:00,2021-08-18 08:30:00,175.30269,162.17316,175.30269,186.38165
2021-08-18 08:00:00,2021-08-18 08:45:00,173.46521,160.97522,173.46521,184.8789
2021-08-18 09:00:00,2021-08-18 09:00:00,161.1765,150.66638,161.1765,170.88623
2021-08-18 09:00:00,2021-08-18 09:15:00,161.92532,151.13945,161.92532,171.44702
2021-08-18 09:00:00,2021-08-18 09:30:00,165.40933,154.41464,165.40933,175.38156
2021-08-18 09:00:00,2021-08-18 09:45:00,164.69781,153.76758,164.69781,175.82803
2021-08-18 10:00:00,2021-08-18 10:00:00,140.3602,129.20856,140.3602,152.74384
2021-08-18 10:00:00,2021-08-18 10:15:00,164.50458,153.21738,164.50458,175.30545
2021-08-18 10:00:00,2021-08-18 10:30:00,165.88745,153.40842,165.88745,176.3831
2021-08-18 10:00:00,2021-08-18 10:45:00,164.79803,152.95062,164.79803,175.87407
2021-08-18 11:00:00,2021-08-18 11:00:00,168.96187,158.37898,168.96187,180.65805
2021-08-18 11:00:00,2021-08-18 11:15:00,170.37155,159.40842,170.37155,181.93912
2021-08-18 11:00:00,2021-08-18 11:30:00,172.34392,160.0408,172.34392,183.76
2021-08-18 11:00:00,2021-08-18 11:45:00,171.21912,158.58856,171.21912,183.56723
2021-08-18 12:00:00,2021-08-18 12:00:00,115.35457,105.343994,115.35457,126.072205
2021-08-18 12:00:00,2021-08-18 12:15:00,99.84867,88.63156,99.84867,110.266754
2021-08-18 12:00:00,2021-08-18 12:30:00,102.64692,91.49475,102.64692,113.75215
2021-08-18 12:00:00,2021-08-18 12:45:00,112.28638,98.84725,112.28638,124.61597
2021-08-18 13:00:00,2021-08-18 13:00:00,151.54688,140.07391,151.54688,163.83698
2021-08-18 13:00:00,2021-08-18 13:15:00,163.28314,150.68008,163.28314,175.37866
2021-08-18 13:00:00,2021-08-18 13:30:00,168.84628,155.48843,168.84628,180.51938
2021-08-18 13:00:00,2021-08-18 13:45:00,168.14853,156.02713,168.14853,180.33688
2021-08-18 14:00:00,2021-08-18 14:00:00,168.72855,158.12035,168.72855,178.9785
2021-08-18 14:00:00,2021-08-18 14:15:00,165.39214,154.58185,165.39214,175.51407
2021-08-18 14:00:00,2021-08-18 14:30:00,168.12064,156.68866,168.12064,178.26263
2021-08-18 14:00:00,2021-08-18 14:45:00,164.75626,153.2895,164.75626,175.9694
2021-08-18 15:00:00,2021-08-18 15:00:00,135.61234,122.883545,135.61234,149.85458
2021-08-18 15:00:00,2021-08-18 15:15:00,146.87422,133.12703,146.87422,159.7554
2021-08-18 15:00:00,2021-08-18 15:30:00,173.75946,160.00905,173.75946,186.10689
2021-08-18 15:00:00,2021-08-18 15:45:00,172.24776,159.36774,172.24776,184.22617
2021-08-18 16:00:00,2021-08-18 16:00:00,170.16634,158.98639,170.16634,181.40143
2021-08-18 16:00:00,2021-08-18 16:15:00,164.66107,152.96811,164.66107,176.16183
2021-08-18 16:00:00,2021-08-18 16:30:00,163.22067,150.1539,163.22067,174.76855
2021-08-18 16:00:00,2021-08-18 16:45:00,159.02502,145.21957,159.02502,172.49269
2021-08-18 17:00:00,2021-08-18 17:00:00,116.44375,104.03383,116.44375,131.14719
2021-08-18 17:00:00,2021-08-18 17:15:00,101.88083,86.659874,101.88083,118.25864
2021-08-18 17:00:00,2021-08-18 17:30:00,141.28442,126.115585,141.28442,156.00491
2021-08-18 17:00:00,2021-08-18 17:45:00,153.61078,138.53806,153.61078,167.16498
2021-08-18 18:00:00,2021-08-18 18:00:00,180.8241,167.5611,180.8241,194.23795
2021-08-18 18:00:00,2021-08-18 18:15:00,177.5984,164.02127,177.5984,191.63757
2021-08-18 18:00:00,2021-08-18 18:30:00,175.65643,162.5372,175.65643,189.63306
2021-08-18 18:00:00,2021-08-18 18:45:00,174.8143,161.52826,174.8143,188.40866
2021-08-18 19:00:00,2021-08-18 19:00:00,151.16415,140.0954,151.16415,161.73941
2021-08-18 19:00:00,2021-08-18 19:15:00,140.00655,128.12012,140.00655,152.64883
2021-08-18 19:00:00,2021-08-18 19:30:00,135.09879,121.85687,135.09879,147.53195
2021-08-18 19:00:00,2021-08-18 19:45:00,116.82053,104.135895,116.82053,130.49577
2021-08-18 20:00:00,2021-08-18 20:00:00,108.1272,98.33469,108.1272,118.85196
2021-08-18 20:00:00,2021-08-18 20:15:00,115.349655,104.5282,115.349655,125.56009
2021-08-18 20:00:00,2021-08-18 20:30:00,116.608765,105.69118,116.608765,126.96373
2021-08-18 20:00:00,2021-08-18 20:45:00,117.02241,105.934166,117.02241,127.47095
2021-08-18 21:00:00,2021-08-18 21:00:00,112.06607,103.37631,112.06607,120.45557
2021-08-18 21:00:00,2021-08-18 21:15:00,110.39186,101.3039,110.39186,119.27285
2021-08-18 21:00:00,2021-08-18 21:30:00,110.9082,101.79188,110.9082,120.22662
2021-08-18 21:00:00,2021-08-18 21:45:00,108.71695,99.70196,108.71695,117.98825
2021-08-18 22:00:00,2021-08-18 22:00:00,103.2542,95.370094,103.2542,111.68712
2021-08-18 22:00:00,2021-08-18 22:15:00,111.08214,102.7919,111.08214,118.93596
2021-08-18 22:00:00,2021-08-18 22:30:00,111.71469,102.57889,111.71469,120.11413
2021-08-18 22:00:00,2021-08-18 22:45:00,111.22466,102.484375,111.22466,119.57688
2021-08-18 23:00:00,2021-08-18 23:00:00,104.52125,96.2345,104.52125,112.47994
2021-08-18 23:00:00,2021-08-18 23:15:00,102.250496,93.616936,102.250496,110.96428
2021-08-18 23:00:00,2021-08-18 23:30:00,100.81487,91.93273,100.81487,109.654526
2021-08-18 23:00:00,2021-08-18 23:45:00,80.82528,71.06628,80.82528,90.26548
2021-08-19 00:00:00,2021-08-19 00:00:00,78.11142,68.55693,78.11142,87.16757
2021-08-19 00:00:00,2021-08-19 00:15:00,76.152916,65.79038,76.152916,85.49667
2021-08-19 00:00:00,2021-08-19 00:30:00,72.42104,62.463352,72.42104,82.37788
2021-08-19 00:00:00,2021-08-19 00:45:00,71.04512,60.421722,71.04512,81.12433
2021-08-19 01:00:00,2021-08-19 01:00:00,89.458725,80.68444,89.458725,98.9537
2021-08-19 01:00:00,2021-08-19 01:15:00,100.85029,92.27987,100.85029,110.29174
2021-08-19 01:00:00,2021-08-19 01:30:00,104.304634,94.994835,104.304634,113.441895
2021-08-19 01:00:00,2021-08-19 01:45:00,104.21027,94.99568,104.21027,113.67787
2021-08-19 02:00:00,2021-08-19 02:00:00,106.423645,98.721756,106.423645,114.16452
2021-08-19 02:00:00,2021-08-19 02:15:00,107.91355,99.76979,107.91355,115.66366
2021-08-19 02:00:00,2021-08-19 02:30:00,107.9637,99.85767,107.9637,115.64462
2021-08-19 02:00:00,2021-08-19 02:45:00,107.69557,99.51443,107.69557,115.96539
2021-08-19 03:00:00,2021-08-19 03:00:00,95.29631,86.29134,95.29631,105.064766
2021-08-19 03:00:00,2021-08-19 03:15:00,106.92555,98.21338,106.92555,115.93435
2021-08-19 03:00:00,2021-08-19 03:30:00,110.46806,101.31946,110.46806,119.40771
2021-08-19 03:00:00,2021-08-19 03:45:00,108.59818,100.18568,108.59818,117.18852
2021-08-19 04:00:00,2021-08-19 04:00:00,105.54401,97.27373,105.54401,114.536125
2021-08-19 04:00:00,2021-08-19 04:15:00,105.87071,97.57092,105.87071,114.47092
2021-08-19 04:00:00,2021-08-19 04:30:00,104.668106,95.742676,104.668106,112.85701
2021-08-19 04:00:00,2021-08-19 04:45:00,101.10898,91.77252,101.10898,111.11882
2021-08-19 05:00:00,2021-08-19 05:00:00,83.3898,74.91919,83.3898,91.28781
2021-08-19 05:00:00,2021-08-19 05:15:00,78.690544,70.52851,78.690544,87.2212
2021-08-19 05:00:00,2021-08-19 05:30:00,98.390045,89.720215,98.390045,107.405396
2021-08-19 05:00:00,2021-08-19 05:45:00,108.37984,99.39665,108.37984,118.22424
2021-08-19 06:00:00,2021-08-19 06:00:00,108.61418,100.76514,108.61418,116.69632
2021-08-19 06:00:00,2021-08-19 06:15:00,109.02464,101.381805,109.02464,117.34599
2021-08-19 06:00:00,2021-08-19 06:30:00,106.791885,98.43873,106.791885,115.29439
2021-08-19 06:00:00,2021-08-19 06:45:00,108.58601,99.86325,108.58601,117.712616
2021-08-19 07:00:00,2021-08-19 07:00:00,107.141266,98.61386,107.141266,117.09537
2021-08-19 07:00:00,2021-08-19 07:15:00,118.9249,109.24031,118.9249,130.27321
2021-08-19 07:00:00,2021-08-19 07:30:00,144.55505,132.66782,144.55505,155.92758
2021-08-19 07:00:00,2021-08-19 07:45:00,151.35634,139.54265,151.35634,163.5258
2021-08-19 08:00:00,2021-08-19 08:00:00,164.28185,153.37979,164.28185,175.74959
2021-08-19 08:00:00,2021-08-19 08:15:00,184.2846,173.28993,184.2846,195.65807
2021-08-19 08:00:00,2021-08-19 08:30:00,188.60042,176.30908,188.60042,198.98251
2021-08-19 08:00:00,2021-08-19 08:45:00,184.50282,173.57623,184.50282,195.51138
2021-08-19 09:00:00,2021-08-19 09:00:00,165.48694,154.11928,165.48694,176.26306
2021-08-19 09:00:00,2021-08-19 09:15:00,169.71336,158.26169,169.71336,180.8558
2021-08-19 09:00:00,2021-08-19 09:30:00,173.25266,161.07202,173.25266,184.69263
2021-08-19 09:00:00,2021-08-19 09:45:00,171.43755,159.5484,171.43755,183.86057
2021-08-19 10:00:00,2021-08-19 10:00:00,143.3393,130.45947,143.3393,156.79996
2021-08-19 10:00:00,2021-08-19 10:15:00,174.77966,162.72707,174.77966,186.56506
2021-08-19 10:00:00,2021-08-19 10:30:00,174.94702,161.70103,174.94702,185.92877
2021-08-19 10:00:00,2021-08-19 10:45:00,174.6131,162.66672,174.6131,186.0028
2021-08-19 11:00:00,2021-08-19 11:00:00,176.29965,165.43431,176.29965,188.70432
2021-08-19 11:00:00,2021-08-19 11:15:00,178.77011,167.30908,178.77011,190.86728
2021-08-19 11:00:00,2021-08-19 11:30:00,183.47185,170.72531,183.47185,195.6195
2021-08-19 11:00:00,2021-08-19 11:45:00,181.8009,168.7284,181.8009,194.36755
2021-08-19 12:00:00,2021-08-19 12:00:00,118.7827,108.06566,118.7827,130.78348
2021-08-19 12:00:00,2021-08-19 12:15:00,102.11537,90.37329,102.11537,113.27339
2021-08-19 12:00:00,2021-08-19 12:30:00,104.319214,92.29475,104.319214,116.21622
2021-08-19 12:00:00,2021-08-19 12:45:00,119.521515,105.566246,119.521515,133.37155
2021-08-19 13:00:00,2021-08-19 13:00:00,158.73592,146.57242,158.73592,171.7113
2021-08-19 13:00:00,2021-08-19 13:15:00,172.97275,159.90707,172.97275,185.62732
2021-08-19 13:00:00,2021-08-19 13:30:00,176.64282,162.57935,176.64282,188.74057
2021-08-19 13:00:00,2021-08-19 13:45:00,175.69272,163.12018,175.69272,188.54465
2021-08-19 14:00:00,2021-08-19 14:00:00,172.81778,161.23415,172.81778,184.2349
2021-08-19 14:00:00,2021-08-19 14:15:00,170.30215,158.49887,170.30215,181.81143
2021-08-19 14:00:00,2021-08-19 14:30:00,172.13875,159.2753,172.13875,183.73088
2021-08-19 14:00:00,2021-08-19 14:45:00,169.41824,156.92017,169.41824,181.97833
2021-08-19 15:00:00,2021-08-19 15:00:00,135.78922,122.723694,135.78922,150.5844
2021-08-19 15:00:00,2021-08-19 15:15:00,154.8051,140.53568,154.8051,167.71616
2021-08-19 15:00:00,2021-08-19 15:30:00,178.28601,164.47922,178.28601,190.96355
2021-08-19 15:00:00,2021-08-19 15:45:00,177.7539,164.92351,177.7539,189.72122
2021-08-19 16:00:00,2021-08-19 16:00:00,172.8262,160.95964,172.8262,184.54147
2021-08-19 16:00:00,2021-08-19 16:15:00,168.1738,156.35669,168.1738,180.43686
2021-08-19 16:00:00,2021-08-19 16:30:00,160.95383,147.5956,160.95383,172.6253
2021-08-19 16:00:00,2021-08-19 16:45:00,157.78018,144.4938,157.78018,171.23782
2021-08-19 17:00:00,2021-08-19 17:00:00,121.24918,109.84197,121.24918,133.92044
2021-08-19 17:00:00,2021-08-19 17:15:00,107.26959,94.257256,107.26959,121.2814
2021-08-19 17:00:00,2021-08-19 17:30:00,148.96854,135.7811,148.96854,160.26675
2021-08-19 17:00:00,2021-08-19 17:45:00,161.07507,149.41345,161.07507,172.13202
2021-08-19 18:00:00,2021-08-19 18:00:00,159.02606,148.53279,159.02606,169.97873
2021-08-19 18:00:00,2021-08-19 18:15:00,162.02332,151.70111,162.02332,173.41766
2021-08-19 18:00:00,2021-08-19 18:30:00,164.5566,153.84848,164.5566,175.60535
2021-08-19 18:00:00,2021-08-19 18:45:00,159.06989,147.97314,159.06989,170.26459
2021-08-19 19:00:00,2021-08-19 19:00:00,152.36104,142.11601,152.36104,161.7546
2021-08-19 19:00:00,2021-08-19 19:15:00,145.86803,135.45923,145.86803,156.92337
2021-08-19 19:00:00,2021-08-19 19:30:00,137.38931,125.578964,137.38931,148.1101
2021-08-19 19:00:00,2021-08-19 19:45:00,119.774536,108.717514,119.774536,131.27118
2021-08-19 20:00:00,2021-08-19 20:00:00,117.09524,108.163826,117.09524,125.54889
2021-08-19 20:00:00,2021-08-19 20:15:00,121.03461,111.769684,121.03461,129.41852
2021-08-19 20:00:00,2021-08-19 20:30:00,120.83734,111.11352,120.83734,129.48978
2021-08-19 20:00:00,2021-08-19 20:45:00,119.50821,110.04507,119.50821,128.3669
2021-08-19 21:00:00,2021-08-19 21:00:00,117.21777,108.856094,117.21777,125.086426
2021-08-19 21:00:00,2021-08-19 21:15:00,116.18689,107.90227,116.18689,123.86646
2021-08-19 21:00:00,2021-08-19 21:30:00,116.20357,107.49008,116.20357,124.21419
2021-08-19 21:00:00,2021-08-19 21:45:00,114.34319,105.85094,114.34319,122.44771
2021-08-19 22:00:00,2021-08-19 22:00:00,103.321594,95.75955,103.321594,111.50042
2021-08-19 22:00:00,2021-08-19 22:15:00,116.18996,108.305,116.18996,123.533066
2021-08-19 22:00:00,2021-08-19 22:30:00,115.695244,107.25681,115.695244,123.08905
2021-08-19 22:00:00,2021-08-19 22:45:00,113.00685,104.75433,113.00685,120.63782
2021-08-19 23:00:00,2021-08-19 23:00:00,111.23577,103.67015,111.23577,118.31865
2021-08-19 23:00:00,2021-08-19 23:15:00,109.89627,102.14465,109.89627,117.25716
2021-08-19 23:00:00,2021-08-19 23:30:00,106.476265,98.09484,106.476265,114.309525
2021-08-19 23:00:00,2021-08-19 23:45:00,88.877625,80.16639,88.877625,97.75614
2021-08-20 00:00:00,2021-08-20 00:00:00,81.91227,73.66597,81.91227,89.52424
2021-08-20 00:00:00,2021-08-20 00:15:00,78.33515,69.17399,78.33515,86.40114
2021-08-20 00:00:00,2021-08-20 00:30:00,73.704926,64.441475,73.704926,82.385826
2021-08-20 00:00:00,2021-08-20 00:45:00,70.92284,61.251717,70.92284,79.70294
2021-08-20 01:00:00,2021-08-20 01:00:00,89.94588,82.82158,89.94588,98.004745
2021-08-20 01:00:00,2021-08-20 01:15:00,103.013016,95.71817,103.013016,110.52074
2021-08-20 01:00:00,2021-08-20 01:30:00,107.41849,99.798004,107.41849,114.52887
2021-08-20 01:00:00,2021-08-20 01:45:00,109.113174,101.87939,109.113174,116.61241
2021-08-20 02:00:00,2021-08-20 02:00:00,105.904175,99.03178,105.904175,113.01163
2021-08-20 02:00:00,2021-08-20 02:15:00,108.634735,101.03584,108.634735,115.85945
2021-08-20 02:00:00,2021-08-20 02:30:00,107.35072,99.70996,107.35072,114.42774
2021-08-20 02:00:00,2021-08-20 02:45:00,109.36357,101.30257,109.36357,116.78418
2021-08-20 03:00:00,2021-08-20 03:00:00,94.850174,87.40011,94.850174,102.96396
2021-08-20 03:00:00,2021-08-20 03:15:00,107.51966,99.84514,107.51966,114.78778
2021-08-20 03:00:00,2021-08-20 03:30:00,110.7942,102.90909,110.7942,118.09937
2021-08-20 03:00:00,2021-08-20 03:45:00,107.87411,100.49483,107.87411,114.831924
2021-08-20 04:00:00,2021-08-20 04:00:00,103.901764,97.20105,103.901764,111.28706
2021-08-20 04:00:00,2021-08-20 04:15:00,105.69368,98.683655,105.69368,112.553696
2021-08-20 04:00:00,2021-08-20 04:30:00,105.08969,97.759254,105.08969,111.73271
2021-08-20 04:00:00,2021-08-20 04:45:00,101.008575,93.40015,101.008575,109.50282
2021-08-20 05:00:00,2021-08-20 05:00:00,84.87957,76.15521,84.87957,93.214355
2021-08-20 05:00:00,2021-08-20 05:15:00,79.62988,70.92359,79.62988,88.428024
2021-08-20 05:00:00,2021-08-20 05:30:00,96.61433,87.94687,96.61433,105.677246
2021-08-20 05:00:00,2021-08-20 05:45:00,105.98605,97.3211,105.98605,115.42732
2021-08-20 06:00:00,2021-08-20 06:00:00,105.85207,98.380585,105.85207,113.68321
2021-08-20 06:00:00,2021-08-20 06:15:00,107.29129,99.85426,107.29129,115.56773
2021-08-20 06:00:00,2021-08-20 06:30:00,104.75746,96.572655,104.75746,113.17914
2021-08-20 06:00:00,2021-08-20 06:45:00,104.29217,95.391396,104.29217,113.14754
2021-08-20 07:00:00,2021-08-20 07:00:00,106.08179,97.7045,106.08179,115.5074
2021-08-20 07:00:00,2021-08-20 07:15:00,119.87688,110.60739,119.87688,130.34901
2021-08-20 07:00:00,2021-08-20 07:30:00,143.19382,131.70895,143.19382,153.96909
2021-08-20 07:00:00,2021-08-20 07:45:00,147.02676,135.38495,147.02676,158.83163
2021-08-20 08:00:00,2021-08-20 08:00:00,161.20773,150.31302,161.20773,172.4002
2021-08-20 08:00:00,2021-08-20 08:15:00,178.52917,167.72433,178.52917,189.71031
2021-08-20 08:00:00,2021-08-20 08:30:00,182.60767,170.63043,182.60767,192.84114
2021-08-20 08:00:00,2021-08-20 08:45:00,176.98444,166.2432,176.98444,188.12115
2021-08-20 09:00:00,2021-08-20 09:00:00,169.96147,160.03445,169.96147,179.55453
2021-08-20 09:00:00,2021-08-20 09:15:00,172.89552,163.49284,172.89552,182.14166
2021-08-20 09:00:00,2021-08-20 09:30:00,177.10739,167.30457,177.10739,186.26195
2021-08-20 09:00:00,2021-08-20 09:45:00,175.35423,165.81767,175.35423,185.526
2021-08-20 10:00:00,2021-08-20 10:00:00,141.6683,130.56023,141.6683,153.88972
2021-08-20 10:00:00,2021-08-20 10:15:00,170.43356,160.30399,170.43356,180.7627
2021-08-20 10:00:00,2021-08-20 10:30:00,170.95355,159.27817,170.95355,180.7742
2021-08-20 10:00:00,2021-08-20 10:45:00,171.38663,160.96649,171.38663,181.59183
2021-08-20 11:00:00,2021-08-20 11:00:00,171.42224,161.67343,171.42224,182.21574
2021-08-20 11:00:00,2021-08-20 11:15:00,174.55025,164.2514,174.55025,185.1536
2021-08-20 11:00:00,2021-08-20 11:30:00,177.59253,165.81003,177.59253,187.92249
2021-08-20 11:00:00,2021-08-20 11:45:00,173.71323,161.9068,173.71323,185.2491
2021-08-20 12:00:00,2021-08-20 12:00:00,123.127884,111.57437,123.127884,135.49728
2021-08-20 12:00:00,2021-08-20 12:15:00,104.65538,92.78288,104.65538,116.58457
2021-08-20 12:00:00,2021-08-20 12:30:00,104.1668,91.33894,104.1668,117.07454
2021-08-20 12:00:00,2021-08-20 12:45:00,126.84303,112.70734,126.84303,142.14749
2021-08-20 13:00:00,2021-08-20 13:00:00,170.54034,157.74307,170.54034,182.32726
2021-08-20 13:00:00,2021-08-20 13:15:00,175.34116,163.56203,175.34116,186.77147
2021-08-20 13:00:00,2021-08-20 13:30:00,174.66113,161.70895,174.66113,185.4201
2021-08-20 13:00:00,2021-08-20 13:45:00,175.30228,163.86191,175.30228,187.0583
2021-08-20 14:00:00,2021-08-20 14:00:00,178.95871,168.44453,178.95871,189.12347
2021-08-20 14:00:00,2021-08-20 14:15:00,172.50504,161.85626,172.50504,182.15958
2021-08-20 14:00:00,2021-08-20 14:30:00,172.98982,161.04749,172.98982,182.68265
2021-08-20 14:00:00,2021-08-20 14:45:00,175.17618,164.39575,175.17618,185.6727
2021-08-20 15:00:00,2021-08-20 15:00:00,137.17654,124.144424,137.17654,150.95865
2021-08-20 15:00:00,2021-08-20 15:15:00,164.35449,151.04756,164.35449,176.22995
2021-08-20 15:00:00,2021-08-20 15:30:00,179.49484,166.5939,179.49484,191.42435
2021-08-20 15:00:00,2021-08-20 15:45:00,176.92863,165.15126,176.92863,187.9267
2021-08-20 16:00:00,2021-08-20 16:00:00,169.74542,158.25238,169.74542,180.74263
2021-08-20 16:00:00,2021-08-20 16:15:00,166.4613,154.94278,166.4613,178.4833
2021-08-20 16:00:00,2021-08-20 16:30:00,161.11566,148.29037,161.11566,172.40564
2021-08-20 16:00:00,2021-08-20 16:45:00,155.70096,142.71867,155.70096,168.73294
2021-08-20 17:00:00,2021-08-20 17:00:00,122.073395,110.86062,122.073395,133.86931
2021-08-20 17:00:00,2021-08-20 17:15:00,105.58885,93.11804,105.58885,118.58841
2021-08-20 17:00:00,2021-08-20 17:30:00,146.26556,133.60924,146.26556,156.69034
2021-08-20 17:00:00,2021-08-20 17:45:00,158.33368,147.46631,158.33368,168.33069
2021-08-20 18:00:00,2021-08-20 18:00:00,162.77126,152.02835,162.77126,173.25073
2021-08-20 18:00:00,2021-08-20 18:15:00,161.52008,150.94345,161.52008,172.5054
2021-08-20 18:00:00,2021-08-20 18:30:00,164.13222,152.7759,164.13222,174.48978
2021-08-20 18:00:00,2021-08-20 18:45:00,159.96558,148.91702,159.96558,170.63861
2021-08-20 19:00:00,2021-08-20 19:00:00,154.45143,144.43042,154.45143,163.19159
2021-08-20 19:00:00,2021-08-20 19:15:00,147.67941,138.12045,147.67941,157.8953
2021-08-20 19:00:00,2021-08-20 19:30:00,140.03288,129.15688,140.03288,149.8648
2021-08-20 19:00:00,2021-08-20 19:45:00,122.696976,112.37439,122.696976,133.27591
2021-08-20 20:00:00,2021-08-20 20:00:00,102.66079,94.00741,102.66079,112.07309
2021-08-20 20:00:00,2021-08-20 20:15:00,110.5518,101.04559,110.5518,119.32753
2021-08-20 20:00:00,2021-08-20 20:30:00,116.300156,106.252335,116.300156,125.080795
2021-08-20 20:00:00,2021-08-20 20:45:00,113.43861,103.79846,113.43861,122.18724
2021-08-20 21:00:00,2021-08-20 21:00:00,113.28117,104.78113,113.28117,121.156006
2021-08-20 21:00:00,2021-08-20 21:15:00,112.41017,103.84462,112.41017,120.31598
2021-08-20 21:00:00,2021-08-20 21:30:00,112.72614,103.636154,112.72614,121.101814
2021-08-20 21:00:00,2021-08-20 21:45:00,111.27271,102.06783,111.27271,119.59938
2021-08-20 22:00:00,2021-08-20 22:00:00,99.253044,91.28187,99.253044,107.31857
2021-08-20 22:00:00,2021-08-20 22:15:00,113.06914,104.93581,113.06914,120.144135
2021-08-20 22:00:00,2021-08-20 22:30:00,114.365906,106.016815,114.365906,121.563934
2021-08-20 22:00:00,2021-08-20 22:45:00,113.04232,104.5038,113.04232,120.09789
2021-08-20 23:00:00,2021-08-20 23:00:00,110.10753,102.81726,110.10753,116.87161
2021-08-20 23:00:00,2021-08-20 23:15:00,107.59709,99.67497,107.59709,114.677475
2021-08-20 23:00:00,2021-08-20 23:30:00,101.312546,92.98249,101.312546,108.79413
2021-08-20 23:00:00,2021-08-20 23:45:00,86.03332,76.72476,86.03332,95.22751
2021-08-21 00:00:00,2021-08-21 00:00:00,68.696594,59.75267,68.696594,76.32764
2021-08-21 00:00:00,2021-08-21 00:15:00,65.351295,56.541935,65.351295,73.73243
2021-08-21 00:00:00,2021-08-21 00:30:00,63.14356,54.376972,63.14356,71.32881
2021-08-21 00:00:00,2021-08-21 00:45:00,62.91217,53.262383,62.91217,71.38848
2021-08-21 01:00:00,2021-08-21 01:00:00,81.7163,74.91503,81.7163,89.2444
2021-08-21 01:00:00,2021-08-21 01:15:00,96.44526,89.29724,96.44526,103.60813
2021-08-21 01:00:00,2021-08-21 01:30:00,102.94446,95.4601,102.94446,109.8914
2021-08-21 01:00:00,2021-08-21 01:45:00,103.56109,96.268555,103.56109,110.46323
2021-08-21 02:00:00,2021-08-21 02:00:00,101.47139,94.04233,101.47139,108.687744
2021-08-21 02:00:00,2021-08-21 02:15:00,102.28029,94.609406,102.28029,109.42239
2021-08-21 02:00:00,2021-08-21 02:30:00,101.68972,93.865135,101.68972,108.48302
2021-08-21 02:00:00,2021-08-21 02:45:00,100.43496,92.65637,100.43496,107.44377
2021-08-21 03:00:00,2021-08-21 03:00:00,87.5496,80.35823,87.5496,95.0182
2021-08-21 03:00:00,2021-08-21 03:15:00,94.41312,87.32367,94.41312,101.504974
2021-08-21 03:00:00,2021-08-21 03:30:00,97.31739,89.948654,97.31739,104.09572
2021-08-21 03:00:00,2021-08-21 03:45:00,97.469696,90.26068,97.469696,104.25945
2021-08-21 04:00:00,2021-08-21 04:00:00,98.87729,91.95298,98.87729,105.263054
2021-08-21 04:00:00,2021-08-21 04:15:00,98.08441,91.120285,98.08441,104.65163
2021-08-21 04:00:00,2021-08-21 04:30:00,97.99428,90.96802,97.99428,104.486115
2021-08-21 04:00:00,2021-08-21 04:45:00,96.3826,88.8141,96.3826,102.684845
2021-08-21 05:00:00,2021-08-21 05:00:00,89.78691,83.539444,89.78691,97.00975
2021-08-21 05:00:00,2021-08-21 05:15:00,84.87318,76.63857,84.87318,93.54196
2021-08-21 05:00:00,2021-08-21 05:30:00,101.69192,93.21791,101.69192,111.23054
2021-08-21 05:00:00,2021-08-21 05:45:00,110.412735,101.065445,110.412735,119.84848
2021-08-21 06:00:00,2021-08-21 06:00:00,111.862854,101.56734,111.862854,118.49866
2021-08-21 06:00:00,2021-08-21 06:15:00,115.134445,98.469925,115.134445,123.928375
2021-08-21 06:00:00,2021-08-21 06:30:00,117.80133,91.6707,117.80133,128.85565
2021-08-21 06:00:00,2021-08-21 06:45:00,119.16652,81.96179,119.16652,130.01038
2021-08-21 07:00:00,2021-08-21 07:00:00,76.32398,64.30285,76.32398,85.22339
2021-08-21 07:00:00,2021-08-21 07:15:00,61.266144,46.75746,61.266144,73.97561
2021-08-21 07:00:00,2021-08-21 07:30:00,37.257786,26.288292,37.257786,53.084263
2021-08-21 07:00:00,2021-08-21 07:45:00,25.108849,20.371384,25.108849,38.32188
2021-08-21 08:00:00,2021-08-21 08:00:00,24.152771,20.64524,24.152771,28.343521
2021-08-21 08:00:00,2021-08-21 08:15:00,22.767666,19.565666,22.767666,26.609638
2021-08-21 08:00:00,2021-08-21 08:30:00,22.06689,19.044037,22.06689,25.837494
2021-08-21 08:00:00,2021-08-21 08:45:00,22.114964,19.271072,22.114964,25.356468
2021-08-21 09:00:00,2021-08-21 09:00:00,21.768532,19.643745,21.768532,24.006405
2021-08-21 09:00:00,2021-08-21 09:15:00,21.594135,19.568012,21.594135,23.860485
2021-08-21 09:00:00,2021-08-21 09:30:00,21.71416,19.6725,21.71416,23.992134
2021-08-21 09:00:00,2021-08-21 09:45:00,21.876701,19.803085,21.876701,23.905037
2021-08-21 10:00:00,2021-08-21 10:00:00,21.769497,20.460777,21.769497,22.984364
2021-08-21 10:00:00,2021-08-21 10:15:00,21.658718,20.364182,21.658718,22.98188
2021-08-21 10:00:00,2021-08-21 10:30:00,21.712402,20.30503,21.712402,22.984222
2021-08-21 10:00:00,2021-08-21 10:45:00,21.815086,20.375198,21.815086,22.909416
2021-08-21 11:00:00,2021-08-21 11:00:00,22.01632,21.020481,22.01632,23.00048
2021-08-21 11:00:00,2021-08-21 11:15:00,21.936264,20.89841,21.936264,23.030087
2021-08-21 11:00:00,2021-08-21 11:30:00,22.01477,20.827026,22.01477,23.05849
2021-08-21 11:00:00,2021-08-21 11:45:00,21.989677,20.843792,21.989677,22.944798
2021-08-21 12:00:00,2021-08-21 12:00:00,22.094013,20.647465,22.094013,23.615147
2021-08-21 12:00:00,2021-08-21 12:15:00,21.922516,20.497025,21.922516,23.445694
2021-08-21 12:00:00,2021-08-21 12:30:00,21.885662,20.517792,21.885662,23.27351
2021-08-21 12:00:00,2021-08-21 12:45:00,22.071426,20.708199,22.071426,23.203686
2021-08-21 13:00:00,2021-08-21 13:00:00,22.085552,20.912724,22.085552,23.254246
2021-08-21 13:00:00,2021-08-21 13:15:00,22.02557,20.814594,22.02557,23.2799
2021-08-21 13:00:00,2021-08-21 13:30:00,22.090092,20.882282,22.090092,23.263329
2021-08-21 13:00:00,2021-08-21 13:45:00,22.169792,20.93811,22.169792,23.17395
2021-08-21 14:00:00,2021-08-21 14:00:00,21.9286,20.896881,21.9286,22.909348
2021-08-21 14:00:00,2021-08-21 14:15:00,21.856384,20.819206,21.856384,22.899052
2021-08-21 14:00:00,2021-08-21 14:30:00,21.972507,20.841488,21.972507,22.94527
2021-08-21 14:00:00,2021-08-21 14:45:00,21.915485,20.758072,21.915485,22.831493
2021-08-21 15:00:00,2021-08-21 15:00:00,22.972248,21.2305,22.972248,24.856651
2021-08-21 15:00:00,2021-08-21 15:15:00,23.10646,21.241882,23.10646,25.130493
2021-08-21 15:00:00,2021-08-21 15:30:00,23.249466,21.40493,23.249466,25.295849
2021-08-21 15:00:00,2021-08-21 15:45:00,22.960888,21.215809,22.960888,24.805965
2021-08-21 16:00:00,2021-08-21 16:00:00,22.298927,20.904919,22.298927,23.79087
2021-08-21 16:00:00,2021-08-21 16:15:00,22.14413,20.809155,22.14413,23.64759
2021-08-21 16:00:00,2021-08-21 16:30:00,22.138802,20.7939,22.138802,23.527992
2021-08-21 16:00:00,2021-08-21 16:45:00,22.166382,20.878574,22.166382,23.385223
2021-08-21 17:00:00,2021-08-21 17:00:00,22.036953,21.001774,22.036953,22.981102
2021-08-21 17:00:00,2021-08-21 17:15:00,21.930279,20.964931,21.930279,22.946327
2021-08-21 17:00:00,2021-08-21 17:30:00,22.041382,20.942879,22.041382,22.985527
2021-08-21 17:00:00,2021-08-21 17:45:00,22.01212,20.898205,22.01212,22.932594
2021-08-21 18:00:00,2021-08-21 18:00:00,22.075932,21.06232,22.075932,23.022858
2021-08-21 18:00:00,2021-08-21 18:15:00,21.99102,21.031586,21.99102,22.980267
2021-08-21 18:00:00,2021-08-21 18:30:00,22.038471,21.015236,22.038471,22.933014
2021-08-21 18:00:00,2021-08-21 18:45:00,21.987373,20.93097,21.987373,22.80294
2021-08-21 19:00:00,2021-08-21 19:00:00,23.016876,21.1926,23.016876,24.968288
2021-08-21 19:00:00,2021-08-21 19:15:00,22.728981,20.991272,22.728981,24.68166
2021-08-21 19:00:00,2021-08-21 19:30:00,22.48423,20.801765,22.48423,24.266804
2021-08-21 19:00:00,2021-08-21 19:45:00,22.465889,20.805275,22.465889,24.090946
2021-08-21 20:00:00,2021-08-21 20:00:00,22.176945,20.82108,22.176945,23.502949
2021-08-21 20:00:00,2021-08-21 20:15:00,22.13321,20.85812,22.13321,23.516495
2021-08-21 20:00:00,2021-08-21 20:30:00,22.243332,20.878914,22.243332,23.499813
2021-08-21 20:00:00,2021-08-21 20:45:00,22.218796,20.859966,22.218796,23.489746
2021-08-21 21:00:00,2021-08-21 21:00:00,22.238678,21.216423,22.238678,23.241425
2021-08-21 21:00:00,2021-08-21 21:15:00,22.177452,21.175697,22.177452,23.228943
2021-08-21 21:00:00,2021-08-21 21:30:00,22.237831,21.176117,22.237831,23.139885
2021-08-21 21:00:00,2021-08-21 21:45:00,22.18018,21.046043,22.18018,23.056862
2021-08-21 22:00:00,2021-08-21 22:00:00,22.640804,21.198711,22.640804,23.942959
2021-08-21 22:00:00,2021-08-21 22:15:00,22.832966,21.266174,22.832966,24.426926
2021-08-21 22:00:00,2021-08-21 22:30:00,22.693989,21.222286,22.693989,24.064465
2021-08-21 22:00:00,2021-08-21 22:45:00,22.473614,21.149261,22.473614,23.60445
2021-08-21 23:00:00,2021-08-21 23:00:00,23.105072,21.303585,23.105072,25.023945
2021-08-21 23:00:00,2021-08-21 23:15:00,23.181755,21.288746,23.181755,25.162853
2021-08-21 23:00:00,2021-08-21 23:30:00,23.06511,21.170296,23.06511,24.948582
2021-08-21 23:00:00,2021-08-21 23:45:00,22.842384,20.993279,22.842384,24.575153
2021-08-22 00:00:00,2021-08-22 00:00:00,22.00858,20.242886,22.00858,23.754707
2021-08-22 00:00:00,2021-08-22 00:15:00,22.007824,20.439007,22.007824,23.751564
2021-08-22 00:00:00,2021-08-22 00:30:00,22.140804,20.56556,22.140804,23.802036
2021-08-22 00:00:00,2021-08-22 00:45:00,22.371529,20.814861,22.371529,23.96156
2021-08-22 01:00:00,2021-08-22 01:00:00,22.540066,21.074146,22.540066,24.123127
2021-08-22 01:00:00,2021-08-22 01:15:00,22.788185,21.165424,22.788185,24.489872
2021-08-22 01:00:00,2021-08-22 01:30:00,23.00344,21.364113,23.00344,24.797829
2021-08-22 01:00:00,2021-08-22 01:45:00,23.180351,21.169601,23.180351,25.059433
2021-08-22 02:00:00,2021-08-22 02:00:00,23.795418,22.03394,23.795418,25.73621
2021-08-22 02:00:00,2021-08-22 02:15:00,23.149681,21.529255,23.149681,24.958282
2021-08-22 02:00:00,2021-08-22 02:30:00,22.58834,21.143406,22.58834,24.18724
2021-08-22 02:00:00,2021-08-22 02:45:00,22.533554,21.047485,22.533554,23.943989
2021-08-22 03:00:00,2021-08-22 03:00:00,22.667698,21.032475,22.667698,24.29565
2021-08-22 03:00:00,2021-08-22 03:15:00,22.79171,21.207176,22.79171,24.50018
2021-08-22 03:00:00,2021-08-22 03:30:00,22.913048,21.29676,22.913048,24.504807
2021-08-22 03:00:00,2021-08-22 03:45:00,22.867023,21.279392,22.867023,24.494114
2021-08-22 04:00:00,2021-08-22 04:00:00,22.4794,21.007114,22.4794,24.049679
2021-08-22 04:00:00,2021-08-22 04:15:00,22.592564,21.071896,22.592564,24.257156
2021-08-22 04:00:00,2021-08-22 04:30:00,22.700542,21.152397,22.700542,24.24942
2021-08-22 04:00:00,2021-08-22 04:45:00,22.686043,21.218037,22.686043,24.24974
2021-08-22 05:00:00,2021-08-22 05:00:00,22.69543,21.01965,22.69543,24.433464
2021-08-22 05:00:00,2021-08-22 05:15:00,22.665398,20.926697,22.665398,24.47628
2021-08-22 05:00:00,2021-08-22 05:30:00,22.460712,20.914299,22.460712,24.090305
2021-08-22 05:00:00,2021-08-22 05:45:00,22.377762,21.002373,22.377762,23.74657
2021-08-22 06:00:00,2021-08-22 06:00:00,22.980507,21.016533,22.980507,24.943928
2021-08-22 06:00:00,2021-08-22 06:15:00,22.54744,20.532223,22.54744,24.552608
2021-08-22 06:00:00,2021-08-22 06:30:00,22.071339,20.275555,22.071339,23.879295
2021-08-22 06:00:00,2021-08-22 06:45:00,21.890347,20.188957,21.890347,23.379272
2021-08-22 07:00:00,2021-08-22 07:00:00,21.968426,20.369534,21.968426,23.479004
2021-08-22 07:00:00,2021-08-22 07:15:00,21.947777,20.42862,21.947777,23.58044
2021-08-22 07:00:00,2021-08-22 07:30:00,22.117569,20.523937,22.117569,23.692345
2021-08-22 07:00:00,2021-08-22 07:45:00,22.352814,20.78864,22.352814,23.888824
2021-08-22 08:00:00,2021-08-22 08:00:00,22.417152,21.149193,22.417152,23.770077
2021-08-22 08:00:00,2021-08-22 08:15:00,22.612602,21.266933,22.612602,24.131554
2021-08-22 08:00:00,2021-08-22 08:30:00,22.833176,21.380257,22.833176,24.345798
2021-08-22 08:00:00,2021-08-22 08:45:00,22.877552,21.304596,22.877552,24.402
2021-08-22 09:00:00,2021-08-22 09:00:00,22.200508,20.990906,22.200508,23.51905
2021-08-22 09:00:00,2021-08-22 09:15:00,22.15841,20.95018,22.15841,23.55162
2021-08-22 09:00:00,2021-08-22 09:30:00,22.075539,20.89066,22.075539,23.332653
2021-08-22 09:00:00,2021-08-22 09:45:00,22.103195,21.008034,22.103195,23.081001
2021-08-22 10:00:00,2021-08-22 10:00:00,22.21225,20.838097,22.21225,23.627495
2021-08-22 10:00:00,2021-08-22 10:15:00,22.229984,20.865604,22.229984,23.784485
2021-08-22 10:00:00,2021-08-22 10:30:00,22.261017,20.89127,22.261017,23.673225
2021-08-22 10:00:00,2021-08-22 10:45:00,22.316898,20.956203,22.316898,23.614426
2021-08-22 11:00:00,2021-08-22 11:00:00,22.629772,21.307632,22.629772,23.973232
2021-08-22 11:00:00,2021-08-22 11:15:00,22.64531,21.326706,22.64531,24.113148
2021-08-22 11:00:00,2021-08-22 11:30:00,22.676708,21.31871,22.676708,24.034805
2021-08-22 11:00:00,2021-08-22 11:45:00,22.64207,21.21701,22.64207,23.970036
2021-08-22 12:00:00,2021-08-22 12:00:00,22.343689,21.247562,22.343689,23.535896
2021-08-22 12:00:00,2021-08-22 12:15:00,22.404602,21.230976,22.404602,23.760025
2021-08-22 12:00:00,2021-08-22 12:30:00,22.477512,21.25269,22.477512,23.730083
2021-08-22 12:00:00,2021-08-22 12:45:00,22.423012,21.16655,22.423012,23.635086
2021-08-22 13:00:00,2021-08-22 13:00:00,22.550259,21.326004,22.550259,23.932842
2021-08-22 13:00:00,2021-08-22 13:15:00,22.406803,21.203766,22.406803,23.845036
2021-08-22 13:00:00,2021-08-22 13:30:00,22.267345,21.113083,22.267345,23.531319
2021-08-22 13:00:00,2021-08-22 13:45:00,22.248695,21.111984,22.248695,23.373238
2021-08-22 14:00:00,2021-08-22 14:00:00,22.377296,21.300388,22.377296,23.510216
2021-08-22 14:00:00,2021-08-22 14:15:00,22.393166,21.333511,22.393166,23.63116
2021-08-22 14:00:00,2021-08-22 14:30:00,22.437927,21.320766,22.437927,23.546444
2021-08-22 14:00:00,2021-08-22 14:45:00,22.350834,21.175243,22.350834,23.429726
2021-08-22 15:00:00,2021-08-22 15:00:00,22.68634,21.506016,22.68634,23.871124
2021-08-22 15:00:00,2021-08-22 15:15:00,22.77496,21.597034,22.77496,24.100464
2021-08-22 15:00:00,2021-08-22 15:30:00,22.86245,21.667831,22.86245,24.04871
2021-08-22 15:00:00,2021-08-22 15:45:00,22.853905,21.597221,22.853905,24.006744
2021-08-22 16:00:00,2021-08-22 16:00:00,22.719955,21.455643,22.719955,24.097939
2021-08-22 16:00:00,2021-08-22 16:15:00,22.67022,21.388443,22.67022,24.121464
2021-08-22 16:00:00,2021-08-22 16:30:00,22.543728,21.314224,22.543728,23.839443
2021-08-22 16:00:00,2021-08-22 16:45:00,22.375477,21.150784,22.375477,23.58453
2021-08-22 17:00:00,2021-08-22 17:00:00,22.599854,21.226337,22.599854,24.077854
2021-08-22 17:00:00,2021-08-22 17:15:00,22.528126,21.186218,22.528126,24.075165
2021-08-22 17:00:00,2021-08-22 17:30:00,22.534477,21.13535,22.534477,23.914688
2021-08-22 17:00:00,2021-08-22 17:45:00,22.440548,21.070515,22.440548,23.82373
2021-08-22 18:00:00,2021-08-22 18:00:00,22.556786,21.462238,22.556786,23.68443
2021-08-22 18:00:00,2021-08-22 18:15:00,22.534378,21.47993,22.534378,23.724564
2021-08-22 18:00:00,2021-08-22 18:30:00,22.562817,21.474033,22.562817,23.592964
2021-08-22 18:00:00,2021-08-22 18:45:00,22.497993,21.32925,22.497993,23.498035
2021-08-22 19:00:00,2021-08-22 19:00:00,22.7719,21.630383,22.7719,23.878574
2021-08-22 19:00:00,2021-08-22 19:15:00,22.81826,21.704166,22.81826,24.01786
2021-08-22 19:00:00,2021-08-22 19:30:00,22.8283,21.687214,22.8283,23.855358
2021-08-22 19:00:00,2021-08-22 19:45:00,22.758186,21.567623,22.758186,23.761124
2021-08-22 20:00:00,2021-08-22 20:00:00,22.471344,21.280678,22.471344,23.669857
2021-08-22 20:00:00,2021-08-22 20:15:00,22.430668,21.327618,22.430668,23.702477
2021-08-22 20:00:00,2021-08-22 20:30:00,22.437298,21.311985,22.437298,23.55767
2021-08-22 20:00:00,2021-08-22 20:45:00,22.369179,21.149113,22.369179,23.470566
2021-08-22 21:00:00,2021-08-22 21:00:00,22.698296,21.629189,22.698296,23.825043
2021-08-22 21:00:00,2021-08-22 21:15:00,22.695873,21.670502,22.695873,23.858143
2021-08-22 21:00:00,2021-08-22 21:30:00,22.745502,21.693378,22.745502,23.665787
2021-08-22 21:00:00,2021-08-22 21:45:00,22.644024,21.450897,22.644024,23.648617
2021-08-22 22:00:00,2021-08-22 22:00:00,22.54438,21.587856,22.54438,23.446587
2021-08-22 22:00:00,2021-08-22 22:15:00,22.592186,21.659695,22.592186,23.597069
2021-08-22 22:00:00,2021-08-22 22:30:00,22.68119,21.665699,22.68119,23.472794
2021-08-22 22:00:00,2021-08-22 22:45:00,22.655048,21.560005,22.655048,23.537533
2021-08-22 23:00:00,2021-08-22 23:00:00,22.936275,21.813725,22.936275,24.223015
2021-08-22 23:00:00,2021-08-22 23:15:00,22.953983,21.72683,22.953983,24.29591
2021-08-22 23:00:00,2021-08-22 23:30:00,22.835018,21.588737,22.835018,23.948055
2021-08-22 23:00:00,2021-08-22 23:45:00,22.6031,21.30901,22.6031,23.756245
2021-08-23 00:00:00,2021-08-23 00:00:00,22.342167,20.907642,22.342167,23.813545
2021-08-23 00:00:00,2021-08-23 00:15:00,22.320457,20.849556,22.320457,23.83059
2021-08-23 00:00:00,2021-08-23 00:30:00,22.25433,20.910572,22.25433,23.538883
2021-08-23 00:00:00,2021-08-23 00:45:00,22.102276,20.651756,22.102276,23.376774
2021-08-23 01:00:00,2021-08-23 01:00:00,22.457977,21.509995,22.457977,23.513527
2021-08-23 01:00:00,2021-08-23 01:15:00,22.503101,21.370556,22.503101,23.652115
2021-08-23 01:00:00,2021-08-23 01:30:00,22.4753,21.36205,22.4753,23.464794
2021-08-23 01:00:00,2021-08-23 01:45:00,22.401962,21.210686,22.401962,23.405209
2021-08-23 02:00:00,2021-08-23 02:00:00,22.564007,21.733807,22.564007,23.418533
2021-08-23 02:00:00,2021-08-23 02:15:00,22.572441,21.653854,22.572441,23.514324
2021-08-23 02:00:00,2021-08-23 02:30:00,22.664062,21.66578,22.664062,23.47668
2021-08-23 02:00:00,2021-08-23 02:45:00,22.567837,21.546993,22.567837,23.37455
2021-08-23 03:00:00,2021-08-23 03:00:00,22.694721,21.729202,22.694721,23.73558
2021-08-23 03:00:00,2021-08-23 03:15:00,22.687462,21.61005,22.687462,23.81594
2021-08-23 03:00:00,2021-08-23 03:30:00,22.640774,21.567848,22.640774,23.582867
2021-08-23 03:00:00,2021-08-23 03:45:00,22.50961,21.370934,22.50961,23.452335
2021-08-23 04:00:00,2021-08-23 04:00:00,23.53389,21.615559,23.53389,25.218594
2021-08-23 04:00:00,2021-08-23 04:15:00,23.242893,21.35207,23.242893,25.397408
2021-08-23 04:00:00,2021-08-23 04:30:00,23.282791,21.327667,23.282791,25.064053
2021-08-23 04:00:00,2021-08-23 04:45:00,23.108295,21.096321,23.108295,24.808525
2021-08-23 05:00:00,2021-08-23 05:00:00,22.173222,19.771946,22.173222,24.977612
2021-08-23 05:00:00,2021-08-23 05:15:00,22.365551,19.93354,22.365551,25.172054
2021-08-23 05:00:00,2021-08-23 05:30:00,22.832489,19.947395,22.832489,26.125908
2021-08-23 05:00:00,2021-08-23 05:45:00,23.197674,20.693882,23.197674,27.357124
2021-08-23 06:00:00,2021-08-23 06:00:00,24.981873,20.889107,24.981873,29.759521
2021-08-23 06:00:00,2021-08-23 06:15:00,24.12006,20.01654,24.12006,29.656929
2021-08-23 06:00:00,2021-08-23 06:30:00,24.574707,19.814941,24.574707,30.107162
2021-08-23 06:00:00,2021-08-23 06:45:00,23.760483,19.060673,23.760483,30.960575
2021-08-23 07:00:00,2021-08-23 07:00:00,21.864777,16.476223,21.864777,27.889816
2021-08-23 07:00:00,2021-08-23 07:15:00,30.217384,21.980255,30.217384,39.4461
2021-08-23 07:00:00,2021-08-23 07:30:00,65.323715,39.003788,65.323715,98.137924
2021-08-23 07:00:00,2021-08-23 07:45:00,118.013985,64.95015,118.013985,163.69705
2021-08-23 08:00:00,2021-08-23 08:00:00,125.254654,108.784325,125.254654,141.31535
2021-08-23 08:00:00,2021-08-23 08:15:00,150.83202,127.67437,150.83202,171.31749
2021-08-23 08:00:00,2021-08-23 08:30:00,154.87335,127.18314,154.87335,178.03351
2021-08-23 08:00:00,2021-08-23 08:45:00,154.5834,126.134346,154.5834,180.97598
2021-08-23 09:00:00,2021-08-23 09:00:00,175.70679,162.70917,175.70679,190.2269
2021-08-23 09:00:00,2021-08-23 09:15:00,174.30255,159.4257,174.30255,190.41336
2021-08-23 09:00:00,2021-08-23 09:30:00,172.84778,155.56921,172.84778,189.48735
2021-08-23 09:00:00,2021-08-23 09:45:00,164.74289,144.42178,164.74289,183.85077
2021-08-23 10:00:00,2021-08-23 10:00:00,154.5329,135.9076,154.5329,171.66745
2021-08-23 10:00:00,2021-08-23 10:15:00,171.81491,155.44928,171.81491,189.18579
2021-08-23 10:00:00,2021-08-23 10:30:00,169.57214,151.11974,169.57214,185.66975
2021-08-23 10:00:00,2021-08-23 10:45:00,168.5485,151.36841,168.5485,185.00162
2021-08-23 11:00:00,2021-08-23 11:00:00,175.04703,163.7527,175.04703,188.06712
2021-08-23 11:00:00,2021-08-23 11:15:00,175.67795,162.39609,175.67795,190.12114
2021-08-23 11:00:00,2021-08-23 11:30:00,175.41336,159.28925,175.41336,190.24442
2021-08-23 11:00:00,2021-08-23 11:45:00,169.17409,152.00522,169.17409,185.84961
2021-08-23 12:00:00,2021-08-23 12:00:00,131.21106,113.83148,131.21106,148.16785
2021-08-23 12:00:00,2021-08-23 12:15:00,106.21954,88.68913,106.21954,124.13634
2021-08-23 12:00:00,2021-08-23 12:30:00,107.26565,88.91105,107.26565,126.285385
2021-08-23 12:00:00,2021-08-23 12:45:00,122.45022,102.369125,122.45022,144.76117
2021-08-23 13:00:00,2021-08-23 13:00:00,173.35931,158.2066,173.35931,188.27478
2021-08-23 13:00:00,2021-08-23 13:15:00,177.27621,161.63455,177.27621,192.59595
2021-08-23 13:00:00,2021-08-23 13:30:00,177.68805,159.88077,177.68805,193.2844
2021-08-23 13:00:00,2021-08-23 13:45:00,179.01527,162.99774,179.01527,195.60307
2021-08-23 14:00:00,2021-08-23 14:00:00,190.44939,177.41467,190.44939,202.08385
2021-08-23 14:00:00,2021-08-23 14:15:00,177.61618,164.09192,177.61618,189.42662
2021-08-23 14:00:00,2021-08-23 14:30:00,181.38516,166.88196,181.38516,193.63809
2021-08-23 14:00:00,2021-08-23 14:45:00,177.64117,163.18549,177.64117,191.4729
2021-08-23 15:00:00,2021-08-23 15:00:00,157.97493,144.23761,157.97493,170.43925
2021-08-23 15:00:00,2021-08-23 15:15:00,173.71213,159.70859,173.71213,186.49321
2021-08-23 15:00:00,2021-08-23 15:30:00,185.70804,171.34564,185.70804,199.59149
2021-08-23 15:00:00,2021-08-23 15:45:00,186.95364,171.96902,186.95364,201.26068
2021-08-23 16:00:00,2021-08-23 16:00:00,192.7493,177.39297,192.7493,206.19478
2021-08-23 16:00:00,2021-08-23 16:15:00,188.18259,171.897,188.18259,202.8143
2021-08-23 16:00:00,2021-08-23 16:30:00,182.87231,162.83194,182.87231,199.46916
2021-08-23 16:00:00,2021-08-23 16:45:00,173.82483,152.35724,173.82483,192.55939
2021-08-23 17:00:00,2021-08-23 17:00:00,138.96167,120.02678,138.96167,154.68817
2021-08-23 17:00:00,2021-08-23 17:15:00,128.2815,104.92279,128.2815,150.4255
2021-08-23 17:00:00,2021-08-23 17:30:00,142.2109,114.99527,142.2109,164.255
2021-08-23 17:00:00,2021-08-23 17:45:00,142.69565,112.96344,142.69565,167.96848
2021-08-23 18:00:00,2021-08-23 18:00:00,173.6299,158.7094,173.6299,186.75798
2021-08-23 18:00:00,2021-08-23 18:15:00,170.20016,153.4849,170.20016,186.49692
2021-08-23 18:00:00,2021-08-23 18:30:00,169.01639,150.4721,169.01639,185.39871
2021-08-23 18:00:00,2021-08-23 18:45:00,163.8014,141.84378,163.8014,181.83742
2021-08-23 19:00:00,2021-08-23 19:00:00,133.71475,115.13728,133.71475,148.59573
2021-08-23 19:00:00,2021-08-23 19:15:00,129.03131,109.70628,129.03131,145.89786
2021-08-23 19:00:00,2021-08-23 19:30:00,120.77161,101.91013,120.77161,137.59843
2021-08-23 19:00:00,2021-08-23 19:45:00,107.836395,89.45685,107.836395,124.946915
2021-08-23 20:00:00,2021-08-23 20:00:00,106.975815,96.20637,106.975815,117.0638
2021-08-23 20:00:00,2021-08-23 20:15:00,114.31802,103.32404,114.31802,124.58262
2021-08-23 20:00:00,2021-08-23 20:30:00,116.8327,104.952286,116.8327,127.75459
2021-08-23 20:00:00,2021-08-23 20:45:00,113.51068,100.766624,113.51068,124.683655
2021-08-23 21:00:00,2021-08-23 21:00:00,111.20636,101.79788,111.20636,120.20198
2021-08-23 21:00:00,2021-08-23 21:15:00,112.86389,102.946686,112.86389,122.20429
2021-08-23 21:00:00,2021-08-23 21:30:00,112.135574,101.71348,112.135574,121.89624
2021-08-23 21:00:00,2021-08-23 21:45:00,111.495964,100.38678,111.495964,121.556076
2021-08-23 22:00:00,2021-08-23 22:00:00,95.74997,88.40439,95.74997,103.87999
2021-08-23 22:00:00,2021-08-23 22:15:00,109.23418,101.15201,109.23418,116.94574
2021-08-23 22:00:00,2021-08-23 22:30:00,109.276535,100.465065,109.276535,117.553024
2021-08-23 22:00:00,2021-08-23 22:45:00,107.22238,99.0428,107.22238,115.32276
2021-08-23 23:00:00,2021-08-23 23:00:00,107.72582,100.809616,107.72582,114.050644
2021-08-23 23:00:00,2021-08-23 23:15:00,106.679886,99.6272,106.679886,113.0493
2021-08-23 23:00:00,2021-08-23 23:30:00,101.97984,94.56911,101.97984,108.68937
2021-08-23 23:00:00,2021-08-23 23:45:00,86.724304,78.188896,86.724304,94.19424
2021-08-24 00:00:00,2021-08-24 00:00:00,70.27748,62.362774,70.27748,76.47967
2021-08-24 00:00:00,2021-08-24 00:15:00,66.60196,58.685623,66.60196,73.99583
2021-08-24 00:00:00,2021-08-24 00:30:00,64.181564,55.49044,64.181564,71.59683
2021-08-24 00:00:00,2021-08-24 00:45:00,63.942944,54.50131,63.942944,71.8545
2021-08-24 01:00:00,2021-08-24 01:00:00,92.01417,84.84059,92.01417,98.79349
2021-08-24 01:00:00,2021-08-24 01:15:00,98.47754,92.1314,98.47754,105.06774
2021-08-24 01:00:00,2021-08-24 01:30:00,99.60716,92.871994,99.60716,106.19141
2021-08-24 01:00:00,2021-08-24 01:45:00,98.940674,92.40688,98.940674,105.97266
2021-08-24 02:00:00,2021-08-24 02:00:00,105.13335,98.32021,105.13335,112.21257
2021-08-24 02:00:00,2021-08-24 02:15:00,105.55891,98.44099,105.55891,112.63644
2021-08-24 02:00:00,2021-08-24 02:30:00,104.44677,97.16175,104.44677,111.137596
2021-08-24 02:00:00,2021-08-24 02:45:00,104.25337,96.92497,104.25337,111.59668
2021-08-24 03:00:00,2021-08-24 03:00:00,93.72839,86.765076,93.72839,101.19848
2021-08-24 03:00:00,2021-08-24 03:15:00,106.4928,99.28651,106.4928,113.923485
2021-08-24 03:00:00,2021-08-24 03:30:00,108.463715,100.91693,108.463715,115.812996
2021-08-24 03:00:00,2021-08-24 03:45:00,105.17476,98.38945,105.17476,112.38407
2021-08-24 04:00:00,2021-08-24 04:00:00,104.18063,96.46197,104.18063,112.16583
2021-08-24 04:00:00,2021-08-24 04:15:00,103.03894,95.50322,103.03894,111.10917
2021-08-24 04:00:00,2021-08-24 04:30:00,100.471756,91.68477,100.471756,108.69921
2021-08-24 04:00:00,2021-08-24 04:45:00,98.60321,88.88028,98.60321,108.34579
2021-08-24 05:00:00,2021-08-24 05:00:00,85.433075,77.18442,85.433075,92.71252
2021-08-24 05:00:00,2021-08-24 05:15:00,78.65656,70.82536,78.65656,86.48129
2021-08-24 05:00:00,2021-08-24 05:30:00,100.46683,92.03916,100.46683,108.97878
2021-08-24 05:00:00,2021-08-24 05:45:00,109.484665,100.61043,109.484665,118.66324
2021-08-24 06:00:00,2021-08-24 06:00:00,110.74715,102.50978,110.74715,119.20898
2021-08-24 06:00:00,2021-08-24 06:15:00,113.7348,105.40091,113.7348,122.561226
2021-08-24 06:00:00,2021-08-24 06:30:00,109.47395,100.63738,109.47395,118.447174
2021-08-24 06:00:00,2021-08-24 06:45:00,107.68995,98.23985,107.68995,117.13437
2021-08-24 07:00:00,2021-08-24 07:00:00,109.18068,100.850525,109.18068,117.85846
2021-08-24 07:00:00,2021-08-24 07:15:00,123.11775,113.67717,123.11775,132.73886
2021-08-24 07:00:00,2021-08-24 07:30:00,144.64255,132.78091,144.64255,155.37657
2021-08-24 07:00:00,2021-08-24 07:45:00,145.49925,133.39594,145.49925,158.32614
2021-08-24 08:00:00,2021-08-24 08:00:00,165.93004,154.35559,165.93004,177.63739
2021-08-24 08:00:00,2021-08-24 08:15:00,183.84921,172.10449,183.84921,195.79138
2021-08-24 08:00:00,2021-08-24 08:30:00,186.02814,172.6377,186.02814,197.50879
2021-08-24 08:00:00,2021-08-24 08:45:00,180.82683,168.7698,180.82683,192.9759
2021-08-24 09:00:00,2021-08-24 09:00:00,183.05228,173.2106,183.05228,192.97165
2021-08-24 09:00:00,2021-08-24 09:15:00,182.85547,172.93375,182.85547,191.83228
2021-08-24 09:00:00,2021-08-24 09:30:00,186.53088,175.92673,186.53088,195.89699
2021-08-24 09:00:00,2021-08-24 09:45:00,185.44165,175.13422,185.44165,195.74142
2021-08-24 10:00:00,2021-08-24 10:00:00,152.87808,140.32672,152.87808,166.57129
2021-08-24 10:00:00,2021-08-24 10:15:00,183.0018,170.88638,183.0018,195.21121
2021-08-24 10:00:00,2021-08-24 10:30:00,182.43417,168.9513,182.43417,194.004
2021-08-24 10:00:00,2021-08-24 10:45:00,180.91489,168.49869,180.91489,193.1506
2021-08-24 11:00:00,2021-08-24 11:00:00,180.57417,171.4658,180.57417,190.7243
2021-08-24 11:00:00,2021-08-24 11:15:00,185.19487,174.89749,185.19487,195.95667
2021-08-24 11:00:00,2021-08-24 11:30:00,188.78131,176.60403,188.78131,200.25829
2021-08-24 11:00:00,2021-08-24 11:45:00,185.78494,172.58484,185.78494,198.52333
2021-08-24 12:00:00,2021-08-24 12:00:00,124.33666,112.876465,124.33666,136.20146
2021-08-24 12:00:00,2021-08-24 12:15:00,103.97901,91.07361,103.97901,115.418945
2021-08-24 12:00:00,2021-08-24 12:30:00,105.65039,92.280846,105.65039,118.17015
2021-08-24 12:00:00,2021-08-24 12:45:00,124.548996,109.208115,124.548996,140.15443
2021-08-24 13:00:00,2021-08-24 13:00:00,173.47783,161.51038,173.47783,184.63554
2021-08-24 13:00:00,2021-08-24 13:15:00,180.90579,168.77246,180.90579,192.08679
2021-08-24 13:00:00,2021-08-24 13:30:00,181.71277,167.61238,181.71277,192.91116
2021-08-24 13:00:00,2021-08-24 13:45:00,183.05608,170.69568,183.05608,194.83937
2021-08-24 14:00:00,2021-08-24 14:00:00,181.70422,171.76385,181.70422,191.31302
2021-08-24 14:00:00,2021-08-24 14:15:00,175.91556,164.88031,175.91556,185.78418
2021-08-24 14:00:00,2021-08-24 14:30:00,177.16193,164.36357,177.16193,187.92546
2021-08-24 14:00:00,2021-08-24 14:45:00,175.89853,162.74835,175.89853,188.19757
2021-08-24 15:00:00,2021-08-24 15:00:00,146.15433,132.59161,146.15433,160.182
2021-08-24 15:00:00,2021-08-24 15:15:00,169.1359,154.90408,169.1359,181.48755
2021-08-24 15:00:00,2021-08-24 15:30:00,183.79596,169.3377,183.79596,195.77861
2021-08-24 15:00:00,2021-08-24 15:45:00,183.50418,170.58026,183.50418,194.71106
2021-08-24 16:00:00,2021-08-24 16:00:00,188.61595,176.12146,188.61595,199.25656
2021-08-24 16:00:00,2021-08-24 16:15:00,182.89624,170.35791,182.89624,194.785
2021-08-24 16:00:00,2021-08-24 16:30:00,177.36269,163.2905,177.36269,189.00415
2021-08-24 16:00:00,2021-08-24 16:45:00,170.34131,155.5455,170.34131,183.76178
2021-08-24 17:00:00,2021-08-24 17:00:00,132.92076,119.102005,132.92076,146.56004
2021-08-24 17:00:00,2021-08-24 17:15:00,117.678246,101.91414,117.678246,133.78069
2021-08-24 17:00:00,2021-08-24 17:30:00,159.95502,143.2948,159.95502,172.89139
2021-08-24 17:00:00,2021-08-24 17:45:00,171.18484,154.43436,171.18484,183.52185
2021-08-24 18:00:00,2021-08-24 18:00:00,161.27757,149.23906,161.27757,172.63644
2021-08-24 18:00:00,2021-08-24 18:15:00,161.30481,148.51471,161.30481,174.33092
2021-08-24 18:00:00,2021-08-24 18:30:00,162.91364,148.71765,162.91364,175.7127
2021-08-24 18:00:00,2021-08-24 18:45:00,159.43073,145.026,159.43073,172.03358
2021-08-24 19:00:00,2021-08-24 19:00:00,153.2825,143.45862,153.2825,162.07541
2021-08-24 19:00:00,2021-08-24 19:15:00,143.89064,133.5982,143.89064,154.24399
2021-08-24 19:00:00,2021-08-24 19:30:00,137.84358,126.22676,137.84358,147.95824
2021-08-24 19:00:00,2021-08-24 19:45:00,119.467224,108.96567,119.467224,130.63718
2021-08-24 20:00:00,2021-08-24 20:00:00,123.83827,115.1465,123.83827,131.96591
2021-08-24 20:00:00,2021-08-24 20:15:00,128.75026,119.65246,128.75026,136.89795
2021-08-24 20:00:00,2021-08-24 20:30:00,130.96982,121.29185,130.96982,139.41463
2021-08-24 20:00:00,2021-08-24 20:45:00,126.151825,116.82436,126.151825,134.54434
2021-08-24 21:00:00,2021-08-24 21:00:00,117.472305,109.98479,117.472305,124.59064
2021-08-24 21:00:00,2021-08-24 21:15:00,117.329796,109.90196,117.329796,124.57164
2021-08-24 21:00:00,2021-08-24 21:30:00,116.56779,108.65375,116.56779,124.650955
2021-08-24 21:00:00,2021-08-24 21:45:00,114.76222,106.678665,114.76222,122.73108
2021-08-24 22:00:00,2021-08-24 22:00:00,104.40784,97.59631,104.40784,111.98355
2021-08-24 22:00:00,2021-08-24 22:15:00,116.052734,108.83227,116.052734,122.79348
2021-08-24 22:00:00,2021-08-24 22:30:00,116.693375,108.69847,116.693375,123.81448
2021-08-24 22:00:00,2021-08-24 22:45:00,114.822395,107.28526,114.822395,121.88591
2021-08-24 23:00:00,2021-08-24 23:00:00,108.40057,101.92709,108.40057,114.44751
2021-08-24 23:00:00,2021-08-24 23:15:00,107.52309,100.851974,107.52309,114.07083
2021-08-24 23:00:00,2021-08-24 23:30:00,103.86877,97.03947,103.86877,110.65325
2021-08-24 23:00:00,2021-08-24 23:45:00,86.936424,79.141685,86.936424,94.16064
2021-08-25 00:00:00,2021-08-25 00:00:00,75.56514,67.57153,75.56514,81.92127
2021-08-25 00:00:00,2021-08-25 00:15:00,71.97366,64.469284,71.97366,79.44865
2021-08-25 00:00:00,2021-08-25 00:30:00,68.67954,60.54697,68.67954,76.09145
2021-08-25 00:00:00,2021-08-25 00:45:00,66.74967,58.330544,66.74967,74.80486
2021-08-25 01:00:00,2021-08-25 01:00:00,94.70289,87.34949,94.70289,102.19841
2021-08-25 01:00:00,2021-08-25 01:15:00,105.68526,98.85181,105.68526,113.14724
2021-08-25 01:00:00,2021-08-25 01:30:00,106.56444,99.14321,106.56444,114.01749
2021-08-25 01:00:00,2021-08-25 01:45:00,105.93535,98.518585,105.93535,113.947876
2021-08-25 02:00:00,2021-08-25 02:00:00,109.21581,102.61604,109.21581,116.494255
2021-08-25 02:00:00,2021-08-25 02:15:00,111.30473,104.140884,111.30473,118.38602
2021-08-25 02:00:00,2021-08-25 02:30:00,109.306496,102.26807,109.306496,116.025154
2021-08-25 02:00:00,2021-08-25 02:45:00,110.038315,102.94595,110.038315,117.240524
2021-08-25 03:00:00,2021-08-25 03:00:00,96.589355,89.8468,96.589355,104.06431
2021-08-25 03:00:00,2021-08-25 03:15:00,109.14964,102.51399,109.14964,116.412704
2021-08-25 03:00:00,2021-08-25 03:30:00,112.06917,104.974915,112.06917,119.102066
2021-08-25 03:00:00,2021-08-25 03:45:00,108.47965,102.12184,108.47965,115.33401
2021-08-25 04:00:00,2021-08-25 04:00:00,105.24866,98.1228,105.24866,112.744194
2021-08-25 04:00:00,2021-08-25 04:15:00,105.374146,98.40426,105.374146,112.7356
2021-08-25 04:00:00,2021-08-25 04:30:00,102.29115,94.39328,102.29115,110.01142
2021-08-25 04:00:00,2021-08-25 04:45:00,100.70697,91.93097,100.70697,109.02141
2021-08-25 05:00:00,2021-08-25 05:00:00,86.382126,77.93838,86.382126,93.61345
2021-08-25 05:00:00,2021-08-25 05:15:00,79.2221,71.4279,79.2221,86.90849
2021-08-25 05:00:00,2021-08-25 05:30:00,99.26341,91.2766,99.26341,107.40459
2021-08-25 05:00:00,2021-08-25 05:45:00,108.94606,100.71208,108.94606,117.52921
2021-08-25 06:00:00,2021-08-25 06:00:00,113.25179,105.58932,113.25179,120.951324
2021-08-25 06:00:00,2021-08-25 06:15:00,114.2324,106.47527,114.2324,122.26549
2021-08-25 06:00:00,2021-08-25 06:30:00,111.96087,103.91641,111.96087,120.179016
2021-08-25 06:00:00,2021-08-25 06:45:00,113.673584,104.78414,113.673584,122.2702
2021-08-25 07:00:00,2021-08-25 07:00:00,111.9704,104.90056,111.9704,119.65154
2021-08-25 07:00:00,2021-08-25 07:15:00,124.71016,116.77446,124.71016,133.09515
2021-08-25 07:00:00,2021-08-25 07:30:00,145.59068,135.5922,145.59068,154.7365
2021-08-25 07:00:00,2021-08-25 07:45:00,144.78922,135.4088,144.78922,156.0133
2021-08-25 08:00:00,2021-08-25 08:00:00,169.26387,158.28925,169.26387,180.47778
2021-08-25 08:00:00,2021-08-25 08:15:00,186.75575,175.5896,186.75575,198.23291
2021-08-25 08:00:00,2021-08-25 08:30:00,189.059,176.66501,189.059,199.83063
2021-08-25 08:00:00,2021-08-25 08:45:00,184.88162,173.51447,184.88162,196.37506
2021-08-25 09:00:00,2021-08-25 09:00:00,176.37804,165.59366,176.37804,186.50758
2021-08-25 09:00:00,2021-08-25 09:15:00,178.33463,168.02292,178.33463,188.40802
2021-08-25 09:00:00,2021-08-25 09:30:00,179.92273,168.55151,179.92273,190.09271
2021-08-25 09:00:00,2021-08-25 09:45:00,180.59317,169.76433,180.59317,191.25156
2021-08-25 10:00:00,2021-08-25 10:00:00,150.41878,139.19939,150.41878,162.88486
2021-08-25 10:00:00,2021-08-25 10:15:00,176.91156,165.89644,176.91156,187.80429
2021-08-25 10:00:00,2021-08-25 10:30:00,178.04337,165.68066,178.04337,188.67398
2021-08-25 10:00:00,2021-08-25 10:45:00,177.91261,166.51288,177.91261,188.87976
2021-08-25 11:00:00,2021-08-25 11:00:00,185.1337,175.56259,185.1337,196.27197
2021-08-25 11:00:00,2021-08-25 11:15:00,186.63058,175.789,186.63058,197.99573
2021-08-25 11:00:00,2021-08-25 11:30:00,188.6684,176.45,188.6684,199.98483
2021-08-25 11:00:00,2021-08-25 11:45:00,184.25606,171.37746,184.25606,196.90854
2021-08-25 12:00:00,2021-08-25 12:00:00,122.865524,111.61357,122.865524,135.40709
2021-08-25 12:00:00,2021-08-25 12:15:00,106.65078,93.000435,106.65078,118.924515
2021-08-25 12:00:00,2021-08-25 12:30:00,108.36769,94.12213,108.36769,121.774506
2021-08-25 12:00:00,2021-08-25 12:45:00,131.38876,115.60698,131.38876,148.11922
2021-08-25 13:00:00,2021-08-25 13:00:00,164.42714,152.31348,164.42714,176.60748
2021-08-25 13:00:00,2021-08-25 13:15:00,173.65292,160.25667,173.65292,185.45706
2021-08-25 13:00:00,2021-08-25 13:30:00,178.25858,163.57068,178.25858,190.1792
2021-08-25 13:00:00,2021-08-25 13:45:00,180.16602,167.18304,180.16602,192.77905
2021-08-25 14:00:00,2021-08-25 14:00:00,179.21548,167.58978,179.21548,190.58751
2021-08-25 14:00:00,2021-08-25 14:15:00,174.58743,162.24432,174.58743,185.94115
2021-08-25 14:00:00,2021-08-25 14:30:00,176.7699,163.39468,176.7699,188.60928
2021-08-25 14:00:00,2021-08-25 14:45:00,177.08636,164.12532,177.08636,189.75287
2021-08-25 15:00:00,2021-08-25 15:00:00,142.0488,128.91742,142.0488,156.09395
2021-08-25 15:00:00,2021-08-25 15:15:00,171.40256,157.78203,171.40256,184.16754
2021-08-25 15:00:00,2021-08-25 15:30:00,181.9141,167.69348,181.9141,194.11435
2021-08-25 15:00:00,2021-08-25 15:45:00,181.42166,168.87027,181.42166,192.74234
2021-08-25 16:00:00,2021-08-25 16:00:00,177.95956,167.33514,177.95956,188.48975
2021-08-25 16:00:00,2021-08-25 16:15:00,173.57867,162.55933,173.57867,185.3309
2021-08-25 16:00:00,2021-08-25 16:30:00,168.79974,156.35458,168.79974,179.94418
2021-08-25 16:00:00,2021-08-25 16:45:00,163.0675,150.29672,163.0675,175.73816
2021-08-25 17:00:00,2021-08-25 17:00:00,121.123505,108.7946,121.123505,135.41823
2021-08-25 17:00:00,2021-08-25 17:15:00,108.1269,93.67511,108.1269,122.85017
2021-08-25 17:00:00,2021-08-25 17:30:00,150.02034,135.70206,150.02034,162.25319
2021-08-25 17:00:00,2021-08-25 17:45:00,159.01599,145.08975,159.01599,170.63882
2021-08-25 18:00:00,2021-08-25 18:00:00,164.13684,153.2125,164.13684,174.99994
2021-08-25 18:00:00,2021-08-25 18:15:00,163.39075,152.2468,163.39075,175.28558
2021-08-25 18:00:00,2021-08-25 18:30:00,164.28424,152.3078,164.28424,175.51886
2021-08-25 18:00:00,2021-08-25 18:45:00,159.75014,147.72563,159.75014,171.17372
2021-08-25 19:00:00,2021-08-25 19:00:00,159.68561,150.04399,159.68561,168.77773
2021-08-25 19:00:00,2021-08-25 19:15:00,149.84152,140.41669,149.84152,159.68835
2021-08-25 19:00:00,2021-08-25 19:30:00,143.68976,133.38474,143.68976,153.12436
2021-08-25 19:00:00,2021-08-25 19:45:00,126.09065,117.02934,126.09065,136.4209
2021-08-25 20:00:00,2021-08-25 20:00:00,111.21228,103.71519,111.21228,119.56439
2021-08-25 20:00:00,2021-08-25 20:15:00,121.0876,112.811806,121.0876,128.73157
2021-08-25 20:00:00,2021-08-25 20:30:00,124.14865,115.33451,124.14865,132.14514
2021-08-25 20:00:00,2021-08-25 20:45:00,120.01022,112.10156,120.01022,127.80556
2021-08-25 21:00:00,2021-08-25 21:00:00,116.006714,108.348885,116.006714,123.52034
2021-08-25 21:00:00,2021-08-25 21:15:00,115.419395,107.76597,115.419395,122.86626
2021-08-25 21:00:00,2021-08-25 21:30:00,113.91752,106.133545,113.91752,121.701515
2021-08-25 21:00:00,2021-08-25 21:45:00,112.42723,104.493164,112.42723,120.375244
2021-08-25 22:00:00,2021-08-25 22:00:00,104.215515,96.770935,104.215515,112.44592
2021-08-25 22:00:00,2021-08-25 22:15:00,114.80109,106.928955,114.80109,122.29512
2021-08-25 22:00:00,2021-08-25 22:30:00,114.33397,106.4503,114.33397,122.16905
2021-08-25 22:00:00,2021-08-25 22:45:00,112.55209,105.08081,112.55209,120.1673
2021-08-25 23:00:00,2021-08-25 23:00:00,107.91083,100.86673,107.91083,115.0668
2021-08-25 23:00:00,2021-08-25 23:15:00,107.05853,99.65752,107.05853,114.135704
2021-08-25 23:00:00,2021-08-25 23:30:00,103.75195,96.24261,103.75195,110.87775
2021-08-25 23:00:00,2021-08-25 23:45:00,85.79075,77.857735,85.79075,93.618256
2021-08-26 00:00:00,2021-08-26 00:00:00,77.06812,68.41804,77.06812,84.593956
2021-08-26 00:00:00,2021-08-26 00:15:00,74.36521,65.81896,74.36521,82.587685
2021-08-26 00:00:00,2021-08-26 00:30:00,70.64021,61.793873,70.64021,78.645355
2021-08-26 00:00:00,2021-08-26 00:45:00,68.443825,59.99199,68.443825,76.862785
2021-08-26 01:00:00,2021-08-26 01:00:00,93.83285,85.8635,93.83285,101.87671
2021-08-26 01:00:00,2021-08-26 01:15:00,107.043884,99.66734,107.043884,114.91169
2021-08-26 01:00:00,2021-08-26 01:30:00,108.02142,99.97401,108.02142,115.71032
2021-08-26 01:00:00,2021-08-26 01:45:00,107.50065,99.50402,107.50065,115.733955
2021-08-26 02:00:00,2021-08-26 02:00:00,108.94657,102.22844,108.94657,116.543
2021-08-26 02:00:00,2021-08-26 02:15:00,109.30518,102.27334,109.30518,116.545654
2021-08-26 02:00:00,2021-08-26 02:30:00,107.017494,99.47518,107.017494,113.86513
2021-08-26 02:00:00,2021-08-26 02:45:00,108.6818,100.99443,108.6818,116.27746
2021-08-26 03:00:00,2021-08-26 03:00:00,99.22871,91.713554,99.22871,107.02699
2021-08-26 03:00:00,2021-08-26 03:15:00,109.83632,102.893074,109.83632,117.56739
2021-08-26 03:00:00,2021-08-26 03:30:00,111.72457,104.30416,111.72457,119.07928
2021-08-26 03:00:00,2021-08-26 03:45:00,109.081116,101.88767,109.081116,116.57665
2021-08-26 04:00:00,2021-08-26 04:00:00,105.16336,97.79523,105.16336,113.002396
2021-08-26 04:00:00,2021-08-26 04:15:00,106.458496,99.23252,106.458496,114.50093
2021-08-26 04:00:00,2021-08-26 04:30:00,104.474075,96.26765,104.474075,112.73851
2021-08-26 04:00:00,2021-08-26 04:45:00,102.483116,93.51276,102.483116,111.034424
2021-08-26 05:00:00,2021-08-26 05:00:00,86.53759,77.953064,86.53759,94.32054
2021-08-26 05:00:00,2021-08-26 05:15:00,78.82318,70.17947,78.82318,87.14346
2021-08-26 05:00:00,2021-08-26 05:30:00,97.492195,88.44707,97.492195,106.45654
2021-08-26 05:00:00,2021-08-26 05:45:00,107.73073,98.57688,107.73073,117.20422
2021-08-26 06:00:00,2021-08-26 06:00:00,110.83598,102.6111,110.83598,119.22638
2021-08-26 06:00:00,2021-08-26 06:15:00,111.47721,102.60543,111.47721,120.10466
2021-08-26 06:00:00,2021-08-26 06:30:00,110.02979,101.19925,110.02979,119.01634
2021-08-26 06:00:00,2021-08-26 06:45:00,111.178055,101.4457,111.178055,120.451256
2021-08-26 07:00:00,2021-08-26 07:00:00,111.7711,102.906876,111.7711,120.726105
2021-08-26 07:00:00,2021-08-26 07:15:00,126.49299,116.84428,126.49299,136.26682
2021-08-26 07:00:00,2021-08-26 07:30:00,148.71605,137.57217,148.71605,159.02975
2021-08-26 07:00:00,2021-08-26 07:45:00,146.7239,136.16824,146.7239,158.39973
2021-08-26 08:00:00,2021-08-26 08:00:00,162.62979,152.6704,162.62979,173.706
2021-08-26 08:00:00,2021-08-26 08:15:00,180.85266,170.0142,180.85266,191.49954
2021-08-26 08:00:00,2021-08-26 08:30:00,183.4885,171.59853,183.4885,193.62927
2021-08-26 08:00:00,2021-08-26 08:45:00,179.41537,168.40988,179.41537,190.30528
2021-08-26 09:00:00,2021-08-26 09:00:00,178.00021,166.15549,178.00021,189.41962
2021-08-26 09:00:00,2021-08-26 09:15:00,179.18863,167.76012,179.18863,190.2117
2021-08-26 09:00:00,2021-08-26 09:30:00,181.33484,168.98375,181.33484,192.425
2021-08-26 09:00:00,2021-08-26 09:45:00,181.74292,170.16496,181.74292,192.90163
2021-08-26 10:00:00,2021-08-26 10:00:00,155.65848,142.29938,155.65848,169.47955
2021-08-26 10:00:00,2021-08-26 10:15:00,180.89008,168.20291,180.89008,193.44025
2021-08-26 10:00:00,2021-08-26 10:30:00,181.87794,168.10638,181.87794,193.92416
2021-08-26 10:00:00,2021-08-26 10:45:00,182.03421,169.51498,182.03421,193.81064
2021-08-26 11:00:00,2021-08-26 11:00:00,186.99045,176.42392,186.99045,198.95224
2021-08-26 11:00:00,2021-08-26 11:15:00,187.41388,176.06381,187.41388,199.53888
2021-08-26 11:00:00,2021-08-26 11:30:00,190.03763,177.78874,190.03763,202.32364
2021-08-26 11:00:00,2021-08-26 11:45:00,185.57518,172.33875,185.57518,198.7125
2021-08-26 12:00:00,2021-08-26 12:00:00,122.21034,110.449844,122.21034,134.93727
2021-08-26 12:00:00,2021-08-26 12:15:00,103.37177,90.63528,103.37177,115.68867
2021-08-26 12:00:00,2021-08-26 12:30:00,104.7493,90.467926,104.7493,117.76103
2021-08-26 12:00:00,2021-08-26 12:45:00,130.47363,115.31671,130.47363,145.63412
2021-08-26 13:00:00,2021-08-26 13:00:00,172.26306,159.85101,172.26306,184.30247
2021-08-26 13:00:00,2021-08-26 13:15:00,179.0127,165.92162,179.0127,190.69963
2021-08-26 13:00:00,2021-08-26 13:30:00,178.79166,164.41206,178.79166,190.62753
2021-08-26 13:00:00,2021-08-26 13:45:00,182.05865,169.26688,182.05865,194.30383
2021-08-26 14:00:00,2021-08-26 14:00:00,188.35226,176.14658,188.35226,200.34058
2021-08-26 14:00:00,2021-08-26 14:15:00,181.57098,168.69284,181.57098,193.23706
2021-08-26 14:00:00,2021-08-26 14:30:00,183.5495,169.66328,183.5495,195.52026
2021-08-26 14:00:00,2021-08-26 14:45:00,183.44415,170.27774,183.44415,196.1025
2021-08-26 15:00:00,2021-08-26 15:00:00,146.10315,132.98193,146.10315,159.79974
2021-08-26 15:00:00,2021-08-26 15:15:00,174.70862,161.12854,174.70862,187.17747
2021-08-26 15:00:00,2021-08-26 15:30:00,184.26144,169.95929,184.26144,196.38187
2021-08-26 15:00:00,2021-08-26 15:45:00,185.72873,173.33253,185.72873,196.8044
2021-08-26 16:00:00,2021-08-26 16:00:00,187.85428,175.62927,187.85428,199.25197
2021-08-26 16:00:00,2021-08-26 16:15:00,182.54872,170.1673,182.54872,195.41017
2021-08-26 16:00:00,2021-08-26 16:30:00,174.861,160.71072,174.861,187.13022
2021-08-26 16:00:00,2021-08-26 16:45:00,170.23901,156.12744,170.23901,183.83763
2021-08-26 17:00:00,2021-08-26 17:00:00,127.206795,114.98732,127.206795,140.14061
2021-08-26 17:00:00,2021-08-26 17:15:00,116.32068,101.52349,116.32068,130.19925
2021-08-26 17:00:00,2021-08-26 17:30:00,157.37854,142.35901,157.37854,169.68245
2021-08-26 17:00:00,2021-08-26 17:45:00,166.31267,151.9808,166.31267,178.08511
2021-08-26 18:00:00,2021-08-26 18:00:00,158.93744,146.67952,158.93744,171.05981
2021-08-26 18:00:00,2021-08-26 18:15:00,158.47025,145.64894,158.47025,171.34964
2021-08-26 18:00:00,2021-08-26 18:30:00,159.0986,145.61665,159.0986,171.6485
2021-08-26 18:00:00,2021-08-26 18:45:00,156.62341,143.2426,156.62341,169.23401
2021-08-26 19:00:00,2021-08-26 19:00:00,158.89413,148.50581,158.89413,168.59007
2021-08-26 19:00:00,2021-08-26 19:15:00,149.13777,138.62872,149.13777,159.64032
2021-08-26 19:00:00,2021-08-26 19:30:00,143.27682,131.91617,143.27682,153.48264
2021-08-26 19:00:00,2021-08-26 19:45:00,126.03892,115.77736,126.03892,137.24306
2021-08-26 20:00:00,2021-08-26 20:00:00,115.80097,106.68808,115.80097,125.33597
2021-08-26 20:00:00,2021-08-26 20:15:00,125.467155,116.03499,125.467155,134.34474
2021-08-26 20:00:00,2021-08-26 20:30:00,128.07478,118.289604,128.07478,137.29837
2021-08-26 20:00:00,2021-08-26 20:45:00,124.778625,115.503174,124.778625,133.73825
2021-08-26 21:00:00,2021-08-26 21:00:00,118.14729,110.54805,118.14729,126.30974
2021-08-26 21:00:00,2021-08-26 21:15:00,119.36158,111.30216,119.36158,127.310745
2021-08-26 21:00:00,2021-08-26 21:30:00,117.79622,109.67152,117.79622,126.09033
2021-08-26 21:00:00,2021-08-26 21:45:00,115.49928,107.0403,115.49928,124.0131
2021-08-26 22:00:00,2021-08-26 22:00:00,107.48832,100.03958,107.48832,115.792274
2021-08-26 22:00:00,2021-08-26 22:15:00,117.16129,109.09543,117.16129,124.8961
2021-08-26 22:00:00,2021-08-26 22:30:00,115.46601,107.57704,115.46601,123.503944
2021-08-26 22:00:00,2021-08-26 22:45:00,114.77429,107.30478,114.77429,122.56777
2021-08-26 23:00:00,2021-08-26 23:00:00,108.63077,102.61946,108.63077,115.82897
2021-08-26 23:00:00,2021-08-26 23:15:00,107.9265,101.46973,107.9265,114.78248
2021-08-26 23:00:00,2021-08-26 23:30:00,105.74845,98.7353,105.74845,112.84745
2021-08-26 23:00:00,2021-08-26 23:45:00,85.25061,78.28572,85.25061,92.40735
2021-08-27 00:00:00,2021-08-27 00:00:00,78.10804,70.61032,78.10804,84.96307
2021-08-27 00:00:00,2021-08-27 00:15:00,75.61043,68.29091,75.61043,82.95736
2021-08-27 00:00:00,2021-08-27 00:30:00,71.67569,64.05917,71.67569,78.92511
2021-08-27 00:00:00,2021-08-27 00:45:00,68.67372,61.352757,68.67372,76.42628
2021-08-27 01:00:00,2021-08-27 01:00:00,92.91458,86.01044,92.91458,99.93545
2021-08-27 01:00:00,2021-08-27 01:15:00,106.92384,100.362495,106.92384,114.22415
2021-08-27 01:00:00,2021-08-27 01:30:00,107.900566,100.67012,107.900566,115.03999
2021-08-27 01:00:00,2021-08-27 01:45:00,106.26386,99.102,106.26386,114.284836
2021-08-27 02:00:00,2021-08-27 02:00:00,110.0398,103.48258,110.0398,117.38722
2021-08-27 02:00:00,2021-08-27 02:15:00,110.59956,104.06216,110.59956,117.66049
2021-08-27 02:00:00,2021-08-27 02:30:00,108.65341,101.51998,108.65341,115.282074
2021-08-27 02:00:00,2021-08-27 02:45:00,110.77431,103.58894,110.77431,118.26511
2021-08-27 03:00:00,2021-08-27 03:00:00,94.6123,87.51012,94.6123,102.09664
2021-08-27 03:00:00,2021-08-27 03:15:00,106.56309,99.93942,106.56309,114.4363
2021-08-27 03:00:00,2021-08-27 03:30:00,108.61539,101.4446,108.61539,116.01283
2021-08-27 03:00:00,2021-08-27 03:45:00,106.676285,99.902695,106.676285,114.72488
2021-08-27 04:00:00,2021-08-27 04:00:00,108.85899,101.59001,108.85899,116.525444
2021-08-27 04:00:00,2021-08-27 04:15:00,110.31732,103.35142,110.31732,118.21479
2021-08-27 04:00:00,2021-08-27 04:30:00,108.02684,100.1929,108.02684,116.12019
2021-08-27 04:00:00,2021-08-27 04:45:00,104.0578,95.72458,104.0578,111.9618
2021-08-27 05:00:00,2021-08-27 05:00:00,84.50353,76.8268,84.50353,92.4535
2021-08-27 05:00:00,2021-08-27 05:15:00,77.28147,68.70017,77.28147,85.055984
2021-08-27 05:00:00,2021-08-27 05:30:00,97.20396,88.63936,97.20396,105.73846
2021-08-27 05:00:00,2021-08-27 05:45:00,107.95138,99.15444,107.95138,116.985016
2021-08-27 06:00:00,2021-08-27 06:00:00,107.72273,100.079,107.72273,115.52075
2021-08-27 06:00:00,2021-08-27 06:15:00,108.31976,99.44617,108.31976,116.47186
2021-08-27 06:00:00,2021-08-27 06:30:00,107.68207,99.56923,107.68207,116.1341
2021-08-27 06:00:00,2021-08-27 06:45:00,109.876595,101.32863,109.876595,118.77115
2021-08-27 07:00:00,2021-08-27 07:00:00,108.55132,100.00654,108.55132,116.8078
2021-08-27 07:00:00,2021-08-27 07:15:00,125.85167,116.854706,125.85167,134.82199
2021-08-27 07:00:00,2021-08-27 07:30:00,148.35408,137.4833,148.35408,158.44434
2021-08-27 07:00:00,2021-08-27 07:45:00,146.3507,136.4072,146.3507,157.13055
2021-08-27 08:00:00,2021-08-27 08:00:00,159.26382,149.49289,159.26382,170.88882
2021-08-27 08:00:00,2021-08-27 08:15:00,179.0453,167.83167,179.0453,189.82999
2021-08-27 08:00:00,2021-08-27 08:30:00,180.92038,168.6379,180.92038,191.61703
2021-08-27 08:00:00,2021-08-27 08:45:00,179.42435,167.80478,179.42435,190.6401
2021-08-27 09:00:00,2021-08-27 09:00:00,178.5088,167.52747,178.5088,188.7984
2021-08-27 09:00:00,2021-08-27 09:15:00,181.4978,171.30463,181.4978,191.8336
2021-08-27 09:00:00,2021-08-27 09:30:00,182.84676,171.64656,182.84676,193.04034
2021-08-27 09:00:00,2021-08-27 09:45:00,183.5862,173.15662,183.5862,193.87343
2021-08-27 10:00:00,2021-08-27 10:00:00,148.1025,136.36166,148.1025,160.08295
2021-08-27 10:00:00,2021-08-27 10:15:00,175.77063,163.88588,175.77063,186.89294
2021-08-27 10:00:00,2021-08-27 10:30:00,177.16078,164.22366,177.16078,188.33018
2021-08-27 10:00:00,2021-08-27 10:45:00,178.73898,166.8562,178.73898,189.6305
2021-08-27 11:00:00,2021-08-27 11:00:00,179.31816,169.40863,179.31816,190.00784
2021-08-27 11:00:00,2021-08-27 11:15:00,180.77069,170.46378,180.77069,191.1807
2021-08-27 11:00:00,2021-08-27 11:30:00,184.50851,173.47675,184.50851,194.88632
2021-08-27 11:00:00,2021-08-27 11:45:00,180.6495,168.75955,180.6495,192.07329
2021-08-27 12:00:00,2021-08-27 12:00:00,114.27267,104.25811,114.27267,125.02766
2021-08-27 12:00:00,2021-08-27 12:15:00,96.98549,86.00919,96.98549,107.729805
2021-08-27 12:00:00,2021-08-27 12:30:00,97.85101,85.639,97.85101,108.81531
2021-08-27 12:00:00,2021-08-27 12:45:00,123.82775,110.58834,123.82775,135.43083
2021-08-27 13:00:00,2021-08-27 13:00:00,167.44373,156.48674,167.44373,178.08147
2021-08-27 13:00:00,2021-08-27 13:15:00,172.59961,161.1106,172.59961,182.6777
2021-08-27 13:00:00,2021-08-27 13:30:00,174.9044,162.34717,174.9044,185.34161
2021-08-27 13:00:00,2021-08-27 13:45:00,177.66861,166.51865,177.66861,188.46024
2021-08-27 14:00:00,2021-08-27 14:00:00,174.29214,163.29048,174.29214,184.80017
2021-08-27 14:00:00,2021-08-27 14:15:00,170.45851,158.84048,170.45851,180.65991
2021-08-27 14:00:00,2021-08-27 14:30:00,173.81737,161.77618,173.81737,184.57477
2021-08-27 14:00:00,2021-08-27 14:45:00,174.64204,163.04974,174.64204,185.8763
2021-08-27 15:00:00,2021-08-27 15:00:00,131.481,119.93196,131.481,144.24051
2021-08-27 15:00:00,2021-08-27 15:15:00,165.4281,152.56696,165.4281,177.1504
2021-08-27 15:00:00,2021-08-27 15:30:00,172.80269,159.56314,172.80269,184.28468
2021-08-27 15:00:00,2021-08-27 15:45:00,172.4076,160.29456,172.4076,182.95425
2021-08-27 16:00:00,2021-08-27 16:00:00,166.70097,156.20125,166.70097,176.75537
2021-08-27 16:00:00,2021-08-27 16:15:00,163.76602,152.64264,163.76602,175.016
2021-08-27 16:00:00,2021-08-27 16:30:00,157.41756,145.24678,157.41756,168.2804
2021-08-27 16:00:00,2021-08-27 16:45:00,151.36975,139.71414,151.36975,162.55872
2021-08-27 17:00:00,2021-08-27 17:00:00,119.97622,108.87386,119.97622,132.03009
2021-08-27 17:00:00,2021-08-27 17:15:00,109.02651,96.84327,109.02651,120.85376
2021-08-27 17:00:00,2021-08-27 17:30:00,146.88412,134.18866,146.88412,157.70593
2021-08-27 17:00:00,2021-08-27 17:45:00,154.63695,142.96321,154.63695,165.39874
2021-08-27 18:00:00,2021-08-27 18:00:00,157.31398,146.08174,157.31398,168.3725
2021-08-27 18:00:00,2021-08-27 18:15:00,155.84915,143.9989,155.84915,167.39694
2021-08-27 18:00:00,2021-08-27 18:30:00,156.20296,144.03534,156.20296,167.40121
2021-08-27 18:00:00,2021-08-27 18:45:00,153.69478,141.76,153.69478,165.27242
2021-08-27 19:00:00,2021-08-27 19:00:00,139.59627,130.03015,139.59627,149.00262
2021-08-27 19:00:00,2021-08-27 19:15:00,131.6053,121.43074,131.6053,141.41624
2021-08-27 19:00:00,2021-08-27 19:30:00,129.41968,119.13285,129.41968,139.7918
2021-08-27 19:00:00,2021-08-27 19:45:00,110.6727,99.98893,110.6727,120.71643
2021-08-27 20:00:00,2021-08-27 20:00:00,102.15556,94.656685,102.15556,110.23678
2021-08-27 20:00:00,2021-08-27 20:15:00,111.79047,104.4067,111.79047,119.663475
2021-08-27 20:00:00,2021-08-27 20:30:00,113.936745,105.96524,113.936745,122.13953
2021-08-27 20:00:00,2021-08-27 20:45:00,112.54652,104.70734,112.54652,120.964615
2021-08-27 21:00:00,2021-08-27 21:00:00,109.77922,103.53972,109.77922,116.89271
2021-08-27 21:00:00,2021-08-27 21:15:00,112.41299,105.58222,112.41299,119.178955
2021-08-27 21:00:00,2021-08-27 21:30:00,110.318695,103.541565,110.318695,116.90057
2021-08-27 21:00:00,2021-08-27 21:45:00,107.6214,100.98034,107.6214,115.18369
2021-08-27 22:00:00,2021-08-27 22:00:00,96.35686,90.19186,96.35686,103.51032
2021-08-27 22:00:00,2021-08-27 22:15:00,105.58961,99.27652,105.58961,113.18455
2021-08-27 22:00:00,2021-08-27 22:30:00,103.84567,96.57564,103.84567,111.226204
2021-08-27 22:00:00,2021-08-27 22:45:00,104.0355,97.277245,104.0355,111.894135
2021-08-27 23:00:00,2021-08-27 23:00:00,101.54819,95.22038,101.54819,108.241104
2021-08-27 23:00:00,2021-08-27 23:15:00,100.1971,93.94816,100.1971,107.21158
2021-08-27 23:00:00,2021-08-27 23:30:00,95.71495,88.75613,95.71495,102.48148
2021-08-27 23:00:00,2021-08-27 23:45:00,77.424126,70.10814,77.424126,84.32414
2021-08-28 00:00:00,2021-08-28 00:00:00,67.78085,60.55142,67.78085,75.1622
2021-08-28 00:00:00,2021-08-28 00:15:00,65.13669,57.651608,65.13669,72.23607
2021-08-28 00:00:00,2021-08-28 00:30:00,62.872402,55.365047,62.872402,69.91993
2021-08-28 00:00:00,2021-08-28 00:45:00,63.15329,55.40376,63.15329,70.71212
2021-08-28 01:00:00,2021-08-28 01:00:00,88.2691,81.43008,88.2691,94.659775
2021-08-28 01:00:00,2021-08-28 01:15:00,98.700714,92.20693,98.700714,105.38498
2021-08-28 01:00:00,2021-08-28 01:30:00,100.389366,93.50339,100.389366,107.219894
2021-08-28 01:00:00,2021-08-28 01:45:00,100.87829,93.96642,100.87829,107.785
2021-08-28 02:00:00,2021-08-28 02:00:00,106.161995,99.39146,106.161995,113.54482
2021-08-28 02:00:00,2021-08-28 02:15:00,107.73909,100.82774,107.73909,115.19559
2021-08-28 02:00:00,2021-08-28 02:30:00,106.838135,99.21458,106.838135,114.39676
2021-08-28 02:00:00,2021-08-28 02:45:00,107.443634,99.66821,107.443634,116.1034
2021-08-28 03:00:00,2021-08-28 03:00:00,88.49074,80.24504,88.49074,96.27369
2021-08-28 03:00:00,2021-08-28 03:15:00,97.15316,89.04277,97.15316,105.27454
2021-08-28 03:00:00,2021-08-28 03:30:00,101.144295,92.51264,101.144295,109.86349
2021-08-28 03:00:00,2021-08-28 03:45:00,103.07302,94.89993,103.07302,112.3378
2021-08-28 04:00:00,2021-08-28 04:00:00,105.53491,97.69383,105.53491,115.108055
2021-08-28 04:00:00,2021-08-28 04:15:00,106.33541,98.383896,106.33541,115.42714
2021-08-28 04:00:00,2021-08-28 04:30:00,105.329636,96.52993,105.329636,114.69558
2021-08-28 04:00:00,2021-08-28 04:45:00,103.109146,94.35241,103.109146,113.25768
2021-08-28 05:00:00,2021-08-28 05:00:00,89.10586,80.273865,89.10586,98.655075
2021-08-28 05:00:00,2021-08-28 05:15:00,88.76559,78.74519,88.76559,99.84697
2021-08-28 05:00:00,2021-08-28 05:30:00,98.95946,89.705864,98.95946,108.51456
2021-08-28 05:00:00,2021-08-28 05:45:00,104.02033,94.84857,104.02033,113.22489
2021-08-28 06:00:00,2021-08-28 06:00:00,104.020836,95.53774,104.020836,113.28513
2021-08-28 06:00:00,2021-08-28 06:15:00,103.071205,93.965645,103.071205,113.10852
2021-08-28 06:00:00,2021-08-28 06:30:00,100.09307,90.73894,100.09307,110.467834
2021-08-28 06:00:00,2021-08-28 06:45:00,96.018776,84.480675,96.018776,107.50579
2021-08-28 07:00:00,2021-08-28 07:00:00,92.23336,82.76573,92.23336,101.309326
2021-08-28 07:00:00,2021-08-28 07:15:00,82.03408,70.381134,82.03408,94.75953
2021-08-28 07:00:00,2021-08-28 07:30:00,57.60424,44.506752,57.60424,71.43778
2021-08-28 07:00:00,2021-08-28 07:45:00,31.933678,24.347374,31.933678,45.318172
2021-08-28 08:00:00,2021-08-28 08:00:00,24.872986,22.608139,24.872986,27.480919
2021-08-28 08:00:00,2021-08-28 08:15:00,24.341225,22.258034,24.341225,26.546951
2021-08-28 08:00:00,2021-08-28 08:30:00,23.940773,21.987534,23.940773,25.900398
2021-08-28 08:00:00,2021-08-28 08:45:00,23.56472,21.998833,23.56472,25.607483
2021-08-28 09:00:00,2021-08-28 09:00:00,25.356094,23.40879,25.356094,27.428642
2021-08-28 09:00:00,2021-08-28 09:15:00,25.268608,23.437912,25.268608,27.144135
2021-08-28 09:00:00,2021-08-28 09:30:00,25.127525,23.215523,25.127525,26.750374
2021-08-28 09:00:00,2021-08-28 09:45:00,24.623222,23.082,24.623222,26.638695
2021-08-28 10:00:00,2021-08-28 10:00:00,29.348572,25.513474,29.348572,33.51606
2021-08-28 10:00:00,2021-08-28 10:15:00,29.212395,25.188004,29.212395,33.41719
2021-08-28 10:00:00,2021-08-28 10:30:00,29.135422,24.86377,29.135422,33.15866
2021-08-28 10:00:00,2021-08-28 10:45:00,28.705086,24.783127,28.705086,33.148323
2021-08-28 11:00:00,2021-08-28 11:00:00,37.43199,32.322014,37.43199,42.806286
2021-08-28 11:00:00,2021-08-28 11:15:00,37.619495,31.92707,37.619495,42.978584
2021-08-28 11:00:00,2021-08-28 11:30:00,36.760204,30.64212,36.760204,42.15336
2021-08-28 11:00:00,2021-08-28 11:45:00,35.20404,29.289444,35.20404,40.74287
2021-08-28 12:00:00,2021-08-28 12:00:00,36.47918,32.21586,36.47918,40.293076
2021-08-28 12:00:00,2021-08-28 12:15:00,36.404144,31.81752,36.404144,40.038254
2021-08-28 12:00:00,2021-08-28 12:30:00,36.474243,31.649193,36.474243,40.18222
2021-08-28 12:00:00,2021-08-28 12:45:00,36.747467,31.955246,36.747467,40.46014
2021-08-28 13:00:00,2021-08-28 13:00:00,39.590786,36.07644,39.590786,43.183243
2021-08-28 13:00:00,2021-08-28 13:15:00,39.65231,35.780792,39.65231,43.119576
2021-08-28 13:00:00,2021-08-28 13:30:00,39.58927,35.523903,39.58927,43.08067
2021-08-28 13:00:00,2021-08-28 13:45:00,39.37023,35.50116,39.37023,42.958504
2021-08-28 14:00:00,2021-08-28 14:00:00,39.784172,36.059715,39.784172,43.55182
2021-08-28 14:00:00,2021-08-28 14:15:00,40.023315,36.173042,40.023315,43.64207
2021-08-28 14:00:00,2021-08-28 14:30:00,40.03167,35.919807,40.03167,43.64987
2021-08-28 14:00:00,2021-08-28 14:45:00,39.839813,35.88816,39.839813,43.667072
2021-08-28 15:00:00,2021-08-28 15:00:00,39.026085,35.375114,39.026085,42.611366
2021-08-28 15:00:00,2021-08-28 15:15:00,39.08656,35.38452,39.08656,42.502014
2021-08-28 15:00:00,2021-08-28 15:30:00,39.09662,35.12262,39.09662,42.54196
2021-08-28 15:00:00,2021-08-28 15:45:00,38.853058,35.024498,38.853058,42.40115
2021-08-28 16:00:00,2021-08-28 16:00:00,38.520153,36.26088,38.520153,40.716785
2021-08-28 16:00:00,2021-08-28 16:15:00,38.448627,36.19317,38.448627,40.50493
2021-08-28 16:00:00,2021-08-28 16:30:00,38.38795,35.940094,38.38795,40.445675
2021-08-28 16:00:00,2021-08-28 16:45:00,38.115356,35.86232,38.115356,40.27173
2021-08-28 17:00:00,2021-08-28 17:00:00,42.447845,38.30749,42.447845,47.437675
2021-08-28 17:00:00,2021-08-28 17:15:00,42.274403,38.018196,42.274403,47.139637
2021-08-28 17:00:00,2021-08-28 17:30:00,42.255363,37.720413,42.255363,47.12938
2021-08-28 17:00:00,2021-08-28 17:45:00,42.063526,37.687603,42.063526,47.158524
2021-08-28 18:00:00,2021-08-28 18:00:00,43.073505,37.952778,43.073505,50.240944
2021-08-28 18:00:00,2021-08-28 18:15:00,42.913982,37.61864,42.913982,50.037933
2021-08-28 18:00:00,2021-08-28 18:30:00,42.679153,36.93686,42.679153,49.738396
2021-08-28 18:00:00,2021-08-28 18:45:00,42.057617,36.42447,42.057617,49.437843
2021-08-28 19:00:00,2021-08-28 19:00:00,42.00943,36.94342,42.00943,47.08511
2021-08-28 19:00:00,2021-08-28 19:15:00,42.034073,36.941498,42.034073,46.768764
2021-08-28 19:00:00,2021-08-28 19:30:00,42.0977,36.72592,42.0977,46.85128
2021-08-28 19:00:00,2021-08-28 19:45:00,41.995247,36.654716,41.995247,46.70078
2021-08-28 20:00:00,2021-08-28 20:00:00,39.885876,36.10582,39.885876,43.58891
2021-08-28 20:00:00,2021-08-28 20:15:00,39.91667,36.212296,39.91667,43.246113
2021-08-28 20:00:00,2021-08-28 20:30:00,40.084,36.16047,40.084,43.42884
2021-08-28 20:00:00,2021-08-28 20:45:00,40.01143,36.154755,40.01143,43.51333
2021-08-28 21:00:00,2021-08-28 21:00:00,41.396137,35.138283,41.396137,49.218994
2021-08-28 21:00:00,2021-08-28 21:15:00,41.611355,35.16706,41.611355,49.30996
2021-08-28 21:00:00,2021-08-28 21:30:00,41.68628,34.935234,41.68628,49.387653
2021-08-28 21:00:00,2021-08-28 21:45:00,41.48208,34.854233,41.48208,49.401875
2021-08-28 22:00:00,2021-08-28 22:00:00,42.83226,35.588997,42.83226,52.538334
2021-08-28 22:00:00,2021-08-28 22:15:00,43.373486,35.935623,43.373486,53.47219
2021-08-28 22:00:00,2021-08-28 22:30:00,43.773937,35.672165,43.773937,54.000137
2021-08-28 22:00:00,2021-08-28 22:45:00,43.455826,35.718285,43.455826,54.03203
2021-08-28 23:00:00,2021-08-28 23:00:00,41.874226,33.865623,41.874226,49.22356
2021-08-28 23:00:00,2021-08-28 23:15:00,42.011044,33.724075,42.011044,48.985752
2021-08-28 23:00:00,2021-08-28 23:30:00,42.034737,33.55697,42.034737,49.181767
2021-08-28 23:00:00,2021-08-28 23:45:00,41.88452,33.484955,41.88452,48.86892
2021-08-29 00:00:00,2021-08-29 00:00:00,38.486397,33.25174,38.486397,43.194664
2021-08-29 00:00:00,2021-08-29 00:15:00,38.50542,33.480705,38.50542,42.79945
2021-08-29 00:00:00,2021-08-29 00:30:00,38.95896,33.928917,38.95896,43.223534
2021-08-29 00:00:00,2021-08-29 00:45:00,39.39561,34.407463,39.39561,43.579422
2021-08-29 01:00:00,2021-08-29 01:00:00,41.93674,34.07743,41.93674,51.401394
2021-08-29 01:00:00,2021-08-29 01:15:00,42.837505,34.716507,42.837505,52.871
2021-08-29 01:00:00,2021-08-29 01:30:00,43.276188,34.943146,43.276188,53.540855
2021-08-29 01:00:00,2021-08-29 01:45:00,43.232025,35.146545,43.232025,53.95341
2021-08-29 02:00:00,2021-08-29 02:00:00,43.48755,34.972504,43.48755,54.969086
2021-08-29 02:00:00,2021-08-29 02:15:00,43.784092,35.180122,43.784092,55.3349
2021-08-29 02:00:00,2021-08-29 02:30:00,43.847633,34.857864,43.847633,55.61665
2021-08-29 02:00:00,2021-08-29 02:45:00,43.69883,35.07773,43.69883,55.72204
2021-08-29 03:00:00,2021-08-29 03:00:00,42.47863,34.26924,42.47863,49.8489
2021-08-29 03:00:00,2021-08-29 03:15:00,42.693497,34.323387,42.693497,49.685562
2021-08-29 03:00:00,2021-08-29 03:30:00,42.858913,34.38037,42.858913,49.911736
2021-08-29 03:00:00,2021-08-29 03:45:00,42.87445,34.501114,42.87445,49.938828
2021-08-29 04:00:00,2021-08-29 04:00:00,40.077667,34.56115,40.077667,45.076324
2021-08-29 04:00:00,2021-08-29 04:15:00,40.286476,34.69638,40.286476,44.902092
2021-08-29 04:00:00,2021-08-29 04:30:00,40.472332,34.84288,40.472332,45.127125
2021-08-29 04:00:00,2021-08-29 04:45:00,40.55999,35.02881,40.55999,45.16151
2021-08-29 05:00:00,2021-08-29 05:00:00,42.5742,33.719757,42.5742,53.64864
2021-08-29 05:00:00,2021-08-29 05:15:00,43.185276,34.341064,43.185276,54.673943
2021-08-29 05:00:00,2021-08-29 05:30:00,43.829018,34.529587,43.829018,55.67013
2021-08-29 05:00:00,2021-08-29 05:45:00,44.051052,35.05414,44.051052,56.29713
2021-08-29 06:00:00,2021-08-29 06:00:00,43.41785,34.234573,43.41785,54.662987
2021-08-29 06:00:00,2021-08-29 06:15:00,43.902992,34.642433,43.902992,55.69063
2021-08-29 06:00:00,2021-08-29 06:30:00,44.260548,34.435432,44.260548,56.34078
2021-08-29 06:00:00,2021-08-29 06:45:00,44.521507,34.985115,44.521507,56.82007
2021-08-29 07:00:00,2021-08-29 07:00:00,43.69826,34.306656,43.69826,51.84227
2021-08-29 07:00:00,2021-08-29 07:15:00,44.042217,34.595146,44.042217,51.924335
2021-08-29 07:00:00,2021-08-29 07:30:00,44.25492,34.68164,44.25492,52.286972
2021-08-29 07:00:00,2021-08-29 07:45:00,44.41475,34.99431,44.41475,52.383167
2021-08-29 08:00:00,2021-08-29 08:00:00,41.26825,35.17501,41.26825,47.174473
2021-08-29 08:00:00,2021-08-29 08:15:00,41.51785,35.3693,41.51785,47.106018
2021-08-29 08:00:00,2021-08-29 08:30:00,41.65449,35.477196,41.65449,47.308598
2021-08-29 08:00:00,2021-08-29 08:45:00,41.68753,35.63932,41.68753,47.310226
2021-08-29 09:00:00,2021-08-29 09:00:00,44.28352,35.02365,44.28352,58.363564
2021-08-29 09:00:00,2021-08-29 09:15:00,44.73249,35.14438,44.73249,58.99472
2021-08-29 09:00:00,2021-08-29 09:30:00,44.533318,35.016426,44.533318,58.694218
2021-08-29 09:00:00,2021-08-29 09:45:00,44.3573,35.270905,44.3573,58.274925
2021-08-29 10:00:00,2021-08-29 10:00:00,45.07704,35.57824,45.07704,56.720722
2021-08-29 10:00:00,2021-08-29 10:15:00,45.58297,35.75689,45.58297,57.322388
2021-08-29 10:00:00,2021-08-29 10:30:00,45.899155,35.57296,45.899155,57.93416
2021-08-29 10:00:00,2021-08-29 10:45:00,45.882187,35.827522,45.882187,58.250668
2021-08-29 11:00:00,2021-08-29 11:00:00,45.301647,34.8294,45.301647,54.276287
2021-08-29 11:00:00,2021-08-29 11:15:00,45.5929,34.736214,45.5929,54.4075
2021-08-29 11:00:00,2021-08-29 11:30:00,45.622314,34.701157,45.622314,54.581345
2021-08-29 11:00:00,2021-08-29 11:45:00,45.458088,34.72992,45.458088,54.361217
2021-08-29 12:00:00,2021-08-29 12:00:00,31.152466,24.87841,31.152466,37.100296
2021-08-29 12:00:00,2021-08-29 12:15:00,31.112404,24.877098,31.112404,36.73429
2021-08-29 12:00:00,2021-08-29 12:30:00,31.43798,24.91204,31.43798,37.063187
2021-08-29 12:00:00,2021-08-29 12:45:00,31.272835,24.845566,31.272835,37.34195
2021-08-29 13:00:00,2021-08-29 13:00:00,24.18528,20.153366,24.18528,28.548195
2021-08-29 13:00:00,2021-08-29 13:15:00,24.312477,20.15931,24.312477,28.90255
2021-08-29 13:00:00,2021-08-29 13:30:00,24.241234,19.871185,24.241234,28.735077
2021-08-29 13:00:00,2021-08-29 13:45:00,23.70716,20.075325,23.70716,28.603127
2021-08-29 14:00:00,2021-08-29 14:00:00,22.882515,20.064964,22.882515,25.893059
2021-08-29 14:00:00,2021-08-29 14:15:00,22.934898,20.157028,22.934898,25.804314
2021-08-29 14:00:00,2021-08-29 14:30:00,22.851936,19.755608,22.851936,25.400452
2021-08-29 14:00:00,2021-08-29 14:45:00,22.255722,19.852287,22.255722,25.416756
2021-08-29 15:00:00,2021-08-29 15:00:00,23.464226,21.255272,23.464226,25.570892
2021-08-29 15:00:00,2021-08-29 15:15:00,23.522926,21.389214,23.522926,25.657494
2021-08-29 15:00:00,2021-08-29 15:30:00,23.443642,21.176315,23.443642,25.211464
2021-08-29 15:00:00,2021-08-29 15:45:00,22.931694,21.28025,22.931694,25.27172
2021-08-29 16:00:00,2021-08-29 16:00:00,23.556702,21.203781,23.556702,25.867744
2021-08-29 16:00:00,2021-08-29 16:15:00,23.645744,21.441917,23.645744,25.867393
2021-08-29 16:00:00,2021-08-29 16:30:00,23.550774,21.15306,23.550774,25.529472
2021-08-29 16:00:00,2021-08-29 16:45:00,23.077065,21.279732,23.077065,25.599197
2021-08-29 17:00:00,2021-08-29 17:00:00,24.04943,21.73056,24.04943,26.238297
2021-08-29 17:00:00,2021-08-29 17:15:00,23.94011,21.823242,23.94011,26.004898
2021-08-29 17:00:00,2021-08-29 17:30:00,24.02288,21.741287,24.02288,25.797401
2021-08-29 17:00:00,2021-08-29 17:45:00,23.579216,21.944656,23.579216,25.947128
2021-08-29 18:00:00,2021-08-29 18:00:00,26.708168,23.34021,26.708168,30.495964
2021-08-29 18:00:00,2021-08-29 18:15:00,26.569916,23.118332,26.569916,30.078285
2021-08-29 18:00:00,2021-08-29 18:30:00,26.343521,22.670044,26.343521,29.71328
2021-08-29 18:00:00,2021-08-29 18:45:00,25.681763,22.35019,25.681763,29.750854
2021-08-29 19:00:00,2021-08-29 19:00:00,23.46405,21.068657,23.46405,25.764801
2021-08-29 19:00:00,2021-08-29 19:15:00,23.44046,21.198273,23.44046,25.601456
2021-08-29 19:00:00,2021-08-29 19:30:00,23.37603,21.051155,23.37603,25.254753
2021-08-29 19:00:00,2021-08-29 19:45:00,22.892166,21.113075,22.892166,25.263977
2021-08-29 20:00:00,2021-08-29 20:00:00,23.303009,21.273323,23.303009,25.02353
2021-08-29 20:00:00,2021-08-29 20:15:00,23.3862,21.66703,23.3862,25.01641
2021-08-29 20:00:00,2021-08-29 20:30:00,23.344955,21.465736,23.344955,24.612984
2021-08-29 20:00:00,2021-08-29 20:45:00,22.888985,21.503578,22.888985,24.78466
2021-08-29 21:00:00,2021-08-29 21:00:00,22.773811,20.702522,22.773811,24.733429
2021-08-29 21:00:00,2021-08-29 21:15:00,22.828285,21.156136,22.828285,24.55516
2021-08-29 21:00:00,2021-08-29 21:30:00,22.82248,20.912209,22.82248,24.121376
2021-08-29 21:00:00,2021-08-29 21:45:00,22.308357,20.867424,22.308357,24.362823
2021-08-29 22:00:00,2021-08-29 22:00:00,22.88742,20.982208,22.88742,24.72744
2021-08-29 22:00:00,2021-08-29 22:15:00,22.982742,21.317352,22.982742,24.66011
2021-08-29 22:00:00,2021-08-29 22:30:00,23.001503,20.989876,23.001503,24.314796
2021-08-29 22:00:00,2021-08-29 22:45:00,22.505104,21.132584,22.505104,24.53238
2021-08-29 23:00:00,2021-08-29 23:00:00,23.365425,21.539177,23.365425,25.22319
2021-08-29 23:00:00,2021-08-29 23:15:00,23.406464,21.774117,23.406464,25.05626
2021-08-29 23:00:00,2021-08-29 23:30:00,23.32222,21.396706,23.32222,24.608963
2021-08-29 23:00:00,2021-08-29 23:45:00,22.772614,21.477585,22.772614,24.668205
2021-08-30 00:00:00,2021-08-30 00:00:00,21.946281,19.61837,21.946281,24.040283
2021-08-30 00:00:00,2021-08-30 00:15:00,22.022392,20.076614,22.022392,23.896996
2021-08-30 00:00:00,2021-08-30 00:30:00,21.874977,19.779793,21.874977,23.309998
2021-08-30 00:00:00,2021-08-30 00:45:00,21.21379,19.65564,21.21379,23.309334
2021-08-30 01:00:00,2021-08-30 01:00:00,21.905357,19.90232,21.905357,23.850922
2021-08-30 01:00:00,2021-08-30 01:15:00,21.922935,20.101715,21.922935,23.67942
2021-08-30 01:00:00,2021-08-30 01:30:00,21.816086,19.721397,21.816086,23.240776
2021-08-30 01:00:00,2021-08-30 01:45:00,21.24086,19.725273,21.24086,23.288406
2021-08-30 02:00:00,2021-08-30 02:00:00,22.236,20.025406,22.236,24.730629
2021-08-30 02:00:00,2021-08-30 02:15:00,22.318367,20.275604,22.318367,24.610588
2021-08-30 02:00:00,2021-08-30 02:30:00,22.311623,20.012413,22.311623,24.28151
2021-08-30 02:00:00,2021-08-30 02:45:00,21.7034,19.982811,21.7034,24.330185
2021-08-30 03:00:00,2021-08-30 03:00:00,22.152077,20.27089,22.152077,24.10086
2021-08-30 03:00:00,2021-08-30 03:15:00,22.26558,20.432655,22.26558,24.088043
2021-08-30 03:00:00,2021-08-30 03:30:00,22.236488,20.187943,22.236488,23.727165
2021-08-30 03:00:00,2021-08-30 03:45:00,21.665855,20.250015,21.665855,23.676544
2021-08-30 04:00:00,2021-08-30 04:00:00,20.993546,17.265831,20.993546,24.080177
2021-08-30 04:00:00,2021-08-30 04:15:00,20.66407,17.396828,20.66407,23.989174
2021-08-30 04:00:00,2021-08-30 04:30:00,20.570213,17.122475,20.570213,23.288254
2021-08-30 04:00:00,2021-08-30 04:45:00,19.853134,16.995415,19.853134,23.420967
2021-08-30 05:00:00,2021-08-30 05:00:00,18.921951,13.929825,18.921951,23.937393
2021-08-30 05:00:00,2021-08-30 05:15:00,19.341919,13.998413,19.341919,24.07698
2021-08-30 05:00:00,2021-08-30 05:30:00,19.717789,13.9752655,19.717789,24.464142
2021-08-30 05:00:00,2021-08-30 05:45:00,18.882935,14.293922,18.882935,24.873924
2021-08-30 06:00:00,2021-08-30 06:00:00,21.716515,15.722626,21.716515,28.243652
2021-08-30 06:00:00,2021-08-30 06:15:00,21.366745,15.251419,21.366745,27.95401
2021-08-30 06:00:00,2021-08-30 06:30:00,20.992294,13.869766,20.992294,27.509651
2021-08-30 06:00:00,2021-08-30 06:45:00,20.25354,13.450485,20.25354,28.339058
2021-08-30 07:00:00,2021-08-30 07:00:00,23.513176,12.982521,23.513176,34.20646
2021-08-30 07:00:00,2021-08-30 07:15:00,36.621735,25.388733,36.621735,48.450253
2021-08-30 07:00:00,2021-08-30 07:30:00,65.14292,46.934452,65.14292,85.53118
2021-08-30 07:00:00,2021-08-30 07:45:00,102.64717,75.1965,102.64717,126.23506
2021-08-30 08:00:00,2021-08-30 08:00:00,131.10303,114.48237,131.10303,146.71924
2021-08-30 08:00:00,2021-08-30 08:15:00,150.34854,129.91438,150.34854,167.82962
2021-08-30 08:00:00,2021-08-30 08:30:00,158.65503,134.80205,158.65503,176.66733
2021-08-30 08:00:00,2021-08-30 08:45:00,162.23007,137.56244,162.23007,182.28229
2021-08-30 09:00:00,2021-08-30 09:00:00,180.61557,169.094,180.61557,192.49939
2021-08-30 09:00:00,2021-08-30 09:15:00,178.36737,165.46552,178.36737,191.25772
2021-08-30 09:00:00,2021-08-30 09:30:00,179.61072,165.34554,179.61072,192.5473
2021-08-30 09:00:00,2021-08-30 09:45:00,177.3584,161.94608,177.3584,191.5506
2021-08-30 10:00:00,2021-08-30 10:00:00,143.91139,127.0731,143.91139,159.6261
2021-08-30 10:00:00,2021-08-30 10:15:00,170.64645,155.54697,170.64645,185.21335
2021-08-30 10:00:00,2021-08-30 10:30:00,171.83823,155.97865,171.83823,185.82922
2021-08-30 10:00:00,2021-08-30 10:45:00,170.1648,155.0668,170.1648,184.28159
2021-08-30 11:00:00,2021-08-30 11:00:00,170.56607,159.6236,170.56607,181.58568
2021-08-30 11:00:00,2021-08-30 11:15:00,172.93279,159.92819,172.93279,185.54944
2021-08-30 11:00:00,2021-08-30 11:30:00,177.3361,162.52612,177.3361,190.89003
2021-08-30 11:00:00,2021-08-30 11:45:00,176.11765,158.84766,176.11765,191.49338
2021-08-30 12:00:00,2021-08-30 12:00:00,122.784195,105.44219,122.784195,141.43074
2021-08-30 12:00:00,2021-08-30 12:15:00,99.876015,84.08653,99.876015,115.66404
2021-08-30 12:00:00,2021-08-30 12:30:00,102.702225,85.823975,102.702225,118.865654
2021-08-30 12:00:00,2021-08-30 12:45:00,120.05794,100.7204,120.05794,140.31738
2021-08-30 13:00:00,2021-08-30 13:00:00,174.01831,160.64566,174.01831,186.17722
2021-08-30 13:00:00,2021-08-30 13:15:00,174.1882,160.34027,174.1882,186.13089
2021-08-30 13:00:00,2021-08-30 13:30:00,173.86938,158.9183,173.86938,186.41592
2021-08-30 13:00:00,2021-08-30 13:45:00,176.99353,162.83304,176.99353,190.24133
2021-08-30 14:00:00,2021-08-30 14:00:00,171.48502,160.25847,171.48502,182.0357
2021-08-30 14:00:00,2021-08-30 14:15:00,167.56348,155.03632,167.56348,178.65164
2021-08-30 14:00:00,2021-08-30 14:30:00,167.38834,153.26866,167.38834,179.68277
2021-08-30 14:00:00,2021-08-30 14:45:00,168.31317,153.7334,168.31317,181.70044
2021-08-30 15:00:00,2021-08-30 15:00:00,145.54257,132.27017,145.54257,158.3441
2021-08-30 15:00:00,2021-08-30 15:15:00,170.90982,157.14943,170.90982,183.07043
2021-08-30 15:00:00,2021-08-30 15:30:00,175.87851,160.93912,175.87851,187.62677
2021-08-30 15:00:00,2021-08-30 15:45:00,175.36676,161.27502,175.36676,186.9964
2021-08-30 16:00:00,2021-08-30 16:00:00,172.12686,160.2281,172.12686,183.43806
2021-08-30 16:00:00,2021-08-30 16:15:00,167.37238,153.56868,167.37238,181.15756
2021-08-30 16:00:00,2021-08-30 16:30:00,163.46265,147.3476,163.46265,177.45876
2021-08-30 16:00:00,2021-08-30 16:45:00,158.454,140.08958,158.454,174.09253
2021-08-30 17:00:00,2021-08-30 17:00:00,132.33253,120.91402,132.33253,144.15994
2021-08-30 17:00:00,2021-08-30 17:15:00,117.53591,103.69639,117.53591,130.7043
2021-08-30 17:00:00,2021-08-30 17:30:00,153.4651,139.28339,153.4651,165.25006
2021-08-30 17:00:00,2021-08-30 17:45:00,161.17493,147.09023,161.17493,173.20975
2021-08-30 18:00:00,2021-08-30 18:00:00,165.51456,152.66632,165.51456,177.98059
2021-08-30 18:00:00,2021-08-30 18:15:00,157.95128,144.20042,157.95128,171.8219
2021-08-30 18:00:00,2021-08-30 18:30:00,153.83566,139.2047,153.83566,167.35849
2021-08-30 18:00:00,2021-08-30 18:45:00,148.60855,133.82263,148.60855,162.77542
2021-08-30 19:00:00,2021-08-30 19:00:00,160.87206,149.65651,160.87206,171.56728
2021-08-30 19:00:00,2021-08-30 19:15:00,151.19049,139.32895,151.19049,162.98967
2021-08-30 19:00:00,2021-08-30 19:30:00,144.8591,132.08838,144.8591,156.51859
2021-08-30 19:00:00,2021-08-30 19:45:00,124.12554,111.330765,124.12554,137.81305
2021-08-30 20:00:00,2021-08-30 20:00:00,111.49552,101.73255,111.49552,121.53713
2021-08-30 20:00:00,2021-08-30 20:15:00,119.2061,109.34377,119.2061,129.28046
2021-08-30 20:00:00,2021-08-30 20:30:00,122.32475,111.9014,122.32475,132.53767
2021-08-30 20:00:00,2021-08-30 20:45:00,118.816536,107.64912,118.816536,129.40787
2021-08-30 21:00:00,2021-08-30 21:00:00,122.86971,114.66668,122.86971,130.70618
2021-08-30 21:00:00,2021-08-30 21:15:00,121.74889,113.118706,121.74889,130.01491
2021-08-30 21:00:00,2021-08-30 21:30:00,118.963806,109.97672,118.963806,127.85701
2021-08-30 21:00:00,2021-08-30 21:45:00,115.9368,106.364655,115.9368,125.61079
2021-08-30 22:00:00,2021-08-30 22:00:00,112.7195,103.87691,112.7195,121.79208
2021-08-30 22:00:00,2021-08-30 22:15:00,120.0919,110.510414,120.0919,129.14034
2021-08-30 22:00:00,2021-08-30 22:30:00,116.99728,106.87664,116.99728,126.39398
2021-08-30 22:00:00,2021-08-30 22:45:00,117.035995,106.792625,117.035995,127.08487
2021-08-30 23:00:00,2021-08-30 23:00:00,114.7943,107.29194,114.7943,122.818375
2021-08-30 23:00:00,2021-08-30 23:15:00,112.61738,104.65855,112.61738,120.68039
2021-08-30 23:00:00,2021-08-30 23:30:00,109.26319,100.469864,109.26319,117.68425
2021-08-30 23:00:00,2021-08-30 23:45:00,84.85634,75.8741,84.85634,94.01256
2021-08-31 00:00:00,2021-08-31 00:00:00,78.288345,70.670746,78.288345,85.87953
2021-08-31 00:00:00,2021-08-31 00:15:00,74.61634,66.63899,74.61634,82.57452
2021-08-31 00:00:00,2021-08-31 00:30:00,71.54606,63.62033,71.54606,79.6256
2021-08-31 00:00:00,2021-08-31 00:45:00,68.58309,60.348495,68.58309,75.90611
2021-08-31 01:00:00,2021-08-31 01:00:00,96.73983,88.98854,96.73983,104.30217
2021-08-31 01:00:00,2021-08-31 01:15:00,108.172264,100.90877,108.172264,116.32775
2021-08-31 01:00:00,2021-08-31 01:30:00,109.228546,101.139244,109.228546,117.19185
2021-08-31 01:00:00,2021-08-31 01:45:00,107.72346,99.43977,107.72346,116.41216
2021-08-31 02:00:00,2021-08-31 02:00:00,111.39602,104.615974,111.39602,118.57359
2021-08-31 02:00:00,2021-08-31 02:15:00,112.53913,105.591545,112.53913,119.86191
2021-08-31 02:00:00,2021-08-31 02:30:00,110.35216,102.61609,110.35216,117.68921
2021-08-31 02:00:00,2021-08-31 02:45:00,109.9033,102.14102,109.9033,118.07119
2021-08-31 03:00:00,2021-08-31 03:00:00,90.148796,83.47842,90.148796,96.63434
2021-08-31 03:00:00,2021-08-31 03:15:00,101.64451,95.16232,101.64451,109.19133
2021-08-31 03:00:00,2021-08-31 03:30:00,105.08827,97.973656,105.08827,112.27338
2021-08-31 03:00:00,2021-08-31 03:45:00,103.952065,96.68906,103.952065,111.02802
2021-08-31 04:00:00,2021-08-31 04:00:00,106.0127,99.484825,106.0127,112.938515
2021-08-31 04:00:00,2021-08-31 04:15:00,107.38106,100.844536,107.38106,115.23358
2021-08-31 04:00:00,2021-08-31 04:30:00,106.26198,98.86083,106.26198,113.87774
2021-08-31 04:00:00,2021-08-31 04:45:00,100.45813,92.74559,100.45813,108.17933
2021-08-31 05:00:00,2021-08-31 05:00:00,85.49274,79.56067,85.49274,92.40168
2021-08-31 05:00:00,2021-08-31 05:15:00,79.55336,72.80536,79.55336,86.12768
2021-08-31 05:00:00,2021-08-31 05:30:00,95.94927,89.5607,95.94927,103.31454
2021-08-31 05:00:00,2021-08-31 05:45:00,106.16467,98.70542,106.16467,114.41283
2021-08-31 06:00:00,2021-08-31 06:00:00,113.811226,105.87331,113.811226,121.797844
2021-08-31 06:00:00,2021-08-31 06:15:00,112.792076,104.501335,112.792076,120.983185
2021-08-31 06:00:00,2021-08-31 06:30:00,111.0744,103.29525,111.0744,119.42948
2021-08-31 06:00:00,2021-08-31 06:45:00,113.67356,105.793236,113.67356,122.37399
2021-08-31 07:00:00,2021-08-31 07:00:00,114.32321,106.55158,114.32321,121.64754
2021-08-31 07:00:00,2021-08-31 07:15:00,127.061005,119.06294,127.061005,135.13673
2021-08-31 07:00:00,2021-08-31 07:30:00,146.77982,137.01648,146.77982,155.72414
2021-08-31 07:00:00,2021-08-31 07:45:00,144.01341,134.41872,144.01341,153.54488
2021-08-31 08:00:00,2021-08-31 08:00:00,159.881,149.69337,159.881,171.3938
2021-08-31 08:00:00,2021-08-31 08:15:00,180.9583,169.83664,180.9583,191.89941
2021-08-31 08:00:00,2021-08-31 08:30:00,183.64688,171.79031,183.64688,194.26416
2021-08-31 08:00:00,2021-08-31 08:45:00,180.3035,168.85349,180.3035,191.31334
2021-08-31 09:00:00,2021-08-31 09:00:00,162.26537,151.82228,162.26537,172.02191
2021-08-31 09:00:00,2021-08-31 09:15:00,166.43834,155.39331,166.43834,177.27576
2021-08-31 09:00:00,2021-08-31 09:30:00,168.95273,157.15677,168.95273,180.30757
2021-08-31 09:00:00,2021-08-31 09:45:00,168.76108,157.21414,168.76108,180.56836
2021-08-31 10:00:00,2021-08-31 10:00:00,153.02397,141.12642,153.02397,165.36418
2021-08-31 10:00:00,2021-08-31 10:15:00,176.16745,164.64023,176.16745,187.81372
2021-08-31 10:00:00,2021-08-31 10:30:00,177.28494,165.22044,177.28494,188.59454
2021-08-31 10:00:00,2021-08-31 10:45:00,176.78906,164.59865,176.78906,188.08891
2021-08-31 11:00:00,2021-08-31 11:00:00,177.43445,166.99617,177.43445,189.3482
2021-08-31 11:00:00,2021-08-31 11:15:00,175.90707,164.11359,175.90707,187.9742
2021-08-31 11:00:00,2021-08-31 11:30:00,179.73137,167.59216,179.73137,191.86877
2021-08-31 11:00:00,2021-08-31 11:45:00,178.13776,165.32863,178.13776,191.18512
2021-08-31 12:00:00,2021-08-31 12:00:00,117.58014,107.14588,117.58014,129.11545
2021-08-31 12:00:00,2021-08-31 12:15:00,101.534874,90.51818,101.534874,113.093025
2021-08-31 12:00:00,2021-08-31 12:30:00,103.27785,91.0255,103.27785,115.23708
2021-08-31 12:00:00,2021-08-31 12:45:00,124.966125,110.96303,124.966125,138.15009
2021-08-31 13:00:00,2021-08-31 13:00:00,169.11945,157.23232,169.11945,180.10257
2021-08-31 13:00:00,2021-08-31 13:15:00,170.52588,158.2498,170.52588,181.71336
2021-08-31 13:00:00,2021-08-31 13:30:00,169.21956,155.93382,169.21956,180.97244
2021-08-31 13:00:00,2021-08-31 13:45:00,171.09613,158.51358,171.09613,183.60495
2021-08-31 14:00:00,2021-08-31 14:00:00,172.28705,161.00516,172.28705,183.59193
2021-08-31 14:00:00,2021-08-31 14:15:00,169.5568,157.41579,169.5568,180.639
2021-08-31 14:00:00,2021-08-31 14:30:00,171.79037,159.1177,171.79037,183.48174
2021-08-31 14:00:00,2021-08-31 14:45:00,172.12125,159.58798,172.12125,184.33777
2021-08-31 15:00:00,2021-08-31 15:00:00,145.45206,133.00322,145.45206,158.13568
2021-08-31 15:00:00,2021-08-31 15:15:00,174.36063,161.0672,174.36063,186.86105
2021-08-31 15:00:00,2021-08-31 15:30:00,179.60149,165.981,179.60149,191.81026
2021-08-31 15:00:00,2021-08-31 15:45:00,178.16853,165.29395,178.16853,189.68123
2021-08-31 16:00:00,2021-08-31 16:00:00,167.77856,156.95386,167.77856,178.49213
2021-08-31 16:00:00,2021-08-31 16:15:00,165.01498,152.89311,165.01498,177.16922
2021-08-31 16:00:00,2021-08-31 16:30:00,161.66257,148.23456,161.66257,173.94545
2021-08-31 16:00:00,2021-08-31 16:45:00,159.52115,145.66193,159.52115,172.92319
2021-08-31 17:00:00,2021-08-31 17:00:00,123.56133,113.152016,123.56133,134.46783
2021-08-31 17:00:00,2021-08-31 17:15:00,113.34816,101.47671,113.34816,125.318535
2021-08-31 17:00:00,2021-08-31 17:30:00,151.62459,138.5486,151.62459,162.75087
2021-08-31 17:00:00,2021-08-31 17:45:00,160.92346,148.63925,160.92346,171.5853
2021-08-31 18:00:00,2021-08-31 18:00:00,142.21985,129.91089,142.21985,153.63521
2021-08-31 18:00:00,2021-08-31 18:15:00,141.56781,126.93832,141.56781,154.7477
2021-08-31 18:00:00,2021-08-31 18:30:00,143.55011,128.51389,143.55011,157.20187
2021-08-31 18:00:00,2021-08-31 18:45:00,144.05287,127.272644,144.05287,158.49762
2021-08-31 19:00:00,2021-08-31 19:00:00,147.01149,137.15938,147.01149,156.56425
2021-08-31 19:00:00,2021-08-31 19:15:00,143.15593,132.14932,143.15593,153.57455
2021-08-31 19:00:00,2021-08-31 19:30:00,136.31477,125.07936,136.31477,146.88782
2021-08-31 19:00:00,2021-08-31 19:45:00,122.232925,110.82094,122.232925,133.52332
2021-08-31 20:00:00,2021-08-31 20:00:00,131.31488,121.57604,131.31488,140.34557
2021-08-31 20:00:00,2021-08-31 20:15:00,133.67401,123.08985,133.67401,143.01077
2021-08-31 20:00:00,2021-08-31 20:30:00,134.59718,123.24882,134.59718,144.31538
2021-08-31 20:00:00,2021-08-31 20:45:00,127.985,116.84046,127.985,138.245
2021-08-31 21:00:00,2021-08-31 21:00:00,128.35052,119.25655,128.35052,137.06245
2021-08-31 21:00:00,2021-08-31 21:15:00,126.794556,117.36566,126.794556,135.7017
2021-08-31 21:00:00,2021-08-31 21:30:00,125.07871,115.513084,125.07871,134.7223
2021-08-31 21:00:00,2021-08-31 21:45:00,123.24199,112.86528,123.24199,133.08281
2021-08-31 22:00:00,2021-08-31 22:00:00,114.70413,106.91393,114.70413,123.3319
2021-08-31 22:00:00,2021-08-31 22:15:00,125.47406,117.05525,125.47406,133.35332
2021-08-31 22:00:00,2021-08-31 22:30:00,122.42603,113.836685,122.42603,130.53087
2021-08-31 22:00:00,2021-08-31 22:45:00,120.320435,111.70981,120.320435,128.68797
2021-08-31 23:00:00,2021-08-31 23:00:00,112.37992,105.77589,112.37992,120.12822
2021-08-31 23:00:00,2021-08-31 23:15:00,110.11763,103.13828,110.11763,118.04837
2021-08-31 23:00:00,2021-08-31 23:30:00,108.467255,100.57632,108.467255,116.39023
2021-08-31 23:00:00,2021-08-31 23:45:00,91.30675,83.367935,91.30675,99.46791
2021-09-01 00:00:00,2021-09-01 00:00:00,83.81743,75.86148,83.81743,91.50635
2021-09-01 00:00:00,2021-09-01 00:15:00,79.19382,71.14716,79.19382,87.3489
2021-09-01 00:00:00,2021-09-01 00:30:00,75.59062,67.55797,75.59062,83.85236
2021-09-01 00:00:00,2021-09-01 00:45:00,73.39374,65.21358,73.39374,82.04648
2021-09-01 01:00:00,2021-09-01 01:00:00,93.23001,85.57454,93.23001,100.83162
2021-09-01 01:00:00,2021-09-01 01:15:00,106.8994,99.261955,106.8994,115.15795
2021-09-01 01:00:00,2021-09-01 01:30:00,110.03476,101.87268,110.03476,117.96661
2021-09-01 01:00:00,2021-09-01 01:45:00,109.05996,100.876656,109.05996,118.153366
2021-09-01 02:00:00,2021-09-01 02:00:00,113.23343,106.181496,113.23343,120.84733
2021-09-01 02:00:00,2021-09-01 02:15:00,113.14764,106.171364,113.14764,120.68167
2021-09-01 02:00:00,2021-09-01 02:30:00,110.6242,102.86995,110.6242,117.91808
2021-09-01 02:00:00,2021-09-01 02:45:00,111.39499,103.70716,111.39499,119.941505
2021-09-01 03:00:00,2021-09-01 03:00:00,92.188576,84.27322,92.188576,99.904884
2021-09-01 03:00:00,2021-09-01 03:15:00,103.21131,95.381355,103.21131,111.989334
2021-09-01 03:00:00,2021-09-01 03:30:00,107.35224,99.32972,107.35224,115.43831
2021-09-01 03:00:00,2021-09-01 03:45:00,107.96565,100.260925,107.96565,116.25909
2021-09-01 04:00:00,2021-09-01 04:00:00,103.45325,96.37863,103.45325,111.44908
2021-09-01 04:00:00,2021-09-01 04:15:00,106.83007,99.37679,106.83007,115.85858
2021-09-01 04:00:00,2021-09-01 04:30:00,105.30091,97.05384,105.30091,113.676674
2021-09-01 04:00:00,2021-09-01 04:45:00,101.69969,93.29244,101.69969,110.127914
2021-09-01 05:00:00,2021-09-01 05:00:00,89.61856,81.6211,89.61856,98.2446
2021-09-01 05:00:00,2021-09-01 05:15:00,82.199814,73.39958,82.199814,90.642525
2021-09-01 05:00:00,2021-09-01 05:30:00,99.40484,90.98976,99.40484,108.684044
2021-09-01 05:00:00,2021-09-01 05:45:00,109.43021,99.96631,109.43021,119.29636
2021-09-01 06:00:00,2021-09-01 06:00:00,112.853645,103.97135,112.853645,121.45393
2021-09-01 06:00:00,2021-09-01 06:15:00,113.342926,104.02284,113.342926,122.17181
2021-09-01 06:00:00,2021-09-01 06:30:00,111.28021,102.59129,111.28021,120.313126
2021-09-01 06:00:00,2021-09-01 06:45:00,113.23368,104.349144,113.23368,122.5515
2021-09-01 07:00:00,2021-09-01 07:00:00,116.42696,107.12878,116.42696,125.03507
2021-09-01 07:00:00,2021-09-01 07:15:00,128.74261,119.03231,128.74261,138.27759
2021-09-01 07:00:00,2021-09-01 07:30:00,151.3487,139.93427,151.3487,162.12679
2021-09-01 07:00:00,2021-09-01 07:45:00,147.35419,136.3774,147.35419,159.20593
2021-09-01 08:00:00,2021-09-01 08:00:00,156.38837,146.30246,156.38837,168.5421
2021-09-01 08:00:00,2021-09-01 08:15:00,176.02695,164.03116,176.02695,187.9298
2021-09-01 08:00:00,2021-09-01 08:30:00,178.71562,165.56984,178.71562,190.76611
2021-09-01 08:00:00,2021-09-01 08:45:00,173.94638,160.79826,173.94638,186.85648
2021-09-01 09:00:00,2021-09-01 09:00:00,181.33751,169.68802,181.33751,193.64072
2021-09-01 09:00:00,2021-09-01 09:15:00,180.95403,169.17487,180.95403,193.32631
2021-09-01 09:00:00,2021-09-01 09:30:00,182.12108,169.43907,182.12108,194.19083
2021-09-01 09:00:00,2021-09-01 09:45:00,183.26538,171.31262,183.26538,195.28348
2021-09-01 10:00:00,2021-09-01 10:00:00,154.60898,142.44319,154.60898,167.46721
2021-09-01 10:00:00,2021-09-01 10:15:00,179.62488,167.66737,179.62488,191.72156
2021-09-01 10:00:00,2021-09-01 10:30:00,180.95888,168.37451,180.95888,192.68387
2021-09-01 10:00:00,2021-09-01 10:45:00,179.8258,167.2279,179.8258,191.5199
2021-09-01 11:00:00,2021-09-01 11:00:00,185.5753,174.05957,185.5753,198.53061
2021-09-01 11:00:00,2021-09-01 11:15:00,181.947,169.08917,181.947,195.47308
2021-09-01 11:00:00,2021-09-01 11:30:00,183.38779,169.76624,183.38779,196.62567
2021-09-01 11:00:00,2021-09-01 11:45:00,180.99278,167.01874,180.99278,195.1758
2021-09-01 12:00:00,2021-09-01 12:00:00,113.29478,101.96204,113.29478,125.4034
2021-09-01 12:00:00,2021-09-01 12:15:00,99.52163,87.94515,99.52163,111.37907
2021-09-01 12:00:00,2021-09-01 12:30:00,105.48851,92.627594,105.48851,117.914185
2021-09-01 12:00:00,2021-09-01 12:45:00,129.33174,115.01674,129.33174,142.91698
2021-09-01 13:00:00,2021-09-01 13:00:00,174.41827,163.09166,174.41827,185.24579
2021-09-01 13:00:00,2021-09-01 13:15:00,178.42099,166.8996,178.42099,189.2713
2021-09-01 13:00:00,2021-09-01 13:30:00,178.06082,165.56271,178.06082,189.11078
2021-09-01 13:00:00,2021-09-01 13:45:00,179.52753,167.78049,179.52753,191.33649
2021-09-01 14:00:00,2021-09-01 14:00:00,183.57944,172.20541,183.57944,195.04688
2021-09-01 14:00:00,2021-09-01 14:15:00,178.576,166.58147,178.576,189.63965
2021-09-01 14:00:00,2021-09-01 14:30:00,183.34409,170.9874,183.34409,194.75342
2021-09-01 14:00:00,2021-09-01 14:45:00,183.12387,171.00241,183.12387,194.87405
2021-09-01 15:00:00,2021-09-01 15:00:00,148.30905,135.41528,148.30905,162.1773
2021-09-01 15:00:00,2021-09-01 15:15:00,176.55804,162.86032,176.55804,189.77246
2021-09-01 15:00:00,2021-09-01 15:30:00,183.41823,169.21436,183.41823,196.21613
2021-09-01 15:00:00,2021-09-01 15:45:00,180.52795,167.2929,180.52795,192.68726
2021-09-01 16:00:00,2021-09-01 16:00:00,178.13435,166.98361,178.13435,189.35022
2021-09-01 16:00:00,2021-09-01 16:15:00,173.26566,161.19292,173.26566,185.71164
2021-09-01 16:00:00,2021-09-01 16:30:00,168.38368,155.13577,168.38368,180.49155
2021-09-01 16:00:00,2021-09-01 16:45:00,164.64114,151.29315,164.64114,177.79886
2021-09-01 17:00:00,2021-09-01 17:00:00,131.08475,119.965576,131.08475,143.66815
2021-09-01 17:00:00,2021-09-01 17:15:00,118.982506,106.11939,118.982506,132.10892
2021-09-01 17:00:00,2021-09-01 17:30:00,156.91129,143.64296,156.91129,168.60475
2021-09-01 17:00:00,2021-09-01 17:45:00,165.55205,153.8462,165.55205,176.92569
2021-09-01 18:00:00,2021-09-01 18:00:00,174.07776,162.28972,174.07776,185.33844
2021-09-01 18:00:00,2021-09-01 18:15:00,168.31427,155.93306,168.31427,180.9531
2021-09-01 18:00:00,2021-09-01 18:30:00,168.03061,155.0633,168.03061,180.1069
2021-09-01 18:00:00,2021-09-01 18:45:00,163.62476,151.15881,163.62476,176.02835
2021-09-01 19:00:00,2021-09-01 19:00:00,160.41797,150.18411,160.41797,170.28928
2021-09-01 19:00:00,2021-09-01 19:15:00,148.7254,137.54712,148.7254,159.60458
2021-09-01 19:00:00,2021-09-01 19:30:00,145.69054,133.70331,145.69054,156.67679
2021-09-01 19:00:00,2021-09-01 19:45:00,128.59773,117.03152,128.59773,141.13481
2021-09-01 20:00:00,2021-09-01 20:00:00,118.004105,109.21884,118.004105,127.489784
2021-09-01 20:00:00,2021-09-01 20:15:00,128.98064,119.570366,128.98064,138.39139
2021-09-01 20:00:00,2021-09-01 20:30:00,130.45413,120.732254,130.45413,140.1471
2021-09-01 20:00:00,2021-09-01 20:45:00,127.01403,117.24543,127.01403,136.53995
2021-09-01 21:00:00,2021-09-01 21:00:00,128.08766,120.18043,128.08766,135.72852
2021-09-01 21:00:00,2021-09-01 21:15:00,129.11891,121.3211,129.11891,136.72676
2021-09-01 21:00:00,2021-09-01 21:30:00,125.38095,117.44671,125.38095,133.44711
2021-09-01 21:00:00,2021-09-01 21:45:00,122.22156,114.182205,122.22156,130.7407
2021-09-01 22:00:00,2021-09-01 22:00:00,110.61198,103.433846,110.61198,118.56114
2021-09-01 22:00:00,2021-09-01 22:15:00,120.76087,112.9671,120.76087,128.27107
2021-09-01 22:00:00,2021-09-01 22:30:00,121.28812,113.69469,121.28812,128.86519
2021-09-01 22:00:00,2021-09-01 22:45:00,119.86078,112.34086,119.86078,127.47107
2021-09-01 23:00:00,2021-09-01 23:00:00,116.35895,109.68303,116.35895,123.69598
2021-09-01 23:00:00,2021-09-01 23:15:00,115.500084,108.52329,115.500084,122.3864
2021-09-01 23:00:00,2021-09-01 23:30:00,112.22509,105.1479,112.22509,119.28439
2021-09-01 23:00:00,2021-09-01 23:45:00,90.946754,83.88497,90.946754,98.280136
2021-09-02 00:00:00,2021-09-02 00:00:00,83.26514,76.26117,83.26514,90.189285
2021-09-02 00:00:00,2021-09-02 00:15:00,79.30538,72.07785,79.30538,86.44504
2021-09-02 00:00:00,2021-09-02 00:30:00,76.13115,69.069534,76.13115,83.349915
2021-09-02 00:00:00,2021-09-02 00:45:00,73.7579,66.62546,73.7579,81.09329
2021-09-02 01:00:00,2021-09-02 01:00:00,97.46652,90.81062,97.46652,104.36925
2021-09-02 01:00:00,2021-09-02 01:15:00,110.562164,104.34351,110.562164,117.794014
2021-09-02 01:00:00,2021-09-02 01:30:00,114.0259,107.20889,114.0259,120.83358
2021-09-02 01:00:00,2021-09-02 01:45:00,112.112564,105.45173,112.112564,119.866776
2021-09-02 02:00:00,2021-09-02 02:00:00,117.36131,110.90393,117.36131,124.53182
2021-09-02 02:00:00,2021-09-02 02:15:00,117.34238,110.73759,117.34238,124.00643
2021-09-02 02:00:00,2021-09-02 02:30:00,114.26783,107.32475,114.26783,120.689804
2021-09-02 02:00:00,2021-09-02 02:45:00,112.684685,105.80399,112.684685,120.20965
2021-09-02 03:00:00,2021-09-02 03:00:00,95.11198,88.41164,95.11198,101.920746
2021-09-02 03:00:00,2021-09-02 03:15:00,106.53207,100.22547,106.53207,114.07761
2021-09-02 03:00:00,2021-09-02 03:30:00,109.712585,102.89882,109.712585,116.56029
2021-09-02 03:00:00,2021-09-02 03:45:00,109.51614,102.90423,109.51614,116.58033
2021-09-02 04:00:00,2021-09-02 04:00:00,112.25397,105.136505,112.25397,119.787865
2021-09-02 04:00:00,2021-09-02 04:15:00,114.45695,107.5094,114.45695,122.47144
2021-09-02 04:00:00,2021-09-02 04:30:00,111.15251,103.43814,111.15251,118.957726
2021-09-02 04:00:00,2021-09-02 04:45:00,107.03004,98.885605,107.03004,114.70521
2021-09-02 05:00:00,2021-09-02 05:00:00,88.275116,81.10752,88.275116,96.24378
2021-09-02 05:00:00,2021-09-02 05:15:00,82.01523,73.94936,82.01523,89.62051
2021-09-02 05:00:00,2021-09-02 05:30:00,100.38892,92.60733,100.38892,108.80217
2021-09-02 05:00:00,2021-09-02 05:45:00,112.282364,103.55182,112.282364,121.18858
2021-09-02 06:00:00,2021-09-02 06:00:00,113.91474,105.31527,113.91474,122.37992
2021-09-02 06:00:00,2021-09-02 06:15:00,114.66719,105.43622,114.66719,123.519745
2021-09-02 06:00:00,2021-09-02 06:30:00,113.464935,104.6954,113.464935,122.52684
2021-09-02 06:00:00,2021-09-02 06:45:00,115.487785,106.8223,115.487785,124.948784
2021-09-02 07:00:00,2021-09-02 07:00:00,115.6234,106.057045,115.6234,124.3436
2021-09-02 07:00:00,2021-09-02 07:15:00,128.17432,118.32612,128.17432,137.67314
2021-09-02 07:00:00,2021-09-02 07:30:00,150.25699,139.04584,150.25699,161.06973
2021-09-02 07:00:00,2021-09-02 07:45:00,147.1855,136.38614,147.1855,158.45941
2021-09-02 08:00:00,2021-09-02 08:00:00,165.49522,154.08002,165.49522,177.84814
2021-09-02 08:00:00,2021-09-02 08:15:00,185.35376,173.35736,185.35376,196.84602
2021-09-02 08:00:00,2021-09-02 08:30:00,189.15793,176.34637,189.15793,200.21701
2021-09-02 08:00:00,2021-09-02 08:45:00,186.47235,174.48671,186.47235,197.9627
2021-09-02 09:00:00,2021-09-02 09:00:00,168.4401,157.23392,168.4401,179.21243
2021-09-02 09:00:00,2021-09-02 09:15:00,174.61243,163.86182,174.61243,185.93878
2021-09-02 09:00:00,2021-09-02 09:30:00,178.07845,166.41495,178.07845,189.40634
2021-09-02 09:00:00,2021-09-02 09:45:00,179.10918,168.07,179.10918,190.48718
2021-09-02 10:00:00,2021-09-02 10:00:00,161.17632,148.3605,161.17632,174.76956
2021-09-02 10:00:00,2021-09-02 10:15:00,185.54938,173.26593,185.54938,198.74976
2021-09-02 10:00:00,2021-09-02 10:30:00,186.16382,173.04373,186.16382,198.42816
2021-09-02 10:00:00,2021-09-02 10:45:00,184.61885,172.09135,184.61885,196.5101
2021-09-02 11:00:00,2021-09-02 11:00:00,182.02852,170.2349,182.02852,195.03835
2021-09-02 11:00:00,2021-09-02 11:15:00,177.84128,164.75267,177.84128,191.4403
2021-09-02 11:00:00,2021-09-02 11:30:00,178.65306,165.02274,178.65306,191.9227
2021-09-02 11:00:00,2021-09-02 11:45:00,174.50708,160.52814,174.50708,188.88866
2021-09-02 12:00:00,2021-09-02 12:00:00,123.085724,110.967705,123.085724,136.2162
2021-09-02 12:00:00,2021-09-02 12:15:00,104.06994,92.46929,104.06994,116.17032
2021-09-02 12:00:00,2021-09-02 12:30:00,105.95793,93.001816,105.95793,118.383484
2021-09-02 12:00:00,2021-09-02 12:45:00,136.37294,122.26695,136.37294,151.05531
2021-09-02 13:00:00,2021-09-02 13:00:00,171.35545,159.39685,171.35545,183.34189
2021-09-02 13:00:00,2021-09-02 13:15:00,177.25272,164.78856,177.25272,189.13644
2021-09-02 13:00:00,2021-09-02 13:30:00,177.68481,164.27467,177.68481,189.78902
2021-09-02 13:00:00,2021-09-02 13:45:00,178.89105,166.35037,178.89105,191.62433
2021-09-02 14:00:00,2021-09-02 14:00:00,179.44275,168.17963,179.44275,190.68484
2021-09-02 14:00:00,2021-09-02 14:15:00,177.39777,165.67097,177.39777,188.37457
2021-09-02 14:00:00,2021-09-02 14:30:00,180.00203,167.89806,180.00203,191.1795
2021-09-02 14:00:00,2021-09-02 14:45:00,180.32175,168.70135,180.32175,191.68365
2021-09-02 15:00:00,2021-09-02 15:00:00,151.70407,138.32362,151.70407,165.73114
2021-09-02 15:00:00,2021-09-02 15:15:00,178.77495,165.42053,178.77495,191.94766
2021-09-02 15:00:00,2021-09-02 15:30:00,184.68143,170.86067,184.68143,197.06393
2021-09-02 15:00:00,2021-09-02 15:45:00,182.80371,170.04318,182.80371,194.40599
2021-09-02 16:00:00,2021-09-02 16:00:00,175.48389,164.01239,175.48389,186.86833
2021-09-02 16:00:00,2021-09-02 16:15:00,173.20697,161.36435,173.20697,185.74362
2021-09-02 16:00:00,2021-09-02 16:30:00,169.41794,156.57152,169.41794,181.27713
2021-09-02 16:00:00,2021-09-02 16:45:00,163.13612,150.29044,163.13612,175.84523
2021-09-02 17:00:00,2021-09-02 17:00:00,127.245804,116.57232,127.245804,139.19292
2021-09-02 17:00:00,2021-09-02 17:15:00,114.78388,103.07653,114.78388,127.06364
2021-09-02 17:00:00,2021-09-02 17:30:00,157.02083,144.28613,157.02083,168.20898
2021-09-02 17:00:00,2021-09-02 17:45:00,166.68643,155.72653,166.68643,177.27039
2021-09-02 18:00:00,2021-09-02 18:00:00,156.9931,145.8224,156.9931,168.18112
2021-09-02 18:00:00,2021-09-02 18:15:00,155.67346,143.91988,155.67346,167.11844
2021-09-02 18:00:00,2021-09-02 18:30:00,157.14236,144.88358,157.14236,168.72704
2021-09-02 18:00:00,2021-09-02 18:45:00,156.06413,144.24377,156.06413,168.07727
2021-09-02 19:00:00,2021-09-02 19:00:00,159.93513,150.27968,159.93513,169.47665
2021-09-02 19:00:00,2021-09-02 19:15:00,149.57591,139.0549,149.57591,159.81973
2021-09-02 19:00:00,2021-09-02 19:30:00,147.28058,136.18646,147.28058,157.5207
2021-09-02 19:00:00,2021-09-02 19:45:00,130.33336,119.8905,130.33336,141.75058
2021-09-02 20:00:00,2021-09-02 20:00:00,124.41372,115.11727,124.41372,134.13956
2021-09-02 20:00:00,2021-09-02 20:15:00,129.25201,119.96769,129.25201,138.304
2021-09-02 20:00:00,2021-09-02 20:30:00,130.49687,120.97488,130.49687,139.68117
2021-09-02 20:00:00,2021-09-02 20:45:00,128.27927,118.92317,128.27927,137.44302
2021-09-02 21:00:00,2021-09-02 21:00:00,128.68536,120.60494,128.68536,136.4708
2021-09-02 21:00:00,2021-09-02 21:15:00,129.7315,121.85475,129.7315,137.25204
2021-09-02 21:00:00,2021-09-02 21:30:00,127.71895,119.35738,127.71895,135.77954
2021-09-02 21:00:00,2021-09-02 21:45:00,124.534645,116.60643,124.534645,132.65572
2021-09-02 22:00:00,2021-09-02 22:00:00,109.6225,102.038734,109.6225,117.90095
2021-09-02 22:00:00,2021-09-02 22:15:00,121.94513,113.88546,121.94513,129.55937
2021-09-02 22:00:00,2021-09-02 22:30:00,121.26087,113.313416,121.26087,128.92154
2021-09-02 22:00:00,2021-09-02 22:45:00,119.581406,111.868416,119.581406,127.20503
2021-09-02 23:00:00,2021-09-02 23:00:00,117.877716,110.38903,117.877716,125.63424
2021-09-02 23:00:00,2021-09-02 23:15:00,117.5036,109.69886,117.5036,125.082085
2021-09-02 23:00:00,2021-09-02 23:30:00,112.3797,104.5042,112.3797,120.18469
2021-09-02 23:00:00,2021-09-02 23:45:00,93.15991,85.1667,93.15991,101.207726
2021-09-03 00:00:00,2021-09-03 00:00:00,83.63982,75.96324,83.63982,91.110596
2021-09-03 00:00:00,2021-09-03 00:15:00,79.1292,71.27707,79.1292,86.85616
2021-09-03 00:00:00,2021-09-03 00:30:00,75.14517,67.51391,75.14517,82.8423
2021-09-03 00:00:00,2021-09-03 00:45:00,73.23135,65.564384,73.23135,80.94671
2021-09-03 01:00:00,2021-09-03 01:00:00,96.860634,89.580086,96.860634,104.13136
2021-09-03 01:00:00,2021-09-03 01:15:00,109.52091,102.84431,109.52091,117.03384
2021-09-03 01:00:00,2021-09-03 01:30:00,112.435684,105.156105,112.435684,119.54466
2021-09-03 01:00:00,2021-09-03 01:45:00,111.63434,104.64365,111.63434,119.49992
2021-09-03 02:00:00,2021-09-03 02:00:00,116.58345,109.73435,116.58345,124.0645
2021-09-03 02:00:00,2021-09-03 02:15:00,117.16305,109.94372,117.16305,124.16107
2021-09-03 02:00:00,2021-09-03 02:30:00,113.68258,106.30783,113.68258,120.455
2021-09-03 02:00:00,2021-09-03 02:45:00,111.803185,104.46914,111.803185,119.557755
2021-09-03 03:00:00,2021-09-03 03:00:00,89.728966,82.10709,89.728966,96.93089
2021-09-03 03:00:00,2021-09-03 03:15:00,102.79325,95.56102,102.79325,110.66658
2021-09-03 03:00:00,2021-09-03 03:30:00,107.76026,100.1948,107.76026,115.17981
2021-09-03 03:00:00,2021-09-03 03:45:00,109.44992,102.29725,109.44992,117.193344
2021-09-03 04:00:00,2021-09-03 04:00:00,112.30295,104.70091,112.30295,120.3461
2021-09-03 04:00:00,2021-09-03 04:15:00,112.78983,105.39766,112.78983,121.2767
2021-09-03 04:00:00,2021-09-03 04:30:00,109.0031,100.79323,109.0031,117.14496
2021-09-03 04:00:00,2021-09-03 04:45:00,105.41492,96.942474,105.41492,113.47206
2021-09-03 05:00:00,2021-09-03 05:00:00,84.932175,77.356476,84.932175,93.219986
2021-09-03 05:00:00,2021-09-03 05:15:00,78.21937,69.68985,78.21937,86.46417
2021-09-03 05:00:00,2021-09-03 05:30:00,96.94596,88.46549,96.94596,106.05665
2021-09-03 05:00:00,2021-09-03 05:45:00,109.530014,99.60952,109.530014,119.24894
2021-09-03 06:00:00,2021-09-03 06:00:00,112.039696,102.759995,112.039696,120.8147
2021-09-03 06:00:00,2021-09-03 06:15:00,112.316635,102.85912,112.316635,121.48029
2021-09-03 06:00:00,2021-09-03 06:30:00,111.59708,102.42933,111.59708,120.90065
2021-09-03 06:00:00,2021-09-03 06:45:00,113.553696,104.4167,113.553696,123.19254
2021-09-03 07:00:00,2021-09-03 07:00:00,109.80044,99.82932,109.80044,119.50223
2021-09-03 07:00:00,2021-09-03 07:15:00,123.1393,112.10074,123.1393,133.47572
2021-09-03 07:00:00,2021-09-03 07:30:00,145.38812,133.1154,145.38812,157.52292
2021-09-03 07:00:00,2021-09-03 07:45:00,142.93326,130.57213,142.93326,155.2343
2021-09-03 08:00:00,2021-09-03 08:00:00,160.22357,148.37234,160.22357,173.19817
2021-09-03 08:00:00,2021-09-03 08:15:00,178.40933,165.73962,178.40933,190.68471
2021-09-03 08:00:00,2021-09-03 08:30:00,179.37674,165.93771,179.37674,191.50311
2021-09-03 08:00:00,2021-09-03 08:45:00,177.75713,165.03743,177.75713,190.40979
2021-09-03 09:00:00,2021-09-03 09:00:00,170.99982,159.25768,170.99982,182.57303
2021-09-03 09:00:00,2021-09-03 09:15:00,175.65979,164.49913,175.65979,187.54846
2021-09-03 09:00:00,2021-09-03 09:30:00,179.56091,167.4995,179.56091,191.14267
2021-09-03 09:00:00,2021-09-03 09:45:00,179.77216,168.39922,179.77216,191.12543
2021-09-03 10:00:00,2021-09-03 10:00:00,151.01852,138.62549,151.01852,163.90903
2021-09-03 10:00:00,2021-09-03 10:15:00,174.64813,162.62508,174.64813,186.6315
2021-09-03 10:00:00,2021-09-03 10:30:00,175.77896,162.85648,175.77896,187.35266
2021-09-03 10:00:00,2021-09-03 10:45:00,177.8241,165.90346,177.8241,188.85286
2021-09-03 11:00:00,2021-09-03 11:00:00,172.555,162.27534,172.555,183.8826
2021-09-03 11:00:00,2021-09-03 11:15:00,172.3262,161.13127,172.3262,184.3328
2021-09-03 11:00:00,2021-09-03 11:30:00,172.85426,160.95262,172.85426,184.55293
2021-09-03 11:00:00,2021-09-03 11:45:00,168.25858,155.72752,168.25858,181.06816
2021-09-03 12:00:00,2021-09-03 12:00:00,119.56773,108.54227,119.56773,131.5242
2021-09-03 12:00:00,2021-09-03 12:15:00,98.05031,87.75246,98.05031,108.99567
2021-09-03 12:00:00,2021-09-03 12:30:00,98.53535,86.676285,98.53535,109.8631
2021-09-03 12:00:00,2021-09-03 12:45:00,131.60262,118.90555,131.60262,144.3995
2021-09-03 13:00:00,2021-09-03 13:00:00,169.36133,158.39478,169.36133,180.06842
2021-09-03 13:00:00,2021-09-03 13:15:00,172.2843,161.37766,172.2843,182.64923
2021-09-03 13:00:00,2021-09-03 13:30:00,171.58568,159.75816,171.58568,182.15228
2021-09-03 13:00:00,2021-09-03 13:45:00,173.24191,162.11877,173.24191,184.5258
2021-09-03 14:00:00,2021-09-03 14:00:00,175.25955,163.89792,175.25955,186.10632
2021-09-03 14:00:00,2021-09-03 14:15:00,173.5264,162.004,173.5264,184.32849
2021-09-03 14:00:00,2021-09-03 14:30:00,175.00964,162.94504,175.00964,185.91971
2021-09-03 14:00:00,2021-09-03 14:45:00,175.09677,163.41672,175.09677,186.24066
2021-09-03 15:00:00,2021-09-03 15:00:00,143.12555,130.7228,143.12555,155.69905
2021-09-03 15:00:00,2021-09-03 15:15:00,172.3774,159.62645,172.3774,184.5107
2021-09-03 15:00:00,2021-09-03 15:30:00,174.94324,161.86792,174.94324,186.68532
2021-09-03 15:00:00,2021-09-03 15:45:00,172.57797,160.1181,172.57797,183.8909
2021-09-03 16:00:00,2021-09-03 16:00:00,162.28224,150.98636,162.28224,173.24258
2021-09-03 16:00:00,2021-09-03 16:15:00,161.37067,149.28983,161.37067,173.66489
2021-09-03 16:00:00,2021-09-03 16:30:00,158.81718,145.67444,158.81718,170.87164
2021-09-03 16:00:00,2021-09-03 16:45:00,154.99425,141.73926,154.99425,167.85541
2021-09-03 17:00:00,2021-09-03 17:00:00,125.4483,114.01463,125.4483,137.5249
2021-09-03 17:00:00,2021-09-03 17:15:00,110.79649,98.860374,110.79649,122.9673
2021-09-03 17:00:00,2021-09-03 17:30:00,150.14592,136.8485,150.14592,161.61674
2021-09-03 17:00:00,2021-09-03 17:45:00,156.76953,144.98087,156.76953,167.97253
2021-09-03 18:00:00,2021-09-03 18:00:00,159.6367,147.78596,159.6367,171.2667
2021-09-03 18:00:00,2021-09-03 18:15:00,155.13928,142.46194,155.13928,167.31772
2021-09-03 18:00:00,2021-09-03 18:30:00,155.35667,142.16058,155.35667,167.4764
2021-09-03 18:00:00,2021-09-03 18:45:00,152.55603,139.50484,152.55603,165.12465
2021-09-03 19:00:00,2021-09-03 19:00:00,147.12415,136.45108,147.12415,157.21985
2021-09-03 19:00:00,2021-09-03 19:15:00,138.47873,126.955696,138.47873,149.20726
2021-09-03 19:00:00,2021-09-03 19:30:00,136.03775,124.17476,136.03775,147.05997
2021-09-03 19:00:00,2021-09-03 19:45:00,119.36716,107.0895,119.36716,131.8536
2021-09-03 20:00:00,2021-09-03 20:00:00,109.696625,99.896416,109.696625,119.5367
2021-09-03 20:00:00,2021-09-03 20:15:00,118.60059,109.07518,118.60059,128.30579
2021-09-03 20:00:00,2021-09-03 20:30:00,121.1505,111.10243,121.1505,131.13043
2021-09-03 20:00:00,2021-09-03 20:45:00,120.2991,110.18297,120.2991,130.12038
2021-09-03 21:00:00,2021-09-03 21:00:00,116.658195,109.23994,116.658195,124.86252
2021-09-03 21:00:00,2021-09-03 21:15:00,120.00359,111.660675,120.00359,127.92497
2021-09-03 21:00:00,2021-09-03 21:30:00,116.43703,107.7959,116.43703,124.81508
2021-09-03 21:00:00,2021-09-03 21:45:00,113.25679,103.99111,113.25679,122.466515
2021-09-03 22:00:00,2021-09-03 22:00:00,97.85077,89.09313,97.85077,106.92761
2021-09-03 22:00:00,2021-09-03 22:15:00,110.613625,102.49568,110.613625,119.45897
2021-09-03 22:00:00,2021-09-03 22:30:00,109.73145,100.68915,109.73145,118.31825
2021-09-03 22:00:00,2021-09-03 22:45:00,111.39463,102.8084,111.39463,120.18967
2021-09-03 23:00:00,2021-09-03 23:00:00,114.1914,106.78142,114.1914,122.26575
2021-09-03 23:00:00,2021-09-03 23:15:00,114.17821,106.042915,114.17821,121.822205
2021-09-03 23:00:00,2021-09-03 23:30:00,108.88384,100.61925,108.88384,116.83961
2021-09-03 23:00:00,2021-09-03 23:45:00,87.39865,78.8999,87.39865,95.73068
2021-09-04 00:00:00,2021-09-04 00:00:00,73.72165,66.54173,73.72165,80.9828
2021-09-04 00:00:00,2021-09-04 00:15:00,71.90957,64.39127,71.90957,79.16933
2021-09-04 00:00:00,2021-09-04 00:30:00,69.72493,62.1694,69.72493,77.050156
2021-09-04 00:00:00,2021-09-04 00:45:00,69.520645,61.755825,69.520645,76.96945
2021-09-04 01:00:00,2021-09-04 01:00:00,90.14391,82.20449,90.14391,97.21635
2021-09-04 01:00:00,2021-09-04 01:15:00,102.55677,95.37863,102.55677,109.84065
2021-09-04 01:00:00,2021-09-04 01:30:00,105.3091,97.63635,105.3091,112.67548
2021-09-04 01:00:00,2021-09-04 01:45:00,106.01954,98.81072,106.01954,113.53207
2021-09-04 02:00:00,2021-09-04 02:00:00,109.87098,102.392494,109.87098,117.85878
2021-09-04 02:00:00,2021-09-04 02:15:00,111.75597,104.078705,111.75597,119.67364
2021-09-04 02:00:00,2021-09-04 02:30:00,108.43013,100.21123,108.43013,116.19109
2021-09-04 02:00:00,2021-09-04 02:45:00,105.70092,97.51514,105.70092,113.765076
2021-09-04 03:00:00,2021-09-04 03:00:00,90.93852,82.48048,90.93852,99.00238
2021-09-04 03:00:00,2021-09-04 03:15:00,100.79134,92.96718,100.79134,109.499535
2021-09-04 03:00:00,2021-09-04 03:30:00,102.692,94.055336,102.692,111.18075
2021-09-04 03:00:00,2021-09-04 03:45:00,104.72268,96.716095,104.72268,113.72682
2021-09-04 04:00:00,2021-09-04 04:00:00,102.589455,95.254166,102.589455,111.83006
2021-09-04 04:00:00,2021-09-04 04:15:00,103.03725,95.45484,103.03725,112.26958
2021-09-04 04:00:00,2021-09-04 04:30:00,102.74192,94.18979,102.74192,112.15847
2021-09-04 04:00:00,2021-09-04 04:45:00,98.31937,89.11607,98.31937,109.0049
2021-09-04 05:00:00,2021-09-04 05:00:00,89.5264,80.37677,89.5264,99.14685
2021-09-04 05:00:00,2021-09-04 05:15:00,85.63244,74.19178,85.63244,96.16518
2021-09-04 05:00:00,2021-09-04 05:30:00,103.85189,94.6009,103.85189,112.74587
2021-09-04 05:00:00,2021-09-04 05:45:00,112.52098,103.35131,112.52098,120.7594
2021-09-04 06:00:00,2021-09-04 06:00:00,104.738144,97.12352,104.738144,113.5142
2021-09-04 06:00:00,2021-09-04 06:15:00,104.76861,96.63589,104.76861,113.148674
2021-09-04 06:00:00,2021-09-04 06:30:00,101.83811,92.96983,101.83811,110.290764
2021-09-04 06:00:00,2021-09-04 06:45:00,99.88419,91.09722,99.88419,109.55278
2021-09-04 07:00:00,2021-09-04 07:00:00,104.17585,94.003815,104.17585,115.91443
2021-09-04 07:00:00,2021-09-04 07:15:00,92.36176,78.54224,92.36176,106.92445
2021-09-04 07:00:00,2021-09-04 07:30:00,62.212044,46.192513,62.212044,79.75697
2021-09-04 07:00:00,2021-09-04 07:45:00,43.29639,29.233887,43.29639,60.953903
2021-09-04 08:00:00,2021-09-04 08:00:00,32.987946,26.966263,32.987946,39.843517
2021-09-04 08:00:00,2021-09-04 08:15:00,32.899895,26.615044,32.899895,39.80644
2021-09-04 08:00:00,2021-09-04 08:30:00,33.155838,26.77208,33.155838,40.092476
2021-09-04 08:00:00,2021-09-04 08:45:00,33.060806,26.96569,33.060806,40.325104
2021-09-04 09:00:00,2021-09-04 09:00:00,29.407814,24.674324,29.407814,34.653183
2021-09-04 09:00:00,2021-09-04 09:15:00,29.125336,24.488312,29.125336,34.289734
2021-09-04 09:00:00,2021-09-04 09:30:00,29.083633,24.411644,29.083633,34.15017
2021-09-04 09:00:00,2021-09-04 09:45:00,28.984604,24.799332,28.984604,34.243126
2021-09-04 10:00:00,2021-09-04 10:00:00,29.635223,25.4422,29.635223,34.06958
2021-09-04 10:00:00,2021-09-04 10:15:00,29.904068,25.697685,29.904068,34.463394
2021-09-04 10:00:00,2021-09-04 10:30:00,30.303009,25.847168,30.303009,34.65335
2021-09-04 10:00:00,2021-09-04 10:45:00,30.007347,26.07425,30.007347,34.797775
2021-09-04 11:00:00,2021-09-04 11:00:00,32.801277,28.905617,32.801277,37.18901
2021-09-04 11:00:00,2021-09-04 11:15:00,32.782814,28.716354,32.782814,37.125847
2021-09-04 11:00:00,2021-09-04 11:30:00,32.365364,28.042824,32.365364,36.52648
2021-09-04 11:00:00,2021-09-04 11:45:00,31.507385,27.741768,31.507385,36.06916
2021-09-04 12:00:00,2021-09-04 12:00:00,30.705383,27.329254,30.705383,34.208916
2021-09-04 12:00:00,2021-09-04 12:15:00,30.514366,27.118927,30.514366,33.884476
2021-09-04 12:00:00,2021-09-04 12:30:00,30.510902,27.045914,30.510902,33.604607
2021-09-04 12:00:00,2021-09-04 12:45:00,30.319008,27.26587,30.319008,33.810547
2021-09-04 13:00:00,2021-09-04 13:00:00,33.298836,29.813843,33.298836,37.387665
2021-09-04 13:00:00,2021-09-04 13:15:00,33.12223,29.335785,33.12223,37.440514
2021-09-04 13:00:00,2021-09-04 13:30:00,33.062454,29.091248,33.062454,37.361275
2021-09-04 13:00:00,2021-09-04 13:45:00,32.780228,29.285667,32.780228,37.59812
2021-09-04 14:00:00,2021-09-04 14:00:00,34.91204,31.467484,34.91204,38.894905
2021-09-04 14:00:00,2021-09-04 14:15:00,34.76999,30.999207,34.76999,38.66398
2021-09-04 14:00:00,2021-09-04 14:30:00,34.63295,30.537056,34.63295,38.373978
2021-09-04 14:00:00,2021-09-04 14:45:00,34.058067,30.392761,34.058067,38.376137
2021-09-04 15:00:00,2021-09-04 15:00:00,33.48754,30.169846,33.48754,36.84526
2021-09-04 15:00:00,2021-09-04 15:15:00,33.29403,29.790062,33.29403,36.643677
2021-09-04 15:00:00,2021-09-04 15:30:00,33.442314,29.72834,33.442314,36.65914
2021-09-04 15:00:00,2021-09-04 15:45:00,33.032333,29.805855,33.032333,36.686928
2021-09-04 16:00:00,2021-09-04 16:00:00,33.374054,30.464111,33.374054,36.483063
2021-09-04 16:00:00,2021-09-04 16:15:00,33.289917,30.271454,33.289917,36.260605
2021-09-04 16:00:00,2021-09-04 16:30:00,33.243507,29.981651,33.243507,36.088768
2021-09-04 16:00:00,2021-09-04 16:45:00,32.78914,30.06144,32.78914,36.04756
2021-09-04 17:00:00,2021-09-04 17:00:00,35.58023,31.006012,35.58023,42.348263
2021-09-04 17:00:00,2021-09-04 17:15:00,34.946,29.970215,34.946,41.678436
2021-09-04 17:00:00,2021-09-04 17:30:00,35.63755,30.44252,35.63755,42.325523
2021-09-04 17:00:00,2021-09-04 17:45:00,35.179977,30.14711,35.179977,42.430313
2021-09-04 18:00:00,2021-09-04 18:00:00,30.577972,27.68824,30.577972,33.975487
2021-09-04 18:00:00,2021-09-04 18:15:00,30.475777,27.445663,30.475777,33.63894
2021-09-04 18:00:00,2021-09-04 18:30:00,30.170776,26.936035,30.170776,33.090042
2021-09-04 18:00:00,2021-09-04 18:45:00,29.417519,26.725105,29.417519,32.93065
2021-09-04 19:00:00,2021-09-04 19:00:00,26.147469,23.596657,26.147469,28.701149
2021-09-04 19:00:00,2021-09-04 19:15:00,26.022125,23.467636,26.022125,28.521759
2021-09-04 19:00:00,2021-09-04 19:30:00,26.091438,23.502357,26.091438,28.23722
2021-09-04 19:00:00,2021-09-04 19:45:00,25.56694,23.598434,25.56694,28.174782
2021-09-04 20:00:00,2021-09-04 20:00:00,24.83442,22.519005,24.83442,27.13588
2021-09-04 20:00:00,2021-09-04 20:15:00,24.779007,22.555916,24.779007,26.971794
2021-09-04 20:00:00,2021-09-04 20:30:00,24.750168,22.392906,24.750168,26.564934
2021-09-04 20:00:00,2021-09-04 20:45:00,24.26252,22.48922,24.26252,26.678146
2021-09-04 21:00:00,2021-09-04 21:00:00,25.146156,23.029861,25.146156,27.202415
2021-09-04 21:00:00,2021-09-04 21:15:00,25.122452,23.16787,25.122452,27.023499
2021-09-04 21:00:00,2021-09-04 21:30:00,25.220703,23.182747,25.220703,26.65445
2021-09-04 21:00:00,2021-09-04 21:45:00,24.762314,23.294708,24.762314,26.853447
2021-09-04 22:00:00,2021-09-04 22:00:00,24.520706,22.419655,24.520706,26.458145
2021-09-04 22:00:00,2021-09-04 22:15:00,24.832726,22.847649,24.832726,26.726791
2021-09-04 22:00:00,2021-09-04 22:30:00,25.011566,22.83168,25.011566,26.525482
2021-09-04 22:00:00,2021-09-04 22:45:00,24.555527,23.15245,24.555527,26.692047
2021-09-04 23:00:00,2021-09-04 23:00:00,24.569939,22.588547,24.569939,26.53122
2021-09-04 23:00:00,2021-09-04 23:15:00,24.585884,22.791718,24.585884,26.36103
2021-09-04 23:00:00,2021-09-04 23:30:00,24.49405,22.503113,24.49405,25.927551
2021-09-04 23:00:00,2021-09-04 23:45:00,23.900032,22.577057,23.900032,25.839912
2021-09-05 00:00:00,2021-09-05 00:00:00,23.720383,21.474197,23.720383,25.646141
2021-09-05 00:00:00,2021-09-05 00:15:00,23.613106,21.680847,23.613106,25.342598
2021-09-05 00:00:00,2021-09-05 00:30:00,23.75795,21.72126,23.75795,25.065697
2021-09-05 00:00:00,2021-09-05 00:45:00,23.352562,21.90406,23.352562,25.320023
2021-09-05 01:00:00,2021-09-05 01:00:00,24.999702,22.697495,24.999702,27.079887
2021-09-05 01:00:00,2021-09-05 01:15:00,25.038177,22.901703,25.038177,27.027512
2021-09-05 01:00:00,2021-09-05 01:30:00,25.160637,22.927086,25.160637,26.769035
2021-09-05 01:00:00,2021-09-05 01:45:00,24.814621,23.282913,24.814621,27.027023
2021-09-05 02:00:00,2021-09-05 02:00:00,23.91346,21.777634,23.91346,25.920609
2021-09-05 02:00:00,2021-09-05 02:15:00,24.012703,22.091164,24.012703,25.85366
2021-09-05 02:00:00,2021-09-05 02:30:00,23.828728,21.743027,23.828728,25.252007
2021-09-05 02:00:00,2021-09-05 02:45:00,23.173576,21.783318,23.173576,25.212563
2021-09-05 03:00:00,2021-09-05 03:00:00,24.031845,22.232483,24.031845,25.65203
2021-09-05 03:00:00,2021-09-05 03:15:00,24.065208,22.406631,24.065208,25.613213
2021-09-05 03:00:00,2021-09-05 03:30:00,24.026527,22.124428,24.026527,25.225754
2021-09-05 03:00:00,2021-09-05 03:45:00,23.520798,22.324928,23.520798,25.314308
2021-09-05 04:00:00,2021-09-05 04:00:00,23.627846,21.728897,23.627846,25.41819
2021-09-05 04:00:00,2021-09-05 04:15:00,23.69442,21.946426,23.69442,25.3581
2021-09-05 04:00:00,2021-09-05 04:30:00,23.627052,21.606232,23.627052,24.954842
2021-09-05 04:00:00,2021-09-05 04:45:00,23.07914,21.749153,23.07914,25.000809
2021-09-05 05:00:00,2021-09-05 05:00:00,23.806763,21.643257,23.806763,25.625595
2021-09-05 05:00:00,2021-09-05 05:15:00,23.780167,21.777542,23.780167,25.651505
2021-09-05 05:00:00,2021-09-05 05:30:00,24.212555,21.96296,24.212555,25.679893
2021-09-05 05:00:00,2021-09-05 05:45:00,23.853287,22.45327,23.853287,25.99559
2021-09-05 06:00:00,2021-09-05 06:00:00,23.722336,21.587936,23.722336,25.662178
2021-09-05 06:00:00,2021-09-05 06:15:00,23.838737,21.819984,23.838737,25.752914
2021-09-05 06:00:00,2021-09-05 06:30:00,23.742744,21.547974,23.742744,25.241089
2021-09-05 06:00:00,2021-09-05 06:45:00,23.126877,21.64399,23.126877,25.25364
2021-09-05 07:00:00,2021-09-05 07:00:00,23.132675,21.08252,23.132675,24.873665
2021-09-05 07:00:00,2021-09-05 07:15:00,23.161377,21.245514,23.161377,24.981369
2021-09-05 07:00:00,2021-09-05 07:30:00,23.301971,21.201744,23.301971,24.798576
2021-09-05 07:00:00,2021-09-05 07:45:00,22.825417,21.41861,22.825417,24.865501
2021-09-05 08:00:00,2021-09-05 08:00:00,23.267479,21.332985,23.267479,25.024208
2021-09-05 08:00:00,2021-09-05 08:15:00,23.331078,21.514275,23.331078,25.05439
2021-09-05 08:00:00,2021-09-05 08:30:00,23.305145,21.300232,23.305145,24.714622
2021-09-05 08:00:00,2021-09-05 08:45:00,22.826096,21.425499,22.826096,24.82669
2021-09-05 09:00:00,2021-09-05 09:00:00,24.061806,22.004112,24.061806,26.012161
2021-09-05 09:00:00,2021-09-05 09:15:00,24.21978,22.236443,24.21978,26.048737
2021-09-05 09:00:00,2021-09-05 09:30:00,24.21769,22.110374,24.21769,25.714287
2021-09-05 09:00:00,2021-09-05 09:45:00,23.713898,22.175362,23.713898,25.856697
2021-09-05 10:00:00,2021-09-05 10:00:00,24.033836,21.9981,24.033836,25.85833
2021-09-05 10:00:00,2021-09-05 10:15:00,24.18634,22.278015,24.18634,26.022339
2021-09-05 10:00:00,2021-09-05 10:30:00,24.23867,22.1307,24.23867,25.79589
2021-09-05 10:00:00,2021-09-05 10:45:00,23.774628,22.32734,23.774628,25.907349
2021-09-05 11:00:00,2021-09-05 11:00:00,23.632103,21.74041,23.632103,25.527107
2021-09-05 11:00:00,2021-09-05 11:15:00,23.599113,21.787987,23.599113,25.405403
2021-09-05 11:00:00,2021-09-05 11:30:00,23.403069,21.456047,23.403069,24.895538
2021-09-05 11:00:00,2021-09-05 11:45:00,22.822273,21.561798,22.822273,24.795296
2021-09-05 12:00:00,2021-09-05 12:00:00,22.774323,20.945343,22.774323,24.364716
2021-09-05 12:00:00,2021-09-05 12:15:00,22.680176,21.03038,22.680176,24.186172
2021-09-05 12:00:00,2021-09-05 12:30:00,22.70874,20.852844,22.70874,23.83326
2021-09-05 12:00:00,2021-09-05 12:45:00,22.231445,20.945084,22.231445,23.994835
2021-09-05 13:00:00,2021-09-05 13:00:00,23.559944,21.334572,23.559944,25.555305
2021-09-05 13:00:00,2021-09-05 13:15:00,23.530327,21.443756,23.530327,25.559563
2021-09-05 13:00:00,2021-09-05 13:30:00,23.680809,21.433746,23.680809,25.349152
2021-09-05 13:00:00,2021-09-05 13:45:00,23.296944,21.687012,23.296944,25.596855
2021-09-05 14:00:00,2021-09-05 14:00:00,23.516075,21.46299,23.516075,25.422493
2021-09-05 14:00:00,2021-09-05 14:15:00,23.57109,21.663383,23.57109,25.414337
2021-09-05 14:00:00,2021-09-05 14:30:00,23.518974,21.388725,23.518974,25.00293
2021-09-05 14:00:00,2021-09-05 14:45:00,22.928246,21.510086,22.928246,25.070244
2021-09-05 15:00:00,2021-09-05 15:00:00,23.761238,21.760948,23.761238,25.693222
2021-09-05 15:00:00,2021-09-05 15:15:00,23.75277,21.823929,23.75277,25.680573
2021-09-05 15:00:00,2021-09-05 15:30:00,23.779228,21.650772,23.779228,25.367981
2021-09-05 15:00:00,2021-09-05 15:45:00,23.278969,21.837929,23.278969,25.498917
2021-09-05 16:00:00,2021-09-05 16:00:00,27.245628,23.978966,27.245628,31.74694
2021-09-05 16:00:00,2021-09-05 16:15:00,27.583488,23.805305,27.583488,32.00235
2021-09-05 16:00:00,2021-09-05 16:30:00,27.50467,23.642761,27.50467,31.885231
2021-09-05 16:00:00,2021-09-05 16:45:00,27.161087,23.302322,27.161087,32.17849
2021-09-05 17:00:00,2021-09-05 17:00:00,24.009384,21.907295,24.009384,26.098091
2021-09-05 17:00:00,2021-09-05 17:15:00,24.016396,22.061203,24.016396,25.93061
2021-09-05 17:00:00,2021-09-05 17:30:00,24.093147,21.890244,24.093147,25.702698
2021-09-05 17:00:00,2021-09-05 17:45:00,23.648094,22.139198,23.648094,25.924858
2021-09-05 18:00:00,2021-09-05 18:00:00,23.774948,21.881203,23.774948,25.669106
2021-09-05 18:00:00,2021-09-05 18:15:00,23.719688,22.014526,23.719688,25.345413
2021-09-05 18:00:00,2021-09-05 18:30:00,23.464874,21.548775,23.464874,24.772614
2021-09-05 18:00:00,2021-09-05 18:45:00,22.81842,21.5167,22.81842,24.746452
2021-09-05 19:00:00,2021-09-05 19:00:00,23.349518,21.491821,23.349518,25.124924
2021-09-05 19:00:00,2021-09-05 19:15:00,23.33107,21.723022,23.33107,24.838684
2021-09-05 19:00:00,2021-09-05 19:30:00,23.167961,21.35379,23.167961,24.39032
2021-09-05 19:00:00,2021-09-05 19:45:00,22.606071,21.38382,22.606071,24.415398
2021-09-05 20:00:00,2021-09-05 20:00:00,24.320686,21.75344,24.320686,27.38768
2021-09-05 20:00:00,2021-09-05 20:15:00,24.31247,21.84378,24.31247,27.177315
2021-09-05 20:00:00,2021-09-05 20:30:00,24.230774,21.629723,24.230774,26.797302
2021-09-05 20:00:00,2021-09-05 20:45:00,23.668709,21.589058,23.668709,26.9113
2021-09-05 21:00:00,2021-09-05 21:00:00,23.482384,21.694809,23.482384,25.309532
2021-09-05 21:00:00,2021-09-05 21:15:00,23.49527,21.954987,23.49527,25.083527
2021-09-05 21:00:00,2021-09-05 21:30:00,23.509811,21.621788,23.509811,24.678429
2021-09-05 21:00:00,2021-09-05 21:45:00,22.957268,21.646606,22.957268,24.906906
2021-09-05 22:00:00,2021-09-05 22:00:00,23.388206,21.81398,23.388206,24.884995
2021-09-05 22:00:00,2021-09-05 22:15:00,23.46199,22.102669,23.46199,24.793869
2021-09-05 22:00:00,2021-09-05 22:30:00,23.434425,21.609612,23.434425,24.468216
2021-09-05 22:00:00,2021-09-05 22:45:00,22.878128,21.75251,22.878128,24.645943
2021-09-05 23:00:00,2021-09-05 23:00:00,25.938866,23.629036,25.938866,29.01426
2021-09-05 23:00:00,2021-09-05 23:15:00,25.80146,23.423996,25.80146,28.64415
2021-09-05 23:00:00,2021-09-05 23:30:00,25.36779,22.931206,25.36779,27.93763
2021-09-05 23:00:00,2021-09-05 23:45:00,24.3227,22.6185,24.3227,27.496933
2021-09-06 00:00:00,2021-09-06 00:00:00,22.883621,20.880577,22.883621,24.828773
2021-09-06 00:00:00,2021-09-06 00:15:00,22.920692,21.125175,22.920692,24.602425
2021-09-06 00:00:00,2021-09-06 00:30:00,22.83387,20.936165,22.83387,24.168716
2021-09-06 00:00:00,2021-09-06 00:45:00,22.281776,20.843124,22.281776,24.270844
2021-09-06 01:00:00,2021-09-06 01:00:00,22.8601,20.97329,22.8601,24.600365
2021-09-06 01:00:00,2021-09-06 01:15:00,22.938599,21.20475,22.938599,24.46772
2021-09-06 01:00:00,2021-09-06 01:30:00,22.858902,20.865105,22.858902,24.09977
2021-09-06 01:00:00,2021-09-06 01:45:00,22.359955,20.999222,22.359955,24.24228
2021-09-06 02:00:00,2021-09-06 02:00:00,22.646393,20.94059,22.646393,24.270592
2021-09-06 02:00:00,2021-09-06 02:15:00,22.642403,21.094398,22.642403,24.006416
2021-09-06 02:00:00,2021-09-06 02:30:00,22.511818,20.689598,22.511818,23.480186
2021-09-06 02:00:00,2021-09-06 02:45:00,21.854256,20.679573,21.854256,23.504112
2021-09-06 03:00:00,2021-09-06 03:00:00,24.549065,22.229256,24.549065,27.673767
2021-09-06 03:00:00,2021-09-06 03:15:00,24.562767,21.911179,24.562767,27.69934
2021-09-06 03:00:00,2021-09-06 03:30:00,24.54145,21.840958,24.54145,27.400429
2021-09-06 03:00:00,2021-09-06 03:45:00,23.95523,21.842735,23.95523,27.393723
2021-09-06 04:00:00,2021-09-06 04:00:00,22.43248,19.112328,22.43248,25.234833
2021-09-06 04:00:00,2021-09-06 04:15:00,22.302742,19.464302,22.302742,25.12378
2021-09-06 04:00:00,2021-09-06 04:30:00,22.471275,19.610733,22.471275,24.814583
2021-09-06 04:00:00,2021-09-06 04:45:00,21.566704,19.279358,21.566704,24.767914
2021-09-06 05:00:00,2021-09-06 05:00:00,19.743912,15.338676,19.743912,24.805183
2021-09-06 05:00:00,2021-09-06 05:15:00,20.09134,15.445564,20.09134,24.912025
2021-09-06 05:00:00,2021-09-06 05:30:00,20.709671,15.661736,20.709671,25.148506
2021-09-06 05:00:00,2021-09-06 05:45:00,20.412666,16.726448,20.412666,25.713188
2021-09-06 06:00:00,2021-09-06 06:00:00,23.631767,18.5466,23.631767,29.658012
2021-09-06 06:00:00,2021-09-06 06:15:00,22.753372,17.794151,22.753372,28.318146
2021-09-06 06:00:00,2021-09-06 06:30:00,22.54406,16.814087,22.54406,27.714943
2021-09-06 06:00:00,2021-09-06 06:45:00,23.12046,17.939896,23.12046,29.494667
2021-09-06 07:00:00,2021-09-06 07:00:00,28.707024,20.825584,28.707024,37.246376
2021-09-06 07:00:00,2021-09-06 07:15:00,39.67157,31.508415,39.67157,49.057526
2021-09-06 07:00:00,2021-09-06 07:30:00,65.714264,52.158436,65.714264,80.03095
2021-09-06 07:00:00,2021-09-06 07:45:00,94.874306,76.07268,94.874306,111.99666
2021-09-06 08:00:00,2021-09-06 08:00:00,142.2499,130.14743,142.2499,154.73514
2021-09-06 08:00:00,2021-09-06 08:15:00,167.73694,154.35782,167.73694,179.55933
2021-09-06 08:00:00,2021-09-06 08:30:00,172.01633,158.13385,172.01633,184.15997
2021-09-06 08:00:00,2021-09-06 08:45:00,175.62009,162.79245,175.62009,187.95096
2021-09-06 09:00:00,2021-09-06 09:00:00,176.18211,164.58466,176.18211,187.98026
2021-09-06 09:00:00,2021-09-06 09:15:00,172.67285,160.37642,172.67285,183.53397
2021-09-06 09:00:00,2021-09-06 09:30:00,180.6278,168.78836,180.6278,191.49393
2021-09-06 09:00:00,2021-09-06 09:45:00,179.51718,168.17139,179.51718,190.59778
2021-09-06 10:00:00,2021-09-06 10:00:00,148.27406,134.95381,148.27406,160.9435
2021-09-06 10:00:00,2021-09-06 10:15:00,174.13287,161.5164,174.13287,186.32755
2021-09-06 10:00:00,2021-09-06 10:30:00,174.3949,161.07454,174.3949,186.07019
2021-09-06 10:00:00,2021-09-06 10:45:00,170.9573,157.97557,170.9573,182.93968
2021-09-06 11:00:00,2021-09-06 11:00:00,176.47133,165.37155,176.47133,188.5737
2021-09-06 11:00:00,2021-09-06 11:15:00,176.54515,164.72354,176.54515,189.08192
2021-09-06 11:00:00,2021-09-06 11:30:00,176.76978,163.68141,176.76978,188.999
2021-09-06 11:00:00,2021-09-06 11:45:00,175.56244,162.27884,175.56244,188.71588
2021-09-06 12:00:00,2021-09-06 12:00:00,118.227005,107.50673,118.227005,129.89334
2021-09-06 12:00:00,2021-09-06 12:15:00,97.78245,86.181496,97.78245,109.173904
2021-09-06 12:00:00,2021-09-06 12:30:00,99.95204,86.736206,99.95204,111.808075
2021-09-06 12:00:00,2021-09-06 12:45:00,134.75154,120.90146,134.75154,148.65923
2021-09-06 13:00:00,2021-09-06 13:00:00,169.88385,159.37808,169.88385,179.75275
2021-09-06 13:00:00,2021-09-06 13:15:00,171.00082,160.05952,171.00082,180.53717
2021-09-06 13:00:00,2021-09-06 13:30:00,170.21713,158.85143,170.21713,180.11539
2021-09-06 13:00:00,2021-09-06 13:45:00,172.60013,161.7503,172.60013,183.33847
2021-09-06 14:00:00,2021-09-06 14:00:00,164.60408,154.08397,164.60408,173.84839
2021-09-06 14:00:00,2021-09-06 14:15:00,165.55658,154.61487,165.55658,175.57399
2021-09-06 14:00:00,2021-09-06 14:30:00,166.06064,154.2312,166.06064,176.65945
2021-09-06 14:00:00,2021-09-06 14:45:00,166.39966,154.70645,166.39966,177.75104
2021-09-06 15:00:00,2021-09-06 15:00:00,136.02693,125.42618,136.02693,147.19492
2021-09-06 15:00:00,2021-09-06 15:15:00,161.47786,149.35675,161.47786,172.32022
2021-09-06 15:00:00,2021-09-06 15:30:00,165.18903,152.3226,165.18903,176.33826
2021-09-06 15:00:00,2021-09-06 15:45:00,164.80011,151.93938,164.80011,175.77309
2021-09-06 16:00:00,2021-09-06 16:00:00,163.31169,153.41559,163.31169,172.65192
2021-09-06 16:00:00,2021-09-06 16:15:00,160.35782,149.69841,160.35782,170.34506
2021-09-06 16:00:00,2021-09-06 16:30:00,158.4076,146.77652,158.4076,168.67953
2021-09-06 16:00:00,2021-09-06 16:45:00,155.63919,143.63907,155.63919,166.93184
2021-09-06 17:00:00,2021-09-06 17:00:00,115.86361,105.29208,115.86361,126.54416
2021-09-06 17:00:00,2021-09-06 17:15:00,104.168884,92.57017,104.168884,115.9794
2021-09-06 17:00:00,2021-09-06 17:30:00,139.35774,125.486435,139.35774,152.67764
2021-09-06 17:00:00,2021-09-06 17:45:00,149.72586,134.21205,149.72586,162.40848
2021-09-06 18:00:00,2021-09-06 18:00:00,146.51227,134.78712,146.51227,157.95486
2021-09-06 18:00:00,2021-09-06 18:15:00,143.35074,129.87895,143.35074,155.68993
2021-09-06 18:00:00,2021-09-06 18:30:00,143.74243,130.27965,143.74243,156.1083
2021-09-06 18:00:00,2021-09-06 18:45:00,144.20676,129.55855,144.20676,157.36998
2021-09-06 19:00:00,2021-09-06 19:00:00,149.64757,140.0874,149.64757,158.92094
2021-09-06 19:00:00,2021-09-06 19:15:00,141.30743,130.32742,141.30743,151.1807
2021-09-06 19:00:00,2021-09-06 19:30:00,140.33961,128.65485,140.33961,150.50896
2021-09-06 19:00:00,2021-09-06 19:45:00,124.10311,111.707825,124.10311,135.8902
2021-09-06 20:00:00,2021-09-06 20:00:00,109.2238,100.87816,109.2238,117.85409
2021-09-06 20:00:00,2021-09-06 20:15:00,115.78784,107.225044,115.78784,124.82956
2021-09-06 20:00:00,2021-09-06 20:30:00,118.53491,109.549904,118.53491,127.52826
2021-09-06 20:00:00,2021-09-06 20:45:00,116.74006,107.43847,116.74006,126.268524
2021-09-06 21:00:00,2021-09-06 21:00:00,115.35531,108.58674,115.35531,123.327614
2021-09-06 21:00:00,2021-09-06 21:15:00,116.27739,108.67166,116.27739,124.08507
2021-09-06 21:00:00,2021-09-06 21:30:00,112.76848,104.82645,112.76848,120.68891
2021-09-06 21:00:00,2021-09-06 21:45:00,107.73056,98.848755,107.73056,117.478546
2021-09-06 22:00:00,2021-09-06 22:00:00,101.82504,93.925415,101.82504,110.01807
2021-09-06 22:00:00,2021-09-06 22:15:00,112.972206,105.65755,112.972206,121.03524
2021-09-06 22:00:00,2021-09-06 22:30:00,113.202774,105.3283,113.202774,120.90539
2021-09-06 22:00:00,2021-09-06 22:45:00,115.20558,107.581154,115.20558,123.05786
2021-09-06 23:00:00,2021-09-06 23:00:00,110.921104,104.852905,110.921104,117.79527
2021-09-06 23:00:00,2021-09-06 23:15:00,109.82442,103.40279,109.82442,116.706635
2021-09-06 23:00:00,2021-09-06 23:30:00,106.12853,99.088974,106.12853,113.1656
2021-09-06 23:00:00,2021-09-06 23:45:00,86.376236,79.38507,86.376236,93.568054
2021-09-07 00:00:00,2021-09-07 00:00:00,75.22981,68.50224,75.22981,82.4285
2021-09-07 00:00:00,2021-09-07 00:15:00,72.37805,65.66344,72.37805,79.20463
2021-09-07 00:00:00,2021-09-07 00:30:00,69.29123,62.897198,69.29123,75.84048
2021-09-07 00:00:00,2021-09-07 00:45:00,67.90811,61.151196,67.90811,73.59593
2021-09-07 01:00:00,2021-09-07 01:00:00,95.71318,89.13423,95.71318,102.06552
2021-09-07 01:00:00,2021-09-07 01:15:00,105.69739,99.82179,105.69739,112.35605
2021-09-07 01:00:00,2021-09-07 01:30:00,108.70255,102.27359,108.70255,114.98278
2021-09-07 01:00:00,2021-09-07 01:45:00,107.676125,101.57277,107.676125,114.14987
2021-09-07 02:00:00,2021-09-07 02:00:00,116.06067,109.229744,116.06067,123.35738
2021-09-07 02:00:00,2021-09-07 02:15:00,113.544334,106.79614,113.544334,120.61415
2021-09-07 02:00:00,2021-09-07 02:30:00,109.60845,102.22832,109.60845,116.69788
2021-09-07 02:00:00,2021-09-07 02:45:00,107.0528,99.702156,107.0528,114.2206
2021-09-07 03:00:00,2021-09-07 03:00:00,95.33195,88.081436,95.33195,102.56739
2021-09-07 03:00:00,2021-09-07 03:15:00,105.12455,98.16068,105.12455,113.08818
2021-09-07 03:00:00,2021-09-07 03:30:00,109.27086,101.863144,109.27086,116.505394
2021-09-07 03:00:00,2021-09-07 03:45:00,108.80943,101.61952,108.80943,116.67212
2021-09-07 04:00:00,2021-09-07 04:00:00,108.870125,101.09543,108.870125,117.352745
2021-09-07 04:00:00,2021-09-07 04:15:00,108.00025,99.70045,108.00025,117.43895
2021-09-07 04:00:00,2021-09-07 04:30:00,105.94276,97.05737,105.94276,114.67718
2021-09-07 04:00:00,2021-09-07 04:45:00,101.49726,92.66141,101.49726,110.30963
2021-09-07 05:00:00,2021-09-07 05:00:00,93.11142,83.72968,93.11142,102.32192
2021-09-07 05:00:00,2021-09-07 05:15:00,82.603,72.46854,82.603,92.27075
2021-09-07 05:00:00,2021-09-07 05:30:00,102.5298,92.22466,102.5298,112.8689
2021-09-07 05:00:00,2021-09-07 05:45:00,111.39235,100.362045,111.39235,122.23236
2021-09-07 06:00:00,2021-09-07 06:00:00,114.16585,103.97477,114.16585,124.23126
2021-09-07 06:00:00,2021-09-07 06:15:00,114.118576,103.210045,114.118576,124.16766
2021-09-07 06:00:00,2021-09-07 06:30:00,111.31936,101.063545,111.31936,121.59664
2021-09-07 06:00:00,2021-09-07 06:45:00,112.49527,102.0728,112.49527,122.97979
2021-09-07 07:00:00,2021-09-07 07:00:00,117.26708,107.2503,117.26708,126.87996
2021-09-07 07:00:00,2021-09-07 07:15:00,126.17449,115.39515,126.17449,136.3519
2021-09-07 07:00:00,2021-09-07 07:30:00,148.51712,136.51134,148.51712,159.68132
2021-09-07 07:00:00,2021-09-07 07:45:00,143.54388,131.69084,143.54388,155.76378
2021-09-07 08:00:00,2021-09-07 08:00:00,156.84566,145.53693,156.84566,169.34943
2021-09-07 08:00:00,2021-09-07 08:15:00,174.28226,161.864,174.28226,185.85864
2021-09-07 08:00:00,2021-09-07 08:30:00,177.41833,164.59612,177.41833,189.00226
2021-09-07 08:00:00,2021-09-07 08:45:00,175.47697,163.18909,175.47697,187.7243
2021-09-07 09:00:00,2021-09-07 09:00:00,177.94235,166.28409,177.94235,190.26083
2021-09-07 09:00:00,2021-09-07 09:15:00,179.11806,167.58682,179.11806,191.3703
2021-09-07 09:00:00,2021-09-07 09:30:00,180.59573,168.45967,180.59573,192.41928
2021-09-07 09:00:00,2021-09-07 09:45:00,180.16971,168.62039,180.16971,192.00504
2021-09-07 10:00:00,2021-09-07 10:00:00,149.498,138.21858,149.498,161.47165
2021-09-07 10:00:00,2021-09-07 10:15:00,174.45953,162.97327,174.45953,185.62384
2021-09-07 10:00:00,2021-09-07 10:30:00,176.46304,164.3006,176.46304,187.31802
2021-09-07 10:00:00,2021-09-07 10:45:00,177.40381,166.04762,177.40381,187.99625
2021-09-07 11:00:00,2021-09-07 11:00:00,178.88193,168.54706,178.88193,190.15958
2021-09-07 11:00:00,2021-09-07 11:15:00,176.84789,165.48474,176.84789,188.70325
2021-09-07 11:00:00,2021-09-07 11:30:00,177.39415,165.72296,177.39415,188.76187
2021-09-07 11:00:00,2021-09-07 11:45:00,170.37123,157.84242,170.37123,183.05292
2021-09-07 12:00:00,2021-09-07 12:00:00,123.72085,112.12445,123.72085,135.99353
2021-09-07 12:00:00,2021-09-07 12:15:00,101.81958,90.731415,101.81958,113.25641
2021-09-07 12:00:00,2021-09-07 12:30:00,101.72286,89.786194,101.72286,113.16247
2021-09-07 12:00:00,2021-09-07 12:45:00,130.50902,117.29995,130.50902,143.55612
2021-09-07 13:00:00,2021-09-07 13:00:00,170.69818,159.54826,170.69818,181.22409
2021-09-07 13:00:00,2021-09-07 13:15:00,172.85272,161.83646,172.85272,183.23776
2021-09-07 13:00:00,2021-09-07 13:30:00,172.25397,160.36221,172.25397,182.9197
2021-09-07 13:00:00,2021-09-07 13:45:00,173.88025,162.52222,173.88025,185.12907
2021-09-07 14:00:00,2021-09-07 14:00:00,172.5969,160.78879,172.5969,183.68692
2021-09-07 14:00:00,2021-09-07 14:15:00,172.72592,160.87387,172.72592,183.87735
2021-09-07 14:00:00,2021-09-07 14:30:00,176.8439,164.77364,176.8439,188.15158
2021-09-07 14:00:00,2021-09-07 14:45:00,175.73111,163.9201,175.73111,187.3851
2021-09-07 15:00:00,2021-09-07 15:00:00,150.62888,138.38869,150.62888,163.69188
2021-09-07 15:00:00,2021-09-07 15:15:00,178.2588,165.50742,178.2588,190.88785
2021-09-07 15:00:00,2021-09-07 15:30:00,179.90938,166.77286,179.90938,191.83423
2021-09-07 15:00:00,2021-09-07 15:45:00,175.47678,162.45294,175.47678,187.25305
2021-09-07 16:00:00,2021-09-07 16:00:00,172.20811,161.20282,172.20811,182.98065
2021-09-07 16:00:00,2021-09-07 16:15:00,168.36105,156.45294,168.36105,180.38683
2021-09-07 16:00:00,2021-09-07 16:30:00,162.67245,149.66032,162.67245,174.45609
2021-09-07 16:00:00,2021-09-07 16:45:00,160.12364,146.99112,160.12364,172.82845
2021-09-07 17:00:00,2021-09-07 17:00:00,124.37338,114.28463,124.37338,135.59406
2021-09-07 17:00:00,2021-09-07 17:15:00,111.031525,99.64681,111.031525,122.96664
2021-09-07 17:00:00,2021-09-07 17:30:00,152.58464,139.65564,152.58464,164.02881
2021-09-07 17:00:00,2021-09-07 17:45:00,160.42108,148.60487,160.42108,171.41162
2021-09-07 18:00:00,2021-09-07 18:00:00,160.46909,150.0001,160.46909,171.00162
2021-09-07 18:00:00,2021-09-07 18:15:00,155.63594,143.97635,155.63594,166.9147
2021-09-07 18:00:00,2021-09-07 18:30:00,157.25986,145.14516,157.25986,168.56407
2021-09-07 18:00:00,2021-09-07 18:45:00,154.31671,142.26273,154.31671,166.04733
2021-09-07 19:00:00,2021-09-07 19:00:00,150.87093,141.48567,150.87093,160.34348
2021-09-07 19:00:00,2021-09-07 19:15:00,142.44368,131.89253,142.44368,152.37599
2021-09-07 19:00:00,2021-09-07 19:30:00,143.48712,132.03302,143.48712,154.00311
2021-09-07 19:00:00,2021-09-07 19:45:00,125.87405,114.40462,125.87405,137.73868
2021-09-07 20:00:00,2021-09-07 20:00:00,126.376465,117.22756,126.376465,136.00311
2021-09-07 20:00:00,2021-09-07 20:15:00,133.68503,123.68982,133.68503,142.75316
2021-09-07 20:00:00,2021-09-07 20:30:00,133.16006,123.25235,133.16006,142.78261
2021-09-07 20:00:00,2021-09-07 20:45:00,130.4227,120.66887,130.4227,139.83023
2021-09-07 21:00:00,2021-09-07 21:00:00,131.03693,122.78061,131.03693,139.22932
2021-09-07 21:00:00,2021-09-07 21:15:00,130.04916,121.67685,130.04916,138.00262
2021-09-07 21:00:00,2021-09-07 21:30:00,126.85669,118.204025,126.85669,135.40749
2021-09-07 21:00:00,2021-09-07 21:45:00,122.73961,113.55669,122.73961,131.59949
2021-09-07 22:00:00,2021-09-07 22:00:00,112.19471,104.534836,112.19471,120.51251
2021-09-07 22:00:00,2021-09-07 22:15:00,120.58546,112.503685,120.58546,128.3985
2021-09-07 22:00:00,2021-09-07 22:30:00,119.160545,110.94226,119.160545,127.1459
2021-09-07 22:00:00,2021-09-07 22:45:00,120.183365,112.21694,120.183365,128.08553
2021-09-07 23:00:00,2021-09-07 23:00:00,114.39692,107.97877,114.39692,121.765724
2021-09-07 23:00:00,2021-09-07 23:15:00,115.800674,108.62251,115.800674,122.96279
2021-09-07 23:00:00,2021-09-07 23:30:00,111.33047,103.94037,111.33047,118.653336
2021-09-07 23:00:00,2021-09-07 23:45:00,92.61185,85.125595,92.61185,100.19208
2021-09-08 00:00:00,2021-09-08 00:00:00,82.18507,75.361496,82.18507,89.12453
2021-09-08 00:00:00,2021-09-08 00:15:00,78.6138,71.49478,78.6138,85.603455
2021-09-08 00:00:00,2021-09-08 00:30:00,74.91539,67.93039,74.91539,82.05536
2021-09-08 00:00:00,2021-09-08 00:45:00,72.77905,65.64151,72.77905,79.54968
2021-09-08 01:00:00,2021-09-08 01:00:00,97.82392,90.79996,97.82392,104.849815
2021-09-08 01:00:00,2021-09-08 01:15:00,110.47529,104.11099,110.47529,117.56254
2021-09-08 01:00:00,2021-09-08 01:30:00,114.07304,107.06449,114.07304,120.770386
2021-09-08 01:00:00,2021-09-08 01:45:00,112.599045,105.90002,112.599045,119.99303
2021-09-08 02:00:00,2021-09-08 02:00:00,115.8105,109.28831,115.8105,122.94784
2021-09-08 02:00:00,2021-09-08 02:15:00,114.715126,108.27745,114.715126,121.49603
2021-09-08 02:00:00,2021-09-08 02:30:00,110.915695,103.819145,110.915695,117.61119
2021-09-08 02:00:00,2021-09-08 02:45:00,110.03128,102.94748,110.03128,117.13916
2021-09-08 03:00:00,2021-09-08 03:00:00,97.20593,89.31409,97.20593,105.1064
2021-09-08 03:00:00,2021-09-08 03:15:00,108.50296,101.3507,108.50296,116.766815
2021-09-08 03:00:00,2021-09-08 03:30:00,110.923325,103.10811,110.923325,118.56343
2021-09-08 03:00:00,2021-09-08 03:45:00,110.20208,102.600746,110.20208,118.34213
2021-09-08 04:00:00,2021-09-08 04:00:00,113.567986,105.54695,113.567986,121.99785
2021-09-08 04:00:00,2021-09-08 04:15:00,112.19051,104.111275,112.19051,121.06008
2021-09-08 04:00:00,2021-09-08 04:30:00,110.138626,101.45613,110.138626,118.68989
2021-09-08 04:00:00,2021-09-08 04:45:00,106.39344,97.122536,106.39344,115.006325
2021-09-08 05:00:00,2021-09-08 05:00:00,87.71471,80.373886,87.71471,96.03785
2021-09-08 05:00:00,2021-09-08 05:15:00,80.36472,72.16428,80.36472,88.225655
2021-09-08 05:00:00,2021-09-08 05:30:00,102.746284,94.35321,102.746284,111.30701
2021-09-08 05:00:00,2021-09-08 05:45:00,113.0569,104.095924,113.0569,122.025185
2021-09-08 06:00:00,2021-09-08 06:00:00,114.989586,106.35135,114.989586,123.370735
2021-09-08 06:00:00,2021-09-08 06:15:00,115.603676,106.2633,115.603676,124.27998
2021-09-08 06:00:00,2021-09-08 06:30:00,115.07059,106.33505,115.07059,123.95992
2021-09-08 06:00:00,2021-09-08 06:45:00,116.63997,107.52714,116.63997,125.80664
2021-09-08 07:00:00,2021-09-08 07:00:00,119.86321,110.67433,119.86321,128.8454
2021-09-08 07:00:00,2021-09-08 07:15:00,130.55951,120.93629,130.55951,140.02763
2021-09-08 07:00:00,2021-09-08 07:30:00,153.68169,142.70224,153.68169,163.96625
2021-09-08 07:00:00,2021-09-08 07:45:00,147.22868,136.96172,147.22868,157.95856
2021-09-08 08:00:00,2021-09-08 08:00:00,155.69266,144.78914,155.69266,167.8413
2021-09-08 08:00:00,2021-09-08 08:15:00,176.3634,164.2852,176.3634,187.9177
2021-09-08 08:00:00,2021-09-08 08:30:00,179.24605,166.67485,179.24605,190.7926
2021-09-08 08:00:00,2021-09-08 08:45:00,179.96123,168.03963,179.96123,191.73431
2021-09-08 09:00:00,2021-09-08 09:00:00,168.35901,157.81787,168.35901,178.43732
2021-09-08 09:00:00,2021-09-08 09:15:00,173.99176,163.35875,173.99176,184.5788
2021-09-08 09:00:00,2021-09-08 09:30:00,178.21768,167.15894,178.21768,188.65216
2021-09-08 09:00:00,2021-09-08 09:45:00,179.47803,169.18973,179.47803,189.80353
2021-09-08 10:00:00,2021-09-08 10:00:00,143.57097,132.83324,143.57097,155.15623
2021-09-08 10:00:00,2021-09-08 10:15:00,170.93692,159.22507,170.93692,182.0011
2021-09-08 10:00:00,2021-09-08 10:30:00,173.8289,161.5099,173.8289,184.89249
2021-09-08 10:00:00,2021-09-08 10:45:00,175.76773,164.2843,175.76773,186.56973
2021-09-08 11:00:00,2021-09-08 11:00:00,169.42783,158.68509,169.42783,180.237
2021-09-08 11:00:00,2021-09-08 11:15:00,171.15479,159.75641,171.15479,183.10054
2021-09-08 11:00:00,2021-09-08 11:30:00,171.80124,159.30772,171.80124,183.62262
2021-09-08 11:00:00,2021-09-08 11:45:00,169.73862,157.02113,169.73862,182.50627
2021-09-08 12:00:00,2021-09-08 12:00:00,108.85809,95.90271,108.85809,120.78163
2021-09-08 12:00:00,2021-09-08 12:15:00,99.69316,87.000595,99.69316,112.10484
2021-09-08 12:00:00,2021-09-08 12:30:00,102.06651,88.038284,102.06651,114.7681
2021-09-08 12:00:00,2021-09-08 12:45:00,125.63075,110.092186,125.63075,139.02843
2021-09-08 13:00:00,2021-09-08 13:00:00,104.90159,65.04039,104.90159,142.05592
2021-09-08 13:00:00,2021-09-08 13:15:00,129.35788,85.810486,129.35788,161.02399
2021-09-08 13:00:00,2021-09-08 13:30:00,133.57248,92.2655,133.57248,162.81432
2021-09-08 13:00:00,2021-09-08 13:45:00,135.07121,92.29241,135.07121,164.61707
2021-09-08 14:00:00,2021-09-08 14:00:00,168.80046,156.47667,168.80046,179.81445
2021-09-08 14:00:00,2021-09-08 14:15:00,166.8362,153.3569,166.8362,178.08249
2021-09-08 14:00:00,2021-09-08 14:30:00,168.81125,154.61801,168.81125,180.70148
2021-09-08 14:00:00,2021-09-08 14:45:00,169.3607,154.87323,169.3607,181.69029
2021-09-08 15:00:00,2021-09-08 15:00:00,138.07594,124.4747,138.07594,150.62686
2021-09-08 15:00:00,2021-09-08 15:15:00,163.3103,148.96257,163.3103,176.07906
2021-09-08 15:00:00,2021-09-08 15:30:00,164.31746,149.15717,164.31746,177.00851
2021-09-08 15:00:00,2021-09-08 15:45:00,161.50395,145.96928,161.50395,174.0214
2021-09-08 16:00:00,2021-09-08 16:00:00,172.61977,160.9825,172.61977,183.61726
2021-09-08 16:00:00,2021-09-08 16:15:00,167.50085,154.76443,167.50085,179.80989
2021-09-08 16:00:00,2021-09-08 16:30:00,164.82367,151.0723,164.82367,176.78165
2021-09-08 16:00:00,2021-09-08 16:45:00,159.16524,144.20302,159.16524,172.46326
2021-09-08 17:00:00,2021-09-08 17:00:00,128.43,116.82108,128.43,140.13228
2021-09-08 17:00:00,2021-09-08 17:15:00,112.215454,100.15842,112.215454,123.95898
2021-09-08 17:00:00,2021-09-08 17:30:00,153.8408,140.88446,153.8408,164.27917
2021-09-08 17:00:00,2021-09-08 17:45:00,159.63727,147.79974,159.63727,169.79953
2021-09-08 18:00:00,2021-09-08 18:00:00,169.09364,158.65172,169.09364,178.62784
2021-09-08 18:00:00,2021-09-08 18:15:00,160.86157,150.06795,160.86157,171.16878
2021-09-08 18:00:00,2021-09-08 18:30:00,158.62636,147.15982,158.62636,168.62268
2021-09-08 18:00:00,2021-09-08 18:45:00,157.29625,146.49817,157.29625,167.73064
2021-09-08 19:00:00,2021-09-08 19:00:00,156.53094,147.22136,156.53094,165.69641
2021-09-08 19:00:00,2021-09-08 19:15:00,146.51642,136.04214,146.51642,156.08495
2021-09-08 19:00:00,2021-09-08 19:30:00,146.66673,135.55469,146.66673,156.56963
2021-09-08 19:00:00,2021-09-08 19:45:00,126.036896,114.3101,126.036896,137.97212
2021-09-08 20:00:00,2021-09-08 20:00:00,111.057205,102.27819,111.057205,119.89674
2021-09-08 20:00:00,2021-09-08 20:15:00,123.01645,114.27869,123.01645,131.76682
2021-09-08 20:00:00,2021-09-08 20:30:00,123.4104,114.08796,123.4104,132.53532
2021-09-08 20:00:00,2021-09-08 20:45:00,124.84768,115.6334,124.84768,133.86554
2021-09-08 21:00:00,2021-09-08 21:00:00,113.72093,106.042656,113.72093,122.384674
2021-09-08 21:00:00,2021-09-08 21:15:00,120.22764,111.44061,120.22764,128.71483
2021-09-08 21:00:00,2021-09-08 21:30:00,116.31839,107.161385,116.31839,125.128494
2021-09-08 21:00:00,2021-09-08 21:45:00,113.237,102.91536,113.237,123.21541
2021-09-08 22:00:00,2021-09-08 22:00:00,107.379364,99.687874,107.379364,115.10236
2021-09-08 22:00:00,2021-09-08 22:15:00,115.106094,107.887985,115.106094,122.597565
2021-09-08 22:00:00,2021-09-08 22:30:00,114.177864,106.28167,114.177864,121.70659
2021-09-08 22:00:00,2021-09-08 22:45:00,116.177895,108.319275,116.177895,123.99166
2021-09-08 23:00:00,2021-09-08 23:00:00,109.18416,101.978935,109.18416,117.26514
2021-09-08 23:00:00,2021-09-08 23:15:00,111.39628,103.55689,111.39628,119.912735
2021-09-08 23:00:00,2021-09-08 23:30:00,108.175064,99.26854,108.175064,116.92666
2021-09-08 23:00:00,2021-09-08 23:45:00,86.93942,77.415146,86.93942,95.8993
2021-09-09 00:00:00,2021-09-09 00:00:00,77.173004,69.683975,77.173004,84.68382
2021-09-09 00:00:00,2021-09-09 00:15:00,73.38814,65.474205,73.38814,80.9597
2021-09-09 00:00:00,2021-09-09 00:30:00,70.13722,62.429516,70.13722,77.61167
2021-09-09 00:00:00,2021-09-09 00:45:00,68.28209,59.981796,68.28209,75.02767
2021-09-09 01:00:00,2021-09-09 01:00:00,96.14784,88.43425,96.14784,103.334785
2021-09-09 01:00:00,2021-09-09 01:15:00,109.40207,102.56684,109.40207,116.81384
2021-09-09 01:00:00,2021-09-09 01:30:00,112.30577,104.85281,112.30577,119.297874
2021-09-09 01:00:00,2021-09-09 01:45:00,110.760445,103.36973,110.760445,118.552986
2021-09-09 02:00:00,2021-09-09 02:00:00,108.7672,101.32849,108.7672,116.76198
2021-09-09 02:00:00,2021-09-09 02:15:00,110.21146,102.38475,110.21146,118.52015
2021-09-09 02:00:00,2021-09-09 02:30:00,108.72377,100.11743,108.72377,116.75434
2021-09-09 02:00:00,2021-09-09 02:45:00,107.35695,97.709015,107.35695,116.06713
2021-09-09 03:00:00,2021-09-09 03:00:00,96.53199,88.19112,96.53199,104.39097
2021-09-09 03:00:00,2021-09-09 03:15:00,106.49212,98.67146,106.49212,114.80211
2021-09-09 03:00:00,2021-09-09 03:30:00,109.67714,101.311295,109.67714,117.48087
2021-09-09 03:00:00,2021-09-09 03:45:00,110.40718,101.97425,110.40718,119.1143
2021-09-09 04:00:00,2021-09-09 04:00:00,110.53155,102.69335,110.53155,118.64856
2021-09-09 04:00:00,2021-09-09 04:15:00,110.05625,101.79166,110.05625,118.6712
2021-09-09 04:00:00,2021-09-09 04:30:00,108.81144,99.8931,108.81144,117.4585
2021-09-09 04:00:00,2021-09-09 04:45:00,105.58514,95.84058,105.58514,114.37925
2021-09-09 05:00:00,2021-09-09 05:00:00,84.99719,76.608505,84.99719,93.74743
2021-09-09 05:00:00,2021-09-09 05:15:00,78.90818,69.48543,78.90818,87.293236
2021-09-09 05:00:00,2021-09-09 05:30:00,99.416794,90.09746,99.416794,108.52654
2021-09-09 05:00:00,2021-09-09 05:45:00,109.29722,98.948944,109.29722,118.70451
2021-09-09 06:00:00,2021-09-09 06:00:00,113.36757,103.55879,113.36757,121.89543
2021-09-09 06:00:00,2021-09-09 06:15:00,114.2399,104.186806,114.2399,123.31539
2021-09-09 06:00:00,2021-09-09 06:30:00,113.078674,103.2888,113.078674,122.38197
2021-09-09 06:00:00,2021-09-09 06:45:00,114.80536,104.71536,114.80536,124.3638
2021-09-09 07:00:00,2021-09-09 07:00:00,120.538666,109.97194,120.538666,130.4048
2021-09-09 07:00:00,2021-09-09 07:15:00,131.33253,119.95775,131.33253,141.73865
2021-09-09 07:00:00,2021-09-09 07:30:00,152.11606,139.71503,152.11606,163.4162
2021-09-09 07:00:00,2021-09-09 07:45:00,143.384,130.84438,143.384,155.50871
2021-09-09 08:00:00,2021-09-09 08:00:00,160.21623,148.7533,160.21623,171.83926
2021-09-09 08:00:00,2021-09-09 08:15:00,178.6937,166.45879,178.6937,189.8847
2021-09-09 08:00:00,2021-09-09 08:30:00,179.59586,166.31157,179.59586,190.85928
2021-09-09 08:00:00,2021-09-09 08:45:00,177.75407,164.55795,177.75407,189.44092
2021-09-09 09:00:00,2021-09-09 09:00:00,173.14621,161.53046,173.14621,183.29034
2021-09-09 09:00:00,2021-09-09 09:15:00,176.04922,165.02129,176.04922,186.42148
2021-09-09 09:00:00,2021-09-09 09:30:00,177.67264,165.56053,177.67264,187.96465
2021-09-09 09:00:00,2021-09-09 09:45:00,178.43463,166.77902,178.43463,188.94534
2021-09-09 10:00:00,2021-09-09 10:00:00,147.89319,134.86383,147.89319,160.2873
2021-09-09 10:00:00,2021-09-09 10:15:00,171.80637,159.38712,171.80637,182.89203
2021-09-09 10:00:00,2021-09-09 10:30:00,172.93413,159.33807,172.93413,184.01135
2021-09-09 10:00:00,2021-09-09 10:45:00,174.44302,162.06212,174.44302,185.43927
2021-09-09 11:00:00,2021-09-09 11:00:00,172.11671,161.49222,172.11671,182.96545
2021-09-09 11:00:00,2021-09-09 11:15:00,172.79065,160.78488,172.79065,184.8123
2021-09-09 11:00:00,2021-09-09 11:30:00,172.27051,158.39426,172.27051,184.53021
2021-09-09 11:00:00,2021-09-09 11:45:00,169.4089,153.96771,169.4089,183.3146
2021-09-09 12:00:00,2021-09-09 12:00:00,113.31445,100.06589,113.31445,126.31825
2021-09-09 12:00:00,2021-09-09 12:15:00,93.42605,80.29131,93.42605,105.75798
2021-09-09 12:00:00,2021-09-09 12:30:00,91.95428,77.56999,91.95428,105.34829
2021-09-09 12:00:00,2021-09-09 12:45:00,126.42191,110.59779,126.42191,140.8854
2021-09-09 13:00:00,2021-09-09 13:00:00,171.05313,158.56433,171.05313,182.96164
2021-09-09 13:00:00,2021-09-09 13:15:00,173.17142,160.8986,173.17142,184.71173
2021-09-09 13:00:00,2021-09-09 13:30:00,172.46085,159.51808,172.46085,183.84657
2021-09-09 13:00:00,2021-09-09 13:45:00,172.13899,159.81775,172.13899,183.82288
2021-09-09 14:00:00,2021-09-09 14:00:00,172.83379,161.86917,172.83379,182.94879
2021-09-09 14:00:00,2021-09-09 14:15:00,171.38345,160.13403,171.38345,181.59273
2021-09-09 14:00:00,2021-09-09 14:30:00,174.36272,162.53958,174.36272,184.84705
2021-09-09 14:00:00,2021-09-09 14:45:00,173.92181,162.59259,173.92181,184.62033
2021-09-09 15:00:00,2021-09-09 15:00:00,137.36755,126.25747,137.36755,149.21902
2021-09-09 15:00:00,2021-09-09 15:15:00,168.05313,156.29439,168.05313,179.19324
2021-09-09 15:00:00,2021-09-09 15:30:00,170.4798,158.30052,170.4798,181.12564
2021-09-09 15:00:00,2021-09-09 15:45:00,167.28146,155.85722,167.28146,177.55191
2021-09-09 16:00:00,2021-09-09 16:00:00,173.10278,162.71396,173.10278,183.16135
2021-09-09 16:00:00,2021-09-09 16:15:00,165.9602,154.9465,165.9602,176.6634
2021-09-09 16:00:00,2021-09-09 16:30:00,163.07452,151.05289,163.07452,173.59775
2021-09-09 16:00:00,2021-09-09 16:45:00,159.56497,147.58078,159.56497,170.96564
2021-09-09 17:00:00,2021-09-09 17:00:00,131.14119,120.23707,131.14119,142.3252
2021-09-09 17:00:00,2021-09-09 17:15:00,116.08951,104.47616,116.08951,127.291245
2021-09-09 17:00:00,2021-09-09 17:30:00,157.97408,145.87926,157.97408,168.23285
2021-09-09 17:00:00,2021-09-09 17:45:00,164.37231,153.72517,164.37231,174.1702
2021-09-09 18:00:00,2021-09-09 18:00:00,160.95302,151.36723,160.95302,170.52579
2021-09-09 18:00:00,2021-09-09 18:15:00,156.47824,145.82529,156.47824,166.54593
2021-09-09 18:00:00,2021-09-09 18:30:00,153.58133,142.04108,153.58133,163.75876
2021-09-09 18:00:00,2021-09-09 18:45:00,154.39507,143.54092,154.39507,165.06279
2021-09-09 19:00:00,2021-09-09 19:00:00,157.23657,147.68114,157.23657,166.58798
2021-09-09 19:00:00,2021-09-09 19:15:00,146.76234,136.2231,146.76234,156.57393
2021-09-09 19:00:00,2021-09-09 19:30:00,145.7136,134.62534,145.7136,155.69199
2021-09-09 19:00:00,2021-09-09 19:45:00,123.94948,112.717865,123.94948,135.9067
2021-09-09 20:00:00,2021-09-09 20:00:00,111.3255,103.0642,111.3255,119.86201
2021-09-09 20:00:00,2021-09-09 20:15:00,120.049904,111.92511,120.049904,128.3411
2021-09-09 20:00:00,2021-09-09 20:30:00,121.90979,113.20493,121.90979,130.53569
2021-09-09 20:00:00,2021-09-09 20:45:00,119.86067,111.323044,119.86067,128.87103
2021-09-09 21:00:00,2021-09-09 21:00:00,127.101074,119.25434,127.101074,134.47162
2021-09-09 21:00:00,2021-09-09 21:15:00,127.15248,119.34138,127.15248,134.31505
2021-09-09 21:00:00,2021-09-09 21:30:00,122.64765,114.80263,122.64765,130.09169
2021-09-09 21:00:00,2021-09-09 21:45:00,120.27564,112.23111,120.27564,128.0465
2021-09-09 22:00:00,2021-09-09 22:00:00,105.14227,97.381966,105.14227,113.02568
2021-09-09 22:00:00,2021-09-09 22:15:00,115.8869,108.13489,115.8869,123.347694
2021-09-09 22:00:00,2021-09-09 22:30:00,114.918755,106.89735,114.918755,122.49588
2021-09-09 22:00:00,2021-09-09 22:45:00,114.52645,106.66245,114.52645,122.79385
2021-09-09 23:00:00,2021-09-09 23:00:00,103.90062,97.150314,103.90062,111.923195
2021-09-09 23:00:00,2021-09-09 23:15:00,111.57672,103.83466,111.57672,119.94164
2021-09-09 23:00:00,2021-09-09 23:30:00,108.491806,99.93333,108.491806,117.25577
2021-09-09 23:00:00,2021-09-09 23:45:00,86.44414,77.60952,86.44414,95.12554
2021-09-10 00:00:00,2021-09-10 00:00:00,77.31597,69.889275,77.31597,84.69085
2021-09-10 00:00:00,2021-09-10 00:15:00,74.0511,66.48683,74.0511,81.37114
2021-09-10 00:00:00,2021-09-10 00:30:00,71.4359,63.899155,71.4359,78.80979
2021-09-10 00:00:00,2021-09-10 00:45:00,70.316345,62.457508,70.316345,77.449745
2021-09-10 01:00:00,2021-09-10 01:00:00,96.50144,88.18672,96.50144,104.10465
2021-09-10 01:00:00,2021-09-10 01:15:00,107.70462,99.78592,107.70462,116.01118
2021-09-10 01:00:00,2021-09-10 01:30:00,109.448204,101.25362,109.448204,117.46137
2021-09-10 01:00:00,2021-09-10 01:45:00,109.28616,100.87222,109.28616,117.66355
2021-09-10 02:00:00,2021-09-10 02:00:00,111.65832,104.37202,111.65832,119.43446
2021-09-10 02:00:00,2021-09-10 02:15:00,112.56684,105.41243,112.56684,120.34051
2021-09-10 02:00:00,2021-09-10 02:30:00,111.29251,103.363205,111.29251,118.57323
2021-09-10 02:00:00,2021-09-10 02:45:00,109.59118,101.162125,109.59118,117.53881
2021-09-10 03:00:00,2021-09-10 03:00:00,94.45294,85.98718,94.45294,102.41076
2021-09-10 03:00:00,2021-09-10 03:15:00,105.289444,97.233154,105.289444,114.09985
2021-09-10 03:00:00,2021-09-10 03:30:00,109.329834,100.88281,109.329834,117.38533
2021-09-10 03:00:00,2021-09-10 03:45:00,109.58741,101.2532,109.58741,118.57014
2021-09-10 04:00:00,2021-09-10 04:00:00,109.43351,101.96007,109.43351,117.27196
2021-09-10 04:00:00,2021-09-10 04:15:00,108.66703,100.87511,108.66703,116.973076
2021-09-10 04:00:00,2021-09-10 04:30:00,107.90324,99.64248,107.90324,116.12032
2021-09-10 04:00:00,2021-09-10 04:45:00,104.760056,96.02998,104.760056,113.00738
2021-09-10 05:00:00,2021-09-10 05:00:00,82.84759,74.789154,82.84759,91.157524
2021-09-10 05:00:00,2021-09-10 05:15:00,77.53634,68.67337,77.53634,85.68846
2021-09-10 05:00:00,2021-09-10 05:30:00,99.767166,91.016266,99.767166,108.602715
2021-09-10 05:00:00,2021-09-10 05:45:00,108.46272,99.086845,108.46272,117.428246
2021-09-10 06:00:00,2021-09-10 06:00:00,111.51172,102.329735,111.51172,119.56011
2021-09-10 06:00:00,2021-09-10 06:15:00,112.43246,103.23193,112.43246,121.07956
2021-09-10 06:00:00,2021-09-10 06:30:00,112.04906,103.115395,112.04906,120.84205
2021-09-10 06:00:00,2021-09-10 06:45:00,113.225716,104.09053,113.225716,122.186134
2021-09-10 07:00:00,2021-09-10 07:00:00,115.39661,105.81288,115.39661,123.86299
2021-09-10 07:00:00,2021-09-10 07:15:00,127.20352,117.33371,127.20352,136.34201
2021-09-10 07:00:00,2021-09-10 07:30:00,145.17627,134.37337,145.17627,155.18845
2021-09-10 07:00:00,2021-09-10 07:45:00,140.97716,130.31696,140.97716,150.98654
2021-09-10 08:00:00,2021-09-10 08:00:00,155.01219,143.86691,155.01219,167.06096
2021-09-10 08:00:00,2021-09-10 08:15:00,173.62125,161.3518,173.62125,184.77155
2021-09-10 08:00:00,2021-09-10 08:30:00,176.54651,163.63336,176.54651,187.92723
2021-09-10 08:00:00,2021-09-10 08:45:00,176.87442,164.55576,176.87442,188.5378
2021-09-10 09:00:00,2021-09-10 09:00:00,176.36606,164.5813,176.36606,188.48297
2021-09-10 09:00:00,2021-09-10 09:15:00,176.02075,164.35458,176.02075,188.21622
2021-09-10 09:00:00,2021-09-10 09:30:00,175.42264,162.5863,175.42264,187.33218
2021-09-10 09:00:00,2021-09-10 09:45:00,176.61899,164.62845,176.61899,188.46277
2021-09-10 10:00:00,2021-09-10 10:00:00,163.08392,148.8928,163.08392,176.59805
2021-09-10 10:00:00,2021-09-10 10:15:00,178.14441,165.00806,178.14441,191.93924
2021-09-10 10:00:00,2021-09-10 10:30:00,175.73752,161.53792,175.73752,188.67961
2021-09-10 10:00:00,2021-09-10 10:45:00,177.65544,164.4078,177.65544,190.41519
2021-09-10 11:00:00,2021-09-10 11:00:00,171.69376,160.33833,171.69376,183.83798
2021-09-10 11:00:00,2021-09-10 11:15:00,171.79509,159.7093,171.79509,184.43813
2021-09-10 11:00:00,2021-09-10 11:30:00,175.2615,162.70128,175.2615,187.60979
2021-09-10 11:00:00,2021-09-10 11:45:00,172.93747,159.62814,172.93747,186.29422
2021-09-10 12:00:00,2021-09-10 12:00:00,121.235634,110.2525,121.235634,133.0974
2021-09-10 12:00:00,2021-09-10 12:15:00,98.07645,87.12374,98.07645,109.24406
2021-09-10 12:00:00,2021-09-10 12:30:00,97.628365,85.24223,97.628365,109.07623
2021-09-10 12:00:00,2021-09-10 12:45:00,130.69862,117.76985,130.69862,143.38232
2021-09-10 13:00:00,2021-09-10 13:00:00,164.60504,153.65952,164.60504,175.73378
2021-09-10 13:00:00,2021-09-10 13:15:00,170.11768,158.46783,170.11768,180.99161
2021-09-10 13:00:00,2021-09-10 13:30:00,171.59836,159.09384,171.59836,182.88148
2021-09-10 13:00:00,2021-09-10 13:45:00,172.2095,160.39748,172.2095,184.17166
2021-09-10 14:00:00,2021-09-10 14:00:00,181.1997,170.12639,181.1997,192.25323
2021-09-10 14:00:00,2021-09-10 14:15:00,178.06268,166.59396,178.06268,189.12552
2021-09-10 14:00:00,2021-09-10 14:30:00,179.319,167.27734,179.319,190.32774
2021-09-10 14:00:00,2021-09-10 14:45:00,177.9129,166.29474,177.9129,189.25858
2021-09-10 15:00:00,2021-09-10 15:00:00,143.32085,132.00021,143.32085,155.56908
2021-09-10 15:00:00,2021-09-10 15:15:00,169.3906,157.27817,169.3906,181.18231
2021-09-10 15:00:00,2021-09-10 15:30:00,173.18694,160.6738,173.18694,184.6217
2021-09-10 15:00:00,2021-09-10 15:45:00,170.65779,158.92001,170.65779,181.75388
2021-09-10 16:00:00,2021-09-10 16:00:00,168.0262,157.11508,168.0262,178.76721
2021-09-10 16:00:00,2021-09-10 16:15:00,161.73239,150.24661,161.73239,172.73877
2021-09-10 16:00:00,2021-09-10 16:30:00,159.92987,147.78983,159.92987,170.80081
2021-09-10 16:00:00,2021-09-10 16:45:00,158.20393,146.39796,158.20393,169.9286
2021-09-10 17:00:00,2021-09-10 17:00:00,130.31647,119.96469,130.31647,141.42265
2021-09-10 17:00:00,2021-09-10 17:15:00,112.99091,101.95911,112.99091,124.23181
2021-09-10 17:00:00,2021-09-10 17:30:00,153.6441,141.65532,153.6441,164.23645
2021-09-10 17:00:00,2021-09-10 17:45:00,162.50078,152.08958,162.50078,172.68007
2021-09-10 18:00:00,2021-09-10 18:00:00,155.56882,145.92172,155.56882,165.57426
2021-09-10 18:00:00,2021-09-10 18:15:00,151.29227,140.69844,151.29227,161.37953
2021-09-10 18:00:00,2021-09-10 18:30:00,150.26091,139.05978,150.26091,160.56766
2021-09-10 18:00:00,2021-09-10 18:45:00,151.48724,141.00601,151.48724,162.31636
2021-09-10 19:00:00,2021-09-10 19:00:00,155.25586,145.72281,155.25586,164.77794
2021-09-10 19:00:00,2021-09-10 19:15:00,142.5122,131.95381,142.5122,152.22778
2021-09-10 19:00:00,2021-09-10 19:30:00,144.47798,133.52663,144.47798,154.53993
2021-09-10 19:00:00,2021-09-10 19:45:00,123.3216,112.37732,123.3216,135.1154
2021-09-10 20:00:00,2021-09-10 20:00:00,113.20653,105.29491,113.20653,121.49892
2021-09-10 20:00:00,2021-09-10 20:15:00,120.441574,112.49426,120.441574,128.58571
2021-09-10 20:00:00,2021-09-10 20:30:00,119.55741,111.01004,119.55741,127.79331
2021-09-10 20:00:00,2021-09-10 20:45:00,118.70097,110.17974,118.70097,127.466034
2021-09-10 21:00:00,2021-09-10 21:00:00,117.88687,110.81521,117.88687,125.54501
2021-09-10 21:00:00,2021-09-10 21:15:00,117.508255,110.00678,117.508255,124.71815
2021-09-10 21:00:00,2021-09-10 21:30:00,115.74723,108.1849,115.74723,122.938416
2021-09-10 21:00:00,2021-09-10 21:45:00,113.2056,105.38592,113.2056,121.29389
2021-09-10 22:00:00,2021-09-10 22:00:00,95.69061,87.73541,95.69061,104.01566
2021-09-10 22:00:00,2021-09-10 22:15:00,107.777336,100.43004,107.777336,116.17782
2021-09-10 22:00:00,2021-09-10 22:30:00,108.405914,100.04047,108.405914,116.323814
2021-09-10 22:00:00,2021-09-10 22:45:00,108.91844,100.78301,108.91844,117.737526
2021-09-10 23:00:00,2021-09-10 23:00:00,105.535706,99.064,105.535706,112.65735
2021-09-10 23:00:00,2021-09-10 23:15:00,109.723785,102.566086,109.723785,117.10585
2021-09-10 23:00:00,2021-09-10 23:30:00,105.79619,98.015236,105.79619,113.41221
2021-09-10 23:00:00,2021-09-10 23:45:00,84.31299,76.20595,84.31299,92.17774
2021-09-11 00:00:00,2021-09-11 00:00:00,67.52812,60.09111,67.52812,74.76536
2021-09-11 00:00:00,2021-09-11 00:15:00,66.324554,58.59766,66.324554,74.131546
2021-09-11 00:00:00,2021-09-11 00:30:00,64.11481,56.559174,64.11481,71.62865
2021-09-11 00:00:00,2021-09-11 00:45:00,63.593987,55.219685,63.593987,70.45092
2021-09-11 01:00:00,2021-09-11 01:00:00,88.527466,79.43056,88.527466,97.03852
2021-09-11 01:00:00,2021-09-11 01:15:00,103.71919,94.93879,103.71919,112.52156
2021-09-11 01:00:00,2021-09-11 01:30:00,105.60824,96.85396,105.60824,113.95785
2021-09-11 01:00:00,2021-09-11 01:45:00,104.890884,96.36138,104.890884,113.21464
2021-09-11 02:00:00,2021-09-11 02:00:00,107.3484,100.040184,107.3484,115.32714
2021-09-11 02:00:00,2021-09-11 02:15:00,107.97293,100.61804,107.97293,116.02294
2021-09-11 02:00:00,2021-09-11 02:30:00,106.54941,98.473564,106.54941,114.394165
2021-09-11 02:00:00,2021-09-11 02:45:00,103.50556,94.914276,103.50556,111.218666
2021-09-11 03:00:00,2021-09-11 03:00:00,87.441666,79.3891,87.441666,95.21946
2021-09-11 03:00:00,2021-09-11 03:15:00,99.39087,91.58276,99.39087,108.23725
2021-09-11 03:00:00,2021-09-11 03:30:00,100.388214,91.75709,100.388214,108.81859
2021-09-11 03:00:00,2021-09-11 03:45:00,100.548615,92.07132,100.548615,108.83521
2021-09-11 04:00:00,2021-09-11 04:00:00,103.19612,95.67803,103.19612,112.16299
2021-09-11 04:00:00,2021-09-11 04:15:00,104.383446,96.66304,104.383446,113.53049
2021-09-11 04:00:00,2021-09-11 04:30:00,103.24434,94.45596,103.24434,112.467224
2021-09-11 04:00:00,2021-09-11 04:45:00,99.73017,90.68856,99.73017,109.83287
2021-09-11 05:00:00,2021-09-11 05:00:00,71.35885,60.46488,71.35885,82.11263
2021-09-11 05:00:00,2021-09-11 05:15:00,70.63671,57.885544,70.63671,81.3122
2021-09-11 05:00:00,2021-09-11 05:30:00,89.66492,78.98758,89.66492,100.78519
2021-09-11 05:00:00,2021-09-11 05:45:00,100.27095,88.736885,100.27095,110.67197
2021-09-11 06:00:00,2021-09-11 06:00:00,104.22624,95.77461,104.22624,113.55455
2021-09-11 06:00:00,2021-09-11 06:15:00,105.52246,96.68468,105.52246,114.61221
2021-09-11 06:00:00,2021-09-11 06:30:00,102.690994,93.69983,102.690994,111.88578
2021-09-11 06:00:00,2021-09-11 06:45:00,100.20943,90.76215,100.20943,110.009186
2021-09-11 07:00:00,2021-09-11 07:00:00,77.06756,62.923603,77.06756,88.528366
2021-09-11 07:00:00,2021-09-11 07:15:00,65.7452,50.476646,65.7452,79.83577
2021-09-11 07:00:00,2021-09-11 07:30:00,41.81105,29.142845,41.81105,55.00718
2021-09-11 07:00:00,2021-09-11 07:45:00,29.937798,21.113373,29.937798,41.17917
2021-09-11 08:00:00,2021-09-11 08:00:00,25.034294,21.018082,25.034294,28.942833
2021-09-11 08:00:00,2021-09-11 08:15:00,24.996819,21.148445,24.996819,28.7705
2021-09-11 08:00:00,2021-09-11 08:30:00,25.293503,21.437477,25.293503,28.756783
2021-09-11 08:00:00,2021-09-11 08:45:00,24.93068,21.498428,24.93068,28.979073
2021-09-11 09:00:00,2021-09-11 09:00:00,24.250687,20.948204,24.250687,27.266663
2021-09-11 09:00:00,2021-09-11 09:15:00,24.244072,21.116081,24.244072,27.224602
2021-09-11 09:00:00,2021-09-11 09:30:00,24.320679,21.234161,24.320679,26.840897
2021-09-11 09:00:00,2021-09-11 09:45:00,23.902931,21.206894,23.902931,27.05555
2021-09-11 10:00:00,2021-09-11 10:00:00,24.55764,21.770287,24.55764,27.175774
2021-09-11 10:00:00,2021-09-11 10:15:00,24.644455,21.9935,24.644455,27.379852
2021-09-11 10:00:00,2021-09-11 10:30:00,24.799622,22.04573,24.799622,27.173882
2021-09-11 10:00:00,2021-09-11 10:45:00,24.278732,22.108727,24.278732,27.214638
2021-09-11 11:00:00,2021-09-11 11:00:00,24.527794,22.009033,24.527794,27.027245
2021-09-11 11:00:00,2021-09-11 11:15:00,24.458633,22.072144,24.458633,26.961807
2021-09-11 11:00:00,2021-09-11 11:30:00,24.261055,21.779709,24.261055,26.419106
2021-09-11 11:00:00,2021-09-11 11:45:00,23.65876,21.811516,23.65876,26.331337
2021-09-11 12:00:00,2021-09-11 12:00:00,24.370125,21.634506,24.370125,26.955956
2021-09-11 12:00:00,2021-09-11 12:15:00,24.32743,21.741013,24.32743,26.863045
2021-09-11 12:00:00,2021-09-11 12:30:00,24.21537,21.661758,24.21537,26.34658
2021-09-11 12:00:00,2021-09-11 12:45:00,23.796654,21.680412,23.796654,26.51529
2021-09-11 13:00:00,2021-09-11 13:00:00,25.899307,22.737053,25.899307,28.970818
2021-09-11 13:00:00,2021-09-11 13:15:00,25.746841,22.615715,25.746841,28.988495
2021-09-11 13:00:00,2021-09-11 13:30:00,25.850067,22.688484,25.850067,28.69394
2021-09-11 13:00:00,2021-09-11 13:45:00,25.50531,23.07006,25.50531,29.049553
2021-09-11 14:00:00,2021-09-11 14:00:00,24.964241,22.340973,24.964241,27.593864
2021-09-11 14:00:00,2021-09-11 14:15:00,24.888786,22.352417,24.888786,27.398773
2021-09-11 14:00:00,2021-09-11 14:30:00,24.75322,22.152443,24.75322,26.85051
2021-09-11 14:00:00,2021-09-11 14:45:00,24.27597,22.330994,24.27597,26.934105
2021-09-11 15:00:00,2021-09-11 15:00:00,25.013931,22.899124,25.013931,26.945389
2021-09-11 15:00:00,2021-09-11 15:15:00,24.92099,22.873344,24.92099,26.938637
2021-09-11 15:00:00,2021-09-11 15:30:00,24.932663,22.765076,24.932663,26.59996
2021-09-11 15:00:00,2021-09-11 15:45:00,24.46991,23.025421,24.46991,26.762863
2021-09-11 16:00:00,2021-09-11 16:00:00,24.956955,22.57605,24.956955,27.381195
2021-09-11 16:00:00,2021-09-11 16:15:00,24.969574,22.624786,24.969574,27.363022
2021-09-11 16:00:00,2021-09-11 16:30:00,24.933273,22.46405,24.933273,27.060806
2021-09-11 16:00:00,2021-09-11 16:45:00,24.473701,22.71357,24.473701,27.227875
2021-09-11 17:00:00,2021-09-11 17:00:00,24.2275,22.194046,24.2275,26.326996
2021-09-11 17:00:00,2021-09-11 17:15:00,24.095436,22.143875,24.095436,26.01152
2021-09-11 17:00:00,2021-09-11 17:30:00,24.025917,21.910248,24.025917,25.615532
2021-09-11 17:00:00,2021-09-11 17:45:00,23.467644,22.042183,23.467644,25.637383
2021-09-11 18:00:00,2021-09-11 18:00:00,24.2659,22.41684,24.2659,26.097382
2021-09-11 18:00:00,2021-09-11 18:15:00,24.069664,22.386917,24.069664,25.660316
2021-09-11 18:00:00,2021-09-11 18:30:00,23.889046,21.999962,23.889046,25.177612
2021-09-11 18:00:00,2021-09-11 18:45:00,23.273148,22.042778,23.273148,25.163147
2021-09-11 19:00:00,2021-09-11 19:00:00,24.594284,22.782791,24.594284,26.20971
2021-09-11 19:00:00,2021-09-11 19:15:00,24.501877,22.936401,24.501877,25.931923
2021-09-11 19:00:00,2021-09-11 19:30:00,24.372246,22.588638,24.372246,25.520058
2021-09-11 19:00:00,2021-09-11 19:45:00,23.83532,22.713821,23.83532,25.536034
2021-09-11 20:00:00,2021-09-11 20:00:00,25.065666,23.123123,25.065666,27.000732
2021-09-11 20:00:00,2021-09-11 20:15:00,24.98236,23.216812,24.98236,26.777779
2021-09-11 20:00:00,2021-09-11 20:30:00,24.903503,22.906158,24.903503,26.367874
2021-09-11 20:00:00,2021-09-11 20:45:00,24.33197,22.950966,24.33197,26.397522
2021-09-11 21:00:00,2021-09-11 21:00:00,24.169731,22.33786,24.169731,25.91172
2021-09-11 21:00:00,2021-09-11 21:15:00,24.084091,22.436707,24.084091,25.653336
2021-09-11 21:00:00,2021-09-11 21:30:00,24.00206,22.112915,24.00206,25.257622
2021-09-11 21:00:00,2021-09-11 21:45:00,23.389404,22.15976,23.389404,25.258247
2021-09-11 22:00:00,2021-09-11 22:00:00,24.264023,22.536133,24.264023,25.762947
2021-09-11 22:00:00,2021-09-11 22:15:00,24.20845,22.694374,24.20845,25.591805
2021-09-11 22:00:00,2021-09-11 22:30:00,24.16417,22.319672,24.16417,25.274109
2021-09-11 22:00:00,2021-09-11 22:45:00,23.590721,22.532646,23.590721,25.305809
2021-09-11 23:00:00,2021-09-11 23:00:00,24.506874,22.85028,24.506874,26.032295
2021-09-11 23:00:00,2021-09-11 23:15:00,24.484818,23.054932,24.484818,25.865074
2021-09-11 23:00:00,2021-09-11 23:30:00,24.385574,22.677124,24.385574,25.53164
2021-09-11 23:00:00,2021-09-11 23:45:00,23.828705,22.839485,23.828705,25.50412
2021-09-12 00:00:00,2021-09-12 00:00:00,24.202583,22.28096,24.202583,25.818611
2021-09-12 00:00:00,2021-09-12 00:15:00,24.193298,22.597298,24.193298,25.620392
2021-09-12 00:00:00,2021-09-12 00:30:00,24.192886,22.318405,24.192886,25.313545
2021-09-12 00:00:00,2021-09-12 00:45:00,23.63205,22.489594,23.63205,25.417702
2021-09-12 01:00:00,2021-09-12 01:00:00,23.91513,22.013863,23.91513,25.485458
2021-09-12 01:00:00,2021-09-12 01:15:00,23.938728,22.320366,23.938728,25.403305
2021-09-12 01:00:00,2021-09-12 01:30:00,23.854439,21.995094,23.854439,25.050827
2021-09-12 01:00:00,2021-09-12 01:45:00,23.291313,22.11267,23.291313,25.120552
2021-09-12 02:00:00,2021-09-12 02:00:00,24.13684,22.353218,24.13684,25.620071
2021-09-12 02:00:00,2021-09-12 02:15:00,24.115211,22.592918,24.115211,25.432571
2021-09-12 02:00:00,2021-09-12 02:30:00,24.009308,22.213478,24.009308,25.03077
2021-09-12 02:00:00,2021-09-12 02:45:00,23.429749,22.337936,23.429749,25.104492
2021-09-12 03:00:00,2021-09-12 03:00:00,24.57586,22.862648,24.57586,25.994781
2021-09-12 03:00:00,2021-09-12 03:15:00,24.568466,23.090614,24.568466,25.873238
2021-09-12 03:00:00,2021-09-12 03:30:00,24.503166,22.748596,24.503166,25.545593
2021-09-12 03:00:00,2021-09-12 03:45:00,23.959007,22.92553,23.959007,25.580627
2021-09-12 04:00:00,2021-09-12 04:00:00,24.068336,22.295792,24.068336,25.659637
2021-09-12 04:00:00,2021-09-12 04:15:00,24.07444,22.47136,24.07444,25.551208
2021-09-12 04:00:00,2021-09-12 04:30:00,23.980751,22.075455,23.980751,25.168777
2021-09-12 04:00:00,2021-09-12 04:45:00,23.36316,22.192673,23.36316,25.145515
2021-09-12 05:00:00,2021-09-12 05:00:00,23.642487,21.866806,23.642487,25.094246
2021-09-12 05:00:00,2021-09-12 05:15:00,23.572525,22.0318,23.572525,24.98307
2021-09-12 05:00:00,2021-09-12 05:30:00,23.668411,21.799652,23.668411,24.803986
2021-09-12 05:00:00,2021-09-12 05:45:00,23.137573,22.039108,23.137573,24.916306
2021-09-12 06:00:00,2021-09-12 06:00:00,23.739311,22.05355,23.739311,25.192162
2021-09-12 06:00:00,2021-09-12 06:15:00,23.768173,22.30909,23.768173,25.084984
2021-09-12 06:00:00,2021-09-12 06:30:00,23.692116,21.942513,23.692116,24.716072
2021-09-12 06:00:00,2021-09-12 06:45:00,23.159904,22.136353,23.159904,24.81031
2021-09-12 07:00:00,2021-09-12 07:00:00,24.037598,22.375633,24.037598,25.400284
2021-09-12 07:00:00,2021-09-12 07:15:00,24.088509,22.60395,24.088509,25.379105
2021-09-12 07:00:00,2021-09-12 07:30:00,24.003296,22.327957,24.003296,25.056664
2021-09-12 07:00:00,2021-09-12 07:45:00,23.498215,22.496025,23.498215,25.062042
2021-09-12 08:00:00,2021-09-12 08:00:00,23.965462,22.12362,23.965462,25.626831
2021-09-12 08:00:00,2021-09-12 08:15:00,23.997856,22.337074,23.997856,25.555122
2021-09-12 08:00:00,2021-09-12 08:30:00,23.883461,22.01934,23.883461,25.159706
2021-09-12 08:00:00,2021-09-12 08:45:00,23.334877,22.135544,23.334877,25.20697
2021-09-12 09:00:00,2021-09-12 09:00:00,23.938751,22.2062,23.938751,25.56015
2021-09-12 09:00:00,2021-09-12 09:15:00,23.948105,22.335953,23.948105,25.414566
2021-09-12 09:00:00,2021-09-12 09:30:00,23.903069,22.062881,23.903069,25.087433
2021-09-12 09:00:00,2021-09-12 09:45:00,23.364922,22.155128,23.364922,25.173927
2021-09-12 10:00:00,2021-09-12 10:00:00,24.058578,22.295792,24.058578,25.523682
2021-09-12 10:00:00,2021-09-12 10:15:00,24.129753,22.49739,24.129753,25.578384
2021-09-12 10:00:00,2021-09-12 10:30:00,24.084824,22.243202,24.084824,25.27166
2021-09-12 10:00:00,2021-09-12 10:45:00,23.5904,22.43332,23.5904,25.353806
2021-09-12 11:00:00,2021-09-12 11:00:00,24.380035,22.690826,24.380035,25.889946
2021-09-12 11:00:00,2021-09-12 11:15:00,24.381973,22.873634,24.381973,25.745522
2021-09-12 11:00:00,2021-09-12 11:30:00,24.202812,22.502335,24.202812,25.328537
2021-09-12 11:00:00,2021-09-12 11:45:00,23.663216,22.61737,23.663216,25.265518
2021-09-12 12:00:00,2021-09-12 12:00:00,23.505188,21.684906,23.505188,25.122917
2021-09-12 12:00:00,2021-09-12 12:15:00,23.528305,21.900002,23.528305,25.003853
2021-09-12 12:00:00,2021-09-12 12:30:00,23.444344,21.579361,23.444344,24.605804
2021-09-12 12:00:00,2021-09-12 12:45:00,22.874802,21.658615,22.874802,24.671158
2021-09-12 13:00:00,2021-09-12 13:00:00,23.899666,22.067993,23.899666,25.549026
2021-09-12 13:00:00,2021-09-12 13:15:00,23.922073,22.254272,23.922073,25.46112
2021-09-12 13:00:00,2021-09-12 13:30:00,23.835457,21.987968,23.835457,25.088203
2021-09-12 13:00:00,2021-09-12 13:45:00,23.316269,22.08612,23.316269,25.172379
2021-09-12 14:00:00,2021-09-12 14:00:00,24.041275,22.26648,24.041275,25.617615
2021-09-12 14:00:00,2021-09-12 14:15:00,24.038918,22.461967,24.038918,25.491096
2021-09-12 14:00:00,2021-09-12 14:30:00,23.909172,22.127174,23.909172,25.056877
2021-09-12 14:00:00,2021-09-12 14:45:00,23.343216,22.232079,23.343216,25.115585
2021-09-12 15:00:00,2021-09-12 15:00:00,28.76268,24.799332,28.76268,32.939857
2021-09-12 15:00:00,2021-09-12 15:15:00,28.96978,24.765953,28.96978,33.542442
2021-09-12 15:00:00,2021-09-12 15:30:00,29.543442,24.90149,29.543442,34.34424
2021-09-12 15:00:00,2021-09-12 15:45:00,29.254936,24.87696,29.254936,34.80728
2021-09-12 16:00:00,2021-09-12 16:00:00,24.44101,22.101685,24.44101,26.96151
2021-09-12 16:00:00,2021-09-12 16:15:00,24.593689,22.30323,24.593689,27.071693
2021-09-12 16:00:00,2021-09-12 16:30:00,24.578041,22.065178,24.578041,26.857773
2021-09-12 16:00:00,2021-09-12 16:45:00,24.123093,22.273003,24.123093,26.96714
2021-09-12 17:00:00,2021-09-12 17:00:00,24.192818,22.373833,24.192818,25.802155
2021-09-12 17:00:00,2021-09-12 17:15:00,24.156906,22.595245,24.156906,25.625854
2021-09-12 17:00:00,2021-09-12 17:30:00,24.22548,22.395462,24.22548,25.426155
2021-09-12 17:00:00,2021-09-12 17:45:00,23.764755,22.599808,23.764755,25.578072
2021-09-12 18:00:00,2021-09-12 18:00:00,24.363129,22.620056,24.363129,25.927689
2021-09-12 18:00:00,2021-09-12 18:15:00,24.376488,22.911354,24.376488,25.708305
2021-09-12 18:00:00,2021-09-12 18:30:00,24.22734,22.523903,24.22734,25.289978
2021-09-12 18:00:00,2021-09-12 18:45:00,23.702133,22.617294,23.702133,25.36509
2021-09-12 19:00:00,2021-09-12 19:00:00,24.905022,23.07586,24.905022,26.820877
2021-09-12 19:00:00,2021-09-12 19:15:00,24.942268,23.342636,24.942268,26.66304
2021-09-12 19:00:00,2021-09-12 19:30:00,24.765305,22.95288,24.765305,26.244713
2021-09-12 19:00:00,2021-09-12 19:45:00,24.142471,22.990501,24.142471,26.117516
2021-09-12 20:00:00,2021-09-12 20:00:00,24.379974,22.500923,24.379974,26.116043
2021-09-12 20:00:00,2021-09-12 20:15:00,24.383179,22.78881,24.383179,25.895355
2021-09-12 20:00:00,2021-09-12 20:30:00,24.268143,22.424484,24.268143,25.497017
2021-09-12 20:00:00,2021-09-12 20:45:00,23.736267,22.49202,23.736267,25.613548
2021-09-12 21:00:00,2021-09-12 21:00:00,23.71637,21.947525,23.71637,25.374207
2021-09-12 21:00:00,2021-09-12 21:15:00,23.704788,22.28653,23.704788,25.084137
2021-09-12 21:00:00,2021-09-12 21:30:00,23.7155,21.946365,23.7155,24.743263
2021-09-12 21:00:00,2021-09-12 21:45:00,23.183517,22.061615,23.183517,24.970161
2021-09-12 22:00:00,2021-09-12 22:00:00,27.059341,24.124474,27.059341,32.415398
2021-09-12 22:00:00,2021-09-12 22:15:00,27.234291,24.227432,27.234291,32.727707
2021-09-12 22:00:00,2021-09-12 22:30:00,27.243904,23.892502,27.243904,32.83663
2021-09-12 22:00:00,2021-09-12 22:45:00,26.636917,23.737724,26.636917,33.383507
2021-09-12 23:00:00,2021-09-12 23:00:00,24.655647,23.069656,24.655647,26.317032
2021-09-12 23:00:00,2021-09-12 23:15:00,24.762619,23.409225,24.762619,26.230469
2021-09-12 23:00:00,2021-09-12 23:30:00,24.640709,22.824837,24.640709,25.819794
2021-09-12 23:00:00,2021-09-12 23:45:00,23.976967,22.804497,23.976967,25.817444
2021-09-13 00:00:00,2021-09-13 00:00:00,23.617554,21.597908,23.617554,25.257927
2021-09-13 00:00:00,2021-09-13 00:15:00,23.688301,22.019997,23.688301,25.06659
2021-09-13 00:00:00,2021-09-13 00:30:00,23.60884,21.736176,23.60884,24.656876
2021-09-13 00:00:00,2021-09-13 00:45:00,23.029213,21.75579,23.029213,24.760597
2021-09-13 01:00:00,2021-09-13 01:00:00,23.56955,21.77758,23.56955,25.106972
2021-09-13 01:00:00,2021-09-13 01:15:00,23.621658,22.00328,23.621658,24.939102
2021-09-13 01:00:00,2021-09-13 01:30:00,23.525322,21.63446,23.525322,24.558083
2021-09-13 01:00:00,2021-09-13 01:45:00,22.975975,21.755165,22.975975,24.632637
2021-09-13 02:00:00,2021-09-13 02:00:00,24.216476,22.522736,24.216476,26.185478
2021-09-13 02:00:00,2021-09-13 02:15:00,24.23861,22.584358,24.23861,26.004082
2021-09-13 02:00:00,2021-09-13 02:30:00,24.060478,22.209213,24.060478,25.476631
2021-09-13 02:00:00,2021-09-13 02:45:00,23.391357,22.206528,23.391357,25.436905
2021-09-13 03:00:00,2021-09-13 03:00:00,24.076408,22.414795,24.076408,25.718765
2021-09-13 03:00:00,2021-09-13 03:15:00,24.161697,22.558838,24.161697,25.638443
2021-09-13 03:00:00,2021-09-13 03:30:00,24.089806,22.204498,24.089806,25.27539
2021-09-13 03:00:00,2021-09-13 03:45:00,23.453545,22.261688,23.453545,25.2184
2021-09-13 04:00:00,2021-09-13 04:00:00,24.439575,21.042221,24.439575,27.195755
2021-09-13 04:00:00,2021-09-13 04:15:00,23.90364,20.972801,23.90364,26.627281
2021-09-13 04:00:00,2021-09-13 04:30:00,23.935638,20.843002,23.935638,26.00811
2021-09-13 04:00:00,2021-09-13 04:45:00,23.137543,20.713882,23.137543,26.158768
2021-09-13 05:00:00,2021-09-13 05:00:00,22.135567,17.492851,22.135567,27.281105
2021-09-13 05:00:00,2021-09-13 05:15:00,22.034782,17.11911,22.034782,27.093918
2021-09-13 05:00:00,2021-09-13 05:30:00,22.754234,17.52066,22.754234,27.464188
2021-09-13 05:00:00,2021-09-13 05:45:00,22.449692,18.391289,22.449692,28.207481
2021-09-13 06:00:00,2021-09-13 06:00:00,24.783157,18.957718,24.783157,31.342949
2021-09-13 06:00:00,2021-09-13 06:15:00,24.251366,18.681381,24.251366,30.875923
2021-09-13 06:00:00,2021-09-13 06:30:00,23.454765,17.034897,23.454765,29.614891
2021-09-13 06:00:00,2021-09-13 06:45:00,23.75557,17.499603,23.75557,30.814468
2021-09-13 07:00:00,2021-09-13 07:00:00,26.018616,16.082642,26.018616,35.367508
2021-09-13 07:00:00,2021-09-13 07:15:00,36.11776,26.262459,36.11776,46.67023
2021-09-13 07:00:00,2021-09-13 07:30:00,58.432438,44.837772,58.432438,73.401535
2021-09-13 07:00:00,2021-09-13 07:45:00,87.943756,68.54834,87.943756,104.54495
2021-09-13 08:00:00,2021-09-13 08:00:00,156.7296,143.53662,156.7296,170.9939
2021-09-13 08:00:00,2021-09-13 08:15:00,171.20776,157.29709,171.20776,184.84698
2021-09-13 08:00:00,2021-09-13 08:30:00,173.64014,159.04877,173.64014,187.26575
2021-09-13 08:00:00,2021-09-13 08:45:00,176.62842,163.26486,176.62842,190.41742
2021-09-13 09:00:00,2021-09-13 09:00:00,177.43973,165.978,177.43973,189.96548
2021-09-13 09:00:00,2021-09-13 09:15:00,171.00351,158.6022,171.00351,183.06654
2021-09-13 09:00:00,2021-09-13 09:30:00,175.34274,162.59235,175.34274,187.7362
2021-09-13 09:00:00,2021-09-13 09:45:00,178.88452,166.8884,178.88452,191.93149
2021-09-13 10:00:00,2021-09-13 10:00:00,152.6127,139.08614,152.6127,166.10997
2021-09-13 10:00:00,2021-09-13 10:15:00,180.79697,168.06204,180.79697,193.82217
2021-09-13 10:00:00,2021-09-13 10:30:00,178.06981,164.53464,178.06981,189.99652
2021-09-13 10:00:00,2021-09-13 10:45:00,176.45547,163.58806,176.45547,188.61671
2021-09-13 11:00:00,2021-09-13 11:00:00,176.1445,166.94563,176.1445,186.549
2021-09-13 11:00:00,2021-09-13 11:15:00,177.05879,167.2469,177.05879,187.7482
2021-09-13 11:00:00,2021-09-13 11:30:00,176.20169,164.9511,176.20169,186.82086
2021-09-13 11:00:00,2021-09-13 11:45:00,177.07742,165.21367,177.07742,189.13333
2021-09-13 12:00:00,2021-09-13 12:00:00,126.22561,114.89857,126.22561,138.89468
2021-09-13 12:00:00,2021-09-13 12:15:00,102.68032,91.13494,102.68032,114.44908
2021-09-13 12:00:00,2021-09-13 12:30:00,101.20037,88.28761,101.20037,113.24157
2021-09-13 12:00:00,2021-09-13 12:45:00,134.49855,121.216606,134.49855,148.55507
2021-09-13 13:00:00,2021-09-13 13:00:00,168.3457,158.20027,168.3457,178.43237
2021-09-13 13:00:00,2021-09-13 13:15:00,173.20152,162.54565,173.20152,183.33716
2021-09-13 13:00:00,2021-09-13 13:30:00,173.85168,162.34584,173.85168,184.37378
2021-09-13 13:00:00,2021-09-13 13:45:00,174.82764,163.96152,174.82764,186.19604
2021-09-13 14:00:00,2021-09-13 14:00:00,183.46347,173.59805,183.46347,193.87018
2021-09-13 14:00:00,2021-09-13 14:15:00,179.88844,169.65436,179.88844,190.07355
2021-09-13 14:00:00,2021-09-13 14:30:00,180.82721,170.03902,180.82721,191.05185
2021-09-13 14:00:00,2021-09-13 14:45:00,180.03441,169.54343,180.03441,190.94133
2021-09-13 15:00:00,2021-09-13 15:00:00,152.93222,143.17586,152.93222,164.40685
2021-09-13 15:00:00,2021-09-13 15:15:00,176.77505,166.44969,176.77505,187.27388
2021-09-13 15:00:00,2021-09-13 15:30:00,183.55832,173.09769,183.55832,193.95358
2021-09-13 15:00:00,2021-09-13 15:45:00,180.15472,169.61877,180.15472,190.1594
2021-09-13 16:00:00,2021-09-13 16:00:00,164.88193,154.21912,164.88193,175.66626
2021-09-13 16:00:00,2021-09-13 16:15:00,162.33014,150.91116,162.33014,173.63776
2021-09-13 16:00:00,2021-09-13 16:30:00,161.22556,148.83908,161.22556,172.59192
2021-09-13 16:00:00,2021-09-13 16:45:00,160.08243,147.57092,160.08243,172.50021
2021-09-13 17:00:00,2021-09-13 17:00:00,142.10869,130.24307,142.10869,154.41678
2021-09-13 17:00:00,2021-09-13 17:15:00,121.38937,108.99682,121.38937,133.92355
2021-09-13 17:00:00,2021-09-13 17:30:00,160.93364,148.78983,160.93364,171.91069
2021-09-13 17:00:00,2021-09-13 17:45:00,169.75299,159.0717,169.75299,180.3757
2021-09-13 18:00:00,2021-09-13 18:00:00,158.59525,147.36049,158.59525,169.99759
2021-09-13 18:00:00,2021-09-13 18:15:00,155.49986,143.39513,155.49986,166.91629
2021-09-13 18:00:00,2021-09-13 18:30:00,155.74783,143.22992,155.74783,167.40433
2021-09-13 18:00:00,2021-09-13 18:45:00,158.31749,146.04471,158.31749,170.49698
2021-09-13 19:00:00,2021-09-13 19:00:00,144.46356,133.97906,144.46356,155.06326
2021-09-13 19:00:00,2021-09-13 19:15:00,137.2667,125.49916,137.2667,148.54367
2021-09-13 19:00:00,2021-09-13 19:30:00,140.52411,127.39577,140.52411,152.52005
2021-09-13 19:00:00,2021-09-13 19:45:00,121.41144,107.26493,121.41144,135.34906
2021-09-13 20:00:00,2021-09-13 20:00:00,112.221695,101.465546,112.221695,123.5369
2021-09-13 20:00:00,2021-09-13 20:15:00,118.51297,107.12066,118.51297,130.11807
2021-09-13 20:00:00,2021-09-13 20:30:00,121.95221,110.23188,121.95221,133.5903
2021-09-13 20:00:00,2021-09-13 20:45:00,124.35363,112.403145,124.35363,135.93442
2021-09-13 21:00:00,2021-09-13 21:00:00,123.37948,115.044014,123.37948,131.5021
2021-09-13 21:00:00,2021-09-13 21:15:00,124.24988,115.83981,124.24988,132.2927
2021-09-13 21:00:00,2021-09-13 21:30:00,119.04983,110.46689,119.04983,127.33702
2021-09-13 21:00:00,2021-09-13 21:45:00,114.742905,105.4493,114.742905,124.2265
2021-09-13 22:00:00,2021-09-13 22:00:00,101.132744,93.40799,101.132744,109.47537
2021-09-13 22:00:00,2021-09-13 22:15:00,112.87286,105.39307,112.87286,121.00688
2021-09-13 22:00:00,2021-09-13 22:30:00,112.70786,104.356125,112.70786,120.64773
2021-09-13 22:00:00,2021-09-13 22:45:00,112.27947,103.21932,112.27947,121.40286
2021-09-13 23:00:00,2021-09-13 23:00:00,109.59004,102.260735,109.59004,117.54065
2021-09-13 23:00:00,2021-09-13 23:15:00,110.32833,102.49822,110.32833,118.72249
2021-09-13 23:00:00,2021-09-13 23:30:00,106.2415,97.275314,106.2415,115.02676
2021-09-13 23:00:00,2021-09-13 23:45:00,83.643585,74.3394,83.643585,92.48455
2021-09-14 00:00:00,2021-09-14 00:00:00,79.47966,71.51727,79.47966,87.57533
2021-09-14 00:00:00,2021-09-14 00:15:00,75.01929,66.8437,75.01929,83.11049
2021-09-14 00:00:00,2021-09-14 00:30:00,71.18483,63.332672,71.18483,79.10945
2021-09-14 00:00:00,2021-09-14 00:45:00,69.83911,61.550076,69.83911,77.3916
2021-09-14 01:00:00,2021-09-14 01:00:00,96.27342,88.622055,96.27342,103.53542
2021-09-14 01:00:00,2021-09-14 01:15:00,107.794525,100.4759,107.794525,115.74624
2021-09-14 01:00:00,2021-09-14 01:30:00,110.79659,102.827736,110.79659,118.54115
2021-09-14 01:00:00,2021-09-14 01:45:00,110.17762,102.11563,110.17762,118.80171
2021-09-14 02:00:00,2021-09-14 02:00:00,112.85948,105.61835,112.85948,120.67588
2021-09-14 02:00:00,2021-09-14 02:15:00,112.03224,105.13236,112.03224,119.873924
2021-09-14 02:00:00,2021-09-14 02:30:00,110.77967,102.7743,110.77967,118.25791
2021-09-14 02:00:00,2021-09-14 02:45:00,107.55899,98.67078,107.55899,115.759
2021-09-14 03:00:00,2021-09-14 03:00:00,95.17301,87.30722,95.17301,102.77367
2021-09-14 03:00:00,2021-09-14 03:15:00,108.257744,101.22092,108.257744,116.2954
2021-09-14 03:00:00,2021-09-14 03:30:00,110.128876,102.29028,110.128876,117.66817
2021-09-14 03:00:00,2021-09-14 03:45:00,109.642456,101.79431,109.642456,118.15905
2021-09-14 04:00:00,2021-09-14 04:00:00,111.48979,103.88485,111.48979,119.52466
2021-09-14 04:00:00,2021-09-14 04:15:00,110.42893,102.688774,110.42893,118.998695
2021-09-14 04:00:00,2021-09-14 04:30:00,110.39544,101.89843,110.39544,118.869255
2021-09-14 04:00:00,2021-09-14 04:45:00,105.57072,96.21203,105.57072,113.97091
2021-09-14 05:00:00,2021-09-14 05:00:00,86.22751,80.0312,86.22751,93.26576
2021-09-14 05:00:00,2021-09-14 05:15:00,78.575424,71.34064,78.575424,85.2062
2021-09-14 05:00:00,2021-09-14 05:30:00,99.004974,91.883026,99.004974,106.57244
2021-09-14 05:00:00,2021-09-14 05:45:00,110.78305,102.26365,110.78305,118.77687
2021-09-14 06:00:00,2021-09-14 06:00:00,114.1281,106.73681,114.1281,121.55484
2021-09-14 06:00:00,2021-09-14 06:15:00,113.50498,105.25525,113.50498,121.190605
2021-09-14 06:00:00,2021-09-14 06:30:00,113.61484,105.96088,113.61484,121.612236
2021-09-14 06:00:00,2021-09-14 06:45:00,114.63554,106.2379,114.63554,123.15563
2021-09-14 07:00:00,2021-09-14 07:00:00,114.14201,105.13836,114.14201,122.40883
2021-09-14 07:00:00,2021-09-14 07:15:00,126.851204,117.469894,126.851204,135.76653
2021-09-14 07:00:00,2021-09-14 07:30:00,146.73073,135.89854,146.73073,156.54951
2021-09-14 07:00:00,2021-09-14 07:45:00,141.52412,130.60654,141.52412,152.02199
2021-09-14 08:00:00,2021-09-14 08:00:00,162.01996,151.90729,162.01996,173.27374
2021-09-14 08:00:00,2021-09-14 08:15:00,178.3906,167.28418,178.3906,188.92026
2021-09-14 08:00:00,2021-09-14 08:30:00,179.16383,167.14098,179.16383,189.7485
2021-09-14 08:00:00,2021-09-14 08:45:00,181.70526,170.63353,181.70526,192.21194
2021-09-14 09:00:00,2021-09-14 09:00:00,168.7854,158.3203,168.7854,178.6319
2021-09-14 09:00:00,2021-09-14 09:15:00,171.95564,161.41225,171.95564,182.63263
2021-09-14 09:00:00,2021-09-14 09:30:00,174.22546,162.71298,174.22546,185.20555
2021-09-14 09:00:00,2021-09-14 09:45:00,175.3034,164.2121,175.3034,186.53444
2021-09-14 10:00:00,2021-09-14 10:00:00,154.12614,143.20602,154.12614,166.08203
2021-09-14 10:00:00,2021-09-14 10:15:00,176.98688,166.0578,176.98688,188.40182
2021-09-14 10:00:00,2021-09-14 10:30:00,175.75958,163.70155,175.75958,186.61107
2021-09-14 10:00:00,2021-09-14 10:45:00,175.72372,164.3499,175.72372,186.38498
2021-09-14 11:00:00,2021-09-14 11:00:00,161.17291,150.6701,161.17291,170.97566
2021-09-14 11:00:00,2021-09-14 11:15:00,163.33798,151.39322,163.33798,174.88737
2021-09-14 11:00:00,2021-09-14 11:30:00,165.23679,151.91428,165.23679,177.49072
2021-09-14 11:00:00,2021-09-14 11:45:00,165.92996,151.53883,165.92996,179.62854
2021-09-14 12:00:00,2021-09-14 12:00:00,122.45286,111.65875,122.45286,134.0304
2021-09-14 12:00:00,2021-09-14 12:15:00,98.42574,87.539696,98.42574,109.43801
2021-09-14 12:00:00,2021-09-14 12:30:00,97.40486,84.83175,97.40486,108.75788
2021-09-14 12:00:00,2021-09-14 12:45:00,127.84392,114.72384,127.84392,139.66133
2021-09-14 13:00:00,2021-09-14 13:00:00,165.64203,154.40123,165.64203,177.04294
2021-09-14 13:00:00,2021-09-14 13:15:00,171.82257,159.81897,171.82257,183.36331
2021-09-14 13:00:00,2021-09-14 13:30:00,172.6236,159.72275,172.6236,184.43098
2021-09-14 13:00:00,2021-09-14 13:45:00,172.50827,159.90588,172.50827,184.86765
2021-09-14 14:00:00,2021-09-14 14:00:00,172.90279,162.18655,172.90279,183.21431
2021-09-14 14:00:00,2021-09-14 14:15:00,170.01724,158.94136,170.01724,180.2893
2021-09-14 14:00:00,2021-09-14 14:30:00,170.94873,159.20381,170.94873,181.58542
2021-09-14 14:00:00,2021-09-14 14:45:00,170.24503,158.63129,170.24503,181.44168
2021-09-14 15:00:00,2021-09-14 15:00:00,137.6405,127.444695,137.6405,148.38321
2021-09-14 15:00:00,2021-09-14 15:15:00,163.22742,151.59155,163.22742,173.9714
2021-09-14 15:00:00,2021-09-14 15:30:00,168.79489,156.49403,168.79489,179.59973
2021-09-14 15:00:00,2021-09-14 15:45:00,164.06017,151.88536,164.06017,174.839
2021-09-14 16:00:00,2021-09-14 16:00:00,161.46622,150.8345,161.46622,171.47516
2021-09-14 16:00:00,2021-09-14 16:15:00,155.13979,143.75127,155.13979,165.52466
2021-09-14 16:00:00,2021-09-14 16:30:00,153.24747,141.65329,153.24747,163.84769
2021-09-14 16:00:00,2021-09-14 16:45:00,155.07262,142.74774,155.07262,166.69733
2021-09-14 17:00:00,2021-09-14 17:00:00,127.25271,118.03348,127.25271,137.26999
2021-09-14 17:00:00,2021-09-14 17:15:00,112.76672,102.25861,112.76672,123.16236
2021-09-14 17:00:00,2021-09-14 17:30:00,151.94356,140.68704,151.94356,161.6514
2021-09-14 17:00:00,2021-09-14 17:45:00,159.58528,149.70712,159.58528,168.76741
2021-09-14 18:00:00,2021-09-14 18:00:00,151.30733,141.76257,151.30733,160.55963
2021-09-14 18:00:00,2021-09-14 18:15:00,147.11212,136.36465,147.11212,156.84619
2021-09-14 18:00:00,2021-09-14 18:30:00,146.96834,135.83812,146.96834,157.18306
2021-09-14 18:00:00,2021-09-14 18:45:00,149.51024,138.07542,149.51024,160.2771
2021-09-14 19:00:00,2021-09-14 19:00:00,155.2291,146.18044,155.2291,164.02908
2021-09-14 19:00:00,2021-09-14 19:15:00,144.05238,133.65746,144.05238,153.39369
2021-09-14 19:00:00,2021-09-14 19:30:00,144.3658,133.23895,144.3658,154.11726
2021-09-14 19:00:00,2021-09-14 19:45:00,125.44886,113.52542,125.44886,137.17053
2021-09-14 20:00:00,2021-09-14 20:00:00,121.179794,110.995636,121.179794,131.10515
2021-09-14 20:00:00,2021-09-14 20:15:00,128.61554,118.79853,128.61554,137.85818
2021-09-14 20:00:00,2021-09-14 20:30:00,125.52056,115.34316,125.52056,135.11192
2021-09-14 20:00:00,2021-09-14 20:45:00,126.69429,116.37532,126.69429,136.22034
2021-09-14 21:00:00,2021-09-14 21:00:00,128.18051,120.86674,128.18051,135.28531
2021-09-14 21:00:00,2021-09-14 21:15:00,128.07935,120.65402,128.07935,135.1298
2021-09-14 21:00:00,2021-09-14 21:30:00,124.290306,116.65959,124.290306,131.79938
2021-09-14 21:00:00,2021-09-14 21:45:00,121.6168,113.70309,121.6168,129.41028
2021-09-14 22:00:00,2021-09-14 22:00:00,106.230156,99.54812,106.230156,113.59232
2021-09-14 22:00:00,2021-09-14 22:15:00,116.27979,109.3884,116.27979,123.29373
2021-09-14 22:00:00,2021-09-14 22:30:00,115.816765,108.369354,115.816765,123.07117
2021-09-14 22:00:00,2021-09-14 22:45:00,115.00382,107.186104,115.00382,122.93004
2021-09-14 23:00:00,2021-09-14 23:00:00,113.32306,106.79775,113.32306,120.599686
2021-09-14 23:00:00,2021-09-14 23:15:00,115.76223,108.19278,115.76223,122.94809
2021-09-14 23:00:00,2021-09-14 23:30:00,109.764206,102.15113,109.764206,117.24895
2021-09-14 23:00:00,2021-09-14 23:45:00,87.25047,79.42898,87.25047,94.86349
