ts,모델,예측,하위10%,중앙값,상위10%
2021-08-09 00:00:00,Chronos-2 (기록만),21.977299,20.68275,21.977299,23.586311
2021-08-09 00:15:00,Chronos-2 (기록만),21.92966,20.754433,21.92966,23.695179
2021-08-09 00:30:00,Chronos-2 (기록만),22.001038,20.61721,22.001038,23.497112
2021-08-09 00:45:00,Chronos-2 (기록만),21.89788,20.508678,21.89788,23.530201
2021-08-09 01:00:00,Chronos-2 (기록만),21.74915,20.719059,21.74915,23.633007
2021-08-09 01:15:00,Chronos-2 (기록만),21.99923,20.639011,21.99923,23.850578
2021-08-09 01:30:00,Chronos-2 (기록만),21.967365,21.103516,21.967365,23.713928
2021-08-09 01:45:00,Chronos-2 (기록만),21.717297,20.525005,21.717297,23.665676
2021-08-09 02:00:00,Chronos-2 (기록만),21.555767,20.380096,21.555767,23.513653
2021-08-09 02:15:00,Chronos-2 (기록만),22.044128,20.36578,22.044128,23.51899
2021-08-09 02:30:00,Chronos-2 (기록만),21.77301,20.527962,21.77301,23.313824
2021-08-09 02:45:00,Chronos-2 (기록만),21.875233,20.518585,21.875233,23.796932
2021-08-09 03:00:00,Chronos-2 (기록만),22.000336,20.745537,22.000336,23.984627
2021-08-09 03:15:00,Chronos-2 (기록만),21.994118,20.625622,21.994118,23.900143
2021-08-09 03:30:00,Chronos-2 (기록만),21.58973,20.547878,21.58973,23.56871
2021-08-09 03:45:00,Chronos-2 (기록만),21.654293,20.310665,21.654293,23.597107
2021-08-09 04:00:00,Chronos-2 (기록만),22.123394,20.422352,22.123394,23.757904
2021-08-09 04:15:00,Chronos-2 (기록만),21.993732,20.46317,21.993732,24.029263
2021-08-09 04:30:00,Chronos-2 (기록만),21.97023,20.67559,21.97023,23.616432
2021-08-09 04:45:00,Chronos-2 (기록만),21.881493,20.483402,21.881493,23.783276
2021-08-09 05:00:00,Chronos-2 (기록만),21.815804,20.778358,21.815804,24.100494
2021-08-09 05:15:00,Chronos-2 (기록만),22.122028,20.592861,22.122028,24.033386
2021-08-09 05:30:00,Chronos-2 (기록만),22.13683,20.678234,22.13683,24.45391
2021-08-09 05:45:00,Chronos-2 (기록만),22.050716,20.74424,22.050716,25.688309
2021-08-09 06:00:00,Chronos-2 (기록만),21.994858,20.702019,21.994858,26.781921
2021-08-09 06:15:00,Chronos-2 (기록만),22.210056,20.702831,22.210056,26.484753
2021-08-09 06:30:00,Chronos-2 (기록만),22.019764,20.824348,22.019764,27.796032
2021-08-09 06:45:00,Chronos-2 (기록만),22.089214,20.852642,22.089214,30.414093
2021-08-09 07:00:00,Chronos-2 (기록만),22.157665,20.690868,22.157665,37.560726
2021-08-09 07:15:00,Chronos-2 (기록만),21.947243,19.872856,21.947243,51.30483
2021-08-09 07:30:00,Chronos-2 (기록만),20.444233,19.08635,20.444233,79.089165
2021-08-09 07:45:00,Chronos-2 (기록만),30.00816,14.874794,30.00816,129.27794
2021-08-09 08:00:00,Chronos-2 (기록만),36.00892,20.214157,36.00892,197.75203
2021-08-09 08:15:00,Chronos-2 (기록만),44.103912,17.943314,44.103912,202.1691
2021-08-09 08:30:00,Chronos-2 (기록만),45.56696,18.14019,45.56696,203.61008
2021-08-09 08:45:00,Chronos-2 (기록만),43.84129,19.221176,43.84129,199.91162
2021-08-09 09:00:00,Chronos-2 (기록만),42.77126,19.008614,42.77126,196.35808
2021-08-09 09:15:00,Chronos-2 (기록만),40.05182,18.08107,40.05182,198.20227
2021-08-09 09:30:00,Chronos-2 (기록만),34.774204,18.050713,34.774204,200.19434
2021-08-09 09:45:00,Chronos-2 (기록만),37.49606,19.578743,37.49606,197.66653
2021-08-09 10:00:00,Chronos-2 (기록만),33.188946,16.813507,33.188946,191.51859
2021-08-09 10:15:00,Chronos-2 (기록만),37.31038,17.726517,37.31038,198.0181
2021-08-09 10:30:00,Chronos-2 (기록만),40.929623,20.023926,40.929623,200.24759
2021-08-09 10:45:00,Chronos-2 (기록만),40.735306,18.936104,40.735306,200.15213
2021-08-09 11:00:00,Chronos-2 (기록만),39.795628,18.374336,39.795628,202.02708
2021-08-09 11:15:00,Chronos-2 (기록만),42.177166,16.217827,42.177166,197.88971
2021-08-09 11:30:00,Chronos-2 (기록만),43.53671,18.097252,43.53671,199.06726
2021-08-09 11:45:00,Chronos-2 (기록만),42.4809,19.238518,42.4809,200.82637
2021-08-09 12:00:00,Chronos-2 (기록만),29.37643,17.71904,29.37643,180.07626
2021-08-09 12:15:00,Chronos-2 (기록만),24.968739,18.10775,24.968739,169.88019
2021-08-09 12:30:00,Chronos-2 (기록만),23.967926,18.189095,23.967926,157.29807
2021-08-09 12:45:00,Chronos-2 (기록만),28.023182,18.480492,28.023182,164.96382
2021-08-09 13:00:00,Chronos-2 (기록만),42.333565,19.258766,42.333565,189.7033
2021-08-09 13:15:00,Chronos-2 (기록만),48.303673,17.628479,48.303673,200.31801
2021-08-09 13:30:00,Chronos-2 (기록만),49.001385,16.752953,49.001385,196.59976
2021-08-09 13:45:00,Chronos-2 (기록만),49.0449,17.873375,49.0449,195.9147
2021-08-09 14:00:00,Chronos-2 (기록만),47.93484,17.321785,47.93484,196.74359
2021-08-09 14:15:00,Chronos-2 (기록만),50.55106,16.6596,50.55106,196.6594
2021-08-09 14:30:00,Chronos-2 (기록만),54.82554,17.65107,54.82554,196.07245
2021-08-09 14:45:00,Chronos-2 (기록만),49.98499,17.735619,49.98499,194.60046
2021-08-09 15:00:00,Chronos-2 (기록만),37.52191,17.182411,37.52191,183.71355
2021-08-09 15:15:00,Chronos-2 (기록만),38.611702,17.668457,38.611702,186.82161
2021-08-09 15:30:00,Chronos-2 (기록만),50.339497,17.7286,50.339497,189.65056
2021-08-09 15:45:00,Chronos-2 (기록만),54.813347,18.149887,54.813347,193.34521
2021-08-09 16:00:00,Chronos-2 (기록만),62.656563,18.530357,62.656563,193.03189
2021-08-09 16:15:00,Chronos-2 (기록만),58.20588,16.555695,58.20588,190.55222
2021-08-09 16:30:00,Chronos-2 (기록만),58.89113,17.363655,58.89113,189.24078
2021-08-09 16:45:00,Chronos-2 (기록만),56.878174,18.414574,56.878174,185.99127
2021-08-09 17:00:00,Chronos-2 (기록만),45.409607,19.559227,45.409607,176.58823
2021-08-09 17:15:00,Chronos-2 (기록만),45.488182,17.801498,45.488182,166.57349
2021-08-09 17:30:00,Chronos-2 (기록만),54.750828,18.66275,54.750828,186.44032
2021-08-09 17:45:00,Chronos-2 (기록만),67.00577,18.866318,67.00577,189.1711
2021-08-09 18:00:00,Chronos-2 (기록만),68.54404,19.80014,68.54404,193.5426
2021-08-09 18:15:00,Chronos-2 (기록만),68.71923,16.59375,68.71923,188.89813
2021-08-09 18:30:00,Chronos-2 (기록만),72.63566,17.935501,72.63566,186.75063
2021-08-09 18:45:00,Chronos-2 (기록만),72.9102,17.541054,72.9102,185.72597
2021-08-09 19:00:00,Chronos-2 (기록만),71.216965,17.471947,71.216965,184.17242
2021-08-09 19:15:00,Chronos-2 (기록만),70.24376,16.779984,70.24376,182.67038
2021-08-09 19:30:00,Chronos-2 (기록만),64.57775,16.597954,64.57775,180.0296
2021-08-09 19:45:00,Chronos-2 (기록만),51.08415,16.444695,51.08415,179.05579
2021-08-09 20:00:00,Chronos-2 (기록만),54.014034,21.222198,54.014034,151.77914
2021-08-09 20:15:00,Chronos-2 (기록만),54.735954,19.89933,54.735954,152.3722
2021-08-09 20:30:00,Chronos-2 (기록만),57.123306,20.498337,57.123306,147.50375
2021-08-09 20:45:00,Chronos-2 (기록만),59.57836,20.919434,59.57836,147.05064
2021-08-09 21:00:00,Chronos-2 (기록만),61.309235,20.188457,61.309235,149.25055
2021-08-09 21:15:00,Chronos-2 (기록만),60.478786,20.525715,60.478786,147.87086
2021-08-09 21:30:00,Chronos-2 (기록만),61.55603,20.52729,61.55603,145.57262
2021-08-09 21:45:00,Chronos-2 (기록만),60.12105,20.83752,60.12105,140.37581
2021-08-09 22:00:00,Chronos-2 (기록만),61.005806,19.739304,61.005806,137.71448
2021-08-09 22:15:00,Chronos-2 (기록만),63.253075,19.562881,63.253075,138.4463
2021-08-09 22:30:00,Chronos-2 (기록만),64.32292,20.588264,64.32292,137.7691
2021-08-09 22:45:00,Chronos-2 (기록만),66.082,20.18283,66.082,138.04475
2021-08-09 23:00:00,Chronos-2 (기록만),65.97774,19.791344,65.97774,137.92673
2021-08-09 23:15:00,Chronos-2 (기록만),67.20491,19.951035,67.20491,138.19954
2021-08-09 23:30:00,Chronos-2 (기록만),60.261925,19.154266,60.261925,133.97685
2021-08-09 23:45:00,Chronos-2 (기록만),49.10705,19.088173,49.10705,127.726906
2021-08-10 00:00:00,Chronos-2 (기록만),71.43153,63.706474,71.43153,76.3349
2021-08-10 00:15:00,Chronos-2 (기록만),69.68017,61.122597,69.68017,76.832
2021-08-10 00:30:00,Chronos-2 (기록만),68.54004,59.111755,68.54004,76.63993
2021-08-10 00:45:00,Chronos-2 (기록만),70.69896,59.31689,70.69896,79.89685
2021-08-10 01:00:00,Chronos-2 (기록만),90.910515,78.700325,90.910515,101.22411
2021-08-10 01:15:00,Chronos-2 (기록만),102.90335,90.2146,102.90335,113.94701
2021-08-10 01:30:00,Chronos-2 (기록만),104.27101,91.62002,104.27101,114.98787
2021-08-10 01:45:00,Chronos-2 (기록만),104.046585,91.88672,104.046585,115.15445
2021-08-10 02:00:00,Chronos-2 (기록만),104.84083,91.894295,104.84083,115.587975
2021-08-10 02:15:00,Chronos-2 (기록만),105.16972,92.32651,105.16972,117.20143
2021-08-10 02:30:00,Chronos-2 (기록만),104.5544,90.66156,104.5544,116.81624
2021-08-10 02:45:00,Chronos-2 (기록만),102.89357,88.80967,102.89357,114.92128
2021-08-10 03:00:00,Chronos-2 (기록만),99.76086,85.35273,99.76086,111.61136
2021-08-10 03:15:00,Chronos-2 (기록만),105.921974,92.48933,105.921974,117.53369
2021-08-10 03:30:00,Chronos-2 (기록만),108.121,95.07966,108.121,121.28313
2021-08-10 03:45:00,Chronos-2 (기록만),109.18065,95.37847,109.18065,121.58302
2021-08-10 04:00:00,Chronos-2 (기록만),106.19794,89.53803,106.19794,118.88289
2021-08-10 04:15:00,Chronos-2 (기록만),107.74474,91.07886,107.74474,120.46001
2021-08-10 04:30:00,Chronos-2 (기록만),106.47702,89.286644,106.47702,118.48135
2021-08-10 04:45:00,Chronos-2 (기록만),102.322395,84.41876,102.322395,114.33348
2021-08-10 05:00:00,Chronos-2 (기록만),92.62495,75.6055,92.62495,103.82626
2021-08-10 05:15:00,Chronos-2 (기록만),89.66919,72.70051,89.66919,100.73357
2021-08-10 05:30:00,Chronos-2 (기록만),96.756966,77.128624,96.756966,109.192795
2021-08-10 05:45:00,Chronos-2 (기록만),103.42394,80.972534,103.42394,117.58118
2021-08-10 06:00:00,Chronos-2 (기록만),106.15574,81.86411,106.15574,120.788025
2021-08-10 06:15:00,Chronos-2 (기록만),105.63655,80.7142,105.63655,120.42243
2021-08-10 06:30:00,Chronos-2 (기록만),104.82283,81.146324,104.82283,119.43649
2021-08-10 06:45:00,Chronos-2 (기록만),105.19145,81.147675,105.19145,120.67428
2021-08-10 07:00:00,Chronos-2 (기록만),111.045494,84.3875,111.045494,127.49162
2021-08-10 07:15:00,Chronos-2 (기록만),123.662415,94.25916,123.662415,143.00311
2021-08-10 07:30:00,Chronos-2 (기록만),143.89241,107.73564,143.89241,166.90173
2021-08-10 07:45:00,Chronos-2 (기록만),150.39021,110.73555,150.39021,174.3461
2021-08-10 08:00:00,Chronos-2 (기록만),165.18767,98.79778,165.18767,190.6305
2021-08-10 08:15:00,Chronos-2 (기록만),183.98645,109.86693,183.98645,206.74086
2021-08-10 08:30:00,Chronos-2 (기록만),191.99997,112.280396,191.99997,210.3847
2021-08-10 08:45:00,Chronos-2 (기록만),188.08597,108.77025,188.08597,208.7197
2021-08-10 09:00:00,Chronos-2 (기록만),183.25949,104.57792,183.25949,204.96396
2021-08-10 09:15:00,Chronos-2 (기록만),178.39967,100.79184,178.39967,204.57372
2021-08-10 09:30:00,Chronos-2 (기록만),178.64961,102.53333,178.64961,202.508
2021-08-10 09:45:00,Chronos-2 (기록만),178.27715,100.323654,178.27715,201.6175
2021-08-10 10:00:00,Chronos-2 (기록만),170.57193,92.943275,170.57193,198.71486
2021-08-10 10:15:00,Chronos-2 (기록만),180.49823,96.69002,180.49823,202.60199
2021-08-10 10:30:00,Chronos-2 (기록만),182.56909,96.8907,182.56909,204.25137
2021-08-10 10:45:00,Chronos-2 (기록만),179.83371,97.53101,179.83371,204.89194
2021-08-10 11:00:00,Chronos-2 (기록만),179.43721,100.584114,179.43721,204.13083
2021-08-10 11:15:00,Chronos-2 (기록만),180.1748,100.37751,180.1748,202.33559
2021-08-10 11:30:00,Chronos-2 (기록만),179.66467,98.72686,179.66467,201.65707
2021-08-10 11:45:00,Chronos-2 (기록만),169.73987,96.01407,169.73987,197.39265
2021-08-10 12:00:00,Chronos-2 (기록만),131.43088,88.9743,131.43088,156.90259
2021-08-10 12:15:00,Chronos-2 (기록만),117.39868,83.74208,117.39868,139.7794
2021-08-10 12:30:00,Chronos-2 (기록만),117.58121,80.96306,117.58121,138.94868
2021-08-10 12:45:00,Chronos-2 (기록만),121.98529,80.753006,121.98529,145.79826
2021-08-10 13:00:00,Chronos-2 (기록만),156.34149,95.56191,156.34149,181.3353
2021-08-10 13:15:00,Chronos-2 (기록만),173.56271,102.651505,173.56271,197.76735
2021-08-10 13:30:00,Chronos-2 (기록만),182.72227,106.008,182.72227,203.4696
2021-08-10 13:45:00,Chronos-2 (기록만),186.35172,107.03933,186.35172,206.44746
2021-08-10 14:00:00,Chronos-2 (기록만),182.51071,106.698296,182.51071,206.18689
2021-08-10 14:15:00,Chronos-2 (기록만),181.73721,104.545616,181.73721,203.6683
2021-08-10 14:30:00,Chronos-2 (기록만),181.8735,109.68456,181.8735,202.06717
2021-08-10 14:45:00,Chronos-2 (기록만),173.55104,107.48456,173.55104,196.21078
2021-08-10 15:00:00,Chronos-2 (기록만),151.31458,95.255844,151.31458,174.90973
2021-08-10 15:15:00,Chronos-2 (기록만),155.01178,101.73227,155.01178,177.14346
2021-08-10 15:30:00,Chronos-2 (기록만),173.30789,113.079865,173.30789,193.22498
2021-08-10 15:45:00,Chronos-2 (기록만),177.41661,114.43731,177.41661,198.42116
2021-08-10 16:00:00,Chronos-2 (기록만),176.2771,113.182205,176.2771,196.98117
2021-08-10 16:15:00,Chronos-2 (기록만),175.1351,115.30068,175.1351,196.08478
2021-08-10 16:30:00,Chronos-2 (기록만),174.88321,112.75677,174.88321,196.01152
2021-08-10 16:45:00,Chronos-2 (기록만),166.7268,107.43623,166.7268,189.6894
2021-08-10 17:00:00,Chronos-2 (기록만),141.47351,90.64887,141.47351,170.55463
2021-08-10 17:15:00,Chronos-2 (기록만),133.25417,82.54092,133.25417,165.47717
2021-08-10 17:30:00,Chronos-2 (기록만),152.07834,89.629395,152.07834,183.7063
2021-08-10 17:45:00,Chronos-2 (기록만),162.11853,90.732,162.11853,192.48096
2021-08-10 18:00:00,Chronos-2 (기록만),163.40216,87.12575,163.40216,193.07413
2021-08-10 18:15:00,Chronos-2 (기록만),160.78986,86.230034,160.78986,191.91599
2021-08-10 18:30:00,Chronos-2 (기록만),160.74359,84.59642,160.74359,191.10454
2021-08-10 18:45:00,Chronos-2 (기록만),158.95142,87.83241,158.95142,191.74123
2021-08-10 19:00:00,Chronos-2 (기록만),156.04643,88.728096,156.04643,189.05273
2021-08-10 19:15:00,Chronos-2 (기록만),153.28348,90.4156,153.28348,183.53564
2021-08-10 19:30:00,Chronos-2 (기록만),150.99596,89.70156,150.99596,178.1515
2021-08-10 19:45:00,Chronos-2 (기록만),135.81384,86.71399,135.81384,165.4259
2021-08-10 20:00:00,Chronos-2 (기록만),117.31804,89.30854,117.31804,142.4262
2021-08-10 20:15:00,Chronos-2 (기록만),119.86849,95.44979,119.86849,144.17232
2021-08-10 20:30:00,Chronos-2 (기록만),120.27728,96.73547,120.27728,142.02248
2021-08-10 20:45:00,Chronos-2 (기록만),119.67874,97.906845,119.67874,139.88933
2021-08-10 21:00:00,Chronos-2 (기록만),119.07088,98.86303,119.07088,139.06677
2021-08-10 21:15:00,Chronos-2 (기록만),119.07796,99.59187,119.07796,137.33408
2021-08-10 21:30:00,Chronos-2 (기록만),118.86603,100.194626,118.86603,135.89258
2021-08-10 21:45:00,Chronos-2 (기록만),116.47551,98.721344,116.47551,132.54846
2021-08-10 22:00:00,Chronos-2 (기록만),110.872955,92.9736,110.872955,126.246086
2021-08-10 22:15:00,Chronos-2 (기록만),113.247475,97.9604,113.247475,128.55516
2021-08-10 22:30:00,Chronos-2 (기록만),113.84801,98.106895,113.84801,128.75394
2021-08-10 22:45:00,Chronos-2 (기록만),114.1104,99.4108,114.1104,128.24411
2021-08-10 23:00:00,Chronos-2 (기록만),113.48741,99.04611,113.48741,127.074066
2021-08-10 23:15:00,Chronos-2 (기록만),111.8903,96.62867,111.8903,126.24559
2021-08-10 23:30:00,Chronos-2 (기록만),105.145454,89.36102,105.145454,119.46432
2021-08-10 23:45:00,Chronos-2 (기록만),87.09932,72.93434,87.09932,100.02608
2021-08-11 00:00:00,Chronos-2 (기록만),75.11575,67.41501,75.11575,81.458084
2021-08-11 00:15:00,Chronos-2 (기록만),71.87957,64.63998,71.87957,79.21331
2021-08-11 00:30:00,Chronos-2 (기록만),69.663086,62.090935,69.663086,77.08572
2021-08-11 00:45:00,Chronos-2 (기록만),69.29129,60.805244,69.29129,77.315956
2021-08-11 01:00:00,Chronos-2 (기록만),93.53234,84.67701,93.53234,102.225555
2021-08-11 01:15:00,Chronos-2 (기록만),103.72374,94.57512,103.72374,112.55641
2021-08-11 01:30:00,Chronos-2 (기록만),104.59434,95.98858,104.59434,113.38258
2021-08-11 01:45:00,Chronos-2 (기록만),102.3913,93.52957,102.3913,111.98409
2021-08-11 02:00:00,Chronos-2 (기록만),101.274055,91.69343,101.274055,110.08876
2021-08-11 02:15:00,Chronos-2 (기록만),101.84891,92.3011,101.84891,110.876205
2021-08-11 02:30:00,Chronos-2 (기록만),101.55481,91.89902,101.55481,111.39137
2021-08-11 02:45:00,Chronos-2 (기록만),100.9258,91.454346,100.9258,110.58357
2021-08-11 03:00:00,Chronos-2 (기록만),92.7149,82.808136,92.7149,101.89664
2021-08-11 03:15:00,Chronos-2 (기록만),104.374855,94.855675,104.374855,113.251724
2021-08-11 03:30:00,Chronos-2 (기록만),106.94291,97.57167,106.94291,116.94995
2021-08-11 03:45:00,Chronos-2 (기록만),106.065506,96.58877,106.065506,115.26373
2021-08-11 04:00:00,Chronos-2 (기록만),103.12305,94.12478,103.12305,111.9861
2021-08-11 04:15:00,Chronos-2 (기록만),104.780685,96.11557,104.780685,113.772995
2021-08-11 04:30:00,Chronos-2 (기록만),103.89243,94.9678,103.89243,112.92259
2021-08-11 04:45:00,Chronos-2 (기록만),99.37547,90.245125,99.37547,108.10543
2021-08-11 05:00:00,Chronos-2 (기록만),83.159485,74.370514,83.159485,92.03586
2021-08-11 05:15:00,Chronos-2 (기록만),77.955795,69.64712,77.955795,86.16134
2021-08-11 05:30:00,Chronos-2 (기록만),92.12458,82.88631,92.12458,101.25074
2021-08-11 05:45:00,Chronos-2 (기록만),103.69689,94.5973,103.69689,112.63533
2021-08-11 06:00:00,Chronos-2 (기록만),105.06149,95.503456,105.06149,114.64889
2021-08-11 06:15:00,Chronos-2 (기록만),104.69447,95.11402,104.69447,113.57334
2021-08-11 06:30:00,Chronos-2 (기록만),103.70608,94.22713,103.70608,113.32469
2021-08-11 06:45:00,Chronos-2 (기록만),105.55406,95.54048,105.55406,115.554436
2021-08-11 07:00:00,Chronos-2 (기록만),109.75128,98.82057,109.75128,120.73265
2021-08-11 07:15:00,Chronos-2 (기록만),122.21387,109.9451,122.21387,132.88667
2021-08-11 07:30:00,Chronos-2 (기록만),145.4491,132.81912,145.4491,157.46164
2021-08-11 07:45:00,Chronos-2 (기록만),147.19162,134.148,147.19162,159.36465
2021-08-11 08:00:00,Chronos-2 (기록만),168.46881,153.70709,168.46881,182.0689
2021-08-11 08:15:00,Chronos-2 (기록만),193.77939,180.93437,193.77939,205.34164
2021-08-11 08:30:00,Chronos-2 (기록만),197.32562,183.68677,197.32562,207.79382
2021-08-11 08:45:00,Chronos-2 (기록만),193.581,181.80627,193.581,204.72115
2021-08-11 09:00:00,Chronos-2 (기록만),185.45638,171.78954,185.45638,197.45636
2021-08-11 09:15:00,Chronos-2 (기록만),185.87848,172.73608,185.87848,197.59601
2021-08-11 09:30:00,Chronos-2 (기록만),189.81625,176.46086,189.81625,202.37537
2021-08-11 09:45:00,Chronos-2 (기록만),190.10547,175.35254,190.10547,202.33435
2021-08-11 10:00:00,Chronos-2 (기록만),156.96252,141.7385,156.96252,171.12994
2021-08-11 10:15:00,Chronos-2 (기록만),187.0813,172.02667,187.0813,198.99573
2021-08-11 10:30:00,Chronos-2 (기록만),187.70476,172.08723,187.70476,200.67076
2021-08-11 10:45:00,Chronos-2 (기록만),185.1289,170.02342,185.1289,196.9177
2021-08-11 11:00:00,Chronos-2 (기록만),184.23547,169.63538,184.23547,197.33984
2021-08-11 11:15:00,Chronos-2 (기록만),193.44568,178.58655,193.44568,205.70633
2021-08-11 11:30:00,Chronos-2 (기록만),194.02998,178.46689,194.02998,206.31503
2021-08-11 11:45:00,Chronos-2 (기록만),190.80417,175.60693,190.80417,204.23825
2021-08-11 12:00:00,Chronos-2 (기록만),128.88097,113.068886,128.88097,144.19157
2021-08-11 12:15:00,Chronos-2 (기록만),107.548325,93.30411,107.548325,120.010315
2021-08-11 12:30:00,Chronos-2 (기록만),106.64105,92.815384,106.64105,119.522606
2021-08-11 12:45:00,Chronos-2 (기록만),109.205956,94.84672,109.205956,123.1157
2021-08-11 13:00:00,Chronos-2 (기록만),162.45639,144.65857,162.45639,179.53427
2021-08-11 13:15:00,Chronos-2 (기록만),186.14891,169.85641,186.14891,201.14384
2021-08-11 13:30:00,Chronos-2 (기록만),187.95747,173.50601,187.95747,202.03366
2021-08-11 13:45:00,Chronos-2 (기록만),190.80817,175.762,190.80817,204.61778
2021-08-11 14:00:00,Chronos-2 (기록만),184.4559,167.21117,184.4559,198.13028
2021-08-11 14:15:00,Chronos-2 (기록만),184.21802,166.50912,184.21802,197.81554
2021-08-11 14:30:00,Chronos-2 (기록만),184.15721,165.75427,184.15721,198.87733
2021-08-11 14:45:00,Chronos-2 (기록만),180.92766,161.34503,180.92766,196.57965
2021-08-11 15:00:00,Chronos-2 (기록만),141.7481,123.60439,141.7481,159.37082
2021-08-11 15:15:00,Chronos-2 (기록만),144.65826,126.64755,144.65826,161.22902
2021-08-11 15:30:00,Chronos-2 (기록만),178.79648,159.43839,178.79648,193.45523
2021-08-11 15:45:00,Chronos-2 (기록만),179.71783,161.57388,179.71783,195.42737
2021-08-11 16:00:00,Chronos-2 (기록만),175.64528,158.3024,175.64528,190.61713
2021-08-11 16:15:00,Chronos-2 (기록만),173.277,156.82668,173.277,188.58368
2021-08-11 16:30:00,Chronos-2 (기록만),171.13785,153.26219,171.13785,186.01404
2021-08-11 16:45:00,Chronos-2 (기록만),168.18242,149.25197,168.18242,184.33728
2021-08-11 17:00:00,Chronos-2 (기록만),122.4355,106.39847,122.4355,138.89221
2021-08-11 17:15:00,Chronos-2 (기록만),110.06385,94.90666,110.06385,125.82315
2021-08-11 17:30:00,Chronos-2 (기록만),151.25555,132.00107,151.25555,167.42337
2021-08-11 17:45:00,Chronos-2 (기록만),170.27603,151.4969,170.27603,187.01114
2021-08-11 18:00:00,Chronos-2 (기록만),170.3097,151.71867,170.3097,185.06879
2021-08-11 18:15:00,Chronos-2 (기록만),168.94858,150.5582,168.94858,183.17758
2021-08-11 18:30:00,Chronos-2 (기록만),167.9967,149.65468,167.9967,182.63255
2021-08-11 18:45:00,Chronos-2 (기록만),168.51077,150.55272,168.51077,183.5196
2021-08-11 19:00:00,Chronos-2 (기록만),163.66211,146.67482,163.66211,178.50171
2021-08-11 19:15:00,Chronos-2 (기록만),158.77649,141.89183,158.77649,173.48138
2021-08-11 19:30:00,Chronos-2 (기록만),157.24619,140.21597,157.24619,172.65622
2021-08-11 19:45:00,Chronos-2 (기록만),129.06844,112.558205,129.06844,145.84215
2021-08-11 20:00:00,Chronos-2 (기록만),118.17328,100.07514,118.17328,134.09882
2021-08-11 20:15:00,Chronos-2 (기록만),123.98662,106.61677,123.98662,139.0772
2021-08-11 20:30:00,Chronos-2 (기록만),121.75328,105.3783,121.75328,136.74579
2021-08-11 20:45:00,Chronos-2 (기록만),120.17491,104.24805,120.17491,134.3938
2021-08-11 21:00:00,Chronos-2 (기록만),119.00923,103.46986,119.00923,133.77849
2021-08-11 21:15:00,Chronos-2 (기록만),117.73721,102.197,117.73721,131.8284
2021-08-11 21:30:00,Chronos-2 (기록만),117.22915,102.04131,117.22915,130.69676
2021-08-11 21:45:00,Chronos-2 (기록만),114.87884,99.71362,114.87884,128.84012
2021-08-11 22:00:00,Chronos-2 (기록만),99.90698,85.2593,99.90698,114.81071
2021-08-11 22:15:00,Chronos-2 (기록만),109.52269,94.98295,109.52269,123.48393
2021-08-11 22:30:00,Chronos-2 (기록만),109.93701,95.345345,109.93701,124.27577
2021-08-11 22:45:00,Chronos-2 (기록만),110.226814,96.00397,110.226814,123.60512
2021-08-11 23:00:00,Chronos-2 (기록만),109.898125,96.4664,109.898125,122.86185
2021-08-11 23:15:00,Chronos-2 (기록만),109.066284,95.31841,109.066284,121.940216
2021-08-11 23:30:00,Chronos-2 (기록만),104.90418,91.17776,104.90418,117.95546
2021-08-11 23:45:00,Chronos-2 (기록만),87.38808,75.35752,87.38808,99.21097
2021-08-12 00:00:00,Chronos-2 (기록만),76.81935,67.676834,76.81935,84.378815
2021-08-12 00:15:00,Chronos-2 (기록만),75.122025,66.0506,75.122025,83.88346
2021-08-12 00:30:00,Chronos-2 (기록만),72.7302,63.29712,72.7302,81.549934
2021-08-12 00:45:00,Chronos-2 (기록만),70.902145,60.680344,70.902145,80.3081
2021-08-12 01:00:00,Chronos-2 (기록만),97.21681,86.56105,97.21681,107.01459
2021-08-12 01:15:00,Chronos-2 (기록만),106.23323,95.91106,106.23323,116.09334
2021-08-12 01:30:00,Chronos-2 (기록만),104.62477,94.983536,104.62477,114.39789
2021-08-12 01:45:00,Chronos-2 (기록만),101.78641,92.055466,101.78641,112.52751
2021-08-12 02:00:00,Chronos-2 (기록만),102.87705,92.40348,102.87705,112.36303
2021-08-12 02:15:00,Chronos-2 (기록만),104.61756,94.27797,104.61756,114.29074
2021-08-12 02:30:00,Chronos-2 (기록만),103.34045,92.81669,103.34045,113.54795
2021-08-12 02:45:00,Chronos-2 (기록만),102.816376,92.60827,102.816376,112.69434
2021-08-12 03:00:00,Chronos-2 (기록만),94.63462,83.99899,94.63462,104.43694
2021-08-12 03:15:00,Chronos-2 (기록만),106.37557,96.08156,106.37557,115.70616
2021-08-12 03:30:00,Chronos-2 (기록만),107.57199,97.3138,107.57199,118.063324
2021-08-12 03:45:00,Chronos-2 (기록만),107.45415,97.132614,107.45415,117.21562
2021-08-12 04:00:00,Chronos-2 (기록만),105.69914,95.7732,105.69914,115.29894
2021-08-12 04:15:00,Chronos-2 (기록만),107.78923,98.19093,107.78923,117.52515
2021-08-12 04:30:00,Chronos-2 (기록만),108.320816,98.05079,108.320816,118.28229
2021-08-12 04:45:00,Chronos-2 (기록만),104.44298,93.42645,104.44298,114.55105
2021-08-12 05:00:00,Chronos-2 (기록만),85.56377,75.05381,85.56377,95.87817
2021-08-12 05:15:00,Chronos-2 (기록만),78.71598,68.85458,78.71598,88.262474
2021-08-12 05:30:00,Chronos-2 (기록만),92.65622,82.002045,92.65622,103.407555
2021-08-12 05:45:00,Chronos-2 (기록만),105.67378,94.97453,105.67378,116.384705
2021-08-12 06:00:00,Chronos-2 (기록만),109.553925,97.98289,109.553925,120.93791
2021-08-12 06:15:00,Chronos-2 (기록만),109.96226,98.459076,109.96226,120.85939
2021-08-12 06:30:00,Chronos-2 (기록만),109.49996,97.817696,109.49996,121.08226
2021-08-12 06:45:00,Chronos-2 (기록만),110.80584,98.80586,110.80584,122.71144
2021-08-12 07:00:00,Chronos-2 (기록만),113.177475,100.53177,113.177475,125.612045
2021-08-12 07:15:00,Chronos-2 (기록만),123.454185,109.84891,123.454185,135.2982
2021-08-12 07:30:00,Chronos-2 (기록만),144.26143,129.25934,144.26143,157.09781
2021-08-12 07:45:00,Chronos-2 (기록만),149.10278,134.15054,149.10278,162.97739
2021-08-12 08:00:00,Chronos-2 (기록만),175.11267,158.87256,175.11267,189.4653
2021-08-12 08:15:00,Chronos-2 (기록만),198.04898,184.00214,198.04898,211.30246
2021-08-12 08:30:00,Chronos-2 (기록만),201.64417,187.766,201.64417,214.10507
2021-08-12 08:45:00,Chronos-2 (기록만),198.50986,185.87616,198.50986,210.71353
2021-08-12 09:00:00,Chronos-2 (기록만),187.91388,173.47821,187.91388,201.00253
2021-08-12 09:15:00,Chronos-2 (기록만),185.05243,170.69824,185.05243,198.00618
2021-08-12 09:30:00,Chronos-2 (기록만),187.46451,172.94855,187.46451,200.47672
2021-08-12 09:45:00,Chronos-2 (기록만),189.0599,173.54788,189.0599,202.36584
2021-08-12 10:00:00,Chronos-2 (기록만),161.83093,146.15558,161.83093,175.85648
2021-08-12 10:15:00,Chronos-2 (기록만),189.7475,174.21475,189.7475,202.50983
2021-08-12 10:30:00,Chronos-2 (기록만),191.38666,175.63441,191.38666,205.0967
2021-08-12 10:45:00,Chronos-2 (기록만),189.56398,173.95197,189.56398,202.19138
2021-08-12 11:00:00,Chronos-2 (기록만),187.47849,172.2539,187.47849,201.49167
2021-08-12 11:15:00,Chronos-2 (기록만),192.50943,177.10156,192.50943,205.81621
2021-08-12 11:30:00,Chronos-2 (기록만),194.2579,178.00685,194.2579,207.18018
2021-08-12 11:45:00,Chronos-2 (기록만),192.37387,176.83054,192.37387,206.66188
2021-08-12 12:00:00,Chronos-2 (기록만),130.80226,115.00868,130.80226,146.63194
2021-08-12 12:15:00,Chronos-2 (기록만),108.797104,94.50702,108.797104,121.76442
2021-08-12 12:30:00,Chronos-2 (기록만),109.070946,94.96716,109.070946,122.68999
2021-08-12 12:45:00,Chronos-2 (기록만),110.41077,95.62989,110.41077,124.83917
2021-08-12 13:00:00,Chronos-2 (기록만),162.81566,145.26773,162.81566,180.64705
2021-08-12 13:15:00,Chronos-2 (기록만),184.00189,167.37518,184.00189,200.47406
2021-08-12 13:30:00,Chronos-2 (기록만),188.79723,173.92697,188.79723,204.36339
2021-08-12 13:45:00,Chronos-2 (기록만),192.048,176.51819,192.048,207.34055
2021-08-12 14:00:00,Chronos-2 (기록만),186.24292,169.1965,186.24292,201.41745
2021-08-12 14:15:00,Chronos-2 (기록만),183.84067,165.89163,183.84067,198.83308
2021-08-12 14:30:00,Chronos-2 (기록만),182.97937,164.30562,182.97937,199.82053
2021-08-12 14:45:00,Chronos-2 (기록만),180.05396,160.28502,180.05396,196.88525
2021-08-12 15:00:00,Chronos-2 (기록만),141.46881,123.54866,141.46881,159.73494
2021-08-12 15:15:00,Chronos-2 (기록만),145.77927,127.8564,145.77927,162.62202
2021-08-12 15:30:00,Chronos-2 (기록만),177.23459,157.29886,177.23459,192.83896
2021-08-12 15:45:00,Chronos-2 (기록만),178.25574,159.92654,178.25574,195.49973
2021-08-12 16:00:00,Chronos-2 (기록만),175.62761,157.4195,175.62761,192.30345
2021-08-12 16:15:00,Chronos-2 (기록만),172.001,154.03683,172.001,188.86844
2021-08-12 16:30:00,Chronos-2 (기록만),170.3138,151.21143,170.3138,187.00177
2021-08-12 16:45:00,Chronos-2 (기록만),167.23212,146.4945,167.23212,185.53441
2021-08-12 17:00:00,Chronos-2 (기록만),122.1587,103.87693,122.1587,141.02618
2021-08-12 17:15:00,Chronos-2 (기록만),109.46071,92.15114,109.46071,128.50995
2021-08-12 17:30:00,Chronos-2 (기록만),150.04132,129.2621,150.04132,168.30017
2021-08-12 17:45:00,Chronos-2 (기록만),169.3233,149.89883,169.3233,187.21315
2021-08-12 18:00:00,Chronos-2 (기록만),173.11491,154.55092,173.11491,189.34381
2021-08-12 18:15:00,Chronos-2 (기록만),171.3566,152.64688,171.3566,186.53275
2021-08-12 18:30:00,Chronos-2 (기록만),170.2528,151.9675,170.2528,185.73563
2021-08-12 18:45:00,Chronos-2 (기록만),169.80911,151.51318,169.80911,185.53717
2021-08-12 19:00:00,Chronos-2 (기록만),164.543,147.12051,164.543,180.44017
2021-08-12 19:15:00,Chronos-2 (기록만),158.69098,141.11592,158.69098,174.67313
2021-08-12 19:30:00,Chronos-2 (기록만),155.02429,137.49492,155.02429,171.6159
2021-08-12 19:45:00,Chronos-2 (기록만),129.92001,112.31262,129.92001,147.32733
2021-08-12 20:00:00,Chronos-2 (기록만),117.997314,100.568565,117.997314,133.54408
2021-08-12 20:15:00,Chronos-2 (기록만),124.22264,107.74315,124.22264,138.71571
2021-08-12 20:30:00,Chronos-2 (기록만),123.05118,107.51791,123.05118,137.64633
2021-08-12 20:45:00,Chronos-2 (기록만),121.18594,105.78449,121.18594,134.98622
2021-08-12 21:00:00,Chronos-2 (기록만),119.05411,104.18055,119.05411,133.45628
2021-08-12 21:15:00,Chronos-2 (기록만),117.36214,102.768036,117.36214,131.12819
2021-08-12 21:30:00,Chronos-2 (기록만),116.84146,102.86607,116.84146,130.09537
2021-08-12 21:45:00,Chronos-2 (기록만),115.88871,102.141754,115.88871,129.2811
2021-08-12 22:00:00,Chronos-2 (기록만),103.9537,89.239395,103.9537,117.84126
2021-08-12 22:15:00,Chronos-2 (기록만),114.20619,99.961815,114.20619,127.85019
2021-08-12 22:30:00,Chronos-2 (기록만),112.51032,98.3712,112.51032,126.43205
2021-08-12 22:45:00,Chronos-2 (기록만),111.29604,97.524925,111.29604,124.34717
2021-08-12 23:00:00,Chronos-2 (기록만),111.100266,97.580215,111.100266,123.976974
2021-08-12 23:15:00,Chronos-2 (기록만),110.00522,95.92598,110.00522,122.81117
2021-08-12 23:30:00,Chronos-2 (기록만),107.884285,93.180954,107.884285,121.69137
2021-08-12 23:45:00,Chronos-2 (기록만),90.30319,76.60012,90.30319,103.199265
2021-08-13 00:00:00,Chronos-2 (기록만),78.43302,69.52916,78.43302,85.67103
2021-08-13 00:15:00,Chronos-2 (기록만),77.161354,68.52527,77.161354,85.42481
2021-08-13 00:30:00,Chronos-2 (기록만),74.41525,65.47786,74.41525,82.5879
2021-08-13 00:45:00,Chronos-2 (기록만),71.53529,62.152363,71.53529,80.14605
2021-08-13 01:00:00,Chronos-2 (기록만),97.659744,87.94593,97.659744,106.79111
2021-08-13 01:15:00,Chronos-2 (기록만),107.388794,97.73252,107.388794,116.49617
2021-08-13 01:30:00,Chronos-2 (기록만),108.07293,99.11039,108.07293,117.00078
2021-08-13 01:45:00,Chronos-2 (기록만),106.36927,97.17581,106.36927,115.99308
2021-08-13 02:00:00,Chronos-2 (기록만),106.96464,97.362854,106.96464,115.58965
2021-08-13 02:15:00,Chronos-2 (기록만),108.23778,98.699326,108.23778,117.00984
2021-08-13 02:30:00,Chronos-2 (기록만),107.68932,98.11084,107.68932,117.1284
2021-08-13 02:45:00,Chronos-2 (기록만),106.60536,97.08877,106.60536,115.71215
2021-08-13 03:00:00,Chronos-2 (기록만),96.26661,86.76357,96.26661,105.03682
2021-08-13 03:15:00,Chronos-2 (기록만),110.15147,100.68222,110.15147,118.45592
2021-08-13 03:30:00,Chronos-2 (기록만),110.9017,101.61362,110.9017,120.15051
2021-08-13 03:45:00,Chronos-2 (기록만),110.102005,100.67151,110.102005,118.87059
2021-08-13 04:00:00,Chronos-2 (기록만),108.30385,99.43542,108.30385,117.17803
2021-08-13 04:15:00,Chronos-2 (기록만),109.597595,101.051956,109.597595,118.306335
2021-08-13 04:30:00,Chronos-2 (기록만),109.621826,100.21384,109.621826,118.769226
2021-08-13 04:45:00,Chronos-2 (기록만),104.09704,94.3836,104.09704,113.23
2021-08-13 05:00:00,Chronos-2 (기록만),85.96743,76.267494,85.96743,95.44123
2021-08-13 05:15:00,Chronos-2 (기록만),80.40255,71.317116,80.40255,89.06604
2021-08-13 05:30:00,Chronos-2 (기록만),95.90614,86.04945,95.90614,105.5318
2021-08-13 05:45:00,Chronos-2 (기록만),107.21094,97.67975,107.21094,116.47488
2021-08-13 06:00:00,Chronos-2 (기록만),111.88209,101.59597,111.88209,121.96738
2021-08-13 06:15:00,Chronos-2 (기록만),112.11499,101.74494,112.11499,121.77882
2021-08-13 06:30:00,Chronos-2 (기록만),111.36055,101.2753,111.36055,121.465744
2021-08-13 06:45:00,Chronos-2 (기록만),112.70438,102.18051,112.70438,123.239525
2021-08-13 07:00:00,Chronos-2 (기록만),114.54253,103.508804,114.54253,125.524994
2021-08-13 07:15:00,Chronos-2 (기록만),123.54251,111.53643,123.54251,134.10912
2021-08-13 07:30:00,Chronos-2 (기록만),146.995,133.89453,146.995,158.80145
2021-08-13 07:45:00,Chronos-2 (기록만),151.04572,137.55507,151.04572,163.90628
2021-08-13 08:00:00,Chronos-2 (기록만),173.87187,159.80954,173.87187,186.89465
2021-08-13 08:15:00,Chronos-2 (기록만),197.76138,185.26028,197.76138,209.52466
2021-08-13 08:30:00,Chronos-2 (기록만),201.3957,188.63876,201.3957,212.65726
2021-08-13 08:45:00,Chronos-2 (기록만),197.28867,185.89594,197.28867,208.43143
2021-08-13 09:00:00,Chronos-2 (기록만),187.1138,174.10257,187.1138,199.18173
2021-08-13 09:15:00,Chronos-2 (기록만),184.40959,171.50247,184.40959,195.90552
2021-08-13 09:30:00,Chronos-2 (기록만),186.78174,173.59653,186.78174,198.31259
2021-08-13 09:45:00,Chronos-2 (기록만),186.97707,172.85332,186.97707,198.67842
2021-08-13 10:00:00,Chronos-2 (기록만),162.17018,147.91574,162.17018,174.66643
2021-08-13 10:15:00,Chronos-2 (기록만),188.96246,174.89691,188.96246,200.3894
2021-08-13 10:30:00,Chronos-2 (기록만),189.99364,175.93307,189.99364,201.96638
2021-08-13 10:45:00,Chronos-2 (기록만),188.22728,174.43225,188.22728,199.17723
2021-08-13 11:00:00,Chronos-2 (기록만),186.6907,173.1441,186.6907,199.0283
2021-08-13 11:15:00,Chronos-2 (기록만),191.84389,178.38657,191.84389,203.56508
2021-08-13 11:30:00,Chronos-2 (기록만),196.12549,182.01363,196.12549,207.8108
2021-08-13 11:45:00,Chronos-2 (기록만),194.48067,180.91467,194.48067,207.17337
2021-08-13 12:00:00,Chronos-2 (기록만),132.89981,118.05173,132.89981,147.50475
2021-08-13 12:15:00,Chronos-2 (기록만),112.5751,98.7428,112.5751,124.88871
2021-08-13 12:30:00,Chronos-2 (기록만),112.37221,98.809586,112.37221,125.39632
2021-08-13 12:45:00,Chronos-2 (기록만),113.24431,98.84165,113.24431,126.86215
2021-08-13 13:00:00,Chronos-2 (기록만),161.83531,144.44473,161.83531,179.15613
2021-08-13 13:15:00,Chronos-2 (기록만),179.87247,163.05295,179.87247,195.6576
2021-08-13 13:30:00,Chronos-2 (기록만),188.15773,173.94089,188.15773,203.54904
2021-08-13 13:45:00,Chronos-2 (기록만),193.50272,178.16888,193.50272,208.22255
2021-08-13 14:00:00,Chronos-2 (기록만),187.4748,170.84286,187.4748,201.719
2021-08-13 14:15:00,Chronos-2 (기록만),184.70932,166.85107,184.70932,198.56653
2021-08-13 14:30:00,Chronos-2 (기록만),185.81001,168.01424,185.81001,200.97672
2021-08-13 14:45:00,Chronos-2 (기록만),182.64377,163.66653,182.64377,198.28142
2021-08-13 15:00:00,Chronos-2 (기록만),142.37805,125.431435,142.37805,159.94054
2021-08-13 15:15:00,Chronos-2 (기록만),147.8947,130.45981,147.8947,164.4342
2021-08-13 15:30:00,Chronos-2 (기록만),180.82997,161.37254,180.82997,195.97806
2021-08-13 15:45:00,Chronos-2 (기록만),183.02348,164.80048,183.02348,199.20724
2021-08-13 16:00:00,Chronos-2 (기록만),179.37991,161.25648,179.37991,194.57373
2021-08-13 16:15:00,Chronos-2 (기록만),176.63231,159.68616,176.63231,192.30673
2021-08-13 16:30:00,Chronos-2 (기록만),175.35571,157.52618,175.35571,190.49661
2021-08-13 16:45:00,Chronos-2 (기록만),170.69794,151.73804,170.69794,187.4259
2021-08-13 17:00:00,Chronos-2 (기록만),124.23491,107.79182,124.23491,141.42899
2021-08-13 17:15:00,Chronos-2 (기록만),111.08402,95.46346,111.08402,128.02771
2021-08-13 17:30:00,Chronos-2 (기록만),155.37944,136.87158,155.37944,171.70941
2021-08-13 17:45:00,Chronos-2 (기록만),173.65347,155.52905,173.65347,190.10434
2021-08-13 18:00:00,Chronos-2 (기록만),176.5722,159.2702,176.5722,191.4637
2021-08-13 18:15:00,Chronos-2 (기록만),174.11942,156.457,174.11942,187.98549
2021-08-13 18:30:00,Chronos-2 (기록만),172.65065,155.52478,172.65065,186.93188
2021-08-13 18:45:00,Chronos-2 (기록만),170.60504,153.50223,170.60504,184.99411
2021-08-13 19:00:00,Chronos-2 (기록만),165.5739,149.1698,165.5739,180.35408
2021-08-13 19:15:00,Chronos-2 (기록만),159.6333,143.39189,159.6333,174.52951
2021-08-13 19:30:00,Chronos-2 (기록만),152.28561,136.14168,152.28561,168.01288
2021-08-13 19:45:00,Chronos-2 (기록만),125.68739,109.9836,125.68739,141.08513
2021-08-13 20:00:00,Chronos-2 (기록만),113.817856,98.74964,113.817856,127.44684
2021-08-13 20:15:00,Chronos-2 (기록만),119.42366,105.44174,119.42366,131.96857
2021-08-13 20:30:00,Chronos-2 (기록만),119.01802,105.69949,119.01802,131.9833
2021-08-13 20:45:00,Chronos-2 (기록만),116.44152,102.523056,116.44152,128.48643
2021-08-13 21:00:00,Chronos-2 (기록만),114.280556,100.44078,114.280556,126.83504
2021-08-13 21:15:00,Chronos-2 (기록만),113.575745,100.11166,113.575745,126.01701
2021-08-13 21:30:00,Chronos-2 (기록만),113.043,100.43278,113.043,124.89083
2021-08-13 21:45:00,Chronos-2 (기록만),111.34987,99.22427,111.34987,123.52981
2021-08-13 22:00:00,Chronos-2 (기록만),102.14054,88.97345,102.14054,114.202896
2021-08-13 22:15:00,Chronos-2 (기록만),110.64248,97.978676,110.64248,122.38589
2021-08-13 22:30:00,Chronos-2 (기록만),110.88585,98.19318,110.88585,123.13107
2021-08-13 22:45:00,Chronos-2 (기록만),109.880264,97.65998,109.880264,121.338585
2021-08-13 23:00:00,Chronos-2 (기록만),109.63493,97.38398,109.63493,120.9093
2021-08-13 23:15:00,Chronos-2 (기록만),109.36598,96.7189,109.36598,120.76379
2021-08-13 23:30:00,Chronos-2 (기록만),106.38805,93.292816,106.38805,118.62022
2021-08-13 23:45:00,Chronos-2 (기록만),85.88081,73.29621,85.88081,97.46835
2021-08-14 00:00:00,Chronos-2 (기록만),68.68453,57.829132,68.68453,77.24448
2021-08-14 00:15:00,Chronos-2 (기록만),66.33425,54.928356,66.33425,75.985954
2021-08-14 00:30:00,Chronos-2 (기록만),64.132675,51.808407,64.132675,74.30307
2021-08-14 00:45:00,Chronos-2 (기록만),63.920845,50.97065,63.920845,74.92839
2021-08-14 01:00:00,Chronos-2 (기록만),93.175934,79.99971,93.175934,102.79675
2021-08-14 01:15:00,Chronos-2 (기록만),101.87949,89.965935,101.87949,111.055786
2021-08-14 01:30:00,Chronos-2 (기록만),102.88756,91.544586,102.88756,111.867805
2021-08-14 01:45:00,Chronos-2 (기록만),102.12426,90.522125,102.12426,111.25688
2021-08-14 02:00:00,Chronos-2 (기록만),103.22475,91.96309,103.22475,111.71812
2021-08-14 02:15:00,Chronos-2 (기록만),104.26472,93.1693,104.26472,113.20166
2021-08-14 02:30:00,Chronos-2 (기록만),101.80667,89.93544,101.80667,111.51951
2021-08-14 02:45:00,Chronos-2 (기록만),101.39688,89.54468,101.39688,110.59801
2021-08-14 03:00:00,Chronos-2 (기록만),93.981125,80.44303,93.981125,104.33833
2021-08-14 03:15:00,Chronos-2 (기록만),104.52367,92.61452,104.52367,113.0711
2021-08-14 03:30:00,Chronos-2 (기록만),105.84373,95.18071,105.84373,115.69754
2021-08-14 03:45:00,Chronos-2 (기록만),105.576706,94.09,105.576706,114.627945
2021-08-14 04:00:00,Chronos-2 (기록만),101.92505,92.61641,101.92505,109.800255
2021-08-14 04:15:00,Chronos-2 (기록만),100.62117,91.13975,100.62117,108.727455
2021-08-14 04:30:00,Chronos-2 (기록만),102.845665,93.473305,102.845665,110.98294
2021-08-14 04:45:00,Chronos-2 (기록만),99.554726,88.7821,99.554726,106.87328
2021-08-14 05:00:00,Chronos-2 (기록만),86.23607,76.577095,86.23607,93.84965
2021-08-14 05:15:00,Chronos-2 (기록만),81.51791,69.6635,81.51791,90.2784
2021-08-14 05:30:00,Chronos-2 (기록만),94.16363,82.81661,94.16363,103.111595
2021-08-14 05:45:00,Chronos-2 (기록만),99.77768,88.09884,99.77768,108.66435
2021-08-14 06:00:00,Chronos-2 (기록만),99.68701,86.72748,99.68701,108.97302
2021-08-14 06:15:00,Chronos-2 (기록만),96.74388,82.029945,96.74388,106.269714
2021-08-14 06:30:00,Chronos-2 (기록만),96.66746,81.67991,96.66746,107.03165
2021-08-14 06:45:00,Chronos-2 (기록만),95.77157,79.664604,95.77157,106.98649
2021-08-14 07:00:00,Chronos-2 (기록만),93.742935,74.24419,93.742935,107.38777
2021-08-14 07:15:00,Chronos-2 (기록만),78.58126,54.06913,78.58126,98.96159
2021-08-14 07:30:00,Chronos-2 (기록만),39.22675,24.715126,39.22675,69.4245
2021-08-14 07:45:00,Chronos-2 (기록만),27.473293,17.688072,27.473293,43.769047
2021-08-14 08:00:00,Chronos-2 (기록만),23.324821,21.381111,23.324821,25.509354
2021-08-14 08:15:00,Chronos-2 (기록만),22.931458,21.080612,22.931458,25.11885
2021-08-14 08:30:00,Chronos-2 (기록만),23.051926,21.16349,23.051926,24.952667
2021-08-14 08:45:00,Chronos-2 (기록만),22.897644,21.327019,22.897644,25.026337
2021-08-14 09:00:00,Chronos-2 (기록만),22.783417,21.443642,22.783417,24.990974
2021-08-14 09:15:00,Chronos-2 (기록만),23.118065,21.147606,23.118065,25.228378
2021-08-14 09:30:00,Chronos-2 (기록만),22.916168,21.151924,22.916168,25.31057
2021-08-14 09:45:00,Chronos-2 (기록만),23.182617,21.097443,23.182617,25.436188
2021-08-14 10:00:00,Chronos-2 (기록만),22.999855,21.474869,22.999855,25.126022
2021-08-14 10:15:00,Chronos-2 (기록만),23.158829,21.517647,23.158829,25.397476
2021-08-14 10:30:00,Chronos-2 (기록만),23.021263,21.326859,23.021263,25.744
2021-08-14 10:45:00,Chronos-2 (기록만),23.205322,21.507484,23.205322,25.739063
2021-08-14 11:00:00,Chronos-2 (기록만),23.161797,21.501518,23.161797,26.056713
2021-08-14 11:15:00,Chronos-2 (기록만),23.14141,21.2584,23.14141,26.673862
2021-08-14 11:30:00,Chronos-2 (기록만),23.229065,21.422157,23.229065,25.82594
2021-08-14 11:45:00,Chronos-2 (기록만),22.82302,21.21785,22.82302,25.469543
2021-08-14 12:00:00,Chronos-2 (기록만),23.366882,21.17337,23.366882,25.872429
2021-08-14 12:15:00,Chronos-2 (기록만),23.225471,21.290176,23.225471,24.94088
2021-08-14 12:30:00,Chronos-2 (기록만),23.336449,21.292526,23.336449,24.77958
2021-08-14 12:45:00,Chronos-2 (기록만),23.5215,21.928146,23.5215,25.25248
2021-08-14 13:00:00,Chronos-2 (기록만),23.044968,21.61525,23.044968,25.068977
2021-08-14 13:15:00,Chronos-2 (기록만),23.098167,21.291191,23.098167,25.140953
2021-08-14 13:30:00,Chronos-2 (기록만),22.81285,21.343536,22.81285,25.10926
2021-08-14 13:45:00,Chronos-2 (기록만),22.910965,21.244102,22.910965,25.137566
2021-08-14 14:00:00,Chronos-2 (기록만),22.854073,21.371208,22.854073,24.94709
2021-08-14 14:15:00,Chronos-2 (기록만),23.241066,21.66262,23.241066,25.645905
2021-08-14 14:30:00,Chronos-2 (기록만),23.206055,21.570152,23.206055,25.74065
2021-08-14 14:45:00,Chronos-2 (기록만),23.260422,21.591232,23.260422,25.45263
2021-08-14 15:00:00,Chronos-2 (기록만),23.398209,21.78344,23.398209,25.775486
2021-08-14 15:15:00,Chronos-2 (기록만),23.07106,21.211617,23.07106,25.545586
2021-08-14 15:30:00,Chronos-2 (기록만),23.136139,21.504318,23.136139,25.187943
2021-08-14 15:45:00,Chronos-2 (기록만),22.653923,21.171371,22.653923,25.085999
2021-08-14 16:00:00,Chronos-2 (기록만),23.376038,21.582771,23.376038,25.479248
2021-08-14 16:15:00,Chronos-2 (기록만),23.047554,21.269897,23.047554,25.2669
2021-08-14 16:30:00,Chronos-2 (기록만),23.205116,21.231674,23.205116,25.465164
2021-08-14 16:45:00,Chronos-2 (기록만),23.342743,21.736221,23.342743,25.506546
2021-08-14 17:00:00,Chronos-2 (기록만),23.233765,21.904556,23.233765,25.182343
2021-08-14 17:15:00,Chronos-2 (기록만),23.398178,21.737366,23.398178,25.510147
2021-08-14 17:30:00,Chronos-2 (기록만),23.080536,21.564484,23.080536,25.45063
2021-08-14 17:45:00,Chronos-2 (기록만),23.265053,21.460152,23.265053,25.747269
2021-08-14 18:00:00,Chronos-2 (기록만),23.039421,21.55178,23.039421,25.467796
2021-08-14 18:15:00,Chronos-2 (기록만),23.144745,21.517822,23.144745,26.466137
2021-08-14 18:30:00,Chronos-2 (기록만),23.113388,21.425186,23.113388,26.0756
2021-08-14 18:45:00,Chronos-2 (기록만),23.354301,21.731033,23.354301,25.737778
2021-08-14 19:00:00,Chronos-2 (기록만),23.2361,21.663017,23.2361,25.870743
2021-08-14 19:15:00,Chronos-2 (기록만),23.249306,21.479301,23.249306,25.596916
2021-08-14 19:30:00,Chronos-2 (기록만),23.275269,21.68872,23.275269,25.300766
2021-08-14 19:45:00,Chronos-2 (기록만),22.939232,21.388588,22.939232,25.225883
2021-08-14 20:00:00,Chronos-2 (기록만),23.983543,21.884064,23.983543,26.398586
2021-08-14 20:15:00,Chronos-2 (기록만),23.740456,21.726944,23.740456,26.37156
2021-08-14 20:30:00,Chronos-2 (기록만),23.795448,21.537079,23.795448,26.379868
2021-08-14 20:45:00,Chronos-2 (기록만),23.93409,21.822678,23.93409,26.682571
2021-08-14 21:00:00,Chronos-2 (기록만),23.767136,21.859856,23.767136,27.04633
2021-08-14 21:15:00,Chronos-2 (기록만),24.050507,21.910088,24.050507,27.097378
2021-08-14 21:30:00,Chronos-2 (기록만),23.84011,21.982338,23.84011,26.968735
2021-08-14 21:45:00,Chronos-2 (기록만),23.737389,21.678925,23.737389,26.664524
2021-08-14 22:00:00,Chronos-2 (기록만),23.818161,22.055168,23.818161,26.584023
2021-08-14 22:15:00,Chronos-2 (기록만),23.809662,21.845657,23.809662,27.166645
2021-08-14 22:30:00,Chronos-2 (기록만),23.837639,21.769432,23.837639,27.21062
2021-08-14 22:45:00,Chronos-2 (기록만),23.955193,21.938591,23.955193,26.854828
2021-08-14 23:00:00,Chronos-2 (기록만),23.801712,21.92292,23.801712,27.00856
2021-08-14 23:15:00,Chronos-2 (기록만),23.880424,21.96344,23.880424,27.045345
2021-08-14 23:30:00,Chronos-2 (기록만),23.70111,21.903557,23.70111,26.366722
2021-08-14 23:45:00,Chronos-2 (기록만),23.825012,21.989532,23.825012,26.42704
2021-08-15 00:00:00,Chronos-2 (기록만),22.408493,21.196861,22.408493,23.490051
2021-08-15 00:15:00,Chronos-2 (기록만),22.327057,21.228455,22.327057,23.45517
2021-08-15 00:30:00,Chronos-2 (기록만),22.40638,21.13272,22.40638,23.264801
2021-08-15 00:45:00,Chronos-2 (기록만),22.198784,20.958649,22.198784,23.17382
2021-08-15 01:00:00,Chronos-2 (기록만),22.243042,21.258804,22.243042,23.466034
2021-08-15 01:15:00,Chronos-2 (기록만),22.438477,21.191246,22.438477,23.727272
2021-08-15 01:30:00,Chronos-2 (기록만),22.403046,21.304169,22.403046,23.48948
2021-08-15 01:45:00,Chronos-2 (기록만),22.286331,21.09932,22.286331,23.489136
2021-08-15 02:00:00,Chronos-2 (기록만),22.207184,21.112274,22.207184,23.465958
2021-08-15 02:15:00,Chronos-2 (기록만),22.46267,21.07196,22.46267,23.59703
2021-08-15 02:30:00,Chronos-2 (기록만),22.437462,21.118385,22.437462,23.3712
2021-08-15 02:45:00,Chronos-2 (기록만),22.558578,21.236313,22.558578,23.694313
2021-08-15 03:00:00,Chronos-2 (기록만),22.678802,21.482246,22.678802,23.898964
2021-08-15 03:15:00,Chronos-2 (기록만),22.643723,21.313194,22.643723,23.702415
2021-08-15 03:30:00,Chronos-2 (기록만),22.389977,21.322113,22.389977,23.494064
2021-08-15 03:45:00,Chronos-2 (기록만),22.33509,21.254555,22.33509,23.461899
2021-08-15 04:00:00,Chronos-2 (기록만),22.610725,21.315247,22.610725,23.899353
2021-08-15 04:15:00,Chronos-2 (기록만),22.560684,21.284462,22.560684,23.930305
2021-08-15 04:30:00,Chronos-2 (기록만),22.499947,21.131317,22.499947,23.567322
2021-08-15 04:45:00,Chronos-2 (기록만),22.242111,20.95823,22.242111,23.36016
2021-08-15 05:00:00,Chronos-2 (기록만),22.140121,21.11229,22.140121,23.401642
2021-08-15 05:15:00,Chronos-2 (기록만),22.253395,21.012245,22.253395,23.519478
2021-08-15 05:30:00,Chronos-2 (기록만),22.263802,21.221375,22.263802,23.32148
2021-08-15 05:45:00,Chronos-2 (기록만),22.161652,20.986404,22.161652,23.424538
2021-08-15 06:00:00,Chronos-2 (기록만),22.09304,20.953796,22.09304,23.37928
2021-08-15 06:15:00,Chronos-2 (기록만),22.325897,20.883408,22.325897,23.549469
2021-08-15 06:30:00,Chronos-2 (기록만),22.304695,20.958694,22.304695,23.302437
2021-08-15 06:45:00,Chronos-2 (기록만),22.40789,21.088112,22.40789,23.514633
2021-08-15 07:00:00,Chronos-2 (기록만),22.525116,21.222649,22.525116,23.877884
2021-08-15 07:15:00,Chronos-2 (기록만),22.49646,21.134758,22.49646,23.65429
2021-08-15 07:30:00,Chronos-2 (기록만),22.224571,21.050598,22.224571,23.449226
2021-08-15 07:45:00,Chronos-2 (기록만),22.21685,21.025253,22.21685,23.4935
2021-08-15 08:00:00,Chronos-2 (기록만),22.399094,21.099792,22.399094,23.714165
2021-08-15 08:15:00,Chronos-2 (기록만),22.367554,21.11692,22.367554,23.72744
2021-08-15 08:30:00,Chronos-2 (기록만),22.44522,21.09253,22.44522,23.587776
2021-08-15 08:45:00,Chronos-2 (기록만),22.294327,21.0055,22.294327,23.4833
2021-08-15 09:00:00,Chronos-2 (기록만),22.28582,21.206757,22.28582,23.535912
2021-08-15 09:15:00,Chronos-2 (기록만),22.43235,21.150131,22.43235,23.737633
2021-08-15 09:30:00,Chronos-2 (기록만),22.388863,21.291824,22.388863,23.496315
2021-08-15 09:45:00,Chronos-2 (기록만),22.284218,21.138657,22.284218,23.501785
2021-08-15 10:00:00,Chronos-2 (기록만),22.143425,21.064331,22.143425,23.355278
2021-08-15 10:15:00,Chronos-2 (기록만),22.434631,21.058975,22.434631,23.56945
2021-08-15 10:30:00,Chronos-2 (기록만),22.419022,21.066269,22.419022,23.445023
2021-08-15 10:45:00,Chronos-2 (기록만),22.560242,21.29383,22.560242,23.687393
2021-08-15 11:00:00,Chronos-2 (기록만),22.689728,21.410042,22.689728,23.970825
2021-08-15 11:15:00,Chronos-2 (기록만),22.621834,21.271461,22.621834,23.738907
2021-08-15 11:30:00,Chronos-2 (기록만),22.353485,21.215157,22.353485,23.544014
2021-08-15 11:45:00,Chronos-2 (기록만),22.211205,21.116219,22.211205,23.27626
2021-08-15 12:00:00,Chronos-2 (기록만),22.437462,21.243828,22.437462,23.615341
2021-08-15 12:15:00,Chronos-2 (기록만),22.336418,21.2081,22.336418,23.513718
2021-08-15 12:30:00,Chronos-2 (기록만),22.369316,21.114616,22.369316,23.27481
2021-08-15 12:45:00,Chronos-2 (기록만),22.184998,20.9682,22.184998,23.172653
2021-08-15 13:00:00,Chronos-2 (기록만),22.151886,21.226784,22.151886,23.263329
2021-08-15 13:15:00,Chronos-2 (기록만),22.31723,21.120049,22.31723,23.525848
2021-08-15 13:30:00,Chronos-2 (기록만),22.260597,21.28312,22.260597,23.24582
2021-08-15 13:45:00,Chronos-2 (기록만),22.1988,21.045013,22.1988,23.348312
2021-08-15 14:00:00,Chronos-2 (기록만),22.089737,21.04927,22.089737,23.28624
2021-08-15 14:15:00,Chronos-2 (기록만),22.38781,21.094856,22.38781,23.471718
2021-08-15 14:30:00,Chronos-2 (기록만),22.367493,21.122658,22.367493,23.319939
2021-08-15 14:45:00,Chronos-2 (기록만),22.501465,21.313782,22.501465,23.587906
2021-08-15 15:00:00,Chronos-2 (기록만),22.631126,21.49031,22.631126,23.815361
2021-08-15 15:15:00,Chronos-2 (기록만),22.590706,21.281052,22.590706,23.562378
2021-08-15 15:30:00,Chronos-2 (기록만),22.302628,21.24504,22.302628,23.33715
2021-08-15 15:45:00,Chronos-2 (기록만),22.183022,21.226776,22.183022,23.211594
2021-08-15 16:00:00,Chronos-2 (기록만),22.546791,21.31382,22.546791,23.779114
2021-08-15 16:15:00,Chronos-2 (기록만),22.447304,21.293243,22.447304,23.7518
2021-08-15 16:30:00,Chronos-2 (기록만),22.38343,21.091019,22.38343,23.39685
2021-08-15 16:45:00,Chronos-2 (기록만),22.125557,20.933472,22.125557,23.199432
2021-08-15 17:00:00,Chronos-2 (기록만),22.042656,21.13517,22.042656,23.190712
2021-08-15 17:15:00,Chronos-2 (기록만),22.199463,21.027794,22.199463,23.389145
2021-08-15 17:30:00,Chronos-2 (기록만),22.158424,21.157143,22.158424,23.140526
2021-08-15 17:45:00,Chronos-2 (기록만),22.102188,20.93406,22.102188,23.27211
2021-08-15 18:00:00,Chronos-2 (기록만),21.99527,20.916885,21.99527,23.208313
2021-08-15 18:15:00,Chronos-2 (기록만),22.189095,20.880516,22.189095,23.25666
2021-08-15 18:30:00,Chronos-2 (기록만),22.166924,20.912926,22.166924,23.137558
2021-08-15 18:45:00,Chronos-2 (기록만),22.283737,21.144241,22.283737,23.347786
2021-08-15 19:00:00,Chronos-2 (기록만),22.445625,21.271225,22.445625,23.663513
2021-08-15 19:15:00,Chronos-2 (기록만),22.439651,21.102448,22.439651,23.483635
2021-08-15 19:30:00,Chronos-2 (기록만),22.065788,21.04274,22.065788,23.125854
2021-08-15 19:45:00,Chronos-2 (기록만),22.033974,21.004623,22.033974,23.13324
2021-08-15 20:00:00,Chronos-2 (기록만),22.54889,21.238274,22.54889,23.875519
2021-08-15 20:15:00,Chronos-2 (기록만),22.453415,21.243484,22.453415,23.839722
2021-08-15 20:30:00,Chronos-2 (기록만),22.482285,21.125404,22.482285,23.564186
2021-08-15 20:45:00,Chronos-2 (기록만),22.282837,20.968246,22.282837,23.446907
2021-08-15 21:00:00,Chronos-2 (기록만),22.26265,21.201134,22.26265,23.574196
2021-08-15 21:15:00,Chronos-2 (기록만),22.470291,21.190147,22.470291,23.893555
2021-08-15 21:30:00,Chronos-2 (기록만),22.434174,21.435135,22.434174,23.655983
2021-08-15 21:45:00,Chronos-2 (기록만),22.310768,21.162277,22.310768,23.618622
2021-08-15 22:00:00,Chronos-2 (기록만),22.201424,21.132164,22.201424,23.474838
2021-08-15 22:15:00,Chronos-2 (기록만),22.484833,21.039253,22.484833,23.671257
2021-08-15 22:30:00,Chronos-2 (기록만),22.48484,21.147255,22.48484,23.561218
2021-08-15 22:45:00,Chronos-2 (기록만),22.623108,21.304527,22.623108,23.821693
2021-08-15 23:00:00,Chronos-2 (기록만),22.789719,21.50129,22.789719,24.048668
2021-08-15 23:15:00,Chronos-2 (기록만),22.69722,21.368385,22.69722,23.89009
2021-08-15 23:30:00,Chronos-2 (기록만),22.328636,21.272308,22.328636,23.48034
2021-08-15 23:45:00,Chronos-2 (기록만),22.162117,21.074371,22.162117,23.234451
2021-08-16 00:00:00,Chronos-2 (기록만),22.741486,21.121689,22.741486,24.728638
2021-08-16 00:15:00,Chronos-2 (기록만),22.665756,21.084045,22.665756,24.708721
2021-08-16 00:30:00,Chronos-2 (기록만),22.723534,21.009377,22.723534,24.462585
2021-08-16 00:45:00,Chronos-2 (기록만),22.561981,20.940964,22.561981,24.390015
2021-08-16 01:00:00,Chronos-2 (기록만),22.44783,20.994118,22.44783,24.410072
2021-08-16 01:15:00,Chronos-2 (기록만),22.633385,21.004295,22.633385,24.837166
2021-08-16 01:30:00,Chronos-2 (기록만),22.571129,21.331482,22.571129,24.525856
2021-08-16 01:45:00,Chronos-2 (기록만),22.391617,20.84098,22.391617,24.516964
2021-08-16 02:00:00,Chronos-2 (기록만),22.22548,20.69954,22.22548,24.303745
2021-08-16 02:15:00,Chronos-2 (기록만),22.662872,20.669266,22.662872,24.396126
2021-08-16 02:30:00,Chronos-2 (기록만),22.436028,20.730667,22.436028,24.124584
2021-08-16 02:45:00,Chronos-2 (기록만),22.500519,20.767052,22.500519,24.44408
2021-08-16 03:00:00,Chronos-2 (기록만),22.547607,20.988594,22.547607,24.675877
2021-08-16 03:15:00,Chronos-2 (기록만),22.552315,20.892937,22.552315,24.503738
2021-08-16 03:30:00,Chronos-2 (기록만),22.228569,20.71193,22.228569,24.20636
2021-08-16 03:45:00,Chronos-2 (기록만),22.287674,20.707565,22.287674,24.164509
2021-08-16 04:00:00,Chronos-2 (기록만),23.97261,21.593437,23.97261,25.998104
2021-08-16 04:15:00,Chronos-2 (기록만),23.497734,21.313591,23.497734,25.682457
2021-08-16 04:30:00,Chronos-2 (기록만),23.544033,21.235886,23.544033,25.446774
2021-08-16 04:45:00,Chronos-2 (기록만),23.66257,21.412033,23.66257,25.720821
2021-08-16 05:00:00,Chronos-2 (기록만),23.52325,21.605934,23.52325,25.49289
2021-08-16 05:15:00,Chronos-2 (기록만),23.64457,21.367584,23.64457,25.323158
2021-08-16 05:30:00,Chronos-2 (기록만),23.498775,21.46833,23.498775,25.464298
2021-08-16 05:45:00,Chronos-2 (기록만),23.183922,21.022644,23.183922,25.702042
2021-08-16 06:00:00,Chronos-2 (기록만),23.364891,21.275154,23.364891,25.285492
2021-08-16 06:15:00,Chronos-2 (기록만),23.433495,20.9907,23.433495,25.32685
2021-08-16 06:30:00,Chronos-2 (기록만),23.365662,20.714561,23.365662,25.6036
2021-08-16 06:45:00,Chronos-2 (기록만),23.498104,20.751625,23.498104,26.59468
2021-08-16 07:00:00,Chronos-2 (기록만),25.244457,21.445892,25.244457,32.305916
2021-08-16 07:15:00,Chronos-2 (기록만),46.18549,31.737194,46.18549,61.213425
2021-08-16 07:30:00,Chronos-2 (기록만),82.02128,66.10342,82.02128,95.53798
2021-08-16 07:45:00,Chronos-2 (기록만),122.308075,104.269135,122.308075,139.13828
2021-08-16 08:00:00,Chronos-2 (기록만),177.96321,157.70752,177.96321,191.72379
2021-08-16 08:15:00,Chronos-2 (기록만),199.04686,183.38431,199.04686,211.13069
2021-08-16 08:30:00,Chronos-2 (기록만),199.03305,183.81976,199.03305,210.31662
2021-08-16 08:45:00,Chronos-2 (기록만),193.88544,178.39029,193.88544,205.13841
2021-08-16 09:00:00,Chronos-2 (기록만),185.45004,169.66406,185.45004,197.8988
2021-08-16 09:15:00,Chronos-2 (기록만),183.4619,167.55707,183.4619,195.2443
2021-08-16 09:30:00,Chronos-2 (기록만),186.28061,170.23216,186.28061,198.43077
2021-08-16 09:45:00,Chronos-2 (기록만),185.0871,168.53845,185.0871,197.06825
2021-08-16 10:00:00,Chronos-2 (기록만),161.80264,144.2032,161.80264,175.56052
2021-08-16 10:15:00,Chronos-2 (기록만),191.71884,173.98355,191.71884,203.14053
2021-08-16 10:30:00,Chronos-2 (기록만),193.34393,174.73187,193.34393,206.1185
2021-08-16 10:45:00,Chronos-2 (기록만),190.03891,172.43524,190.03891,201.62192
2021-08-16 11:00:00,Chronos-2 (기록만),187.34885,169.6252,187.34885,200.28479
2021-08-16 11:15:00,Chronos-2 (기록만),191.72902,173.32861,191.72902,203.9323
2021-08-16 11:30:00,Chronos-2 (기록만),191.59521,173.77666,191.59521,203.2106
2021-08-16 11:45:00,Chronos-2 (기록만),187.31369,169.18402,187.31369,200.47287
2021-08-16 12:00:00,Chronos-2 (기록만),134.56143,115.00147,134.56143,151.07034
2021-08-16 12:15:00,Chronos-2 (기록만),110.62324,92.416405,110.62324,125.1111
2021-08-16 12:30:00,Chronos-2 (기록만),111.51887,93.688156,111.51887,125.91371
2021-08-16 12:45:00,Chronos-2 (기록만),113.25044,93.824,113.25044,128.3001
2021-08-16 13:00:00,Chronos-2 (기록만),162.89044,143.07033,162.89044,179.4122
2021-08-16 13:15:00,Chronos-2 (기록만),182.56825,163.83331,182.56825,197.87059
2021-08-16 13:30:00,Chronos-2 (기록만),186.33661,170.90051,186.33661,200.94144
2021-08-16 13:45:00,Chronos-2 (기록만),188.7548,171.9012,188.7548,202.72214
2021-08-16 14:00:00,Chronos-2 (기록만),187.4555,169.92078,187.4555,200.96979
2021-08-16 14:15:00,Chronos-2 (기록만),187.4963,168.57306,187.4963,200.33865
2021-08-16 14:30:00,Chronos-2 (기록만),185.99588,166.7666,185.99588,199.99745
2021-08-16 14:45:00,Chronos-2 (기록만),182.2078,163.34796,182.2078,196.65909
2021-08-16 15:00:00,Chronos-2 (기록만),142.73062,124.487915,142.73062,159.42323
2021-08-16 15:15:00,Chronos-2 (기록만),149.71472,130.25876,149.71472,165.1669
2021-08-16 15:30:00,Chronos-2 (기록만),181.72406,164.11336,181.72406,195.41177
2021-08-16 15:45:00,Chronos-2 (기록만),184.71658,167.7839,184.71658,198.66592
2021-08-16 16:00:00,Chronos-2 (기록만),177.6123,159.5599,177.6123,191.81851
2021-08-16 16:15:00,Chronos-2 (기록만),177.96527,161.60632,177.96527,191.2687
2021-08-16 16:30:00,Chronos-2 (기록만),179.66656,162.10794,179.66656,192.45248
2021-08-16 16:45:00,Chronos-2 (기록만),173.49545,152.50256,173.49545,188.10321
2021-08-16 17:00:00,Chronos-2 (기록만),128.84595,109.33107,128.84595,144.7098
2021-08-16 17:15:00,Chronos-2 (기록만),116.303024,95.91601,116.303024,134.78885
2021-08-16 17:30:00,Chronos-2 (기록만),159.16068,136.92935,159.16068,174.8146
2021-08-16 17:45:00,Chronos-2 (기록만),178.56161,158.05199,178.56161,194.403
2021-08-16 18:00:00,Chronos-2 (기록만),180.81802,160.58751,180.81802,194.67984
2021-08-16 18:15:00,Chronos-2 (기록만),177.72876,157.77972,177.72876,190.30469
2021-08-16 18:30:00,Chronos-2 (기록만),173.33708,153.4404,173.33708,186.35869
2021-08-16 18:45:00,Chronos-2 (기록만),170.23718,151.59985,170.23718,182.8533
2021-08-16 19:00:00,Chronos-2 (기록만),167.83365,149.38745,167.83365,181.28699
2021-08-16 19:15:00,Chronos-2 (기록만),164.29471,145.37857,164.29471,177.46979
2021-08-16 19:30:00,Chronos-2 (기록만),155.20462,136.60641,155.20462,169.3404
2021-08-16 19:45:00,Chronos-2 (기록만),127.3486,108.736374,127.3486,141.98871
2021-08-16 20:00:00,Chronos-2 (기록만),113.05906,96.21602,113.05906,125.30451
2021-08-16 20:15:00,Chronos-2 (기록만),118.67767,102.44285,118.67767,130.01993
2021-08-16 20:30:00,Chronos-2 (기록만),120.67349,104.279305,120.67349,131.87668
2021-08-16 20:45:00,Chronos-2 (기록만),118.75775,100.870445,118.75775,129.27701
2021-08-16 21:00:00,Chronos-2 (기록만),116.42336,100.496185,116.42336,127.82289
2021-08-16 21:15:00,Chronos-2 (기록만),114.75936,97.987976,114.75936,125.69145
2021-08-16 21:30:00,Chronos-2 (기록만),114.88387,97.49062,114.88387,125.47555
2021-08-16 21:45:00,Chronos-2 (기록만),111.73446,95.173645,111.73446,122.20259
2021-08-16 22:00:00,Chronos-2 (기록만),102.96195,84.60694,102.96195,113.565025
2021-08-16 22:15:00,Chronos-2 (기록만),108.76344,92.122314,108.76344,118.42054
2021-08-16 22:30:00,Chronos-2 (기록만),110.808815,93.25367,110.808815,121.34168
2021-08-16 22:45:00,Chronos-2 (기록만),111.53742,95.53019,111.53742,121.044075
2021-08-16 23:00:00,Chronos-2 (기록만),111.275085,95.035995,111.275085,120.985634
2021-08-16 23:15:00,Chronos-2 (기록만),109.69179,92.55531,109.69179,119.0141
2021-08-16 23:30:00,Chronos-2 (기록만),102.39426,85.31853,102.39426,112.76289
2021-08-16 23:45:00,Chronos-2 (기록만),85.02157,67.043846,85.02157,96.13798
2021-08-17 00:00:00,Chronos-2 (기록만),75.88828,67.30831,75.88828,81.69786
2021-08-17 00:15:00,Chronos-2 (기록만),72.12522,62.92921,72.12522,79.48444
2021-08-17 00:30:00,Chronos-2 (기록만),68.84332,58.788452,68.84332,76.94388
2021-08-17 00:45:00,Chronos-2 (기록만),67.29866,56.02558,67.29866,76.29341
2021-08-17 01:00:00,Chronos-2 (기록만),92.38187,81.06343,92.38187,101.342285
2021-08-17 01:15:00,Chronos-2 (기록만),96.62223,86.06085,96.62223,106.38506
2021-08-17 01:30:00,Chronos-2 (기록만),95.92905,86.09385,95.92905,105.59742
2021-08-17 01:45:00,Chronos-2 (기록만),94.24936,84.330536,94.24936,104.01835
2021-08-17 02:00:00,Chronos-2 (기록만),95.12365,84.449165,95.12365,104.240036
2021-08-17 02:15:00,Chronos-2 (기록만),96.22397,85.29474,96.22397,105.955086
2021-08-17 02:30:00,Chronos-2 (기록만),95.40535,83.6346,95.40535,105.60042
2021-08-17 02:45:00,Chronos-2 (기록만),96.24676,84.63731,96.24676,106.42862
2021-08-17 03:00:00,Chronos-2 (기록만),89.54542,77.114876,89.54542,99.66876
2021-08-17 03:15:00,Chronos-2 (기록만),98.97288,87.232346,98.97288,108.9747
2021-08-17 03:30:00,Chronos-2 (기록만),100.042496,88.46165,100.042496,111.43149
2021-08-17 03:45:00,Chronos-2 (기록만),99.02207,86.61702,99.02207,109.52303
2021-08-17 04:00:00,Chronos-2 (기록만),98.01289,85.11624,98.01289,108.05159
2021-08-17 04:15:00,Chronos-2 (기록만),99.19347,86.18462,99.19347,109.32637
2021-08-17 04:30:00,Chronos-2 (기록만),98.64365,84.914795,98.64365,109.022385
2021-08-17 04:45:00,Chronos-2 (기록만),95.7862,80.65338,95.7862,106.36278
2021-08-17 05:00:00,Chronos-2 (기록만),80.52374,66.41889,80.52374,90.84992
2021-08-17 05:15:00,Chronos-2 (기록만),76.34284,62.221916,76.34284,85.97599
2021-08-17 05:30:00,Chronos-2 (기록만),87.74259,73.95512,87.74259,98.096115
2021-08-17 05:45:00,Chronos-2 (기록만),96.24259,81.91311,96.24259,105.9941
2021-08-17 06:00:00,Chronos-2 (기록만),98.12926,83.46709,98.12926,108.83303
2021-08-17 06:15:00,Chronos-2 (기록만),98.808395,84.19246,98.808395,109.638054
2021-08-17 06:30:00,Chronos-2 (기록만),97.98878,82.495026,97.98878,108.54817
2021-08-17 06:45:00,Chronos-2 (기록만),99.96605,82.52473,99.96605,111.58487
2021-08-17 07:00:00,Chronos-2 (기록만),103.49002,84.33586,103.49002,116.45703
2021-08-17 07:15:00,Chronos-2 (기록만),111.43297,91.40371,111.43297,126.107956
2021-08-17 07:30:00,Chronos-2 (기록만),129.2895,105.84633,129.2895,147.16214
2021-08-17 07:45:00,Chronos-2 (기록만),130.50102,104.83324,130.50102,150.7963
2021-08-17 08:00:00,Chronos-2 (기록만),153.50818,111.513596,153.50818,175.05807
2021-08-17 08:15:00,Chronos-2 (기록만),177.26953,129.27039,177.26953,198.24802
2021-08-17 08:30:00,Chronos-2 (기록만),180.57333,127.89122,180.57333,200.65878
2021-08-17 08:45:00,Chronos-2 (기록만),176.4072,125.3262,176.4072,197.40782
2021-08-17 09:00:00,Chronos-2 (기록만),171.76491,120.21675,171.76491,193.36867
2021-08-17 09:15:00,Chronos-2 (기록만),169.57355,115.86253,169.57355,192.35172
2021-08-17 09:30:00,Chronos-2 (기록만),171.2812,114.67328,171.2812,194.20207
2021-08-17 09:45:00,Chronos-2 (기록만),170.02002,114.09016,170.02002,192.97235
2021-08-17 10:00:00,Chronos-2 (기록만),141.8433,93.50592,141.8433,167.0364
2021-08-17 10:15:00,Chronos-2 (기록만),167.24414,109.657486,167.24414,190.48877
2021-08-17 10:30:00,Chronos-2 (기록만),167.91702,111.57293,167.91702,191.62106
2021-08-17 10:45:00,Chronos-2 (기록만),166.36469,108.50874,166.36469,188.83989
2021-08-17 11:00:00,Chronos-2 (기록만),165.08896,107.311966,165.08896,187.58154
2021-08-17 11:15:00,Chronos-2 (기록만),169.45776,109.270584,169.45776,191.72948
2021-08-17 11:30:00,Chronos-2 (기록만),170.85277,109.50322,170.85277,193.38849
2021-08-17 11:45:00,Chronos-2 (기록만),168.06982,107.74609,168.06982,191.02203
2021-08-17 12:00:00,Chronos-2 (기록만),114.46584,83.26564,114.46584,139.5315
2021-08-17 12:15:00,Chronos-2 (기록만),97.43592,71.26013,97.43592,116.991165
2021-08-17 12:30:00,Chronos-2 (기록만),97.719955,69.94495,97.719955,116.265076
2021-08-17 12:45:00,Chronos-2 (기록만),100.62544,70.41852,100.62544,121.99892
2021-08-17 13:00:00,Chronos-2 (기록만),149.21349,102.602936,149.21349,176.98764
2021-08-17 13:15:00,Chronos-2 (기록만),163.06119,109.61208,163.06119,190.75331
2021-08-17 13:30:00,Chronos-2 (기록만),164.5331,107.367096,164.5331,190.8995
2021-08-17 13:45:00,Chronos-2 (기록만),167.61966,110.18602,167.61966,194.68796
2021-08-17 14:00:00,Chronos-2 (기록만),163.67877,109.26311,163.67877,190.4161
2021-08-17 14:15:00,Chronos-2 (기록만),161.0149,106.57984,161.0149,185.55063
2021-08-17 14:30:00,Chronos-2 (기록만),161.58954,108.2081,161.58954,186.60384
2021-08-17 14:45:00,Chronos-2 (기록만),158.6642,105.20882,158.6642,184.94743
2021-08-17 15:00:00,Chronos-2 (기록만),129.76642,83.77072,129.76642,156.83073
2021-08-17 15:15:00,Chronos-2 (기록만),136.95384,89.732796,136.95384,162.96294
2021-08-17 15:30:00,Chronos-2 (기록만),157.52103,103.285164,157.52103,183.24217
2021-08-17 15:45:00,Chronos-2 (기록만),159.87805,103.70755,159.87805,188.01242
2021-08-17 16:00:00,Chronos-2 (기록만),160.8111,104.44362,160.8111,188.28621
2021-08-17 16:15:00,Chronos-2 (기록만),156.42813,103.12278,156.42813,186.83643
2021-08-17 16:30:00,Chronos-2 (기록만),152.67361,100.224625,152.67361,181.11932
2021-08-17 16:45:00,Chronos-2 (기록만),147.34024,98.306335,147.34024,174.97026
2021-08-17 17:00:00,Chronos-2 (기록만),112.43445,75.30351,112.43445,139.14346
2021-08-17 17:15:00,Chronos-2 (기록만),102.78046,68.61278,102.78046,130.01996
2021-08-17 17:30:00,Chronos-2 (기록만),131.01318,85.044365,131.01318,160.52611
2021-08-17 17:45:00,Chronos-2 (기록만),145.72362,91.52497,145.72362,175.09406
2021-08-17 18:00:00,Chronos-2 (기록만),147.4743,90.03,147.4743,176.92424
2021-08-17 18:15:00,Chronos-2 (기록만),147.14938,87.29559,147.14938,176.14462
2021-08-17 18:30:00,Chronos-2 (기록만),145.23422,87.71584,145.23422,174.92517
2021-08-17 18:45:00,Chronos-2 (기록만),145.34279,89.43875,145.34279,174.18858
2021-08-17 19:00:00,Chronos-2 (기록만),143.02165,87.094536,143.02165,171.6671
2021-08-17 19:15:00,Chronos-2 (기록만),137.76437,84.5508,137.76437,167.54721
2021-08-17 19:30:00,Chronos-2 (기록만),133.49358,80.330574,133.49358,160.17151
2021-08-17 19:45:00,Chronos-2 (기록만),117.16937,74.22633,117.16937,143.80109
2021-08-17 20:00:00,Chronos-2 (기록만),109.12232,80.14516,109.12232,129.02435
2021-08-17 20:15:00,Chronos-2 (기록만),113.41075,86.01439,113.41075,133.39914
2021-08-17 20:30:00,Chronos-2 (기록만),113.04999,84.68933,113.04999,132.23659
2021-08-17 20:45:00,Chronos-2 (기록만),112.37166,85.09044,112.37166,129.56604
2021-08-17 21:00:00,Chronos-2 (기록만),110.62605,84.74771,110.62605,128.5329
2021-08-17 21:15:00,Chronos-2 (기록만),108.87891,82.89583,108.87891,125.44612
2021-08-17 21:30:00,Chronos-2 (기록만),107.81759,81.39111,107.81759,123.21512
2021-08-17 21:45:00,Chronos-2 (기록만),105.91193,80.5241,105.91193,121.635254
2021-08-17 22:00:00,Chronos-2 (기록만),96.20203,73.077995,96.20203,110.93066
2021-08-17 22:15:00,Chronos-2 (기록만),102.47623,78.4732,102.47623,116.61293
2021-08-17 22:30:00,Chronos-2 (기록만),102.73863,78.44504,102.73863,116.923965
2021-08-17 22:45:00,Chronos-2 (기록만),102.71463,78.837234,102.71463,116.39093
2021-08-17 23:00:00,Chronos-2 (기록만),102.52784,79.06681,102.52784,116.109024
2021-08-17 23:15:00,Chronos-2 (기록만),101.604256,77.97614,101.604256,115.49194
2021-08-17 23:30:00,Chronos-2 (기록만),98.95826,74.49476,98.95826,112.717834
2021-08-17 23:45:00,Chronos-2 (기록만),82.099045,60.535065,82.099045,94.533
2021-08-18 00:00:00,Chronos-2 (기록만),77.92347,69.49873,77.92347,84.43052
2021-08-18 00:15:00,Chronos-2 (기록만),74.70268,66.60416,74.70268,82.45683
2021-08-18 00:30:00,Chronos-2 (기록만),72.024025,63.45716,72.024025,79.94236
2021-08-18 00:45:00,Chronos-2 (기록만),70.267105,60.87786,70.267105,78.73311
2021-08-18 01:00:00,Chronos-2 (기록만),93.023865,83.51527,93.023865,101.945335
2021-08-18 01:15:00,Chronos-2 (기록만),102.17425,92.936165,102.17425,111.18709
2021-08-18 01:30:00,Chronos-2 (기록만),103.85868,95.16296,103.85868,112.737526
2021-08-18 01:45:00,Chronos-2 (기록만),102.53163,93.52471,102.53163,112.051994
2021-08-18 02:00:00,Chronos-2 (기록만),102.20943,92.78063,102.20943,110.86888
2021-08-18 02:15:00,Chronos-2 (기록만),103.36681,93.79876,103.36681,112.2782
2021-08-18 02:30:00,Chronos-2 (기록만),103.12419,93.44505,103.12419,112.682556
2021-08-18 02:45:00,Chronos-2 (기록만),102.84943,93.17072,102.84943,112.35578
2021-08-18 03:00:00,Chronos-2 (기록만),93.737595,83.50316,93.737595,103.04047
2021-08-18 03:15:00,Chronos-2 (기록만),103.696205,93.500336,103.696205,112.8439
2021-08-18 03:30:00,Chronos-2 (기록만),105.00974,94.90554,105.00974,115.35734
2021-08-18 03:45:00,Chronos-2 (기록만),103.59634,93.28797,103.59634,113.11776
2021-08-18 04:00:00,Chronos-2 (기록만),100.52772,90.16774,100.52772,110.08939
2021-08-18 04:15:00,Chronos-2 (기록만),103.05327,92.86133,103.05327,112.87114
2021-08-18 04:30:00,Chronos-2 (기록만),103.21016,93.03418,103.21016,113.2363
2021-08-18 04:45:00,Chronos-2 (기록만),100.271065,89.388596,100.271065,109.887505
2021-08-18 05:00:00,Chronos-2 (기록만),81.96653,72.07076,81.96653,91.5325
2021-08-18 05:15:00,Chronos-2 (기록만),77.06546,67.66443,77.06546,85.92115
2021-08-18 05:30:00,Chronos-2 (기록만),90.79521,80.91301,90.79521,100.49608
2021-08-18 05:45:00,Chronos-2 (기록만),102.30765,92.06769,102.30765,111.94869
2021-08-18 06:00:00,Chronos-2 (기록만),104.56307,93.61721,104.56307,115.10551
2021-08-18 06:15:00,Chronos-2 (기록만),104.02073,92.99304,104.02073,114.06621
2021-08-18 06:30:00,Chronos-2 (기록만),103.88431,92.69002,103.88431,114.4676
2021-08-18 06:45:00,Chronos-2 (기록만),105.15028,92.94842,105.15028,116.48593
2021-08-18 07:00:00,Chronos-2 (기록만),106.105965,92.86432,106.105965,117.98167
2021-08-18 07:15:00,Chronos-2 (기록만),115.51291,101.28399,115.51291,128.15141
2021-08-18 07:30:00,Chronos-2 (기록만),139.89612,123.85637,139.89612,154.2998
2021-08-18 07:45:00,Chronos-2 (기록만),144.21255,127.84596,144.21255,159.18913
2021-08-18 08:00:00,Chronos-2 (기록만),161.60211,142.7641,161.60211,177.87494
2021-08-18 08:15:00,Chronos-2 (기록만),179.7298,161.47177,179.7298,195.999
2021-08-18 08:30:00,Chronos-2 (기록만),182.06131,162.70541,182.06131,198.06894
2021-08-18 08:45:00,Chronos-2 (기록만),178.66675,158.61386,178.66675,194.68265
2021-08-18 09:00:00,Chronos-2 (기록만),170.23978,151.2323,170.23978,186.98145
2021-08-18 09:15:00,Chronos-2 (기록만),170.242,152.24295,170.242,186.31857
2021-08-18 09:30:00,Chronos-2 (기록만),172.3876,154.42761,172.3876,188.78603
2021-08-18 09:45:00,Chronos-2 (기록만),172.01941,153.11182,172.01941,187.95538
2021-08-18 10:00:00,Chronos-2 (기록만),144.15034,126.16426,144.15034,161.46436
2021-08-18 10:15:00,Chronos-2 (기록만),171.97723,152.44212,171.97723,187.60434
2021-08-18 10:30:00,Chronos-2 (기록만),171.46585,151.25607,171.46585,187.61139
2021-08-18 10:45:00,Chronos-2 (기록만),169.79518,150.99426,169.79518,185.1789
2021-08-18 11:00:00,Chronos-2 (기록만),169.04877,150.60855,169.04877,185.30159
2021-08-18 11:15:00,Chronos-2 (기록만),174.4971,154.46236,174.4971,190.98064
2021-08-18 11:30:00,Chronos-2 (기록만),177.53354,157.6977,177.53354,193.77997
2021-08-18 11:45:00,Chronos-2 (기록만),176.79031,155.76343,176.79031,194.43025
2021-08-18 12:00:00,Chronos-2 (기록만),119.520775,102.11753,119.520775,136.82716
2021-08-18 12:15:00,Chronos-2 (기록만),102.46307,87.075195,102.46307,116.4861
2021-08-18 12:30:00,Chronos-2 (기록만),103.11153,87.02696,103.11153,117.81975
2021-08-18 12:45:00,Chronos-2 (기록만),108.85136,90.91279,108.85136,125.74855
2021-08-18 13:00:00,Chronos-2 (기록만),154.37119,131.3984,154.37119,173.986
2021-08-18 13:15:00,Chronos-2 (기록만),168.17145,146.84271,168.17145,187.30539
2021-08-18 13:30:00,Chronos-2 (기록만),171.83244,151.47626,171.83244,190.89145
2021-08-18 13:45:00,Chronos-2 (기록만),175.01355,153.24782,175.01355,193.42258
2021-08-18 14:00:00,Chronos-2 (기록만),173.07483,151.33388,173.07483,191.17378
2021-08-18 14:15:00,Chronos-2 (기록만),170.01712,147.33466,170.01712,187.59175
2021-08-18 14:30:00,Chronos-2 (기록만),169.06346,145.55215,169.06346,187.71112
2021-08-18 14:45:00,Chronos-2 (기록만),166.57663,143.56577,166.57663,185.57901
2021-08-18 15:00:00,Chronos-2 (기록만),130.46753,109.43188,130.46753,150.89993
2021-08-18 15:15:00,Chronos-2 (기록만),141.3381,120.01195,141.3381,160.86948
2021-08-18 15:30:00,Chronos-2 (기록만),165.0635,141.39441,165.0635,183.75412
2021-08-18 15:45:00,Chronos-2 (기록만),166.1311,141.59607,166.1311,186.29858
2021-08-18 16:00:00,Chronos-2 (기록만),163.2316,139.27283,163.2316,181.20338
2021-08-18 16:15:00,Chronos-2 (기록만),161.11841,137.60892,161.11841,179.68832
2021-08-18 16:30:00,Chronos-2 (기록만),160.62402,137.1246,160.62402,179.11696
2021-08-18 16:45:00,Chronos-2 (기록만),157.03723,132.74884,157.03723,176.48056
2021-08-18 17:00:00,Chronos-2 (기록만),116.769035,95.741875,116.769035,136.26108
2021-08-18 17:15:00,Chronos-2 (기록만),104.42307,84.955055,104.42307,123.96888
2021-08-18 17:30:00,Chronos-2 (기록만),140.80232,114.94752,140.80232,161.42105
2021-08-18 17:45:00,Chronos-2 (기록만),155.80698,129.01044,155.80698,176.3952
2021-08-18 18:00:00,Chronos-2 (기록만),158.70007,133.36928,158.70007,177.78241
2021-08-18 18:15:00,Chronos-2 (기록만),159.04002,136.08759,159.04002,176.97833
2021-08-18 18:30:00,Chronos-2 (기록만),157.858,134.68561,157.858,175.62048
2021-08-18 18:45:00,Chronos-2 (기록만),157.70422,136.56033,157.70422,175.23122
2021-08-18 19:00:00,Chronos-2 (기록만),152.12787,132.41187,152.12787,169.10222
2021-08-18 19:15:00,Chronos-2 (기록만),145.44028,124.40329,145.44028,162.671
2021-08-18 19:30:00,Chronos-2 (기록만),139.90614,118.8909,139.90614,157.50264
2021-08-18 19:45:00,Chronos-2 (기록만),121.22385,101.29531,121.22385,138.69814
2021-08-18 20:00:00,Chronos-2 (기록만),111.33785,94.06305,111.33785,125.984436
2021-08-18 20:15:00,Chronos-2 (기록만),116.793976,99.88254,116.793976,131.11636
2021-08-18 20:30:00,Chronos-2 (기록만),116.58504,99.85851,116.58504,130.81104
2021-08-18 20:45:00,Chronos-2 (기록만),114.734634,98.083275,114.734634,127.863815
2021-08-18 21:00:00,Chronos-2 (기록만),112.63717,96.522385,112.63717,126.155594
2021-08-18 21:15:00,Chronos-2 (기록만),109.98535,94.3978,109.98535,123.308914
2021-08-18 21:30:00,Chronos-2 (기록만),109.88498,94.826836,109.88498,122.529
2021-08-18 21:45:00,Chronos-2 (기록만),108.80117,94.04818,108.80117,121.90671
2021-08-18 22:00:00,Chronos-2 (기록만),97.689354,83.26247,97.689354,110.39745
2021-08-18 22:15:00,Chronos-2 (기록만),106.35617,91.84987,106.35617,118.79625
2021-08-18 22:30:00,Chronos-2 (기록만),107.44821,92.34934,107.44821,120.28288
2021-08-18 22:45:00,Chronos-2 (기록만),107.297424,92.72553,107.297424,119.436
2021-08-18 23:00:00,Chronos-2 (기록만),106.664444,92.25972,106.664444,118.62322
2021-08-18 23:15:00,Chronos-2 (기록만),104.73891,89.79183,104.73891,116.86447
2021-08-18 23:30:00,Chronos-2 (기록만),101.163315,85.758804,101.163315,113.31326
2021-08-18 23:45:00,Chronos-2 (기록만),82.61234,69.168144,82.61234,93.90359
2021-08-19 00:00:00,Chronos-2 (기록만),78.80867,69.4449,78.80867,86.72209
2021-08-19 00:15:00,Chronos-2 (기록만),75.07698,66.12822,75.07698,83.8346
2021-08-19 00:30:00,Chronos-2 (기록만),72.512146,63.39202,72.512146,81.26908
2021-08-19 00:45:00,Chronos-2 (기록만),71.54599,61.716946,71.54599,80.84129
2021-08-19 01:00:00,Chronos-2 (기록만),93.039856,82.62034,93.039856,103.04461
2021-08-19 01:15:00,Chronos-2 (기록만),102.586266,92.852394,102.586266,112.79039
2021-08-19 01:30:00,Chronos-2 (기록만),104.90579,95.60958,104.90579,114.72382
2021-08-19 01:45:00,Chronos-2 (기록만),105.014435,95.59562,105.014435,115.10017
2021-08-19 02:00:00,Chronos-2 (기록만),104.6528,94.9771,104.6528,114.03086
2021-08-19 02:15:00,Chronos-2 (기록만),105.69719,95.93705,105.69719,115.37182
2021-08-19 02:30:00,Chronos-2 (기록만),104.7638,94.844055,104.7638,115.043396
2021-08-19 02:45:00,Chronos-2 (기록만),103.95836,94.07115,103.95836,114.050186
2021-08-19 03:00:00,Chronos-2 (기록만),91.71512,81.032234,91.71512,101.69528
2021-08-19 03:15:00,Chronos-2 (기록만),102.73272,92.414474,102.73272,112.913086
2021-08-19 03:30:00,Chronos-2 (기록만),105.41427,95.18173,105.41427,116.30606
2021-08-19 03:45:00,Chronos-2 (기록만),105.25312,95.27524,105.25312,115.368866
2021-08-19 04:00:00,Chronos-2 (기록만),102.54607,92.50062,102.54607,112.69682
2021-08-19 04:15:00,Chronos-2 (기록만),103.73961,93.83601,103.73961,114.142815
2021-08-19 04:30:00,Chronos-2 (기록만),103.938354,93.87465,103.938354,114.517395
2021-08-19 04:45:00,Chronos-2 (기록만),99.73415,88.88964,99.73415,109.79594
2021-08-19 05:00:00,Chronos-2 (기록만),81.343864,71.78228,81.343864,91.46692
2021-08-19 05:15:00,Chronos-2 (기록만),76.62697,67.50003,76.62697,85.92662
2021-08-19 05:30:00,Chronos-2 (기록만),91.425896,81.79109,91.425896,101.81322
2021-08-19 05:45:00,Chronos-2 (기록만),103.805664,93.79059,103.805664,114.24289
2021-08-19 06:00:00,Chronos-2 (기록만),106.035934,95.612274,106.035934,117.19547
2021-08-19 06:15:00,Chronos-2 (기록만),106.10791,95.53513,106.10791,116.66771
2021-08-19 06:30:00,Chronos-2 (기록만),105.050285,94.726616,105.050285,115.920975
2021-08-19 06:45:00,Chronos-2 (기록만),107.09126,96.206085,107.09126,118.21998
2021-08-19 07:00:00,Chronos-2 (기록만),108.19108,96.857216,108.19108,119.45152
2021-08-19 07:15:00,Chronos-2 (기록만),118.43286,105.79016,118.43286,130.237
2021-08-19 07:30:00,Chronos-2 (기록만),142.5927,128.74567,142.5927,155.70758
2021-08-19 07:45:00,Chronos-2 (기록만),146.18591,132.01707,146.18591,160.2933
2021-08-19 08:00:00,Chronos-2 (기록만),164.4617,147.91919,164.4617,179.95683
2021-08-19 08:15:00,Chronos-2 (기록만),182.75269,167.3068,182.75269,197.37903
2021-08-19 08:30:00,Chronos-2 (기록만),187.12982,170.78322,187.12982,201.22614
2021-08-19 08:45:00,Chronos-2 (기록만),183.63724,168.47708,183.63724,197.78534
2021-08-19 09:00:00,Chronos-2 (기록만),177.92316,162.41417,177.92316,192.42888
2021-08-19 09:15:00,Chronos-2 (기록만),177.38852,162.36829,177.38852,192.00098
2021-08-19 09:30:00,Chronos-2 (기록만),177.69772,162.3529,177.69772,192.30475
2021-08-19 09:45:00,Chronos-2 (기록만),176.75977,160.4937,176.75977,191.27106
2021-08-19 10:00:00,Chronos-2 (기록만),148.19804,132.86446,148.19804,164.3849
2021-08-19 10:15:00,Chronos-2 (기록만),176.15662,160.14905,176.15662,190.45428
2021-08-19 10:30:00,Chronos-2 (기록만),177.75339,161.42505,177.75339,192.33691
2021-08-19 10:45:00,Chronos-2 (기록만),178.53253,162.40472,178.53253,192.427
2021-08-19 11:00:00,Chronos-2 (기록만),176.96208,161.2026,176.96208,191.66003
2021-08-19 11:15:00,Chronos-2 (기록만),180.84885,164.7778,180.84885,194.86853
2021-08-19 11:30:00,Chronos-2 (기록만),185.9902,169.76721,185.9902,200.70215
2021-08-19 11:45:00,Chronos-2 (기록만),183.33386,167.18329,183.33386,199.0027
2021-08-19 12:00:00,Chronos-2 (기록만),120.20932,104.303894,120.20932,137.34132
2021-08-19 12:15:00,Chronos-2 (기록만),101.76542,87.33797,101.76542,116.190834
2021-08-19 12:30:00,Chronos-2 (기록만),103.57949,87.91817,103.57949,118.71607
2021-08-19 12:45:00,Chronos-2 (기록만),113.40607,95.97887,113.40607,130.36176
2021-08-19 13:00:00,Chronos-2 (기록만),160.31271,139.88885,160.31271,179.42548
2021-08-19 13:15:00,Chronos-2 (기록만),172.62003,153.83443,172.62003,191.05307
2021-08-19 13:30:00,Chronos-2 (기록만),176.83682,159.65039,176.83682,194.96967
2021-08-19 13:45:00,Chronos-2 (기록만),179.86295,161.46436,179.86295,197.04715
2021-08-19 14:00:00,Chronos-2 (기록만),178.68756,160.80635,178.68756,195.40271
2021-08-19 14:15:00,Chronos-2 (기록만),175.82597,156.51532,175.82597,192.31154
2021-08-19 14:30:00,Chronos-2 (기록만),176.80435,156.893,176.80435,194.64955
2021-08-19 14:45:00,Chronos-2 (기록만),175.78503,155.65967,175.78503,194.1164
2021-08-19 15:00:00,Chronos-2 (기록만),135.31595,116.10518,135.31595,155.89084
2021-08-19 15:15:00,Chronos-2 (기록만),152.2224,131.68523,152.2224,171.58868
2021-08-19 15:30:00,Chronos-2 (기록만),174.86261,153.96335,174.86261,193.29623
2021-08-19 15:45:00,Chronos-2 (기록만),177.63776,157.50705,177.63776,195.59033
2021-08-19 16:00:00,Chronos-2 (기록만),173.02898,152.48056,173.02898,190.403
2021-08-19 16:15:00,Chronos-2 (기록만),169.48488,149.33873,169.48488,187.66415
2021-08-19 16:30:00,Chronos-2 (기록만),166.76561,146.5527,166.76561,184.54999
2021-08-19 16:45:00,Chronos-2 (기록만),162.62628,141.06757,162.62628,181.56755
2021-08-19 17:00:00,Chronos-2 (기록만),119.79475,101.32041,119.79475,138.67091
2021-08-19 17:15:00,Chronos-2 (기록만),107.95229,91.03486,107.95229,126.50678
2021-08-19 17:30:00,Chronos-2 (기록만),148.16307,127.08049,148.16307,166.57477
2021-08-19 17:45:00,Chronos-2 (기록만),163.82822,143.92125,163.82822,181.90396
2021-08-19 18:00:00,Chronos-2 (기록만),166.61185,146.82944,166.61185,183.29855
2021-08-19 18:15:00,Chronos-2 (기록만),166.85095,146.93361,166.85095,182.99806
2021-08-19 18:30:00,Chronos-2 (기록만),166.69257,147.0995,166.69257,183.4565
2021-08-19 18:45:00,Chronos-2 (기록만),164.31192,145.38148,164.31192,180.89136
2021-08-19 19:00:00,Chronos-2 (기록만),159.74663,141.57997,159.74663,176.59717
2021-08-19 19:15:00,Chronos-2 (기록만),155.20691,135.79572,155.20691,172.18823
2021-08-19 19:30:00,Chronos-2 (기록만),148.20876,130.28113,148.20876,165.40024
2021-08-19 19:45:00,Chronos-2 (기록만),128.09885,110.53549,128.09885,145.1445
2021-08-19 20:00:00,Chronos-2 (기록만),115.17556,100.99272,115.17556,129.03946
2021-08-19 20:15:00,Chronos-2 (기록만),120.47177,106.65024,120.47177,133.86438
2021-08-19 20:30:00,Chronos-2 (기록만),121.08063,107.80089,121.08063,134.77924
2021-08-19 20:45:00,Chronos-2 (기록만),118.96519,105.14989,118.96519,131.89716
2021-08-19 21:00:00,Chronos-2 (기록만),116.147194,102.675446,116.147194,129.4566
2021-08-19 21:15:00,Chronos-2 (기록만),115.19989,102.24277,115.19989,128.52608
2021-08-19 21:30:00,Chronos-2 (기록만),115.22078,102.48982,115.22078,128.18538
2021-08-19 21:45:00,Chronos-2 (기록만),113.693954,100.94954,113.693954,127.20863
2021-08-19 22:00:00,Chronos-2 (기록만),101.5623,88.19198,101.5623,115.1378
2021-08-19 22:15:00,Chronos-2 (기록만),111.84681,98.20385,111.84681,125.42976
2021-08-19 22:30:00,Chronos-2 (기록만),112.07984,98.28383,112.07984,126.13559
2021-08-19 22:45:00,Chronos-2 (기록만),111.663574,98.44548,111.663574,125.004715
2021-08-19 23:00:00,Chronos-2 (기록만),110.61273,97.54924,110.61273,123.60651
2021-08-19 23:15:00,Chronos-2 (기록만),108.44209,94.91747,108.44209,121.590836
2021-08-19 23:30:00,Chronos-2 (기록만),104.07986,90.35418,104.07986,117.389984
2021-08-19 23:45:00,Chronos-2 (기록만),86.16058,73.64055,86.16058,98.6894
2021-08-20 00:00:00,Chronos-2 (기록만),81.16572,72.36009,81.16572,88.18879
2021-08-20 00:15:00,Chronos-2 (기록만),77.27131,69.0927,77.27131,85.23263
2021-08-20 00:30:00,Chronos-2 (기록만),74.28355,65.94002,74.28355,82.18468
2021-08-20 00:45:00,Chronos-2 (기록만),71.817444,62.95886,71.817444,80.22818
2021-08-20 01:00:00,Chronos-2 (기록만),93.99984,84.64758,93.99984,102.624954
2021-08-20 01:15:00,Chronos-2 (기록만),104.86139,95.893616,104.86139,113.62883
2021-08-20 01:30:00,Chronos-2 (기록만),107.718124,99.27997,107.718124,116.25301
2021-08-20 01:45:00,Chronos-2 (기록만),108.86078,100.0915,108.86078,117.4692
2021-08-20 02:00:00,Chronos-2 (기록만),109.3033,100.69832,109.3033,117.548645
2021-08-20 02:15:00,Chronos-2 (기록만),108.88296,99.85527,108.88296,117.34267
2021-08-20 02:30:00,Chronos-2 (기록만),108.1923,99.04096,108.1923,117.411804
2021-08-20 02:45:00,Chronos-2 (기록만),109.92088,100.69758,109.92088,118.85686
2021-08-20 03:00:00,Chronos-2 (기록만),96.948845,87.15573,96.948845,105.98696
2021-08-20 03:15:00,Chronos-2 (기록만),108.89025,99.1908,108.89025,117.8712
2021-08-20 03:30:00,Chronos-2 (기록만),111.83688,102.61404,111.83688,122.00429
2021-08-20 03:45:00,Chronos-2 (기록만),110.80241,101.30179,110.80241,119.88486
2021-08-20 04:00:00,Chronos-2 (기록만),106.32825,97.28806,106.32825,115.36276
2021-08-20 04:15:00,Chronos-2 (기록만),106.987366,98.66709,106.987366,115.83201
2021-08-20 04:30:00,Chronos-2 (기록만),106.38587,97.354385,106.38587,115.50827
2021-08-20 04:45:00,Chronos-2 (기록만),102.09845,92.71912,102.09845,111.044754
2021-08-20 05:00:00,Chronos-2 (기록만),83.842354,74.886536,83.842354,92.99148
2021-08-20 05:15:00,Chronos-2 (기록만),78.63385,70.28644,78.63385,87.06989
2021-08-20 05:30:00,Chronos-2 (기록만),94.68258,85.64086,94.68258,103.939995
2021-08-20 05:45:00,Chronos-2 (기록만),106.08466,96.995735,106.08466,115.0491
2021-08-20 06:00:00,Chronos-2 (기록만),107.90126,98.60379,107.90126,117.59848
2021-08-20 06:15:00,Chronos-2 (기록만),108.64226,99.07239,108.64226,117.878174
2021-08-20 06:30:00,Chronos-2 (기록만),106.52861,97.293434,106.52861,116.00533
2021-08-20 06:45:00,Chronos-2 (기록만),106.490814,96.74043,106.490814,116.173904
2021-08-20 07:00:00,Chronos-2 (기록만),106.58894,95.66865,106.58894,116.44492
2021-08-20 07:15:00,Chronos-2 (기록만),119.379196,107.561584,119.379196,130.1244
2021-08-20 07:30:00,Chronos-2 (기록만),144.47206,131.72656,144.47206,156.61932
2021-08-20 07:45:00,Chronos-2 (기록만),148.01483,134.97798,148.01483,160.84866
2021-08-20 08:00:00,Chronos-2 (기록만),167.18466,151.57822,167.18466,180.9667
2021-08-20 08:15:00,Chronos-2 (기록만),181.4902,167.09886,181.4902,194.84648
2021-08-20 08:30:00,Chronos-2 (기록만),184.19475,168.80347,184.19475,197.06949
2021-08-20 08:45:00,Chronos-2 (기록만),178.50241,163.69319,178.50241,191.90906
2021-08-20 09:00:00,Chronos-2 (기록만),174.58871,160.08586,174.58871,188.28049
2021-08-20 09:15:00,Chronos-2 (기록만),176.3038,162.07947,176.3038,189.57214
2021-08-20 09:30:00,Chronos-2 (기록만),177.24695,162.869,177.24695,190.7376
2021-08-20 09:45:00,Chronos-2 (기록만),176.9794,161.51309,176.9794,190.2649
2021-08-20 10:00:00,Chronos-2 (기록만),146.53336,132.11328,146.53336,161.07172
2021-08-20 10:15:00,Chronos-2 (기록만),174.23462,159.10309,174.23462,187.29094
2021-08-20 10:30:00,Chronos-2 (기록만),174.60454,159.18068,174.60454,187.70183
2021-08-20 10:45:00,Chronos-2 (기록만),176.31967,161.17009,176.31967,188.91425
2021-08-20 11:00:00,Chronos-2 (기록만),175.3045,160.64764,175.3045,188.66745
2021-08-20 11:15:00,Chronos-2 (기록만),180.64365,165.78564,180.64365,193.38962
2021-08-20 11:30:00,Chronos-2 (기록만),183.68661,168.51712,183.68661,196.98679
2021-08-20 11:45:00,Chronos-2 (기록만),178.85342,163.90472,178.85342,193.38751
2021-08-20 12:00:00,Chronos-2 (기록만),117.32698,102.31261,117.32698,132.97997
2021-08-20 12:15:00,Chronos-2 (기록만),100.28073,86.392845,100.28073,113.98374
2021-08-20 12:30:00,Chronos-2 (기록만),101.16718,86.16657,101.16718,115.45685
2021-08-20 12:45:00,Chronos-2 (기록만),117.76673,100.93729,117.76673,133.22821
2021-08-20 13:00:00,Chronos-2 (기록만),165.07544,147.10892,165.07544,181.32956
2021-08-20 13:15:00,Chronos-2 (기록만),171.42639,154.34299,171.42639,187.63832
2021-08-20 13:30:00,Chronos-2 (기록만),172.66554,156.10468,172.66554,188.19533
2021-08-20 13:45:00,Chronos-2 (기록만),175.8963,159.11913,175.8963,191.12845
2021-08-20 14:00:00,Chronos-2 (기록만),177.20906,160.95471,177.20906,192.13605
2021-08-20 14:15:00,Chronos-2 (기록만),173.66753,155.5589,173.66753,188.1334
2021-08-20 14:30:00,Chronos-2 (기록만),174.6637,156.16304,174.6637,190.77948
2021-08-20 14:45:00,Chronos-2 (기록만),175.85573,157.3139,175.85573,192.58322
2021-08-20 15:00:00,Chronos-2 (기록만),137.7464,119.053406,137.7464,156.39575
2021-08-20 15:15:00,Chronos-2 (기록만),160.33853,139.48447,160.33853,178.12808
2021-08-20 15:30:00,Chronos-2 (기록만),175.90045,156.65872,175.90045,192.9849
2021-08-20 15:45:00,Chronos-2 (기록만),176.07898,157.58078,176.07898,192.57245
2021-08-20 16:00:00,Chronos-2 (기록만),172.83948,154.21861,172.83948,188.00224
2021-08-20 16:15:00,Chronos-2 (기록만),170.7858,153.51497,170.7858,186.9823
2021-08-20 16:30:00,Chronos-2 (기록만),166.7216,148.41821,166.7216,182.2728
2021-08-20 16:45:00,Chronos-2 (기록만),161.52966,142.18323,161.52966,178.28174
2021-08-20 17:00:00,Chronos-2 (기록만),120.16852,103.633514,120.16852,136.49731
2021-08-20 17:15:00,Chronos-2 (기록만),109.27992,93.889656,109.27992,124.72528
2021-08-20 17:30:00,Chronos-2 (기록만),150.30994,131.68913,150.30994,166.23422
2021-08-20 17:45:00,Chronos-2 (기록만),165.68802,146.95653,165.68802,182.22252
2021-08-20 18:00:00,Chronos-2 (기록만),164.44727,145.75542,164.44727,179.43317
2021-08-20 18:15:00,Chronos-2 (기록만),161.6838,143.60953,161.6838,176.18498
2021-08-20 18:30:00,Chronos-2 (기록만),162.98459,144.9397,162.98459,177.80902
2021-08-20 18:45:00,Chronos-2 (기록만),161.85516,144.50983,161.85516,176.22684
2021-08-20 19:00:00,Chronos-2 (기록만),156.31693,140.09778,156.31693,170.22903
2021-08-20 19:15:00,Chronos-2 (기록만),150.07971,133.89433,150.07971,163.54568
2021-08-20 19:30:00,Chronos-2 (기록만),143.14224,127.684586,143.14224,157.87148
2021-08-20 19:45:00,Chronos-2 (기록만),123.46419,107.879196,123.46419,137.53403
2021-08-20 20:00:00,Chronos-2 (기록만),113.27655,100.47586,113.27655,125.01759
2021-08-20 20:15:00,Chronos-2 (기록만),118.474014,106.35527,118.474014,129.48827
2021-08-20 20:30:00,Chronos-2 (기록만),119.26491,107.71147,119.26491,130.4866
2021-08-20 20:45:00,Chronos-2 (기록만),117.57068,105.526855,117.57068,128.0823
2021-08-20 21:00:00,Chronos-2 (기록만),115.208435,103.256386,115.208435,126.19206
2021-08-20 21:15:00,Chronos-2 (기록만),114.1581,102.618126,114.1581,125.204926
2021-08-20 21:30:00,Chronos-2 (기록만),114.05646,102.97456,114.05646,124.7471
2021-08-20 21:45:00,Chronos-2 (기록만),113.35153,102.047226,113.35153,124.36384
2021-08-20 22:00:00,Chronos-2 (기록만),100.60433,88.131165,100.60433,111.900635
2021-08-20 22:15:00,Chronos-2 (기록만),111.81511,99.89614,111.81511,122.9886
2021-08-20 22:30:00,Chronos-2 (기록만),111.37371,99.216484,111.37371,123.035324
2021-08-20 22:45:00,Chronos-2 (기록만),110.210144,98.51963,110.210144,121.16687
2021-08-20 23:00:00,Chronos-2 (기록만),109.84593,98.10939,109.84593,120.63932
2021-08-20 23:15:00,Chronos-2 (기록만),108.688,96.430405,108.688,119.66257
2021-08-20 23:30:00,Chronos-2 (기록만),104.42177,91.3265,104.42177,116.1104
2021-08-20 23:45:00,Chronos-2 (기록만),86.9188,74.34469,86.9188,98.16785
2021-08-21 00:00:00,Chronos-2 (기록만),68.94655,59.52259,68.94655,75.411476
2021-08-21 00:15:00,Chronos-2 (기록만),64.879776,53.90171,64.879776,72.38898
2021-08-21 00:30:00,Chronos-2 (기록만),62.322754,50.92669,62.322754,70.70389
2021-08-21 00:45:00,Chronos-2 (기록만),62.477077,49.93514,62.477077,71.4875
2021-08-21 01:00:00,Chronos-2 (기록만),87.106606,76.14908,87.106606,94.12161
2021-08-21 01:15:00,Chronos-2 (기록만),95.79048,84.43115,95.79048,102.70029
2021-08-21 01:30:00,Chronos-2 (기록만),99.96837,88.36598,99.96837,106.75687
2021-08-21 01:45:00,Chronos-2 (기록만),100.30354,88.34207,100.30354,106.829025
2021-08-21 02:00:00,Chronos-2 (기록만),100.814606,88.15435,100.814606,107.13396
2021-08-21 02:15:00,Chronos-2 (기록만),101.25929,87.76263,101.25929,107.85012
2021-08-21 02:30:00,Chronos-2 (기록만),99.98191,85.70632,99.98191,107.37406
2021-08-21 02:45:00,Chronos-2 (기록만),99.13866,84.44157,99.13866,106.21489
2021-08-21 03:00:00,Chronos-2 (기록만),87.38399,68.286896,87.38399,96.36416
2021-08-21 03:15:00,Chronos-2 (기록만),96.94268,78.43634,96.94268,104.77057
2021-08-21 03:30:00,Chronos-2 (기록만),98.247375,79.10681,98.247375,108.040054
2021-08-21 03:45:00,Chronos-2 (기록만),98.10747,78.50456,98.10747,106.68502
2021-08-21 04:00:00,Chronos-2 (기록만),97.132774,84.03639,97.132774,103.69998
2021-08-21 04:15:00,Chronos-2 (기록만),96.26217,82.6595,96.26217,103.03147
2021-08-21 04:30:00,Chronos-2 (기록만),96.47184,83.07215,96.47184,103.72074
2021-08-21 04:45:00,Chronos-2 (기록만),93.93702,76.82668,93.93702,99.93716
2021-08-21 05:00:00,Chronos-2 (기록만),84.94984,67.1608,84.94984,91.81734
2021-08-21 05:15:00,Chronos-2 (기록만),81.93148,61.332905,81.93148,89.45114
2021-08-21 05:30:00,Chronos-2 (기록만),88.04356,66.915695,88.04356,96.01271
2021-08-21 05:45:00,Chronos-2 (기록만),91.46789,72.34386,91.46789,99.07204
2021-08-21 06:00:00,Chronos-2 (기록만),92.23729,71.87007,92.23729,99.52792
2021-08-21 06:15:00,Chronos-2 (기록만),91.808914,67.4832,91.808914,99.4814
2021-08-21 06:30:00,Chronos-2 (기록만),89.33189,63.488014,89.33189,98.393234
2021-08-21 06:45:00,Chronos-2 (기록만),85.95728,59.18261,85.95728,95.500656
2021-08-21 07:00:00,Chronos-2 (기록만),80.609344,52.2278,80.609344,92.415245
2021-08-21 07:15:00,Chronos-2 (기록만),69.55084,39.047684,69.55084,85.46648
2021-08-21 07:30:00,Chronos-2 (기록만),38.94009,18.28112,38.94009,63.21907
2021-08-21 07:45:00,Chronos-2 (기록만),24.288841,12.4542465,24.288841,38.676937
2021-08-21 08:00:00,Chronos-2 (기록만),22.20259,20.597588,22.20259,24.574448
2021-08-21 08:15:00,Chronos-2 (기록만),22.011269,20.604576,22.011269,23.555267
2021-08-21 08:30:00,Chronos-2 (기록만),22.271034,20.611748,22.271034,23.998077
2021-08-21 08:45:00,Chronos-2 (기록만),22.027634,20.819092,22.027634,23.661285
2021-08-21 09:00:00,Chronos-2 (기록만),21.856995,20.807152,21.856995,23.528664
2021-08-21 09:15:00,Chronos-2 (기록만),21.951042,20.514297,21.951042,23.853271
2021-08-21 09:30:00,Chronos-2 (기록만),21.836617,20.519966,21.836617,23.616653
2021-08-21 09:45:00,Chronos-2 (기록만),22.110542,20.532028,22.110542,23.74746
2021-08-21 10:00:00,Chronos-2 (기록만),22.014153,20.79081,22.014153,23.350235
2021-08-21 10:15:00,Chronos-2 (기록만),22.093178,20.834358,22.093178,23.93409
2021-08-21 10:30:00,Chronos-2 (기록만),22.285309,20.92643,22.285309,23.822319
2021-08-21 10:45:00,Chronos-2 (기록만),22.236565,20.857979,22.236565,23.781158
2021-08-21 11:00:00,Chronos-2 (기록만),22.43866,21.08831,22.43866,24.14141
2021-08-21 11:15:00,Chronos-2 (기록만),22.33332,20.763649,22.33332,24.446182
2021-08-21 11:30:00,Chronos-2 (기록만),22.56054,21.000328,22.56054,24.809631
2021-08-21 11:45:00,Chronos-2 (기록만),22.302383,20.730408,22.302383,24.197433
2021-08-21 12:00:00,Chronos-2 (기록만),22.513222,20.820732,22.513222,24.282806
2021-08-21 12:15:00,Chronos-2 (기록만),22.308426,20.648361,22.308426,24.43679
2021-08-21 12:30:00,Chronos-2 (기록만),22.33017,20.662216,22.33017,24.064957
2021-08-21 12:45:00,Chronos-2 (기록만),22.404015,21.335503,22.404015,24.099983
2021-08-21 13:00:00,Chronos-2 (기록만),21.948097,21.19114,21.948097,23.79921
2021-08-21 13:15:00,Chronos-2 (기록만),22.189919,20.685616,22.189919,24.441002
2021-08-21 13:30:00,Chronos-2 (기록만),22.232635,20.983986,22.232635,24.17125
2021-08-21 13:45:00,Chronos-2 (기록만),22.45037,20.885384,22.45037,24.341957
2021-08-21 14:00:00,Chronos-2 (기록만),22.09034,20.75277,22.09034,24.10328
2021-08-21 14:15:00,Chronos-2 (기록만),22.577942,21.216225,22.577942,24.587181
2021-08-21 14:30:00,Chronos-2 (기록만),22.488358,20.897812,22.488358,24.06475
2021-08-21 14:45:00,Chronos-2 (기록만),22.61065,20.921875,22.61065,24.62732
2021-08-21 15:00:00,Chronos-2 (기록만),22.77745,21.212029,22.77745,24.999382
2021-08-21 15:15:00,Chronos-2 (기록만),22.799995,21.126717,22.799995,24.577515
2021-08-21 15:30:00,Chronos-2 (기록만),22.529884,21.03749,22.529884,24.638374
2021-08-21 15:45:00,Chronos-2 (기록만),22.434052,20.994888,22.434052,24.205307
2021-08-21 16:00:00,Chronos-2 (기록만),22.64663,21.207703,22.64663,24.818504
2021-08-21 16:15:00,Chronos-2 (기록만),22.509918,20.935165,22.509918,25.137894
2021-08-21 16:30:00,Chronos-2 (기록만),22.510956,20.983002,22.510956,24.907188
2021-08-21 16:45:00,Chronos-2 (기록만),22.452194,21.486984,22.452194,24.475754
2021-08-21 17:00:00,Chronos-2 (기록만),22.038033,21.428268,22.038033,23.955017
2021-08-21 17:15:00,Chronos-2 (기록만),22.152649,21.13652,22.152649,24.394821
2021-08-21 17:30:00,Chronos-2 (기록만),22.212463,21.197792,22.212463,24.173248
2021-08-21 17:45:00,Chronos-2 (기록만),22.401566,20.982697,22.401566,24.752548
2021-08-21 18:00:00,Chronos-2 (기록만),22.042015,20.855484,22.042015,24.596512
2021-08-21 18:15:00,Chronos-2 (기록만),22.39492,21.126083,22.39492,25.062363
2021-08-21 18:30:00,Chronos-2 (기록만),22.369232,20.967445,22.369232,24.458603
2021-08-21 18:45:00,Chronos-2 (기록만),22.527397,21.118645,22.527397,24.95044
2021-08-21 19:00:00,Chronos-2 (기록만),22.848465,21.292976,22.848465,25.412209
2021-08-21 19:15:00,Chronos-2 (기록만),22.630928,21.1223,22.630928,24.662567
2021-08-21 19:30:00,Chronos-2 (기록만),22.17495,21.171738,22.17495,24.268265
2021-08-21 19:45:00,Chronos-2 (기록만),21.884369,20.61377,21.884369,23.658508
2021-08-21 20:00:00,Chronos-2 (기록만),22.2807,20.637222,22.2807,24.386925
2021-08-21 20:15:00,Chronos-2 (기록만),22.185432,20.708038,22.185432,24.657082
2021-08-21 20:30:00,Chronos-2 (기록만),22.293442,20.682938,22.293442,24.58899
2021-08-21 20:45:00,Chronos-2 (기록만),22.467049,21.28054,22.467049,24.290916
2021-08-21 21:00:00,Chronos-2 (기록만),22.353912,21.160797,22.353912,24.281052
2021-08-21 21:15:00,Chronos-2 (기록만),22.46067,21.04583,22.46067,25.021927
2021-08-21 21:30:00,Chronos-2 (기록만),22.407799,21.162575,22.407799,24.747116
2021-08-21 21:45:00,Chronos-2 (기록만),22.44284,21.039871,22.44284,24.769989
2021-08-21 22:00:00,Chronos-2 (기록만),22.365768,21.020699,22.365768,24.044235
2021-08-21 22:15:00,Chronos-2 (기록만),22.665733,21.30745,22.665733,25.115242
2021-08-21 22:30:00,Chronos-2 (기록만),22.648354,20.95977,22.648354,24.701172
2021-08-21 22:45:00,Chronos-2 (기록만),22.687218,21.107437,22.687218,25.072441
2021-08-21 23:00:00,Chronos-2 (기록만),22.81456,21.254768,22.81456,25.235527
2021-08-21 23:15:00,Chronos-2 (기록만),22.639671,21.205994,22.639671,24.711487
2021-08-21 23:30:00,Chronos-2 (기록만),22.342339,21.080788,22.342339,24.345581
2021-08-21 23:45:00,Chronos-2 (기록만),21.8899,20.736244,21.8899,23.666603
2021-08-22 00:00:00,Chronos-2 (기록만),22.495216,21.301704,22.495216,23.620872
2021-08-22 00:15:00,Chronos-2 (기록만),22.44815,21.390213,22.44815,23.612846
2021-08-22 00:30:00,Chronos-2 (기록만),22.522644,21.348122,22.522644,23.38858
2021-08-22 00:45:00,Chronos-2 (기록만),22.35376,21.235138,22.35376,23.32145
2021-08-22 01:00:00,Chronos-2 (기록만),22.334053,21.441483,22.334053,23.431587
2021-08-22 01:15:00,Chronos-2 (기록만),22.56514,21.463287,22.56514,23.86435
2021-08-22 01:30:00,Chronos-2 (기록만),22.5792,21.634056,22.5792,23.714127
2021-08-22 01:45:00,Chronos-2 (기록만),22.563194,21.447739,22.563194,23.844444
2021-08-22 02:00:00,Chronos-2 (기록만),22.520927,21.511848,22.520927,23.686493
2021-08-22 02:15:00,Chronos-2 (기록만),22.730865,21.472183,22.730865,23.8693
2021-08-22 02:30:00,Chronos-2 (기록만),22.70311,21.493797,22.70311,23.60402
2021-08-22 02:45:00,Chronos-2 (기록만),22.764725,21.603546,22.764725,23.773705
2021-08-22 03:00:00,Chronos-2 (기록만),22.832878,21.76258,22.832878,23.987572
2021-08-22 03:15:00,Chronos-2 (기록만),22.799622,21.582123,22.799622,23.776634
2021-08-22 03:30:00,Chronos-2 (기록만),22.544693,21.582443,22.544693,23.508812
2021-08-22 03:45:00,Chronos-2 (기록만),22.475037,21.510963,22.475037,23.538048
2021-08-22 04:00:00,Chronos-2 (기록만),22.726425,21.531487,22.726425,24.13086
2021-08-22 04:15:00,Chronos-2 (기록만),22.715157,21.530495,22.715157,24.241364
2021-08-22 04:30:00,Chronos-2 (기록만),22.7258,21.46991,22.7258,23.966019
2021-08-22 04:45:00,Chronos-2 (기록만),22.525223,21.362923,22.525223,23.849182
2021-08-22 05:00:00,Chronos-2 (기록만),22.502213,21.472862,22.502213,23.81923
2021-08-22 05:15:00,Chronos-2 (기록만),22.619408,21.458008,22.619408,24.13617
2021-08-22 05:30:00,Chronos-2 (기록만),22.609772,21.724823,22.609772,23.916763
2021-08-22 05:45:00,Chronos-2 (기록만),22.536644,21.475761,22.536644,23.99633
2021-08-22 06:00:00,Chronos-2 (기록만),22.449883,21.417389,22.449883,23.820389
2021-08-22 06:15:00,Chronos-2 (기록만),22.632545,21.312943,22.632545,24.011765
2021-08-22 06:30:00,Chronos-2 (기록만),22.622025,21.390625,22.622025,23.683464
2021-08-22 06:45:00,Chronos-2 (기록만),22.642578,21.475647,22.642578,23.753326
2021-08-22 07:00:00,Chronos-2 (기록만),22.73555,21.579147,22.73555,24.100266
2021-08-22 07:15:00,Chronos-2 (기록만),22.635551,21.41391,22.635551,23.77626
2021-08-22 07:30:00,Chronos-2 (기록만),22.375244,21.369926,22.375244,23.514824
2021-08-22 07:45:00,Chronos-2 (기록만),22.34111,21.332634,22.34111,23.61119
2021-08-22 08:00:00,Chronos-2 (기록만),22.588272,21.342682,22.588272,23.98632
2021-08-22 08:15:00,Chronos-2 (기록만),22.67482,21.501877,22.67482,24.187859
2021-08-22 08:30:00,Chronos-2 (기록만),22.793457,21.536438,22.793457,24.115974
2021-08-22 08:45:00,Chronos-2 (기록만),22.662506,21.509651,22.662506,24.062279
2021-08-22 09:00:00,Chronos-2 (기록만),22.657112,21.632858,22.657112,23.95346
2021-08-22 09:15:00,Chronos-2 (기록만),22.738297,21.55951,22.738297,24.253654
2021-08-22 09:30:00,Chronos-2 (기록만),22.644218,21.62954,22.644218,23.908043
2021-08-22 09:45:00,Chronos-2 (기록만),22.547829,21.494125,22.547829,23.896584
2021-08-22 10:00:00,Chronos-2 (기록만),22.420174,21.428406,22.420174,23.62735
2021-08-22 10:15:00,Chronos-2 (기록만),22.633987,21.357979,22.633987,23.877892
2021-08-22 10:30:00,Chronos-2 (기록만),22.654366,21.418144,22.654366,23.664185
2021-08-22 10:45:00,Chronos-2 (기록만),22.738228,21.581383,22.738228,23.789627
2021-08-22 11:00:00,Chronos-2 (기록만),22.898079,21.727219,22.898079,24.15094
2021-08-22 11:15:00,Chronos-2 (기록만),22.796982,21.572021,22.796982,23.92051
2021-08-22 11:30:00,Chronos-2 (기록만),22.58805,21.573128,22.58805,23.720451
2021-08-22 11:45:00,Chronos-2 (기록만),22.496338,21.535683,22.496338,23.5764
2021-08-22 12:00:00,Chronos-2 (기록만),22.622437,21.486343,22.622437,23.883339
2021-08-22 12:15:00,Chronos-2 (기록만),22.584396,21.479317,22.584396,23.904915
2021-08-22 12:30:00,Chronos-2 (기록만),22.613777,21.42604,22.613777,23.668701
2021-08-22 12:45:00,Chronos-2 (기록만),22.415627,21.30629,22.415627,23.557274
2021-08-22 13:00:00,Chronos-2 (기록만),22.370789,21.447609,22.370789,23.493118
2021-08-22 13:15:00,Chronos-2 (기록만),22.486717,21.435898,22.486717,23.785461
2021-08-22 13:30:00,Chronos-2 (기록만),22.438698,21.514137,22.438698,23.484612
2021-08-22 13:45:00,Chronos-2 (기록만),22.416107,21.390495,22.416107,23.630676
2021-08-22 14:00:00,Chronos-2 (기록만),22.341469,21.414352,22.341469,23.51284
2021-08-22 14:15:00,Chronos-2 (기록만),22.599487,21.433151,22.599487,23.76641
2021-08-22 14:30:00,Chronos-2 (기록만),22.631027,21.469215,22.631027,23.5943
2021-08-22 14:45:00,Chronos-2 (기록만),22.714645,21.643013,22.714645,23.722137
2021-08-22 15:00:00,Chronos-2 (기록만),22.843475,21.760925,22.843475,23.968315
2021-08-22 15:15:00,Chronos-2 (기록만),22.74099,21.538193,22.74099,23.703545
2021-08-22 15:30:00,Chronos-2 (기록만),22.466003,21.539536,22.466003,23.446083
2021-08-22 15:45:00,Chronos-2 (기록만),22.354736,21.470596,22.354736,23.355759
2021-08-22 16:00:00,Chronos-2 (기록만),22.735611,21.536957,22.735611,24.138893
2021-08-22 16:15:00,Chronos-2 (기록만),22.669441,21.521446,22.669441,24.165138
2021-08-22 16:30:00,Chronos-2 (기록만),22.556679,21.314095,22.556679,23.781311
2021-08-22 16:45:00,Chronos-2 (기록만),22.245522,21.128723,22.245522,23.52652
2021-08-22 17:00:00,Chronos-2 (기록만),22.170364,21.231934,22.170364,23.333885
2021-08-22 17:15:00,Chronos-2 (기록만),22.307526,21.218475,22.307526,23.654083
2021-08-22 17:30:00,Chronos-2 (기록만),22.272865,21.493889,22.272865,23.387627
2021-08-22 17:45:00,Chronos-2 (기록만),22.243736,21.172607,22.243736,23.551727
2021-08-22 18:00:00,Chronos-2 (기록만),22.209908,21.209145,22.209908,23.454056
2021-08-22 18:15:00,Chronos-2 (기록만),22.382591,21.178871,22.382591,23.652145
2021-08-22 18:30:00,Chronos-2 (기록만),22.433472,21.23346,22.433472,23.460548
2021-08-22 18:45:00,Chronos-2 (기록만),22.518898,21.408325,22.518898,23.56475
2021-08-22 19:00:00,Chronos-2 (기록만),22.717003,21.59768,22.717003,23.984749
2021-08-22 19:15:00,Chronos-2 (기록만),22.738129,21.451317,22.738129,23.903206
2021-08-22 19:30:00,Chronos-2 (기록만),22.503609,21.542488,22.503609,23.712715
2021-08-22 19:45:00,Chronos-2 (기록만),22.461533,21.44291,22.461533,23.708855
2021-08-22 20:00:00,Chronos-2 (기록만),22.586441,21.368866,22.586441,23.901268
2021-08-22 20:15:00,Chronos-2 (기록만),22.534966,21.421288,22.534966,23.936882
2021-08-22 20:30:00,Chronos-2 (기록만),22.57058,21.346771,22.57058,23.690437
2021-08-22 20:45:00,Chronos-2 (기록만),22.330559,21.177773,22.330559,23.555023
2021-08-22 21:00:00,Chronos-2 (기록만),22.341301,21.379585,22.341301,23.52494
2021-08-22 21:15:00,Chronos-2 (기록만),22.510117,21.415741,22.510117,23.943321
2021-08-22 21:30:00,Chronos-2 (기록만),22.508553,21.650879,22.508553,23.727798
2021-08-22 21:45:00,Chronos-2 (기록만),22.454216,21.428955,22.454216,23.786148
2021-08-22 22:00:00,Chronos-2 (기록만),22.429955,21.511436,22.429955,23.608772
2021-08-22 22:15:00,Chronos-2 (기록만),22.727402,21.497887,22.727402,23.992561
2021-08-22 22:30:00,Chronos-2 (기록만),22.79004,21.601738,22.79004,23.80024
2021-08-22 22:45:00,Chronos-2 (기록만),22.925575,21.77076,22.925575,23.998848
2021-08-22 23:00:00,Chronos-2 (기록만),23.076157,21.936142,23.076157,24.280968
2021-08-22 23:15:00,Chronos-2 (기록만),22.951828,21.78408,22.951828,24.094666
2021-08-22 23:30:00,Chronos-2 (기록만),22.555634,21.679573,22.555634,23.587364
2021-08-22 23:45:00,Chronos-2 (기록만),22.34774,21.447517,22.34774,23.303383
2021-08-23 00:00:00,Chronos-2 (기록만),22.940231,21.283684,22.940231,25.122894
2021-08-23 00:15:00,Chronos-2 (기록만),22.827728,21.256706,22.827728,25.005684
2021-08-23 00:30:00,Chronos-2 (기록만),22.799286,21.215988,22.799286,24.628277
2021-08-23 00:45:00,Chronos-2 (기록만),22.61251,21.000061,22.61251,24.51363
2021-08-23 01:00:00,Chronos-2 (기록만),22.451035,21.083572,22.451035,24.364319
2021-08-23 01:15:00,Chronos-2 (기록만),22.618393,21.101242,22.618393,24.898762
2021-08-23 01:30:00,Chronos-2 (기록만),22.6101,21.404747,22.6101,24.604504
2021-08-23 01:45:00,Chronos-2 (기록만),22.486656,20.935776,22.486656,24.667538
2021-08-23 02:00:00,Chronos-2 (기록만),22.39898,20.938522,22.39898,24.436893
2021-08-23 02:15:00,Chronos-2 (기록만),22.774033,20.947853,22.774033,24.550465
2021-08-23 02:30:00,Chronos-2 (기록만),22.685387,21.050346,22.685387,24.437717
2021-08-23 02:45:00,Chronos-2 (기록만),22.788002,21.125893,22.788002,24.72313
2021-08-23 03:00:00,Chronos-2 (기록만),22.786858,21.382576,22.786858,24.859531
2021-08-23 03:15:00,Chronos-2 (기록만),22.751816,21.188622,22.751816,24.64346
2021-08-23 03:30:00,Chronos-2 (기록만),22.39009,21.029778,22.39009,24.2118
2021-08-23 03:45:00,Chronos-2 (기록만),22.272926,20.911682,22.272926,24.003159
2021-08-23 04:00:00,Chronos-2 (기록만),23.709122,21.950089,23.709122,25.110191
2021-08-23 04:15:00,Chronos-2 (기록만),23.747963,22.28366,23.747963,25.538136
2021-08-23 04:30:00,Chronos-2 (기록만),23.435707,21.83638,23.435707,24.862904
2021-08-23 04:45:00,Chronos-2 (기록만),23.304237,21.791191,23.304237,24.83609
2021-08-23 05:00:00,Chronos-2 (기록만),23.199524,21.96936,23.199524,24.698078
2021-08-23 05:15:00,Chronos-2 (기록만),23.329193,21.759506,23.329193,24.562511
2021-08-23 05:30:00,Chronos-2 (기록만),23.255585,21.759369,23.255585,24.735794
2021-08-23 05:45:00,Chronos-2 (기록만),23.07483,21.499435,23.07483,25.035877
2021-08-23 06:00:00,Chronos-2 (기록만),23.25447,21.741745,23.25447,24.680393
2021-08-23 06:15:00,Chronos-2 (기록만),23.281296,21.3265,23.281296,24.718891
2021-08-23 06:30:00,Chronos-2 (기록만),23.190727,21.207008,23.190727,24.674118
2021-08-23 06:45:00,Chronos-2 (기록만),23.180496,21.12281,23.180496,25.373867
2021-08-23 07:00:00,Chronos-2 (기록만),24.075348,21.039024,24.075348,27.880306
2021-08-23 07:15:00,Chronos-2 (기록만),37.831303,24.56216,37.831303,53.771446
2021-08-23 07:30:00,Chronos-2 (기록만),72.077065,47.993523,72.077065,90.60128
2021-08-23 07:45:00,Chronos-2 (기록만),123.62317,95.12507,123.62317,144.23225
2021-08-23 08:00:00,Chronos-2 (기록만),169.18442,143.38335,169.18442,187.91174
2021-08-23 08:15:00,Chronos-2 (기록만),185.51067,162.1637,185.51067,203.4852
2021-08-23 08:30:00,Chronos-2 (기록만),185.14508,160.73213,185.14508,202.27016
2021-08-23 08:45:00,Chronos-2 (기록만),180.34967,154.81781,180.34967,197.48718
2021-08-23 09:00:00,Chronos-2 (기록만),176.6177,152.08182,176.6177,194.0382
2021-08-23 09:15:00,Chronos-2 (기록만),176.59161,153.42307,176.59161,194.5339
2021-08-23 09:30:00,Chronos-2 (기록만),178.12424,155.45822,178.12424,196.83762
2021-08-23 09:45:00,Chronos-2 (기록만),177.09137,152.63562,177.09137,195.21573
2021-08-23 10:00:00,Chronos-2 (기록만),148.44345,123.67598,148.44345,167.26607
2021-08-23 10:15:00,Chronos-2 (기록만),173.49841,148.53818,173.49841,190.86093
2021-08-23 10:30:00,Chronos-2 (기록만),173.6719,146.2238,173.6719,192.31601
2021-08-23 10:45:00,Chronos-2 (기록만),175.16458,149.93367,175.16458,192.98817
2021-08-23 11:00:00,Chronos-2 (기록만),175.15436,149.9277,175.15436,193.95346
2021-08-23 11:15:00,Chronos-2 (기록만),177.30865,150.4198,177.30865,195.17477
2021-08-23 11:30:00,Chronos-2 (기록만),177.70465,151.4648,177.70465,195.56601
2021-08-23 11:45:00,Chronos-2 (기록만),173.32825,145.91339,173.32825,192.67297
2021-08-23 12:00:00,Chronos-2 (기록만),126.45442,92.15511,126.45442,149.83676
2021-08-23 12:15:00,Chronos-2 (기록만),105.49503,74.51523,105.49503,128.12573
2021-08-23 12:30:00,Chronos-2 (기록만),104.24311,72.434395,104.24311,127.03701
2021-08-23 12:45:00,Chronos-2 (기록만),119.09659,84.14379,119.09659,142.79088
2021-08-23 13:00:00,Chronos-2 (기록만),164.58064,126.044266,164.58064,185.3718
2021-08-23 13:15:00,Chronos-2 (기록만),170.99417,133.94081,170.99417,192.10721
2021-08-23 13:30:00,Chronos-2 (기록만),171.70914,134.47002,171.70914,192.81364
2021-08-23 13:45:00,Chronos-2 (기록만),173.91125,135.62752,173.91125,193.56886
2021-08-23 14:00:00,Chronos-2 (기록만),173.44531,134.3937,173.44531,192.8588
2021-08-23 14:15:00,Chronos-2 (기록만),170.92538,133.84071,170.92538,189.22885
2021-08-23 14:30:00,Chronos-2 (기록만),176.11638,135.59834,176.11638,195.92839
2021-08-23 14:45:00,Chronos-2 (기록만),172.23035,133.95929,172.23035,192.79497
2021-08-23 15:00:00,Chronos-2 (기록만),136.60791,97.96301,136.60791,157.90715
2021-08-23 15:15:00,Chronos-2 (기록만),158.22131,117.96761,158.22131,178.68198
2021-08-23 15:30:00,Chronos-2 (기록만),168.35028,129.86758,168.35028,188.52356
2021-08-23 15:45:00,Chronos-2 (기록만),165.84262,128.37854,165.84262,187.05794
2021-08-23 16:00:00,Chronos-2 (기록만),168.72195,121.50902,168.72195,189.46638
2021-08-23 16:15:00,Chronos-2 (기록만),170.05112,121.422676,170.05112,190.96582
2021-08-23 16:30:00,Chronos-2 (기록만),170.72583,118.52263,170.72583,192.37668
2021-08-23 16:45:00,Chronos-2 (기록만),166.6925,111.76593,166.6925,186.62659
2021-08-23 17:00:00,Chronos-2 (기록만),141.59016,86.722496,141.59016,166.33127
2021-08-23 17:15:00,Chronos-2 (기록만),132.8001,72.360054,132.8001,157.60626
2021-08-23 17:30:00,Chronos-2 (기록만),150.5007,83.1847,150.5007,172.82153
2021-08-23 17:45:00,Chronos-2 (기록만),158.7626,88.77794,158.7626,182.0393
2021-08-23 18:00:00,Chronos-2 (기록만),158.50606,87.87646,158.50606,182.2607
2021-08-23 18:15:00,Chronos-2 (기록만),155.64728,78.14466,155.64728,179.03511
2021-08-23 18:30:00,Chronos-2 (기록만),154.04776,79.51609,154.04776,178.40375
2021-08-23 18:45:00,Chronos-2 (기록만),152.17644,75.53979,152.17644,175.17639
2021-08-23 19:00:00,Chronos-2 (기록만),152.45679,76.1067,152.45679,176.08136
2021-08-23 19:15:00,Chronos-2 (기록만),149.39932,73.31966,149.39932,173.92752
2021-08-23 19:30:00,Chronos-2 (기록만),140.73239,68.30833,140.73239,163.38211
2021-08-23 19:45:00,Chronos-2 (기록만),124.00177,60.602585,124.00177,145.68219
2021-08-23 20:00:00,Chronos-2 (기록만),109.21376,73.32153,109.21376,125.597336
2021-08-23 20:15:00,Chronos-2 (기록만),116.41918,83.210884,116.41918,131.55853
2021-08-23 20:30:00,Chronos-2 (기록만),117.800285,83.38341,117.800285,132.17856
2021-08-23 20:45:00,Chronos-2 (기록만),116.6059,83.80719,116.6059,130.52007
2021-08-23 21:00:00,Chronos-2 (기록만),116.0394,85.86279,116.0394,130.43561
2021-08-23 21:15:00,Chronos-2 (기록만),115.98062,85.769,115.98062,129.54752
2021-08-23 21:30:00,Chronos-2 (기록만),115.86197,85.14079,115.86197,128.80202
2021-08-23 21:45:00,Chronos-2 (기록만),112.80438,84.26163,112.80438,125.42705
2021-08-23 22:00:00,Chronos-2 (기록만),100.7383,71.083664,100.7383,113.27436
2021-08-23 22:15:00,Chronos-2 (기록만),109.49909,83.6306,109.49909,121.10503
2021-08-23 22:30:00,Chronos-2 (기록만),110.1583,82.84546,110.1583,122.175674
2021-08-23 22:45:00,Chronos-2 (기록만),109.74245,84.28977,109.74245,121.11784
2021-08-23 23:00:00,Chronos-2 (기록만),108.61693,84.07364,108.61693,120.271675
2021-08-23 23:15:00,Chronos-2 (기록만),109.38315,82.812836,109.38315,120.36293
2021-08-23 23:30:00,Chronos-2 (기록만),103.14468,74.60148,103.14468,116.259926
2021-08-23 23:45:00,Chronos-2 (기록만),86.258385,58.226288,86.258385,98.93541
2021-08-24 00:00:00,Chronos-2 (기록만),69.25519,62.357018,69.25519,74.66253
2021-08-24 00:15:00,Chronos-2 (기록만),66.56923,59.44255,66.56923,72.87321
2021-08-24 00:30:00,Chronos-2 (기록만),64.55373,56.96158,64.55373,71.03446
2021-08-24 00:45:00,Chronos-2 (기록만),62.742424,54.723457,62.742424,69.86849
2021-08-24 01:00:00,Chronos-2 (기록만),87.978134,79.95444,87.978134,95.11369
2021-08-24 01:15:00,Chronos-2 (기록만),97.489174,89.675934,97.489174,104.71184
2021-08-24 01:30:00,Chronos-2 (기록만),99.82473,92.61967,99.82473,107.17937
2021-08-24 01:45:00,Chronos-2 (기록만),99.93881,92.43788,99.93881,107.50823
2021-08-24 02:00:00,Chronos-2 (기록만),100.67708,92.914955,100.67708,107.66283
2021-08-24 02:15:00,Chronos-2 (기록만),101.14065,93.20571,101.14065,108.221466
2021-08-24 02:30:00,Chronos-2 (기록만),101.071976,92.978065,101.071976,108.784004
2021-08-24 02:45:00,Chronos-2 (기록만),100.930405,93.059784,100.930405,108.62086
2021-08-24 03:00:00,Chronos-2 (기록만),89.36854,81.05031,89.36854,96.52507
2021-08-24 03:15:00,Chronos-2 (기록만),99.25408,91.40303,99.25408,106.49168
2021-08-24 03:30:00,Chronos-2 (기록만),101.151024,93.12844,101.151024,109.027214
2021-08-24 03:45:00,Chronos-2 (기록만),100.68032,92.73732,100.68032,108.26378
2021-08-24 04:00:00,Chronos-2 (기록만),99.376625,90.310135,99.376625,107.36927
2021-08-24 04:15:00,Chronos-2 (기록만),100.8031,92.231606,100.8031,109.188835
2021-08-24 04:30:00,Chronos-2 (기록만),99.54215,90.75581,99.54215,107.49123
2021-08-24 04:45:00,Chronos-2 (기록만),95.76875,86.120094,95.76875,103.55893
2021-08-24 05:00:00,Chronos-2 (기록만),76.89693,68.18382,76.89693,84.91041
2021-08-24 05:15:00,Chronos-2 (기록만),72.63703,64.106895,72.63703,79.866035
2021-08-24 05:30:00,Chronos-2 (기록만),90.114136,81.16593,90.114136,97.95926
2021-08-24 05:45:00,Chronos-2 (기록만),100.95349,92.43383,100.95349,108.46037
2021-08-24 06:00:00,Chronos-2 (기록만),103.04226,94.09584,103.04226,110.88799
2021-08-24 06:15:00,Chronos-2 (기록만),103.708115,94.57232,103.708115,111.36461
2021-08-24 06:30:00,Chronos-2 (기록만),101.83436,92.87848,101.83436,109.41596
2021-08-24 06:45:00,Chronos-2 (기록만),101.40682,91.99647,101.40682,109.24405
2021-08-24 07:00:00,Chronos-2 (기록만),103.81484,93.58291,103.81484,112.17791
2021-08-24 07:15:00,Chronos-2 (기록만),116.41962,104.87007,116.41962,125.80451
2021-08-24 07:30:00,Chronos-2 (기록만),139.74036,127.1658,139.74036,150.72261
2021-08-24 07:45:00,Chronos-2 (기록만),140.04935,127.74963,140.04935,151.79741
2021-08-24 08:00:00,Chronos-2 (기록만),162.37427,144.18143,162.37427,177.00354
2021-08-24 08:15:00,Chronos-2 (기록만),178.40121,161.55994,178.40121,191.84662
2021-08-24 08:30:00,Chronos-2 (기록만),180.88582,163.19244,180.88582,194.10214
2021-08-24 08:45:00,Chronos-2 (기록만),176.75348,158.67484,176.75348,190.33316
2021-08-24 09:00:00,Chronos-2 (기록만),171.67546,154.64984,171.67546,185.95459
2021-08-24 09:15:00,Chronos-2 (기록만),171.62733,155.14569,171.62733,184.99681
2021-08-24 09:30:00,Chronos-2 (기록만),175.54617,159.3565,175.54617,189.65135
2021-08-24 09:45:00,Chronos-2 (기록만),175.4739,157.67987,175.4739,189.06256
2021-08-24 10:00:00,Chronos-2 (기록만),144.92484,127.70003,144.92484,160.82788
2021-08-24 10:15:00,Chronos-2 (기록만),173.09476,155.26852,173.09476,186.63043
2021-08-24 10:30:00,Chronos-2 (기록만),174.97614,155.91469,174.97614,189.02518
2021-08-24 10:45:00,Chronos-2 (기록만),175.23923,157.7041,175.23923,188.33551
2021-08-24 11:00:00,Chronos-2 (기록만),176.14276,159.00018,176.14276,190.39374
2021-08-24 11:15:00,Chronos-2 (기록만),181.7403,163.84717,181.7403,195.48825
2021-08-24 11:30:00,Chronos-2 (기록만),183.27391,165.77727,183.27391,197.24347
2021-08-24 11:45:00,Chronos-2 (기록만),179.54028,161.24518,179.54028,194.18115
2021-08-24 12:00:00,Chronos-2 (기록만),117.173355,99.51,117.173355,134.72005
2021-08-24 12:15:00,Chronos-2 (기록만),98.89636,82.608604,98.89636,114.41526
2021-08-24 12:30:00,Chronos-2 (기록만),101.57418,83.863045,101.57418,117.386246
2021-08-24 12:45:00,Chronos-2 (기록만),122.58205,102.35267,122.58205,140.84401
2021-08-24 13:00:00,Chronos-2 (기록만),168.4034,146.85121,168.4034,184.8165
2021-08-24 13:15:00,Chronos-2 (기록만),173.09929,153.39139,173.09929,189.63477
2021-08-24 13:30:00,Chronos-2 (기록만),174.42474,155.87044,174.42474,190.67072
2021-08-24 13:45:00,Chronos-2 (기록만),179.33029,159.85599,179.33029,194.70752
2021-08-24 14:00:00,Chronos-2 (기록만),176.75946,157.12122,176.75946,191.8771
2021-08-24 14:15:00,Chronos-2 (기록만),173.00009,151.97687,173.00009,187.89072
2021-08-24 14:30:00,Chronos-2 (기록만),174.82117,152.56606,174.82117,191.25587
2021-08-24 14:45:00,Chronos-2 (기록만),174.89896,153.18726,174.89896,191.6818
2021-08-24 15:00:00,Chronos-2 (기록만),136.41922,114.21145,136.41922,156.66101
2021-08-24 15:15:00,Chronos-2 (기록만),163.52284,138.48648,163.52284,182.2575
2021-08-24 15:30:00,Chronos-2 (기록만),173.73763,150.60602,173.73763,191.08868
2021-08-24 15:45:00,Chronos-2 (기록만),175.7255,153.8757,175.7255,191.97006
2021-08-24 16:00:00,Chronos-2 (기록만),172.3407,149.95174,172.3407,187.16214
2021-08-24 16:15:00,Chronos-2 (기록만),170.98111,149.65381,170.98111,187.00975
2021-08-24 16:30:00,Chronos-2 (기록만),166.22621,144.60088,166.22621,181.6549
2021-08-24 16:45:00,Chronos-2 (기록만),159.95798,137.06442,159.95798,176.4266
2021-08-24 17:00:00,Chronos-2 (기록만),120.32899,99.05939,120.32899,137.85
2021-08-24 17:15:00,Chronos-2 (기록만),107.782,88.13161,107.782,125.78294
2021-08-24 17:30:00,Chronos-2 (기록만),146.55502,121.38181,146.55502,163.7189
2021-08-24 17:45:00,Chronos-2 (기록만),160.5925,135.13022,160.5925,177.65233
2021-08-24 18:00:00,Chronos-2 (기록만),159.97278,134.54942,159.97278,175.6059
2021-08-24 18:15:00,Chronos-2 (기록만),159.28592,135.59917,159.28592,175.12524
2021-08-24 18:30:00,Chronos-2 (기록만),160.11057,135.8905,160.11057,176.45097
2021-08-24 18:45:00,Chronos-2 (기록만),158.28448,134.8019,158.28448,173.79099
2021-08-24 19:00:00,Chronos-2 (기록만),153.31126,131.14381,153.31126,168.62448
2021-08-24 19:15:00,Chronos-2 (기록만),147.60138,125.36336,147.60138,163.30823
2021-08-24 19:30:00,Chronos-2 (기록만),144.4023,123.44145,144.4023,159.46909
2021-08-24 19:45:00,Chronos-2 (기록만),126.33408,106.48173,126.33408,141.1538
2021-08-24 20:00:00,Chronos-2 (기록만),114.122795,101.28032,114.122795,125.48078
2021-08-24 20:15:00,Chronos-2 (기록만),120.883545,108.17874,120.883545,131.37802
2021-08-24 20:30:00,Chronos-2 (기록만),121.91168,109.64671,121.91168,132.54948
2021-08-24 20:45:00,Chronos-2 (기록만),118.78374,106.470474,118.78374,128.6859
2021-08-24 21:00:00,Chronos-2 (기록만),115.9861,103.74405,115.9861,126.39949
2021-08-24 21:15:00,Chronos-2 (기록만),114.35066,102.16907,114.35066,125.0744
2021-08-24 21:30:00,Chronos-2 (기록만),114.24554,102.291695,114.24554,124.64829
2021-08-24 21:45:00,Chronos-2 (기록만),113.269806,101.35408,113.269806,123.97648
2021-08-24 22:00:00,Chronos-2 (기록만),99.537384,86.9163,99.537384,110.25931
2021-08-24 22:15:00,Chronos-2 (기록만),111.03066,98.86249,111.03066,121.29472
2021-08-24 22:30:00,Chronos-2 (기록만),111.06791,98.48132,111.06791,121.93805
2021-08-24 22:45:00,Chronos-2 (기록만),109.85671,97.870026,109.85671,120.02597
2021-08-24 23:00:00,Chronos-2 (기록만),109.05429,97.35397,109.05429,118.816284
2021-08-24 23:15:00,Chronos-2 (기록만),107.12402,94.89634,107.12402,116.96246
2021-08-24 23:30:00,Chronos-2 (기록만),103.03946,90.869484,103.03946,112.606735
2021-08-24 23:45:00,Chronos-2 (기록만),85.7111,74.32225,85.7111,95.19512
2021-08-25 00:00:00,Chronos-2 (기록만),73.88894,67.461975,73.88894,79.63003
2021-08-25 00:15:00,Chronos-2 (기록만),70.53552,64.442245,70.53552,76.79634
2021-08-25 00:30:00,Chronos-2 (기록만),68.30278,61.846153,68.30278,74.565315
2021-08-25 00:45:00,Chronos-2 (기록만),66.38126,59.712185,66.38126,73.09245
2021-08-25 01:00:00,Chronos-2 (기록만),91.164406,84.02013,91.164406,98.05165
2021-08-25 01:15:00,Chronos-2 (기록만),101.60428,94.3388,101.60428,108.69525
2021-08-25 01:30:00,Chronos-2 (기록만),104.20333,97.43447,104.20333,111.59666
2021-08-25 01:45:00,Chronos-2 (기록만),104.50303,97.4219,104.50303,112.20414
2021-08-25 02:00:00,Chronos-2 (기록만),104.60057,97.58444,104.60057,111.56761
2021-08-25 02:15:00,Chronos-2 (기록만),105.04777,97.83355,105.04777,112.030106
2021-08-25 02:30:00,Chronos-2 (기록만),104.71024,97.449196,104.71024,112.20592
2021-08-25 02:45:00,Chronos-2 (기록만),105.383804,98.07606,105.383804,112.887985
2021-08-25 03:00:00,Chronos-2 (기록만),92.991425,85.29552,92.991425,100.245186
2021-08-25 03:15:00,Chronos-2 (기록만),103.59592,96.01706,103.59592,111.04457
2021-08-25 03:30:00,Chronos-2 (기록만),106.0385,98.52466,106.0385,114.19085
2021-08-25 03:45:00,Chronos-2 (기록만),104.80098,97.19696,104.80098,112.34172
2021-08-25 04:00:00,Chronos-2 (기록만),103.9959,96.895294,103.9959,111.37223
2021-08-25 04:15:00,Chronos-2 (기록만),105.41359,98.59696,105.41359,113.03501
2021-08-25 04:30:00,Chronos-2 (기록만),103.29093,95.55695,103.29093,110.84929
2021-08-25 04:45:00,Chronos-2 (기록만),100.26066,91.88588,100.26066,107.76192
2021-08-25 05:00:00,Chronos-2 (기록만),80.03229,72.74755,80.03229,87.49665
2021-08-25 05:15:00,Chronos-2 (기록만),75.130035,68.11587,75.130035,81.93498
2021-08-25 05:30:00,Chronos-2 (기록만),93.36667,85.96395,93.36667,100.85199
2021-08-25 05:45:00,Chronos-2 (기록만),104.27571,96.82314,104.27571,111.64396
2021-08-25 06:00:00,Chronos-2 (기록만),108.07526,100.253075,108.07526,115.98924
2021-08-25 06:15:00,Chronos-2 (기록만),108.55385,100.55405,108.55385,116.17534
2021-08-25 06:30:00,Chronos-2 (기록만),106.83713,98.84011,106.83713,114.68083
2021-08-25 06:45:00,Chronos-2 (기록만),108.677414,100.32796,108.677414,116.70192
2021-08-25 07:00:00,Chronos-2 (기록만),110.13823,101.38127,110.13823,118.330826
2021-08-25 07:15:00,Chronos-2 (기록만),119.917625,110.237274,119.917625,128.63872
2021-08-25 07:30:00,Chronos-2 (기록만),144.54694,134.59372,144.54694,154.76501
2021-08-25 07:45:00,Chronos-2 (기록만),145.02336,134.36745,145.02336,155.90417
2021-08-25 08:00:00,Chronos-2 (기록만),167.80096,153.77753,167.80096,180.79411
2021-08-25 08:15:00,Chronos-2 (기록만),185.02579,171.57127,185.02579,197.28229
2021-08-25 08:30:00,Chronos-2 (기록만),187.9422,173.40674,187.9422,199.67499
2021-08-25 08:45:00,Chronos-2 (기록만),184.30951,170.60664,184.30951,196.2243
2021-08-25 09:00:00,Chronos-2 (기록만),178.25739,164.70699,178.25739,190.6944
2021-08-25 09:15:00,Chronos-2 (기록만),178.35501,165.04504,178.35501,190.40523
2021-08-25 09:30:00,Chronos-2 (기록만),179.03334,165.61386,179.03334,190.85553
2021-08-25 09:45:00,Chronos-2 (기록만),180.31795,165.9505,180.31795,192.35852
2021-08-25 10:00:00,Chronos-2 (기록만),150.11375,136.32544,150.11375,163.40411
2021-08-25 10:15:00,Chronos-2 (기록만),177.57162,163.48459,177.57162,189.52927
2021-08-25 10:30:00,Chronos-2 (기록만),178.10797,163.44272,178.10797,190.02565
2021-08-25 10:45:00,Chronos-2 (기록만),178.7226,164.76758,178.7226,189.91837
2021-08-25 11:00:00,Chronos-2 (기록만),179.04913,165.56476,179.04913,191.21219
2021-08-25 11:15:00,Chronos-2 (기록만),185.43436,171.77444,185.43436,196.90042
2021-08-25 11:30:00,Chronos-2 (기록만),187.73334,173.89017,187.73334,199.68277
2021-08-25 11:45:00,Chronos-2 (기록만),184.0813,170.19997,184.0813,197.19263
2021-08-25 12:00:00,Chronos-2 (기록만),120.380745,106.64458,120.380745,134.4079
2021-08-25 12:15:00,Chronos-2 (기록만),102.36569,88.95423,102.36569,114.96309
2021-08-25 12:30:00,Chronos-2 (기록만),102.56934,88.04753,102.56934,115.68896
2021-08-25 12:45:00,Chronos-2 (기록만),124.12427,107.95666,124.12427,138.53786
2021-08-25 13:00:00,Chronos-2 (기록만),171.04402,154.10248,171.04402,185.6507
2021-08-25 13:15:00,Chronos-2 (기록만),176.50447,160.24677,176.50447,191.25418
2021-08-25 13:30:00,Chronos-2 (기록만),178.70486,163.38092,178.70486,193.2807
2021-08-25 13:45:00,Chronos-2 (기록만),183.23766,167.16718,183.23766,197.34738
2021-08-25 14:00:00,Chronos-2 (기록만),183.18575,167.84294,183.18575,197.00232
2021-08-25 14:15:00,Chronos-2 (기록만),179.11162,161.88434,179.11162,192.34982
2021-08-25 14:30:00,Chronos-2 (기록만),180.35315,162.60762,180.35315,195.03531
2021-08-25 14:45:00,Chronos-2 (기록만),181.93513,164.73663,181.93513,197.38324
2021-08-25 15:00:00,Chronos-2 (기록만),138.45587,120.90991,138.45587,156.36859
2021-08-25 15:15:00,Chronos-2 (기록만),169.81908,149.4609,169.81908,186.9458
2021-08-25 15:30:00,Chronos-2 (기록만),180.05142,160.68207,180.05142,196.20953
2021-08-25 15:45:00,Chronos-2 (기록만),183.4737,165.89822,183.4737,198.71873
2021-08-25 16:00:00,Chronos-2 (기록만),180.15927,163.6555,180.15927,193.8561
2021-08-25 16:15:00,Chronos-2 (기록만),177.60185,161.20502,177.60185,192.71063
2021-08-25 16:30:00,Chronos-2 (기록만),172.70726,154.66576,172.70726,187.30432
2021-08-25 16:45:00,Chronos-2 (기록만),166.92993,146.95656,166.92993,182.7171
2021-08-25 17:00:00,Chronos-2 (기록만),123.72037,106.446625,123.72037,139.98038
2021-08-25 17:15:00,Chronos-2 (기록만),110.58983,94.59933,110.58983,126.15625
2021-08-25 17:30:00,Chronos-2 (기록만),153.70236,133.48816,153.70236,169.57832
2021-08-25 17:45:00,Chronos-2 (기록만),166.37485,146.17049,166.37485,182.55588
2021-08-25 18:00:00,Chronos-2 (기록만),165.99765,146.0356,165.99765,180.70044
2021-08-25 18:15:00,Chronos-2 (기록만),165.06174,146.16177,165.06174,179.51794
2021-08-25 18:30:00,Chronos-2 (기록만),164.4156,145.45747,164.4156,179.01837
2021-08-25 18:45:00,Chronos-2 (기록만),162.80078,145.27858,162.80078,176.73909
2021-08-25 19:00:00,Chronos-2 (기록만),158.57819,141.98718,158.57819,172.54733
2021-08-25 19:15:00,Chronos-2 (기록만),151.93056,134.65771,151.93056,165.56131
2021-08-25 19:30:00,Chronos-2 (기록만),147.78868,131.93869,147.78868,162.13486
2021-08-25 19:45:00,Chronos-2 (기록만),128.75856,113.011765,128.75856,142.53839
2021-08-25 20:00:00,Chronos-2 (기록만),115.80461,105.55291,115.80461,126.31415
2021-08-25 20:15:00,Chronos-2 (기록만),123.139786,113.135544,123.139786,132.65337
2021-08-25 20:30:00,Chronos-2 (기록만),124.085175,113.712746,124.085175,133.94049
2021-08-25 20:45:00,Chronos-2 (기록만),120.75521,110.846405,120.75521,129.98056
2021-08-25 21:00:00,Chronos-2 (기록만),117.499016,107.69086,117.499016,127.10191
2021-08-25 21:15:00,Chronos-2 (기록만),116.15325,106.472374,116.15325,126.13419
2021-08-25 21:30:00,Chronos-2 (기록만),115.63939,105.90621,115.63939,125.35822
2021-08-25 21:45:00,Chronos-2 (기록만),115.58156,105.66515,115.58156,125.46677
2021-08-25 22:00:00,Chronos-2 (기록만),103.110916,92.53285,103.110916,112.905754
2021-08-25 22:15:00,Chronos-2 (기록만),114.16617,104.00145,114.16617,123.82086
2021-08-25 22:30:00,Chronos-2 (기록만),113.095184,102.76362,113.095184,123.17026
2021-08-25 22:45:00,Chronos-2 (기록만),111.54783,101.76089,111.54783,120.999214
2021-08-25 23:00:00,Chronos-2 (기록만),109.056946,99.42197,109.056946,118.492966
2021-08-25 23:15:00,Chronos-2 (기록만),107.6233,97.91951,107.6233,117.01116
2021-08-25 23:30:00,Chronos-2 (기록만),106.17716,96.08716,106.17716,115.54402
2021-08-25 23:45:00,Chronos-2 (기록만),87.35298,77.945816,87.35298,96.307304
2021-08-26 00:00:00,Chronos-2 (기록만),73.90411,66.860344,73.90411,80.402336
2021-08-26 00:15:00,Chronos-2 (기록만),71.39577,64.417305,71.39577,78.19094
2021-08-26 00:30:00,Chronos-2 (기록만),69.24598,62.10858,69.24598,75.89921
2021-08-26 00:45:00,Chronos-2 (기록만),67.25273,60.10205,67.25273,74.30144
2021-08-26 01:00:00,Chronos-2 (기록만),90.88847,83.50129,90.88847,97.87792
2021-08-26 01:15:00,Chronos-2 (기록만),103.21119,95.476326,103.21119,110.875755
2021-08-26 01:30:00,Chronos-2 (기록만),104.93024,97.76605,104.93024,112.55206
2021-08-26 01:45:00,Chronos-2 (기록만),105.426926,98.07446,105.426926,113.27356
2021-08-26 02:00:00,Chronos-2 (기록만),106.30278,99.019554,106.30278,113.41676
2021-08-26 02:15:00,Chronos-2 (기록만),106.30023,98.72461,106.30023,113.46132
2021-08-26 02:30:00,Chronos-2 (기록만),105.0644,97.38657,105.0644,112.6279
2021-08-26 02:45:00,Chronos-2 (기록만),106.206184,98.598694,106.206184,113.8963
2021-08-26 03:00:00,Chronos-2 (기록만),93.58789,85.55836,93.58789,101.00068
2021-08-26 03:15:00,Chronos-2 (기록만),104.26062,96.174934,104.26062,112.23938
2021-08-26 03:30:00,Chronos-2 (기록만),106.54343,98.65518,106.54343,114.91046
2021-08-26 03:45:00,Chronos-2 (기록만),106.2762,98.45557,106.2762,114.015396
2021-08-26 04:00:00,Chronos-2 (기록만),106.326584,98.5085,106.326584,114.19827
2021-08-26 04:15:00,Chronos-2 (기록만),107.343994,99.79078,107.343994,115.55961
2021-08-26 04:30:00,Chronos-2 (기록만),105.24188,96.98653,105.24188,113.55699
2021-08-26 04:45:00,Chronos-2 (기록만),101.03558,92.4555,101.03558,108.95688
2021-08-26 05:00:00,Chronos-2 (기록만),81.64485,73.92415,81.64485,89.47559
2021-08-26 05:15:00,Chronos-2 (기록만),75.68134,68.18267,75.68134,82.92158
2021-08-26 05:30:00,Chronos-2 (기록만),92.63495,84.75475,92.63495,100.50313
2021-08-26 05:45:00,Chronos-2 (기록만),105.27255,97.264366,105.27255,113.12167
2021-08-26 06:00:00,Chronos-2 (기록만),108.47903,99.984924,108.47903,117.12238
2021-08-26 06:15:00,Chronos-2 (기록만),108.69809,100.05266,108.69809,116.94803
2021-08-26 06:30:00,Chronos-2 (기록만),105.76734,97.339165,105.76734,114.3159
2021-08-26 06:45:00,Chronos-2 (기록만),107.37452,98.62333,107.37452,115.760025
2021-08-26 07:00:00,Chronos-2 (기록만),108.85493,99.68194,108.85493,117.447815
2021-08-26 07:15:00,Chronos-2 (기록만),121.256294,110.8499,121.256294,130.40987
2021-08-26 07:30:00,Chronos-2 (기록만),144.4218,133.88457,144.4218,154.72943
2021-08-26 07:45:00,Chronos-2 (기록만),145.29182,134.19226,145.29182,156.172
2021-08-26 08:00:00,Chronos-2 (기록만),164.81033,150.95059,164.81033,177.49245
2021-08-26 08:15:00,Chronos-2 (기록만),180.76465,167.26477,180.76465,192.7428
2021-08-26 08:30:00,Chronos-2 (기록만),183.50684,168.76538,183.50684,195.18512
2021-08-26 08:45:00,Chronos-2 (기록만),179.35587,164.96194,179.35587,191.3909
2021-08-26 09:00:00,Chronos-2 (기록만),172.51028,159.38785,172.51028,185.52112
2021-08-26 09:15:00,Chronos-2 (기록만),174.5759,161.21379,174.5759,186.41095
2021-08-26 09:30:00,Chronos-2 (기록만),175.97464,162.67484,175.97464,187.72229
2021-08-26 09:45:00,Chronos-2 (기록만),177.05312,162.73886,177.05312,188.89638
2021-08-26 10:00:00,Chronos-2 (기록만),149.88934,136.28693,149.88934,162.9578
2021-08-26 10:15:00,Chronos-2 (기록만),175.40736,161.4361,175.40736,187.1531
2021-08-26 10:30:00,Chronos-2 (기록만),176.7785,162.27145,176.7785,188.82141
2021-08-26 10:45:00,Chronos-2 (기록만),177.97092,164.01938,177.97092,189.30875
2021-08-26 11:00:00,Chronos-2 (기록만),177.4359,163.82446,177.4359,189.67587
2021-08-26 11:15:00,Chronos-2 (기록만),181.39452,167.5867,181.39452,192.83694
2021-08-26 11:30:00,Chronos-2 (기록만),184.69525,170.83026,184.69525,196.5784
2021-08-26 11:45:00,Chronos-2 (기록만),181.53918,167.79579,181.53918,194.51175
2021-08-26 12:00:00,Chronos-2 (기록만),119.06865,106.00873,119.06865,132.33987
2021-08-26 12:15:00,Chronos-2 (기록만),100.53083,87.964386,100.53083,112.77814
2021-08-26 12:30:00,Chronos-2 (기록만),101.497574,87.48076,101.497574,114.24231
2021-08-26 12:45:00,Chronos-2 (기록만),122.55051,106.87241,122.55051,136.43222
2021-08-26 13:00:00,Chronos-2 (기록만),168.16214,151.8966,168.16214,182.30286
2021-08-26 13:15:00,Chronos-2 (기록만),173.56717,158.14668,173.56717,187.88486
2021-08-26 13:30:00,Chronos-2 (기록만),174.52829,159.69762,174.52829,188.42581
2021-08-26 13:45:00,Chronos-2 (기록만),178.60712,163.38821,178.60712,192.05983
2021-08-26 14:00:00,Chronos-2 (기록만),179.39766,165.03152,179.39766,192.55643
2021-08-26 14:15:00,Chronos-2 (기록만),174.50598,157.94427,174.50598,187.14728
2021-08-26 14:30:00,Chronos-2 (기록만),176.77614,160.14142,176.77614,190.77292
2021-08-26 14:45:00,Chronos-2 (기록만),178.62914,162.63007,178.62914,193.20135
2021-08-26 15:00:00,Chronos-2 (기록만),137.65222,121.30583,137.65222,154.06633
2021-08-26 15:15:00,Chronos-2 (기록만),168.02255,149.65784,168.02255,183.71274
2021-08-26 15:30:00,Chronos-2 (기록만),175.98175,157.90468,175.98175,190.97977
2021-08-26 15:45:00,Chronos-2 (기록만),179.14688,162.46764,179.14688,193.69952
2021-08-26 16:00:00,Chronos-2 (기록만),173.52493,157.09158,173.52493,187.42305
2021-08-26 16:15:00,Chronos-2 (기록만),171.68073,155.71622,171.68073,186.70718
2021-08-26 16:30:00,Chronos-2 (기록만),167.73376,150.25925,167.73376,182.16412
2021-08-26 16:45:00,Chronos-2 (기록만),163.3006,144.60016,163.3006,178.71667
2021-08-26 17:00:00,Chronos-2 (기록만),123.797,107.65468,123.797,139.22939
2021-08-26 17:15:00,Chronos-2 (기록만),111.846794,96.80518,111.846794,126.88336
2021-08-26 17:30:00,Chronos-2 (기록만),150.91489,132.54935,150.91489,166.01575
2021-08-26 17:45:00,Chronos-2 (기록만),163.05473,145.26779,163.05473,178.1492
2021-08-26 18:00:00,Chronos-2 (기록만),163.26483,145.19794,163.26483,177.07246
2021-08-26 18:15:00,Chronos-2 (기록만),162.46667,145.21773,162.46667,176.08618
2021-08-26 18:30:00,Chronos-2 (기록만),162.95508,145.66704,162.95508,176.85574
2021-08-26 18:45:00,Chronos-2 (기록만),161.67398,145.29617,161.67398,175.1613
2021-08-26 19:00:00,Chronos-2 (기록만),157.22885,141.64166,157.22885,170.86172
2021-08-26 19:15:00,Chronos-2 (기록만),151.18268,134.6933,151.18268,165.03195
2021-08-26 19:30:00,Chronos-2 (기록만),146.88934,131.73264,146.88934,160.97983
2021-08-26 19:45:00,Chronos-2 (기록만),128.90659,114.00815,128.90659,142.26782
2021-08-26 20:00:00,Chronos-2 (기록만),114.94086,104.17885,114.94086,125.36554
2021-08-26 20:15:00,Chronos-2 (기록만),121.83095,111.58533,121.83095,131.62416
2021-08-26 20:30:00,Chronos-2 (기록만),122.87833,112.779144,122.87833,132.93964
2021-08-26 20:45:00,Chronos-2 (기록만),121.0029,110.92215,121.0029,130.43883
2021-08-26 21:00:00,Chronos-2 (기록만),118.15395,108.322945,118.15395,127.80211
2021-08-26 21:15:00,Chronos-2 (기록만),118.27051,108.57052,118.27051,128.19937
2021-08-26 21:30:00,Chronos-2 (기록만),117.347534,107.635605,117.347534,127.08301
2021-08-26 21:45:00,Chronos-2 (기록만),116.313255,106.41821,116.313255,126.4033
2021-08-26 22:00:00,Chronos-2 (기록만),105.58524,95.11126,105.58524,115.43936
2021-08-26 22:15:00,Chronos-2 (기록만),114.62567,104.385124,114.62567,124.35885
2021-08-26 22:30:00,Chronos-2 (기록만),113.42807,103.04955,113.42807,123.43878
2021-08-26 22:45:00,Chronos-2 (기록만),113.27102,103.49936,113.27102,122.87024
2021-08-26 23:00:00,Chronos-2 (기록만),111.73033,102.07415,111.73033,121.1664
2021-08-26 23:15:00,Chronos-2 (기록만),109.93007,100.12033,109.93007,119.297424
2021-08-26 23:30:00,Chronos-2 (기록만),107.068756,97.05604,107.068756,116.36723
2021-08-26 23:45:00,Chronos-2 (기록만),87.99415,78.625595,87.99415,97.065094
2021-08-27 00:00:00,Chronos-2 (기록만),77.19751,70.3943,77.19751,83.329384
2021-08-27 00:15:00,Chronos-2 (기록만),74.62535,68.05697,74.62535,81.182556
2021-08-27 00:30:00,Chronos-2 (기록만),72.824486,66.162865,72.824486,79.20331
2021-08-27 00:45:00,Chronos-2 (기록만),70.03555,63.14053,70.03555,76.74439
2021-08-27 01:00:00,Chronos-2 (기록만),93.65122,86.45425,93.65122,100.29174
2021-08-27 01:15:00,Chronos-2 (기록만),106.630035,99.109535,106.630035,113.80573
2021-08-27 01:30:00,Chronos-2 (기록만),108.35976,101.50987,108.35976,115.6728
2021-08-27 01:45:00,Chronos-2 (기록만),108.29664,101.21457,108.29664,115.91651
2021-08-27 02:00:00,Chronos-2 (기록만),109.973785,103.0858,109.973785,116.85629
2021-08-27 02:15:00,Chronos-2 (기록만),109.830086,102.53682,109.830086,116.808975
2021-08-27 02:30:00,Chronos-2 (기록만),108.721954,101.32103,108.721954,116.18331
2021-08-27 02:45:00,Chronos-2 (기록만),110.928055,103.487404,110.928055,118.34078
2021-08-27 03:00:00,Chronos-2 (기록만),96.03291,88.411,96.03291,103.33222
2021-08-27 03:15:00,Chronos-2 (기록만),106.44219,98.65662,106.44219,114.25049
2021-08-27 03:30:00,Chronos-2 (기록만),108.57248,100.77387,108.57248,116.748215
2021-08-27 03:45:00,Chronos-2 (기록만),108.541916,100.804344,108.541916,116.123634
2021-08-27 04:00:00,Chronos-2 (기록만),108.831345,101.49295,108.831345,116.566956
2021-08-27 04:15:00,Chronos-2 (기록만),110.07875,103.11096,110.07875,117.938156
2021-08-27 04:30:00,Chronos-2 (기록만),108.33892,100.49729,108.33892,116.45759
2021-08-27 04:45:00,Chronos-2 (기록만),104.63986,96.77852,104.63986,112.43388
2021-08-27 05:00:00,Chronos-2 (기록만),84.372116,76.9646,84.372116,92.12964
2021-08-27 05:15:00,Chronos-2 (기록만),78.66269,71.47412,78.66269,85.78105
2021-08-27 05:30:00,Chronos-2 (기록만),96.06425,88.2737,96.06425,103.94866
2021-08-27 05:45:00,Chronos-2 (기록만),108.139114,100.428116,108.139114,115.9177
2021-08-27 06:00:00,Chronos-2 (기록만),108.75001,100.93522,108.75001,117.0206
2021-08-27 06:15:00,Chronos-2 (기록만),108.20723,100.15893,108.20723,115.968925
2021-08-27 06:30:00,Chronos-2 (기록만),106.77574,98.95451,106.77574,115.03371
2021-08-27 06:45:00,Chronos-2 (기록만),110.59395,102.31063,110.59395,118.60403
2021-08-27 07:00:00,Chronos-2 (기록만),113.335815,104.48871,113.335815,121.74877
2021-08-27 07:15:00,Chronos-2 (기록만),126.83502,116.78627,126.83502,135.58452
2021-08-27 07:30:00,Chronos-2 (기록만),149.98564,139.69162,149.98564,160.82523
2021-08-27 07:45:00,Chronos-2 (기록만),148.81863,137.95377,148.81863,159.66745
2021-08-27 08:00:00,Chronos-2 (기록만),170.36957,156.85226,170.36957,183.01318
2021-08-27 08:15:00,Chronos-2 (기록만),186.4342,173.4828,186.4342,198.18692
2021-08-27 08:30:00,Chronos-2 (기록만),188.71548,174.56676,188.71548,200.04059
2021-08-27 08:45:00,Chronos-2 (기록만),186.1973,173.11772,186.1973,197.81244
2021-08-27 09:00:00,Chronos-2 (기록만),180.1806,166.99998,180.1806,192.59644
2021-08-27 09:15:00,Chronos-2 (기록만),181.90355,168.94415,181.90355,194.00462
2021-08-27 09:30:00,Chronos-2 (기록만),182.27518,169.23611,182.27518,194.22925
2021-08-27 09:45:00,Chronos-2 (기록만),184.39877,170.15753,184.39877,196.5021
2021-08-27 10:00:00,Chronos-2 (기록만),154.35135,140.67665,154.35135,167.74207
2021-08-27 10:15:00,Chronos-2 (기록만),181.78226,168.01276,181.78226,193.41559
2021-08-27 10:30:00,Chronos-2 (기록만),182.62427,168.53447,182.62427,194.49539
2021-08-27 10:45:00,Chronos-2 (기록만),184.42438,170.51743,184.42438,195.74084
2021-08-27 11:00:00,Chronos-2 (기록만),183.59404,170.08214,183.59404,195.92386
2021-08-27 11:15:00,Chronos-2 (기록만),187.77264,174.2519,187.77264,199.10516
2021-08-27 11:30:00,Chronos-2 (기록만),190.5228,176.88911,190.5228,202.21432
2021-08-27 11:45:00,Chronos-2 (기록만),187.58258,174.13547,187.58258,200.2966
2021-08-27 12:00:00,Chronos-2 (기록만),122.241394,108.85282,122.241394,136.13263
2021-08-27 12:15:00,Chronos-2 (기록만),102.33957,89.66088,102.33957,114.889114
2021-08-27 12:30:00,Chronos-2 (기록만),103.77431,89.85264,103.77431,116.66501
2021-08-27 12:45:00,Chronos-2 (기록만),127.77203,112.57936,127.77203,141.74622
2021-08-27 13:00:00,Chronos-2 (기록만),174.00224,157.5557,174.00224,188.33025
2021-08-27 13:15:00,Chronos-2 (기록만),179.24907,163.49371,179.24907,193.849
2021-08-27 13:30:00,Chronos-2 (기록만),181.2139,166.40933,181.2139,195.69559
2021-08-27 13:45:00,Chronos-2 (기록만),185.52203,169.85611,185.52203,199.39294
2021-08-27 14:00:00,Chronos-2 (기록만),184.52625,169.42099,184.52625,197.97668
2021-08-27 14:15:00,Chronos-2 (기록만),180.61787,163.51431,180.61787,193.52783
2021-08-27 14:30:00,Chronos-2 (기록만),183.52484,166.42879,183.52484,197.9484
2021-08-27 14:45:00,Chronos-2 (기록만),185.37979,169.26598,185.37979,199.98454
2021-08-27 15:00:00,Chronos-2 (기록만),142.33951,125.16504,142.33951,159.7943
2021-08-27 15:15:00,Chronos-2 (기록만),175.20914,156.10553,175.20914,191.25693
2021-08-27 15:30:00,Chronos-2 (기록만),183.19617,164.40137,183.19617,198.56921
2021-08-27 15:45:00,Chronos-2 (기록만),185.68616,168.76938,185.68616,200.22713
2021-08-27 16:00:00,Chronos-2 (기록만),180.45667,164.43846,180.45667,193.36209
2021-08-27 16:15:00,Chronos-2 (기록만),177.61365,162.19118,177.61365,191.66643
2021-08-27 16:30:00,Chronos-2 (기록만),172.0928,155.36713,172.0928,185.59344
2021-08-27 16:45:00,Chronos-2 (기록만),165.495,148.17221,165.495,180.31622
2021-08-27 17:00:00,Chronos-2 (기록만),124.31951,109.45021,124.31951,138.71611
2021-08-27 17:15:00,Chronos-2 (기록만),114.62996,100.7619,114.62996,128.10005
2021-08-27 17:30:00,Chronos-2 (기록만),156.54626,139.74545,156.54626,170.56525
2021-08-27 17:45:00,Chronos-2 (기록만),170.17612,152.97734,170.17612,184.63449
2021-08-27 18:00:00,Chronos-2 (기록만),168.20058,150.6588,168.20058,181.21417
2021-08-27 18:15:00,Chronos-2 (기록만),166.94907,149.85558,166.94907,179.87233
2021-08-27 18:30:00,Chronos-2 (기록만),167.35004,150.06558,167.35004,180.69473
2021-08-27 18:45:00,Chronos-2 (기록만),166.16272,149.372,166.16272,179.48288
2021-08-27 19:00:00,Chronos-2 (기록만),160.03584,144.00046,160.03584,173.44638
2021-08-27 19:15:00,Chronos-2 (기록만),151.36185,134.26245,151.36185,165.06976
2021-08-27 19:30:00,Chronos-2 (기록만),146.86081,130.62502,146.86081,161.6278
2021-08-27 19:45:00,Chronos-2 (기록만),123.411545,107.95582,123.411545,136.9191
2021-08-27 20:00:00,Chronos-2 (기록만),110.24252,99.34697,110.24252,120.7222
2021-08-27 20:15:00,Chronos-2 (기록만),118.374855,108.291885,118.374855,128.0786
2021-08-27 20:30:00,Chronos-2 (기록만),120.43588,110.60362,120.43588,130.22742
2021-08-27 20:45:00,Chronos-2 (기록만),119.71358,109.81358,119.71358,128.79753
2021-08-27 21:00:00,Chronos-2 (기록만),117.783875,108.101074,117.783875,127.162674
2021-08-27 21:15:00,Chronos-2 (기록만),118.20528,108.7542,118.20528,127.537384
2021-08-27 21:30:00,Chronos-2 (기록만),116.54407,107.13106,116.54407,125.72583
2021-08-27 21:45:00,Chronos-2 (기록만),114.4382,104.97419,114.4382,124.00496
2021-08-27 22:00:00,Chronos-2 (기록만),104.129364,94.090614,104.129364,113.43556
2021-08-27 22:15:00,Chronos-2 (기록만),111.39348,101.44479,111.39348,120.55228
2021-08-27 22:30:00,Chronos-2 (기록만),111.22172,101.043205,111.22172,120.712585
2021-08-27 22:45:00,Chronos-2 (기록만),111.60106,102.041695,111.60106,120.801636
2021-08-27 23:00:00,Chronos-2 (기록만),109.56456,100.035324,109.56456,118.73904
2021-08-27 23:15:00,Chronos-2 (기록만),108.77545,99.075005,108.77545,117.837944
2021-08-27 23:30:00,Chronos-2 (기록만),105.10024,95.11725,105.10024,114.159325
2021-08-27 23:45:00,Chronos-2 (기록만),84.755806,75.50822,84.755806,93.689926
2021-08-28 00:00:00,Chronos-2 (기록만),67.57014,59.323048,67.57014,74.19624
2021-08-28 00:15:00,Chronos-2 (기록만),64.41771,55.905445,64.41771,71.65847
2021-08-28 00:30:00,Chronos-2 (기록만),62.961227,54.195,62.961227,70.21911
2021-08-28 00:45:00,Chronos-2 (기록만),62.255585,53.084072,62.255585,69.93042
2021-08-28 01:00:00,Chronos-2 (기록만),86.831474,78.50661,86.831474,93.85112
2021-08-28 01:15:00,Chronos-2 (기록만),96.87697,88.77912,96.87697,104.385315
2021-08-28 01:30:00,Chronos-2 (기록만),99.67937,92.084785,99.67937,107.38448
2021-08-28 01:45:00,Chronos-2 (기록만),99.71544,91.970055,99.71544,107.37543
2021-08-28 02:00:00,Chronos-2 (기록만),102.025505,94.11692,102.025505,108.89082
2021-08-28 02:15:00,Chronos-2 (기록만),102.83157,94.6688,102.83157,109.89942
2021-08-28 02:30:00,Chronos-2 (기록만),102.122856,93.468704,102.122856,109.82497
2021-08-28 02:45:00,Chronos-2 (기록만),102.76504,94.45836,102.76504,110.174515
2021-08-28 03:00:00,Chronos-2 (기록만),87.26173,78.17683,87.26173,94.82989
2021-08-28 03:15:00,Chronos-2 (기록만),95.44536,86.57657,95.44536,103.621216
2021-08-28 03:30:00,Chronos-2 (기록만),98.92197,89.96776,98.92197,107.49979
2021-08-28 03:45:00,Chronos-2 (기록만),100.146286,91.05149,100.146286,108.51698
2021-08-28 04:00:00,Chronos-2 (기록만),101.1963,92.70612,101.1963,109.694984
2021-08-28 04:15:00,Chronos-2 (기록만),101.9523,93.42325,101.9523,110.58068
2021-08-28 04:30:00,Chronos-2 (기록만),102.63266,93.85928,102.63266,111.47651
2021-08-28 04:45:00,Chronos-2 (기록만),100.50955,90.8959,100.50955,108.557724
2021-08-28 05:00:00,Chronos-2 (기록만),89.90101,80.76634,89.90101,98.03634
2021-08-28 05:15:00,Chronos-2 (기록만),86.98897,76.24981,86.98897,95.522095
2021-08-28 05:30:00,Chronos-2 (기록만),96.22038,87.18817,96.22038,105.39614
2021-08-28 05:45:00,Chronos-2 (기록만),100.67998,91.62702,100.67998,109.338005
2021-08-28 06:00:00,Chronos-2 (기록만),99.18314,89.86141,99.18314,107.583626
2021-08-28 06:15:00,Chronos-2 (기록만),98.07565,88.924904,98.07565,107.00798
2021-08-28 06:30:00,Chronos-2 (기록만),95.46298,85.79999,95.46298,104.76714
2021-08-28 06:45:00,Chronos-2 (기록만),93.15022,83.75164,93.15022,102.201225
2021-08-28 07:00:00,Chronos-2 (기록만),91.53382,81.947525,91.53382,100.988945
2021-08-28 07:15:00,Chronos-2 (기록만),84.2581,72.94934,84.2581,94.434006
2021-08-28 07:30:00,Chronos-2 (기록만),54.96486,43.41917,54.96486,67.32558
2021-08-28 07:45:00,Chronos-2 (기록만),27.585434,18.96228,27.585434,37.292538
2021-08-28 08:00:00,Chronos-2 (기록만),22.392448,20.849243,22.392448,24.292534
2021-08-28 08:15:00,Chronos-2 (기록만),22.209068,21.07428,22.209068,22.991837
2021-08-28 08:30:00,Chronos-2 (기록만),22.494469,21.092339,22.494469,23.062546
2021-08-28 08:45:00,Chronos-2 (기록만),22.205032,21.330688,22.205032,23.103592
2021-08-28 09:00:00,Chronos-2 (기록만),22.085,21.380547,22.085,22.980103
2021-08-28 09:15:00,Chronos-2 (기록만),22.204231,21.180687,22.204231,23.669159
2021-08-28 09:30:00,Chronos-2 (기록만),22.169441,21.356308,22.169441,23.216408
2021-08-28 09:45:00,Chronos-2 (기록만),22.385796,21.3835,22.385796,23.35984
2021-08-28 10:00:00,Chronos-2 (기록만),22.225235,21.126251,22.225235,23.020844
2021-08-28 10:15:00,Chronos-2 (기록만),22.388115,21.440926,22.388115,23.443787
2021-08-28 10:30:00,Chronos-2 (기록만),22.574722,21.23938,22.574722,23.470093
2021-08-28 10:45:00,Chronos-2 (기록만),22.547287,21.455605,22.547287,23.233292
2021-08-28 11:00:00,Chronos-2 (기록만),22.701782,21.715546,22.701782,23.743973
2021-08-28 11:15:00,Chronos-2 (기록만),22.643074,21.432785,22.643074,24.052208
2021-08-28 11:30:00,Chronos-2 (기록만),22.74047,21.575722,22.74047,24.43663
2021-08-28 11:45:00,Chronos-2 (기록만),22.499252,21.406685,22.499252,23.683838
2021-08-28 12:00:00,Chronos-2 (기록만),22.318718,21.075256,22.318718,23.416504
2021-08-28 12:15:00,Chronos-2 (기록만),22.212357,20.991234,22.212357,23.50158
2021-08-28 12:30:00,Chronos-2 (기록만),22.227692,21.056366,22.227692,23.249344
2021-08-28 12:45:00,Chronos-2 (기록만),22.258148,21.26043,22.258148,23.135666
2021-08-28 13:00:00,Chronos-2 (기록만),21.932365,21.35746,21.932365,23.103363
2021-08-28 13:15:00,Chronos-2 (기록만),22.190155,21.021774,22.190155,23.631935
2021-08-28 13:30:00,Chronos-2 (기록만),22.26715,21.367477,22.26715,23.440811
2021-08-28 13:45:00,Chronos-2 (기록만),22.302422,21.287453,22.302422,23.545052
2021-08-28 14:00:00,Chronos-2 (기록만),22.324356,21.243263,22.324356,23.454575
2021-08-28 14:15:00,Chronos-2 (기록만),22.563484,21.32048,22.563484,23.735085
2021-08-28 14:30:00,Chronos-2 (기록만),22.713837,21.371506,22.713837,23.630531
2021-08-28 14:45:00,Chronos-2 (기록만),22.828285,21.56044,22.828285,24.026001
2021-08-28 15:00:00,Chronos-2 (기록만),22.888458,21.69069,22.888458,24.268814
2021-08-28 15:15:00,Chronos-2 (기록만),22.860367,21.493752,22.860367,24.03637
2021-08-28 15:30:00,Chronos-2 (기록만),22.605019,21.423416,22.605019,23.927887
2021-08-28 15:45:00,Chronos-2 (기록만),22.44329,21.4077,22.44329,23.624939
2021-08-28 16:00:00,Chronos-2 (기록만),22.450096,21.251503,22.450096,23.898918
2021-08-28 16:15:00,Chronos-2 (기록만),22.343277,21.170021,22.343277,23.976913
2021-08-28 16:30:00,Chronos-2 (기록만),22.329124,21.158264,22.329124,23.686996
2021-08-28 16:45:00,Chronos-2 (기록만),22.288948,21.396835,22.288948,23.43193
2021-08-28 17:00:00,Chronos-2 (기록만),22.083504,21.61782,22.083504,23.192078
2021-08-28 17:15:00,Chronos-2 (기록만),22.220642,21.257942,22.220642,23.703224
2021-08-28 17:30:00,Chronos-2 (기록만),22.322823,21.46936,22.322823,23.651634
2021-08-28 17:45:00,Chronos-2 (기록만),22.427818,21.352692,22.427818,24.035614
2021-08-28 18:00:00,Chronos-2 (기록만),22.614891,21.45594,22.614891,23.97258
2021-08-28 18:15:00,Chronos-2 (기록만),22.674019,21.491905,22.674019,24.215347
2021-08-28 18:30:00,Chronos-2 (기록만),22.860245,21.516838,22.860245,23.88881
2021-08-28 18:45:00,Chronos-2 (기록만),22.749535,21.550919,22.749535,23.917397
2021-08-28 19:00:00,Chronos-2 (기록만),22.830063,21.547516,22.830063,24.264305
2021-08-28 19:15:00,Chronos-2 (기록만),22.59555,21.341782,22.59555,23.79158
2021-08-28 19:30:00,Chronos-2 (기록만),22.126,21.197327,22.126,23.405876
2021-08-28 19:45:00,Chronos-2 (기록만),21.926582,20.964706,21.926582,22.85807
2021-08-28 20:00:00,Chronos-2 (기록만),22.412102,21.236572,22.412102,23.644371
2021-08-28 20:15:00,Chronos-2 (기록만),22.412186,21.289703,22.412186,23.746323
2021-08-28 20:30:00,Chronos-2 (기록만),22.49199,21.290672,22.49199,23.576538
2021-08-28 20:45:00,Chronos-2 (기록만),22.42102,21.492722,22.42102,23.451134
2021-08-28 21:00:00,Chronos-2 (기록만),22.331589,21.432625,22.331589,23.423721
2021-08-28 21:15:00,Chronos-2 (기록만),22.526085,21.441963,22.526085,24.021515
2021-08-28 21:30:00,Chronos-2 (기록만),22.576088,21.675842,22.576088,23.828064
2021-08-28 21:45:00,Chronos-2 (기록만),22.537033,21.58522,22.537033,23.871086
2021-08-28 22:00:00,Chronos-2 (기록만),22.61818,21.602951,22.61818,23.677643
2021-08-28 22:15:00,Chronos-2 (기록만),22.860764,21.608871,22.860764,24.139557
2021-08-28 22:30:00,Chronos-2 (기록만),22.952599,21.668648,22.952599,23.869804
2021-08-28 22:45:00,Chronos-2 (기록만),22.9132,21.728447,22.9132,23.946396
2021-08-28 23:00:00,Chronos-2 (기록만),22.983368,21.823181,22.983368,24.182976
2021-08-28 23:15:00,Chronos-2 (기록만),22.789444,21.677559,22.789444,23.827507
2021-08-28 23:30:00,Chronos-2 (기록만),22.446495,21.392982,22.446495,23.4888
2021-08-28 23:45:00,Chronos-2 (기록만),22.20684,21.254143,22.20684,23.067902
2021-08-29 00:00:00,Chronos-2 (기록만),37.771988,32.72078,37.771988,41.732952
2021-08-29 00:15:00,Chronos-2 (기록만),38.098114,33.218777,38.098114,42.1788
2021-08-29 00:30:00,Chronos-2 (기록만),38.153286,33.21176,38.153286,42.155094
2021-08-29 00:45:00,Chronos-2 (기록만),38.70721,33.941875,38.70721,42.96916
2021-08-29 01:00:00,Chronos-2 (기록만),38.87042,33.969395,38.87042,42.5937
2021-08-29 01:15:00,Chronos-2 (기록만),38.94926,33.7093,38.94926,43.330135
2021-08-29 01:30:00,Chronos-2 (기록만),39.268215,34.159977,39.268215,43.32083
2021-08-29 01:45:00,Chronos-2 (기록만),39.48468,33.915134,39.48468,44.01362
2021-08-29 02:00:00,Chronos-2 (기록만),39.504364,33.678383,39.504364,43.58936
2021-08-29 02:15:00,Chronos-2 (기록만),39.786495,33.955246,39.786495,44.0192
2021-08-29 02:30:00,Chronos-2 (기록만),38.946117,33.582962,38.946117,43.59617
2021-08-29 02:45:00,Chronos-2 (기록만),39.395794,33.403645,39.395794,43.623764
2021-08-29 03:00:00,Chronos-2 (기록만),39.178406,33.690556,39.178406,44.222054
2021-08-29 03:15:00,Chronos-2 (기록만),39.116844,33.646122,39.116844,43.57478
2021-08-29 03:30:00,Chronos-2 (기록만),39.25714,33.908848,39.25714,44.448265
2021-08-29 03:45:00,Chronos-2 (기록만),39.17598,33.684677,39.17598,43.83777
2021-08-29 04:00:00,Chronos-2 (기록만),39.765728,33.33693,39.765728,44.873055
2021-08-29 04:15:00,Chronos-2 (기록만),39.765053,33.429493,39.765053,44.645626
2021-08-29 04:30:00,Chronos-2 (기록만),39.860752,33.51015,39.860752,44.81403
2021-08-29 04:45:00,Chronos-2 (기록만),40.051243,33.83452,40.051243,44.603264
2021-08-29 05:00:00,Chronos-2 (기록만),40.090565,33.79019,40.090565,44.640907
2021-08-29 05:15:00,Chronos-2 (기록만),39.900204,33.51021,39.900204,45.39994
2021-08-29 05:30:00,Chronos-2 (기록만),39.97975,33.6177,39.97975,44.703392
2021-08-29 05:45:00,Chronos-2 (기록만),39.886864,33.09493,39.886864,44.9625
2021-08-29 06:00:00,Chronos-2 (기록만),40.07706,32.912945,40.07706,44.746185
2021-08-29 06:15:00,Chronos-2 (기록만),40.49069,33.21647,40.49069,45.239487
2021-08-29 06:30:00,Chronos-2 (기록만),39.720024,33.118748,39.720024,44.84396
2021-08-29 06:45:00,Chronos-2 (기록만),40.1613,32.873257,40.1613,44.987423
2021-08-29 07:00:00,Chronos-2 (기록만),40.12431,32.943687,40.12431,45.795177
2021-08-29 07:15:00,Chronos-2 (기록만),40.169495,32.97777,40.169495,45.41744
2021-08-29 07:30:00,Chronos-2 (기록만),40.000782,33.04458,40.000782,45.518906
2021-08-29 07:45:00,Chronos-2 (기록만),40.055958,32.91705,40.055958,45.330814
2021-08-29 08:00:00,Chronos-2 (기록만),39.667915,32.16895,39.667915,45.326515
2021-08-29 08:15:00,Chronos-2 (기록만),39.80355,32.35032,39.80355,45.14902
2021-08-29 08:30:00,Chronos-2 (기록만),40.034027,32.60371,40.034027,45.510487
2021-08-29 08:45:00,Chronos-2 (기록만),40.155296,32.92565,40.155296,45.461597
2021-08-29 09:00:00,Chronos-2 (기록만),40.140594,32.905136,40.140594,45.502254
2021-08-29 09:15:00,Chronos-2 (기록만),40.225044,32.349144,40.225044,45.554996
2021-08-29 09:30:00,Chronos-2 (기록만),40.26032,32.94303,40.26032,45.539867
2021-08-29 09:45:00,Chronos-2 (기록만),40.068146,32.404022,40.068146,45.538914
2021-08-29 10:00:00,Chronos-2 (기록만),40.28333,32.17369,40.28333,45.302666
2021-08-29 10:15:00,Chronos-2 (기록만),40.765087,32.3872,40.765087,45.90021
2021-08-29 10:30:00,Chronos-2 (기록만),40.08523,32.255657,40.08523,45.672543
2021-08-29 10:45:00,Chronos-2 (기록만),40.278625,32.3659,40.278625,46.016277
2021-08-29 11:00:00,Chronos-2 (기록만),40.39739,32.40452,40.39739,45.986973
2021-08-29 11:15:00,Chronos-2 (기록만),40.456818,32.510998,40.456818,46.03728
2021-08-29 11:30:00,Chronos-2 (기록만),40.236675,32.335445,40.236675,45.998055
2021-08-29 11:45:00,Chronos-2 (기록만),40.2662,32.192417,40.2662,45.77865
2021-08-29 12:00:00,Chronos-2 (기록만),40.060703,31.40643,40.060703,46.104435
2021-08-29 12:15:00,Chronos-2 (기록만),40.090496,31.42743,40.090496,45.785522
2021-08-29 12:30:00,Chronos-2 (기록만),40.253147,31.561092,40.253147,46.108093
2021-08-29 12:45:00,Chronos-2 (기록만),40.35392,31.805962,40.35392,46.095722
2021-08-29 13:00:00,Chronos-2 (기록만),40.185497,31.74245,40.185497,46.187695
2021-08-29 13:15:00,Chronos-2 (기록만),40.49564,31.272755,40.49564,46.335213
2021-08-29 13:30:00,Chronos-2 (기록만),40.567455,31.7201,40.567455,46.43692
2021-08-29 13:45:00,Chronos-2 (기록만),40.237312,31.08002,40.237312,46.4429
2021-08-29 14:00:00,Chronos-2 (기록만),40.375572,30.931992,40.375572,46.338966
2021-08-29 14:15:00,Chronos-2 (기록만),41.00085,31.115795,41.00085,46.766163
2021-08-29 14:30:00,Chronos-2 (기록만),40.232742,30.986042,40.232742,46.521328
2021-08-29 14:45:00,Chronos-2 (기록만),40.47873,30.988678,40.47873,46.885963
2021-08-29 15:00:00,Chronos-2 (기록만),40.5758,30.881317,40.5758,46.86377
2021-08-29 15:15:00,Chronos-2 (기록만),40.61709,30.939781,40.61709,46.84501
2021-08-29 15:30:00,Chronos-2 (기록만),40.382637,31.062683,40.382637,46.8823
2021-08-29 15:45:00,Chronos-2 (기록만),40.366554,30.799301,40.366554,46.524162
2021-08-29 16:00:00,Chronos-2 (기록만),40.914005,32.14998,40.914005,47.612194
2021-08-29 16:15:00,Chronos-2 (기록만),41.026466,32.02921,41.026466,47.59316
2021-08-29 16:30:00,Chronos-2 (기록만),41.027996,32.086533,41.027996,47.67606
2021-08-29 16:45:00,Chronos-2 (기록만),40.925674,32.236042,40.925674,47.402355
2021-08-29 17:00:00,Chronos-2 (기록만),40.98894,32.321068,40.98894,47.20736
2021-08-29 17:15:00,Chronos-2 (기록만),40.715008,31.640144,40.715008,47.180374
2021-08-29 17:30:00,Chronos-2 (기록만),40.875793,31.844883,40.875793,47.294167
2021-08-29 17:45:00,Chronos-2 (기록만),40.591724,31.141327,40.591724,47.351635
2021-08-29 18:00:00,Chronos-2 (기록만),40.818226,31.06939,40.818226,47.322697
2021-08-29 18:15:00,Chronos-2 (기록만),41.29199,31.28004,41.29199,47.681
2021-08-29 18:30:00,Chronos-2 (기록만),40.55679,31.292847,40.55679,47.455704
2021-08-29 18:45:00,Chronos-2 (기록만),40.81893,31.242939,40.81893,47.76635
2021-08-29 19:00:00,Chronos-2 (기록만),40.949825,31.138325,40.949825,47.85659
2021-08-29 19:15:00,Chronos-2 (기록만),41.05901,31.144028,41.05901,47.96133
2021-08-29 19:30:00,Chronos-2 (기록만),40.83321,31.191784,40.83321,48.06643
2021-08-29 19:45:00,Chronos-2 (기록만),40.86982,31.014015,40.86982,47.586403
2021-08-29 20:00:00,Chronos-2 (기록만),40.161026,30.81797,40.161026,47.20978
2021-08-29 20:15:00,Chronos-2 (기록만),40.25317,30.964088,40.25317,47.14659
2021-08-29 20:30:00,Chronos-2 (기록만),40.406105,30.98069,40.406105,47.38537
2021-08-29 20:45:00,Chronos-2 (기록만),40.617336,31.42812,40.617336,47.335953
2021-08-29 21:00:00,Chronos-2 (기록만),40.760883,31.380577,40.760883,47.30419
2021-08-29 21:15:00,Chronos-2 (기록만),40.39611,30.68074,40.39611,47.466892
2021-08-29 21:30:00,Chronos-2 (기록만),40.558064,31.204758,40.558064,47.391098
2021-08-29 21:45:00,Chronos-2 (기록만),40.5108,30.59571,40.5108,47.444794
2021-08-29 22:00:00,Chronos-2 (기록만),40.901745,30.49218,40.901745,47.455235
2021-08-29 22:15:00,Chronos-2 (기록만),41.18238,30.605724,41.18238,48.077732
2021-08-29 22:30:00,Chronos-2 (기록만),40.368584,30.560043,40.368584,47.81684
2021-08-29 22:45:00,Chronos-2 (기록만),40.629627,30.521633,40.629627,48.192585
2021-08-29 23:00:00,Chronos-2 (기록만),40.749176,30.41175,40.749176,48.485825
2021-08-29 23:15:00,Chronos-2 (기록만),40.746883,30.382702,40.746883,48.106304
2021-08-29 23:30:00,Chronos-2 (기록만),40.57018,30.5005,40.57018,47.90722
2021-08-29 23:45:00,Chronos-2 (기록만),40.506725,30.133312,40.506725,47.492905
2021-08-30 00:00:00,Chronos-2 (기록만),21.700645,19.612427,21.700645,23.965004
2021-08-30 00:15:00,Chronos-2 (기록만),21.727432,19.67826,21.727432,24.050568
2021-08-30 00:30:00,Chronos-2 (기록만),21.800484,19.64457,21.800484,23.826706
2021-08-30 00:45:00,Chronos-2 (기록만),21.691223,19.752922,21.691223,23.744408
2021-08-30 01:00:00,Chronos-2 (기록만),21.459473,19.737473,21.459473,23.770073
2021-08-30 01:15:00,Chronos-2 (기록만),21.721786,19.50653,21.721786,24.396431
2021-08-30 01:30:00,Chronos-2 (기록만),21.807076,20.029335,21.807076,24.153343
2021-08-30 01:45:00,Chronos-2 (기록만),21.678719,19.559402,21.678719,24.257858
2021-08-30 02:00:00,Chronos-2 (기록만),21.669815,19.470032,21.669815,24.059273
2021-08-30 02:15:00,Chronos-2 (기록만),22.113647,19.662865,22.113647,24.36898
2021-08-30 02:30:00,Chronos-2 (기록만),22.0046,19.506012,22.0046,24.113922
2021-08-30 02:45:00,Chronos-2 (기록만),22.011696,19.532448,22.011696,24.392365
2021-08-30 03:00:00,Chronos-2 (기록만),22.00277,19.804825,22.00277,24.703537
2021-08-30 03:15:00,Chronos-2 (기록만),22.055367,19.65702,22.055367,24.575943
2021-08-30 03:30:00,Chronos-2 (기록만),21.778542,19.613274,21.778542,24.365112
2021-08-30 03:45:00,Chronos-2 (기록만),21.677498,19.385483,21.677498,24.27179
2021-08-30 04:00:00,Chronos-2 (기록만),23.61876,21.267036,23.61876,25.84842
2021-08-30 04:15:00,Chronos-2 (기록만),23.42247,21.33818,23.42247,26.005234
2021-08-30 04:30:00,Chronos-2 (기록만),23.282768,21.103653,23.282768,25.467186
2021-08-30 04:45:00,Chronos-2 (기록만),23.02079,20.942856,23.02079,25.434761
2021-08-30 05:00:00,Chronos-2 (기록만),22.93509,21.106133,22.93509,25.151367
2021-08-30 05:15:00,Chronos-2 (기록만),22.979126,20.786812,22.979126,25.039223
2021-08-30 05:30:00,Chronos-2 (기록만),22.796982,20.64592,22.796982,25.10962
2021-08-30 05:45:00,Chronos-2 (기록만),22.708633,20.481064,22.708633,25.311188
2021-08-30 06:00:00,Chronos-2 (기록만),22.754227,20.540459,22.754227,24.859093
2021-08-30 06:15:00,Chronos-2 (기록만),22.648903,20.166794,22.648903,24.538902
2021-08-30 06:30:00,Chronos-2 (기록만),22.416275,19.524223,22.416275,24.90284
2021-08-30 06:45:00,Chronos-2 (기록만),22.614235,19.371475,22.614235,25.856606
2021-08-30 07:00:00,Chronos-2 (기록만),24.610466,19.750183,24.610466,33.61006
2021-08-30 07:15:00,Chronos-2 (기록만),43.039433,24.378922,43.039433,59.458687
2021-08-30 07:30:00,Chronos-2 (기록만),69.19475,43.5863,69.19475,86.96894
2021-08-30 07:45:00,Chronos-2 (기록만),99.07453,70.56445,99.07453,118.35818
2021-08-30 08:00:00,Chronos-2 (기록만),152.17542,115.343994,152.17542,171.31622
2021-08-30 08:15:00,Chronos-2 (기록만),169.45648,130.41133,169.45648,186.97531
2021-08-30 08:30:00,Chronos-2 (기록만),173.70297,132.5005,173.70297,191.36606
2021-08-30 08:45:00,Chronos-2 (기록만),173.7998,132.61246,173.7998,191.71246
2021-08-30 09:00:00,Chronos-2 (기록만),171.88144,128.43353,171.88144,189.6227
2021-08-30 09:15:00,Chronos-2 (기록만),169.95538,125.93056,169.95538,188.36856
2021-08-30 09:30:00,Chronos-2 (기록만),170.65561,124.0686,170.65561,189.49068
2021-08-30 09:45:00,Chronos-2 (기록만),171.38785,123.33539,171.38785,190.30185
2021-08-30 10:00:00,Chronos-2 (기록만),143.47942,99.91598,143.47942,163.68488
2021-08-30 10:15:00,Chronos-2 (기록만),170.54416,122.925835,170.54416,188.79865
2021-08-30 10:30:00,Chronos-2 (기록만),171.0319,121.387505,171.0319,190.3533
2021-08-30 10:45:00,Chronos-2 (기록만),170.02621,118.800766,170.02621,188.03168
2021-08-30 11:00:00,Chronos-2 (기록만),170.02562,118.275604,170.02562,188.87654
2021-08-30 11:15:00,Chronos-2 (기록만),172.85733,118.43483,172.85733,191.12457
2021-08-30 11:30:00,Chronos-2 (기록만),173.25488,119.07312,173.25488,192.56233
2021-08-30 11:45:00,Chronos-2 (기록만),168.58081,114.1257,168.58081,189.23578
2021-08-30 12:00:00,Chronos-2 (기록만),115.07085,76.60645,115.07085,141.92783
2021-08-30 12:15:00,Chronos-2 (기록만),94.479996,60.118004,94.479996,119.119934
2021-08-30 12:30:00,Chronos-2 (기록만),96.484924,58.525574,96.484924,120.51444
2021-08-30 12:45:00,Chronos-2 (기록만),120.20277,77.2869,120.20277,146.38196
2021-08-30 13:00:00,Chronos-2 (기록만),163.6073,112.39874,163.6073,187.26022
2021-08-30 13:15:00,Chronos-2 (기록만),165.42636,114.39664,165.42636,188.21063
2021-08-30 13:30:00,Chronos-2 (기록만),167.51755,115.45414,167.51755,190.33731
2021-08-30 13:45:00,Chronos-2 (기록만),170.73657,118.3317,170.73657,192.63574
2021-08-30 14:00:00,Chronos-2 (기록만),169.18394,118.4969,169.18394,191.40063
2021-08-30 14:15:00,Chronos-2 (기록만),167.33754,116.514725,167.33754,189.00012
2021-08-30 14:30:00,Chronos-2 (기록만),169.30725,117.49077,169.30725,192.10071
2021-08-30 14:45:00,Chronos-2 (기록만),169.08917,116.60325,169.08917,192.52469
2021-08-30 15:00:00,Chronos-2 (기록만),137.404,88.444336,137.404,163.47144
2021-08-30 15:15:00,Chronos-2 (기록만),167.77611,113.82583,167.77611,192.08969
2021-08-30 15:30:00,Chronos-2 (기록만),169.9968,116.62611,169.9968,194.16327
2021-08-30 15:45:00,Chronos-2 (기록만),169.83484,116.68477,169.83484,192.99402
2021-08-30 16:00:00,Chronos-2 (기록만),166.67789,124.609955,166.67789,186.39255
2021-08-30 16:15:00,Chronos-2 (기록만),165.45892,124.064865,165.45892,185.94525
2021-08-30 16:30:00,Chronos-2 (기록만),162.42424,117.917404,162.42424,182.30145
2021-08-30 16:45:00,Chronos-2 (기록만),155.22314,110.7997,155.22314,176.5092
2021-08-30 17:00:00,Chronos-2 (기록만),121.89518,81.314415,121.89518,143.85214
2021-08-30 17:15:00,Chronos-2 (기록만),112.12596,70.3922,112.12596,137.23256
2021-08-30 17:30:00,Chronos-2 (기록만),146.65128,92.98986,146.65128,169.94073
2021-08-30 17:45:00,Chronos-2 (기록만),156.17932,100.37218,156.17932,180.08769
2021-08-30 18:00:00,Chronos-2 (기록만),152.49994,97.68416,152.49994,175.33846
2021-08-30 18:15:00,Chronos-2 (기록만),148.62672,94.03593,148.62672,170.4974
2021-08-30 18:30:00,Chronos-2 (기록만),144.11082,92.85829,144.11082,165.8304
2021-08-30 18:45:00,Chronos-2 (기록만),140.2037,90.84046,140.2037,160.48743
2021-08-30 19:00:00,Chronos-2 (기록만),138.39828,90.93656,138.39828,157.21213
2021-08-30 19:15:00,Chronos-2 (기록만),133.36667,88.857056,133.36667,151.72215
2021-08-30 19:30:00,Chronos-2 (기록만),130.41759,86.675415,130.41759,149.48297
2021-08-30 19:45:00,Chronos-2 (기록만),112.39661,75.42532,112.39661,129.65149
2021-08-30 20:00:00,Chronos-2 (기록만),104.854805,76.630356,104.854805,119.26524
2021-08-30 20:15:00,Chronos-2 (기록만),112.76919,85.2982,112.76919,126.08385
2021-08-30 20:30:00,Chronos-2 (기록만),113.7059,85.220764,113.7059,126.92209
2021-08-30 20:45:00,Chronos-2 (기록만),112.93875,84.74272,112.93875,125.41258
2021-08-30 21:00:00,Chronos-2 (기록만),111.822685,84.602875,111.822685,124.83562
2021-08-30 21:15:00,Chronos-2 (기록만),113.50391,85.157715,113.50391,126.21664
2021-08-30 21:30:00,Chronos-2 (기록만),111.482155,81.46629,111.482155,123.85892
2021-08-30 21:45:00,Chronos-2 (기록만),108.00369,78.41106,108.00369,120.860794
2021-08-30 22:00:00,Chronos-2 (기록만),98.768394,68.702545,98.768394,111.363464
2021-08-30 22:15:00,Chronos-2 (기록만),106.51823,76.504616,106.51823,118.40268
2021-08-30 22:30:00,Chronos-2 (기록만),106.66566,76.43341,106.66566,118.98624
2021-08-30 22:45:00,Chronos-2 (기록만),106.93788,77.10869,106.93788,118.321915
2021-08-30 23:00:00,Chronos-2 (기록만),105.75186,76.05904,105.75186,116.72685
2021-08-30 23:15:00,Chronos-2 (기록만),106.113235,75.08984,106.113235,117.3893
2021-08-30 23:30:00,Chronos-2 (기록만),103.108185,69.83029,103.108185,115.75822
2021-08-30 23:45:00,Chronos-2 (기록만),82.96758,50.900146,82.96758,95.56206
2021-08-31 00:00:00,Chronos-2 (기록만),75.79256,68.88519,75.79256,81.56731
2021-08-31 00:15:00,Chronos-2 (기록만),73.095314,66.0097,73.095314,79.87815
2021-08-31 00:30:00,Chronos-2 (기록만),71.2859,64.132286,71.2859,78.01797
2021-08-31 00:45:00,Chronos-2 (기록만),68.867775,61.30713,68.867775,76.07431
2021-08-31 01:00:00,Chronos-2 (기록만),93.59662,85.84168,93.59662,100.8969
2021-08-31 01:15:00,Chronos-2 (기록만),105.60421,97.59319,105.60421,113.10375
2021-08-31 01:30:00,Chronos-2 (기록만),107.79022,100.5637,107.79022,115.39162
2021-08-31 01:45:00,Chronos-2 (기록만),107.80287,100.22741,107.80287,115.6967
2021-08-31 02:00:00,Chronos-2 (기록만),109.8663,102.43786,109.8663,117.15614
2021-08-31 02:15:00,Chronos-2 (기록만),110.688446,102.77562,110.688446,118.26203
2021-08-31 02:30:00,Chronos-2 (기록만),109.016556,101.020546,109.016556,117.20151
2021-08-31 02:45:00,Chronos-2 (기록만),109.3976,101.4393,109.3976,117.24067
2021-08-31 03:00:00,Chronos-2 (기록만),95.66445,87.39176,95.66445,103.421524
2021-08-31 03:15:00,Chronos-2 (기록만),103.44003,95.214355,103.44003,111.652664
2021-08-31 03:30:00,Chronos-2 (기록만),105.85118,97.351135,105.85118,114.42262
2021-08-31 03:45:00,Chronos-2 (기록만),106.39518,98.09309,106.39518,114.516716
2021-08-31 04:00:00,Chronos-2 (기록만),106.4535,98.52468,106.4535,114.56682
2021-08-31 04:15:00,Chronos-2 (기록만),109.47419,102.04039,109.47419,117.77356
2021-08-31 04:30:00,Chronos-2 (기록만),108.890366,100.6477,108.890366,117.21839
2021-08-31 04:45:00,Chronos-2 (기록만),103.12972,94.58971,103.12972,111.24672
2021-08-31 05:00:00,Chronos-2 (기록만),82.30832,74.61525,82.30832,90.38539
2021-08-31 05:15:00,Chronos-2 (기록만),76.65996,68.97542,76.65996,84.2085
2021-08-31 05:30:00,Chronos-2 (기록만),92.94044,84.70966,92.94044,101.13078
2021-08-31 05:45:00,Chronos-2 (기록만),106.80167,98.374626,106.80167,115.17057
2021-08-31 06:00:00,Chronos-2 (기록만),107.151985,98.41954,107.151985,116.286255
2021-08-31 06:15:00,Chronos-2 (기록만),105.16889,96.22454,105.16889,113.86166
2021-08-31 06:30:00,Chronos-2 (기록만),104.61212,95.659485,104.61212,113.807304
2021-08-31 06:45:00,Chronos-2 (기록만),109.17536,100.13801,109.17536,118.03535
2021-08-31 07:00:00,Chronos-2 (기록만),112.05305,102.622925,112.05305,121.04641
2021-08-31 07:15:00,Chronos-2 (기록만),125.17528,114.592316,125.17528,134.11237
2021-08-31 07:30:00,Chronos-2 (기록만),144.68668,134.19858,144.68668,155.24503
2021-08-31 07:45:00,Chronos-2 (기록만),142.54428,131.72995,142.54428,153.75029
2021-08-31 08:00:00,Chronos-2 (기록만),162.16147,147.57913,162.16147,176.42365
2021-08-31 08:15:00,Chronos-2 (기록만),181.24753,166.34526,181.24753,194.76929
2021-08-31 08:30:00,Chronos-2 (기록만),183.75827,168.18341,183.75827,196.81708
2021-08-31 08:45:00,Chronos-2 (기록만),181.66885,167.09299,181.66885,194.76714
2021-08-31 09:00:00,Chronos-2 (기록만),175.6696,160.37518,175.6696,189.27396
2021-08-31 09:15:00,Chronos-2 (기록만),175.63885,160.72186,175.63885,189.51816
2021-08-31 09:30:00,Chronos-2 (기록만),175.4725,160.19882,175.4725,189.22809
2021-08-31 09:45:00,Chronos-2 (기록만),176.25534,159.84117,176.25534,190.09099
2021-08-31 10:00:00,Chronos-2 (기록만),148.67561,132.99176,148.67561,163.92804
2021-08-31 10:15:00,Chronos-2 (기록만),175.85037,159.47276,175.85037,189.29105
2021-08-31 10:30:00,Chronos-2 (기록만),177.33081,160.48004,177.33081,191.39145
2021-08-31 10:45:00,Chronos-2 (기록만),176.46062,160.05588,176.46062,189.46016
2021-08-31 11:00:00,Chronos-2 (기록만),175.12875,159.35893,175.12875,189.06927
2021-08-31 11:15:00,Chronos-2 (기록만),178.69177,162.45079,178.69177,191.95895
2021-08-31 11:30:00,Chronos-2 (기록만),179.1806,162.6853,179.1806,192.60062
2021-08-31 11:45:00,Chronos-2 (기록만),176.15912,160.2162,176.15912,191.04855
2021-08-31 12:00:00,Chronos-2 (기록만),120.57589,104.69719,120.57589,137.09079
2021-08-31 12:15:00,Chronos-2 (기록만),100.49167,85.8186,100.49167,115.19167
2021-08-31 12:30:00,Chronos-2 (기록만),100.65958,85.08189,100.65958,115.55148
2021-08-31 12:45:00,Chronos-2 (기록만),126.44123,109.249275,126.44123,143.16266
2021-08-31 13:00:00,Chronos-2 (기록만),169.23549,151.40854,169.23549,185.13324
2021-08-31 13:15:00,Chronos-2 (기록만),172.99933,155.71597,172.99933,189.1777
2021-08-31 13:30:00,Chronos-2 (기록만),173.90488,157.33823,173.90488,189.94357
2021-08-31 13:45:00,Chronos-2 (기록만),176.36572,159.04324,176.36572,191.61005
2021-08-31 14:00:00,Chronos-2 (기록만),175.97726,158.90283,175.97726,191.0402
2021-08-31 14:15:00,Chronos-2 (기록만),173.99286,155.34634,173.99286,188.80582
2021-08-31 14:30:00,Chronos-2 (기록만),175.09583,156.09564,175.09583,191.26353
2021-08-31 14:45:00,Chronos-2 (기록만),175.397,156.59811,175.397,191.70169
2021-08-31 15:00:00,Chronos-2 (기록만),142.0275,122.98622,142.0275,160.42497
2021-08-31 15:15:00,Chronos-2 (기록만),168.74858,148.20042,168.74858,186.043
2021-08-31 15:30:00,Chronos-2 (기록만),175.87506,156.09348,175.87506,192.69113
2021-08-31 15:45:00,Chronos-2 (기록만),177.92557,159.73445,177.92557,193.90958
2021-08-31 16:00:00,Chronos-2 (기록만),174.58557,156.60052,174.58557,189.48923
2021-08-31 16:15:00,Chronos-2 (기록만),172.85239,155.61993,172.85239,188.70996
2021-08-31 16:30:00,Chronos-2 (기록만),167.01343,148.56914,167.01343,182.2789
2021-08-31 16:45:00,Chronos-2 (기록만),162.28674,142.82965,162.28674,178.56137
2021-08-31 17:00:00,Chronos-2 (기록만),125.38729,107.82179,125.38729,141.93852
2021-08-31 17:15:00,Chronos-2 (기록만),112.83577,96.398834,112.83577,129.49336
2021-08-31 17:30:00,Chronos-2 (기록만),151.04225,131.84058,151.04225,166.99858
2021-08-31 17:45:00,Chronos-2 (기록만),164.49986,145.2139,164.49986,180.73569
2021-08-31 18:00:00,Chronos-2 (기록만),163.89848,144.27336,163.89848,178.85999
2021-08-31 18:15:00,Chronos-2 (기록만),162.01251,143.08757,162.01251,176.81598
2021-08-31 18:30:00,Chronos-2 (기록만),162.82411,143.004,162.82411,178.24385
2021-08-31 18:45:00,Chronos-2 (기록만),162.5039,143.55173,162.5039,177.82071
2021-08-31 19:00:00,Chronos-2 (기록만),157.48668,139.63013,157.48668,172.72687
2021-08-31 19:15:00,Chronos-2 (기록만),150.58241,132.06053,150.58241,165.4919
2021-08-31 19:30:00,Chronos-2 (기록만),144.1849,127.01619,144.1849,159.62973
2021-08-31 19:45:00,Chronos-2 (기록만),126.305756,109.33027,126.305756,141.37263
2021-08-31 20:00:00,Chronos-2 (기록만),116.59581,103.72139,116.59581,128.41422
2021-08-31 20:15:00,Chronos-2 (기록만),123.10895,110.87338,123.10895,133.93413
2021-08-31 20:30:00,Chronos-2 (기록만),124.54768,113.09247,124.54768,135.56616
2021-08-31 20:45:00,Chronos-2 (기록만),123.29172,111.849045,123.29172,133.45364
2021-08-31 21:00:00,Chronos-2 (기록만),121.03827,109.92905,121.03827,131.73918
2021-08-31 21:15:00,Chronos-2 (기록만),121.79389,110.81328,121.79389,132.02824
2021-08-31 21:30:00,Chronos-2 (기록만),119.30818,108.5441,119.30818,129.5915
2021-08-31 21:45:00,Chronos-2 (기록만),117.19564,106.26588,117.19564,127.80152
2021-08-31 22:00:00,Chronos-2 (기록만),105.83833,94.0994,105.83833,116.33388
2021-08-31 22:15:00,Chronos-2 (기록만),114.160194,102.78305,114.160194,124.37564
2021-08-31 22:30:00,Chronos-2 (기록만),113.19637,101.63295,113.19637,123.75659
2021-08-31 22:45:00,Chronos-2 (기록만),112.654625,101.76862,112.654625,122.65129
2021-08-31 23:00:00,Chronos-2 (기록만),109.99048,99.235664,109.99048,119.942444
2021-08-31 23:15:00,Chronos-2 (기록만),109.170265,98.11985,109.170265,119.14044
2021-08-31 23:30:00,Chronos-2 (기록만),107.57469,96.54243,107.57469,117.18879
2021-08-31 23:45:00,Chronos-2 (기록만),87.71958,77.28553,87.71958,97.42204
2021-09-01 00:00:00,Chronos-2 (기록만),81.99417,73.66545,81.99417,89.63576
2021-09-01 00:15:00,Chronos-2 (기록만),78.92484,70.76892,78.92484,87.36686
2021-09-01 00:30:00,Chronos-2 (기록만),76.57544,68.458,76.57544,84.90428
2021-09-01 00:45:00,Chronos-2 (기록만),74.63184,66.15946,74.63184,83.44564
2021-09-01 01:00:00,Chronos-2 (기록만),97.53012,88.13164,97.53012,106.91446
2021-09-01 01:15:00,Chronos-2 (기록만),108.79918,99.53951,108.79918,118.63823
2021-09-01 01:30:00,Chronos-2 (기록만),110.634155,101.85231,110.634155,120.1285
2021-09-01 01:45:00,Chronos-2 (기록만),111.09945,102.18847,111.09945,120.93922
2021-09-01 02:00:00,Chronos-2 (기록만),113.02086,104.08644,113.02086,122.24517
2021-09-01 02:15:00,Chronos-2 (기록만),113.05696,103.84242,113.05696,122.739456
2021-09-01 02:30:00,Chronos-2 (기록만),111.49057,102.01377,111.49057,121.80652
2021-09-01 02:45:00,Chronos-2 (기록만),110.88002,101.60274,110.88002,120.64747
2021-09-01 03:00:00,Chronos-2 (기록만),96.772285,87.45516,96.772285,106.24474
2021-09-01 03:15:00,Chronos-2 (기록만),105.61129,96.075165,105.61129,115.6033
2021-09-01 03:30:00,Chronos-2 (기록만),107.615906,97.96502,107.615906,117.860306
2021-09-01 03:45:00,Chronos-2 (기록만),109.31522,99.889946,109.31522,119.13901
2021-09-01 04:00:00,Chronos-2 (기록만),107.97223,99.16243,107.97223,117.40203
2021-09-01 04:15:00,Chronos-2 (기록만),111.29295,102.66233,111.29295,120.971695
2021-09-01 04:30:00,Chronos-2 (기록만),110.15422,100.93008,110.15422,119.95743
2021-09-01 04:45:00,Chronos-2 (기록만),105.88803,96.501236,105.88803,115.08278
2021-09-01 05:00:00,Chronos-2 (기록만),86.34946,78.17548,86.34946,95.217804
2021-09-01 05:15:00,Chronos-2 (기록만),81.12486,73.12044,81.12486,89.51217
2021-09-01 05:30:00,Chronos-2 (기록만),95.20626,86.632034,95.20626,104.70552
2021-09-01 05:45:00,Chronos-2 (기록만),109.61589,100.22266,109.61589,119.878006
2021-09-01 06:00:00,Chronos-2 (기록만),110.60242,100.56038,110.60242,121.62509
2021-09-01 06:15:00,Chronos-2 (기록만),109.73459,99.61353,109.73459,120.28538
2021-09-01 06:30:00,Chronos-2 (기록만),109.67783,99.30879,109.67783,120.89478
2021-09-01 06:45:00,Chronos-2 (기록만),111.14744,100.77428,111.14744,122.49487
2021-09-01 07:00:00,Chronos-2 (기록만),110.66283,99.593475,110.66283,121.63295
2021-09-01 07:15:00,Chronos-2 (기록만),123.501945,110.98699,123.501945,135.55669
2021-09-01 07:30:00,Chronos-2 (기록만),147.19958,134.1398,147.19958,161.20398
2021-09-01 07:45:00,Chronos-2 (기록만),144.9698,132.1708,144.9698,158.54404
2021-09-01 08:00:00,Chronos-2 (기록만),163.37906,146.91212,163.37906,178.88422
2021-09-01 08:15:00,Chronos-2 (기록만),180.89806,164.32436,180.89806,196.1286
2021-09-01 08:30:00,Chronos-2 (기록만),182.58841,164.8523,182.58841,197.53403
2021-09-01 08:45:00,Chronos-2 (기록만),179.0871,161.3313,179.0871,194.08105
2021-09-01 09:00:00,Chronos-2 (기록만),172.04393,155.21576,172.04393,188.01758
2021-09-01 09:15:00,Chronos-2 (기록만),173.67218,157.38464,173.67218,188.80142
2021-09-01 09:30:00,Chronos-2 (기록만),175.84842,159.42773,175.84842,191.2573
2021-09-01 09:45:00,Chronos-2 (기록만),178.65594,160.7721,178.65594,194.25
2021-09-01 10:00:00,Chronos-2 (기록만),155.46596,138.1562,155.46596,170.93262
2021-09-01 10:15:00,Chronos-2 (기록만),178.80092,161.01733,178.80092,193.857
2021-09-01 10:30:00,Chronos-2 (기록만),179.47467,161.15375,179.47467,195.1233
2021-09-01 10:45:00,Chronos-2 (기록만),178.52802,160.66023,178.52802,193.38797
2021-09-01 11:00:00,Chronos-2 (기록만),176.3885,159.08832,176.3885,191.95839
2021-09-01 11:15:00,Chronos-2 (기록만),176.64871,158.84364,176.64871,191.42659
2021-09-01 11:30:00,Chronos-2 (기록만),178.14589,160.06335,178.14589,193.0675
2021-09-01 11:45:00,Chronos-2 (기록만),174.74237,156.75076,174.74237,191.19409
2021-09-01 12:00:00,Chronos-2 (기록만),118.867905,102.729095,118.867905,135.84816
2021-09-01 12:15:00,Chronos-2 (기록만),103.085144,88.3379,103.085144,117.99711
2021-09-01 12:30:00,Chronos-2 (기록만),105.01461,89.06697,105.01461,120.17435
2021-09-01 12:45:00,Chronos-2 (기록만),127.67929,109.17848,127.67929,145.30139
2021-09-01 13:00:00,Chronos-2 (기록만),167.31848,147.93721,167.31848,184.07245
2021-09-01 13:15:00,Chronos-2 (기록만),174.49307,156.4491,174.49307,191.60611
2021-09-01 13:30:00,Chronos-2 (기록만),174.29172,156.95547,174.29172,191.11903
2021-09-01 13:45:00,Chronos-2 (기록만),177.55289,159.27982,177.55289,193.66464
2021-09-01 14:00:00,Chronos-2 (기록만),178.50119,160.9067,178.50119,194.45605
2021-09-01 14:15:00,Chronos-2 (기록만),175.11536,155.66449,175.11536,190.62051
2021-09-01 14:30:00,Chronos-2 (기록만),177.39247,157.51811,177.39247,193.80151
2021-09-01 14:45:00,Chronos-2 (기록만),176.86755,157.38504,176.86755,193.7219
2021-09-01 15:00:00,Chronos-2 (기록만),143.36154,124.06761,143.36154,162.17029
2021-09-01 15:15:00,Chronos-2 (기록만),168.53949,146.82257,168.53949,186.21681
2021-09-01 15:30:00,Chronos-2 (기록만),175.2923,154.7631,175.2923,192.87016
2021-09-01 15:45:00,Chronos-2 (기록만),175.63477,156.22702,175.63477,192.69775
2021-09-01 16:00:00,Chronos-2 (기록만),175.49957,157.1676,175.49957,190.71173
2021-09-01 16:15:00,Chronos-2 (기록만),172.88571,155.41129,172.88571,189.41928
2021-09-01 16:30:00,Chronos-2 (기록만),166.20306,147.70644,166.20306,182.06772
2021-09-01 16:45:00,Chronos-2 (기록만),162.18979,142.7349,162.18979,179.16685
2021-09-01 17:00:00,Chronos-2 (기록만),125.76447,108.52187,125.76447,142.57838
2021-09-01 17:15:00,Chronos-2 (기록만),113.93227,98.1161,113.93227,130.05037
2021-09-01 17:30:00,Chronos-2 (기록만),151.04405,131.47455,151.04405,167.76125
2021-09-01 17:45:00,Chronos-2 (기록만),165.349,145.57396,165.349,182.60342
2021-09-01 18:00:00,Chronos-2 (기록만),166.42703,146.94255,166.42703,182.93742
2021-09-01 18:15:00,Chronos-2 (기록만),164.72961,145.12546,164.72961,180.49196
2021-09-01 18:30:00,Chronos-2 (기록만),164.79901,144.72092,164.79901,181.61667
2021-09-01 18:45:00,Chronos-2 (기록만),161.30591,142.50928,161.30591,177.41763
2021-09-01 19:00:00,Chronos-2 (기록만),156.48682,138.40207,156.48682,172.67513
2021-09-01 19:15:00,Chronos-2 (기록만),151.67621,132.32439,151.67621,168.37076
2021-09-01 19:30:00,Chronos-2 (기록만),146.68094,128.24661,146.68094,163.46048
2021-09-01 19:45:00,Chronos-2 (기록만),131.0901,112.711754,131.0901,148.13507
2021-09-01 20:00:00,Chronos-2 (기록만),119.95248,105.42432,119.95248,134.03593
2021-09-01 20:15:00,Chronos-2 (기록만),127.67479,113.81315,127.67479,140.61191
2021-09-01 20:30:00,Chronos-2 (기록만),128.93721,116.11472,128.93721,141.52594
2021-09-01 20:45:00,Chronos-2 (기록만),126.36821,113.833015,126.36821,138.4851
2021-09-01 21:00:00,Chronos-2 (기록만),123.67985,110.88529,123.67985,136.48822
2021-09-01 21:15:00,Chronos-2 (기록만),124.2185,111.83757,124.2185,136.68921
2021-09-01 21:30:00,Chronos-2 (기록만),122.01604,109.3703,122.01604,134.38141
2021-09-01 21:45:00,Chronos-2 (기록만),120.24778,107.91484,120.24778,132.99983
2021-09-01 22:00:00,Chronos-2 (기록만),108.06951,95.294495,108.06951,120.851204
2021-09-01 22:15:00,Chronos-2 (기록만),117.99884,105.56677,117.99884,130.48979
2021-09-01 22:30:00,Chronos-2 (기록만),117.52483,105.04319,117.52483,130.30624
2021-09-01 22:45:00,Chronos-2 (기록만),116.04409,104.21681,116.04409,127.90156
2021-09-01 23:00:00,Chronos-2 (기록만),113.18632,101.57593,113.18632,125.176544
2021-09-01 23:15:00,Chronos-2 (기록만),113.70445,101.799614,113.70445,125.28072
2021-09-01 23:30:00,Chronos-2 (기록만),110.50237,98.637184,110.50237,122.06303
2021-09-01 23:45:00,Chronos-2 (기록만),91.940285,81.448006,91.940285,102.88574
2021-09-02 00:00:00,Chronos-2 (기록만),81.30232,74.20198,81.30232,87.2079
2021-09-02 00:15:00,Chronos-2 (기록만),77.69492,70.98647,77.69492,84.35106
2021-09-02 00:30:00,Chronos-2 (기록만),74.9781,68.25954,74.9781,81.396866
2021-09-02 00:45:00,Chronos-2 (기록만),73.144966,66.1608,73.144966,79.89296
2021-09-02 01:00:00,Chronos-2 (기록만),96.67866,89.50879,96.67866,103.60856
2021-09-02 01:15:00,Chronos-2 (기록만),108.94142,101.42471,108.94142,116.18028
2021-09-02 01:30:00,Chronos-2 (기록만),112.11418,105.24965,112.11418,119.32861
2021-09-02 01:45:00,Chronos-2 (기록만),112.19513,105.062195,112.19513,119.572334
2021-09-02 02:00:00,Chronos-2 (기록만),114.537926,107.47431,114.537926,121.477646
2021-09-02 02:15:00,Chronos-2 (기록만),114.64807,107.10013,114.64807,121.74758
2021-09-02 02:30:00,Chronos-2 (기록만),111.56198,104.166794,111.56198,119.263336
2021-09-02 02:45:00,Chronos-2 (기록만),110.818634,103.45049,110.818634,118.45032
2021-09-02 03:00:00,Chronos-2 (기록만),95.95169,88.31172,95.95169,103.462944
2021-09-02 03:15:00,Chronos-2 (기록만),106.00838,98.326836,106.00838,113.97068
2021-09-02 03:30:00,Chronos-2 (기록만),108.03368,100.13977,108.03368,116.07527
2021-09-02 03:45:00,Chronos-2 (기록만),109.35475,101.61161,109.35475,117.16778
2021-09-02 04:00:00,Chronos-2 (기록만),109.73934,102.38468,109.73934,117.219315
2021-09-02 04:15:00,Chronos-2 (기록만),113.57243,106.48113,113.57243,121.15813
2021-09-02 04:30:00,Chronos-2 (기록만),111.44083,103.74147,111.44083,119.12602
2021-09-02 04:45:00,Chronos-2 (기록만),106.39439,98.78245,106.39439,113.83034
2021-09-02 05:00:00,Chronos-2 (기록만),84.9773,77.88508,84.9773,92.01654
2021-09-02 05:15:00,Chronos-2 (기록만),79.64514,72.53946,79.64514,86.44919
2021-09-02 05:30:00,Chronos-2 (기록만),95.50072,87.96502,95.50072,102.92728
2021-09-02 05:45:00,Chronos-2 (기록만),110.93761,102.95231,110.93761,118.68387
2021-09-02 06:00:00,Chronos-2 (기록만),112.24083,103.849266,112.24083,120.677925
2021-09-02 06:15:00,Chronos-2 (기록만),111.656555,103.25976,111.656555,119.6992
2021-09-02 06:30:00,Chronos-2 (기록만),110.43086,102.0338,110.43086,118.77189
2021-09-02 06:45:00,Chronos-2 (기록만),112.2526,103.36704,112.2526,121.066895
2021-09-02 07:00:00,Chronos-2 (기록만),110.3098,100.19451,110.3098,118.94757
2021-09-02 07:15:00,Chronos-2 (기록만),122.27637,111.23226,122.27637,132.17279
2021-09-02 07:30:00,Chronos-2 (기록만),145.52243,133.58533,145.52243,156.68036
2021-09-02 07:45:00,Chronos-2 (기록만),143.62729,132.44669,143.62729,155.29224
2021-09-02 08:00:00,Chronos-2 (기록만),162.90369,148.10971,162.90369,177.1
2021-09-02 08:15:00,Chronos-2 (기록만),183.94199,169.12173,183.94199,197.21878
2021-09-02 08:30:00,Chronos-2 (기록만),187.02744,171.13544,187.02744,199.9231
2021-09-02 08:45:00,Chronos-2 (기록만),184.08986,168.78955,184.08986,197.27103
2021-09-02 09:00:00,Chronos-2 (기록만),175.90924,161.377,175.90924,190.2858
2021-09-02 09:15:00,Chronos-2 (기록만),179.06357,164.1638,179.06357,192.656
2021-09-02 09:30:00,Chronos-2 (기록만),180.55759,165.82745,180.55759,194.36243
2021-09-02 09:45:00,Chronos-2 (기록만),181.55292,165.51375,181.55292,195.34671
2021-09-02 10:00:00,Chronos-2 (기록만),157.10565,141.79276,157.10565,170.96512
2021-09-02 10:15:00,Chronos-2 (기록만),183.51358,167.48643,183.51358,196.80759
2021-09-02 10:30:00,Chronos-2 (기록만),184.26779,168.10387,184.26779,198.38226
2021-09-02 10:45:00,Chronos-2 (기록만),183.70744,167.66873,183.70744,196.98126
2021-09-02 11:00:00,Chronos-2 (기록만),181.14232,165.72871,181.14232,195.21152
2021-09-02 11:15:00,Chronos-2 (기록만),181.30002,165.58894,181.30002,194.29568
2021-09-02 11:30:00,Chronos-2 (기록만),181.33878,164.9474,181.33878,194.43204
2021-09-02 11:45:00,Chronos-2 (기록만),176.59445,160.82744,176.59445,191.2418
2021-09-02 12:00:00,Chronos-2 (기록만),119.15927,104.310265,119.15927,134.35918
2021-09-02 12:15:00,Chronos-2 (기록만),104.1787,90.53272,104.1787,117.585625
2021-09-02 12:30:00,Chronos-2 (기록만),106.28683,91.410446,106.28683,120.04602
2021-09-02 12:45:00,Chronos-2 (기록만),131.80121,115.93899,131.80121,146.98576
2021-09-02 13:00:00,Chronos-2 (기록만),170.56387,153.82687,170.56387,185.56918
2021-09-02 13:15:00,Chronos-2 (기록만),177.77948,161.87897,177.77948,193.09506
2021-09-02 13:30:00,Chronos-2 (기록만),178.13426,162.84103,178.13426,193.39607
2021-09-02 13:45:00,Chronos-2 (기록만),182.25047,166.03674,182.25047,196.9284
2021-09-02 14:00:00,Chronos-2 (기록만),182.05408,166.55135,182.05408,196.55278
2021-09-02 14:15:00,Chronos-2 (기록만),179.64677,162.36353,179.64677,193.84093
2021-09-02 14:30:00,Chronos-2 (기록만),179.41492,161.60881,179.41492,194.95625
2021-09-02 14:45:00,Chronos-2 (기록만),178.89365,160.96835,178.89365,194.76785
2021-09-02 15:00:00,Chronos-2 (기록만),147.04189,128.99872,147.04189,164.54764
2021-09-02 15:15:00,Chronos-2 (기록만),171.77443,153.06567,171.77443,187.97675
2021-09-02 15:30:00,Chronos-2 (기록만),177.92807,159.11742,177.92807,193.69305
2021-09-02 15:45:00,Chronos-2 (기록만),178.88306,161.60297,178.88306,194.61725
2021-09-02 16:00:00,Chronos-2 (기록만),175.64781,158.93204,175.64781,190.1401
2021-09-02 16:15:00,Chronos-2 (기록만),176.39914,160.4349,176.39914,191.84676
2021-09-02 16:30:00,Chronos-2 (기록만),170.8798,153.75468,170.8798,185.38892
2021-09-02 16:45:00,Chronos-2 (기록만),164.25665,146.50089,164.25665,180.01453
2021-09-02 17:00:00,Chronos-2 (기록만),124.028336,108.813354,124.028336,139.20634
2021-09-02 17:15:00,Chronos-2 (기록만),112.7055,98.57318,112.7055,127.12257
2021-09-02 17:30:00,Chronos-2 (기록만),151.43637,134.27625,151.43637,166.36188
2021-09-02 17:45:00,Chronos-2 (기록만),166.8647,149.36116,166.8647,182.18863
2021-09-02 18:00:00,Chronos-2 (기록만),166.49268,148.82162,166.49268,180.671
2021-09-02 18:15:00,Chronos-2 (기록만),163.70407,146.45215,163.70407,177.72676
2021-09-02 18:30:00,Chronos-2 (기록만),164.215,146.27533,164.215,178.77972
2021-09-02 18:45:00,Chronos-2 (기록만),163.43015,146.21773,163.43015,177.97348
2021-09-02 19:00:00,Chronos-2 (기록만),159.51598,142.99344,159.51598,174.10423
2021-09-02 19:15:00,Chronos-2 (기록만),153.96497,136.41751,153.96497,168.70253
2021-09-02 19:30:00,Chronos-2 (기록만),149.35275,133.2288,149.35275,164.3418
2021-09-02 19:45:00,Chronos-2 (기록만),131.40866,115.46674,131.40866,145.89633
2021-09-02 20:00:00,Chronos-2 (기록만),120.0607,107.482796,120.0607,131.75359
2021-09-02 20:15:00,Chronos-2 (기록만),128.45178,116.4359,128.45178,139.01945
2021-09-02 20:30:00,Chronos-2 (기록만),129.43518,118.02407,129.43518,140.24693
2021-09-02 20:45:00,Chronos-2 (기록만),128.38649,117.16025,128.38649,138.38147
2021-09-02 21:00:00,Chronos-2 (기록만),125.37887,114.55325,125.37887,135.99384
2021-09-02 21:15:00,Chronos-2 (기록만),126.559006,115.70075,126.559006,136.79877
2021-09-02 21:30:00,Chronos-2 (기록만),123.954636,113.124084,123.954636,134.22018
2021-09-02 21:45:00,Chronos-2 (기록만),122.21289,111.2307,122.21289,132.78883
2021-09-02 22:00:00,Chronos-2 (기록만),108.15531,96.30008,108.15531,118.61749
2021-09-02 22:15:00,Chronos-2 (기록만),120.36417,108.99997,120.36417,130.6257
2021-09-02 22:30:00,Chronos-2 (기록만),119.4419,108.01847,119.4419,130.1064
2021-09-02 22:45:00,Chronos-2 (기록만),118.27905,107.631355,118.27905,128.1734
2021-09-02 23:00:00,Chronos-2 (기록만),114.76836,104.21898,114.76836,124.51184
2021-09-02 23:15:00,Chronos-2 (기록만),115.96543,105.23285,115.96543,125.59923
2021-09-02 23:30:00,Chronos-2 (기록만),112.460594,101.7095,112.460594,121.87932
2021-09-02 23:45:00,Chronos-2 (기록만),94.15867,84.23821,94.15867,103.408066
2021-09-03 00:00:00,Chronos-2 (기록만),82.00839,74.51831,82.00839,88.50027
2021-09-03 00:15:00,Chronos-2 (기록만),78.39247,71.297356,78.39247,85.52878
2021-09-03 00:30:00,Chronos-2 (기록만),75.87523,68.842476,75.87523,82.7349
2021-09-03 00:45:00,Chronos-2 (기록만),73.748344,66.59381,73.748344,80.88614
2021-09-03 01:00:00,Chronos-2 (기록만),98.97911,91.44114,98.97911,106.21274
2021-09-03 01:15:00,Chronos-2 (기록만),110.43019,102.718925,110.43019,117.7363
2021-09-03 01:30:00,Chronos-2 (기록만),113.796486,106.83452,113.796486,121.03122
2021-09-03 01:45:00,Chronos-2 (기록만),113.83059,106.57222,113.83059,121.19017
2021-09-03 02:00:00,Chronos-2 (기록만),116.77594,109.61822,116.77594,123.80765
2021-09-03 02:15:00,Chronos-2 (기록만),117.29217,109.432076,117.29217,124.60834
2021-09-03 02:30:00,Chronos-2 (기록만),113.4323,106.00838,113.4323,121.31249
2021-09-03 02:45:00,Chronos-2 (기록만),112.96867,105.43237,112.96867,120.62158
2021-09-03 03:00:00,Chronos-2 (기록만),96.63973,89.2087,96.63973,104.38732
2021-09-03 03:15:00,Chronos-2 (기록만),107.85411,100.20304,107.85411,115.86374
2021-09-03 03:30:00,Chronos-2 (기록만),110.21449,102.19862,110.21449,118.40823
2021-09-03 03:45:00,Chronos-2 (기록만),112.28291,104.34911,112.28291,120.22472
2021-09-03 04:00:00,Chronos-2 (기록만),113.41252,105.60895,113.41252,121.4198
2021-09-03 04:15:00,Chronos-2 (기록만),115.30181,107.82188,115.30181,123.256516
2021-09-03 04:30:00,Chronos-2 (기록만),113.574875,105.4108,113.574875,121.67049
2021-09-03 04:45:00,Chronos-2 (기록만),109.385666,101.348785,109.385666,117.53666
2021-09-03 05:00:00,Chronos-2 (기록만),86.54373,78.882614,86.54373,94.48325
2021-09-03 05:15:00,Chronos-2 (기록만),79.96086,72.330124,79.96086,87.3688
2021-09-03 05:30:00,Chronos-2 (기록만),96.95328,88.98431,96.95328,104.933556
2021-09-03 05:45:00,Chronos-2 (기록만),111.8503,103.58464,111.8503,119.90283
2021-09-03 06:00:00,Chronos-2 (기록만),113.35557,104.94258,113.35557,121.96304
2021-09-03 06:15:00,Chronos-2 (기록만),112.84836,104.29104,112.84836,121.01829
2021-09-03 06:30:00,Chronos-2 (기록만),112.65224,104.36853,112.65224,120.91418
2021-09-03 06:45:00,Chronos-2 (기록만),114.39978,105.351006,114.39978,123.36557
2021-09-03 07:00:00,Chronos-2 (기록만),114.62834,104.9568,114.62834,123.93169
2021-09-03 07:15:00,Chronos-2 (기록만),125.200134,114.25407,125.200134,135.15662
2021-09-03 07:30:00,Chronos-2 (기록만),147.49997,135.86923,147.49997,158.84924
2021-09-03 07:45:00,Chronos-2 (기록만),145.68,134.23514,145.68,157.55371
2021-09-03 08:00:00,Chronos-2 (기록만),164.37363,149.32108,164.37363,178.65884
2021-09-03 08:15:00,Chronos-2 (기록만),185.06995,170.37195,185.06995,198.41687
2021-09-03 08:30:00,Chronos-2 (기록만),187.91682,172.26706,187.91682,200.84004
2021-09-03 08:45:00,Chronos-2 (기록만),184.54947,169.7287,184.54947,197.78372
2021-09-03 09:00:00,Chronos-2 (기록만),177.18811,162.62022,177.18811,191.45416
2021-09-03 09:15:00,Chronos-2 (기록만),179.54523,164.78445,179.54523,192.99765
2021-09-03 09:30:00,Chronos-2 (기록만),181.69156,167.0278,181.69156,195.51532
2021-09-03 09:45:00,Chronos-2 (기록만),183.3252,167.52301,183.3252,197.07736
2021-09-03 10:00:00,Chronos-2 (기록만),158.71933,143.15398,158.71933,172.52818
2021-09-03 10:15:00,Chronos-2 (기록만),182.96622,167.23613,182.96622,196.18251
2021-09-03 10:30:00,Chronos-2 (기록만),184.18105,168.28159,184.18105,198.1082
2021-09-03 10:45:00,Chronos-2 (기록만),183.68597,167.84738,183.68597,196.69377
2021-09-03 11:00:00,Chronos-2 (기록만),180.62991,165.60275,180.62991,194.19759
2021-09-03 11:15:00,Chronos-2 (기록만),182.66043,167.52086,182.66043,195.4552
2021-09-03 11:30:00,Chronos-2 (기록만),183.35384,167.29895,183.35384,196.15457
2021-09-03 11:45:00,Chronos-2 (기록만),179.7201,164.3143,179.7201,194.14343
2021-09-03 12:00:00,Chronos-2 (기록만),120.22677,105.00985,120.22677,135.72673
2021-09-03 12:15:00,Chronos-2 (기록만),102.19848,88.69211,102.19848,115.68512
2021-09-03 12:30:00,Chronos-2 (기록만),103.813225,89.236786,103.813225,117.624435
2021-09-03 12:45:00,Chronos-2 (기록만),129.56235,113.78433,129.56235,144.51369
2021-09-03 13:00:00,Chronos-2 (기록만),171.37643,154.29677,171.37643,186.25504
2021-09-03 13:15:00,Chronos-2 (기록만),177.94347,161.7862,177.94347,193.37338
2021-09-03 13:30:00,Chronos-2 (기록만),178.15941,162.79544,178.15941,193.33658
2021-09-03 13:45:00,Chronos-2 (기록만),182.35547,165.82822,182.35547,197.06276
2021-09-03 14:00:00,Chronos-2 (기록만),183.33688,167.93181,183.33688,197.92494
2021-09-03 14:15:00,Chronos-2 (기록만),180.45119,162.80002,180.45119,194.71704
2021-09-03 14:30:00,Chronos-2 (기록만),179.71512,161.5697,179.71512,195.16043
2021-09-03 14:45:00,Chronos-2 (기록만),178.98865,161.34468,178.98865,194.79428
2021-09-03 15:00:00,Chronos-2 (기록만),147.16983,129.41724,147.16983,164.26007
2021-09-03 15:15:00,Chronos-2 (기록만),171.18513,152.86676,171.18513,186.80261
2021-09-03 15:30:00,Chronos-2 (기록만),176.25754,157.76062,176.25754,191.27524
2021-09-03 15:45:00,Chronos-2 (기록만),176.24678,159.42047,176.24678,191.83115
2021-09-03 16:00:00,Chronos-2 (기록만),174.70317,157.48761,174.70317,188.63568
2021-09-03 16:15:00,Chronos-2 (기록만),176.49738,160.20163,176.49738,191.36383
2021-09-03 16:30:00,Chronos-2 (기록만),171.86188,154.47214,171.86188,185.95212
2021-09-03 16:45:00,Chronos-2 (기록만),166.48596,148.35321,166.48596,181.35234
2021-09-03 17:00:00,Chronos-2 (기록만),126.63312,111.20746,126.63312,140.98589
2021-09-03 17:15:00,Chronos-2 (기록만),116.762215,102.12075,116.762215,130.39038
2021-09-03 17:30:00,Chronos-2 (기록만),155.17892,138.01894,155.17892,169.53378
2021-09-03 17:45:00,Chronos-2 (기록만),167.40517,149.26083,167.40517,182.39395
2021-09-03 18:00:00,Chronos-2 (기록만),165.20294,146.56078,165.20294,179.10257
2021-09-03 18:15:00,Chronos-2 (기록만),162.84286,144.66968,162.84286,176.92448
2021-09-03 18:30:00,Chronos-2 (기록만),163.01953,143.84702,163.01953,177.6213
2021-09-03 18:45:00,Chronos-2 (기록만),162.28764,143.94006,162.28764,176.80057
2021-09-03 19:00:00,Chronos-2 (기록만),157.52405,139.80457,157.52405,172.05478
2021-09-03 19:15:00,Chronos-2 (기록만),148.65295,129.6561,148.65295,163.38614
2021-09-03 19:30:00,Chronos-2 (기록만),145.58006,127.61215,145.58006,160.99258
2021-09-03 19:45:00,Chronos-2 (기록만),126.22351,108.66318,126.22351,140.59843
2021-09-03 20:00:00,Chronos-2 (기록만),115.03409,99.890175,115.03409,127.09909
2021-09-03 20:15:00,Chronos-2 (기록만),124.910965,110.54067,124.910965,135.46985
2021-09-03 20:30:00,Chronos-2 (기록만),127.55993,113.27335,127.55993,137.99596
2021-09-03 20:45:00,Chronos-2 (기록만),126.63177,112.27957,126.63177,136.52058
2021-09-03 21:00:00,Chronos-2 (기록만),124.456924,110.465485,124.456924,135.29391
2021-09-03 21:15:00,Chronos-2 (기록만),125.05337,111.36226,125.05337,135.24513
2021-09-03 21:30:00,Chronos-2 (기록만),121.91323,108.27311,121.91323,132.18198
2021-09-03 21:45:00,Chronos-2 (기록만),119.90063,106.11734,119.90063,130.54663
2021-09-03 22:00:00,Chronos-2 (기록만),103.866104,89.746025,103.866104,114.64458
2021-09-03 22:15:00,Chronos-2 (기록만),115.65559,101.76779,115.65559,126.11397
2021-09-03 22:30:00,Chronos-2 (기록만),116.35809,101.79265,116.35809,127.35438
2021-09-03 22:45:00,Chronos-2 (기록만),117.31665,103.57167,117.31665,127.34558
2021-09-03 23:00:00,Chronos-2 (기록만),114.3981,100.88895,114.3981,124.36182
2021-09-03 23:15:00,Chronos-2 (기록만),114.60521,100.33039,114.60521,124.29508
2021-09-03 23:30:00,Chronos-2 (기록만),110.363945,96.09507,110.363945,120.219376
2021-09-03 23:45:00,Chronos-2 (기록만),91.01562,77.90114,91.01562,100.76171
2021-09-04 00:00:00,Chronos-2 (기록만),70.84151,63.24662,70.84151,77.00879
2021-09-04 00:15:00,Chronos-2 (기록만),67.826164,59.83258,67.826164,74.77918
2021-09-04 00:30:00,Chronos-2 (기록만),65.8725,57.241016,65.8725,73.19326
2021-09-04 00:45:00,Chronos-2 (기록만),65.18263,56.416676,65.18263,72.871994
2021-09-04 01:00:00,Chronos-2 (기록만),91.52593,83.65559,91.52593,98.440155
2021-09-04 01:15:00,Chronos-2 (기록만),101.22899,93.20471,101.22899,107.893135
2021-09-04 01:30:00,Chronos-2 (기록만),104.85253,97.69653,104.85253,111.69585
2021-09-04 01:45:00,Chronos-2 (기록만),105.76931,98.190125,105.76931,112.51079
2021-09-04 02:00:00,Chronos-2 (기록만),107.94869,100.482346,107.94869,114.34277
2021-09-04 02:15:00,Chronos-2 (기록만),108.662094,100.450775,108.662094,115.35941
2021-09-04 02:30:00,Chronos-2 (기록만),105.41886,97.45128,105.41886,112.54288
2021-09-04 02:45:00,Chronos-2 (기록만),103.67645,95.77103,103.67645,110.508255
2021-09-04 03:00:00,Chronos-2 (기록만),92.291176,83.561966,92.291176,99.627525
2021-09-04 03:15:00,Chronos-2 (기록만),99.93756,91.35872,99.93756,107.398796
2021-09-04 03:30:00,Chronos-2 (기록만),100.97011,92.22139,100.97011,108.769485
2021-09-04 03:45:00,Chronos-2 (기록만),103.09848,94.539246,103.09848,110.73601
2021-09-04 04:00:00,Chronos-2 (기록만),104.1358,94.79784,104.1358,112.10967
2021-09-04 04:15:00,Chronos-2 (기록만),105.07587,95.80485,105.07587,112.873
2021-09-04 04:30:00,Chronos-2 (기록만),105.44287,95.57687,105.44287,113.79683
2021-09-04 04:45:00,Chronos-2 (기록만),101.09424,89.58861,101.09424,109.03229
2021-09-04 05:00:00,Chronos-2 (기록만),87.9223,75.51328,87.9223,96.25246
2021-09-04 05:15:00,Chronos-2 (기록만),85.11688,72.618324,85.11688,94.33638
2021-09-04 05:30:00,Chronos-2 (기록만),97.8143,88.1189,97.8143,106.61653
2021-09-04 05:45:00,Chronos-2 (기록만),104.68263,95.20718,104.68263,112.350746
2021-09-04 06:00:00,Chronos-2 (기록만),102.822395,93.1412,102.822395,110.62145
2021-09-04 06:15:00,Chronos-2 (기록만),101.85354,92.25313,101.85354,110.07853
2021-09-04 06:30:00,Chronos-2 (기록만),98.16577,88.01517,98.16577,106.82191
2021-09-04 06:45:00,Chronos-2 (기록만),97.17525,87.16546,97.17525,105.406975
2021-09-04 07:00:00,Chronos-2 (기록만),97.30314,86.63084,97.30314,105.9619
2021-09-04 07:15:00,Chronos-2 (기록만),89.26235,76.42801,89.26235,98.9605
2021-09-04 07:30:00,Chronos-2 (기록만),52.02694,39.617332,52.02694,65.876274
2021-09-04 07:45:00,Chronos-2 (기록만),32.519356,20.399872,32.519356,44.078773
2021-09-04 08:00:00,Chronos-2 (기록만),26.468628,17.2267,26.468628,35.60978
2021-09-04 08:15:00,Chronos-2 (기록만),25.856026,16.536865,25.856026,34.970123
2021-09-04 08:30:00,Chronos-2 (기록만),26.041313,16.685707,26.041313,35.261673
2021-09-04 08:45:00,Chronos-2 (기록만),26.512741,17.19358,26.512741,35.38601
2021-09-04 09:00:00,Chronos-2 (기록만),26.395554,17.301804,26.395554,35.082134
2021-09-04 09:15:00,Chronos-2 (기록만),26.713783,17.3685,26.713783,36.166756
2021-09-04 09:30:00,Chronos-2 (기록만),26.596375,17.15937,26.596375,35.93298
2021-09-04 09:45:00,Chronos-2 (기록만),27.306541,17.510773,27.306541,36.475567
2021-09-04 10:00:00,Chronos-2 (기록만),27.535881,17.66713,27.535881,36.890945
2021-09-04 10:15:00,Chronos-2 (기록만),28.237122,18.17923,28.237122,37.878246
2021-09-04 10:30:00,Chronos-2 (기록만),27.905075,17.477882,27.905075,37.604324
2021-09-04 10:45:00,Chronos-2 (기록만),28.301964,17.751862,28.301964,38.948353
2021-09-04 11:00:00,Chronos-2 (기록만),28.704506,17.79383,28.704506,39.37981
2021-09-04 11:15:00,Chronos-2 (기록만),28.967194,17.826027,28.967194,38.92543
2021-09-04 11:30:00,Chronos-2 (기록만),29.22924,18.011055,29.22924,40.061943
2021-09-04 11:45:00,Chronos-2 (기록만),29.10836,17.976868,29.10836,39.87242
2021-09-04 12:00:00,Chronos-2 (기록만),27.981667,17.452019,27.981667,36.739994
2021-09-04 12:15:00,Chronos-2 (기록만),27.729889,16.97831,27.729889,36.629654
2021-09-04 12:30:00,Chronos-2 (기록만),27.645744,16.775856,27.645744,36.71758
2021-09-04 12:45:00,Chronos-2 (기록만),27.922455,17.478195,27.922455,36.607677
2021-09-04 13:00:00,Chronos-2 (기록만),27.778893,17.569313,27.778893,36.248184
2021-09-04 13:15:00,Chronos-2 (기록만),27.82975,17.07985,27.82975,37.098694
2021-09-04 13:30:00,Chronos-2 (기록만),27.779907,16.983177,27.779907,36.93882
2021-09-04 13:45:00,Chronos-2 (기록만),28.163872,16.870728,28.163872,37.430866
2021-09-04 14:00:00,Chronos-2 (기록만),28.434082,16.6846,28.434082,37.786022
2021-09-04 14:15:00,Chronos-2 (기록만),29.05098,17.55188,29.05098,38.52514
2021-09-04 14:30:00,Chronos-2 (기록만),28.659966,17.042862,28.659966,37.876766
2021-09-04 14:45:00,Chronos-2 (기록만),28.92241,16.942863,28.92241,39.05056
2021-09-04 15:00:00,Chronos-2 (기록만),29.02993,16.838768,29.02993,39.15816
2021-09-04 15:15:00,Chronos-2 (기록만),29.17762,17.036674,29.17762,38.61691
2021-09-04 15:30:00,Chronos-2 (기록만),29.293266,17.227531,29.293266,39.073887
2021-09-04 15:45:00,Chronos-2 (기록만),29.025696,16.853256,29.025696,39.17382
2021-09-04 16:00:00,Chronos-2 (기록만),29.584373,19.636185,29.584373,39.3847
2021-09-04 16:15:00,Chronos-2 (기록만),29.802399,19.265305,29.802399,39.960476
2021-09-04 16:30:00,Chronos-2 (기록만),30.030907,18.947685,30.030907,40.266186
2021-09-04 16:45:00,Chronos-2 (기록만),30.256844,19.456871,30.256844,40.01802
2021-09-04 17:00:00,Chronos-2 (기록만),29.967865,19.845184,29.967865,39.545094
2021-09-04 17:15:00,Chronos-2 (기록만),29.926369,19.463272,29.926369,39.86178
2021-09-04 17:30:00,Chronos-2 (기록만),30.343838,18.989677,30.343838,39.99422
2021-09-04 17:45:00,Chronos-2 (기록만),30.823833,18.991562,30.823833,41.18305
2021-09-04 18:00:00,Chronos-2 (기록만),30.520065,19.19085,30.520065,40.89152
2021-09-04 18:15:00,Chronos-2 (기록만),30.85186,19.351501,30.85186,41.047752
2021-09-04 18:30:00,Chronos-2 (기록만),29.897583,18.672043,29.897583,39.532
2021-09-04 18:45:00,Chronos-2 (기록만),29.303299,18.51522,29.303299,39.986378
2021-09-04 19:00:00,Chronos-2 (기록만),29.07434,18.031647,29.07434,39.99216
2021-09-04 19:15:00,Chronos-2 (기록만),28.877327,18.163307,28.877327,39.767742
2021-09-04 19:30:00,Chronos-2 (기록만),28.7342,18.1781,28.7342,38.978024
2021-09-04 19:45:00,Chronos-2 (기록만),27.624344,17.329887,27.624344,37.21428
2021-09-04 20:00:00,Chronos-2 (기록만),24.65892,19.578392,24.65892,31.761772
2021-09-04 20:15:00,Chronos-2 (기록만),24.500626,19.393372,24.500626,31.930672
2021-09-04 20:30:00,Chronos-2 (기록만),24.546844,19.124557,24.546844,32.828938
2021-09-04 20:45:00,Chronos-2 (기록만),24.51596,19.602669,24.51596,32.797737
2021-09-04 21:00:00,Chronos-2 (기록만),24.578262,19.327606,24.578262,32.32454
2021-09-04 21:15:00,Chronos-2 (기록만),24.696098,19.388222,24.696098,33.73322
2021-09-04 21:30:00,Chronos-2 (기록만),24.385696,19.342987,24.385696,32.71345
2021-09-04 21:45:00,Chronos-2 (기록만),24.69159,19.47673,24.69159,32.053925
2021-09-04 22:00:00,Chronos-2 (기록만),24.879623,19.699303,24.879623,32.089645
2021-09-04 22:15:00,Chronos-2 (기록만),25.207596,19.003616,25.207596,33.653244
2021-09-04 22:30:00,Chronos-2 (기록만),25.18328,18.83345,25.18328,33.04751
2021-09-04 22:45:00,Chronos-2 (기록만),24.60427,19.018051,24.60427,33.16708
2021-09-04 23:00:00,Chronos-2 (기록만),24.620255,19.131401,24.620255,33.073574
2021-09-04 23:15:00,Chronos-2 (기록만),24.567177,18.75991,24.567177,32.88988
2021-09-04 23:30:00,Chronos-2 (기록만),24.309227,18.981224,24.309227,32.053894
2021-09-04 23:45:00,Chronos-2 (기록만),23.999367,18.768303,23.999367,30.187561
2021-09-05 00:00:00,Chronos-2 (기록만),22.705643,20.722954,22.705643,24.617317
2021-09-05 00:15:00,Chronos-2 (기록만),22.695145,20.869598,22.695145,24.667564
2021-09-05 00:30:00,Chronos-2 (기록만),22.79123,20.864944,22.79123,24.46856
2021-09-05 00:45:00,Chronos-2 (기록만),22.787155,21.210472,22.787155,24.616074
2021-09-05 01:00:00,Chronos-2 (기록만),22.797028,21.027298,22.797028,24.84317
2021-09-05 01:15:00,Chronos-2 (기록만),23.125648,21.051872,23.125648,25.531967
2021-09-05 01:30:00,Chronos-2 (기록만),23.318993,21.53537,23.318993,25.476227
2021-09-05 01:45:00,Chronos-2 (기록만),23.345833,21.372864,23.345833,25.717606
2021-09-05 02:00:00,Chronos-2 (기록만),23.389069,21.307564,23.389069,25.555916
2021-09-05 02:15:00,Chronos-2 (기록만),23.460724,21.270065,23.460724,25.73822
2021-09-05 02:30:00,Chronos-2 (기록만),23.431023,21.191711,23.431023,25.300995
2021-09-05 02:45:00,Chronos-2 (기록만),23.309608,21.116531,23.309608,25.42228
2021-09-05 03:00:00,Chronos-2 (기록만),23.274086,21.328674,23.274086,25.564713
2021-09-05 03:15:00,Chronos-2 (기록만),23.249672,21.160011,23.249672,25.353714
2021-09-05 03:30:00,Chronos-2 (기록만),23.013878,20.99588,23.013878,25.063972
2021-09-05 03:45:00,Chronos-2 (기록만),22.834839,20.888504,22.834839,25.111702
2021-09-05 04:00:00,Chronos-2 (기록만),23.6652,21.18087,23.6652,26.729515
2021-09-05 04:15:00,Chronos-2 (기록만),23.770851,21.317078,23.770851,26.929207
2021-09-05 04:30:00,Chronos-2 (기록만),23.890068,21.374527,23.890068,26.881218
2021-09-05 04:45:00,Chronos-2 (기록만),23.720154,21.58265,23.720154,26.86789
2021-09-05 05:00:00,Chronos-2 (기록만),23.62574,21.582962,23.62574,26.645874
2021-09-05 05:15:00,Chronos-2 (기록만),23.719002,21.336449,23.719002,27.139175
2021-09-05 05:30:00,Chronos-2 (기록만),23.86673,21.600601,23.86673,26.95362
2021-09-05 05:45:00,Chronos-2 (기록만),23.69564,21.185165,23.69564,27.058563
2021-09-05 06:00:00,Chronos-2 (기록만),23.634323,21.024422,23.634323,26.703232
2021-09-05 06:15:00,Chronos-2 (기록만),23.84185,21.381432,23.84185,27.056145
2021-09-05 06:30:00,Chronos-2 (기록만),23.713066,21.107239,23.713066,26.465446
2021-09-05 06:45:00,Chronos-2 (기록만),23.60942,20.864754,23.60942,26.633308
2021-09-05 07:00:00,Chronos-2 (기록만),23.646164,20.883133,23.646164,27.013634
2021-09-05 07:15:00,Chronos-2 (기록만),23.584885,20.856735,23.584885,26.605736
2021-09-05 07:30:00,Chronos-2 (기록만),23.631416,21.020058,23.631416,26.644852
2021-09-05 07:45:00,Chronos-2 (기록만),23.400055,20.736603,23.400055,26.569923
2021-09-05 08:00:00,Chronos-2 (기록만),24.143867,20.93203,24.143867,28.240067
2021-09-05 08:15:00,Chronos-2 (기록만),24.359642,21.16401,24.359642,28.625923
2021-09-05 08:30:00,Chronos-2 (기록만),24.683937,21.212532,24.683937,28.883324
2021-09-05 08:45:00,Chronos-2 (기록만),24.66874,21.464767,24.66874,28.995956
2021-09-05 09:00:00,Chronos-2 (기록만),24.531815,21.684181,24.531815,28.638756
2021-09-05 09:15:00,Chronos-2 (기록만),24.638565,21.122383,24.638565,29.36016
2021-09-05 09:30:00,Chronos-2 (기록만),24.682388,21.411514,24.682388,28.815086
2021-09-05 09:45:00,Chronos-2 (기록만),24.70456,21.04834,24.70456,28.787193
2021-09-05 10:00:00,Chronos-2 (기록만),24.337517,21.053352,24.337517,28.365616
2021-09-05 10:15:00,Chronos-2 (기록만),24.768127,21.317215,24.768127,29.092537
2021-09-05 10:30:00,Chronos-2 (기록만),24.663918,20.958237,24.663918,28.754639
2021-09-05 10:45:00,Chronos-2 (기록만),24.940384,20.87658,24.940384,29.486977
2021-09-05 11:00:00,Chronos-2 (기록만),25.111069,20.943703,25.111069,29.78334
2021-09-05 11:15:00,Chronos-2 (기록만),24.879013,20.902008,24.879013,29.261833
2021-09-05 11:30:00,Chronos-2 (기록만),24.684769,21.08847,24.684769,28.729584
2021-09-05 11:45:00,Chronos-2 (기록만),24.092934,20.634933,24.092934,28.014809
2021-09-05 12:00:00,Chronos-2 (기록만),23.920074,21.069138,23.920074,27.221596
2021-09-05 12:15:00,Chronos-2 (기록만),23.912514,21.068214,23.912514,27.066757
2021-09-05 12:30:00,Chronos-2 (기록만),23.966614,21.198318,23.966614,26.963066
2021-09-05 12:45:00,Chronos-2 (기록만),23.832504,21.33287,23.832504,26.93383
2021-09-05 13:00:00,Chronos-2 (기록만),23.647491,21.450745,23.647491,26.761711
2021-09-05 13:15:00,Chronos-2 (기록만),23.811874,20.92575,23.811874,27.263565
2021-09-05 13:30:00,Chronos-2 (기록만),23.918137,21.397713,23.918137,26.930313
2021-09-05 13:45:00,Chronos-2 (기록만),23.804863,20.991302,23.804863,27.05236
2021-09-05 14:00:00,Chronos-2 (기록만),23.767006,20.805145,23.767006,26.774536
2021-09-05 14:15:00,Chronos-2 (기록만),24.264389,21.366196,24.264389,27.233902
2021-09-05 14:30:00,Chronos-2 (기록만),24.226006,21.096672,24.226006,26.977623
2021-09-05 14:45:00,Chronos-2 (기록만),24.281105,21.236809,24.281105,27.224426
2021-09-05 15:00:00,Chronos-2 (기록만),24.322365,21.473732,24.322365,27.500778
2021-09-05 15:15:00,Chronos-2 (기록만),24.263542,21.430908,24.263542,27.186127
2021-09-05 15:30:00,Chronos-2 (기록만),23.967796,21.284615,23.967796,27.02243
2021-09-05 15:45:00,Chronos-2 (기록만),23.751106,21.019333,23.751106,26.861687
2021-09-05 16:00:00,Chronos-2 (기록만),24.212662,20.889389,24.212662,28.949944
2021-09-05 16:15:00,Chronos-2 (기록만),24.40799,21.168198,24.40799,29.391014
2021-09-05 16:30:00,Chronos-2 (기록만),24.668999,21.207924,24.668999,29.704655
2021-09-05 16:45:00,Chronos-2 (기록만),24.499214,21.252861,24.499214,29.808186
2021-09-05 17:00:00,Chronos-2 (기록만),24.51612,21.561714,24.51612,29.236275
2021-09-05 17:15:00,Chronos-2 (기록만),24.479034,21.270866,24.479034,29.709457
2021-09-05 17:30:00,Chronos-2 (기록만),24.543655,21.41845,24.543655,29.137589
2021-09-05 17:45:00,Chronos-2 (기록만),24.224724,20.96302,24.224724,28.896027
2021-09-05 18:00:00,Chronos-2 (기록만),24.020714,20.871338,24.020714,28.2342
2021-09-05 18:15:00,Chronos-2 (기록만),24.223808,21.14798,24.223808,28.364983
2021-09-05 18:30:00,Chronos-2 (기록만),23.947205,20.91484,23.947205,27.563782
2021-09-05 18:45:00,Chronos-2 (기록만),23.8023,20.826996,23.8023,27.547897
2021-09-05 19:00:00,Chronos-2 (기록만),23.767311,20.757912,23.767311,27.71061
2021-09-05 19:15:00,Chronos-2 (기록만),23.559532,20.79911,23.559532,27.097343
2021-09-05 19:30:00,Chronos-2 (기록만),23.386246,20.858315,23.386246,26.862526
2021-09-05 19:45:00,Chronos-2 (기록만),23.040787,20.289001,23.040787,26.623528
2021-09-05 20:00:00,Chronos-2 (기록만),22.959496,20.463333,22.959496,26.141426
2021-09-05 20:15:00,Chronos-2 (기록만),23.040565,20.52111,23.040565,26.15506
2021-09-05 20:30:00,Chronos-2 (기록만),23.071846,20.582321,23.071846,26.058777
2021-09-05 20:45:00,Chronos-2 (기록만),22.917381,20.751755,22.917381,25.912865
2021-09-05 21:00:00,Chronos-2 (기록만),22.710182,20.819466,22.710182,25.625397
2021-09-05 21:15:00,Chronos-2 (기록만),22.741783,20.37574,22.741783,26.085129
2021-09-05 21:30:00,Chronos-2 (기록만),22.802307,20.802559,22.802307,25.69268
2021-09-05 21:45:00,Chronos-2 (기록만),22.857399,20.495728,22.857399,25.787605
2021-09-05 22:00:00,Chronos-2 (기록만),22.687515,20.251068,22.687515,25.474724
2021-09-05 22:15:00,Chronos-2 (기록만),23.14824,20.692696,23.14824,26.168655
2021-09-05 22:30:00,Chronos-2 (기록만),23.119072,20.428307,23.119072,25.873497
2021-09-05 22:45:00,Chronos-2 (기록만),23.165474,20.397041,23.165474,26.095833
2021-09-05 23:00:00,Chronos-2 (기록만),23.234879,20.737732,23.234879,26.355705
2021-09-05 23:15:00,Chronos-2 (기록만),23.115501,20.782654,23.115501,25.984436
2021-09-05 23:30:00,Chronos-2 (기록만),22.838554,20.567528,22.838554,25.713387
2021-09-05 23:45:00,Chronos-2 (기록만),22.52604,20.166328,22.52604,25.323471
2021-09-06 00:00:00,Chronos-2 (기록만),22.869743,20.881111,22.869743,25.230217
2021-09-06 00:15:00,Chronos-2 (기록만),22.86676,20.848778,22.86676,25.214622
2021-09-06 00:30:00,Chronos-2 (기록만),22.924355,20.716019,22.924355,24.975197
2021-09-06 00:45:00,Chronos-2 (기록만),22.704498,20.713219,22.704498,24.924133
2021-09-06 01:00:00,Chronos-2 (기록만),22.70961,20.645668,22.70961,25.036682
2021-09-06 01:15:00,Chronos-2 (기록만),22.94497,20.722946,22.94497,25.726288
2021-09-06 01:30:00,Chronos-2 (기록만),23.033844,21.119896,23.033844,25.505974
2021-09-06 01:45:00,Chronos-2 (기록만),22.995987,20.807365,22.995987,25.692276
2021-09-06 02:00:00,Chronos-2 (기록만),22.946648,20.67958,22.946648,25.443115
2021-09-06 02:15:00,Chronos-2 (기록만),23.22757,20.781952,23.22757,25.674286
2021-09-06 02:30:00,Chronos-2 (기록만),23.173073,20.715973,23.173073,25.368385
2021-09-06 02:45:00,Chronos-2 (기록만),23.10276,20.671112,23.10276,25.518059
2021-09-06 03:00:00,Chronos-2 (기록만),23.057,20.956718,23.057,25.75457
2021-09-06 03:15:00,Chronos-2 (기록만),23.10189,20.778336,23.10189,25.633377
2021-09-06 03:30:00,Chronos-2 (기록만),22.831177,20.574677,22.831177,25.327446
2021-09-06 03:45:00,Chronos-2 (기록만),22.642006,20.404099,22.642006,25.206177
2021-09-06 04:00:00,Chronos-2 (기록만),24.187042,22.16246,24.187042,25.975403
2021-09-06 04:15:00,Chronos-2 (기록만),24.016075,22.24479,24.016075,26.067146
2021-09-06 04:30:00,Chronos-2 (기록만),24.039566,22.165504,24.039566,25.696663
2021-09-06 04:45:00,Chronos-2 (기록만),23.741013,21.987183,23.741013,25.914688
2021-09-06 05:00:00,Chronos-2 (기록만),23.78881,22.282097,23.78881,25.656746
2021-09-06 05:15:00,Chronos-2 (기록만),23.783028,21.922058,23.783028,25.530426
2021-09-06 05:30:00,Chronos-2 (기록만),23.679016,22.081253,23.679016,25.43209
2021-09-06 05:45:00,Chronos-2 (기록만),23.583435,21.802353,23.583435,25.644562
2021-09-06 06:00:00,Chronos-2 (기록만),23.717163,21.962662,23.717163,25.501625
2021-09-06 06:15:00,Chronos-2 (기록만),23.61715,21.58442,23.61715,25.327415
2021-09-06 06:30:00,Chronos-2 (기록만),23.446777,21.076607,23.446777,25.358727
2021-09-06 06:45:00,Chronos-2 (기록만),23.711792,21.163582,23.711792,26.146225
2021-09-06 07:00:00,Chronos-2 (기록만),26.431305,22.42337,26.431305,32.153324
2021-09-06 07:15:00,Chronos-2 (기록만),39.65975,28.47433,39.65975,49.94103
2021-09-06 07:30:00,Chronos-2 (기록만),65.683,51.295643,65.683,76.95611
2021-09-06 07:45:00,Chronos-2 (기록만),96.22829,77.4525,96.22829,110.22464
2021-09-06 08:00:00,Chronos-2 (기록만),146.81895,110.55272,146.81895,163.53232
2021-09-06 08:15:00,Chronos-2 (기록만),169.92879,129.41579,169.92879,184.525
2021-09-06 08:30:00,Chronos-2 (기록만),174.04062,131.1517,174.04062,188.76328
2021-09-06 08:45:00,Chronos-2 (기록만),174.409,131.6476,174.409,189.33652
2021-09-06 09:00:00,Chronos-2 (기록만),171.07346,125.8121,171.07346,186.11215
2021-09-06 09:15:00,Chronos-2 (기록만),168.31812,121.81006,168.31812,183.31621
2021-09-06 09:30:00,Chronos-2 (기록만),172.3169,121.56314,172.3169,188.18196
2021-09-06 09:45:00,Chronos-2 (기록만),173.737,121.63539,173.737,189.2822
2021-09-06 10:00:00,Chronos-2 (기록만),149.81708,101.88401,149.81708,165.92357
2021-09-06 10:15:00,Chronos-2 (기록만),173.55627,120.58137,173.55627,189.08867
2021-09-06 10:30:00,Chronos-2 (기록만),173.50119,118.934784,173.50119,189.72745
2021-09-06 10:45:00,Chronos-2 (기록만),170.30225,114.61578,170.30225,185.02632
2021-09-06 11:00:00,Chronos-2 (기록만),170.82013,114.2009,170.82013,186.54813
2021-09-06 11:15:00,Chronos-2 (기록만),173.01578,114.055504,173.01578,188.09875
2021-09-06 11:30:00,Chronos-2 (기록만),171.90054,111.669,171.90054,187.91628
2021-09-06 11:45:00,Chronos-2 (기록만),170.10791,110.05964,170.10791,187.75029
2021-09-06 12:00:00,Chronos-2 (기록만),121.798,70.19716,121.798,146.31334
2021-09-06 12:15:00,Chronos-2 (기록만),99.55081,53.249912,99.55081,123.67604
2021-09-06 12:30:00,Chronos-2 (기록만),99.511116,50.86662,99.511116,122.150566
2021-09-06 12:45:00,Chronos-2 (기록만),121.639694,66.51938,121.639694,146.37152
2021-09-06 13:00:00,Chronos-2 (기록만),159.70418,95.37281,159.70418,181.652
2021-09-06 13:15:00,Chronos-2 (기록만),166.2717,99.28371,166.2717,187.31415
2021-09-06 13:30:00,Chronos-2 (기록만),168.00285,99.261604,168.00285,188.49962
2021-09-06 13:45:00,Chronos-2 (기록만),171.80688,102.965355,171.80688,191.60884
2021-09-06 14:00:00,Chronos-2 (기록만),170.56714,104.36148,170.56714,190.92862
2021-09-06 14:15:00,Chronos-2 (기록만),168.93567,102.031906,168.93567,188.32225
2021-09-06 14:30:00,Chronos-2 (기록만),170.13483,102.62078,170.13483,189.87057
2021-09-06 14:45:00,Chronos-2 (기록만),168.07153,100.610435,168.07153,188.71542
2021-09-06 15:00:00,Chronos-2 (기록만),138.90002,75.00392,138.90002,162.00763
2021-09-06 15:15:00,Chronos-2 (기록만),159.55692,91.668976,159.55692,182.5161
2021-09-06 15:30:00,Chronos-2 (기록만),165.8349,96.15398,165.8349,187.32088
2021-09-06 15:45:00,Chronos-2 (기록만),167.14539,97.79763,167.14539,188.02011
2021-09-06 16:00:00,Chronos-2 (기록만),166.2322,100.0197,166.2322,184.41034
2021-09-06 16:15:00,Chronos-2 (기록만),166.12775,99.52695,166.12775,184.84079
2021-09-06 16:30:00,Chronos-2 (기록만),162.52979,95.11793,162.52979,181.14252
2021-09-06 16:45:00,Chronos-2 (기록만),157.43835,91.04021,157.43835,176.24173
2021-09-06 17:00:00,Chronos-2 (기록만),123.98387,66.608406,123.98387,143.30469
2021-09-06 17:15:00,Chronos-2 (기록만),110.59656,52.856064,110.59656,130.63106
2021-09-06 17:30:00,Chronos-2 (기록만),145.3556,74.710754,145.3556,165.86609
2021-09-06 17:45:00,Chronos-2 (기록만),159.54654,80.83705,159.54654,180.55847
2021-09-06 18:00:00,Chronos-2 (기록만),157.37222,78.5152,157.37222,177.70416
2021-09-06 18:15:00,Chronos-2 (기록만),155.81621,76.12414,155.81621,175.0845
2021-09-06 18:30:00,Chronos-2 (기록만),154.91336,76.1857,154.91336,174.04146
2021-09-06 18:45:00,Chronos-2 (기록만),152.49986,75.76297,152.49986,171.68683
2021-09-06 19:00:00,Chronos-2 (기록만),149.4919,72.79095,149.4919,168.83066
2021-09-06 19:15:00,Chronos-2 (기록만),143.0039,70.28448,143.0039,162.60068
2021-09-06 19:30:00,Chronos-2 (기록만),139.9484,67.02887,139.9484,158.60263
2021-09-06 19:45:00,Chronos-2 (기록만),125.034256,61.1802,125.034256,143.77037
2021-09-06 20:00:00,Chronos-2 (기록만),112.90468,48.346584,112.90468,126.485916
2021-09-06 20:15:00,Chronos-2 (기록만),120.55861,50.81613,120.55861,133.36954
2021-09-06 20:30:00,Chronos-2 (기록만),122.118645,54.531067,122.118645,134.86043
2021-09-06 20:45:00,Chronos-2 (기록만),120.749016,50.881058,120.749016,133.0251
2021-09-06 21:00:00,Chronos-2 (기록만),118.94291,52.354153,118.94291,132.90112
2021-09-06 21:15:00,Chronos-2 (기록만),119.0884,50.21443,119.0884,132.17923
2021-09-06 21:30:00,Chronos-2 (기록만),116.233986,47.632214,116.233986,128.59534
2021-09-06 21:45:00,Chronos-2 (기록만),112.98258,45.90145,112.98258,126.3013
2021-09-06 22:00:00,Chronos-2 (기록만),100.72439,33.91382,100.72439,112.90153
2021-09-06 22:15:00,Chronos-2 (기록만),110.566154,40.407482,110.566154,121.85428
2021-09-06 22:30:00,Chronos-2 (기록만),112.88613,43.33836,112.88613,124.93996
2021-09-06 22:45:00,Chronos-2 (기록만),113.65344,45.617985,113.65344,124.71532
2021-09-06 23:00:00,Chronos-2 (기록만),111.313416,40.92043,111.313416,121.661476
2021-09-06 23:15:00,Chronos-2 (기록만),110.227745,41.289757,110.227745,120.876785
2021-09-06 23:30:00,Chronos-2 (기록만),106.087555,35.513557,106.087555,117.13897
2021-09-06 23:45:00,Chronos-2 (기록만),88.367096,19.207863,88.367096,98.731895
2021-09-07 00:00:00,Chronos-2 (기록만),72.675766,65.99207,72.675766,78.62762
2021-09-07 00:15:00,Chronos-2 (기록만),70.14599,63.129234,70.14599,76.49148
2021-09-07 00:30:00,Chronos-2 (기록만),68.0285,60.753708,68.0285,74.285706
2021-09-07 00:45:00,Chronos-2 (기록만),66.594215,59.303493,66.594215,73.22308
2021-09-07 01:00:00,Chronos-2 (기록만),93.645355,86.28909,93.645355,100.22642
2021-09-07 01:15:00,Chronos-2 (기록만),103.16714,95.70098,103.16714,109.695076
2021-09-07 01:30:00,Chronos-2 (기록만),105.97638,99.13166,105.97638,112.854294
2021-09-07 01:45:00,Chronos-2 (기록만),106.068825,98.81444,106.068825,113.10655
2021-09-07 02:00:00,Chronos-2 (기록만),106.931366,99.62603,106.931366,113.41171
2021-09-07 02:15:00,Chronos-2 (기록만),106.43943,98.872025,106.43943,113.10012
2021-09-07 02:30:00,Chronos-2 (기록만),103.725235,95.93309,103.725235,110.728516
2021-09-07 02:45:00,Chronos-2 (기록만),102.64446,95.14798,102.64446,109.84915
2021-09-07 03:00:00,Chronos-2 (기록만),91.69524,83.95709,91.69524,98.42037
2021-09-07 03:15:00,Chronos-2 (기록만),101.022606,93.324974,101.022606,108.205154
2021-09-07 03:30:00,Chronos-2 (기록만),102.78118,94.96508,102.78118,109.8907
2021-09-07 03:45:00,Chronos-2 (기록만),103.7903,96.078575,103.7903,111.03564
2021-09-07 04:00:00,Chronos-2 (기록만),105.0285,96.45403,105.0285,112.51598
2021-09-07 04:15:00,Chronos-2 (기록만),106.581985,98.28643,106.581985,114.27231
2021-09-07 04:30:00,Chronos-2 (기록만),105.88406,97.2667,105.88406,113.585526
2021-09-07 04:45:00,Chronos-2 (기록만),101.56735,92.34549,101.56735,108.92737
2021-09-07 05:00:00,Chronos-2 (기록만),80.09391,71.98399,80.09391,87.27125
2021-09-07 05:15:00,Chronos-2 (기록만),74.993164,66.540955,74.993164,81.869156
2021-09-07 05:30:00,Chronos-2 (기록만),92.80892,83.844376,92.80892,100.36376
2021-09-07 05:45:00,Chronos-2 (기록만),105.75826,96.80553,105.75826,113.40755
2021-09-07 06:00:00,Chronos-2 (기록만),106.803246,97.246704,106.803246,115.14519
2021-09-07 06:15:00,Chronos-2 (기록만),105.99123,96.3586,105.99123,114.03801
2021-09-07 06:30:00,Chronos-2 (기록만),103.93837,94.07984,103.93837,112.27411
2021-09-07 06:45:00,Chronos-2 (기록만),105.56929,94.88261,105.56929,113.983734
2021-09-07 07:00:00,Chronos-2 (기록만),107.58224,95.60158,107.58224,116.52379
2021-09-07 07:15:00,Chronos-2 (기록만),117.13871,104.20195,117.13871,127.14652
2021-09-07 07:30:00,Chronos-2 (기록만),140.17802,126.35047,140.17802,151.7656
2021-09-07 07:45:00,Chronos-2 (기록만),137.61668,123.88121,137.61668,149.53261
2021-09-07 08:00:00,Chronos-2 (기록만),155.31548,139.61275,155.31548,169.54785
2021-09-07 08:15:00,Chronos-2 (기록만),172.19019,155.66791,172.19019,185.71085
2021-09-07 08:30:00,Chronos-2 (기록만),174.29121,156.68457,174.29121,187.8971
2021-09-07 08:45:00,Chronos-2 (기록만),171.2738,153.4137,171.2738,185.22623
2021-09-07 09:00:00,Chronos-2 (기록만),165.03128,147.80939,165.03128,179.931
2021-09-07 09:15:00,Chronos-2 (기록만),166.08798,149.02686,166.08798,179.93254
2021-09-07 09:30:00,Chronos-2 (기록만),168.5904,150.77895,168.5904,182.92725
2021-09-07 09:45:00,Chronos-2 (기록만),170.2372,151.62985,170.2372,184.61792
2021-09-07 10:00:00,Chronos-2 (기록만),145.22325,127.65375,145.22325,160.64478
2021-09-07 10:15:00,Chronos-2 (기록만),170.17569,151.71786,170.17569,184.02286
2021-09-07 10:30:00,Chronos-2 (기록만),171.15363,151.80887,171.15363,185.68727
2021-09-07 10:45:00,Chronos-2 (기록만),170.54404,152.29028,170.54404,184.4
2021-09-07 11:00:00,Chronos-2 (기록만),170.17075,151.99474,170.17075,185.16687
2021-09-07 11:15:00,Chronos-2 (기록만),172.15753,152.49814,172.15753,186.98886
2021-09-07 11:30:00,Chronos-2 (기록만),172.22354,152.06871,172.22354,187.21341
2021-09-07 11:45:00,Chronos-2 (기록만),168.36523,146.95844,168.36523,184.806
2021-09-07 12:00:00,Chronos-2 (기록만),115.20779,98.627365,115.20779,130.4683
2021-09-07 12:15:00,Chronos-2 (기록만),95.86397,81.35841,95.86397,109.02252
2021-09-07 12:30:00,Chronos-2 (기록만),96.34907,80.94663,96.34907,109.73985
2021-09-07 12:45:00,Chronos-2 (기록만),120.60852,102.02173,120.60852,135.88898
2021-09-07 13:00:00,Chronos-2 (기록만),157.33514,136.7238,157.33514,173.40128
2021-09-07 13:15:00,Chronos-2 (기록만),165.8507,146.53372,165.8507,181.56079
2021-09-07 13:30:00,Chronos-2 (기록만),166.81683,148.58253,166.81683,182.6395
2021-09-07 13:45:00,Chronos-2 (기록만),168.54254,148.6175,168.54254,183.70798
2021-09-07 14:00:00,Chronos-2 (기록만),169.64854,149.74568,169.64854,185.09879
2021-09-07 14:15:00,Chronos-2 (기록만),167.7935,146.60023,167.7935,182.8822
2021-09-07 14:30:00,Chronos-2 (기록만),167.43967,144.9673,167.43967,183.70398
2021-09-07 14:45:00,Chronos-2 (기록만),166.75085,145.09853,166.75085,183.69768
2021-09-07 15:00:00,Chronos-2 (기록만),136.46295,115.04727,136.46295,155.0052
2021-09-07 15:15:00,Chronos-2 (기록만),159.66162,135.91866,159.66162,177.1636
2021-09-07 15:30:00,Chronos-2 (기록만),165.18436,142.27977,165.18436,182.05508
2021-09-07 15:45:00,Chronos-2 (기록만),164.80875,142.30086,164.80875,182.41394
2021-09-07 16:00:00,Chronos-2 (기록만),163.82642,141.7063,163.82642,179.27335
2021-09-07 16:15:00,Chronos-2 (기록만),162.44481,140.75247,162.44481,178.8935
2021-09-07 16:30:00,Chronos-2 (기록만),157.8865,136.4272,157.8865,173.3982
2021-09-07 16:45:00,Chronos-2 (기록만),153.64468,132.00064,153.64468,170.45769
2021-09-07 17:00:00,Chronos-2 (기록만),118.938446,99.51559,118.938446,134.74438
2021-09-07 17:15:00,Chronos-2 (기록만),105.66496,88.02847,105.66496,120.54898
2021-09-07 17:30:00,Chronos-2 (기록만),141.73593,119.80198,141.73593,157.37962
2021-09-07 17:45:00,Chronos-2 (기록만),152.3604,130.79219,152.3604,167.89412
2021-09-07 18:00:00,Chronos-2 (기록만),152.95229,131.73567,152.95229,167.86926
2021-09-07 18:15:00,Chronos-2 (기록만),153.0307,133.34445,153.0307,167.17664
2021-09-07 18:30:00,Chronos-2 (기록만),153.54626,132.64525,153.54626,167.69339
2021-09-07 18:45:00,Chronos-2 (기록만),152.54274,132.69447,152.54274,166.66666
2021-09-07 19:00:00,Chronos-2 (기록만),148.9322,129.46541,148.9322,163.21724
2021-09-07 19:15:00,Chronos-2 (기록만),142.15173,121.96214,142.15173,156.43735
2021-09-07 19:30:00,Chronos-2 (기록만),139.98445,120.70914,139.98445,154.73447
2021-09-07 19:45:00,Chronos-2 (기록만),124.08894,105.31221,124.08894,137.97525
2021-09-07 20:00:00,Chronos-2 (기록만),115.394135,98.56767,115.394135,127.192535
2021-09-07 20:15:00,Chronos-2 (기록만),122.50506,105.662926,122.50506,133.63028
2021-09-07 20:30:00,Chronos-2 (기록만),123.09194,105.83156,123.09194,134.06308
2021-09-07 20:45:00,Chronos-2 (기록만),121.31453,104.05809,121.31453,131.49934
2021-09-07 21:00:00,Chronos-2 (기록만),119.80396,102.48309,119.80396,130.58488
2021-09-07 21:15:00,Chronos-2 (기록만),119.36905,101.93296,119.36905,130.06084
2021-09-07 21:30:00,Chronos-2 (기록만),117.24781,99.000244,117.24781,127.68367
2021-09-07 21:45:00,Chronos-2 (기록만),115.378746,97.4761,115.378746,126.456726
2021-09-07 22:00:00,Chronos-2 (기록만),101.42395,84.2651,101.42395,111.71023
2021-09-07 22:15:00,Chronos-2 (기록만),111.821945,93.4935,111.821945,122.24783
2021-09-07 22:30:00,Chronos-2 (기록만),111.36795,92.63332,111.36795,121.947815
2021-09-07 22:45:00,Chronos-2 (기록만),111.72189,93.16944,111.72189,122.311
2021-09-07 23:00:00,Chronos-2 (기록만),109.619644,91.4087,109.619644,119.89986
2021-09-07 23:15:00,Chronos-2 (기록만),109.90706,91.76346,109.90706,120.10504
2021-09-07 23:30:00,Chronos-2 (기록만),105.48013,87.10102,105.48013,115.21799
2021-09-07 23:45:00,Chronos-2 (기록만),86.74553,70.38039,86.74553,96.346954
2021-09-08 00:00:00,Chronos-2 (기록만),78.87407,72.52281,78.87407,84.65413
2021-09-08 00:15:00,Chronos-2 (기록만),75.553665,69.51142,75.553665,81.86015
2021-09-08 00:30:00,Chronos-2 (기록만),72.71571,66.483864,72.71571,78.94337
2021-09-08 00:45:00,Chronos-2 (기록만),71.10425,64.601974,71.10425,77.643745
2021-09-08 01:00:00,Chronos-2 (기록만),96.84626,89.90061,96.84626,103.569214
2021-09-08 01:15:00,Chronos-2 (기록만),108.65325,101.31995,108.65325,115.44075
2021-09-08 01:30:00,Chronos-2 (기록만),112.022766,105.41032,112.022766,118.91932
2021-09-08 01:45:00,Chronos-2 (기록만),112.846176,105.70285,112.846176,119.73897
2021-09-08 02:00:00,Chronos-2 (기록만),113.523674,106.65061,113.523674,120.26112
2021-09-08 02:15:00,Chronos-2 (기록만),112.177246,105.172966,112.177246,118.994606
2021-09-08 02:30:00,Chronos-2 (기록만),109.38237,102.20111,109.38237,116.66653
2021-09-08 02:45:00,Chronos-2 (기록만),108.87513,101.672745,108.87513,116.324585
2021-09-08 03:00:00,Chronos-2 (기록만),95.51022,88.04213,95.51022,102.76929
2021-09-08 03:15:00,Chronos-2 (기록만),106.087074,98.438995,106.087074,113.635574
2021-09-08 03:30:00,Chronos-2 (기록만),107.3566,99.58169,107.3566,115.144165
2021-09-08 03:45:00,Chronos-2 (기록만),107.8683,100.267075,107.8683,115.36827
2021-09-08 04:00:00,Chronos-2 (기록만),107.61233,99.8371,107.61233,115.562675
2021-09-08 04:15:00,Chronos-2 (기록만),109.78801,102.174355,109.78801,117.77174
2021-09-08 04:30:00,Chronos-2 (기록만),111.08873,103.15963,111.08873,119.20654
2021-09-08 04:45:00,Chronos-2 (기록만),107.92643,99.73921,107.92643,115.813126
2021-09-08 05:00:00,Chronos-2 (기록만),85.72761,78.2175,85.72761,93.140434
2021-09-08 05:15:00,Chronos-2 (기록만),79.588394,72.21304,79.588394,86.54199
2021-09-08 05:30:00,Chronos-2 (기록만),96.644066,88.71412,96.644066,104.27535
2021-09-08 05:45:00,Chronos-2 (기록만),110.28296,102.10879,110.28296,118.10997
2021-09-08 06:00:00,Chronos-2 (기록만),110.87768,102.436676,110.87768,119.36357
2021-09-08 06:15:00,Chronos-2 (기록만),110.309525,101.61871,110.309525,118.305954
2021-09-08 06:30:00,Chronos-2 (기록만),110.4492,101.77576,110.4492,118.93822
2021-09-08 06:45:00,Chronos-2 (기록만),112.9352,103.76581,112.9352,121.85874
2021-09-08 07:00:00,Chronos-2 (기록만),114.27649,103.97289,114.27649,123.57308
2021-09-08 07:15:00,Chronos-2 (기록만),124.721306,113.24533,124.721306,134.45775
2021-09-08 07:30:00,Chronos-2 (기록만),149.2976,137.95284,149.2976,160.94879
2021-09-08 07:45:00,Chronos-2 (기록만),143.55441,132.50171,143.55441,154.47256
2021-09-08 08:00:00,Chronos-2 (기록만),160.89656,147.96725,160.89656,174.1612
2021-09-08 08:15:00,Chronos-2 (기록만),179.00974,165.38942,179.00974,191.07112
2021-09-08 08:30:00,Chronos-2 (기록만),182.84894,168.27411,182.84894,194.81418
2021-09-08 08:45:00,Chronos-2 (기록만),181.9837,168.11592,181.9837,193.98473
2021-09-08 09:00:00,Chronos-2 (기록만),173.17014,159.72246,173.17014,186.42667
2021-09-08 09:15:00,Chronos-2 (기록만),174.67456,160.9803,174.67456,186.9852
2021-09-08 09:30:00,Chronos-2 (기록만),175.33203,161.59032,175.33203,187.59589
2021-09-08 09:45:00,Chronos-2 (기록만),177.85413,162.88574,177.85413,190.53514
2021-09-08 10:00:00,Chronos-2 (기록만),152.63818,138.67993,152.63818,165.98486
2021-09-08 10:15:00,Chronos-2 (기록만),177.57028,162.59561,177.57028,189.892
2021-09-08 10:30:00,Chronos-2 (기록만),178.60577,163.28171,178.60577,191.59521
2021-09-08 10:45:00,Chronos-2 (기록만),179.50076,164.35977,179.50076,192.0926
2021-09-08 11:00:00,Chronos-2 (기록만),177.2603,162.63924,177.2603,190.48965
2021-09-08 11:15:00,Chronos-2 (기록만),178.97968,163.93773,178.97968,191.56036
2021-09-08 11:30:00,Chronos-2 (기록만),180.38391,165.0892,180.38391,193.07875
2021-09-08 11:45:00,Chronos-2 (기록만),178.31808,163.49341,178.31808,192.6222
2021-09-08 12:00:00,Chronos-2 (기록만),120.559784,107.14734,120.559784,134.3138
2021-09-08 12:15:00,Chronos-2 (기록만),100.861595,88.65205,100.861595,113.17367
2021-09-08 12:30:00,Chronos-2 (기록만),100.599266,87.338425,100.599266,113.131004
2021-09-08 12:45:00,Chronos-2 (기록만),128.80365,113.838776,128.80365,142.85764
2021-09-08 13:00:00,Chronos-2 (기록만),168.87897,153.0116,168.87897,182.93936
2021-09-08 13:15:00,Chronos-2 (기록만),174.56128,159.50266,174.56128,188.90594
2021-09-08 13:30:00,Chronos-2 (기록만),174.9639,160.1547,174.9639,189.15866
2021-09-08 13:45:00,Chronos-2 (기록만),176.82184,161.14252,176.82184,190.37357
2021-09-08 14:00:00,Chronos-2 (기록만),179.29222,164.55087,179.29222,192.80557
2021-09-08 14:15:00,Chronos-2 (기록만),177.1384,160.42505,177.1384,190.37816
2021-09-08 14:30:00,Chronos-2 (기록만),177.96582,160.88834,177.96582,192.41309
2021-09-08 14:45:00,Chronos-2 (기록만),178.96686,162.5466,178.96686,193.82254
2021-09-08 15:00:00,Chronos-2 (기록만),145.79416,129.89182,145.79416,161.78412
2021-09-08 15:15:00,Chronos-2 (기록만),171.37694,154.13171,171.37694,186.18018
2021-09-08 15:30:00,Chronos-2 (기록만),174.73193,157.46211,174.73193,189.25995
2021-09-08 15:45:00,Chronos-2 (기록만),173.20383,157.32845,173.20383,188.73672
2021-09-08 16:00:00,Chronos-2 (기록만),171.75452,156.43752,171.75452,184.88599
2021-09-08 16:15:00,Chronos-2 (기록만),170.17737,155.60945,170.17737,184.02994
2021-09-08 16:30:00,Chronos-2 (기록만),165.01437,149.65222,165.01437,178.10834
2021-09-08 16:45:00,Chronos-2 (기록만),161.96378,145.78464,161.96378,176.26752
2021-09-08 17:00:00,Chronos-2 (기록만),126.59516,112.871544,126.59516,139.75092
2021-09-08 17:15:00,Chronos-2 (기록만),112.79266,99.9964,112.79266,125.72241
2021-09-08 17:30:00,Chronos-2 (기록만),153.28052,138.45161,153.28052,166.50333
2021-09-08 17:45:00,Chronos-2 (기록만),165.1814,149.4344,165.1814,178.98499
2021-09-08 18:00:00,Chronos-2 (기록만),164.09906,148.62701,164.09906,176.77037
2021-09-08 18:15:00,Chronos-2 (기록만),161.84836,146.419,161.84836,174.3508
2021-09-08 18:30:00,Chronos-2 (기록만),161.15967,145.66377,161.15967,173.54791
2021-09-08 18:45:00,Chronos-2 (기록만),160.49937,145.53061,160.49937,172.91592
2021-09-08 19:00:00,Chronos-2 (기록만),158.132,143.48958,158.132,170.83272
2021-09-08 19:15:00,Chronos-2 (기록만),151.21497,136.17076,151.21497,163.62631
2021-09-08 19:30:00,Chronos-2 (기록만),150.32477,136.18497,150.32477,163.56735
2021-09-08 19:45:00,Chronos-2 (기록만),131.65063,117.58704,131.65063,144.39124
2021-09-08 20:00:00,Chronos-2 (기록만),120.599945,109.05668,120.599945,130.92657
2021-09-08 20:15:00,Chronos-2 (기록만),128.41957,117.26725,128.41957,137.81633
2021-09-08 20:30:00,Chronos-2 (기록만),128.6264,117.68199,128.6264,138.13728
2021-09-08 20:45:00,Chronos-2 (기록만),128.17885,117.18386,128.17885,137.12251
2021-09-08 21:00:00,Chronos-2 (기록만),126.95087,116.22962,126.95087,136.6758
2021-09-08 21:15:00,Chronos-2 (기록만),127.01309,116.30011,127.01309,136.30733
2021-09-08 21:30:00,Chronos-2 (기록만),123.774185,113.1616,123.774185,133.164
2021-09-08 21:45:00,Chronos-2 (기록만),123.135895,112.24139,123.135895,132.7911
2021-09-08 22:00:00,Chronos-2 (기록만),107.1529,95.38101,107.1529,116.4729
2021-09-08 22:15:00,Chronos-2 (기록만),119.06233,107.692375,119.06233,128.49812
2021-09-08 22:30:00,Chronos-2 (기록만),117.89526,106.120964,117.89526,127.62253
2021-09-08 22:45:00,Chronos-2 (기록만),118.558266,107.56087,118.558266,128.00833
2021-09-08 23:00:00,Chronos-2 (기록만),116.09134,105.06605,116.09134,125.29523
2021-09-08 23:15:00,Chronos-2 (기록만),118.35737,107.04444,118.35737,127.4162
2021-09-08 23:30:00,Chronos-2 (기록만),112.73274,101.71887,112.73274,121.635956
2021-09-08 23:45:00,Chronos-2 (기록만),93.847,83.454475,93.847,102.778534
2021-09-09 00:00:00,Chronos-2 (기록만),73.14595,64.63214,73.14595,80.25977
2021-09-09 00:15:00,Chronos-2 (기록만),70.61325,61.129177,70.61325,78.05349
2021-09-09 00:30:00,Chronos-2 (기록만),68.16731,58.458546,68.16731,76.02943
2021-09-09 00:45:00,Chronos-2 (기록만),67.1512,57.52282,67.1512,75.31296
2021-09-09 01:00:00,Chronos-2 (기록만),92.12273,80.56824,92.12273,100.2506
2021-09-09 01:15:00,Chronos-2 (기록만),104.33761,93.52899,104.33761,112.69739
2021-09-09 01:30:00,Chronos-2 (기록만),108.573364,98.22351,108.573364,116.90312
2021-09-09 01:45:00,Chronos-2 (기록만),109.557434,99.27162,109.557434,117.865234
2021-09-09 02:00:00,Chronos-2 (기록만),109.88812,98.77548,109.88812,118.03624
2021-09-09 02:15:00,Chronos-2 (기록만),109.24659,97.97247,109.24659,117.85701
2021-09-09 02:30:00,Chronos-2 (기록만),107.504616,95.37875,107.504616,116.66455
2021-09-09 02:45:00,Chronos-2 (기록만),106.485176,93.86736,106.485176,115.812584
2021-09-09 03:00:00,Chronos-2 (기록만),93.96815,79.37397,93.96815,103.250435
2021-09-09 03:15:00,Chronos-2 (기록만),105.12428,91.65024,105.12428,114.681915
2021-09-09 03:30:00,Chronos-2 (기록만),107.12374,93.95363,107.12374,117.432884
2021-09-09 03:45:00,Chronos-2 (기록만),107.541435,94.02724,107.541435,117.24785
2021-09-09 04:00:00,Chronos-2 (기록만),105.881516,92.02515,105.881516,115.79251
2021-09-09 04:15:00,Chronos-2 (기록만),107.04165,93.331024,107.04165,116.67581
2021-09-09 04:30:00,Chronos-2 (기록만),108.08228,94.95139,108.08228,117.45027
2021-09-09 04:45:00,Chronos-2 (기록만),103.49825,89.47793,103.49825,112.93678
2021-09-09 05:00:00,Chronos-2 (기록만),81.66844,69.002174,81.66844,91.13278
2021-09-09 05:15:00,Chronos-2 (기록만),76.89612,64.21502,76.89612,85.81645
2021-09-09 05:30:00,Chronos-2 (기록만),95.233826,81.333786,95.233826,105.00913
2021-09-09 05:45:00,Chronos-2 (기록만),106.90082,93.04133,106.90082,116.13632
2021-09-09 06:00:00,Chronos-2 (기록만),107.87239,93.15444,107.87239,118.15912
2021-09-09 06:15:00,Chronos-2 (기록만),108.18276,93.78795,108.18276,118.0688
2021-09-09 06:30:00,Chronos-2 (기록만),107.08345,90.97576,107.08345,117.58415
2021-09-09 06:45:00,Chronos-2 (기록만),108.316414,90.55287,108.316414,119.72809
2021-09-09 07:00:00,Chronos-2 (기록만),109.26568,89.95348,109.26568,121.4807
2021-09-09 07:15:00,Chronos-2 (기록만),122.36026,102.99325,122.36026,134.22653
2021-09-09 07:30:00,Chronos-2 (기록만),144.67644,124.78325,144.67644,158.04822
2021-09-09 07:45:00,Chronos-2 (기록만),139.48569,119.68135,139.48569,152.74039
2021-09-09 08:00:00,Chronos-2 (기록만),157.87665,138.02661,157.87665,171.8847
2021-09-09 08:15:00,Chronos-2 (기록만),174.90558,155.4489,174.90558,188.0292
2021-09-09 08:30:00,Chronos-2 (기록만),177.13004,157.04604,177.13004,190.48781
2021-09-09 08:45:00,Chronos-2 (기록만),175.40631,153.51189,175.40631,188.96147
2021-09-09 09:00:00,Chronos-2 (기록만),167.81673,145.72284,167.81673,182.80893
2021-09-09 09:15:00,Chronos-2 (기록만),170.11691,148.58987,170.11691,184.30255
2021-09-09 09:30:00,Chronos-2 (기록만),171.11938,148.66214,171.11938,185.80058
2021-09-09 09:45:00,Chronos-2 (기록만),171.65585,148.49767,171.65585,186.3075
2021-09-09 10:00:00,Chronos-2 (기록만),146.69211,124.889694,146.69211,162.84415
2021-09-09 10:15:00,Chronos-2 (기록만),171.72647,149.70023,171.72647,185.9367
2021-09-09 10:30:00,Chronos-2 (기록만),172.22696,148.08748,172.22696,187.56987
2021-09-09 10:45:00,Chronos-2 (기록만),172.93143,148.4892,172.93143,187.71974
2021-09-09 11:00:00,Chronos-2 (기록만),171.71571,147.8083,171.71571,187.38348
2021-09-09 11:15:00,Chronos-2 (기록만),175.02875,150.25018,175.02875,190.40897
2021-09-09 11:30:00,Chronos-2 (기록만),175.01929,149.70442,175.01929,190.73907
2021-09-09 11:45:00,Chronos-2 (기록만),171.9264,144.87473,171.9264,189.09213
2021-09-09 12:00:00,Chronos-2 (기록만),114.68436,90.45855,114.68436,133.6817
2021-09-09 12:15:00,Chronos-2 (기록만),94.42238,72.46791,94.42238,110.55972
2021-09-09 12:30:00,Chronos-2 (기록만),93.182686,69.39289,93.182686,109.80857
2021-09-09 12:45:00,Chronos-2 (기록만),120.81271,93.92651,120.81271,140.62596
2021-09-09 13:00:00,Chronos-2 (기록만),162.40526,132.07956,162.40526,180.25522
2021-09-09 13:15:00,Chronos-2 (기록만),168.49522,141.6556,168.49522,185.32516
2021-09-09 13:30:00,Chronos-2 (기록만),169.96323,143.88202,169.96323,186.69366
2021-09-09 13:45:00,Chronos-2 (기록만),172.01115,146.89005,172.01115,187.55453
2021-09-09 14:00:00,Chronos-2 (기록만),174.12122,149.33035,174.12122,189.78833
2021-09-09 14:15:00,Chronos-2 (기록만),171.54204,146.23761,171.54204,186.73148
2021-09-09 14:30:00,Chronos-2 (기록만),172.64719,144.90997,172.64719,189.62967
2021-09-09 14:45:00,Chronos-2 (기록만),171.89832,144.0098,171.89832,189.24557
2021-09-09 15:00:00,Chronos-2 (기록만),140.9967,113.443,140.9967,160.08368
2021-09-09 15:15:00,Chronos-2 (기록만),166.529,140.12541,166.529,183.43515
2021-09-09 15:30:00,Chronos-2 (기록만),170.93466,145.57753,170.93466,187.17589
2021-09-09 15:45:00,Chronos-2 (기록만),170.40106,145.17657,170.40106,187.15407
2021-09-09 16:00:00,Chronos-2 (기록만),166.54102,142.90137,166.54102,180.81982
2021-09-09 16:15:00,Chronos-2 (기록만),164.79301,141.57315,164.79301,179.59093
2021-09-09 16:30:00,Chronos-2 (기록만),162.14563,139.08165,162.14563,176.3035
2021-09-09 16:45:00,Chronos-2 (기록만),158.23384,134.63374,158.23384,173.43695
2021-09-09 17:00:00,Chronos-2 (기록만),123.315704,102.08159,123.315704,137.98471
2021-09-09 17:15:00,Chronos-2 (기록만),109.149345,89.45234,109.149345,123.71525
2021-09-09 17:30:00,Chronos-2 (기록만),147.8847,123.512985,147.8847,162.49184
2021-09-09 17:45:00,Chronos-2 (기록만),160.29492,135.56784,160.29492,175.14795
2021-09-09 18:00:00,Chronos-2 (기록만),159.64767,135.88162,159.64767,173.36525
2021-09-09 18:15:00,Chronos-2 (기록만),157.89581,135.7415,157.89581,171.33136
2021-09-09 18:30:00,Chronos-2 (기록만),157.25554,133.86975,157.25554,170.97821
2021-09-09 18:45:00,Chronos-2 (기록만),156.93086,134.27908,156.93086,170.47299
2021-09-09 19:00:00,Chronos-2 (기록만),155.0077,132.93399,155.0077,168.92374
2021-09-09 19:15:00,Chronos-2 (기록만),150.04901,126.22339,150.04901,164.09775
2021-09-09 19:30:00,Chronos-2 (기록만),147.54184,125.0831,147.54184,161.75043
2021-09-09 19:45:00,Chronos-2 (기록만),126.33237,104.418335,126.33237,141.1069
2021-09-09 20:00:00,Chronos-2 (기록만),114.50668,91.21064,114.50668,125.71326
2021-09-09 20:15:00,Chronos-2 (기록만),121.73163,97.49924,121.73163,132.59775
2021-09-09 20:30:00,Chronos-2 (기록만),123.235886,97.376724,123.235886,133.75955
2021-09-09 20:45:00,Chronos-2 (기록만),122.672485,96.45485,122.672485,132.78467
2021-09-09 21:00:00,Chronos-2 (기록만),121.996864,95.76062,121.996864,132.80103
2021-09-09 21:15:00,Chronos-2 (기록만),122.73088,95.24325,122.73088,133.2506
2021-09-09 21:30:00,Chronos-2 (기록만),120.45232,91.05567,120.45232,130.63116
2021-09-09 21:45:00,Chronos-2 (기록만),118.24952,89.10746,118.24952,129.09615
2021-09-09 22:00:00,Chronos-2 (기록만),101.618034,74.166885,101.618034,111.83356
2021-09-09 22:15:00,Chronos-2 (기록만),113.17869,82.987656,113.17869,123.35248
2021-09-09 22:30:00,Chronos-2 (기록만),114.40934,84.154594,114.40934,125.19031
2021-09-09 22:45:00,Chronos-2 (기록만),114.5848,84.258415,114.5848,124.882256
2021-09-09 23:00:00,Chronos-2 (기록만),113.04677,82.723495,113.04677,123.19176
2021-09-09 23:15:00,Chronos-2 (기록만),114.20514,83.533195,114.20514,124.50044
2021-09-09 23:30:00,Chronos-2 (기록만),108.78441,76.665375,108.78441,119.18068
2021-09-09 23:45:00,Chronos-2 (기록만),88.75988,59.95978,88.75988,98.85601
2021-09-10 00:00:00,Chronos-2 (기록만),77.466446,70.15253,77.466446,83.91452
2021-09-10 00:15:00,Chronos-2 (기록만),74.29612,67.0381,74.29612,81.039474
2021-09-10 00:30:00,Chronos-2 (기록만),71.59433,64.039566,71.59433,78.40044
2021-09-10 00:45:00,Chronos-2 (기록만),70.33661,62.892067,70.33661,77.55789
2021-09-10 01:00:00,Chronos-2 (기록만),95.00945,86.83804,95.00945,102.02523
2021-09-10 01:15:00,Chronos-2 (기록만),105.59741,97.48713,105.59741,113.04614
2021-09-10 01:30:00,Chronos-2 (기록만),108.37219,100.65417,108.37219,116.08696
2021-09-10 01:45:00,Chronos-2 (기록만),109.25126,101.22812,109.25126,117.26759
2021-09-10 02:00:00,Chronos-2 (기록만),111.029236,102.99512,111.029236,118.28473
2021-09-10 02:15:00,Chronos-2 (기록만),111.68645,103.47286,111.68645,119.03318
2021-09-10 02:30:00,Chronos-2 (기록만),110.697205,102.30074,110.697205,118.64444
2021-09-10 02:45:00,Chronos-2 (기록만),110.05001,101.77899,110.05001,117.568565
2021-09-10 03:00:00,Chronos-2 (기록만),98.43702,89.83346,98.43702,106.005295
2021-09-10 03:15:00,Chronos-2 (기록만),108.03428,99.47336,108.03428,115.66123
2021-09-10 03:30:00,Chronos-2 (기록만),109.84628,101.2574,109.84628,117.99211
2021-09-10 03:45:00,Chronos-2 (기록만),110.6877,102.17864,110.6877,118.3816
2021-09-10 04:00:00,Chronos-2 (기록만),108.843765,100.44861,108.843765,116.68312
2021-09-10 04:15:00,Chronos-2 (기록만),109.405,101.32751,109.405,117.21726
2021-09-10 04:30:00,Chronos-2 (기록만),109.85146,101.36148,109.85146,117.94143
2021-09-10 04:45:00,Chronos-2 (기록만),104.86131,96.03794,104.86131,112.68126
2021-09-10 05:00:00,Chronos-2 (기록만),82.49572,74.47346,82.49572,90.21797
2021-09-10 05:15:00,Chronos-2 (기록만),78.96683,70.54473,78.96683,86.261
2021-09-10 05:30:00,Chronos-2 (기록만),98.3052,89.41596,98.3052,106.18367
2021-09-10 05:45:00,Chronos-2 (기록만),110.59279,102.00907,110.59279,118.40653
2021-09-10 06:00:00,Chronos-2 (기록만),112.12426,103.12417,112.12426,120.26277
2021-09-10 06:15:00,Chronos-2 (기록만),112.552826,103.45381,112.552826,120.41603
2021-09-10 06:30:00,Chronos-2 (기록만),112.3188,103.26046,112.3188,120.184875
2021-09-10 06:45:00,Chronos-2 (기록만),112.61817,103.22331,112.61817,120.80487
2021-09-10 07:00:00,Chronos-2 (기록만),113.38058,103.61914,113.38058,122.128494
2021-09-10 07:15:00,Chronos-2 (기록만),128.7036,117.76663,128.7036,137.51419
2021-09-10 07:30:00,Chronos-2 (기록만),147.54532,136.81036,147.54532,157.82126
2021-09-10 07:45:00,Chronos-2 (기록만),141.23186,130.16855,141.23186,151.4602
2021-09-10 08:00:00,Chronos-2 (기록만),159.11548,145.56033,159.11548,172.26126
2021-09-10 08:15:00,Chronos-2 (기록만),175.09366,161.29529,175.09366,187.07947
2021-09-10 08:30:00,Chronos-2 (기록만),178.79599,164.41803,178.79599,190.76517
2021-09-10 08:45:00,Chronos-2 (기록만),178.05286,164.37619,178.05286,190.21173
2021-09-10 09:00:00,Chronos-2 (기록만),169.99127,156.16736,169.99127,183.33426
2021-09-10 09:15:00,Chronos-2 (기록만),171.84149,157.97179,171.84149,184.18054
2021-09-10 09:30:00,Chronos-2 (기록만),170.73808,156.6188,170.73808,182.96103
2021-09-10 09:45:00,Chronos-2 (기록만),172.33417,157.00366,172.33417,184.84421
2021-09-10 10:00:00,Chronos-2 (기록만),146.16737,131.6508,146.16737,160.44116
2021-09-10 10:15:00,Chronos-2 (기록만),170.28424,155.19322,170.28424,182.99161
2021-09-10 10:30:00,Chronos-2 (기록만),171.28531,155.6057,171.28531,184.05298
2021-09-10 10:45:00,Chronos-2 (기록만),173.07437,157.74513,173.07437,185.40709
2021-09-10 11:00:00,Chronos-2 (기록만),172.40868,157.40709,172.40868,185.55762
2021-09-10 11:15:00,Chronos-2 (기록만),176.97089,161.58502,176.97089,189.57828
2021-09-10 11:30:00,Chronos-2 (기록만),178.89397,163.03337,178.89397,192.21024
2021-09-10 11:45:00,Chronos-2 (기록만),175.90149,160.51547,175.90149,190.36255
2021-09-10 12:00:00,Chronos-2 (기록만),118.73844,103.56018,118.73844,133.68736
2021-09-10 12:15:00,Chronos-2 (기록만),97.41406,83.714035,97.41406,110.61201
2021-09-10 12:30:00,Chronos-2 (기록만),95.883644,80.60232,95.883644,109.45135
2021-09-10 12:45:00,Chronos-2 (기록만),126.05156,109.45022,126.05156,141.69756
2021-09-10 13:00:00,Chronos-2 (기록만),166.83624,150.15942,166.83624,181.44876
2021-09-10 13:15:00,Chronos-2 (기록만),172.06021,156.36972,172.06021,186.86815
2021-09-10 13:30:00,Chronos-2 (기록만),171.20834,156.41066,171.20834,185.56253
2021-09-10 13:45:00,Chronos-2 (기록만),170.91489,155.10934,170.91489,184.2651
2021-09-10 14:00:00,Chronos-2 (기록만),172.46725,157.04553,172.46725,186.13043
2021-09-10 14:15:00,Chronos-2 (기록만),169.90526,152.64313,169.90526,183.12071
2021-09-10 14:30:00,Chronos-2 (기록만),171.55371,154.11127,171.55371,186.43942
2021-09-10 14:45:00,Chronos-2 (기록만),171.58887,153.89604,171.58887,186.40298
2021-09-10 15:00:00,Chronos-2 (기록만),142.22021,125.20618,142.22021,158.18034
2021-09-10 15:15:00,Chronos-2 (기록만),168.8926,151.65323,168.8926,183.19908
2021-09-10 15:30:00,Chronos-2 (기록만),171.78445,154.43356,171.78445,185.89148
2021-09-10 15:45:00,Chronos-2 (기록만),171.13132,155.18204,171.13132,185.90279
2021-09-10 16:00:00,Chronos-2 (기록만),166.25208,150.83759,166.25208,179.04529
2021-09-10 16:15:00,Chronos-2 (기록만),163.0864,148.19441,163.0864,175.91322
2021-09-10 16:30:00,Chronos-2 (기록만),160.49939,145.22153,160.49939,173.10776
2021-09-10 16:45:00,Chronos-2 (기록만),159.47319,143.51695,159.47319,172.98973
2021-09-10 17:00:00,Chronos-2 (기록만),125.734856,111.77586,125.734856,138.24475
2021-09-10 17:15:00,Chronos-2 (기록만),114.3714,101.02015,114.3714,126.98417
2021-09-10 17:30:00,Chronos-2 (기록만),154.3346,139.52234,154.3346,166.87608
2021-09-10 17:45:00,Chronos-2 (기록만),165.94926,150.47673,165.94926,179.2904
2021-09-10 18:00:00,Chronos-2 (기록만),162.29547,147.02527,162.29547,174.42313
2021-09-10 18:15:00,Chronos-2 (기록만),158.3179,142.85121,158.3179,170.21921
2021-09-10 18:30:00,Chronos-2 (기록만),156.17328,140.73671,156.17328,167.94826
2021-09-10 18:45:00,Chronos-2 (기록만),156.52899,141.54251,156.52899,168.42282
2021-09-10 19:00:00,Chronos-2 (기록만),152.76576,138.10168,152.76576,164.93953
2021-09-10 19:15:00,Chronos-2 (기록만),145.11264,129.47025,145.11264,157.54037
2021-09-10 19:30:00,Chronos-2 (기록만),142.16026,127.3192,142.16026,155.8063
2021-09-10 19:45:00,Chronos-2 (기록만),119.77112,105.10946,119.77112,132.29918
2021-09-10 20:00:00,Chronos-2 (기록만),111.19092,97.284805,111.19092,121.6477
2021-09-10 20:15:00,Chronos-2 (기록만),119.40134,106.07762,119.40134,129.20584
2021-09-10 20:30:00,Chronos-2 (기록만),120.39491,107.00134,120.39491,130.1207
2021-09-10 20:45:00,Chronos-2 (기록만),120.043625,106.18054,120.043625,129.28868
2021-09-10 21:00:00,Chronos-2 (기록만),119.56563,105.95838,119.56563,129.33856
2021-09-10 21:15:00,Chronos-2 (기록만),120.3058,107.16097,120.3058,129.86438
2021-09-10 21:30:00,Chronos-2 (기록만),118.15827,105.19005,118.15827,127.665794
2021-09-10 21:45:00,Chronos-2 (기록만),116.65466,103.64895,116.65466,126.64185
2021-09-10 22:00:00,Chronos-2 (기록만),98.71958,85.68385,98.71958,108.38694
2021-09-10 22:15:00,Chronos-2 (기록만),109.88154,96.591324,109.88154,119.42519
2021-09-10 22:30:00,Chronos-2 (기록만),111.32263,97.267654,111.32263,121.26655
2021-09-10 22:45:00,Chronos-2 (기록만),111.19781,97.630165,111.19781,120.69294
2021-09-10 23:00:00,Chronos-2 (기록만),109.75134,96.57732,109.75134,119.26688
2021-09-10 23:15:00,Chronos-2 (기록만),111.465195,97.464836,111.465195,120.93298
2021-09-10 23:30:00,Chronos-2 (기록만),106.75709,92.648186,106.75709,116.30776
2021-09-10 23:45:00,Chronos-2 (기록만),85.53639,72.263565,85.53639,95.343124
2021-09-11 00:00:00,Chronos-2 (기록만),62.15014,51.182148,62.15014,70.46141
2021-09-11 00:15:00,Chronos-2 (기록만),61.234974,48.335335,61.234974,71.18954
2021-09-11 00:30:00,Chronos-2 (기록만),60.26926,46.990204,60.26926,70.9841
2021-09-11 00:45:00,Chronos-2 (기록만),60.214714,46.54802,60.214714,71.375694
2021-09-11 01:00:00,Chronos-2 (기록만),88.47264,73.52066,88.47264,97.97336
2021-09-11 01:15:00,Chronos-2 (기록만),99.50144,84.13724,99.50144,108.87181
2021-09-11 01:30:00,Chronos-2 (기록만),102.34136,87.28876,102.34136,111.37184
2021-09-11 01:45:00,Chronos-2 (기록만),103.78799,90.00396,103.78799,112.63807
2021-09-11 02:00:00,Chronos-2 (기록만),104.97345,91.6833,104.97345,113.19913
2021-09-11 02:15:00,Chronos-2 (기록만),105.56284,92.71431,105.56284,114.16449
2021-09-11 02:30:00,Chronos-2 (기록만),104.181435,90.77283,104.181435,113.04963
2021-09-11 02:45:00,Chronos-2 (기록만),102.54508,89.19733,102.54508,110.87754
2021-09-11 03:00:00,Chronos-2 (기록만),92.53502,77.14919,92.53502,101.60566
2021-09-11 03:15:00,Chronos-2 (기록만),100.55406,86.43514,100.55406,109.12056
2021-09-11 03:30:00,Chronos-2 (기록만),101.4296,87.69343,101.4296,111.10034
2021-09-11 03:45:00,Chronos-2 (기록만),102.73316,88.800064,102.73316,111.73651
2021-09-11 04:00:00,Chronos-2 (기록만),105.78267,92.58276,105.78267,114.662384
2021-09-11 04:15:00,Chronos-2 (기록만),107.14377,93.42391,107.14377,115.98505
2021-09-11 04:30:00,Chronos-2 (기록만),106.86352,92.97708,106.86352,116.04324
2021-09-11 04:45:00,Chronos-2 (기록만),102.63118,86.48536,102.63118,111.51889
2021-09-11 05:00:00,Chronos-2 (기록만),87.428406,69.852554,87.428406,96.89773
2021-09-11 05:15:00,Chronos-2 (기록만),84.36061,66.96759,84.36061,94.74014
2021-09-11 05:30:00,Chronos-2 (기록만),97.626175,80.63719,97.626175,107.503746
2021-09-11 05:45:00,Chronos-2 (기록만),105.63527,90.863,105.63527,114.31029
2021-09-11 06:00:00,Chronos-2 (기록만),106.55304,91.55693,106.55304,115.14241
2021-09-11 06:15:00,Chronos-2 (기록만),108.4723,93.20125,108.4723,117.75203
2021-09-11 06:30:00,Chronos-2 (기록만),104.92197,89.4222,104.92197,114.53039
2021-09-11 06:45:00,Chronos-2 (기록만),103.30333,88.26926,103.30333,112.32688
2021-09-11 07:00:00,Chronos-2 (기록만),100.04401,85.169426,100.04401,109.183395
2021-09-11 07:15:00,Chronos-2 (기록만),90.27969,74.29396,90.27969,100.12888
2021-09-11 07:30:00,Chronos-2 (기록만),55.029186,41.891006,55.029186,68.29778
2021-09-11 07:45:00,Chronos-2 (기록만),34.48145,23.501091,34.48145,44.55962
2021-09-11 08:00:00,Chronos-2 (기록만),29.952011,24.361137,29.952011,35.372677
2021-09-11 08:15:00,Chronos-2 (기록만),29.40651,24.453949,29.40651,33.290287
2021-09-11 08:30:00,Chronos-2 (기록만),29.462143,24.504478,29.462143,33.128376
2021-09-11 08:45:00,Chronos-2 (기록만),29.49575,24.967422,29.49575,33.57888
2021-09-11 09:00:00,Chronos-2 (기록만),29.380066,24.932632,29.380066,33.555557
2021-09-11 09:15:00,Chronos-2 (기록만),29.562737,24.796364,29.562737,33.798912
2021-09-11 09:30:00,Chronos-2 (기록만),29.467003,24.873108,29.467003,34.032463
2021-09-11 09:45:00,Chronos-2 (기록만),29.794754,24.829384,29.794754,34.16713
2021-09-11 10:00:00,Chronos-2 (기록만),29.83268,24.909912,29.83268,34.09449
2021-09-11 10:15:00,Chronos-2 (기록만),30.353004,25.026566,30.353004,35.426247
2021-09-11 10:30:00,Chronos-2 (기록만),30.069557,24.537842,30.069557,35.23976
2021-09-11 10:45:00,Chronos-2 (기록만),30.52797,25.004448,30.52797,35.478943
2021-09-11 11:00:00,Chronos-2 (기록만),30.694649,25.171295,30.694649,35.38757
2021-09-11 11:15:00,Chronos-2 (기록만),30.621628,25.037407,30.621628,35.75882
2021-09-11 11:30:00,Chronos-2 (기록만),30.952415,25.351105,30.952415,36.043774
2021-09-11 11:45:00,Chronos-2 (기록만),30.714676,24.771431,30.714676,35.606995
2021-09-11 12:00:00,Chronos-2 (기록만),29.889427,24.504845,29.889427,34.478653
2021-09-11 12:15:00,Chronos-2 (기록만),29.652367,24.56932,29.652367,34.346066
2021-09-11 12:30:00,Chronos-2 (기록만),29.570747,24.520103,29.570747,34.105843
2021-09-11 12:45:00,Chronos-2 (기록만),29.771034,25.0746,29.771034,33.79527
2021-09-11 13:00:00,Chronos-2 (기록만),29.571129,25.21125,29.571129,33.528595
2021-09-11 13:15:00,Chronos-2 (기록만),29.510231,24.671883,29.510231,34.338654
2021-09-11 13:30:00,Chronos-2 (기록만),29.596436,24.529572,29.596436,34.154655
2021-09-11 13:45:00,Chronos-2 (기록만),29.973267,24.469727,29.973267,34.74648
2021-09-11 14:00:00,Chronos-2 (기록만),29.750992,24.38469,29.750992,34.622223
2021-09-11 14:15:00,Chronos-2 (기록만),30.497887,25.107864,30.497887,35.538643
2021-09-11 14:30:00,Chronos-2 (기록만),30.29628,24.738998,30.29628,35.050724
2021-09-11 14:45:00,Chronos-2 (기록만),30.473999,24.779732,30.473999,35.58213
2021-09-11 15:00:00,Chronos-2 (기록만),30.631905,24.71473,30.631905,36.146034
2021-09-11 15:15:00,Chronos-2 (기록만),30.70742,24.900772,30.70742,35.474236
2021-09-11 15:30:00,Chronos-2 (기록만),30.732918,25.051498,30.732918,36.204357
2021-09-11 15:45:00,Chronos-2 (기록만),30.616783,24.73272,30.616783,35.79761
2021-09-11 16:00:00,Chronos-2 (기록만),29.277672,24.98632,29.277672,36.1576
2021-09-11 16:15:00,Chronos-2 (기록만),29.67337,25.480148,29.67337,37.793667
2021-09-11 16:30:00,Chronos-2 (기록만),30.379684,25.2808,30.379684,38.470512
2021-09-11 16:45:00,Chronos-2 (기록만),30.937996,25.412468,30.937996,39.499832
2021-09-11 17:00:00,Chronos-2 (기록만),30.169838,25.643188,30.169838,40.125153
2021-09-11 17:15:00,Chronos-2 (기록만),29.864761,25.365532,29.864761,38.322758
2021-09-11 17:30:00,Chronos-2 (기록만),29.613693,24.768234,29.613693,38.299545
2021-09-11 17:45:00,Chronos-2 (기록만),28.88105,24.43097,28.88105,38.008514
2021-09-11 18:00:00,Chronos-2 (기록만),27.754288,24.198425,27.754288,36.236824
2021-09-11 18:15:00,Chronos-2 (기록만),27.201012,24.244095,27.201012,34.25082
2021-09-11 18:30:00,Chronos-2 (기록만),27.176643,24.045418,27.176643,32.41415
2021-09-11 18:45:00,Chronos-2 (기록만),26.897491,24.062294,26.897491,31.438389
2021-09-11 19:00:00,Chronos-2 (기록만),26.545654,23.70771,26.545654,32.406696
2021-09-11 19:15:00,Chronos-2 (기록만),26.317978,23.852364,26.317978,30.92675
2021-09-11 19:30:00,Chronos-2 (기록만),26.22284,23.667336,26.22284,30.39415
2021-09-11 19:45:00,Chronos-2 (기록만),25.9916,23.114288,25.9916,30.58329
2021-09-11 20:00:00,Chronos-2 (기록만),24.17086,21.580933,24.17086,27.520073
2021-09-11 20:15:00,Chronos-2 (기록만),23.984108,21.667862,23.984108,27.766907
2021-09-11 20:30:00,Chronos-2 (기록만),24.19236,21.509758,24.19236,27.770264
2021-09-11 20:45:00,Chronos-2 (기록만),24.278511,21.823723,24.278511,27.64296
2021-09-11 21:00:00,Chronos-2 (기록만),24.040009,21.920921,24.040009,27.112793
2021-09-11 21:15:00,Chronos-2 (기록만),24.115463,21.713135,24.115463,28.16211
2021-09-11 21:30:00,Chronos-2 (기록만),23.786942,21.717918,23.786942,27.255005
2021-09-11 21:45:00,Chronos-2 (기록만),23.969933,21.56636,23.969933,27.155128
2021-09-11 22:00:00,Chronos-2 (기록만),23.961609,21.82669,23.961609,26.19883
2021-09-11 22:15:00,Chronos-2 (기록만),24.153267,21.676086,24.153267,27.739708
2021-09-11 22:30:00,Chronos-2 (기록만),24.146362,21.415863,24.146362,27.31166
2021-09-11 22:45:00,Chronos-2 (기록만),23.952408,21.603302,23.952408,27.556664
2021-09-11 23:00:00,Chronos-2 (기록만),24.096474,21.812614,24.096474,27.75338
2021-09-11 23:15:00,Chronos-2 (기록만),23.950554,21.566101,23.950554,27.418304
2021-09-11 23:30:00,Chronos-2 (기록만),23.848099,21.694527,23.848099,26.548126
2021-09-11 23:45:00,Chronos-2 (기록만),23.568558,21.513512,23.568558,26.262177
2021-09-12 00:00:00,Chronos-2 (기록만),23.318398,21.974876,23.318398,24.58628
2021-09-12 00:15:00,Chronos-2 (기록만),23.296135,22.082397,23.296135,24.591682
2021-09-12 00:30:00,Chronos-2 (기록만),23.358475,21.99582,23.358475,24.29557
2021-09-12 00:45:00,Chronos-2 (기록만),23.063972,21.978172,23.063972,24.259209
2021-09-12 01:00:00,Chronos-2 (기록만),23.16011,22.084053,23.16011,24.331451
2021-09-12 01:15:00,Chronos-2 (기록만),23.261421,21.973564,23.261421,24.803818
2021-09-12 01:30:00,Chronos-2 (기록만),23.239906,22.058617,23.239906,24.506744
2021-09-12 01:45:00,Chronos-2 (기록만),23.262253,22.016068,23.262253,24.683998
2021-09-12 02:00:00,Chronos-2 (기록만),23.271423,22.010262,23.271423,24.487022
2021-09-12 02:15:00,Chronos-2 (기록만),23.404999,22.03341,23.404999,24.72271
2021-09-12 02:30:00,Chronos-2 (기록만),23.475685,22.008255,23.475685,24.530403
2021-09-12 02:45:00,Chronos-2 (기록만),23.433327,22.064568,23.433327,24.491005
2021-09-12 03:00:00,Chronos-2 (기록만),23.51281,22.298592,23.51281,24.873085
2021-09-12 03:15:00,Chronos-2 (기록만),23.400063,22.032852,23.400063,24.502312
2021-09-12 03:30:00,Chronos-2 (기록만),23.206223,22.006004,23.206223,24.224785
2021-09-12 03:45:00,Chronos-2 (기록만),22.955978,21.8236,22.955978,24.264977
2021-09-12 04:00:00,Chronos-2 (기록만),23.58178,22.150734,23.58178,25.11203
2021-09-12 04:15:00,Chronos-2 (기록만),23.608185,22.188377,23.608185,25.240135
2021-09-12 04:30:00,Chronos-2 (기록만),23.605667,22.089119,23.605667,24.88195
2021-09-12 04:45:00,Chronos-2 (기록만),23.275398,22.026093,23.275398,24.74327
2021-09-12 05:00:00,Chronos-2 (기록만),23.310143,22.081192,23.310143,24.661552
2021-09-12 05:15:00,Chronos-2 (기록만),23.346191,21.970032,23.346191,25.035072
2021-09-12 05:30:00,Chronos-2 (기록만),23.303696,22.122719,23.303696,24.671883
2021-09-12 05:45:00,Chronos-2 (기록만),23.290924,21.980232,23.290924,24.841476
2021-09-12 06:00:00,Chronos-2 (기록만),23.29409,21.914276,23.29409,24.633682
2021-09-12 06:15:00,Chronos-2 (기록만),23.426643,21.921997,23.426643,24.90226
2021-09-12 06:30:00,Chronos-2 (기록만),23.568916,21.971222,23.568916,24.743744
2021-09-12 06:45:00,Chronos-2 (기록만),23.532051,22.051544,23.532051,24.696228
2021-09-12 07:00:00,Chronos-2 (기록만),23.658882,22.200188,23.658882,25.234573
2021-09-12 07:15:00,Chronos-2 (기록만),23.536392,22.032768,23.536392,24.83854
2021-09-12 07:30:00,Chronos-2 (기록만),23.305946,21.980736,23.305946,24.56903
2021-09-12 07:45:00,Chronos-2 (기록만),23.11811,21.833755,23.11811,24.613525
2021-09-12 08:00:00,Chronos-2 (기록만),23.471748,21.801117,23.471748,25.406784
2021-09-12 08:15:00,Chronos-2 (기록만),23.524506,21.91185,23.524506,25.522842
2021-09-12 08:30:00,Chronos-2 (기록만),23.57711,21.911911,23.57711,25.225937
2021-09-12 08:45:00,Chronos-2 (기록만),23.268394,21.86013,23.268394,25.159546
2021-09-12 09:00:00,Chronos-2 (기록만),23.326447,21.895569,23.326447,24.992043
2021-09-12 09:15:00,Chronos-2 (기록만),23.389275,21.790504,23.389275,25.474792
2021-09-12 09:30:00,Chronos-2 (기록만),23.331894,22.068848,23.331894,25.084763
2021-09-12 09:45:00,Chronos-2 (기록만),23.310501,21.832932,23.310501,25.231483
2021-09-12 10:00:00,Chronos-2 (기록만),23.30671,21.768524,23.30671,24.891197
2021-09-12 10:15:00,Chronos-2 (기록만),23.507294,21.803818,23.507294,25.279045
2021-09-12 10:30:00,Chronos-2 (기록만),23.657394,21.869545,23.657394,25.128738
2021-09-12 10:45:00,Chronos-2 (기록만),23.676102,22.013992,23.676102,25.226166
2021-09-12 11:00:00,Chronos-2 (기록만),23.83728,22.126541,23.83728,25.754112
2021-09-12 11:15:00,Chronos-2 (기록만),23.643135,21.952423,23.643135,25.302216
2021-09-12 11:30:00,Chronos-2 (기록만),23.325012,21.821037,23.325012,24.949684
2021-09-12 11:45:00,Chronos-2 (기록만),23.007477,21.570648,23.007477,24.67205
2021-09-12 12:00:00,Chronos-2 (기록만),23.325096,21.865288,23.325096,24.920792
2021-09-12 12:15:00,Chronos-2 (기록만),23.352997,21.958427,23.352997,24.932098
2021-09-12 12:30:00,Chronos-2 (기록만),23.376564,21.902733,23.376564,24.591354
2021-09-12 12:45:00,Chronos-2 (기록만),23.037468,21.808441,23.037468,24.50103
2021-09-12 13:00:00,Chronos-2 (기록만),23.078094,21.86454,23.078094,24.405426
2021-09-12 13:15:00,Chronos-2 (기록만),23.140884,21.725441,23.140884,24.827744
2021-09-12 13:30:00,Chronos-2 (기록만),23.05101,21.928131,23.05101,24.375542
2021-09-12 13:45:00,Chronos-2 (기록만),23.095764,21.768005,23.095764,24.598251
2021-09-12 14:00:00,Chronos-2 (기록만),23.112808,21.749886,23.112808,24.409378
2021-09-12 14:15:00,Chronos-2 (기록만),23.324394,21.899117,23.324394,24.743477
2021-09-12 14:30:00,Chronos-2 (기록만),23.477928,21.932655,23.477928,24.61071
2021-09-12 14:45:00,Chronos-2 (기록만),23.447884,22.071518,23.447884,24.622063
2021-09-12 15:00:00,Chronos-2 (기록만),23.62999,22.21109,23.62999,25.145836
2021-09-12 15:15:00,Chronos-2 (기록만),23.508522,21.934639,23.508522,24.753204
2021-09-12 15:30:00,Chronos-2 (기록만),23.248726,21.958473,23.248726,24.503792
2021-09-12 15:45:00,Chronos-2 (기록만),23.04116,21.782188,23.04116,24.525024
2021-09-12 16:00:00,Chronos-2 (기록만),23.582108,21.878777,23.582108,25.93821
2021-09-12 16:15:00,Chronos-2 (기록만),23.6082,21.927505,23.6082,26.117485
2021-09-12 16:30:00,Chronos-2 (기록만),23.631393,21.883064,23.631393,25.834686
2021-09-12 16:45:00,Chronos-2 (기록만),23.335983,21.933907,23.335983,25.717049
2021-09-12 17:00:00,Chronos-2 (기록만),23.27452,22.092133,23.27452,25.43769
2021-09-12 17:15:00,Chronos-2 (기록만),23.358597,21.725197,23.358597,25.88063
2021-09-12 17:30:00,Chronos-2 (기록만),23.38813,22.06791,23.38813,25.567337
2021-09-12 17:45:00,Chronos-2 (기록만),23.349144,21.72956,23.349144,25.800621
2021-09-12 18:00:00,Chronos-2 (기록만),23.36296,21.694,23.36296,25.470093
2021-09-12 18:15:00,Chronos-2 (기록만),23.513336,21.742569,23.513336,25.60711
2021-09-12 18:30:00,Chronos-2 (기록만),23.619583,21.840187,23.619583,25.443367
2021-09-12 18:45:00,Chronos-2 (기록만),23.615776,21.957611,23.615776,25.492424
2021-09-12 19:00:00,Chronos-2 (기록만),23.797256,22.081818,23.797256,26.108368
2021-09-12 19:15:00,Chronos-2 (기록만),23.727463,21.890404,23.727463,25.844635
2021-09-12 19:30:00,Chronos-2 (기록만),23.432076,21.868591,23.432076,25.528343
2021-09-12 19:45:00,Chronos-2 (기록만),23.179077,21.618599,23.179077,25.272026
2021-09-12 20:00:00,Chronos-2 (기록만),23.231514,21.58699,23.231514,25.094322
2021-09-12 20:15:00,Chronos-2 (기록만),23.20652,21.651741,23.20652,25.099548
2021-09-12 20:30:00,Chronos-2 (기록만),23.204117,21.615059,23.204117,24.75724
2021-09-12 20:45:00,Chronos-2 (기록만),22.940582,21.7846,22.940582,24.638145
2021-09-12 21:00:00,Chronos-2 (기록만),22.940704,21.704124,22.940704,24.613037
2021-09-12 21:15:00,Chronos-2 (기록만),23.056877,21.511414,23.056877,25.068497
2021-09-12 21:30:00,Chronos-2 (기록만),23.061737,21.88417,23.061737,24.780655
2021-09-12 21:45:00,Chronos-2 (기록만),23.01104,21.627708,23.01104,24.868652
2021-09-12 22:00:00,Chronos-2 (기록만),23.076859,21.637024,23.076859,24.601013
2021-09-12 22:15:00,Chronos-2 (기록만),23.272583,21.726547,23.272583,24.944061
2021-09-12 22:30:00,Chronos-2 (기록만),23.416153,21.73085,23.416153,24.89006
2021-09-12 22:45:00,Chronos-2 (기록만),23.484886,21.850143,23.484886,25.063614
2021-09-12 23:00:00,Chronos-2 (기록만),23.600067,22.031914,23.600067,25.413757
2021-09-12 23:15:00,Chronos-2 (기록만),23.39109,21.784714,23.39109,25.063553
2021-09-12 23:30:00,Chronos-2 (기록만),22.949005,21.599495,22.949005,24.46334
2021-09-12 23:45:00,Chronos-2 (기록만),22.59652,21.255402,22.59652,24.128265
2021-09-13 00:00:00,Chronos-2 (기록만),22.884102,21.196869,22.884102,24.767693
2021-09-13 00:15:00,Chronos-2 (기록만),22.917732,21.317879,22.917732,24.770973
2021-09-13 00:30:00,Chronos-2 (기록만),22.95568,21.230972,22.95568,24.458015
2021-09-13 00:45:00,Chronos-2 (기록만),22.659134,21.043816,22.659134,24.349724
2021-09-13 01:00:00,Chronos-2 (기록만),22.725853,21.226265,22.725853,24.426796
2021-09-13 01:15:00,Chronos-2 (기록만),22.930199,21.277916,22.930199,25.1139
2021-09-13 01:30:00,Chronos-2 (기록만),22.975716,21.585365,22.975716,24.823486
2021-09-13 01:45:00,Chronos-2 (기록만),23.016876,21.349312,23.016876,25.108337
2021-09-13 02:00:00,Chronos-2 (기록만),23.054985,21.318336,23.054985,24.898186
2021-09-13 02:15:00,Chronos-2 (기록만),23.298538,21.454796,23.298538,25.211975
2021-09-13 02:30:00,Chronos-2 (기록만),23.362602,21.363983,23.362602,25.051888
2021-09-13 02:45:00,Chronos-2 (기록만),23.300858,21.408981,23.300858,25.061531
2021-09-13 03:00:00,Chronos-2 (기록만),23.247047,21.69178,23.247047,25.326462
2021-09-13 03:15:00,Chronos-2 (기록만),23.277138,21.461716,23.277138,25.187073
2021-09-13 03:30:00,Chronos-2 (기록만),23.0643,21.315903,23.0643,24.893059
2021-09-13 03:45:00,Chronos-2 (기록만),22.826996,21.159904,22.826996,24.714027
2021-09-13 04:00:00,Chronos-2 (기록만),24.514282,22.584976,24.514282,26.091553
2021-09-13 04:15:00,Chronos-2 (기록만),24.239319,22.5877,24.239319,26.040932
2021-09-13 04:30:00,Chronos-2 (기록만),24.250587,22.444283,24.250587,25.561897
2021-09-13 04:45:00,Chronos-2 (기록만),23.917854,22.296326,23.917854,25.756615
2021-09-13 05:00:00,Chronos-2 (기록만),24.034538,22.626839,24.034538,25.627228
2021-09-13 05:15:00,Chronos-2 (기록만),24.065712,22.255394,24.065712,25.616875
2021-09-13 05:30:00,Chronos-2 (기록만),24.029457,22.44429,24.029457,25.548195
2021-09-13 05:45:00,Chronos-2 (기록만),23.993126,22.241386,23.993126,25.947563
2021-09-13 06:00:00,Chronos-2 (기록만),24.156158,22.411766,24.156158,25.744934
2021-09-13 06:15:00,Chronos-2 (기록만),24.095978,22.11538,24.095978,25.54889
2021-09-13 06:30:00,Chronos-2 (기록만),23.908188,21.6091,23.908188,25.641388
2021-09-13 06:45:00,Chronos-2 (기록만),24.030914,21.565811,24.030914,26.280075
2021-09-13 07:00:00,Chronos-2 (기록만),25.682,22.16764,25.682,30.333172
2021-09-13 07:15:00,Chronos-2 (기록만),36.05422,25.334259,36.05422,46.285603
2021-09-13 07:30:00,Chronos-2 (기록만),60.94844,44.837753,60.94844,72.025116
2021-09-13 07:45:00,Chronos-2 (기록만),91.537544,71.84061,91.537544,104.9743
2021-09-13 08:00:00,Chronos-2 (기록만),147.04483,121.344795,147.04483,163.06854
2021-09-13 08:15:00,Chronos-2 (기록만),166.03424,138.91907,166.03424,179.64883
2021-09-13 08:30:00,Chronos-2 (기록만),169.47995,141.66246,169.47995,183.35645
2021-09-13 08:45:00,Chronos-2 (기록만),172.73366,143.47661,172.73366,186.68674
2021-09-13 09:00:00,Chronos-2 (기록만),166.93541,136.95975,166.93541,181.58656
2021-09-13 09:15:00,Chronos-2 (기록만),165.26358,135.05344,165.26358,179.541
2021-09-13 09:30:00,Chronos-2 (기록만),167.86285,135.00421,167.86285,182.63239
2021-09-13 09:45:00,Chronos-2 (기록만),169.94498,135.81914,169.94498,184.71942
2021-09-13 10:00:00,Chronos-2 (기록만),142.01855,111.21056,142.01855,159.03345
2021-09-13 10:15:00,Chronos-2 (기록만),169.75558,137.56212,169.75558,183.91837
2021-09-13 10:30:00,Chronos-2 (기록만),168.38667,134.96652,168.38667,183.3357
2021-09-13 10:45:00,Chronos-2 (기록만),168.13528,134.78134,168.13528,182.07776
2021-09-13 11:00:00,Chronos-2 (기록만),167.82774,135.00627,167.82774,182.42831
2021-09-13 11:15:00,Chronos-2 (기록만),171.25787,136.9877,171.25787,185.2456
2021-09-13 11:30:00,Chronos-2 (기록만),170.31781,135.54572,170.31781,185.1343
2021-09-13 11:45:00,Chronos-2 (기록만),168.52975,131.72697,168.52975,185.03015
2021-09-13 12:00:00,Chronos-2 (기록만),117.82243,87.11907,117.82243,139.89424
2021-09-13 12:15:00,Chronos-2 (기록만),94.98591,67.37015,94.98591,115.9337
2021-09-13 12:30:00,Chronos-2 (기록만),93.85359,63.30349,93.85359,114.645325
2021-09-13 12:45:00,Chronos-2 (기록만),123.52826,88.140724,123.52826,146.26207
2021-09-13 13:00:00,Chronos-2 (기록만),161.05618,121.96657,161.05618,180.0412
2021-09-13 13:15:00,Chronos-2 (기록만),166.30017,128.0806,166.30017,184.99745
2021-09-13 13:30:00,Chronos-2 (기록만),165.24512,127.41955,165.24512,183.65758
2021-09-13 13:45:00,Chronos-2 (기록만),166.02365,128.50679,166.02365,183.02429
2021-09-13 14:00:00,Chronos-2 (기록만),165.73523,129.40144,165.73523,182.87662
2021-09-13 14:15:00,Chronos-2 (기록만),164.114,128.60794,164.114,180.66736
2021-09-13 14:30:00,Chronos-2 (기록만),165.34933,128.57639,165.34933,183.07016
2021-09-13 14:45:00,Chronos-2 (기록만),164.09787,128.02847,164.09787,182.18411
2021-09-13 15:00:00,Chronos-2 (기록만),137.38107,102.593796,137.38107,157.53987
2021-09-13 15:15:00,Chronos-2 (기록만),163.79446,126.94046,163.79446,182.25452
2021-09-13 15:30:00,Chronos-2 (기록만),167.65392,132.82422,167.65392,186.32262
2021-09-13 15:45:00,Chronos-2 (기록만),164.90585,130.25552,164.90585,183.011
2021-09-13 16:00:00,Chronos-2 (기록만),160.6011,126.70894,160.6011,176.01295
2021-09-13 16:15:00,Chronos-2 (기록만),158.27827,123.96597,158.27827,174.44835
2021-09-13 16:30:00,Chronos-2 (기록만),155.24034,118.59276,155.24034,170.93063
2021-09-13 16:45:00,Chronos-2 (기록만),152.98418,116.37811,152.98418,169.95862
2021-09-13 17:00:00,Chronos-2 (기록만),119.94667,86.186874,119.94667,137.33798
2021-09-13 17:15:00,Chronos-2 (기록만),107.19176,74.187614,107.19176,126.002304
2021-09-13 17:30:00,Chronos-2 (기록만),144.37184,103.31823,144.37184,161.30814
2021-09-13 17:45:00,Chronos-2 (기록만),157.88745,114.72418,157.88745,175.36508
2021-09-13 18:00:00,Chronos-2 (기록만),155.38521,113.50461,155.38521,171.65454
2021-09-13 18:15:00,Chronos-2 (기록만),152.95819,110.861336,152.95819,168.53192
2021-09-13 18:30:00,Chronos-2 (기록만),151.22382,109.84237,151.22382,166.83304
2021-09-13 18:45:00,Chronos-2 (기록만),152.10138,110.89273,152.10138,167.46848
2021-09-13 19:00:00,Chronos-2 (기록만),148.08018,107.70844,148.08018,163.36652
2021-09-13 19:15:00,Chronos-2 (기록만),141.02985,101.73175,141.02985,156.87476
2021-09-13 19:30:00,Chronos-2 (기록만),139.7213,100.33647,139.7213,155.6456
2021-09-13 19:45:00,Chronos-2 (기록만),122.40927,86.66831,122.40927,139.27147
2021-09-13 20:00:00,Chronos-2 (기록만),111.836105,73.4464,111.836105,125.31511
2021-09-13 20:15:00,Chronos-2 (기록만),119.40565,79.418846,119.40565,132.45677
2021-09-13 20:30:00,Chronos-2 (기록만),119.05621,77.77739,119.05621,132.31429
2021-09-13 20:45:00,Chronos-2 (기록만),119.3651,77.99103,119.3651,131.58133
2021-09-13 21:00:00,Chronos-2 (기록만),119.553856,79.02751,119.553856,133.08968
2021-09-13 21:15:00,Chronos-2 (기록만),119.48069,76.81993,119.48069,132.30338
2021-09-13 21:30:00,Chronos-2 (기록만),116.31265,72.093216,116.31265,128.68274
2021-09-13 21:45:00,Chronos-2 (기록만),115.5959,71.83541,115.5959,128.36343
2021-09-13 22:00:00,Chronos-2 (기록만),98.56898,55.737743,98.56898,111.5637
2021-09-13 22:15:00,Chronos-2 (기록만),108.6946,62.95299,108.6946,120.671196
2021-09-13 22:30:00,Chronos-2 (기록만),108.4766,62.551834,108.4766,120.75731
2021-09-13 22:45:00,Chronos-2 (기록만),108.53588,61.961014,108.53588,120.30595
2021-09-13 23:00:00,Chronos-2 (기록만),108.01256,60.696365,108.01256,119.81012
2021-09-13 23:15:00,Chronos-2 (기록만),107.916275,59.588573,107.916275,119.93834
2021-09-13 23:30:00,Chronos-2 (기록만),103.59865,53.31221,103.59865,116.26399
2021-09-13 23:45:00,Chronos-2 (기록만),85.83324,38.728306,85.83324,97.8821
2021-09-14 00:00:00,Chronos-2 (기록만),76.81056,69.32746,76.81056,83.089005
2021-09-14 00:15:00,Chronos-2 (기록만),72.858086,65.23907,72.858086,79.78763
2021-09-14 00:30:00,Chronos-2 (기록만),69.73162,61.79786,69.73162,76.7542
2021-09-14 00:45:00,Chronos-2 (기록만),68.80875,60.90126,68.80875,76.27018
2021-09-14 01:00:00,Chronos-2 (기록만),94.877754,86.213104,94.877754,102.3193
2021-09-14 01:15:00,Chronos-2 (기록만),106.058105,97.45369,106.058105,113.73573
2021-09-14 01:30:00,Chronos-2 (기록만),108.959496,100.859985,108.959496,116.92578
2021-09-14 01:45:00,Chronos-2 (기록만),110.33387,101.812416,110.33387,118.39514
2021-09-14 02:00:00,Chronos-2 (기록만),110.80801,102.205025,110.80801,118.43776
2021-09-14 02:15:00,Chronos-2 (기록만),110.00336,101.20931,110.00336,117.74222
2021-09-14 02:30:00,Chronos-2 (기록만),108.30911,99.31064,108.30911,116.62462
2021-09-14 02:45:00,Chronos-2 (기록만),106.33446,97.65235,106.33446,114.52794
2021-09-14 03:00:00,Chronos-2 (기록만),94.753334,85.58566,94.753334,102.726
2021-09-14 03:15:00,Chronos-2 (기록만),106.72944,97.63924,106.72944,114.83662
2021-09-14 03:30:00,Chronos-2 (기록만),108.946434,100.00899,108.946434,117.59625
2021-09-14 03:45:00,Chronos-2 (기록만),108.21173,99.43166,108.21173,116.35391
2021-09-14 04:00:00,Chronos-2 (기록만),108.47853,99.2299,108.47853,116.67088
2021-09-14 04:15:00,Chronos-2 (기록만),109.895454,100.81512,109.895454,118.36926
2021-09-14 04:30:00,Chronos-2 (기록만),110.45615,101.40576,110.45615,119.05594
2021-09-14 04:45:00,Chronos-2 (기록만),105.26028,95.66709,105.26028,113.432785
2021-09-14 05:00:00,Chronos-2 (기록만),84.23889,75.63066,84.23889,92.22692
2021-09-14 05:15:00,Chronos-2 (기록만),80.033005,71.34518,80.033005,87.5475
2021-09-14 05:30:00,Chronos-2 (기록만),98.43342,88.8984,98.43342,106.68248
2021-09-14 05:45:00,Chronos-2 (기록만),111.72507,102.521805,111.72507,119.9169
2021-09-14 06:00:00,Chronos-2 (기록만),113.19482,103.32145,113.19482,121.7895
2021-09-14 06:15:00,Chronos-2 (기록만),111.4202,101.62682,111.4202,119.50429
2021-09-14 06:30:00,Chronos-2 (기록만),111.2059,101.30175,111.2059,119.53015
2021-09-14 06:45:00,Chronos-2 (기록만),112.28729,102.4731,112.28729,120.71988
2021-09-14 07:00:00,Chronos-2 (기록만),112.15417,101.72169,112.15417,120.90047
2021-09-14 07:15:00,Chronos-2 (기록만),126.07558,114.048775,126.07558,135.36044
2021-09-14 07:30:00,Chronos-2 (기록만),150.49751,138.58116,150.49751,161.42545
2021-09-14 07:45:00,Chronos-2 (기록만),143.47113,131.74324,143.47113,154.10522
2021-09-14 08:00:00,Chronos-2 (기록만),161.35721,147.32164,161.35721,174.64706
2021-09-14 08:15:00,Chronos-2 (기록만),176.8169,162.62302,176.8169,189.0108
2021-09-14 08:30:00,Chronos-2 (기록만),179.42331,164.2439,179.42331,191.57916
2021-09-14 08:45:00,Chronos-2 (기록만),180.17148,165.98383,180.17148,192.25975
2021-09-14 09:00:00,Chronos-2 (기록만),173.54878,159.22507,173.54878,186.4609
2021-09-14 09:15:00,Chronos-2 (기록만),174.41144,160.23799,174.41144,186.97171
2021-09-14 09:30:00,Chronos-2 (기록만),174.75635,160.21167,174.75635,187.276
2021-09-14 09:45:00,Chronos-2 (기록만),175.94223,160.1337,175.94223,188.687
2021-09-14 10:00:00,Chronos-2 (기록만),149.80609,134.96707,149.80609,163.65881
2021-09-14 10:15:00,Chronos-2 (기록만),174.31766,158.78732,174.31766,186.54218
2021-09-14 10:30:00,Chronos-2 (기록만),174.60861,158.72055,174.60861,187.33743
2021-09-14 10:45:00,Chronos-2 (기록만),174.70468,159.37875,174.70468,186.77023
2021-09-14 11:00:00,Chronos-2 (기록만),174.02051,158.94582,174.02051,187.02681
2021-09-14 11:15:00,Chronos-2 (기록만),177.58919,162.11961,177.58919,189.89517
2021-09-14 11:30:00,Chronos-2 (기록만),179.03873,163.33536,179.03873,191.82013
2021-09-14 11:45:00,Chronos-2 (기록만),177.01369,161.22125,177.01369,191.33206
2021-09-14 12:00:00,Chronos-2 (기록만),121.82199,106.626175,121.82199,136.2934
2021-09-14 12:15:00,Chronos-2 (기록만),101.11715,87.067314,101.11715,113.84552
2021-09-14 12:30:00,Chronos-2 (기록만),99.64685,84.65505,99.64685,112.835175
2021-09-14 12:45:00,Chronos-2 (기록만),130.77267,114.42692,130.77267,145.56721
2021-09-14 13:00:00,Chronos-2 (기록만),169.4872,152.7522,169.4872,183.67014
2021-09-14 13:15:00,Chronos-2 (기록만),175.81804,159.97449,175.81804,190.45885
2021-09-14 13:30:00,Chronos-2 (기록만),176.39427,161.84035,176.39427,191.23663
2021-09-14 13:45:00,Chronos-2 (기록만),177.02313,160.41122,177.02313,190.98224
2021-09-14 14:00:00,Chronos-2 (기록만),176.83334,160.73392,176.83334,190.67126
2021-09-14 14:15:00,Chronos-2 (기록만),174.30016,156.62375,174.30016,187.66864
2021-09-14 14:30:00,Chronos-2 (기록만),175.47368,157.62813,175.47368,190.41217
2021-09-14 14:45:00,Chronos-2 (기록만),174.73596,157.13998,174.73596,189.53897
2021-09-14 15:00:00,Chronos-2 (기록만),145.4836,128.61073,145.4836,161.38878
2021-09-14 15:15:00,Chronos-2 (기록만),171.51645,153.74498,171.51645,186.40388
2021-09-14 15:30:00,Chronos-2 (기록만),174.0445,156.42262,174.0445,188.59949
2021-09-14 15:45:00,Chronos-2 (기록만),172.86458,156.50449,172.86458,188.04303
2021-09-14 16:00:00,Chronos-2 (기록만),170.01923,152.7272,170.01923,183.39972
2021-09-14 16:15:00,Chronos-2 (기록만),168.67502,152.94952,168.67502,182.73334
2021-09-14 16:30:00,Chronos-2 (기록만),164.80058,148.04063,164.80058,178.1708
2021-09-14 16:45:00,Chronos-2 (기록만),162.29178,144.47318,162.29178,176.4511
2021-09-14 17:00:00,Chronos-2 (기록만),125.97267,110.29987,125.97267,139.49026
2021-09-14 17:15:00,Chronos-2 (기록만),112.350784,97.74434,112.350784,125.84924
2021-09-14 17:30:00,Chronos-2 (기록만),150.40164,133.53888,150.40164,164.06212
2021-09-14 17:45:00,Chronos-2 (기록만),162.6401,145.22992,162.6401,176.76093
2021-09-14 18:00:00,Chronos-2 (기록만),160.71771,142.99792,160.71771,173.80533
2021-09-14 18:15:00,Chronos-2 (기록만),157.94656,141.11748,157.94656,170.94827
2021-09-14 18:30:00,Chronos-2 (기록만),156.42317,138.9799,156.42317,169.35526
2021-09-14 18:45:00,Chronos-2 (기록만),158.25226,141.68156,158.25226,171.23749
2021-09-14 19:00:00,Chronos-2 (기록만),155.38045,139.3476,155.38045,168.43259
2021-09-14 19:15:00,Chronos-2 (기록만),148.41519,131.94229,148.41519,161.06442
2021-09-14 19:30:00,Chronos-2 (기록만),147.52,132.40353,147.52,160.78444
2021-09-14 19:45:00,Chronos-2 (기록만),128.8353,113.37501,128.8353,141.67609
2021-09-14 20:00:00,Chronos-2 (기록만),118.485,105.103386,118.485,129.13026
2021-09-14 20:15:00,Chronos-2 (기록만),126.521385,113.41114,126.521385,136.23444
2021-09-14 20:30:00,Chronos-2 (기록만),127.0749,114.60671,127.0749,137.01797
2021-09-14 20:45:00,Chronos-2 (기록만),126.37833,113.62344,126.37833,135.47794
2021-09-14 21:00:00,Chronos-2 (기록만),125.48491,113.19955,125.48491,135.51595
2021-09-14 21:15:00,Chronos-2 (기록만),126.39768,114.19882,126.39768,135.76971
2021-09-14 21:30:00,Chronos-2 (기록만),123.28335,111.351906,123.28335,132.71918
2021-09-14 21:45:00,Chronos-2 (기록만),121.70994,109.511986,121.70994,131.38571
2021-09-14 22:00:00,Chronos-2 (기록만),102.93137,90.526634,102.93137,112.05731
2021-09-14 22:15:00,Chronos-2 (기록만),115.70841,103.04828,115.70841,124.919136
2021-09-14 22:30:00,Chronos-2 (기록만),115.43719,102.21872,115.43719,125.12062
2021-09-14 22:45:00,Chronos-2 (기록만),114.05345,100.936356,114.05345,123.30301
2021-09-14 23:00:00,Chronos-2 (기록만),112.2668,99.63461,112.2668,121.50012
2021-09-14 23:15:00,Chronos-2 (기록만),115.1284,101.57819,115.1284,124.58189
2021-09-14 23:30:00,Chronos-2 (기록만),109.61676,95.93805,109.61676,118.895226
2021-09-14 23:45:00,Chronos-2 (기록만),89.8737,77.49539,89.8737,99.29353
2021-08-09 00:00:00,Chronos-2 (+가동 계획),22.238724,19.219841,22.238724,30.682934
2021-08-09 00:15:00,Chronos-2 (+가동 계획),22.414356,19.22371,22.414356,32.816
2021-08-09 00:30:00,Chronos-2 (+가동 계획),22.425117,19.17527,22.425117,32.032837
2021-08-09 00:45:00,Chronos-2 (+가동 계획),22.445507,19.625381,22.445507,30.76432
2021-08-09 01:00:00,Chronos-2 (+가동 계획),21.815567,19.617332,21.815567,31.44233
2021-08-09 01:15:00,Chronos-2 (+가동 계획),22.294502,19.22216,22.294502,34.32288
2021-08-09 01:30:00,Chronos-2 (+가동 계획),22.401787,19.348663,22.401787,35.939148
2021-08-09 01:45:00,Chronos-2 (+가동 계획),22.351284,18.792633,22.351284,35.146202
2021-08-09 02:00:00,Chronos-2 (+가동 계획),21.87859,18.930916,21.87859,35.115807
2021-08-09 02:15:00,Chronos-2 (+가동 계획),22.367233,19.297394,22.367233,32.36417
2021-08-09 02:30:00,Chronos-2 (+가동 계획),22.281887,19.33574,22.281887,31.717693
2021-08-09 02:45:00,Chronos-2 (+가동 계획),22.400135,19.191994,22.400135,32.92366
2021-08-09 03:00:00,Chronos-2 (+가동 계획),22.340416,19.14782,22.340416,33.387177
2021-08-09 03:15:00,Chronos-2 (+가동 계획),22.051685,19.07183,22.051685,33.69826
2021-08-09 03:30:00,Chronos-2 (+가동 계획),21.997684,19.323952,21.997684,33.46982
2021-08-09 03:45:00,Chronos-2 (+가동 계획),21.881924,18.948715,21.881924,32.50032
2021-08-09 04:00:00,Chronos-2 (+가동 계획),23.134048,18.891937,23.134048,30.989742
2021-08-09 04:15:00,Chronos-2 (+가동 계획),22.701614,18.773361,22.701614,29.3382
2021-08-09 04:30:00,Chronos-2 (+가동 계획),22.359226,18.265663,22.359226,28.576992
2021-08-09 04:45:00,Chronos-2 (+가동 계획),22.010174,18.124443,22.010174,29.278576
2021-08-09 05:00:00,Chronos-2 (+가동 계획),21.815845,18.382706,21.815845,29.453255
2021-08-09 05:15:00,Chronos-2 (+가동 계획),22.02816,18.226662,22.02816,29.359028
2021-08-09 05:30:00,Chronos-2 (+가동 계획),21.823288,18.1493,21.823288,29.631653
2021-08-09 05:45:00,Chronos-2 (+가동 계획),21.859825,18.103844,21.859825,29.177608
2021-08-09 06:00:00,Chronos-2 (+가동 계획),21.87819,18.08789,21.87819,28.263103
2021-08-09 06:15:00,Chronos-2 (+가동 계획),21.626987,17.504738,21.626987,27.555637
2021-08-09 06:30:00,Chronos-2 (+가동 계획),21.854202,17.082634,21.854202,29.113197
2021-08-09 06:45:00,Chronos-2 (+가동 계획),22.55857,17.621437,22.55857,31.244926
2021-08-09 07:00:00,Chronos-2 (+가동 계획),25.442635,18.955292,25.442635,41.134563
2021-08-09 07:15:00,Chronos-2 (+가동 계획),43.451527,25.85188,43.451527,64.54023
2021-08-09 07:30:00,Chronos-2 (+가동 계획),76.67889,51.915554,76.67889,98.32938
2021-08-09 07:45:00,Chronos-2 (+가동 계획),129.02245,102.21809,129.02245,150.71179
2021-08-09 08:00:00,Chronos-2 (+가동 계획),176.72302,148.89377,176.72302,198.42801
2021-08-09 08:15:00,Chronos-2 (+가동 계획),194.07193,174.36052,194.07193,211.38934
2021-08-09 08:30:00,Chronos-2 (+가동 계획),191.96243,169.78134,191.96243,209.27682
2021-08-09 08:45:00,Chronos-2 (+가동 계획),185.47429,163.1596,185.47429,204.00394
2021-08-09 09:00:00,Chronos-2 (+가동 계획),177.5486,154.09915,177.5486,197.68008
2021-08-09 09:15:00,Chronos-2 (+가동 계획),177.92258,154.1018,177.92258,197.66156
2021-08-09 09:30:00,Chronos-2 (+가동 계획),179.49176,157.0239,179.49176,199.43564
2021-08-09 09:45:00,Chronos-2 (+가동 계획),177.5549,153.82253,177.5549,197.37277
2021-08-09 10:00:00,Chronos-2 (+가동 계획),159.99332,134.23921,159.99332,182.82957
2021-08-09 10:15:00,Chronos-2 (+가동 계획),180.8222,155.38959,180.8222,198.91006
2021-08-09 10:30:00,Chronos-2 (+가동 계획),185.96384,159.78534,185.96384,205.97006
2021-08-09 10:45:00,Chronos-2 (+가동 계획),186.25464,163.55673,186.25464,204.92227
2021-08-09 11:00:00,Chronos-2 (+가동 계획),183.9223,159.42735,183.9223,204.74881
2021-08-09 11:15:00,Chronos-2 (+가동 계획),184.36981,156.962,184.36981,203.79126
2021-08-09 11:30:00,Chronos-2 (+가동 계획),183.67009,156.31018,183.67009,202.92747
2021-08-09 11:45:00,Chronos-2 (+가동 계획),178.10654,148.61511,178.10654,199.73627
2021-08-09 12:00:00,Chronos-2 (+가동 계획),126.26045,99.95203,126.26045,155.61835
2021-08-09 12:15:00,Chronos-2 (+가동 계획),108.0222,82.88001,108.0222,138.15582
2021-08-09 12:30:00,Chronos-2 (+가동 계획),110.09999,85.2128,110.09999,139.73941
2021-08-09 12:45:00,Chronos-2 (+가동 계획),114.654274,88.805756,114.654274,144.47339
2021-08-09 13:00:00,Chronos-2 (+가동 계획),164.7132,137.62404,164.7132,188.65102
2021-08-09 13:15:00,Chronos-2 (+가동 계획),180.63147,155.99342,180.63147,201.3876
2021-08-09 13:30:00,Chronos-2 (+가동 계획),181.23947,159.13756,181.23947,201.69781
2021-08-09 13:45:00,Chronos-2 (+가동 계획),179.71577,154.26718,179.71577,200.7315
2021-08-09 14:00:00,Chronos-2 (+가동 계획),175.7909,148.09128,175.7909,198.36188
2021-08-09 14:15:00,Chronos-2 (+가동 계획),179.02472,153.18103,179.02472,200.88281
2021-08-09 14:30:00,Chronos-2 (+가동 계획),179.09001,152.32695,179.09001,200.66379
2021-08-09 14:45:00,Chronos-2 (+가동 계획),172.2207,145.87927,172.2207,195.28831
2021-08-09 15:00:00,Chronos-2 (+가동 계획),134.63193,107.4397,134.63193,161.77556
2021-08-09 15:15:00,Chronos-2 (+가동 계획),140.19748,113.86597,140.19748,165.71803
2021-08-09 15:30:00,Chronos-2 (+가동 계획),169.67564,142.41052,169.67564,192.9917
2021-08-09 15:45:00,Chronos-2 (+가동 계획),168.84361,139.87105,168.84361,193.41791
2021-08-09 16:00:00,Chronos-2 (+가동 계획),167.91397,141.93747,167.91397,189.44928
2021-08-09 16:15:00,Chronos-2 (+가동 계획),166.85297,142.91609,166.85297,189.6492
2021-08-09 16:30:00,Chronos-2 (+가동 계획),168.34991,143.91624,168.34991,189.8806
2021-08-09 16:45:00,Chronos-2 (+가동 계획),162.9357,135.79968,162.9357,185.1064
2021-08-09 17:00:00,Chronos-2 (+가동 계획),124.362366,98.7211,124.362366,150.35979
2021-08-09 17:15:00,Chronos-2 (+가동 계획),118.42814,90.80784,118.42814,146.9837
2021-08-09 17:30:00,Chronos-2 (+가동 계획),156.39725,129.45715,156.39725,180.0898
2021-08-09 17:45:00,Chronos-2 (+가동 계획),171.76492,146.29802,171.76492,194.77148
2021-08-09 18:00:00,Chronos-2 (+가동 계획),168.74069,142.85089,168.74069,190.5573
2021-08-09 18:15:00,Chronos-2 (+가동 계획),165.18918,139.77869,165.18918,186.58347
2021-08-09 18:30:00,Chronos-2 (+가동 계획),163.69528,136.94965,163.69528,186.75162
2021-08-09 18:45:00,Chronos-2 (+가동 계획),161.76645,136.7529,161.76645,184.05933
2021-08-09 19:00:00,Chronos-2 (+가동 계획),158.21121,134.2028,158.21121,180.48285
2021-08-09 19:15:00,Chronos-2 (+가동 계획),152.65952,128.08891,152.65952,175.40474
2021-08-09 19:30:00,Chronos-2 (+가동 계획),145.75752,121.97489,145.75752,168.86713
2021-08-09 19:45:00,Chronos-2 (+가동 계획),119.23387,95.102,119.23387,145.85126
2021-08-09 20:00:00,Chronos-2 (+가동 계획),113.63933,89.56934,113.63933,135.8636
2021-08-09 20:15:00,Chronos-2 (+가동 계획),116.08836,92.077484,116.08836,137.26334
2021-08-09 20:30:00,Chronos-2 (+가동 계획),117.23964,93.18419,117.23964,137.36432
2021-08-09 20:45:00,Chronos-2 (+가동 계획),116.16438,92.26318,116.16438,137.02786
2021-08-09 21:00:00,Chronos-2 (+가동 계획),115.69597,93.45396,115.69597,135.76306
2021-08-09 21:15:00,Chronos-2 (+가동 계획),115.67427,93.03412,115.67427,135.24374
2021-08-09 21:30:00,Chronos-2 (+가동 계획),113.51083,92.26536,113.51083,132.61694
2021-08-09 21:45:00,Chronos-2 (+가동 계획),110.243645,89.47351,110.243645,129.45927
2021-08-09 22:00:00,Chronos-2 (+가동 계획),105.67569,83.17177,105.67569,125.675995
2021-08-09 22:15:00,Chronos-2 (+가동 계획),110.61161,90.37384,110.61161,129.59193
2021-08-09 22:30:00,Chronos-2 (+가동 계획),110.87322,90.36626,110.87322,129.70032
2021-08-09 22:45:00,Chronos-2 (+가동 계획),111.66466,91.98735,111.66466,129.95615
2021-08-09 23:00:00,Chronos-2 (+가동 계획),111.74924,92.728714,111.74924,130.12717
2021-08-09 23:15:00,Chronos-2 (+가동 계획),111.156494,92.07091,111.156494,129.85544
2021-08-09 23:30:00,Chronos-2 (+가동 계획),102.064865,81.05715,102.064865,123.18422
2021-08-09 23:45:00,Chronos-2 (+가동 계획),85.22353,61.285637,85.22353,109.58072
2021-08-10 00:00:00,Chronos-2 (+가동 계획),72.31612,62.50276,72.31612,80.15914
2021-08-10 00:15:00,Chronos-2 (+가동 계획),71.1253,60.448433,71.1253,80.67861
2021-08-10 00:30:00,Chronos-2 (+가동 계획),70.4395,58.76819,70.4395,80.631134
2021-08-10 00:45:00,Chronos-2 (+가동 계획),71.76591,58.91405,71.76591,82.70202
2021-08-10 01:00:00,Chronos-2 (+가동 계획),91.6992,78.678474,91.6992,102.941025
2021-08-10 01:15:00,Chronos-2 (+가동 계획),103.79584,90.87793,103.79584,115.00891
2021-08-10 01:30:00,Chronos-2 (+가동 계획),105.90687,92.91143,105.90687,117.02269
2021-08-10 01:45:00,Chronos-2 (+가동 계획),105.42543,91.72255,105.42543,117.01239
2021-08-10 02:00:00,Chronos-2 (+가동 계획),105.46407,91.00796,105.46407,117.05549
2021-08-10 02:15:00,Chronos-2 (+가동 계획),106.31929,92.07232,106.31929,118.85017
2021-08-10 02:30:00,Chronos-2 (+가동 계획),105.58678,90.366234,105.58678,118.66545
2021-08-10 02:45:00,Chronos-2 (+가동 계획),103.695404,88.08975,103.695404,116.61531
2021-08-10 03:00:00,Chronos-2 (+가동 계획),100.28873,85.12218,100.28873,113.01081
2021-08-10 03:15:00,Chronos-2 (+가동 계획),107.864784,93.60255,107.864784,119.66214
2021-08-10 03:30:00,Chronos-2 (+가동 계획),109.817245,95.74028,109.817245,123.056335
2021-08-10 03:45:00,Chronos-2 (+가동 계획),110.331566,95.60743,110.331566,122.821686
2021-08-10 04:00:00,Chronos-2 (+가동 계획),109.04309,92.844505,109.04309,122.88907
2021-08-10 04:15:00,Chronos-2 (+가동 계획),110.64639,93.70043,110.64639,124.5971
2021-08-10 04:30:00,Chronos-2 (+가동 계획),108.83178,91.27465,108.83178,122.67461
2021-08-10 04:45:00,Chronos-2 (+가동 계획),105.69342,87.15278,105.69342,120.42537
2021-08-10 05:00:00,Chronos-2 (+가동 계획),96.220535,77.64141,96.220535,109.992035
2021-08-10 05:15:00,Chronos-2 (+가동 계획),93.75918,75.96425,93.75918,108.83954
2021-08-10 05:30:00,Chronos-2 (+가동 계획),102.41272,82.6238,102.41272,117.90834
2021-08-10 05:45:00,Chronos-2 (+가동 계획),108.165535,86.64635,108.165535,125.30049
2021-08-10 06:00:00,Chronos-2 (+가동 계획),110.365555,88.40207,110.365555,126.85187
2021-08-10 06:15:00,Chronos-2 (+가동 계획),110.24892,88.49065,110.24892,126.870346
2021-08-10 06:30:00,Chronos-2 (+가동 계획),109.35031,87.290115,109.35031,126.50093
2021-08-10 06:45:00,Chronos-2 (+가동 계획),109.924034,86.5393,109.924034,127.390915
2021-08-10 07:00:00,Chronos-2 (+가동 계획),114.780716,90.61014,114.780716,132.84698
2021-08-10 07:15:00,Chronos-2 (+가동 계획),125.12306,99.602486,125.12306,144.61778
2021-08-10 07:30:00,Chronos-2 (+가동 계획),145.84741,116.56739,145.84741,167.60226
2021-08-10 07:45:00,Chronos-2 (+가동 계획),152.17984,119.83467,152.17984,173.84607
2021-08-10 08:00:00,Chronos-2 (+가동 계획),169.44022,106.56033,169.44022,197.52542
2021-08-10 08:15:00,Chronos-2 (+가동 계획),184.05215,118.341255,184.05215,212.24893
2021-08-10 08:30:00,Chronos-2 (+가동 계획),185.5138,118.41963,185.5138,213.11919
2021-08-10 08:45:00,Chronos-2 (+가동 계획),183.94325,118.60135,183.94325,209.6706
2021-08-10 09:00:00,Chronos-2 (+가동 계획),180.19147,113.63137,180.19147,206.24591
2021-08-10 09:15:00,Chronos-2 (+가동 계획),180.04715,110.478516,180.04715,208.59593
2021-08-10 09:30:00,Chronos-2 (+가동 계획),180.27779,109.88603,180.27779,208.06326
2021-08-10 09:45:00,Chronos-2 (+가동 계획),180.96307,109.51126,180.96307,208.1785
2021-08-10 10:00:00,Chronos-2 (+가동 계획),168.20413,98.10176,168.20413,200.18988
2021-08-10 10:15:00,Chronos-2 (+가동 계획),180.61385,107.5224,180.61385,207.96071
2021-08-10 10:30:00,Chronos-2 (+가동 계획),181.62689,105.64641,181.62689,208.43542
2021-08-10 10:45:00,Chronos-2 (+가동 계획),179.6831,105.66946,179.6831,208.31143
2021-08-10 11:00:00,Chronos-2 (+가동 계획),177.57657,105.027,177.57657,208.03125
2021-08-10 11:15:00,Chronos-2 (+가동 계획),180.91577,104.481514,180.91577,209.02264
2021-08-10 11:30:00,Chronos-2 (+가동 계획),181.94148,102.827156,181.94148,209.5339
2021-08-10 11:45:00,Chronos-2 (+가동 계획),176.26782,100.66994,176.26782,207.80237
2021-08-10 12:00:00,Chronos-2 (+가동 계획),131.10298,91.3345,131.10298,163.25172
2021-08-10 12:15:00,Chronos-2 (+가동 계획),118.89743,84.635544,118.89743,149.86569
2021-08-10 12:30:00,Chronos-2 (+가동 계획),119.67688,83.09444,119.67688,150.34787
2021-08-10 12:45:00,Chronos-2 (+가동 계획),120.96492,82.255714,120.96492,153.42784
2021-08-10 13:00:00,Chronos-2 (+가동 계획),159.84741,103.58689,159.84741,188.93503
2021-08-10 13:15:00,Chronos-2 (+가동 계획),172.6896,110.82809,172.6896,200.4439
2021-08-10 13:30:00,Chronos-2 (+가동 계획),177.87592,111.1006,177.87592,203.07451
2021-08-10 13:45:00,Chronos-2 (+가동 계획),180.03546,110.73527,180.03546,206.81378
2021-08-10 14:00:00,Chronos-2 (+가동 계획),179.14214,110.48697,179.14214,207.39005
2021-08-10 14:15:00,Chronos-2 (+가동 계획),179.26117,109.60733,179.26117,206.55356
2021-08-10 14:30:00,Chronos-2 (+가동 계획),179.4567,111.94478,179.4567,206.68839
2021-08-10 14:45:00,Chronos-2 (+가동 계획),172.97247,112.99791,172.97247,200.05092
2021-08-10 15:00:00,Chronos-2 (+가동 계획),150.4136,98.58807,150.4136,180.42908
2021-08-10 15:15:00,Chronos-2 (+가동 계획),152.92982,101.48411,152.92982,183.10289
2021-08-10 15:30:00,Chronos-2 (+가동 계획),170.48602,112.24592,170.48602,197.65869
2021-08-10 15:45:00,Chronos-2 (+가동 계획),172.25462,111.06829,172.25462,202.59062
2021-08-10 16:00:00,Chronos-2 (+가동 계획),169.64014,119.97593,169.64014,196.26445
2021-08-10 16:15:00,Chronos-2 (+가동 계획),168.94846,119.85193,168.94846,198.36368
2021-08-10 16:30:00,Chronos-2 (+가동 계획),167.4774,115.49961,167.4774,196.83066
2021-08-10 16:45:00,Chronos-2 (+가동 계획),161.39934,110.71153,161.39934,189.14719
2021-08-10 17:00:00,Chronos-2 (+가동 계획),135.84111,91.43899,135.84111,168.17722
2021-08-10 17:15:00,Chronos-2 (+가동 계획),130.36426,83.823616,130.36426,165.96855
2021-08-10 17:30:00,Chronos-2 (+가동 계획),151.60228,95.627045,151.60228,184.92859
2021-08-10 17:45:00,Chronos-2 (+가동 계획),157.74799,95.234634,157.74799,190.74084
2021-08-10 18:00:00,Chronos-2 (+가동 계획),156.44116,93.516014,156.44116,189.01215
2021-08-10 18:15:00,Chronos-2 (+가동 계획),156.51952,92.543365,156.51952,187.69354
2021-08-10 18:30:00,Chronos-2 (+가동 계획),156.68391,92.573326,156.68391,188.4167
2021-08-10 18:45:00,Chronos-2 (+가동 계획),155.66487,96.807625,155.66487,187.23672
2021-08-10 19:00:00,Chronos-2 (+가동 계획),152.5485,97.50601,152.5485,183.00061
2021-08-10 19:15:00,Chronos-2 (+가동 계획),148.53082,95.85592,148.53082,179.67651
2021-08-10 19:30:00,Chronos-2 (+가동 계획),147.03122,96.02053,147.03122,173.93295
2021-08-10 19:45:00,Chronos-2 (+가동 계획),135.40152,91.59396,135.40152,163.1746
2021-08-10 20:00:00,Chronos-2 (+가동 계획),121.990326,94.91812,121.990326,144.5599
2021-08-10 20:15:00,Chronos-2 (+가동 계획),125.15987,98.80464,125.15987,147.29193
2021-08-10 20:30:00,Chronos-2 (+가동 계획),122.68173,96.68952,122.68173,143.3464
2021-08-10 20:45:00,Chronos-2 (+가동 계획),121.76033,96.92872,121.76033,141.58377
2021-08-10 21:00:00,Chronos-2 (+가동 계획),120.8171,97.07849,120.8171,140.44592
2021-08-10 21:15:00,Chronos-2 (+가동 계획),119.604454,95.78187,119.604454,137.89081
2021-08-10 21:30:00,Chronos-2 (+가동 계획),119.69408,96.71213,119.69408,136.73137
2021-08-10 21:45:00,Chronos-2 (+가동 계획),118.823044,96.07907,118.823044,135.89227
2021-08-10 22:00:00,Chronos-2 (+가동 계획),111.46063,88.624435,111.46063,128.94356
2021-08-10 22:15:00,Chronos-2 (+가동 계획),115.36177,94.37002,115.36177,132.87048
2021-08-10 22:30:00,Chronos-2 (+가동 계획),114.497406,93.29448,114.497406,132.43852
2021-08-10 22:45:00,Chronos-2 (+가동 계획),114.81866,93.990326,114.81866,131.78918
2021-08-10 23:00:00,Chronos-2 (+가동 계획),115.462265,94.91131,115.462265,131.54837
2021-08-10 23:15:00,Chronos-2 (+가동 계획),113.751274,93.31736,113.751274,130.72617
2021-08-10 23:30:00,Chronos-2 (+가동 계획),108.70922,87.25893,108.70922,126.37846
2021-08-10 23:45:00,Chronos-2 (+가동 계획),91.3023,71.62842,91.3023,108.168686
2021-08-11 00:00:00,Chronos-2 (+가동 계획),78.967636,69.97508,78.967636,86.25307
2021-08-11 00:15:00,Chronos-2 (+가동 계획),75.69448,67.285446,75.69448,84.18471
2021-08-11 00:30:00,Chronos-2 (+가동 계획),73.23179,64.39216,73.23179,81.723465
2021-08-11 00:45:00,Chronos-2 (+가동 계획),72.059944,62.432373,72.059944,81.06588
2021-08-11 01:00:00,Chronos-2 (+가동 계획),96.32151,86.91002,96.32151,105.729614
2021-08-11 01:15:00,Chronos-2 (+가동 계획),106.8036,96.71337,106.8036,116.27803
2021-08-11 01:30:00,Chronos-2 (+가동 계획),108.18177,98.56929,108.18177,117.6087
2021-08-11 01:45:00,Chronos-2 (+가동 계획),105.49267,95.50416,105.49267,115.63418
2021-08-11 02:00:00,Chronos-2 (+가동 계획),103.465546,93.062965,103.465546,113.064255
2021-08-11 02:15:00,Chronos-2 (+가동 계획),104.189316,93.8983,104.189316,113.742645
2021-08-11 02:30:00,Chronos-2 (+가동 계획),103.791466,93.87469,103.791466,113.707375
2021-08-11 02:45:00,Chronos-2 (+가동 계획),103.02251,92.81353,103.02251,112.78967
2021-08-11 03:00:00,Chronos-2 (+가동 계획),94.49727,84.43568,94.49727,104.1668
2021-08-11 03:15:00,Chronos-2 (+가동 계획),107.32712,97.01111,107.32712,116.882385
2021-08-11 03:30:00,Chronos-2 (+가동 계획),108.9047,98.56759,108.9047,119.330444
2021-08-11 03:45:00,Chronos-2 (+가동 계획),107.543465,97.41446,107.543465,117.05829
2021-08-11 04:00:00,Chronos-2 (+가동 계획),103.9338,94.36102,103.9338,113.65709
2021-08-11 04:15:00,Chronos-2 (+가동 계획),106.232635,96.621086,106.232635,115.923225
2021-08-11 04:30:00,Chronos-2 (+가동 계획),104.18054,94.3457,104.18054,114.23983
2021-08-11 04:45:00,Chronos-2 (+가동 계획),100.10919,90.14314,100.10919,109.86101
2021-08-11 05:00:00,Chronos-2 (+가동 계획),85.19404,74.75039,85.19404,94.91756
2021-08-11 05:15:00,Chronos-2 (+가동 계획),79.83444,69.989914,79.83444,89.0921
2021-08-11 05:30:00,Chronos-2 (+가동 계획),93.1442,82.76403,93.1442,103.23737
2021-08-11 05:45:00,Chronos-2 (+가동 계획),104.68004,94.542175,104.68004,114.67607
2021-08-11 06:00:00,Chronos-2 (+가동 계획),106.71747,96.261406,106.71747,117.15474
2021-08-11 06:15:00,Chronos-2 (+가동 계획),105.884705,95.27534,105.884705,115.64731
2021-08-11 06:30:00,Chronos-2 (+가동 계획),104.607544,94.562675,104.607544,114.703735
2021-08-11 06:45:00,Chronos-2 (+가동 계획),105.747505,95.101944,105.747505,116.18776
2021-08-11 07:00:00,Chronos-2 (+가동 계획),108.262024,96.876724,108.262024,119.43927
2021-08-11 07:15:00,Chronos-2 (+가동 계획),119.173874,106.065704,119.173874,130.34859
2021-08-11 07:30:00,Chronos-2 (+가동 계획),145.38858,133.35007,145.38858,157.21094
2021-08-11 07:45:00,Chronos-2 (+가동 계획),147.78647,135.02187,147.78647,159.11781
2021-08-11 08:00:00,Chronos-2 (+가동 계획),172.60385,158.76962,172.60385,186.31107
2021-08-11 08:15:00,Chronos-2 (+가동 계획),197.63477,184.53935,197.63477,210.54634
2021-08-11 08:30:00,Chronos-2 (+가동 계획),199.3985,185.50128,199.3985,210.77321
2021-08-11 08:45:00,Chronos-2 (+가동 계획),196.24634,183.99869,196.24634,207.96512
2021-08-11 09:00:00,Chronos-2 (+가동 계획),188.60478,175.03851,188.60478,200.983
2021-08-11 09:15:00,Chronos-2 (+가동 계획),189.43085,176.6695,189.43085,201.65604
2021-08-11 09:30:00,Chronos-2 (+가동 계획),190.24677,177.35266,190.24677,202.74501
2021-08-11 09:45:00,Chronos-2 (+가동 계획),191.83328,177.82019,191.83328,204.1635
2021-08-11 10:00:00,Chronos-2 (+가동 계획),159.79825,145.81949,159.79825,172.77382
2021-08-11 10:15:00,Chronos-2 (+가동 계획),188.04059,174.52689,188.04059,200.24173
2021-08-11 10:30:00,Chronos-2 (+가동 계획),188.07953,174.76544,188.07953,200.10295
2021-08-11 10:45:00,Chronos-2 (+가동 계획),186.80743,173.02689,186.80743,197.91931
2021-08-11 11:00:00,Chronos-2 (+가동 계획),183.87955,170.45825,183.87955,196.02145
2021-08-11 11:15:00,Chronos-2 (+가동 계획),193.1756,179.44858,193.1756,205.14561
2021-08-11 11:30:00,Chronos-2 (+가동 계획),194.58536,179.73099,194.58536,206.3922
2021-08-11 11:45:00,Chronos-2 (+가동 계획),193.2608,179.09204,193.2608,206.71521
2021-08-11 12:00:00,Chronos-2 (+가동 계획),127.25193,112.22977,127.25193,142.26318
2021-08-11 12:15:00,Chronos-2 (+가동 계획),109.73419,95.04683,109.73419,123.00003
2021-08-11 12:30:00,Chronos-2 (+가동 계획),109.03375,94.86075,109.03375,122.75049
2021-08-11 12:45:00,Chronos-2 (+가동 계획),110.47113,95.9068,110.47113,124.79941
2021-08-11 13:00:00,Chronos-2 (+가동 계획),165.85925,149.66833,165.85925,182.18413
2021-08-11 13:15:00,Chronos-2 (+가동 계획),185.65189,169.98938,185.65189,200.9736
2021-08-11 13:30:00,Chronos-2 (+가동 계획),185.93591,171.35062,185.93591,200.83142
2021-08-11 13:45:00,Chronos-2 (+가동 계획),189.85907,174.6835,189.85907,204.68756
2021-08-11 14:00:00,Chronos-2 (+가동 계획),183.44846,166.97736,183.44846,197.66364
2021-08-11 14:15:00,Chronos-2 (+가동 계획),183.28731,166.57816,183.28731,197.3053
2021-08-11 14:30:00,Chronos-2 (+가동 계획),183.13406,165.94177,183.13406,198.63608
2021-08-11 14:45:00,Chronos-2 (+가동 계획),180.78366,163.1077,180.78366,196.0064
2021-08-11 15:00:00,Chronos-2 (+가동 계획),141.6087,124.55832,141.6087,158.27377
2021-08-11 15:15:00,Chronos-2 (+가동 계획),145.21881,127.198425,145.21881,160.89133
2021-08-11 15:30:00,Chronos-2 (+가동 계획),177.91669,158.46811,177.91669,192.68307
2021-08-11 15:45:00,Chronos-2 (+가동 계획),178.68144,160.49593,178.68144,195.1136
2021-08-11 16:00:00,Chronos-2 (+가동 계획),176.4104,159.12906,176.4104,191.49731
2021-08-11 16:15:00,Chronos-2 (+가동 계획),173.08713,156.13522,173.08713,189.06757
2021-08-11 16:30:00,Chronos-2 (+가동 계획),171.48598,153.59726,171.48598,186.87683
2021-08-11 16:45:00,Chronos-2 (+가동 계획),168.91489,150.2174,168.91489,185.02931
2021-08-11 17:00:00,Chronos-2 (+가동 계획),121.802414,105.56548,121.802414,138.27213
2021-08-11 17:15:00,Chronos-2 (+가동 계획),113.439804,97.15939,113.439804,129.45631
2021-08-11 17:30:00,Chronos-2 (+가동 계획),152.57121,134.86655,152.57121,168.495
2021-08-11 17:45:00,Chronos-2 (+가동 계획),166.94698,149.02408,166.94698,183.297
2021-08-11 18:00:00,Chronos-2 (+가동 계획),166.32068,147.97269,166.32068,181.7233
2021-08-11 18:15:00,Chronos-2 (+가동 계획),165.46317,147.1622,165.46317,180.8744
2021-08-11 18:30:00,Chronos-2 (+가동 계획),164.15378,145.22487,164.15378,179.65009
2021-08-11 18:45:00,Chronos-2 (+가동 계획),167.31183,148.50694,167.31183,183.58278
2021-08-11 19:00:00,Chronos-2 (+가동 계획),162.27432,144.33067,162.27432,178.10858
2021-08-11 19:15:00,Chronos-2 (+가동 계획),154.19643,135.57864,154.19643,169.76083
2021-08-11 19:30:00,Chronos-2 (+가동 계획),153.82956,135.7489,153.82956,170.30994
2021-08-11 19:45:00,Chronos-2 (+가동 계획),129.5646,111.15526,129.5646,148.1853
2021-08-11 20:00:00,Chronos-2 (+가동 계획),118.597046,99.6302,118.597046,135.68384
2021-08-11 20:15:00,Chronos-2 (+가동 계획),126.06637,107.95909,126.06637,141.84875
2021-08-11 20:30:00,Chronos-2 (+가동 계획),121.1653,104.18862,121.1653,137.6054
2021-08-11 20:45:00,Chronos-2 (+가동 계획),119.07262,102.09227,119.07262,134.47699
2021-08-11 21:00:00,Chronos-2 (+가동 계획),118.486176,102.47006,118.486176,134.01355
2021-08-11 21:15:00,Chronos-2 (+가동 계획),116.46115,100.21571,116.46115,131.6971
2021-08-11 21:30:00,Chronos-2 (+가동 계획),116.18637,100.234024,116.18637,130.86398
2021-08-11 21:45:00,Chronos-2 (+가동 계획),114.89844,98.70439,114.89844,130.24637
2021-08-11 22:00:00,Chronos-2 (+가동 계획),98.61088,82.91931,98.61088,114.3304
2021-08-11 22:15:00,Chronos-2 (+가동 계획),109.908775,94.29845,109.908775,124.78308
2021-08-11 22:30:00,Chronos-2 (+가동 계획),109.027466,93.869316,109.027466,124.582016
2021-08-11 22:45:00,Chronos-2 (+가동 계획),109.4054,93.90133,109.4054,124.070404
2021-08-11 23:00:00,Chronos-2 (+가동 계획),110.69379,95.8735,110.69379,125.08357
2021-08-11 23:15:00,Chronos-2 (+가동 계획),109.211395,93.65791,109.211395,123.743546
2021-08-11 23:30:00,Chronos-2 (+가동 계획),103.14845,87.53033,103.14845,118.36102
2021-08-11 23:45:00,Chronos-2 (+가동 계획),87.12208,72.69216,87.12208,101.264755
2021-08-12 00:00:00,Chronos-2 (+가동 계획),77.870926,68.059326,77.870926,86.21183
2021-08-12 00:15:00,Chronos-2 (+가동 계획),76.190735,66.57129,76.190735,85.89974
2021-08-12 00:30:00,Chronos-2 (+가동 계획),73.04398,63.043186,73.04398,82.73844
2021-08-12 00:45:00,Chronos-2 (+가동 계획),70.475815,59.87159,70.475815,80.70883
2021-08-12 01:00:00,Chronos-2 (+가동 계획),98.30562,87.73345,98.30562,108.72598
2021-08-12 01:15:00,Chronos-2 (+가동 계획),107.9601,96.813225,107.9601,118.45988
2021-08-12 01:30:00,Chronos-2 (+가동 계획),106.94325,96.34953,106.94325,117.54023
2021-08-12 01:45:00,Chronos-2 (+가동 계획),103.552444,92.683464,103.552444,115.125114
2021-08-12 02:00:00,Chronos-2 (+가동 계획),103.21998,91.690735,103.21998,113.77458
2021-08-12 02:15:00,Chronos-2 (+가동 계획),104.83902,93.55999,104.83902,115.296936
2021-08-12 02:30:00,Chronos-2 (+가동 계획),103.580246,92.57393,103.580246,114.355515
2021-08-12 02:45:00,Chronos-2 (+가동 계획),103.31256,92.15846,103.31256,114.13526
2021-08-12 03:00:00,Chronos-2 (+가동 계획),95.00502,83.67283,95.00502,105.83607
2021-08-12 03:15:00,Chronos-2 (+가동 계획),108.802864,97.656235,108.802864,119.140114
2021-08-12 03:30:00,Chronos-2 (+가동 계획),108.78144,97.40517,108.78144,120.31686
2021-08-12 03:45:00,Chronos-2 (+가동 계획),107.89427,96.84654,107.89427,118.4385
2021-08-12 04:00:00,Chronos-2 (+가동 계획),105.8429,95.356834,105.8429,116.77652
2021-08-12 04:15:00,Chronos-2 (+가동 계획),108.30252,97.96122,108.30252,118.996864
2021-08-12 04:30:00,Chronos-2 (+가동 계획),107.27219,96.31283,107.27219,117.99923
2021-08-12 04:45:00,Chronos-2 (+가동 계획),103.665726,92.176384,103.665726,114.91393
2021-08-12 05:00:00,Chronos-2 (+가동 계획),86.89982,74.96315,86.89982,98.12675
2021-08-12 05:15:00,Chronos-2 (+가동 계획),80.331825,69.14935,80.331825,91.072495
2021-08-12 05:30:00,Chronos-2 (+가동 계획),94.23942,82.47432,94.23942,106.03107
2021-08-12 05:45:00,Chronos-2 (+가동 계획),106.47731,95.18236,106.47731,117.87856
2021-08-12 06:00:00,Chronos-2 (+가동 계획),109.818375,98.029625,109.818375,121.73208
2021-08-12 06:15:00,Chronos-2 (+가동 계획),109.20073,97.125145,109.20073,120.408554
2021-08-12 06:30:00,Chronos-2 (+가동 계획),107.6954,96.07359,107.6954,119.33469
2021-08-12 06:45:00,Chronos-2 (+가동 계획),110.051865,97.91924,110.051865,122.3584
2021-08-12 07:00:00,Chronos-2 (+가동 계획),112.513596,99.928246,112.513596,125.25804
2021-08-12 07:15:00,Chronos-2 (+가동 계획),122.43302,108.345,122.43302,134.54749
2021-08-12 07:30:00,Chronos-2 (+가동 계획),146.9856,133.79106,146.9856,159.56165
2021-08-12 07:45:00,Chronos-2 (+가동 계획),150.49739,136.65526,150.49739,162.84248
2021-08-12 08:00:00,Chronos-2 (+가동 계획),175.33197,161.15323,175.33197,189.51015
2021-08-12 08:15:00,Chronos-2 (+가동 계획),199.6416,186.14615,199.6416,213.23657
2021-08-12 08:30:00,Chronos-2 (+가동 계획),202.77393,188.50659,202.77393,214.80748
2021-08-12 08:45:00,Chronos-2 (+가동 계획),199.7652,187.23392,199.7652,211.84544
2021-08-12 09:00:00,Chronos-2 (+가동 계획),188.9755,175.25145,188.9755,202.05124
2021-08-12 09:15:00,Chronos-2 (+가동 계획),187.59637,174.36383,187.59637,200.23366
2021-08-12 09:30:00,Chronos-2 (+가동 계획),188.7551,175.22885,188.7551,201.21063
2021-08-12 09:45:00,Chronos-2 (+가동 계획),190.96661,176.88785,190.96661,203.7974
2021-08-12 10:00:00,Chronos-2 (+가동 계획),162.95258,148.87416,162.95258,175.97397
2021-08-12 10:15:00,Chronos-2 (+가동 계획),189.66275,176.11298,189.66275,202.28616
2021-08-12 10:30:00,Chronos-2 (+가동 계획),191.05173,177.77097,191.05173,203.65192
2021-08-12 10:45:00,Chronos-2 (+가동 계획),190.29771,176.24501,190.29771,201.9881
2021-08-12 11:00:00,Chronos-2 (+가동 계획),187.23546,173.74136,187.23546,200.01877
2021-08-12 11:15:00,Chronos-2 (+가동 계획),193.4024,179.884,193.4024,205.80527
2021-08-12 11:30:00,Chronos-2 (+가동 계획),195.47,180.36896,195.47,207.92618
2021-08-12 11:45:00,Chronos-2 (+가동 계획),194.22397,179.7445,194.22397,208.56335
2021-08-12 12:00:00,Chronos-2 (+가동 계획),129.22409,114.50571,129.22409,144.68999
2021-08-12 12:15:00,Chronos-2 (+가동 계획),110.08508,95.70336,110.08508,123.76033
2021-08-12 12:30:00,Chronos-2 (+가동 계획),110.89516,96.93999,110.89516,125.14747
2021-08-12 12:45:00,Chronos-2 (+가동 계획),112.59953,98.24615,112.59953,127.29283
2021-08-12 13:00:00,Chronos-2 (+가동 계획),165.746,149.58481,165.746,182.96043
2021-08-12 13:15:00,Chronos-2 (+가동 계획),185.35266,170.01216,185.35266,201.47455
2021-08-12 13:30:00,Chronos-2 (+가동 계획),187.96396,173.38269,187.96396,203.8695
2021-08-12 13:45:00,Chronos-2 (+가동 계획),191.88445,176.89787,191.88445,207.60892
2021-08-12 14:00:00,Chronos-2 (+가동 계획),185.16452,169.63,185.16452,200.16553
2021-08-12 14:15:00,Chronos-2 (+가동 계획),183.00854,167.1347,183.00854,197.7317
2021-08-12 14:30:00,Chronos-2 (+가동 계획),182.6771,166.71764,182.6771,198.75331
2021-08-12 14:45:00,Chronos-2 (+가동 계획),179.97696,162.87924,179.97696,195.55869
2021-08-12 15:00:00,Chronos-2 (+가동 계획),141.13501,125.300446,141.13501,158.34149
2021-08-12 15:15:00,Chronos-2 (+가동 계획),146.45363,129.24937,146.45363,162.29573
2021-08-12 15:30:00,Chronos-2 (+가동 계획),177.12234,158.7167,177.12234,192.04144
2021-08-12 15:45:00,Chronos-2 (+가동 계획),178.54102,161.16103,178.54102,195.45444
2021-08-12 16:00:00,Chronos-2 (+가동 계획),177.52092,161.10005,177.52092,193.6398
2021-08-12 16:15:00,Chronos-2 (+가동 계획),172.63864,155.45212,172.63864,189.23792
2021-08-12 16:30:00,Chronos-2 (+가동 계획),170.94376,152.81688,170.94376,187.2991
2021-08-12 16:45:00,Chronos-2 (+가동 계획),168.40485,149.95139,168.40485,185.73495
2021-08-12 17:00:00,Chronos-2 (+가동 계획),121.78825,105.37131,121.78825,139.62979
2021-08-12 17:15:00,Chronos-2 (+가동 계획),113.89621,97.07883,113.89621,131.43747
2021-08-12 17:30:00,Chronos-2 (+가동 계획),152.98842,134.87117,152.98842,170.10303
2021-08-12 17:45:00,Chronos-2 (+가동 계획),168.51102,150.22885,168.51102,185.85968
2021-08-12 18:00:00,Chronos-2 (+가동 계획),170.08118,151.92969,170.08118,186.75325
2021-08-12 18:15:00,Chronos-2 (+가동 계획),168.53488,150.29694,168.53488,184.87907
2021-08-12 18:30:00,Chronos-2 (+가동 계획),167.79395,148.84367,167.79395,184.33508
2021-08-12 18:45:00,Chronos-2 (+가동 계획),170.18451,151.68634,170.18451,187.19531
2021-08-12 19:00:00,Chronos-2 (+가동 계획),164.15378,146.14555,164.15378,180.83685
2021-08-12 19:15:00,Chronos-2 (+가동 계획),154.6766,135.27353,154.6766,171.3648
2021-08-12 19:30:00,Chronos-2 (+가동 계획),152.66324,134.34799,152.66324,170.2561
2021-08-12 19:45:00,Chronos-2 (+가동 계획),130.01215,111.34667,130.01215,149.07802
2021-08-12 20:00:00,Chronos-2 (+가동 계획),117.769684,100.657745,117.769684,133.50737
2021-08-12 20:15:00,Chronos-2 (+가동 계획),123.65848,107.86839,123.65848,138.1442
2021-08-12 20:30:00,Chronos-2 (+가동 계획),120.22467,105.106026,120.22467,135.28098
2021-08-12 20:45:00,Chronos-2 (+가동 계획),119.05348,103.5236,119.05348,133.30148
2021-08-12 21:00:00,Chronos-2 (+가동 계획),118.183945,103.57661,118.183945,132.68066
2021-08-12 21:15:00,Chronos-2 (+가동 계획),117.03457,102.1057,117.03457,131.46027
2021-08-12 21:30:00,Chronos-2 (+가동 계획),116.489655,101.88284,116.489655,130.61261
2021-08-12 21:45:00,Chronos-2 (+가동 계획),115.77641,100.99251,115.77641,130.3394
2021-08-12 22:00:00,Chronos-2 (+가동 계획),104.27925,88.60721,104.27925,119.021774
2021-08-12 22:15:00,Chronos-2 (+가동 계획),113.66677,98.402855,113.66677,128.06111
2021-08-12 22:30:00,Chronos-2 (+가동 계획),111.75408,97.10251,111.75408,126.36899
2021-08-12 22:45:00,Chronos-2 (+가동 계획),111.59435,96.726494,111.59435,125.414444
2021-08-12 23:00:00,Chronos-2 (+가동 계획),112.448746,97.72452,112.448746,126.253876
2021-08-12 23:15:00,Chronos-2 (+가동 계획),111.59522,96.27233,111.59522,125.7401
2021-08-12 23:30:00,Chronos-2 (+가동 계획),107.6106,92.12487,107.6106,122.470795
2021-08-12 23:45:00,Chronos-2 (+가동 계획),90.96671,75.58323,90.96671,105.631165
2021-08-13 00:00:00,Chronos-2 (+가동 계획),80.51831,71.27417,80.51831,88.26839
2021-08-13 00:15:00,Chronos-2 (+가동 계획),78.917465,70.089615,78.917465,87.76379
2021-08-13 00:30:00,Chronos-2 (+가동 계획),75.46192,66.346756,75.46192,84.17114
2021-08-13 00:45:00,Chronos-2 (+가동 계획),72.36623,62.48673,72.36623,81.486404
2021-08-13 01:00:00,Chronos-2 (+가동 계획),98.99407,89.5152,98.99407,108.347824
2021-08-13 01:15:00,Chronos-2 (+가동 계획),109.20447,99.15192,109.20447,118.52481
2021-08-13 01:30:00,Chronos-2 (+가동 계획),109.94041,100.49897,109.94041,119.22156
2021-08-13 01:45:00,Chronos-2 (+가동 계획),108.20318,98.30409,108.20318,118.0589
2021-08-13 02:00:00,Chronos-2 (+가동 계획),107.506905,97.41548,107.506905,116.764366
2021-08-13 02:15:00,Chronos-2 (+가동 계획),108.66635,98.62758,108.66635,117.90241
2021-08-13 02:30:00,Chronos-2 (+가동 계획),108.35287,98.66195,108.35287,118.166405
2021-08-13 02:45:00,Chronos-2 (+가동 계획),106.95383,96.91851,106.95383,116.69356
2021-08-13 03:00:00,Chronos-2 (+가동 계획),96.77315,86.71901,96.77315,106.33882
2021-08-13 03:15:00,Chronos-2 (+가동 계획),111.38046,101.506615,111.38046,120.444466
2021-08-13 03:30:00,Chronos-2 (+가동 계획),111.26314,101.20206,111.26314,121.233444
2021-08-13 03:45:00,Chronos-2 (+가동 계획),110.01953,100.08844,110.01953,119.347496
2021-08-13 04:00:00,Chronos-2 (+가동 계획),108.715675,99.006744,108.715675,118.73045
2021-08-13 04:15:00,Chronos-2 (+가동 계획),110.702,101.08094,110.702,120.11523
2021-08-13 04:30:00,Chronos-2 (+가동 계획),108.8414,98.73852,108.8414,118.63718
2021-08-13 04:45:00,Chronos-2 (+가동 계획),103.06743,92.64797,103.06743,113.275085
2021-08-13 05:00:00,Chronos-2 (+가동 계획),86.918,75.884605,86.918,97.26991
2021-08-13 05:15:00,Chronos-2 (+가동 계획),82.06662,71.61478,82.06662,91.8468
2021-08-13 05:30:00,Chronos-2 (+가동 계획),96.572556,86.14178,96.572556,107.17048
2021-08-13 05:45:00,Chronos-2 (+가동 계획),108.62046,98.22414,108.62046,118.947754
2021-08-13 06:00:00,Chronos-2 (+가동 계획),112.48539,101.66836,112.48539,123.0892
2021-08-13 06:15:00,Chronos-2 (+가동 계획),110.87768,99.80494,110.87768,121.00696
2021-08-13 06:30:00,Chronos-2 (+가동 계획),109.65226,99.33597,109.65226,120.15454
2021-08-13 06:45:00,Chronos-2 (+가동 계획),110.3713,99.33881,110.3713,121.53455
2021-08-13 07:00:00,Chronos-2 (+가동 계획),112.68532,101.133484,112.68532,124.22908
2021-08-13 07:15:00,Chronos-2 (+가동 계획),122.80072,109.854,122.80072,133.93971
2021-08-13 07:30:00,Chronos-2 (+가동 계획),148.44426,136.43283,148.44426,160.10245
2021-08-13 07:45:00,Chronos-2 (+가동 계획),152.68378,140.00209,152.68378,164.07065
2021-08-13 08:00:00,Chronos-2 (+가동 계획),174.73958,162.1047,174.73958,187.68611
2021-08-13 08:15:00,Chronos-2 (+가동 계획),199.89795,187.73203,199.89795,212.12973
2021-08-13 08:30:00,Chronos-2 (+가동 계획),202.44257,189.4324,202.44257,213.16064
2021-08-13 08:45:00,Chronos-2 (+가동 계획),198.9534,187.75247,198.9534,209.90796
2021-08-13 09:00:00,Chronos-2 (+가동 계획),188.38617,175.80777,188.38617,200.43774
2021-08-13 09:15:00,Chronos-2 (+가동 계획),187.55838,175.81412,187.55838,198.89322
2021-08-13 09:30:00,Chronos-2 (+가동 계획),188.91702,176.68562,188.91702,200.04367
2021-08-13 09:45:00,Chronos-2 (+가동 계획),189.65862,176.939,189.65862,201.01682
2021-08-13 10:00:00,Chronos-2 (+가동 계획),162.56055,149.81442,162.56055,174.43497
2021-08-13 10:15:00,Chronos-2 (+가동 계획),188.83432,176.61165,188.83432,200.19316
2021-08-13 10:30:00,Chronos-2 (+가동 계획),190.2639,178.46643,190.2639,201.39749
2021-08-13 10:45:00,Chronos-2 (+가동 계획),189.66122,177.19293,189.66122,199.8935
2021-08-13 11:00:00,Chronos-2 (+가동 계획),187.11388,175.32115,187.11388,198.58537
2021-08-13 11:15:00,Chronos-2 (+가동 계획),193.69604,181.95483,193.69604,204.70474
2021-08-13 11:30:00,Chronos-2 (+가동 계획),196.9668,184.20407,196.9668,207.94211
2021-08-13 11:45:00,Chronos-2 (+가동 계획),195.83104,183.45715,195.83104,208.47687
2021-08-13 12:00:00,Chronos-2 (+가동 계획),128.50916,114.94636,128.50916,143.0269
2021-08-13 12:15:00,Chronos-2 (+가동 계획),111.65047,97.96604,111.65047,124.64944
2021-08-13 12:30:00,Chronos-2 (+가동 계획),112.13649,98.9027,112.13649,125.69494
2021-08-13 12:45:00,Chronos-2 (+가동 계획),114.06373,100.1315,114.06373,127.93106
2021-08-13 13:00:00,Chronos-2 (+가동 계획),164.14215,148.55019,164.14215,180.72867
2021-08-13 13:15:00,Chronos-2 (+가동 계획),181.0261,165.87018,181.0261,196.30157
2021-08-13 13:30:00,Chronos-2 (+가동 계획),186.86777,173.44257,186.86777,201.81308
2021-08-13 13:45:00,Chronos-2 (+가동 계획),192.4266,178.06665,192.4266,207.42339
2021-08-13 14:00:00,Chronos-2 (+가동 계획),185.40909,170.62277,185.40909,199.26903
2021-08-13 14:15:00,Chronos-2 (+가동 계획),183.62479,168.44075,183.62479,197.24911
2021-08-13 14:30:00,Chronos-2 (+가동 계획),185.28345,170.67331,185.28345,200.1691
2021-08-13 14:45:00,Chronos-2 (+가동 계획),182.91907,167.19698,182.91907,197.2994
2021-08-13 15:00:00,Chronos-2 (+가동 계획),142.64136,128.1906,142.64136,158.75153
2021-08-13 15:15:00,Chronos-2 (+가동 계획),148.88669,132.81967,148.88669,163.66989
2021-08-13 15:30:00,Chronos-2 (+가동 계획),181.37444,164.71712,181.37444,195.25131
2021-08-13 15:45:00,Chronos-2 (+가동 계획),183.33153,166.6373,183.33153,199.01611
2021-08-13 16:00:00,Chronos-2 (+가동 계획),180.94177,164.8695,180.94177,195.74132
2021-08-13 16:15:00,Chronos-2 (+가동 계획),176.06036,159.6352,176.06036,191.74039
2021-08-13 16:30:00,Chronos-2 (+가동 계획),174.60138,157.48213,174.60138,189.68797
2021-08-13 16:45:00,Chronos-2 (+가동 계획),170.32297,153.01628,170.32297,186.4355
2021-08-13 17:00:00,Chronos-2 (+가동 계획),123.136475,107.67943,123.136475,140.04729
2021-08-13 17:15:00,Chronos-2 (+가동 계획),115.54262,99.58855,115.54262,132.2784
2021-08-13 17:30:00,Chronos-2 (+가동 계획),156.5441,139.89815,156.5441,172.31708
2021-08-13 17:45:00,Chronos-2 (+가동 계획),171.81001,155.07573,171.81001,187.6939
2021-08-13 18:00:00,Chronos-2 (+가동 계획),172.53287,155.71323,172.53287,187.71161
2021-08-13 18:15:00,Chronos-2 (+가동 계획),171.73941,154.88612,171.73941,186.62335
2021-08-13 18:30:00,Chronos-2 (+가동 계획),170.51288,153.21954,170.51288,185.85919
2021-08-13 18:45:00,Chronos-2 (+가동 계획),170.93074,153.6554,170.93074,186.34589
2021-08-13 19:00:00,Chronos-2 (+가동 계획),164.2569,147.6238,164.2569,179.61679
2021-08-13 19:15:00,Chronos-2 (+가동 계획),156.07631,138.36006,156.07631,171.46819
2021-08-13 19:30:00,Chronos-2 (+가동 계획),151.97775,135.21149,151.97775,168.30826
2021-08-13 19:45:00,Chronos-2 (+가동 계획),126.411606,110.02082,126.411606,143.45462
2021-08-13 20:00:00,Chronos-2 (+가동 계획),114.03987,99.10074,114.03987,128.10223
2021-08-13 20:15:00,Chronos-2 (+가동 계획),118.96738,105.47948,118.96738,131.92032
2021-08-13 20:30:00,Chronos-2 (+가동 계획),117.02267,103.834694,117.02267,130.11652
2021-08-13 20:45:00,Chronos-2 (+가동 계획),115.5993,102.135025,115.5993,128.10373
2021-08-13 21:00:00,Chronos-2 (+가동 계획),114.4241,101.709816,114.4241,127.17638
2021-08-13 21:15:00,Chronos-2 (+가동 계획),113.67056,100.758286,113.67056,126.45889
2021-08-13 21:30:00,Chronos-2 (+가동 계획),113.860886,101.189186,113.860886,126.210754
2021-08-13 21:45:00,Chronos-2 (+가동 계획),112.38704,99.75057,112.38704,125.38244
2021-08-13 22:00:00,Chronos-2 (+가동 계획),102.180786,88.57801,102.180786,115.0134
2021-08-13 22:15:00,Chronos-2 (+가동 계획),110.55676,97.3285,110.55676,123.02107
2021-08-13 22:30:00,Chronos-2 (+가동 계획),110.03799,97.0981,110.03799,122.84188
2021-08-13 22:45:00,Chronos-2 (+가동 계획),110.32094,97.30077,110.32094,122.611984
2021-08-13 23:00:00,Chronos-2 (+가동 계획),110.95226,97.92538,110.95226,123.18134
2021-08-13 23:15:00,Chronos-2 (+가동 계획),110.512825,97.03847,110.512825,122.9916
2021-08-13 23:30:00,Chronos-2 (+가동 계획),105.56953,91.90617,105.56953,118.62463
2021-08-13 23:45:00,Chronos-2 (+가동 계획),86.30755,72.82121,86.30755,99.11102
2021-08-14 00:00:00,Chronos-2 (+가동 계획),62.48426,51.75215,62.48426,72.63635
2021-08-14 00:15:00,Chronos-2 (+가동 계획),62.061707,50.425842,62.061707,72.62368
2021-08-14 00:30:00,Chronos-2 (+가동 계획),60.464577,48.375088,60.464577,71.52191
2021-08-14 00:45:00,Chronos-2 (+가동 계획),62.324173,48.763264,62.324173,74.02506
2021-08-14 01:00:00,Chronos-2 (+가동 계획),90.40544,76.96598,90.40544,100.33498
2021-08-14 01:15:00,Chronos-2 (+가동 계획),97.480515,84.35512,97.480515,107.32785
2021-08-14 01:30:00,Chronos-2 (+가동 계획),98.04431,84.26648,98.04431,108.14578
2021-08-14 01:45:00,Chronos-2 (+가동 계획),97.77634,83.38799,97.77634,108.03313
2021-08-14 02:00:00,Chronos-2 (+가동 계획),97.768616,83.91944,97.768616,107.49365
2021-08-14 02:15:00,Chronos-2 (+가동 계획),97.51355,84.35208,97.51355,107.144005
2021-08-14 02:30:00,Chronos-2 (+가동 계획),93.96401,80.43928,93.96401,104.02908
2021-08-14 02:45:00,Chronos-2 (+가동 계획),92.362144,78.687965,92.362144,102.4817
2021-08-14 03:00:00,Chronos-2 (+가동 계획),86.36073,69.65831,86.36073,97.70731
2021-08-14 03:15:00,Chronos-2 (+가동 계획),96.71899,81.38295,96.71899,106.407364
2021-08-14 03:30:00,Chronos-2 (+가동 계획),98.44183,83.562416,98.44183,109.69849
2021-08-14 03:45:00,Chronos-2 (+가동 계획),98.76353,82.593025,98.76353,109.16911
2021-08-14 04:00:00,Chronos-2 (+가동 계획),98.69187,88.20143,98.69187,108.39206
2021-08-14 04:15:00,Chronos-2 (+가동 계획),97.40762,86.52084,97.40762,107.27786
2021-08-14 04:30:00,Chronos-2 (+가동 계획),97.98931,87.28461,97.98931,107.910065
2021-08-14 04:45:00,Chronos-2 (+가동 계획),95.01955,83.05035,95.01955,104.278244
2021-08-14 05:00:00,Chronos-2 (+가동 계획),83.841324,72.07788,83.841324,93.47111
2021-08-14 05:15:00,Chronos-2 (+가동 계획),80.22315,66.420685,80.22315,90.577934
2021-08-14 05:30:00,Chronos-2 (+가동 계획),89.8551,77.38695,89.8551,100.52597
2021-08-14 05:45:00,Chronos-2 (+가동 계획),95.59624,83.61161,95.59624,106.05844
2021-08-14 06:00:00,Chronos-2 (+가동 계획),95.2827,83.13217,95.2827,105.839966
2021-08-14 06:15:00,Chronos-2 (+가동 계획),93.26086,80.52163,93.26086,103.84981
2021-08-14 06:30:00,Chronos-2 (+가동 계획),92.58341,80.10319,92.58341,103.254745
2021-08-14 06:45:00,Chronos-2 (+가동 계획),91.93661,79.8609,91.93661,102.72805
2021-08-14 07:00:00,Chronos-2 (+가동 계획),88.94082,76.22857,88.94082,101.100685
2021-08-14 07:15:00,Chronos-2 (+가동 계획),76.164665,59.37131,76.164665,91.99828
2021-08-14 07:30:00,Chronos-2 (+가동 계획),39.521656,27.661797,39.521656,63.053177
2021-08-14 07:45:00,Chronos-2 (+가동 계획),28.29182,18.622795,28.29182,42.60129
2021-08-14 08:00:00,Chronos-2 (+가동 계획),24.616585,22.226814,24.616585,27.01223
2021-08-14 08:15:00,Chronos-2 (+가동 계획),24.133606,21.758018,24.133606,26.54615
2021-08-14 08:30:00,Chronos-2 (+가동 계획),24.09861,21.749619,24.09861,26.126274
2021-08-14 08:45:00,Chronos-2 (+가동 계획),23.951294,21.528633,23.951294,26.159943
2021-08-14 09:00:00,Chronos-2 (+가동 계획),23.935524,21.87104,23.935524,26.302883
2021-08-14 09:15:00,Chronos-2 (+가동 계획),24.258331,21.749756,24.258331,26.63261
2021-08-14 09:30:00,Chronos-2 (+가동 계획),24.322113,21.70279,24.322113,26.743065
2021-08-14 09:45:00,Chronos-2 (+가동 계획),23.822655,21.356377,23.822655,26.600136
2021-08-14 10:00:00,Chronos-2 (+가동 계획),24.275711,22.12342,24.275711,26.476212
2021-08-14 10:15:00,Chronos-2 (+가동 계획),24.126625,21.82235,24.126625,26.479565
2021-08-14 10:30:00,Chronos-2 (+가동 계획),24.104721,21.61158,24.104721,26.864674
2021-08-14 10:45:00,Chronos-2 (+가동 계획),24.292534,22.020569,24.292534,26.991024
2021-08-14 11:00:00,Chronos-2 (+가동 계획),24.371696,22.15763,24.371696,27.10902
2021-08-14 11:15:00,Chronos-2 (+가동 계획),24.362724,22.198387,24.362724,26.944302
2021-08-14 11:30:00,Chronos-2 (+가동 계획),24.126274,21.890633,24.126274,26.951447
2021-08-14 11:45:00,Chronos-2 (+가동 계획),24.218292,22.014626,24.218292,26.754585
2021-08-14 12:00:00,Chronos-2 (+가동 계획),24.184181,21.756042,24.184181,26.824337
2021-08-14 12:15:00,Chronos-2 (+가동 계획),24.32235,21.975945,24.32235,26.204845
2021-08-14 12:30:00,Chronos-2 (+가동 계획),24.277267,21.977745,24.277267,25.750343
2021-08-14 12:45:00,Chronos-2 (+가동 계획),24.473228,22.152763,24.473228,26.195938
2021-08-14 13:00:00,Chronos-2 (+가동 계획),23.82222,21.983482,23.82222,26.054203
2021-08-14 13:15:00,Chronos-2 (+가동 계획),23.947899,21.828499,23.947899,26.344631
2021-08-14 13:30:00,Chronos-2 (+가동 계획),24.095009,21.914093,24.095009,26.469097
2021-08-14 13:45:00,Chronos-2 (+가동 계획),23.796982,21.66462,23.796982,26.411533
2021-08-14 14:00:00,Chronos-2 (+가동 계획),23.991447,21.98973,23.991447,26.222507
2021-08-14 14:15:00,Chronos-2 (+가동 계획),23.99665,21.935692,23.99665,26.198368
2021-08-14 14:30:00,Chronos-2 (+가동 계획),24.06765,21.815742,24.06765,26.780441
2021-08-14 14:45:00,Chronos-2 (+가동 계획),24.154785,22.018631,24.154785,26.70174
2021-08-14 15:00:00,Chronos-2 (+가동 계획),24.59111,22.576172,24.59111,26.868279
2021-08-14 15:15:00,Chronos-2 (+가동 계획),24.185074,22.283249,24.185074,26.265549
2021-08-14 15:30:00,Chronos-2 (+가동 계획),24.084778,22.048134,24.084778,26.475796
2021-08-14 15:45:00,Chronos-2 (+가동 계획),23.843575,21.893272,23.843575,26.483223
2021-08-14 16:00:00,Chronos-2 (+가동 계획),24.712143,22.33725,24.712143,27.569035
2021-08-14 16:15:00,Chronos-2 (+가동 계획),24.604263,22.228195,24.604263,27.43325
2021-08-14 16:30:00,Chronos-2 (+가동 계획),24.646088,22.097565,24.646088,27.126305
2021-08-14 16:45:00,Chronos-2 (+가동 계획),24.580498,22.10733,24.580498,27.30962
2021-08-14 17:00:00,Chronos-2 (+가동 계획),24.485489,22.359825,24.485489,27.301846
2021-08-14 17:15:00,Chronos-2 (+가동 계획),24.904388,22.355576,24.904388,27.54401
2021-08-14 17:30:00,Chronos-2 (+가동 계획),24.596138,22.059845,24.596138,27.57463
2021-08-14 17:45:00,Chronos-2 (+가동 계획),24.28495,21.789001,24.28495,27.626358
2021-08-14 18:00:00,Chronos-2 (+가동 계획),24.497757,22.226585,24.497757,27.577862
2021-08-14 18:15:00,Chronos-2 (+가동 계획),24.44899,22.014091,24.44899,27.55568
2021-08-14 18:30:00,Chronos-2 (+가동 계획),24.663918,22.106102,24.663918,28.247135
2021-08-14 18:45:00,Chronos-2 (+가동 계획),24.746056,22.366081,24.746056,28.064156
2021-08-14 19:00:00,Chronos-2 (+가동 계획),24.660408,22.406342,24.660408,27.89711
2021-08-14 19:15:00,Chronos-2 (+가동 계획),24.739319,22.611519,24.739319,27.390583
2021-08-14 19:30:00,Chronos-2 (+가동 계획),24.39991,22.29303,24.39991,27.11444
2021-08-14 19:45:00,Chronos-2 (+가동 계획),24.53595,22.283752,24.53595,27.093815
2021-08-14 20:00:00,Chronos-2 (+가동 계획),25.064415,22.685654,25.064415,27.344349
2021-08-14 20:15:00,Chronos-2 (+가동 계획),24.786469,22.499,24.786469,27.298927
2021-08-14 20:30:00,Chronos-2 (+가동 계획),24.847755,22.322441,24.847755,27.094978
2021-08-14 20:45:00,Chronos-2 (+가동 계획),24.816032,22.386383,24.816032,27.39125
2021-08-14 21:00:00,Chronos-2 (+가동 계획),24.608192,22.510582,24.608192,27.473557
2021-08-14 21:15:00,Chronos-2 (+가동 계획),25.048714,22.61029,25.048714,27.863914
2021-08-14 21:30:00,Chronos-2 (+가동 계획),25.004173,22.608337,25.004173,27.923717
2021-08-14 21:45:00,Chronos-2 (+가동 계획),24.695717,22.210083,24.695717,27.715519
2021-08-14 22:00:00,Chronos-2 (+가동 계획),24.849579,22.78897,24.849579,27.559898
2021-08-14 22:15:00,Chronos-2 (+가동 계획),24.832642,22.508766,24.832642,27.605312
2021-08-14 22:30:00,Chronos-2 (+가동 계획),24.971542,22.543137,24.971542,28.223648
2021-08-14 22:45:00,Chronos-2 (+가동 계획),24.90953,22.64605,24.90953,27.933155
2021-08-14 23:00:00,Chronos-2 (+가동 계획),24.918488,22.771744,24.918488,28.132122
2021-08-14 23:15:00,Chronos-2 (+가동 계획),24.894379,22.825722,24.894379,27.887798
2021-08-14 23:30:00,Chronos-2 (+가동 계획),24.591301,22.649994,24.591301,27.548145
2021-08-14 23:45:00,Chronos-2 (+가동 계획),25.007957,22.86834,25.007957,27.580212
2021-08-15 00:00:00,Chronos-2 (+가동 계획),22.525528,21.165497,22.525528,23.831299
2021-08-15 00:15:00,Chronos-2 (+가동 계획),22.418106,21.25969,22.418106,23.674675
2021-08-15 00:30:00,Chronos-2 (+가동 계획),22.478355,21.24765,22.478355,23.469307
2021-08-15 00:45:00,Chronos-2 (+가동 계획),22.403175,21.092209,22.403175,23.452133
2021-08-15 01:00:00,Chronos-2 (+가동 계획),22.30526,21.284256,22.30526,23.645615
2021-08-15 01:15:00,Chronos-2 (+가동 계획),22.521576,21.287682,22.521576,23.889565
2021-08-15 01:30:00,Chronos-2 (+가동 계획),22.536331,21.5783,22.536331,23.663803
2021-08-15 01:45:00,Chronos-2 (+가동 계획),22.413536,21.305687,22.413536,23.709396
2021-08-15 02:00:00,Chronos-2 (+가동 계획),22.36345,21.295792,22.36345,23.628044
2021-08-15 02:15:00,Chronos-2 (+가동 계획),22.612625,21.337463,22.612625,23.739555
2021-08-15 02:30:00,Chronos-2 (+가동 계획),22.601799,21.378288,22.601799,23.54692
2021-08-15 02:45:00,Chronos-2 (+가동 계획),22.714653,21.444618,22.714653,23.923286
2021-08-15 03:00:00,Chronos-2 (+가동 계획),22.854729,21.601273,22.854729,24.134148
2021-08-15 03:15:00,Chronos-2 (+가동 계획),22.835533,21.436775,22.835533,23.979652
2021-08-15 03:30:00,Chronos-2 (+가동 계획),22.529175,21.46157,22.529175,23.738739
2021-08-15 03:45:00,Chronos-2 (+가동 계획),22.483955,21.369019,22.483955,23.729523
2021-08-15 04:00:00,Chronos-2 (+가동 계획),22.668274,21.382423,22.668274,23.959465
2021-08-15 04:15:00,Chronos-2 (+가동 계획),22.600525,21.419563,22.600525,23.927032
2021-08-15 04:30:00,Chronos-2 (+가동 계획),22.60936,21.292946,22.60936,23.712227
2021-08-15 04:45:00,Chronos-2 (+가동 계획),22.443443,21.14367,22.443443,23.59983
2021-08-15 05:00:00,Chronos-2 (+가동 계획),22.362068,21.340363,22.362068,23.665268
2021-08-15 05:15:00,Chronos-2 (+가동 계획),22.52221,21.320091,22.52221,23.839043
2021-08-15 05:30:00,Chronos-2 (+가동 계획),22.558434,21.584793,22.558434,23.662216
2021-08-15 05:45:00,Chronos-2 (+가동 계획),22.466614,21.347916,22.466614,23.779282
2021-08-15 06:00:00,Chronos-2 (+가동 계획),22.428467,21.374092,22.428467,23.681953
2021-08-15 06:15:00,Chronos-2 (+가동 계획),22.64991,21.402046,22.64991,23.87455
2021-08-15 06:30:00,Chronos-2 (+가동 계획),22.636322,21.44355,22.636322,23.620735
2021-08-15 06:45:00,Chronos-2 (+가동 계획),22.731667,21.532654,22.731667,23.86705
2021-08-15 07:00:00,Chronos-2 (+가동 계획),22.886353,21.595848,22.886353,24.206345
2021-08-15 07:15:00,Chronos-2 (+가동 계획),22.87117,21.488052,22.87117,24.07808
2021-08-15 07:30:00,Chronos-2 (+가동 계획),22.518356,21.43496,22.518356,23.789139
2021-08-15 07:45:00,Chronos-2 (+가동 계획),22.579826,21.419746,22.579826,23.918343
2021-08-15 08:00:00,Chronos-2 (+가동 계획),22.783234,21.513008,22.783234,24.143639
2021-08-15 08:15:00,Chronos-2 (+가동 계획),22.718147,21.508102,22.718147,24.133553
2021-08-15 08:30:00,Chronos-2 (+가동 계획),22.765488,21.420387,22.765488,23.982666
2021-08-15 08:45:00,Chronos-2 (+가동 계획),22.637245,21.281395,22.637245,23.889244
2021-08-15 09:00:00,Chronos-2 (+가동 계획),22.602509,21.4245,22.602509,23.937576
2021-08-15 09:15:00,Chronos-2 (+가동 계획),22.822456,21.469666,22.822456,24.224098
2021-08-15 09:30:00,Chronos-2 (+가동 계획),22.849243,21.776512,22.849243,24.042511
2021-08-15 09:45:00,Chronos-2 (+가동 계획),22.723701,21.55558,22.723701,24.03231
2021-08-15 10:00:00,Chronos-2 (+가동 계획),22.598671,21.552673,22.598671,23.837502
2021-08-15 10:15:00,Chronos-2 (+가동 계획),22.86229,21.572517,22.86229,24.050674
2021-08-15 10:30:00,Chronos-2 (+가동 계획),22.855186,21.595848,22.855186,23.911415
2021-08-15 10:45:00,Chronos-2 (+가동 계획),23.006157,21.773613,23.006157,24.162758
2021-08-15 11:00:00,Chronos-2 (+가동 계획),23.180946,21.862534,23.180946,24.485931
2021-08-15 11:15:00,Chronos-2 (+가동 계획),23.166801,21.729263,23.166801,24.419724
2021-08-15 11:30:00,Chronos-2 (+가동 계획),22.78946,21.64199,22.78946,24.08525
2021-08-15 11:45:00,Chronos-2 (+가동 계획),22.748009,21.558685,22.748009,23.984787
2021-08-15 12:00:00,Chronos-2 (+가동 계획),22.836739,21.4944,22.836739,24.139954
2021-08-15 12:15:00,Chronos-2 (+가동 계획),22.703743,21.496597,22.703743,24.019493
2021-08-15 12:30:00,Chronos-2 (+가동 계획),22.735146,21.443138,22.735146,23.797646
2021-08-15 12:45:00,Chronos-2 (+가동 계획),22.642075,21.282166,22.642075,23.7249
2021-08-15 13:00:00,Chronos-2 (+가동 계획),22.53975,21.429695,22.53975,23.78672
2021-08-15 13:15:00,Chronos-2 (+가동 계획),22.760963,21.455887,22.760963,24.105705
2021-08-15 13:30:00,Chronos-2 (+가동 계획),22.788177,21.733154,22.788177,23.896332
2021-08-15 13:45:00,Chronos-2 (+가동 계획),22.694717,21.481644,22.694717,23.954376
2021-08-15 14:00:00,Chronos-2 (+가동 계획),22.598732,21.531052,22.598732,23.868843
2021-08-15 14:15:00,Chronos-2 (+가동 계획),22.85707,21.592888,22.85707,24.028252
2021-08-15 14:30:00,Chronos-2 (+가동 계획),22.842384,21.646011,22.842384,23.859795
2021-08-15 14:45:00,Chronos-2 (+가동 계획),22.98619,21.764618,22.98619,24.115822
2021-08-15 15:00:00,Chronos-2 (+가동 계획),23.141716,21.90718,23.141716,24.421051
2021-08-15 15:15:00,Chronos-2 (+가동 계획),23.135048,21.68586,23.135048,24.309288
2021-08-15 15:30:00,Chronos-2 (+가동 계획),22.794327,21.69902,22.794327,24.011284
2021-08-15 15:45:00,Chronos-2 (+가동 계획),22.771591,21.628075,22.771591,24.03144
2021-08-15 16:00:00,Chronos-2 (+가동 계획),22.90599,21.554909,22.90599,24.341957
2021-08-15 16:15:00,Chronos-2 (+가동 계획),22.780502,21.568718,22.780502,24.217445
2021-08-15 16:30:00,Chronos-2 (+가동 계획),22.756584,21.439682,22.756584,23.94725
2021-08-15 16:45:00,Chronos-2 (+가동 계획),22.679504,21.31289,22.679504,23.826454
2021-08-15 17:00:00,Chronos-2 (+가동 계획),22.496193,21.524658,22.496193,23.800682
2021-08-15 17:15:00,Chronos-2 (+가동 계획),22.745728,21.480896,22.745728,24.093185
2021-08-15 17:30:00,Chronos-2 (+가동 계획),22.801003,21.85968,22.801003,23.919388
2021-08-15 17:45:00,Chronos-2 (+가동 계획),22.696083,21.484535,22.696083,23.994888
2021-08-15 18:00:00,Chronos-2 (+가동 계획),22.60469,21.536232,22.60469,23.90239
2021-08-15 18:15:00,Chronos-2 (+가동 계획),22.820572,21.525322,22.820572,24.052711
2021-08-15 18:30:00,Chronos-2 (+가동 계획),22.79712,21.594948,22.79712,23.884941
2021-08-15 18:45:00,Chronos-2 (+가동 계획),22.93734,21.757965,22.93734,24.065773
2021-08-15 19:00:00,Chronos-2 (+가동 계획),23.149628,21.87088,23.149628,24.434273
2021-08-15 19:15:00,Chronos-2 (+가동 계획),23.150803,21.67749,23.150803,24.36164
2021-08-15 19:30:00,Chronos-2 (+가동 계획),22.716492,21.692657,22.716492,23.95842
2021-08-15 19:45:00,Chronos-2 (+가동 계획),22.765533,21.578949,22.765533,24.019882
2021-08-15 20:00:00,Chronos-2 (+가동 계획),22.881416,21.540611,22.881416,24.229538
2021-08-15 20:15:00,Chronos-2 (+가동 계획),22.739029,21.597832,22.739029,24.04747
2021-08-15 20:30:00,Chronos-2 (+가동 계획),22.783264,21.553764,22.783264,23.829346
2021-08-15 20:45:00,Chronos-2 (+가동 계획),22.765884,21.5262,22.765884,23.831238
2021-08-15 21:00:00,Chronos-2 (+가동 계획),22.595879,21.551544,22.595879,23.875427
2021-08-15 21:15:00,Chronos-2 (+가동 계획),22.850365,21.61309,22.850365,24.237465
2021-08-15 21:30:00,Chronos-2 (+가동 계획),22.882942,22.039307,22.882942,24.0253
2021-08-15 21:45:00,Chronos-2 (+가동 계획),22.771347,21.72094,22.771347,24.03318
2021-08-15 22:00:00,Chronos-2 (+가동 계획),22.663795,21.702553,22.663795,23.850876
2021-08-15 22:15:00,Chronos-2 (+가동 계획),23.016167,21.666115,23.016167,24.080849
2021-08-15 22:30:00,Chronos-2 (+가동 계획),22.91629,21.71888,22.91629,23.91729
2021-08-15 22:45:00,Chronos-2 (+가동 계획),23.056229,21.84842,23.056229,24.133072
2021-08-15 23:00:00,Chronos-2 (+가동 계획),23.258148,21.952805,23.258148,24.45884
2021-08-15 23:15:00,Chronos-2 (+가동 계획),23.220528,21.842407,23.220528,24.335281
2021-08-15 23:30:00,Chronos-2 (+가동 계획),22.826996,21.628601,22.826996,24.014519
2021-08-15 23:45:00,Chronos-2 (+가동 계획),22.781319,21.579819,22.781319,23.923965
2021-08-16 00:00:00,Chronos-2 (+가동 계획),22.124382,20.63314,22.124382,23.783478
2021-08-16 00:15:00,Chronos-2 (+가동 계획),22.068947,20.621902,22.068947,23.714066
2021-08-16 00:30:00,Chronos-2 (+가동 계획),22.064919,20.711258,22.064919,23.377598
2021-08-16 00:45:00,Chronos-2 (+가동 계획),21.935143,20.498466,21.935143,23.385609
2021-08-16 01:00:00,Chronos-2 (+가동 계획),21.803291,20.620056,21.803291,23.277122
2021-08-16 01:15:00,Chronos-2 (+가동 계획),22.033707,20.714737,22.033707,23.757652
2021-08-16 01:30:00,Chronos-2 (+가동 계획),22.007957,20.945213,22.007957,23.514347
2021-08-16 01:45:00,Chronos-2 (+가동 계획),21.84877,20.658394,21.84877,23.53984
2021-08-16 02:00:00,Chronos-2 (+가동 계획),21.745964,20.552628,21.745964,23.326397
2021-08-16 02:15:00,Chronos-2 (+가동 계획),21.936317,20.560684,21.936317,23.485886
2021-08-16 02:30:00,Chronos-2 (+가동 계획),21.928268,20.679115,21.928268,23.041924
2021-08-16 02:45:00,Chronos-2 (+가동 계획),21.980461,20.747925,21.980461,23.413555
2021-08-16 03:00:00,Chronos-2 (+가동 계획),22.061966,20.823746,22.061966,23.623821
2021-08-16 03:15:00,Chronos-2 (+가동 계획),22.057358,20.623817,22.057358,23.431225
2021-08-16 03:30:00,Chronos-2 (+가동 계획),21.655983,20.620888,21.655983,23.106377
2021-08-16 03:45:00,Chronos-2 (+가동 계획),21.737076,20.558228,21.737076,23.140247
2021-08-16 04:00:00,Chronos-2 (+가동 계획),23.072968,20.562294,23.072968,24.972668
2021-08-16 04:15:00,Chronos-2 (+가동 계획),22.365677,20.199898,22.365677,24.380375
2021-08-16 04:30:00,Chronos-2 (+가동 계획),22.28843,19.919716,22.28843,23.982182
2021-08-16 04:45:00,Chronos-2 (+가동 계획),22.39132,20.016136,22.39132,24.287785
2021-08-16 05:00:00,Chronos-2 (+가동 계획),22.266006,20.421799,22.266006,24.177155
2021-08-16 05:15:00,Chronos-2 (+가동 계획),22.338661,20.075745,22.338661,23.94125
2021-08-16 05:30:00,Chronos-2 (+가동 계획),22.320992,20.185608,22.320992,24.241726
2021-08-16 05:45:00,Chronos-2 (+가동 계획),22.234299,19.976448,22.234299,24.589432
2021-08-16 06:00:00,Chronos-2 (+가동 계획),22.33049,20.25084,22.33049,24.095657
2021-08-16 06:15:00,Chronos-2 (+가동 계획),22.216347,19.669884,22.216347,23.995358
2021-08-16 06:30:00,Chronos-2 (+가동 계획),22.342438,19.688057,22.342438,24.179443
2021-08-16 06:45:00,Chronos-2 (+가동 계획),22.536865,19.92553,22.536865,25.345467
2021-08-16 07:00:00,Chronos-2 (+가동 계획),24.496372,20.902039,24.496372,30.013943
2021-08-16 07:15:00,Chronos-2 (+가동 계획),43.342037,29.882923,43.342037,58.002808
2021-08-16 07:30:00,Chronos-2 (+가동 계획),79.75536,64.19774,79.75536,93.699196
2021-08-16 07:45:00,Chronos-2 (+가동 계획),127.27939,108.87431,127.27939,143.42949
2021-08-16 08:00:00,Chronos-2 (+가동 계획),180.14633,161.2756,180.14633,193.78372
2021-08-16 08:15:00,Chronos-2 (+가동 계획),201.8979,186.79846,201.8979,214.84538
2021-08-16 08:30:00,Chronos-2 (+가동 계획),201.2106,186.18338,201.2106,212.68118
2021-08-16 08:45:00,Chronos-2 (+가동 계획),193.04095,178.51735,193.04095,205.2626
2021-08-16 09:00:00,Chronos-2 (+가동 계획),183.23335,168.66754,183.23335,196.73102
2021-08-16 09:15:00,Chronos-2 (+가동 계획),180.83395,165.75224,180.83395,192.89575
2021-08-16 09:30:00,Chronos-2 (+가동 계획),182.83167,167.95697,182.83167,194.7557
2021-08-16 09:45:00,Chronos-2 (+가동 계획),180.05008,164.36899,180.05008,192.40009
2021-08-16 10:00:00,Chronos-2 (+가동 계획),161.85516,144.69302,161.85516,176.021
2021-08-16 10:15:00,Chronos-2 (+가동 계획),187.9546,171.2094,187.9546,199.60733
2021-08-16 10:30:00,Chronos-2 (+가동 계획),192.9082,175.65572,192.9082,206.15384
2021-08-16 10:45:00,Chronos-2 (+가동 계획),191.172,174.59305,191.172,203.59302
2021-08-16 11:00:00,Chronos-2 (+가동 계획),187.31216,171.06543,187.31216,200.47208
2021-08-16 11:15:00,Chronos-2 (+가동 계획),189.40616,172.77042,189.40616,202.19064
2021-08-16 11:30:00,Chronos-2 (+가동 계획),187.81499,170.25128,187.81499,200.02376
2021-08-16 11:45:00,Chronos-2 (+가동 계획),178.53044,159.89856,178.53044,193.30331
2021-08-16 12:00:00,Chronos-2 (+가동 계획),126.25871,108.05246,126.25871,143.84564
2021-08-16 12:15:00,Chronos-2 (+가동 계획),107.53092,88.96603,107.53092,123.89496
2021-08-16 12:30:00,Chronos-2 (+가동 계획),108.26679,90.55471,108.26679,123.56119
2021-08-16 12:45:00,Chronos-2 (+가동 계획),113.94449,94.900894,113.94449,130.31946
2021-08-16 13:00:00,Chronos-2 (+가동 계획),159.37192,140.93022,159.37192,176.2504
2021-08-16 13:15:00,Chronos-2 (+가동 계획),179.73734,161.88351,179.73734,194.8057
2021-08-16 13:30:00,Chronos-2 (+가동 계획),183.12239,168.31946,183.12239,197.60571
2021-08-16 13:45:00,Chronos-2 (+가동 계획),182.69138,165.47095,182.69138,196.76785
2021-08-16 14:00:00,Chronos-2 (+가동 계획),181.45563,163.30725,181.45563,195.21303
2021-08-16 14:15:00,Chronos-2 (+가동 계획),183.5376,165.81134,183.5376,197.18515
2021-08-16 14:30:00,Chronos-2 (+가동 계획),180.25708,161.48126,180.25708,195.20041
2021-08-16 14:45:00,Chronos-2 (+가동 계획),173.8898,154.91222,173.8898,187.7401
2021-08-16 15:00:00,Chronos-2 (+가동 계획),137.75818,119.50061,137.75818,154.26697
2021-08-16 15:15:00,Chronos-2 (+가동 계획),143.49081,125.517944,143.49081,157.85657
2021-08-16 15:30:00,Chronos-2 (+가동 계획),174.73026,156.6773,174.73026,187.62689
2021-08-16 15:45:00,Chronos-2 (+가동 계획),177.63441,160.15213,177.63441,192.48047
2021-08-16 16:00:00,Chronos-2 (+가동 계획),173.7207,152.19449,173.7207,189.0339
2021-08-16 16:15:00,Chronos-2 (+가동 계획),173.41974,154.14537,173.41974,188.50183
2021-08-16 16:30:00,Chronos-2 (+가동 계획),176.01509,155.59065,176.01509,190.57318
2021-08-16 16:45:00,Chronos-2 (+가동 계획),168.04718,144.1204,168.04718,184.3334
2021-08-16 17:00:00,Chronos-2 (+가동 계획),127.18004,104.71199,127.18004,145.57242
2021-08-16 17:15:00,Chronos-2 (+가동 계획),119.9121,95.25423,119.9121,142.11322
2021-08-16 17:30:00,Chronos-2 (+가동 계획),156.15048,131.36209,156.15048,173.44202
2021-08-16 17:45:00,Chronos-2 (+가동 계획),174.55727,150.23425,174.55727,192.14215
2021-08-16 18:00:00,Chronos-2 (+가동 계획),176.13571,151.82776,176.13571,191.78964
2021-08-16 18:15:00,Chronos-2 (+가동 계획),172.74026,149.52863,172.74026,187.74997
2021-08-16 18:30:00,Chronos-2 (+가동 계획),167.61823,144.03958,167.61823,182.91287
2021-08-16 18:45:00,Chronos-2 (+가동 계획),165.14294,144.58244,165.14294,179.33044
2021-08-16 19:00:00,Chronos-2 (+가동 계획),162.91437,142.98892,162.91437,177.43811
2021-08-16 19:15:00,Chronos-2 (+가동 계획),158.34729,136.79959,158.34729,172.79034
2021-08-16 19:30:00,Chronos-2 (+가동 계획),145.76466,124.966675,145.76466,162.05324
2021-08-16 19:45:00,Chronos-2 (+가동 계획),115.94835,96.17031,115.94835,131.91771
2021-08-16 20:00:00,Chronos-2 (+가동 계획),105.42581,87.4017,105.42581,120.23885
2021-08-16 20:15:00,Chronos-2 (+가동 계획),110.33531,92.83048,110.33531,124.097336
2021-08-16 20:30:00,Chronos-2 (+가동 계획),113.62298,95.783356,113.62298,127.17934
2021-08-16 20:45:00,Chronos-2 (+가동 계획),113.60325,94.5598,113.60325,126.90834
2021-08-16 21:00:00,Chronos-2 (+가동 계획),113.07127,95.140366,113.07127,126.58572
2021-08-16 21:15:00,Chronos-2 (+가동 계획),112.69462,94.79602,112.69462,125.34036
2021-08-16 21:30:00,Chronos-2 (+가동 계획),110.65228,93.91676,110.65228,122.81819
2021-08-16 21:45:00,Chronos-2 (+가동 계획),107.02759,90.511505,107.02759,119.569534
2021-08-16 22:00:00,Chronos-2 (+가동 계획),101.35719,83.61295,101.35719,113.729675
2021-08-16 22:15:00,Chronos-2 (+가동 계획),105.57905,89.95878,105.57905,117.29607
2021-08-16 22:30:00,Chronos-2 (+가동 계획),107.53264,91.34037,107.53264,119.89299
2021-08-16 22:45:00,Chronos-2 (+가동 계획),108.678024,93.99233,108.678024,120.02314
2021-08-16 23:00:00,Chronos-2 (+가동 계획),108.39581,93.821396,108.39581,119.54796
2021-08-16 23:15:00,Chronos-2 (+가동 계획),106.27988,90.770676,106.27988,117.16536
2021-08-16 23:30:00,Chronos-2 (+가동 계획),95.05759,78.123535,95.05759,107.63978
2021-08-16 23:45:00,Chronos-2 (+가동 계획),77.19407,59.462685,77.19407,90.6738
2021-08-17 00:00:00,Chronos-2 (+가동 계획),78.97664,69.44726,78.97664,85.67329
2021-08-17 00:15:00,Chronos-2 (+가동 계획),74.46375,65.478966,74.46375,82.34864
2021-08-17 00:30:00,Chronos-2 (+가동 계획),70.7405,61.17016,70.7405,78.85689
2021-08-17 00:45:00,Chronos-2 (+가동 계획),68.93886,58.513676,68.93886,77.98076
2021-08-17 01:00:00,Chronos-2 (+가동 계획),94.69192,84.64322,94.69192,103.93967
2021-08-17 01:15:00,Chronos-2 (+가동 계획),100.3005,90.19026,100.3005,110.05647
2021-08-17 01:30:00,Chronos-2 (+가동 계획),100.13849,90.363045,100.13849,109.81526
2021-08-17 01:45:00,Chronos-2 (+가동 계획),98.2268,88.068474,98.2268,108.86566
2021-08-17 02:00:00,Chronos-2 (+가동 계획),99.34699,88.41424,99.34699,108.94577
2021-08-17 02:15:00,Chronos-2 (+가동 계획),99.562805,88.41795,99.562805,109.40803
2021-08-17 02:30:00,Chronos-2 (+가동 계획),98.35471,86.929276,98.35471,108.43545
2021-08-17 02:45:00,Chronos-2 (+가동 계획),99.24811,87.9037,99.24811,109.81775
2021-08-17 03:00:00,Chronos-2 (+가동 계획),93.08409,81.10482,93.08409,103.34057
2021-08-17 03:15:00,Chronos-2 (+가동 계획),102.973404,91.75156,102.973404,112.63238
2021-08-17 03:30:00,Chronos-2 (+가동 계획),103.59212,92.37024,103.59212,115.0748
2021-08-17 03:45:00,Chronos-2 (+가동 계획),102.25696,90.50701,102.25696,112.67884
2021-08-17 04:00:00,Chronos-2 (+가동 계획),102.25998,90.29022,102.25998,112.911804
2021-08-17 04:15:00,Chronos-2 (+가동 계획),103.53486,91.54408,103.53486,114.10562
2021-08-17 04:30:00,Chronos-2 (+가동 계획),101.76383,89.309135,101.76383,112.46803
2021-08-17 04:45:00,Chronos-2 (+가동 계획),99.50722,85.56567,99.50722,111.006454
2021-08-17 05:00:00,Chronos-2 (+가동 계획),85.642784,72.33678,85.642784,96.26238
2021-08-17 05:15:00,Chronos-2 (+가동 계획),81.23052,68.30346,81.23052,91.20714
2021-08-17 05:30:00,Chronos-2 (+가동 계획),91.92102,78.749695,91.92102,102.871445
2021-08-17 05:45:00,Chronos-2 (+가동 계획),100.57274,86.559654,100.57274,111.579544
2021-08-17 06:00:00,Chronos-2 (+가동 계획),103.41847,89.41402,103.41847,114.82907
2021-08-17 06:15:00,Chronos-2 (+가동 계획),104.36652,90.50137,104.36652,115.54025
2021-08-17 06:30:00,Chronos-2 (+가동 계획),103.55383,89.291824,103.55383,114.45886
2021-08-17 06:45:00,Chronos-2 (+가동 계획),106.16669,90.61667,106.16669,118.07559
2021-08-17 07:00:00,Chronos-2 (+가동 계획),110.02162,93.20533,110.02162,122.69017
2021-08-17 07:15:00,Chronos-2 (+가동 계획),117.95592,100.02845,117.95592,131.9313
2021-08-17 07:30:00,Chronos-2 (+가동 계획),134.77391,114.43585,134.77391,151.01788
2021-08-17 07:45:00,Chronos-2 (+가동 계획),134.88531,112.540985,134.88531,152.20944
2021-08-17 08:00:00,Chronos-2 (+가동 계획),159.78844,112.99419,159.78844,185.28908
2021-08-17 08:15:00,Chronos-2 (+가동 계획),181.64102,130.15216,181.64102,206.8927
2021-08-17 08:30:00,Chronos-2 (+가동 계획),182.82509,126.72224,182.82509,207.2746
2021-08-17 08:45:00,Chronos-2 (+가동 계획),180.25055,125.31108,180.25055,204.46306
2021-08-17 09:00:00,Chronos-2 (+가동 계획),175.6127,121.200165,175.6127,200.26187
2021-08-17 09:15:00,Chronos-2 (+가동 계획),173.74069,117.219154,173.74069,199.17908
2021-08-17 09:30:00,Chronos-2 (+가동 계획),175.11722,116.63929,175.11722,200.24683
2021-08-17 09:45:00,Chronos-2 (+가동 계획),176.84476,117.732376,176.84476,202.83783
2021-08-17 10:00:00,Chronos-2 (+가동 계획),150.99695,98.739655,150.99695,177.78818
2021-08-17 10:15:00,Chronos-2 (+가동 계획),175.34842,114.788956,175.34842,200.51096
2021-08-17 10:30:00,Chronos-2 (+가동 계획),176.26978,115.811066,176.26978,201.06458
2021-08-17 10:45:00,Chronos-2 (+가동 계획),173.99051,113.046005,173.99051,198.60922
2021-08-17 11:00:00,Chronos-2 (+가동 계획),171.60695,110.735466,171.60695,196.73987
2021-08-17 11:15:00,Chronos-2 (+가동 계획),175.9039,112.02684,175.9039,200.69827
2021-08-17 11:30:00,Chronos-2 (+가동 계획),176.63416,111.307144,176.63416,202.09642
2021-08-17 11:45:00,Chronos-2 (+가동 계획),174.58954,109.24211,174.58954,201.1769
2021-08-17 12:00:00,Chronos-2 (+가동 계획),121.03468,85.19227,121.03468,150.69922
2021-08-17 12:15:00,Chronos-2 (+가동 계획),107.41627,76.68676,107.41627,131.36766
2021-08-17 12:30:00,Chronos-2 (+가동 계획),108.531685,76.120735,108.531685,132.38686
2021-08-17 12:45:00,Chronos-2 (+가동 계획),109.62215,75.249626,109.62215,136.18575
2021-08-17 13:00:00,Chronos-2 (+가동 계획),154.7356,101.73548,154.7356,186.09323
2021-08-17 13:15:00,Chronos-2 (+가동 계획),169.47015,109.89576,169.47015,199.03745
2021-08-17 13:30:00,Chronos-2 (+가동 계획),170.48923,106.574814,170.48923,198.58008
2021-08-17 13:45:00,Chronos-2 (+가동 계획),172.99826,107.28775,172.99826,203.95189
2021-08-17 14:00:00,Chronos-2 (+가동 계획),169.34769,105.91174,169.34769,199.43246
2021-08-17 14:15:00,Chronos-2 (+가동 계획),167.2633,104.516846,167.2633,195.05542
2021-08-17 14:30:00,Chronos-2 (+가동 계획),168.84537,106.76863,168.84537,197.18246
2021-08-17 14:45:00,Chronos-2 (+가동 계획),165.8165,105.43202,165.8165,194.63135
2021-08-17 15:00:00,Chronos-2 (+가동 계획),137.61574,86.59316,137.61574,166.63144
2021-08-17 15:15:00,Chronos-2 (+가동 계획),142.80695,90.6236,142.80695,170.50568
2021-08-17 15:30:00,Chronos-2 (+가동 계획),163.49417,101.338486,163.49417,193.4314
2021-08-17 15:45:00,Chronos-2 (+가동 계획),167.0604,101.67943,167.0604,201.7432
2021-08-17 16:00:00,Chronos-2 (+가동 계획),170.51126,108.68261,170.51126,198.78214
2021-08-17 16:15:00,Chronos-2 (+가동 계획),164.41418,107.420616,164.41418,195.0051
2021-08-17 16:30:00,Chronos-2 (+가동 계획),160.56482,103.687706,160.56482,190.06625
2021-08-17 16:45:00,Chronos-2 (+가동 계획),158.77783,102.70032,158.77783,187.34134
2021-08-17 17:00:00,Chronos-2 (+가동 계획),120.01915,78.73689,120.01915,147.94357
2021-08-17 17:15:00,Chronos-2 (+가동 계획),113.34914,73.974945,113.34914,141.70332
2021-08-17 17:30:00,Chronos-2 (+가동 계획),144.0582,92.16495,144.0582,173.276
2021-08-17 17:45:00,Chronos-2 (+가동 계획),156.54782,96.51024,156.54782,185.99979
2021-08-17 18:00:00,Chronos-2 (+가동 계획),157.5279,96.35152,157.5279,186.15521
2021-08-17 18:15:00,Chronos-2 (+가동 계획),157.16348,95.793564,157.16348,183.97702
2021-08-17 18:30:00,Chronos-2 (+가동 계획),154.56421,94.69254,154.56421,182.81049
2021-08-17 18:45:00,Chronos-2 (+가동 계획),155.35367,95.67857,155.35367,183.40813
2021-08-17 19:00:00,Chronos-2 (+가동 계획),151.335,92.96743,151.335,179.66049
2021-08-17 19:15:00,Chronos-2 (+가동 계획),145.66772,89.27563,145.66772,174.45477
2021-08-17 19:30:00,Chronos-2 (+가동 계획),142.94876,86.082375,142.94876,169.70276
2021-08-17 19:45:00,Chronos-2 (+가동 계획),127.36025,80.103455,127.36025,155.17825
2021-08-17 20:00:00,Chronos-2 (+가동 계획),114.296234,89.70489,114.296234,133.58167
2021-08-17 20:15:00,Chronos-2 (+가동 계획),118.26936,94.3414,118.26936,137.09511
2021-08-17 20:30:00,Chronos-2 (+가동 계획),115.80058,91.98472,115.80058,135.24208
2021-08-17 20:45:00,Chronos-2 (+가동 계획),115.6203,91.622856,115.6203,133.5779
2021-08-17 21:00:00,Chronos-2 (+가동 계획),114.587395,91.36332,114.587395,133.4779
2021-08-17 21:15:00,Chronos-2 (+가동 계획),113.31097,89.65297,113.31097,131.07088
2021-08-17 21:30:00,Chronos-2 (+가동 계획),112.81927,89.24928,112.81927,130.00189
2021-08-17 21:45:00,Chronos-2 (+가동 계획),111.86539,88.55517,111.86539,129.27817
2021-08-17 22:00:00,Chronos-2 (+가동 계획),101.93379,80.73867,101.93379,119.39495
2021-08-17 22:15:00,Chronos-2 (+가동 계획),107.85985,86.02956,107.85985,125.028244
2021-08-17 22:30:00,Chronos-2 (+가동 계획),106.31441,84.32901,106.31441,123.69739
2021-08-17 22:45:00,Chronos-2 (+가동 계획),106.912445,85.12508,106.912445,123.37105
2021-08-17 23:00:00,Chronos-2 (+가동 계획),107.53424,86.232605,107.53424,123.94528
2021-08-17 23:15:00,Chronos-2 (+가동 계획),106.51271,85.52737,106.51271,122.64183
2021-08-17 23:30:00,Chronos-2 (+가동 계획),103.54933,81.51382,103.54933,120.15636
2021-08-17 23:45:00,Chronos-2 (+가동 계획),87.54992,67.867035,87.54992,103.03895
2021-08-18 00:00:00,Chronos-2 (+가동 계획),82.38911,73.99293,82.38911,89.31523
2021-08-18 00:15:00,Chronos-2 (+가동 계획),79.32704,71.19459,79.32704,87.23946
2021-08-18 00:30:00,Chronos-2 (+가동 계획),75.51317,67.2233,75.51317,83.49668
2021-08-18 00:45:00,Chronos-2 (+가동 계획),73.028,64.01625,73.028,81.48184
2021-08-18 01:00:00,Chronos-2 (+가동 계획),97.349106,88.545105,97.349106,106.19452
2021-08-18 01:15:00,Chronos-2 (+가동 계획),106.8218,97.508026,106.8218,115.68932
2021-08-18 01:30:00,Chronos-2 (+가동 계획),107.58528,98.85367,107.58528,116.32236
2021-08-18 01:45:00,Chronos-2 (+가동 계획),105.7418,96.55991,105.7418,115.18832
2021-08-18 02:00:00,Chronos-2 (+가동 계획),105.408295,96.137314,105.408295,114.17571
2021-08-18 02:15:00,Chronos-2 (+가동 계획),106.10925,96.70104,106.10925,114.97839
2021-08-18 02:30:00,Chronos-2 (+가동 계획),105.39081,96.246475,105.39081,114.55561
2021-08-18 02:45:00,Chronos-2 (+가동 계획),105.979576,96.57803,105.979576,115.27854
2021-08-18 03:00:00,Chronos-2 (+가동 계획),98.0482,88.40237,98.0482,107.23217
2021-08-18 03:15:00,Chronos-2 (+가동 계획),107.898605,98.13582,107.898605,116.727005
2021-08-18 03:30:00,Chronos-2 (+가동 계획),108.134995,98.41542,108.134995,118.223495
2021-08-18 03:45:00,Chronos-2 (+가동 계획),106.40886,96.87521,106.40886,115.48601
2021-08-18 04:00:00,Chronos-2 (+가동 계획),103.17573,93.62835,103.17573,112.94855
2021-08-18 04:15:00,Chronos-2 (+가동 계획),105.31674,95.882515,105.31674,115.033905
2021-08-18 04:30:00,Chronos-2 (+가동 계획),104.24724,94.15319,104.24724,114.23538
2021-08-18 04:45:00,Chronos-2 (+가동 계획),101.48567,90.76538,101.48567,111.483574
2021-08-18 05:00:00,Chronos-2 (+가동 계획),84.52952,74.10057,84.52952,94.5355
2021-08-18 05:15:00,Chronos-2 (+가동 계획),79.889465,70.05623,79.889465,89.19644
2021-08-18 05:30:00,Chronos-2 (+가동 계획),92.87978,82.66661,92.87978,103.09109
2021-08-18 05:45:00,Chronos-2 (+가동 계획),104.00886,93.802444,104.00886,114.02336
2021-08-18 06:00:00,Chronos-2 (+가동 계획),106.76846,95.94211,106.76846,117.557945
2021-08-18 06:15:00,Chronos-2 (+가동 계획),105.8542,94.91779,105.8542,116.03784
2021-08-18 06:30:00,Chronos-2 (+가동 계획),105.25011,94.69046,105.25011,115.62058
2021-08-18 06:45:00,Chronos-2 (+가동 계획),107.00705,95.88467,107.00705,118.103714
2021-08-18 07:00:00,Chronos-2 (+가동 계획),108.29731,96.37933,108.29731,119.81144
2021-08-18 07:15:00,Chronos-2 (+가동 계획),116.11952,102.90843,116.11952,127.96277
2021-08-18 07:30:00,Chronos-2 (+가동 계획),139.3132,124.713684,139.3132,152.37115
2021-08-18 07:45:00,Chronos-2 (+가동 계획),142.94507,128.65778,142.94507,156.58563
2021-08-18 08:00:00,Chronos-2 (+가동 계획),160.48425,141.91481,160.48425,177.75119
2021-08-18 08:15:00,Chronos-2 (+가동 계획),180.14487,160.62099,180.14487,198.74005
2021-08-18 08:30:00,Chronos-2 (+가동 계획),181.51434,160.90625,181.51434,199.54077
2021-08-18 08:45:00,Chronos-2 (+가동 계획),178.45514,157.2617,178.45514,196.04459
2021-08-18 09:00:00,Chronos-2 (+가동 계획),169.8875,150.48175,169.8875,187.73132
2021-08-18 09:15:00,Chronos-2 (+가동 계획),170.13257,151.43536,170.13257,187.42603
2021-08-18 09:30:00,Chronos-2 (+가동 계획),171.46304,152.80316,171.46304,188.75978
2021-08-18 09:45:00,Chronos-2 (+가동 계획),172.18314,152.20517,172.18314,189.29327
2021-08-18 10:00:00,Chronos-2 (+가동 계획),145.14105,126.69695,145.14105,162.42122
2021-08-18 10:15:00,Chronos-2 (+가동 계획),170.93161,151.06613,170.93161,187.89279
2021-08-18 10:30:00,Chronos-2 (+가동 계획),170.865,150.3363,170.865,187.69989
2021-08-18 10:45:00,Chronos-2 (+가동 계획),169.56747,150.35382,169.56747,185.82886
2021-08-18 11:00:00,Chronos-2 (+가동 계획),167.98929,149.14691,167.98929,184.86282
2021-08-18 11:15:00,Chronos-2 (+가동 계획),173.59357,152.3339,173.59357,191.38824
2021-08-18 11:30:00,Chronos-2 (+가동 계획),175.8356,155.01315,175.8356,193.53448
2021-08-18 11:45:00,Chronos-2 (+가동 계획),175.50821,152.98851,175.50821,194.94202
2021-08-18 12:00:00,Chronos-2 (+가동 계획),119.52023,101.82514,119.52023,137.5779
2021-08-18 12:15:00,Chronos-2 (+가동 계획),104.38436,87.66346,104.38436,119.38541
2021-08-18 12:30:00,Chronos-2 (+가동 계획),105.434235,88.07824,105.434235,120.978165
2021-08-18 12:45:00,Chronos-2 (+가동 계획),108.75042,90.47225,108.75042,126.12807
2021-08-18 13:00:00,Chronos-2 (+가동 계획),153.38083,130.2329,153.38083,173.96481
2021-08-18 13:15:00,Chronos-2 (+가동 계획),167.81665,145.22952,167.81665,188.477
2021-08-18 13:30:00,Chronos-2 (+가동 계획),170.46973,148.02753,170.46973,191.02101
2021-08-18 13:45:00,Chronos-2 (+가동 계획),174.16148,150.47902,174.16148,194.47583
2021-08-18 14:00:00,Chronos-2 (+가동 계획),170.47607,146.71426,170.47607,190.85117
2021-08-18 14:15:00,Chronos-2 (+가동 계획),167.73904,143.81152,167.73904,187.27014
2021-08-18 14:30:00,Chronos-2 (+가동 계획),167.11304,142.59857,167.11304,187.38815
2021-08-18 14:45:00,Chronos-2 (+가동 계획),164.46945,141.09608,164.46945,184.37048
2021-08-18 15:00:00,Chronos-2 (+가동 계획),131.73975,109.820755,131.73975,152.48526
2021-08-18 15:15:00,Chronos-2 (+가동 계획),138.96165,117.257484,138.96165,158.42746
2021-08-18 15:30:00,Chronos-2 (+가동 계획),162.2615,138.12717,162.2615,181.68759
2021-08-18 15:45:00,Chronos-2 (+가동 계획),162.66031,137.32402,162.66031,184.36508
2021-08-18 16:00:00,Chronos-2 (+가동 계획),161.37445,138.24728,161.37445,180.15468
2021-08-18 16:15:00,Chronos-2 (+가동 계획),157.99211,134.97878,157.99211,177.27861
2021-08-18 16:30:00,Chronos-2 (+가동 계획),157.42685,134.30453,157.42685,176.60031
2021-08-18 16:45:00,Chronos-2 (+가동 계획),155.32089,131.5045,155.32089,175.4366
2021-08-18 17:00:00,Chronos-2 (+가동 계획),116.45087,96.04624,116.45087,136.0163
2021-08-18 17:15:00,Chronos-2 (+가동 계획),108.1832,88.70232,108.1832,127.90632
2021-08-18 17:30:00,Chronos-2 (+가동 계획),142.85844,118.5923,142.85844,163.05927
2021-08-18 17:45:00,Chronos-2 (+가동 계획),154.34293,128.45059,154.34293,175.06798
2021-08-18 18:00:00,Chronos-2 (+가동 계획),155.47989,130.13756,155.47989,175.39362
2021-08-18 18:15:00,Chronos-2 (+가동 계획),155.51364,131.9968,155.51364,174.96487
2021-08-18 18:30:00,Chronos-2 (+가동 계획),154.30905,130.22159,154.30905,173.50366
2021-08-18 18:45:00,Chronos-2 (+가동 계획),154.99432,132.4699,154.99432,174.23193
2021-08-18 19:00:00,Chronos-2 (+가동 계획),149.36441,128.16109,149.36441,167.97806
2021-08-18 19:15:00,Chronos-2 (+가동 계획),141.40018,119.48741,141.40018,160.11278
2021-08-18 19:30:00,Chronos-2 (+가동 계획),137.15665,115.12015,137.15665,156.47586
2021-08-18 19:45:00,Chronos-2 (+가동 계획),119.323006,98.28752,119.323006,138.60501
2021-08-18 20:00:00,Chronos-2 (+가동 계획),111.583855,95.11593,111.583855,126.75244
2021-08-18 20:15:00,Chronos-2 (+가동 계획),117.60208,102.029526,117.60208,131.63008
2021-08-18 20:30:00,Chronos-2 (+가동 계획),115.88078,100.901985,115.88078,130.13501
2021-08-18 20:45:00,Chronos-2 (+가동 계획),114.83578,99.82692,114.83578,128.3215
2021-08-18 21:00:00,Chronos-2 (+가동 계획),113.15776,98.56424,113.15776,127.086876
2021-08-18 21:15:00,Chronos-2 (+가동 계획),109.7563,95.360565,109.7563,123.27989
2021-08-18 21:30:00,Chronos-2 (+가동 계획),109.896965,95.80017,109.896965,123.09248
2021-08-18 21:45:00,Chronos-2 (+가동 계획),109.641655,95.445724,109.641655,123.34788
2021-08-18 22:00:00,Chronos-2 (+가동 계획),98.94122,84.42659,98.94122,112.19856
2021-08-18 22:15:00,Chronos-2 (+가동 계획),107.07392,92.73433,107.07392,120.233444
2021-08-18 22:30:00,Chronos-2 (+가동 계획),106.82661,92.494865,106.82661,120.19185
2021-08-18 22:45:00,Chronos-2 (+가동 계획),106.860504,92.921364,106.860504,119.9703
2021-08-18 23:00:00,Chronos-2 (+가동 계획),107.25462,93.167305,107.25462,120.277176
2021-08-18 23:15:00,Chronos-2 (+가동 계획),104.82565,90.525246,104.82565,117.98544
2021-08-18 23:30:00,Chronos-2 (+가동 계획),101.556755,86.956566,101.556755,114.84625
2021-08-18 23:45:00,Chronos-2 (+가동 계획),82.64895,69.1214,82.64895,95.22734
2021-08-19 00:00:00,Chronos-2 (+가동 계획),80.70302,71.016136,80.70302,88.855225
2021-08-19 00:15:00,Chronos-2 (+가동 계획),77.60411,68.62321,77.60411,86.57574
2021-08-19 00:30:00,Chronos-2 (+가동 계획),74.791824,65.86995,74.791824,83.62546
2021-08-19 00:45:00,Chronos-2 (+가동 계획),72.07335,62.663883,72.07335,81.36101
2021-08-19 01:00:00,Chronos-2 (+가동 계획),95.15576,85.7121,95.15576,104.82708
2021-08-19 01:15:00,Chronos-2 (+가동 계획),105.38462,95.29944,105.38462,115.44559
2021-08-19 01:30:00,Chronos-2 (+가동 계획),106.6364,96.976326,106.6364,116.6175
2021-08-19 01:45:00,Chronos-2 (+가동 계획),105.67914,95.76473,105.67914,116.18329
2021-08-19 02:00:00,Chronos-2 (+가동 계획),105.2419,95.17944,105.2419,114.99113
2021-08-19 02:15:00,Chronos-2 (+가동 계획),106.189995,96.10844,106.189995,115.90486
2021-08-19 02:30:00,Chronos-2 (+가동 계획),105.34424,95.50949,105.34424,115.35883
2021-08-19 02:45:00,Chronos-2 (+가동 계획),105.54531,95.473465,105.54531,115.79357
2021-08-19 03:00:00,Chronos-2 (+가동 계획),94.414696,83.868126,94.414696,104.39218
2021-08-19 03:15:00,Chronos-2 (+가동 계획),105.56596,95.09285,105.56596,115.68439
2021-08-19 03:30:00,Chronos-2 (+가동 계획),106.97762,96.29878,106.97762,118.0314
2021-08-19 03:45:00,Chronos-2 (+가동 계획),105.89134,95.68053,105.89134,116.046036
2021-08-19 04:00:00,Chronos-2 (+가동 계획),102.90764,93.31325,102.90764,113.10521
2021-08-19 04:15:00,Chronos-2 (+가동 계획),104.39266,94.93857,104.39266,114.61029
2021-08-19 04:30:00,Chronos-2 (+가동 계획),104.16403,93.92204,104.16403,114.61044
2021-08-19 04:45:00,Chronos-2 (+가동 계획),101.007324,90.14227,101.007324,111.387566
2021-08-19 05:00:00,Chronos-2 (+가동 계획),82.44373,72.09262,82.44373,92.80711
2021-08-19 05:15:00,Chronos-2 (+가동 계획),77.993454,68.25614,77.993454,87.72748
2021-08-19 05:30:00,Chronos-2 (+가동 계획),93.00149,82.5114,93.00149,103.6879
2021-08-19 05:45:00,Chronos-2 (+가동 계획),104.39821,93.93937,104.39821,114.93684
2021-08-19 06:00:00,Chronos-2 (+가동 계획),107.167946,96.323166,107.167946,118.22876
2021-08-19 06:15:00,Chronos-2 (+가동 계획),106.601166,95.61057,106.601166,117.033554
2021-08-19 06:30:00,Chronos-2 (+가동 계획),105.45628,94.99991,105.45628,115.83999
2021-08-19 06:45:00,Chronos-2 (+가동 계획),108.32869,97.11664,108.32869,119.18624
2021-08-19 07:00:00,Chronos-2 (+가동 계획),109.214935,97.59865,109.214935,120.523285
2021-08-19 07:15:00,Chronos-2 (+가동 계획),117.82281,105.19064,117.82281,129.44617
2021-08-19 07:30:00,Chronos-2 (+가동 계획),142.48961,129.28835,142.48961,154.79364
2021-08-19 07:45:00,Chronos-2 (+가동 계획),145.82895,132.17451,145.82895,158.66583
2021-08-19 08:00:00,Chronos-2 (+가동 계획),165.2526,149.22693,165.2526,181.01645
2021-08-19 08:15:00,Chronos-2 (+가동 계획),184.62868,168.59894,184.62868,200.13702
2021-08-19 08:30:00,Chronos-2 (+가동 계획),188.02423,170.9862,188.02423,202.82858
2021-08-19 08:45:00,Chronos-2 (+가동 계획),184.33066,168.5187,184.33066,198.84843
2021-08-19 09:00:00,Chronos-2 (+가동 계획),176.57083,160.93695,176.57083,191.65428
2021-08-19 09:15:00,Chronos-2 (+가동 계획),175.66422,160.28998,175.66422,190.389
2021-08-19 09:30:00,Chronos-2 (+가동 계획),176.3053,160.7746,176.3053,190.84363
2021-08-19 09:45:00,Chronos-2 (+가동 계획),177.02463,160.35327,177.02463,191.82492
2021-08-19 10:00:00,Chronos-2 (+가동 계획),148.1404,132.98035,148.1404,163.5333
2021-08-19 10:15:00,Chronos-2 (+가동 계획),176.19426,160.08603,176.19426,190.87126
2021-08-19 10:30:00,Chronos-2 (+가동 계획),177.26392,161.07149,177.26392,191.94104
2021-08-19 10:45:00,Chronos-2 (+가동 계획),177.14093,161.06372,177.14093,191.10583
2021-08-19 11:00:00,Chronos-2 (+가동 계획),174.88454,159.07556,174.88454,189.51163
2021-08-19 11:15:00,Chronos-2 (+가동 계획),179.2522,162.67624,179.2522,193.85056
2021-08-19 11:30:00,Chronos-2 (+가동 계획),183.82968,166.8906,183.82968,198.95119
2021-08-19 11:45:00,Chronos-2 (+가동 계획),182.04189,165.63373,182.04189,198.13431
2021-08-19 12:00:00,Chronos-2 (+가동 계획),120.099335,104.80577,120.099335,136.3996
2021-08-19 12:15:00,Chronos-2 (+가동 계획),103.80331,88.81505,103.80331,117.96048
2021-08-19 12:30:00,Chronos-2 (+가동 계획),106.33585,90.909874,106.33585,121.23541
2021-08-19 12:45:00,Chronos-2 (+가동 계획),112.77881,96.71855,112.77881,128.33533
2021-08-19 13:00:00,Chronos-2 (+가동 계획),158.3675,140.27786,158.3675,177.14114
2021-08-19 13:15:00,Chronos-2 (+가동 계획),172.8634,154.32751,172.8634,191.2522
2021-08-19 13:30:00,Chronos-2 (+가동 계획),176.17749,158.69885,176.17749,194.58821
2021-08-19 13:45:00,Chronos-2 (+가동 계획),180.02307,161.14363,180.02307,198.01653
2021-08-19 14:00:00,Chronos-2 (+가동 계획),176.07361,157.84933,176.07361,193.22427
2021-08-19 14:15:00,Chronos-2 (+가동 계획),172.66106,153.2356,172.66106,189.71027
2021-08-19 14:30:00,Chronos-2 (+가동 계획),173.88284,154.19464,173.88284,192.2611
2021-08-19 14:45:00,Chronos-2 (+가동 계획),173.08081,152.45615,173.08081,191.40056
2021-08-19 15:00:00,Chronos-2 (+가동 계획),135.39136,116.4946,135.39136,154.46487
2021-08-19 15:15:00,Chronos-2 (+가동 계획),148.84589,128.95393,148.84589,166.77914
2021-08-19 15:30:00,Chronos-2 (+가동 계획),172.61484,151.6154,172.61484,190.8558
2021-08-19 15:45:00,Chronos-2 (+가동 계획),174.50827,154.61975,174.50827,193.16544
2021-08-19 16:00:00,Chronos-2 (+가동 계획),171.40945,152.33185,171.40945,188.37354
2021-08-19 16:15:00,Chronos-2 (+가동 계획),166.43933,147.7026,166.43933,183.95653
2021-08-19 16:30:00,Chronos-2 (+가동 계획),164.68286,145.04825,164.68286,181.99924
2021-08-19 16:45:00,Chronos-2 (+가동 계획),162.02367,141.62665,162.02367,180.01697
2021-08-19 17:00:00,Chronos-2 (+가동 계획),119.329315,102.67695,119.329315,136.89471
2021-08-19 17:15:00,Chronos-2 (+가동 계획),111.94152,95.4725,111.94152,129.31364
2021-08-19 17:30:00,Chronos-2 (+가동 계획),149.94322,130.75702,149.94322,167.58727
2021-08-19 17:45:00,Chronos-2 (+가동 계획),162.5398,142.84567,162.5398,180.47482
2021-08-19 18:00:00,Chronos-2 (+가동 계획),163.50858,143.79076,163.50858,180.59293
2021-08-19 18:15:00,Chronos-2 (+가동 계획),163.79626,143.66948,163.79626,180.87207
2021-08-19 18:30:00,Chronos-2 (+가동 계획),163.30547,143.02022,163.30547,180.77972
2021-08-19 18:45:00,Chronos-2 (+가동 계획),162.34042,142.61728,162.34042,179.74562
2021-08-19 19:00:00,Chronos-2 (+가동 계획),156.77301,137.92188,156.77301,174.03409
2021-08-19 19:15:00,Chronos-2 (+가동 계획),149.52309,129.87888,149.52309,166.93646
2021-08-19 19:30:00,Chronos-2 (+가동 계획),145.47762,126.87027,145.47762,163.50227
2021-08-19 19:45:00,Chronos-2 (+가동 계획),127.10469,108.359566,127.10469,145.19759
2021-08-19 20:00:00,Chronos-2 (+가동 계획),117.00428,101.513885,117.00428,131.84723
2021-08-19 20:15:00,Chronos-2 (+가동 계획),121.8526,107.023346,121.8526,135.99838
2021-08-19 20:30:00,Chronos-2 (+가동 계획),121.01793,106.65531,121.01793,135.41783
2021-08-19 20:45:00,Chronos-2 (+가동 계획),119.699646,105.2154,119.699646,133.37213
2021-08-19 21:00:00,Chronos-2 (+가동 계획),117.02212,103.148476,117.02212,130.99057
2021-08-19 21:15:00,Chronos-2 (+가동 계획),115.25742,101.25206,115.25742,129.3187
2021-08-19 21:30:00,Chronos-2 (+가동 계획),115.49607,101.579704,115.49607,129.30112
2021-08-19 21:45:00,Chronos-2 (+가동 계획),114.932686,100.87328,114.932686,129.14786
2021-08-19 22:00:00,Chronos-2 (+가동 계획),103.39374,88.43068,103.39374,117.33522
2021-08-19 22:15:00,Chronos-2 (+가동 계획),112.74394,98.03007,112.74394,126.774185
2021-08-19 22:30:00,Chronos-2 (+가동 계획),111.870575,97.42522,111.870575,126.1168
2021-08-19 22:45:00,Chronos-2 (+가동 계획),111.68109,97.33606,111.68109,125.48424
2021-08-19 23:00:00,Chronos-2 (+가동 계획),111.30674,96.957306,111.30674,124.99974
2021-08-19 23:15:00,Chronos-2 (+가동 계획),108.49896,93.62023,108.49896,122.63368
2021-08-19 23:30:00,Chronos-2 (+가동 계획),104.53502,89.58962,104.53502,118.859055
2021-08-19 23:45:00,Chronos-2 (+가동 계획),86.92485,72.647766,86.92485,100.82108
2021-08-20 00:00:00,Chronos-2 (+가동 계획),83.20304,74.53111,83.20304,90.302475
2021-08-20 00:15:00,Chronos-2 (+가동 계획),79.76122,71.62873,79.76122,87.80933
2021-08-20 00:30:00,Chronos-2 (+가동 계획),75.76225,67.635254,75.76225,83.63894
2021-08-20 00:45:00,Chronos-2 (+가동 계획),71.98075,63.200916,71.98075,80.29001
2021-08-20 01:00:00,Chronos-2 (+가동 계획),96.10422,87.42219,96.10422,104.45962
2021-08-20 01:15:00,Chronos-2 (+가동 계획),106.84294,97.709145,106.84294,115.3938
2021-08-20 01:30:00,Chronos-2 (+가동 계획),108.83284,100.22877,108.83284,117.48572
2021-08-20 01:45:00,Chronos-2 (+가동 계획),109.432755,100.37519,109.432755,118.23565
2021-08-20 02:00:00,Chronos-2 (+가동 계획),109.29413,100.54164,109.29413,117.738815
2021-08-20 02:15:00,Chronos-2 (+가동 계획),108.873764,99.800896,108.873764,117.29019
2021-08-20 02:30:00,Chronos-2 (+가동 계획),108.42776,99.606064,108.42776,117.312546
2021-08-20 02:45:00,Chronos-2 (+가동 계획),110.136505,100.95876,110.136505,119.04541
2021-08-20 03:00:00,Chronos-2 (+가동 계획),97.81534,88.17833,97.81534,106.88475
2021-08-20 03:15:00,Chronos-2 (+가동 계획),110.21515,100.63737,110.21515,118.98986
2021-08-20 03:30:00,Chronos-2 (+가동 계획),112.297226,102.958145,112.297226,122.353905
2021-08-20 03:45:00,Chronos-2 (+가동 계획),110.871445,101.403885,110.871445,119.8929
2021-08-20 04:00:00,Chronos-2 (+가동 계획),106.55709,97.76624,106.55709,115.650604
2021-08-20 04:15:00,Chronos-2 (+가동 계획),107.88626,99.315506,107.88626,116.57717
2021-08-20 04:30:00,Chronos-2 (+가동 계획),106.46956,97.29901,106.46956,115.70645
2021-08-20 04:45:00,Chronos-2 (+가동 계획),102.93263,93.40433,102.93263,112.16142
2021-08-20 05:00:00,Chronos-2 (+가동 계획),84.7854,74.87129,84.7854,94.143326
2021-08-20 05:15:00,Chronos-2 (+가동 계획),79.86973,70.604324,79.86973,88.58163
2021-08-20 05:30:00,Chronos-2 (+가동 계획),95.691696,86.49952,95.691696,105.11124
2021-08-20 05:45:00,Chronos-2 (+가동 계획),106.32776,96.90983,106.32776,115.521904
2021-08-20 06:00:00,Chronos-2 (+가동 계획),108.833176,99.246895,108.833176,118.37368
2021-08-20 06:15:00,Chronos-2 (+가동 계획),109.09705,99.26028,109.09705,118.11668
2021-08-20 06:30:00,Chronos-2 (+가동 계획),107.17672,97.879845,107.17672,116.11238
2021-08-20 06:45:00,Chronos-2 (+가동 계획),108.34732,98.345665,108.34732,117.82131
2021-08-20 07:00:00,Chronos-2 (+가동 계획),108.15821,97.72622,108.15821,118.00653
2021-08-20 07:15:00,Chronos-2 (+가동 계획),118.44083,107.01262,118.44083,128.58875
2021-08-20 07:30:00,Chronos-2 (+가동 계획),143.97618,132.76138,143.97618,154.68271
2021-08-20 07:45:00,Chronos-2 (+가동 계획),146.33194,134.3178,146.33194,157.30055
2021-08-20 08:00:00,Chronos-2 (+가동 계획),166.63176,151.97935,166.63176,180.54291
2021-08-20 08:15:00,Chronos-2 (+가동 계획),182.43845,168.2914,182.43845,196.22012
2021-08-20 08:30:00,Chronos-2 (+가동 계획),184.71356,169.61356,184.71356,197.76959
2021-08-20 08:45:00,Chronos-2 (+가동 계획),180.35773,166.37991,180.35773,193.57632
2021-08-20 09:00:00,Chronos-2 (+가동 계획),175.15741,160.81598,175.15741,188.76169
2021-08-20 09:15:00,Chronos-2 (+가동 계획),175.70387,161.87317,175.70387,188.9818
2021-08-20 09:30:00,Chronos-2 (+가동 계획),176.3162,162.37042,176.3162,189.65692
2021-08-20 09:45:00,Chronos-2 (+가동 계획),177.26663,162.35626,177.26663,190.59488
2021-08-20 10:00:00,Chronos-2 (+가동 계획),147.26146,133.46495,147.26146,161.06511
2021-08-20 10:15:00,Chronos-2 (+가동 계획),174.26514,159.69962,174.26514,187.46472
2021-08-20 10:30:00,Chronos-2 (+가동 계획),174.54474,160.1401,174.54474,187.52283
2021-08-20 10:45:00,Chronos-2 (+가동 계획),175.8125,161.2729,175.8125,188.25903
2021-08-20 11:00:00,Chronos-2 (+가동 계획),174.2215,160.39705,174.2215,187.24838
2021-08-20 11:15:00,Chronos-2 (+가동 계획),179.37555,164.95099,179.37555,192.36005
2021-08-20 11:30:00,Chronos-2 (+가동 계획),182.05222,167.11124,182.05222,195.33932
2021-08-20 11:45:00,Chronos-2 (+가동 계획),179.17542,164.53506,179.17542,193.65817
2021-08-20 12:00:00,Chronos-2 (+가동 계획),119.34995,105.29764,119.34995,133.89471
2021-08-20 12:15:00,Chronos-2 (+가동 계획),104.128654,89.75793,104.128654,117.2733
2021-08-20 12:30:00,Chronos-2 (+가동 계획),105.45755,90.780396,105.45755,119.31119
2021-08-20 12:45:00,Chronos-2 (+가동 계획),116.65277,101.25863,116.65277,130.8669
2021-08-20 13:00:00,Chronos-2 (+가동 계획),163.49506,146.58029,163.49506,179.5818
2021-08-20 13:15:00,Chronos-2 (+가동 계획),171.64104,154.94968,171.64104,187.9336
2021-08-20 13:30:00,Chronos-2 (+가동 계획),172.71432,156.63332,172.71432,188.67578
2021-08-20 13:45:00,Chronos-2 (+가동 계획),176.97742,160.13574,176.97742,192.8214
2021-08-20 14:00:00,Chronos-2 (+가동 계획),174.4242,158.02463,174.4242,189.71707
2021-08-20 14:15:00,Chronos-2 (+가동 계획),171.2244,153.5939,171.2244,186.25977
2021-08-20 14:30:00,Chronos-2 (+가동 계획),172.22076,154.40147,172.22076,188.38284
2021-08-20 14:45:00,Chronos-2 (+가동 계획),172.88324,154.87418,172.88324,189.29016
2021-08-20 15:00:00,Chronos-2 (+가동 계획),137.0755,118.99684,137.0755,154.57732
2021-08-20 15:15:00,Chronos-2 (+가동 계획),155.41794,136.01947,155.41794,171.68356
2021-08-20 15:30:00,Chronos-2 (+가동 계획),173.79874,155.44696,173.79874,190.3742
2021-08-20 15:45:00,Chronos-2 (+가동 계획),174.01057,155.87221,174.01057,190.67517
2021-08-20 16:00:00,Chronos-2 (+가동 계획),171.79745,155.18266,171.79745,186.5169
2021-08-20 16:15:00,Chronos-2 (+가동 계획),167.1548,150.51974,167.1548,182.83679
2021-08-20 16:30:00,Chronos-2 (+가동 계획),164.2714,146.85588,164.2714,179.5029
2021-08-20 16:45:00,Chronos-2 (+가동 계획),160.54668,142.66608,160.54668,176.48233
2021-08-20 17:00:00,Chronos-2 (+가동 계획),119.11894,103.958405,119.11894,134.82181
2021-08-20 17:15:00,Chronos-2 (+가동 계획),111.28665,96.228516,111.28665,126.19336
2021-08-20 17:30:00,Chronos-2 (+가동 계획),149.761,133.14058,149.761,165.07248
2021-08-20 17:45:00,Chronos-2 (+가동 계획),161.74982,144.24576,161.74982,177.639
2021-08-20 18:00:00,Chronos-2 (+가동 계획),160.4599,142.64279,160.4599,175.41011
2021-08-20 18:15:00,Chronos-2 (+가동 계획),159.62872,141.62186,159.62872,174.45526
2021-08-20 18:30:00,Chronos-2 (+가동 계획),159.82178,141.80379,159.82178,175.20007
2021-08-20 18:45:00,Chronos-2 (+가동 계획),158.68808,141.21385,158.68808,173.5828
2021-08-20 19:00:00,Chronos-2 (+가동 계획),153.05023,136.40314,153.05023,167.57849
2021-08-20 19:15:00,Chronos-2 (+가동 계획),146.08351,129.05739,146.08351,160.67108
2021-08-20 19:30:00,Chronos-2 (+가동 계획),140.14948,124.16,140.14948,155.8165
2021-08-20 19:45:00,Chronos-2 (+가동 계획),122.37537,106.36513,122.37537,137.46396
2021-08-20 20:00:00,Chronos-2 (+가동 계획),113.818726,101.29732,113.818726,126.12225
2021-08-20 20:15:00,Chronos-2 (+가동 계획),119.05153,107.36781,119.05153,130.58148
2021-08-20 20:30:00,Chronos-2 (+가동 계획),118.72907,106.81687,118.72907,130.27888
2021-08-20 20:45:00,Chronos-2 (+가동 계획),117.33985,105.39887,117.33985,128.54442
2021-08-20 21:00:00,Chronos-2 (+가동 계획),115.24894,103.654945,115.24894,126.81488
2021-08-20 21:15:00,Chronos-2 (+가동 계획),113.64448,102.02235,113.64448,125.26242
2021-08-20 21:30:00,Chronos-2 (+가동 계획),114.02012,102.412315,114.02012,125.48505
2021-08-20 21:45:00,Chronos-2 (+가동 계획),113.19312,101.44002,113.19312,125.14648
2021-08-20 22:00:00,Chronos-2 (+가동 계획),101.68945,89.19011,101.68945,113.208626
2021-08-20 22:15:00,Chronos-2 (+가동 계획),111.832146,99.59276,111.832146,123.42163
2021-08-20 22:30:00,Chronos-2 (+가동 계획),110.818726,98.78505,110.818726,122.758575
2021-08-20 22:45:00,Chronos-2 (+가동 계획),109.82712,97.67807,109.82712,121.20221
2021-08-20 23:00:00,Chronos-2 (+가동 계획),110.04496,97.968895,110.04496,121.44505
2021-08-20 23:15:00,Chronos-2 (+가동 계획),108.29652,95.96739,108.29652,119.97055
2021-08-20 23:30:00,Chronos-2 (+가동 계획),103.79517,91.07142,103.79517,115.656425
2021-08-20 23:45:00,Chronos-2 (+가동 계획),85.8756,72.975586,85.8756,97.82954
2021-08-21 00:00:00,Chronos-2 (+가동 계획),68.51086,55.8613,68.51086,77.83179
2021-08-21 00:15:00,Chronos-2 (+가동 계획),64.99118,50.620724,64.99118,74.726166
2021-08-21 00:30:00,Chronos-2 (+가동 계획),62.29296,47.244404,62.29296,73.27607
2021-08-21 00:45:00,Chronos-2 (+가동 계획),63.65629,47.51879,63.65629,75.041435
2021-08-21 01:00:00,Chronos-2 (+가동 계획),86.6253,72.34003,86.6253,95.72085
2021-08-21 01:15:00,Chronos-2 (+가동 계획),95.228226,80.333015,95.228226,104.19679
2021-08-21 01:30:00,Chronos-2 (+가동 계획),98.821304,82.95915,98.821304,107.69033
2021-08-21 01:45:00,Chronos-2 (+가동 계획),100.01725,84.24619,100.01725,108.74225
2021-08-21 02:00:00,Chronos-2 (+가동 계획),100.75861,84.83031,100.75861,109.187996
2021-08-21 02:15:00,Chronos-2 (+가동 계획),100.56799,84.4429,100.56799,109.274506
2021-08-21 02:30:00,Chronos-2 (+가동 계획),97.96731,81.361,97.96731,106.94823
2021-08-21 02:45:00,Chronos-2 (+가동 계획),95.268135,78.13799,95.268135,104.20001
2021-08-21 03:00:00,Chronos-2 (+가동 계획),86.43308,64.52754,86.43308,97.3516
2021-08-21 03:15:00,Chronos-2 (+가동 계획),92.35861,72.15033,92.35861,101.64816
2021-08-21 03:30:00,Chronos-2 (+가동 계획),94.3168,73.131165,94.3168,105.892944
2021-08-21 03:45:00,Chronos-2 (+가동 계획),95.35653,73.96751,95.35653,105.49846
2021-08-21 04:00:00,Chronos-2 (+가동 계획),98.03369,84.27586,98.03369,107.85334
2021-08-21 04:15:00,Chronos-2 (+가동 계획),96.62039,81.94826,96.62039,107.25417
2021-08-21 04:30:00,Chronos-2 (+가동 계획),96.56229,82.413376,96.56229,107.792816
2021-08-21 04:45:00,Chronos-2 (+가동 계획),94.2784,78.07419,94.2784,104.074585
2021-08-21 05:00:00,Chronos-2 (+가동 계획),86.78865,70.24347,86.78865,96.82211
2021-08-21 05:15:00,Chronos-2 (+가동 계획),83.96833,65.85726,83.96833,94.68463
2021-08-21 05:30:00,Chronos-2 (+가동 계획),88.55627,71.38481,88.55627,99.45768
2021-08-21 05:45:00,Chronos-2 (+가동 계획),92.18814,76.94928,92.18814,102.67442
2021-08-21 06:00:00,Chronos-2 (+가동 계획),92.26285,75.959595,92.26285,102.50429
2021-08-21 06:15:00,Chronos-2 (+가동 계획),91.470345,74.2126,91.470345,101.820724
2021-08-21 06:30:00,Chronos-2 (+가동 계획),89.87683,73.12214,89.87683,100.952644
2021-08-21 06:45:00,Chronos-2 (+가동 계획),88.236404,72.84508,88.236404,98.72251
2021-08-21 07:00:00,Chronos-2 (+가동 계획),83.89006,67.834435,83.89006,95.7474
2021-08-21 07:15:00,Chronos-2 (+가동 계획),73.060455,54.03996,73.060455,87.87161
2021-08-21 07:30:00,Chronos-2 (+가동 계획),41.74595,26.48545,41.74595,63.670807
2021-08-21 07:45:00,Chronos-2 (+가동 계획),26.713634,15.47628,26.713634,42.49902
2021-08-21 08:00:00,Chronos-2 (+가동 계획),23.481804,21.780289,23.481804,26.272034
2021-08-21 08:15:00,Chronos-2 (+가동 계획),23.291672,21.824287,23.291672,25.446198
2021-08-21 08:30:00,Chronos-2 (+가동 계획),23.26448,21.598892,23.26448,25.014626
2021-08-21 08:45:00,Chronos-2 (+가동 계획),22.930946,21.558426,22.930946,25.20671
2021-08-21 09:00:00,Chronos-2 (+가동 계획),22.822792,21.710014,22.822792,25.420181
2021-08-21 09:15:00,Chronos-2 (+가동 계획),23.045876,21.642265,23.045876,25.665253
2021-08-21 09:30:00,Chronos-2 (+가동 계획),23.092575,21.61007,23.092575,25.75467
2021-08-21 09:45:00,Chronos-2 (+가동 계획),23.048576,21.631142,23.048576,25.770561
2021-08-21 10:00:00,Chronos-2 (+가동 계획),22.99688,21.725151,22.99688,25.316574
2021-08-21 10:15:00,Chronos-2 (+가동 계획),22.927994,21.488327,22.927994,25.985695
2021-08-21 10:30:00,Chronos-2 (+가동 계획),23.166573,21.689926,23.166573,25.954132
2021-08-21 10:45:00,Chronos-2 (+가동 계획),23.162033,21.724236,23.162033,25.66272
2021-08-21 11:00:00,Chronos-2 (+가동 계획),23.538734,22.139183,23.538734,26.176537
2021-08-21 11:15:00,Chronos-2 (+가동 계획),23.209618,21.721062,23.209618,26.424263
2021-08-21 11:30:00,Chronos-2 (+가동 계획),23.082466,21.73925,23.082466,26.751678
2021-08-21 11:45:00,Chronos-2 (+가동 계획),22.928528,21.546455,22.928528,25.875412
2021-08-21 12:00:00,Chronos-2 (+가동 계획),23.079376,21.474304,23.079376,25.424751
2021-08-21 12:15:00,Chronos-2 (+가동 계획),23.12082,21.595306,23.12082,25.119926
2021-08-21 12:30:00,Chronos-2 (+가동 계획),23.342209,21.582047,23.342209,24.7445
2021-08-21 12:45:00,Chronos-2 (+가동 계획),23.111832,21.886917,23.111832,25.259666
2021-08-21 13:00:00,Chronos-2 (+가동 계획),22.789772,21.77317,22.789772,25.083183
2021-08-21 13:15:00,Chronos-2 (+가동 계획),22.907433,21.381378,22.907433,25.851608
2021-08-21 13:30:00,Chronos-2 (+가동 계획),22.982468,21.48227,22.982468,25.70317
2021-08-21 13:45:00,Chronos-2 (+가동 계획),23.25518,21.512589,23.25518,26.004868
2021-08-21 14:00:00,Chronos-2 (+가동 계획),22.745804,21.342133,22.745804,25.8321
2021-08-21 14:15:00,Chronos-2 (+가동 계획),23.2062,21.688522,23.2062,26.4291
2021-08-21 14:30:00,Chronos-2 (+가동 계획),23.141518,21.512894,23.141518,25.659195
2021-08-21 14:45:00,Chronos-2 (+가동 계획),23.25882,21.59317,23.25882,26.14009
2021-08-21 15:00:00,Chronos-2 (+가동 계획),23.323158,22.082993,23.323158,26.335388
2021-08-21 15:15:00,Chronos-2 (+가동 계획),23.408043,21.725845,23.408043,26.033485
2021-08-21 15:30:00,Chronos-2 (+가동 계획),23.39244,21.753326,23.39244,26.454025
2021-08-21 15:45:00,Chronos-2 (+가동 계획),23.3497,21.7491,23.3497,25.844635
2021-08-21 16:00:00,Chronos-2 (+가동 계획),23.354446,21.636581,23.354446,26.540062
2021-08-21 16:15:00,Chronos-2 (+가동 계획),23.053642,21.585579,23.053642,25.95523
2021-08-21 16:30:00,Chronos-2 (+가동 계획),23.03801,21.386719,23.03801,25.778358
2021-08-21 16:45:00,Chronos-2 (+가동 계획),23.082016,21.789604,23.082016,25.68097
2021-08-21 17:00:00,Chronos-2 (+가동 계획),23.075935,22.055069,23.075935,25.337257
2021-08-21 17:15:00,Chronos-2 (+가동 계획),23.277794,22.085716,23.277794,25.716904
2021-08-21 17:30:00,Chronos-2 (+가동 계획),22.99836,21.676376,22.99836,25.7471
2021-08-21 17:45:00,Chronos-2 (+가동 계획),23.19104,21.522293,23.19104,26.414078
2021-08-21 18:00:00,Chronos-2 (+가동 계획),22.840912,21.394829,22.840912,26.464699
2021-08-21 18:15:00,Chronos-2 (+가동 계획),23.113907,21.58815,23.113907,27.130554
2021-08-21 18:30:00,Chronos-2 (+가동 계획),23.20446,21.518013,23.20446,26.739052
2021-08-21 18:45:00,Chronos-2 (+가동 계획),23.33387,21.674522,23.33387,26.91351
2021-08-21 19:00:00,Chronos-2 (+가동 계획),23.57486,21.848488,23.57486,27.150688
2021-08-21 19:15:00,Chronos-2 (+가동 계획),23.298996,21.688507,23.298996,26.594109
2021-08-21 19:30:00,Chronos-2 (+가동 계획),22.961899,21.926727,22.961899,25.668968
2021-08-21 19:45:00,Chronos-2 (+가동 계획),22.659103,21.490395,22.659103,25.153183
2021-08-21 20:00:00,Chronos-2 (+가동 계획),23.086266,21.536247,23.086266,25.943764
2021-08-21 20:15:00,Chronos-2 (+가동 계획),22.934761,21.594147,22.934761,25.725014
2021-08-21 20:30:00,Chronos-2 (+가동 계획),23.026749,21.626274,23.026749,25.682617
2021-08-21 20:45:00,Chronos-2 (+가동 계획),23.161018,22.020996,23.161018,25.695992
2021-08-21 21:00:00,Chronos-2 (+가동 계획),22.959694,21.888718,22.959694,25.624039
2021-08-21 21:15:00,Chronos-2 (+가동 계획),23.140617,21.676018,23.140617,26.274185
2021-08-21 21:30:00,Chronos-2 (+가동 계획),23.359718,22.075699,23.359718,26.250633
2021-08-21 21:45:00,Chronos-2 (+가동 계획),23.213844,21.90741,23.213844,26.27549
2021-08-21 22:00:00,Chronos-2 (+가동 계획),23.236824,21.926498,23.236824,26.05278
2021-08-21 22:15:00,Chronos-2 (+가동 계획),23.711792,22.072304,23.711792,26.829449
2021-08-21 22:30:00,Chronos-2 (+가동 계획),23.656723,22.035995,23.656723,26.623283
2021-08-21 22:45:00,Chronos-2 (+가동 계획),23.721397,22.195274,23.721397,26.635788
2021-08-21 23:00:00,Chronos-2 (+가동 계획),23.78881,22.313583,23.78881,26.728046
2021-08-21 23:15:00,Chronos-2 (+가동 계획),23.692932,22.196663,23.692932,26.489532
2021-08-21 23:30:00,Chronos-2 (+가동 계획),23.287704,22.004631,23.287704,25.839272
2021-08-21 23:45:00,Chronos-2 (+가동 계획),23.005562,21.681282,23.005562,25.272911
2021-08-22 00:00:00,Chronos-2 (+가동 계획),22.572937,21.254593,22.572937,23.841133
2021-08-22 00:15:00,Chronos-2 (+가동 계획),22.52333,21.409065,22.52333,23.725807
2021-08-22 00:30:00,Chronos-2 (+가동 계획),22.618446,21.463745,22.618446,23.56514
2021-08-22 00:45:00,Chronos-2 (+가동 계획),22.578415,21.432823,22.578415,23.583061
2021-08-22 01:00:00,Chronos-2 (+가동 계획),22.451408,21.538422,22.451408,23.647705
2021-08-22 01:15:00,Chronos-2 (+가동 계획),22.708427,21.564384,22.708427,24.031227
2021-08-22 01:30:00,Chronos-2 (+가동 계획),22.788513,21.789635,22.788513,23.96254
2021-08-22 01:45:00,Chronos-2 (+가동 계획),22.756569,21.603752,22.756569,24.129967
2021-08-22 02:00:00,Chronos-2 (+가동 계획),22.710167,21.693916,22.710167,23.955872
2021-08-22 02:15:00,Chronos-2 (+가동 계획),22.901962,21.705376,22.901962,24.094292
2021-08-22 02:30:00,Chronos-2 (+가동 계획),22.850311,21.70179,22.850311,23.761826
2021-08-22 02:45:00,Chronos-2 (+가동 계획),22.892845,21.803688,22.892845,23.966682
2021-08-22 03:00:00,Chronos-2 (+가동 계획),22.951164,21.87355,22.951164,24.13198
2021-08-22 03:15:00,Chronos-2 (+가동 계획),22.95919,21.646301,22.95919,23.989037
2021-08-22 03:30:00,Chronos-2 (+가동 계획),22.64386,21.682281,22.64386,23.683899
2021-08-22 03:45:00,Chronos-2 (+가동 계획),22.585861,21.567627,22.585861,23.753273
2021-08-22 04:00:00,Chronos-2 (+가동 계획),22.809052,21.514847,22.809052,24.15178
2021-08-22 04:15:00,Chronos-2 (+가동 계획),22.79406,21.556358,22.79406,24.142113
2021-08-22 04:30:00,Chronos-2 (+가동 계획),22.82061,21.489235,22.82061,23.985703
2021-08-22 04:45:00,Chronos-2 (+가동 계획),22.65432,21.402466,22.65432,23.863365
2021-08-22 05:00:00,Chronos-2 (+가동 계획),22.611183,21.449348,22.611183,23.863976
2021-08-22 05:15:00,Chronos-2 (+가동 계획),22.757614,21.464012,22.757614,24.145874
2021-08-22 05:30:00,Chronos-2 (+가동 계획),22.7984,21.82399,22.7984,24.007446
2021-08-22 05:45:00,Chronos-2 (+가동 계획),22.702347,21.573196,22.702347,24.04747
2021-08-22 06:00:00,Chronos-2 (+가동 계획),22.643005,21.538841,22.643005,23.907272
2021-08-22 06:15:00,Chronos-2 (+가동 계획),22.828194,21.516441,22.828194,24.10897
2021-08-22 06:30:00,Chronos-2 (+가동 계획),22.804756,21.544022,22.804756,23.771301
2021-08-22 06:45:00,Chronos-2 (+가동 계획),22.832016,21.671204,22.832016,23.893951
2021-08-22 07:00:00,Chronos-2 (+가동 계획),22.904045,21.684685,22.904045,24.212868
2021-08-22 07:15:00,Chronos-2 (+가동 계획),22.890053,21.517578,22.890053,24.031387
2021-08-22 07:30:00,Chronos-2 (+가동 계획),22.560211,21.442635,22.560211,23.727959
2021-08-22 07:45:00,Chronos-2 (+가동 계획),22.557281,21.428093,22.557281,23.864868
2021-08-22 08:00:00,Chronos-2 (+가동 계획),22.906448,21.622787,22.906448,24.324043
2021-08-22 08:15:00,Chronos-2 (+가동 계획),22.950485,21.737198,22.950485,24.41468
2021-08-22 08:30:00,Chronos-2 (+가동 계획),23.040733,21.68608,23.040733,24.4197
2021-08-22 08:45:00,Chronos-2 (+가동 계획),22.872627,21.696678,22.872627,24.309273
2021-08-22 09:00:00,Chronos-2 (+가동 계획),22.882225,21.659653,22.882225,24.19442
2021-08-22 09:15:00,Chronos-2 (+가동 계획),22.984985,21.608711,22.984985,24.507187
2021-08-22 09:30:00,Chronos-2 (+가동 계획),22.956367,21.905685,22.956367,24.237846
2021-08-22 09:45:00,Chronos-2 (+가동 계획),22.81105,21.672813,22.81105,24.120583
2021-08-22 10:00:00,Chronos-2 (+가동 계획),22.697731,21.629303,22.697731,23.880783
2021-08-22 10:15:00,Chronos-2 (+가동 계획),22.911728,21.618599,22.911728,24.119972
2021-08-22 10:30:00,Chronos-2 (+가동 계획),22.922249,21.642921,22.922249,23.943748
2021-08-22 10:45:00,Chronos-2 (+가동 계획),23.013191,21.825706,23.013191,24.078743
2021-08-22 11:00:00,Chronos-2 (+가동 계획),23.158424,21.899544,23.158424,24.447655
2021-08-22 11:15:00,Chronos-2 (+가동 계획),23.11589,21.748497,23.11589,24.311073
2021-08-22 11:30:00,Chronos-2 (+가동 계획),22.857521,21.633018,22.857521,24.095047
2021-08-22 11:45:00,Chronos-2 (+가동 계획),22.803162,21.671532,22.803162,23.975677
2021-08-22 12:00:00,Chronos-2 (+가동 계획),22.864838,21.570175,22.864838,24.177994
2021-08-22 12:15:00,Chronos-2 (+가동 계획),22.782776,21.599434,22.782776,24.097824
2021-08-22 12:30:00,Chronos-2 (+가동 계획),22.831108,21.548004,22.831108,23.929733
2021-08-22 12:45:00,Chronos-2 (+가동 계획),22.65596,21.465302,22.65596,23.84407
2021-08-22 13:00:00,Chronos-2 (+가동 계획),22.627731,21.490685,22.627731,23.830994
2021-08-22 13:15:00,Chronos-2 (+가동 계획),22.786034,21.540031,22.786034,24.155197
2021-08-22 13:30:00,Chronos-2 (+가동 계획),22.813972,21.834007,22.813972,23.958282
2021-08-22 13:45:00,Chronos-2 (+가동 계획),22.754784,21.613785,22.754784,24.017662
2021-08-22 14:00:00,Chronos-2 (+가동 계획),22.676231,21.635391,22.676231,23.911018
2021-08-22 14:15:00,Chronos-2 (+가동 계획),22.913353,21.677063,22.913353,24.115913
2021-08-22 14:30:00,Chronos-2 (+가동 계획),22.928474,21.69123,22.928474,23.929993
2021-08-22 14:45:00,Chronos-2 (+가동 계획),23.018806,21.835098,23.018806,24.082733
2021-08-22 15:00:00,Chronos-2 (+가동 계획),23.107567,21.942886,23.107567,24.342781
2021-08-22 15:15:00,Chronos-2 (+가동 계획),23.066223,21.683846,23.066223,24.176796
2021-08-22 15:30:00,Chronos-2 (+가동 계획),22.796059,21.730415,22.796059,23.946663
2021-08-22 15:45:00,Chronos-2 (+가동 계획),22.7361,21.647018,22.7361,23.921623
2021-08-22 16:00:00,Chronos-2 (+가동 계획),23.117493,21.625443,23.117493,24.84256
2021-08-22 16:15:00,Chronos-2 (+가동 계획),22.974525,21.58863,22.974525,24.675156
2021-08-22 16:30:00,Chronos-2 (+가동 계획),22.831497,21.429764,22.831497,24.309135
2021-08-22 16:45:00,Chronos-2 (+가동 계획),22.657448,21.472305,22.657448,24.035843
2021-08-22 17:00:00,Chronos-2 (+가동 계획),22.316658,21.515472,22.316658,23.781021
2021-08-22 17:15:00,Chronos-2 (+가동 계획),22.486343,21.122673,22.486343,24.043404
2021-08-22 17:30:00,Chronos-2 (+가동 계획),22.55243,21.625046,22.55243,23.86802
2021-08-22 17:45:00,Chronos-2 (+가동 계획),22.48188,21.196922,22.48188,23.951393
2021-08-22 18:00:00,Chronos-2 (+가동 계획),22.48787,21.246033,22.48787,23.900513
2021-08-22 18:15:00,Chronos-2 (+가동 계획),22.774506,21.247238,22.774506,24.188324
2021-08-22 18:30:00,Chronos-2 (+가동 계획),22.79068,21.375954,22.79068,23.972534
2021-08-22 18:45:00,Chronos-2 (+가동 계획),22.940414,21.603859,22.940414,24.111176
2021-08-22 19:00:00,Chronos-2 (+가동 계획),23.117737,21.748505,23.117737,24.581497
2021-08-22 19:15:00,Chronos-2 (+가동 계획),23.169327,21.569145,23.169327,24.524025
2021-08-22 19:30:00,Chronos-2 (+가동 계획),22.916824,21.521332,22.916824,24.40509
2021-08-22 19:45:00,Chronos-2 (+가동 계획),22.905632,21.536926,22.905632,24.284622
2021-08-22 20:00:00,Chronos-2 (+가동 계획),22.87262,21.517647,22.87262,24.252686
2021-08-22 20:15:00,Chronos-2 (+가동 계획),22.766129,21.635742,22.766129,24.086433
2021-08-22 20:30:00,Chronos-2 (+가동 계획),22.790794,21.583313,22.790794,23.899323
2021-08-22 20:45:00,Chronos-2 (+가동 계획),22.667831,21.587395,22.667831,23.82586
2021-08-22 21:00:00,Chronos-2 (+가동 계획),22.585106,21.589287,22.585106,23.75219
2021-08-22 21:15:00,Chronos-2 (+가동 계획),22.799019,21.62075,22.799019,24.163979
2021-08-22 21:30:00,Chronos-2 (+가동 계획),22.853653,22.029442,22.853653,23.99862
2021-08-22 21:45:00,Chronos-2 (+가동 계획),22.772186,21.79023,22.772186,24.007935
2021-08-22 22:00:00,Chronos-2 (+가동 계획),22.742546,21.81282,22.742546,23.839943
2021-08-22 22:15:00,Chronos-2 (+가동 계획),23.006973,21.787048,23.006973,24.169441
2021-08-22 22:30:00,Chronos-2 (+가동 계획),23.074272,21.86,23.074272,24.014503
2021-08-22 22:45:00,Chronos-2 (+가동 계획),23.195015,22.062492,23.195015,24.161194
2021-08-22 23:00:00,Chronos-2 (+가동 계획),23.344467,22.132538,23.344467,24.526382
2021-08-22 23:15:00,Chronos-2 (+가동 계획),23.232933,21.963509,23.232933,24.325111
2021-08-22 23:30:00,Chronos-2 (+가동 계획),22.7947,21.725372,22.7947,23.863724
2021-08-22 23:45:00,Chronos-2 (+가동 계획),22.602417,21.533325,22.602417,23.607788
2021-08-23 00:00:00,Chronos-2 (+가동 계획),22.561577,20.855988,22.561577,24.670933
2021-08-23 00:15:00,Chronos-2 (+가동 계획),22.51316,20.896194,22.51316,24.647663
2021-08-23 00:30:00,Chronos-2 (+가동 계획),22.470108,21.015945,22.470108,24.264977
2021-08-23 00:45:00,Chronos-2 (+가동 계획),22.385506,20.857742,22.385506,24.281456
2021-08-23 01:00:00,Chronos-2 (+가동 계획),22.08142,20.872475,22.08142,23.937546
2021-08-23 01:15:00,Chronos-2 (+가동 계획),22.365654,20.939865,22.365654,24.675625
2021-08-23 01:30:00,Chronos-2 (+가동 계획),22.433594,21.212196,22.433594,24.514248
2021-08-23 01:45:00,Chronos-2 (+가동 계획),22.263405,20.757004,22.263405,24.675858
2021-08-23 02:00:00,Chronos-2 (+가동 계획),22.277443,20.910286,22.277443,24.392895
2021-08-23 02:15:00,Chronos-2 (+가동 계획),22.60202,20.986534,22.60202,24.706821
2021-08-23 02:30:00,Chronos-2 (+가동 계획),22.551826,21.110527,22.551826,24.26278
2021-08-23 02:45:00,Chronos-2 (+가동 계획),22.614037,21.186089,22.614037,24.618282
2021-08-23 03:00:00,Chronos-2 (+가동 계획),22.565361,21.337494,22.565361,24.636566
2021-08-23 03:15:00,Chronos-2 (+가동 계획),22.567818,21.046516,22.567818,24.417225
2021-08-23 03:30:00,Chronos-2 (+가동 계획),22.142738,20.949585,22.142738,23.99636
2021-08-23 03:45:00,Chronos-2 (+가동 계획),22.003075,20.781166,22.003075,23.800362
2021-08-23 04:00:00,Chronos-2 (+가동 계획),23.298996,21.137024,23.298996,25.239426
2021-08-23 04:15:00,Chronos-2 (+가동 계획),23.100533,21.287132,23.100533,25.417599
2021-08-23 04:30:00,Chronos-2 (+가동 계획),22.847237,20.940857,22.847237,24.762474
2021-08-23 04:45:00,Chronos-2 (+가동 계획),22.824463,20.802391,22.824463,24.884315
2021-08-23 05:00:00,Chronos-2 (+가동 계획),22.585587,21.09082,22.585587,24.703205
2021-08-23 05:15:00,Chronos-2 (+가동 계획),22.650993,20.828148,22.650993,24.40488
2021-08-23 05:30:00,Chronos-2 (+가동 계획),22.644035,20.749245,22.644035,24.828583
2021-08-23 05:45:00,Chronos-2 (+가동 계획),22.571114,20.627144,22.571114,25.174046
2021-08-23 06:00:00,Chronos-2 (+가동 계획),22.70549,20.896568,22.70549,24.747894
2021-08-23 06:15:00,Chronos-2 (+가동 계획),22.502586,20.298836,22.502586,24.343628
2021-08-23 06:30:00,Chronos-2 (+가동 계획),22.53389,20.166748,22.53389,24.580433
2021-08-23 06:45:00,Chronos-2 (+가동 계획),22.550583,20.22718,22.550583,25.560638
2021-08-23 07:00:00,Chronos-2 (+가동 계획),23.740746,20.411247,23.740746,28.671032
2021-08-23 07:15:00,Chronos-2 (+가동 계획),39.427677,25.056355,39.427677,57.83471
2021-08-23 07:30:00,Chronos-2 (+가동 계획),74.24994,52.795998,74.24994,94.04443
2021-08-23 07:45:00,Chronos-2 (+가동 계획),123.81555,101.068085,123.81555,144.25276
2021-08-23 08:00:00,Chronos-2 (+가동 계획),175.01593,138.33478,175.01593,204.80241
2021-08-23 08:15:00,Chronos-2 (+가동 계획),190.00226,153.96313,190.00226,217.58615
2021-08-23 08:30:00,Chronos-2 (+가동 계획),187.88052,152.0455,187.88052,215.31595
2021-08-23 08:45:00,Chronos-2 (+가동 계획),184.08568,146.82318,184.08568,211.61038
2021-08-23 09:00:00,Chronos-2 (+가동 계획),179.96642,141.12883,179.96642,207.54454
2021-08-23 09:15:00,Chronos-2 (+가동 계획),178.48712,141.10078,178.48712,207.78717
2021-08-23 09:30:00,Chronos-2 (+가동 계획),178.61562,141.62373,178.61562,208.1961
2021-08-23 09:45:00,Chronos-2 (+가동 계획),175.89825,137.34389,175.89825,204.7506
2021-08-23 10:00:00,Chronos-2 (+가동 계획),154.3089,116.54928,154.3089,184.55026
2021-08-23 10:15:00,Chronos-2 (+가동 계획),173.62724,136.02219,173.62724,201.96243
2021-08-23 10:30:00,Chronos-2 (+가동 계획),175.86899,136.41278,175.86899,204.88098
2021-08-23 10:45:00,Chronos-2 (+가동 계획),175.99162,136.74786,175.99162,204.35748
2021-08-23 11:00:00,Chronos-2 (+가동 계획),175.33316,136.18979,175.33316,204.89053
2021-08-23 11:15:00,Chronos-2 (+가동 계획),175.8428,135.57428,175.8428,204.23303
2021-08-23 11:30:00,Chronos-2 (+가동 계획),175.05957,135.85678,175.05957,203.01442
2021-08-23 11:45:00,Chronos-2 (+가동 계획),169.65802,129.17346,169.65802,199.41171
2021-08-23 12:00:00,Chronos-2 (+가동 계획),123.50084,86.288376,123.50084,155.93109
2021-08-23 12:15:00,Chronos-2 (+가동 계획),107.42522,73.525665,107.42522,139.12082
2021-08-23 12:30:00,Chronos-2 (+가동 계획),104.976364,70.91547,104.976364,137.67882
2021-08-23 12:45:00,Chronos-2 (+가동 계획),116.92504,78.82265,116.92504,150.95107
2021-08-23 13:00:00,Chronos-2 (+가동 계획),160.42648,113.85062,160.42648,195.37183
2021-08-23 13:15:00,Chronos-2 (+가동 계획),168.17441,120.635315,168.17441,200.83246
2021-08-23 13:30:00,Chronos-2 (+가동 계획),168.30835,119.73701,168.30835,199.70499
2021-08-23 13:45:00,Chronos-2 (+가동 계획),168.86969,120.862656,168.86969,199.91486
2021-08-23 14:00:00,Chronos-2 (+가동 계획),167.41429,121.626755,167.41429,199.3065
2021-08-23 14:15:00,Chronos-2 (+가동 계획),165.63065,122.35567,165.63065,196.60794
2021-08-23 14:30:00,Chronos-2 (+가동 계획),167.6151,121.45168,167.6151,199.81754
2021-08-23 14:45:00,Chronos-2 (+가동 계획),164.16214,118.15563,164.16214,196.00017
2021-08-23 15:00:00,Chronos-2 (+가동 계획),135.03568,91.59734,135.03568,167.3227
2021-08-23 15:15:00,Chronos-2 (+가동 계획),150.25919,107.03177,150.25919,182.3359
2021-08-23 15:30:00,Chronos-2 (+가동 계획),161.58893,116.670364,161.58893,193.70705
2021-08-23 15:45:00,Chronos-2 (+가동 계획),160.27365,114.17637,160.27365,193.62543
2021-08-23 16:00:00,Chronos-2 (+가동 계획),161.87494,105.96462,161.87494,196.05756
2021-08-23 16:15:00,Chronos-2 (+가동 계획),161.97282,103.53447,161.97282,197.36694
2021-08-23 16:30:00,Chronos-2 (+가동 계획),161.00154,100.11283,161.00154,195.93353
2021-08-23 16:45:00,Chronos-2 (+가동 계획),155.34285,96.85656,155.34285,190.0874
2021-08-23 17:00:00,Chronos-2 (+가동 계획),134.84244,79.562775,134.84244,172.33862
2021-08-23 17:15:00,Chronos-2 (+가동 계획),127.93996,73.086815,127.93996,164.00914
2021-08-23 17:30:00,Chronos-2 (+가동 계획),137.82237,80.04363,137.82237,174.37083
2021-08-23 17:45:00,Chronos-2 (+가동 계획),144.00652,83.53109,144.00652,181.14041
2021-08-23 18:00:00,Chronos-2 (+가동 계획),142.7732,81.845924,142.7732,180.25577
2021-08-23 18:15:00,Chronos-2 (+가동 계획),140.34169,77.30201,140.34169,175.36429
2021-08-23 18:30:00,Chronos-2 (+가동 계획),136.52144,78.51172,136.52144,171.59518
2021-08-23 18:45:00,Chronos-2 (+가동 계획),135.3721,78.49367,135.3721,169.26392
2021-08-23 19:00:00,Chronos-2 (+가동 계획),135.11934,80.661995,135.11934,168.98932
2021-08-23 19:15:00,Chronos-2 (+가동 계획),132.38342,78.69558,132.38342,166.69275
2021-08-23 19:30:00,Chronos-2 (+가동 계획),123.18341,72.62279,123.18341,154.65614
2021-08-23 19:45:00,Chronos-2 (+가동 계획),110.832275,67.25575,110.832275,140.48683
2021-08-23 20:00:00,Chronos-2 (+가동 계획),97.56195,72.86327,97.56195,118.221054
2021-08-23 20:15:00,Chronos-2 (+가동 계획),104.67262,81.462166,104.67262,124.42018
2021-08-23 20:30:00,Chronos-2 (+가동 계획),104.83569,80.06112,104.83569,125.59877
2021-08-23 20:45:00,Chronos-2 (+가동 계획),105.64542,80.38652,105.64542,124.98944
2021-08-23 21:00:00,Chronos-2 (+가동 계획),107.48155,83.96808,107.48155,127.408104
2021-08-23 21:15:00,Chronos-2 (+가동 계획),107.60843,84.564995,107.60843,125.400734
2021-08-23 21:30:00,Chronos-2 (+가동 계획),106.56349,84.42336,106.56349,123.071686
2021-08-23 21:45:00,Chronos-2 (+가동 계획),103.850105,82.501755,103.850105,120.19276
2021-08-23 22:00:00,Chronos-2 (+가동 계획),93.70372,72.57515,93.70372,110.10846
2021-08-23 22:15:00,Chronos-2 (+가동 계획),100.71606,81.266525,100.71606,116.47566
2021-08-23 22:30:00,Chronos-2 (+가동 계획),100.67432,81.00302,100.67432,116.88942
2021-08-23 22:45:00,Chronos-2 (+가동 계획),100.69205,82.000404,100.69205,116.00749
2021-08-23 23:00:00,Chronos-2 (+가동 계획),100.836006,82.70783,100.836006,115.477585
2021-08-23 23:15:00,Chronos-2 (+가동 계획),101.2235,83.20636,101.2235,115.88205
2021-08-23 23:30:00,Chronos-2 (+가동 계획),95.34364,75.01925,95.34364,111.89968
2021-08-23 23:45:00,Chronos-2 (+가동 계획),78.41309,58.941177,78.41309,95.37002
2021-08-24 00:00:00,Chronos-2 (+가동 계획),70.57086,63.75673,70.57086,76.423805
2021-08-24 00:15:00,Chronos-2 (+가동 계획),67.740364,61.165398,67.740364,74.244354
2021-08-24 00:30:00,Chronos-2 (+가동 계획),65.5646,58.42514,65.5646,72.02759
2021-08-24 00:45:00,Chronos-2 (+가동 계획),63.5728,56.290062,63.5728,70.55722
2021-08-24 01:00:00,Chronos-2 (+가동 계획),89.08245,81.9329,89.08245,96.116936
2021-08-24 01:15:00,Chronos-2 (+가동 계획),98.38269,91.0642,98.38269,105.36113
2021-08-24 01:30:00,Chronos-2 (+가동 계획),100.9178,94.07255,100.9178,108.07992
2021-08-24 01:45:00,Chronos-2 (+가동 계획),101.2217,94.006165,101.2217,108.80806
2021-08-24 02:00:00,Chronos-2 (+가동 계획),102.03692,94.96878,102.03692,109.00406
2021-08-24 02:15:00,Chronos-2 (+가동 계획),101.910034,94.69076,101.910034,108.658554
2021-08-24 02:30:00,Chronos-2 (+가동 계획),101.10076,94.01209,101.10076,108.20155
2021-08-24 02:45:00,Chronos-2 (+가동 계획),101.167114,93.959335,101.167114,108.63757
2021-08-24 03:00:00,Chronos-2 (+가동 계획),89.495926,81.85305,89.495926,96.26526
2021-08-24 03:15:00,Chronos-2 (+가동 계획),100.17065,93.07391,100.17065,107.15038
2021-08-24 03:30:00,Chronos-2 (+가동 계획),101.76007,94.36498,101.76007,109.272606
2021-08-24 03:45:00,Chronos-2 (+가동 계획),100.69488,93.53933,100.69488,107.87144
2021-08-24 04:00:00,Chronos-2 (+가동 계획),101.015396,93.517136,101.015396,108.46155
2021-08-24 04:15:00,Chronos-2 (+가동 계획),101.25517,94.19016,101.25517,109.13086
2021-08-24 04:30:00,Chronos-2 (+가동 계획),98.34149,90.35999,98.34149,105.72577
2021-08-24 04:45:00,Chronos-2 (+가동 계획),95.14336,86.532005,95.14336,102.593956
2021-08-24 05:00:00,Chronos-2 (+가동 계획),76.62297,68.89044,76.62297,83.873856
2021-08-24 05:15:00,Chronos-2 (+가동 계획),71.96925,64.387024,71.96925,78.79858
2021-08-24 05:30:00,Chronos-2 (+가동 계획),89.882256,82.174965,89.882256,97.078735
2021-08-24 05:45:00,Chronos-2 (+가동 계획),100.777756,92.94985,100.777756,108.23818
2021-08-24 06:00:00,Chronos-2 (+가동 계획),103.78183,95.76784,103.78183,111.14993
2021-08-24 06:15:00,Chronos-2 (+가동 계획),104.41424,96.21222,104.41424,111.723114
2021-08-24 06:30:00,Chronos-2 (+가동 계획),101.25702,93.7625,101.25702,108.540726
2021-08-24 06:45:00,Chronos-2 (+가동 계획),101.704,93.456825,101.704,109.31564
2021-08-24 07:00:00,Chronos-2 (+가동 계획),104.01714,95.353516,104.01714,111.91617
2021-08-24 07:15:00,Chronos-2 (+가동 계획),115.249504,105.38823,115.249504,123.948456
2021-08-24 07:30:00,Chronos-2 (+가동 계획),139.11708,128.85345,139.11708,149.09113
2021-08-24 07:45:00,Chronos-2 (+가동 계획),139.65927,128.86589,139.65927,150.42691
2021-08-24 08:00:00,Chronos-2 (+가동 계획),166.69012,148.56499,166.69012,182.86377
2021-08-24 08:15:00,Chronos-2 (+가동 계획),183.72552,166.26392,183.72552,199.73193
2021-08-24 08:30:00,Chronos-2 (+가동 계획),185.35374,166.71097,185.35374,201.07327
2021-08-24 08:45:00,Chronos-2 (+가동 계획),180.6554,161.98648,180.6554,195.99681
2021-08-24 09:00:00,Chronos-2 (+가동 계획),175.84657,158.66783,175.84657,191.37904
2021-08-24 09:15:00,Chronos-2 (+가동 계획),175.10385,157.88602,175.10385,190.4974
2021-08-24 09:30:00,Chronos-2 (+가동 계획),177.1001,160.5618,177.1001,193.01682
2021-08-24 09:45:00,Chronos-2 (+가동 계획),178.09468,159.86145,178.09468,193.66243
2021-08-24 10:00:00,Chronos-2 (+가동 계획),148.53195,131.24896,148.53195,165.04977
2021-08-24 10:15:00,Chronos-2 (+가동 계획),175.24855,157.29378,175.24855,190.81529
2021-08-24 10:30:00,Chronos-2 (+가동 계획),176.90613,158.16565,176.90613,192.7149
2021-08-24 10:45:00,Chronos-2 (+가동 계획),177.81917,159.69249,177.81917,192.93938
2021-08-24 11:00:00,Chronos-2 (+가동 계획),177.91463,160.374,177.91463,193.68542
2021-08-24 11:15:00,Chronos-2 (+가동 계획),182.36511,163.82153,182.36511,197.74118
2021-08-24 11:30:00,Chronos-2 (+가동 계획),184.13348,165.67555,184.13348,200.14685
2021-08-24 11:45:00,Chronos-2 (+가동 계획),181.1628,162.4007,181.1628,197.67542
2021-08-24 12:00:00,Chronos-2 (+가동 계획),119.13911,102.1645,119.13911,136.73627
2021-08-24 12:15:00,Chronos-2 (+가동 계획),102.79584,86.32213,102.79584,118.47423
2021-08-24 12:30:00,Chronos-2 (+가동 계획),104.54918,86.781,104.54918,120.59107
2021-08-24 12:45:00,Chronos-2 (+가동 계획),122.10028,102.57493,122.10028,140.77237
2021-08-24 13:00:00,Chronos-2 (+가동 계획),168.43985,147.58833,168.43985,186.41647
2021-08-24 13:15:00,Chronos-2 (+가동 계획),174.94275,154.68092,174.94275,193.68707
2021-08-24 13:30:00,Chronos-2 (+가동 계획),177.57266,157.75323,177.57266,195.6669
2021-08-24 13:45:00,Chronos-2 (+가동 계획),181.36908,161.29305,181.36908,198.80711
2021-08-24 14:00:00,Chronos-2 (+가동 계획),177.49167,157.02905,177.49167,195.33252
2021-08-24 14:15:00,Chronos-2 (+가동 계획),172.80232,151.16154,172.80232,190.09793
2021-08-24 14:30:00,Chronos-2 (+가동 계획),174.40762,152.1454,174.40762,192.85751
2021-08-24 14:45:00,Chronos-2 (+가동 계획),174.44238,152.50943,174.44238,192.94981
2021-08-24 15:00:00,Chronos-2 (+가동 계획),135.30965,114.33955,135.30965,155.43637
2021-08-24 15:15:00,Chronos-2 (+가동 계획),159.99513,136.25224,159.99513,179.51468
2021-08-24 15:30:00,Chronos-2 (+가동 계획),174.06458,151.20978,174.06458,192.97246
2021-08-24 15:45:00,Chronos-2 (+가동 계획),176.32811,153.57863,176.32811,194.84085
2021-08-24 16:00:00,Chronos-2 (+가동 계획),173.61795,152.03973,173.61795,189.47903
2021-08-24 16:15:00,Chronos-2 (+가동 계획),170.34885,149.62988,170.34885,187.74278
2021-08-24 16:30:00,Chronos-2 (+가동 계획),166.38504,144.7763,166.38504,183.52258
2021-08-24 16:45:00,Chronos-2 (+가동 계획),162.70978,139.58128,162.70978,180.25308
2021-08-24 17:00:00,Chronos-2 (+가동 계획),122.407265,102.02673,122.407265,140.91832
2021-08-24 17:15:00,Chronos-2 (+가동 계획),113.194336,93.51366,113.194336,131.9029
2021-08-24 17:30:00,Chronos-2 (+가동 계획),152.23566,128.72105,152.23566,170.0669
2021-08-24 17:45:00,Chronos-2 (+가동 계획),161.55484,137.22633,161.55484,179.63867
2021-08-24 18:00:00,Chronos-2 (+가동 계획),160.02213,135.78189,160.02213,177.06055
2021-08-24 18:15:00,Chronos-2 (+가동 계획),159.95053,136.86938,159.95053,177.19165
2021-08-24 18:30:00,Chronos-2 (+가동 계획),160.62784,136.73744,160.62784,178.74733
2021-08-24 18:45:00,Chronos-2 (+가동 계획),159.32387,136.20593,159.32387,176.74515
2021-08-24 19:00:00,Chronos-2 (+가동 계획),154.02527,132.26512,154.02527,171.19691
2021-08-24 19:15:00,Chronos-2 (+가동 계획),147.40614,125.258804,147.40614,164.5831
2021-08-24 19:30:00,Chronos-2 (+가동 계획),144.39323,123.45072,144.39323,161.22232
2021-08-24 19:45:00,Chronos-2 (+가동 계획),127.00078,106.85663,127.00078,143.12898
2021-08-24 20:00:00,Chronos-2 (+가동 계획),114.77873,101.80148,114.77873,126.6662
2021-08-24 20:15:00,Chronos-2 (+가동 계획),122.39052,109.95184,122.39052,132.89102
2021-08-24 20:30:00,Chronos-2 (+가동 계획),123.35745,111.27817,123.35745,133.77881
2021-08-24 20:45:00,Chronos-2 (+가동 계획),120.27871,108.142624,120.27871,130.54462
2021-08-24 21:00:00,Chronos-2 (+가동 계획),117.40149,105.71016,117.40149,128.0903
2021-08-24 21:15:00,Chronos-2 (+가동 계획),115.29328,103.31957,115.29328,126.07858
2021-08-24 21:30:00,Chronos-2 (+가동 계획),115.7089,104.21523,115.7089,126.09468
2021-08-24 21:45:00,Chronos-2 (+가동 계획),115.09893,103.40965,115.09893,125.65646
2021-08-24 22:00:00,Chronos-2 (+가동 계획),100.80745,88.45251,100.80745,111.32464
2021-08-24 22:15:00,Chronos-2 (+가동 계획),112.288475,100.48294,112.288475,122.42335
2021-08-24 22:30:00,Chronos-2 (+가동 계획),111.55543,99.73938,111.55543,122.29657
2021-08-24 22:45:00,Chronos-2 (+가동 계획),110.67235,99.30416,110.67235,120.77968
2021-08-24 23:00:00,Chronos-2 (+가동 계획),110.61998,99.349594,110.61998,120.37167
2021-08-24 23:15:00,Chronos-2 (+가동 계획),108.08019,96.455605,108.08019,118.10267
2021-08-24 23:30:00,Chronos-2 (+가동 계획),103.01955,91.54801,103.01955,112.48725
2021-08-24 23:45:00,Chronos-2 (+가동 계획),85.18574,73.998566,85.18574,95.2238
2021-08-25 00:00:00,Chronos-2 (+가동 계획),76.20514,69.41782,76.20514,81.980606
2021-08-25 00:15:00,Chronos-2 (+가동 계획),73.06471,66.74405,73.06471,79.68565
2021-08-25 00:30:00,Chronos-2 (+가동 계획),70.2082,63.419174,70.2082,76.72255
2021-08-25 00:45:00,Chronos-2 (+가동 계획),67.44117,60.58425,67.44117,74.59371
2021-08-25 01:00:00,Chronos-2 (+가동 계획),93.02045,85.591866,93.02045,100.472176
2021-08-25 01:15:00,Chronos-2 (+가동 계획),103.03536,95.32869,103.03536,110.649666
2021-08-25 01:30:00,Chronos-2 (+가동 계획),105.5724,98.28065,105.5724,113.455246
2021-08-25 01:45:00,Chronos-2 (+가동 계획),105.57178,97.901855,105.57178,113.82535
2021-08-25 02:00:00,Chronos-2 (+가동 계획),105.37514,97.87682,105.37514,112.86962
2021-08-25 02:15:00,Chronos-2 (+가동 계획),105.96796,98.398766,105.96796,113.26497
2021-08-25 02:30:00,Chronos-2 (+가동 계획),105.25639,97.91229,105.25639,112.83234
2021-08-25 02:45:00,Chronos-2 (+가동 계획),106.01833,98.47359,106.01833,113.931526
2021-08-25 03:00:00,Chronos-2 (+가동 계획),94.32403,86.55941,94.32403,101.6904
2021-08-25 03:15:00,Chronos-2 (+가동 계획),105.45321,97.56234,105.45321,113.13399
2021-08-25 03:30:00,Chronos-2 (+가동 계획),106.97915,99.03082,106.97915,115.39112
2021-08-25 03:45:00,Chronos-2 (+가동 계획),105.37141,97.62196,105.37141,113.15095
2021-08-25 04:00:00,Chronos-2 (+가동 계획),104.73938,97.43833,104.73938,112.3761
2021-08-25 04:15:00,Chronos-2 (+가동 계획),105.83726,98.87539,105.83726,113.53911
2021-08-25 04:30:00,Chronos-2 (+가동 계획),102.24646,94.35997,102.24646,109.835945
2021-08-25 04:45:00,Chronos-2 (+가동 계획),100.62435,92.190674,100.62435,108.368965
2021-08-25 05:00:00,Chronos-2 (+가동 계획),80.6363,72.99681,80.6363,88.28878
2021-08-25 05:15:00,Chronos-2 (+가동 계획),75.63548,68.4256,75.63548,82.66709
2021-08-25 05:30:00,Chronos-2 (+가동 계획),94.43836,86.895515,94.43836,102.22023
2021-08-25 05:45:00,Chronos-2 (+가동 계획),104.68892,97.01033,104.68892,112.40511
2021-08-25 06:00:00,Chronos-2 (+가동 계획),109.07173,101.07132,109.07173,117.12849
2021-08-25 06:15:00,Chronos-2 (+가동 계획),109.65732,101.534035,109.65732,117.34748
2021-08-25 06:30:00,Chronos-2 (+가동 계획),106.58049,98.877594,106.58049,114.19917
2021-08-25 06:45:00,Chronos-2 (+가동 계획),109.03549,100.71507,109.03549,116.89101
2021-08-25 07:00:00,Chronos-2 (+가동 계획),110.75658,102.02458,110.75658,118.95421
2021-08-25 07:15:00,Chronos-2 (+가동 계획),119.65993,110.089584,119.65993,128.43774
2021-08-25 07:30:00,Chronos-2 (+가동 계획),144.94745,135.5524,144.94745,154.91513
2021-08-25 07:45:00,Chronos-2 (+가동 계획),145.08165,134.66489,145.08165,155.4589
2021-08-25 08:00:00,Chronos-2 (+가동 계획),168.6357,154.60239,168.6357,182.34726
2021-08-25 08:15:00,Chronos-2 (+가동 계획),187.52625,173.47331,187.52625,200.96165
2021-08-25 08:30:00,Chronos-2 (+가동 계획),189.66411,174.35202,189.66411,202.39236
2021-08-25 08:45:00,Chronos-2 (+가동 계획),186.20317,171.77179,186.20317,198.72562
2021-08-25 09:00:00,Chronos-2 (+가동 계획),179.72089,165.69487,179.72089,192.67285
2021-08-25 09:15:00,Chronos-2 (+가동 계획),179.58025,165.8389,179.58025,192.42523
2021-08-25 09:30:00,Chronos-2 (+가동 계획),179.48526,165.84302,179.48526,191.95807
2021-08-25 09:45:00,Chronos-2 (+가동 계획),181.26332,166.47002,181.26332,194.00314
2021-08-25 10:00:00,Chronos-2 (+가동 계획),151.00575,137.60005,151.00575,163.86508
2021-08-25 10:15:00,Chronos-2 (+가동 계획),178.5215,164.21387,178.5215,191.13492
2021-08-25 10:30:00,Chronos-2 (+가동 계획),178.34735,164.04398,178.34735,190.59555
2021-08-25 10:45:00,Chronos-2 (+가동 계획),179.37572,165.2069,179.37572,191.21805
2021-08-25 11:00:00,Chronos-2 (+가동 계획),179.17413,165.14706,179.17413,191.84915
2021-08-25 11:15:00,Chronos-2 (+가동 계획),184.62927,169.89838,184.62927,197.03514
2021-08-25 11:30:00,Chronos-2 (+가동 계획),187.02803,172.1034,187.02803,199.92944
2021-08-25 11:45:00,Chronos-2 (+가동 계획),184.0603,169.57352,184.0603,197.94104
2021-08-25 12:00:00,Chronos-2 (+가동 계획),122.42742,109.19047,122.42742,135.89941
2021-08-25 12:15:00,Chronos-2 (+가동 계획),106.74544,92.97201,106.74544,118.743164
2021-08-25 12:30:00,Chronos-2 (+가동 계획),106.70392,92.15458,106.70392,119.317055
2021-08-25 12:45:00,Chronos-2 (+가동 계획),125.11737,109.96951,125.11737,138.95912
2021-08-25 13:00:00,Chronos-2 (+가동 계획),170.69202,154.05615,170.69202,185.56967
2021-08-25 13:15:00,Chronos-2 (+가동 계획),177.28333,160.92957,177.28333,192.65274
2021-08-25 13:30:00,Chronos-2 (+가동 계획),180.18506,164.47556,180.18506,195.55351
2021-08-25 13:45:00,Chronos-2 (+가동 계획),184.51349,168.20166,184.51349,199.58911
2021-08-25 14:00:00,Chronos-2 (+가동 계획),182.67218,166.82504,182.67218,197.41339
2021-08-25 14:15:00,Chronos-2 (+가동 계획),177.82861,160.29076,177.82861,191.94798
2021-08-25 14:30:00,Chronos-2 (+가동 계획),179.4144,161.62744,179.4144,194.64844
2021-08-25 14:45:00,Chronos-2 (+가동 계획),180.20728,162.88707,180.20728,196.19885
2021-08-25 15:00:00,Chronos-2 (+가동 계획),138.68076,121.87021,138.68076,155.21523
2021-08-25 15:15:00,Chronos-2 (+가동 계획),166.98193,147.90521,166.98193,183.41606
2021-08-25 15:30:00,Chronos-2 (+가동 계획),179.10117,159.9212,179.10117,195.2952
2021-08-25 15:45:00,Chronos-2 (+가동 계획),182.07365,164.11139,182.07365,198.21907
2021-08-25 16:00:00,Chronos-2 (+가동 계획),179.64062,163.31607,179.64062,193.1854
2021-08-25 16:15:00,Chronos-2 (+가동 계획),175.59459,159.6709,175.59459,190.59964
2021-08-25 16:30:00,Chronos-2 (+가동 계획),171.12271,153.64087,171.12271,185.53278
2021-08-25 16:45:00,Chronos-2 (+가동 계획),167.4285,148.70366,167.4285,182.60333
2021-08-25 17:00:00,Chronos-2 (+가동 계획),124.4321,108.49661,124.4321,139.87495
2021-08-25 17:15:00,Chronos-2 (+가동 계획),114.79127,99.25236,114.79127,129.36896
2021-08-25 17:30:00,Chronos-2 (+가동 계획),155.95917,137.72725,155.95917,171.12671
2021-08-25 17:45:00,Chronos-2 (+가동 계획),165.25972,146.48024,165.25972,180.78683
2021-08-25 18:00:00,Chronos-2 (+가동 계획),164.07379,145.12985,164.07379,178.55106
2021-08-25 18:15:00,Chronos-2 (+가동 계획),164.25403,145.93617,164.25403,178.8226
2021-08-25 18:30:00,Chronos-2 (+가동 계획),164.55814,145.77223,164.55814,179.67639
2021-08-25 18:45:00,Chronos-2 (+가동 계획),164.00131,146.04027,164.00131,178.70665
2021-08-25 19:00:00,Chronos-2 (+가동 계획),158.97348,142.05206,158.97348,173.66113
2021-08-25 19:15:00,Chronos-2 (+가동 계획),150.3937,132.95427,150.3937,164.53578
2021-08-25 19:30:00,Chronos-2 (+가동 계획),146.01317,130.26337,146.01317,160.74908
2021-08-25 19:45:00,Chronos-2 (+가동 계획),127.45313,112.15353,127.45313,141.13579
2021-08-25 20:00:00,Chronos-2 (+가동 계획),115.701614,104.95384,115.701614,126.60974
2021-08-25 20:15:00,Chronos-2 (+가동 계획),125.083176,114.67149,125.083176,134.6187
2021-08-25 20:30:00,Chronos-2 (+가동 계획),126.14422,115.33593,126.14422,135.74591
2021-08-25 20:45:00,Chronos-2 (+가동 계획),122.69934,112.509674,122.69934,132.13423
2021-08-25 21:00:00,Chronos-2 (+가동 계획),119.02593,109.04857,119.02593,128.83931
2021-08-25 21:15:00,Chronos-2 (+가동 계획),116.79313,106.93197,116.79313,126.72691
2021-08-25 21:30:00,Chronos-2 (+가동 계획),116.6525,106.739174,116.6525,126.47136
2021-08-25 21:45:00,Chronos-2 (+가동 계획),116.52907,106.3643,116.52907,126.59804
2021-08-25 22:00:00,Chronos-2 (+가동 계획),103.77592,93.12844,103.77592,113.59093
2021-08-25 22:15:00,Chronos-2 (+가동 계획),114.873634,104.543076,114.873634,124.5242
2021-08-25 22:30:00,Chronos-2 (+가동 계획),113.53832,103.304825,113.53832,123.599304
2021-08-25 22:45:00,Chronos-2 (+가동 계획),112.3887,102.39155,112.3887,122.011185
2021-08-25 23:00:00,Chronos-2 (+가동 계획),110.54529,100.61212,110.54529,120.18345
2021-08-25 23:15:00,Chronos-2 (+가동 계획),107.83101,97.704544,107.83101,117.691086
2021-08-25 23:30:00,Chronos-2 (+가동 계획),105.62508,95.252686,105.62508,115.07627
2021-08-25 23:45:00,Chronos-2 (+가동 계획),86.58794,76.943855,86.58794,96.10673
2021-08-26 00:00:00,Chronos-2 (+가동 계획),75.56343,67.98658,75.56343,82.49772
2021-08-26 00:15:00,Chronos-2 (+가동 계획),73.118515,65.877045,73.118515,80.458885
2021-08-26 00:30:00,Chronos-2 (+가동 계획),70.599205,63.18226,70.599205,77.6808
2021-08-26 00:45:00,Chronos-2 (+가동 계획),67.96648,60.578087,67.96648,75.471466
2021-08-26 01:00:00,Chronos-2 (+가동 계획),93.23881,85.48142,93.23881,100.56169
2021-08-26 01:15:00,Chronos-2 (+가동 계획),104.59753,96.51167,104.59753,112.48441
2021-08-26 01:30:00,Chronos-2 (+가동 계획),106.18556,98.58056,106.18556,114.20524
2021-08-26 01:45:00,Chronos-2 (+가동 계획),106.672455,98.804985,106.672455,114.94501
2021-08-26 02:00:00,Chronos-2 (+가동 계획),107.27675,99.64522,107.27675,114.8045
2021-08-26 02:15:00,Chronos-2 (+가동 계획),107.5954,99.75009,107.5954,114.98596
2021-08-26 02:30:00,Chronos-2 (+가동 계획),106.09395,98.47324,106.09395,113.69478
2021-08-26 02:45:00,Chronos-2 (+가동 계획),106.97595,99.19636,106.97595,114.85126
2021-08-26 03:00:00,Chronos-2 (+가동 계획),94.98679,86.9791,94.98679,102.58909
2021-08-26 03:15:00,Chronos-2 (+가동 계획),105.79021,97.64316,105.79021,113.67648
2021-08-26 03:30:00,Chronos-2 (+가동 계획),107.60916,99.4827,107.60916,115.979126
2021-08-26 03:45:00,Chronos-2 (+가동 계획),106.61395,98.73697,106.61395,114.306206
2021-08-26 04:00:00,Chronos-2 (+가동 계획),105.98831,98.302765,105.98831,113.88958
2021-08-26 04:15:00,Chronos-2 (+가동 계획),107.15249,99.76161,107.15249,115.06582
2021-08-26 04:30:00,Chronos-2 (+가동 계획),104.3447,96.2364,104.3447,112.445755
2021-08-26 04:45:00,Chronos-2 (+가동 계획),101.703896,93.354744,101.703896,109.755165
2021-08-26 05:00:00,Chronos-2 (+가동 계획),82.75558,74.64046,82.75558,90.686455
2021-08-26 05:15:00,Chronos-2 (+가동 계획),77.039856,69.41037,77.039856,84.46393
2021-08-26 05:30:00,Chronos-2 (+가동 계획),93.81821,85.88306,93.81821,101.83059
2021-08-26 05:45:00,Chronos-2 (+가동 계획),105.83038,97.68139,105.83038,113.95799
2021-08-26 06:00:00,Chronos-2 (+가동 계획),109.21698,100.74926,109.21698,117.58342
2021-08-26 06:15:00,Chronos-2 (+가동 계획),109.235466,100.7331,109.235466,117.114006
2021-08-26 06:30:00,Chronos-2 (+가동 계획),105.837524,97.83242,105.837524,113.84358
2021-08-26 06:45:00,Chronos-2 (+가동 계획),108.32818,99.77227,108.32818,116.512535
2021-08-26 07:00:00,Chronos-2 (+가동 계획),110.14202,101.23708,110.14202,118.65124
2021-08-26 07:15:00,Chronos-2 (+가동 계획),120.914055,111.31256,120.914055,129.50761
2021-08-26 07:30:00,Chronos-2 (+가동 계획),144.11308,135.08315,144.11308,153.30765
2021-08-26 07:45:00,Chronos-2 (+가동 계획),144.65918,134.65894,144.65918,154.1919
2021-08-26 08:00:00,Chronos-2 (+가동 계획),165.6094,151.68161,165.6094,179.04822
2021-08-26 08:15:00,Chronos-2 (+가동 계획),181.63129,167.77682,181.63129,194.73508
2021-08-26 08:30:00,Chronos-2 (+가동 계획),184.23047,169.19226,184.23047,196.83173
2021-08-26 08:45:00,Chronos-2 (+가동 계획),180.3258,166.01324,180.3258,192.92038
2021-08-26 09:00:00,Chronos-2 (+가동 계획),173.31479,159.8874,173.31479,186.8292
2021-08-26 09:15:00,Chronos-2 (+가동 계획),175.16998,161.76302,175.16998,187.80774
2021-08-26 09:30:00,Chronos-2 (+가동 계획),175.68365,162.32799,175.68365,188.09172
2021-08-26 09:45:00,Chronos-2 (+가동 계획),177.53064,163.31339,177.53064,190.11983
2021-08-26 10:00:00,Chronos-2 (+가동 계획),148.65378,135.62921,148.65378,161.6318
2021-08-26 10:15:00,Chronos-2 (+가동 계획),175.2829,161.29083,175.2829,187.79239
2021-08-26 10:30:00,Chronos-2 (+가동 계획),176.20647,162.22375,176.20647,188.72522
2021-08-26 10:45:00,Chronos-2 (+가동 계획),177.59012,163.60489,177.59012,189.53311
2021-08-26 11:00:00,Chronos-2 (+가동 계획),177.01907,163.37943,177.01907,189.77196
2021-08-26 11:15:00,Chronos-2 (+가동 계획),180.3728,166.1601,180.3728,192.65065
2021-08-26 11:30:00,Chronos-2 (+가동 계획),183.39325,168.94244,183.39325,196.11774
2021-08-26 11:45:00,Chronos-2 (+가동 계획),180.52986,166.56583,180.52986,194.26695
2021-08-26 12:00:00,Chronos-2 (+가동 계획),118.71878,106.20704,118.71878,131.50311
2021-08-26 12:15:00,Chronos-2 (+가동 계획),102.428665,89.87445,102.428665,114.37396
2021-08-26 12:30:00,Chronos-2 (+가동 계획),103.446754,89.70975,103.446754,115.88422
2021-08-26 12:45:00,Chronos-2 (+가동 계획),122.44049,108.08745,122.44049,135.3689
2021-08-26 13:00:00,Chronos-2 (+가동 계획),167.264,151.6756,167.264,181.4885
2021-08-26 13:15:00,Chronos-2 (+가동 계획),173.80983,158.7092,173.80983,188.5538
2021-08-26 13:30:00,Chronos-2 (+가동 계획),174.94699,160.34471,174.94699,189.50067
2021-08-26 13:45:00,Chronos-2 (+가동 계획),179.00244,163.63539,179.00244,193.27693
2021-08-26 14:00:00,Chronos-2 (+가동 계획),177.18715,162.85379,177.18715,190.94193
2021-08-26 14:15:00,Chronos-2 (+가동 계획),172.8595,156.51277,172.8595,186.2516
2021-08-26 14:30:00,Chronos-2 (+가동 계획),174.61812,158.41394,174.61812,188.91023
2021-08-26 14:45:00,Chronos-2 (+가동 계획),175.88107,160.43918,175.88107,190.77002
2021-08-26 15:00:00,Chronos-2 (+가동 계획),137.1641,121.572044,137.1641,152.2778
2021-08-26 15:15:00,Chronos-2 (+가동 계획),164.28314,147.61572,164.28314,179.12921
2021-08-26 15:30:00,Chronos-2 (+가동 계획),174.03925,156.5426,174.03925,188.72787
2021-08-26 15:45:00,Chronos-2 (+가동 계획),177.00603,160.73676,177.00603,192.01132
2021-08-26 16:00:00,Chronos-2 (+가동 계획),173.77258,158.40485,173.77258,187.39545
2021-08-26 16:15:00,Chronos-2 (+가동 계획),170.0183,154.70178,170.0183,184.66998
2021-08-26 16:30:00,Chronos-2 (+가동 계획),165.9689,149.24188,165.9689,180.1417
2021-08-26 16:45:00,Chronos-2 (+가동 계획),163.26852,145.82068,163.26852,178.10165
2021-08-26 17:00:00,Chronos-2 (+가동 계획),123.16756,108.559135,123.16756,137.91728
2021-08-26 17:15:00,Chronos-2 (+가동 계획),115.49967,100.99104,115.49967,129.6815
2021-08-26 17:30:00,Chronos-2 (+가동 계획),153.73285,137.3543,153.73285,168.26398
2021-08-26 17:45:00,Chronos-2 (+가동 계획),162.69138,145.93109,162.69138,177.39777
2021-08-26 18:00:00,Chronos-2 (+가동 계획),161.6474,144.46167,161.6474,175.46893
2021-08-26 18:15:00,Chronos-2 (+가동 계획),162.0138,145.16171,162.0138,175.68637
2021-08-26 18:30:00,Chronos-2 (+가동 계획),162.35355,145.36127,162.35355,176.70224
2021-08-26 18:45:00,Chronos-2 (+가동 계획),161.36409,144.77951,161.36409,175.3412
2021-08-26 19:00:00,Chronos-2 (+가동 계획),156.2837,140.43585,156.2837,170.27429
2021-08-26 19:15:00,Chronos-2 (+가동 계획),148.15704,131.68286,148.15704,161.91109
2021-08-26 19:30:00,Chronos-2 (+가동 계획),143.80426,128.66727,143.80426,158.43127
2021-08-26 19:45:00,Chronos-2 (+가동 계획),127.35147,112.51207,127.35147,141.04247
2021-08-26 20:00:00,Chronos-2 (+가동 계획),114.77791,103.72473,114.77791,125.56258
2021-08-26 20:15:00,Chronos-2 (+가동 계획),122.95072,112.71879,122.95072,132.7925
2021-08-26 20:30:00,Chronos-2 (+가동 계획),123.94565,113.558624,123.94565,133.90034
2021-08-26 20:45:00,Chronos-2 (+가동 계획),121.83559,111.84769,121.83559,131.31813
2021-08-26 21:00:00,Chronos-2 (+가동 계획),119.24867,109.171844,119.24867,128.97229
2021-08-26 21:15:00,Chronos-2 (+가동 계획),118.367546,108.26971,118.367546,128.30804
2021-08-26 21:30:00,Chronos-2 (+가동 계획),117.58917,107.59752,117.58917,127.416084
2021-08-26 21:45:00,Chronos-2 (+가동 계획),117.144875,106.88868,117.144875,127.26922
2021-08-26 22:00:00,Chronos-2 (+가동 계획),105.232925,94.58087,105.232925,115.02698
2021-08-26 22:15:00,Chronos-2 (+가동 계획),115.39396,104.91007,115.39396,125.07869
2021-08-26 22:30:00,Chronos-2 (+가동 계획),113.86118,103.47747,113.86118,123.89483
2021-08-26 22:45:00,Chronos-2 (+가동 계획),113.32173,103.15824,113.32173,123.01898
2021-08-26 23:00:00,Chronos-2 (+가동 계획),112.16902,102.00006,112.16902,121.7746
2021-08-26 23:15:00,Chronos-2 (+가동 계획),109.522835,99.168205,109.522835,119.45228
2021-08-26 23:30:00,Chronos-2 (+가동 계획),106.00658,95.55216,106.00658,115.44957
2021-08-26 23:45:00,Chronos-2 (+가동 계획),88.1698,78.250916,88.1698,97.835754
2021-08-27 00:00:00,Chronos-2 (+가동 계획),77.95591,70.654755,77.95591,84.33118
2021-08-27 00:15:00,Chronos-2 (+가동 계획),75.52971,68.73192,75.52971,82.488495
2021-08-27 00:30:00,Chronos-2 (+가동 계획),72.8734,65.97949,72.8734,79.51741
2021-08-27 00:45:00,Chronos-2 (+가동 계획),69.41081,62.43803,69.41081,76.46843
2021-08-27 01:00:00,Chronos-2 (+가동 계획),94.461815,87.19342,94.461815,101.32594
2021-08-27 01:15:00,Chronos-2 (+가동 계획),107.57793,99.79318,107.57793,114.90306
2021-08-27 01:30:00,Chronos-2 (+가동 계획),109.00012,101.87018,109.00012,116.52316
2021-08-27 01:45:00,Chronos-2 (+가동 계획),109.02803,101.607834,109.02803,116.81359
2021-08-27 02:00:00,Chronos-2 (+가동 계획),110.324036,103.31227,110.324036,117.34263
2021-08-27 02:15:00,Chronos-2 (+가동 계획),109.81853,102.46446,109.81853,116.66765
2021-08-27 02:30:00,Chronos-2 (+가동 계획),108.735115,101.5461,108.735115,115.94803
2021-08-27 02:45:00,Chronos-2 (+가동 계획),110.64032,103.32199,110.64032,117.91857
2021-08-27 03:00:00,Chronos-2 (+가동 계획),96.38836,88.78159,96.38836,103.58361
2021-08-27 03:15:00,Chronos-2 (+가동 계획),107.352936,99.85254,107.352936,114.787735
2021-08-27 03:30:00,Chronos-2 (+가동 계획),108.91315,101.21546,108.91315,116.792564
2021-08-27 03:45:00,Chronos-2 (+가동 계획),108.40573,100.94119,108.40573,115.71266
2021-08-27 04:00:00,Chronos-2 (+가동 계획),108.52445,101.12987,108.52445,116.13426
2021-08-27 04:15:00,Chronos-2 (+가동 계획),110.31739,103.164856,110.31739,117.90169
2021-08-27 04:30:00,Chronos-2 (+가동 계획),107.661026,99.90029,107.661026,115.59239
2021-08-27 04:45:00,Chronos-2 (+가동 계획),104.38469,96.55887,104.38469,112.14764
2021-08-27 05:00:00,Chronos-2 (+가동 계획),84.402534,76.60695,84.402534,91.971535
2021-08-27 05:15:00,Chronos-2 (+가동 계획),78.485405,71.059845,78.485405,85.62977
2021-08-27 05:30:00,Chronos-2 (+가동 계획),95.701515,87.97384,95.701515,103.55972
2021-08-27 05:45:00,Chronos-2 (+가동 계획),108.33544,100.54078,108.33544,116.1887
2021-08-27 06:00:00,Chronos-2 (+가동 계획),109.51564,101.615585,109.51564,117.41871
2021-08-27 06:15:00,Chronos-2 (+가동 계획),108.94246,100.8185,108.94246,116.43287
2021-08-27 06:30:00,Chronos-2 (+가동 계획),107.23392,99.60599,107.23392,114.97256
2021-08-27 06:45:00,Chronos-2 (+가동 계획),110.55726,102.41016,110.55726,118.403145
2021-08-27 07:00:00,Chronos-2 (+가동 계획),112.16255,103.598465,112.16255,120.299484
2021-08-27 07:15:00,Chronos-2 (+가동 계획),124.57745,115.256546,124.57745,132.86197
2021-08-27 07:30:00,Chronos-2 (+가동 계획),149.24353,140.26044,149.24353,158.47162
2021-08-27 07:45:00,Chronos-2 (+가동 계획),147.98676,138.53384,147.98676,157.28354
2021-08-27 08:00:00,Chronos-2 (+가동 계획),172.76285,159.67273,172.76285,185.46399
2021-08-27 08:15:00,Chronos-2 (+가동 계획),188.62723,175.8316,188.62723,201.01157
2021-08-27 08:30:00,Chronos-2 (+가동 계획),190.16795,176.18082,190.16795,201.857
2021-08-27 08:45:00,Chronos-2 (+가동 계획),187.51758,175.0386,187.51758,199.40656
2021-08-27 09:00:00,Chronos-2 (+가동 계획),181.49065,168.42169,181.49065,194.0
2021-08-27 09:15:00,Chronos-2 (+가동 계획),182.8587,170.36084,182.8587,195.15457
2021-08-27 09:30:00,Chronos-2 (+가동 계획),183.0198,170.36429,183.0198,195.10287
2021-08-27 09:45:00,Chronos-2 (+가동 계획),185.76132,172.28262,185.76132,198.02473
2021-08-27 10:00:00,Chronos-2 (+가동 계획),154.6725,142.08994,154.6725,167.17209
2021-08-27 10:15:00,Chronos-2 (+가동 계획),181.9173,168.77145,181.9173,194.05426
2021-08-27 10:30:00,Chronos-2 (+가동 계획),183.0158,170.2487,183.0158,194.79318
2021-08-27 10:45:00,Chronos-2 (+가동 계획),185.03093,171.66003,185.03093,196.41522
2021-08-27 11:00:00,Chronos-2 (+가동 계획),183.9122,171.18332,183.9122,196.06366
2021-08-27 11:15:00,Chronos-2 (+가동 계획),187.0983,173.93451,187.0983,198.7781
2021-08-27 11:30:00,Chronos-2 (+가동 계획),190.65884,177.39423,190.65884,202.67662
2021-08-27 11:45:00,Chronos-2 (+가동 계획),187.9001,174.43474,187.9001,201.03455
2021-08-27 12:00:00,Chronos-2 (+가동 계획),121.304825,108.709625,121.304825,134.50531
2021-08-27 12:15:00,Chronos-2 (+가동 계획),103.394066,90.70876,103.394066,115.713425
2021-08-27 12:30:00,Chronos-2 (+가동 계획),104.817276,90.885765,104.817276,117.55523
2021-08-27 12:45:00,Chronos-2 (+가동 계획),127.711136,113.65075,127.711136,140.89268
2021-08-27 13:00:00,Chronos-2 (+가동 계획),173.56473,158.21829,173.56473,187.95018
2021-08-27 13:15:00,Chronos-2 (+가동 계획),180.00104,165.20175,180.00104,194.72243
2021-08-27 13:30:00,Chronos-2 (+가동 계획),181.58511,167.74432,181.58511,196.12743
2021-08-27 13:45:00,Chronos-2 (+가동 계획),186.31842,172.18881,186.31842,200.68488
2021-08-27 14:00:00,Chronos-2 (+가동 계획),183.61197,169.34993,183.61197,197.3688
2021-08-27 14:15:00,Chronos-2 (+가동 계획),178.62393,162.43768,178.62393,191.9995
2021-08-27 14:30:00,Chronos-2 (+가동 계획),181.59415,166.04016,181.59415,195.86646
2021-08-27 14:45:00,Chronos-2 (+가동 계획),182.96295,168.25899,182.96295,197.6781
2021-08-27 15:00:00,Chronos-2 (+가동 계획),141.45306,125.589676,141.45306,157.07535
2021-08-27 15:15:00,Chronos-2 (+가동 계획),171.34685,154.43271,171.34685,186.0563
2021-08-27 15:30:00,Chronos-2 (+가동 계획),182.08888,165.29172,182.08888,196.74844
2021-08-27 15:45:00,Chronos-2 (+가동 계획),184.10158,168.12497,184.10158,198.80498
2021-08-27 16:00:00,Chronos-2 (+가동 계획),180.46451,166.06631,180.46451,192.95993
2021-08-27 16:15:00,Chronos-2 (+가동 계획),175.8516,161.40479,175.8516,189.76556
2021-08-27 16:30:00,Chronos-2 (+가동 계획),170.82718,155.20317,170.82718,184.12599
2021-08-27 16:45:00,Chronos-2 (+가동 계획),165.4254,149.48079,165.4254,179.59644
2021-08-27 17:00:00,Chronos-2 (+가동 계획),124.212616,110.795,124.212616,138.2707
2021-08-27 17:15:00,Chronos-2 (+가동 계획),116.917496,103.44978,116.917496,129.93253
2021-08-27 17:30:00,Chronos-2 (+가동 계획),157.59543,142.5969,157.59543,171.03696
2021-08-27 17:45:00,Chronos-2 (+가동 계획),168.39742,152.98288,168.39742,182.41315
2021-08-27 18:00:00,Chronos-2 (+가동 계획),165.70993,149.7818,165.70993,178.7955
2021-08-27 18:15:00,Chronos-2 (+가동 계획),165.56064,149.44608,165.56064,178.62317
2021-08-27 18:30:00,Chronos-2 (+가동 계획),165.96246,149.8268,165.96246,179.65607
2021-08-27 18:45:00,Chronos-2 (+가동 계획),165.23209,149.1034,165.23209,178.69788
2021-08-27 19:00:00,Chronos-2 (+가동 계획),158.93839,143.56752,158.93839,172.4036
2021-08-27 19:15:00,Chronos-2 (+가동 계획),149.66907,133.43245,149.66907,163.05814
2021-08-27 19:30:00,Chronos-2 (+가동 계획),144.97647,130.06151,144.97647,159.41586
2021-08-27 19:45:00,Chronos-2 (+가동 계획),124.57775,110.14585,124.57775,138.03644
2021-08-27 20:00:00,Chronos-2 (+가동 계획),111.63089,101.253296,111.63089,121.83891
2021-08-27 20:15:00,Chronos-2 (+가동 계획),120.16229,110.721436,120.16229,129.6442
2021-08-27 20:30:00,Chronos-2 (+가동 계획),121.95409,112.1891,121.95409,131.48235
2021-08-27 20:45:00,Chronos-2 (+가동 계획),120.09985,110.76618,120.09985,129.13446
2021-08-27 21:00:00,Chronos-2 (+가동 계획),118.084404,108.55612,118.084404,127.31131
2021-08-27 21:15:00,Chronos-2 (+가동 계획),117.52344,108.045364,117.52344,126.9404
2021-08-27 21:30:00,Chronos-2 (+가동 계획),116.28949,106.87671,116.28949,125.60634
2021-08-27 21:45:00,Chronos-2 (+가동 계획),115.03765,105.526306,115.03765,124.73682
2021-08-27 22:00:00,Chronos-2 (+가동 계획),104.14135,94.16738,104.14135,113.3989
2021-08-27 22:15:00,Chronos-2 (+가동 계획),112.99588,103.184586,112.99588,122.06835
2021-08-27 22:30:00,Chronos-2 (+가동 계획),112.23798,102.46433,112.23798,121.70476
2021-08-27 22:45:00,Chronos-2 (+가동 계획),111.76523,102.2531,111.76523,120.96094
2021-08-27 23:00:00,Chronos-2 (+가동 계획),110.36965,100.78377,110.36965,119.609406
2021-08-27 23:15:00,Chronos-2 (+가동 계획),108.41434,98.643616,108.41434,117.98288
2021-08-27 23:30:00,Chronos-2 (+가동 계획),104.42612,94.38389,104.42612,113.69505
2021-08-27 23:45:00,Chronos-2 (+가동 계획),85.46669,76.000206,85.46669,94.93901
2021-08-28 00:00:00,Chronos-2 (+가동 계획),65.72441,57.705288,65.72441,73.093956
2021-08-28 00:15:00,Chronos-2 (+가동 계획),63.027153,55.165882,63.027153,70.67111
2021-08-28 00:30:00,Chronos-2 (+가동 계획),60.987675,53.129814,60.987675,68.34277
2021-08-28 00:45:00,Chronos-2 (+가동 계획),60.26455,52.001816,60.26455,68.091736
2021-08-28 01:00:00,Chronos-2 (+가동 계획),85.7386,77.921,85.7386,93.139244
2021-08-28 01:15:00,Chronos-2 (+가동 계획),96.065926,88.28205,96.065926,103.69552
2021-08-28 01:30:00,Chronos-2 (+가동 계획),98.45351,90.98724,98.45351,106.369225
2021-08-28 01:45:00,Chronos-2 (+가동 계획),99.45499,91.73187,99.45499,107.64983
2021-08-28 02:00:00,Chronos-2 (+가동 계획),101.336716,93.839584,101.336716,108.53824
2021-08-28 02:15:00,Chronos-2 (+가동 계획),102.010506,94.35,102.010506,109.10472
2021-08-28 02:30:00,Chronos-2 (+가동 계획),101.044846,93.22984,101.044846,108.6555
2021-08-28 02:45:00,Chronos-2 (+가동 계획),101.22128,93.59262,101.22128,108.6149
2021-08-28 03:00:00,Chronos-2 (+가동 계획),86.612335,78.45817,86.612335,93.96695
2021-08-28 03:15:00,Chronos-2 (+가동 계획),93.767944,86.13898,93.767944,101.62557
2021-08-28 03:30:00,Chronos-2 (+가동 계획),96.6101,88.55921,96.6101,104.568794
2021-08-28 03:45:00,Chronos-2 (+가동 계획),97.897255,90.08719,97.897255,105.7647
2021-08-28 04:00:00,Chronos-2 (+가동 계획),100.92642,93.102776,100.92642,110.697105
2021-08-28 04:15:00,Chronos-2 (+가동 계획),101.7245,93.51047,101.7245,111.52565
2021-08-28 04:30:00,Chronos-2 (+가동 계획),101.72997,92.901,101.72997,111.54116
2021-08-28 04:45:00,Chronos-2 (+가동 계획),99.59188,90.2907,99.59188,108.99998
2021-08-28 05:00:00,Chronos-2 (+가동 계획),89.93734,80.84216,89.93734,99.055984
2021-08-28 05:15:00,Chronos-2 (+가동 계획),87.79945,77.42417,87.79945,97.19583
2021-08-28 05:30:00,Chronos-2 (+가동 계획),95.979805,86.44967,95.979805,106.15907
2021-08-28 05:45:00,Chronos-2 (+가동 계획),100.320694,90.66855,100.320694,110.596855
2021-08-28 06:00:00,Chronos-2 (+가동 계획),98.92023,88.934525,98.92023,108.997665
2021-08-28 06:15:00,Chronos-2 (+가동 계획),97.989075,88.22012,97.989075,108.4776
2021-08-28 06:30:00,Chronos-2 (+가동 계획),95.3281,85.396034,95.3281,105.6165
2021-08-28 06:45:00,Chronos-2 (+가동 계획),92.81995,83.12904,92.81995,102.97717
2021-08-28 07:00:00,Chronos-2 (+가동 계획),90.535194,80.73938,90.535194,100.25572
2021-08-28 07:15:00,Chronos-2 (+가동 계획),82.090195,70.91663,82.090195,92.33035
2021-08-28 07:30:00,Chronos-2 (+가동 계획),52.748314,42.18817,52.748314,64.93557
2021-08-28 07:45:00,Chronos-2 (+가동 계획),28.720993,21.380196,28.720993,37.55782
2021-08-28 08:00:00,Chronos-2 (+가동 계획),22.82727,21.334816,22.82727,25.42279
2021-08-28 08:15:00,Chronos-2 (+가동 계획),22.847847,21.58303,22.847847,23.812187
2021-08-28 08:30:00,Chronos-2 (+가동 계획),23.04496,21.579735,23.04496,23.526451
2021-08-28 08:45:00,Chronos-2 (+가동 계획),22.61119,21.537506,22.61119,23.583183
2021-08-28 09:00:00,Chronos-2 (+가동 계획),22.600258,21.699478,22.600258,23.76294
2021-08-28 09:15:00,Chronos-2 (+가동 계획),22.750977,21.548447,22.750977,24.00061
2021-08-28 09:30:00,Chronos-2 (+가동 계획),22.86634,21.666267,22.86634,24.023727
2021-08-28 09:45:00,Chronos-2 (+가동 계획),22.751717,21.508873,22.751717,24.004456
2021-08-28 10:00:00,Chronos-2 (+가동 계획),22.736229,21.681229,22.736229,23.573303
2021-08-28 10:15:00,Chronos-2 (+가동 계획),22.704964,21.526451,22.704964,23.704826
2021-08-28 10:30:00,Chronos-2 (+가동 계획),23.039917,21.699043,23.039917,24.073715
2021-08-28 10:45:00,Chronos-2 (+가동 계획),22.983444,21.811874,22.983444,23.85659
2021-08-28 11:00:00,Chronos-2 (+가동 계획),23.346085,22.189743,23.346085,24.37545
2021-08-28 11:15:00,Chronos-2 (+가동 계획),22.970268,21.573448,22.970268,24.47573
2021-08-28 11:30:00,Chronos-2 (+가동 계획),23.109749,21.914482,23.109749,25.088066
2021-08-28 11:45:00,Chronos-2 (+가동 계획),22.807259,21.682343,22.807259,24.218971
2021-08-28 12:00:00,Chronos-2 (+가동 계획),22.530067,20.99086,22.530067,24.031532
2021-08-28 12:15:00,Chronos-2 (+가동 계획),22.535828,21.133087,22.535828,23.868431
2021-08-28 12:30:00,Chronos-2 (+가동 계획),22.855476,21.239502,22.855476,23.415276
2021-08-28 12:45:00,Chronos-2 (+가동 계획),22.617897,21.667877,22.617897,24.003883
2021-08-28 13:00:00,Chronos-2 (+가동 계획),22.41182,21.592667,22.41182,23.638779
2021-08-28 13:15:00,Chronos-2 (+가동 계획),22.529457,21.193031,22.529457,24.341393
2021-08-28 13:30:00,Chronos-2 (+가동 계획),22.648483,21.470512,22.648483,24.20102
2021-08-28 13:45:00,Chronos-2 (+가동 계획),22.832787,21.595863,22.832787,24.335548
2021-08-28 14:00:00,Chronos-2 (+가동 계획),22.643745,21.425232,22.643745,24.112267
2021-08-28 14:15:00,Chronos-2 (+가동 계획),22.89489,21.706085,22.89489,24.546509
2021-08-28 14:30:00,Chronos-2 (+가동 계획),23.01709,21.598625,23.01709,24.274002
2021-08-28 14:45:00,Chronos-2 (+가동 계획),23.12619,21.747635,23.12619,24.688416
2021-08-28 15:00:00,Chronos-2 (+가동 계획),23.122803,21.9066,23.122803,24.859436
2021-08-28 15:15:00,Chronos-2 (+가동 계획),23.053589,21.646027,23.053589,24.538857
2021-08-28 15:30:00,Chronos-2 (+가동 계획),22.976494,21.670166,22.976494,24.607994
2021-08-28 15:45:00,Chronos-2 (+가동 계획),22.773254,21.604683,22.773254,24.208107
2021-08-28 16:00:00,Chronos-2 (+가동 계획),22.938652,21.432335,22.938652,25.532303
2021-08-28 16:15:00,Chronos-2 (+가동 계획),22.603897,21.352448,22.603897,24.866096
2021-08-28 16:30:00,Chronos-2 (+가동 계획),22.732368,21.25299,22.732368,24.521988
2021-08-28 16:45:00,Chronos-2 (+가동 계획),22.62912,21.606476,22.62912,24.576576
2021-08-28 17:00:00,Chronos-2 (+가동 계획),22.828209,21.999664,22.828209,24.386444
2021-08-28 17:15:00,Chronos-2 (+가동 계획),23.005867,21.891129,23.005867,24.560501
2021-08-28 17:30:00,Chronos-2 (+가동 계획),22.693878,21.559006,22.693878,24.969376
2021-08-28 17:45:00,Chronos-2 (+가동 계획),22.944878,21.544037,22.944878,25.546013
2021-08-28 18:00:00,Chronos-2 (+가동 계획),22.972725,21.412292,22.972725,25.74736
2021-08-28 18:15:00,Chronos-2 (+가동 계획),22.97017,21.513374,22.97017,26.295822
2021-08-28 18:30:00,Chronos-2 (+가동 계획),23.14972,21.51979,23.14972,25.690666
2021-08-28 18:45:00,Chronos-2 (+가동 계획),23.084923,21.605011,23.084923,25.307144
2021-08-28 19:00:00,Chronos-2 (+가동 계획),23.139755,21.730965,23.139755,25.617455
2021-08-28 19:15:00,Chronos-2 (+가동 계획),22.817802,21.460548,22.817802,24.820404
2021-08-28 19:30:00,Chronos-2 (+가동 계획),22.64016,21.70536,22.64016,24.510544
2021-08-28 19:45:00,Chronos-2 (+가동 계획),22.372345,21.386337,22.372345,23.843666
2021-08-28 20:00:00,Chronos-2 (+가동 계획),22.647614,21.402191,22.647614,24.240868
2021-08-28 20:15:00,Chronos-2 (+가동 계획),22.569618,21.45211,22.569618,24.172707
2021-08-28 20:30:00,Chronos-2 (+가동 계획),22.687485,21.483139,22.687485,24.060234
2021-08-28 20:45:00,Chronos-2 (+가동 계획),22.638725,21.553398,22.638725,24.014366
2021-08-28 21:00:00,Chronos-2 (+가동 계획),22.60205,21.513947,22.60205,23.936607
2021-08-28 21:15:00,Chronos-2 (+가동 계획),22.809624,21.684296,22.809624,24.554794
2021-08-28 21:30:00,Chronos-2 (+가동 계획),22.944893,21.939713,22.944893,24.45678
2021-08-28 21:45:00,Chronos-2 (+가동 계획),22.883743,21.853745,22.883743,24.550888
2021-08-28 22:00:00,Chronos-2 (+가동 계획),22.972351,21.90284,22.972351,24.334702
2021-08-28 22:15:00,Chronos-2 (+가동 계획),23.26715,21.97496,23.26715,24.919678
2021-08-28 22:30:00,Chronos-2 (+가동 계획),23.275856,21.961212,23.275856,24.469284
2021-08-28 22:45:00,Chronos-2 (+가동 계획),23.259628,22.104584,23.259628,24.58506
2021-08-28 23:00:00,Chronos-2 (+가동 계획),23.293488,22.11959,23.293488,24.735474
2021-08-28 23:15:00,Chronos-2 (+가동 계획),23.135658,21.925507,23.135658,24.391487
2021-08-28 23:30:00,Chronos-2 (+가동 계획),22.763954,21.59629,22.763954,24.087791
2021-08-28 23:45:00,Chronos-2 (+가동 계획),22.439339,21.470749,22.439339,23.54145
2021-08-29 00:00:00,Chronos-2 (+가동 계획),38.233353,33.51938,38.233353,42.48752
2021-08-29 00:15:00,Chronos-2 (+가동 계획),38.279877,33.802826,38.279877,42.54553
2021-08-29 00:30:00,Chronos-2 (+가동 계획),38.54796,34.180305,38.54796,42.600075
2021-08-29 00:45:00,Chronos-2 (+가동 계획),39.186565,34.78453,39.186565,42.870224
2021-08-29 01:00:00,Chronos-2 (+가동 계획),39.242672,34.78748,39.242672,43.241917
2021-08-29 01:15:00,Chronos-2 (+가동 계획),39.38285,34.769825,39.38285,43.54734
2021-08-29 01:30:00,Chronos-2 (+가동 계획),39.698933,35.33125,39.698933,43.9096
2021-08-29 01:45:00,Chronos-2 (+가동 계획),39.62096,35.082348,39.62096,44.159355
2021-08-29 02:00:00,Chronos-2 (+가동 계획),39.82861,35.14147,39.82861,44.186375
2021-08-29 02:15:00,Chronos-2 (+가동 계획),40.51964,35.20756,40.51964,44.601727
2021-08-29 02:30:00,Chronos-2 (+가동 계획),39.847065,35.218246,39.847065,44.35882
2021-08-29 02:45:00,Chronos-2 (+가동 계획),39.965984,35.340218,39.965984,44.695576
2021-08-29 03:00:00,Chronos-2 (+가동 계획),39.976616,35.383957,39.976616,44.704353
2021-08-29 03:15:00,Chronos-2 (+가동 계획),40.11033,35.553936,40.11033,44.532974
2021-08-29 03:30:00,Chronos-2 (+가동 계획),39.866306,35.237965,39.866306,44.363094
2021-08-29 03:45:00,Chronos-2 (+가동 계획),39.965588,35.35403,39.965588,44.395233
2021-08-29 04:00:00,Chronos-2 (+가동 계획),40.033703,35.134933,40.033703,44.52339
2021-08-29 04:15:00,Chronos-2 (+가동 계획),40.070446,35.12094,40.070446,44.42168
2021-08-29 04:30:00,Chronos-2 (+가동 계획),40.11222,35.13917,40.11222,44.52941
2021-08-29 04:45:00,Chronos-2 (+가동 계획),40.253494,35.366108,40.253494,44.39878
2021-08-29 05:00:00,Chronos-2 (+가동 계획),40.29985,35.450573,40.29985,44.41811
2021-08-29 05:15:00,Chronos-2 (+가동 계획),40.267704,35.28713,40.267704,44.431007
2021-08-29 05:30:00,Chronos-2 (+가동 계획),40.545147,35.846066,40.545147,44.71846
2021-08-29 05:45:00,Chronos-2 (+가동 계획),40.346188,35.418488,40.346188,44.9563
2021-08-29 06:00:00,Chronos-2 (+가동 계획),40.589005,35.56214,40.589005,44.991512
2021-08-29 06:15:00,Chronos-2 (+가동 계획),41.3742,35.613266,41.3742,45.379642
2021-08-29 06:30:00,Chronos-2 (+가동 계획),40.789005,35.75061,40.789005,45.24312
2021-08-29 06:45:00,Chronos-2 (+가동 계획),40.988697,35.95103,40.988697,45.57472
2021-08-29 07:00:00,Chronos-2 (+가동 계획),41.169563,36.033367,41.169563,45.690002
2021-08-29 07:15:00,Chronos-2 (+가동 계획),41.40557,36.246326,41.40557,46.05602
2021-08-29 07:30:00,Chronos-2 (+가동 계획),41.224754,35.816196,41.224754,45.961292
2021-08-29 07:45:00,Chronos-2 (+가동 계획),41.35407,36.09924,41.35407,45.98235
2021-08-29 08:00:00,Chronos-2 (+가동 계획),41.244934,35.668816,41.244934,46.20819
2021-08-29 08:15:00,Chronos-2 (+가동 계획),41.390484,35.70005,41.390484,46.270027
2021-08-29 08:30:00,Chronos-2 (+가동 계획),41.52635,35.75216,41.52635,46.506634
2021-08-29 08:45:00,Chronos-2 (+가동 계획),41.593246,35.924847,41.593246,46.450542
2021-08-29 09:00:00,Chronos-2 (+가동 계획),41.586555,35.927032,41.586555,46.491817
2021-08-29 09:15:00,Chronos-2 (+가동 계획),41.863407,35.978172,41.863407,46.680893
2021-08-29 09:30:00,Chronos-2 (+가동 계획),41.998474,36.43201,41.998474,46.671856
2021-08-29 09:45:00,Chronos-2 (+가동 계획),41.72763,36.055103,41.72763,46.733482
2021-08-29 10:00:00,Chronos-2 (+가동 계획),41.981976,36.115177,41.981976,46.592594
2021-08-29 10:15:00,Chronos-2 (+가동 계획),42.622307,36.036697,42.622307,47.040863
2021-08-29 10:30:00,Chronos-2 (+가동 계획),42.076855,36.210056,42.076855,46.976933
2021-08-29 10:45:00,Chronos-2 (+가동 계획),42.28566,36.54422,42.28566,47.34473
2021-08-29 11:00:00,Chronos-2 (+가동 계획),42.503757,36.59924,42.503757,47.45049
2021-08-29 11:15:00,Chronos-2 (+가동 계획),42.620018,36.707245,42.620018,47.696854
2021-08-29 11:30:00,Chronos-2 (+가동 계획),42.440323,36.329594,42.440323,47.507862
2021-08-29 11:45:00,Chronos-2 (+가동 계획),42.427074,36.390068,42.427074,47.306274
2021-08-29 12:00:00,Chronos-2 (+가동 계획),42.000896,35.584618,42.000896,47.253223
2021-08-29 12:15:00,Chronos-2 (+가동 계획),42.03638,35.58726,42.03638,47.135193
2021-08-29 12:30:00,Chronos-2 (+가동 계획),42.173485,35.629486,42.173485,47.36837
2021-08-29 12:45:00,Chronos-2 (+가동 계획),42.41202,35.907166,42.41202,47.4837
2021-08-29 13:00:00,Chronos-2 (+가동 계획),42.251278,35.722523,42.251278,47.630867
2021-08-29 13:15:00,Chronos-2 (+가동 계획),42.773495,35.93966,42.773495,47.966805
2021-08-29 13:30:00,Chronos-2 (+가동 계획),42.95197,36.20747,42.95197,48.1195
2021-08-29 13:45:00,Chronos-2 (+가동 계획),42.750942,35.975227,42.750942,48.280483
2021-08-29 14:00:00,Chronos-2 (+가동 계획),42.745785,35.966137,42.745785,48.236702
2021-08-29 14:15:00,Chronos-2 (+가동 계획),43.441776,35.840916,43.441776,48.462124
2021-08-29 14:30:00,Chronos-2 (+가동 계획),42.869316,35.955627,42.869316,48.407284
2021-08-29 14:45:00,Chronos-2 (+가동 계획),43.09978,36.27885,43.09978,48.774345
2021-08-29 15:00:00,Chronos-2 (+가동 계획),43.286083,36.281265,43.286083,48.870277
2021-08-29 15:15:00,Chronos-2 (+가동 계획),43.422028,36.340195,43.422028,49.100147
2021-08-29 15:30:00,Chronos-2 (+가동 계획),43.268944,36.152874,43.268944,49.07428
2021-08-29 15:45:00,Chronos-2 (+가동 계획),43.343544,36.236927,43.343544,48.768875
2021-08-29 16:00:00,Chronos-2 (+가동 계획),43.711338,36.717167,43.711338,50.073635
2021-08-29 16:15:00,Chronos-2 (+가동 계획),43.807503,36.47903,43.807503,50.282444
2021-08-29 16:30:00,Chronos-2 (+가동 계획),43.67446,36.226215,43.67446,50.149555
2021-08-29 16:45:00,Chronos-2 (+가동 계획),43.48495,36.243355,43.48495,49.8198
2021-08-29 17:00:00,Chronos-2 (+가동 계획),43.416065,36.323685,43.416065,49.568485
2021-08-29 17:15:00,Chronos-2 (+가동 계획),43.380077,35.895237,43.380077,49.539124
2021-08-29 17:30:00,Chronos-2 (+가동 계획),43.65535,36.319324,43.65535,49.772224
2021-08-29 17:45:00,Chronos-2 (+가동 계획),43.329903,35.925056,43.329903,49.832375
2021-08-29 18:00:00,Chronos-2 (+가동 계획),43.523594,35.89308,43.523594,49.85364
2021-08-29 18:15:00,Chronos-2 (+가동 계획),44.039566,35.726997,44.039566,50.10266
2021-08-29 18:30:00,Chronos-2 (+가동 계획),43.375076,35.798588,43.375076,49.892834
2021-08-29 18:45:00,Chronos-2 (+가동 계획),43.600056,36.207172,43.600056,50.182003
2021-08-29 19:00:00,Chronos-2 (+가동 계획),43.861588,36.131123,43.861588,50.415203
2021-08-29 19:15:00,Chronos-2 (+가동 계획),44.076027,36.052708,44.076027,50.826263
2021-08-29 19:30:00,Chronos-2 (+가동 계획),43.84044,35.960735,43.84044,50.717262
2021-08-29 19:45:00,Chronos-2 (+가동 계획),43.87262,36.071102,43.87262,50.12893
2021-08-29 20:00:00,Chronos-2 (+가동 계획),43.10866,35.194286,43.10866,49.959072
2021-08-29 20:15:00,Chronos-2 (+가동 계획),43.177017,35.098724,43.177017,50.014816
2021-08-29 20:30:00,Chronos-2 (+가동 계획),43.229477,35.00508,43.229477,50.09314
2021-08-29 20:45:00,Chronos-2 (+가동 계획),43.205566,35.122974,43.205566,50.114784
2021-08-29 21:00:00,Chronos-2 (+가동 계획),43.039665,35.00873,43.039665,50.116764
2021-08-29 21:15:00,Chronos-2 (+가동 계획),43.473835,34.992107,43.473835,50.378727
2021-08-29 21:30:00,Chronos-2 (+가동 계획),43.57851,35.316467,43.57851,50.35494
2021-08-29 21:45:00,Chronos-2 (+가동 계획),43.18915,34.940857,43.18915,50.274612
2021-08-29 22:00:00,Chronos-2 (+가동 계획),43.363964,34.84161,43.363964,50.308952
2021-08-29 22:15:00,Chronos-2 (+가동 계획),43.959892,34.611557,43.959892,50.72908
2021-08-29 22:30:00,Chronos-2 (+가동 계획),43.339306,34.72352,43.339306,50.59407
2021-08-29 22:45:00,Chronos-2 (+가동 계획),43.524494,35.074493,43.524494,50.896755
2021-08-29 23:00:00,Chronos-2 (+가동 계획),43.74287,34.940018,43.74287,51.035187
2021-08-29 23:15:00,Chronos-2 (+가동 계획),43.808205,34.787613,43.808205,51.208153
2021-08-29 23:30:00,Chronos-2 (+가동 계획),43.57969,34.707405,43.57969,51.20709
2021-08-29 23:45:00,Chronos-2 (+가동 계획),43.50315,34.608288,43.50315,50.437065
2021-08-30 00:00:00,Chronos-2 (+가동 계획),20.793922,16.998009,20.793922,24.891861
2021-08-30 00:15:00,Chronos-2 (+가동 계획),20.761475,17.282959,20.761475,25.388443
2021-08-30 00:30:00,Chronos-2 (+가동 계획),20.775208,17.312744,20.775208,25.073128
2021-08-30 00:45:00,Chronos-2 (+가동 계획),20.936981,17.895447,20.936981,24.76741
2021-08-30 01:00:00,Chronos-2 (+가동 계획),20.879044,17.797714,20.879044,24.859108
2021-08-30 01:15:00,Chronos-2 (+가동 계획),20.92591,17.276535,20.92591,26.271042
2021-08-30 01:30:00,Chronos-2 (+가동 계획),21.140045,17.801018,21.140045,26.132225
2021-08-30 01:45:00,Chronos-2 (+가동 계획),21.226135,17.635117,21.226135,26.356285
2021-08-30 02:00:00,Chronos-2 (+가동 계획),20.785927,17.06443,20.785927,25.943436
2021-08-30 02:15:00,Chronos-2 (+가동 계획),21.407555,17.761124,21.407555,26.550415
2021-08-30 02:30:00,Chronos-2 (+가동 계획),21.199074,17.198364,21.199074,25.91455
2021-08-30 02:45:00,Chronos-2 (+가동 계획),21.476654,17.580505,21.476654,26.331467
2021-08-30 03:00:00,Chronos-2 (+가동 계획),21.35704,17.667717,21.35704,26.546654
2021-08-30 03:15:00,Chronos-2 (+가동 계획),21.555817,17.538368,21.555817,27.540398
2021-08-30 03:30:00,Chronos-2 (+가동 계획),21.67775,17.578041,21.67775,28.122402
2021-08-30 03:45:00,Chronos-2 (+가동 계획),21.432121,17.439697,21.432121,26.765892
2021-08-30 04:00:00,Chronos-2 (+가동 계획),22.701302,19.216331,22.701302,26.639297
2021-08-30 04:15:00,Chronos-2 (+가동 계획),22.249489,19.095406,22.249489,26.676582
2021-08-30 04:30:00,Chronos-2 (+가동 계획),22.30783,19.153175,22.30783,26.371246
2021-08-30 04:45:00,Chronos-2 (+가동 계획),22.330246,19.06762,22.330246,26.795547
2021-08-30 05:00:00,Chronos-2 (+가동 계획),22.201439,19.395058,22.201439,26.520576
2021-08-30 05:15:00,Chronos-2 (+가동 계획),22.26435,19.067108,22.26435,26.438766
2021-08-30 05:30:00,Chronos-2 (+가동 계획),22.220482,19.030975,22.220482,26.792915
2021-08-30 05:45:00,Chronos-2 (+가동 계획),22.097435,18.896652,22.097435,27.00576
2021-08-30 06:00:00,Chronos-2 (+가동 계획),22.21878,19.13839,22.21878,26.375916
2021-08-30 06:15:00,Chronos-2 (+가동 계획),21.967705,18.523064,21.967705,25.82145
2021-08-30 06:30:00,Chronos-2 (+가동 계획),21.877518,17.93856,21.877518,26.542229
2021-08-30 06:45:00,Chronos-2 (+가동 계획),22.206245,18.104324,22.206245,27.988884
2021-08-30 07:00:00,Chronos-2 (+가동 계획),24.498055,19.063408,24.498055,36.40958
2021-08-30 07:15:00,Chronos-2 (+가동 계획),41.869976,25.251328,41.869976,63.115715
2021-08-30 07:30:00,Chronos-2 (+가동 계획),71.77881,50.812828,71.77881,93.170395
2021-08-30 07:45:00,Chronos-2 (+가동 계획),107.76321,85.5166,107.76321,128.23712
2021-08-30 08:00:00,Chronos-2 (+가동 계획),150.68146,115.404015,150.68146,178.18256
2021-08-30 08:15:00,Chronos-2 (+가동 계획),168.37741,130.999,168.37741,194.82654
2021-08-30 08:30:00,Chronos-2 (+가동 계획),173.28732,133.71979,173.28732,200.02786
2021-08-30 08:45:00,Chronos-2 (+가동 계획),173.23267,135.40775,173.23267,199.34982
2021-08-30 09:00:00,Chronos-2 (+가동 계획),170.5488,131.43547,170.5488,196.85965
2021-08-30 09:15:00,Chronos-2 (+가동 계획),168.10645,130.09032,168.10645,194.97319
2021-08-30 09:30:00,Chronos-2 (+가동 계획),168.2485,129.88625,168.2485,195.21167
2021-08-30 09:45:00,Chronos-2 (+가동 계획),167.63931,127.7989,167.63931,194.56436
2021-08-30 10:00:00,Chronos-2 (+가동 계획),144.71463,107.5546,144.71463,173.26263
2021-08-30 10:15:00,Chronos-2 (+가동 계획),165.85866,126.178856,165.85866,192.3677
2021-08-30 10:30:00,Chronos-2 (+가동 계획),165.42279,126.003265,165.42279,193.1117
2021-08-30 10:45:00,Chronos-2 (+가동 계획),164.94781,125.203606,164.94781,191.88391
2021-08-30 11:00:00,Chronos-2 (+가동 계획),165.18423,124.94066,165.18423,192.28172
2021-08-30 11:15:00,Chronos-2 (+가동 계획),166.14168,125.80205,166.14168,193.12784
2021-08-30 11:30:00,Chronos-2 (+가동 계획),167.15039,125.72321,167.15039,195.17403
2021-08-30 11:45:00,Chronos-2 (+가동 계획),163.04495,119.709465,163.04495,192.10815
2021-08-30 12:00:00,Chronos-2 (+가동 계획),111.80134,78.114944,111.80134,146.81064
2021-08-30 12:15:00,Chronos-2 (+가동 계획),96.49448,65.1893,96.49448,129.2273
2021-08-30 12:30:00,Chronos-2 (+가동 계획),98.527084,64.669235,98.527084,131.50717
2021-08-30 12:45:00,Chronos-2 (+가동 계획),120.67979,81.701256,120.67979,155.35208
2021-08-30 13:00:00,Chronos-2 (+가동 계획),159.0798,113.73018,159.0798,193.52727
2021-08-30 13:15:00,Chronos-2 (+가동 계획),161.60178,116.91564,161.60178,194.25656
2021-08-30 13:30:00,Chronos-2 (+가동 계획),163.61685,118.17361,163.61685,194.66937
2021-08-30 13:45:00,Chronos-2 (+가동 계획),165.58281,119.705185,165.58281,197.00848
2021-08-30 14:00:00,Chronos-2 (+가동 계획),162.75867,116.70291,162.75867,195.50098
2021-08-30 14:15:00,Chronos-2 (+가동 계획),159.9198,113.64462,159.9198,192.30893
2021-08-30 14:30:00,Chronos-2 (+가동 계획),161.99094,115.829735,161.99094,194.89761
2021-08-30 14:45:00,Chronos-2 (+가동 계획),161.52843,115.1781,161.52843,194.35461
2021-08-30 15:00:00,Chronos-2 (+가동 계획),133.74367,90.586136,133.74367,169.86827
2021-08-30 15:15:00,Chronos-2 (+가동 계획),156.5824,109.40021,156.5824,191.73831
2021-08-30 15:30:00,Chronos-2 (+가동 계획),159.99991,111.50601,159.99991,196.10428
2021-08-30 15:45:00,Chronos-2 (+가동 계획),161.1055,111.89061,161.1055,196.46608
2021-08-30 16:00:00,Chronos-2 (+가동 계획),158.25705,111.13971,158.25705,190.02936
2021-08-30 16:15:00,Chronos-2 (+가동 계획),155.2664,107.95939,155.2664,189.67892
2021-08-30 16:30:00,Chronos-2 (+가동 계획),151.89209,103.24606,151.89209,186.01273
2021-08-30 16:45:00,Chronos-2 (+가동 계획),146.12718,98.72607,146.12718,179.7226
2021-08-30 17:00:00,Chronos-2 (+가동 계획),117.79385,76.30866,117.79385,152.76147
2021-08-30 17:15:00,Chronos-2 (+가동 계획),109.84686,67.87539,109.84686,148.41714
2021-08-30 17:30:00,Chronos-2 (+가동 계획),133.12454,82.732666,133.12454,172.39177
2021-08-30 17:45:00,Chronos-2 (+가동 계획),138.5628,84.41618,138.5628,180.4357
2021-08-30 18:00:00,Chronos-2 (+가동 계획),135.22949,80.43325,135.22949,176.388
2021-08-30 18:15:00,Chronos-2 (+가동 계획),132.19418,79.29359,132.19418,171.92242
2021-08-30 18:30:00,Chronos-2 (+가동 계획),127.066666,79.57811,127.066666,165.45224
2021-08-30 18:45:00,Chronos-2 (+가동 계획),123.97732,81.17589,123.97732,158.29922
2021-08-30 19:00:00,Chronos-2 (+가동 계획),122.302444,80.627106,122.302444,155.76749
2021-08-30 19:15:00,Chronos-2 (+가동 계획),118.466896,78.90064,118.466896,150.12885
2021-08-30 19:30:00,Chronos-2 (+가동 계획),114.01075,76.46728,114.01075,144.9019
2021-08-30 19:45:00,Chronos-2 (+가동 계획),103.6817,70.87295,103.6817,131.33066
2021-08-30 20:00:00,Chronos-2 (+가동 계획),99.06251,69.89469,99.06251,119.75005
2021-08-30 20:15:00,Chronos-2 (+가동 계획),109.1873,80.89688,109.1873,127.88936
2021-08-30 20:30:00,Chronos-2 (+가동 계획),110.16292,80.51718,110.16292,129.11234
2021-08-30 20:45:00,Chronos-2 (+가동 계획),109.37019,79.68798,109.37019,127.707504
2021-08-30 21:00:00,Chronos-2 (+가동 계획),108.991295,80.927574,108.991295,128.14647
2021-08-30 21:15:00,Chronos-2 (+가동 계획),110.01294,81.76261,110.01294,127.6821
2021-08-30 21:30:00,Chronos-2 (+가동 계획),108.15486,79.8124,108.15486,125.52521
2021-08-30 21:45:00,Chronos-2 (+가동 계획),105.57839,77.48126,105.57839,123.254745
2021-08-30 22:00:00,Chronos-2 (+가동 계획),96.76848,69.15637,96.76848,115.395805
2021-08-30 22:15:00,Chronos-2 (+가동 계획),103.93965,76.27067,103.93965,122.189415
2021-08-30 22:30:00,Chronos-2 (+가동 계획),103.564224,76.25091,103.564224,121.634514
2021-08-30 22:45:00,Chronos-2 (+가동 계획),103.942245,77.04846,103.942245,120.86553
2021-08-30 23:00:00,Chronos-2 (+가동 계획),103.176445,76.21061,103.176445,119.92665
2021-08-30 23:15:00,Chronos-2 (+가동 계획),103.051315,76.15161,103.051315,120.04704
2021-08-30 23:30:00,Chronos-2 (+가동 계획),99.182205,70.16349,99.182205,118.239426
2021-08-30 23:45:00,Chronos-2 (+가동 계획),78.12379,50.429314,78.12379,97.84013
2021-08-31 00:00:00,Chronos-2 (+가동 계획),77.33317,69.3963,77.33317,83.99103
2021-08-31 00:15:00,Chronos-2 (+가동 계획),74.61113,66.880325,74.61113,82.36499
2021-08-31 00:30:00,Chronos-2 (+가동 계획),72.49429,64.62516,72.49429,80.10383
2021-08-31 00:45:00,Chronos-2 (+가동 계획),69.01417,60.649796,69.01417,77.19527
2021-08-31 01:00:00,Chronos-2 (+가동 계획),95.36304,86.9542,95.36304,103.68476
2021-08-31 01:15:00,Chronos-2 (+가동 계획),106.72206,97.7372,106.72206,114.96944
2021-08-31 01:30:00,Chronos-2 (+가동 계획),108.81879,100.603935,108.81879,117.23756
2021-08-31 01:45:00,Chronos-2 (+가동 계획),109.14579,100.3354,109.14579,117.789406
2021-08-31 02:00:00,Chronos-2 (+가동 계획),110.227036,101.83853,110.227036,118.54524
2021-08-31 02:15:00,Chronos-2 (+가동 계획),110.195076,101.509834,110.195076,118.67614
2021-08-31 02:30:00,Chronos-2 (+가동 계획),108.32364,99.79315,108.32364,117.32191
2021-08-31 02:45:00,Chronos-2 (+가동 계획),108.85094,100.09487,108.85094,117.67302
2021-08-31 03:00:00,Chronos-2 (+가동 계획),95.42442,86.45913,95.42442,104.2467
2021-08-31 03:15:00,Chronos-2 (+가동 계획),104.700005,95.807274,104.700005,113.60336
2021-08-31 03:30:00,Chronos-2 (+가동 계획),106.86455,97.63045,106.86455,116.43201
2021-08-31 03:45:00,Chronos-2 (+가동 계획),106.73973,97.79675,106.73973,115.63463
2021-08-31 04:00:00,Chronos-2 (+가동 계획),107.45011,98.63988,107.45011,116.46721
2021-08-31 04:15:00,Chronos-2 (+가동 계획),109.29802,100.8004,109.29802,118.16264
2021-08-31 04:30:00,Chronos-2 (+가동 계획),107.35912,98.1754,107.35912,116.313545
2021-08-31 04:45:00,Chronos-2 (+가동 계획),103.2423,93.66358,103.2423,112.33097
2021-08-31 05:00:00,Chronos-2 (+가동 계획),83.009254,73.774666,83.009254,92.04724
2021-08-31 05:15:00,Chronos-2 (+가동 계획),77.59454,68.82139,77.59454,86.15978
2021-08-31 05:30:00,Chronos-2 (+가동 계획),93.97454,84.55464,93.97454,103.09938
2021-08-31 05:45:00,Chronos-2 (+가동 계획),107.04766,97.700615,107.04766,116.36507
2021-08-31 06:00:00,Chronos-2 (+가동 계획),108.10716,98.58433,108.10716,117.85453
2021-08-31 06:15:00,Chronos-2 (+가동 계획),106.210144,96.495285,106.210144,115.46834
2021-08-31 06:30:00,Chronos-2 (+가동 계획),104.82054,95.56528,104.82054,114.358444
2021-08-31 06:45:00,Chronos-2 (+가동 계획),109.44274,99.66379,109.44274,118.85358
2021-08-31 07:00:00,Chronos-2 (+가동 계획),111.18966,101.003136,111.18966,120.840195
2021-08-31 07:15:00,Chronos-2 (+가동 계획),122.20917,111.13773,122.20917,131.7525
2021-08-31 07:30:00,Chronos-2 (+가동 계획),144.58841,134.4813,144.58841,155.1321
2021-08-31 07:45:00,Chronos-2 (+가동 계획),142.00513,130.95073,142.00513,152.85748
2021-08-31 08:00:00,Chronos-2 (+가동 계획),166.29507,151.43341,166.29507,181.24739
2021-08-31 08:15:00,Chronos-2 (+가동 계획),184.98164,169.93457,184.98164,199.81006
2021-08-31 08:30:00,Chronos-2 (+가동 계획),187.17322,171.16284,187.17322,201.21585
2021-08-31 08:45:00,Chronos-2 (+가동 계획),183.61743,168.8028,183.61743,197.49722
2021-08-31 09:00:00,Chronos-2 (+가동 계획),177.87985,162.55042,177.87985,192.31464
2021-08-31 09:15:00,Chronos-2 (+가동 계획),177.95273,163.23776,177.95273,192.53293
2021-08-31 09:30:00,Chronos-2 (+가동 계획),177.25209,162.10277,177.25209,191.51169
2021-08-31 09:45:00,Chronos-2 (+가동 계획),179.65793,163.70609,179.65793,194.3158
2021-08-31 10:00:00,Chronos-2 (+가동 계획),150.22554,135.16681,150.22554,165.49236
2021-08-31 10:15:00,Chronos-2 (+가동 계획),177.28302,161.29765,177.28302,191.77249
2021-08-31 10:30:00,Chronos-2 (+가동 계획),177.92314,161.84937,177.92314,192.50034
2021-08-31 10:45:00,Chronos-2 (+가동 계획),178.40796,162.16376,178.40796,192.2037
2021-08-31 11:00:00,Chronos-2 (+가동 계획),177.40704,162.08391,177.40704,191.95287
2021-08-31 11:15:00,Chronos-2 (+가동 계획),179.88956,163.75421,179.88956,193.9942
2021-08-31 11:30:00,Chronos-2 (+가동 계획),181.59323,164.88528,181.59323,196.03827
2021-08-31 11:45:00,Chronos-2 (+가동 계획),178.30167,162.43993,178.30167,193.89166
2021-08-31 12:00:00,Chronos-2 (+가동 계획),121.80563,105.93543,121.80563,138.72513
2021-08-31 12:15:00,Chronos-2 (+가동 계획),105.38517,89.6495,105.38517,120.847626
2021-08-31 12:30:00,Chronos-2 (+가동 계획),106.65284,89.86658,106.65284,122.134766
2021-08-31 12:45:00,Chronos-2 (+가동 계획),126.987045,109.23644,126.987045,144.43689
2021-08-31 13:00:00,Chronos-2 (+가동 계획),169.49557,151.60852,169.49557,186.44203
2021-08-31 13:15:00,Chronos-2 (+가동 계획),173.69354,155.94012,173.69354,190.86938
2021-08-31 13:30:00,Chronos-2 (+가동 계획),175.92487,159.2854,175.92487,193.0893
2021-08-31 13:45:00,Chronos-2 (+가동 계획),180.17737,162.20964,180.17737,196.93106
2021-08-31 14:00:00,Chronos-2 (+가동 계획),177.06023,159.66739,177.06023,193.2501
2021-08-31 14:15:00,Chronos-2 (+가동 계획),172.99835,154.21515,172.99835,188.93779
2021-08-31 14:30:00,Chronos-2 (+가동 계획),174.16318,155.2873,174.16318,190.926
2021-08-31 14:45:00,Chronos-2 (+가동 계획),175.6433,157.68959,175.6433,192.6571
2021-08-31 15:00:00,Chronos-2 (+가동 계획),141.48138,123.43775,141.48138,159.66035
2021-08-31 15:15:00,Chronos-2 (+가동 계획),168.9677,149.52315,168.9677,185.38727
2021-08-31 15:30:00,Chronos-2 (+가동 계획),175.64566,156.11116,175.64566,192.50076
2021-08-31 15:45:00,Chronos-2 (+가동 계획),177.89026,159.42664,177.89026,194.88419
2021-08-31 16:00:00,Chronos-2 (+가동 계획),176.27826,159.57552,176.27826,191.61002
2021-08-31 16:15:00,Chronos-2 (+가동 계획),171.87651,154.72302,171.87651,188.24774
2021-08-31 16:30:00,Chronos-2 (+가동 계획),167.8275,149.52815,167.8275,183.87108
2021-08-31 16:45:00,Chronos-2 (+가동 계획),165.20369,146.26846,165.20369,181.68837
2021-08-31 17:00:00,Chronos-2 (+가동 계획),127.743,111.188156,127.743,144.14117
2021-08-31 17:15:00,Chronos-2 (+가동 계획),117.64081,101.40375,117.64081,133.81967
2021-08-31 17:30:00,Chronos-2 (+가동 계획),156.22128,138.78084,156.22128,172.08322
2021-08-31 17:45:00,Chronos-2 (+가동 계획),165.04143,146.84749,165.04143,181.44577
2021-08-31 18:00:00,Chronos-2 (+가동 계획),162.12158,143.53018,162.12158,177.84157
2021-08-31 18:15:00,Chronos-2 (+가동 계획),160.97807,142.41162,160.97807,176.78595
2021-08-31 18:30:00,Chronos-2 (+가동 계획),161.23734,141.99657,161.23734,177.43661
2021-08-31 18:45:00,Chronos-2 (+가동 계획),160.11821,141.45354,160.11821,175.88425
2021-08-31 19:00:00,Chronos-2 (+가동 계획),155.74791,137.8312,155.74791,171.68991
2021-08-31 19:15:00,Chronos-2 (+가동 계획),149.22983,130.70193,149.22983,165.01059
2021-08-31 19:30:00,Chronos-2 (+가동 계획),143.7866,126.657936,143.7866,160.25357
2021-08-31 19:45:00,Chronos-2 (+가동 계획),127.496124,110.408676,127.496124,143.57114
2021-08-31 20:00:00,Chronos-2 (+가동 계획),116.77382,103.25115,116.77382,129.35559
2021-08-31 20:15:00,Chronos-2 (+가동 계획),124.92323,112.33678,124.92323,136.04303
2021-08-31 20:30:00,Chronos-2 (+가동 계획),126.71846,114.33788,126.71846,137.76912
2021-08-31 20:45:00,Chronos-2 (+가동 계획),124.650604,112.552666,124.650604,135.4351
2021-08-31 21:00:00,Chronos-2 (+가동 계획),122.023445,110.223145,122.023445,133.41838
2021-08-31 21:15:00,Chronos-2 (+가동 계획),121.94236,110.06279,121.94236,132.84103
2021-08-31 21:30:00,Chronos-2 (+가동 계획),120.230774,108.52731,120.230774,131.18861
2021-08-31 21:45:00,Chronos-2 (+가동 계획),119.05376,106.93244,119.05376,130.147
2021-08-31 22:00:00,Chronos-2 (+가동 계획),107.78929,95.18848,107.78929,119.08352
2021-08-31 22:15:00,Chronos-2 (+가동 계획),115.852844,103.48854,115.852844,126.75798
2021-08-31 22:30:00,Chronos-2 (+가동 계획),114.17116,101.993675,114.17116,125.40572
2021-08-31 22:45:00,Chronos-2 (+가동 계획),113.794235,101.860374,113.794235,124.48901
2021-08-31 23:00:00,Chronos-2 (+가동 계획),112.16141,100.32195,112.16141,122.99373
2021-08-31 23:15:00,Chronos-2 (+가동 계획),111.52643,99.30932,111.52643,122.426315
2021-08-31 23:30:00,Chronos-2 (+가동 계획),108.945755,96.78996,108.945755,119.58773
2021-08-31 23:45:00,Chronos-2 (+가동 계획),89.74269,77.84434,89.74269,100.86911
2021-09-01 00:00:00,Chronos-2 (+가동 계획),83.36892,74.68817,83.36892,90.89646
2021-09-01 00:15:00,Chronos-2 (+가동 계획),80.82856,72.79059,80.82856,89.22262
2021-09-01 00:30:00,Chronos-2 (+가동 계획),78.14584,70.12503,78.14584,86.27453
2021-09-01 00:45:00,Chronos-2 (+가동 계획),74.11233,65.73633,74.11233,82.620865
2021-09-01 01:00:00,Chronos-2 (+가동 계획),99.29498,90.578766,99.29498,108.0453
2021-09-01 01:15:00,Chronos-2 (+가동 계획),109.85635,100.60279,109.85635,118.64412
2021-09-01 01:30:00,Chronos-2 (+가동 계획),111.40849,102.84137,111.40849,120.15447
2021-09-01 01:45:00,Chronos-2 (+가동 계획),111.62639,102.669525,111.62639,120.64365
2021-09-01 02:00:00,Chronos-2 (+가동 계획),112.537994,104.11253,112.537994,121.0457
2021-09-01 02:15:00,Chronos-2 (+가동 계획),112.47237,103.72698,112.47237,121.02811
2021-09-01 02:30:00,Chronos-2 (+가동 계획),110.50133,101.98457,110.50133,119.34953
2021-09-01 02:45:00,Chronos-2 (+가동 계획),111.30824,102.58165,111.30824,120.009636
2021-09-01 03:00:00,Chronos-2 (+가동 계획),97.076454,88.432045,97.076454,105.968414
2021-09-01 03:15:00,Chronos-2 (+가동 계획),107.486595,98.583954,107.486595,116.452484
2021-09-01 03:30:00,Chronos-2 (+가동 계획),108.763535,99.51415,108.763535,117.950775
2021-09-01 03:45:00,Chronos-2 (+가동 계획),109.091354,100.22185,109.091354,117.96102
2021-09-01 04:00:00,Chronos-2 (+가동 계획),108.240944,99.49928,108.240944,117.56583
2021-09-01 04:15:00,Chronos-2 (+가동 계획),110.839714,102.26114,110.839714,120.148865
2021-09-01 04:30:00,Chronos-2 (+가동 계획),109.248146,99.9793,109.248146,118.58792
2021-09-01 04:45:00,Chronos-2 (+가동 계획),106.467896,97.08289,106.467896,115.9512
2021-09-01 05:00:00,Chronos-2 (+가동 계획),87.155945,78.103264,87.155945,96.38165
2021-09-01 05:15:00,Chronos-2 (+가동 계획),82.79104,74.391594,82.79104,91.51471
2021-09-01 05:30:00,Chronos-2 (+가동 계획),97.03047,87.95068,97.03047,106.510056
2021-09-01 05:45:00,Chronos-2 (+가동 계획),109.30548,99.90635,109.30548,119.0513
2021-09-01 06:00:00,Chronos-2 (+가동 계획),110.48352,100.87438,110.48352,120.558495
2021-09-01 06:15:00,Chronos-2 (+가동 계획),110.61374,100.59417,110.61374,120.166885
2021-09-01 06:30:00,Chronos-2 (+가동 계획),109.23885,99.59963,109.23885,119.012985
2021-09-01 06:45:00,Chronos-2 (+가동 계획),111.74113,101.772316,111.74113,121.63258
2021-09-01 07:00:00,Chronos-2 (+가동 계획),111.95986,101.68244,111.95986,122.05356
2021-09-01 07:15:00,Chronos-2 (+가동 계획),123.81231,112.435,123.81231,133.93123
2021-09-01 07:30:00,Chronos-2 (+가동 계획),147.28113,137.07666,147.28113,158.32207
2021-09-01 07:45:00,Chronos-2 (+가동 계획),143.15678,132.04639,143.15678,154.28087
2021-09-01 08:00:00,Chronos-2 (+가동 계획),164.18283,149.65506,164.18283,179.12772
2021-09-01 08:15:00,Chronos-2 (+가동 계획),181.31232,166.35274,181.31232,196.21274
2021-09-01 08:30:00,Chronos-2 (+가동 계획),183.0151,166.99588,183.0151,197.25092
2021-09-01 08:45:00,Chronos-2 (+가동 계획),179.9635,164.70197,179.9635,194.1843
2021-09-01 09:00:00,Chronos-2 (+가동 계획),173.20036,158.24007,173.20036,188.31863
2021-09-01 09:15:00,Chronos-2 (+가동 계획),174.52847,159.62006,174.52847,188.92627
2021-09-01 09:30:00,Chronos-2 (+가동 계획),175.3193,160.32672,175.3193,189.58456
2021-09-01 09:45:00,Chronos-2 (+가동 계획),178.59958,162.98413,178.59958,193.35141
2021-09-01 10:00:00,Chronos-2 (+가동 계획),153.90544,138.9541,153.90544,168.41971
2021-09-01 10:15:00,Chronos-2 (+가동 계획),176.95636,161.5256,176.95636,191.44986
2021-09-01 10:30:00,Chronos-2 (+가동 계획),177.21423,161.79332,177.21423,191.83606
2021-09-01 10:45:00,Chronos-2 (+가동 계획),177.6049,161.7196,177.6049,191.64026
2021-09-01 11:00:00,Chronos-2 (+가동 계획),175.72842,160.73819,175.72842,190.32584
2021-09-01 11:15:00,Chronos-2 (+가동 계획),176.62567,160.78027,176.62567,190.78177
2021-09-01 11:30:00,Chronos-2 (+가동 계획),178.47769,161.8939,178.47769,192.8976
2021-09-01 11:45:00,Chronos-2 (+가동 계획),174.4541,158.7291,174.4541,189.84131
2021-09-01 12:00:00,Chronos-2 (+가동 계획),119.651436,104.86465,119.651436,135.59088
2021-09-01 12:15:00,Chronos-2 (+가동 계획),106.22747,91.58122,106.22747,120.529755
2021-09-01 12:30:00,Chronos-2 (+가동 계획),107.90603,92.12413,107.90603,122.82857
2021-09-01 12:45:00,Chronos-2 (+가동 계획),127.11655,110.34865,127.11655,143.83623
2021-09-01 13:00:00,Chronos-2 (+가동 계획),166.67284,149.74237,166.67284,182.87787
2021-09-01 13:15:00,Chronos-2 (+가동 계획),173.13455,156.7156,173.13455,189.55136
2021-09-01 13:30:00,Chronos-2 (+가동 계획),173.94678,158.50845,173.94678,190.27148
2021-09-01 13:45:00,Chronos-2 (+가동 계획),177.86732,161.21323,177.86732,193.77643
2021-09-01 14:00:00,Chronos-2 (+가동 계획),176.13583,160.37088,176.13583,191.56161
2021-09-01 14:15:00,Chronos-2 (+가동 계획),172.24597,154.8212,172.24597,187.47029
2021-09-01 14:30:00,Chronos-2 (+가동 계획),173.82356,156.50531,173.82356,190.08238
2021-09-01 14:45:00,Chronos-2 (+가동 계획),174.35092,157.5373,174.35092,190.60733
2021-09-01 15:00:00,Chronos-2 (+가동 계획),142.24321,125.14751,142.24321,159.66647
2021-09-01 15:15:00,Chronos-2 (+가동 계획),168.14848,150.03163,168.14848,183.4762
2021-09-01 15:30:00,Chronos-2 (+가동 계획),174.21774,156.22891,174.21774,190.26106
2021-09-01 15:45:00,Chronos-2 (+가동 계획),174.65439,157.39174,174.65439,190.88068
2021-09-01 16:00:00,Chronos-2 (+가동 계획),174.00815,158.0458,174.00815,188.68282
2021-09-01 16:15:00,Chronos-2 (+가동 계획),169.86913,153.5746,169.86913,185.72588
2021-09-01 16:30:00,Chronos-2 (+가동 계획),165.20686,147.65265,165.20686,180.65167
2021-09-01 16:45:00,Chronos-2 (+가동 계획),163.32793,145.25276,163.32793,179.26773
2021-09-01 17:00:00,Chronos-2 (+가동 계획),126.99049,111.08868,126.99049,143.14673
2021-09-01 17:15:00,Chronos-2 (+가동 계획),118.17328,102.805664,118.17328,133.81812
2021-09-01 17:30:00,Chronos-2 (+가동 계획),153.59387,136.94043,153.59387,169.21832
2021-09-01 17:45:00,Chronos-2 (+가동 계획),163.27379,146.04704,163.27379,179.24214
2021-09-01 18:00:00,Chronos-2 (+가동 계획),161.96451,144.34384,161.96451,177.1647
2021-09-01 18:15:00,Chronos-2 (+가동 계획),161.53584,143.65576,161.53584,176.86441
2021-09-01 18:30:00,Chronos-2 (+가동 계획),161.56523,143.35786,161.56523,177.50725
2021-09-01 18:45:00,Chronos-2 (+가동 계획),159.71289,141.96078,159.71289,175.14029
2021-09-01 19:00:00,Chronos-2 (+가동 계획),155.25566,138.09482,155.25566,170.78032
2021-09-01 19:15:00,Chronos-2 (+가동 계획),149.66359,131.73082,149.66359,165.33466
2021-09-01 19:30:00,Chronos-2 (+가동 계획),144.97662,128.1415,144.97662,161.37097
2021-09-01 19:45:00,Chronos-2 (+가동 계획),128.83643,112.02002,128.83643,145.2654
2021-09-01 20:00:00,Chronos-2 (+가동 계획),117.84863,104.32872,117.84863,131.3339
2021-09-01 20:15:00,Chronos-2 (+가동 계획),128.02983,115.31574,128.02983,139.9962
2021-09-01 20:30:00,Chronos-2 (+가동 계획),128.94055,116.26904,128.94055,140.94975
2021-09-01 20:45:00,Chronos-2 (+가동 계획),126.04039,113.84697,126.04039,137.63454
2021-09-01 21:00:00,Chronos-2 (+가동 계획),123.64261,111.57037,123.64261,135.80322
2021-09-01 21:15:00,Chronos-2 (+가동 계획),123.41474,111.31071,123.41474,135.36557
2021-09-01 21:30:00,Chronos-2 (+가동 계획),121.214516,109.044075,121.214516,133.19624
2021-09-01 21:45:00,Chronos-2 (+가동 계획),120.29544,108.01846,120.29544,132.54626
2021-09-01 22:00:00,Chronos-2 (+가동 계획),108.83586,95.96844,108.83586,121.03393
2021-09-01 22:15:00,Chronos-2 (+가동 계획),118.405945,105.78862,118.405945,130.39691
2021-09-01 22:30:00,Chronos-2 (+가동 계획),116.74161,104.441284,116.74161,128.89578
2021-09-01 22:45:00,Chronos-2 (+가동 계획),115.979454,103.74232,115.979454,127.64447
2021-09-01 23:00:00,Chronos-2 (+가동 계획),114.08029,101.93982,114.08029,125.90513
2021-09-01 23:15:00,Chronos-2 (+가동 계획),113.69847,101.29384,113.69847,125.60132
2021-09-01 23:30:00,Chronos-2 (+가동 계획),110.623215,98.14095,110.623215,122.31903
2021-09-01 23:45:00,Chronos-2 (+가동 계획),92.53808,80.787766,92.53808,104.36082
2021-09-02 00:00:00,Chronos-2 (+가동 계획),83.32725,75.40967,83.32725,90.02552
2021-09-02 00:15:00,Chronos-2 (+가동 계획),80.084435,72.94525,80.084435,87.40078
2021-09-02 00:30:00,Chronos-2 (+가동 계획),77.47547,70.45938,77.47547,84.43703
2021-09-02 00:45:00,Chronos-2 (+가동 계획),73.26526,65.9156,73.26526,80.61169
2021-09-02 01:00:00,Chronos-2 (+가동 계획),98.443436,90.80428,98.443436,105.95019
2021-09-02 01:15:00,Chronos-2 (+가동 계획),110.75185,102.48239,110.75185,118.47363
2021-09-02 01:30:00,Chronos-2 (+가동 계획),113.7613,106.16238,113.7613,121.54208
2021-09-02 01:45:00,Chronos-2 (+가동 계획),113.72015,105.68056,113.72015,121.60939
2021-09-02 02:00:00,Chronos-2 (+가동 계획),115.33119,107.852745,115.33119,122.76633
2021-09-02 02:15:00,Chronos-2 (+가동 계획),115.712326,107.92764,115.712326,123.179245
2021-09-02 02:30:00,Chronos-2 (+가동 계획),112.177505,104.53405,112.177505,120.044235
2021-09-02 02:45:00,Chronos-2 (+가동 계획),111.8772,104.04304,111.8772,119.7858
2021-09-02 03:00:00,Chronos-2 (+가동 계획),97.52729,89.46713,97.52729,105.49289
2021-09-02 03:15:00,Chronos-2 (+가동 계획),107.78373,99.678406,107.78373,115.99296
2021-09-02 03:30:00,Chronos-2 (+가동 계획),109.71918,101.313614,109.71918,117.98155
2021-09-02 03:45:00,Chronos-2 (+가동 계획),110.42366,102.355804,110.42366,118.42096
2021-09-02 04:00:00,Chronos-2 (+가동 계획),110.005844,101.95264,110.005844,118.21921
2021-09-02 04:15:00,Chronos-2 (+가동 계획),113.27263,105.40437,113.27263,121.26787
2021-09-02 04:30:00,Chronos-2 (+가동 계획),110.85768,102.51574,110.85768,119.231995
2021-09-02 04:45:00,Chronos-2 (+가동 계획),107.51971,99.07043,107.51971,115.811424
2021-09-02 05:00:00,Chronos-2 (+가동 계획),86.69219,78.33064,86.69219,94.73439
2021-09-02 05:15:00,Chronos-2 (+가동 계획),81.60908,73.73358,81.60908,89.32366
2021-09-02 05:30:00,Chronos-2 (+가동 계획),96.98725,88.68439,96.98725,105.32282
2021-09-02 05:45:00,Chronos-2 (+가동 계획),111.196304,102.61548,111.196304,119.80345
2021-09-02 06:00:00,Chronos-2 (+가동 계획),112.04201,103.25811,112.04201,120.777054
2021-09-02 06:15:00,Chronos-2 (+가동 계획),111.0668,102.145035,111.0668,119.1797
2021-09-02 06:30:00,Chronos-2 (+가동 계획),109.700264,101.26479,109.700264,117.88068
2021-09-02 06:45:00,Chronos-2 (+가동 계획),113.21771,104.191505,113.21771,121.76521
2021-09-02 07:00:00,Chronos-2 (+가동 계획),112.476456,103.06778,112.476456,121.287796
2021-09-02 07:15:00,Chronos-2 (+가동 계획),123.74267,113.458786,123.74267,132.69156
2021-09-02 07:30:00,Chronos-2 (+가동 계획),147.37181,138.21085,147.37181,157.01878
2021-09-02 07:45:00,Chronos-2 (+가동 계획),143.92543,133.84938,143.92543,153.59283
2021-09-02 08:00:00,Chronos-2 (+가동 계획),164.90009,151.75241,164.90009,178.67404
2021-09-02 08:15:00,Chronos-2 (+가동 계획),184.91278,171.4671,184.91278,197.99542
2021-09-02 08:30:00,Chronos-2 (+가동 계획),189.02399,174.63565,189.02399,201.3773
2021-09-02 08:45:00,Chronos-2 (+가동 계획),185.75665,172.58981,185.75665,198.18712
2021-09-02 09:00:00,Chronos-2 (+가동 계획),178.08868,164.49518,178.08868,191.52574
2021-09-02 09:15:00,Chronos-2 (+가동 계획),179.75298,166.7204,179.75298,192.7207
2021-09-02 09:30:00,Chronos-2 (+가동 계획),179.83932,166.3897,179.83932,192.44485
2021-09-02 09:45:00,Chronos-2 (+가동 계획),181.92915,167.97224,181.92915,194.87775
2021-09-02 10:00:00,Chronos-2 (+가동 계획),155.06749,141.98787,155.06749,168.06058
2021-09-02 10:15:00,Chronos-2 (+가동 계획),182.04463,168.43878,182.04463,194.89444
2021-09-02 10:30:00,Chronos-2 (+가동 계획),182.65659,169.21603,182.65659,195.53333
2021-09-02 10:45:00,Chronos-2 (+가동 계획),182.6318,168.44424,182.6318,194.86847
2021-09-02 11:00:00,Chronos-2 (+가동 계획),180.63095,167.42136,180.63095,193.79048
2021-09-02 11:15:00,Chronos-2 (+가동 계획),180.80774,167.02695,180.80774,193.25919
2021-09-02 11:30:00,Chronos-2 (+가동 계획),182.03256,167.02805,182.03256,194.65808
2021-09-02 11:45:00,Chronos-2 (+가동 계획),177.01727,162.94333,177.01727,190.603
2021-09-02 12:00:00,Chronos-2 (+가동 계획),119.62127,106.096344,119.62127,133.98654
2021-09-02 12:15:00,Chronos-2 (+가동 계획),104.58485,91.38282,104.58485,117.883835
2021-09-02 12:30:00,Chronos-2 (+가동 계획),107.792206,93.03709,107.792206,121.564545
2021-09-02 12:45:00,Chronos-2 (+가동 계획),131.05676,116.27113,131.05676,146.05042
2021-09-02 13:00:00,Chronos-2 (+가동 계획),170.68289,155.12862,170.68289,185.58994
2021-09-02 13:15:00,Chronos-2 (+가동 계획),177.03879,162.29823,177.03879,192.14554
2021-09-02 13:30:00,Chronos-2 (+가동 계획),177.97833,164.18768,177.97833,193.09825
2021-09-02 13:45:00,Chronos-2 (+가동 계획),182.52826,167.66292,182.52826,197.25305
2021-09-02 14:00:00,Chronos-2 (+가동 계획),180.03568,166.12823,180.03568,194.27466
2021-09-02 14:15:00,Chronos-2 (+가동 계획),176.6034,161.26874,176.6034,190.54633
2021-09-02 14:30:00,Chronos-2 (+가동 계획),177.06047,161.81598,177.06047,191.90164
2021-09-02 14:45:00,Chronos-2 (+가동 계획),177.6213,162.6055,177.6213,192.32007
2021-09-02 15:00:00,Chronos-2 (+가동 계획),145.39383,129.79663,145.39383,161.54214
2021-09-02 15:15:00,Chronos-2 (+가동 계획),171.13327,154.90091,171.13327,185.12405
2021-09-02 15:30:00,Chronos-2 (+가동 계획),177.3777,160.8976,177.3777,191.94888
2021-09-02 15:45:00,Chronos-2 (+가동 계획),178.36127,162.70312,178.36127,193.41028
2021-09-02 16:00:00,Chronos-2 (+가동 계획),176.45511,162.0846,176.45511,190.24289
2021-09-02 16:15:00,Chronos-2 (+가동 계획),173.7045,159.02664,173.7045,188.56259
2021-09-02 16:30:00,Chronos-2 (+가동 계획),169.4856,153.63719,169.4856,183.6437
2021-09-02 16:45:00,Chronos-2 (+가동 계획),164.66049,149.00716,164.66049,179.56113
2021-09-02 17:00:00,Chronos-2 (+가동 계획),124.592224,110.97706,124.592224,139.25967
2021-09-02 17:15:00,Chronos-2 (+가동 계획),117.65237,104.07213,117.65237,131.5321
2021-09-02 17:30:00,Chronos-2 (+가동 계획),155.38254,140.31021,155.38254,169.57684
2021-09-02 17:45:00,Chronos-2 (+가동 계획),166.44934,151.1772,166.44934,181.04295
2021-09-02 18:00:00,Chronos-2 (+가동 계획),163.35507,147.76662,163.35507,177.57162
2021-09-02 18:15:00,Chronos-2 (+가동 계획),162.46219,146.53026,162.46219,176.43231
2021-09-02 18:30:00,Chronos-2 (+가동 계획),162.32153,146.41173,162.32153,176.4863
2021-09-02 18:45:00,Chronos-2 (+가동 계획),161.78668,145.7914,161.78668,175.83078
2021-09-02 19:00:00,Chronos-2 (+가동 계획),157.87631,142.29193,157.87631,172.02286
2021-09-02 19:15:00,Chronos-2 (+가동 계획),151.37054,135.20505,151.37054,165.60179
2021-09-02 19:30:00,Chronos-2 (+가동 계획),147.1095,131.9625,147.1095,162.20267
2021-09-02 19:45:00,Chronos-2 (+가동 계획),129.7429,115.00019,129.7429,144.48102
2021-09-02 20:00:00,Chronos-2 (+가동 계획),118.92961,107.45998,118.92961,130.34154
2021-09-02 20:15:00,Chronos-2 (+가동 계획),128.53482,117.60405,128.53482,138.54524
2021-09-02 20:30:00,Chronos-2 (+가동 계획),129.26653,118.49293,129.26653,139.48077
2021-09-02 20:45:00,Chronos-2 (+가동 계획),127.75982,117.82158,127.75982,137.47198
2021-09-02 21:00:00,Chronos-2 (+가동 계획),124.912445,114.49245,124.912445,135.20563
2021-09-02 21:15:00,Chronos-2 (+가동 계획),125.99307,115.33565,125.99307,136.02734
2021-09-02 21:30:00,Chronos-2 (+가동 계획),123.38182,112.84527,123.38182,133.52895
2021-09-02 21:45:00,Chronos-2 (+가동 계획),122.30585,111.529236,122.30585,132.73772
2021-09-02 22:00:00,Chronos-2 (+가동 계획),109.07748,97.926765,109.07748,119.20165
2021-09-02 22:15:00,Chronos-2 (+가동 계획),119.95945,109.0942,119.95945,130.0107
2021-09-02 22:30:00,Chronos-2 (+가동 계획),118.72999,108.163025,118.72999,129.27528
2021-09-02 22:45:00,Chronos-2 (+가동 계획),117.59294,107.05361,117.59294,127.56625
2021-09-02 23:00:00,Chronos-2 (+가동 계획),115.0164,104.42395,115.0164,124.96132
2021-09-02 23:15:00,Chronos-2 (+가동 계획),115.361885,104.722725,115.361885,125.54185
2021-09-02 23:30:00,Chronos-2 (+가동 계획),112.46795,101.60275,112.46795,122.338295
2021-09-02 23:45:00,Chronos-2 (+가동 계획),93.18237,82.910805,93.18237,103.26989
2021-09-03 00:00:00,Chronos-2 (+가동 계획),82.64743,74.51447,82.64743,89.63209
2021-09-03 00:15:00,Chronos-2 (+가동 계획),79.6796,72.282486,79.6796,87.31832
2021-09-03 00:30:00,Chronos-2 (+가동 계획),77.17434,69.9598,77.17434,84.42621
2021-09-03 00:45:00,Chronos-2 (+가동 계획),73.524796,65.947556,73.524796,81.07538
2021-09-03 01:00:00,Chronos-2 (+가동 계획),99.26021,91.44346,99.26021,106.74117
2021-09-03 01:15:00,Chronos-2 (+가동 계획),111.68802,103.36606,111.68802,119.21975
2021-09-03 01:30:00,Chronos-2 (+가동 계획),113.97847,106.40498,113.97847,121.56489
2021-09-03 01:45:00,Chronos-2 (+가동 계획),114.37059,106.29813,114.37059,122.002884
2021-09-03 02:00:00,Chronos-2 (+가동 계획),116.79936,109.38432,116.79936,124.076706
2021-09-03 02:15:00,Chronos-2 (+가동 계획),117.23427,109.22533,117.23427,124.6888
2021-09-03 02:30:00,Chronos-2 (+가동 계획),113.76223,106.08651,113.76223,121.679115
2021-09-03 02:45:00,Chronos-2 (+가동 계획),113.50562,105.55275,113.50562,121.237656
2021-09-03 03:00:00,Chronos-2 (+가동 계획),97.98204,89.97363,97.98204,106.088715
2021-09-03 03:15:00,Chronos-2 (+가동 계획),108.59946,100.55847,108.59946,116.70579
2021-09-03 03:30:00,Chronos-2 (+가동 계획),110.20561,101.752335,110.20561,118.45831
2021-09-03 03:45:00,Chronos-2 (+가동 계획),112.11078,104.02471,112.11078,119.98127
2021-09-03 04:00:00,Chronos-2 (+가동 계획),112.869934,104.47092,112.869934,121.47114
2021-09-03 04:15:00,Chronos-2 (+가동 계획),115.02702,106.75554,115.02702,123.31981
2021-09-03 04:30:00,Chronos-2 (+가동 계획),112.34895,103.70947,112.34895,120.86108
2021-09-03 04:45:00,Chronos-2 (+가동 계획),108.74353,100.049644,108.74353,117.45744
2021-09-03 05:00:00,Chronos-2 (+가동 계획),86.81538,78.195854,86.81538,95.341125
2021-09-03 05:15:00,Chronos-2 (+가동 계획),81.774925,73.54066,81.774925,89.909225
2021-09-03 05:30:00,Chronos-2 (+가동 계획),97.85868,89.27519,97.85868,106.53942
2021-09-03 05:45:00,Chronos-2 (+가동 계획),112.25428,103.43528,112.25428,121.12088
2021-09-03 06:00:00,Chronos-2 (+가동 계획),113.144424,104.25822,113.144424,121.94202
2021-09-03 06:15:00,Chronos-2 (+가동 계획),111.63342,102.413826,111.63342,119.964874
2021-09-03 06:30:00,Chronos-2 (+가동 계획),110.562164,102.023315,110.562164,118.79793
2021-09-03 06:45:00,Chronos-2 (+가동 계획),113.4289,104.22101,113.4289,122.27804
2021-09-03 07:00:00,Chronos-2 (+가동 계획),114.00899,104.42445,114.00899,123.15245
2021-09-03 07:15:00,Chronos-2 (+가동 계획),124.63665,114.512535,124.63665,133.6641
2021-09-03 07:30:00,Chronos-2 (+가동 계획),148.001,138.77406,148.001,157.69269
2021-09-03 07:45:00,Chronos-2 (+가동 계획),145.33093,135.1727,145.33093,155.15121
2021-09-03 08:00:00,Chronos-2 (+가동 계획),166.53374,153.1959,166.53374,180.34744
2021-09-03 08:15:00,Chronos-2 (+가동 계획),185.28802,171.99718,185.28802,198.55637
2021-09-03 08:30:00,Chronos-2 (+가동 계획),187.89673,173.74316,187.89673,200.39377
2021-09-03 08:45:00,Chronos-2 (+가동 계획),185.23312,172.38217,185.23312,197.93307
2021-09-03 09:00:00,Chronos-2 (+가동 계획),179.04318,165.35614,179.04318,192.4372
2021-09-03 09:15:00,Chronos-2 (+가동 계획),180.61357,167.6966,180.61357,193.74603
2021-09-03 09:30:00,Chronos-2 (+가동 계획),180.79327,167.50957,180.79327,193.75555
2021-09-03 09:45:00,Chronos-2 (+가동 계획),183.17224,169.48451,183.17224,196.25104
2021-09-03 10:00:00,Chronos-2 (+가동 계획),157.55356,144.17807,157.55356,170.60756
2021-09-03 10:15:00,Chronos-2 (+가동 계획),180.82416,167.45284,180.82416,193.72845
2021-09-03 10:30:00,Chronos-2 (+가동 계획),181.67169,168.49411,181.67169,194.63705
2021-09-03 10:45:00,Chronos-2 (+가동 계획),182.58318,169.1948,182.58318,194.86365
2021-09-03 11:00:00,Chronos-2 (+가동 계획),180.13522,167.17175,180.13522,193.00949
2021-09-03 11:15:00,Chronos-2 (+가동 계획),181.88268,168.56834,181.88268,194.3779
2021-09-03 11:30:00,Chronos-2 (+가동 계획),183.4748,168.70245,183.4748,196.14267
2021-09-03 11:45:00,Chronos-2 (+가동 계획),179.74478,165.78046,179.74478,193.57285
2021-09-03 12:00:00,Chronos-2 (+가동 계획),118.636215,105.40071,118.636215,133.11052
2021-09-03 12:15:00,Chronos-2 (+가동 계획),101.565094,88.93735,101.565094,114.92524
2021-09-03 12:30:00,Chronos-2 (+가동 계획),103.987206,89.95367,103.987206,117.94193
2021-09-03 12:45:00,Chronos-2 (+가동 계획),127.33479,112.89714,127.33479,142.12198
2021-09-03 13:00:00,Chronos-2 (+가동 계획),170.71118,155.54059,170.71118,185.6507
2021-09-03 13:15:00,Chronos-2 (+가동 계획),177.01198,162.80794,177.01198,191.97484
2021-09-03 13:30:00,Chronos-2 (+가동 계획),177.90405,164.62332,177.90405,192.86578
2021-09-03 13:45:00,Chronos-2 (+가동 계획),182.46704,168.59811,182.46704,197.24133
2021-09-03 14:00:00,Chronos-2 (+가동 계획),180.0963,166.65562,180.0963,194.34416
2021-09-03 14:15:00,Chronos-2 (+가동 계획),175.4649,160.5768,175.4649,189.30014
2021-09-03 14:30:00,Chronos-2 (+가동 계획),175.77863,161.12726,175.77863,190.45033
2021-09-03 14:45:00,Chronos-2 (+가동 계획),176.4303,162.21545,176.4303,190.97412
2021-09-03 15:00:00,Chronos-2 (+가동 계획),144.32895,129.30867,144.32895,160.50443
2021-09-03 15:15:00,Chronos-2 (+가동 계획),169.42201,153.76909,169.42201,183.2214
2021-09-03 15:30:00,Chronos-2 (+가동 계획),175.45166,159.51675,175.45166,189.69058
2021-09-03 15:45:00,Chronos-2 (+가동 계획),175.63843,160.52509,175.63843,190.64969
2021-09-03 16:00:00,Chronos-2 (+가동 계획),174.13731,160.2707,174.13731,187.31284
2021-09-03 16:15:00,Chronos-2 (+가동 계획),171.00056,156.91724,171.00056,185.19794
2021-09-03 16:30:00,Chronos-2 (+가동 계획),167.16513,152.11064,167.16513,180.76822
2021-09-03 16:45:00,Chronos-2 (+가동 계획),163.42441,148.68803,163.42441,177.66336
2021-09-03 17:00:00,Chronos-2 (+가동 계획),125.56871,112.46843,125.56871,139.68057
2021-09-03 17:15:00,Chronos-2 (+가동 계획),118.40556,104.930214,118.40556,131.94014
2021-09-03 17:30:00,Chronos-2 (+가동 계획),154.9127,140.2587,154.9127,168.59598
2021-09-03 17:45:00,Chronos-2 (+가동 계획),165.61421,150.90039,165.61421,179.8248
2021-09-03 18:00:00,Chronos-2 (+가동 계획),162.37787,147.36899,162.37787,175.85864
2021-09-03 18:15:00,Chronos-2 (+가동 계획),160.82892,145.43,160.82892,174.39935
2021-09-03 18:30:00,Chronos-2 (+가동 계획),160.42834,145.11305,160.42834,174.29636
2021-09-03 18:45:00,Chronos-2 (+가동 계획),159.6914,144.14789,159.6914,173.28601
2021-09-03 19:00:00,Chronos-2 (+가동 계획),154.56375,139.47702,154.56375,168.21762
2021-09-03 19:15:00,Chronos-2 (+가동 계획),147.4313,131.7828,147.4313,161.18881
2021-09-03 19:30:00,Chronos-2 (+가동 계획),143.14532,128.45941,143.14532,158.24254
2021-09-03 19:45:00,Chronos-2 (+가동 계획),125.0114,110.58086,125.0114,139.49573
2021-09-03 20:00:00,Chronos-2 (+가동 계획),114.554535,102.53619,114.554535,126.479004
2021-09-03 20:15:00,Chronos-2 (+가동 계획),124.6366,113.54038,124.6366,135.28044
2021-09-03 20:30:00,Chronos-2 (+가동 계획),125.70158,114.55016,125.70158,136.49948
2021-09-03 20:45:00,Chronos-2 (+가동 계획),124.4613,114.17212,124.4613,134.64113
2021-09-03 21:00:00,Chronos-2 (+가동 계획),122.0618,111.19708,122.0618,132.83833
2021-09-03 21:15:00,Chronos-2 (+가동 계획),123.062126,111.96724,123.062126,133.6102
2021-09-03 21:30:00,Chronos-2 (+가동 계획),120.1002,109.018524,120.1002,130.87015
2021-09-03 21:45:00,Chronos-2 (+가동 계획),118.88771,107.67406,118.88771,130.03864
2021-09-03 22:00:00,Chronos-2 (+가동 계획),105.47706,93.45096,105.47706,116.58911
2021-09-03 22:15:00,Chronos-2 (+가동 계획),115.40666,103.84527,115.40666,126.167946
2021-09-03 22:30:00,Chronos-2 (+가동 계획),114.83822,103.63153,114.83822,125.84222
2021-09-03 22:45:00,Chronos-2 (+가동 계획),114.824844,103.66546,114.824844,125.535645
2021-09-03 23:00:00,Chronos-2 (+가동 계획),112.91144,101.73152,112.91144,123.82416
2021-09-03 23:15:00,Chronos-2 (+가동 계획),112.49411,101.14373,112.49411,123.47271
2021-09-03 23:30:00,Chronos-2 (+가동 계획),110.2471,98.55325,110.2471,121.16884
2021-09-03 23:45:00,Chronos-2 (+가동 계획),90.5902,79.52114,90.5902,101.529976
2021-09-04 00:00:00,Chronos-2 (+가동 계획),71.977165,63.559624,71.977165,79.65817
2021-09-04 00:15:00,Chronos-2 (+가동 계획),69.75342,61.31596,69.75342,78.158
2021-09-04 00:30:00,Chronos-2 (+가동 계획),67.72558,59.124985,67.72558,76.07315
2021-09-04 00:45:00,Chronos-2 (+가동 계획),67.19847,58.10754,67.19847,75.972855
2021-09-04 01:00:00,Chronos-2 (+가동 계획),92.164536,83.57267,92.164536,100.461914
2021-09-04 01:15:00,Chronos-2 (+가동 계획),103.07772,94.10009,103.07772,110.98416
2021-09-04 01:30:00,Chronos-2 (+가동 계획),105.45884,97.22704,105.45884,113.64699
2021-09-04 01:45:00,Chronos-2 (+가동 계획),106.54409,97.781555,106.54409,114.65674
2021-09-04 02:00:00,Chronos-2 (+가동 계획),108.79948,100.65696,108.79948,116.53175
2021-09-04 02:15:00,Chronos-2 (+가동 계획),110.31709,101.406395,110.31709,118.337616
2021-09-04 02:30:00,Chronos-2 (+가동 계획),106.553276,98.169426,106.553276,114.85125
2021-09-04 02:45:00,Chronos-2 (+가동 계획),104.70318,96.08564,104.70318,112.65275
2021-09-04 03:00:00,Chronos-2 (+가동 계획),95.82095,86.601974,95.82095,104.33164
2021-09-04 03:15:00,Chronos-2 (+가동 계획),100.8324,91.96218,100.8324,109.225685
2021-09-04 03:30:00,Chronos-2 (+가동 계획),100.899666,91.65364,100.899666,109.40379
2021-09-04 03:45:00,Chronos-2 (+가동 계획),103.374176,94.592224,103.374176,111.65579
2021-09-04 04:00:00,Chronos-2 (+가동 계획),105.739716,96.239395,105.739716,116.49982
2021-09-04 04:15:00,Chronos-2 (+가동 계획),106.6497,96.424904,106.6497,117.26069
2021-09-04 04:30:00,Chronos-2 (+가동 계획),106.53264,96.054665,106.53264,117.445915
2021-09-04 04:45:00,Chronos-2 (+가동 계획),101.83763,91.051,101.83763,112.723656
2021-09-04 05:00:00,Chronos-2 (+가동 계획),90.25833,79.24804,90.25833,101.20414
2021-09-04 05:15:00,Chronos-2 (+가동 계획),88.61843,76.1903,88.61843,100.30721
2021-09-04 05:30:00,Chronos-2 (+가동 계획),98.941414,87.82741,98.941414,110.50194
2021-09-04 05:45:00,Chronos-2 (+가동 계획),106.05102,95.06392,106.05102,116.744606
2021-09-04 06:00:00,Chronos-2 (+가동 계획),104.94492,94.40101,104.94492,115.69697
2021-09-04 06:15:00,Chronos-2 (+가동 계획),103.89676,93.37714,103.89676,114.919914
2021-09-04 06:30:00,Chronos-2 (+가동 계획),100.46658,89.839264,100.46658,111.52135
2021-09-04 06:45:00,Chronos-2 (+가동 계획),99.43314,88.6851,99.43314,110.07004
2021-09-04 07:00:00,Chronos-2 (+가동 계획),98.421326,87.249916,98.421326,109.24331
2021-09-04 07:15:00,Chronos-2 (+가동 계획),90.54118,78.434746,90.54118,102.18338
2021-09-04 07:30:00,Chronos-2 (+가동 계획),56.669968,44.395805,56.669968,70.27613
2021-09-04 07:45:00,Chronos-2 (+가동 계획),38.944447,27.590874,38.944447,51.14239
2021-09-04 08:00:00,Chronos-2 (+가동 계획),38.26569,22.769005,38.26569,51.73421
2021-09-04 08:15:00,Chronos-2 (+가동 계획),38.38803,22.469658,38.38803,51.725407
2021-09-04 08:30:00,Chronos-2 (+가동 계획),38.57829,22.380135,38.57829,52.165024
2021-09-04 08:45:00,Chronos-2 (+가동 계획),38.696186,22.492218,38.696186,52.505974
2021-09-04 09:00:00,Chronos-2 (+가동 계획),38.478127,22.471214,38.478127,52.270054
2021-09-04 09:15:00,Chronos-2 (+가동 계획),39.144066,22.17044,39.144066,53.050507
2021-09-04 09:30:00,Chronos-2 (+가동 계획),39.59978,22.57463,39.59978,53.251656
2021-09-04 09:45:00,Chronos-2 (+가동 계획),39.493374,22.522575,39.493374,53.55741
2021-09-04 10:00:00,Chronos-2 (+가동 계획),39.858128,22.451187,39.858128,54.317764
2021-09-04 10:15:00,Chronos-2 (+가동 계획),40.67341,22.700813,40.67341,54.92794
2021-09-04 10:30:00,Chronos-2 (+가동 계획),40.601795,22.797867,40.601795,55.090343
2021-09-04 10:45:00,Chronos-2 (+가동 계획),41.072773,23.591583,41.072773,56.155
2021-09-04 11:00:00,Chronos-2 (+가동 계획),41.71695,23.644363,41.71695,56.613503
2021-09-04 11:15:00,Chronos-2 (+가동 계획),41.884613,23.247322,41.884613,56.566887
2021-09-04 11:30:00,Chronos-2 (+가동 계획),41.73566,23.732727,41.73566,56.675503
2021-09-04 11:45:00,Chronos-2 (+가동 계획),42.01096,23.864738,42.01096,57.75437
2021-09-04 12:00:00,Chronos-2 (+가동 계획),38.915306,20.390953,38.915306,53.87625
2021-09-04 12:15:00,Chronos-2 (+가동 계획),39.04931,19.9767,39.04931,53.58318
2021-09-04 12:30:00,Chronos-2 (+가동 계획),38.853016,19.577232,38.853016,53.8282
2021-09-04 12:45:00,Chronos-2 (+가동 계획),39.376507,20.080109,39.376507,54.556667
2021-09-04 13:00:00,Chronos-2 (+가동 계획),39.463726,20.246735,39.463726,55.032722
2021-09-04 13:15:00,Chronos-2 (+가동 계획),40.07376,19.574951,40.07376,55.533024
2021-09-04 13:30:00,Chronos-2 (+가동 계획),40.752106,20.101738,40.752106,56.286037
2021-09-04 13:45:00,Chronos-2 (+가동 계획),40.580627,19.851547,40.580627,56.885376
2021-09-04 14:00:00,Chronos-2 (+가동 계획),40.475925,19.5513,40.475925,56.771084
2021-09-04 14:15:00,Chronos-2 (+가동 계획),41.118706,19.633469,41.118706,57.09399
2021-09-04 14:30:00,Chronos-2 (+가동 계획),40.771053,19.428352,40.771053,56.95281
2021-09-04 14:45:00,Chronos-2 (+가동 계획),40.70887,19.90953,40.70887,57.106617
2021-09-04 15:00:00,Chronos-2 (+가동 계획),41.005814,19.740974,41.005814,57.241043
2021-09-04 15:15:00,Chronos-2 (+가동 계획),40.782505,18.997116,40.782505,56.570274
2021-09-04 15:30:00,Chronos-2 (+가동 계획),40.75548,19.948036,40.75548,56.81694
2021-09-04 15:45:00,Chronos-2 (+가동 계획),41.04254,20.067307,41.04254,57.86581
2021-09-04 16:00:00,Chronos-2 (+가동 계획),40.4523,22.232994,40.4523,57.20314
2021-09-04 16:15:00,Chronos-2 (+가동 계획),40.831158,22.114311,40.831158,57.508263
2021-09-04 16:30:00,Chronos-2 (+가동 계획),40.628345,21.943924,40.628345,57.29393
2021-09-04 16:45:00,Chronos-2 (+가동 계획),40.125557,21.770721,40.125557,56.247334
2021-09-04 17:00:00,Chronos-2 (+가동 계획),39.480537,21.563438,39.480537,55.544518
2021-09-04 17:15:00,Chronos-2 (+가동 계획),39.313576,20.631248,39.313576,55.042732
2021-09-04 17:30:00,Chronos-2 (+가동 계획),40.474297,21.47728,40.474297,56.402294
2021-09-04 17:45:00,Chronos-2 (+가동 계획),40.74047,21.495972,40.74047,57.312874
2021-09-04 18:00:00,Chronos-2 (+가동 계획),40.40281,20.9254,40.40281,57.08285
2021-09-04 18:15:00,Chronos-2 (+가동 계획),40.25487,20.381752,40.25487,56.784195
2021-09-04 18:30:00,Chronos-2 (+가동 계획),39.294395,19.526894,39.294395,56.292862
2021-09-04 18:45:00,Chronos-2 (+가동 계획),38.61589,19.283127,38.61589,55.24894
2021-09-04 19:00:00,Chronos-2 (+가동 계획),38.20632,18.325882,38.20632,54.71121
2021-09-04 19:15:00,Chronos-2 (+가동 계획),37.529343,17.877647,37.529343,53.843914
2021-09-04 19:30:00,Chronos-2 (+가동 계획),36.509445,17.435318,36.509445,53.287247
2021-09-04 19:45:00,Chronos-2 (+가동 계획),36.039097,16.77813,36.039097,52.69622
2021-09-04 20:00:00,Chronos-2 (+가동 계획),32.93073,18.847778,32.93073,47.56058
2021-09-04 20:15:00,Chronos-2 (+가동 계획),33.238426,18.746376,33.238426,47.04555
2021-09-04 20:30:00,Chronos-2 (+가동 계획),33.277008,18.8153,33.277008,47.21907
2021-09-04 20:45:00,Chronos-2 (+가동 계획),33.234787,19.131607,33.234787,47.31379
2021-09-04 21:00:00,Chronos-2 (+가동 계획),33.42585,19.158546,33.42585,48.01447
2021-09-04 21:15:00,Chronos-2 (+가동 계획),33.65227,18.88475,33.65227,47.752056
2021-09-04 21:30:00,Chronos-2 (+가동 계획),33.97116,19.35865,33.97116,47.96829
2021-09-04 21:45:00,Chronos-2 (+가동 계획),33.44185,18.636314,33.44185,48.24433
2021-09-04 22:00:00,Chronos-2 (+가동 계획),33.291485,18.44143,33.291485,47.75684
2021-09-04 22:15:00,Chronos-2 (+가동 계획),34.310513,18.663078,34.310513,49.2578
2021-09-04 22:30:00,Chronos-2 (+가동 계획),33.962822,18.257332,33.962822,49.477577
2021-09-04 22:45:00,Chronos-2 (+가동 계획),33.827717,18.369926,33.827717,49.00739
2021-09-04 23:00:00,Chronos-2 (+가동 계획),33.703896,17.851105,33.703896,48.61594
2021-09-04 23:15:00,Chronos-2 (+가동 계획),33.20876,17.392273,33.20876,47.777138
2021-09-04 23:30:00,Chronos-2 (+가동 계획),32.564133,17.346344,32.564133,47.73809
2021-09-04 23:45:00,Chronos-2 (+가동 계획),32.03941,17.091553,32.03941,46.932507
2021-09-05 00:00:00,Chronos-2 (+가동 계획),22.844147,20.62078,22.844147,25.119385
2021-09-05 00:15:00,Chronos-2 (+가동 계획),22.7863,20.825851,22.7863,24.894394
2021-09-05 00:30:00,Chronos-2 (+가동 계획),22.90741,20.902351,22.90741,24.78566
2021-09-05 00:45:00,Chronos-2 (+가동 계획),23.005379,21.26358,23.005379,24.990387
2021-09-05 01:00:00,Chronos-2 (+가동 계획),23.010506,21.071838,23.010506,25.189812
2021-09-05 01:15:00,Chronos-2 (+가동 계획),23.383125,21.185356,23.383125,25.914238
2021-09-05 01:30:00,Chronos-2 (+가동 계획),23.601852,21.637695,23.601852,25.898766
2021-09-05 01:45:00,Chronos-2 (+가동 계획),23.656357,21.542145,23.656357,26.177849
2021-09-05 02:00:00,Chronos-2 (+가동 계획),23.684898,21.470734,23.684898,25.960274
2021-09-05 02:15:00,Chronos-2 (+가동 계획),23.776337,21.530533,23.776337,26.163094
2021-09-05 02:30:00,Chronos-2 (+가동 계획),23.642128,21.403038,23.642128,25.643059
2021-09-05 02:45:00,Chronos-2 (+가동 계획),23.528473,21.292656,23.528473,25.799866
2021-09-05 03:00:00,Chronos-2 (+가동 계획),23.42685,21.37941,23.42685,25.800476
2021-09-05 03:15:00,Chronos-2 (+가동 계획),23.41227,21.225334,23.41227,25.59272
2021-09-05 03:30:00,Chronos-2 (+가동 계획),23.132622,20.988907,23.132622,25.25782
2021-09-05 03:45:00,Chronos-2 (+가동 계획),22.923927,20.983986,22.923927,25.282722
2021-09-05 04:00:00,Chronos-2 (+가동 계획),23.501236,20.947693,23.501236,26.339302
2021-09-05 04:15:00,Chronos-2 (+가동 계획),23.550827,21.082375,23.550827,26.32769
2021-09-05 04:30:00,Chronos-2 (+가동 계획),23.572205,21.035126,23.572205,26.196182
2021-09-05 04:45:00,Chronos-2 (+가동 계획),23.381882,21.196007,23.381882,26.100105
2021-09-05 05:00:00,Chronos-2 (+가동 계획),23.30394,21.139389,23.30394,26.01049
2021-09-05 05:15:00,Chronos-2 (+가동 계획),23.388527,20.848366,23.388527,26.353516
2021-09-05 05:30:00,Chronos-2 (+가동 계획),23.551476,21.434998,23.551476,26.240982
2021-09-05 05:45:00,Chronos-2 (+가동 계획),23.433739,21.012482,23.433739,26.389824
2021-09-05 06:00:00,Chronos-2 (+가동 계획),23.454292,20.859138,23.454292,26.144081
2021-09-05 06:15:00,Chronos-2 (+가동 계획),23.714966,21.13971,23.714966,26.499374
2021-09-05 06:30:00,Chronos-2 (+가동 계획),23.610634,20.999146,23.610634,26.049515
2021-09-05 06:45:00,Chronos-2 (+가동 계획),23.59246,20.89492,23.59246,26.251007
2021-09-05 07:00:00,Chronos-2 (+가동 계획),23.638916,21.04161,23.638916,26.64965
2021-09-05 07:15:00,Chronos-2 (+가동 계획),23.719658,21.12471,23.719658,26.507408
2021-09-05 07:30:00,Chronos-2 (+가동 계획),23.609818,20.817673,23.609818,26.500809
2021-09-05 07:45:00,Chronos-2 (+가동 계획),23.571663,20.927872,23.571663,26.624237
2021-09-05 08:00:00,Chronos-2 (+가동 계획),23.998169,20.425972,23.998169,28.068344
2021-09-05 08:15:00,Chronos-2 (+가동 계획),24.209892,20.614319,24.209892,28.235847
2021-09-05 08:30:00,Chronos-2 (+가동 계획),24.351128,20.704956,24.351128,28.431496
2021-09-05 08:45:00,Chronos-2 (+가동 계획),24.17466,20.761345,24.17466,28.443634
2021-09-05 09:00:00,Chronos-2 (+가동 계획),24.21428,20.907158,24.21428,28.191612
2021-09-05 09:15:00,Chronos-2 (+가동 계획),24.412262,20.623535,24.412262,28.855148
2021-09-05 09:30:00,Chronos-2 (+가동 계획),24.496101,21.214996,24.496101,28.451546
2021-09-05 09:45:00,Chronos-2 (+가동 계획),24.427917,20.849205,24.427917,28.504494
2021-09-05 10:00:00,Chronos-2 (+가동 계획),24.221313,20.592194,24.221313,28.110191
2021-09-05 10:15:00,Chronos-2 (+가동 계획),24.69909,21.065376,24.69909,28.708572
2021-09-05 10:30:00,Chronos-2 (+가동 계획),24.698647,20.704094,24.698647,28.473091
2021-09-05 10:45:00,Chronos-2 (+가동 계획),24.892601,20.916565,24.892601,28.971931
2021-09-05 11:00:00,Chronos-2 (+가동 계획),25.034798,21.099197,25.034798,29.341614
2021-09-05 11:15:00,Chronos-2 (+가동 계획),24.981133,21.075363,24.981133,29.04245
2021-09-05 11:30:00,Chronos-2 (+가동 계획),24.624016,20.812317,24.624016,28.665794
2021-09-05 11:45:00,Chronos-2 (+가동 계획),24.259094,20.631691,24.259094,28.145119
2021-09-05 12:00:00,Chronos-2 (+가동 계획),24.151596,20.523636,24.151596,28.004517
2021-09-05 12:15:00,Chronos-2 (+가동 계획),24.105713,20.568901,24.105713,27.814629
2021-09-05 12:30:00,Chronos-2 (+가동 계획),24.17302,20.653206,24.17302,27.843246
2021-09-05 12:45:00,Chronos-2 (+가동 계획),24.19004,20.864212,24.19004,27.932877
2021-09-05 13:00:00,Chronos-2 (+가동 계획),24.093376,20.8964,24.093376,27.902817
2021-09-05 13:15:00,Chronos-2 (+가동 계획),24.331223,20.505013,24.331223,28.554192
2021-09-05 13:30:00,Chronos-2 (+가동 계획),24.580315,21.046852,24.580315,28.370445
2021-09-05 13:45:00,Chronos-2 (+가동 계획),24.493057,20.764236,24.493057,28.542068
2021-09-05 14:00:00,Chronos-2 (+가동 계획),24.458855,20.629372,24.458855,28.310684
2021-09-05 14:15:00,Chronos-2 (+가동 계획),24.910255,21.000816,24.910255,28.701904
2021-09-05 14:30:00,Chronos-2 (+가동 계획),24.775925,20.790176,24.775925,28.362343
2021-09-05 14:45:00,Chronos-2 (+가동 계획),24.823967,20.908806,24.823967,28.616096
2021-09-05 15:00:00,Chronos-2 (+가동 계획),24.84922,21.083748,24.84922,28.77919
2021-09-05 15:15:00,Chronos-2 (+가동 계획),24.9021,21.048027,24.9021,28.611496
2021-09-05 15:30:00,Chronos-2 (+가동 계획),24.693245,20.919456,24.693245,28.502213
2021-09-05 15:45:00,Chronos-2 (+가동 계획),24.582108,20.81569,24.582108,28.477837
2021-09-05 16:00:00,Chronos-2 (+가동 계획),25.248459,21.01094,25.248459,30.912498
2021-09-05 16:15:00,Chronos-2 (+가동 계획),25.353943,20.994186,25.353943,31.270794
2021-09-05 16:30:00,Chronos-2 (+가동 계획),25.331535,20.94551,25.331535,31.284035
2021-09-05 16:45:00,Chronos-2 (+가동 계획),25.066368,20.872078,25.066368,31.248638
2021-09-05 17:00:00,Chronos-2 (+가동 계획),24.877762,21.103188,24.877762,30.631474
2021-09-05 17:15:00,Chronos-2 (+가동 계획),24.896523,20.819214,24.896523,30.88993
2021-09-05 17:30:00,Chronos-2 (+가동 계획),24.997932,21.008537,24.997932,30.30537
2021-09-05 17:45:00,Chronos-2 (+가동 계획),24.659355,20.509857,24.659355,29.9665
2021-09-05 18:00:00,Chronos-2 (+가동 계획),24.247086,20.266754,24.247086,29.26838
2021-09-05 18:15:00,Chronos-2 (+가동 계획),24.521828,20.589127,24.521828,29.313309
2021-09-05 18:30:00,Chronos-2 (+가동 계획),24.086044,20.220154,24.086044,28.459686
2021-09-05 18:45:00,Chronos-2 (+가동 계획),23.931618,20.211159,23.931618,28.495224
2021-09-05 19:00:00,Chronos-2 (+가동 계획),23.86164,20.140724,23.86164,28.637428
2021-09-05 19:15:00,Chronos-2 (+가동 계획),23.73413,20.078674,23.73413,28.09616
2021-09-05 19:30:00,Chronos-2 (+가동 계획),23.691711,20.236214,23.691711,27.791252
2021-09-05 19:45:00,Chronos-2 (+가동 계획),23.211754,19.586472,23.211754,27.51387
2021-09-05 20:00:00,Chronos-2 (+가동 계획),23.342415,20.591042,23.342415,26.718315
2021-09-05 20:15:00,Chronos-2 (+가동 계획),23.310677,20.70874,23.310677,26.582619
2021-09-05 20:30:00,Chronos-2 (+가동 계획),23.290329,20.68959,23.290329,26.420113
2021-09-05 20:45:00,Chronos-2 (+가동 계획),23.15792,20.85498,23.15792,26.364098
2021-09-05 21:00:00,Chronos-2 (+가동 계획),22.98391,20.81823,22.98391,26.11634
2021-09-05 21:15:00,Chronos-2 (+가동 계획),23.16903,20.52105,23.16903,26.609749
2021-09-05 21:30:00,Chronos-2 (+가동 계획),23.254578,21.133492,23.254578,26.250717
2021-09-05 21:45:00,Chronos-2 (+가동 계획),23.115578,20.722694,23.115578,26.275002
2021-09-05 22:00:00,Chronos-2 (+가동 계획),23.095055,20.533424,23.095055,25.955338
2021-09-05 22:15:00,Chronos-2 (+가동 계획),23.540329,20.752876,23.540329,26.53962
2021-09-05 22:30:00,Chronos-2 (+가동 계획),23.393112,20.633392,23.393112,26.156654
2021-09-05 22:45:00,Chronos-2 (+가동 계획),23.397888,20.749435,23.397888,26.330376
2021-09-05 23:00:00,Chronos-2 (+가동 계획),23.456993,20.916374,23.456993,26.592682
2021-09-05 23:15:00,Chronos-2 (+가동 계획),23.33725,20.903969,23.33725,26.238464
2021-09-05 23:30:00,Chronos-2 (+가동 계획),23.11512,20.683113,23.11512,25.880585
2021-09-05 23:45:00,Chronos-2 (+가동 계획),22.677391,20.231247,22.677391,25.582
2021-09-06 00:00:00,Chronos-2 (+가동 계획),22.268356,19.79506,22.268356,25.155792
2021-09-06 00:15:00,Chronos-2 (+가동 계획),22.26815,19.947433,22.26815,25.061913
2021-09-06 00:30:00,Chronos-2 (+가동 계획),22.355133,19.933113,22.355133,24.81762
2021-09-06 00:45:00,Chronos-2 (+가동 계획),22.183357,19.74379,22.183357,24.901321
2021-09-06 01:00:00,Chronos-2 (+가동 계획),22.3406,20.039879,22.3406,25.096039
2021-09-06 01:15:00,Chronos-2 (+가동 계획),22.730934,20.29992,22.730934,26.00489
2021-09-06 01:30:00,Chronos-2 (+가동 계획),22.93769,20.474457,22.93769,25.914825
2021-09-06 01:45:00,Chronos-2 (+가동 계획),22.951805,20.443382,22.951805,26.194206
2021-09-06 02:00:00,Chronos-2 (+가동 계획),22.832268,20.290817,22.832268,25.864296
2021-09-06 02:15:00,Chronos-2 (+가동 계획),22.9076,20.36525,22.9076,26.171776
2021-09-06 02:30:00,Chronos-2 (+가동 계획),22.780815,20.178864,22.780815,25.375092
2021-09-06 02:45:00,Chronos-2 (+가동 계획),22.620224,20.05503,22.620224,25.510864
2021-09-06 03:00:00,Chronos-2 (+가동 계획),22.486,20.244484,22.486,25.513
2021-09-06 03:15:00,Chronos-2 (+가동 계획),22.589577,19.962463,22.589577,25.46479
2021-09-06 03:30:00,Chronos-2 (+가동 계획),22.387932,19.92234,22.387932,25.139763
2021-09-06 03:45:00,Chronos-2 (+가동 계획),22.23204,19.91449,22.23204,25.168335
2021-09-06 04:00:00,Chronos-2 (+가동 계획),22.901566,20.169891,22.901566,25.549835
2021-09-06 04:15:00,Chronos-2 (+가동 계획),22.756516,20.262268,22.756516,25.664833
2021-09-06 04:30:00,Chronos-2 (+가동 계획),22.979866,20.417892,22.979866,25.433212
2021-09-06 04:45:00,Chronos-2 (+가동 계획),22.809448,20.383469,22.809448,25.850365
2021-09-06 05:00:00,Chronos-2 (+가동 계획),22.884506,20.856758,22.884506,25.593582
2021-09-06 05:15:00,Chronos-2 (+가동 계획),22.701187,20.288567,22.701187,25.329826
2021-09-06 05:30:00,Chronos-2 (+가동 계획),22.630112,20.430191,22.630112,25.365242
2021-09-06 05:45:00,Chronos-2 (+가동 계획),22.517883,20.125458,22.517883,25.653793
2021-09-06 06:00:00,Chronos-2 (+가동 계획),22.868576,20.47947,22.868576,25.602806
2021-09-06 06:15:00,Chronos-2 (+가동 계획),22.705025,19.926811,22.705025,25.27076
2021-09-06 06:30:00,Chronos-2 (+가동 계획),22.563202,19.476051,22.563202,25.261528
2021-09-06 06:45:00,Chronos-2 (+가동 계획),23.197289,19.915108,23.197289,26.776741
2021-09-06 07:00:00,Chronos-2 (+가동 계획),28.031143,22.31903,28.031143,36.444126
2021-09-06 07:15:00,Chronos-2 (+가동 계획),43.259216,32.406982,43.259216,54.914555
2021-09-06 07:30:00,Chronos-2 (+가동 계획),73.220505,60.951668,73.220505,84.817665
2021-09-06 07:45:00,Chronos-2 (+가동 계획),105.93065,91.3456,105.93065,119.172264
2021-09-06 08:00:00,Chronos-2 (+가동 계획),150.57062,129.46788,150.57062,169.2712
2021-09-06 08:15:00,Chronos-2 (+가동 계획),173.75858,152.44315,173.75858,190.88135
2021-09-06 08:30:00,Chronos-2 (+가동 계획),179.02997,157.20245,179.02997,196.30405
2021-09-06 08:45:00,Chronos-2 (+가동 계획),179.08888,156.17532,179.08888,195.79022
2021-09-06 09:00:00,Chronos-2 (+가동 계획),174.45506,151.84573,174.45506,191.92372
2021-09-06 09:15:00,Chronos-2 (+가동 계획),171.81595,149.3665,171.81595,189.55978
2021-09-06 09:30:00,Chronos-2 (+가동 계획),174.36795,151.93169,174.36795,192.9508
2021-09-06 09:45:00,Chronos-2 (+가동 계획),175.012,151.05067,175.012,192.9891
2021-09-06 10:00:00,Chronos-2 (+가동 계획),153.31973,129.15594,153.31973,171.68022
2021-09-06 10:15:00,Chronos-2 (+가동 계획),173.99524,150.27316,173.99524,192.16742
2021-09-06 10:30:00,Chronos-2 (+가동 계획),173.25204,147.95453,173.25204,192.1189
2021-09-06 10:45:00,Chronos-2 (+가동 계획),171.14072,146.82812,171.14072,188.92789
2021-09-06 11:00:00,Chronos-2 (+가동 계획),171.32822,148.06769,171.32822,190.16031
2021-09-06 11:15:00,Chronos-2 (+가동 계획),171.89322,146.63719,171.89322,190.3053
2021-09-06 11:30:00,Chronos-2 (+가동 계획),171.699,145.14343,171.699,190.18631
2021-09-06 11:45:00,Chronos-2 (+가동 계획),169.8357,141.2399,169.8357,189.56537
2021-09-06 12:00:00,Chronos-2 (+가동 계획),123.894196,96.44489,123.894196,150.63788
2021-09-06 12:15:00,Chronos-2 (+가동 계획),105.22706,80.57086,105.22706,130.50737
2021-09-06 12:30:00,Chronos-2 (+가동 계획),107.80313,81.784515,107.80313,133.42522
2021-09-06 12:45:00,Chronos-2 (+가동 계획),131.2424,101.139114,131.2424,157.95697
2021-09-06 13:00:00,Chronos-2 (+가동 계획),166.11427,131.79138,166.11427,189.67313
2021-09-06 13:15:00,Chronos-2 (+가동 계획),169.99748,136.66725,169.99748,192.66002
2021-09-06 13:30:00,Chronos-2 (+가동 계획),170.78186,138.09575,170.78186,192.95287
2021-09-06 13:45:00,Chronos-2 (+가동 계획),174.03992,140.55249,174.03992,195.09653
2021-09-06 14:00:00,Chronos-2 (+가동 계획),170.7283,138.36885,170.7283,193.52586
2021-09-06 14:15:00,Chronos-2 (+가동 계획),168.5351,136.55475,168.5351,190.79153
2021-09-06 14:30:00,Chronos-2 (+가동 계획),169.63129,136.44083,169.63129,192.38702
2021-09-06 14:45:00,Chronos-2 (+가동 계획),169.00766,136.2662,169.00766,191.47583
2021-09-06 15:00:00,Chronos-2 (+가동 계획),141.91574,109.758255,141.91574,167.89832
2021-09-06 15:15:00,Chronos-2 (+가동 계획),160.87653,126.94983,160.87653,185.73512
2021-09-06 15:30:00,Chronos-2 (+가동 계획),167.24185,132.77582,167.24185,191.54347
2021-09-06 15:45:00,Chronos-2 (+가동 계획),169.42303,133.72104,169.42303,192.84409
2021-09-06 16:00:00,Chronos-2 (+가동 계획),168.52127,135.61969,168.52127,189.30971
2021-09-06 16:15:00,Chronos-2 (+가동 계획),166.3764,133.80347,166.3764,188.0466
2021-09-06 16:30:00,Chronos-2 (+가동 계획),163.78755,130.05109,163.78755,185.26505
2021-09-06 16:45:00,Chronos-2 (+가동 계획),159.06537,125.919815,159.06537,181.01683
2021-09-06 17:00:00,Chronos-2 (+가동 계획),128.237,97.29605,128.237,152.21317
2021-09-06 17:15:00,Chronos-2 (+가동 계획),118.715614,88.45636,118.715614,144.97847
2021-09-06 17:30:00,Chronos-2 (+가동 계획),147.71419,110.84433,147.71419,172.50171
2021-09-06 17:45:00,Chronos-2 (+가동 계획),157.47887,117.97761,157.47887,182.82614
2021-09-06 18:00:00,Chronos-2 (+가동 계획),154.634,114.33656,154.634,179.57224
2021-09-06 18:15:00,Chronos-2 (+가동 계획),152.74463,111.34268,152.74463,177.40436
2021-09-06 18:30:00,Chronos-2 (+가동 계획),150.64073,111.90605,150.64073,175.8241
2021-09-06 18:45:00,Chronos-2 (+가동 계획),149.438,111.63249,149.438,173.40782
2021-09-06 19:00:00,Chronos-2 (+가동 계획),146.11157,110.11853,146.11157,169.41287
2021-09-06 19:15:00,Chronos-2 (+가동 계획),139.66837,106.252625,139.66837,162.86856
2021-09-06 19:30:00,Chronos-2 (+가동 계획),135.93301,104.20087,135.93301,158.22183
2021-09-06 19:45:00,Chronos-2 (+가동 계획),123.08214,94.31971,123.08214,146.12338
2021-09-06 20:00:00,Chronos-2 (+가동 계획),112.26445,91.9953,112.26445,128.32271
2021-09-06 20:15:00,Chronos-2 (+가동 계획),121.26366,101.635956,121.26366,135.69998
2021-09-06 20:30:00,Chronos-2 (+가동 계획),122.98685,102.88247,122.98685,136.68777
2021-09-06 20:45:00,Chronos-2 (+가동 계획),122.23594,102.173294,122.23594,136.3847
2021-09-06 21:00:00,Chronos-2 (+가동 계획),121.18073,101.8629,121.18073,135.81697
2021-09-06 21:15:00,Chronos-2 (+가동 계획),121.56994,102.584694,121.56994,135.12392
2021-09-06 21:30:00,Chronos-2 (+가동 계획),117.85069,99.04659,117.85069,131.36418
2021-09-06 21:45:00,Chronos-2 (+가동 계획),116.3831,97.86328,116.3831,129.80449
2021-09-06 22:00:00,Chronos-2 (+가동 계획),103.857506,85.09067,103.857506,117.708466
2021-09-06 22:15:00,Chronos-2 (+가동 계획),112.61496,94.76348,112.61496,125.97421
2021-09-06 22:30:00,Chronos-2 (+가동 계획),113.338615,95.2493,113.338615,126.92935
2021-09-06 22:45:00,Chronos-2 (+가동 계획),114.20306,96.926575,114.20306,126.89526
2021-09-06 23:00:00,Chronos-2 (+가동 계획),112.54205,95.16009,112.54205,124.824326
2021-09-06 23:15:00,Chronos-2 (+가동 계획),111.112175,93.23654,111.112175,123.59149
2021-09-06 23:30:00,Chronos-2 (+가동 계획),107.92815,89.43719,107.92815,121.55057
2021-09-06 23:45:00,Chronos-2 (+가동 계획),87.35699,70.021736,87.35699,100.88319
2021-09-07 00:00:00,Chronos-2 (+가동 계획),74.84042,68.29105,74.84042,81.02501
2021-09-07 00:15:00,Chronos-2 (+가동 계획),72.63698,66.37702,72.63698,79.17234
2021-09-07 00:30:00,Chronos-2 (+가동 계획),70.75251,64.306145,70.75251,77.00242
2021-09-07 00:45:00,Chronos-2 (+가동 계획),68.62784,61.81623,68.62784,75.1939
2021-09-07 01:00:00,Chronos-2 (+가동 계획),95.898834,89.106705,95.898834,102.79051
2021-09-07 01:15:00,Chronos-2 (+가동 계획),105.414154,98.212234,105.414154,112.1305
2021-09-07 01:30:00,Chronos-2 (+가동 계획),107.78817,101.230545,107.78817,114.9115
2021-09-07 01:45:00,Chronos-2 (+가동 계획),107.98671,100.977394,107.98671,115.30542
2021-09-07 02:00:00,Chronos-2 (+가동 계획),108.496864,101.91286,108.496864,115.209854
2021-09-07 02:15:00,Chronos-2 (+가동 계획),107.368484,100.60962,107.368484,114.00872
2021-09-07 02:30:00,Chronos-2 (+가동 계획),103.925415,97.3372,103.925415,110.60164
2021-09-07 02:45:00,Chronos-2 (+가동 계획),102.89874,96.10538,102.89874,110.1855
2021-09-07 03:00:00,Chronos-2 (+가동 계획),91.552216,84.60813,91.552216,98.365105
2021-09-07 03:15:00,Chronos-2 (+가동 계획),101.19823,94.62883,101.19823,108.496956
2021-09-07 03:30:00,Chronos-2 (+가동 계획),103.02574,95.92124,103.02574,110.055336
2021-09-07 03:45:00,Chronos-2 (+가동 계획),103.841515,97.0217,103.841515,111.00468
2021-09-07 04:00:00,Chronos-2 (+가동 계획),106.36163,98.60739,106.36163,114.01028
2021-09-07 04:15:00,Chronos-2 (+가동 계획),107.93993,100.39712,107.93993,115.73197
2021-09-07 04:30:00,Chronos-2 (+가동 계획),106.153854,98.025024,106.153854,114.11487
2021-09-07 04:45:00,Chronos-2 (+가동 계획),102.332466,94.16134,102.332466,109.99974
2021-09-07 05:00:00,Chronos-2 (+가동 계획),82.3732,74.5833,82.3732,89.72177
2021-09-07 05:15:00,Chronos-2 (+가동 계획),77.15755,69.53631,77.15755,84.34584
2021-09-07 05:30:00,Chronos-2 (+가동 계획),93.1773,85.06957,93.1773,100.84743
2021-09-07 05:45:00,Chronos-2 (+가동 계획),106.932274,98.53408,106.932274,115.106606
2021-09-07 06:00:00,Chronos-2 (+가동 계획),107.17146,98.802315,107.17146,115.47197
2021-09-07 06:15:00,Chronos-2 (+가동 계획),105.72704,97.12608,105.72704,113.82387
2021-09-07 06:30:00,Chronos-2 (+가동 계획),104.064,96.071236,104.064,112.43701
2021-09-07 06:45:00,Chronos-2 (+가동 계획),106.6761,97.84082,106.6761,115.06104
2021-09-07 07:00:00,Chronos-2 (+가동 계획),108.31832,98.946396,108.31832,116.79502
2021-09-07 07:15:00,Chronos-2 (+가동 계획),118.23019,107.59983,118.23019,127.40445
2021-09-07 07:30:00,Chronos-2 (+가동 계획),142.13956,132.14165,142.13956,151.99174
2021-09-07 07:45:00,Chronos-2 (+가동 계획),138.76903,128.34198,138.76903,148.70609
2021-09-07 08:00:00,Chronos-2 (+가동 계획),156.63834,143.4523,156.63834,170.46217
2021-09-07 08:15:00,Chronos-2 (+가동 계획),175.55704,161.55229,175.55704,188.67422
2021-09-07 08:30:00,Chronos-2 (+가동 계획),177.57764,162.78152,177.57764,190.20981
2021-09-07 08:45:00,Chronos-2 (+가동 계획),175.11804,161.20226,175.11804,187.84245
2021-09-07 09:00:00,Chronos-2 (+가동 계획),169.3064,155.34508,169.3064,183.00967
2021-09-07 09:15:00,Chronos-2 (+가동 계획),170.28613,156.30225,170.28613,183.05475
2021-09-07 09:30:00,Chronos-2 (+가동 계획),171.79556,157.84933,171.79556,184.7573
2021-09-07 09:45:00,Chronos-2 (+가동 계획),174.69218,159.97638,174.69218,187.92572
2021-09-07 10:00:00,Chronos-2 (+가동 계획),147.95279,134.13162,147.95279,161.55939
2021-09-07 10:15:00,Chronos-2 (+가동 계획),173.01703,158.43863,173.01703,186.02766
2021-09-07 10:30:00,Chronos-2 (+가동 계획),173.55661,158.90417,173.55661,186.76205
2021-09-07 10:45:00,Chronos-2 (+가동 계획),173.39188,158.51125,173.39188,185.97604
2021-09-07 11:00:00,Chronos-2 (+가동 계획),172.46362,158.14867,172.46362,185.8095
2021-09-07 11:15:00,Chronos-2 (+가동 계획),173.40552,158.34094,173.40552,186.15796
2021-09-07 11:30:00,Chronos-2 (+가동 계획),173.85939,158.26532,173.85939,186.8721
2021-09-07 11:45:00,Chronos-2 (+가동 계획),170.88739,156.08379,170.88739,185.0203
2021-09-07 12:00:00,Chronos-2 (+가동 계획),117.013336,103.79935,117.013336,130.3503
2021-09-07 12:15:00,Chronos-2 (+가동 계획),100.86645,88.24805,100.86645,113.3976
2021-09-07 12:30:00,Chronos-2 (+가동 계획),103.230804,89.635635,103.230804,115.99884
2021-09-07 12:45:00,Chronos-2 (+가동 계획),125.78832,110.65546,125.78832,139.74066
2021-09-07 13:00:00,Chronos-2 (+가동 계획),163.9173,147.82224,163.9173,178.45709
2021-09-07 13:15:00,Chronos-2 (+가동 계획),169.8068,153.89154,169.8068,184.863
2021-09-07 13:30:00,Chronos-2 (+가동 계획),170.81218,155.23528,170.81218,185.86021
2021-09-07 13:45:00,Chronos-2 (+가동 계획),174.31313,157.96942,174.31313,189.00093
2021-09-07 14:00:00,Chronos-2 (+가동 계획),172.55539,157.08461,172.55539,187.0712
2021-09-07 14:15:00,Chronos-2 (+가동 계획),169.19553,151.9407,169.19553,183.19809
2021-09-07 14:30:00,Chronos-2 (+가동 계획),169.73643,152.71414,169.73643,184.44028
2021-09-07 14:45:00,Chronos-2 (+가동 계획),169.77151,152.34074,169.77151,184.61081
2021-09-07 15:00:00,Chronos-2 (+가동 계획),139.29453,123.40967,139.29453,154.33725
2021-09-07 15:15:00,Chronos-2 (+가동 계획),163.51863,145.93033,163.51863,177.82797
2021-09-07 15:30:00,Chronos-2 (+가동 계획),168.71683,150.9522,168.71683,183.4768
2021-09-07 15:45:00,Chronos-2 (+가동 계획),169.70776,153.19577,169.70776,185.3699
2021-09-07 16:00:00,Chronos-2 (+가동 계획),168.28868,152.99509,168.28868,182.08157
2021-09-07 16:15:00,Chronos-2 (+가동 계획),165.55734,150.16193,165.55734,180.26599
2021-09-07 16:30:00,Chronos-2 (+가동 계획),161.61475,145.04248,161.61475,175.85483
2021-09-07 16:45:00,Chronos-2 (+가동 계획),159.0468,142.07953,159.0468,173.87634
2021-09-07 17:00:00,Chronos-2 (+가동 계획),123.10444,109.148544,123.10444,136.84134
2021-09-07 17:15:00,Chronos-2 (+가동 계획),111.93438,98.497055,111.93438,125.39148
2021-09-07 17:30:00,Chronos-2 (+가동 계획),147.2825,132.02039,147.2825,161.30548
2021-09-07 17:45:00,Chronos-2 (+가동 계획),156.89987,140.5249,156.89987,171.0693
2021-09-07 18:00:00,Chronos-2 (+가동 계획),155.23726,139.08466,155.23726,169.30595
2021-09-07 18:15:00,Chronos-2 (+가동 계획),154.69135,138.30276,154.69135,168.75296
2021-09-07 18:30:00,Chronos-2 (+가동 계획),155.22787,138.43018,155.22787,168.92178
2021-09-07 18:45:00,Chronos-2 (+가동 계획),154.64235,138.18857,154.64235,168.38226
2021-09-07 19:00:00,Chronos-2 (+가동 계획),150.83304,134.73666,150.83304,164.80566
2021-09-07 19:15:00,Chronos-2 (+가동 계획),143.69334,126.99945,143.69334,157.55627
2021-09-07 19:30:00,Chronos-2 (+가동 계획),141.91663,126.37016,141.91663,156.73135
2021-09-07 19:45:00,Chronos-2 (+가동 계획),127.20294,111.68025,127.20294,141.26463
2021-09-07 20:00:00,Chronos-2 (+가동 계획),117.02197,105.262,117.02197,128.53435
2021-09-07 20:15:00,Chronos-2 (+가동 계획),126.706696,115.42569,126.706696,136.78946
2021-09-07 20:30:00,Chronos-2 (+가동 계획),127.44379,116.29769,127.44379,137.60779
2021-09-07 20:45:00,Chronos-2 (+가동 계획),125.41849,114.79677,125.41849,134.98006
2021-09-07 21:00:00,Chronos-2 (+가동 계획),122.893585,112.18562,122.893585,132.9473
2021-09-07 21:15:00,Chronos-2 (+가동 계획),123.081726,112.27257,123.081726,132.91403
2021-09-07 21:30:00,Chronos-2 (+가동 계획),120.786156,110.09117,120.786156,130.70703
2021-09-07 21:45:00,Chronos-2 (+가동 계획),119.53435,108.58947,119.53435,129.76038
2021-09-07 22:00:00,Chronos-2 (+가동 계획),105.0151,93.46555,105.0151,114.721405
2021-09-07 22:15:00,Chronos-2 (+가동 계획),116.002594,104.74211,116.002594,125.695625
2021-09-07 22:30:00,Chronos-2 (+가동 계획),113.71536,102.64028,113.71536,123.438385
2021-09-07 22:45:00,Chronos-2 (+가동 계획),114.05539,103.19495,114.05539,123.7891
2021-09-07 23:00:00,Chronos-2 (+가동 계획),112.1624,101.34577,112.1624,121.70778
2021-09-07 23:15:00,Chronos-2 (+가동 계획),112.483604,101.379745,112.483604,122.42539
2021-09-07 23:30:00,Chronos-2 (+가동 계획),109.11234,98.025314,109.11234,118.597145
2021-09-07 23:45:00,Chronos-2 (+가동 계획),89.49348,79.16571,89.49348,99.32923
2021-09-08 00:00:00,Chronos-2 (+가동 계획),80.422,73.51457,80.422,86.73998
2021-09-08 00:15:00,Chronos-2 (+가동 계획),77.76527,71.32789,77.76527,84.66466
2021-09-08 00:30:00,Chronos-2 (+가동 계획),75.0395,68.44115,75.0395,81.70151
2021-09-08 00:45:00,Chronos-2 (+가동 계획),72.013374,65.07849,72.013374,79.02522
2021-09-08 01:00:00,Chronos-2 (+가동 계획),99.1811,91.969185,99.1811,106.57912
2021-09-08 01:15:00,Chronos-2 (+가동 계획),110.7771,102.85953,110.7771,118.06774
2021-09-08 01:30:00,Chronos-2 (+가동 계획),113.59852,106.455414,113.59852,121.019226
2021-09-08 01:45:00,Chronos-2 (+가동 계획),114.240265,106.487816,114.240265,121.67255
2021-09-08 02:00:00,Chronos-2 (+가동 계획),114.763824,107.68783,114.763824,121.92255
2021-09-08 02:15:00,Chronos-2 (+가동 계획),113.48172,106.14197,113.48172,120.56705
2021-09-08 02:30:00,Chronos-2 (+가동 계획),109.96938,102.85508,109.96938,117.22937
2021-09-08 02:45:00,Chronos-2 (+가동 계획),109.78284,102.48328,109.78284,117.45201
2021-09-08 03:00:00,Chronos-2 (+가동 계획),96.1232,88.75394,96.1232,103.718216
2021-09-08 03:15:00,Chronos-2 (+가동 계획),106.79144,99.20968,106.79144,114.68469
2021-09-08 03:30:00,Chronos-2 (+가동 계획),108.338776,100.40409,108.338776,116.183586
2021-09-08 03:45:00,Chronos-2 (+가동 계획),108.60646,100.97989,108.60646,116.28291
2021-09-08 04:00:00,Chronos-2 (+가동 계획),109.34517,101.51197,109.34517,117.46151
2021-09-08 04:15:00,Chronos-2 (+가동 계획),111.40334,103.75595,111.40334,119.466965
2021-09-08 04:30:00,Chronos-2 (+가동 계획),110.964386,102.81884,110.964386,119.34385
2021-09-08 04:45:00,Chronos-2 (+가동 계획),108.57379,100.35947,108.57379,116.77558
2021-09-08 05:00:00,Chronos-2 (+가동 계획),87.35097,79.18277,87.35097,95.182884
2021-09-08 05:15:00,Chronos-2 (+가동 계획),81.93329,74.3586,81.93329,89.36879
2021-09-08 05:30:00,Chronos-2 (+가동 계획),98.26245,90.24087,98.26245,106.24689
2021-09-08 05:45:00,Chronos-2 (+가동 계획),112.116135,103.73231,112.116135,120.53762
2021-09-08 06:00:00,Chronos-2 (+가동 계획),112.358986,103.89781,112.358986,120.84098
2021-09-08 06:15:00,Chronos-2 (+가동 계획),111.37594,102.73416,111.37594,119.31454
2021-09-08 06:30:00,Chronos-2 (+가동 계획),110.644424,102.443825,110.644424,118.713974
2021-09-08 06:45:00,Chronos-2 (+가동 계획),113.77871,104.909874,113.77871,122.15207
2021-09-08 07:00:00,Chronos-2 (+가동 계획),114.65628,105.35202,114.65628,123.36662
2021-09-08 07:15:00,Chronos-2 (+가동 계획),125.343315,115.0571,125.343315,134.12022
2021-09-08 07:30:00,Chronos-2 (+가동 계획),149.8153,140.37941,149.8153,159.63638
2021-09-08 07:45:00,Chronos-2 (+가동 계획),144.27405,134.37921,144.27405,153.74908
2021-09-08 08:00:00,Chronos-2 (+가동 계획),162.75418,151.05827,162.75418,175.64252
2021-09-08 08:15:00,Chronos-2 (+가동 계획),181.5177,169.06168,181.5177,193.44736
2021-09-08 08:30:00,Chronos-2 (+가동 계획),184.68945,171.4129,184.68945,196.1279
2021-09-08 08:45:00,Chronos-2 (+가동 계획),183.36461,171.18753,183.36461,194.89595
2021-09-08 09:00:00,Chronos-2 (+가동 계획),175.48886,162.99973,175.48886,187.97101
2021-09-08 09:15:00,Chronos-2 (+가동 계획),177.32257,165.15404,177.32257,189.13663
2021-09-08 09:30:00,Chronos-2 (+가동 계획),177.60672,165.20193,177.60672,189.09918
2021-09-08 09:45:00,Chronos-2 (+가동 계획),181.14136,168.17056,181.14136,193.12381
2021-09-08 10:00:00,Chronos-2 (+가동 계획),154.46533,142.33282,154.46533,166.40958
2021-09-08 10:15:00,Chronos-2 (+가동 계획),179.34071,166.46231,179.34071,191.18713
2021-09-08 10:30:00,Chronos-2 (+가동 계획),179.66306,167.28217,179.66306,191.37704
2021-09-08 10:45:00,Chronos-2 (+가동 계획),180.52731,167.45088,180.52731,191.85983
2021-09-08 11:00:00,Chronos-2 (+가동 계획),178.52106,166.21101,178.52106,190.52866
2021-09-08 11:15:00,Chronos-2 (+가동 계획),179.57817,166.75458,179.57817,190.97318
2021-09-08 11:30:00,Chronos-2 (+가동 계획),181.04294,167.25421,181.04294,192.62541
2021-09-08 11:45:00,Chronos-2 (+가동 계획),178.93674,165.88643,178.93674,191.63782
2021-09-08 12:00:00,Chronos-2 (+가동 계획),121.67658,109.95091,121.67658,134.18015
2021-09-08 12:15:00,Chronos-2 (+가동 계획),105.2702,93.22831,105.2702,117.03795
2021-09-08 12:30:00,Chronos-2 (+가동 계획),106.52729,93.53977,106.52729,118.61404
2021-09-08 12:45:00,Chronos-2 (+가동 계획),132.03775,119.01646,132.03775,144.90143
2021-09-08 13:00:00,Chronos-2 (+가동 계획),171.5376,157.72437,171.5376,184.85428
2021-09-08 13:15:00,Chronos-2 (+가동 계획),176.52396,163.44171,176.52396,189.96509
2021-09-08 13:30:00,Chronos-2 (+가동 계획),177.08098,164.88615,177.08098,190.32697
2021-09-08 13:45:00,Chronos-2 (+가동 계획),180.43652,167.10329,180.43652,193.29498
2021-09-08 14:00:00,Chronos-2 (+가동 계획),179.96304,167.70578,179.96304,192.49078
2021-09-08 14:15:00,Chronos-2 (+가동 계획),176.72504,163.05649,176.72504,188.99815
2021-09-08 14:30:00,Chronos-2 (+가동 계획),178.16136,164.922,178.16136,191.24399
2021-09-08 14:45:00,Chronos-2 (+가동 계획),179.25725,166.50769,179.25725,192.55548
2021-09-08 15:00:00,Chronos-2 (+가동 계획),146.94466,134.41435,146.94466,160.74397
2021-09-08 15:15:00,Chronos-2 (+가동 계획),172.74933,158.52042,172.74933,185.0797
2021-09-08 15:30:00,Chronos-2 (+가동 계획),176.44559,161.72345,176.44559,189.0922
2021-09-08 15:45:00,Chronos-2 (+가동 계획),175.98318,162.16644,175.98318,189.57556
2021-09-08 16:00:00,Chronos-2 (+가동 계획),174.83716,162.28253,174.83716,186.67441
2021-09-08 16:15:00,Chronos-2 (+가동 계획),170.77922,157.98027,170.77922,183.39534
2021-09-08 16:30:00,Chronos-2 (+가동 계획),167.04208,153.04361,167.04208,179.1514
2021-09-08 16:45:00,Chronos-2 (+가동 계획),165.10919,151.61595,165.10919,177.99461
2021-09-08 17:00:00,Chronos-2 (+가동 계획),128.28345,116.45785,128.28345,140.66913
2021-09-08 17:15:00,Chronos-2 (+가동 계획),117.057785,104.859406,117.057785,129.24956
2021-09-08 17:30:00,Chronos-2 (+가동 계획),155.90598,142.6059,155.90598,168.21523
2021-09-08 17:45:00,Chronos-2 (+가동 계획),165.84111,152.34027,165.84111,178.56177
2021-09-08 18:00:00,Chronos-2 (+가동 계획),162.97348,149.46274,162.97348,175.28448
2021-09-08 18:15:00,Chronos-2 (+가동 계획),161.65224,147.80814,161.65224,173.85236
2021-09-08 18:30:00,Chronos-2 (+가동 계획),161.78392,148.22641,161.78392,173.70758
2021-09-08 18:45:00,Chronos-2 (+가동 계획),161.77728,147.83229,161.77728,173.62106
2021-09-08 19:00:00,Chronos-2 (+가동 계획),158.75974,145.14276,158.75974,170.89932
2021-09-08 19:15:00,Chronos-2 (+가동 계획),151.06116,137.12456,151.06116,163.0589
2021-09-08 19:30:00,Chronos-2 (+가동 계획),150.27295,137.13754,150.27295,163.14474
2021-09-08 19:45:00,Chronos-2 (+가동 계획),132.53522,119.8494,132.53522,145.19948
2021-09-08 20:00:00,Chronos-2 (+가동 계획),121.90757,111.54677,121.90757,132.2695
2021-09-08 20:15:00,Chronos-2 (+가동 계획),130.66913,120.3716,130.66913,139.90308
2021-09-08 20:30:00,Chronos-2 (+가동 계획),131.29715,121.09926,131.29715,140.69315
2021-09-08 20:45:00,Chronos-2 (+가동 계획),129.95619,120.4704,129.95619,138.87036
2021-09-08 21:00:00,Chronos-2 (+가동 계획),128.08916,118.20211,128.08916,137.71939
2021-09-08 21:15:00,Chronos-2 (+가동 계획),128.2226,118.15181,128.2226,137.45908
2021-09-08 21:30:00,Chronos-2 (+가동 계획),125.28339,115.29349,125.28339,134.63338
2021-09-08 21:45:00,Chronos-2 (+가동 계획),124.81186,114.50363,124.81186,134.39883
2021-09-08 22:00:00,Chronos-2 (+가동 계획),109.82349,99.114174,109.82349,119.0803
2021-09-08 22:15:00,Chronos-2 (+가동 계획),121.3113,110.911476,121.3113,130.59372
2021-09-08 22:30:00,Chronos-2 (+가동 계획),119.32971,109.18699,119.32971,128.7972
2021-09-08 22:45:00,Chronos-2 (+가동 계획),119.791534,109.753685,119.791534,129.11826
2021-09-08 23:00:00,Chronos-2 (+가동 계획),117.7681,107.63959,117.7681,126.99185
2021-09-08 23:15:00,Chronos-2 (+가동 계획),119.02032,108.72887,119.02032,128.46243
2021-09-08 23:30:00,Chronos-2 (+가동 계획),114.837204,104.44218,114.837204,123.97383
2021-09-08 23:45:00,Chronos-2 (+가동 계획),95.77627,86.00503,95.77627,105.104095
2021-09-09 00:00:00,Chronos-2 (+가동 계획),77.377884,70.14647,77.377884,84.06314
2021-09-09 00:15:00,Chronos-2 (+가동 계획),74.90445,67.5988,74.90445,82.08075
2021-09-09 00:30:00,Chronos-2 (+가동 계획),71.78946,64.13108,71.78946,78.85757
2021-09-09 00:45:00,Chronos-2 (+가동 계획),68.85875,61.28215,68.85875,76.3194
2021-09-09 01:00:00,Chronos-2 (+가동 계획),94.56468,86.60437,94.56468,101.67756
2021-09-09 01:15:00,Chronos-2 (+가동 계획),108.58093,100.05684,108.58093,116.08615
2021-09-09 01:30:00,Chronos-2 (+가동 계획),111.53081,103.64708,111.53081,119.12952
2021-09-09 01:45:00,Chronos-2 (+가동 계획),112.61046,104.19319,112.61046,120.20003
2021-09-09 02:00:00,Chronos-2 (+가동 계획),113.39041,105.30255,113.39041,120.827515
2021-09-09 02:15:00,Chronos-2 (+가동 계획),113.29918,104.90723,113.29918,120.76846
2021-09-09 02:30:00,Chronos-2 (+가동 계획),109.90812,101.735176,109.90812,117.60005
2021-09-09 02:45:00,Chronos-2 (+가동 계획),109.89227,101.3898,109.89227,118.07997
2021-09-09 03:00:00,Chronos-2 (+가동 계획),97.02838,87.81366,97.02838,105.08025
2021-09-09 03:15:00,Chronos-2 (+가동 계획),108.26261,99.0937,108.26261,116.55293
2021-09-09 03:30:00,Chronos-2 (+가동 계획),109.74055,100.57073,109.74055,118.20206
2021-09-09 03:45:00,Chronos-2 (+가동 계획),110.06719,101.308395,110.06719,118.22984
2021-09-09 04:00:00,Chronos-2 (+가동 계획),109.58429,100.731125,109.58429,118.161255
2021-09-09 04:15:00,Chronos-2 (+가동 계획),110.75302,102.289566,110.75302,118.841675
2021-09-09 04:30:00,Chronos-2 (+가동 계획),109.69729,100.687874,109.69729,118.394485
2021-09-09 04:45:00,Chronos-2 (+가동 계획),106.32513,97.16487,106.32513,114.86096
2021-09-09 05:00:00,Chronos-2 (+가동 계획),84.58247,75.33312,84.58247,92.79923
2021-09-09 05:15:00,Chronos-2 (+가동 계획),80.82383,71.804016,80.82383,88.84088
2021-09-09 05:30:00,Chronos-2 (+가동 계획),97.375244,87.78903,97.375244,106.03124
2021-09-09 05:45:00,Chronos-2 (+가동 계획),110.467896,101.05739,110.467896,119.25496
2021-09-09 06:00:00,Chronos-2 (+가동 계획),110.847824,101.148636,110.847824,119.76187
2021-09-09 06:15:00,Chronos-2 (+가동 계획),109.969345,100.05665,109.969345,118.39334
2021-09-09 06:30:00,Chronos-2 (+가동 계획),108.16819,98.6303,108.16819,117.038795
2021-09-09 06:45:00,Chronos-2 (+가동 계획),110.89554,100.82088,110.89554,119.88288
2021-09-09 07:00:00,Chronos-2 (+가동 계획),112.06059,101.44054,112.06059,121.54171
2021-09-09 07:15:00,Chronos-2 (+가동 계획),124.042114,111.794464,124.042114,133.56993
2021-09-09 07:30:00,Chronos-2 (+가동 계획),147.66216,137.00662,147.66216,158.22224
2021-09-09 07:45:00,Chronos-2 (+가동 계획),140.82997,129.11812,140.82997,151.23361
2021-09-09 08:00:00,Chronos-2 (+가동 계획),161.41928,144.87428,161.41928,176.18552
2021-09-09 08:15:00,Chronos-2 (+가동 계획),178.18773,161.47836,178.18773,192.37515
2021-09-09 08:30:00,Chronos-2 (+가동 계획),180.62433,163.09082,180.62433,194.60951
2021-09-09 08:45:00,Chronos-2 (+가동 계획),178.27672,160.67859,178.27672,192.13454
2021-09-09 09:00:00,Chronos-2 (+가동 계획),170.5336,153.56146,170.5336,185.48471
2021-09-09 09:15:00,Chronos-2 (+가동 계획),173.31584,156.28838,173.31584,187.61942
2021-09-09 09:30:00,Chronos-2 (+가동 계획),173.24295,155.82294,173.24295,187.5104
2021-09-09 09:45:00,Chronos-2 (+가동 계획),174.97623,156.69522,174.97623,189.55878
2021-09-09 10:00:00,Chronos-2 (+가동 계획),147.90811,129.87735,147.90811,163.58936
2021-09-09 10:15:00,Chronos-2 (+가동 계획),173.49557,154.49786,173.49557,187.86731
2021-09-09 10:30:00,Chronos-2 (+가동 계획),173.83255,154.04909,173.83255,188.91614
2021-09-09 10:45:00,Chronos-2 (+가동 계획),174.62308,155.20866,174.62308,189.19313
2021-09-09 11:00:00,Chronos-2 (+가동 계획),173.11932,154.12354,173.11932,188.63368
2021-09-09 11:15:00,Chronos-2 (+가동 계획),175.58023,154.96158,175.58023,190.58304
2021-09-09 11:30:00,Chronos-2 (+가동 계획),176.12341,155.16295,176.12341,191.61417
2021-09-09 11:45:00,Chronos-2 (+가동 계획),173.57152,150.84972,173.57152,190.63254
2021-09-09 12:00:00,Chronos-2 (+가동 계획),114.384155,91.89595,114.384155,134.07855
2021-09-09 12:15:00,Chronos-2 (+가동 계획),96.781166,75.80758,96.781166,113.88699
2021-09-09 12:30:00,Chronos-2 (+가동 계획),96.1146,73.77971,96.1146,113.18391
2021-09-09 12:45:00,Chronos-2 (+가동 계획),123.15848,99.62019,123.15848,142.57912
2021-09-09 13:00:00,Chronos-2 (+가동 계획),164.56616,140.9745,164.56616,181.8115
2021-09-09 13:15:00,Chronos-2 (+가동 계획),169.3929,148.24095,169.3929,185.86467
2021-09-09 13:30:00,Chronos-2 (+가동 계획),170.56372,151.10947,170.56372,186.95805
2021-09-09 13:45:00,Chronos-2 (+가동 계획),174.65979,153.84213,174.65979,190.48344
2021-09-09 14:00:00,Chronos-2 (+가동 계획),173.07568,151.90198,173.07568,188.81345
2021-09-09 14:15:00,Chronos-2 (+가동 계획),169.53412,147.19766,169.53412,184.73914
2021-09-09 14:30:00,Chronos-2 (+가동 계획),171.2768,148.22217,171.2768,188.5074
2021-09-09 14:45:00,Chronos-2 (+가동 계획),172.19843,150.147,172.19843,189.28726
2021-09-09 15:00:00,Chronos-2 (+가동 계획),140.59277,117.24448,140.59277,159.00565
2021-09-09 15:15:00,Chronos-2 (+가동 계획),166.97723,145.04297,166.97723,182.99838
2021-09-09 15:30:00,Chronos-2 (+가동 계획),171.57129,150.57822,171.57129,187.41293
2021-09-09 15:45:00,Chronos-2 (+가동 계획),171.41333,150.51144,171.41333,188.0289
2021-09-09 16:00:00,Chronos-2 (+가동 계획),169.64436,152.35889,169.64436,182.60323
2021-09-09 16:15:00,Chronos-2 (+가동 계획),165.63327,149.67038,165.63327,179.31392
2021-09-09 16:30:00,Chronos-2 (+가동 계획),162.70041,145.85466,162.70041,175.81589
2021-09-09 16:45:00,Chronos-2 (+가동 계획),160.39658,143.28162,160.39658,174.12701
2021-09-09 17:00:00,Chronos-2 (+가동 계획),124.292114,109.0944,124.292114,137.77951
2021-09-09 17:15:00,Chronos-2 (+가동 계획),114.558014,99.43337,114.558014,128.01349
2021-09-09 17:30:00,Chronos-2 (+가동 계획),151.93848,135.89288,151.93848,165.13979
2021-09-09 17:45:00,Chronos-2 (+가동 계획),161.71109,145.25537,161.71109,175.22461
2021-09-09 18:00:00,Chronos-2 (+가동 계획),158.98569,141.96124,158.98569,172.09364
2021-09-09 18:15:00,Chronos-2 (+가동 계획),158.07906,140.92516,158.07906,170.9968
2021-09-09 18:30:00,Chronos-2 (+가동 계획),157.93423,140.4346,157.93423,171.11435
2021-09-09 18:45:00,Chronos-2 (+가동 계획),157.74344,140.62187,157.74344,170.78256
2021-09-09 19:00:00,Chronos-2 (+가동 계획),154.97374,138.1971,154.97374,168.34608
2021-09-09 19:15:00,Chronos-2 (+가동 계획),148.17174,130.19194,148.17174,161.65894
2021-09-09 19:30:00,Chronos-2 (+가동 계획),145.3034,129.08495,145.3034,159.13144
2021-09-09 19:45:00,Chronos-2 (+가동 계획),126.964966,110.23099,126.964966,141.17276
2021-09-09 20:00:00,Chronos-2 (+가동 계획),116.40105,103.38866,116.40105,127.267
2021-09-09 20:15:00,Chronos-2 (+가동 계획),124.59566,112.66498,124.59566,134.44281
2021-09-09 20:30:00,Chronos-2 (+가동 계획),125.90369,114.15922,125.90369,135.82965
2021-09-09 20:45:00,Chronos-2 (+가동 계획),124.72921,113.18656,124.72921,134.17596
2021-09-09 21:00:00,Chronos-2 (+가동 계획),123.17132,111.72371,123.17132,133.04196
2021-09-09 21:15:00,Chronos-2 (+가동 계획),123.79812,112.14506,123.79812,133.45615
2021-09-09 21:30:00,Chronos-2 (+가동 계획),121.02126,109.49813,121.02126,130.77394
2021-09-09 21:45:00,Chronos-2 (+가동 계획),120.058586,108.2563,120.058586,130.1989
2021-09-09 22:00:00,Chronos-2 (+가동 계획),102.816956,90.4428,102.816956,112.19002
2021-09-09 22:15:00,Chronos-2 (+가동 계획),115.12215,102.843155,115.12215,124.62737
2021-09-09 22:30:00,Chronos-2 (+가동 계획),115.44432,103.225296,115.44432,125.26883
2021-09-09 22:45:00,Chronos-2 (+가동 계획),115.898575,104.154724,115.898575,125.51585
2021-09-09 23:00:00,Chronos-2 (+가동 계획),114.48355,102.73331,114.48355,124.157135
2021-09-09 23:15:00,Chronos-2 (+가동 계획),114.53432,102.23363,114.53432,124.57268
2021-09-09 23:30:00,Chronos-2 (+가동 계획),109.97696,97.76882,109.97696,119.6631
2021-09-09 23:45:00,Chronos-2 (+가동 계획),89.34388,77.45996,89.34388,99.61687
2021-09-10 00:00:00,Chronos-2 (+가동 계획),77.99391,70.77623,77.99391,84.612946
2021-09-10 00:15:00,Chronos-2 (+가동 계획),75.18508,68.39668,75.18508,82.14801
2021-09-10 00:30:00,Chronos-2 (+가동 계획),72.419205,65.452805,72.419205,79.25556
2021-09-10 00:45:00,Chronos-2 (+가동 계획),70.15977,62.953278,70.15977,77.351364
2021-09-10 01:00:00,Chronos-2 (+가동 계획),95.27933,87.64981,95.27933,102.1463
2021-09-10 01:15:00,Chronos-2 (+가동 계획),107.346306,99.338425,107.346306,114.71173
2021-09-10 01:30:00,Chronos-2 (+가동 계획),109.72807,102.15445,109.72807,117.39395
2021-09-10 01:45:00,Chronos-2 (+가동 계획),111.07762,103.11871,111.07762,118.8637
2021-09-10 02:00:00,Chronos-2 (+가동 계획),112.44309,104.916626,112.44309,119.68839
2021-09-10 02:15:00,Chronos-2 (+가동 계획),112.209595,104.47575,112.209595,119.29456
2021-09-10 02:30:00,Chronos-2 (+가동 계획),110.49223,103.00224,110.49223,117.960556
2021-09-10 02:45:00,Chronos-2 (+가동 계획),110.42775,102.69497,110.42775,117.85236
2021-09-10 03:00:00,Chronos-2 (+가동 계획),98.10416,90.018875,98.10416,105.63191
2021-09-10 03:15:00,Chronos-2 (+가동 계획),108.59236,100.647964,108.59236,116.26518
2021-09-10 03:30:00,Chronos-2 (+가동 계획),109.95407,101.73513,109.95407,117.75426
2021-09-10 03:45:00,Chronos-2 (+가동 계획),110.2316,102.26314,110.2316,117.660645
2021-09-10 04:00:00,Chronos-2 (+가동 계획),109.15906,101.02206,109.15906,117.349014
2021-09-10 04:15:00,Chronos-2 (+가동 계획),110.08732,102.173935,110.08732,118.14847
2021-09-10 04:30:00,Chronos-2 (+가동 계획),109.21261,100.80687,109.21261,117.80441
2021-09-10 04:45:00,Chronos-2 (+가동 계획),105.75296,97.23301,105.75296,114.02502
2021-09-10 05:00:00,Chronos-2 (+가동 계획),83.717514,75.40445,83.717514,91.721664
2021-09-10 05:15:00,Chronos-2 (+가동 계획),80.110085,71.8781,80.110085,87.88035
2021-09-10 05:30:00,Chronos-2 (+가동 계획),97.77925,89.27827,97.77925,106.0018
2021-09-10 05:45:00,Chronos-2 (+가동 계획),110.575035,101.97084,110.575035,118.99245
2021-09-10 06:00:00,Chronos-2 (+가동 계획),111.34657,102.616714,111.34657,119.612366
2021-09-10 06:15:00,Chronos-2 (+가동 계획),111.50517,102.543396,111.50517,119.43827
2021-09-10 06:30:00,Chronos-2 (+가동 계획),110.40247,102.01844,110.40247,118.18151
2021-09-10 06:45:00,Chronos-2 (+가동 계획),111.94042,102.882744,111.94042,120.38043
2021-09-10 07:00:00,Chronos-2 (+가동 계획),112.34438,102.91181,112.34438,121.1641
2021-09-10 07:15:00,Chronos-2 (+가동 계획),125.80062,115.59367,125.80062,134.36029
2021-09-10 07:30:00,Chronos-2 (+가동 계획),147.6366,138.36601,147.6366,157.1195
2021-09-10 07:45:00,Chronos-2 (+가동 계획),139.99007,129.8681,139.99007,149.30371
2021-09-10 08:00:00,Chronos-2 (+가동 계획),160.03903,146.61742,160.03903,173.44122
2021-09-10 08:15:00,Chronos-2 (+가동 계획),176.63016,162.93243,176.63016,189.12178
2021-09-10 08:30:00,Chronos-2 (+가동 계획),179.4328,165.13799,179.4328,191.6719
2021-09-10 08:45:00,Chronos-2 (+가동 계획),177.9725,164.51057,177.9725,190.20969
2021-09-10 09:00:00,Chronos-2 (+가동 계획),170.92972,157.09186,170.92972,184.25925
2021-09-10 09:15:00,Chronos-2 (+가동 계획),173.14069,159.66757,173.14069,185.67365
2021-09-10 09:30:00,Chronos-2 (+가동 계획),172.14923,158.26111,172.14923,184.41174
2021-09-10 09:45:00,Chronos-2 (+가동 계획),174.68686,160.04457,174.68686,187.39717
2021-09-10 10:00:00,Chronos-2 (+가동 계획),147.75488,133.74365,147.75488,161.56302
2021-09-10 10:15:00,Chronos-2 (+가동 계획),171.65027,156.89441,171.65027,184.38278
2021-09-10 10:30:00,Chronos-2 (+가동 계획),172.018,157.18369,172.018,184.74612
2021-09-10 10:45:00,Chronos-2 (+가동 계획),173.93225,159.04459,173.93225,186.2601
2021-09-10 11:00:00,Chronos-2 (+가동 계획),172.5711,158.46811,172.5711,185.4364
2021-09-10 11:15:00,Chronos-2 (+가동 계획),175.60693,160.91408,175.60693,188.03818
2021-09-10 11:30:00,Chronos-2 (+가동 계획),177.43079,161.9194,177.43079,190.3393
2021-09-10 11:45:00,Chronos-2 (+가동 계획),174.7118,159.871,174.7118,188.61774
2021-09-10 12:00:00,Chronos-2 (+가동 계획),116.74763,101.67702,116.74763,131.63043
2021-09-10 12:15:00,Chronos-2 (+가동 계획),98.694244,84.34592,98.694244,112.29706
2021-09-10 12:30:00,Chronos-2 (+가동 계획),98.09728,82.27279,98.09728,112.06615
2021-09-10 12:45:00,Chronos-2 (+가동 계획),126.00824,109.5162,126.00824,141.36679
2021-09-10 13:00:00,Chronos-2 (+가동 계획),166.07779,149.99274,166.07779,180.61089
2021-09-10 13:15:00,Chronos-2 (+가동 계획),170.65746,155.19977,170.65746,185.2229
2021-09-10 13:30:00,Chronos-2 (+가동 계획),170.1889,155.8375,170.1889,184.27313
2021-09-10 13:45:00,Chronos-2 (+가동 계획),172.83545,157.53055,172.83545,186.39334
2021-09-10 14:00:00,Chronos-2 (+가동 계획),171.37662,156.32729,171.37662,184.80333
2021-09-10 14:15:00,Chronos-2 (+가동 계획),168.08374,151.44301,168.08374,181.26294
2021-09-10 14:30:00,Chronos-2 (+가동 계획),169.80652,153.6096,169.80652,183.9416
2021-09-10 14:45:00,Chronos-2 (+가동 계획),171.21764,155.44804,171.21764,185.17947
2021-09-10 15:00:00,Chronos-2 (+가동 계획),140.5915,124.34077,140.5915,155.9612
2021-09-10 15:15:00,Chronos-2 (+가동 계획),167.50656,151.04987,167.50656,180.85617
2021-09-10 15:30:00,Chronos-2 (+가동 계획),170.1129,153.52467,170.1129,183.49327
2021-09-10 15:45:00,Chronos-2 (+가동 계획),169.24358,153.6222,169.24358,183.39856
2021-09-10 16:00:00,Chronos-2 (+가동 계획),167.44302,153.3334,167.44302,179.47076
2021-09-10 16:15:00,Chronos-2 (+가동 계획),162.88266,148.82841,162.88266,175.48993
2021-09-10 16:30:00,Chronos-2 (+가동 계획),159.34369,144.50723,159.34369,171.6544
2021-09-10 16:45:00,Chronos-2 (+가동 계획),158.17189,143.53499,158.17189,171.11462
2021-09-10 17:00:00,Chronos-2 (+가동 계획),124.35167,111.564255,124.35167,136.70787
2021-09-10 17:15:00,Chronos-2 (+가동 계획),115.11795,102.099365,115.11795,127.49693
2021-09-10 17:30:00,Chronos-2 (+가동 계획),152.19803,138.1483,152.19803,164.39856
2021-09-10 17:45:00,Chronos-2 (+가동 계획),162.37692,148.0329,162.37692,175.10632
2021-09-10 18:00:00,Chronos-2 (+가동 계획),158.3055,143.7787,158.3055,170.39494
2021-09-10 18:15:00,Chronos-2 (+가동 계획),155.86987,141.05382,155.86987,168.02917
2021-09-10 18:30:00,Chronos-2 (+가동 계획),154.87553,140.04846,154.87553,166.82297
2021-09-10 18:45:00,Chronos-2 (+가동 계획),154.7951,140.06453,154.7951,166.6548
2021-09-10 19:00:00,Chronos-2 (+가동 계획),150.50055,136.02774,150.50055,162.52888
2021-09-10 19:15:00,Chronos-2 (+가동 계획),143.10652,127.86203,143.10652,155.40073
2021-09-10 19:30:00,Chronos-2 (+가동 계획),139.36685,125.20921,139.36685,152.60165
2021-09-10 19:45:00,Chronos-2 (+가동 계획),119.77155,105.75356,119.77155,132.56757
2021-09-10 20:00:00,Chronos-2 (+가동 계획),111.17581,99.67025,111.17581,121.45557
2021-09-10 20:15:00,Chronos-2 (+가동 계획),119.46769,108.94194,119.46769,129.10426
2021-09-10 20:30:00,Chronos-2 (+가동 계획),120.23677,109.48178,120.23677,129.75629
2021-09-10 20:45:00,Chronos-2 (+가동 계획),119.13877,108.532715,119.13877,128.403
2021-09-10 21:00:00,Chronos-2 (+가동 계획),118.34965,107.750916,118.34965,127.797325
2021-09-10 21:15:00,Chronos-2 (+가동 계획),118.602295,107.87746,118.602295,128.20775
2021-09-10 21:30:00,Chronos-2 (+가동 계획),116.23718,105.5236,116.23718,126.00528
2021-09-10 21:45:00,Chronos-2 (+가동 계획),115.42131,104.50965,115.42131,125.57556
2021-09-10 22:00:00,Chronos-2 (+가동 계획),98.33774,87.2208,98.33774,107.738235
2021-09-10 22:15:00,Chronos-2 (+가동 계획),110.88778,99.54385,110.88778,120.34015
2021-09-10 22:30:00,Chronos-2 (+가동 계획),110.779396,99.64666,110.779396,120.4615
2021-09-10 22:45:00,Chronos-2 (+가동 계획),110.34208,99.37096,110.34208,119.916534
2021-09-10 23:00:00,Chronos-2 (+가동 계획),108.930435,98.03305,108.930435,118.323875
2021-09-10 23:15:00,Chronos-2 (+가동 계획),109.87077,98.69749,109.87077,119.93588
2021-09-10 23:30:00,Chronos-2 (+가동 계획),106.01767,94.615585,106.01767,115.83839
2021-09-10 23:45:00,Chronos-2 (+가동 계획),85.74148,74.8762,85.74148,95.9184
2021-09-11 00:00:00,Chronos-2 (+가동 계획),63.844055,56.292988,63.844055,71.854965
2021-09-11 00:15:00,Chronos-2 (+가동 계획),62.79791,54.33404,62.79791,71.52856
2021-09-11 00:30:00,Chronos-2 (+가동 계획),61.728825,53.317635,61.728825,70.488396
2021-09-11 00:45:00,Chronos-2 (+가동 계획),60.848072,52.177006,60.848072,69.95961
2021-09-11 01:00:00,Chronos-2 (+가동 계획),89.95727,81.10957,89.95727,98.23061
2021-09-11 01:15:00,Chronos-2 (+가동 계획),103.27143,94.085205,103.27143,111.23835
2021-09-11 01:30:00,Chronos-2 (+가동 계획),104.78173,96.3967,104.78173,112.9445
2021-09-11 01:45:00,Chronos-2 (+가동 계획),105.77586,96.95326,105.77586,113.80026
2021-09-11 02:00:00,Chronos-2 (+가동 계획),106.603645,98.143234,106.603645,114.19313
2021-09-11 02:15:00,Chronos-2 (+가동 계획),107.05928,98.47471,107.05928,114.77928
2021-09-11 02:30:00,Chronos-2 (+가동 계획),104.8172,96.19774,104.8172,112.82837
2021-09-11 02:45:00,Chronos-2 (+가동 계획),103.3446,94.64719,103.3446,111.138016
2021-09-11 03:00:00,Chronos-2 (+가동 계획),93.98011,84.70582,93.98011,102.06992
2021-09-11 03:15:00,Chronos-2 (+가동 계획),100.96,91.94275,100.96,108.77891
2021-09-11 03:30:00,Chronos-2 (+가동 계획),101.26588,92.00775,101.26588,109.53302
2021-09-11 03:45:00,Chronos-2 (+가동 계획),102.68895,94.03563,102.68895,110.6093
2021-09-11 04:00:00,Chronos-2 (+가동 계획),106.51029,97.86939,106.51029,116.12869
2021-09-11 04:15:00,Chronos-2 (+가동 계획),107.91397,98.467674,107.91397,117.19751
2021-09-11 04:30:00,Chronos-2 (+가동 계획),107.16398,97.57685,107.16398,116.6323
2021-09-11 04:45:00,Chronos-2 (+가동 계획),102.92615,92.770294,102.92615,112.21336
2021-09-11 05:00:00,Chronos-2 (+가동 계획),89.5516,79.369545,89.5516,98.65113
2021-09-11 05:15:00,Chronos-2 (+가동 계획),87.72099,75.99815,87.72099,97.32755
2021-09-11 05:30:00,Chronos-2 (+가동 계획),98.43038,88.09512,98.43038,108.26368
2021-09-11 05:45:00,Chronos-2 (+가동 계획),106.04466,95.89259,106.04466,115.39927
2021-09-11 06:00:00,Chronos-2 (+가동 계획),106.71466,96.66302,106.71466,115.8655
2021-09-11 06:15:00,Chronos-2 (+가동 계획),108.00801,97.70836,108.00801,117.35031
2021-09-11 06:30:00,Chronos-2 (+가동 계획),105.29352,95.13767,105.29352,114.91036
2021-09-11 06:45:00,Chronos-2 (+가동 계획),103.56809,93.61624,103.56809,112.61717
2021-09-11 07:00:00,Chronos-2 (+가동 계획),100.38267,90.16961,100.38267,109.62669
2021-09-11 07:15:00,Chronos-2 (+가동 계획),90.37081,79.06773,90.37081,100.55107
2021-09-11 07:30:00,Chronos-2 (+가동 계획),56.944828,46.53661,56.944828,68.11776
2021-09-11 07:45:00,Chronos-2 (+가동 계획),37.399696,29.074059,37.399696,46.635757
2021-09-11 08:00:00,Chronos-2 (+가동 계획),31.582382,25.981964,31.582382,37.259796
2021-09-11 08:15:00,Chronos-2 (+가동 계획),31.512081,26.11332,31.512081,36.899727
2021-09-11 08:30:00,Chronos-2 (+가동 계획),31.594044,26.183647,31.594044,36.830975
2021-09-11 08:45:00,Chronos-2 (+가동 계획),31.786201,26.681122,31.786201,36.799225
2021-09-11 09:00:00,Chronos-2 (+가동 계획),31.75779,26.652328,31.75779,36.676582
2021-09-11 09:15:00,Chronos-2 (+가동 계획),31.688988,26.2006,31.688988,37.068336
2021-09-11 09:30:00,Chronos-2 (+가동 계획),31.94069,26.931252,31.94069,36.94531
2021-09-11 09:45:00,Chronos-2 (+가동 계획),32.177563,26.770569,32.177563,37.499466
2021-09-11 10:00:00,Chronos-2 (+가동 계획),32.245113,26.604607,32.245113,37.35307
2021-09-11 10:15:00,Chronos-2 (+가동 계획),32.981606,27.124237,32.981606,38.01595
2021-09-11 10:30:00,Chronos-2 (+가동 계획),32.57187,26.992004,32.57187,37.806114
2021-09-11 10:45:00,Chronos-2 (+가동 계획),32.84177,27.269203,32.84177,38.489902
2021-09-11 11:00:00,Chronos-2 (+가동 계획),32.969322,27.374168,32.969322,38.694927
2021-09-11 11:15:00,Chronos-2 (+가동 계획),33.195374,27.604637,33.195374,38.75246
2021-09-11 11:30:00,Chronos-2 (+가동 계획),33.1975,27.466385,33.1975,38.66461
2021-09-11 11:45:00,Chronos-2 (+가동 계획),33.241837,27.420967,33.241837,38.509518
2021-09-11 12:00:00,Chronos-2 (+가동 계획),31.963959,26.003647,31.963959,37.824097
2021-09-11 12:15:00,Chronos-2 (+가동 계획),31.864841,26.086037,31.864841,37.555096
2021-09-11 12:30:00,Chronos-2 (+가동 계획),31.868092,26.116127,31.868092,37.387375
2021-09-11 12:45:00,Chronos-2 (+가동 계획),31.99942,26.524796,31.99942,37.48167
2021-09-11 13:00:00,Chronos-2 (+가동 계획),32.037785,26.515602,32.037785,37.396824
2021-09-11 13:15:00,Chronos-2 (+가동 계획),32.24591,26.18592,32.24591,38.21048
2021-09-11 13:30:00,Chronos-2 (+가동 계획),32.540676,26.802399,32.540676,38.18054
2021-09-11 13:45:00,Chronos-2 (+가동 계획),32.465412,26.508598,32.465412,38.616936
2021-09-11 14:00:00,Chronos-2 (+가동 계획),32.40901,26.57582,32.40901,38.465405
2021-09-11 14:15:00,Chronos-2 (+가동 계획),33.03213,26.711815,33.03213,38.73977
2021-09-11 14:30:00,Chronos-2 (+가동 계획),32.656334,26.703537,32.656334,38.215385
2021-09-11 14:45:00,Chronos-2 (+가동 계획),32.766403,26.822594,32.766403,38.638607
2021-09-11 15:00:00,Chronos-2 (+가동 계획),32.780315,26.848991,32.780315,38.761696
2021-09-11 15:15:00,Chronos-2 (+가동 계획),32.94242,27.09137,32.94242,38.59472
2021-09-11 15:30:00,Chronos-2 (+가동 계획),32.975292,26.887718,32.975292,38.501404
2021-09-11 15:45:00,Chronos-2 (+가동 계획),32.96021,26.846283,32.96021,38.5594
2021-09-11 16:00:00,Chronos-2 (+가동 계획),31.544304,25.755478,31.544304,38.752052
2021-09-11 16:15:00,Chronos-2 (+가동 계획),31.746017,25.84047,31.746017,39.17891
2021-09-11 16:30:00,Chronos-2 (+가동 계획),31.776684,25.834824,31.776684,39.024532
2021-09-11 16:45:00,Chronos-2 (+가동 계획),31.312325,25.65487,31.312325,38.865414
2021-09-11 17:00:00,Chronos-2 (+가동 계획),30.88681,25.729912,30.88681,38.10899
2021-09-11 17:15:00,Chronos-2 (+가동 계획),30.629616,25.155914,30.629616,38.07498
2021-09-11 17:30:00,Chronos-2 (+가동 계획),30.817696,25.128952,30.817696,38.297276
2021-09-11 17:45:00,Chronos-2 (+가동 계획),30.273453,24.473305,30.273453,38.08587
2021-09-11 18:00:00,Chronos-2 (+가동 계획),29.756477,24.098839,29.756477,36.918365
2021-09-11 18:15:00,Chronos-2 (+가동 계획),29.480713,23.980331,29.480713,36.38749
2021-09-11 18:30:00,Chronos-2 (+가동 계획),28.671333,23.41549,28.671333,35.0077
2021-09-11 18:45:00,Chronos-2 (+가동 계획),28.141182,23.107971,28.141182,34.52156
2021-09-11 19:00:00,Chronos-2 (+가동 계획),27.855354,22.677597,27.855354,34.748318
2021-09-11 19:15:00,Chronos-2 (+가동 계획),27.247948,22.700668,27.247948,33.79796
2021-09-11 19:30:00,Chronos-2 (+가동 계획),27.185219,22.737526,27.185219,32.8213
2021-09-11 19:45:00,Chronos-2 (+가동 계획),26.643486,22.030037,26.643486,32.220707
2021-09-11 20:00:00,Chronos-2 (+가동 계획),24.974243,22.06253,24.974243,28.422806
2021-09-11 20:15:00,Chronos-2 (+가동 계획),24.87458,22.179993,24.87458,28.229218
2021-09-11 20:30:00,Chronos-2 (+가동 계획),24.944199,22.120628,24.944199,28.073402
2021-09-11 20:45:00,Chronos-2 (+가동 계획),24.641441,22.079765,24.641441,27.918686
2021-09-11 21:00:00,Chronos-2 (+가동 계획),24.602753,21.960342,24.602753,27.84108
2021-09-11 21:15:00,Chronos-2 (+가동 계획),24.70826,21.908203,24.70826,28.365044
2021-09-11 21:30:00,Chronos-2 (+가동 계획),24.77655,22.34166,24.77655,28.006699
2021-09-11 21:45:00,Chronos-2 (+가동 계획),24.57286,21.905563,24.57286,28.135384
2021-09-11 22:00:00,Chronos-2 (+가동 계획),24.519249,21.79876,24.519249,27.720596
2021-09-11 22:15:00,Chronos-2 (+가동 계획),24.929977,21.834358,24.929977,28.210648
2021-09-11 22:30:00,Chronos-2 (+가동 계획),24.753746,21.852829,24.753746,27.83751
2021-09-11 22:45:00,Chronos-2 (+가동 계획),24.718376,21.885925,24.718376,27.908371
2021-09-11 23:00:00,Chronos-2 (+가동 계획),24.72548,22.045212,24.72548,28.06327
2021-09-11 23:15:00,Chronos-2 (+가동 계획),24.604378,21.856659,24.604378,27.778564
2021-09-11 23:30:00,Chronos-2 (+가동 계획),24.248077,21.497719,24.248077,27.358765
2021-09-11 23:45:00,Chronos-2 (+가동 계획),23.805153,21.234642,23.805153,26.82035
2021-09-12 00:00:00,Chronos-2 (+가동 계획),23.242043,21.81047,23.242043,24.679245
2021-09-12 00:15:00,Chronos-2 (+가동 계획),23.214218,22.017792,23.214218,24.554337
2021-09-12 00:30:00,Chronos-2 (+가동 계획),23.303207,21.926308,23.303207,24.363434
2021-09-12 00:45:00,Chronos-2 (+가동 계획),23.010353,21.879753,23.010353,24.35498
2021-09-12 01:00:00,Chronos-2 (+가동 계획),23.074661,21.971344,23.074661,24.40725
2021-09-12 01:15:00,Chronos-2 (+가동 계획),23.220154,21.926903,23.220154,24.785828
2021-09-12 01:30:00,Chronos-2 (+가동 계획),23.250061,22.105675,23.250061,24.52768
2021-09-12 01:45:00,Chronos-2 (+가동 계획),23.287079,22.037941,23.287079,24.778618
2021-09-12 02:00:00,Chronos-2 (+가동 계획),23.293144,22.04741,23.293144,24.58805
2021-09-12 02:15:00,Chronos-2 (+가동 계획),23.446625,22.14946,23.446625,24.875595
2021-09-12 02:30:00,Chronos-2 (+가동 계획),23.465607,22.06565,23.465607,24.53669
2021-09-12 02:45:00,Chronos-2 (+가동 계획),23.437996,22.078491,23.437996,24.636993
2021-09-12 03:00:00,Chronos-2 (+가동 계획),23.466682,22.268929,23.466682,24.880219
2021-09-12 03:15:00,Chronos-2 (+가동 계획),23.464287,21.95823,23.464287,24.631653
2021-09-12 03:30:00,Chronos-2 (+가동 계획),23.216858,21.995598,23.216858,24.28302
2021-09-12 03:45:00,Chronos-2 (+가동 계획),22.943733,21.820152,22.943733,24.353905
2021-09-12 04:00:00,Chronos-2 (+가동 계획),23.468826,21.99807,23.468826,25.042099
2021-09-12 04:15:00,Chronos-2 (+가동 계획),23.447044,22.124306,23.447044,25.030777
2021-09-12 04:30:00,Chronos-2 (+가동 계획),23.46202,21.91964,23.46202,24.794312
2021-09-12 04:45:00,Chronos-2 (+가동 계획),23.125168,21.83799,23.125168,24.637558
2021-09-12 05:00:00,Chronos-2 (+가동 계획),23.106941,21.867691,23.106941,24.55317
2021-09-12 05:15:00,Chronos-2 (+가동 계획),23.195473,21.831367,23.195473,24.867516
2021-09-12 05:30:00,Chronos-2 (+가동 계획),23.248444,22.185287,23.248444,24.598007
2021-09-12 05:45:00,Chronos-2 (+가동 계획),23.227852,21.93798,23.227852,24.808937
2021-09-12 06:00:00,Chronos-2 (+가동 계획),23.290474,21.91365,23.290474,24.640648
2021-09-12 06:15:00,Chronos-2 (+가동 계획),23.444313,22.040314,23.444313,25.017479
2021-09-12 06:30:00,Chronos-2 (+가동 계획),23.543823,22.025208,23.543823,24.739555
2021-09-12 06:45:00,Chronos-2 (+가동 계획),23.535149,22.100166,23.535149,24.823776
2021-09-12 07:00:00,Chronos-2 (+가동 계획),23.652039,22.2686,23.652039,25.321342
2021-09-12 07:15:00,Chronos-2 (+가동 계획),23.68509,22.10022,23.68509,25.13147
2021-09-12 07:30:00,Chronos-2 (+가동 계획),23.471123,22.089256,23.471123,24.859612
2021-09-12 07:45:00,Chronos-2 (+가동 계획),23.303719,22.009102,23.303719,24.966866
2021-09-12 08:00:00,Chronos-2 (+가동 계획),23.819923,21.935158,23.819923,26.218292
2021-09-12 08:15:00,Chronos-2 (+가동 계획),23.850037,22.100502,23.850037,26.27964
2021-09-12 08:30:00,Chronos-2 (+가동 계획),23.89392,21.963333,23.89392,26.141861
2021-09-12 08:45:00,Chronos-2 (+가동 계획),23.647705,22.105309,23.647705,26.054062
2021-09-12 09:00:00,Chronos-2 (+가동 계획),23.629044,22.048775,23.629044,25.877182
2021-09-12 09:15:00,Chronos-2 (+가동 계획),23.781502,21.872063,23.781502,26.348503
2021-09-12 09:30:00,Chronos-2 (+가동 계획),23.832123,22.306671,23.832123,26.0177
2021-09-12 09:45:00,Chronos-2 (+가동 계획),23.779541,22.044182,23.779541,26.194984
2021-09-12 10:00:00,Chronos-2 (+가동 계획),23.797905,22.012398,23.797905,25.851486
2021-09-12 10:15:00,Chronos-2 (+가동 계획),24.047523,22.171318,24.047523,26.404785
2021-09-12 10:30:00,Chronos-2 (+가동 계획),24.152008,22.180809,24.152008,26.110893
2021-09-12 10:45:00,Chronos-2 (+가동 계획),24.220161,22.319672,24.220161,26.387238
2021-09-12 11:00:00,Chronos-2 (+가동 계획),24.338203,22.442848,24.338203,26.750069
2021-09-12 11:15:00,Chronos-2 (+가동 계획),24.288055,22.324745,24.288055,26.56733
2021-09-12 11:30:00,Chronos-2 (+가동 계획),23.967445,22.05735,23.967445,26.171204
2021-09-12 11:45:00,Chronos-2 (+가동 계획),23.670914,21.963478,23.670914,25.895576
2021-09-12 12:00:00,Chronos-2 (+가동 계획),23.95755,22.067093,23.95755,26.353325
2021-09-12 12:15:00,Chronos-2 (+가동 계획),23.891014,22.147934,23.891014,26.29004
2021-09-12 12:30:00,Chronos-2 (+가동 계획),23.931755,22.056938,23.931755,26.08368
2021-09-12 12:45:00,Chronos-2 (+가동 계획),23.772552,22.280968,23.772552,26.054924
2021-09-12 13:00:00,Chronos-2 (+가동 계획),23.616478,22.151665,23.616478,25.92479
2021-09-12 13:15:00,Chronos-2 (+가동 계획),23.823898,21.922226,23.823898,26.462471
2021-09-12 13:30:00,Chronos-2 (+가동 계획),23.91764,22.36631,23.91764,26.15451
2021-09-12 13:45:00,Chronos-2 (+가동 계획),23.906792,22.103973,23.906792,26.425163
2021-09-12 14:00:00,Chronos-2 (+가동 계획),23.9441,22.092072,23.9441,26.166008
2021-09-12 14:15:00,Chronos-2 (+가동 계획),24.11486,22.286537,24.11486,26.523323
2021-09-12 14:30:00,Chronos-2 (+가동 계획),24.216522,22.316505,24.216522,26.216583
2021-09-12 14:45:00,Chronos-2 (+가동 계획),24.256828,22.41085,24.256828,26.41246
2021-09-12 15:00:00,Chronos-2 (+가동 계획),24.402855,22.613022,24.402855,26.863205
2021-09-12 15:15:00,Chronos-2 (+가동 계획),24.42775,22.406693,24.42775,26.70073
2021-09-12 15:30:00,Chronos-2 (+가동 계획),24.243515,22.372238,24.243515,26.499863
2021-09-12 15:45:00,Chronos-2 (+가동 계획),24.093864,22.298714,24.093864,26.543335
2021-09-12 16:00:00,Chronos-2 (+가동 계획),24.581001,22.11612,24.581001,28.583076
2021-09-12 16:15:00,Chronos-2 (+가동 계획),24.539963,22.14354,24.539963,28.645142
2021-09-12 16:30:00,Chronos-2 (+가동 계획),24.484955,21.988678,24.484955,28.508736
2021-09-12 16:45:00,Chronos-2 (+가동 계획),24.340538,22.160751,24.340538,28.34851
2021-09-12 17:00:00,Chronos-2 (+가동 계획),24.151802,22.416344,24.151802,27.707062
2021-09-12 17:15:00,Chronos-2 (+가동 계획),24.218895,22.050392,24.218895,28.259712
2021-09-12 17:30:00,Chronos-2 (+가동 계획),24.30558,22.242157,24.30558,27.919891
2021-09-12 17:45:00,Chronos-2 (+가동 계획),24.279953,21.9348,24.279953,28.142113
2021-09-12 18:00:00,Chronos-2 (+가동 계획),24.117714,21.782104,24.117714,27.667076
2021-09-12 18:15:00,Chronos-2 (+가동 계획),24.455772,22.081245,24.455772,28.063057
2021-09-12 18:30:00,Chronos-2 (+가동 계획),24.296669,21.912453,24.296669,27.507256
2021-09-12 18:45:00,Chronos-2 (+가동 계획),24.274338,21.972427,24.274338,27.602974
2021-09-12 19:00:00,Chronos-2 (+가동 계획),24.374619,22.133858,24.374619,28.051292
2021-09-12 19:15:00,Chronos-2 (+가동 계획),24.433022,22.037933,24.433022,27.951164
2021-09-12 19:30:00,Chronos-2 (+가동 계획),24.245316,21.97956,24.245316,27.576378
2021-09-12 19:45:00,Chronos-2 (+가동 계획),23.947678,21.770325,23.947678,27.202026
2021-09-12 20:00:00,Chronos-2 (+가동 계획),23.610008,21.886215,23.610008,25.786896
2021-09-12 20:15:00,Chronos-2 (+가동 계획),23.528809,22.022217,23.528809,25.633377
2021-09-12 20:30:00,Chronos-2 (+가동 계획),23.493896,21.905334,23.493896,25.321938
2021-09-12 20:45:00,Chronos-2 (+가동 계획),23.32013,22.028015,23.32013,25.251328
2021-09-12 21:00:00,Chronos-2 (+가동 계획),23.17875,21.91948,23.17875,25.117165
2021-09-12 21:15:00,Chronos-2 (+가동 계획),23.355072,21.803429,23.355072,25.573074
2021-09-12 21:30:00,Chronos-2 (+가동 계획),23.411125,22.275642,23.411125,25.245026
2021-09-12 21:45:00,Chronos-2 (+가동 계획),23.344582,21.964859,23.344582,25.363525
2021-09-12 22:00:00,Chronos-2 (+가동 계획),23.345558,21.911087,23.345558,25.016441
2021-09-12 22:15:00,Chronos-2 (+가동 계획),23.620827,22.015266,23.620827,25.4161
2021-09-12 22:30:00,Chronos-2 (+가동 계획),23.620224,21.994263,23.620224,25.236969
2021-09-12 22:45:00,Chronos-2 (+가동 계획),23.695862,22.113754,23.695862,25.406418
2021-09-12 23:00:00,Chronos-2 (+가동 계획),23.830261,22.336761,23.830261,25.802284
2021-09-12 23:15:00,Chronos-2 (+가동 계획),23.727745,22.07312,23.727745,25.515266
2021-09-12 23:30:00,Chronos-2 (+가동 계획),23.316597,21.853554,23.316597,24.950127
2021-09-12 23:45:00,Chronos-2 (+가동 계획),22.94986,21.563728,22.94986,24.709404
2021-09-13 00:00:00,Chronos-2 (+가동 계획),22.420425,20.383522,22.420425,24.600769
2021-09-13 00:15:00,Chronos-2 (+가동 계획),22.467323,20.666603,22.467323,24.545403
2021-09-13 00:30:00,Chronos-2 (+가동 계획),22.472893,20.598816,22.472893,24.207535
2021-09-13 00:45:00,Chronos-2 (+가동 계획),22.16954,20.39038,22.16954,24.183723
2021-09-13 01:00:00,Chronos-2 (+가동 계획),22.18811,20.554169,22.18811,24.167671
2021-09-13 01:15:00,Chronos-2 (+가동 계획),22.467148,20.70501,22.467148,24.887924
2021-09-13 01:30:00,Chronos-2 (+가동 계획),22.593384,20.960335,22.593384,24.67131
2021-09-13 01:45:00,Chronos-2 (+가동 계획),22.678017,20.863213,22.678017,25.055656
2021-09-13 02:00:00,Chronos-2 (+가동 계획),22.730827,20.885551,22.730827,24.883682
2021-09-13 02:15:00,Chronos-2 (+가동 계획),22.947334,21.07734,22.947334,25.35427
2021-09-13 02:30:00,Chronos-2 (+가동 계획),22.909561,20.931175,22.909561,24.753372
2021-09-13 02:45:00,Chronos-2 (+가동 계획),22.798271,20.873001,22.798271,24.836365
2021-09-13 03:00:00,Chronos-2 (+가동 계획),22.714317,21.12201,22.714317,24.907822
2021-09-13 03:15:00,Chronos-2 (+가동 계획),22.856071,20.799904,22.856071,24.911736
2021-09-13 03:30:00,Chronos-2 (+가동 계획),22.62474,20.799843,22.62474,24.47174
2021-09-13 03:45:00,Chronos-2 (+가동 계획),22.37574,20.747368,22.37574,24.428848
2021-09-13 04:00:00,Chronos-2 (+가동 계획),23.416046,20.78968,23.416046,25.6921
2021-09-13 04:15:00,Chronos-2 (+가동 계획),22.97866,20.700516,22.97866,25.55288
2021-09-13 04:30:00,Chronos-2 (+가동 계획),23.138618,20.73906,23.138618,25.288162
2021-09-13 04:45:00,Chronos-2 (+가동 계획),23.019829,20.697128,23.019829,25.698586
2021-09-13 05:00:00,Chronos-2 (+가동 계획),23.116096,21.189705,23.116096,25.498108
2021-09-13 05:15:00,Chronos-2 (+가동 계획),23.035828,20.699738,23.035828,25.49421
2021-09-13 05:30:00,Chronos-2 (+가동 계획),23.059235,20.870499,23.059235,25.5803
2021-09-13 05:45:00,Chronos-2 (+가동 계획),22.98339,20.66777,22.98339,25.98156
2021-09-13 06:00:00,Chronos-2 (+가동 계획),23.185875,20.89721,23.185875,25.688805
2021-09-13 06:15:00,Chronos-2 (+가동 계획),23.157768,20.569809,23.157768,25.38504
2021-09-13 06:30:00,Chronos-2 (+가동 계획),22.95308,20.038162,22.95308,25.40149
2021-09-13 06:45:00,Chronos-2 (+가동 계획),23.161026,20.151634,23.161026,26.35347
2021-09-13 07:00:00,Chronos-2 (+가동 계획),25.521973,21.515106,25.521973,31.912266
2021-09-13 07:15:00,Chronos-2 (+가동 계획),36.864468,26.52324,36.864468,48.4831
2021-09-13 07:30:00,Chronos-2 (+가동 계획),61.9154,48.195446,61.9154,73.454666
2021-09-13 07:45:00,Chronos-2 (+가동 계획),92.312874,76.83555,92.312874,104.49748
2021-09-13 08:00:00,Chronos-2 (+가동 계획),144.86983,124.06515,144.86983,161.49973
2021-09-13 08:15:00,Chronos-2 (+가동 계획),164.98499,143.98572,164.98499,179.49045
2021-09-13 08:30:00,Chronos-2 (+가동 계획),168.79184,147.57314,168.79184,183.45432
2021-09-13 08:45:00,Chronos-2 (+가동 계획),171.35793,149.00917,171.35793,185.64508
2021-09-13 09:00:00,Chronos-2 (+가동 계획),165.12157,143.21829,165.12157,180.16475
2021-09-13 09:15:00,Chronos-2 (+가동 계획),162.22931,140.43689,162.22931,177.09064
2021-09-13 09:30:00,Chronos-2 (+가동 계획),165.30785,143.1752,165.30785,180.58371
2021-09-13 09:45:00,Chronos-2 (+가동 계획),167.29443,144.18918,167.29443,182.47562
2021-09-13 10:00:00,Chronos-2 (+가동 계획),143.01671,120.31462,143.01671,159.69363
2021-09-13 10:15:00,Chronos-2 (+가동 계획),168.15001,145.43323,168.15001,183.17361
2021-09-13 10:30:00,Chronos-2 (+가동 계획),166.32898,142.52795,166.32898,182.06763
2021-09-13 10:45:00,Chronos-2 (+가동 계획),165.57785,142.84073,165.57785,180.43356
2021-09-13 11:00:00,Chronos-2 (+가동 계획),165.33359,143.47688,165.33359,180.72083
2021-09-13 11:15:00,Chronos-2 (+가동 계획),166.867,143.94518,166.867,181.66806
2021-09-13 11:30:00,Chronos-2 (+가동 계획),166.04388,142.2489,166.04388,181.38953
2021-09-13 11:45:00,Chronos-2 (+가동 계획),164.71664,138.66226,164.71664,181.76672
2021-09-13 12:00:00,Chronos-2 (+가동 계획),115.37663,91.80152,115.37663,137.13113
2021-09-13 12:15:00,Chronos-2 (+가동 계획),97.1462,75.17518,97.1462,117.54673
2021-09-13 12:30:00,Chronos-2 (+가동 계획),97.10977,73.30417,97.10977,117.60043
2021-09-13 12:45:00,Chronos-2 (+가동 계획),126.16235,98.938255,126.16235,148.73029
2021-09-13 13:00:00,Chronos-2 (+가동 계획),159.93854,131.42773,159.93854,178.3302
2021-09-13 13:15:00,Chronos-2 (+가동 계획),163.39145,137.03369,163.39145,181.4964
2021-09-13 13:30:00,Chronos-2 (+가동 계획),162.57571,136.94069,162.57571,180.70035
2021-09-13 13:45:00,Chronos-2 (+가동 계획),164.33273,138.03853,164.33273,181.31363
2021-09-13 14:00:00,Chronos-2 (+가동 계획),162.07239,135.86824,162.07239,178.75699
2021-09-13 14:15:00,Chronos-2 (+가동 계획),160.66733,134.52458,160.66733,177.1517
2021-09-13 14:30:00,Chronos-2 (+가동 계획),161.3705,134.31003,161.3705,179.16135
2021-09-13 14:45:00,Chronos-2 (+가동 계획),162.35992,136.06726,162.35992,179.99472
2021-09-13 15:00:00,Chronos-2 (+가동 계획),135.76846,109.46348,135.76846,155.5759
2021-09-13 15:15:00,Chronos-2 (+가동 계획),159.36409,131.9743,159.36409,177.03514
2021-09-13 15:30:00,Chronos-2 (+가동 계획),163.36063,137.38803,163.36063,181.13922
2021-09-13 15:45:00,Chronos-2 (+가동 계획),162.95743,136.9737,162.95743,180.68744
2021-09-13 16:00:00,Chronos-2 (+가동 계획),159.28333,134.64009,159.28333,174.937
2021-09-13 16:15:00,Chronos-2 (+가동 계획),156.48248,131.68045,156.48248,173.13904
2021-09-13 16:30:00,Chronos-2 (+가동 계획),153.85608,128.60223,153.85608,170.00092
2021-09-13 16:45:00,Chronos-2 (+가동 계획),152.50015,126.90289,152.50015,169.53247
2021-09-13 17:00:00,Chronos-2 (+가동 계획),118.882095,94.98011,118.882095,136.91815
2021-09-13 17:15:00,Chronos-2 (+가동 계획),108.87573,86.218834,108.87573,127.50688
2021-09-13 17:30:00,Chronos-2 (+가동 계획),144.39288,118.35356,144.39288,161.33737
2021-09-13 17:45:00,Chronos-2 (+가동 계획),154.64842,127.83928,154.64842,171.63708
2021-09-13 18:00:00,Chronos-2 (+가동 계획),152.30222,125.80884,152.30222,168.33926
2021-09-13 18:15:00,Chronos-2 (+가동 계획),150.7581,124.70714,150.7581,166.62115
2021-09-13 18:30:00,Chronos-2 (+가동 계획),148.99669,122.75043,148.99669,165.48694
2021-09-13 18:45:00,Chronos-2 (+가동 계획),149.76373,123.96527,149.76373,165.84076
2021-09-13 19:00:00,Chronos-2 (+가동 계획),145.62228,120.626945,145.62228,161.40121
2021-09-13 19:15:00,Chronos-2 (+가동 계획),138.26018,113.324554,138.26018,154.3211
2021-09-13 19:30:00,Chronos-2 (+가동 계획),136.4798,112.31849,136.4798,153.0752
2021-09-13 19:45:00,Chronos-2 (+가동 계획),121.56054,97.52283,121.56054,139.23749
2021-09-13 20:00:00,Chronos-2 (+가동 계획),111.18222,90.72391,111.18222,125.10685
2021-09-13 20:15:00,Chronos-2 (+가동 계획),119.8357,99.72978,119.8357,132.60992
2021-09-13 20:30:00,Chronos-2 (+가동 계획),119.09713,98.319046,119.09713,132.14415
2021-09-13 20:45:00,Chronos-2 (+가동 계획),119.557556,98.28936,119.557556,132.09106
2021-09-13 21:00:00,Chronos-2 (+가동 계획),119.727715,99.09565,119.727715,132.92064
2021-09-13 21:15:00,Chronos-2 (+가동 계획),119.012695,98.661964,119.012695,131.41035
2021-09-13 21:30:00,Chronos-2 (+가동 계획),115.25693,95.1337,115.25693,127.76523
2021-09-13 21:45:00,Chronos-2 (+가동 계획),115.601166,95.955894,115.601166,127.88489
2021-09-13 22:00:00,Chronos-2 (+가동 계획),98.910995,78.80266,98.910995,111.72461
2021-09-13 22:15:00,Chronos-2 (+가동 계획),109.686874,89.86261,109.686874,121.71644
2021-09-13 22:30:00,Chronos-2 (+가동 계획),109.21123,89.34817,109.21123,121.65851
2021-09-13 22:45:00,Chronos-2 (+가동 계획),109.68881,89.698654,109.68881,121.73059
2021-09-13 23:00:00,Chronos-2 (+가동 계획),109.07349,88.53665,109.07349,121.09101
2021-09-13 23:15:00,Chronos-2 (+가동 계획),108.87156,88.21617,108.87156,121.25806
2021-09-13 23:30:00,Chronos-2 (+가동 계획),104.29734,82.87883,104.29734,117.25339
2021-09-13 23:45:00,Chronos-2 (+가동 계획),84.83271,64.594864,84.83271,98.15315
2021-09-14 00:00:00,Chronos-2 (+가동 계획),78.162025,70.08182,78.162025,85.44952
2021-09-14 00:15:00,Chronos-2 (+가동 계획),74.8548,67.111694,74.8548,82.599785
2021-09-14 00:30:00,Chronos-2 (+가동 계획),72.05358,64.22082,72.05358,79.599304
2021-09-14 00:45:00,Chronos-2 (+가동 계획),70.40529,62.326477,70.40529,78.30945
2021-09-14 01:00:00,Chronos-2 (+가동 계획),97.66502,89.52719,97.66502,105.75778
2021-09-14 01:15:00,Chronos-2 (+가동 계획),108.836105,100.04775,108.836105,116.81357
2021-09-14 01:30:00,Chronos-2 (+가동 계획),111.4591,103.36047,111.4591,119.680374
2021-09-14 01:45:00,Chronos-2 (+가동 계획),112.85605,104.237946,112.85605,120.962296
2021-09-14 02:00:00,Chronos-2 (+가동 계획),112.85046,104.68615,112.85046,120.71475
2021-09-14 02:15:00,Chronos-2 (+가동 계획),111.11671,102.83402,111.11671,118.941895
2021-09-14 02:30:00,Chronos-2 (+가동 계획),108.96756,100.950775,108.96756,117.15577
2021-09-14 02:45:00,Chronos-2 (+가동 계획),107.3153,99.08471,107.3153,115.757965
2021-09-14 03:00:00,Chronos-2 (+가동 계획),95.50469,87.10055,95.50469,103.75221
2021-09-14 03:15:00,Chronos-2 (+가동 계획),107.374756,98.842316,107.374756,115.75732
2021-09-14 03:30:00,Chronos-2 (+가동 계획),109.51525,100.869576,109.51525,118.29166
2021-09-14 03:45:00,Chronos-2 (+가동 계획),108.94428,100.63494,108.94428,117.166466
2021-09-14 04:00:00,Chronos-2 (+가동 계획),109.5862,100.87918,109.5862,118.15229
2021-09-14 04:15:00,Chronos-2 (+가동 계획),110.54421,102.26987,110.54421,118.992676
2021-09-14 04:30:00,Chronos-2 (+가동 계획),109.97266,101.060425,109.97266,118.5978
2021-09-14 04:45:00,Chronos-2 (+가동 계획),106.546074,97.44009,106.546074,115.101654
2021-09-14 05:00:00,Chronos-2 (+가동 계획),85.29468,76.23151,85.29468,93.4788
2021-09-14 05:15:00,Chronos-2 (+가동 계획),80.14644,71.55336,80.14644,88.18436
2021-09-14 05:30:00,Chronos-2 (+가동 계획),98.564674,89.50801,98.564674,107.1455
2021-09-14 05:45:00,Chronos-2 (+가동 계획),112.24115,103.05505,112.24115,121.056694
2021-09-14 06:00:00,Chronos-2 (+가동 계획),112.730865,103.13289,112.730865,121.527534
2021-09-14 06:15:00,Chronos-2 (+가동 계획),110.35768,100.76025,110.35768,118.61574
2021-09-14 06:30:00,Chronos-2 (+가동 계획),109.795204,100.67205,109.795204,118.1904
2021-09-14 06:45:00,Chronos-2 (+가동 계획),112.45625,102.84554,112.45625,121.20082
2021-09-14 07:00:00,Chronos-2 (+가동 계획),113.30278,103.25401,113.30278,122.40031
2021-09-14 07:15:00,Chronos-2 (+가동 계획),125.638435,114.48683,125.638435,134.7265
2021-09-14 07:30:00,Chronos-2 (+가동 계획),150.10164,139.70403,150.10164,159.78748
2021-09-14 07:45:00,Chronos-2 (+가동 계획),142.39664,131.64977,142.39664,152.22687
2021-09-14 08:00:00,Chronos-2 (+가동 계획),160.69092,147.6542,160.69092,174.34639
2021-09-14 08:15:00,Chronos-2 (+가동 계획),178.21094,164.44778,178.21094,191.0158
2021-09-14 08:30:00,Chronos-2 (+가동 계획),180.08707,165.43117,180.08707,192.62093
2021-09-14 08:45:00,Chronos-2 (+가동 계획),180.39856,167.10483,180.39856,192.77686
2021-09-14 09:00:00,Chronos-2 (+가동 계획),173.62231,159.49826,173.62231,186.95023
2021-09-14 09:15:00,Chronos-2 (+가동 계획),174.64082,161.06592,174.64082,187.53842
2021-09-14 09:30:00,Chronos-2 (+가동 계획),175.28871,161.16663,175.28871,188.09538
2021-09-14 09:45:00,Chronos-2 (+가동 계획),178.43152,163.75854,178.43152,191.83328
2021-09-14 10:00:00,Chronos-2 (+가동 계획),150.69696,136.61736,150.69696,164.46588
2021-09-14 10:15:00,Chronos-2 (+가동 계획),175.38437,160.63449,175.38437,188.46017
2021-09-14 10:30:00,Chronos-2 (+가동 계획),174.95232,160.33226,174.95232,188.10745
2021-09-14 10:45:00,Chronos-2 (+가동 계획),175.48502,160.59589,175.48502,188.10236
2021-09-14 11:00:00,Chronos-2 (+가동 계획),173.92375,159.86499,173.92375,187.10977
2021-09-14 11:15:00,Chronos-2 (+가동 계획),176.61353,161.91818,176.61353,189.36133
2021-09-14 11:30:00,Chronos-2 (+가동 계획),178.11053,162.57831,178.11053,191.23016
2021-09-14 11:45:00,Chronos-2 (+가동 계획),175.87326,161.02148,175.87326,190.09384
2021-09-14 12:00:00,Chronos-2 (+가동 계획),120.58933,105.5522,120.58933,135.69104
2021-09-14 12:15:00,Chronos-2 (+가동 계획),102.11158,87.106674,102.11158,115.9246
2021-09-14 12:30:00,Chronos-2 (+가동 계획),102.40666,86.21611,102.40666,116.72637
2021-09-14 12:45:00,Chronos-2 (+가동 계획),132.80246,116.27877,132.80246,148.79047
2021-09-14 13:00:00,Chronos-2 (+가동 계획),170.21638,153.97522,170.21638,185.28079
2021-09-14 13:15:00,Chronos-2 (+가동 계획),174.81848,159.4215,174.81848,190.00427
2021-09-14 13:30:00,Chronos-2 (+가동 계획),175.20755,161.03627,175.20755,190.22775
2021-09-14 13:45:00,Chronos-2 (+가동 계획),178.27728,162.64743,178.27728,192.87524
2021-09-14 14:00:00,Chronos-2 (+가동 계획),176.60916,161.8349,176.60916,190.92679
2021-09-14 14:15:00,Chronos-2 (+가동 계획),172.95715,156.76297,172.95715,186.75717
2021-09-14 14:30:00,Chronos-2 (+가동 계획),174.11688,158.31894,174.11688,189.12389
2021-09-14 14:45:00,Chronos-2 (+가동 계획),174.80008,159.48575,174.80008,189.37024
2021-09-14 15:00:00,Chronos-2 (+가동 계획),143.45554,129.19864,143.45554,158.78128
2021-09-14 15:15:00,Chronos-2 (+가동 계획),171.35815,154.96643,171.35815,185.34529
2021-09-14 15:30:00,Chronos-2 (+가동 계획),174.38068,158.33426,174.38068,188.60358
2021-09-14 15:45:00,Chronos-2 (+가동 계획),174.14401,158.35448,174.14401,189.2367
2021-09-14 16:00:00,Chronos-2 (+가동 계획),171.2016,157.11859,171.2016,184.07663
2021-09-14 16:15:00,Chronos-2 (+가동 계획),167.89732,153.59616,167.89732,181.59888
2021-09-14 16:30:00,Chronos-2 (+가동 계획),163.87613,148.43036,163.87613,177.01294
2021-09-14 16:45:00,Chronos-2 (+가동 계획),162.89072,147.77547,162.89072,176.56775
2021-09-14 17:00:00,Chronos-2 (+가동 계획),126.18373,112.73865,126.18373,139.15869
2021-09-14 17:15:00,Chronos-2 (+가동 계획),115.19455,101.596634,115.19455,128.24966
2021-09-14 17:30:00,Chronos-2 (+가동 계획),152.34369,137.85611,152.34369,165.38042
2021-09-14 17:45:00,Chronos-2 (+가동 계획),162.63174,147.72198,162.63174,176.10223
2021-09-14 18:00:00,Chronos-2 (+가동 계획),158.74298,143.73868,158.74298,171.88991
2021-09-14 18:15:00,Chronos-2 (+가동 계획),156.83043,141.66722,156.83043,170.09564
2021-09-14 18:30:00,Chronos-2 (+가동 계획),156.26248,140.87576,156.26248,168.9902
2021-09-14 18:45:00,Chronos-2 (+가동 계획),158.32687,142.84273,158.32687,171.33304
2021-09-14 19:00:00,Chronos-2 (+가동 계획),154.55066,139.34453,154.55066,167.50906
2021-09-14 19:15:00,Chronos-2 (+가동 계획),146.40402,130.88408,146.40402,159.27432
2021-09-14 19:30:00,Chronos-2 (+가동 계획),146.86276,132.45042,146.86276,160.62546
2021-09-14 19:45:00,Chronos-2 (+가동 계획),128.9731,114.725044,128.9731,142.36894
2021-09-14 20:00:00,Chronos-2 (+가동 계획),118.15394,106.253265,118.15394,129.11275
2021-09-14 20:15:00,Chronos-2 (+가동 계획),128.29663,117.03493,128.29663,138.00958
2021-09-14 20:30:00,Chronos-2 (+가동 계획),128.77336,117.54395,128.77336,138.76373
2021-09-14 20:45:00,Chronos-2 (+가동 계획),127.46383,116.66484,127.46383,136.8632
2021-09-14 21:00:00,Chronos-2 (+가동 계획),126.45859,115.576904,126.45859,136.67926
2021-09-14 21:15:00,Chronos-2 (+가동 계획),126.61206,115.49168,126.61206,136.20918
2021-09-14 21:30:00,Chronos-2 (+가동 계획),123.660866,112.771484,123.660866,133.34924
2021-09-14 21:45:00,Chronos-2 (+가동 계획),123.50144,112.083466,123.50144,133.29424
2021-09-14 22:00:00,Chronos-2 (+가동 계획),103.579254,91.8185,103.579254,112.848694
2021-09-14 22:15:00,Chronos-2 (+가동 계획),117.459465,106.10067,117.459465,126.81782
2021-09-14 22:30:00,Chronos-2 (+가동 계획),116.37397,105.17913,116.37397,126.01628
2021-09-14 22:45:00,Chronos-2 (+가동 계획),115.33715,104.157845,115.33715,124.7279
2021-09-14 23:00:00,Chronos-2 (+가동 계획),114.151825,103.055695,114.151825,123.6104
2021-09-14 23:15:00,Chronos-2 (+가동 계획),115.62731,104.02543,115.62731,125.56654
2021-09-14 23:30:00,Chronos-2 (+가동 계획),111.444214,99.833466,111.444214,121.03953
2021-09-14 23:45:00,Chronos-2 (+가동 계획),91.17126,80.014915,91.17126,101.1887
2021-08-09 00:00:00,Chronos-2 (+기준 곡선),23.00217,19.919724,23.00217,27.540344
2021-08-09 00:15:00,Chronos-2 (+기준 곡선),23.067444,20.206013,23.067444,27.576
2021-08-09 00:30:00,Chronos-2 (+기준 곡선),23.131863,20.213833,23.131863,27.47282
2021-08-09 00:45:00,Chronos-2 (+기준 곡선),22.870914,20.072357,22.870914,27.387234
2021-08-09 01:00:00,Chronos-2 (+기준 곡선),22.602009,19.904114,22.602009,26.511955
2021-08-09 01:15:00,Chronos-2 (+기준 곡선),22.700588,19.789436,22.700588,27.39024
2021-08-09 01:30:00,Chronos-2 (+기준 곡선),22.656185,19.763138,22.656185,27.166294
2021-08-09 01:45:00,Chronos-2 (+기준 곡선),22.276196,19.595436,22.276196,26.842213
2021-08-09 02:00:00,Chronos-2 (+기준 곡선),22.027107,19.533897,22.027107,26.354347
2021-08-09 02:15:00,Chronos-2 (+기준 곡선),22.12075,19.503464,22.12075,26.133945
2021-08-09 02:30:00,Chronos-2 (+기준 곡선),22.251812,19.71608,22.251812,25.971863
2021-08-09 02:45:00,Chronos-2 (+기준 곡선),22.430775,19.836235,22.430775,26.728218
2021-08-09 03:00:00,Chronos-2 (+기준 곡선),22.493595,19.896324,22.493595,27.0378
2021-08-09 03:15:00,Chronos-2 (+기준 곡선),22.357655,19.819397,22.357655,26.462624
2021-08-09 03:30:00,Chronos-2 (+기준 곡선),21.951393,19.75061,21.951393,26.071423
2021-08-09 03:45:00,Chronos-2 (+기준 곡선),22.059486,19.703102,22.059486,25.746696
2021-08-09 04:00:00,Chronos-2 (+기준 곡선),21.775455,17.274193,21.775455,26.324947
2021-08-09 04:15:00,Chronos-2 (+기준 곡선),21.52692,17.369675,21.52692,26.142673
2021-08-09 04:30:00,Chronos-2 (+기준 곡선),21.286427,16.973541,21.286427,25.770344
2021-08-09 04:45:00,Chronos-2 (+기준 곡선),20.966694,16.906204,20.966694,26.166061
2021-08-09 05:00:00,Chronos-2 (+기준 곡선),20.955956,17.340187,20.955956,26.113472
2021-08-09 05:15:00,Chronos-2 (+기준 곡선),21.029922,17.012085,21.029922,25.946907
2021-08-09 05:30:00,Chronos-2 (+기준 곡선),20.917774,17.017387,20.917774,26.464119
2021-08-09 05:45:00,Chronos-2 (+기준 곡선),20.884144,16.970856,20.884144,26.392242
2021-08-09 06:00:00,Chronos-2 (+기준 곡선),21.290577,17.49952,21.290577,26.28365
2021-08-09 06:15:00,Chronos-2 (+기준 곡선),21.083065,16.828247,21.083065,25.928806
2021-08-09 06:30:00,Chronos-2 (+기준 곡선),21.654774,16.991798,21.654774,27.562416
2021-08-09 06:45:00,Chronos-2 (+기준 곡선),22.743984,17.869904,22.743984,28.922192
2021-08-09 07:00:00,Chronos-2 (+기준 곡선),25.74223,19.152817,25.74223,37.04685
2021-08-09 07:15:00,Chronos-2 (+기준 곡선),37.350246,25.167686,37.350246,54.15281
2021-08-09 07:30:00,Chronos-2 (+기준 곡선),67.46008,50.324215,67.46008,84.2687
2021-08-09 07:45:00,Chronos-2 (+기준 곡선),120.51555,103.62543,120.51555,138.04538
2021-08-09 08:00:00,Chronos-2 (+기준 곡선),180.25136,163.23898,180.25136,197.22787
2021-08-09 08:15:00,Chronos-2 (+기준 곡선),205.59546,191.0862,205.59546,221.43327
2021-08-09 08:30:00,Chronos-2 (+기준 곡선),203.19348,187.14346,203.19348,216.61095
2021-08-09 08:45:00,Chronos-2 (+기준 곡선),194.60837,180.01123,194.60837,209.49803
2021-08-09 09:00:00,Chronos-2 (+기준 곡선),187.69356,172.68088,187.69356,204.05377
2021-08-09 09:15:00,Chronos-2 (+기준 곡선),186.87164,171.72983,186.87164,201.38809
2021-08-09 09:30:00,Chronos-2 (+기준 곡선),191.63876,176.62027,191.63876,206.15741
2021-08-09 09:45:00,Chronos-2 (+기준 곡선),189.49722,173.87564,189.49722,204.32104
2021-08-09 10:00:00,Chronos-2 (+기준 곡선),167.44554,150.08847,167.44554,184.45026
2021-08-09 10:15:00,Chronos-2 (+기준 곡선),193.64084,178.51984,193.64084,208.49487
2021-08-09 10:30:00,Chronos-2 (+기준 곡선),203.19173,187.57564,203.19173,219.31453
2021-08-09 10:45:00,Chronos-2 (+기준 곡선),206.16824,191.91328,206.16824,222.2608
2021-08-09 11:00:00,Chronos-2 (+기준 곡선),204.32747,189.59363,204.32747,221.02324
2021-08-09 11:15:00,Chronos-2 (+기준 곡선),203.2655,188.38654,203.2655,217.82474
2021-08-09 11:30:00,Chronos-2 (+기준 곡선),199.67029,183.1654,199.67029,214.15567
2021-08-09 11:45:00,Chronos-2 (+기준 곡선),193.856,177.83185,193.856,210.48717
2021-08-09 12:00:00,Chronos-2 (+기준 곡선),129.48442,113.25256,129.48442,149.79172
2021-08-09 12:15:00,Chronos-2 (+기준 곡선),107.745514,91.030525,107.745514,126.57159
2021-08-09 12:30:00,Chronos-2 (+기준 곡선),107.748184,92.24512,107.748184,124.259705
2021-08-09 12:45:00,Chronos-2 (+기준 곡선),110.29283,93.55543,110.29283,127.75309
2021-08-09 13:00:00,Chronos-2 (+기준 곡선),163.67569,146.48361,163.67569,183.00302
2021-08-09 13:15:00,Chronos-2 (+기준 곡선),186.51978,169.43347,186.51978,205.17868
2021-08-09 13:30:00,Chronos-2 (+기준 곡선),189.39383,175.0149,189.39383,207.0181
2021-08-09 13:45:00,Chronos-2 (+기준 곡선),188.57681,171.51712,188.57681,205.46432
2021-08-09 14:00:00,Chronos-2 (+기준 곡선),188.44717,170.89064,188.44717,204.42085
2021-08-09 14:15:00,Chronos-2 (+기준 곡선),193.2507,176.84142,193.2507,209.69128
2021-08-09 14:30:00,Chronos-2 (+기준 곡선),195.20776,178.93167,195.20776,211.76956
2021-08-09 14:45:00,Chronos-2 (+기준 곡선),187.91032,170.5271,187.91032,204.72568
2021-08-09 15:00:00,Chronos-2 (+기준 곡선),141.92236,125.98122,141.92236,160.22563
2021-08-09 15:15:00,Chronos-2 (+기준 곡선),143.82892,125.41582,143.82892,161.42535
2021-08-09 15:30:00,Chronos-2 (+기준 곡선),183.55095,166.06734,183.55095,199.34457
2021-08-09 15:45:00,Chronos-2 (+기준 곡선),184.26434,166.14523,184.26434,203.20871
2021-08-09 16:00:00,Chronos-2 (+기준 곡선),174.39337,157.65845,174.39337,191.84058
2021-08-09 16:15:00,Chronos-2 (+기준 곡선),171.18837,154.1773,171.18837,187.79745
2021-08-09 16:30:00,Chronos-2 (+기준 곡선),175.01929,158.46597,175.01929,190.18707
2021-08-09 16:45:00,Chronos-2 (+기준 곡선),166.11983,150.32883,166.11983,182.58511
2021-08-09 17:00:00,Chronos-2 (+기준 곡선),126.14145,109.91413,126.14145,142.9946
2021-08-09 17:15:00,Chronos-2 (+기준 곡선),113.92087,95.7836,113.92087,131.3389
2021-08-09 17:30:00,Chronos-2 (+기준 곡선),155.24084,138.76721,155.24084,171.467
2021-08-09 17:45:00,Chronos-2 (+기준 곡선),185.0686,168.09813,185.0686,202.95262
2021-08-09 18:00:00,Chronos-2 (+기준 곡선),188.16911,172.75882,188.16911,204.51303
2021-08-09 18:15:00,Chronos-2 (+기준 곡선),177.56253,160.81511,177.56253,193.34311
2021-08-09 18:30:00,Chronos-2 (+기준 곡선),178.32162,161.81415,178.32162,195.03519
2021-08-09 18:45:00,Chronos-2 (+기준 곡선),175.03615,157.10268,175.03615,191.1199
2021-08-09 19:00:00,Chronos-2 (+기준 곡선),171.59093,155.73195,171.59093,188.14325
2021-08-09 19:15:00,Chronos-2 (+기준 곡선),166.42203,150.95337,166.42203,182.60284
2021-08-09 19:30:00,Chronos-2 (+기준 곡선),156.01782,140.20462,156.01782,172.78564
2021-08-09 19:45:00,Chronos-2 (+기준 곡선),119.256294,104.60396,119.256294,136.927
2021-08-09 20:00:00,Chronos-2 (+기준 곡선),106.38959,86.90436,106.38959,127.40202
2021-08-09 20:15:00,Chronos-2 (+기준 곡선),108.1589,89.37619,108.1589,129.79442
2021-08-09 20:30:00,Chronos-2 (+기준 곡선),112.37375,94.943794,112.37375,133.48135
2021-08-09 20:45:00,Chronos-2 (+기준 곡선),113.79382,95.55409,113.79382,133.61855
2021-08-09 21:00:00,Chronos-2 (+기준 곡선),114.21268,97.53707,114.21268,134.03758
2021-08-09 21:15:00,Chronos-2 (+기준 곡선),114.95059,98.55283,114.95059,133.1933
2021-08-09 21:30:00,Chronos-2 (+기준 곡선),112.52323,96.59392,112.52323,130.29613
2021-08-09 21:45:00,Chronos-2 (+기준 곡선),108.63318,91.451126,108.63318,127.05908
2021-08-09 22:00:00,Chronos-2 (+기준 곡선),105.84435,87.32262,105.84435,124.395966
2021-08-09 22:15:00,Chronos-2 (+기준 곡선),110.63637,94.19928,110.63637,128.84879
2021-08-09 22:30:00,Chronos-2 (+기준 곡선),112.61016,96.43981,112.61016,130.40924
2021-08-09 22:45:00,Chronos-2 (+기준 곡선),113.29158,97.09855,113.29158,131.07077
2021-08-09 23:00:00,Chronos-2 (+기준 곡선),113.062836,96.8558,113.062836,130.68713
2021-08-09 23:15:00,Chronos-2 (+기준 곡선),110.17799,94.06012,110.17799,128.23058
2021-08-09 23:30:00,Chronos-2 (+기준 곡선),98.64331,82.04227,98.64331,118.63255
2021-08-09 23:45:00,Chronos-2 (+기준 곡선),80.7566,61.746666,80.7566,102.12879
2021-08-10 00:00:00,Chronos-2 (+기준 곡선),72.07051,62.897366,72.07051,79.21729
2021-08-10 00:15:00,Chronos-2 (+기준 곡선),70.51279,60.8732,70.51279,79.49376
2021-08-10 00:30:00,Chronos-2 (+기준 곡선),69.85915,59.08032,69.85915,79.56346
2021-08-10 00:45:00,Chronos-2 (+기준 곡선),70.76778,59.093636,70.76778,81.273705
2021-08-10 01:00:00,Chronos-2 (+기준 곡선),91.82464,80.46807,91.82464,102.469925
2021-08-10 01:15:00,Chronos-2 (+기준 곡선),104.273125,92.735344,104.273125,114.87112
2021-08-10 01:30:00,Chronos-2 (+기준 곡선),106.615555,95.272736,106.615555,117.25484
2021-08-10 01:45:00,Chronos-2 (+기준 곡선),105.87147,93.369064,105.87147,117.13661
2021-08-10 02:00:00,Chronos-2 (+기준 곡선),105.764275,92.55416,105.764275,117.25003
2021-08-10 02:15:00,Chronos-2 (+기준 곡선),106.376175,93.10126,106.376175,118.89017
2021-08-10 02:30:00,Chronos-2 (+기준 곡선),105.963455,92.116486,105.963455,118.516884
2021-08-10 02:45:00,Chronos-2 (+기준 곡선),104.07062,89.83856,104.07062,116.54382
2021-08-10 03:00:00,Chronos-2 (+기준 곡선),99.457054,85.52191,99.457054,111.76611
2021-08-10 03:15:00,Chronos-2 (+기준 곡선),107.836754,95.33517,107.836754,119.0132
2021-08-10 03:30:00,Chronos-2 (+기준 곡선),109.6118,96.873375,109.6118,122.23161
2021-08-10 03:45:00,Chronos-2 (+기준 곡선),109.55748,96.181564,109.55748,121.57656
2021-08-10 04:00:00,Chronos-2 (+기준 곡선),107.9539,93.18416,107.9539,121.76341
2021-08-10 04:15:00,Chronos-2 (+기준 곡선),109.62454,94.23597,109.62454,123.22781
2021-08-10 04:30:00,Chronos-2 (+기준 곡선),108.088036,92.600784,108.088036,121.184784
2021-08-10 04:45:00,Chronos-2 (+기준 곡선),104.10193,87.30912,104.10193,117.92375
2021-08-10 05:00:00,Chronos-2 (+기준 곡선),93.518845,75.97861,93.518845,107.02438
2021-08-10 05:15:00,Chronos-2 (+기준 곡선),90.89055,73.290665,90.89055,105.505325
2021-08-10 05:30:00,Chronos-2 (+기준 곡선),99.54586,80.093605,99.54586,115.11427
2021-08-10 05:45:00,Chronos-2 (+기준 곡선),107.18575,86.48938,107.18575,124.583435
2021-08-10 06:00:00,Chronos-2 (+기준 곡선),110.14301,89.18566,110.14301,126.446335
2021-08-10 06:15:00,Chronos-2 (+기준 곡선),110.0866,89.44728,110.0866,126.45342
2021-08-10 06:30:00,Chronos-2 (+기준 곡선),109.05298,88.33451,109.05298,125.89545
2021-08-10 06:45:00,Chronos-2 (+기준 곡선),109.65716,87.588295,109.65716,126.419815
2021-08-10 07:00:00,Chronos-2 (+기준 곡선),114.19149,90.917076,114.19149,131.81833
2021-08-10 07:15:00,Chronos-2 (+기준 곡선),124.62444,100.25298,124.62444,143.93845
2021-08-10 07:30:00,Chronos-2 (+기준 곡선),146.24886,119.88434,146.24886,166.29251
2021-08-10 07:45:00,Chronos-2 (+기준 곡선),151.92545,123.8208,151.92545,171.89978
2021-08-10 08:00:00,Chronos-2 (+기준 곡선),179.88141,126.22216,179.88141,205.45465
2021-08-10 08:15:00,Chronos-2 (+기준 곡선),195.47935,141.82109,195.47935,218.98955
2021-08-10 08:30:00,Chronos-2 (+기준 곡선),198.21408,142.37166,198.21408,219.9082
2021-08-10 08:45:00,Chronos-2 (+기준 곡선),194.04526,142.48567,194.04526,215.55685
2021-08-10 09:00:00,Chronos-2 (+기준 곡선),189.34125,136.36826,189.34125,210.93243
2021-08-10 09:15:00,Chronos-2 (+기준 곡선),188.074,132.68141,188.074,211.92323
2021-08-10 09:30:00,Chronos-2 (+기준 곡선),190.4036,132.7098,190.4036,213.7179
2021-08-10 09:45:00,Chronos-2 (+기준 곡선),190.00443,131.80219,190.00443,214.1508
2021-08-10 10:00:00,Chronos-2 (+기준 곡선),172.52272,111.668686,172.52272,201.53613
2021-08-10 10:15:00,Chronos-2 (+기준 곡선),189.56183,129.5792,189.56183,212.64691
2021-08-10 10:30:00,Chronos-2 (+기준 곡선),192.6358,133.04791,192.6358,214.88484
2021-08-10 10:45:00,Chronos-2 (+기준 곡선),189.4668,131.7359,189.4668,213.33174
2021-08-10 11:00:00,Chronos-2 (+기준 곡선),188.58218,130.65842,188.58218,213.84709
2021-08-10 11:15:00,Chronos-2 (+기준 곡선),192.09113,131.7478,192.09113,215.78084
2021-08-10 11:30:00,Chronos-2 (+기준 곡선),193.749,134.53966,193.749,217.80296
2021-08-10 11:45:00,Chronos-2 (+기준 곡선),189.81015,130.75629,189.81015,213.47629
2021-08-10 12:00:00,Chronos-2 (+기준 곡선),132.48863,98.073,132.48863,159.69392
2021-08-10 12:15:00,Chronos-2 (+기준 곡선),116.87811,86.77382,116.87811,141.17776
2021-08-10 12:30:00,Chronos-2 (+기준 곡선),116.945724,85.03788,116.945724,140.77805
2021-08-10 12:45:00,Chronos-2 (+기준 곡선),118.592804,84.07492,118.592804,144.62282
2021-08-10 13:00:00,Chronos-2 (+기준 곡선),164.46556,116.26239,164.46556,189.60945
2021-08-10 13:15:00,Chronos-2 (+기준 곡선),182.74245,128.81917,182.74245,206.20712
2021-08-10 13:30:00,Chronos-2 (+기준 곡선),188.73701,129.5482,188.73701,210.2203
2021-08-10 13:45:00,Chronos-2 (+기준 곡선),191.11261,129.15657,191.11261,213.71333
2021-08-10 14:00:00,Chronos-2 (+기준 곡선),188.72316,128.74358,188.72316,213.77528
2021-08-10 14:15:00,Chronos-2 (+기준 곡선),189.2437,127.29687,189.2437,213.1267
2021-08-10 14:30:00,Chronos-2 (+기준 곡선),189.08678,133.15361,189.08678,212.2818
2021-08-10 14:45:00,Chronos-2 (+기준 곡선),183.47903,131.93413,183.47903,205.68878
2021-08-10 15:00:00,Chronos-2 (+기준 곡선),151.57596,107.882866,151.57596,177.37799
2021-08-10 15:15:00,Chronos-2 (+기준 곡선),153.05695,109.80667,153.05695,178.81207
2021-08-10 15:30:00,Chronos-2 (+기준 곡선),178.72894,129.51114,178.72894,202.45912
2021-08-10 15:45:00,Chronos-2 (+기준 곡선),180.55354,127.70639,180.55354,205.4411
2021-08-10 16:00:00,Chronos-2 (+기준 곡선),176.31537,133.4504,176.31537,200.0028
2021-08-10 16:15:00,Chronos-2 (+기준 곡선),176.10349,133.63506,176.10349,200.69186
2021-08-10 16:30:00,Chronos-2 (+기준 곡선),174.94553,129.05573,174.94553,198.26685
2021-08-10 16:45:00,Chronos-2 (+기준 곡선),167.19635,122.58349,167.19635,189.9515
2021-08-10 17:00:00,Chronos-2 (+기준 곡선),131.6982,91.64025,131.6982,160.10938
2021-08-10 17:15:00,Chronos-2 (+기준 곡선),124.799995,80.32709,124.799995,159.58438
2021-08-10 17:30:00,Chronos-2 (+기준 곡선),154.39186,97.17772,154.39186,187.55066
2021-08-10 17:45:00,Chronos-2 (+기준 곡선),164.92653,99.5553,164.92653,198.47958
2021-08-10 18:00:00,Chronos-2 (+기준 곡선),166.61168,101.3996,166.61168,197.36862
2021-08-10 18:15:00,Chronos-2 (+기준 곡선),166.75208,100.72128,166.75208,196.73907
2021-08-10 18:30:00,Chronos-2 (+기준 곡선),166.96436,100.868,166.96436,196.96594
2021-08-10 18:45:00,Chronos-2 (+기준 곡선),165.97577,105.39409,165.97577,195.13608
2021-08-10 19:00:00,Chronos-2 (+기준 곡선),161.57312,105.42016,161.57312,190.60445
2021-08-10 19:15:00,Chronos-2 (+기준 곡선),156.74661,102.80341,156.74661,186.25009
2021-08-10 19:30:00,Chronos-2 (+기준 곡선),156.0664,107.10261,156.0664,180.31314
2021-08-10 19:45:00,Chronos-2 (+기준 곡선),140.34093,98.34287,140.34093,163.86761
2021-08-10 20:00:00,Chronos-2 (+기준 곡선),122.99968,97.816216,122.99968,143.79353
2021-08-10 20:15:00,Chronos-2 (+기준 곡선),125.46413,101.70344,125.46413,145.07944
2021-08-10 20:30:00,Chronos-2 (+기준 곡선),123.76835,100.406746,123.76835,141.63098
2021-08-10 20:45:00,Chronos-2 (+기준 곡선),122.376785,100.328804,122.376785,140.05289
2021-08-10 21:00:00,Chronos-2 (+기준 곡선),121.60113,99.99704,121.60113,139.20665
2021-08-10 21:15:00,Chronos-2 (+기준 곡선),120.69216,98.58346,120.69216,137.51665
2021-08-10 21:30:00,Chronos-2 (+기준 곡선),120.76361,99.4923,120.76361,136.81805
2021-08-10 21:45:00,Chronos-2 (+기준 곡선),119.30054,98.36745,119.30054,135.49394
2021-08-10 22:00:00,Chronos-2 (+기준 곡선),112.55159,90.76095,112.55159,129.6882
2021-08-10 22:15:00,Chronos-2 (+기준 곡선),115.89799,96.042404,115.89799,132.83588
2021-08-10 22:30:00,Chronos-2 (+기준 곡선),115.32525,95.36289,115.32525,132.60748
2021-08-10 22:45:00,Chronos-2 (+기준 곡선),115.58711,95.52784,115.58711,132.33795
2021-08-10 23:00:00,Chronos-2 (+기준 곡선),116.23137,96.62277,116.23137,132.23196
2021-08-10 23:15:00,Chronos-2 (+기준 곡선),114.34758,94.99728,114.34758,131.36531
2021-08-10 23:30:00,Chronos-2 (+기준 곡선),109.88019,90.15048,109.88019,127.17325
2021-08-10 23:45:00,Chronos-2 (+기준 곡선),91.006454,72.53225,91.006454,107.77991
2021-08-11 00:00:00,Chronos-2 (+기준 곡선),77.79191,69.1595,77.79191,84.85868
2021-08-11 00:15:00,Chronos-2 (+기준 곡선),74.097786,66.23932,74.097786,82.21713
2021-08-11 00:30:00,Chronos-2 (+기준 곡선),72.0827,63.868782,72.0827,80.18551
2021-08-11 00:45:00,Chronos-2 (+기준 곡선),71.09137,62.22782,71.09137,79.74153
2021-08-11 01:00:00,Chronos-2 (+기준 곡선),94.68772,85.74046,94.68772,103.66093
2021-08-11 01:15:00,Chronos-2 (+기준 곡선),105.38088,95.839035,105.38088,114.529396
2021-08-11 01:30:00,Chronos-2 (+기준 곡선),106.30199,97.08662,106.30199,115.50993
2021-08-11 01:45:00,Chronos-2 (+기준 곡선),103.82064,94.25839,103.82064,113.88396
2021-08-11 02:00:00,Chronos-2 (+기준 곡선),102.225945,92.339806,102.225945,111.60868
2021-08-11 02:15:00,Chronos-2 (+기준 곡선),102.66365,92.88074,102.66365,111.87988
2021-08-11 02:30:00,Chronos-2 (+기준 곡선),102.50114,93.14889,102.50114,112.13928
2021-08-11 02:45:00,Chronos-2 (+기준 곡선),101.22348,91.52288,101.22348,110.60115
2021-08-11 03:00:00,Chronos-2 (+기준 곡선),93.03879,83.50935,93.03879,102.47903
2021-08-11 03:15:00,Chronos-2 (+기준 곡선),105.73908,95.95091,105.73908,114.93494
2021-08-11 03:30:00,Chronos-2 (+기준 곡선),107.48576,97.74135,107.48576,117.49227
2021-08-11 03:45:00,Chronos-2 (+기준 곡선),105.84125,96.288506,105.84125,114.9664
2021-08-11 04:00:00,Chronos-2 (+기준 곡선),102.94792,93.972015,102.94792,112.32661
2021-08-11 04:15:00,Chronos-2 (+기준 곡선),104.58976,95.62068,104.58976,113.839355
2021-08-11 04:30:00,Chronos-2 (+기준 곡선),102.884254,93.579475,102.884254,112.587585
2021-08-11 04:45:00,Chronos-2 (+기준 곡선),97.83981,88.21456,97.83981,107.15052
2021-08-11 05:00:00,Chronos-2 (+기준 곡선),83.2117,73.30933,83.2117,92.41965
2021-08-11 05:15:00,Chronos-2 (+기준 곡선),78.70694,69.20133,78.70694,87.65335
2021-08-11 05:30:00,Chronos-2 (+기준 곡선),91.01726,80.72159,91.01726,100.66612
2021-08-11 05:45:00,Chronos-2 (+기준 곡선),102.75464,93.05748,102.75464,112.419075
2021-08-11 06:00:00,Chronos-2 (+기준 곡선),104.703316,94.791954,104.703316,115.03253
2021-08-11 06:15:00,Chronos-2 (+기준 곡선),103.86992,93.77954,103.86992,113.39418
2021-08-11 06:30:00,Chronos-2 (+기준 곡선),103.00276,93.36879,103.00276,112.94004
2021-08-11 06:45:00,Chronos-2 (+기준 곡선),103.89426,93.69541,103.89426,114.10861
2021-08-11 07:00:00,Chronos-2 (+기준 곡선),107.36859,96.48174,107.36859,118.01318
2021-08-11 07:15:00,Chronos-2 (+기준 곡선),119.111115,106.50732,119.111115,129.67921
2021-08-11 07:30:00,Chronos-2 (+기준 곡선),143.22818,132.30537,143.22818,154.28568
2021-08-11 07:45:00,Chronos-2 (+기준 곡선),145.12285,133.1365,145.12285,155.9707
2021-08-11 08:00:00,Chronos-2 (+기준 곡선),173.41891,159.868,173.41891,186.56398
2021-08-11 08:15:00,Chronos-2 (+기준 곡선),197.50337,185.35638,197.50337,209.58868
2021-08-11 08:30:00,Chronos-2 (+기준 곡선),200.2123,187.3199,200.2123,210.7106
2021-08-11 08:45:00,Chronos-2 (+기준 곡선),196.09912,184.93225,196.09912,207.089
2021-08-11 09:00:00,Chronos-2 (+기준 곡선),187.85095,175.2398,187.85095,199.55676
2021-08-11 09:15:00,Chronos-2 (+기준 곡선),188.5786,176.79984,188.5786,200.05872
2021-08-11 09:30:00,Chronos-2 (+기준 곡선),190.26482,178.19392,190.26482,201.95851
2021-08-11 09:45:00,Chronos-2 (+기준 곡선),191.34587,178.58525,191.34587,202.82089
2021-08-11 10:00:00,Chronos-2 (+기준 곡선),159.2666,145.70732,159.2666,172.31415
2021-08-11 10:15:00,Chronos-2 (+기준 곡선),188.13638,175.55814,188.13638,199.53067
2021-08-11 10:30:00,Chronos-2 (+기준 곡선),189.95001,177.75967,189.95001,201.33052
2021-08-11 10:45:00,Chronos-2 (+기준 곡선),188.48433,175.53271,188.48433,198.99109
2021-08-11 11:00:00,Chronos-2 (+기준 곡선),186.03534,173.66032,186.03534,197.67673
2021-08-11 11:15:00,Chronos-2 (+기준 곡선),194.55177,182.22844,194.55177,205.67291
2021-08-11 11:30:00,Chronos-2 (+기준 곡선),196.38747,183.16945,196.38747,207.44962
2021-08-11 11:45:00,Chronos-2 (+기준 곡선),194.56647,181.738,194.56647,207.04366
2021-08-11 12:00:00,Chronos-2 (+기준 곡선),126.777084,112.096,126.777084,141.35283
2021-08-11 12:15:00,Chronos-2 (+기준 곡선),107.99087,93.68566,107.99087,120.794464
2021-08-11 12:30:00,Chronos-2 (+기준 곡선),107.49573,93.88012,107.49573,120.492935
2021-08-11 12:45:00,Chronos-2 (+기준 곡선),109.76081,96.05096,109.76081,123.53727
2021-08-11 13:00:00,Chronos-2 (+기준 곡선),165.32004,150.3377,165.32004,180.8083
2021-08-11 13:15:00,Chronos-2 (+기준 곡선),186.79572,172.55742,186.79572,201.08606
2021-08-11 13:30:00,Chronos-2 (+기준 곡선),187.8183,174.46262,187.8183,201.60205
2021-08-11 13:45:00,Chronos-2 (+기준 곡선),190.98947,177.46402,190.98947,204.70747
2021-08-11 14:00:00,Chronos-2 (+기준 곡선),185.65019,170.6095,185.65019,198.75876
2021-08-11 14:15:00,Chronos-2 (+기준 곡선),185.53976,170.58572,185.53976,198.36282
2021-08-11 14:30:00,Chronos-2 (+기준 곡선),185.65479,170.75108,185.65479,199.5882
2021-08-11 14:45:00,Chronos-2 (+기준 곡선),182.90552,167.74911,182.90552,196.78612
2021-08-11 15:00:00,Chronos-2 (+기준 곡선),141.52467,126.10892,141.52467,156.68024
2021-08-11 15:15:00,Chronos-2 (+기준 곡선),144.9329,127.68791,144.9329,159.83275
2021-08-11 15:30:00,Chronos-2 (+기준 곡선),179.87056,162.79984,179.87056,193.13918
2021-08-11 15:45:00,Chronos-2 (+기준 곡선),181.2203,164.24289,181.2203,196.4541
2021-08-11 16:00:00,Chronos-2 (+기준 곡선),177.50842,162.69753,177.50842,191.29727
2021-08-11 16:15:00,Chronos-2 (+기준 곡선),174.09787,159.21274,174.09787,188.48209
2021-08-11 16:30:00,Chronos-2 (+기준 곡선),172.11624,156.1018,172.11624,185.95358
2021-08-11 16:45:00,Chronos-2 (+기준 곡선),167.69601,151.21054,167.69601,182.6102
2021-08-11 17:00:00,Chronos-2 (+기준 곡선),119.51256,104.214355,119.51256,135.25168
2021-08-11 17:15:00,Chronos-2 (+기준 곡선),111.836334,96.2191,111.836334,127.04568
2021-08-11 17:30:00,Chronos-2 (+기준 곡선),152.50626,135.37883,152.50626,167.75632
2021-08-11 17:45:00,Chronos-2 (+기준 곡선),168.91281,152.06284,168.91281,184.5596
2021-08-11 18:00:00,Chronos-2 (+기준 곡선),169.04547,151.78537,169.04547,183.56842
2021-08-11 18:15:00,Chronos-2 (+기준 곡선),167.84497,150.6818,167.84497,182.1586
2021-08-11 18:30:00,Chronos-2 (+기준 곡선),166.48517,148.69078,166.48517,181.2174
2021-08-11 18:45:00,Chronos-2 (+기준 곡선),168.93477,151.87904,168.93477,184.09183
2021-08-11 19:00:00,Chronos-2 (+기준 곡선),162.96527,146.3298,162.96527,177.68355
2021-08-11 19:15:00,Chronos-2 (+기준 곡선),154.15631,136.83604,154.15631,168.85397
2021-08-11 19:30:00,Chronos-2 (+기준 곡선),154.18585,137.56241,154.18585,169.68591
2021-08-11 19:45:00,Chronos-2 (+기준 곡선),130.28136,113.98783,130.28136,147.29459
2021-08-11 20:00:00,Chronos-2 (+기준 곡선),120.07419,101.65558,120.07419,136.055
2021-08-11 20:15:00,Chronos-2 (+기준 곡선),125.485916,108.26112,125.485916,140.19765
2021-08-11 20:30:00,Chronos-2 (+기준 곡선),121.57526,105.563934,121.57526,137.04968
2021-08-11 20:45:00,Chronos-2 (+기준 곡선),119.00694,102.70951,119.00694,133.59859
2021-08-11 21:00:00,Chronos-2 (+기준 곡선),118.637054,103.22337,118.637054,133.40324
2021-08-11 21:15:00,Chronos-2 (+기준 곡선),116.79254,101.04444,116.79254,131.33316
2021-08-11 21:30:00,Chronos-2 (+기준 곡선),116.61505,101.31662,116.61505,130.6719
2021-08-11 21:45:00,Chronos-2 (+기준 곡선),114.825455,99.15922,114.825455,129.55954
2021-08-11 22:00:00,Chronos-2 (+기준 곡선),99.270966,83.647934,99.270966,115.22571
2021-08-11 22:15:00,Chronos-2 (+기준 곡선),109.399536,94.24931,109.399536,123.951355
2021-08-11 22:30:00,Chronos-2 (+기준 곡선),109.163765,94.17507,109.163765,124.72769
2021-08-11 22:45:00,Chronos-2 (+기준 곡선),109.188034,93.85832,109.188034,123.66448
2021-08-11 23:00:00,Chronos-2 (+기준 곡선),110.37314,95.89817,110.37314,124.61275
2021-08-11 23:15:00,Chronos-2 (+기준 곡선),109.322266,94.23623,109.322266,123.56026
2021-08-11 23:30:00,Chronos-2 (+기준 곡선),104.091606,89.3001,104.091606,118.98613
2021-08-11 23:45:00,Chronos-2 (+기준 곡선),86.332504,72.4832,86.332504,100.06249
2021-08-12 00:00:00,Chronos-2 (+기준 곡선),76.62253,67.390564,76.62253,84.55616
2021-08-12 00:15:00,Chronos-2 (+기준 곡선),74.46724,65.46679,74.46724,83.66692
2021-08-12 00:30:00,Chronos-2 (+기준 곡선),72.11858,62.80964,72.11858,81.25555
2021-08-12 00:45:00,Chronos-2 (+기준 곡선),69.97665,60.23325,69.97665,79.66041
2021-08-12 01:00:00,Chronos-2 (+기준 곡선),95.4455,85.5988,95.4455,105.412346
2021-08-12 01:15:00,Chronos-2 (+기준 곡선),106.101204,95.59946,106.101204,116.21897
2021-08-12 01:30:00,Chronos-2 (+기준 곡선),105.6124,95.540985,105.6124,115.78639
2021-08-12 01:45:00,Chronos-2 (+기준 곡선),102.508835,92.17141,102.508835,113.715
2021-08-12 02:00:00,Chronos-2 (+기준 곡선),102.105034,91.207825,102.105034,112.26698
2021-08-12 02:15:00,Chronos-2 (+기준 곡선),103.608,92.95365,103.608,113.5831
2021-08-12 02:30:00,Chronos-2 (+기준 곡선),102.75505,92.38681,102.75505,113.18607
2021-08-12 02:45:00,Chronos-2 (+기준 곡선),101.909164,91.285904,101.909164,112.32384
2021-08-12 03:00:00,Chronos-2 (+기준 곡선),93.30847,82.39721,93.30847,103.8603
2021-08-12 03:15:00,Chronos-2 (+기준 곡선),106.84708,96.250595,106.84708,116.82631
2021-08-12 03:30:00,Chronos-2 (+기준 곡선),107.25156,96.42314,107.25156,118.31372
2021-08-12 03:45:00,Chronos-2 (+기준 곡선),106.07378,95.636925,106.07378,116.13575
2021-08-12 04:00:00,Chronos-2 (+기준 곡선),104.18611,93.85398,104.18611,115.04461
2021-08-12 04:15:00,Chronos-2 (+기준 곡선),106.20782,95.92286,106.20782,116.86629
2021-08-12 04:30:00,Chronos-2 (+기준 곡선),105.805466,94.972626,105.805466,116.5715
2021-08-12 04:45:00,Chronos-2 (+기준 곡선),101.36508,89.68209,101.36508,112.508156
2021-08-12 05:00:00,Chronos-2 (+기준 곡선),84.61232,72.960014,84.61232,95.63839
2021-08-12 05:15:00,Chronos-2 (+기준 곡선),79.28606,68.13531,79.28606,90.02861
2021-08-12 05:30:00,Chronos-2 (+기준 곡선),92.33514,80.37137,92.33514,104.13762
2021-08-12 05:45:00,Chronos-2 (+기준 곡선),104.28592,93.05307,104.28592,116.09123
2021-08-12 06:00:00,Chronos-2 (+기준 곡선),107.19889,95.57658,107.19889,119.527756
2021-08-12 06:15:00,Chronos-2 (+기준 곡선),107.06843,95.10017,107.06843,118.53027
2021-08-12 06:30:00,Chronos-2 (+기준 곡선),105.898766,94.177124,105.898766,117.88613
2021-08-12 06:45:00,Chronos-2 (+기준 곡선),107.423355,95.31693,107.423355,119.85142
2021-08-12 07:00:00,Chronos-2 (+기준 곡선),110.415634,97.55784,110.415634,123.23944
2021-08-12 07:15:00,Chronos-2 (+기준 곡선),121.07468,106.91697,121.07468,133.29077
2021-08-12 07:30:00,Chronos-2 (+기준 곡선),144.2442,131.0793,144.2442,156.69907
2021-08-12 07:45:00,Chronos-2 (+기준 곡선),147.8522,134.16614,147.8522,160.29674
2021-08-12 08:00:00,Chronos-2 (+기준 곡선),175.52841,161.55777,175.52841,189.38712
2021-08-12 08:15:00,Chronos-2 (+기준 곡선),197.91226,185.01753,197.91226,210.82993
2021-08-12 08:30:00,Chronos-2 (+기준 곡선),201.92282,188.39494,201.92282,213.37645
2021-08-12 08:45:00,Chronos-2 (+기준 곡선),198.46463,186.67337,198.46463,210.10112
2021-08-12 09:00:00,Chronos-2 (+기준 곡선),188.13205,175.09354,188.13205,200.75095
2021-08-12 09:15:00,Chronos-2 (+기준 곡선),187.10208,174.62605,187.10208,199.27444
2021-08-12 09:30:00,Chronos-2 (+기준 곡선),188.52142,175.74568,188.52142,200.45142
2021-08-12 09:45:00,Chronos-2 (+기준 곡선),190.59166,177.54823,190.59166,202.8123
2021-08-12 10:00:00,Chronos-2 (+기준 곡선),162.64944,149.08232,162.64944,175.60147
2021-08-12 10:15:00,Chronos-2 (+기준 곡선),189.23451,176.32312,189.23451,201.28516
2021-08-12 10:30:00,Chronos-2 (+기준 곡선),191.75021,179.09532,191.75021,203.86136
2021-08-12 10:45:00,Chronos-2 (+기준 곡선),190.69739,177.31708,190.69739,201.98105
2021-08-12 11:00:00,Chronos-2 (+기준 곡선),187.50085,174.5951,187.50085,199.85959
2021-08-12 11:15:00,Chronos-2 (+기준 곡선),193.95471,181.42857,193.95471,205.73473
2021-08-12 11:30:00,Chronos-2 (+기준 곡선),196.5335,182.54996,196.5335,208.60013
2021-08-12 11:45:00,Chronos-2 (+기준 곡선),195.15279,181.81502,195.15279,208.71976
2021-08-12 12:00:00,Chronos-2 (+기준 곡선),128.40567,113.81702,128.40567,143.746
2021-08-12 12:15:00,Chronos-2 (+기준 곡선),108.68633,94.41106,108.68633,122.10611
2021-08-12 12:30:00,Chronos-2 (+기준 곡선),109.07476,95.11619,109.07476,122.90042
2021-08-12 12:45:00,Chronos-2 (+기준 곡선),111.08795,97.182686,111.08795,125.416245
2021-08-12 13:00:00,Chronos-2 (+기준 곡선),164.62178,149.21732,164.62178,181.28871
2021-08-12 13:15:00,Chronos-2 (+기준 곡선),186.14906,171.79877,186.14906,201.72046
2021-08-12 13:30:00,Chronos-2 (+기준 곡선),188.5184,174.77649,188.5184,203.46759
2021-08-12 13:45:00,Chronos-2 (+기준 곡선),191.78607,177.99637,191.78607,206.64282
2021-08-12 14:00:00,Chronos-2 (+기준 곡선),186.0415,171.3639,186.0415,200.18898
2021-08-12 14:15:00,Chronos-2 (+기준 곡선),184.66614,170.109,184.66614,198.49341
2021-08-12 14:30:00,Chronos-2 (+기준 곡선),185.01811,170.64389,185.01811,199.93588
2021-08-12 14:45:00,Chronos-2 (+기준 곡선),181.85693,166.66623,181.85693,196.55542
2021-08-12 15:00:00,Chronos-2 (+기준 곡선),140.61319,126.24819,140.61319,156.50015
2021-08-12 15:15:00,Chronos-2 (+기준 곡선),145.71413,129.3126,145.71413,160.95547
2021-08-12 15:30:00,Chronos-2 (+기준 곡선),178.77737,162.45099,178.77737,192.65315
2021-08-12 15:45:00,Chronos-2 (+기준 곡선),180.92337,164.61128,180.92337,196.8382
2021-08-12 16:00:00,Chronos-2 (+기준 곡선),178.33334,163.50156,178.33334,193.26047
2021-08-12 16:15:00,Chronos-2 (+기준 곡선),173.65288,158.5108,173.65288,188.88132
2021-08-12 16:30:00,Chronos-2 (+기준 곡선),171.54773,155.45865,171.54773,186.44357
2021-08-12 16:45:00,Chronos-2 (+기준 곡선),167.48688,151.637,167.48688,183.74405
2021-08-12 17:00:00,Chronos-2 (+기준 곡선),117.84866,102.88218,117.84866,134.91028
2021-08-12 17:15:00,Chronos-2 (+기준 곡선),110.95537,95.35151,110.95537,127.238205
2021-08-12 17:30:00,Chronos-2 (+기준 곡선),152.90195,135.91101,152.90195,169.26189
2021-08-12 17:45:00,Chronos-2 (+기준 곡선),169.61899,152.7979,169.61899,186.12292
2021-08-12 18:00:00,Chronos-2 (+기준 곡선),171.87921,155.2308,171.87921,187.60379
2021-08-12 18:15:00,Chronos-2 (+기준 곡선),170.70198,154.24141,170.70198,185.96835
2021-08-12 18:30:00,Chronos-2 (+기준 곡선),169.2819,151.92575,169.2819,184.83511
2021-08-12 18:45:00,Chronos-2 (+기준 곡선),171.55753,154.98993,171.55753,187.46507
2021-08-12 19:00:00,Chronos-2 (+기준 곡선),164.3573,147.76208,164.3573,179.96957
2021-08-12 19:15:00,Chronos-2 (+기준 곡선),154.95932,136.99312,154.95932,170.62447
2021-08-12 19:30:00,Chronos-2 (+기준 곡선),153.78958,137.10037,153.78958,170.27225
2021-08-12 19:45:00,Chronos-2 (+기준 곡선),130.56204,114.87857,130.56204,147.50276
2021-08-12 20:00:00,Chronos-2 (+기준 곡선),119.10146,102.422745,119.10146,134.29875
2021-08-12 20:15:00,Chronos-2 (+기준 곡선),123.30881,107.94275,123.30881,137.2778
2021-08-12 20:30:00,Chronos-2 (+기준 곡선),120.30456,105.61118,120.30456,134.96527
2021-08-12 20:45:00,Chronos-2 (+기준 곡선),118.57425,103.41552,118.57425,132.39723
2021-08-12 21:00:00,Chronos-2 (+기준 곡선),117.648766,103.50757,117.648766,131.73956
2021-08-12 21:15:00,Chronos-2 (+기준 곡선),116.72563,102.10013,116.72563,130.73158
2021-08-12 21:30:00,Chronos-2 (+기준 곡선),116.52823,102.39445,116.52823,130.24261
2021-08-12 21:45:00,Chronos-2 (+기준 곡선),115.4285,101.02872,115.4285,129.57544
2021-08-12 22:00:00,Chronos-2 (+기준 곡선),104.13933,88.685005,104.13933,118.964455
2021-08-12 22:15:00,Chronos-2 (+기준 곡선),112.901375,98.022446,112.901375,127.06081
2021-08-12 22:30:00,Chronos-2 (+기준 곡선),111.27224,96.799866,111.27224,126.02005
2021-08-12 22:45:00,Chronos-2 (+기준 곡선),110.7811,96.2327,110.7811,124.59064
2021-08-12 23:00:00,Chronos-2 (+기준 곡선),110.992355,96.63904,110.992355,124.865326
2021-08-12 23:15:00,Chronos-2 (+기준 곡선),110.32444,95.37456,110.32444,124.26936
2021-08-12 23:30:00,Chronos-2 (+기준 곡선),107.422356,92.447266,107.422356,122.178246
2021-08-12 23:45:00,Chronos-2 (+기준 곡선),90.323105,75.44031,90.323105,104.67143
2021-08-13 00:00:00,Chronos-2 (+기준 곡선),80.154076,70.84592,80.154076,87.98917
2021-08-13 00:15:00,Chronos-2 (+기준 곡선),77.88795,69.13611,77.88795,86.74582
2021-08-13 00:30:00,Chronos-2 (+기준 곡선),75.50442,66.44127,75.50442,84.2629
2021-08-13 00:45:00,Chronos-2 (+기준 곡선),72.66426,62.93879,72.66426,81.81578
2021-08-13 01:00:00,Chronos-2 (+기준 곡선),97.512024,88.14772,97.512024,106.8978
2021-08-13 01:15:00,Chronos-2 (+기준 곡선),108.1707,98.29211,108.1707,117.536194
2021-08-13 01:30:00,Chronos-2 (+기준 곡선),108.74151,99.412415,108.74151,118.091675
2021-08-13 01:45:00,Chronos-2 (+기준 곡선),107.06476,97.330345,107.06476,117.096695
2021-08-13 02:00:00,Chronos-2 (+기준 곡선),106.4236,96.55206,106.4236,115.77092
2021-08-13 02:15:00,Chronos-2 (+기준 곡선),107.35526,97.54313,107.35526,116.59503
2021-08-13 02:30:00,Chronos-2 (+기준 곡선),107.1618,97.71864,107.1618,117.099045
2021-08-13 02:45:00,Chronos-2 (+기준 곡선),105.61124,95.74402,105.61124,115.41359
2021-08-13 03:00:00,Chronos-2 (+기준 곡선),95.44599,85.3135,95.44599,105.22732
2021-08-13 03:15:00,Chronos-2 (+기준 곡선),109.43872,99.66937,109.43872,118.5809
2021-08-13 03:30:00,Chronos-2 (+기준 곡선),109.871506,99.96661,109.871506,119.90284
2021-08-13 03:45:00,Chronos-2 (+기준 곡선),108.81914,99.1212,108.81914,118.16738
2021-08-13 04:00:00,Chronos-2 (+기준 곡선),106.66982,97.11632,106.66982,116.75676
2021-08-13 04:15:00,Chronos-2 (+기준 곡선),108.314255,98.79566,108.314255,117.93845
2021-08-13 04:30:00,Chronos-2 (+기준 곡선),107.35126,97.27233,107.35126,117.29575
2021-08-13 04:45:00,Chronos-2 (+기준 곡선),101.33505,90.68323,101.33505,111.68068
2021-08-13 05:00:00,Chronos-2 (+기준 곡선),85.32883,74.40595,85.32883,95.751686
2021-08-13 05:15:00,Chronos-2 (+기준 곡선),80.95575,70.49863,80.95575,90.93246
2021-08-13 05:30:00,Chronos-2 (+기준 곡선),94.773834,83.96038,94.773834,105.58852
2021-08-13 05:45:00,Chronos-2 (+기준 곡선),106.50874,96.196754,106.50874,117.07501
2021-08-13 06:00:00,Chronos-2 (+기준 곡선),109.9111,99.35527,109.9111,121.0364
2021-08-13 06:15:00,Chronos-2 (+기준 곡선),108.88583,97.88419,108.88583,119.35796
2021-08-13 06:30:00,Chronos-2 (+기준 곡선),108.00291,97.54257,108.00291,118.94266
2021-08-13 06:45:00,Chronos-2 (+기준 곡선),108.687546,97.70717,108.687546,120.118744
2021-08-13 07:00:00,Chronos-2 (+기준 곡선),111.0457,99.53314,111.0457,122.86856
2021-08-13 07:15:00,Chronos-2 (+기준 곡선),121.09367,108.19093,121.09367,132.43427
2021-08-13 07:30:00,Chronos-2 (+기준 곡선),145.72113,133.73842,145.72113,157.29892
2021-08-13 07:45:00,Chronos-2 (+기준 곡선),149.46399,137.00244,149.46399,161.10773
2021-08-13 08:00:00,Chronos-2 (+기준 곡선),174.66147,162.34067,174.66147,187.34122
2021-08-13 08:15:00,Chronos-2 (+기준 곡선),198.03473,186.72289,198.03473,209.60628
2021-08-13 08:30:00,Chronos-2 (+기준 곡선),201.80034,189.70819,201.80034,211.93167
2021-08-13 08:45:00,Chronos-2 (+기준 곡선),197.96066,187.57864,197.96066,208.43698
2021-08-13 09:00:00,Chronos-2 (+기준 곡선),187.60825,175.74982,187.60825,199.23727
2021-08-13 09:15:00,Chronos-2 (+기준 곡선),187.07529,176.04457,187.07529,198.02393
2021-08-13 09:30:00,Chronos-2 (+기준 곡선),188.48482,176.97202,188.48482,199.14545
2021-08-13 09:45:00,Chronos-2 (+기준 곡선),189.35172,177.63081,189.35172,200.19713
2021-08-13 10:00:00,Chronos-2 (+기준 곡선),162.27103,149.98283,162.27103,174.19193
2021-08-13 10:15:00,Chronos-2 (+기준 곡선),188.48372,176.98172,188.48372,199.33511
2021-08-13 10:30:00,Chronos-2 (+기준 곡선),190.56201,179.30017,190.56201,201.20956
2021-08-13 10:45:00,Chronos-2 (+기준 곡선),189.8964,178.05502,189.8964,199.7587
2021-08-13 11:00:00,Chronos-2 (+기준 곡선),187.29169,176.00099,187.29169,198.3472
2021-08-13 11:15:00,Chronos-2 (+기준 곡선),194.23628,183.47299,194.23628,204.68164
2021-08-13 11:30:00,Chronos-2 (+기준 곡선),197.65363,186.18521,197.65363,208.22443
2021-08-13 11:45:00,Chronos-2 (+기준 곡선),196.2688,184.80862,196.2688,208.32161
2021-08-13 12:00:00,Chronos-2 (+기준 곡선),128.70918,114.98638,128.70918,143.48161
2021-08-13 12:15:00,Chronos-2 (+기준 곡선),110.870895,96.904854,110.870895,124.019646
2021-08-13 12:30:00,Chronos-2 (+기준 곡선),110.98863,97.44243,110.98863,124.52197
2021-08-13 12:45:00,Chronos-2 (+기준 곡선),112.78362,98.93782,112.78362,126.655975
2021-08-13 13:00:00,Chronos-2 (+기준 곡선),164.09583,149.13855,164.09583,180.3891
2021-08-13 13:15:00,Chronos-2 (+기준 곡선),182.68405,168.43674,182.68405,197.62775
2021-08-13 13:30:00,Chronos-2 (+기준 곡선),187.77002,175.21274,187.77002,202.1598
2021-08-13 13:45:00,Chronos-2 (+기준 곡선),192.41693,179.17062,192.41693,206.67416
2021-08-13 14:00:00,Chronos-2 (+기준 곡선),186.03052,171.70921,186.03052,199.25528
2021-08-13 14:15:00,Chronos-2 (+기준 곡선),185.12646,170.96988,185.12646,198.04898
2021-08-13 14:30:00,Chronos-2 (+기준 곡선),186.70325,173.078,186.70325,200.83368
2021-08-13 14:45:00,Chronos-2 (+기준 곡선),183.92343,169.38818,183.92343,197.72043
2021-08-13 15:00:00,Chronos-2 (+기준 곡선),142.26303,128.489,142.26303,157.70511
2021-08-13 15:15:00,Chronos-2 (+기준 곡선),147.34543,131.54097,147.34543,162.05348
2021-08-13 15:30:00,Chronos-2 (+기준 곡선),182.06558,166.54463,182.06558,195.33095
2021-08-13 15:45:00,Chronos-2 (+기준 곡선),183.79959,167.80042,183.79959,199.10031
2021-08-13 16:00:00,Chronos-2 (+기준 곡선),180.28714,165.91971,180.28714,194.2532
2021-08-13 16:15:00,Chronos-2 (+기준 곡선),175.4889,160.7402,175.4889,189.96335
2021-08-13 16:30:00,Chronos-2 (+기준 곡선),174.42319,158.99417,174.42319,188.36313
2021-08-13 16:45:00,Chronos-2 (+기준 곡선),169.11523,153.85031,169.11523,184.49069
2021-08-13 17:00:00,Chronos-2 (+기준 곡선),119.976776,105.42288,119.976776,136.69708
2021-08-13 17:15:00,Chronos-2 (+기준 곡선),112.64805,97.38588,112.64805,128.54297
2021-08-13 17:30:00,Chronos-2 (+기준 곡선),155.81747,139.74358,155.81747,171.36948
2021-08-13 17:45:00,Chronos-2 (+기준 곡선),172.72205,156.95587,172.72205,188.3739
2021-08-13 18:00:00,Chronos-2 (+기준 곡선),173.73792,157.88959,173.73792,188.38593
2021-08-13 18:15:00,Chronos-2 (+기준 곡선),173.05627,157.51697,173.05627,187.26819
2021-08-13 18:30:00,Chronos-2 (+기준 곡선),171.20319,155.06873,171.20319,185.95065
2021-08-13 18:45:00,Chronos-2 (+기준 곡선),171.85513,156.21832,171.85513,186.68933
2021-08-13 19:00:00,Chronos-2 (+기준 곡선),164.38965,148.35493,164.38965,179.14102
2021-08-13 19:15:00,Chronos-2 (+기준 곡선),155.78294,138.7395,155.78294,170.57329
2021-08-13 19:30:00,Chronos-2 (+기준 곡선),153.24799,137.57803,153.24799,168.90071
2021-08-13 19:45:00,Chronos-2 (+기준 곡선),127.76974,113.25606,127.76974,143.79941
2021-08-13 20:00:00,Chronos-2 (+기준 곡선),114.51184,100.49844,114.51184,128.18547
2021-08-13 20:15:00,Chronos-2 (+기준 곡선),118.24533,105.713135,118.24533,130.7286
2021-08-13 20:30:00,Chronos-2 (+기준 곡선),116.55929,104.07222,116.55929,129.33797
2021-08-13 20:45:00,Chronos-2 (+기준 곡선),114.50864,101.71186,114.50864,126.80438
2021-08-13 21:00:00,Chronos-2 (+기준 곡선),113.69958,101.6186,113.69958,126.059555
2021-08-13 21:15:00,Chronos-2 (+기준 곡선),113.48712,101.175,113.48712,125.9458
2021-08-13 21:30:00,Chronos-2 (+기준 곡선),113.68863,101.76342,113.68863,125.66131
2021-08-13 21:45:00,Chronos-2 (+기준 곡선),111.939674,99.991646,111.939674,124.558586
2021-08-13 22:00:00,Chronos-2 (+기준 곡선),101.89903,88.95325,101.89903,114.63003
2021-08-13 22:15:00,Chronos-2 (+기준 곡선),109.64293,97.103874,109.64293,121.93161
2021-08-13 22:30:00,Chronos-2 (+기준 곡선),109.40148,97.06903,109.40148,122.38478
2021-08-13 22:45:00,Chronos-2 (+기준 곡선),109.36457,96.98505,109.36457,121.70421
2021-08-13 23:00:00,Chronos-2 (+기준 곡선),110.15712,97.8297,110.15712,122.32795
2021-08-13 23:15:00,Chronos-2 (+기준 곡선),109.7166,97.08141,109.7166,121.91722
2021-08-13 23:30:00,Chronos-2 (+기준 곡선),104.866165,92.1437,104.866165,117.60656
2021-08-13 23:45:00,Chronos-2 (+기준 곡선),85.60621,72.95107,85.60621,98.043724
2021-08-14 00:00:00,Chronos-2 (+기준 곡선),65.508835,55.623768,65.508835,75.14372
2021-08-14 00:15:00,Chronos-2 (+기준 곡선),63.518345,53.503628,63.518345,73.5703
2021-08-14 00:30:00,Chronos-2 (+기준 곡선),62.371574,51.954712,62.371574,72.447495
2021-08-14 00:45:00,Chronos-2 (+기준 곡선),63.959957,52.576008,63.959957,74.60299
2021-08-14 01:00:00,Chronos-2 (+기준 곡선),92.04038,81.89899,92.04038,101.57717
2021-08-14 01:15:00,Chronos-2 (+기준 곡선),101.309235,91.284744,101.309235,110.71447
2021-08-14 01:30:00,Chronos-2 (+기준 곡선),101.29749,91.76125,101.29749,110.946434
2021-08-14 01:45:00,Chronos-2 (+기준 곡선),101.498,91.170044,101.498,111.23002
2021-08-14 02:00:00,Chronos-2 (+기준 곡선),101.62539,91.22492,101.62539,111.042336
2021-08-14 02:15:00,Chronos-2 (+기준 곡선),99.94461,89.56275,99.94461,109.29057
2021-08-14 02:30:00,Chronos-2 (+기준 곡선),95.692375,84.864296,95.692375,105.561295
2021-08-14 02:45:00,Chronos-2 (+기준 곡선),93.52779,82.96205,93.52779,103.5796
2021-08-14 03:00:00,Chronos-2 (+기준 곡선),86.82635,74.393265,86.82635,97.345436
2021-08-14 03:15:00,Chronos-2 (+기준 곡선),97.477844,86.763214,97.477844,106.76539
2021-08-14 03:30:00,Chronos-2 (+기준 곡선),100.08707,90.004234,100.08707,110.185
2021-08-14 03:45:00,Chronos-2 (+기준 곡선),100.65917,90.81263,100.65917,110.0943
2021-08-14 04:00:00,Chronos-2 (+기준 곡선),97.21025,89.15066,97.21025,107.1474
2021-08-14 04:15:00,Chronos-2 (+기준 곡선),95.00637,86.58408,95.00637,104.41147
2021-08-14 04:30:00,Chronos-2 (+기준 곡선),94.66821,85.5651,94.66821,104.38358
2021-08-14 04:45:00,Chronos-2 (+기준 곡선),90.28751,80.704956,90.28751,100.85648
2021-08-14 05:00:00,Chronos-2 (+기준 곡선),78.32019,68.186844,78.32019,88.10198
2021-08-14 05:15:00,Chronos-2 (+기준 곡선),75.02738,63.014088,75.02738,84.8258
2021-08-14 05:30:00,Chronos-2 (+기준 곡선),85.95731,76.007065,85.95731,96.051994
2021-08-14 05:45:00,Chronos-2 (+기준 곡선),94.30606,84.08752,94.30606,105.52623
2021-08-14 06:00:00,Chronos-2 (+기준 곡선),94.4136,84.17015,94.4136,105.33726
2021-08-14 06:15:00,Chronos-2 (+기준 곡선),92.33398,81.95271,92.33398,103.28197
2021-08-14 06:30:00,Chronos-2 (+기준 곡선),91.039925,81.36092,91.039925,101.17276
2021-08-14 06:45:00,Chronos-2 (+기준 곡선),89.57969,80.192,89.57969,99.901505
2021-08-14 07:00:00,Chronos-2 (+기준 곡선),86.158676,76.88827,86.158676,95.56556
2021-08-14 07:15:00,Chronos-2 (+기준 곡선),74.79619,64.73266,74.79619,84.59193
2021-08-14 07:30:00,Chronos-2 (+기준 곡선),48.706177,38.990974,48.706177,61.240547
2021-08-14 07:45:00,Chronos-2 (+기준 곡선),33.225708,26.22448,33.225708,42.65759
2021-08-14 08:00:00,Chronos-2 (+기준 곡선),24.234726,22.011833,24.234726,27.169685
2021-08-14 08:15:00,Chronos-2 (+기준 곡선),24.298393,22.120232,24.298393,25.962486
2021-08-14 08:30:00,Chronos-2 (+기준 곡선),24.102058,21.885437,24.102058,25.93684
2021-08-14 08:45:00,Chronos-2 (+기준 곡선),24.154129,22.19625,24.154129,25.823303
2021-08-14 09:00:00,Chronos-2 (+기준 곡선),23.897148,22.261078,23.897148,25.686104
2021-08-14 09:15:00,Chronos-2 (+기준 곡선),23.98558,22.009682,23.98558,25.945541
2021-08-14 09:30:00,Chronos-2 (+기준 곡선),23.86676,22.011154,23.86676,25.957706
2021-08-14 09:45:00,Chronos-2 (+기준 곡선),24.140945,22.07505,24.140945,26.064716
2021-08-14 10:00:00,Chronos-2 (+기준 곡선),23.974083,21.821754,23.974083,25.598175
2021-08-14 10:15:00,Chronos-2 (+기준 곡선),24.064682,22.139946,24.064682,25.930119
2021-08-14 10:30:00,Chronos-2 (+기준 곡선),24.160332,21.787537,24.160332,25.92902
2021-08-14 10:45:00,Chronos-2 (+기준 곡선),24.366829,22.387909,24.366829,26.041866
2021-08-14 11:00:00,Chronos-2 (+기준 곡선),24.39756,22.105408,24.39756,26.862923
2021-08-14 11:15:00,Chronos-2 (+기준 곡선),24.278938,22.164978,24.278938,26.566608
2021-08-14 11:30:00,Chronos-2 (+기준 곡선),24.261055,22.31874,24.261055,26.899395
2021-08-14 11:45:00,Chronos-2 (+기준 곡선),24.168442,22.082512,24.168442,26.307423
2021-08-14 12:00:00,Chronos-2 (+기준 곡선),23.635597,21.618782,23.635597,25.815002
2021-08-14 12:15:00,Chronos-2 (+기준 곡선),23.56385,21.755997,23.56385,25.44271
2021-08-14 12:30:00,Chronos-2 (+기준 곡선),23.745857,21.699417,23.745857,25.072273
2021-08-14 12:45:00,Chronos-2 (+기준 곡선),23.850418,21.941833,23.850418,25.516647
2021-08-14 13:00:00,Chronos-2 (+기준 곡선),23.436241,22.040016,23.436241,25.049767
2021-08-14 13:15:00,Chronos-2 (+기준 곡선),23.48236,21.692604,23.48236,25.563301
2021-08-14 13:30:00,Chronos-2 (+기준 곡선),23.454468,21.950012,23.454468,25.257286
2021-08-14 13:45:00,Chronos-2 (+기준 곡선),23.672958,21.847893,23.672958,25.469353
2021-08-14 14:00:00,Chronos-2 (+기준 곡선),23.34964,21.583115,23.34964,25.16082
2021-08-14 14:15:00,Chronos-2 (+기준 곡선),23.759727,21.921196,23.759727,25.476784
2021-08-14 14:30:00,Chronos-2 (+기준 곡선),23.631042,21.649796,23.631042,25.187096
2021-08-14 14:45:00,Chronos-2 (+기준 곡선),23.812576,21.865334,23.812576,25.490334
2021-08-14 15:00:00,Chronos-2 (+기준 곡선),23.909058,21.997032,23.909058,26.156559
2021-08-14 15:15:00,Chronos-2 (+기준 곡선),23.874718,21.915543,23.874718,25.79374
2021-08-14 15:30:00,Chronos-2 (+기준 곡선),23.69703,22.069717,23.69703,25.903591
2021-08-14 15:45:00,Chronos-2 (+기준 곡선),23.815292,21.974136,23.815292,25.8129
2021-08-14 16:00:00,Chronos-2 (+기준 곡선),23.762924,21.769356,23.762924,26.047249
2021-08-14 16:15:00,Chronos-2 (+기준 곡선),23.637367,21.931473,23.637367,25.645943
2021-08-14 16:30:00,Chronos-2 (+기준 곡선),23.647903,21.729095,23.647903,25.582825
2021-08-14 16:45:00,Chronos-2 (+기준 곡선),23.810661,21.903816,23.810661,25.413773
2021-08-14 17:00:00,Chronos-2 (+기준 곡선),23.521713,22.135986,23.521713,25.117485
2021-08-14 17:15:00,Chronos-2 (+기준 곡선),23.604073,22.020561,23.604073,25.746826
2021-08-14 17:30:00,Chronos-2 (+기준 곡선),23.410019,21.952682,23.410019,25.43702
2021-08-14 17:45:00,Chronos-2 (+기준 곡선),23.642624,21.762459,23.642624,25.55111
2021-08-14 18:00:00,Chronos-2 (+기준 곡선),23.350487,21.532112,23.350487,25.31253
2021-08-14 18:15:00,Chronos-2 (+기준 곡선),23.701324,21.84349,23.701324,25.534035
2021-08-14 18:30:00,Chronos-2 (+기준 곡선),23.597893,21.575272,23.597893,25.247581
2021-08-14 18:45:00,Chronos-2 (+기준 곡선),23.752525,21.844704,23.752525,25.484833
2021-08-14 19:00:00,Chronos-2 (+기준 곡선),23.76912,21.776855,23.76912,26.023289
2021-08-14 19:15:00,Chronos-2 (+기준 곡선),23.615822,21.643288,23.615822,25.58297
2021-08-14 19:30:00,Chronos-2 (+기준 곡선),23.316162,21.935463,23.316162,25.345428
2021-08-14 19:45:00,Chronos-2 (+기준 곡선),23.245659,21.452812,23.245659,25.1119
2021-08-14 20:00:00,Chronos-2 (+기준 곡선),24.078064,22.112267,24.078064,26.32558
2021-08-14 20:15:00,Chronos-2 (+기준 곡선),23.949501,22.345116,23.949501,26.003716
2021-08-14 20:30:00,Chronos-2 (+기준 곡선),24.01287,22.18863,24.01287,25.945633
2021-08-14 20:45:00,Chronos-2 (+기준 곡선),24.172089,22.440254,24.172089,25.877129
2021-08-14 21:00:00,Chronos-2 (+기준 곡선),23.83609,22.223526,23.83609,25.59719
2021-08-14 21:15:00,Chronos-2 (+기준 곡선),23.986267,22.216667,23.986267,26.150776
2021-08-14 21:30:00,Chronos-2 (+기준 곡선),23.999817,22.569817,23.999817,25.917587
2021-08-14 21:45:00,Chronos-2 (+기준 곡선),24.077911,22.336258,24.077911,26.108963
2021-08-14 22:00:00,Chronos-2 (+기준 곡선),23.964745,22.204575,23.964745,25.961647
2021-08-14 22:15:00,Chronos-2 (+기준 곡선),24.39035,22.478493,24.39035,26.207634
2021-08-14 22:30:00,Chronos-2 (+기준 곡선),24.270142,22.236206,24.270142,26.017189
2021-08-14 22:45:00,Chronos-2 (+기준 곡선),24.34642,22.343742,24.34642,26.362549
2021-08-14 23:00:00,Chronos-2 (+기준 곡선),24.488167,22.466446,24.488167,26.698078
2021-08-14 23:15:00,Chronos-2 (+기준 곡선),24.368286,22.452217,24.368286,26.34237
2021-08-14 23:30:00,Chronos-2 (+기준 곡선),24.034111,22.30938,24.034111,26.2826
2021-08-14 23:45:00,Chronos-2 (+기준 곡선),23.927368,22.07457,23.927368,25.836369
2021-08-15 00:00:00,Chronos-2 (+기준 곡선),22.654243,21.168098,22.654243,24.127174
2021-08-15 00:15:00,Chronos-2 (+기준 곡선),22.543129,21.314491,22.543129,23.966331
2021-08-15 00:30:00,Chronos-2 (+기준 곡선),22.620499,21.362206,22.620499,23.789474
2021-08-15 00:45:00,Chronos-2 (+기준 곡선),22.528893,21.175621,22.528893,23.764977
2021-08-15 01:00:00,Chronos-2 (+기준 곡선),22.471344,21.399605,22.471344,23.873451
2021-08-15 01:15:00,Chronos-2 (+기준 곡선),22.666206,21.385696,22.666206,24.163551
2021-08-15 01:30:00,Chronos-2 (+기준 곡선),22.6753,21.707031,22.6753,23.935913
2021-08-15 01:45:00,Chronos-2 (+기준 곡선),22.582985,21.388702,22.582985,23.982513
2021-08-15 02:00:00,Chronos-2 (+기준 곡선),22.56108,21.39399,22.56108,23.92234
2021-08-15 02:15:00,Chronos-2 (+기준 곡선),22.772232,21.414589,22.772232,24.001984
2021-08-15 02:30:00,Chronos-2 (+기준 곡선),22.760162,21.456032,22.760162,23.780777
2021-08-15 02:45:00,Chronos-2 (+기준 곡선),22.821838,21.5653,22.821838,24.107681
2021-08-15 03:00:00,Chronos-2 (+기준 곡선),22.970047,21.684715,22.970047,24.431503
2021-08-15 03:15:00,Chronos-2 (+기준 곡선),22.923203,21.508675,22.923203,24.22226
2021-08-15 03:30:00,Chronos-2 (+기준 곡선),22.636017,21.608765,22.636017,23.974724
2021-08-15 03:45:00,Chronos-2 (+기준 곡선),22.598373,21.45414,22.598373,23.910614
2021-08-15 04:00:00,Chronos-2 (+기준 곡선),22.806694,21.487709,22.806694,24.177094
2021-08-15 04:15:00,Chronos-2 (+기준 곡선),22.736557,21.535446,22.736557,24.153854
2021-08-15 04:30:00,Chronos-2 (+기준 곡선),22.7602,21.463326,22.7602,23.918282
2021-08-15 04:45:00,Chronos-2 (+기준 곡선),22.585793,21.276794,22.585793,23.800652
2021-08-15 05:00:00,Chronos-2 (+기준 곡선),22.499405,21.478477,22.499405,23.829765
2021-08-15 05:15:00,Chronos-2 (+기준 곡선),22.652428,21.473015,22.652428,24.045395
2021-08-15 05:30:00,Chronos-2 (+기준 곡선),22.647667,21.723755,22.647667,23.822937
2021-08-15 05:45:00,Chronos-2 (+기준 곡선),22.549278,21.405067,22.549278,23.884537
2021-08-15 06:00:00,Chronos-2 (+기준 곡선),22.533318,21.42775,22.533318,23.788635
2021-08-15 06:15:00,Chronos-2 (+기준 곡선),22.739487,21.44413,22.739487,23.982925
2021-08-15 06:30:00,Chronos-2 (+기준 곡선),22.721825,21.495316,22.721825,23.710678
2021-08-15 06:45:00,Chronos-2 (+기준 곡선),22.774094,21.599281,22.774094,23.922989
2021-08-15 07:00:00,Chronos-2 (+기준 곡선),22.945984,21.669884,22.945984,24.376648
2021-08-15 07:15:00,Chronos-2 (+기준 곡선),22.937157,21.592209,22.937157,24.21817
2021-08-15 07:30:00,Chronos-2 (+기준 곡선),22.63816,21.609138,22.63816,23.970993
2021-08-15 07:45:00,Chronos-2 (+기준 곡선),22.713959,21.570396,22.713959,24.07721
2021-08-15 08:00:00,Chronos-2 (+기준 곡선),22.79792,21.462837,22.79792,24.242485
2021-08-15 08:15:00,Chronos-2 (+기준 곡선),22.745956,21.570824,22.745956,24.249023
2021-08-15 08:30:00,Chronos-2 (+기준 곡선),22.784927,21.508133,22.784927,24.048622
2021-08-15 08:45:00,Chronos-2 (+기준 곡선),22.683098,21.443085,22.683098,23.950912
2021-08-15 09:00:00,Chronos-2 (+기준 곡선),22.590202,21.541283,22.590202,23.900421
2021-08-15 09:15:00,Chronos-2 (+기준 곡선),22.799004,21.554214,22.799004,24.254227
2021-08-15 09:30:00,Chronos-2 (+기준 곡선),22.81282,21.874847,22.81282,24.04744
2021-08-15 09:45:00,Chronos-2 (+기준 곡선),22.702873,21.579193,22.702873,24.053528
2021-08-15 10:00:00,Chronos-2 (+기준 곡선),22.63588,21.610489,22.63588,23.877747
2021-08-15 10:15:00,Chronos-2 (+기준 곡선),22.879364,21.585686,22.879364,24.074791
2021-08-15 10:30:00,Chronos-2 (+기준 곡선),22.9031,21.644264,22.9031,23.923279
2021-08-15 10:45:00,Chronos-2 (+기준 곡선),23.033943,21.855896,23.033943,24.1893
2021-08-15 11:00:00,Chronos-2 (+기준 곡선),23.240623,21.967728,23.240623,24.670544
2021-08-15 11:15:00,Chronos-2 (+기준 곡선),23.208328,21.863235,23.208328,24.583847
2021-08-15 11:30:00,Chronos-2 (+기준 곡선),22.887032,21.836563,22.887032,24.27324
2021-08-15 11:45:00,Chronos-2 (+기준 곡선),22.86496,21.735092,22.86496,24.148643
2021-08-15 12:00:00,Chronos-2 (+기준 곡선),22.867325,21.52285,22.867325,24.245674
2021-08-15 12:15:00,Chronos-2 (+기준 곡선),22.735733,21.556473,22.735733,24.17929
2021-08-15 12:30:00,Chronos-2 (+기준 곡선),22.755348,21.51651,22.755348,23.930115
2021-08-15 12:45:00,Chronos-2 (+기준 곡선),22.717567,21.388443,22.717567,23.851814
2021-08-15 13:00:00,Chronos-2 (+기준 곡선),22.522797,21.525246,22.522797,23.808441
2021-08-15 13:15:00,Chronos-2 (+기준 곡선),22.737572,21.499405,22.737572,24.157082
2021-08-15 13:30:00,Chronos-2 (+기준 곡선),22.762444,21.834167,22.762444,23.91742
2021-08-15 13:45:00,Chronos-2 (+기준 곡선),22.687508,21.490005,22.687508,24.011421
2021-08-15 14:00:00,Chronos-2 (+기준 곡선),22.647797,21.586105,22.647797,23.940147
2021-08-15 14:15:00,Chronos-2 (+기준 곡선),22.885597,21.618332,22.885597,24.115189
2021-08-15 14:30:00,Chronos-2 (+기준 곡선),22.897896,21.690598,22.897896,23.925034
2021-08-15 14:45:00,Chronos-2 (+기준 곡선),22.995178,21.853409,22.995178,24.187721
2021-08-15 15:00:00,Chronos-2 (+기준 곡선),23.18489,21.99453,23.18489,24.613125
2021-08-15 15:15:00,Chronos-2 (+기준 곡선),23.150887,21.77552,23.150887,24.439476
2021-08-15 15:30:00,Chronos-2 (+기준 곡선),22.86377,21.844437,22.86377,24.181152
2021-08-15 15:45:00,Chronos-2 (+기준 곡선),22.862183,21.758171,22.862183,24.150444
2021-08-15 16:00:00,Chronos-2 (+기준 곡선),22.950867,21.578056,22.950867,24.452927
2021-08-15 16:15:00,Chronos-2 (+기준 곡선),22.823578,21.636429,22.823578,24.377296
2021-08-15 16:30:00,Chronos-2 (+기준 곡선),22.803658,21.532944,22.803658,24.06739
2021-08-15 16:45:00,Chronos-2 (+기준 곡선),22.768425,21.502953,22.768425,23.99382
2021-08-15 17:00:00,Chronos-2 (+기준 곡선),22.481583,21.697083,22.481583,23.881737
2021-08-15 17:15:00,Chronos-2 (+기준 곡선),22.711456,21.499481,22.711456,24.157974
2021-08-15 17:30:00,Chronos-2 (+기준 곡선),22.74376,21.899155,22.74376,23.957787
2021-08-15 17:45:00,Chronos-2 (+기준 곡선),22.642311,21.434753,22.642311,24.056503
2021-08-15 18:00:00,Chronos-2 (+기준 곡선),22.60498,21.526085,22.60498,23.962166
2021-08-15 18:15:00,Chronos-2 (+기준 곡선),22.853554,21.48291,22.853554,24.184494
2021-08-15 18:30:00,Chronos-2 (+기준 곡선),22.80352,21.566917,22.80352,23.905357
2021-08-15 18:45:00,Chronos-2 (+기준 곡선),22.89515,21.71254,22.89515,24.07315
2021-08-15 19:00:00,Chronos-2 (+기준 곡선),23.07721,21.803772,23.07721,24.523132
2021-08-15 19:15:00,Chronos-2 (+기준 곡선),23.02681,21.62886,23.02681,24.338371
2021-08-15 19:30:00,Chronos-2 (+기준 곡선),22.642136,21.650116,22.642136,23.98809
2021-08-15 19:45:00,Chronos-2 (+기준 곡선),22.714882,21.567093,22.714882,24.023445
2021-08-15 20:00:00,Chronos-2 (+기준 곡선),22.871513,21.487541,22.871513,24.305016
2021-08-15 20:15:00,Chronos-2 (+기준 곡선),22.744904,21.62571,22.744904,24.160217
2021-08-15 20:30:00,Chronos-2 (+기준 곡선),22.7948,21.615723,22.7948,23.897285
2021-08-15 20:45:00,Chronos-2 (+기준 곡선),22.805984,21.676811,22.805984,23.959183
2021-08-15 21:00:00,Chronos-2 (+기준 곡선),22.59893,21.62001,22.59893,23.89962
2021-08-15 21:15:00,Chronos-2 (+기준 곡선),22.842987,21.668365,22.842987,24.31314
2021-08-15 21:30:00,Chronos-2 (+기준 곡선),22.853348,22.039528,22.853348,24.089325
2021-08-15 21:45:00,Chronos-2 (+기준 곡선),22.727722,21.67884,22.727722,24.074333
2021-08-15 22:00:00,Chronos-2 (+기준 곡선),22.68106,21.694305,22.68106,23.918541
2021-08-15 22:15:00,Chronos-2 (+기준 곡선),23.014618,21.656815,23.014618,24.136955
2021-08-15 22:30:00,Chronos-2 (+기준 곡선),22.934402,21.721283,22.934402,23.941902
2021-08-15 22:45:00,Chronos-2 (+기준 곡선),23.028084,21.869102,23.028084,24.145744
2021-08-15 23:00:00,Chronos-2 (+기준 곡선),23.231415,21.970688,23.231415,24.606232
2021-08-15 23:15:00,Chronos-2 (+기준 곡선),23.144775,21.833473,23.144775,24.400352
2021-08-15 23:30:00,Chronos-2 (+기준 곡선),22.786095,21.675262,22.786095,24.10025
2021-08-15 23:45:00,Chronos-2 (+기준 곡선),22.722702,21.541573,22.722702,23.93814
2021-08-16 00:00:00,Chronos-2 (+기준 곡선),22.248505,20.571976,22.248505,24.106064
2021-08-16 00:15:00,Chronos-2 (+기준 곡선),22.202827,20.617622,22.202827,24.060024
2021-08-16 00:30:00,Chronos-2 (+기준 곡선),22.18866,20.695824,22.18866,23.749336
2021-08-16 00:45:00,Chronos-2 (+기준 곡선),22.07367,20.483818,22.07367,23.722492
2021-08-16 01:00:00,Chronos-2 (+기준 곡선),21.964584,20.610031,21.964584,23.565624
2021-08-16 01:15:00,Chronos-2 (+기준 곡선),22.189804,20.69593,22.189804,24.086472
2021-08-16 01:30:00,Chronos-2 (+기준 곡선),22.145844,20.85588,22.145844,23.81541
2021-08-16 01:45:00,Chronos-2 (+기준 곡선),22.02819,20.611343,22.02819,23.879463
2021-08-16 02:00:00,Chronos-2 (+기준 곡선),21.95681,20.60389,21.95681,23.681396
2021-08-16 02:15:00,Chronos-2 (+기준 곡선),22.095818,20.583565,22.095818,23.739052
2021-08-16 02:30:00,Chronos-2 (+기준 곡선),22.098045,20.730698,22.098045,23.370518
2021-08-16 02:45:00,Chronos-2 (+기준 곡선),22.140259,20.776237,22.140259,23.743793
2021-08-16 03:00:00,Chronos-2 (+기준 곡선),22.207016,20.809486,22.207016,23.929424
2021-08-16 03:15:00,Chronos-2 (+기준 곡선),22.18869,20.606476,22.18869,23.712254
2021-08-16 03:30:00,Chronos-2 (+기준 곡선),21.83284,20.739326,21.83284,23.404633
2021-08-16 03:45:00,Chronos-2 (+기준 곡선),21.895134,20.651024,21.895134,23.336117
2021-08-16 04:00:00,Chronos-2 (+기준 곡선),22.554596,19.768524,22.554596,24.838211
2021-08-16 04:15:00,Chronos-2 (+기준 곡선),21.906273,19.397781,21.906273,24.263588
2021-08-16 04:30:00,Chronos-2 (+기준 곡선),21.964432,19.314323,21.964432,24.062344
2021-08-16 04:45:00,Chronos-2 (+기준 곡선),22.076462,19.43245,22.076462,24.572315
2021-08-16 05:00:00,Chronos-2 (+기준 곡선),21.989288,19.916542,21.989288,24.434917
2021-08-16 05:15:00,Chronos-2 (+기준 곡선),22.040855,19.52568,22.040855,24.04216
2021-08-16 05:30:00,Chronos-2 (+기준 곡선),21.887772,19.621895,21.887772,24.162254
2021-08-16 05:45:00,Chronos-2 (+기준 곡선),21.64296,19.23706,21.64296,24.332466
2021-08-16 06:00:00,Chronos-2 (+기준 곡선),21.873512,19.675842,21.873512,23.985752
2021-08-16 06:15:00,Chronos-2 (+기준 곡선),21.84851,19.162292,21.84851,23.906013
2021-08-16 06:30:00,Chronos-2 (+기준 곡선),22.284973,19.375397,22.284973,24.483318
2021-08-16 06:45:00,Chronos-2 (+기준 곡선),22.948807,19.951889,22.948807,25.95351
2021-08-16 07:00:00,Chronos-2 (+기준 곡선),26.949078,22.11792,26.949078,34.10433
2021-08-16 07:15:00,Chronos-2 (+기준 곡선),46.257633,34.318893,46.257633,57.614357
2021-08-16 07:30:00,Chronos-2 (+기준 곡선),79.73937,68.34615,79.73937,90.55481
2021-08-16 07:45:00,Chronos-2 (+기준 곡선),120.1821,107.281555,120.1821,133.11786
2021-08-16 08:00:00,Chronos-2 (+기준 곡선),172.82126,160.8349,172.82126,185.20708
2021-08-16 08:15:00,Chronos-2 (+기준 곡선),201.53891,190.59862,201.53891,212.5717
2021-08-16 08:30:00,Chronos-2 (+기준 곡선),203.78967,192.60031,203.78967,213.71231
2021-08-16 08:45:00,Chronos-2 (+기준 곡선),195.10837,184.81195,195.10837,205.38129
2021-08-16 09:00:00,Chronos-2 (+기준 곡선),184.8067,173.84525,184.8067,196.30234
2021-08-16 09:15:00,Chronos-2 (+기준 곡선),179.9942,169.01855,179.9942,190.56934
2021-08-16 09:30:00,Chronos-2 (+기준 곡선),181.86044,171.50995,181.86044,191.71344
2021-08-16 09:45:00,Chronos-2 (+기준 곡선),179.5376,168.5195,179.5376,189.54478
2021-08-16 10:00:00,Chronos-2 (+기준 곡선),160.81543,148.64993,160.81543,172.92224
2021-08-16 10:15:00,Chronos-2 (+기준 곡선),188.44751,177.17905,188.44751,198.34195
2021-08-16 10:30:00,Chronos-2 (+기준 곡선),193.16133,181.9372,193.16133,203.87299
2021-08-16 10:45:00,Chronos-2 (+기준 곡선),191.8186,180.24538,191.8186,202.13486
2021-08-16 11:00:00,Chronos-2 (+기준 곡선),189.74751,178.39674,189.74751,200.77213
2021-08-16 11:15:00,Chronos-2 (+기준 곡선),190.05934,179.78995,190.05934,199.77493
2021-08-16 11:30:00,Chronos-2 (+기준 곡선),187.16489,175.3178,187.16489,197.56247
2021-08-16 11:45:00,Chronos-2 (+기준 곡선),177.92297,165.87598,177.92297,189.79074
2021-08-16 12:00:00,Chronos-2 (+기준 곡선),126.224915,114.354126,126.224915,139.35733
2021-08-16 12:15:00,Chronos-2 (+기준 곡선),108.660934,95.827194,108.660934,120.25934
2021-08-16 12:30:00,Chronos-2 (+기준 곡선),107.61317,95.59328,107.61317,119.250275
2021-08-16 12:45:00,Chronos-2 (+기준 곡선),111.77163,98.17202,111.77163,123.77199
2021-08-16 13:00:00,Chronos-2 (+기준 곡선),154.2151,141.06303,154.2151,167.8976
2021-08-16 13:15:00,Chronos-2 (+기준 곡선),176.61063,163.26663,176.61063,189.66335
2021-08-16 13:30:00,Chronos-2 (+기준 곡선),182.40094,171.42665,182.40094,195.27948
2021-08-16 13:45:00,Chronos-2 (+기준 곡선),183.09639,170.23578,183.09639,195.55077
2021-08-16 14:00:00,Chronos-2 (+기준 곡선),181.85284,169.16463,181.85284,193.57986
2021-08-16 14:15:00,Chronos-2 (+기준 곡선),182.29083,169.41983,182.29083,194.25502
2021-08-16 14:30:00,Chronos-2 (+기준 곡선),179.79083,166.813,179.79083,192.23216
2021-08-16 14:45:00,Chronos-2 (+기준 곡선),172.43767,158.57141,172.43767,184.03922
2021-08-16 15:00:00,Chronos-2 (+기준 곡선),136.21078,124.64418,136.21078,148.58939
2021-08-16 15:15:00,Chronos-2 (+기준 곡선),140.57791,127.50927,140.57791,153.39227
2021-08-16 15:30:00,Chronos-2 (+기준 곡선),173.4767,159.98636,173.4767,184.85007
2021-08-16 15:45:00,Chronos-2 (+기준 곡선),177.94232,164.58954,177.94232,191.7879
2021-08-16 16:00:00,Chronos-2 (+기준 곡선),173.78323,158.06032,173.78323,188.29813
2021-08-16 16:15:00,Chronos-2 (+기준 곡선),174.14725,158.656,174.14725,188.72273
2021-08-16 16:30:00,Chronos-2 (+기준 곡선),175.33258,159.14116,175.33258,189.22125
2021-08-16 16:45:00,Chronos-2 (+기준 곡선),165.15787,148.6462,165.15787,180.12366
2021-08-16 17:00:00,Chronos-2 (+기준 곡선),129.36038,112.975044,129.36038,144.64795
2021-08-16 17:15:00,Chronos-2 (+기준 곡선),120.142395,100.92917,120.142395,138.02422
2021-08-16 17:30:00,Chronos-2 (+기준 곡선),149.45293,129.54869,149.45293,166.15843
2021-08-16 17:45:00,Chronos-2 (+기준 곡선),170.03766,149.04991,170.03766,187.55496
2021-08-16 18:00:00,Chronos-2 (+기준 곡선),172.8551,151.32639,172.8551,190.22617
2021-08-16 18:15:00,Chronos-2 (+기준 곡선),165.99548,145.42442,165.99548,182.37927
2021-08-16 18:30:00,Chronos-2 (+기준 곡선),160.45514,140.62402,160.45514,177.33986
2021-08-16 18:45:00,Chronos-2 (+기준 곡선),157.517,139.48404,157.517,173.2879
2021-08-16 19:00:00,Chronos-2 (+기준 곡선),155.87839,138.317,155.87839,171.44458
2021-08-16 19:15:00,Chronos-2 (+기준 곡선),151.81036,133.736,151.81036,166.7971
2021-08-16 19:30:00,Chronos-2 (+기준 곡선),139.40991,124.17821,139.40991,154.34259
2021-08-16 19:45:00,Chronos-2 (+기준 곡선),112.17688,97.5399,112.17688,125.8573
2021-08-16 20:00:00,Chronos-2 (+기준 곡선),102.50789,90.41623,102.50789,112.9153
2021-08-16 20:15:00,Chronos-2 (+기준 곡선),107.23737,95.55363,107.23737,117.238815
2021-08-16 20:30:00,Chronos-2 (+기준 곡선),110.64689,99.68271,110.64689,120.97185
2021-08-16 20:45:00,Chronos-2 (+기준 곡선),111.204094,99.09598,111.204094,121.29147
2021-08-16 21:00:00,Chronos-2 (+기준 곡선),111.175,100.54786,111.175,121.533356
2021-08-16 21:15:00,Chronos-2 (+기준 곡선),111.122604,100.57339,111.122604,120.46484
2021-08-16 21:30:00,Chronos-2 (+기준 곡선),109.33443,99.21959,109.33443,118.45415
2021-08-16 21:45:00,Chronos-2 (+기준 곡선),106.05319,95.53606,106.05319,115.604095
2021-08-16 22:00:00,Chronos-2 (+기준 곡선),102.39868,90.811386,102.39868,111.65773
2021-08-16 22:15:00,Chronos-2 (+기준 곡선),105.10733,94.71954,105.10733,113.70473
2021-08-16 22:30:00,Chronos-2 (+기준 곡선),106.90584,96.482864,106.90584,116.46812
2021-08-16 22:45:00,Chronos-2 (+기준 곡선),108.16054,98.39659,108.16054,116.65623
2021-08-16 23:00:00,Chronos-2 (+기준 곡선),107.440254,97.43382,107.440254,115.861435
2021-08-16 23:15:00,Chronos-2 (+기준 곡선),104.514854,94.64695,104.514854,112.950096
2021-08-16 23:30:00,Chronos-2 (+기준 곡선),95.214294,84.59897,95.214294,104.36211
2021-08-16 23:45:00,Chronos-2 (+기준 곡선),76.51281,63.345657,76.51281,87.32357
2021-08-17 00:00:00,Chronos-2 (+기준 곡선),77.605545,67.74001,77.605545,84.56493
2021-08-17 00:15:00,Chronos-2 (+기준 곡선),73.04591,64.14937,73.04591,81.0642
2021-08-17 00:30:00,Chronos-2 (+기준 곡선),69.50601,60.162697,69.50601,77.60391
2021-08-17 00:45:00,Chronos-2 (+기준 곡선),67.47279,57.72844,67.47279,76.595146
2021-08-17 01:00:00,Chronos-2 (+기준 곡선),93.390686,83.73141,93.390686,102.91159
2021-08-17 01:15:00,Chronos-2 (+기준 곡선),100.35973,90.45596,100.35973,110.44756
2021-08-17 01:30:00,Chronos-2 (+기준 곡선),100.3368,90.82559,100.3368,110.277596
2021-08-17 01:45:00,Chronos-2 (+기준 곡선),98.85572,88.9861,98.85572,109.78386
2021-08-17 02:00:00,Chronos-2 (+기준 곡선),99.808105,89.504425,99.808105,109.55692
2021-08-17 02:15:00,Chronos-2 (+기준 곡선),100.32492,89.98914,100.32492,110.19342
2021-08-17 02:30:00,Chronos-2 (+기준 곡선),99.39807,89.02391,99.39807,109.70442
2021-08-17 02:45:00,Chronos-2 (+기준 곡선),99.79512,89.602104,99.79512,110.24678
2021-08-17 03:00:00,Chronos-2 (+기준 곡선),93.59076,82.59056,93.59076,103.69333
2021-08-17 03:15:00,Chronos-2 (+기준 곡선),103.257744,93.14627,103.257744,112.58137
2021-08-17 03:30:00,Chronos-2 (+기준 곡선),104.06528,93.840775,104.06528,115.11737
2021-08-17 03:45:00,Chronos-2 (+기준 곡선),102.711235,92.73395,102.711235,112.66019
2021-08-17 04:00:00,Chronos-2 (+기준 곡선),101.67819,91.59675,101.67819,111.354965
2021-08-17 04:15:00,Chronos-2 (+기준 곡선),102.674,92.77938,102.674,112.17304
2021-08-17 04:30:00,Chronos-2 (+기준 곡선),101.12762,90.55021,101.12762,110.83405
2021-08-17 04:45:00,Chronos-2 (+기준 곡선),97.86759,85.61237,97.86759,107.65444
2021-08-17 05:00:00,Chronos-2 (+기준 곡선),83.491325,71.90716,83.491325,92.86844
2021-08-17 05:15:00,Chronos-2 (+기준 곡선),79.10515,67.70204,79.10515,88.20763
2021-08-17 05:30:00,Chronos-2 (+기준 곡선),90.25456,78.66257,90.25456,100.18379
2021-08-17 05:45:00,Chronos-2 (+기준 곡선),99.45423,87.81417,99.45423,109.32817
2021-08-17 06:00:00,Chronos-2 (+기준 곡선),103.178154,91.828,103.178154,113.428406
2021-08-17 06:15:00,Chronos-2 (+기준 곡선),104.0651,92.60076,104.0651,113.781784
2021-08-17 06:30:00,Chronos-2 (+기준 곡선),103.15964,91.870026,103.15964,112.62188
2021-08-17 06:45:00,Chronos-2 (+기준 곡선),104.972176,93.18285,104.972176,114.77608
2021-08-17 07:00:00,Chronos-2 (+기준 곡선),109.19906,96.88123,109.19906,119.85887
2021-08-17 07:15:00,Chronos-2 (+기준 곡선),118.16897,103.93275,118.16897,129.86427
2021-08-17 07:30:00,Chronos-2 (+기준 곡선),136.08029,120.51938,136.08029,150.24712
2021-08-17 07:45:00,Chronos-2 (+기준 곡선),137.63197,120.5853,137.63197,153.494
2021-08-17 08:00:00,Chronos-2 (+기준 곡선),168.4953,140.13467,168.4953,186.90527
2021-08-17 08:15:00,Chronos-2 (+기준 곡선),190.7529,162.63248,190.7529,207.88577
2021-08-17 08:30:00,Chronos-2 (+기준 곡선),193.48476,164.94266,193.48476,209.95848
2021-08-17 08:45:00,Chronos-2 (+기준 곡선),189.30069,159.7726,189.30069,205.80362
2021-08-17 09:00:00,Chronos-2 (+기준 곡선),182.88715,152.94707,182.88715,199.92403
2021-08-17 09:15:00,Chronos-2 (+기준 곡선),180.90689,150.66739,180.90689,198.41501
2021-08-17 09:30:00,Chronos-2 (+기준 곡선),183.30933,153.46852,183.30933,200.79224
2021-08-17 09:45:00,Chronos-2 (+기준 곡선),184.80583,153.32263,184.80583,202.21014
2021-08-17 10:00:00,Chronos-2 (+기준 곡선),154.92853,126.33075,154.92853,174.06268
2021-08-17 10:15:00,Chronos-2 (+기준 곡선),183.38788,153.74808,183.38788,200.48465
2021-08-17 10:30:00,Chronos-2 (+기준 곡선),184.93576,153.09619,184.93576,202.67455
2021-08-17 10:45:00,Chronos-2 (+기준 곡선),183.2403,149.75047,183.2403,199.78378
2021-08-17 11:00:00,Chronos-2 (+기준 곡선),181.43323,148.85391,181.43323,199.1622
2021-08-17 11:15:00,Chronos-2 (+기준 곡선),185.95561,153.24591,185.95561,203.54755
2021-08-17 11:30:00,Chronos-2 (+기준 곡선),188.37282,155.78253,188.37282,206.00488
2021-08-17 11:45:00,Chronos-2 (+기준 곡선),185.93979,151.37407,185.93979,204.62898
2021-08-17 12:00:00,Chronos-2 (+기준 곡선),124.670616,99.872246,124.670616,144.32944
2021-08-17 12:15:00,Chronos-2 (+기준 곡선),106.26392,85.77904,106.26392,120.6932
2021-08-17 12:30:00,Chronos-2 (+기준 곡선),107.77176,86.58451,107.77176,122.402435
2021-08-17 12:45:00,Chronos-2 (+기준 곡선),108.18539,85.48621,108.18539,124.01216
2021-08-17 13:00:00,Chronos-2 (+기준 곡선),160.27982,127.63196,160.27982,181.00638
2021-08-17 13:15:00,Chronos-2 (+기준 곡선),179.54144,142.07458,179.54144,199.87202
2021-08-17 13:30:00,Chronos-2 (+기준 곡선),182.02092,142.25572,182.02092,201.35437
2021-08-17 13:45:00,Chronos-2 (+기준 곡선),185.99492,143.74805,185.99492,204.92537
2021-08-17 14:00:00,Chronos-2 (+기준 곡선),180.82504,142.76718,180.82504,200.46945
2021-08-17 14:15:00,Chronos-2 (+기준 곡선),177.92838,142.22624,177.92838,196.49539
2021-08-17 14:30:00,Chronos-2 (+기준 곡선),178.87836,142.35033,178.87836,197.91003
2021-08-17 14:45:00,Chronos-2 (+기준 곡선),175.89014,139.05423,175.89014,195.26187
2021-08-17 15:00:00,Chronos-2 (+기준 곡선),137.83946,106.11773,137.83946,157.88705
2021-08-17 15:15:00,Chronos-2 (+기준 곡선),143.23785,112.20094,143.23785,162.46765
2021-08-17 15:30:00,Chronos-2 (+기준 곡선),174.2169,138.13158,174.2169,193.51395
2021-08-17 15:45:00,Chronos-2 (+기준 곡선),176.34055,136.82986,176.34055,198.5543
2021-08-17 16:00:00,Chronos-2 (+기준 곡선),179.2297,143.95076,179.2297,197.92395
2021-08-17 16:15:00,Chronos-2 (+기준 곡선),173.76863,139.97433,173.76863,193.64665
2021-08-17 16:30:00,Chronos-2 (+기준 곡선),170.77356,136.43448,170.77356,189.70764
2021-08-17 16:45:00,Chronos-2 (+기준 곡선),166.69278,133.02455,166.69278,186.1087
2021-08-17 17:00:00,Chronos-2 (+기준 곡선),119.24277,91.89617,119.24277,137.99799
2021-08-17 17:15:00,Chronos-2 (+기준 곡선),110.546005,84.10872,110.546005,128.72433
2021-08-17 17:30:00,Chronos-2 (+기준 곡선),150.84055,114.06878,150.84055,171.40231
2021-08-17 17:45:00,Chronos-2 (+기준 곡선),165.51608,125.06804,165.51608,186.99117
2021-08-17 18:00:00,Chronos-2 (+기준 곡선),167.31497,127.5686,167.31497,188.02747
2021-08-17 18:15:00,Chronos-2 (+기준 곡선),167.87096,128.0119,167.87096,187.37553
2021-08-17 18:30:00,Chronos-2 (+기준 곡선),165.64273,127.06386,165.64273,185.26399
2021-08-17 18:45:00,Chronos-2 (+기준 곡선),167.02933,128.04706,167.02933,186.3581
2021-08-17 19:00:00,Chronos-2 (+기준 곡선),161.60428,123.858154,161.60428,180.97446
2021-08-17 19:15:00,Chronos-2 (+기준 곡선),153.20316,118.695564,153.20316,173.01102
2021-08-17 19:30:00,Chronos-2 (+기준 곡선),151.02136,117.71184,151.02136,170.21082
2021-08-17 19:45:00,Chronos-2 (+기준 곡선),130.1147,101.131355,130.1147,148.70804
2021-08-17 20:00:00,Chronos-2 (+기준 곡선),117.542534,98.59025,117.542534,133.47594
2021-08-17 20:15:00,Chronos-2 (+기준 곡선),120.79091,102.5071,120.79091,136.02597
2021-08-17 20:30:00,Chronos-2 (+기준 곡선),119.74716,101.81925,119.74716,135.35767
2021-08-17 20:45:00,Chronos-2 (+기준 곡선),118.778656,100.52904,118.778656,133.55756
2021-08-17 21:00:00,Chronos-2 (+기준 곡선),117.47592,99.24824,117.47592,133.1764
2021-08-17 21:15:00,Chronos-2 (+기준 곡선),115.41106,96.28445,115.41106,130.61467
2021-08-17 21:30:00,Chronos-2 (+기준 곡선),115.096176,96.39176,115.096176,129.63768
2021-08-17 21:45:00,Chronos-2 (+기준 곡선),113.88693,95.31215,113.88693,128.74945
2021-08-17 22:00:00,Chronos-2 (+기준 곡선),104.10028,86.05526,104.10028,119.0464
2021-08-17 22:15:00,Chronos-2 (+기준 곡선),108.8098,91.30882,108.8098,123.40056
2021-08-17 22:30:00,Chronos-2 (+기준 곡선),108.25916,90.48488,108.25916,123.493904
2021-08-17 22:45:00,Chronos-2 (+기준 곡선),108.58343,90.840996,108.58343,123.22351
2021-08-17 23:00:00,Chronos-2 (+기준 곡선),108.80212,91.544334,108.80212,123.4113
2021-08-17 23:15:00,Chronos-2 (+기준 곡선),107.3736,90.37703,107.3736,121.60889
2021-08-17 23:30:00,Chronos-2 (+기준 곡선),104.46169,87.18757,104.46169,118.882324
2021-08-17 23:45:00,Chronos-2 (+기준 곡선),86.21998,70.28371,86.21998,99.97133
2021-08-18 00:00:00,Chronos-2 (+기준 곡선),81.80349,72.87263,81.80349,89.15187
2021-08-18 00:15:00,Chronos-2 (+기준 곡선),78.39448,70.04161,78.39448,86.68019
2021-08-18 00:30:00,Chronos-2 (+기준 곡선),75.13021,66.71893,75.13021,83.3382
2021-08-18 00:45:00,Chronos-2 (+기준 곡선),72.31583,63.33007,72.31583,80.992386
2021-08-18 01:00:00,Chronos-2 (+기준 곡선),96.89778,87.94274,96.89778,105.90541
2021-08-18 01:15:00,Chronos-2 (+기준 곡선),106.384094,96.94248,106.384094,115.42088
2021-08-18 01:30:00,Chronos-2 (+기준 곡선),107.210495,98.30486,107.210495,116.1772
2021-08-18 01:45:00,Chronos-2 (+기준 곡선),105.526474,96.18358,105.526474,115.20555
2021-08-18 02:00:00,Chronos-2 (+기준 곡선),104.90115,95.512856,104.90115,113.86809
2021-08-18 02:15:00,Chronos-2 (+기준 곡선),105.84654,96.38693,105.84654,114.84376
2021-08-18 02:30:00,Chronos-2 (+기준 곡선),105.47131,96.39873,105.47131,114.824936
2021-08-18 02:45:00,Chronos-2 (+기준 곡선),105.30858,95.84909,105.30858,114.70335
2021-08-18 03:00:00,Chronos-2 (+기준 곡선),97.13515,87.209114,97.13515,106.44753
2021-08-18 03:15:00,Chronos-2 (+기준 곡선),107.44167,97.64793,107.44167,116.341515
2021-08-18 03:30:00,Chronos-2 (+기준 곡선),107.83073,98.181366,107.83073,117.78731
2021-08-18 03:45:00,Chronos-2 (+기준 곡선),106.19456,96.792435,106.19456,115.12799
2021-08-18 04:00:00,Chronos-2 (+기준 곡선),103.106865,93.81807,103.106865,112.91191
2021-08-18 04:15:00,Chronos-2 (+기준 곡선),104.95923,95.67572,104.95923,114.67775
2021-08-18 04:30:00,Chronos-2 (+기준 곡선),104.10793,94.23862,104.10793,114.10862
2021-08-18 04:45:00,Chronos-2 (+기준 곡선),100.642525,90.14227,100.642525,110.65867
2021-08-18 05:00:00,Chronos-2 (+기준 곡선),83.60774,73.36937,83.60774,93.49859
2021-08-18 05:15:00,Chronos-2 (+기준 곡선),78.97065,69.273926,78.97065,88.447464
2021-08-18 05:30:00,Chronos-2 (+기준 곡선),92.28441,82.05426,92.28441,102.55066
2021-08-18 05:45:00,Chronos-2 (+기준 곡선),103.2335,93.19057,103.2335,113.31241
2021-08-18 06:00:00,Chronos-2 (+기준 곡선),106.37036,96.01393,106.37036,117.17078
2021-08-18 06:15:00,Chronos-2 (+기준 곡선),105.67091,95.042015,105.67091,115.68373
2021-08-18 06:30:00,Chronos-2 (+기준 곡선),104.74352,94.589325,104.74352,114.86413
2021-08-18 06:45:00,Chronos-2 (+기준 곡선),105.99413,95.2194,105.99413,116.60339
2021-08-18 07:00:00,Chronos-2 (+기준 곡선),107.84886,96.3992,107.84886,119.03641
2021-08-18 07:15:00,Chronos-2 (+기준 곡선),115.980965,103.27781,115.980965,127.40192
2021-08-18 07:30:00,Chronos-2 (+기준 곡선),139.14612,126.01021,139.14612,151.05316
2021-08-18 07:45:00,Chronos-2 (+기준 곡선),142.90826,129.67883,142.90826,155.65051
2021-08-18 08:00:00,Chronos-2 (+기준 곡선),163.56546,148.13596,163.56546,179.69928
2021-08-18 08:15:00,Chronos-2 (+기준 곡선),183.75508,167.78358,183.75508,200.06346
2021-08-18 08:30:00,Chronos-2 (+기준 곡선),187.09106,170.24509,187.09106,202.55981
2021-08-18 08:45:00,Chronos-2 (+기준 곡선),182.53229,166.91101,182.53229,197.88574
2021-08-18 09:00:00,Chronos-2 (+기준 곡선),172.60489,157.2306,172.60489,188.78177
2021-08-18 09:15:00,Chronos-2 (+기준 곡선),173.2785,157.81866,173.2785,188.45715
2021-08-18 09:30:00,Chronos-2 (+기준 곡선),175.35083,159.85199,175.35083,190.45776
2021-08-18 09:45:00,Chronos-2 (+기준 곡선),175.23651,158.80655,175.23651,190.31668
2021-08-18 10:00:00,Chronos-2 (+기준 곡선),147.74469,132.5578,147.74469,163.46341
2021-08-18 10:15:00,Chronos-2 (+기준 곡선),175.04404,158.89377,175.04404,190.0272
2021-08-18 10:30:00,Chronos-2 (+기준 곡선),175.96791,159.75433,175.96791,190.92062
2021-08-18 10:45:00,Chronos-2 (+기준 곡선),174.32019,158.35617,174.32019,188.68817
2021-08-18 11:00:00,Chronos-2 (+기준 곡선),172.87982,157.17516,172.87982,187.96584
2021-08-18 11:15:00,Chronos-2 (+기준 곡선),178.55484,162.19757,178.55484,193.49939
2021-08-18 11:30:00,Chronos-2 (+기준 곡선),182.0081,165.51263,182.0081,197.38681
2021-08-18 11:45:00,Chronos-2 (+기준 곡선),181.39752,165.32855,181.39752,197.8692
2021-08-18 12:00:00,Chronos-2 (+기준 곡선),121.53444,105.929955,121.53444,137.93336
2021-08-18 12:15:00,Chronos-2 (+기준 곡선),103.91566,88.937996,103.91566,117.92421
2021-08-18 12:30:00,Chronos-2 (+기준 곡선),104.69666,89.77429,104.69666,118.99961
2021-08-18 12:45:00,Chronos-2 (+기준 곡선),107.55764,92.09857,107.55764,122.58795
2021-08-18 13:00:00,Chronos-2 (+기준 곡선),155.93036,138.50366,155.93036,174.40932
2021-08-18 13:15:00,Chronos-2 (+기준 곡선),173.20752,155.0068,173.20752,191.71109
2021-08-18 13:30:00,Chronos-2 (+기준 곡선),176.1977,159.20374,176.1977,194.07014
2021-08-18 13:45:00,Chronos-2 (+기준 곡선),180.11145,161.77902,180.11145,197.52927
2021-08-18 14:00:00,Chronos-2 (+기준 곡선),176.0892,157.94597,176.0892,193.0829
2021-08-18 14:15:00,Chronos-2 (+기준 곡선),173.34186,154.39479,173.34186,189.99982
2021-08-18 14:30:00,Chronos-2 (+기준 곡선),172.5177,153.44688,172.5177,190.1848
2021-08-18 14:45:00,Chronos-2 (+기준 곡선),169.77795,149.76772,169.77795,187.13364
2021-08-18 15:00:00,Chronos-2 (+기준 곡선),131.93875,114.01989,131.93875,149.7938
2021-08-18 15:15:00,Chronos-2 (+기준 곡선),138.59225,120.38608,138.59225,155.82272
2021-08-18 15:30:00,Chronos-2 (+기준 곡선),167.27213,147.36455,167.27213,183.93816
2021-08-18 15:45:00,Chronos-2 (+기준 곡선),167.58344,149.20963,167.58344,186.45154
2021-08-18 16:00:00,Chronos-2 (+기준 곡선),165.84273,148.5766,165.84273,181.82169
2021-08-18 16:15:00,Chronos-2 (+기준 곡선),162.41782,144.86435,162.41782,178.89697
2021-08-18 16:30:00,Chronos-2 (+기준 곡선),161.70592,143.34131,161.70592,178.16983
2021-08-18 16:45:00,Chronos-2 (+기준 곡선),158.85446,139.50027,158.85446,176.25801
2021-08-18 17:00:00,Chronos-2 (+기준 곡선),115.532906,98.81879,115.532906,132.76515
2021-08-18 17:15:00,Chronos-2 (+기준 곡선),106.10463,89.71179,106.10463,122.6276
2021-08-18 17:30:00,Chronos-2 (+기준 곡선),144.70677,124.718956,144.70677,162.42255
2021-08-18 17:45:00,Chronos-2 (+기준 곡선),158.2207,138.04198,158.2207,176.44025
2021-08-18 18:00:00,Chronos-2 (+기준 곡선),160.5988,140.50684,160.5988,177.91614
2021-08-18 18:15:00,Chronos-2 (+기준 곡선),161.29028,141.55539,161.29028,178.14307
2021-08-18 18:30:00,Chronos-2 (+기준 곡선),160.39758,140.73785,160.39758,177.16118
2021-08-18 18:45:00,Chronos-2 (+기준 곡선),160.93283,141.68823,160.93283,177.876
2021-08-18 19:00:00,Chronos-2 (+기준 곡선),154.82669,136.75194,154.82669,171.19899
2021-08-18 19:15:00,Chronos-2 (+기준 곡선),145.74059,127.27381,145.74059,161.75418
2021-08-18 19:30:00,Chronos-2 (+기준 곡선),142.43411,125.22502,142.43411,159.41548
2021-08-18 19:45:00,Chronos-2 (+기준 곡선),122.035034,105.16259,122.035034,138.45044
2021-08-18 20:00:00,Chronos-2 (+기준 곡선),112.643105,97.918365,112.643105,126.646255
2021-08-18 20:15:00,Chronos-2 (+기준 곡선),118.03996,104.29995,118.03996,130.9733
2021-08-18 20:30:00,Chronos-2 (+기준 곡선),116.67788,103.51367,116.67788,129.9478
2021-08-18 20:45:00,Chronos-2 (+기준 곡선),115.711266,102.26161,115.711266,128.2463
2021-08-18 21:00:00,Chronos-2 (+기준 곡선),113.96549,100.82142,113.96549,126.81091
2021-08-18 21:15:00,Chronos-2 (+기준 곡선),110.617226,97.388954,110.617226,123.382935
2021-08-18 21:30:00,Chronos-2 (+기준 곡선),111.28644,98.548065,111.28644,123.84456
2021-08-18 21:45:00,Chronos-2 (+기준 곡선),110.43601,97.57184,110.43601,123.53387
2021-08-18 22:00:00,Chronos-2 (+기준 곡선),99.642525,85.89541,99.642525,112.48343
2021-08-18 22:15:00,Chronos-2 (+기준 곡선),107.26482,93.899284,107.26482,119.78124
2021-08-18 22:30:00,Chronos-2 (+기준 곡선),107.512405,94.394264,107.512405,120.48714
2021-08-18 22:45:00,Chronos-2 (+기준 곡선),107.47502,94.3467,107.47502,120.16179
2021-08-18 23:00:00,Chronos-2 (+기준 곡선),107.58726,94.649185,107.58726,120.2574
2021-08-18 23:15:00,Chronos-2 (+기준 곡선),105.06753,91.79721,105.06753,117.88611
2021-08-18 23:30:00,Chronos-2 (+기준 곡선),102.00105,88.63123,102.00105,114.94592
2021-08-18 23:45:00,Chronos-2 (+기준 곡선),81.991165,69.39341,81.991165,94.47497
2021-08-19 00:00:00,Chronos-2 (+기준 곡선),79.96291,69.97009,79.96291,88.63045
2021-08-19 00:15:00,Chronos-2 (+기준 곡선),76.27071,67.10823,76.27071,85.55314
2021-08-19 00:30:00,Chronos-2 (+기준 곡선),73.83215,64.79443,73.83215,82.891014
2021-08-19 00:45:00,Chronos-2 (+기준 곡선),71.39401,62.08735,71.39401,80.92274
2021-08-19 01:00:00,Chronos-2 (+기준 곡선),94.86047,85.25293,94.86047,104.79689
2021-08-19 01:15:00,Chronos-2 (+기준 곡선),104.85275,94.696594,104.85275,115.03351
2021-08-19 01:30:00,Chronos-2 (+기준 곡선),106.29163,96.53424,106.29163,116.44597
2021-08-19 01:45:00,Chronos-2 (+기준 곡선),105.2737,95.295006,105.2737,115.94875
2021-08-19 02:00:00,Chronos-2 (+기준 곡선),104.83395,94.73256,104.83395,114.694336
2021-08-19 02:15:00,Chronos-2 (+기준 곡선),105.73717,95.63583,105.73717,115.50611
2021-08-19 02:30:00,Chronos-2 (+기준 곡선),105.25087,95.45986,105.25087,115.41261
2021-08-19 02:45:00,Chronos-2 (+기준 곡선),104.85186,94.763626,104.85186,115.15948
2021-08-19 03:00:00,Chronos-2 (+기준 곡선),93.786865,82.98326,93.786865,104.023346
2021-08-19 03:15:00,Chronos-2 (+기준 곡선),104.8029,94.31675,104.8029,114.98396
2021-08-19 03:30:00,Chronos-2 (+기준 곡선),106.49043,95.895294,106.49043,117.40073
2021-08-19 03:45:00,Chronos-2 (+기준 곡선),105.47035,95.44533,105.47035,115.43729
2021-08-19 04:00:00,Chronos-2 (+기준 곡선),102.546745,93.09914,102.546745,112.80867
2021-08-19 04:15:00,Chronos-2 (+기준 곡선),103.66841,94.18358,103.66841,114.00907
2021-08-19 04:30:00,Chronos-2 (+기준 곡선),103.62548,93.5561,103.62548,114.091415
2021-08-19 04:45:00,Chronos-2 (+기준 곡선),99.9212,89.326416,99.9212,110.301476
2021-08-19 05:00:00,Chronos-2 (+기준 곡선),81.51048,71.427795,81.51048,91.77819
2021-08-19 05:15:00,Chronos-2 (+기준 곡선),76.80856,67.32347,76.80856,86.6314
2021-08-19 05:30:00,Chronos-2 (+기준 곡선),91.95624,81.5145,91.95624,102.7234
2021-08-19 05:45:00,Chronos-2 (+기준 곡선),103.40395,93.13874,103.40395,114.06951
2021-08-19 06:00:00,Chronos-2 (+기준 곡선),106.37729,95.83248,106.37729,117.589615
2021-08-19 06:15:00,Chronos-2 (+기준 곡선),106.14271,95.304085,106.14271,116.568985
2021-08-19 06:30:00,Chronos-2 (+기준 곡선),104.798775,94.46566,104.798775,115.23147
2021-08-19 06:45:00,Chronos-2 (+기준 곡선),106.9749,96.05541,106.9749,117.85709
2021-08-19 07:00:00,Chronos-2 (+기준 곡선),108.624176,97.32773,108.624176,119.81746
2021-08-19 07:15:00,Chronos-2 (+기준 곡선),117.74569,105.56091,117.74569,129.00124
2021-08-19 07:30:00,Chronos-2 (+기준 곡선),141.6814,129.69809,141.6814,153.17357
2021-08-19 07:45:00,Chronos-2 (+기준 곡선),144.96098,132.3731,144.96098,156.98318
2021-08-19 08:00:00,Chronos-2 (+기준 곡선),166.43529,152.79207,166.43529,180.5279
2021-08-19 08:15:00,Chronos-2 (+기준 곡선),185.57613,172.13306,185.57613,199.08537
2021-08-19 08:30:00,Chronos-2 (+기준 곡선),190.29918,176.01059,190.29918,202.88269
2021-08-19 08:45:00,Chronos-2 (+기준 곡선),185.15338,172.52509,185.15338,197.81342
2021-08-19 09:00:00,Chronos-2 (+기준 곡선),176.35292,162.92844,176.35292,189.98035
2021-08-19 09:15:00,Chronos-2 (+기준 곡선),175.90332,163.12383,175.90332,188.64731
2021-08-19 09:30:00,Chronos-2 (+기준 곡선),177.18118,164.02403,177.18118,189.76204
2021-08-19 09:45:00,Chronos-2 (+기준 곡선),177.83614,164.17151,177.83614,190.5712
2021-08-19 10:00:00,Chronos-2 (+기준 곡선),148.9328,135.84634,148.9328,162.81421
2021-08-19 10:15:00,Chronos-2 (+기준 곡선),177.43167,164.07237,177.43167,190.16776
2021-08-19 10:30:00,Chronos-2 (+기준 곡선),179.03964,165.92041,179.03964,191.57196
2021-08-19 10:45:00,Chronos-2 (+기준 곡선),178.43875,164.9516,178.43875,190.19153
2021-08-19 11:00:00,Chronos-2 (+기준 곡선),176.36557,163.36234,176.36557,188.93176
2021-08-19 11:15:00,Chronos-2 (+기준 곡선),181.15419,168.01302,181.15419,193.57794
2021-08-19 11:30:00,Chronos-2 (+기준 곡선),186.67812,173.12875,186.67812,199.74081
2021-08-19 11:45:00,Chronos-2 (+기준 곡선),184.47437,170.85242,184.47437,198.56938
2021-08-19 12:00:00,Chronos-2 (+기준 곡선),120.93294,107.157265,120.93294,136.0498
2021-08-19 12:15:00,Chronos-2 (+기준 곡선),102.50734,88.89447,102.50734,115.97843
2021-08-19 12:30:00,Chronos-2 (+기준 곡선),104.623764,90.83281,104.623764,118.418274
2021-08-19 12:45:00,Chronos-2 (+기준 곡선),109.704735,95.83054,109.704735,124.19145
2021-08-19 13:00:00,Chronos-2 (+기준 곡선),158.45108,142.76407,158.45108,175.7909
2021-08-19 13:15:00,Chronos-2 (+기준 곡선),175.99597,160.45482,175.99597,192.73526
2021-08-19 13:30:00,Chronos-2 (+기준 곡선),178.8826,164.91779,178.8826,195.14438
2021-08-19 13:45:00,Chronos-2 (+기준 곡선),182.5164,167.69556,182.5164,198.46298
2021-08-19 14:00:00,Chronos-2 (+기준 곡선),178.6658,163.78618,178.6658,193.81415
2021-08-19 14:15:00,Chronos-2 (+기준 곡선),175.64568,159.80524,175.64568,190.62442
2021-08-19 14:30:00,Chronos-2 (+기준 곡선),176.67279,161.13196,176.67279,192.6594
2021-08-19 14:45:00,Chronos-2 (+기준 곡선),175.3421,158.83954,175.3421,191.23233
2021-08-19 15:00:00,Chronos-2 (+기준 곡선),134.57564,118.44476,134.57564,151.42479
2021-08-19 15:15:00,Chronos-2 (+기준 곡선),146.1177,128.94807,146.1177,162.28223
2021-08-19 15:30:00,Chronos-2 (+기준 곡선),174.5701,157.72311,174.5701,190.15022
2021-08-19 15:45:00,Chronos-2 (+기준 곡선),176.75217,159.8603,176.75217,193.40842
2021-08-19 16:00:00,Chronos-2 (+기준 곡선),172.85532,157.81436,172.85532,187.82133
2021-08-19 16:15:00,Chronos-2 (+기준 곡선),168.17947,152.75497,168.17947,183.49954
2021-08-19 16:30:00,Chronos-2 (+기준 곡선),166.20976,150.03302,166.20976,181.12346
2021-08-19 16:45:00,Chronos-2 (+기준 곡선),162.68173,147.0095,162.68173,178.63657
2021-08-19 17:00:00,Chronos-2 (+기준 곡선),117.254814,103.293274,117.254814,133.16425
2021-08-19 17:15:00,Chronos-2 (+기준 곡선),109.390686,95.15895,109.390686,124.7666
2021-08-19 17:30:00,Chronos-2 (+기준 곡선),149.9963,134.02986,149.9963,165.82993
2021-08-19 17:45:00,Chronos-2 (+기준 곡선),164.65448,148.44273,164.65448,180.61873
2021-08-19 18:00:00,Chronos-2 (+기준 곡선),166.34442,150.3231,166.34442,181.53946
2021-08-19 18:15:00,Chronos-2 (+기준 곡선),166.70825,150.48695,166.70825,181.70422
2021-08-19 18:30:00,Chronos-2 (+기준 곡선),165.98503,149.67819,165.98503,181.23761
2021-08-19 18:45:00,Chronos-2 (+기준 곡선),165.14725,148.33621,165.14725,180.41077
2021-08-19 19:00:00,Chronos-2 (+기준 곡선),159.05359,142.76082,159.05359,174.2733
2021-08-19 19:15:00,Chronos-2 (+기준 곡선),150.91885,133.98853,150.91885,166.31653
2021-08-19 19:30:00,Chronos-2 (+기준 곡선),147.72461,131.86589,147.72461,163.95038
2021-08-19 19:45:00,Chronos-2 (+기준 곡선),127.4758,112.45066,127.4758,143.42865
2021-08-19 20:00:00,Chronos-2 (+기준 곡선),117.63524,104.256,117.63524,130.87598
2021-08-19 20:15:00,Chronos-2 (+기준 곡선),121.48141,108.70771,121.48141,134.17859
2021-08-19 20:30:00,Chronos-2 (+기준 곡선),121.00615,108.17058,121.00615,133.92181
2021-08-19 20:45:00,Chronos-2 (+기준 곡선),119.41212,106.74721,119.41212,131.75275
2021-08-19 21:00:00,Chronos-2 (+기준 곡선),116.41165,104.07867,116.41165,129.06912
2021-08-19 21:15:00,Chronos-2 (+기준 곡선),114.48196,101.98882,114.48196,127.250534
2021-08-19 21:30:00,Chronos-2 (+기준 곡선),115.10381,102.57475,115.10381,127.83652
2021-08-19 21:45:00,Chronos-2 (+기준 곡선),114.13014,101.504395,114.13014,127.3786
2021-08-19 22:00:00,Chronos-2 (+기준 곡선),103.43269,89.95838,103.43269,116.327736
2021-08-19 22:15:00,Chronos-2 (+기준 곡선),111.543205,98.41522,111.543205,124.28595
2021-08-19 22:30:00,Chronos-2 (+기준 곡선),111.095245,98.28446,111.095245,124.079735
2021-08-19 22:45:00,Chronos-2 (+기준 곡선),110.714134,97.843575,110.714134,123.43289
2021-08-19 23:00:00,Chronos-2 (+기준 곡선),110.097984,97.2057,110.097984,122.92201
2021-08-19 23:15:00,Chronos-2 (+기준 곡선),107.40718,94.11663,107.40718,120.58992
2021-08-19 23:30:00,Chronos-2 (+기준 곡선),104.291046,91.00545,104.291046,117.48049
2021-08-19 23:45:00,Chronos-2 (+기준 곡선),86.082634,73.41423,86.082634,98.83758
2021-08-20 00:00:00,Chronos-2 (+기준 곡선),83.15313,73.8871,83.15313,90.885605
2021-08-20 00:15:00,Chronos-2 (+기준 곡선),79.31306,70.858734,79.31306,87.82642
2021-08-20 00:30:00,Chronos-2 (+기준 곡선),76.055435,67.782585,76.055435,84.28079
2021-08-20 00:45:00,Chronos-2 (+기준 곡선),72.301315,63.60077,72.301315,80.95403
2021-08-20 01:00:00,Chronos-2 (+기준 곡선),96.66875,87.79803,96.66875,105.54684
2021-08-20 01:15:00,Chronos-2 (+기준 곡선),107.352234,97.991295,107.352234,116.380135
2021-08-20 01:30:00,Chronos-2 (+기준 곡선),109.409805,100.57091,109.409805,118.52323
2021-08-20 01:45:00,Chronos-2 (+기준 곡선),109.59782,100.32825,109.59782,118.943375
2021-08-20 02:00:00,Chronos-2 (+기준 곡선),109.378914,100.39523,109.378914,118.22696
2021-08-20 02:15:00,Chronos-2 (+기준 곡선),109.06065,99.838036,109.06065,117.839035
2021-08-20 02:30:00,Chronos-2 (+기준 곡선),108.89345,99.92572,108.89345,118.24694
2021-08-20 02:45:00,Chronos-2 (+기준 곡선),109.85382,100.49729,109.85382,119.20045
2021-08-20 03:00:00,Chronos-2 (+기준 곡선),97.82632,87.7889,97.82632,107.155624
2021-08-20 03:15:00,Chronos-2 (+기준 곡선),109.72584,99.99682,109.72584,118.87156
2021-08-20 03:30:00,Chronos-2 (+기준 곡선),111.911606,102.52054,111.911606,122.074356
2021-08-20 03:45:00,Chronos-2 (+기준 곡선),110.71481,101.32516,110.71481,119.8652
2021-08-20 04:00:00,Chronos-2 (+기준 곡선),106.411064,97.82146,106.411064,115.50085
2021-08-20 04:15:00,Chronos-2 (+기준 곡선),107.26892,98.871124,107.26892,116.153305
2021-08-20 04:30:00,Chronos-2 (+기준 곡선),106.27905,97.3607,106.27905,115.63475
2021-08-20 04:45:00,Chronos-2 (+기준 곡선),102.01591,92.72208,102.01591,111.17702
2021-08-20 05:00:00,Chronos-2 (+기준 곡선),84.14099,74.7802,84.14099,93.24815
2021-08-20 05:15:00,Chronos-2 (+기준 곡선),79.41493,70.64183,79.41493,88.09172
2021-08-20 05:30:00,Chronos-2 (+기준 곡선),95.21613,86.30435,95.21613,104.62078
2021-08-20 05:45:00,Chronos-2 (+기준 곡선),105.83768,96.73672,105.83768,115.06515
2021-08-20 06:00:00,Chronos-2 (+기준 곡선),108.68906,99.50979,108.68906,118.40535
2021-08-20 06:15:00,Chronos-2 (+기준 곡선),109.063416,99.47116,109.063416,118.12496
2021-08-20 06:30:00,Chronos-2 (+기준 곡선),107.42843,98.326126,107.42843,116.473145
2021-08-20 06:45:00,Chronos-2 (+기준 곡선),108.26902,98.588,108.26902,117.80025
2021-08-20 07:00:00,Chronos-2 (+기준 곡선),108.8822,98.812515,108.8822,118.645966
2021-08-20 07:15:00,Chronos-2 (+기준 곡선),119.0941,108.16459,119.0941,129.07283
2021-08-20 07:30:00,Chronos-2 (+기준 곡선),144.18936,133.8956,144.18936,154.48795
2021-08-20 07:45:00,Chronos-2 (+기준 곡선),146.5929,135.47653,146.5929,157.34148
2021-08-20 08:00:00,Chronos-2 (+기준 곡선),168.24852,155.75168,168.24852,180.76828
2021-08-20 08:15:00,Chronos-2 (+기준 곡선),184.04898,171.91397,184.04898,196.28607
2021-08-20 08:30:00,Chronos-2 (+기준 곡선),187.63803,174.6792,187.63803,199.07323
2021-08-20 08:45:00,Chronos-2 (+기준 곡선),182.50726,170.89531,182.50726,194.33383
2021-08-20 09:00:00,Chronos-2 (+기준 곡선),176.20322,163.62541,176.20322,188.66048
2021-08-20 09:15:00,Chronos-2 (+기준 곡선),176.55006,164.79977,176.55006,188.43015
2021-08-20 09:30:00,Chronos-2 (+기준 곡선),177.67093,165.49408,177.67093,189.42366
2021-08-20 09:45:00,Chronos-2 (+기준 곡선),178.58653,166.20576,178.58653,190.42523
2021-08-20 10:00:00,Chronos-2 (+기준 곡선),148.76036,136.74228,148.76036,161.26132
2021-08-20 10:15:00,Chronos-2 (+기준 곡선),176.4501,164.22275,176.4501,188.30884
2021-08-20 10:30:00,Chronos-2 (+기준 곡선),177.14139,165.13977,177.14139,188.64374
2021-08-20 10:45:00,Chronos-2 (+기준 곡선),177.62772,165.17361,177.62772,188.60114
2021-08-20 11:00:00,Chronos-2 (+기준 곡선),176.00345,164.45482,176.00345,187.64566
2021-08-20 11:15:00,Chronos-2 (+기준 곡선),181.60133,169.82349,181.60133,193.00853
2021-08-20 11:30:00,Chronos-2 (+기준 곡선),185.10292,172.92316,185.10292,196.98608
2021-08-20 11:45:00,Chronos-2 (+기준 곡선),182.5109,170.0446,182.5109,195.43188
2021-08-20 12:00:00,Chronos-2 (+기준 곡선),121.04323,108.19607,121.04323,134.93666
2021-08-20 12:15:00,Chronos-2 (+기준 곡선),104.08971,90.90836,104.08971,116.63982
2021-08-20 12:30:00,Chronos-2 (+기준 곡선),105.74861,92.74104,105.74861,118.642044
2021-08-20 12:45:00,Chronos-2 (+기준 곡선),113.720406,100.460526,113.720406,127.13248
2021-08-20 13:00:00,Chronos-2 (+기준 곡선),162.94167,148.23344,162.94167,178.63596
2021-08-20 13:15:00,Chronos-2 (+기준 곡선),175.13676,160.77539,175.13676,190.6303
2021-08-20 13:30:00,Chronos-2 (+기준 곡선),176.73894,163.58276,176.73894,191.66473
2021-08-20 13:45:00,Chronos-2 (+기준 곡선),180.30927,166.625,180.30927,195.1778
2021-08-20 14:00:00,Chronos-2 (+기준 곡선),177.82126,164.15602,177.82126,192.00021
2021-08-20 14:15:00,Chronos-2 (+기준 곡선),174.68935,160.02861,174.68935,188.53636
2021-08-20 14:30:00,Chronos-2 (+기준 곡선),175.45737,160.93192,175.45737,190.2642
2021-08-20 14:45:00,Chronos-2 (+기준 곡선),174.93561,160.1521,174.93561,189.83951
2021-08-20 15:00:00,Chronos-2 (+기준 곡선),135.53967,120.204285,135.53967,151.1961
2021-08-20 15:15:00,Chronos-2 (+기준 곡선),151.3142,134.5578,151.3142,166.44147
2021-08-20 15:30:00,Chronos-2 (+기준 곡선),175.32433,160.0849,175.32433,190.0924
2021-08-20 15:45:00,Chronos-2 (+기준 곡선),176.31805,160.59384,176.31805,191.75926
2021-08-20 16:00:00,Chronos-2 (+기준 곡선),173.16463,159.65703,173.16463,186.60287
2021-08-20 16:15:00,Chronos-2 (+기준 곡선),168.5552,154.71234,168.5552,182.64917
2021-08-20 16:30:00,Chronos-2 (+기준 곡선),165.74591,151.18448,165.74591,179.32858
2021-08-20 16:45:00,Chronos-2 (+기준 곡선),161.6728,147.64801,161.6728,176.3519
2021-08-20 17:00:00,Chronos-2 (+기준 곡선),117.57561,104.93139,117.57561,132.07968
2021-08-20 17:15:00,Chronos-2 (+기준 곡선),109.28768,96.35507,109.28768,123.14001
2021-08-20 17:30:00,Chronos-2 (+기준 곡선),151.50226,136.84964,151.50226,165.82701
2021-08-20 17:45:00,Chronos-2 (+기준 곡선),164.42232,149.79883,164.42232,179.22073
2021-08-20 18:00:00,Chronos-2 (+기준 곡선),164.34293,149.6574,164.34293,178.16852
2021-08-20 18:15:00,Chronos-2 (+기준 곡선),164.01135,149.06067,164.01135,177.60324
2021-08-20 18:30:00,Chronos-2 (+기준 곡선),163.92957,149.25897,163.92957,178.05777
2021-08-20 18:45:00,Chronos-2 (+기준 곡선),162.80536,147.9071,162.80536,176.45786
2021-08-20 19:00:00,Chronos-2 (+기준 곡선),156.39685,142.1687,156.39685,169.69464
2021-08-20 19:15:00,Chronos-2 (+기준 곡선),148.08026,133.45638,148.08026,161.39038
2021-08-20 19:30:00,Chronos-2 (+기준 곡선),143.4459,129.70851,143.4459,157.92398
2021-08-20 19:45:00,Chronos-2 (+기준 곡선),123.27193,110.75653,123.27193,136.92722
2021-08-20 20:00:00,Chronos-2 (+기준 곡선),114.1514,103.248436,114.1514,125.62579
2021-08-20 20:15:00,Chronos-2 (+기준 곡선),118.49341,108.02097,118.49341,129.25763
2021-08-20 20:30:00,Chronos-2 (+기준 곡선),118.45694,107.72817,118.45694,129.26698
2021-08-20 20:45:00,Chronos-2 (+기준 곡선),116.95619,106.466484,116.95619,127.47071
2021-08-20 21:00:00,Chronos-2 (+기준 곡선),114.763985,104.31766,114.763985,125.57977
2021-08-20 21:15:00,Chronos-2 (+기준 곡선),113.08016,102.52183,113.08016,123.8967
2021-08-20 21:30:00,Chronos-2 (+기준 곡선),113.60389,103.19022,113.60389,124.41949
2021-08-20 21:45:00,Chronos-2 (+기준 곡선),112.64302,102.07922,112.64302,124.013565
2021-08-20 22:00:00,Chronos-2 (+기준 곡선),101.277985,90.13723,101.277985,112.02322
2021-08-20 22:15:00,Chronos-2 (+기준 곡선),110.52714,99.671555,110.52714,121.265816
2021-08-20 22:30:00,Chronos-2 (+기준 곡선),110.113174,99.56392,110.113174,121.25227
2021-08-20 22:45:00,Chronos-2 (+기준 곡선),109.09198,98.29979,109.09198,119.93205
2021-08-20 23:00:00,Chronos-2 (+기준 곡선),109.16698,98.363785,109.16698,120.008545
2021-08-20 23:15:00,Chronos-2 (+기준 곡선),107.479614,96.70298,107.479614,118.53004
2021-08-20 23:30:00,Chronos-2 (+기준 곡선),103.35779,92.187675,103.35779,114.4623
2021-08-20 23:45:00,Chronos-2 (+기준 곡선),83.67979,72.53863,83.67979,94.86777
2021-08-21 00:00:00,Chronos-2 (+기준 곡선),69.64362,60.14412,69.64362,77.6737
2021-08-21 00:15:00,Chronos-2 (+기준 곡선),65.73127,56.54368,65.73127,74.28402
2021-08-21 00:30:00,Chronos-2 (+기준 곡선),63.379375,54.162086,63.379375,71.76539
2021-08-21 00:45:00,Chronos-2 (+기준 곡선),63.46071,53.520947,63.46071,72.24055
2021-08-21 01:00:00,Chronos-2 (+기준 곡선),86.57733,78.49462,86.57733,94.41386
2021-08-21 01:15:00,Chronos-2 (+기준 곡선),97.13612,88.725845,97.13612,104.648766
2021-08-21 01:30:00,Chronos-2 (+기준 곡선),100.68358,93.14557,100.68358,108.41968
2021-08-21 01:45:00,Chronos-2 (+기준 곡선),101.83979,93.756874,101.83979,109.3485
2021-08-21 02:00:00,Chronos-2 (+기준 곡선),102.09273,94.30266,102.09273,109.20405
2021-08-21 02:15:00,Chronos-2 (+기준 곡선),101.73109,93.632034,101.73109,108.867836
2021-08-21 02:30:00,Chronos-2 (+기준 곡선),99.145706,91.0468,99.145706,106.823685
2021-08-21 02:45:00,Chronos-2 (+기준 곡선),96.12742,87.87818,96.12742,103.734795
2021-08-21 03:00:00,Chronos-2 (+기준 곡선),85.458694,75.37909,85.458694,93.52765
2021-08-21 03:15:00,Chronos-2 (+기준 곡선),93.174675,84.22313,93.174675,101.19447
2021-08-21 03:30:00,Chronos-2 (+기준 곡선),96.148506,87.40706,96.148506,104.74834
2021-08-21 03:45:00,Chronos-2 (+기준 곡선),96.568954,88.48808,96.568954,104.43605
2021-08-21 04:00:00,Chronos-2 (+기준 곡선),95.58826,88.0893,95.58826,104.608086
2021-08-21 04:15:00,Chronos-2 (+기준 곡선),94.39583,86.5819,94.39583,103.21452
2021-08-21 04:30:00,Chronos-2 (+기준 곡선),93.850624,85.55733,93.850624,102.55697
2021-08-21 04:45:00,Chronos-2 (+기준 곡선),90.84176,82.490326,90.84176,99.739395
2021-08-21 05:00:00,Chronos-2 (+기준 곡선),81.13266,72.15452,81.13266,89.50247
2021-08-21 05:15:00,Chronos-2 (+기준 곡선),78.758575,68.42311,78.758575,87.444756
2021-08-21 05:30:00,Chronos-2 (+기준 곡선),85.91977,77.027916,85.91977,94.663536
2021-08-21 05:45:00,Chronos-2 (+기준 곡선),90.19853,81.283875,90.19853,100.222
2021-08-21 06:00:00,Chronos-2 (+기준 곡선),89.82522,80.730156,89.82522,99.16034
2021-08-21 06:15:00,Chronos-2 (+기준 곡선),88.33203,79.29149,88.33203,97.360565
2021-08-21 06:30:00,Chronos-2 (+기준 곡선),86.1904,77.51412,86.1904,94.61432
2021-08-21 06:45:00,Chronos-2 (+기준 곡선),84.08303,75.444214,84.08303,92.501816
2021-08-21 07:00:00,Chronos-2 (+기준 곡선),79.7582,70.905876,79.7582,88.40541
2021-08-21 07:15:00,Chronos-2 (+기준 곡선),70.17825,60.35297,70.17825,79.35057
2021-08-21 07:30:00,Chronos-2 (+기준 곡선),45.200645,35.476944,45.200645,56.71028
2021-08-21 07:45:00,Chronos-2 (+기준 곡선),28.132996,20.728767,28.132996,36.738144
2021-08-21 08:00:00,Chronos-2 (+기준 곡선),23.30542,21.290916,23.30542,25.654152
2021-08-21 08:15:00,Chronos-2 (+기준 곡선),23.088562,21.433815,23.088562,25.218971
2021-08-21 08:30:00,Chronos-2 (+기준 곡선),23.095512,21.380928,23.095512,25.03508
2021-08-21 08:45:00,Chronos-2 (+기준 곡선),23.262283,21.77436,23.262283,24.87416
2021-08-21 09:00:00,Chronos-2 (+기준 곡선),22.784554,21.746529,22.784554,24.556839
2021-08-21 09:15:00,Chronos-2 (+기준 곡선),23.031776,21.397522,23.031776,25.031586
2021-08-21 09:30:00,Chronos-2 (+기준 곡선),23.044563,21.629822,23.044563,24.781479
2021-08-21 09:45:00,Chronos-2 (+기준 곡선),23.246063,21.565529,23.246063,24.94342
2021-08-21 10:00:00,Chronos-2 (+기준 곡선),22.98758,21.365044,22.98758,24.58606
2021-08-21 10:15:00,Chronos-2 (+기준 곡선),23.294136,21.488808,23.294136,24.953224
2021-08-21 10:30:00,Chronos-2 (+기준 곡선),23.218628,21.461128,23.218628,24.631844
2021-08-21 10:45:00,Chronos-2 (+기준 곡선),23.296684,21.747307,23.296684,24.9235
2021-08-21 11:00:00,Chronos-2 (+기준 곡선),23.411026,21.699448,23.411026,25.48256
2021-08-21 11:15:00,Chronos-2 (+기준 곡선),23.333687,21.616531,23.333687,25.11805
2021-08-21 11:30:00,Chronos-2 (+기준 곡선),23.316986,21.788803,23.316986,25.256973
2021-08-21 11:45:00,Chronos-2 (+기준 곡선),23.27346,21.621147,23.27346,25.089485
2021-08-21 12:00:00,Chronos-2 (+기준 곡선),23.061508,21.235367,23.061508,24.96814
2021-08-21 12:15:00,Chronos-2 (+기준 곡선),22.885765,21.374,22.885765,24.755165
2021-08-21 12:30:00,Chronos-2 (+기준 곡선),22.859123,21.344566,22.859123,24.479446
2021-08-21 12:45:00,Chronos-2 (+기준 곡선),23.00824,21.570831,23.00824,24.413612
2021-08-21 13:00:00,Chronos-2 (+기준 곡선),22.584099,21.592026,22.584099,24.254417
2021-08-21 13:15:00,Chronos-2 (+기준 곡선),22.758629,21.20208,22.758629,24.676895
2021-08-21 13:30:00,Chronos-2 (+기준 곡선),22.846382,21.522446,22.846382,24.446213
2021-08-21 13:45:00,Chronos-2 (+기준 곡선),22.935623,21.309723,22.935623,24.599838
2021-08-21 14:00:00,Chronos-2 (+기준 곡선),22.894356,21.345016,22.894356,24.481026
2021-08-21 14:15:00,Chronos-2 (+기준 곡선),23.18364,21.40004,23.18364,24.717987
2021-08-21 14:30:00,Chronos-2 (+기준 곡선),23.12188,21.452675,23.12188,24.46743
2021-08-21 14:45:00,Chronos-2 (+기준 곡선),23.178154,21.678116,23.178154,24.71785
2021-08-21 15:00:00,Chronos-2 (+기준 곡선),23.3637,21.789879,23.3637,25.202469
2021-08-21 15:15:00,Chronos-2 (+기준 곡선),23.321892,21.600044,23.321892,24.889992
2021-08-21 15:30:00,Chronos-2 (+기준 곡선),23.18528,21.62062,23.18528,24.943924
2021-08-21 15:45:00,Chronos-2 (+기준 곡선),23.169174,21.652008,23.169174,24.862762
2021-08-21 16:00:00,Chronos-2 (+기준 곡선),23.23497,21.423073,23.23497,25.242432
2021-08-21 16:15:00,Chronos-2 (+기준 곡선),23.034447,21.560783,23.034447,25.048569
2021-08-21 16:30:00,Chronos-2 (+기준 곡선),23.02304,21.448158,23.02304,24.743187
2021-08-21 16:45:00,Chronos-2 (+기준 곡선),23.134178,21.683296,23.134178,24.596458
2021-08-21 17:00:00,Chronos-2 (+기준 곡선),22.82425,21.788849,22.82425,24.369377
2021-08-21 17:15:00,Chronos-2 (+기준 곡선),22.886192,21.544106,22.886192,24.7174
2021-08-21 17:30:00,Chronos-2 (+기준 곡선),22.83316,21.577759,22.83316,24.488045
2021-08-21 17:45:00,Chronos-2 (+기준 곡선),22.914116,21.327667,22.914116,24.74292
2021-08-21 18:00:00,Chronos-2 (+기준 곡선),22.967964,21.447174,22.967964,24.657799
2021-08-21 18:15:00,Chronos-2 (+기준 곡선),23.210938,21.535294,23.210938,24.827728
2021-08-21 18:30:00,Chronos-2 (+기준 곡선),23.176636,21.514336,23.176636,24.645874
2021-08-21 18:45:00,Chronos-2 (+기준 곡선),23.208,21.73877,23.208,24.825066
2021-08-21 19:00:00,Chronos-2 (+기준 곡선),23.403534,21.733536,23.403534,25.315857
2021-08-21 19:15:00,Chronos-2 (+기준 곡선),23.213768,21.549263,23.213768,24.865204
2021-08-21 19:30:00,Chronos-2 (+기준 곡선),22.848831,21.56842,22.848831,24.610382
2021-08-21 19:45:00,Chronos-2 (+기준 곡선),22.775063,21.313118,22.775063,24.34523
2021-08-21 20:00:00,Chronos-2 (+기준 곡선),23.23275,21.537437,23.23275,25.119576
2021-08-21 20:15:00,Chronos-2 (+기준 곡선),23.077911,21.749176,23.077911,24.902367
2021-08-21 20:30:00,Chronos-2 (+기준 곡선),23.165794,21.65438,23.165794,24.758652
2021-08-21 20:45:00,Chronos-2 (+기준 곡선),23.15239,21.757477,23.15239,24.718071
2021-08-21 21:00:00,Chronos-2 (+기준 곡선),22.903816,21.640686,22.903816,24.621948
2021-08-21 21:15:00,Chronos-2 (+기준 곡선),23.109734,21.68431,23.109734,25.041061
2021-08-21 21:30:00,Chronos-2 (+기준 곡선),23.195343,21.887413,23.195343,24.922417
2021-08-21 21:45:00,Chronos-2 (+기준 곡선),23.129967,21.721443,23.129967,25.016403
2021-08-21 22:00:00,Chronos-2 (+기준 곡선),23.280807,21.880936,23.280807,24.97834
2021-08-21 22:15:00,Chronos-2 (+기준 곡선),23.495087,21.87561,23.495087,25.350563
2021-08-21 22:30:00,Chronos-2 (+기준 곡선),23.560677,21.92353,23.560677,25.05156
2021-08-21 22:45:00,Chronos-2 (+기준 곡선),23.534721,22.079239,23.534721,25.154846
2021-08-21 23:00:00,Chronos-2 (+기준 곡선),23.645142,22.097374,23.645142,25.431366
2021-08-21 23:15:00,Chronos-2 (+기준 곡선),23.507141,21.965729,23.507141,25.062012
2021-08-21 23:30:00,Chronos-2 (+기준 곡선),23.155716,21.797005,23.155716,24.83744
2021-08-21 23:45:00,Chronos-2 (+기준 곡선),22.9477,21.574577,22.9477,24.536964
2021-08-22 00:00:00,Chronos-2 (+기준 곡선),22.819786,21.37046,22.819786,24.233452
2021-08-22 00:15:00,Chronos-2 (+기준 곡선),22.749023,21.54094,22.749023,24.127472
2021-08-22 00:30:00,Chronos-2 (+기준 곡선),22.837738,21.606606,22.837738,23.968216
2021-08-22 00:45:00,Chronos-2 (+기준 곡선),22.732353,21.492172,22.732353,23.941307
2021-08-22 01:00:00,Chronos-2 (+기준 곡선),22.659943,21.674461,22.659943,23.945435
2021-08-22 01:15:00,Chronos-2 (+기준 곡선),22.90554,21.695679,22.90554,24.362862
2021-08-22 01:30:00,Chronos-2 (+기준 곡선),22.946045,21.932549,22.946045,24.241638
2021-08-22 01:45:00,Chronos-2 (+기준 곡선),22.95269,21.704361,22.95269,24.418152
2021-08-22 02:00:00,Chronos-2 (+기준 곡선),22.93943,21.790283,22.93943,24.286331
2021-08-22 02:15:00,Chronos-2 (+기준 곡선),23.077873,21.774353,23.077873,24.362823
2021-08-22 02:30:00,Chronos-2 (+기준 곡선),23.029808,21.763779,23.029808,24.04908
2021-08-22 02:45:00,Chronos-2 (+기준 곡선),23.037415,21.892288,23.037415,24.229576
2021-08-22 03:00:00,Chronos-2 (+기준 곡선),23.117508,21.966919,23.117508,24.489555
2021-08-22 03:15:00,Chronos-2 (+기준 곡선),23.086441,21.725891,23.086441,24.306854
2021-08-22 03:30:00,Chronos-2 (+기준 곡선),22.819855,21.837616,22.819855,24.026215
2021-08-22 03:45:00,Chronos-2 (+기준 곡선),22.765022,21.676971,22.765022,24.029709
2021-08-22 04:00:00,Chronos-2 (+기준 곡선),23.037682,21.58191,23.037682,24.592827
2021-08-22 04:15:00,Chronos-2 (+기준 곡선),22.989105,21.65393,22.989105,24.571053
2021-08-22 04:30:00,Chronos-2 (+기준 곡선),23.011314,21.60913,23.011314,24.37516
2021-08-22 04:45:00,Chronos-2 (+기준 곡선),22.848099,21.49144,22.848099,24.266571
2021-08-22 05:00:00,Chronos-2 (+기준 곡선),22.79461,21.565277,22.79461,24.200836
2021-08-22 05:15:00,Chronos-2 (+기준 곡선),22.928024,21.584106,22.928024,24.547447
2021-08-22 05:30:00,Chronos-2 (+기준 곡선),22.922379,21.897186,22.922379,24.344536
2021-08-22 05:45:00,Chronos-2 (+기준 곡선),22.847176,21.588295,22.847176,24.37725
2021-08-22 06:00:00,Chronos-2 (+기준 곡선),22.807968,21.560516,22.807968,24.211113
2021-08-22 06:15:00,Chronos-2 (+기준 곡선),22.949379,21.49968,22.949379,24.389816
2021-08-22 06:30:00,Chronos-2 (+기준 곡선),22.914223,21.53608,22.914223,24.024017
2021-08-22 06:45:00,Chronos-2 (+기준 곡선),22.91439,21.671387,22.91439,24.154457
2021-08-22 07:00:00,Chronos-2 (+기준 곡선),23.005066,21.70494,23.005066,24.558136
2021-08-22 07:15:00,Chronos-2 (+기준 곡선),22.957191,21.541931,22.957191,24.319908
2021-08-22 07:30:00,Chronos-2 (+기준 곡선),22.676369,21.529915,22.676369,24.055855
2021-08-22 07:45:00,Chronos-2 (+기준 곡선),22.679565,21.466888,22.679565,24.124382
2021-08-22 08:00:00,Chronos-2 (+기준 곡선),23.087227,21.664871,23.087227,24.677116
2021-08-22 08:15:00,Chronos-2 (+기준 곡선),23.081696,21.829231,23.081696,24.690117
2021-08-22 08:30:00,Chronos-2 (+기준 곡선),23.139824,21.750793,23.139824,24.603378
2021-08-22 08:45:00,Chronos-2 (+기준 곡선),22.96508,21.735489,22.96508,24.49823
2021-08-22 09:00:00,Chronos-2 (+기준 곡선),22.951286,21.729439,22.951286,24.319283
2021-08-22 09:15:00,Chronos-2 (+기준 곡선),23.040672,21.686317,23.040672,24.67955
2021-08-22 09:30:00,Chronos-2 (+기준 곡선),22.990631,21.92566,22.990631,24.38935
2021-08-22 09:45:00,Chronos-2 (+기준 곡선),22.886475,21.652946,22.886475,24.325157
2021-08-22 10:00:00,Chronos-2 (+기준 곡선),22.825745,21.649689,22.825745,24.087791
2021-08-22 10:15:00,Chronos-2 (+기준 곡선),22.989876,21.603615,22.989876,24.277496
2021-08-22 10:30:00,Chronos-2 (+기준 곡선),22.999466,21.639084,22.999466,24.089241
2021-08-22 10:45:00,Chronos-2 (+기준 곡선),23.06356,21.815552,23.06356,24.238953
2021-08-22 11:00:00,Chronos-2 (+기준 곡선),23.232834,21.93206,23.232834,24.71788
2021-08-22 11:15:00,Chronos-2 (+기준 곡선),23.148842,21.786926,23.148842,24.518723
2021-08-22 11:30:00,Chronos-2 (+기준 곡선),22.953163,21.759132,22.953163,24.340927
2021-08-22 11:45:00,Chronos-2 (+기준 곡선),22.910454,21.722809,22.910454,24.213974
2021-08-22 12:00:00,Chronos-2 (+기준 곡선),23.161224,21.704025,23.161224,24.673485
2021-08-22 12:15:00,Chronos-2 (+기준 곡선),23.059586,21.770386,23.059586,24.620552
2021-08-22 12:30:00,Chronos-2 (+기준 곡선),23.067795,21.702202,23.067795,24.393982
2021-08-22 12:45:00,Chronos-2 (+기준 곡선),22.849571,21.580116,22.849571,24.259384
2021-08-22 13:00:00,Chronos-2 (+기준 곡선),22.794647,21.639427,22.794647,24.105965
2021-08-22 13:15:00,Chronos-2 (+기준 곡선),22.911934,21.612305,22.911934,24.456673
2021-08-22 13:30:00,Chronos-2 (+기준 곡선),22.915977,21.915161,22.915977,24.215637
2021-08-22 13:45:00,Chronos-2 (+기준 곡선),22.877754,21.614143,22.877754,24.306236
2021-08-22 14:00:00,Chronos-2 (+기준 곡선),22.854485,21.676353,22.854485,24.185242
2021-08-22 14:15:00,Chronos-2 (+기준 곡선),23.06324,21.722198,23.06324,24.387688
2021-08-22 14:30:00,Chronos-2 (+기준 곡선),23.085968,21.73188,23.085968,24.201797
2021-08-22 14:45:00,Chronos-2 (+기준 곡선),23.144753,21.90187,23.144753,24.36528
2021-08-22 15:00:00,Chronos-2 (+기준 곡선),23.264076,22.00953,23.264076,24.75985
2021-08-22 15:15:00,Chronos-2 (+기준 곡선),23.189178,21.76947,23.189178,24.513222
2021-08-22 15:30:00,Chronos-2 (+기준 곡선),22.95713,21.872429,22.95713,24.317307
2021-08-22 15:45:00,Chronos-2 (+기준 곡선),22.911598,21.714912,22.911598,24.246628
2021-08-22 16:00:00,Chronos-2 (+기준 곡선),23.22895,21.562714,23.22895,25.102318
2021-08-22 16:15:00,Chronos-2 (+기준 곡선),23.083923,21.63144,23.083923,24.991142
2021-08-22 16:30:00,Chronos-2 (+기준 곡선),22.980217,21.500107,22.980217,24.625473
2021-08-22 16:45:00,Chronos-2 (+기준 곡선),22.824982,21.541664,22.824982,24.425697
2021-08-22 17:00:00,Chronos-2 (+기준 곡선),22.48581,21.595657,22.48581,24.081322
2021-08-22 17:15:00,Chronos-2 (+기준 곡선),22.640076,21.230904,22.640076,24.452377
2021-08-22 17:30:00,Chronos-2 (+기준 곡선),22.669243,21.668343,22.669243,24.220802
2021-08-22 17:45:00,Chronos-2 (+기준 곡선),22.622414,21.225899,22.622414,24.344208
2021-08-22 18:00:00,Chronos-2 (+기준 곡선),22.683647,21.31469,22.683647,24.237099
2021-08-22 18:15:00,Chronos-2 (+기준 곡선),22.911903,21.324387,22.911903,24.510574
2021-08-22 18:30:00,Chronos-2 (+기준 곡선),22.951096,21.414474,22.951096,24.272545
2021-08-22 18:45:00,Chronos-2 (+기준 곡선),23.041603,21.601967,23.041603,24.397919
2021-08-22 19:00:00,Chronos-2 (+기준 곡선),23.216896,21.762115,23.216896,24.968376
2021-08-22 19:15:00,Chronos-2 (+기준 곡선),23.203613,21.600967,23.203613,24.791115
2021-08-22 19:30:00,Chronos-2 (+기준 곡선),23.034859,21.61901,23.034859,24.806961
2021-08-22 19:45:00,Chronos-2 (+기준 곡선),23.059189,21.584923,23.059189,24.638412
2021-08-22 20:00:00,Chronos-2 (+기준 곡선),23.146774,21.637604,23.146774,24.709656
2021-08-22 20:15:00,Chronos-2 (+기준 곡선),23.02324,21.789955,23.02324,24.544678
2021-08-22 20:30:00,Chronos-2 (+기준 곡선),23.045433,21.759438,23.045433,24.308205
2021-08-22 20:45:00,Chronos-2 (+기준 곡선),22.920609,21.786476,22.920609,24.252762
2021-08-22 21:00:00,Chronos-2 (+기준 곡선),22.780884,21.761986,22.780884,24.06823
2021-08-22 21:15:00,Chronos-2 (+기준 곡선),22.963654,21.735733,22.963654,24.517319
2021-08-22 21:30:00,Chronos-2 (+기준 곡선),23.00319,22.097725,23.00319,24.330315
2021-08-22 21:45:00,Chronos-2 (+기준 곡선),22.931381,21.825035,22.931381,24.332642
2021-08-22 22:00:00,Chronos-2 (+기준 곡선),22.975609,21.883232,22.975609,24.206665
2021-08-22 22:15:00,Chronos-2 (+기준 곡선),23.221245,21.885658,23.221245,24.500969
2021-08-22 22:30:00,Chronos-2 (+기준 곡선),23.284203,21.934486,23.284203,24.333519
2021-08-22 22:45:00,Chronos-2 (+기준 곡선),23.359169,22.126343,23.359169,24.492935
2021-08-22 23:00:00,Chronos-2 (+기준 곡선),23.51545,22.233452,23.51545,24.978691
2021-08-22 23:15:00,Chronos-2 (+기준 곡선),23.393158,22.068832,23.393158,24.729317
2021-08-22 23:30:00,Chronos-2 (+기준 곡선),23.054459,21.927834,23.054459,24.409012
2021-08-22 23:45:00,Chronos-2 (+기준 곡선),22.912468,21.703812,22.912468,24.1456
2021-08-23 00:00:00,Chronos-2 (+기준 곡선),22.902122,21.122871,22.902122,25.113121
2021-08-23 00:15:00,Chronos-2 (+기준 곡선),22.806122,21.240967,22.806122,25.025768
2021-08-23 00:30:00,Chronos-2 (+기준 곡선),22.747513,21.296043,22.747513,24.623077
2021-08-23 00:45:00,Chronos-2 (+기준 곡선),22.645393,21.036186,22.645393,24.5579
2021-08-23 01:00:00,Chronos-2 (+기준 곡선),22.370934,21.145256,22.370934,24.233902
2021-08-23 01:15:00,Chronos-2 (+기준 곡선),22.64338,21.240776,22.64338,24.924068
2021-08-23 01:30:00,Chronos-2 (+기준 곡선),22.672813,21.39289,22.672813,24.744373
2021-08-23 01:45:00,Chronos-2 (+기준 곡선),22.57589,21.058662,22.57589,24.898159
2021-08-23 02:00:00,Chronos-2 (+기준 곡선),22.593437,21.228836,22.593437,24.693317
2021-08-23 02:15:00,Chronos-2 (+기준 곡선),22.778107,21.28521,22.778107,24.877327
2021-08-23 02:30:00,Chronos-2 (+기준 곡선),22.823212,21.403221,22.823212,24.566448
2021-08-23 02:45:00,Chronos-2 (+기준 곡선),22.88166,21.485733,22.88166,24.8787
2021-08-23 03:00:00,Chronos-2 (+기준 곡선),22.8488,21.593002,22.8488,24.951145
2021-08-23 03:15:00,Chronos-2 (+기준 곡선),22.800514,21.284096,22.800514,24.665005
2021-08-23 03:30:00,Chronos-2 (+기준 곡선),22.411575,21.28431,22.411575,24.228065
2021-08-23 03:45:00,Chronos-2 (+기준 곡선),22.240265,21.075523,22.240265,23.957611
2021-08-23 04:00:00,Chronos-2 (+기준 곡선),23.089508,20.647308,23.089508,25.178581
2021-08-23 04:15:00,Chronos-2 (+기준 곡선),22.886353,20.737762,22.886353,25.24271
2021-08-23 04:30:00,Chronos-2 (+기준 곡선),22.62751,20.437393,22.62751,24.586655
2021-08-23 04:45:00,Chronos-2 (+기준 곡선),22.638992,20.345009,22.638992,24.953228
2021-08-23 05:00:00,Chronos-2 (+기준 곡선),22.445938,20.691666,22.445938,24.703918
2021-08-23 05:15:00,Chronos-2 (+기준 곡선),22.530533,20.41896,22.530533,24.347954
2021-08-23 05:30:00,Chronos-2 (+기준 곡선),22.459435,20.390495,22.459435,24.633217
2021-08-23 05:45:00,Chronos-2 (+기준 곡선),22.365517,20.231316,22.365517,24.923569
2021-08-23 06:00:00,Chronos-2 (+기준 곡선),22.551788,20.599266,22.551788,24.565243
2021-08-23 06:15:00,Chronos-2 (+기준 곡선),22.327377,20.0131,22.327377,24.236526
2021-08-23 06:30:00,Chronos-2 (+기준 곡선),22.419472,19.841896,22.419472,24.44738
2021-08-23 06:45:00,Chronos-2 (+기준 곡선),22.761597,20.105148,22.761597,25.458405
2021-08-23 07:00:00,Chronos-2 (+기준 곡선),24.232735,20.681335,24.232735,28.508774
2021-08-23 07:15:00,Chronos-2 (+기준 곡선),38.794403,26.906631,38.794403,52.05135
2021-08-23 07:30:00,Chronos-2 (+기준 곡선),69.957855,55.069664,69.957855,83.31531
2021-08-23 07:45:00,Chronos-2 (+기준 곡선),116.36022,100.00503,116.36022,131.88092
2021-08-23 08:00:00,Chronos-2 (+기준 곡선),159.91492,141.21217,159.91492,179.34961
2021-08-23 08:15:00,Chronos-2 (+기준 곡선),184.14442,165.47545,184.14442,203.87914
2021-08-23 08:30:00,Chronos-2 (+기준 곡선),184.74203,165.09265,184.74203,202.98938
2021-08-23 08:45:00,Chronos-2 (+기준 곡선),179.3436,161.10406,179.3436,197.50658
2021-08-23 09:00:00,Chronos-2 (+기준 곡선),175.51068,157.28543,175.51068,193.76932
2021-08-23 09:15:00,Chronos-2 (+기준 곡선),173.70306,155.24097,173.70306,192.71225
2021-08-23 09:30:00,Chronos-2 (+기준 곡선),173.91776,155.62524,173.91776,193.307
2021-08-23 09:45:00,Chronos-2 (+기준 곡선),169.37659,150.45142,169.37659,187.99973
2021-08-23 10:00:00,Chronos-2 (+기준 곡선),141.35654,122.285,141.35654,162.32826
2021-08-23 10:15:00,Chronos-2 (+기준 곡선),165.5611,147.01094,165.5611,184.71097
2021-08-23 10:30:00,Chronos-2 (+기준 곡선),166.92224,147.12758,166.92224,186.31696
2021-08-23 10:45:00,Chronos-2 (+기준 곡선),168.72614,149.67828,168.72614,187.92471
2021-08-23 11:00:00,Chronos-2 (+기준 곡선),168.05441,149.29538,168.05441,187.53194
2021-08-23 11:15:00,Chronos-2 (+기준 곡선),167.04056,147.89603,167.04056,185.49527
2021-08-23 11:30:00,Chronos-2 (+기준 곡선),165.73344,147.12657,165.73344,184.887
2021-08-23 11:45:00,Chronos-2 (+기준 곡선),159.54446,140.42903,159.54446,179.49591
2021-08-23 12:00:00,Chronos-2 (+기준 곡선),113.61902,93.82411,113.61902,134.0943
2021-08-23 12:15:00,Chronos-2 (+기준 곡선),98.893005,81.03542,98.893005,116.02548
2021-08-23 12:30:00,Chronos-2 (+기준 곡선),95.48781,77.71433,95.48781,112.83926
2021-08-23 12:45:00,Chronos-2 (+기준 곡선),103.70245,84.31199,103.70245,123.3571
2021-08-23 13:00:00,Chronos-2 (+기준 곡선),146.55408,121.29471,146.55408,171.42075
2021-08-23 13:15:00,Chronos-2 (+기준 곡선),156.91783,132.00638,156.91783,182.89659
2021-08-23 13:30:00,Chronos-2 (+기준 곡선),158.2418,134.90756,158.2418,182.69858
2021-08-23 13:45:00,Chronos-2 (+기준 곡선),159.2887,135.08687,159.2887,183.83333
2021-08-23 14:00:00,Chronos-2 (+기준 곡선),158.90814,133.85037,158.90814,183.23575
2021-08-23 14:15:00,Chronos-2 (+기준 곡선),158.00116,133.21132,158.00116,181.59674
2021-08-23 14:30:00,Chronos-2 (+기준 곡선),160.24442,134.0334,160.24442,185.76016
2021-08-23 14:45:00,Chronos-2 (+기준 곡선),155.47693,130.7878,155.47693,180.81757
2021-08-23 15:00:00,Chronos-2 (+기준 곡선),122.23241,99.80742,122.23241,145.51758
2021-08-23 15:15:00,Chronos-2 (+기준 곡선),134.68358,111.76408,134.68358,158.45819
2021-08-23 15:30:00,Chronos-2 (+기준 곡선),150.7807,127.472046,150.7807,174.3979
2021-08-23 15:45:00,Chronos-2 (+기준 곡선),149.96844,126.22712,149.96844,175.05466
2021-08-23 16:00:00,Chronos-2 (+기준 곡선),141.34276,109.91905,141.34276,183.06558
2021-08-23 16:15:00,Chronos-2 (+기준 곡선),142.38838,109.71521,142.38838,184.54999
2021-08-23 16:30:00,Chronos-2 (+기준 곡선),140.7976,108.36888,140.7976,181.01724
2021-08-23 16:45:00,Chronos-2 (+기준 곡선),133.42365,103.91301,133.42365,172.07637
2021-08-23 17:00:00,Chronos-2 (+기준 곡선),117.46474,90.64202,117.46474,153.46509
2021-08-23 17:15:00,Chronos-2 (+기준 곡선),110.23183,85.081154,110.23183,143.60538
2021-08-23 17:30:00,Chronos-2 (+기준 곡선),113.40022,86.90411,113.40022,146.47011
2021-08-23 17:45:00,Chronos-2 (+기준 곡선),114.12501,86.92967,114.12501,149.08603
2021-08-23 18:00:00,Chronos-2 (+기준 곡선),112.97531,86.092964,112.97531,146.88113
2021-08-23 18:15:00,Chronos-2 (+기준 곡선),108.64684,82.60055,108.64684,141.29353
2021-08-23 18:30:00,Chronos-2 (+기준 곡선),104.47001,81.92318,104.47001,134.44675
2021-08-23 18:45:00,Chronos-2 (+기준 곡선),102.94635,80.72222,102.94635,132.44609
2021-08-23 19:00:00,Chronos-2 (+기준 곡선),104.67651,82.54494,104.67651,134.66763
2021-08-23 19:15:00,Chronos-2 (+기준 곡선),103.73105,82.09433,103.73105,131.35716
2021-08-23 19:30:00,Chronos-2 (+기준 곡선),97.99,79.1458,97.99,121.16915
2021-08-23 19:45:00,Chronos-2 (+기준 곡선),89.670395,73.51978,89.670395,109.28542
2021-08-23 20:00:00,Chronos-2 (+기준 곡선),92.72949,77.43904,92.72949,106.02206
2021-08-23 20:15:00,Chronos-2 (+기준 곡선),98.79714,84.1292,98.79714,112.26504
2021-08-23 20:30:00,Chronos-2 (+기준 곡선),100.14426,85.68081,100.14426,113.840866
2021-08-23 20:45:00,Chronos-2 (+기준 곡선),101.93951,87.18911,101.93951,115.528
2021-08-23 21:00:00,Chronos-2 (+기준 곡선),105.97946,92.49599,105.97946,118.96948
2021-08-23 21:15:00,Chronos-2 (+기준 곡선),107.06615,94.211426,107.06615,119.37901
2021-08-23 21:30:00,Chronos-2 (+기준 곡선),105.21825,93.07293,105.21825,117.058014
2021-08-23 21:45:00,Chronos-2 (+기준 곡선),100.8855,88.96004,100.8855,113.23583
2021-08-23 22:00:00,Chronos-2 (+기준 곡선),92.63941,79.9342,92.63941,103.83382
2021-08-23 22:15:00,Chronos-2 (+기준 곡선),98.45676,86.45876,98.45676,109.4012
2021-08-23 22:30:00,Chronos-2 (+기준 곡선),98.631065,86.5985,98.631065,109.90489
2021-08-23 22:45:00,Chronos-2 (+기준 곡선),98.97752,87.212616,98.97752,110.04167
2021-08-23 23:00:00,Chronos-2 (+기준 곡선),99.103966,87.40877,99.103966,110.22911
2021-08-23 23:15:00,Chronos-2 (+기준 곡선),99.69145,88.070816,99.69145,110.552765
2021-08-23 23:30:00,Chronos-2 (+기준 곡선),94.75103,82.062965,94.75103,106.49353
2021-08-23 23:45:00,Chronos-2 (+기준 곡선),76.842964,63.788574,76.842964,88.741516
2021-08-24 00:00:00,Chronos-2 (+기준 곡선),71.236404,64.11798,71.236404,77.28923
2021-08-24 00:15:00,Chronos-2 (+기준 곡선),67.86285,61.242867,67.86285,74.51159
2021-08-24 00:30:00,Chronos-2 (+기준 곡선),65.73358,58.54493,65.73358,72.33223
2021-08-24 00:45:00,Chronos-2 (+기준 곡선),64.074684,56.988087,64.074684,71.17932
2021-08-24 01:00:00,Chronos-2 (+기준 곡선),89.021225,81.80033,89.021225,96.05485
2021-08-24 01:15:00,Chronos-2 (+기준 곡선),99.16701,91.80805,99.16701,106.29335
2021-08-24 01:30:00,Chronos-2 (+기준 곡선),101.42802,94.58214,101.42802,108.67569
2021-08-24 01:45:00,Chronos-2 (+기준 곡선),101.64319,94.42077,101.64319,109.31553
2021-08-24 02:00:00,Chronos-2 (+기준 곡선),102.557465,95.599785,102.557465,109.66805
2021-08-24 02:15:00,Chronos-2 (+기준 곡선),102.52246,95.36574,102.52246,109.45046
2021-08-24 02:30:00,Chronos-2 (+기준 곡선),102.21896,95.20919,102.21896,109.69194
2021-08-24 02:45:00,Chronos-2 (+기준 곡선),101.88306,94.64629,101.88306,109.5844
2021-08-24 03:00:00,Chronos-2 (+기준 곡선),90.695305,82.999596,90.695305,97.64275
2021-08-24 03:15:00,Chronos-2 (+기준 곡선),101.19975,93.869194,101.19975,108.26147
2021-08-24 03:30:00,Chronos-2 (+기준 곡선),102.58134,95.289566,102.58134,110.18628
2021-08-24 03:45:00,Chronos-2 (+기준 곡선),101.42933,94.299576,101.42933,108.71446
2021-08-24 04:00:00,Chronos-2 (+기준 곡선),100.17729,92.95744,100.17729,107.74621
2021-08-24 04:15:00,Chronos-2 (+기준 곡선),100.27355,93.35158,100.27355,108.116
2021-08-24 04:30:00,Chronos-2 (+기준 곡선),97.76625,90.03606,97.76625,105.196915
2021-08-24 04:45:00,Chronos-2 (+기준 곡선),93.97895,85.47558,93.97895,101.5067
2021-08-24 05:00:00,Chronos-2 (+기준 곡선),76.51089,69.12262,76.51089,83.64604
2021-08-24 05:15:00,Chronos-2 (+기준 곡선),72.35849,65.08409,72.35849,79.22331
2021-08-24 05:30:00,Chronos-2 (+기준 곡선),89.40871,82.061516,89.40871,96.41225
2021-08-24 05:45:00,Chronos-2 (+기준 곡선),99.94775,92.557686,99.94775,107.38437
2021-08-24 06:00:00,Chronos-2 (+기준 곡선),103.50407,96.21515,103.50407,110.97614
2021-08-24 06:15:00,Chronos-2 (+기준 곡선),104.09164,96.43796,104.09164,111.382614
2021-08-24 06:30:00,Chronos-2 (+기준 곡선),101.54721,94.70999,101.54721,108.84193
2021-08-24 06:45:00,Chronos-2 (+기준 곡선),101.480515,93.68613,101.480515,109.13649
2021-08-24 07:00:00,Chronos-2 (+기준 곡선),104.09453,95.863335,104.09453,111.89255
2021-08-24 07:15:00,Chronos-2 (+기준 곡선),115.27101,106.06326,115.27101,123.87301
2021-08-24 07:30:00,Chronos-2 (+기준 곡선),138.78616,129.3919,138.78616,148.62589
2021-08-24 07:45:00,Chronos-2 (+기준 곡선),139.51909,129.22028,139.51909,150.70183
2021-08-24 08:00:00,Chronos-2 (+기준 곡선),167.28113,151.51505,167.28113,181.90488
2021-08-24 08:15:00,Chronos-2 (+기준 곡선),184.16956,169.30533,184.16956,198.43036
2021-08-24 08:30:00,Chronos-2 (+기준 곡선),186.99533,171.0532,186.99533,200.65161
2021-08-24 08:45:00,Chronos-2 (+기준 곡선),181.48996,166.75415,181.48996,195.24683
2021-08-24 09:00:00,Chronos-2 (+기준 곡선),174.76608,160.00699,174.76608,189.27962
2021-08-24 09:15:00,Chronos-2 (+기준 곡선),174.89859,160.42343,174.89859,188.6912
2021-08-24 09:30:00,Chronos-2 (+기준 곡선),176.90219,162.49384,176.90219,190.7336
2021-08-24 09:45:00,Chronos-2 (+기준 곡선),177.58508,162.40958,177.58508,191.26474
2021-08-24 10:00:00,Chronos-2 (+기준 곡선),149.25746,134.28535,149.25746,164.41335
2021-08-24 10:15:00,Chronos-2 (+기준 곡선),175.54707,160.19826,175.54707,189.53696
2021-08-24 10:30:00,Chronos-2 (+기준 곡선),178.0697,162.49396,178.0697,192.09251
2021-08-24 10:45:00,Chronos-2 (+기준 곡선),178.79507,163.26968,178.79507,192.14413
2021-08-24 11:00:00,Chronos-2 (+기준 곡선),179.01204,164.62952,179.01204,193.08752
2021-08-24 11:15:00,Chronos-2 (+기준 곡선),183.91125,168.81511,183.91125,197.34406
2021-08-24 11:30:00,Chronos-2 (+기준 곡선),186.37054,171.9599,186.37054,200.49911
2021-08-24 11:45:00,Chronos-2 (+기준 곡선),182.60257,167.51862,182.60257,197.47087
2021-08-24 12:00:00,Chronos-2 (+기준 곡선),120.104744,103.54318,120.104744,137.71854
2021-08-24 12:15:00,Chronos-2 (+기준 곡선),101.79758,86.11916,101.79758,117.2941
2021-08-24 12:30:00,Chronos-2 (+기준 곡선),103.62552,86.7941,103.62552,118.97191
2021-08-24 12:45:00,Chronos-2 (+기준 곡선),118.912636,101.603226,118.912636,136.08974
2021-08-24 13:00:00,Chronos-2 (+기준 곡선),167.91252,150.38144,167.91252,184.60938
2021-08-24 13:15:00,Chronos-2 (+기준 곡선),177.07895,160.16135,177.07895,194.46777
2021-08-24 13:30:00,Chronos-2 (+기준 곡선),179.92052,164.41055,179.92052,196.52774
2021-08-24 13:45:00,Chronos-2 (+기준 곡선),183.21262,167.35295,183.21262,199.30167
2021-08-24 14:00:00,Chronos-2 (+기준 곡선),179.93384,163.18954,179.93384,195.63748
2021-08-24 14:15:00,Chronos-2 (+기준 곡선),175.583,157.37798,175.583,191.20642
2021-08-24 14:30:00,Chronos-2 (+기준 곡선),177.89883,160.08516,177.89883,194.59314
2021-08-24 14:45:00,Chronos-2 (+기준 곡선),176.16269,158.12123,176.16269,193.43674
2021-08-24 15:00:00,Chronos-2 (+기준 곡선),134.59457,115.89658,134.59457,153.86285
2021-08-24 15:15:00,Chronos-2 (+기준 곡선),155.85419,135.02605,155.85419,174.631
2021-08-24 15:30:00,Chronos-2 (+기준 곡선),175.98288,156.45694,175.98288,193.55194
2021-08-24 15:45:00,Chronos-2 (+기준 곡선),178.2084,159.29936,178.2084,195.72723
2021-08-24 16:00:00,Chronos-2 (+기준 곡선),173.75058,156.78542,173.75058,188.70952
2021-08-24 16:15:00,Chronos-2 (+기준 곡선),170.16508,153.39627,170.16508,186.14706
2021-08-24 16:30:00,Chronos-2 (+기준 곡선),167.34946,149.40283,167.34946,182.83685
2021-08-24 16:45:00,Chronos-2 (+기준 곡선),162.31636,142.97118,162.31636,178.85571
2021-08-24 17:00:00,Chronos-2 (+기준 곡선),119.61813,102.05859,119.61813,136.87064
2021-08-24 17:15:00,Chronos-2 (+기준 곡선),110.70191,93.27015,110.70191,127.735016
2021-08-24 17:30:00,Chronos-2 (+기준 곡선),152.99,132.54352,152.99,169.81735
2021-08-24 17:45:00,Chronos-2 (+기준 곡선),164.31204,144.08768,164.31204,181.53467
2021-08-24 18:00:00,Chronos-2 (+기준 곡선),163.18216,142.7111,163.18216,179.34964
2021-08-24 18:15:00,Chronos-2 (+기준 곡선),163.31851,143.63278,163.31851,179.44011
2021-08-24 18:30:00,Chronos-2 (+기준 곡선),164.02869,144.31546,164.02869,180.79918
2021-08-24 18:45:00,Chronos-2 (+기준 곡선),163.50864,144.43266,163.50864,179.6094
2021-08-24 19:00:00,Chronos-2 (+기준 곡선),157.1319,139.42404,157.1319,172.66048
2021-08-24 19:15:00,Chronos-2 (+기준 곡선),148.52654,129.81519,148.52654,163.64316
2021-08-24 19:30:00,Chronos-2 (+기준 곡선),147.24286,130.80655,147.24286,162.48383
2021-08-24 19:45:00,Chronos-2 (+기준 곡선),128.27336,112.264275,128.27336,143.11816
2021-08-24 20:00:00,Chronos-2 (+기준 곡선),114.261925,102.887985,114.261925,125.4686
2021-08-24 20:15:00,Chronos-2 (+기준 곡선),120.459076,109.996704,120.459076,130.32881
2021-08-24 20:30:00,Chronos-2 (+기준 곡선),121.74521,111.035126,121.74521,132.03656
2021-08-24 20:45:00,Chronos-2 (+기준 곡선),118.77999,108.12695,118.77999,128.4671
2021-08-24 21:00:00,Chronos-2 (+기준 곡선),116.04969,105.73569,116.04969,126.01203
2021-08-24 21:15:00,Chronos-2 (+기준 곡선),113.914406,103.3423,113.914406,124.05287
2021-08-24 21:30:00,Chronos-2 (+기준 곡선),114.34971,104.162415,114.34971,124.32183
2021-08-24 21:45:00,Chronos-2 (+기준 곡선),113.46103,102.9188,113.46103,123.818054
2021-08-24 22:00:00,Chronos-2 (+기준 곡선),100.849174,89.58072,100.849174,111.165146
2021-08-24 22:15:00,Chronos-2 (+기준 곡선),110.80558,99.99204,110.80558,120.75905
2021-08-24 22:30:00,Chronos-2 (+기준 곡선),110.45407,99.61183,110.45407,121.209076
2021-08-24 22:45:00,Chronos-2 (+기준 곡선),109.3963,98.80083,109.3963,119.64792
2021-08-24 23:00:00,Chronos-2 (+기준 곡선),109.277885,98.838745,109.277885,119.15319
2021-08-24 23:15:00,Chronos-2 (+기준 곡선),106.88708,96.24431,106.88708,116.737976
2021-08-24 23:30:00,Chronos-2 (+기준 곡선),102.428955,91.98099,102.428955,111.704895
2021-08-24 23:45:00,Chronos-2 (+기준 곡선),84.7267,74.44383,84.7267,94.517715
2021-08-25 00:00:00,Chronos-2 (+기준 곡선),75.75553,68.639366,75.75553,82.055
2021-08-25 00:15:00,Chronos-2 (+기준 곡선),72.07567,65.531685,72.07567,79.04321
2021-08-25 00:30:00,Chronos-2 (+기준 곡선),69.761856,62.754658,69.761856,76.60552
2021-08-25 00:45:00,Chronos-2 (+기준 곡선),67.403206,60.609497,67.403206,74.817535
2021-08-25 01:00:00,Chronos-2 (+기준 곡선),92.90922,85.328804,92.90922,100.522095
2021-08-25 01:15:00,Chronos-2 (+기준 곡선),103.46231,95.603584,103.46231,111.22377
2021-08-25 01:30:00,Chronos-2 (+기준 곡선),105.902214,98.49985,105.902214,113.94493
2021-08-25 01:45:00,Chronos-2 (+기준 곡선),105.98805,98.17566,105.98805,114.37628
2021-08-25 02:00:00,Chronos-2 (+기준 곡선),105.6669,98.15675,105.6669,113.31073
2021-08-25 02:15:00,Chronos-2 (+기준 곡선),106.18242,98.52066,106.18242,113.68236
2021-08-25 02:30:00,Chronos-2 (+기준 곡선),105.82066,98.38445,105.82066,113.7467
2021-08-25 02:45:00,Chronos-2 (+기준 곡선),106.14271,98.453186,106.14271,114.25929
2021-08-25 03:00:00,Chronos-2 (+기준 곡선),94.3781,86.35854,94.3781,102.06551
2021-08-25 03:15:00,Chronos-2 (+기준 곡선),105.34104,97.2954,105.34104,113.28802
2021-08-25 03:30:00,Chronos-2 (+기준 곡선),107.20209,99.18134,107.20209,115.94544
2021-08-25 03:45:00,Chronos-2 (+기준 곡선),105.88878,98.060875,105.88878,113.869286
2021-08-25 04:00:00,Chronos-2 (+기준 곡선),104.49754,97.17978,104.49754,112.37662
2021-08-25 04:15:00,Chronos-2 (+기준 곡선),105.35192,98.31987,105.35192,113.325455
2021-08-25 04:30:00,Chronos-2 (+기준 곡선),102.319275,94.427765,102.319275,110.16497
2021-08-25 04:45:00,Chronos-2 (+기준 곡선),99.94825,91.49332,99.94825,107.87184
2021-08-25 05:00:00,Chronos-2 (+기준 곡선),80.16944,72.65178,80.16944,87.92346
2021-08-25 05:15:00,Chronos-2 (+기준 곡선),75.47616,68.27218,75.47616,82.73002
2021-08-25 05:30:00,Chronos-2 (+기준 곡선),94.14598,86.5636,94.14598,102.06241
2021-08-25 05:45:00,Chronos-2 (+기준 곡선),104.265434,96.58925,104.265434,112.17722
2021-08-25 06:00:00,Chronos-2 (+기준 곡선),108.79917,100.89397,108.79917,117.20377
2021-08-25 06:15:00,Chronos-2 (+기준 곡선),109.32672,101.13516,109.32672,117.30921
2021-08-25 06:30:00,Chronos-2 (+기준 곡선),106.5844,98.80217,106.5844,114.61164
2021-08-25 06:45:00,Chronos-2 (+기준 곡선),108.61963,100.19352,108.61963,116.77857
2021-08-25 07:00:00,Chronos-2 (+기준 곡선),110.53098,101.6812,110.53098,119.00953
2021-08-25 07:15:00,Chronos-2 (+기준 곡선),119.60307,109.81017,119.60307,128.60207
2021-08-25 07:30:00,Chronos-2 (+기준 곡선),144.55849,135.31593,144.55849,154.65085
2021-08-25 07:45:00,Chronos-2 (+기준 곡선),144.62051,134.25891,144.62051,155.40643
2021-08-25 08:00:00,Chronos-2 (+기준 곡선),169.10684,156.24449,169.10684,182.06224
2021-08-25 08:15:00,Chronos-2 (+기준 곡선),187.06586,174.28418,187.06586,199.68625
2021-08-25 08:30:00,Chronos-2 (+기준 곡선),190.3998,176.41043,190.3998,202.2482
2021-08-25 08:45:00,Chronos-2 (+기준 곡선),186.11774,173.65976,186.11774,197.9874
2021-08-25 09:00:00,Chronos-2 (+기준 곡선),178.89127,166.02704,178.89127,191.39673
2021-08-25 09:15:00,Chronos-2 (+기준 곡선),179.27019,167.001,179.27019,191.39319
2021-08-25 09:30:00,Chronos-2 (+기준 곡선),179.23088,166.74916,179.23088,190.82605
2021-08-25 09:45:00,Chronos-2 (+기준 곡선),180.78548,167.58546,180.78548,192.63235
2021-08-25 10:00:00,Chronos-2 (+기준 곡선),151.31168,139.04794,151.31168,163.58688
2021-08-25 10:15:00,Chronos-2 (+기준 곡선),178.48796,165.53326,178.48796,190.51318
2021-08-25 10:30:00,Chronos-2 (+기준 곡선),179.14862,166.4862,179.14862,190.5365
2021-08-25 10:45:00,Chronos-2 (+기준 곡선),179.96042,167.10326,179.96042,191.0079
2021-08-25 11:00:00,Chronos-2 (+기준 곡선),179.57346,167.1985,179.57346,191.49509
2021-08-25 11:15:00,Chronos-2 (+기준 곡선),185.32385,172.35518,185.32385,196.8956
2021-08-25 11:30:00,Chronos-2 (+기준 곡선),188.40956,175.16788,188.40956,200.58505
2021-08-25 11:45:00,Chronos-2 (+기준 곡선),184.76302,171.75296,184.76302,197.89478
2021-08-25 12:00:00,Chronos-2 (+기준 곡선),123.5547,110.03752,123.5547,137.42699
2021-08-25 12:15:00,Chronos-2 (+기준 곡선),106.99037,93.02773,106.99037,119.44716
2021-08-25 12:30:00,Chronos-2 (+기준 곡선),106.95894,92.14837,106.95894,119.9152
2021-08-25 12:45:00,Chronos-2 (+기준 곡선),124.16926,109.12393,124.16926,138.14838
2021-08-25 13:00:00,Chronos-2 (+기준 곡선),169.92429,154.0119,169.92429,184.98451
2021-08-25 13:15:00,Chronos-2 (+기준 곡선),178.3306,162.9051,178.3306,193.65591
2021-08-25 13:30:00,Chronos-2 (+기준 곡선),181.32806,166.90033,181.32806,196.22656
2021-08-25 13:45:00,Chronos-2 (+기준 곡선),185.38895,170.44705,185.38895,200.11688
2021-08-25 14:00:00,Chronos-2 (+기준 곡선),183.80798,169.18103,183.80798,198.01517
2021-08-25 14:15:00,Chronos-2 (+기준 곡선),178.94221,162.75822,178.94221,192.53111
2021-08-25 14:30:00,Chronos-2 (+기준 곡선),180.81012,164.63101,180.81012,195.5567
2021-08-25 14:45:00,Chronos-2 (+기준 곡선),180.67108,164.48041,180.67108,196.16748
2021-08-25 15:00:00,Chronos-2 (+기준 곡선),138.41188,122.25912,138.41188,154.72687
2021-08-25 15:15:00,Chronos-2 (+기준 곡선),163.85812,144.78241,163.85812,180.21707
2021-08-25 15:30:00,Chronos-2 (+기준 곡선),180.17253,162.00291,180.17253,195.9413
2021-08-25 15:45:00,Chronos-2 (+기준 곡선),183.67416,166.56895,183.67416,199.44586
2021-08-25 16:00:00,Chronos-2 (+기준 곡선),180.0843,165.26054,180.0843,193.48892
2021-08-25 16:15:00,Chronos-2 (+기준 곡선),175.9342,160.96802,175.9342,190.60928
2021-08-25 16:30:00,Chronos-2 (+기준 곡선),171.8677,155.55081,171.8677,185.90393
2021-08-25 16:45:00,Chronos-2 (+기준 곡선),167.1481,150.1307,167.1481,182.21712
2021-08-25 17:00:00,Chronos-2 (+기준 곡선),122.42426,107.306496,122.42426,137.54272
2021-08-25 17:15:00,Chronos-2 (+기준 곡선),112.474556,97.624596,112.474556,126.65053
2021-08-25 17:30:00,Chronos-2 (+기준 곡선),155.22047,137.71555,155.22047,170.35611
2021-08-25 17:45:00,Chronos-2 (+기준 곡선),165.7863,148.42989,165.7863,181.13795
2021-08-25 18:00:00,Chronos-2 (+기준 곡선),165.3837,147.49664,165.3837,179.86963
2021-08-25 18:15:00,Chronos-2 (+기준 곡선),165.62952,148.09583,165.62952,180.11739
2021-08-25 18:30:00,Chronos-2 (+기준 곡선),166.19711,148.62292,166.19711,181.08063
2021-08-25 18:45:00,Chronos-2 (+기준 곡선),165.81967,148.60368,165.81967,180.26425
2021-08-25 19:00:00,Chronos-2 (+기준 곡선),160.37335,144.16481,160.37335,174.68309
2021-08-25 19:15:00,Chronos-2 (+기준 곡선),150.92139,134.51547,150.92139,164.50034
2021-08-25 19:30:00,Chronos-2 (+기준 곡선),147.59888,132.95056,147.59888,161.66127
2021-08-25 19:45:00,Chronos-2 (+기준 곡선),128.85655,115.0809,128.85655,142.10034
2021-08-25 20:00:00,Chronos-2 (+기준 곡선),116.205215,105.98201,116.205215,126.806114
2021-08-25 20:15:00,Chronos-2 (+기준 곡선),124.41525,114.43704,124.41525,133.66315
2021-08-25 20:30:00,Chronos-2 (+기준 곡선),125.7186,115.43321,125.7186,135.22641
2021-08-25 20:45:00,Chronos-2 (+기준 곡선),122.36347,112.77942,122.36347,131.54738
2021-08-25 21:00:00,Chronos-2 (+기준 곡선),118.512505,108.93766,118.512505,128.07445
2021-08-25 21:15:00,Chronos-2 (+기준 곡선),116.81172,107.29621,116.81172,126.49797
2021-08-25 21:30:00,Chronos-2 (+기준 곡선),116.71156,107.215576,116.71156,126.349884
2021-08-25 21:45:00,Chronos-2 (+기준 곡선),116.14505,106.38739,116.14505,126.10307
2021-08-25 22:00:00,Chronos-2 (+기준 곡선),104.46167,94.19296,104.46167,114.24017
2021-08-25 22:15:00,Chronos-2 (+기준 곡선),114.41914,104.42779,114.41914,124.06001
2021-08-25 22:30:00,Chronos-2 (+기준 곡선),113.38273,103.45318,113.38273,123.66648
2021-08-25 22:45:00,Chronos-2 (+기준 곡선),112.01474,102.24581,112.01474,121.80568
2021-08-25 23:00:00,Chronos-2 (+기준 곡선),110.00279,100.361855,110.00279,119.81941
2021-08-25 23:15:00,Chronos-2 (+기준 곡선),107.67088,97.97511,107.67088,117.44826
2021-08-25 23:30:00,Chronos-2 (+기준 곡선),105.56174,95.69415,105.56174,114.894005
2021-08-25 23:45:00,Chronos-2 (+기준 곡선),86.88923,77.61891,86.88923,96.331665
2021-08-26 00:00:00,Chronos-2 (+기준 곡선),75.34954,67.78719,75.34954,82.450035
2021-08-26 00:15:00,Chronos-2 (+기준 곡선),72.610054,65.37749,72.610054,80.04618
2021-08-26 00:30:00,Chronos-2 (+기준 곡선),70.64379,63.21745,70.64379,77.8057
2021-08-26 00:45:00,Chronos-2 (+기준 곡선),68.26363,61.053207,68.26363,75.81984
2021-08-26 01:00:00,Chronos-2 (+기준 곡선),92.87391,85.15873,92.87391,100.17397
2021-08-26 01:15:00,Chronos-2 (+기준 곡선),104.53981,96.494705,104.53981,112.46316
2021-08-26 01:30:00,Chronos-2 (+기준 곡선),106.23901,98.64823,106.23901,114.305466
2021-08-26 01:45:00,Chronos-2 (+기준 곡선),106.62301,98.78449,106.62301,114.97419
2021-08-26 02:00:00,Chronos-2 (+기준 곡선),107.09244,99.50512,107.09244,114.669785
2021-08-26 02:15:00,Chronos-2 (+기준 곡선),107.20541,99.36568,107.20541,114.62462
2021-08-26 02:30:00,Chronos-2 (+기준 곡선),106.200165,98.60477,106.200165,113.96607
2021-08-26 02:45:00,Chronos-2 (+기준 곡선),106.57472,98.80139,106.57472,114.48947
2021-08-26 03:00:00,Chronos-2 (+기준 곡선),94.638725,86.34682,94.638725,102.408844
2021-08-26 03:15:00,Chronos-2 (+기준 곡선),105.40423,97.14153,105.40423,113.402504
2021-08-26 03:30:00,Chronos-2 (+기준 곡선),107.41763,99.26623,107.41763,115.855835
2021-08-26 03:45:00,Chronos-2 (+기준 곡선),106.582,98.7647,106.582,114.2422
2021-08-26 04:00:00,Chronos-2 (+기준 곡선),105.3623,97.748604,105.3623,113.35068
2021-08-26 04:15:00,Chronos-2 (+기준 곡선),106.26746,98.87417,106.26746,114.406235
2021-08-26 04:30:00,Chronos-2 (+기준 곡선),103.88962,95.81374,103.88962,112.08355
2021-08-26 04:45:00,Chronos-2 (+기준 곡선),100.68672,92.37814,100.68672,108.76631
2021-08-26 05:00:00,Chronos-2 (+기준 곡선),82.1536,74.2302,82.1536,89.96683
2021-08-26 05:15:00,Chronos-2 (+기준 곡선),76.737274,69.167885,76.737274,84.19521
2021-08-26 05:30:00,Chronos-2 (+기준 곡선),93.47013,85.5844,93.47013,101.45469
2021-08-26 05:45:00,Chronos-2 (+기준 곡선),105.01138,96.98629,105.01138,113.14383
2021-08-26 06:00:00,Chronos-2 (+기준 곡선),108.757996,100.508865,108.757996,117.24656
2021-08-26 06:15:00,Chronos-2 (+기준 곡선),108.770355,100.32889,108.770355,116.674164
2021-08-26 06:30:00,Chronos-2 (+기준 곡선),105.78822,97.8919,105.78822,113.83363
2021-08-26 06:45:00,Chronos-2 (+기준 곡선),107.83729,99.34018,107.83729,116.11698
2021-08-26 07:00:00,Chronos-2 (+기준 곡선),109.80283,100.94238,109.80283,118.34598
2021-08-26 07:15:00,Chronos-2 (+기준 곡선),120.64995,110.97868,120.64995,129.30653
2021-08-26 07:30:00,Chronos-2 (+기준 곡선),143.89346,135.17175,143.89346,152.96713
2021-08-26 07:45:00,Chronos-2 (+기준 곡선),144.44406,134.6297,144.44406,154.0588
2021-08-26 08:00:00,Chronos-2 (+기준 곡선),165.81262,152.98984,165.81262,178.5987
2021-08-26 08:15:00,Chronos-2 (+기준 곡선),182.04095,169.3464,182.04095,194.36682
2021-08-26 08:30:00,Chronos-2 (+기준 곡선),185.51746,171.64471,185.51746,197.24113
2021-08-26 08:45:00,Chronos-2 (+기준 곡선),180.78821,168.35966,180.78821,192.70148
2021-08-26 09:00:00,Chronos-2 (+기준 곡선),172.98831,160.57227,172.98831,185.80539
2021-08-26 09:15:00,Chronos-2 (+기준 곡선),174.962,162.84808,174.962,186.80447
2021-08-26 09:30:00,Chronos-2 (+기준 곡선),175.40417,163.15408,175.40417,186.90314
2021-08-26 09:45:00,Chronos-2 (+기준 곡선),177.12973,164.36804,177.12973,188.7865
2021-08-26 10:00:00,Chronos-2 (+기준 곡선),149.11752,137.11435,149.11752,161.43266
2021-08-26 10:15:00,Chronos-2 (+기준 곡선),175.59467,162.8451,175.59467,187.4703
2021-08-26 10:30:00,Chronos-2 (+기준 곡선),177.13739,164.66046,177.13739,188.68904
2021-08-26 10:45:00,Chronos-2 (+기준 곡선),178.1795,165.40436,178.1795,189.2092
2021-08-26 11:00:00,Chronos-2 (+기준 곡선),177.55957,165.3941,177.55957,189.47194
2021-08-26 11:15:00,Chronos-2 (+기준 곡선),181.25209,168.58363,181.25209,192.66055
2021-08-26 11:30:00,Chronos-2 (+기준 곡선),184.90077,172.1782,184.90077,196.82217
2021-08-26 11:45:00,Chronos-2 (+기준 곡선),181.41205,168.74503,181.41205,194.10129
2021-08-26 12:00:00,Chronos-2 (+기준 곡선),120.20352,107.603546,120.20352,133.11539
2021-08-26 12:15:00,Chronos-2 (+기준 곡선),103.31073,90.75518,103.31073,115.38961
2021-08-26 12:30:00,Chronos-2 (+기준 곡선),104.2398,90.567894,104.2398,116.620125
2021-08-26 12:45:00,Chronos-2 (+기준 곡선),121.65491,107.834,121.65491,134.29965
2021-08-26 13:00:00,Chronos-2 (+기준 곡선),167.00533,152.18509,167.00533,181.22784
2021-08-26 13:15:00,Chronos-2 (+기준 곡선),175.40689,161.22656,175.40689,189.918
2021-08-26 13:30:00,Chronos-2 (+기준 곡선),176.70633,163.19998,176.70633,190.75589
2021-08-26 13:45:00,Chronos-2 (+기준 곡선),180.55287,166.2582,180.55287,194.35165
2021-08-26 14:00:00,Chronos-2 (+기준 곡선),179.21986,165.88089,179.21986,192.66953
2021-08-26 14:15:00,Chronos-2 (+기준 곡선),174.49211,159.27539,174.49211,187.45938
2021-08-26 14:30:00,Chronos-2 (+기준 곡선),176.42964,161.5535,176.42964,190.31647
2021-08-26 14:45:00,Chronos-2 (+기준 곡선),176.9656,162.4508,176.9656,191.26556
2021-08-26 15:00:00,Chronos-2 (+기준 곡선),136.81755,121.82038,136.81755,151.52124
2021-08-26 15:15:00,Chronos-2 (+기준 곡선),161.93292,144.6429,161.93292,176.63422
2021-08-26 15:30:00,Chronos-2 (+기준 곡선),175.50833,159.03217,175.50833,189.74913
2021-08-26 15:45:00,Chronos-2 (+기준 곡선),178.81436,163.2196,178.81436,193.54031
2021-08-26 16:00:00,Chronos-2 (+기준 곡선),174.3446,160.3948,174.3446,187.56018
2021-08-26 16:15:00,Chronos-2 (+기준 곡선),170.68195,156.44742,170.68195,184.67087
2021-08-26 16:30:00,Chronos-2 (+기준 곡선),166.81097,151.31317,166.81097,180.30867
2021-08-26 16:45:00,Chronos-2 (+기준 곡선),163.4632,147.96179,163.4632,177.89725
2021-08-26 17:00:00,Chronos-2 (+기준 곡선),121.61632,107.97916,121.61632,135.96701
2021-08-26 17:15:00,Chronos-2 (+기준 곡선),113.84908,100.11232,113.84908,127.47473
2021-08-26 17:30:00,Chronos-2 (+기준 곡선),154.03668,138.55243,154.03668,168.20532
2021-08-26 17:45:00,Chronos-2 (+기준 곡선),164.36185,148.68024,164.36185,178.66954
2021-08-26 18:00:00,Chronos-2 (+기준 곡선),163.69032,147.75366,163.69032,177.07178
2021-08-26 18:15:00,Chronos-2 (+기준 곡선),164.2238,148.33083,164.2238,177.45532
2021-08-26 18:30:00,Chronos-2 (+기준 곡선),164.48651,148.93059,164.48651,178.20453
2021-08-26 18:45:00,Chronos-2 (+기준 곡선),163.605,147.95062,163.605,176.94972
2021-08-26 19:00:00,Chronos-2 (+기준 곡선),158.1708,143.13747,158.1708,171.48413
2021-08-26 19:15:00,Chronos-2 (+기준 곡선),149.14415,133.6867,149.14415,162.19542
2021-08-26 19:30:00,Chronos-2 (+기준 곡선),145.62143,131.66214,145.62143,159.24744
2021-08-26 19:45:00,Chronos-2 (+기준 곡선),128.48807,115.37535,128.48807,141.47133
2021-08-26 20:00:00,Chronos-2 (+기준 곡선),115.93848,105.75574,115.93848,126.22966
2021-08-26 20:15:00,Chronos-2 (+기준 곡선),123.176865,113.41983,123.176865,132.55157
2021-08-26 20:30:00,Chronos-2 (+기준 곡선),124.28288,114.421234,124.28288,133.8012
2021-08-26 20:45:00,Chronos-2 (+기준 곡선),121.956055,112.61496,121.956055,131.06094
2021-08-26 21:00:00,Chronos-2 (+기준 곡선),118.9274,109.30983,118.9274,128.28413
2021-08-26 21:15:00,Chronos-2 (+기준 곡선),118.3358,108.662415,118.3358,127.980484
2021-08-26 21:30:00,Chronos-2 (+기준 곡선),117.77437,108.239365,117.77437,127.37903
2021-08-26 21:45:00,Chronos-2 (+기준 곡선),117.066536,107.294754,117.066536,127.03879
2021-08-26 22:00:00,Chronos-2 (+기준 곡선),105.962616,95.7652,105.962616,115.5906
2021-08-26 22:15:00,Chronos-2 (+기준 곡선),115.22157,105.20549,115.22157,124.68732
2021-08-26 22:30:00,Chronos-2 (+기준 곡선),113.85464,103.93482,113.85464,123.785355
2021-08-26 22:45:00,Chronos-2 (+기준 곡선),113.050514,103.23569,113.050514,122.594635
2021-08-26 23:00:00,Chronos-2 (+기준 곡선),111.63289,101.88648,111.63289,121.256294
2021-08-26 23:15:00,Chronos-2 (+기준 곡선),109.27826,99.4017,109.27826,119.056786
2021-08-26 23:30:00,Chronos-2 (+기준 곡선),106.16555,96.321686,106.16555,115.31996
2021-08-26 23:45:00,Chronos-2 (+기준 곡선),88.69594,79.374405,88.69594,98.113075
2021-08-27 00:00:00,Chronos-2 (+기준 곡선),77.768005,70.36965,77.768005,84.44727
2021-08-27 00:15:00,Chronos-2 (+기준 곡선),75.12478,68.143036,75.12478,82.306854
2021-08-27 00:30:00,Chronos-2 (+기준 곡선),73.25111,66.19215,73.25111,80.10991
2021-08-27 00:45:00,Chronos-2 (+기준 곡선),70.415634,63.44839,70.415634,77.64472
2021-08-27 01:00:00,Chronos-2 (+기준 곡선),94.68136,87.2921,94.68136,101.71465
2021-08-27 01:15:00,Chronos-2 (+기준 곡선),107.47654,99.618256,107.47654,114.969696
2021-08-27 01:30:00,Chronos-2 (+기준 곡선),109.027374,101.77633,109.027374,116.713425
2021-08-27 01:45:00,Chronos-2 (+기준 곡선),108.92189,101.401535,108.92189,116.919525
2021-08-27 02:00:00,Chronos-2 (+기준 곡선),109.98521,102.87332,109.98521,117.179756
2021-08-27 02:15:00,Chronos-2 (+기준 곡선),109.53522,102.0637,109.53522,116.55882
2021-08-27 02:30:00,Chronos-2 (+기준 곡선),108.85595,101.56993,108.85595,116.40851
2021-08-27 02:45:00,Chronos-2 (+기준 곡선),110.00798,102.55007,110.00798,117.5231
2021-08-27 03:00:00,Chronos-2 (+기준 곡선),96.543396,88.66359,96.543396,104.02561
2021-08-27 03:15:00,Chronos-2 (+기준 곡선),106.86595,99.02335,106.86595,114.56116
2021-08-27 03:30:00,Chronos-2 (+기준 곡선),108.75161,100.88775,108.75161,116.87847
2021-08-27 03:45:00,Chronos-2 (+기준 곡선),108.499565,100.95327,108.499565,115.910255
2021-08-27 04:00:00,Chronos-2 (+기준 곡선),108.09015,100.698326,108.09015,115.85902
2021-08-27 04:15:00,Chronos-2 (+기준 곡선),109.27699,102.10401,109.27699,117.061905
2021-08-27 04:30:00,Chronos-2 (+기준 곡선),106.999176,99.233086,106.999176,115.048386
2021-08-27 04:45:00,Chronos-2 (+기준 곡선),103.37753,95.50716,103.37753,111.21509
2021-08-27 05:00:00,Chronos-2 (+기준 곡선),84.04827,76.30153,84.04827,91.668335
2021-08-27 05:15:00,Chronos-2 (+기준 곡선),78.56465,71.13596,78.56465,85.83638
2021-08-27 05:30:00,Chronos-2 (+기준 곡선),95.65277,87.74961,95.65277,103.64647
2021-08-27 05:45:00,Chronos-2 (+기준 곡선),107.4959,99.75837,107.4959,115.37895
2021-08-27 06:00:00,Chronos-2 (+기준 곡선),109.49215,101.658966,109.49215,117.59469
2021-08-27 06:15:00,Chronos-2 (+기준 곡선),109.223076,101.047226,109.223076,116.765396
2021-08-27 06:30:00,Chronos-2 (+기준 곡선),107.52602,99.82628,107.52602,115.22589
2021-08-27 06:45:00,Chronos-2 (+기준 곡선),110.29216,102.11879,110.29216,118.22859
2021-08-27 07:00:00,Chronos-2 (+기준 곡선),112.31775,103.71288,112.31775,120.52214
2021-08-27 07:15:00,Chronos-2 (+기준 곡선),124.24691,114.74191,124.24691,132.53906
2021-08-27 07:30:00,Chronos-2 (+기준 곡선),148.2571,139.56042,148.2571,157.26288
2021-08-27 07:45:00,Chronos-2 (+기준 곡선),147.59435,138.35098,147.59435,156.8989
2021-08-27 08:00:00,Chronos-2 (+기준 곡선),171.68925,159.55797,171.68925,183.7437
2021-08-27 08:15:00,Chronos-2 (+기준 곡선),187.50726,175.5253,187.50726,199.06804
2021-08-27 08:30:00,Chronos-2 (+기준 곡선),189.99596,176.95767,189.99596,200.88687
2021-08-27 08:45:00,Chronos-2 (+기준 곡선),186.64664,175.1427,186.64664,197.84195
2021-08-27 09:00:00,Chronos-2 (+기준 곡선),179.9675,167.76767,179.9675,191.98494
2021-08-27 09:15:00,Chronos-2 (+기준 곡선),181.4849,170.00616,181.4849,192.98322
2021-08-27 09:30:00,Chronos-2 (+기준 곡선),181.82278,169.93204,181.82278,192.9393
2021-08-27 09:45:00,Chronos-2 (+기준 곡선),184.2356,171.9596,184.2356,195.5758
2021-08-27 10:00:00,Chronos-2 (+기준 곡선),154.25278,142.4139,154.25278,166.23087
2021-08-27 10:15:00,Chronos-2 (+기준 곡선),181.12775,168.84944,181.12775,192.56046
2021-08-27 10:30:00,Chronos-2 (+기준 곡선),182.55446,170.78516,182.55446,193.46597
2021-08-27 10:45:00,Chronos-2 (+기준 곡선),184.27173,171.8533,184.27173,194.846
2021-08-27 11:00:00,Chronos-2 (+기준 곡선),183.08257,171.49783,183.08257,194.49033
2021-08-27 11:15:00,Chronos-2 (+기준 곡선),186.74329,174.81192,186.74329,197.59776
2021-08-27 11:30:00,Chronos-2 (+기준 곡선),190.71313,178.67416,190.71313,201.99997
2021-08-27 11:45:00,Chronos-2 (+기준 곡선),187.45103,175.12482,187.45103,199.77182
2021-08-27 12:00:00,Chronos-2 (+기준 곡선),122.90996,110.294235,122.90996,136.1462
2021-08-27 12:15:00,Chronos-2 (+기준 곡선),104.61925,91.88227,104.61925,116.97805
2021-08-27 12:30:00,Chronos-2 (+기준 곡선),106.01739,92.10105,106.01739,118.64159
2021-08-27 12:45:00,Chronos-2 (+기준 곡선),126.162094,112.63311,126.162094,139.03214
2021-08-27 13:00:00,Chronos-2 (+기준 곡선),172.20715,157.75476,172.20715,186.35393
2021-08-27 13:15:00,Chronos-2 (+기준 곡선),180.40794,166.61887,180.40794,194.7878
2021-08-27 13:30:00,Chronos-2 (+기준 곡선),182.364,169.6984,182.364,196.27414
2021-08-27 13:45:00,Chronos-2 (+기준 곡선),186.74232,173.75557,186.74232,200.6015
2021-08-27 14:00:00,Chronos-2 (+기준 곡선),184.51462,171.6279,184.51462,197.79858
2021-08-27 14:15:00,Chronos-2 (+기준 곡선),179.45885,164.45418,179.45885,192.2813
2021-08-27 14:30:00,Chronos-2 (+기준 곡선),182.7831,168.77882,182.7831,196.29407
2021-08-27 14:45:00,Chronos-2 (+기준 곡선),183.01299,169.3891,183.01299,197.12889
2021-08-27 15:00:00,Chronos-2 (+기준 곡선),140.48732,125.1468,140.48732,155.91495
2021-08-27 15:15:00,Chronos-2 (+기준 곡선),167.95035,150.53648,167.95035,182.98015
2021-08-27 15:30:00,Chronos-2 (+기준 곡선),182.64825,166.72186,182.64825,196.86726
2021-08-27 15:45:00,Chronos-2 (+기준 곡선),185.10065,169.9871,185.10065,199.42528
2021-08-27 16:00:00,Chronos-2 (+기준 곡선),180.13826,167.03812,180.13826,192.09975
2021-08-27 16:15:00,Chronos-2 (+기준 곡선),175.64136,162.45697,175.64136,188.75655
2021-08-27 16:30:00,Chronos-2 (+기준 곡선),170.89915,156.65173,170.89915,183.36603
2021-08-27 16:45:00,Chronos-2 (+기준 곡선),164.87994,151.10052,164.87994,178.1229
2021-08-27 17:00:00,Chronos-2 (+기준 곡선),122.67882,110.338394,122.67882,136.1164
2021-08-27 17:15:00,Chronos-2 (+기준 곡선),115.6337,102.90805,115.6337,128.38324
2021-08-27 17:30:00,Chronos-2 (+기준 곡선),157.6171,143.56937,157.6171,170.55563
2021-08-27 17:45:00,Chronos-2 (+기준 곡선),169.17633,155.18561,169.17633,182.46796
2021-08-27 18:00:00,Chronos-2 (+기준 곡선),167.09573,152.61537,167.09573,179.5399
2021-08-27 18:15:00,Chronos-2 (+기준 곡선),167.02249,152.36081,167.02249,179.42502
2021-08-27 18:30:00,Chronos-2 (+기준 곡선),167.5778,153.11687,167.5778,180.52798
2021-08-27 18:45:00,Chronos-2 (+기준 곡선),166.87215,151.81831,166.87215,179.64403
2021-08-27 19:00:00,Chronos-2 (+기준 곡선),160.37656,145.83487,160.37656,173.1979
2021-08-27 19:15:00,Chronos-2 (+기준 곡선),150.75891,135.35147,150.75891,163.59244
2021-08-27 19:30:00,Chronos-2 (+기준 곡선),146.90784,132.9769,146.90784,160.73965
2021-08-27 19:45:00,Chronos-2 (+기준 곡선),126.971466,114.12841,126.971466,139.83308
2021-08-27 20:00:00,Chronos-2 (+기준 곡선),113.44176,103.82004,113.44176,123.113464
2021-08-27 20:15:00,Chronos-2 (+기준 곡선),120.72872,111.771545,120.72872,129.54187
2021-08-27 20:30:00,Chronos-2 (+기준 곡선),122.650734,113.501686,122.650734,131.60773
2021-08-27 20:45:00,Chronos-2 (+기준 곡선),120.42844,111.906265,120.42844,128.93256
2021-08-27 21:00:00,Chronos-2 (+기준 곡선),117.902214,108.98508,117.902214,126.62836
2021-08-27 21:15:00,Chronos-2 (+기준 곡선),117.70152,108.780106,117.70152,126.64371
2021-08-27 21:30:00,Chronos-2 (+기준 곡선),116.59159,107.79083,116.59159,125.48222
2021-08-27 21:45:00,Chronos-2 (+기준 곡선),115.1687,106.238205,115.1687,124.45166
2021-08-27 22:00:00,Chronos-2 (+기준 곡선),105.23247,95.86612,105.23247,114.11847
2021-08-27 22:15:00,Chronos-2 (+기준 곡선),112.963135,103.76572,112.963135,121.65555
2021-08-27 22:30:00,Chronos-2 (+기준 곡선),112.408844,103.26402,112.408844,121.67467
2021-08-27 22:45:00,Chronos-2 (+기준 곡선),111.642784,102.66321,111.642784,120.588234
2021-08-27 23:00:00,Chronos-2 (+기준 곡선),109.76799,100.721466,109.76799,118.74733
2021-08-27 23:15:00,Chronos-2 (+기준 곡선),108.18586,99.02205,108.18586,117.40907
2021-08-27 23:30:00,Chronos-2 (+기준 곡선),104.64238,95.35848,104.64238,113.47702
2021-08-27 23:45:00,Chronos-2 (+기준 곡선),86.08988,77.28888,86.08988,95.19355
2021-08-28 00:00:00,Chronos-2 (+기준 곡선),66.89248,58.827774,66.89248,74.21704
2021-08-28 00:15:00,Chronos-2 (+기준 곡선),63.737362,55.977192,63.737362,71.23442
2021-08-28 00:30:00,Chronos-2 (+기준 곡선),62.082584,54.359802,62.082584,69.262405
2021-08-28 00:45:00,Chronos-2 (+기준 곡선),61.38562,53.413887,61.38562,68.9799
2021-08-28 01:00:00,Chronos-2 (+기준 곡선),86.43104,78.835526,86.43104,93.65544
2021-08-28 01:15:00,Chronos-2 (+기준 곡선),96.40203,88.826744,96.40203,103.86357
2021-08-28 01:30:00,Chronos-2 (+기준 곡선),98.78254,91.44168,98.78254,106.57205
2021-08-28 01:45:00,Chronos-2 (+기준 곡선),99.94249,92.340576,99.94249,108.08481
2021-08-28 02:00:00,Chronos-2 (+기준 곡선),101.686226,94.206314,101.686226,108.873474
2021-08-28 02:15:00,Chronos-2 (+기준 곡선),102.09189,94.37666,102.09189,109.211365
2021-08-28 02:30:00,Chronos-2 (+기준 곡선),101.00689,92.99442,101.00689,108.627556
2021-08-28 02:45:00,Chronos-2 (+기준 곡선),100.85887,93.08874,100.85887,108.38147
2021-08-28 03:00:00,Chronos-2 (+기준 곡선),87.00906,78.37802,87.00906,94.40367
2021-08-28 03:15:00,Chronos-2 (+기준 곡선),93.3338,85.21077,93.3338,101.509384
2021-08-28 03:30:00,Chronos-2 (+기준 곡선),96.48453,88.24624,96.48453,104.61624
2021-08-28 03:45:00,Chronos-2 (+기준 곡선),98.300606,90.46414,98.300606,106.300934
2021-08-28 04:00:00,Chronos-2 (+기준 곡선),100.90306,93.075134,100.90306,110.804665
2021-08-28 04:15:00,Chronos-2 (+기준 곡선),101.31366,93.301216,101.31366,111.04327
2021-08-28 04:30:00,Chronos-2 (+기준 곡선),101.05449,92.32286,101.05449,110.74765
2021-08-28 04:45:00,Chronos-2 (+기준 곡선),98.27257,89.458084,98.27257,107.84329
2021-08-28 05:00:00,Chronos-2 (+기준 곡선),88.55464,79.39543,88.55464,97.50403
2021-08-28 05:15:00,Chronos-2 (+기준 곡선),86.25219,75.530975,86.25219,95.50594
2021-08-28 05:30:00,Chronos-2 (+기준 곡선),94.6759,85.088646,94.6759,104.62248
2021-08-28 05:45:00,Chronos-2 (+기준 곡선),99.77914,90.14693,99.77914,110.27121
2021-08-28 06:00:00,Chronos-2 (+기준 곡선),98.844826,88.868774,98.844826,109.026596
2021-08-28 06:15:00,Chronos-2 (+기준 곡선),97.23859,87.42975,97.23859,107.83574
2021-08-28 06:30:00,Chronos-2 (+기준 곡선),94.54265,84.694466,94.54265,104.66669
2021-08-28 06:45:00,Chronos-2 (+기준 곡선),91.81187,82.192085,91.81187,101.93181
2021-08-28 07:00:00,Chronos-2 (+기준 곡선),89.26833,79.744804,89.26833,98.49622
2021-08-28 07:15:00,Chronos-2 (+기준 곡선),80.85995,70.4651,80.85995,90.3743
2021-08-28 07:30:00,Chronos-2 (+기준 곡선),54.515614,45.285316,54.515614,65.07951
2021-08-28 07:45:00,Chronos-2 (+기준 곡선),31.06799,24.896538,31.06799,39.052914
2021-08-28 08:00:00,Chronos-2 (+기준 곡선),23.594566,21.799072,23.594566,26.103264
2021-08-28 08:15:00,Chronos-2 (+기준 곡선),23.410416,22.015854,23.410416,24.36425
2021-08-28 08:30:00,Chronos-2 (+기준 곡선),23.57196,21.99163,23.57196,24.207191
2021-08-28 08:45:00,Chronos-2 (+기준 곡선),23.213707,22.077072,23.213707,24.360909
2021-08-28 09:00:00,Chronos-2 (+기준 곡선),23.086922,22.211624,23.086922,24.14087
2021-08-28 09:15:00,Chronos-2 (+기준 곡선),23.1531,21.964844,23.1531,24.461685
2021-08-28 09:30:00,Chronos-2 (+기준 곡선),23.262909,22.030273,23.262909,24.330711
2021-08-28 09:45:00,Chronos-2 (+기준 곡선),23.36264,21.995346,23.36264,24.479187
2021-08-28 10:00:00,Chronos-2 (+기준 곡선),23.446152,22.045723,23.446152,24.070992
2021-08-28 10:15:00,Chronos-2 (+기준 곡선),23.247833,22.072517,23.247833,24.464645
2021-08-28 10:30:00,Chronos-2 (+기준 곡선),23.460938,21.943382,23.460938,24.466667
2021-08-28 10:45:00,Chronos-2 (+기준 곡선),23.499908,22.26052,23.499908,24.333054
2021-08-28 11:00:00,Chronos-2 (+기준 곡선),23.647522,22.412315,23.647522,24.841438
2021-08-28 11:15:00,Chronos-2 (+기준 곡선),23.453918,22.063812,23.453918,24.922836
2021-08-28 11:30:00,Chronos-2 (+기준 곡선),23.610603,22.282036,23.610603,25.455566
2021-08-28 11:45:00,Chronos-2 (+기준 곡선),23.349442,22.03772,23.349442,24.635422
2021-08-28 12:00:00,Chronos-2 (+기준 곡선),23.017586,21.458984,23.017586,24.643646
2021-08-28 12:15:00,Chronos-2 (+기준 곡선),22.82544,21.523346,22.82544,24.411438
2021-08-28 12:30:00,Chronos-2 (+기준 곡선),23.031258,21.590698,23.031258,23.93357
2021-08-28 12:45:00,Chronos-2 (+기준 곡선),23.003014,21.878654,23.003014,24.043793
2021-08-28 13:00:00,Chronos-2 (+기준 곡선),22.688087,21.89756,22.688087,23.881409
2021-08-28 13:15:00,Chronos-2 (+기준 곡선),22.821312,21.510788,22.821312,24.499565
2021-08-28 13:30:00,Chronos-2 (+기준 곡선),22.957916,21.77491,22.957916,24.345314
2021-08-28 13:45:00,Chronos-2 (+기준 곡선),23.05806,21.7723,23.05806,24.470573
2021-08-28 14:00:00,Chronos-2 (+기준 곡선),23.120262,21.836426,23.120262,24.310188
2021-08-28 14:15:00,Chronos-2 (+기준 곡선),23.22882,21.898605,23.22882,24.57174
2021-08-28 14:30:00,Chronos-2 (+기준 곡선),23.368523,21.925468,23.368523,24.44667
2021-08-28 14:45:00,Chronos-2 (+기준 곡선),23.41932,22.188583,23.41932,24.653328
2021-08-28 15:00:00,Chronos-2 (+기준 곡선),23.514374,22.254158,23.514374,25.090958
2021-08-28 15:15:00,Chronos-2 (+기준 곡선),23.38572,21.98014,23.38572,24.647781
2021-08-28 15:30:00,Chronos-2 (+기준 곡선),23.200851,21.932571,23.200851,24.725288
2021-08-28 15:45:00,Chronos-2 (+기준 곡선),23.097595,21.893494,23.097595,24.410774
2021-08-28 16:00:00,Chronos-2 (+기준 곡선),23.325455,21.669518,23.325455,25.444649
2021-08-28 16:15:00,Chronos-2 (+기준 곡선),23.055733,21.72052,23.055733,25.237373
2021-08-28 16:30:00,Chronos-2 (+기준 곡선),23.06977,21.603165,23.06977,24.780373
2021-08-28 16:45:00,Chronos-2 (+기준 곡선),23.087692,21.861511,23.087692,24.636887
2021-08-28 17:00:00,Chronos-2 (+기준 곡선),22.922386,22.094986,22.922386,24.307419
2021-08-28 17:15:00,Chronos-2 (+기준 곡선),23.012596,21.865234,23.012596,24.916344
2021-08-28 17:30:00,Chronos-2 (+기준 곡선),23.026115,21.86306,23.026115,24.798233
2021-08-28 17:45:00,Chronos-2 (+기준 곡선),23.157242,21.721062,23.157242,25.213219
2021-08-28 18:00:00,Chronos-2 (+기준 곡선),23.37822,21.859047,23.37822,25.143608
2021-08-28 18:15:00,Chronos-2 (+기준 곡선),23.357231,21.83323,23.357231,25.489891
2021-08-28 18:30:00,Chronos-2 (+기준 곡선),23.507423,21.913017,23.507423,24.99453
2021-08-28 18:45:00,Chronos-2 (+기준 곡선),23.411385,22.08599,23.411385,24.915672
2021-08-28 19:00:00,Chronos-2 (+기준 곡선),23.449242,21.987106,23.449242,25.347923
2021-08-28 19:15:00,Chronos-2 (+기준 곡선),23.116837,21.704132,23.116837,24.696846
2021-08-28 19:30:00,Chronos-2 (+기준 곡선),22.842651,21.817528,22.842651,24.384605
2021-08-28 19:45:00,Chronos-2 (+기준 곡선),22.487381,21.310143,22.487381,23.801033
2021-08-28 20:00:00,Chronos-2 (+기준 곡선),23.066582,21.721199,23.066582,24.623955
2021-08-28 20:15:00,Chronos-2 (+기준 곡선),22.955528,21.83506,22.955528,24.524979
2021-08-28 20:30:00,Chronos-2 (+기준 곡선),23.034798,21.758255,23.034798,24.34568
2021-08-28 20:45:00,Chronos-2 (+기준 곡선),22.914635,21.707512,22.914635,24.244385
2021-08-28 21:00:00,Chronos-2 (+기준 곡선),22.876297,21.713608,22.876297,24.11267
2021-08-28 21:15:00,Chronos-2 (+기준 곡선),23.030952,21.893745,23.030952,24.640045
2021-08-28 21:30:00,Chronos-2 (+기준 곡선),23.103142,22.027008,23.103142,24.49765
2021-08-28 21:45:00,Chronos-2 (+기준 곡선),23.072739,21.940453,23.072739,24.60273
2021-08-28 22:00:00,Chronos-2 (+기준 곡선),23.22245,22.094124,23.22245,24.491707
2021-08-28 22:15:00,Chronos-2 (+기준 곡선),23.427902,22.134193,23.427902,24.970436
2021-08-28 22:30:00,Chronos-2 (+기준 곡선),23.470245,22.114502,23.470245,24.589424
2021-08-28 22:45:00,Chronos-2 (+기준 곡선),23.417862,22.290283,23.417862,24.624725
2021-08-28 23:00:00,Chronos-2 (+기준 곡선),23.49672,22.277306,23.49672,24.923843
2021-08-28 23:15:00,Chronos-2 (+기준 곡선),23.320984,22.088623,23.320984,24.526001
2021-08-28 23:30:00,Chronos-2 (+기준 곡선),23.017143,21.947617,23.017143,24.297302
2021-08-28 23:45:00,Chronos-2 (+기준 곡선),22.73793,21.713326,22.73793,23.89415
2021-08-29 00:00:00,Chronos-2 (+기준 곡선),39.101284,34.20147,39.101284,43.52573
2021-08-29 00:15:00,Chronos-2 (+기준 곡선),39.10968,34.35972,39.10968,43.256447
2021-08-29 00:30:00,Chronos-2 (+기준 곡선),39.368065,34.75576,39.368065,43.626625
2021-08-29 00:45:00,Chronos-2 (+기준 곡선),39.81194,35.1932,39.81194,43.834225
2021-08-29 01:00:00,Chronos-2 (+기준 곡선),39.721863,35.21994,39.721863,44.050236
2021-08-29 01:15:00,Chronos-2 (+기준 곡선),40.06758,35.294003,40.06758,44.369534
2021-08-29 01:30:00,Chronos-2 (+기준 곡선),40.31394,35.752457,40.31394,44.644676
2021-08-29 01:45:00,Chronos-2 (+기준 곡선),40.221775,35.525402,40.221775,44.855488
2021-08-29 02:00:00,Chronos-2 (+기준 곡선),40.18571,35.600475,40.18571,44.822884
2021-08-29 02:15:00,Chronos-2 (+기준 곡선),41.02157,35.572205,41.02157,45.159958
2021-08-29 02:30:00,Chronos-2 (+기준 곡선),40.45978,35.73179,40.45978,44.952766
2021-08-29 02:45:00,Chronos-2 (+기준 곡선),40.55648,35.86544,40.55648,45.242516
2021-08-29 03:00:00,Chronos-2 (+기준 곡선),40.56305,35.829308,40.56305,45.10291
2021-08-29 03:15:00,Chronos-2 (+기준 곡선),40.605396,35.87705,40.605396,45.143837
2021-08-29 03:30:00,Chronos-2 (+기준 곡선),40.341457,35.61977,40.341457,44.87447
2021-08-29 03:45:00,Chronos-2 (+기준 곡선),40.39038,35.648075,40.39038,44.853405
2021-08-29 04:00:00,Chronos-2 (+기준 곡선),40.711708,35.565365,40.711708,45.330563
2021-08-29 04:15:00,Chronos-2 (+기준 곡선),40.741306,35.498806,40.741306,45.298733
2021-08-29 04:30:00,Chronos-2 (+기준 곡선),40.76575,35.5681,40.76575,45.333195
2021-08-29 04:45:00,Chronos-2 (+기준 곡선),40.783066,35.699215,40.783066,45.191883
2021-08-29 05:00:00,Chronos-2 (+기준 곡선),40.665314,35.742207,40.665314,45.17412
2021-08-29 05:15:00,Chronos-2 (+기준 곡선),40.889835,35.683353,40.889835,45.249866
2021-08-29 05:30:00,Chronos-2 (+기준 곡선),41.149265,36.16836,41.149265,45.50337
2021-08-29 05:45:00,Chronos-2 (+기준 곡선),41.00316,35.862984,41.00316,45.68515
2021-08-29 06:00:00,Chronos-2 (+기준 곡선),40.95417,35.954697,40.95417,45.638954
2021-08-29 06:15:00,Chronos-2 (+기준 곡선),41.81956,35.958878,41.81956,46.00003
2021-08-29 06:30:00,Chronos-2 (+기준 곡선),41.3381,36.12094,41.3381,45.82699
2021-08-29 06:45:00,Chronos-2 (+기준 곡선),41.52579,36.32593,41.52579,46.139214
2021-08-29 07:00:00,Chronos-2 (+기준 곡선),41.681534,36.346115,41.681534,46.33721
2021-08-29 07:15:00,Chronos-2 (+기준 곡선),41.83907,36.40277,41.83907,46.631027
2021-08-29 07:30:00,Chronos-2 (+기준 곡선),41.64493,36.097713,41.64493,46.36202
2021-08-29 07:45:00,Chronos-2 (+기준 곡선),41.72218,36.30661,41.72218,46.39742
2021-08-29 08:00:00,Chronos-2 (+기준 곡선),41.873577,35.980667,41.873577,47.05469
2021-08-29 08:15:00,Chronos-2 (+기준 곡선),41.970257,35.901188,41.970257,47.145412
2021-08-29 08:30:00,Chronos-2 (+기준 곡선),42.024597,35.963726,42.024597,47.260666
2021-08-29 08:45:00,Chronos-2 (+기준 곡선),42.06188,36.066532,42.06188,47.17941
2021-08-29 09:00:00,Chronos-2 (+기준 곡선),41.949524,36.12433,41.949524,47.141838
2021-08-29 09:15:00,Chronos-2 (+기준 곡선),42.412476,36.261417,42.412476,47.4281
2021-08-29 09:30:00,Chronos-2 (+기준 곡선),42.501503,36.583088,42.501503,47.396656
2021-08-29 09:45:00,Chronos-2 (+기준 곡선),42.26586,36.312912,42.26586,47.416824
2021-08-29 10:00:00,Chronos-2 (+기준 곡선),42.210884,36.36052,42.210884,47.252167
2021-08-29 10:15:00,Chronos-2 (+기준 곡선),42.97766,36.31888,42.97766,47.668865
2021-08-29 10:30:00,Chronos-2 (+기준 곡선),42.597538,36.45594,42.597538,47.5715
2021-08-29 10:45:00,Chronos-2 (+기준 곡선),42.784843,36.790535,42.784843,47.90746
2021-08-29 11:00:00,Chronos-2 (+기준 곡선),43.01961,36.903305,43.01961,48.129993
2021-08-29 11:15:00,Chronos-2 (+기준 곡선),43.046158,36.88594,43.046158,48.26611
2021-08-29 11:30:00,Chronos-2 (+기준 곡선),42.84213,36.515995,42.84213,48.06586
2021-08-29 11:45:00,Chronos-2 (+기준 곡선),42.76253,36.52765,42.76253,47.75822
2021-08-29 12:00:00,Chronos-2 (+기준 곡선),42.688248,35.877003,42.688248,48.224457
2021-08-29 12:15:00,Chronos-2 (+기준 곡선),42.72652,35.751034,42.72652,48.23508
2021-08-29 12:30:00,Chronos-2 (+기준 곡선),42.80244,35.826443,42.80244,48.38518
2021-08-29 12:45:00,Chronos-2 (+기준 곡선),42.88235,35.97934,42.88235,48.398693
2021-08-29 13:00:00,Chronos-2 (+기준 곡선),42.827755,35.979908,42.827755,48.46775
2021-08-29 13:15:00,Chronos-2 (+기준 곡선),43.373646,36.11171,43.373646,48.824562
2021-08-29 13:30:00,Chronos-2 (+기준 곡선),43.511524,36.29385,43.511524,48.946327
2021-08-29 13:45:00,Chronos-2 (+기준 곡선),43.332706,36.119312,43.332706,49.04688
2021-08-29 14:00:00,Chronos-2 (+기준 곡선),43.12549,36.089085,43.12549,48.97188
2021-08-29 14:15:00,Chronos-2 (+기준 곡선),43.850697,35.978333,43.850697,49.203896
2021-08-29 14:30:00,Chronos-2 (+기준 곡선),43.41374,36.064423,43.41374,49.076355
2021-08-29 14:45:00,Chronos-2 (+기준 곡선),43.608536,36.380093,43.608536,49.468002
2021-08-29 15:00:00,Chronos-2 (+기준 곡선),43.81769,36.37456,43.81769,49.7142
2021-08-29 15:15:00,Chronos-2 (+기준 곡선),43.824944,36.245163,43.824944,49.800323
2021-08-29 15:30:00,Chronos-2 (+기준 곡선),43.620235,36.10646,43.620235,49.65165
2021-08-29 15:45:00,Chronos-2 (+기준 곡선),43.61229,36.12696,43.61229,49.248962
2021-08-29 16:00:00,Chronos-2 (+기준 곡선),44.192463,36.832672,44.192463,50.783585
2021-08-29 16:15:00,Chronos-2 (+기준 곡선),44.29371,36.573357,44.29371,51.04348
2021-08-29 16:30:00,Chronos-2 (+기준 곡선),44.188587,36.415115,44.188587,50.90204
2021-08-29 16:45:00,Chronos-2 (+기준 곡선),44.027122,36.41795,44.027122,50.658222
2021-08-29 17:00:00,Chronos-2 (+기준 곡선),43.73217,36.42907,43.73217,50.319954
2021-08-29 17:15:00,Chronos-2 (+기준 곡선),43.9999,36.117474,43.9999,50.453377
2021-08-29 17:30:00,Chronos-2 (+기준 곡선),44.21925,36.44753,44.21925,50.63014
2021-08-29 17:45:00,Chronos-2 (+기준 곡선),43.90804,36.12655,43.90804,50.608932
2021-08-29 18:00:00,Chronos-2 (+기준 곡선),43.781704,36.022655,43.781704,50.567574
2021-08-29 18:15:00,Chronos-2 (+기준 곡선),44.442013,35.823376,44.442013,50.84287
2021-08-29 18:30:00,Chronos-2 (+기준 곡선),43.924324,35.86451,43.924324,50.59332
2021-08-29 18:45:00,Chronos-2 (+기준 곡선),44.123962,36.289608,44.123962,50.866295
2021-08-29 19:00:00,Chronos-2 (+기준 곡선),44.363953,36.211243,44.363953,51.256237
2021-08-29 19:15:00,Chronos-2 (+기준 곡선),44.468582,35.998966,44.468582,51.492363
2021-08-29 19:30:00,Chronos-2 (+기준 곡선),44.21597,35.981335,44.21597,51.323143
2021-08-29 19:45:00,Chronos-2 (+기준 곡선),44.2092,36.034412,44.2092,50.87327
2021-08-29 20:00:00,Chronos-2 (+기준 곡선),43.767033,35.523693,43.767033,50.9825
2021-08-29 20:15:00,Chronos-2 (+기준 곡선),43.800755,35.28261,43.800755,51.075447
2021-08-29 20:30:00,Chronos-2 (+기준 곡선),43.78445,35.216137,43.78445,51.043766
2021-08-29 20:45:00,Chronos-2 (+기준 곡선),43.723377,35.25522,43.723377,51.04186
2021-08-29 21:00:00,Chronos-2 (+기준 곡선),43.613003,35.269012,43.613003,50.9008
2021-08-29 21:15:00,Chronos-2 (+기준 곡선),44.02985,35.192577,44.02985,51.304913
2021-08-29 21:30:00,Chronos-2 (+기준 곡선),44.11552,35.373116,44.11552,51.259575
2021-08-29 21:45:00,Chronos-2 (+기준 곡선),43.78353,35.1732,43.78353,51.164173
2021-08-29 22:00:00,Chronos-2 (+기준 곡선),43.6134,35.039013,43.6134,51.21301
2021-08-29 22:15:00,Chronos-2 (+기준 곡선),44.36688,34.88049,44.36688,51.63406
2021-08-29 22:30:00,Chronos-2 (+기준 곡선),44.006355,34.888897,44.006355,51.494125
2021-08-29 22:45:00,Chronos-2 (+기준 곡선),44.17061,35.2412,44.17061,51.821167
2021-08-29 23:00:00,Chronos-2 (+기준 곡선),44.404816,35.149445,44.404816,52.194134
2021-08-29 23:15:00,Chronos-2 (+기준 곡선),44.368996,34.76861,44.368996,52.234608
2021-08-29 23:30:00,Chronos-2 (+기준 곡선),44.138443,34.799683,44.138443,52.3302
2021-08-29 23:45:00,Chronos-2 (+기준 곡선),44.073837,34.771767,44.073837,52.05746
2021-08-30 00:00:00,Chronos-2 (+기준 곡선),20.927643,17.217522,20.927643,25.41034
2021-08-30 00:15:00,Chronos-2 (+기준 곡선),20.87925,17.444885,20.87925,25.688324
2021-08-30 00:30:00,Chronos-2 (+기준 곡선),20.935303,17.409592,20.935303,25.64051
2021-08-30 00:45:00,Chronos-2 (+기준 곡선),21.051659,17.962334,21.051659,25.613922
2021-08-30 01:00:00,Chronos-2 (+기준 곡선),20.949951,17.86084,20.949951,25.358047
2021-08-30 01:15:00,Chronos-2 (+기준 곡선),21.11206,17.265793,21.11206,26.724113
2021-08-30 01:30:00,Chronos-2 (+기준 곡선),21.419174,17.901398,21.419174,26.684998
2021-08-30 01:45:00,Chronos-2 (+기준 곡선),21.383347,17.689209,21.383347,26.887413
2021-08-30 02:00:00,Chronos-2 (+기준 곡선),21.23658,17.425667,21.23658,26.61821
2021-08-30 02:15:00,Chronos-2 (+기준 곡선),21.758759,17.905876,21.758759,27.183674
2021-08-30 02:30:00,Chronos-2 (+기준 곡선),21.633202,17.546318,21.633202,26.66909
2021-08-30 02:45:00,Chronos-2 (+기준 곡선),21.704819,17.77668,21.704819,27.329334
2021-08-30 03:00:00,Chronos-2 (+기준 곡선),21.709114,17.969902,21.709114,27.724438
2021-08-30 03:15:00,Chronos-2 (+기준 곡선),21.950142,17.835312,21.950142,28.085476
2021-08-30 03:30:00,Chronos-2 (+기준 곡선),21.929726,17.723427,21.929726,28.530582
2021-08-30 03:45:00,Chronos-2 (+기준 곡선),21.883583,17.742416,21.883583,27.890072
2021-08-30 04:00:00,Chronos-2 (+기준 곡선),22.221321,18.585007,22.221321,26.259308
2021-08-30 04:15:00,Chronos-2 (+기준 곡선),21.8387,18.465935,21.8387,26.19529
2021-08-30 04:30:00,Chronos-2 (+기준 곡선),21.90332,18.512573,21.90332,25.955185
2021-08-30 04:45:00,Chronos-2 (+기준 곡선),21.952728,18.56044,21.952728,26.571053
2021-08-30 05:00:00,Chronos-2 (+기준 곡선),21.86908,18.932137,21.86908,26.258942
2021-08-30 05:15:00,Chronos-2 (+기준 곡선),21.883095,18.51191,21.883095,26.080261
2021-08-30 05:30:00,Chronos-2 (+기준 곡선),21.852158,18.601723,21.852158,26.39367
2021-08-30 05:45:00,Chronos-2 (+기준 곡선),21.719307,18.426407,21.719307,26.637672
2021-08-30 06:00:00,Chronos-2 (+기준 곡선),21.941338,18.777931,21.941338,26.023544
2021-08-30 06:15:00,Chronos-2 (+기준 곡선),21.64045,18.10418,21.64045,25.384201
2021-08-30 06:30:00,Chronos-2 (+기준 곡선),21.606773,17.51825,21.606773,26.111824
2021-08-30 06:45:00,Chronos-2 (+기준 곡선),22.161598,17.758003,22.161598,27.660233
2021-08-30 07:00:00,Chronos-2 (+기준 곡선),25.478134,19.361145,25.478134,36.87476
2021-08-30 07:15:00,Chronos-2 (+기준 곡선),43.22524,27.86367,43.22524,61.237984
2021-08-30 07:30:00,Chronos-2 (+기준 곡선),72.259674,54.466675,72.259674,89.549194
2021-08-30 07:45:00,Chronos-2 (+기준 곡선),106.56024,87.66232,106.56024,123.84775
2021-08-30 08:00:00,Chronos-2 (+기준 곡선),153.1742,128.34856,153.1742,174.86795
2021-08-30 08:15:00,Chronos-2 (+기준 곡선),174.80249,150.72292,174.80249,195.09251
2021-08-30 08:30:00,Chronos-2 (+기준 곡선),181.34828,156.35355,181.34828,201.62079
2021-08-30 08:45:00,Chronos-2 (+기준 곡선),181.00073,156.43448,181.00073,200.71289
2021-08-30 09:00:00,Chronos-2 (+기준 곡선),177.9003,154.59119,177.9003,198.2254
2021-08-30 09:15:00,Chronos-2 (+기준 곡선),173.57637,150.09178,173.57637,194.27313
2021-08-30 09:30:00,Chronos-2 (+기준 곡선),173.6467,150.34105,173.6467,194.79413
2021-08-30 09:45:00,Chronos-2 (+기준 곡선),172.3426,147.53024,172.3426,192.9459
2021-08-30 10:00:00,Chronos-2 (+기준 곡선),146.54593,122.0967,146.54593,169.34961
2021-08-30 10:15:00,Chronos-2 (+기준 곡선),170.22958,144.72966,170.22958,190.55797
2021-08-30 10:30:00,Chronos-2 (+기준 곡선),169.58856,143.43393,169.58856,191.71739
2021-08-30 10:45:00,Chronos-2 (+기준 곡선),168.99167,144.36789,168.99167,189.92914
2021-08-30 11:00:00,Chronos-2 (+기준 곡선),169.79642,145.3368,169.79642,191.26181
2021-08-30 11:15:00,Chronos-2 (+기준 곡선),170.92708,143.23987,170.92708,191.67023
2021-08-30 11:30:00,Chronos-2 (+기준 곡선),171.7776,144.99048,171.7776,193.23299
2021-08-30 11:45:00,Chronos-2 (+기준 곡선),167.26259,138.74634,167.26259,189.98532
2021-08-30 12:00:00,Chronos-2 (+기준 곡선),116.183,89.57184,116.183,143.0611
2021-08-30 12:15:00,Chronos-2 (+기준 곡선),99.83047,75.67553,99.83047,124.33915
2021-08-30 12:30:00,Chronos-2 (+기준 곡선),102.051254,76.08988,102.051254,126.640335
2021-08-30 12:45:00,Chronos-2 (+기준 곡선),121.53691,91.8294,121.53691,149.26044
2021-08-30 13:00:00,Chronos-2 (+기준 곡선),162.37627,127.54167,162.37627,189.15688
2021-08-30 13:15:00,Chronos-2 (+기준 곡선),166.46863,132.75427,166.46863,193.14676
2021-08-30 13:30:00,Chronos-2 (+기준 곡선),168.9017,135.20303,168.9017,195.07219
2021-08-30 13:45:00,Chronos-2 (+기준 곡선),171.4021,136.6081,171.4021,197.3439
2021-08-30 14:00:00,Chronos-2 (+기준 곡선),168.91624,134.31863,168.91624,195.44745
2021-08-30 14:15:00,Chronos-2 (+기준 곡선),165.67192,131.29984,165.67192,191.50328
2021-08-30 14:30:00,Chronos-2 (+기준 곡선),167.29938,132.35568,167.29938,193.96461
2021-08-30 14:45:00,Chronos-2 (+기준 곡선),166.02602,131.29234,166.02602,192.97055
2021-08-30 15:00:00,Chronos-2 (+기준 곡선),136.33827,103.533966,136.33827,166.12003
2021-08-30 15:15:00,Chronos-2 (+기준 곡선),156.92462,122.024826,156.92462,187.06009
2021-08-30 15:30:00,Chronos-2 (+기준 곡선),165.21182,129.04156,165.21182,193.42953
2021-08-30 15:45:00,Chronos-2 (+기준 곡선),167.7456,130.8762,167.7456,195.89005
2021-08-30 16:00:00,Chronos-2 (+기준 곡선),165.46742,126.597336,165.46742,194.68442
2021-08-30 16:15:00,Chronos-2 (+기준 곡선),162.72066,123.56064,162.72066,192.7624
2021-08-30 16:30:00,Chronos-2 (+기준 곡선),159.06241,119.79668,159.06241,189.34888
2021-08-30 16:45:00,Chronos-2 (+기준 곡선),151.20148,112.887314,151.20148,180.99437
2021-08-30 17:00:00,Chronos-2 (+기준 곡선),124.73213,88.67957,124.73213,157.30031
2021-08-30 17:15:00,Chronos-2 (+기준 곡선),115.38458,79.8574,115.38458,151.52211
2021-08-30 17:30:00,Chronos-2 (+기준 곡선),129.82036,88.037575,129.82036,168.21594
2021-08-30 17:45:00,Chronos-2 (+기준 곡선),134.62555,89.353264,134.62555,176.3305
2021-08-30 18:00:00,Chronos-2 (+기준 곡선),130.75467,85.44663,130.75467,173.04446
2021-08-30 18:15:00,Chronos-2 (+기준 곡선),124.423355,83.19702,124.423355,164.4123
2021-08-30 18:30:00,Chronos-2 (+기준 곡선),117.73863,81.48896,117.73863,154.96126
2021-08-30 18:45:00,Chronos-2 (+기준 곡선),113.49599,81.05543,113.49599,146.9616
2021-08-30 19:00:00,Chronos-2 (+기준 곡선),113.559586,80.093475,113.559586,145.71259
2021-08-30 19:15:00,Chronos-2 (+기준 곡선),110.72226,80.52851,110.72226,140.49121
2021-08-30 19:30:00,Chronos-2 (+기준 곡선),106.837036,79.04205,106.837036,133.93085
2021-08-30 19:45:00,Chronos-2 (+기준 곡선),99.64944,74.49776,99.64944,122.396576
2021-08-30 20:00:00,Chronos-2 (+기준 곡선),99.501015,73.84766,99.501015,116.97223
2021-08-30 20:15:00,Chronos-2 (+기준 곡선),107.767,83.23219,107.767,124.21297
2021-08-30 20:30:00,Chronos-2 (+기준 곡선),109.34376,83.7343,109.34376,126.134445
2021-08-30 20:45:00,Chronos-2 (+기준 곡선),108.77931,83.240036,108.77931,124.64876
2021-08-30 21:00:00,Chronos-2 (+기준 곡선),109.20597,85.362724,109.20597,125.36454
2021-08-30 21:15:00,Chronos-2 (+기준 곡선),109.971466,86.311584,109.971466,124.96422
2021-08-30 21:30:00,Chronos-2 (+기준 곡선),108.02451,84.099495,108.02451,122.66725
2021-08-30 21:45:00,Chronos-2 (+기준 곡선),103.86551,80.06242,103.86551,119.240746
2021-08-30 22:00:00,Chronos-2 (+기준 곡선),98.23014,73.857376,98.23014,113.71003
2021-08-30 22:15:00,Chronos-2 (+기준 곡선),102.73339,79.32999,102.73339,117.66931
2021-08-30 22:30:00,Chronos-2 (+기준 곡선),103.392815,80.280876,103.392815,118.88626
2021-08-30 22:45:00,Chronos-2 (+기준 곡선),103.325264,80.74058,103.325264,117.59957
2021-08-30 23:00:00,Chronos-2 (+기준 곡선),102.87644,79.862885,102.87644,117.03729
2021-08-30 23:15:00,Chronos-2 (+기준 곡선),101.974976,78.72363,101.974976,116.54557
2021-08-30 23:30:00,Chronos-2 (+기준 곡선),98.056465,72.73058,98.056465,114.23608
2021-08-30 23:45:00,Chronos-2 (+기준 곡선),76.52369,51.39155,76.52369,93.47848
2021-08-31 00:00:00,Chronos-2 (+기준 곡선),77.28621,69.33707,77.28621,83.99536
2021-08-31 00:15:00,Chronos-2 (+기준 곡선),74.375984,66.67615,74.375984,82.17719
2021-08-31 00:30:00,Chronos-2 (+기준 곡선),72.161255,64.34456,72.161255,79.80077
2021-08-31 00:45:00,Chronos-2 (+기준 곡선),69.27835,61.182724,69.27835,77.44651
2021-08-31 01:00:00,Chronos-2 (+기준 곡선),95.2098,86.92748,95.2098,103.42529
2021-08-31 01:15:00,Chronos-2 (+기준 곡선),107.08796,98.36609,107.08796,115.28325
2021-08-31 01:30:00,Chronos-2 (+기준 곡선),109.12364,101.11818,109.12364,117.44078
2021-08-31 01:45:00,Chronos-2 (+기준 곡선),109.379776,100.78939,109.379776,117.9522
2021-08-31 02:00:00,Chronos-2 (+기준 곡선),110.53797,102.48637,110.53797,118.77504
2021-08-31 02:15:00,Chronos-2 (+기준 곡선),110.30063,101.916306,110.30063,118.67558
2021-08-31 02:30:00,Chronos-2 (+기준 곡선),108.701004,100.5084,108.701004,117.71866
2021-08-31 02:45:00,Chronos-2 (+기준 곡선),108.88039,100.37393,108.88039,117.63691
2021-08-31 03:00:00,Chronos-2 (+기준 곡선),95.479126,86.782265,95.479126,104.34081
2021-08-31 03:15:00,Chronos-2 (+기준 곡선),104.810165,96.08454,104.810165,113.670746
2021-08-31 03:30:00,Chronos-2 (+기준 곡선),107.207184,98.24191,107.207184,116.749794
2021-08-31 03:45:00,Chronos-2 (+기준 곡선),107.22423,98.529526,107.22423,115.965416
2021-08-31 04:00:00,Chronos-2 (+기준 곡선),107.12984,98.854095,107.12984,115.872986
2021-08-31 04:15:00,Chronos-2 (+기준 곡선),108.939865,100.96192,108.939865,117.594315
2021-08-31 04:30:00,Chronos-2 (+기준 곡선),107.0997,98.56333,107.0997,115.82399
2021-08-31 04:45:00,Chronos-2 (+기준 곡선),102.47321,93.523346,102.47321,111.23185
2021-08-31 05:00:00,Chronos-2 (+기준 곡선),82.5129,74.03784,82.5129,91.09463
2021-08-31 05:15:00,Chronos-2 (+기준 곡선),77.5658,69.43051,77.5658,85.7991
2021-08-31 05:30:00,Chronos-2 (+기준 곡선),93.41555,84.641106,93.41555,102.10335
2021-08-31 05:45:00,Chronos-2 (+기준 곡선),106.27055,97.658516,106.27055,115.189026
2021-08-31 06:00:00,Chronos-2 (+기준 곡선),107.64788,99.05917,107.64788,117.040665
2021-08-31 06:15:00,Chronos-2 (+기준 곡선),105.88884,97.00384,105.88884,114.74599
2021-08-31 06:30:00,Chronos-2 (+기준 곡선),104.62169,96.24675,104.62169,113.76266
2021-08-31 06:45:00,Chronos-2 (+기준 곡선),108.63232,99.688705,108.63232,117.64336
2021-08-31 07:00:00,Chronos-2 (+기준 곡선),110.62386,101.28838,110.62386,119.81024
2021-08-31 07:15:00,Chronos-2 (+기준 곡선),122.22543,112.16971,122.22543,131.23299
2021-08-31 07:30:00,Chronos-2 (+기준 곡선),143.6766,134.46085,143.6766,153.51727
2021-08-31 07:45:00,Chronos-2 (+기준 곡선),141.64287,131.58374,141.64287,151.97948
2021-08-31 08:00:00,Chronos-2 (+기준 곡선),167.46101,154.31839,167.46101,180.88338
2021-08-31 08:15:00,Chronos-2 (+기준 곡선),185.5914,172.63916,185.5914,198.78925
2021-08-31 08:30:00,Chronos-2 (+기준 곡선),188.34546,174.45856,188.34546,200.67966
2021-08-31 08:45:00,Chronos-2 (+기준 곡선),184.66751,172.10846,184.66751,196.98474
2021-08-31 09:00:00,Chronos-2 (+기준 곡선),178.12717,164.63998,178.12717,191.09552
2021-08-31 09:15:00,Chronos-2 (+기준 곡선),178.31409,165.69852,178.31409,191.4426
2021-08-31 09:30:00,Chronos-2 (+기준 곡선),177.5256,164.18901,177.5256,190.15364
2021-08-31 09:45:00,Chronos-2 (+기준 곡선),179.70816,166.19997,179.70816,192.66591
2021-08-31 10:00:00,Chronos-2 (+기준 곡선),150.47647,137.30511,150.47647,164.21892
2021-08-31 10:15:00,Chronos-2 (+기준 곡선),177.73357,164.30624,177.73357,190.76443
2021-08-31 10:30:00,Chronos-2 (+기준 곡선),178.77898,165.49194,178.77898,191.58762
2021-08-31 10:45:00,Chronos-2 (+기준 곡선),179.23207,165.23761,179.23207,191.2732
2021-08-31 11:00:00,Chronos-2 (+기준 곡선),178.57587,165.8132,178.57587,191.44632
2021-08-31 11:15:00,Chronos-2 (+기준 곡선),181.2124,167.74907,181.2124,193.66907
2021-08-31 11:30:00,Chronos-2 (+기준 곡선),182.93753,169.10895,182.93753,195.7435
2021-08-31 11:45:00,Chronos-2 (+기준 곡선),179.75723,166.05144,179.75723,193.55368
2021-08-31 12:00:00,Chronos-2 (+기준 곡선),121.87338,107.00284,121.87338,137.82921
2021-08-31 12:15:00,Chronos-2 (+기준 곡선),103.952415,89.35203,103.952415,118.30214
2021-08-31 12:30:00,Chronos-2 (+기준 곡선),104.85057,89.27165,104.85057,119.58683
2021-08-31 12:45:00,Chronos-2 (+기준 곡선),125.498405,109.45454,125.498405,141.4881
2021-08-31 13:00:00,Chronos-2 (+기준 곡선),170.62411,154.5516,170.62411,186.5312
2021-08-31 13:15:00,Chronos-2 (+기준 곡선),175.90332,160.3785,175.90332,191.99893
2021-08-31 13:30:00,Chronos-2 (+기준 곡선),178.15952,163.79294,178.15952,194.12476
2021-08-31 13:45:00,Chronos-2 (+기준 곡선),181.99796,167.07187,181.99796,197.78563
2021-08-31 14:00:00,Chronos-2 (+기준 곡선),179.46855,164.3149,179.46855,194.67584
2021-08-31 14:15:00,Chronos-2 (+기준 곡선),174.76202,158.2893,174.76202,189.62962
2021-08-31 14:30:00,Chronos-2 (+기준 곡선),176.13535,160.08167,176.13535,191.56747
2021-08-31 14:45:00,Chronos-2 (+기준 곡선),177.19078,161.90074,177.19078,192.97527
2021-08-31 15:00:00,Chronos-2 (+기준 곡선),140.62372,124.32451,140.62372,157.72083
2021-08-31 15:15:00,Chronos-2 (+기준 곡선),168.11917,150.71999,168.11917,184.01709
2021-08-31 15:30:00,Chronos-2 (+기준 곡선),177.9248,161.19347,177.9248,193.6188
2021-08-31 15:45:00,Chronos-2 (+기준 곡선),180.23462,163.83057,180.23462,196.18243
2021-08-31 16:00:00,Chronos-2 (+기준 곡선),177.78995,163.31982,177.78995,191.80774
2021-08-31 16:15:00,Chronos-2 (+기준 곡선),172.96913,157.90938,172.96913,187.94647
2021-08-31 16:30:00,Chronos-2 (+기준 곡선),168.29993,152.1326,168.29993,182.84364
2021-08-31 16:45:00,Chronos-2 (+기준 곡선),165.31506,149.30423,165.31506,180.57819
2021-08-31 17:00:00,Chronos-2 (+기준 곡선),125.650696,111.02072,125.650696,140.82971
2021-08-31 17:15:00,Chronos-2 (+기준 곡선),115.36821,100.78914,115.36821,130.03535
2021-08-31 17:30:00,Chronos-2 (+기준 곡선),156.54895,140.7604,156.54895,171.18933
2021-08-31 17:45:00,Chronos-2 (+기준 곡선),166.31815,150.38791,166.31815,181.45024
2021-08-31 18:00:00,Chronos-2 (+기준 곡선),164.10048,147.83572,164.10048,178.49765
2021-08-31 18:15:00,Chronos-2 (+기준 곡선),163.01578,146.45886,163.01578,177.55792
2021-08-31 18:30:00,Chronos-2 (+기준 곡선),163.47455,146.8438,163.47455,178.32938
2021-08-31 18:45:00,Chronos-2 (+기준 곡선),162.57239,145.82468,162.57239,177.02483
2021-08-31 19:00:00,Chronos-2 (+기준 곡선),158.04407,141.9841,158.04407,172.56213
2021-08-31 19:15:00,Chronos-2 (+기준 곡선),150.8717,134.6222,150.8717,165.08658
2021-08-31 19:30:00,Chronos-2 (+기준 곡선),146.38478,131.37445,146.38478,161.24677
2021-08-31 19:45:00,Chronos-2 (+기준 곡선),129.36317,115.004715,129.36317,144.07712
2021-08-31 20:00:00,Chronos-2 (+기준 곡선),117.28438,104.75249,117.28438,129.40732
2021-08-31 20:15:00,Chronos-2 (+기준 곡선),124.7666,113.283844,124.7666,135.38525
2021-08-31 20:30:00,Chronos-2 (+기준 곡선),126.80473,115.291145,126.80473,137.4531
2021-08-31 20:45:00,Chronos-2 (+기준 곡선),124.703865,113.717316,124.703865,135.0051
2021-08-31 21:00:00,Chronos-2 (+기준 곡선),121.86942,110.9155,121.86942,132.77492
2021-08-31 21:15:00,Chronos-2 (+기준 곡선),122.1904,111.071625,122.1904,132.57474
2021-08-31 21:30:00,Chronos-2 (+기준 곡선),120.54646,109.68064,120.54646,131.009
2021-08-31 21:45:00,Chronos-2 (+기준 곡선),118.99453,107.69932,118.99453,129.6855
2021-08-31 22:00:00,Chronos-2 (+기준 곡선),108.14838,96.409515,108.14838,119.125984
2021-08-31 22:15:00,Chronos-2 (+기준 곡선),115.64562,104.22129,115.64562,126.167076
2021-08-31 22:30:00,Chronos-2 (+기준 곡선),114.10179,102.89496,114.10179,125.096054
2021-08-31 22:45:00,Chronos-2 (+기준 곡선),113.510315,102.41466,113.510315,123.953735
2021-08-31 23:00:00,Chronos-2 (+기준 곡선),111.802025,100.803215,111.802025,122.40487
2021-08-31 23:15:00,Chronos-2 (+기준 곡선),111.756996,100.50989,111.756996,122.2009
2021-08-31 23:30:00,Chronos-2 (+기준 곡선),109.57724,98.38918,109.57724,119.84483
2021-08-31 23:45:00,Chronos-2 (+기준 곡선),89.61139,78.71777,89.61139,100.31055
2021-09-01 00:00:00,Chronos-2 (+기준 곡선),82.728485,73.94182,82.728485,90.52573
2021-09-01 00:15:00,Chronos-2 (+기준 곡선),79.82908,71.59943,79.82908,88.48863
2021-09-01 00:30:00,Chronos-2 (+기준 곡선),77.204506,69.01703,77.204506,85.53651
2021-09-01 00:45:00,Chronos-2 (+기준 곡선),73.749794,65.45348,73.749794,82.51626
2021-09-01 01:00:00,Chronos-2 (+기준 곡선),98.67277,89.841,98.67277,107.54542
2021-09-01 01:15:00,Chronos-2 (+기준 곡선),109.80675,100.46475,109.80675,118.78963
2021-09-01 01:30:00,Chronos-2 (+기준 곡선),111.57313,102.94188,111.57313,120.49078
2021-09-01 01:45:00,Chronos-2 (+기준 곡선),111.730965,102.71668,111.730965,120.90604
2021-09-01 02:00:00,Chronos-2 (+기준 곡선),112.663506,104.25746,112.663506,121.28833
2021-09-01 02:15:00,Chronos-2 (+기준 곡선),112.61214,103.839,112.61214,121.34717
2021-09-01 02:30:00,Chronos-2 (+기준 곡선),110.819374,102.28771,110.819374,119.93159
2021-09-01 02:45:00,Chronos-2 (+기준 곡선),111.279366,102.48777,111.279366,120.165474
2021-09-01 03:00:00,Chronos-2 (+기준 곡선),96.72214,87.94475,96.72214,105.96638
2021-09-01 03:15:00,Chronos-2 (+기준 곡선),107.188,98.14731,107.188,116.37767
2021-09-01 03:30:00,Chronos-2 (+기준 곡선),109.05652,99.68433,109.05652,118.54365
2021-09-01 03:45:00,Chronos-2 (+기준 곡선),109.671715,100.780106,109.671715,118.61507
2021-09-01 04:00:00,Chronos-2 (+기준 곡선),108.179504,99.63412,108.179504,117.37338
2021-09-01 04:15:00,Chronos-2 (+기준 곡선),110.68506,102.22197,110.68506,119.87032
2021-09-01 04:30:00,Chronos-2 (+기준 곡선),108.8775,99.86388,108.8775,118.1973
2021-09-01 04:45:00,Chronos-2 (+기준 곡선),105.446976,96.264275,105.446976,114.78896
2021-09-01 05:00:00,Chronos-2 (+기준 곡선),86.18037,77.451805,86.18037,95.17859
2021-09-01 05:15:00,Chronos-2 (+기준 곡선),82.03382,73.73273,82.03382,90.661804
2021-09-01 05:30:00,Chronos-2 (+기준 곡선),96.37002,87.48959,96.37002,105.67703
2021-09-01 05:45:00,Chronos-2 (+기준 곡선),108.65741,99.54065,108.65741,118.22159
2021-09-01 06:00:00,Chronos-2 (+기준 곡선),109.94433,100.80642,109.94433,119.86304
2021-09-01 06:15:00,Chronos-2 (+기준 곡선),109.9459,100.30704,109.9459,119.39053
2021-09-01 06:30:00,Chronos-2 (+기준 곡선),108.49587,99.223785,108.49587,118.1287
2021-09-01 06:45:00,Chronos-2 (+기준 곡선),110.78194,101.12569,110.78194,120.55611
2021-09-01 07:00:00,Chronos-2 (+기준 곡선),111.358864,101.36466,111.358864,121.272446
2021-09-01 07:15:00,Chronos-2 (+기준 곡선),123.73036,112.54872,123.73036,133.6311
2021-09-01 07:30:00,Chronos-2 (+기준 곡선),147.1772,137.35052,147.1772,157.75836
2021-09-01 07:45:00,Chronos-2 (+기준 곡선),143.58672,132.83376,143.58672,154.40666
2021-09-01 08:00:00,Chronos-2 (+기준 곡선),165.52472,152.06395,165.52472,179.44304
2021-09-01 08:15:00,Chronos-2 (+기준 곡선),182.71738,169.233,182.71738,196.55386
2021-09-01 08:30:00,Chronos-2 (+기준 곡선),184.65997,170.17044,184.65997,197.63113
2021-09-01 08:45:00,Chronos-2 (+기준 곡선),181.43124,168.2331,181.43124,194.46289
2021-09-01 09:00:00,Chronos-2 (+기준 곡선),174.35934,160.4159,174.35934,188.41948
2021-09-01 09:15:00,Chronos-2 (+기준 곡선),175.78442,162.42593,175.78442,189.165
2021-09-01 09:30:00,Chronos-2 (+기준 곡선),176.28589,162.51569,176.28589,189.38959
2021-09-01 09:45:00,Chronos-2 (+기준 곡선),179.39423,165.51373,179.39423,192.8638
2021-09-01 10:00:00,Chronos-2 (+기준 곡선),153.67856,140.05151,153.67856,167.39159
2021-09-01 10:15:00,Chronos-2 (+기준 곡선),177.81451,164.22049,177.81451,191.19037
2021-09-01 10:30:00,Chronos-2 (+기준 곡선),178.3168,164.67514,178.3168,191.65778
2021-09-01 10:45:00,Chronos-2 (+기준 곡선),178.75516,164.60968,178.75516,191.40091
2021-09-01 11:00:00,Chronos-2 (+기준 곡선),177.1965,164.02164,177.1965,190.4701
2021-09-01 11:15:00,Chronos-2 (+기준 곡선),178.4997,164.53146,178.4997,191.42654
2021-09-01 11:30:00,Chronos-2 (+기준 곡선),180.48065,165.41632,180.48065,193.79086
2021-09-01 11:45:00,Chronos-2 (+기준 곡선),176.87009,162.54327,176.87009,191.00568
2021-09-01 12:00:00,Chronos-2 (+기준 곡선),119.49498,105.391624,119.49498,134.7634
2021-09-01 12:15:00,Chronos-2 (+기준 곡선),104.96893,91.071594,104.96893,118.89845
2021-09-01 12:30:00,Chronos-2 (+기준 곡선),106.040184,91.014755,106.040184,120.46147
2021-09-01 12:45:00,Chronos-2 (+기준 곡선),126.01069,110.2876,126.01069,141.62758
2021-09-01 13:00:00,Chronos-2 (+기준 곡선),168.20663,152.60739,168.20663,183.60922
2021-09-01 13:15:00,Chronos-2 (+기준 곡선),175.60658,160.86285,175.60658,191.03525
2021-09-01 13:30:00,Chronos-2 (+기준 곡선),175.98837,162.2891,175.98837,191.27905
2021-09-01 13:45:00,Chronos-2 (+기준 곡선),179.77254,165.29953,179.77254,194.81796
2021-09-01 14:00:00,Chronos-2 (+기준 곡선),178.20343,164.24103,178.20343,192.75526
2021-09-01 14:15:00,Chronos-2 (+기준 곡선),173.94693,158.2164,173.94693,188.20222
2021-09-01 14:30:00,Chronos-2 (+기준 곡선),175.90912,160.932,175.90912,190.76349
2021-09-01 14:45:00,Chronos-2 (+기준 곡선),176.22357,161.76073,176.22357,191.30856
2021-09-01 15:00:00,Chronos-2 (+기준 곡선),141.55661,126.07893,141.55661,157.77438
2021-09-01 15:15:00,Chronos-2 (+기준 곡선),168.60727,151.99762,168.60727,183.0485
2021-09-01 15:30:00,Chronos-2 (+기준 곡선),176.6452,160.9927,176.6452,191.55554
2021-09-01 15:45:00,Chronos-2 (+기준 곡선),177.47751,161.68146,177.47751,192.7674
2021-09-01 16:00:00,Chronos-2 (+기준 곡선),176.31487,162.26343,176.31487,189.88663
2021-09-01 16:15:00,Chronos-2 (+기준 곡선),172.03784,157.46619,172.03784,186.82947
2021-09-01 16:30:00,Chronos-2 (+기준 곡선),166.95023,151.13281,166.95023,181.14978
2021-09-01 16:45:00,Chronos-2 (+기준 곡선),164.64572,149.10495,164.64572,179.53369
2021-09-01 17:00:00,Chronos-2 (+기준 곡선),125.517105,111.14659,125.517105,140.56934
2021-09-01 17:15:00,Chronos-2 (+기준 곡선),116.37685,102.24155,116.37685,130.74239
2021-09-01 17:30:00,Chronos-2 (+기준 곡선),154.62105,139.11795,154.62105,169.21512
2021-09-01 17:45:00,Chronos-2 (+기준 곡선),164.85959,149.4091,164.85959,179.79669
2021-09-01 18:00:00,Chronos-2 (+기준 곡선),163.87059,148.09012,163.87059,178.10583
2021-09-01 18:15:00,Chronos-2 (+기준 곡선),163.28214,147.04639,163.28214,177.57979
2021-09-01 18:30:00,Chronos-2 (+기준 곡선),163.45323,147.27252,163.45323,178.22806
2021-09-01 18:45:00,Chronos-2 (+기준 곡선),161.85275,145.5063,161.85275,176.13681
2021-09-01 19:00:00,Chronos-2 (+기준 곡선),157.30058,141.48251,157.30058,171.6738
2021-09-01 19:15:00,Chronos-2 (+기준 곡선),151.31198,134.9017,151.31198,165.77725
2021-09-01 19:30:00,Chronos-2 (+기준 곡선),147.25262,131.99878,147.25262,162.43933
2021-09-01 19:45:00,Chronos-2 (+기준 곡선),129.74,115.02158,129.74,144.93884
2021-09-01 20:00:00,Chronos-2 (+기준 곡선),118.35448,105.39042,118.35448,131.60373
2021-09-01 20:15:00,Chronos-2 (+기준 곡선),128.62457,116.524414,128.62457,140.26659
2021-09-01 20:30:00,Chronos-2 (+기준 곡선),129.33202,117.19848,129.33202,141.19254
2021-09-01 20:45:00,Chronos-2 (+기준 곡선),126.80988,115.34159,126.80988,138.1056
2021-09-01 21:00:00,Chronos-2 (+기준 곡선),123.723206,112.13382,123.723206,135.56607
2021-09-01 21:15:00,Chronos-2 (+기준 곡선),123.86222,112.172516,123.86222,135.51538
2021-09-01 21:30:00,Chronos-2 (+기준 곡선),121.79015,110.115585,121.79015,133.49434
2021-09-01 21:45:00,Chronos-2 (+기준 곡선),120.64162,108.82033,120.64162,132.66019
2021-09-01 22:00:00,Chronos-2 (+기준 곡선),109.40198,97.11249,109.40198,121.40187
2021-09-01 22:15:00,Chronos-2 (+기준 곡선),118.54829,106.50113,118.54829,130.29901
2021-09-01 22:30:00,Chronos-2 (+기준 곡선),116.82853,105.19858,116.82853,128.7586
2021-09-01 22:45:00,Chronos-2 (+기준 곡선),116.000465,104.27199,116.000465,127.50228
2021-09-01 23:00:00,Chronos-2 (+기준 곡선),113.76545,102.11661,113.76545,125.54616
2021-09-01 23:15:00,Chronos-2 (+기준 곡선),113.92506,102.053375,113.92506,125.6216
2021-09-01 23:30:00,Chronos-2 (+기준 곡선),111.173096,99.24725,111.173096,122.66585
2021-09-01 23:45:00,Chronos-2 (+기준 곡선),92.429054,81.19185,92.429054,104.069176
2021-09-02 00:00:00,Chronos-2 (+기준 곡선),82.53238,74.65068,82.53238,89.4388
2021-09-02 00:15:00,Chronos-2 (+기준 곡선),79.167015,71.957596,79.167015,86.63781
2021-09-02 00:30:00,Chronos-2 (+기준 곡선),76.68454,69.53756,76.68454,83.81782
2021-09-02 00:45:00,Chronos-2 (+기준 곡선),73.06609,65.838165,73.06609,80.56588
2021-09-02 01:00:00,Chronos-2 (+기준 곡선),97.89276,90.16368,97.89276,105.4655
2021-09-02 01:15:00,Chronos-2 (+기준 곡선),110.46218,102.14757,110.46218,118.28656
2021-09-02 01:30:00,Chronos-2 (+기준 곡선),113.37445,105.73175,113.37445,121.23914
2021-09-02 01:45:00,Chronos-2 (+기준 곡선),113.29628,105.2548,113.29628,121.30429
2021-09-02 02:00:00,Chronos-2 (+기준 곡선),114.8077,107.35439,114.8077,122.30876
2021-09-02 02:15:00,Chronos-2 (+기준 곡선),115.007195,107.21831,115.007195,122.51369
2021-09-02 02:30:00,Chronos-2 (+기준 곡선),111.88029,104.26589,111.88029,119.834404
2021-09-02 02:45:00,Chronos-2 (+기준 곡선),111.3312,103.49522,111.3312,119.30514
2021-09-02 03:00:00,Chronos-2 (+기준 곡선),96.64658,88.43853,96.64658,104.816154
2021-09-02 03:15:00,Chronos-2 (+기준 곡선),107.20752,99.01078,107.20752,115.51648
2021-09-02 03:30:00,Chronos-2 (+기준 곡선),109.38027,100.96197,109.38027,117.725334
2021-09-02 03:45:00,Chronos-2 (+기준 곡선),110.14039,102.11606,110.14039,118.12048
2021-09-02 04:00:00,Chronos-2 (+기준 곡선),109.62088,101.71593,109.62088,117.79407
2021-09-02 04:15:00,Chronos-2 (+기준 곡선),112.549706,104.79449,112.549706,120.59906
2021-09-02 04:30:00,Chronos-2 (+기준 곡선),110.20554,101.993126,110.20554,118.591866
2021-09-02 04:45:00,Chronos-2 (+기준 곡선),106.17038,97.84719,106.17038,114.379456
2021-09-02 05:00:00,Chronos-2 (+기준 곡선),85.87038,77.82527,85.87038,93.75878
2021-09-02 05:15:00,Chronos-2 (+기준 곡선),81.073524,73.31802,81.073524,88.738266
2021-09-02 05:30:00,Chronos-2 (+기준 곡선),96.586044,88.44755,96.586044,104.82491
2021-09-02 05:45:00,Chronos-2 (+기준 곡선),110.352875,101.97946,110.352875,118.83509
2021-09-02 06:00:00,Chronos-2 (+기준 곡선),111.52807,103.07245,111.52807,120.237144
2021-09-02 06:15:00,Chronos-2 (+기준 곡선),110.7226,101.96777,110.7226,118.768654
2021-09-02 06:30:00,Chronos-2 (+기준 곡선),109.45116,101.19138,109.45116,117.61678
2021-09-02 06:45:00,Chronos-2 (+기준 곡선),112.547905,103.680244,112.547905,121.00451
2021-09-02 07:00:00,Chronos-2 (+기준 곡선),112.050606,102.76186,112.050606,120.79019
2021-09-02 07:15:00,Chronos-2 (+기준 곡선),123.79224,113.395744,123.79224,132.68839
2021-09-02 07:30:00,Chronos-2 (+기준 곡선),147.28362,138.2535,147.28362,156.74016
2021-09-02 07:45:00,Chronos-2 (+기준 곡선),144.32301,134.41493,144.32301,153.85738
2021-09-02 08:00:00,Chronos-2 (+기준 곡선),165.33679,152.60909,165.33679,178.60825
2021-09-02 08:15:00,Chronos-2 (+기준 곡선),184.92447,172.13724,184.92447,197.42014
2021-09-02 08:30:00,Chronos-2 (+기준 곡선),189.17134,175.50229,189.17134,200.87924
2021-09-02 08:45:00,Chronos-2 (+기준 곡선),185.65094,173.29929,185.65094,197.461
2021-09-02 09:00:00,Chronos-2 (+기준 곡선),177.66965,164.6763,177.66965,190.60794
2021-09-02 09:15:00,Chronos-2 (+기준 곡선),179.52888,167.21414,179.52888,191.8829
2021-09-02 09:30:00,Chronos-2 (+기준 곡선),179.7634,167.0286,179.7634,191.72467
2021-09-02 09:45:00,Chronos-2 (+기준 곡선),181.59937,168.55812,181.59937,193.83167
2021-09-02 10:00:00,Chronos-2 (+기준 곡선),155.08032,142.61299,155.08032,167.5114
2021-09-02 10:15:00,Chronos-2 (+기준 곡선),181.82532,169.1333,181.82532,194.01364
2021-09-02 10:30:00,Chronos-2 (+기준 곡선),182.68823,170.0653,182.68823,194.83145
2021-09-02 10:45:00,Chronos-2 (+기준 곡선),182.5673,169.2864,182.5673,194.03458
2021-09-02 11:00:00,Chronos-2 (+기준 곡선),180.8736,168.59021,180.8736,193.3073
2021-09-02 11:15:00,Chronos-2 (+기준 곡선),181.43109,168.58986,181.43109,193.1904
2021-09-02 11:30:00,Chronos-2 (+기준 곡선),182.81894,168.724,182.81894,194.9065
2021-09-02 11:45:00,Chronos-2 (+기준 곡선),177.89816,164.62994,177.89816,190.77109
2021-09-02 12:00:00,Chronos-2 (+기준 곡선),120.39415,107.10344,120.39415,134.52802
2021-09-02 12:15:00,Chronos-2 (+기준 곡선),104.629135,91.68686,104.629135,117.728966
2021-09-02 12:30:00,Chronos-2 (+기준 곡선),107.573975,93.09141,107.573975,121.05841
2021-09-02 12:45:00,Chronos-2 (+기준 곡선),129.80411,115.57494,129.80411,144.05583
2021-09-02 13:00:00,Chronos-2 (+기준 곡선),171.1738,156.36786,171.1738,185.54507
2021-09-02 13:15:00,Chronos-2 (+기준 곡선),178.60315,164.80426,178.60315,193.15475
2021-09-02 13:30:00,Chronos-2 (+기준 곡선),179.16272,166.28618,179.16272,193.65521
2021-09-02 13:45:00,Chronos-2 (+기준 곡선),183.40231,169.92026,183.40231,197.73004
2021-09-02 14:00:00,Chronos-2 (+기준 곡선),181.24046,167.84631,181.24046,194.89716
2021-09-02 14:15:00,Chronos-2 (+기준 곡선),177.69833,163.2597,177.69833,191.04181
2021-09-02 14:30:00,Chronos-2 (+기준 곡선),178.43129,164.27087,178.43129,192.46494
2021-09-02 14:45:00,Chronos-2 (+기준 곡선),178.5011,164.51953,178.5011,192.48538
2021-09-02 15:00:00,Chronos-2 (+기준 곡선),145.19566,130.14865,145.19566,160.79944
2021-09-02 15:15:00,Chronos-2 (+기준 곡선),170.80507,155.24336,170.80507,184.26382
2021-09-02 15:30:00,Chronos-2 (+기준 곡선),178.85214,163.73401,178.85214,192.77051
2021-09-02 15:45:00,Chronos-2 (+기준 곡선),180.1092,165.39021,180.1092,194.56105
2021-09-02 16:00:00,Chronos-2 (+기준 곡선),177.27582,163.76349,177.27582,190.40941
2021-09-02 16:15:00,Chronos-2 (+기준 곡선),174.42659,160.73093,174.42659,188.58334
2021-09-02 16:30:00,Chronos-2 (+기준 곡선),169.98724,155.16078,169.98724,183.35881
2021-09-02 16:45:00,Chronos-2 (+기준 곡선),164.9383,150.76718,164.9383,179.23846
2021-09-02 17:00:00,Chronos-2 (+기준 곡선),123.51695,110.51738,123.51695,137.97481
2021-09-02 17:15:00,Chronos-2 (+기준 곡선),116.63088,103.55269,116.63088,130.19955
2021-09-02 17:30:00,Chronos-2 (+기준 곡선),156.1631,141.62158,156.1631,169.88916
2021-09-02 17:45:00,Chronos-2 (+기준 곡선),167.48222,153.13484,167.48222,181.55373
2021-09-02 18:00:00,Chronos-2 (+기준 곡선),164.87247,150.13501,164.87247,178.36108
2021-09-02 18:15:00,Chronos-2 (+기준 곡선),164.05884,148.86879,164.05884,177.43932
2021-09-02 18:30:00,Chronos-2 (+기준 곡선),163.9133,149.0414,163.9133,177.47638
2021-09-02 18:45:00,Chronos-2 (+기준 곡선),163.54347,148.18527,163.54347,176.96571
2021-09-02 19:00:00,Chronos-2 (+기준 곡선),159.46599,144.67586,159.46599,172.929
2021-09-02 19:15:00,Chronos-2 (+기준 곡선),152.43976,137.05887,152.43976,165.94046
2021-09-02 19:30:00,Chronos-2 (+기준 곡선),148.6098,134.39688,148.6098,162.9643
2021-09-02 19:45:00,Chronos-2 (+기준 곡선),130.49945,117.0535,130.49945,144.54253
2021-09-02 20:00:00,Chronos-2 (+기준 곡선),119.468094,108.48084,119.468094,130.52713
2021-09-02 20:15:00,Chronos-2 (+기준 곡선),128.76863,118.185165,128.76863,138.4213
2021-09-02 20:30:00,Chronos-2 (+기준 곡선),129.56744,119.13278,129.56744,139.45328
2021-09-02 20:45:00,Chronos-2 (+기준 곡선),128.01198,118.431854,128.01198,137.39388
2021-09-02 21:00:00,Chronos-2 (+기준 곡선),124.64671,114.61001,124.64671,134.61563
2021-09-02 21:15:00,Chronos-2 (+기준 곡선),125.74215,115.437645,125.74215,135.5333
2021-09-02 21:30:00,Chronos-2 (+기준 곡선),123.388855,113.22863,123.388855,133.26831
2021-09-02 21:45:00,Chronos-2 (+기준 곡선),122.20242,111.79553,122.20242,132.40591
2021-09-02 22:00:00,Chronos-2 (+기준 곡선),109.30937,98.5462,109.30937,119.2587
2021-09-02 22:15:00,Chronos-2 (+기준 곡선),119.678635,109.204445,119.678635,129.45717
2021-09-02 22:30:00,Chronos-2 (+기준 곡선),118.5692,108.42833,118.5692,128.92487
2021-09-02 22:45:00,Chronos-2 (+기준 곡선),117.32793,107.12609,117.32793,127.15924
2021-09-02 23:00:00,Chronos-2 (+기준 곡선),114.40193,104.13312,114.40193,124.20275
2021-09-02 23:15:00,Chronos-2 (+기준 곡선),115.20119,104.854836,115.20119,125.21565
2021-09-02 23:30:00,Chronos-2 (+기준 곡선),112.5822,102.10474,112.5822,122.25316
2021-09-02 23:45:00,Chronos-2 (+기준 곡선),93.10596,83.20167,93.10596,103.00752
2021-09-03 00:00:00,Chronos-2 (+기준 곡선),82.36563,74.161865,82.36563,89.58081
2021-09-03 00:15:00,Chronos-2 (+기준 곡선),79.3476,71.81692,79.3476,87.16826
2021-09-03 00:30:00,Chronos-2 (+기준 곡선),76.9625,69.62259,76.9625,84.37616
2021-09-03 00:45:00,Chronos-2 (+기준 곡선),73.69209,66.16945,73.69209,81.375336
2021-09-03 01:00:00,Chronos-2 (+기준 곡선),99.15775,91.33044,99.15775,106.70948
2021-09-03 01:15:00,Chronos-2 (+기준 곡선),111.40189,103.137215,111.40189,119.000916
2021-09-03 01:30:00,Chronos-2 (+기준 곡선),113.80795,106.28926,113.80795,121.416985
2021-09-03 01:45:00,Chronos-2 (+기준 곡선),114.26164,106.25081,114.26164,121.92757
2021-09-03 02:00:00,Chronos-2 (+기준 곡선),116.53622,109.26474,116.53622,123.79623
2021-09-03 02:15:00,Chronos-2 (+기준 곡선),116.72567,108.90731,116.72567,124.14432
2021-09-03 02:30:00,Chronos-2 (+기준 곡선),113.50137,105.950226,113.50137,121.45698
2021-09-03 02:45:00,Chronos-2 (+기준 곡선),112.9848,105.122826,112.9848,120.71557
2021-09-03 03:00:00,Chronos-2 (+기준 곡선),97.537384,89.56475,97.537384,105.76964
2021-09-03 03:15:00,Chronos-2 (+기준 곡선),108.17029,100.118935,108.17029,116.29161
2021-09-03 03:30:00,Chronos-2 (+기준 곡선),110.103516,101.71545,110.103516,118.35635
2021-09-03 03:45:00,Chronos-2 (+기준 곡선),111.949356,103.98691,111.949356,119.72897
2021-09-03 04:00:00,Chronos-2 (+기준 곡선),112.31706,104.04916,112.31706,120.842834
2021-09-03 04:15:00,Chronos-2 (+기준 곡선),114.38362,106.20786,114.38362,122.629776
2021-09-03 04:30:00,Chronos-2 (+기준 곡선),111.703026,103.2287,111.703026,120.2153
2021-09-03 04:45:00,Chronos-2 (+기준 곡선),107.75705,99.203674,107.75705,116.35236
2021-09-03 05:00:00,Chronos-2 (+기준 곡선),86.32829,77.886055,86.32829,94.68889
2021-09-03 05:15:00,Chronos-2 (+기준 곡선),81.289246,73.12891,81.289246,89.3671
2021-09-03 05:30:00,Chronos-2 (+기준 곡선),97.66839,89.22752,97.66839,106.23509
2021-09-03 05:45:00,Chronos-2 (+기준 곡선),111.66432,103.04201,111.66432,120.371315
2021-09-03 06:00:00,Chronos-2 (+기준 곡선),113.0458,104.4431,113.0458,121.78796
2021-09-03 06:15:00,Chronos-2 (+기준 곡선),111.71301,102.65466,111.71301,119.90814
2021-09-03 06:30:00,Chronos-2 (+기준 곡선),110.688736,102.27309,110.688736,118.83066
2021-09-03 06:45:00,Chronos-2 (+기준 곡선),113.02148,103.968414,113.02148,121.769
2021-09-03 07:00:00,Chronos-2 (+기준 곡선),113.555374,104.101,113.555374,122.626564
2021-09-03 07:15:00,Chronos-2 (+기준 곡선),124.85523,114.60768,124.85523,133.7952
2021-09-03 07:30:00,Chronos-2 (+기준 곡선),148.20374,139.20767,148.20374,157.63171
2021-09-03 07:45:00,Chronos-2 (+기준 곡선),145.81323,135.89787,145.81323,155.40195
2021-09-03 08:00:00,Chronos-2 (+기준 곡선),166.81488,153.96593,166.81488,180.1336
2021-09-03 08:15:00,Chronos-2 (+기준 곡선),185.32005,172.6162,185.32005,198.0024
2021-09-03 08:30:00,Chronos-2 (+기준 곡선),188.14194,174.65918,188.14194,200.00034
2021-09-03 08:45:00,Chronos-2 (+기준 곡선),185.17224,173.06607,185.17224,197.2737
2021-09-03 09:00:00,Chronos-2 (+기준 곡선),178.51459,165.35405,178.51459,191.54292
2021-09-03 09:15:00,Chronos-2 (+기준 곡선),180.3447,168.04272,180.3447,192.86194
2021-09-03 09:30:00,Chronos-2 (+기준 곡선),180.86212,168.1575,180.86212,193.19159
2021-09-03 09:45:00,Chronos-2 (+기준 곡선),183.20688,170.36365,183.20688,195.60767
2021-09-03 10:00:00,Chronos-2 (+기준 곡선),157.43509,144.60045,157.43509,170.05597
2021-09-03 10:15:00,Chronos-2 (+기준 곡선),180.8859,168.31271,180.8859,193.21996
2021-09-03 10:30:00,Chronos-2 (+기준 곡선),181.93623,169.44106,181.93623,194.24054
2021-09-03 10:45:00,Chronos-2 (+기준 곡선),182.75613,170.18237,182.75613,194.33453
2021-09-03 11:00:00,Chronos-2 (+기준 곡선),180.52187,168.34682,180.52187,192.74399
2021-09-03 11:15:00,Chronos-2 (+기준 곡선),182.40613,169.90271,182.40613,194.25558
2021-09-03 11:30:00,Chronos-2 (+기준 곡선),184.19037,170.30817,184.19037,196.30048
2021-09-03 11:45:00,Chronos-2 (+기준 곡선),180.73706,167.47882,180.73706,193.88593
2021-09-03 12:00:00,Chronos-2 (+기준 곡선),119.77359,106.84909,119.77359,133.88513
2021-09-03 12:15:00,Chronos-2 (+기준 곡선),102.10858,89.75603,102.10858,115.21632
2021-09-03 12:30:00,Chronos-2 (+기준 곡선),104.220184,90.49586,104.220184,117.778595
2021-09-03 12:45:00,Chronos-2 (+기준 곡선),126.9736,113.21418,126.9736,140.95067
2021-09-03 13:00:00,Chronos-2 (+기준 곡선),171.7189,157.31285,171.7189,186.07489
2021-09-03 13:15:00,Chronos-2 (+기준 곡선),178.58029,165.29129,178.58029,192.91989
2021-09-03 13:30:00,Chronos-2 (+기준 곡선),179.26663,166.63348,179.26663,193.52972
2021-09-03 13:45:00,Chronos-2 (+기준 곡선),183.61948,170.5333,183.61948,197.8568
2021-09-03 14:00:00,Chronos-2 (+기준 곡선),181.6766,168.60779,181.6766,195.32922
2021-09-03 14:15:00,Chronos-2 (+기준 곡선),176.94678,162.8046,176.94678,190.14278
2021-09-03 14:30:00,Chronos-2 (+기준 곡선),177.80759,164.13367,177.80759,191.63116
2021-09-03 14:45:00,Chronos-2 (+기준 곡선),178.13669,165.10886,178.13669,191.98233
2021-09-03 15:00:00,Chronos-2 (+기준 곡선),144.09119,129.78784,144.09119,159.78555
2021-09-03 15:15:00,Chronos-2 (+기준 곡선),169.60954,154.72946,169.60954,183.0075
2021-09-03 15:30:00,Chronos-2 (+기준 곡선),177.54697,163.04263,177.54697,191.12369
2021-09-03 15:45:00,Chronos-2 (+기준 곡선),177.8952,163.56065,177.8952,192.34282
2021-09-03 16:00:00,Chronos-2 (+기준 곡선),175.96281,163.0882,175.96281,188.40982
2021-09-03 16:15:00,Chronos-2 (+기준 곡선),172.59116,159.5075,172.59116,185.99258
2021-09-03 16:30:00,Chronos-2 (+기준 곡선),168.51215,154.55603,168.51215,181.25262
2021-09-03 16:45:00,Chronos-2 (+기준 곡선),164.3794,150.97903,164.3794,177.97705
2021-09-03 17:00:00,Chronos-2 (+기준 곡선),124.23605,111.87791,124.23605,138.13303
2021-09-03 17:15:00,Chronos-2 (+기준 곡선),116.7215,103.821976,116.7215,129.92508
2021-09-03 17:30:00,Chronos-2 (+기준 곡선),155.50928,141.38606,155.50928,168.73593
2021-09-03 17:45:00,Chronos-2 (+기준 곡선),166.38245,152.61237,166.38245,180.00891
2021-09-03 18:00:00,Chronos-2 (+기준 곡선),164.05229,149.97968,164.05229,176.97308
2021-09-03 18:15:00,Chronos-2 (+기준 곡선),162.78731,148.39885,162.78731,175.73973
2021-09-03 18:30:00,Chronos-2 (+기준 곡선),162.81433,148.55719,162.81433,176.16318
2021-09-03 18:45:00,Chronos-2 (+기준 곡선),162.13783,147.34389,162.13783,175.12057
2021-09-03 19:00:00,Chronos-2 (+기준 곡선),156.80377,142.52234,156.80377,169.81763
2021-09-03 19:15:00,Chronos-2 (+기준 곡선),149.34782,134.31891,149.34782,162.45584
2021-09-03 19:30:00,Chronos-2 (+기준 곡선),145.69832,131.79097,145.69832,160.0628
2021-09-03 19:45:00,Chronos-2 (+기준 곡선),126.974266,113.80537,126.974266,140.85994
2021-09-03 20:00:00,Chronos-2 (+기준 곡선),116.05977,104.61147,116.05977,127.58533
2021-09-03 20:15:00,Chronos-2 (+기준 곡선),125.96319,115.070595,125.96319,136.10274
2021-09-03 20:30:00,Chronos-2 (+기준 곡선),127.40802,116.656265,127.40802,137.75104
2021-09-03 20:45:00,Chronos-2 (+기준 곡선),125.88194,116.07255,125.88194,135.6077
2021-09-03 21:00:00,Chronos-2 (+기준 곡선),122.97509,112.57419,122.97509,133.36777
2021-09-03 21:15:00,Chronos-2 (+기준 곡선),124.000435,113.280914,124.000435,134.12079
2021-09-03 21:30:00,Chronos-2 (+기준 곡선),121.09885,110.443085,121.09885,131.45279
2021-09-03 21:45:00,Chronos-2 (+기준 곡선),119.88284,109.05545,119.88284,130.58989
2021-09-03 22:00:00,Chronos-2 (+기준 곡선),106.23259,94.65399,106.23259,117.03807
2021-09-03 22:15:00,Chronos-2 (+기준 곡선),116.06163,104.89958,116.06163,126.51529
2021-09-03 22:30:00,Chronos-2 (+기준 곡선),115.66371,104.95946,115.66371,126.525635
2021-09-03 22:45:00,Chronos-2 (+기준 곡선),115.32466,104.56929,115.32466,125.82814
2021-09-03 23:00:00,Chronos-2 (+기준 곡선),113.178604,102.3885,113.178604,123.932976
2021-09-03 23:15:00,Chronos-2 (+기준 곡선),112.813126,101.80447,112.813126,123.52072
2021-09-03 23:30:00,Chronos-2 (+기준 곡선),110.91202,99.72844,110.91202,121.526794
2021-09-03 23:45:00,Chronos-2 (+기준 곡선),90.87422,80.25325,90.87422,101.567024
2021-09-04 00:00:00,Chronos-2 (+기준 곡선),71.90204,63.37892,71.90204,79.793884
2021-09-04 00:15:00,Chronos-2 (+기준 곡선),69.30271,60.776497,69.30271,77.74204
2021-09-04 00:30:00,Chronos-2 (+기준 곡선),67.63252,59.017506,67.63252,75.950066
2021-09-04 00:45:00,Chronos-2 (+기준 곡선),67.26814,58.495056,67.26814,75.91056
2021-09-04 01:00:00,Chronos-2 (+기준 곡선),92.2894,83.863884,92.2894,100.36587
2021-09-04 01:15:00,Chronos-2 (+기준 곡선),103.39508,94.61807,103.39508,111.04342
2021-09-04 01:30:00,Chronos-2 (+기준 곡선),105.889534,97.90324,105.889534,113.80109
2021-09-04 01:45:00,Chronos-2 (+기준 곡선),107.02644,98.54727,107.02644,114.821915
2021-09-04 02:00:00,Chronos-2 (+기준 곡선),109.21568,101.32473,109.21568,116.65629
2021-09-04 02:15:00,Chronos-2 (+기준 곡선),110.56966,101.86675,110.56966,118.22368
2021-09-04 02:30:00,Chronos-2 (+기준 곡선),106.63476,98.47796,106.63476,114.534615
2021-09-04 02:45:00,Chronos-2 (+기준 곡선),104.57666,96.25262,104.57666,112.140976
2021-09-04 03:00:00,Chronos-2 (+기준 곡선),95.56782,86.65991,95.56782,103.74595
2021-09-04 03:15:00,Chronos-2 (+기준 곡선),100.744255,91.964325,100.744255,108.924965
2021-09-04 03:30:00,Chronos-2 (+기준 곡선),100.80332,91.85374,100.80332,108.949936
2021-09-04 03:45:00,Chronos-2 (+기준 곡선),103.54254,95.13545,103.54254,111.458725
2021-09-04 04:00:00,Chronos-2 (+기준 곡선),105.40658,96.44179,105.40658,115.62918
2021-09-04 04:15:00,Chronos-2 (+기준 곡선),106.08001,96.49764,106.08001,115.980515
2021-09-04 04:30:00,Chronos-2 (+기준 곡선),105.73623,95.931816,105.73623,115.80634
2021-09-04 04:45:00,Chronos-2 (+기준 곡선),100.760056,91.00844,100.760056,111.02193
2021-09-04 05:00:00,Chronos-2 (+기준 곡선),89.305534,78.90054,89.305534,99.272736
2021-09-04 05:15:00,Chronos-2 (+기준 곡선),87.75002,76.26959,87.75002,98.04668
2021-09-04 05:30:00,Chronos-2 (+기준 곡선),98.32428,87.87361,98.32428,108.79595
2021-09-04 05:45:00,Chronos-2 (+기준 곡선),105.650604,95.27351,105.650604,115.70154
2021-09-04 06:00:00,Chronos-2 (+기준 곡선),104.78123,94.85025,104.78123,114.79988
2021-09-04 06:15:00,Chronos-2 (+기준 곡선),103.42039,93.470825,103.42039,113.61514
2021-09-04 06:30:00,Chronos-2 (+기준 곡선),100.04136,90.05582,100.04136,110.15814
2021-09-04 06:45:00,Chronos-2 (+기준 곡선),98.686516,88.6023,98.686516,108.80651
2021-09-04 07:00:00,Chronos-2 (+기준 곡선),97.45741,87.05501,97.45741,107.79884
2021-09-04 07:15:00,Chronos-2 (+기준 곡선),89.22561,78.016815,89.22561,100.21969
2021-09-04 07:30:00,Chronos-2 (+기준 곡선),56.85217,45.922653,56.85217,68.90001
2021-09-04 07:45:00,Chronos-2 (+기준 곡선),39.19777,29.191322,39.19777,50.16493
2021-09-04 08:00:00,Chronos-2 (+기준 곡선),35.218586,23.053802,35.218586,47.94377
2021-09-04 08:15:00,Chronos-2 (+기준 곡선),35.002937,22.72461,35.002937,47.664066
2021-09-04 08:30:00,Chronos-2 (+기준 곡선),34.98269,22.470268,34.98269,47.649975
2021-09-04 08:45:00,Chronos-2 (+기준 곡선),35.016655,22.73542,35.016655,47.64391
2021-09-04 09:00:00,Chronos-2 (+기준 곡선),34.861668,22.654762,34.861668,47.476055
2021-09-04 09:15:00,Chronos-2 (+기준 곡선),35.26897,22.51764,35.26897,48.02729
2021-09-04 09:30:00,Chronos-2 (+기준 곡선),35.757656,23.103111,35.757656,48.122986
2021-09-04 09:45:00,Chronos-2 (+기준 곡선),35.92137,23.281273,35.92137,48.668648
2021-09-04 10:00:00,Chronos-2 (+기준 곡선),36.20557,23.362343,36.20557,49.138786
2021-09-04 10:15:00,Chronos-2 (+기준 곡선),37.12377,23.799324,37.12377,49.852695
2021-09-04 10:30:00,Chronos-2 (+기준 곡선),36.98879,24.0373,36.98879,49.662785
2021-09-04 10:45:00,Chronos-2 (+기준 곡선),37.577236,24.807007,37.577236,50.930424
2021-09-04 11:00:00,Chronos-2 (+기준 곡선),38.121803,24.79892,38.121803,51.502808
2021-09-04 11:15:00,Chronos-2 (+기준 곡선),38.262875,24.628914,38.262875,51.420307
2021-09-04 11:30:00,Chronos-2 (+기준 곡선),38.165325,24.9794,38.165325,51.381927
2021-09-04 11:45:00,Chronos-2 (+기준 곡선),38.321247,24.977211,38.321247,52.884224
2021-09-04 12:00:00,Chronos-2 (+기준 곡선),36.175526,21.19397,36.175526,50.073895
2021-09-04 12:15:00,Chronos-2 (+기준 곡선),36.260567,20.884232,36.260567,50.12089
2021-09-04 12:30:00,Chronos-2 (+기준 곡선),35.965645,20.273659,35.965645,50.156925
2021-09-04 12:45:00,Chronos-2 (+기준 곡선),36.316402,20.730331,36.316402,50.59483
2021-09-04 13:00:00,Chronos-2 (+기준 곡선),36.14906,20.696678,36.14906,50.86374
2021-09-04 13:15:00,Chronos-2 (+기준 곡선),36.808647,20.312386,36.808647,51.350006
2021-09-04 13:30:00,Chronos-2 (+기준 곡선),37.27147,20.715523,37.27147,51.58971
2021-09-04 13:45:00,Chronos-2 (+기준 곡선),37.03951,20.523636,37.03951,51.886513
2021-09-04 14:00:00,Chronos-2 (+기준 곡선),36.90662,20.47548,36.90662,52.242203
2021-09-04 14:15:00,Chronos-2 (+기준 곡선),37.741165,20.6417,37.741165,52.697205
2021-09-04 14:30:00,Chronos-2 (+기준 곡선),37.39833,20.798721,37.39833,52.494217
2021-09-04 14:45:00,Chronos-2 (+기준 곡선),37.657597,21.231117,37.657597,52.831894
2021-09-04 15:00:00,Chronos-2 (+기준 곡선),37.930386,20.94078,37.930386,53.14645
2021-09-04 15:15:00,Chronos-2 (+기준 곡선),37.75288,20.439804,37.75288,52.5208
2021-09-04 15:30:00,Chronos-2 (+기준 곡선),37.660973,21.153198,37.660973,52.46302
2021-09-04 15:45:00,Chronos-2 (+기준 곡선),37.832565,21.065598,37.832565,53.887913
2021-09-04 16:00:00,Chronos-2 (+기준 곡선),37.46173,23.459076,37.46173,51.89913
2021-09-04 16:15:00,Chronos-2 (+기준 곡선),37.805298,23.466011,37.805298,52.072067
2021-09-04 16:30:00,Chronos-2 (+기준 곡선),37.51819,22.99353,37.51819,51.7197
2021-09-04 16:45:00,Chronos-2 (+기준 곡선),37.008316,22.890854,37.008316,51.35309
2021-09-04 17:00:00,Chronos-2 (+기준 곡선),36.699684,22.672958,36.699684,50.996716
2021-09-04 17:15:00,Chronos-2 (+기준 곡선),36.723988,22.114792,36.723988,50.774136
2021-09-04 17:30:00,Chronos-2 (+기준 곡선),37.391926,22.759224,37.391926,51.34216
2021-09-04 17:45:00,Chronos-2 (+기준 곡선),37.549454,22.77636,37.549454,51.66041
2021-09-04 18:00:00,Chronos-2 (+기준 곡선),37.141605,22.466827,37.141605,51.687077
2021-09-04 18:15:00,Chronos-2 (+기준 곡선),37.191414,21.810028,37.191414,52.001785
2021-09-04 18:30:00,Chronos-2 (+기준 곡선),36.319916,21.240341,36.319916,51.60371
2021-09-04 18:45:00,Chronos-2 (+기준 곡선),35.830364,21.116531,35.830364,50.36459
2021-09-04 19:00:00,Chronos-2 (+기준 곡선),35.436165,20.131561,35.436165,50.35506
2021-09-04 19:15:00,Chronos-2 (+기준 곡선),34.754528,19.280556,34.754528,49.320835
2021-09-04 19:30:00,Chronos-2 (+기준 곡선),33.8059,19.084175,33.8059,48.74439
2021-09-04 19:45:00,Chronos-2 (+기준 곡선),33.3698,18.489792,33.3698,48.389603
2021-09-04 20:00:00,Chronos-2 (+기준 곡선),31.052486,20.316414,31.052486,43.824932
2021-09-04 20:15:00,Chronos-2 (+기준 곡선),31.195198,20.488358,31.195198,43.55445
2021-09-04 20:30:00,Chronos-2 (+기준 곡선),31.107792,20.264816,31.107792,43.449512
2021-09-04 20:45:00,Chronos-2 (+기준 곡선),30.895576,20.457298,30.895576,43.395805
2021-09-04 21:00:00,Chronos-2 (+기준 곡선),30.99794,20.33725,30.99794,43.748386
2021-09-04 21:15:00,Chronos-2 (+기준 곡선),31.16578,20.141579,31.16578,43.695454
2021-09-04 21:30:00,Chronos-2 (+기준 곡선),31.382359,20.603027,31.382359,43.476696
2021-09-04 21:45:00,Chronos-2 (+기준 곡선),30.941517,20.034576,30.941517,43.56505
2021-09-04 22:00:00,Chronos-2 (+기준 곡선),30.900017,19.972107,30.900017,43.745155
2021-09-04 22:15:00,Chronos-2 (+기준 곡선),31.726887,20.09636,31.726887,45.105995
2021-09-04 22:30:00,Chronos-2 (+기준 곡선),31.375679,19.925995,31.375679,45.156857
2021-09-04 22:45:00,Chronos-2 (+기준 곡선),31.35429,20.055214,31.35429,44.405613
2021-09-04 23:00:00,Chronos-2 (+기준 곡선),31.302956,19.544731,31.302956,44.610493
2021-09-04 23:15:00,Chronos-2 (+기준 곡선),30.878422,18.948357,30.878422,43.65158
2021-09-04 23:30:00,Chronos-2 (+기준 곡선),30.32029,18.951714,30.32029,43.556896
2021-09-04 23:45:00,Chronos-2 (+기준 곡선),29.881317,18.679306,29.881317,43.127937
2021-09-05 00:00:00,Chronos-2 (+기준 곡선),23.130905,20.93238,23.130905,25.443184
2021-09-05 00:15:00,Chronos-2 (+기준 곡선),23.053322,21.102242,23.053322,25.239594
2021-09-05 00:30:00,Chronos-2 (+기준 곡선),23.15432,21.149696,23.15432,25.114235
2021-09-05 00:45:00,Chronos-2 (+기준 곡선),23.134651,21.387032,23.134651,25.215134
2021-09-05 01:00:00,Chronos-2 (+기준 곡선),23.152817,21.295769,23.152817,25.311722
2021-09-05 01:15:00,Chronos-2 (+기준 곡선),23.428581,21.30101,23.428581,25.962135
2021-09-05 01:30:00,Chronos-2 (+기준 곡선),23.61914,21.727608,23.61914,25.894455
2021-09-05 01:45:00,Chronos-2 (+기준 곡선),23.698013,21.618614,23.698013,26.196571
2021-09-05 02:00:00,Chronos-2 (+기준 곡선),23.752975,21.576347,23.752975,26.00644
2021-09-05 02:15:00,Chronos-2 (+기준 곡선),23.85611,21.673584,23.85611,26.189095
2021-09-05 02:30:00,Chronos-2 (+기준 곡선),23.775429,21.545563,23.775429,25.760979
2021-09-05 02:45:00,Chronos-2 (+기준 곡선),23.672394,21.525337,23.672394,25.918686
2021-09-05 03:00:00,Chronos-2 (+기준 곡선),23.613724,21.62178,23.613724,26.046684
2021-09-05 03:15:00,Chronos-2 (+기준 곡선),23.586418,21.414574,23.586418,25.81157
2021-09-05 03:30:00,Chronos-2 (+기준 곡선),23.342552,21.25624,23.342552,25.506432
2021-09-05 03:45:00,Chronos-2 (+기준 곡선),23.141968,21.209625,23.141968,25.481674
2021-09-05 04:00:00,Chronos-2 (+기준 곡선),23.71547,21.09269,23.71547,26.797256
2021-09-05 04:15:00,Chronos-2 (+기준 곡선),23.747826,21.209015,23.747826,26.77916
2021-09-05 04:30:00,Chronos-2 (+기준 곡선),23.771286,21.196182,23.771286,26.638954
2021-09-05 04:45:00,Chronos-2 (+기준 곡선),23.577454,21.390175,23.577454,26.551628
2021-09-05 05:00:00,Chronos-2 (+기준 곡선),23.482002,21.2911,23.482002,26.367249
2021-09-05 05:15:00,Chronos-2 (+기준 곡선),23.597694,21.006752,23.597694,26.846565
2021-09-05 05:30:00,Chronos-2 (+기준 곡선),23.738998,21.536919,23.738998,26.658615
2021-09-05 05:45:00,Chronos-2 (+기준 곡선),23.633476,21.140442,23.633476,26.783516
2021-09-05 06:00:00,Chronos-2 (+기준 곡선),23.662949,20.986374,23.662949,26.481033
2021-09-05 06:15:00,Chronos-2 (+기준 곡선),23.843575,21.27095,23.843575,26.801094
2021-09-05 06:30:00,Chronos-2 (+기준 곡선),23.778397,21.107773,23.778397,26.352226
2021-09-05 06:45:00,Chronos-2 (+기준 곡선),23.732796,21.026375,23.732796,26.548859
2021-09-05 07:00:00,Chronos-2 (+기준 곡선),23.76995,21.14386,23.76995,27.063652
2021-09-05 07:15:00,Chronos-2 (+기준 곡선),23.799576,21.145416,23.799576,26.966293
2021-09-05 07:30:00,Chronos-2 (+기준 곡선),23.68631,20.921738,23.68631,26.854256
2021-09-05 07:45:00,Chronos-2 (+기준 곡선),23.65139,20.964859,23.65139,26.8434
2021-09-05 08:00:00,Chronos-2 (+기준 곡선),24.209007,20.790924,24.209007,28.551468
2021-09-05 08:15:00,Chronos-2 (+기준 곡선),24.309593,20.903122,24.309593,28.611038
2021-09-05 08:30:00,Chronos-2 (+기준 곡선),24.37085,20.947327,24.37085,28.692345
2021-09-05 08:45:00,Chronos-2 (+기준 곡선),24.171066,21.014893,24.171066,28.63375
2021-09-05 09:00:00,Chronos-2 (+기준 곡선),24.19738,21.19004,24.19738,28.2006
2021-09-05 09:15:00,Chronos-2 (+기준 곡선),24.355919,20.881668,24.355919,29.01233
2021-09-05 09:30:00,Chronos-2 (+기준 곡선),24.4702,21.380585,24.4702,28.599815
2021-09-05 09:45:00,Chronos-2 (+기준 곡선),24.457184,21.13926,24.457184,28.695969
2021-09-05 10:00:00,Chronos-2 (+기준 곡선),24.309639,20.928871,24.309639,28.310165
2021-09-05 10:15:00,Chronos-2 (+기준 곡선),24.640686,21.411285,24.640686,28.817513
2021-09-05 10:30:00,Chronos-2 (+기준 곡선),24.735062,21.07734,24.735062,28.573448
2021-09-05 10:45:00,Chronos-2 (+기준 곡선),24.9273,21.293884,24.9273,29.076988
2021-09-05 11:00:00,Chronos-2 (+기준 곡선),25.08284,21.530594,25.08284,29.612888
2021-09-05 11:15:00,Chronos-2 (+기준 곡선),24.991959,21.503624,24.991959,29.324615
2021-09-05 11:30:00,Chronos-2 (+기준 곡선),24.693756,21.123627,24.693756,29.049782
2021-09-05 11:45:00,Chronos-2 (+기준 곡선),24.422798,21.097565,24.422798,28.351845
2021-09-05 12:00:00,Chronos-2 (+기준 곡선),24.346512,20.907227,24.346512,28.522041
2021-09-05 12:15:00,Chronos-2 (+기준 곡선),24.262375,20.92508,24.262375,28.374878
2021-09-05 12:30:00,Chronos-2 (+기준 곡선),24.278244,20.97519,24.278244,28.344376
2021-09-05 12:45:00,Chronos-2 (+기준 곡선),24.196617,21.141617,24.196617,28.328232
2021-09-05 13:00:00,Chronos-2 (+기준 곡선),24.033325,21.227951,24.033325,28.004204
2021-09-05 13:15:00,Chronos-2 (+기준 곡선),24.301697,20.814507,24.301697,28.810997
2021-09-05 13:30:00,Chronos-2 (+기준 곡선),24.548447,21.299156,24.548447,28.53402
2021-09-05 13:45:00,Chronos-2 (+기준 곡선),24.486,21.06697,24.486,28.747955
2021-09-05 14:00:00,Chronos-2 (+기준 곡선),24.53534,21.030449,24.53534,28.483185
2021-09-05 14:15:00,Chronos-2 (+기준 곡선),24.886597,21.39701,24.886597,28.872467
2021-09-05 14:30:00,Chronos-2 (+기준 곡선),24.849907,21.26297,24.849907,28.503883
2021-09-05 14:45:00,Chronos-2 (+기준 곡선),24.901909,21.370773,24.901909,28.783936
2021-09-05 15:00:00,Chronos-2 (+기준 곡선),24.961533,21.563293,24.961533,29.110107
2021-09-05 15:15:00,Chronos-2 (+기준 곡선),24.954178,21.514648,24.954178,28.815453
2021-09-05 15:30:00,Chronos-2 (+기준 곡선),24.770203,21.38311,24.770203,28.719933
2021-09-05 15:45:00,Chronos-2 (+기준 곡선),24.672417,21.266502,24.672417,28.596268
2021-09-05 16:00:00,Chronos-2 (+기준 곡선),25.24781,21.268188,25.24781,31.17125
2021-09-05 16:15:00,Chronos-2 (+기준 곡선),25.357117,21.299454,25.357117,31.576588
2021-09-05 16:30:00,Chronos-2 (+기준 곡선),25.35521,21.2631,25.35521,31.571228
2021-09-05 16:45:00,Chronos-2 (+기준 곡선),25.086075,21.180374,25.086075,31.625774
2021-09-05 17:00:00,Chronos-2 (+기준 곡선),24.996834,21.429527,24.996834,31.459232
2021-09-05 17:15:00,Chronos-2 (+기준 곡선),24.935966,21.137474,24.935966,31.329361
2021-09-05 17:30:00,Chronos-2 (+기준 곡선),25.07988,21.374573,25.07988,30.834816
2021-09-05 17:45:00,Chronos-2 (+기준 곡선),24.725739,20.948212,24.725739,30.372265
2021-09-05 18:00:00,Chronos-2 (+기준 곡선),24.495056,20.734978,24.495056,29.70271
2021-09-05 18:15:00,Chronos-2 (+기준 곡선),24.585747,21.105011,24.585747,29.690075
2021-09-05 18:30:00,Chronos-2 (+기준 곡선),24.282982,20.706192,24.282982,28.73944
2021-09-05 18:45:00,Chronos-2 (+기준 곡선),24.108192,20.682129,24.108192,28.70401
2021-09-05 19:00:00,Chronos-2 (+기준 곡선),24.013992,20.606316,24.013992,28.955246
2021-09-05 19:15:00,Chronos-2 (+기준 곡선),23.796745,20.60485,23.796745,28.24411
2021-09-05 19:30:00,Chronos-2 (+기준 곡선),23.754517,20.708183,23.754517,28.046768
2021-09-05 19:45:00,Chronos-2 (+기준 곡선),23.344635,20.103073,23.344635,27.677917
2021-09-05 20:00:00,Chronos-2 (+기준 곡선),23.587692,20.81771,23.587692,27.286224
2021-09-05 20:15:00,Chronos-2 (+기준 곡선),23.515388,20.919632,23.515388,27.12191
2021-09-05 20:30:00,Chronos-2 (+기준 곡선),23.456917,20.856087,23.456917,26.894882
2021-09-05 20:45:00,Chronos-2 (+기준 곡선),23.285385,21.002808,23.285385,26.801735
2021-09-05 21:00:00,Chronos-2 (+기준 곡선),23.073448,20.990105,23.073448,26.42395
2021-09-05 21:15:00,Chronos-2 (+기준 곡선),23.264984,20.680984,23.264984,27.019234
2021-09-05 21:30:00,Chronos-2 (+기준 곡선),23.367203,21.240753,23.367203,26.659584
2021-09-05 21:45:00,Chronos-2 (+기준 곡선),23.257095,20.905602,23.257095,26.701637
2021-09-05 22:00:00,Chronos-2 (+기준 곡선),23.328392,20.809547,23.328392,26.415596
2021-09-05 22:15:00,Chronos-2 (+기준 곡선),23.699837,20.99482,23.699837,26.977654
2021-09-05 22:30:00,Chronos-2 (+기준 곡선),23.619003,20.925476,23.619003,26.59652
2021-09-05 22:45:00,Chronos-2 (+기준 곡선),23.616058,21.038147,23.616058,26.764397
2021-09-05 23:00:00,Chronos-2 (+기준 곡선),23.670792,21.200294,23.670792,27.125237
2021-09-05 23:15:00,Chronos-2 (+기준 곡선),23.543098,21.14309,23.543098,26.737473
2021-09-05 23:30:00,Chronos-2 (+기준 곡선),23.316948,20.88897,23.316948,26.419212
2021-09-05 23:45:00,Chronos-2 (+기준 곡선),22.935776,20.486053,22.935776,26.021118
2021-09-06 00:00:00,Chronos-2 (+기준 곡선),22.465332,19.969307,22.465332,25.415749
2021-09-06 00:15:00,Chronos-2 (+기준 곡선),22.47123,20.130821,22.47123,25.353912
2021-09-06 00:30:00,Chronos-2 (+기준 곡선),22.549744,20.079277,22.549744,25.134071
2021-09-06 00:45:00,Chronos-2 (+기준 곡선),22.299469,19.87297,22.299469,25.134659
2021-09-06 01:00:00,Chronos-2 (+기준 곡선),22.49134,20.179611,22.49134,25.278282
2021-09-06 01:15:00,Chronos-2 (+기준 곡선),22.829231,20.395302,22.829231,26.121689
2021-09-06 01:30:00,Chronos-2 (+기준 곡선),22.964272,20.51104,22.964272,25.95765
2021-09-06 01:45:00,Chronos-2 (+기준 곡선),22.974632,20.457878,22.974632,26.198105
2021-09-06 02:00:00,Chronos-2 (+기준 곡선),22.904556,20.374878,22.904556,25.931023
2021-09-06 02:15:00,Chronos-2 (+기준 곡선),22.985458,20.467178,22.985458,26.186302
2021-09-06 02:30:00,Chronos-2 (+기준 곡선),22.858543,20.272682,22.858543,25.474922
2021-09-06 02:45:00,Chronos-2 (+기준 곡선),22.679298,20.144783,22.679298,25.564026
2021-09-06 03:00:00,Chronos-2 (+기준 곡선),22.574142,20.330902,22.574142,25.61876
2021-09-06 03:15:00,Chronos-2 (+기준 곡선),22.657928,20.057938,22.657928,25.524124
2021-09-06 03:30:00,Chronos-2 (+기준 곡선),22.470467,20.07743,22.470467,25.234718
2021-09-06 03:45:00,Chronos-2 (+기준 곡선),22.29934,20.005203,22.29934,25.239426
2021-09-06 04:00:00,Chronos-2 (+기준 곡선),22.668991,19.77639,22.668991,25.39495
2021-09-06 04:15:00,Chronos-2 (+기준 곡선),22.541725,19.89891,22.541725,25.447067
2021-09-06 04:30:00,Chronos-2 (+기준 곡선),22.801338,20.040535,22.801338,25.291344
2021-09-06 04:45:00,Chronos-2 (+기준 곡선),22.572525,19.97293,22.572525,25.746315
2021-09-06 05:00:00,Chronos-2 (+기준 곡선),22.685265,20.498192,22.685265,25.474533
2021-09-06 05:15:00,Chronos-2 (+기준 곡선),22.533188,19.944145,22.533188,25.274933
2021-09-06 05:30:00,Chronos-2 (+기준 곡선),22.390167,20.01159,22.390167,25.185913
2021-09-06 05:45:00,Chronos-2 (+기준 곡선),22.322838,19.809402,22.322838,25.537857
2021-09-06 06:00:00,Chronos-2 (+기준 곡선),22.65335,20.173424,22.65335,25.483902
2021-09-06 06:15:00,Chronos-2 (+기준 곡선),22.495697,19.646591,22.495697,25.128853
2021-09-06 06:30:00,Chronos-2 (+기준 곡선),22.37442,19.2081,22.37442,25.150879
2021-09-06 06:45:00,Chronos-2 (+기준 곡선),23.127785,19.781288,23.127785,26.594734
2021-09-06 07:00:00,Chronos-2 (+기준 곡선),28.270035,22.459908,28.270035,35.658504
2021-09-06 07:15:00,Chronos-2 (+기준 곡선),42.63508,32.760834,42.63508,52.77246
2021-09-06 07:30:00,Chronos-2 (+기준 곡선),70.61886,59.94728,70.61886,80.91482
2021-09-06 07:45:00,Chronos-2 (+기준 곡선),101.80555,89.25438,101.80555,113.80235
2021-09-06 08:00:00,Chronos-2 (+기준 곡선),150.26382,134.24855,150.26382,166.3147
2021-09-06 08:15:00,Chronos-2 (+기준 곡선),175.4867,159.658,175.4867,189.56781
2021-09-06 08:30:00,Chronos-2 (+기준 곡선),181.33588,164.75711,181.33588,195.0162
2021-09-06 08:45:00,Chronos-2 (+기준 곡선),181.36185,166.54572,181.36185,194.57236
2021-09-06 09:00:00,Chronos-2 (+기준 곡선),176.41501,161.01993,176.41501,190.74696
2021-09-06 09:15:00,Chronos-2 (+기준 곡선),173.70648,157.95627,173.70648,187.8343
2021-09-06 09:30:00,Chronos-2 (+기준 곡선),176.39572,160.96332,176.39572,191.33278
2021-09-06 09:45:00,Chronos-2 (+기준 곡선),175.92932,159.11343,175.92932,190.29167
2021-09-06 10:00:00,Chronos-2 (+기준 곡선),153.25964,136.04039,153.25964,168.17075
2021-09-06 10:15:00,Chronos-2 (+기준 곡선),174.48428,157.45425,174.48428,188.66534
2021-09-06 10:30:00,Chronos-2 (+기준 곡선),174.6272,157.25452,174.6272,189.92804
2021-09-06 10:45:00,Chronos-2 (+기준 곡선),171.84573,155.11407,171.84573,186.05591
2021-09-06 11:00:00,Chronos-2 (+기준 곡선),172.37491,155.64929,172.37491,187.58087
2021-09-06 11:15:00,Chronos-2 (+기준 곡선),173.25745,155.97066,173.25745,187.80843
2021-09-06 11:30:00,Chronos-2 (+기준 곡선),172.74637,155.37009,172.74637,187.559
2021-09-06 11:45:00,Chronos-2 (+기준 곡선),170.84483,153.15207,170.84483,187.0899
2021-09-06 12:00:00,Chronos-2 (+기준 곡선),124.17087,104.015396,124.17087,145.41304
2021-09-06 12:15:00,Chronos-2 (+기준 곡선),104.91711,86.30354,104.91711,124.01631
2021-09-06 12:30:00,Chronos-2 (+기준 곡선),106.86153,87.07019,106.86153,125.51343
2021-09-06 12:45:00,Chronos-2 (+기준 곡선),130.06416,108.58061,130.06416,152.25092
2021-09-06 13:00:00,Chronos-2 (+기준 곡선),167.27422,144.91827,167.27422,186.18884
2021-09-06 13:15:00,Chronos-2 (+기준 곡선),171.3403,150.13058,171.3403,190.82385
2021-09-06 13:30:00,Chronos-2 (+기준 곡선),171.81851,151.02232,171.81851,191.13606
2021-09-06 13:45:00,Chronos-2 (+기준 곡선),174.92287,153.27899,174.92287,193.45193
2021-09-06 14:00:00,Chronos-2 (+기준 곡선),172.29303,150.15327,172.29303,190.97395
2021-09-06 14:15:00,Chronos-2 (+기준 곡선),170.64316,148.17589,170.64316,188.75098
2021-09-06 14:30:00,Chronos-2 (+기준 곡선),171.55908,148.30965,171.55908,190.83588
2021-09-06 14:45:00,Chronos-2 (+기준 곡선),170.16583,147.30542,170.16583,189.35027
2021-09-06 15:00:00,Chronos-2 (+기준 곡선),141.90915,118.933075,141.90915,163.426
2021-09-06 15:15:00,Chronos-2 (+기준 곡선),159.00714,134.22198,159.00714,180.3865
2021-09-06 15:30:00,Chronos-2 (+기준 곡선),169.05252,145.33928,169.05252,189.08958
2021-09-06 15:45:00,Chronos-2 (+기준 곡선),171.7607,147.79063,171.7607,191.63907
2021-09-06 16:00:00,Chronos-2 (+기준 곡선),171.14865,147.68599,171.14865,189.30551
2021-09-06 16:15:00,Chronos-2 (+기준 곡선),169.28064,146.53236,169.28064,188.25662
2021-09-06 16:30:00,Chronos-2 (+기준 곡선),166.37866,143.6362,166.37866,185.37961
2021-09-06 16:45:00,Chronos-2 (+기준 곡선),161.0224,136.70378,161.0224,180.7178
2021-09-06 17:00:00,Chronos-2 (+기준 곡선),129.60228,106.02238,129.60228,150.42838
2021-09-06 17:15:00,Chronos-2 (+기준 곡선),119.87017,96.19932,119.87017,142.4511
2021-09-06 17:30:00,Chronos-2 (+기준 곡선),147.51604,118.68697,147.51604,170.42581
2021-09-06 17:45:00,Chronos-2 (+기준 곡선),159.52786,128.29811,159.52786,183.77992
2021-09-06 18:00:00,Chronos-2 (+기준 곡선),156.50784,124.695786,156.50784,180.32748
2021-09-06 18:15:00,Chronos-2 (+기준 곡선),152.84866,121.44942,152.84866,176.91806
2021-09-06 18:30:00,Chronos-2 (+기준 곡선),149.51372,120.08784,149.51372,173.90297
2021-09-06 18:45:00,Chronos-2 (+기준 곡선),147.37056,118.15154,147.37056,170.9176
2021-09-06 19:00:00,Chronos-2 (+기준 곡선),143.81976,115.91002,143.81976,166.44043
2021-09-06 19:15:00,Chronos-2 (+기준 곡선),136.30379,111.225,136.30379,158.0297
2021-09-06 19:30:00,Chronos-2 (+기준 곡선),132.30203,110.15288,132.30203,152.57451
2021-09-06 19:45:00,Chronos-2 (+기준 곡선),119.861984,98.78981,119.861984,138.78064
2021-09-06 20:00:00,Chronos-2 (+기준 곡선),111.690384,95.32847,111.690384,126.58496
2021-09-06 20:15:00,Chronos-2 (+기준 곡선),120.436386,104.77329,120.436386,133.93463
2021-09-06 20:30:00,Chronos-2 (+기준 곡선),122.662094,107.781044,122.662094,135.97578
2021-09-06 20:45:00,Chronos-2 (+기준 곡선),122.03229,106.90322,122.03229,135.27466
2021-09-06 21:00:00,Chronos-2 (+기준 곡선),121.315346,106.97342,121.315346,134.8074
2021-09-06 21:15:00,Chronos-2 (+기준 곡선),121.34361,107.325935,121.34361,133.84106
2021-09-06 21:30:00,Chronos-2 (+기준 곡선),117.249374,103.23158,117.249374,129.74573
2021-09-06 21:45:00,Chronos-2 (+기준 곡선),114.82666,100.85064,114.82666,127.419136
2021-09-06 22:00:00,Chronos-2 (+기준 곡선),104.32529,89.76423,104.32529,116.82673
2021-09-06 22:15:00,Chronos-2 (+기준 곡선),111.453156,97.59542,111.453156,123.38388
2021-09-06 22:30:00,Chronos-2 (+기준 곡선),112.834045,98.91227,112.834045,125.58959
2021-09-06 22:45:00,Chronos-2 (+기준 곡선),113.38059,100.25518,113.38059,125.1306
2021-09-06 23:00:00,Chronos-2 (+기준 곡선),111.50176,98.41372,111.50176,122.985275
2021-09-06 23:15:00,Chronos-2 (+기준 곡선),109.32821,95.48783,109.32821,121.07538
2021-09-06 23:30:00,Chronos-2 (+기준 곡선),106.138596,92.10237,106.138596,118.285645
2021-09-06 23:45:00,Chronos-2 (+기준 곡선),85.899376,72.268585,85.899376,97.9822
2021-09-07 00:00:00,Chronos-2 (+기준 곡선),74.49773,67.935936,74.49773,80.851204
2021-09-07 00:15:00,Chronos-2 (+기준 곡선),71.98575,65.77693,71.98575,78.578285
2021-09-07 00:30:00,Chronos-2 (+기준 곡선),70.23312,63.75602,70.23312,76.583626
2021-09-07 00:45:00,Chronos-2 (+기준 곡선),68.48117,61.85621,68.48117,75.13272
2021-09-07 01:00:00,Chronos-2 (+기준 곡선),95.62417,88.83522,95.62417,102.493576
2021-09-07 01:15:00,Chronos-2 (+기준 곡선),105.80787,98.57245,105.80787,112.52998
2021-09-07 01:30:00,Chronos-2 (+기준 곡선),108.19389,101.65878,108.19389,115.277054
2021-09-07 01:45:00,Chronos-2 (+기준 곡선),108.5279,101.501045,108.5279,115.78852
2021-09-07 02:00:00,Chronos-2 (+기준 곡선),108.963646,102.453545,108.963646,115.708244
2021-09-07 02:15:00,Chronos-2 (+기준 곡선),107.78037,101.05014,107.78037,114.47508
2021-09-07 02:30:00,Chronos-2 (+기준 곡선),104.573265,98.0049,104.573265,111.46134
2021-09-07 02:45:00,Chronos-2 (+기준 곡선),103.3953,96.59595,103.3953,110.71417
2021-09-07 03:00:00,Chronos-2 (+기준 곡선),91.924194,85.0219,91.924194,98.9258
2021-09-07 03:15:00,Chronos-2 (+기준 곡선),101.70235,95.05127,101.70235,109.04938
2021-09-07 03:30:00,Chronos-2 (+기준 곡선),103.71112,96.55837,103.71112,110.94083
2021-09-07 03:45:00,Chronos-2 (+기준 곡선),104.531075,97.68736,104.531075,111.71925
2021-09-07 04:00:00,Chronos-2 (+기준 곡선),106.31332,98.59318,106.31332,114.04642
2021-09-07 04:15:00,Chronos-2 (+기준 곡선),107.70596,100.1908,107.70596,115.60921
2021-09-07 04:30:00,Chronos-2 (+기준 곡선),105.88401,97.83255,105.88401,113.87671
2021-09-07 04:45:00,Chronos-2 (+기준 곡선),102.00593,93.867195,102.00593,109.717865
2021-09-07 05:00:00,Chronos-2 (+기준 곡선),82.03434,74.4102,82.03434,89.32511
2021-09-07 05:15:00,Chronos-2 (+기준 곡선),76.992424,69.43329,76.992424,84.24222
2021-09-07 05:30:00,Chronos-2 (+기준 곡선),93.340614,85.20914,93.340614,100.98886
2021-09-07 05:45:00,Chronos-2 (+기준 곡선),106.847404,98.54587,106.847404,114.99463
2021-09-07 06:00:00,Chronos-2 (+기준 곡선),107.41154,99.19824,107.41154,115.73724
2021-09-07 06:15:00,Chronos-2 (+기준 곡선),106.113174,97.62088,106.113174,114.14945
2021-09-07 06:30:00,Chronos-2 (+기준 곡선),104.4897,96.59785,104.4897,112.766754
2021-09-07 06:45:00,Chronos-2 (+기준 곡선),106.72865,97.965096,106.72865,115.132706
2021-09-07 07:00:00,Chronos-2 (+기준 곡선),108.47745,99.14265,108.47745,116.973946
2021-09-07 07:15:00,Chronos-2 (+기준 곡선),118.55359,107.843994,118.55359,127.75278
2021-09-07 07:30:00,Chronos-2 (+기준 곡선),142.46695,132.74599,142.46695,152.31851
2021-09-07 07:45:00,Chronos-2 (+기준 곡선),139.35323,129.03531,139.35323,149.28366
2021-09-07 08:00:00,Chronos-2 (+기준 곡선),158.55193,145.75038,158.55193,171.8909
2021-09-07 08:15:00,Chronos-2 (+기준 곡선),176.64569,163.55717,176.64569,189.25534
2021-09-07 08:30:00,Chronos-2 (+기준 곡선),179.06134,165.14706,179.06134,191.00783
2021-09-07 08:45:00,Chronos-2 (+기준 곡선),176.24191,163.64539,176.24191,188.30594
2021-09-07 09:00:00,Chronos-2 (+기준 곡선),170.01175,156.79704,170.01175,183.20847
2021-09-07 09:15:00,Chronos-2 (+기준 곡선),171.47006,158.49924,171.47006,183.7425
2021-09-07 09:30:00,Chronos-2 (+기준 곡선),172.90472,159.8693,172.90472,185.26419
2021-09-07 09:45:00,Chronos-2 (+기준 곡선),175.62032,162.11142,175.62032,188.1383
2021-09-07 10:00:00,Chronos-2 (+기준 곡선),149.15324,136.13269,149.15324,162.1856
2021-09-07 10:15:00,Chronos-2 (+기준 곡선),174.06047,160.9154,174.06047,186.45793
2021-09-07 10:30:00,Chronos-2 (+기준 곡선),174.80298,161.57,174.80298,187.21661
2021-09-07 10:45:00,Chronos-2 (+기준 곡선),174.76862,160.85236,174.76862,186.61536
2021-09-07 11:00:00,Chronos-2 (+기준 곡선),174.1633,161.09644,174.1633,186.82921
2021-09-07 11:15:00,Chronos-2 (+기준 곡선),175.18164,161.43567,175.18164,187.224
2021-09-07 11:30:00,Chronos-2 (+기준 곡선),175.98915,161.55365,175.98915,188.40358
2021-09-07 11:45:00,Chronos-2 (+기준 곡선),173.22672,159.4426,173.22672,186.63187
2021-09-07 12:00:00,Chronos-2 (+기준 곡선),117.176865,104.59448,117.176865,130.22058
2021-09-07 12:15:00,Chronos-2 (+기준 곡선),100.05601,88.12106,100.05601,112.31032
2021-09-07 12:30:00,Chronos-2 (+기준 곡선),102.192375,89.35875,102.192375,114.553246
2021-09-07 12:45:00,Chronos-2 (+기준 곡선),125.493744,111.50267,125.493744,138.6477
2021-09-07 13:00:00,Chronos-2 (+기준 곡선),165.22922,150.47299,165.22922,179.1287
2021-09-07 13:15:00,Chronos-2 (+기준 곡선),171.97293,157.6828,171.97293,186.22769
2021-09-07 13:30:00,Chronos-2 (+기준 곡선),173.03487,159.33609,173.03487,187.13348
2021-09-07 13:45:00,Chronos-2 (+기준 곡선),176.43945,161.84198,176.43945,190.23419
2021-09-07 14:00:00,Chronos-2 (+기준 곡선),175.0938,161.56715,175.0938,188.64758
2021-09-07 14:15:00,Chronos-2 (+기준 곡선),171.77058,156.67055,171.77058,184.88354
2021-09-07 14:30:00,Chronos-2 (+기준 곡선),172.2683,157.3649,172.2683,186.14209
2021-09-07 14:45:00,Chronos-2 (+기준 곡선),171.95413,156.86505,171.95413,185.88008
2021-09-07 15:00:00,Chronos-2 (+기준 곡선),139.94278,125.62505,139.94278,153.8583
2021-09-07 15:15:00,Chronos-2 (+기준 곡선),164.44687,148.41994,164.44687,178.1149
2021-09-07 15:30:00,Chronos-2 (+기준 곡선),171.09349,154.5748,171.09349,185.0707
2021-09-07 15:45:00,Chronos-2 (+기준 곡선),172.46854,157.2746,172.46854,187.17615
2021-09-07 16:00:00,Chronos-2 (+기준 곡선),170.28925,156.78033,170.28925,183.16553
2021-09-07 16:15:00,Chronos-2 (+기준 곡선),167.41394,153.54312,167.41394,181.19669
2021-09-07 16:30:00,Chronos-2 (+기준 곡선),163.28323,148.25821,163.28323,176.49445
2021-09-07 16:45:00,Chronos-2 (+기준 곡선),160.06993,145.17722,160.06993,174.01779
2021-09-07 17:00:00,Chronos-2 (+기준 곡선),122.45087,109.71657,122.45087,135.77885
2021-09-07 17:15:00,Chronos-2 (+기준 곡선),111.10059,98.70743,111.10059,123.959946
2021-09-07 17:30:00,Chronos-2 (+기준 곡선),148.76753,134.57318,148.76753,162.00204
2021-09-07 17:45:00,Chronos-2 (+기준 곡선),158.5776,143.72804,158.5776,171.97073
2021-09-07 18:00:00,Chronos-2 (+기준 곡선),157.19688,142.59555,157.19688,170.45807
2021-09-07 18:15:00,Chronos-2 (+기준 곡선),156.85822,141.77031,156.85822,170.06299
2021-09-07 18:30:00,Chronos-2 (+기준 곡선),157.56409,142.50613,157.56409,170.47162
2021-09-07 18:45:00,Chronos-2 (+기준 곡선),156.86868,141.69653,156.86868,169.72534
2021-09-07 19:00:00,Chronos-2 (+기준 곡선),153.22057,138.35127,153.22057,166.35728
2021-09-07 19:15:00,Chronos-2 (+기준 곡선),145.3116,130.10631,145.3116,158.2012
2021-09-07 19:30:00,Chronos-2 (+기준 곡선),144.45486,130.41542,144.45486,158.20549
2021-09-07 19:45:00,Chronos-2 (+기준 곡선),128.5734,115.089355,128.5734,141.66852
2021-09-07 20:00:00,Chronos-2 (+기준 곡선),117.87251,106.40791,117.87251,129.3811
2021-09-07 20:15:00,Chronos-2 (+기준 곡선),127.213905,116.45074,127.213905,137.17883
2021-09-07 20:30:00,Chronos-2 (+기준 곡선),128.26094,117.35848,128.26094,138.27718
2021-09-07 20:45:00,Chronos-2 (+기준 곡선),126.326965,115.99178,126.326965,135.85497
2021-09-07 21:00:00,Chronos-2 (+기준 곡선),123.53904,113.1584,123.53904,133.6069
2021-09-07 21:15:00,Chronos-2 (+기준 곡선),123.524414,112.98886,123.524414,133.31061
2021-09-07 21:30:00,Chronos-2 (+기준 곡선),121.35364,110.96471,121.35364,131.22679
2021-09-07 21:45:00,Chronos-2 (+기준 곡선),119.79761,109.164185,119.79761,130.02289
2021-09-07 22:00:00,Chronos-2 (+기준 곡선),105.84964,94.64765,105.84964,115.665245
2021-09-07 22:15:00,Chronos-2 (+기준 곡선),116.22652,105.34301,116.22652,125.94536
2021-09-07 22:30:00,Chronos-2 (+기준 곡선),114.37412,103.706,114.37412,124.35491
2021-09-07 22:45:00,Chronos-2 (+기준 곡선),114.62847,104.08634,114.62847,124.54212
2021-09-07 23:00:00,Chronos-2 (+기준 곡선),112.39374,101.89226,112.39374,122.23905
2021-09-07 23:15:00,Chronos-2 (+기준 곡선),112.82693,102.11724,112.82693,122.7879
2021-09-07 23:30:00,Chronos-2 (+기준 곡선),109.57593,98.91321,109.57593,119.112885
2021-09-07 23:45:00,Chronos-2 (+기준 곡선),89.79559,79.920135,89.79559,99.71565
2021-09-08 00:00:00,Chronos-2 (+기준 곡선),80.129425,73.12737,80.129425,86.62351
2021-09-08 00:15:00,Chronos-2 (+기준 곡선),77.153,70.68179,77.153,84.15001
2021-09-08 00:30:00,Chronos-2 (+기준 곡선),74.62492,67.97365,74.62492,81.381615
2021-09-08 00:45:00,Chronos-2 (+기준 곡선),71.88395,65.05135,71.88395,78.968544
2021-09-08 01:00:00,Chronos-2 (+기준 곡선),98.68634,91.47769,98.68634,106.029495
2021-09-08 01:15:00,Chronos-2 (+기준 곡선),110.76561,102.923775,110.76561,118.07237
2021-09-08 01:30:00,Chronos-2 (+기준 곡선),113.62181,106.56074,113.62181,121.01844
2021-09-08 01:45:00,Chronos-2 (+기준 곡선),114.11387,106.453,114.11387,121.55297
2021-09-08 02:00:00,Chronos-2 (+기준 곡선),114.689644,107.759705,114.689644,121.806496
2021-09-08 02:15:00,Chronos-2 (+기준 곡선),113.45827,106.24746,113.45827,120.48311
2021-09-08 02:30:00,Chronos-2 (+기준 곡선),110.24249,103.251114,110.24249,117.547806
2021-09-08 02:45:00,Chronos-2 (+기준 곡선),109.8778,102.67712,109.8778,117.48588
2021-09-08 03:00:00,Chronos-2 (+기준 곡선),95.929825,88.67064,95.929825,103.58589
2021-09-08 03:15:00,Chronos-2 (+기준 곡선),106.94971,99.44265,106.94971,114.79608
2021-09-08 03:30:00,Chronos-2 (+기준 곡선),108.59912,100.75706,108.59912,116.49635
2021-09-08 03:45:00,Chronos-2 (+기준 곡선),108.92395,101.43167,108.92395,116.52618
2021-09-08 04:00:00,Chronos-2 (+기준 곡선),109.51718,101.842316,109.51718,117.61034
2021-09-08 04:15:00,Chronos-2 (+기준 곡선),111.43944,103.91705,111.43944,119.51288
2021-09-08 04:30:00,Chronos-2 (+기준 곡선),111.00706,103.03237,111.00706,119.300125
2021-09-08 04:45:00,Chronos-2 (+기준 곡선),108.142075,100.09851,108.142075,116.214355
2021-09-08 05:00:00,Chronos-2 (+기준 곡선),86.82121,78.882355,86.82121,94.512405
2021-09-08 05:15:00,Chronos-2 (+기준 곡선),81.546814,74.100784,81.546814,88.9262
2021-09-08 05:30:00,Chronos-2 (+기준 곡선),98.19463,90.35945,98.19463,106.04564
2021-09-08 05:45:00,Chronos-2 (+기준 곡선),111.75609,103.602875,111.75609,120.01985
2021-09-08 06:00:00,Chronos-2 (+기준 곡선),112.374054,104.26544,112.374054,120.72559
2021-09-08 06:15:00,Chronos-2 (+기준 곡선),111.475815,103.06492,111.475815,119.24642
2021-09-08 06:30:00,Chronos-2 (+기준 곡선),110.65339,102.65333,110.65339,118.58777
2021-09-08 06:45:00,Chronos-2 (+기준 곡선),113.32813,104.66742,113.32813,121.566734
2021-09-08 07:00:00,Chronos-2 (+기준 곡선),114.298515,105.18265,114.298515,122.92712
2021-09-08 07:15:00,Chronos-2 (+기준 곡선),125.44858,115.19058,125.44858,134.14262
2021-09-08 07:30:00,Chronos-2 (+기준 곡선),149.87614,140.64444,149.87614,159.46451
2021-09-08 07:45:00,Chronos-2 (+기준 곡선),144.83612,135.17848,144.83612,154.16638
2021-09-08 08:00:00,Chronos-2 (+기준 곡선),163.62273,152.5232,163.62273,175.91476
2021-09-08 08:15:00,Chronos-2 (+기준 곡선),181.78284,170.08911,181.78284,193.07175
2021-09-08 08:30:00,Chronos-2 (+기준 곡선),185.07089,172.616,185.07089,195.78156
2021-09-08 08:45:00,Chronos-2 (+기준 곡선),183.6312,172.38177,183.6312,194.48216
2021-09-08 09:00:00,Chronos-2 (+기준 곡선),175.50818,163.64215,175.50818,187.29538
2021-09-08 09:15:00,Chronos-2 (+기준 곡선),177.78278,166.41971,177.78278,188.99449
2021-09-08 09:30:00,Chronos-2 (+기준 곡선),178.02583,166.37555,178.02583,188.84015
2021-09-08 09:45:00,Chronos-2 (+기준 곡선),181.3003,169.32347,181.3003,192.51013
2021-09-08 10:00:00,Chronos-2 (+기준 곡선),154.7645,143.26291,154.7645,166.04955
2021-09-08 10:15:00,Chronos-2 (+기준 곡선),179.46014,167.59938,179.46014,190.61221
2021-09-08 10:30:00,Chronos-2 (+기준 곡선),179.8496,168.30618,179.8496,190.75443
2021-09-08 10:45:00,Chronos-2 (+기준 곡선),180.86731,168.5304,180.86731,191.39508
2021-09-08 11:00:00,Chronos-2 (+기준 곡선),179.06013,167.73062,179.06013,190.28674
2021-09-08 11:15:00,Chronos-2 (+기준 곡선),180.301,168.51515,180.301,190.93756
2021-09-08 11:30:00,Chronos-2 (+기준 곡선),181.90729,169.12146,181.90729,192.8273
2021-09-08 11:45:00,Chronos-2 (+기준 곡선),179.95667,167.76797,179.95667,191.88008
2021-09-08 12:00:00,Chronos-2 (+기준 곡선),121.67333,110.192856,121.67333,133.90717
2021-09-08 12:15:00,Chronos-2 (+기준 곡선),104.513504,92.83059,104.513504,116.11675
2021-09-08 12:30:00,Chronos-2 (+기준 곡선),105.61646,92.869865,105.61646,117.440155
2021-09-08 12:45:00,Chronos-2 (+기준 곡선),131.40643,118.90303,131.40643,143.71825
2021-09-08 13:00:00,Chronos-2 (+기준 곡선),172.15094,159.11078,172.15094,184.92412
2021-09-08 13:15:00,Chronos-2 (+기준 곡선),177.67899,165.61806,177.67899,190.53578
2021-09-08 13:30:00,Chronos-2 (+기준 곡선),177.95154,166.64166,177.95154,190.51219
2021-09-08 13:45:00,Chronos-2 (+기준 곡선),181.15814,168.78192,181.15814,193.25732
2021-09-08 14:00:00,Chronos-2 (+기준 곡선),181.02296,169.22267,181.02296,192.87599
2021-09-08 14:15:00,Chronos-2 (+기준 곡선),177.86261,165.31113,177.86261,189.44406
2021-09-08 14:30:00,Chronos-2 (+기준 곡선),179.47816,167.41214,179.47816,191.68866
2021-09-08 14:45:00,Chronos-2 (+기준 곡선),180.11887,168.21266,180.11887,192.61098
2021-09-08 15:00:00,Chronos-2 (+기준 곡선),146.78934,134.98315,146.78934,159.64224
2021-09-08 15:15:00,Chronos-2 (+기준 곡선),173.05835,159.80539,173.05835,184.66646
2021-09-08 15:30:00,Chronos-2 (+기준 곡선),177.61789,164.28,177.61789,189.47707
2021-09-08 15:45:00,Chronos-2 (+기준 곡선),177.63443,164.70148,177.63443,190.43059
2021-09-08 16:00:00,Chronos-2 (+기준 곡선),175.64252,163.93979,175.64252,186.80023
2021-09-08 16:15:00,Chronos-2 (+기준 곡선),171.77826,159.99762,171.77826,183.68292
2021-09-08 16:30:00,Chronos-2 (+기준 곡선),167.80817,154.8661,167.80817,179.09624
2021-09-08 16:45:00,Chronos-2 (+기준 곡선),165.34024,153.22339,165.34024,177.59598
2021-09-08 17:00:00,Chronos-2 (+기준 곡선),127.27493,116.080864,127.27493,139.36642
2021-09-08 17:15:00,Chronos-2 (+기준 곡선),116.32388,104.655556,116.32388,128.08646
2021-09-08 17:30:00,Chronos-2 (+기준 곡선),156.53017,143.93736,156.53017,168.20325
2021-09-08 17:45:00,Chronos-2 (+기준 곡선),167.00887,154.54063,167.00887,179.08607
2021-09-08 18:00:00,Chronos-2 (+기준 곡선),164.29819,151.82014,164.29819,175.85553
2021-09-08 18:15:00,Chronos-2 (+기준 곡선),162.84026,149.89546,162.84026,174.3522
2021-09-08 18:30:00,Chronos-2 (+기준 곡선),162.82175,150.4826,162.82175,173.9855
2021-09-08 18:45:00,Chronos-2 (+기준 곡선),162.83505,149.7982,162.83505,173.91498
2021-09-08 19:00:00,Chronos-2 (+기준 곡선),160.03604,147.49014,160.03604,171.39267
2021-09-08 19:15:00,Chronos-2 (+기준 곡선),151.8271,139.01517,151.8271,163.05142
2021-09-08 19:30:00,Chronos-2 (+기준 곡선),151.75528,139.68307,151.75528,163.79285
2021-09-08 19:45:00,Chronos-2 (+기준 곡선),133.18442,121.895966,133.18442,145.14883
2021-09-08 20:00:00,Chronos-2 (+기준 곡선),122.72448,112.876434,122.72448,132.88202
2021-09-08 20:15:00,Chronos-2 (+기준 곡선),131.0162,121.05606,131.0162,140.00389
2021-09-08 20:30:00,Chronos-2 (+기준 곡선),131.77405,121.971436,131.77405,140.97069
2021-09-08 20:45:00,Chronos-2 (+기준 곡선),130.45653,121.3786,130.45653,139.1531
2021-09-08 21:00:00,Chronos-2 (+기준 곡선),128.25214,118.80291,128.25214,137.67221
2021-09-08 21:15:00,Chronos-2 (+기준 곡선),128.3717,118.70411,128.3717,137.40813
2021-09-08 21:30:00,Chronos-2 (+기준 곡선),125.526306,115.9594,125.526306,134.66031
2021-09-08 21:45:00,Chronos-2 (+기준 곡선),124.841095,114.96737,124.841095,134.2666
2021-09-08 22:00:00,Chronos-2 (+기준 곡선),110.18329,99.90269,110.18329,119.32788
2021-09-08 22:15:00,Chronos-2 (+기준 곡선),121.33399,111.384514,121.33399,130.42653
2021-09-08 22:30:00,Chronos-2 (+기준 곡선),119.43277,109.72412,119.43277,128.86711
2021-09-08 22:45:00,Chronos-2 (+기준 곡선),119.840034,110.2032,119.840034,129.14014
2021-09-08 23:00:00,Chronos-2 (+기준 곡선),117.54234,107.83569,117.54234,126.83784
2021-09-08 23:15:00,Chronos-2 (+기준 곡선),118.989456,109.17137,118.989456,128.27386
2021-09-08 23:30:00,Chronos-2 (+기준 곡선),114.97829,105.096985,114.97829,123.93704
2021-09-08 23:45:00,Chronos-2 (+기준 곡선),95.62593,86.31749,95.62593,104.79556
2021-09-09 00:00:00,Chronos-2 (+기준 곡선),77.43496,70.094864,77.43496,84.201675
2021-09-09 00:15:00,Chronos-2 (+기준 곡선),74.41797,67.060814,74.41797,81.49774
2021-09-09 00:30:00,Chronos-2 (+기준 곡선),71.63007,63.744007,71.63007,78.69288
2021-09-09 00:45:00,Chronos-2 (+기준 곡선),69.550064,62.00269,69.550064,76.954544
2021-09-09 01:00:00,Chronos-2 (+기준 곡선),94.583435,86.654335,94.583435,101.66792
2021-09-09 01:15:00,Chronos-2 (+기준 곡선),108.44098,99.95199,108.44098,115.87756
2021-09-09 01:30:00,Chronos-2 (+기준 곡선),111.82793,103.934654,111.82793,119.32596
2021-09-09 01:45:00,Chronos-2 (+기준 곡선),112.87094,104.472374,112.87094,120.391464
2021-09-09 02:00:00,Chronos-2 (+기준 곡선),113.46939,105.37193,113.46939,120.921715
2021-09-09 02:15:00,Chronos-2 (+기준 곡선),112.96358,104.44133,112.96358,120.52553
2021-09-09 02:30:00,Chronos-2 (+기준 곡선),110.02943,101.60743,110.02943,118.058716
2021-09-09 02:45:00,Chronos-2 (+기준 곡선),109.71814,100.951645,109.71814,118.19293
2021-09-09 03:00:00,Chronos-2 (+기준 곡선),96.84482,86.94493,96.84482,105.21631
2021-09-09 03:15:00,Chronos-2 (+기준 곡선),108.04369,98.364075,108.04369,116.647385
2021-09-09 03:30:00,Chronos-2 (+기준 곡선),109.60135,100.018654,109.60135,118.56076
2021-09-09 03:45:00,Chronos-2 (+기준 곡선),110.14695,101.1167,110.14695,118.57804
2021-09-09 04:00:00,Chronos-2 (+기준 곡선),109.43299,100.38032,109.43299,118.05687
2021-09-09 04:15:00,Chronos-2 (+기준 곡선),110.35738,101.71352,110.35738,118.47864
2021-09-09 04:30:00,Chronos-2 (+기준 곡선),109.32602,100.38175,109.32602,118.08365
2021-09-09 04:45:00,Chronos-2 (+기준 곡선),105.69032,96.59675,105.69032,114.1469
2021-09-09 05:00:00,Chronos-2 (+기준 곡선),84.38362,75.1731,84.38362,92.39626
2021-09-09 05:15:00,Chronos-2 (+기준 곡선),80.761566,71.60126,80.761566,88.67186
2021-09-09 05:30:00,Chronos-2 (+기준 곡선),97.47351,87.74102,97.47351,106.04243
2021-09-09 05:45:00,Chronos-2 (+기준 곡선),110.04739,100.74855,110.04739,118.647385
2021-09-09 06:00:00,Chronos-2 (+기준 곡선),110.63863,101.1138,110.63863,119.482475
2021-09-09 06:15:00,Chronos-2 (+기준 곡선),109.967186,99.99311,109.967186,118.317215
2021-09-09 06:30:00,Chronos-2 (+기준 곡선),108.26657,98.559845,108.26657,117.22031
2021-09-09 06:45:00,Chronos-2 (+기준 곡선),110.569275,100.351326,110.569275,119.81851
2021-09-09 07:00:00,Chronos-2 (+기준 곡선),111.7648,100.10746,111.7648,121.41263
2021-09-09 07:15:00,Chronos-2 (+기준 곡선),123.910095,110.93579,123.910095,133.77286
2021-09-09 07:30:00,Chronos-2 (+기준 곡선),147.49313,136.41971,147.49313,158.12787
2021-09-09 07:45:00,Chronos-2 (+기준 곡선),140.92879,128.86725,140.92879,151.72888
2021-09-09 08:00:00,Chronos-2 (+기준 곡선),161.81163,145.64816,161.81163,176.01932
2021-09-09 08:15:00,Chronos-2 (+기준 곡선),178.73993,162.6612,178.73993,192.40047
2021-09-09 08:30:00,Chronos-2 (+기준 곡선),181.36038,164.40875,181.36038,194.80597
2021-09-09 08:45:00,Chronos-2 (+기준 곡선),178.93353,162.26306,178.93353,192.3107
2021-09-09 09:00:00,Chronos-2 (+기준 곡선),170.5668,153.92479,170.5668,185.20163
2021-09-09 09:15:00,Chronos-2 (+기준 곡선),173.73318,157.15225,173.73318,187.68683
2021-09-09 09:30:00,Chronos-2 (+기준 곡선),173.4721,156.27383,173.4721,187.43686
2021-09-09 09:45:00,Chronos-2 (+기준 곡선),175.24167,157.37549,175.24167,189.55829
2021-09-09 10:00:00,Chronos-2 (+기준 곡선),147.43073,129.15167,147.43073,163.466
2021-09-09 10:15:00,Chronos-2 (+기준 곡선),173.83104,155.26295,173.83104,187.91933
2021-09-09 10:30:00,Chronos-2 (+기준 곡선),174.17726,154.46866,174.17726,189.04533
2021-09-09 10:45:00,Chronos-2 (+기준 곡선),174.96312,155.69348,174.96312,189.23538
2021-09-09 11:00:00,Chronos-2 (+기준 곡선),173.51318,154.82617,173.51318,188.79921
2021-09-09 11:15:00,Chronos-2 (+기준 곡선),176.1295,155.64856,176.1295,190.9628
2021-09-09 11:30:00,Chronos-2 (+기준 곡선),176.77414,155.36223,176.77414,192.36087
2021-09-09 11:45:00,Chronos-2 (+기준 곡선),174.49498,151.28021,174.49498,191.67633
2021-09-09 12:00:00,Chronos-2 (+기준 곡선),114.89757,90.50835,114.89757,135.75491
2021-09-09 12:15:00,Chronos-2 (+기준 곡선),96.754845,73.457596,96.754845,115.07491
2021-09-09 12:30:00,Chronos-2 (+기준 곡선),96.0453,71.73364,96.0453,113.97901
2021-09-09 12:45:00,Chronos-2 (+기준 곡선),122.32491,96.502174,122.32491,142.8249
2021-09-09 13:00:00,Chronos-2 (+기준 곡선),164.9531,139.53755,164.9531,182.37117
2021-09-09 13:15:00,Chronos-2 (+기준 곡선),170.05585,148.5215,170.05585,186.48938
2021-09-09 13:30:00,Chronos-2 (+기준 곡선),170.85306,151.11493,170.85306,186.87193
2021-09-09 13:45:00,Chronos-2 (+기준 곡선),174.62817,153.73988,174.62817,190.0519
2021-09-09 14:00:00,Chronos-2 (+기준 곡선),173.79407,152.35263,173.79407,188.83588
2021-09-09 14:15:00,Chronos-2 (+기준 곡선),170.16797,147.55357,170.16797,184.90302
2021-09-09 14:30:00,Chronos-2 (+기준 곡선),172.0293,148.50397,172.0293,189.16309
2021-09-09 14:45:00,Chronos-2 (+기준 곡선),172.79095,150.53326,172.79095,189.71512
2021-09-09 15:00:00,Chronos-2 (+기준 곡선),140.04852,115.797676,140.04852,158.89807
2021-09-09 15:15:00,Chronos-2 (+기준 곡선),166.38217,144.06999,166.38217,182.34909
2021-09-09 15:30:00,Chronos-2 (+기준 곡선),171.94489,150.73642,171.94489,187.69354
2021-09-09 15:45:00,Chronos-2 (+기준 곡선),172.26434,150.54814,172.26434,188.86627
2021-09-09 16:00:00,Chronos-2 (+기준 곡선),170.47885,154.51814,170.47885,182.73553
2021-09-09 16:15:00,Chronos-2 (+기준 곡선),166.34332,151.4193,166.34332,179.42834
2021-09-09 16:30:00,Chronos-2 (+기준 곡선),163.00288,147.27823,163.00288,175.37312
2021-09-09 16:45:00,Chronos-2 (+기준 곡선),160.33832,144.68477,160.33832,173.52313
2021-09-09 17:00:00,Chronos-2 (+기준 곡선),123.12398,108.318405,123.12398,136.54102
2021-09-09 17:15:00,Chronos-2 (+기준 곡선),113.594696,98.61011,113.594696,126.8642
2021-09-09 17:30:00,Chronos-2 (+기준 곡선),152.58813,137.0043,152.58813,165.3977
2021-09-09 17:45:00,Chronos-2 (+기준 곡선),163.05539,147.4506,163.05539,176.30182
2021-09-09 18:00:00,Chronos-2 (+기준 곡선),160.2714,143.98767,160.2714,172.79927
2021-09-09 18:15:00,Chronos-2 (+기준 곡선),159.38019,142.83719,159.38019,171.74478
2021-09-09 18:30:00,Chronos-2 (+기준 곡선),158.98619,142.40031,158.98619,171.73239
2021-09-09 18:45:00,Chronos-2 (+기준 곡선),158.88324,142.4639,158.88324,171.394
2021-09-09 19:00:00,Chronos-2 (+기준 곡선),155.93387,140.0732,155.93387,168.6773
2021-09-09 19:15:00,Chronos-2 (+기준 곡선),148.58414,131.33269,148.58414,161.34097
2021-09-09 19:30:00,Chronos-2 (+기준 곡선),146.2597,131.05057,146.2597,159.27235
2021-09-09 19:45:00,Chronos-2 (+기준 곡선),127.46799,111.967,127.46799,140.84676
2021-09-09 20:00:00,Chronos-2 (+기준 곡선),117.388916,104.53699,117.388916,128.4047
2021-09-09 20:15:00,Chronos-2 (+기준 곡선),125.411285,113.72359,125.411285,135.10268
2021-09-09 20:30:00,Chronos-2 (+기준 곡선),126.7186,115.389694,126.7186,136.62558
2021-09-09 20:45:00,Chronos-2 (+기준 곡선),125.486046,114.543335,125.486046,134.77652
2021-09-09 21:00:00,Chronos-2 (+기준 곡선),123.58346,112.72971,123.58346,133.28943
2021-09-09 21:15:00,Chronos-2 (+기준 곡선),124.115776,113.04824,124.115776,133.53731
2021-09-09 21:30:00,Chronos-2 (+기준 곡선),121.3706,110.51042,121.3706,130.82007
2021-09-09 21:45:00,Chronos-2 (+기준 곡선),120.26231,109.10233,120.26231,130.10748
2021-09-09 22:00:00,Chronos-2 (+기준 곡선),103.80662,91.79013,103.80662,113.19745
2021-09-09 22:15:00,Chronos-2 (+기준 곡선),115.45786,103.66354,115.45786,124.88409
2021-09-09 22:30:00,Chronos-2 (+기준 곡선),115.73236,104.08232,115.73236,125.67891
2021-09-09 22:45:00,Chronos-2 (+기준 곡선),116.12709,104.899345,116.12709,125.82929
2021-09-09 23:00:00,Chronos-2 (+기준 곡선),114.49776,103.21767,114.49776,124.3516
2021-09-09 23:15:00,Chronos-2 (+기준 곡선),114.71207,102.80246,114.71207,124.657104
2021-09-09 23:30:00,Chronos-2 (+기준 곡선),109.785324,98.17286,109.785324,119.423874
2021-09-09 23:45:00,Chronos-2 (+기준 곡선),89.54711,78.24073,89.54711,99.68077
2021-09-10 00:00:00,Chronos-2 (+기준 곡선),77.94226,70.69067,77.94226,84.67379
2021-09-10 00:15:00,Chronos-2 (+기준 곡선),74.847046,68.09007,74.847046,81.78855
2021-09-10 00:30:00,Chronos-2 (+기준 곡선),72.40261,65.4507,72.40261,79.209854
2021-09-10 00:45:00,Chronos-2 (+기준 곡선),70.602066,63.585884,70.602066,77.72432
2021-09-10 01:00:00,Chronos-2 (+기준 곡선),95.24483,87.72229,95.24483,102.0414
2021-09-10 01:15:00,Chronos-2 (+기준 곡선),107.59092,99.69714,107.59092,114.86202
2021-09-10 01:30:00,Chronos-2 (+기준 곡선),110.13775,102.69552,110.13775,117.67679
2021-09-10 01:45:00,Chronos-2 (+기준 곡선),111.28845,103.46992,111.28845,118.965096
2021-09-10 02:00:00,Chronos-2 (+기준 곡선),112.49126,105.13909,112.49126,119.64191
2021-09-10 02:15:00,Chronos-2 (+기준 곡선),112.11082,104.51991,112.11082,119.09188
2021-09-10 02:30:00,Chronos-2 (+기준 곡선),110.361206,103.00487,110.361206,117.819115
2021-09-10 02:45:00,Chronos-2 (+기준 곡선),109.95233,102.33018,109.95233,117.369
2021-09-10 03:00:00,Chronos-2 (+기준 곡선),97.29669,89.25984,97.29669,104.902695
2021-09-10 03:15:00,Chronos-2 (+기준 곡선),107.75956,99.82102,107.75956,115.46388
2021-09-10 03:30:00,Chronos-2 (+기준 곡선),109.36885,101.223526,109.36885,117.0921
2021-09-10 03:45:00,Chronos-2 (+기준 곡선),110.01584,102.22471,110.01584,117.31212
2021-09-10 04:00:00,Chronos-2 (+기준 곡선),108.899826,100.98003,108.899826,116.93464
2021-09-10 04:15:00,Chronos-2 (+기준 곡선),109.75056,102.02771,109.75056,117.68449
2021-09-10 04:30:00,Chronos-2 (+기준 곡선),108.7937,100.644196,108.7937,117.1787
2021-09-10 04:45:00,Chronos-2 (+기준 곡선),104.99939,96.72039,104.99939,113.05637
2021-09-10 05:00:00,Chronos-2 (+기준 곡선),83.0794,75.110214,83.0794,90.7324
2021-09-10 05:15:00,Chronos-2 (+기준 곡선),79.58106,71.52001,79.58106,87.12537
2021-09-10 05:30:00,Chronos-2 (+기준 곡선),97.41021,89.18337,97.41021,105.331085
2021-09-10 05:45:00,Chronos-2 (+기준 곡선),110.03974,101.72029,110.03974,118.179276
2021-09-10 06:00:00,Chronos-2 (+기준 곡선),111.09419,102.75681,111.09419,119.16999
2021-09-10 06:15:00,Chronos-2 (+기준 곡선),111.24071,102.56524,111.24071,118.89765
2021-09-10 06:30:00,Chronos-2 (+기준 곡선),110.075226,101.97554,110.075226,117.67474
2021-09-10 06:45:00,Chronos-2 (+기준 곡선),111.3355,102.54212,111.3355,119.58183
2021-09-10 07:00:00,Chronos-2 (+기준 곡선),111.83092,102.60719,111.83092,120.45574
2021-09-10 07:15:00,Chronos-2 (+기준 곡선),125.56139,115.172966,125.56139,133.99997
2021-09-10 07:30:00,Chronos-2 (+기준 곡선),147.42003,138.28462,147.42003,156.6473
2021-09-10 07:45:00,Chronos-2 (+기준 곡선),140.19968,130.28915,140.19968,149.37009
2021-09-10 08:00:00,Chronos-2 (+기준 곡선),160.49332,147.84355,160.49332,173.04547
2021-09-10 08:15:00,Chronos-2 (+기준 곡선),177.1407,164.48822,177.1407,188.71844
2021-09-10 08:30:00,Chronos-2 (+기준 곡선),180.11777,166.89426,180.11777,191.3791
2021-09-10 08:45:00,Chronos-2 (+기준 곡선),178.34833,166.14833,178.34833,189.65631
2021-09-10 09:00:00,Chronos-2 (+기준 곡선),171.04669,158.09879,171.04669,183.57245
2021-09-10 09:15:00,Chronos-2 (+기준 곡선),173.71185,161.29471,173.71185,185.38991
2021-09-10 09:30:00,Chronos-2 (+기준 곡선),172.75998,159.84714,172.75998,184.11209
2021-09-10 09:45:00,Chronos-2 (+기준 곡선),175.38713,162.00685,175.38713,187.16121
2021-09-10 10:00:00,Chronos-2 (+기준 곡선),148.14041,134.97061,148.14041,161.1383
2021-09-10 10:15:00,Chronos-2 (+기준 곡선),172.41837,158.61996,172.41837,184.26266
2021-09-10 10:30:00,Chronos-2 (+기준 곡선),172.71808,159.0701,172.71808,184.461
2021-09-10 10:45:00,Chronos-2 (+기준 곡선),174.58638,160.69183,174.58638,185.92615
2021-09-10 11:00:00,Chronos-2 (+기준 곡선),173.4587,160.52339,173.4587,185.38055
2021-09-10 11:15:00,Chronos-2 (+기준 곡선),176.3617,162.85994,176.3617,187.82951
2021-09-10 11:30:00,Chronos-2 (+기준 곡선),178.40141,164.12173,178.40141,190.41808
2021-09-10 11:45:00,Chronos-2 (+기준 곡선),175.86067,162.07088,175.86067,188.77087
2021-09-10 12:00:00,Chronos-2 (+기준 곡선),117.00316,102.30181,117.00316,131.08789
2021-09-10 12:15:00,Chronos-2 (+기준 곡선),98.3802,84.2956,98.3802,111.41206
2021-09-10 12:30:00,Chronos-2 (+기준 곡선),97.86982,82.35361,97.86982,111.23681
2021-09-10 12:45:00,Chronos-2 (+기준 곡선),126.176636,110.39466,126.176636,140.55756
2021-09-10 13:00:00,Chronos-2 (+기준 곡선),167.0746,151.9935,167.0746,180.67517
2021-09-10 13:15:00,Chronos-2 (+기준 곡선),172.08646,157.93463,172.08646,185.61632
2021-09-10 13:30:00,Chronos-2 (+기준 곡선),171.55995,158.63129,171.55995,184.58875
2021-09-10 13:45:00,Chronos-2 (+기준 곡선),173.98843,159.91368,173.98843,186.53369
2021-09-10 14:00:00,Chronos-2 (+기준 곡선),172.88905,159.00415,172.88905,185.41068
2021-09-10 14:15:00,Chronos-2 (+기준 곡선),169.95723,154.67538,169.95723,182.02899
2021-09-10 14:30:00,Chronos-2 (+기준 곡선),171.57239,156.77512,171.57239,184.81908
2021-09-10 14:45:00,Chronos-2 (+기준 곡선),172.66202,158.39957,172.66202,185.6058
2021-09-10 15:00:00,Chronos-2 (+기준 곡선),140.82106,125.52363,140.82106,155.27603
2021-09-10 15:15:00,Chronos-2 (+기준 곡선),168.22241,152.90762,168.22241,180.60419
2021-09-10 15:30:00,Chronos-2 (+기준 곡선),171.67847,156.60547,171.67847,184.1496
2021-09-10 15:45:00,Chronos-2 (+기준 곡선),171.47652,156.84708,171.47652,184.72838
2021-09-10 16:00:00,Chronos-2 (+기준 곡선),169.05954,156.69083,169.05954,180.11746
2021-09-10 16:15:00,Chronos-2 (+기준 곡선),164.30792,151.6422,164.30792,175.95844
2021-09-10 16:30:00,Chronos-2 (+기준 곡선),160.54425,146.9491,160.54425,171.86075
2021-09-10 16:45:00,Chronos-2 (+기준 곡선),158.91531,146.0777,158.91531,170.9844
2021-09-10 17:00:00,Chronos-2 (+기준 곡선),122.93337,111.04437,122.93337,135.01147
2021-09-10 17:15:00,Chronos-2 (+기준 곡선),113.43567,101.31216,113.43567,125.27535
2021-09-10 17:30:00,Chronos-2 (+기준 곡선),153.40038,140.26138,153.40038,164.7525
2021-09-10 17:45:00,Chronos-2 (+기준 곡선),163.68265,150.71535,163.68265,175.55835
2021-09-10 18:00:00,Chronos-2 (+기준 곡선),159.72485,146.5326,159.72485,170.93352
2021-09-10 18:15:00,Chronos-2 (+기준 곡선),157.32796,143.6282,157.32796,168.57509
2021-09-10 18:30:00,Chronos-2 (+기준 곡선),156.3778,142.9205,156.3778,167.47025
2021-09-10 18:45:00,Chronos-2 (+기준 곡선),156.41531,142.72757,156.41531,167.39973
2021-09-10 19:00:00,Chronos-2 (+기준 곡선),152.0936,138.62515,152.0936,163.21619
2021-09-10 19:15:00,Chronos-2 (+기준 곡선),144.84709,130.59941,144.84709,156.27182
2021-09-10 19:30:00,Chronos-2 (+기준 곡선),141.99107,128.91336,141.99107,154.30783
2021-09-10 19:45:00,Chronos-2 (+기준 곡선),121.91329,109.332695,121.91329,133.8351
2021-09-10 20:00:00,Chronos-2 (+기준 곡선),113.21573,102.30942,113.21573,123.18062
2021-09-10 20:15:00,Chronos-2 (+기준 곡선),121.58605,111.61734,121.58605,130.69437
2021-09-10 20:30:00,Chronos-2 (+기준 곡선),122.29236,112.21116,122.29236,131.41031
2021-09-10 20:45:00,Chronos-2 (+기준 곡선),121.04047,111.39351,121.04047,129.81213
2021-09-10 21:00:00,Chronos-2 (+기준 곡선),119.90116,110.01907,119.90116,128.98596
2021-09-10 21:15:00,Chronos-2 (+기준 곡선),120.2464,110.14278,120.2464,129.32098
2021-09-10 21:30:00,Chronos-2 (+기준 곡선),117.86741,107.8625,117.86741,127.060776
2021-09-10 21:45:00,Chronos-2 (+기준 곡선),116.858734,106.62138,116.858734,126.56311
2021-09-10 22:00:00,Chronos-2 (+기준 곡선),99.841125,89.22133,99.841125,108.8188
2021-09-10 22:15:00,Chronos-2 (+기준 곡선),112.33843,101.73583,112.33843,121.35249
2021-09-10 22:30:00,Chronos-2 (+기준 곡선),111.90594,101.60627,111.90594,121.23326
2021-09-10 22:45:00,Chronos-2 (+기준 곡선),111.130615,100.88856,111.130615,120.36732
2021-09-10 23:00:00,Chronos-2 (+기준 곡선),109.18152,98.99974,109.18152,118.26962
2021-09-10 23:15:00,Chronos-2 (+기준 곡선),110.87335,100.41635,110.87335,120.513824
2021-09-10 23:30:00,Chronos-2 (+기준 곡선),107.04841,96.46653,107.04841,116.42072
2021-09-10 23:45:00,Chronos-2 (+기준 곡선),86.44081,76.44956,86.44081,96.2272
2021-09-11 00:00:00,Chronos-2 (+기준 곡선),64.856895,57.003494,64.856895,72.90986
2021-09-11 00:15:00,Chronos-2 (+기준 곡선),63.263893,54.53394,63.263893,72.05141
2021-09-11 00:30:00,Chronos-2 (+기준 곡선),62.348705,53.9492,62.348705,71.20238
2021-09-11 00:45:00,Chronos-2 (+기준 곡선),62.041004,53.42786,62.041004,71.07309
2021-09-11 01:00:00,Chronos-2 (+기준 곡선),89.8752,81.097534,89.8752,97.99617
2021-09-11 01:15:00,Chronos-2 (+기준 곡선),103.60347,94.38666,103.60347,111.560295
2021-09-11 01:30:00,Chronos-2 (+기준 곡선),105.53538,97.15827,105.53538,113.62461
2021-09-11 01:45:00,Chronos-2 (+기준 곡선),106.38014,97.575905,106.38014,114.331
2021-09-11 02:00:00,Chronos-2 (+기준 곡선),107.37021,98.92509,107.37021,114.829575
2021-09-11 02:15:00,Chronos-2 (+기준 곡선),107.586914,98.96789,107.586914,115.1341
2021-09-11 02:30:00,Chronos-2 (+기준 곡선),105.46277,96.75267,105.46277,113.324005
2021-09-11 02:45:00,Chronos-2 (+기준 곡선),103.67533,95.04351,103.67533,111.261154
2021-09-11 03:00:00,Chronos-2 (+기준 곡선),94.68202,85.32998,94.68202,102.604225
2021-09-11 03:15:00,Chronos-2 (+기준 곡선),101.19962,92.024185,101.19962,108.99172
2021-09-11 03:30:00,Chronos-2 (+기준 곡선),101.65615,92.48203,101.65615,109.81018
2021-09-11 03:45:00,Chronos-2 (+기준 곡선),103.19406,94.70345,103.19406,110.921135
2021-09-11 04:00:00,Chronos-2 (+기준 곡선),106.76303,98.26309,106.76303,116.04704
2021-09-11 04:15:00,Chronos-2 (+기준 곡선),107.93173,98.8313,107.93173,116.82475
2021-09-11 04:30:00,Chronos-2 (+기준 곡선),107.00972,97.764046,107.00972,116.14729
2021-09-11 04:45:00,Chronos-2 (+기준 곡선),102.604294,92.97752,102.604294,111.601585
2021-09-11 05:00:00,Chronos-2 (+기준 곡선),89.58455,79.7958,89.58455,98.08696
2021-09-11 05:15:00,Chronos-2 (+기준 곡선),87.95843,76.82014,87.95843,96.91502
2021-09-11 05:30:00,Chronos-2 (+기준 곡선),98.7259,88.791306,98.7259,107.95935
2021-09-11 05:45:00,Chronos-2 (+기준 곡선),106.399666,96.590126,106.399666,115.422646
2021-09-11 06:00:00,Chronos-2 (+기준 곡선),107.30594,97.52663,107.30594,116.11792
2021-09-11 06:15:00,Chronos-2 (+기준 곡선),107.97558,98.05165,107.97558,116.99643
2021-09-11 06:30:00,Chronos-2 (+기준 곡선),105.3569,95.4271,105.3569,114.61546
2021-09-11 06:45:00,Chronos-2 (+기준 곡선),103.31116,93.706024,103.31116,112.11705
2021-09-11 07:00:00,Chronos-2 (+기준 곡선),100.06636,90.31386,100.06636,109.11152
2021-09-11 07:15:00,Chronos-2 (+기준 곡선),89.894226,79.1318,89.894226,99.44348
2021-09-11 07:30:00,Chronos-2 (+기준 곡선),58.204704,48.540245,58.204704,68.67517
2021-09-11 07:45:00,Chronos-2 (+기준 곡선),39.258568,31.641365,39.258568,47.91406
2021-09-11 08:00:00,Chronos-2 (+기준 곡선),32.41662,27.430641,32.41662,37.891457
2021-09-11 08:15:00,Chronos-2 (+기준 곡선),32.238262,27.500038,32.238262,37.336166
2021-09-11 08:30:00,Chronos-2 (+기준 곡선),32.13872,27.352814,32.13872,37.087147
2021-09-11 08:45:00,Chronos-2 (+기준 곡선),32.21952,27.582008,32.21952,36.88312
2021-09-11 09:00:00,Chronos-2 (+기준 곡선),32.126877,27.624573,32.126877,36.606544
2021-09-11 09:15:00,Chronos-2 (+기준 곡선),31.97945,27.21988,31.97945,36.941013
2021-09-11 09:30:00,Chronos-2 (+기준 곡선),32.187008,27.85334,32.187008,36.78656
2021-09-11 09:45:00,Chronos-2 (+기준 곡선),32.424587,27.699997,32.424587,37.346035
2021-09-11 10:00:00,Chronos-2 (+기준 곡선),32.54097,27.618744,32.54097,37.192547
2021-09-11 10:15:00,Chronos-2 (+기준 곡선),33.294163,28.068855,33.294163,37.85065
2021-09-11 10:30:00,Chronos-2 (+기준 곡선),32.90026,28.0663,32.90026,37.68497
2021-09-11 10:45:00,Chronos-2 (+기준 곡선),33.223503,28.460983,33.223503,38.355305
2021-09-11 11:00:00,Chronos-2 (+기준 곡선),33.38753,28.568283,33.38753,38.619904
2021-09-11 11:15:00,Chronos-2 (+기준 곡선),33.54539,28.71563,33.54539,38.677586
2021-09-11 11:30:00,Chronos-2 (+기준 곡선),33.46497,28.500526,33.46497,38.577908
2021-09-11 11:45:00,Chronos-2 (+기준 곡선),33.44516,28.390167,33.44516,38.40302
2021-09-11 12:00:00,Chronos-2 (+기준 곡선),32.48751,27.028625,32.48751,38.129078
2021-09-11 12:15:00,Chronos-2 (+기준 곡선),32.404747,27.122353,32.404747,37.908817
2021-09-11 12:30:00,Chronos-2 (+기준 곡선),32.370358,27.070847,32.370358,37.721058
2021-09-11 12:45:00,Chronos-2 (+기준 곡선),32.436134,27.41401,32.436134,37.72953
2021-09-11 13:00:00,Chronos-2 (+기준 곡선),32.41196,27.352982,32.41196,37.585476
2021-09-11 13:15:00,Chronos-2 (+기준 곡선),32.64421,27.12201,32.64421,38.315544
2021-09-11 13:30:00,Chronos-2 (+기준 곡선),32.92918,27.652481,32.92918,38.301704
2021-09-11 13:45:00,Chronos-2 (+기준 곡선),32.897766,27.399712,32.897766,38.768353
2021-09-11 14:00:00,Chronos-2 (+기준 곡선),32.88676,27.54911,32.88676,38.605114
2021-09-11 14:15:00,Chronos-2 (+기준 곡선),33.519073,27.610115,33.519073,38.851673
2021-09-11 14:30:00,Chronos-2 (+기준 곡선),33.165188,27.745285,33.165188,38.442898
2021-09-11 14:45:00,Chronos-2 (+기준 곡선),33.312576,27.945572,33.312576,38.87947
2021-09-11 15:00:00,Chronos-2 (+기준 곡선),33.3907,27.98407,33.3907,39.131252
2021-09-11 15:15:00,Chronos-2 (+기준 곡선),33.442085,28.167854,33.442085,38.913612
2021-09-11 15:30:00,Chronos-2 (+기준 곡선),33.366486,27.872635,33.366486,38.72974
2021-09-11 15:45:00,Chronos-2 (+기준 곡선),33.278893,27.70462,33.278893,38.666695
2021-09-11 16:00:00,Chronos-2 (+기준 곡선),32.030754,26.604942,32.030754,38.79826
2021-09-11 16:15:00,Chronos-2 (+기준 곡선),32.172157,26.7033,32.172157,39.201496
2021-09-11 16:30:00,Chronos-2 (+기준 곡선),32.181488,26.561104,32.181488,39.01344
2021-09-11 16:45:00,Chronos-2 (+기준 곡선),31.811508,26.503616,31.811508,38.896633
2021-09-11 17:00:00,Chronos-2 (+기준 곡선),31.40511,26.48404,31.40511,37.988697
2021-09-11 17:15:00,Chronos-2 (+기준 곡선),31.190533,25.858978,31.190533,38.138584
2021-09-11 17:30:00,Chronos-2 (+기준 곡선),31.284378,26.023727,31.284378,38.043423
2021-09-11 17:45:00,Chronos-2 (+기준 곡선),30.74781,25.428772,30.74781,37.69522
2021-09-11 18:00:00,Chronos-2 (+기준 곡선),30.293343,24.996498,30.293343,36.83401
2021-09-11 18:15:00,Chronos-2 (+기준 곡선),30.108086,24.920303,30.108086,36.427437
2021-09-11 18:30:00,Chronos-2 (+기준 곡선),29.2285,24.23954,29.2285,35.239838
2021-09-11 18:45:00,Chronos-2 (+기준 곡선),28.923927,24.069275,28.923927,34.92751
2021-09-11 19:00:00,Chronos-2 (+기준 곡선),28.573013,23.671432,28.573013,35.07682
2021-09-11 19:15:00,Chronos-2 (+기준 곡선),27.97741,23.445312,27.97741,34.12549
2021-09-11 19:30:00,Chronos-2 (+기준 곡선),27.850357,23.547668,27.850357,33.35044
2021-09-11 19:45:00,Chronos-2 (+기준 곡선),27.021858,22.561928,27.021858,32.65453
2021-09-11 20:00:00,Chronos-2 (+기준 곡선),25.853577,22.755905,25.853577,29.641869
2021-09-11 20:15:00,Chronos-2 (+기준 곡선),25.720436,22.823761,25.720436,29.45594
2021-09-11 20:30:00,Chronos-2 (+기준 곡선),25.70459,22.639961,25.70459,29.214714
2021-09-11 20:45:00,Chronos-2 (+기준 곡선),25.317734,22.493385,25.317734,29.0187
2021-09-11 21:00:00,Chronos-2 (+기준 곡선),25.259026,22.417221,25.259026,28.86728
2021-09-11 21:15:00,Chronos-2 (+기준 곡선),25.359497,22.379387,25.359497,29.321259
2021-09-11 21:30:00,Chronos-2 (+기준 곡선),25.38768,22.67846,25.38768,28.965065
2021-09-11 21:45:00,Chronos-2 (+기준 곡선),25.177353,22.244453,25.177353,29.112038
2021-09-11 22:00:00,Chronos-2 (+기준 곡선),25.145523,22.209938,25.145523,28.736588
2021-09-11 22:15:00,Chronos-2 (+기준 곡선),25.485214,22.252983,25.485214,29.213127
2021-09-11 22:30:00,Chronos-2 (+기준 곡선),25.316452,22.208542,25.316452,28.806244
2021-09-11 22:45:00,Chronos-2 (+기준 곡선),25.290382,22.27246,25.290382,28.889648
2021-09-11 23:00:00,Chronos-2 (+기준 곡선),25.300644,22.417923,25.300644,29.02565
2021-09-11 23:15:00,Chronos-2 (+기준 곡선),25.159775,22.228584,25.159775,28.701225
2021-09-11 23:30:00,Chronos-2 (+기준 곡선),24.85762,21.85894,24.85762,28.324593
2021-09-11 23:45:00,Chronos-2 (+기준 곡선),24.397385,21.58133,24.397385,27.851158
2021-09-12 00:00:00,Chronos-2 (+기준 곡선),23.530495,22.02681,23.530495,25.016533
2021-09-12 00:15:00,Chronos-2 (+기준 곡선),23.474884,22.218552,23.474884,24.890373
2021-09-12 00:30:00,Chronos-2 (+기준 곡선),23.561249,22.126755,23.561249,24.707497
2021-09-12 00:45:00,Chronos-2 (+기준 곡선),23.258781,22.08442,23.258781,24.669975
2021-09-12 01:00:00,Chronos-2 (+기준 곡선),23.310623,22.166862,23.310623,24.67823
2021-09-12 01:15:00,Chronos-2 (+기준 곡선),23.433144,22.104858,23.433144,25.057358
2021-09-12 01:30:00,Chronos-2 (+기준 곡선),23.465103,22.303886,23.465103,24.782295
2021-09-12 01:45:00,Chronos-2 (+기준 곡선),23.51728,22.222603,23.51728,25.035385
2021-09-12 02:00:00,Chronos-2 (+기준 곡선),23.534485,22.235657,23.534485,24.851463
2021-09-12 02:15:00,Chronos-2 (+기준 곡선),23.67669,22.33567,23.67669,25.122993
2021-09-12 02:30:00,Chronos-2 (+기준 곡선),23.708275,22.253838,23.708275,24.81565
2021-09-12 02:45:00,Chronos-2 (+기준 곡선),23.664154,22.30487,23.664154,24.908417
2021-09-12 03:00:00,Chronos-2 (+기준 곡선),23.711578,22.495682,23.711578,25.203873
2021-09-12 03:15:00,Chronos-2 (+기준 곡선),23.693817,22.15982,23.693817,24.942886
2021-09-12 03:30:00,Chronos-2 (+기준 곡선),23.461807,22.204643,23.461807,24.592628
2021-09-12 03:45:00,Chronos-2 (+기준 곡선),23.19703,22.025063,23.19703,24.644562
2021-09-12 04:00:00,Chronos-2 (+기준 곡선),23.804367,22.18776,23.804367,25.58133
2021-09-12 04:15:00,Chronos-2 (+기준 곡선),23.754456,22.313477,23.754456,25.56874
2021-09-12 04:30:00,Chronos-2 (+기준 곡선),23.737305,22.101059,23.737305,25.287094
2021-09-12 04:45:00,Chronos-2 (+기준 곡선),23.381104,21.984436,23.381104,25.096771
2021-09-12 05:00:00,Chronos-2 (+기준 곡선),23.350044,22.014801,23.350044,24.953857
2021-09-12 05:15:00,Chronos-2 (+기준 곡선),23.415573,21.963593,23.415573,25.313469
2021-09-12 05:30:00,Chronos-2 (+기준 곡선),23.468292,22.31202,23.468292,25.020927
2021-09-12 05:45:00,Chronos-2 (+기준 곡선),23.459106,22.05449,23.459106,25.228966
2021-09-12 06:00:00,Chronos-2 (+기준 곡선),23.534225,22.031006,23.534225,25.027084
2021-09-12 06:15:00,Chronos-2 (+기준 곡선),23.6754,22.156128,23.6754,25.396904
2021-09-12 06:30:00,Chronos-2 (+기준 곡선),23.768547,22.140686,23.768547,25.120872
2021-09-12 06:45:00,Chronos-2 (+기준 곡선),23.760773,22.229256,23.760773,25.218384
2021-09-12 07:00:00,Chronos-2 (+기준 곡선),23.884987,22.420746,23.884987,25.771896
2021-09-12 07:15:00,Chronos-2 (+기준 곡선),23.907837,22.240967,23.907837,25.56466
2021-09-12 07:30:00,Chronos-2 (+기준 곡선),23.706573,22.22873,23.706573,25.291962
2021-09-12 07:45:00,Chronos-2 (+기준 곡선),23.549057,22.14389,23.549057,25.373001
2021-09-12 08:00:00,Chronos-2 (+기준 곡선),24.320183,22.237816,24.320183,27.088966
2021-09-12 08:15:00,Chronos-2 (+기준 곡선),24.300667,22.396301,24.300667,27.094093
2021-09-12 08:30:00,Chronos-2 (+기준 곡선),24.28173,22.228806,24.28173,26.88424
2021-09-12 08:45:00,Chronos-2 (+기준 곡선),23.98603,22.287338,23.98603,26.729027
2021-09-12 09:00:00,Chronos-2 (+기준 곡선),23.941391,22.253563,23.941391,26.419334
2021-09-12 09:15:00,Chronos-2 (+기준 곡선),24.05198,22.052841,24.05198,26.951584
2021-09-12 09:30:00,Chronos-2 (+기준 곡선),24.100464,22.446068,24.100464,26.5831
2021-09-12 09:45:00,Chronos-2 (+기준 곡선),24.059616,22.170547,24.059616,26.785965
2021-09-12 10:00:00,Chronos-2 (+기준 곡선),24.100197,22.157753,24.100197,26.421204
2021-09-12 10:15:00,Chronos-2 (+기준 곡선),24.334373,22.27761,24.334373,26.885857
2021-09-12 10:30:00,Chronos-2 (+기준 곡선),24.420265,22.338264,24.420265,26.616531
2021-09-12 10:45:00,Chronos-2 (+기준 곡선),24.504715,22.517815,24.504715,26.91893
2021-09-12 11:00:00,Chronos-2 (+기준 곡선),24.658073,22.683426,24.658073,27.400322
2021-09-12 11:15:00,Chronos-2 (+기준 곡선),24.584427,22.55214,24.584427,27.211243
2021-09-12 11:30:00,Chronos-2 (+기준 곡선),24.332718,22.328972,24.332718,26.856903
2021-09-12 11:45:00,Chronos-2 (+기준 곡선),24.050514,22.233437,24.050514,26.548836
2021-09-12 12:00:00,Chronos-2 (+기준 곡선),24.45401,22.312965,24.45401,27.386932
2021-09-12 12:15:00,Chronos-2 (+기준 곡선),24.362503,22.364944,24.362503,27.356834
2021-09-12 12:30:00,Chronos-2 (+기준 곡선),24.329071,22.2454,24.329071,27.12265
2021-09-12 12:45:00,Chronos-2 (+기준 곡선),24.121078,22.419449,24.121078,26.999794
2021-09-12 13:00:00,Chronos-2 (+기준 곡선),23.941704,22.327759,23.941704,26.691414
2021-09-12 13:15:00,Chronos-2 (+기준 곡선),24.11467,21.995209,24.11467,27.326279
2021-09-12 13:30:00,Chronos-2 (+기준 곡선),24.228119,22.439613,24.228119,26.98162
2021-09-12 13:45:00,Chronos-2 (+기준 곡선),24.226868,22.17073,24.226868,27.28135
2021-09-12 14:00:00,Chronos-2 (+기준 곡선),24.290886,22.188164,24.290886,26.994453
2021-09-12 14:15:00,Chronos-2 (+기준 곡선),24.46624,22.39608,24.46624,27.35334
2021-09-12 14:30:00,Chronos-2 (+기준 곡선),24.5476,22.433632,24.5476,27.031021
2021-09-12 14:45:00,Chronos-2 (+기준 곡선),24.59629,22.57492,24.59629,27.252815
2021-09-12 15:00:00,Chronos-2 (+기준 곡선),24.76677,22.788986,24.76677,27.777199
2021-09-12 15:15:00,Chronos-2 (+기준 곡선),24.77253,22.587112,24.77253,27.592407
2021-09-12 15:30:00,Chronos-2 (+기준 곡선),24.629227,22.564201,24.629227,27.411766
2021-09-12 15:45:00,Chronos-2 (+기준 곡선),24.50351,22.479355,24.50351,27.399834
2021-09-12 16:00:00,Chronos-2 (+기준 곡선),24.915894,22.126114,24.915894,29.657547
2021-09-12 16:15:00,Chronos-2 (+기준 곡선),24.90802,22.21656,24.90802,29.834198
2021-09-12 16:30:00,Chronos-2 (+기준 곡선),24.844666,22.087646,24.844666,29.697235
2021-09-12 16:45:00,Chronos-2 (+기준 곡선),24.694641,22.241974,24.694641,29.571526
2021-09-12 17:00:00,Chronos-2 (+기준 곡선),24.388893,22.510002,24.388893,28.705086
2021-09-12 17:15:00,Chronos-2 (+기준 곡선),24.50438,22.17266,24.50438,29.470474
2021-09-12 17:30:00,Chronos-2 (+기준 곡선),24.586235,22.261375,24.586235,28.992409
2021-09-12 17:45:00,Chronos-2 (+기준 곡선),24.634308,22.053612,24.634308,29.194
2021-09-12 18:00:00,Chronos-2 (+기준 곡선),24.453964,21.887344,24.453964,28.712166
2021-09-12 18:15:00,Chronos-2 (+기준 곡선),24.748756,22.313828,24.748756,29.059982
2021-09-12 18:30:00,Chronos-2 (+기준 곡선),24.643196,22.06102,24.643196,28.481117
2021-09-12 18:45:00,Chronos-2 (+기준 곡선),24.640915,22.157524,24.640915,28.645493
2021-09-12 19:00:00,Chronos-2 (+기준 곡선),24.723167,22.291069,24.723167,29.196465
2021-09-12 19:15:00,Chronos-2 (+기준 곡선),24.765984,22.230972,24.765984,29.169159
2021-09-12 19:30:00,Chronos-2 (+기준 곡선),24.67176,22.232742,24.67176,28.719482
2021-09-12 19:45:00,Chronos-2 (+기준 곡선),24.412643,22.02398,24.412643,28.245033
2021-09-12 20:00:00,Chronos-2 (+기준 곡선),24.061417,22.023079,24.061417,26.896164
2021-09-12 20:15:00,Chronos-2 (+기준 곡선),23.940819,22.1596,23.940819,26.730324
2021-09-12 20:30:00,Chronos-2 (+기준 곡선),23.85823,22.040512,23.85823,26.347313
2021-09-12 20:45:00,Chronos-2 (+기준 곡선),23.669167,22.22483,23.669167,26.173897
2021-09-12 21:00:00,Chronos-2 (+기준 곡선),23.432861,22.081177,23.432861,25.84114
2021-09-12 21:15:00,Chronos-2 (+기준 곡선),23.566307,21.80159,23.566307,26.34948
2021-09-12 21:30:00,Chronos-2 (+기준 곡선),23.654594,22.292755,23.654594,26.000801
2021-09-12 21:45:00,Chronos-2 (+기준 곡선),23.577675,21.953903,23.577675,26.138779
2021-09-12 22:00:00,Chronos-2 (+기준 곡선),23.616188,21.913132,23.616188,25.768463
2021-09-12 22:15:00,Chronos-2 (+기준 곡선),23.951431,22.04702,23.951431,26.193108
2021-09-12 22:30:00,Chronos-2 (+기준 곡선),23.8937,22.029503,23.8937,25.93724
2021-09-12 22:45:00,Chronos-2 (+기준 곡선),23.94632,22.164001,23.94632,26.126175
2021-09-12 23:00:00,Chronos-2 (+기준 곡선),24.072342,22.413353,24.072342,26.602844
2021-09-12 23:15:00,Chronos-2 (+기준 곡선),23.952698,22.12262,23.952698,26.270424
2021-09-12 23:30:00,Chronos-2 (+기준 곡선),23.609192,21.976677,23.609192,25.771683
2021-09-12 23:45:00,Chronos-2 (+기준 곡선),23.219498,21.605598,23.219498,25.4338
2021-09-13 00:00:00,Chronos-2 (+기준 곡선),22.393623,20.431816,22.393623,24.500763
2021-09-13 00:15:00,Chronos-2 (+기준 곡선),22.442123,20.738167,22.442123,24.446098
2021-09-13 00:30:00,Chronos-2 (+기준 곡선),22.445549,20.6362,22.445549,24.103226
2021-09-13 00:45:00,Chronos-2 (+기준 곡선),22.091919,20.431488,22.091919,24.034775
2021-09-13 01:00:00,Chronos-2 (+기준 곡선),22.166565,20.619804,22.166565,24.04042
2021-09-13 01:15:00,Chronos-2 (+기준 곡선),22.433762,20.742989,22.433762,24.733673
2021-09-13 01:30:00,Chronos-2 (+기준 곡선),22.532684,20.963318,22.532684,24.495491
2021-09-13 01:45:00,Chronos-2 (+기준 곡선),22.627457,20.887276,22.627457,24.857224
2021-09-13 02:00:00,Chronos-2 (+기준 곡선),22.711166,20.942528,22.711166,24.735397
2021-09-13 02:15:00,Chronos-2 (+기준 곡선),22.90451,21.137306,22.90451,25.131142
2021-09-13 02:30:00,Chronos-2 (+기준 곡선),22.855873,20.971916,22.855873,24.56414
2021-09-13 02:45:00,Chronos-2 (+기준 곡선),22.714783,20.908096,22.714783,24.612732
2021-09-13 03:00:00,Chronos-2 (+기준 곡선),22.662285,21.173859,22.662285,24.754555
2021-09-13 03:15:00,Chronos-2 (+기준 곡선),22.792404,20.842941,22.792404,24.719398
2021-09-13 03:30:00,Chronos-2 (+기준 곡선),22.593277,20.897713,22.593277,24.311546
2021-09-13 03:45:00,Chronos-2 (+기준 곡선),22.346565,20.805222,22.346565,24.282814
2021-09-13 04:00:00,Chronos-2 (+기준 곡선),23.007538,20.33786,23.007538,25.32502
2021-09-13 04:15:00,Chronos-2 (+기준 곡선),22.628883,20.326279,22.628883,25.159729
2021-09-13 04:30:00,Chronos-2 (+기준 곡선),22.774704,20.31128,22.774704,24.895676
2021-09-13 04:45:00,Chronos-2 (+기준 곡선),22.615028,20.28186,22.615028,25.294304
2021-09-13 05:00:00,Chronos-2 (+기준 곡선),22.695786,20.749886,22.695786,25.064468
2021-09-13 05:15:00,Chronos-2 (+기준 곡선),22.593208,20.22419,22.593208,25.037018
2021-09-13 05:30:00,Chronos-2 (+기준 곡선),22.547592,20.326118,22.547592,25.03164
2021-09-13 05:45:00,Chronos-2 (+기준 곡선),22.524666,20.25586,22.524666,25.429947
2021-09-13 06:00:00,Chronos-2 (+기준 곡선),22.765572,20.542343,22.765572,25.271912
2021-09-13 06:15:00,Chronos-2 (+기준 곡선),22.714737,20.19542,22.714737,24.967773
2021-09-13 06:30:00,Chronos-2 (+기준 곡선),22.559761,19.738594,22.559761,24.973755
2021-09-13 06:45:00,Chronos-2 (+기준 곡선),22.908142,19.971443,22.908142,25.987679
2021-09-13 07:00:00,Chronos-2 (+기준 곡선),26.226929,21.855606,26.226929,32.255802
2021-09-13 07:15:00,Chronos-2 (+기준 곡선),37.881474,28.728775,37.881474,47.726105
2021-09-13 07:30:00,Chronos-2 (+기준 곡선),61.41741,50.57413,61.41741,71.28536
2021-09-13 07:45:00,Chronos-2 (+기준 곡선),91.28548,79.19701,91.28548,101.96759
2021-09-13 08:00:00,Chronos-2 (+기준 곡선),147.45871,132.79887,147.45871,161.49112
2021-09-13 08:15:00,Chronos-2 (+기준 곡선),167.29294,153.0901,167.29294,178.95874
2021-09-13 08:30:00,Chronos-2 (+기준 곡선),171.89722,157.13554,171.89722,183.4073
2021-09-13 08:45:00,Chronos-2 (+기준 곡선),174.29799,161.15602,174.29799,185.49963
2021-09-13 09:00:00,Chronos-2 (+기준 곡선),167.9107,154.04962,167.9107,180.01749
2021-09-13 09:15:00,Chronos-2 (+기준 곡선),164.5256,150.38338,164.5256,176.12405
2021-09-13 09:30:00,Chronos-2 (+기준 곡선),167.55777,153.42432,167.55777,179.50735
2021-09-13 09:45:00,Chronos-2 (+기준 곡선),168.5249,153.4278,168.5249,180.51654
2021-09-13 10:00:00,Chronos-2 (+기준 곡선),144.45488,129.0312,144.45488,158.41669
2021-09-13 10:15:00,Chronos-2 (+기준 곡선),170.19173,155.10132,170.19173,182.16946
2021-09-13 10:30:00,Chronos-2 (+기준 곡선),168.6789,153.35559,168.6789,181.18982
2021-09-13 10:45:00,Chronos-2 (+기준 곡선),167.4914,152.75565,167.4914,179.22824
2021-09-13 11:00:00,Chronos-2 (+기준 곡선),167.63849,153.06104,167.63849,179.9638
2021-09-13 11:15:00,Chronos-2 (+기준 곡선),169.26862,154.4918,169.26862,181.0151
2021-09-13 11:30:00,Chronos-2 (+기준 곡선),168.35217,153.4281,168.35217,180.59735
2021-09-13 11:45:00,Chronos-2 (+기준 곡선),166.99057,151.61555,166.99057,180.36029
2021-09-13 12:00:00,Chronos-2 (+기준 곡선),117.99544,99.87244,117.99544,135.34366
2021-09-13 12:15:00,Chronos-2 (+기준 곡선),97.88317,80.64267,97.88317,113.834274
2021-09-13 12:30:00,Chronos-2 (+기준 곡선),97.88361,79.14301,97.88361,113.87497
2021-09-13 12:45:00,Chronos-2 (+기준 곡선),127.67822,107.227715,127.67822,146.84396
2021-09-13 13:00:00,Chronos-2 (+기준 곡선),163.60086,144.63858,163.60086,179.10387
2021-09-13 13:15:00,Chronos-2 (+기준 곡선),166.86066,148.57956,166.86066,182.42822
2021-09-13 13:30:00,Chronos-2 (+기준 곡선),165.60535,147.84268,165.60535,180.89842
2021-09-13 13:45:00,Chronos-2 (+기준 곡선),166.96292,148.32837,166.96292,181.32285
2021-09-13 14:00:00,Chronos-2 (+기준 곡선),164.98471,146.3176,164.98471,179.01865
2021-09-13 14:15:00,Chronos-2 (+기준 곡선),163.96405,144.54285,163.96405,177.68744
2021-09-13 14:30:00,Chronos-2 (+기준 곡선),164.72833,144.98425,164.72833,179.76134
2021-09-13 14:45:00,Chronos-2 (+기준 곡선),165.06905,145.31589,165.06905,180.04587
2021-09-13 15:00:00,Chronos-2 (+기준 곡선),138.08038,118.27885,138.08038,154.78133
2021-09-13 15:15:00,Chronos-2 (+기준 곡선),160.84457,140.80205,160.84457,175.483
2021-09-13 15:30:00,Chronos-2 (+기준 곡선),167.17276,148.44762,167.17276,182.01721
2021-09-13 15:45:00,Chronos-2 (+기준 곡선),167.83902,150.03589,167.83902,182.66666
2021-09-13 16:00:00,Chronos-2 (+기준 곡선),162.40454,143.48805,162.40454,176.24579
2021-09-13 16:15:00,Chronos-2 (+기준 곡선),159.83536,141.45451,159.83536,174.24994
2021-09-13 16:30:00,Chronos-2 (+기준 곡선),157.39445,138.52832,157.39445,171.54807
2021-09-13 16:45:00,Chronos-2 (+기준 곡선),154.95311,134.64603,154.95311,169.79456
2021-09-13 17:00:00,Chronos-2 (+기준 곡선),120.85542,101.90883,120.85542,135.90881
2021-09-13 17:15:00,Chronos-2 (+기준 곡선),111.8817,93.30394,111.8817,126.941696
2021-09-13 17:30:00,Chronos-2 (+기준 곡선),147.37277,126.50253,147.37277,162.11484
2021-09-13 17:45:00,Chronos-2 (+기준 곡선),158.46893,136.8897,158.46893,173.76099
2021-09-13 18:00:00,Chronos-2 (+기준 곡선),156.6174,135.53256,156.6174,171.22195
2021-09-13 18:15:00,Chronos-2 (+기준 곡선),153.77908,133.19571,153.77908,167.911
2021-09-13 18:30:00,Chronos-2 (+기준 곡선),150.34576,129.58688,150.34576,165.06323
2021-09-13 18:45:00,Chronos-2 (+기준 곡선),150.0617,131.09665,150.0617,163.89404
2021-09-13 19:00:00,Chronos-2 (+기준 곡선),145.64925,127.513565,145.64925,159.27007
2021-09-13 19:15:00,Chronos-2 (+기준 곡선),137.42923,118.21551,137.42923,151.26059
2021-09-13 19:30:00,Chronos-2 (+기준 곡선),135.60663,118.29278,135.60663,150.06778
2021-09-13 19:45:00,Chronos-2 (+기준 곡선),119.77874,102.04564,119.77874,134.27037
2021-09-13 20:00:00,Chronos-2 (+기준 곡선),112.99962,97.43986,112.99962,124.85302
2021-09-13 20:15:00,Chronos-2 (+기준 곡선),120.64634,105.46393,120.64634,131.51027
2021-09-13 20:30:00,Chronos-2 (+기준 곡선),119.984695,105.37283,119.984695,131.29031
2021-09-13 20:45:00,Chronos-2 (+기준 곡선),120.168816,104.6896,120.168816,131.11714
2021-09-13 21:00:00,Chronos-2 (+기준 곡선),121.03978,106.41312,121.03978,132.50401
2021-09-13 21:15:00,Chronos-2 (+기준 곡선),120.166374,105.667274,120.166374,130.83426
2021-09-13 21:30:00,Chronos-2 (+기준 곡선),116.04748,101.6732,116.04748,126.9205
2021-09-13 21:45:00,Chronos-2 (+기준 곡선),115.46817,101.38933,115.46817,126.23262
2021-09-13 22:00:00,Chronos-2 (+기준 곡선),101.34744,85.99788,101.34744,112.319244
2021-09-13 22:15:00,Chronos-2 (+기준 곡선),110.28683,95.8276,110.28683,120.527824
2021-09-13 22:30:00,Chronos-2 (+기준 곡선),110.20295,95.61483,110.20295,121.05805
2021-09-13 22:45:00,Chronos-2 (+기준 곡선),110.455,96.47714,110.455,120.92287
2021-09-13 23:00:00,Chronos-2 (+기준 곡선),109.855835,95.588264,109.855835,120.34627
2021-09-13 23:15:00,Chronos-2 (+기준 곡선),109.87534,94.506714,109.87534,120.68767
2021-09-13 23:30:00,Chronos-2 (+기준 곡선),105.3858,89.73283,105.3858,116.50067
2021-09-13 23:45:00,Chronos-2 (+기준 곡선),84.59539,69.50673,84.59539,96.13893
2021-09-14 00:00:00,Chronos-2 (+기준 곡선),78.070724,70.154526,78.070724,85.23773
2021-09-14 00:15:00,Chronos-2 (+기준 곡선),74.46716,66.97098,74.46716,82.038
2021-09-14 00:30:00,Chronos-2 (+기준 곡선),72.03706,64.387276,72.03706,79.42951
2021-09-14 00:45:00,Chronos-2 (+기준 곡선),70.68829,63.001793,70.68829,78.44924
2021-09-14 01:00:00,Chronos-2 (+기준 곡선),97.2017,89.26629,97.2017,105.09422
2021-09-14 01:15:00,Chronos-2 (+기준 곡선),108.7628,100.19824,108.7628,116.65792
2021-09-14 01:30:00,Chronos-2 (+기준 곡선),111.51228,103.626434,111.51228,119.6156
2021-09-14 01:45:00,Chronos-2 (+기준 곡선),112.90703,104.494446,112.90703,120.958755
2021-09-14 02:00:00,Chronos-2 (+기준 곡선),113.04375,105.16418,113.04375,120.82341
2021-09-14 02:15:00,Chronos-2 (+기준 곡선),111.392166,103.34944,111.392166,119.13909
2021-09-14 02:30:00,Chronos-2 (+기준 곡선),109.243256,101.443085,109.243256,117.48981
2021-09-14 02:45:00,Chronos-2 (+기준 곡선),107.33596,99.29069,107.33596,115.74577
2021-09-14 03:00:00,Chronos-2 (+기준 곡선),95.36044,87.05955,95.36044,103.62367
2021-09-14 03:15:00,Chronos-2 (+기준 곡선),107.20615,98.856026,107.20615,115.54059
2021-09-14 03:30:00,Chronos-2 (+기준 곡선),109.627945,101.21297,109.627945,118.35066
2021-09-14 03:45:00,Chronos-2 (+기준 곡선),109.26825,101.19656,109.26825,117.349464
2021-09-14 04:00:00,Chronos-2 (+기준 곡선),109.643364,101.36002,109.643364,117.91734
2021-09-14 04:15:00,Chronos-2 (+기준 곡선),110.43912,102.52091,110.43912,118.62965
2021-09-14 04:30:00,Chronos-2 (+기준 곡선),109.51697,101.06481,109.51697,117.89897
2021-09-14 04:45:00,Chronos-2 (+기준 곡선),105.53074,96.806366,105.53074,113.70151
2021-09-14 05:00:00,Chronos-2 (+기준 곡선),84.94109,76.46176,84.94109,92.63642
2021-09-14 05:15:00,Chronos-2 (+기준 곡선),80.22945,72.09679,80.22945,87.86452
2021-09-14 05:30:00,Chronos-2 (+기준 곡선),98.158844,89.53056,98.158844,106.21015
2021-09-14 05:45:00,Chronos-2 (+기준 곡선),111.50403,102.84508,111.50403,119.85139
2021-09-14 06:00:00,Chronos-2 (+기준 곡선),112.55988,103.61391,112.55988,120.93026
2021-09-14 06:15:00,Chronos-2 (+기준 곡선),110.24797,101.241005,110.24797,118.04037
2021-09-14 06:30:00,Chronos-2 (+기준 곡선),109.632095,101.085785,109.632095,117.631096
2021-09-14 06:45:00,Chronos-2 (+기준 곡선),111.88286,102.831924,111.88286,120.21183
2021-09-14 07:00:00,Chronos-2 (+기준 곡선),112.76001,103.24375,112.76001,121.41349
2021-09-14 07:15:00,Chronos-2 (+기준 곡선),125.13465,114.36857,125.13465,133.93156
2021-09-14 07:30:00,Chronos-2 (+기준 곡선),149.48203,139.53062,149.48203,158.90788
2021-09-14 07:45:00,Chronos-2 (+기준 곡선),142.73172,132.47389,142.73172,152.24571
2021-09-14 08:00:00,Chronos-2 (+기준 곡선),162.13757,149.94281,162.13757,174.9878
2021-09-14 08:15:00,Chronos-2 (+기준 곡선),179.03328,166.38292,179.03328,191.03061
2021-09-14 08:30:00,Chronos-2 (+기준 곡선),181.1009,167.3891,181.1009,192.80104
2021-09-14 08:45:00,Chronos-2 (+기준 곡선),181.14734,168.96591,181.14734,192.72412
2021-09-14 09:00:00,Chronos-2 (+기준 곡선),173.99733,160.8671,173.99733,186.60057
2021-09-14 09:15:00,Chronos-2 (+기준 곡선),175.13153,162.67166,175.13153,187.24492
2021-09-14 09:30:00,Chronos-2 (+기준 곡선),175.83731,162.77977,175.83731,187.73398
2021-09-14 09:45:00,Chronos-2 (+기준 곡선),178.9563,165.51471,178.9563,191.37692
2021-09-14 10:00:00,Chronos-2 (+기준 곡선),151.67728,138.51366,151.67728,164.77954
2021-09-14 10:15:00,Chronos-2 (+기준 곡선),176.06732,162.5741,176.06732,188.24463
2021-09-14 10:30:00,Chronos-2 (+기준 곡선),175.80247,162.54294,175.80247,187.90738
2021-09-14 10:45:00,Chronos-2 (+기준 곡선),176.40549,162.68484,176.40549,188.00848
2021-09-14 11:00:00,Chronos-2 (+기준 곡선),175.08945,162.34933,175.08945,187.34921
2021-09-14 11:15:00,Chronos-2 (+기준 곡선),177.92432,164.5805,177.92432,189.72775
2021-09-14 11:30:00,Chronos-2 (+기준 곡선),179.4654,165.3003,179.4654,191.71782
2021-09-14 11:45:00,Chronos-2 (+기준 곡선),177.21207,163.55252,177.21207,190.40567
2021-09-14 12:00:00,Chronos-2 (+기준 곡선),121.07547,107.06213,121.07547,134.84013
2021-09-14 12:15:00,Chronos-2 (+기준 곡선),102.00222,88.08378,102.00222,114.8241
2021-09-14 12:30:00,Chronos-2 (+기준 곡선),102.28023,87.21041,102.28023,115.45081
2021-09-14 12:45:00,Chronos-2 (+기준 곡선),131.82715,116.67114,131.82715,146.05899
2021-09-14 13:00:00,Chronos-2 (+기준 곡선),171.07999,156.25041,171.07999,184.90991
2021-09-14 13:15:00,Chronos-2 (+기준 곡선),176.32114,162.5333,176.32114,190.31102
2021-09-14 13:30:00,Chronos-2 (+기준 곡선),176.64828,163.69835,176.64828,190.34222
2021-09-14 13:45:00,Chronos-2 (+기준 곡선),179.56516,165.52179,179.56516,192.84436
2021-09-14 14:00:00,Chronos-2 (+기준 곡선),178.36307,165.03079,178.36307,191.4549
2021-09-14 14:15:00,Chronos-2 (+기준 곡선),174.38914,159.77356,174.38914,186.91827
2021-09-14 14:30:00,Chronos-2 (+기준 곡선),175.65134,161.5473,175.65134,189.34642
2021-09-14 14:45:00,Chronos-2 (+기준 곡선),175.95435,162.41849,175.95435,189.19675
2021-09-14 15:00:00,Chronos-2 (+기준 곡선),143.8901,130.80714,143.8901,157.65143
2021-09-14 15:15:00,Chronos-2 (+기준 곡선),171.56468,156.7013,171.56468,184.2427
2021-09-14 15:30:00,Chronos-2 (+기준 곡선),175.83086,161.65228,175.83086,188.79318
2021-09-14 15:45:00,Chronos-2 (+기준 곡선),175.71219,161.2957,175.71219,189.70782
2021-09-14 16:00:00,Chronos-2 (+기준 곡선),172.06323,159.26657,172.06323,183.76575
2021-09-14 16:15:00,Chronos-2 (+기준 곡선),168.87347,155.96437,168.87347,181.33359
2021-09-14 16:30:00,Chronos-2 (+기준 곡선),164.52644,150.49092,164.52644,176.4314
2021-09-14 16:45:00,Chronos-2 (+기준 곡선),162.9523,149.67616,162.9523,175.54666
2021-09-14 17:00:00,Chronos-2 (+기준 곡선),125.366325,113.0847,125.366325,137.5954
2021-09-14 17:15:00,Chronos-2 (+기준 곡선),115.01437,102.38489,115.01437,127.08665
2021-09-14 17:30:00,Chronos-2 (+기준 곡선),152.97398,139.59319,152.97398,164.9873
2021-09-14 17:45:00,Chronos-2 (+기준 곡선),163.1661,149.62878,163.1661,175.55179
2021-09-14 18:00:00,Chronos-2 (+기준 곡선),159.52443,145.90318,159.52443,171.582
2021-09-14 18:15:00,Chronos-2 (+기준 곡선),158.04056,144.13956,158.04056,170.17151
2021-09-14 18:30:00,Chronos-2 (+기준 곡선),157.42143,143.5113,157.42143,169.04471
2021-09-14 18:45:00,Chronos-2 (+기준 곡선),159.53363,145.3456,159.53363,171.42358
2021-09-14 19:00:00,Chronos-2 (+기준 곡선),155.46591,141.53284,155.46591,167.28162
2021-09-14 19:15:00,Chronos-2 (+기준 곡선),146.57141,132.44568,146.57141,158.40149
2021-09-14 19:30:00,Chronos-2 (+기준 곡선),148.42026,135.42775,148.42026,160.94928
2021-09-14 19:45:00,Chronos-2 (+기준 곡선),130.00002,117.67415,130.00002,142.1509
2021-09-14 20:00:00,Chronos-2 (+기준 곡선),118.96207,107.55074,118.96207,129.7262
2021-09-14 20:15:00,Chronos-2 (+기준 곡선),128.51932,117.75971,128.51932,137.93332
2021-09-14 20:30:00,Chronos-2 (+기준 곡선),129.3962,118.70266,129.3962,139.18423
2021-09-14 20:45:00,Chronos-2 (+기준 곡선),127.978226,117.76122,127.978226,137.10902
2021-09-14 21:00:00,Chronos-2 (+기준 곡선),126.7547,116.4791,126.7547,136.5743
2021-09-14 21:15:00,Chronos-2 (+기준 곡선),127.01689,116.45862,127.01689,136.29016
2021-09-14 21:30:00,Chronos-2 (+기준 곡선),124.133804,113.83474,124.133804,133.47437
2021-09-14 21:45:00,Chronos-2 (+기준 곡선),123.29008,112.55374,123.29008,132.87459
2021-09-14 22:00:00,Chronos-2 (+기준 곡선),104.648026,93.44919,104.648026,113.588036
2021-09-14 22:15:00,Chronos-2 (+기준 곡선),117.5939,106.80452,117.5939,126.647
2021-09-14 22:30:00,Chronos-2 (+기준 곡선),116.72754,106.10707,116.72754,126.15651
2021-09-14 22:45:00,Chronos-2 (+기준 곡선),115.748566,105.181915,115.748566,125.07827
2021-09-14 23:00:00,Chronos-2 (+기준 곡선),114.39751,103.86753,114.39751,123.78519
2021-09-14 23:15:00,Chronos-2 (+기준 곡선),116.0569,104.920525,116.0569,125.784676
2021-09-14 23:30:00,Chronos-2 (+기준 곡선),111.68695,100.669525,111.68695,121.11078
2021-09-14 23:45:00,Chronos-2 (+기준 곡선),91.54596,81.11684,91.54596,101.211945
