발행시각,대상시각,예측,하위10%,중앙값,상위10%
2021-08-09 00:00:00,2021-08-09 00:00:00,24.537468,21.528275,24.537468,35.921066
2021-08-09 00:00:00,2021-08-09 00:15:00,24.452438,21.31186,24.452438,36.28496
2021-08-09 00:00:00,2021-08-09 00:30:00,24.378029,21.497692,24.378029,35.436543
2021-08-09 00:00:00,2021-08-09 00:45:00,24.084637,21.328503,24.084637,34.659256
2021-08-09 01:00:00,2021-08-09 01:00:00,22.25225,20.967129,22.25225,24.275639
2021-08-09 01:00:00,2021-08-09 01:15:00,22.24958,20.86805,22.24958,24.38404
2021-08-09 01:00:00,2021-08-09 01:30:00,22.268078,20.820152,22.268078,24.281807
2021-08-09 01:00:00,2021-08-09 01:45:00,22.19247,20.653698,22.19247,24.373463
2021-08-09 02:00:00,2021-08-09 02:00:00,22.369652,21.297123,22.369652,23.902584
2021-08-09 02:00:00,2021-08-09 02:15:00,22.36412,21.105,22.36412,24.043125
2021-08-09 02:00:00,2021-08-09 02:30:00,22.416641,21.081333,22.416641,23.931885
2021-08-09 02:00:00,2021-08-09 02:45:00,22.392342,20.98156,22.392342,24.102306
2021-08-09 03:00:00,2021-08-09 03:00:00,22.12933,21.108486,22.12933,23.484867
2021-08-09 03:00:00,2021-08-09 03:15:00,22.161503,21.022045,22.161503,23.688602
2021-08-09 03:00:00,2021-08-09 03:30:00,22.151379,20.866432,22.151379,23.510178
2021-08-09 03:00:00,2021-08-09 03:45:00,22.008835,20.733753,22.008835,23.466537
2021-08-09 04:00:00,2021-08-09 04:00:00,22.12185,20.308552,22.12185,24.745205
2021-08-09 04:00:00,2021-08-09 04:15:00,21.754852,19.75174,21.754852,24.508354
2021-08-09 04:00:00,2021-08-09 04:30:00,21.988323,19.995613,21.988323,24.062645
2021-08-09 04:00:00,2021-08-09 04:45:00,22.152725,19.907822,22.152725,24.176762
2021-08-09 05:00:00,2021-08-09 05:00:00,21.330738,19.322712,21.330738,22.944313
2021-08-09 05:00:00,2021-08-09 05:15:00,21.420467,19.350159,21.420467,22.956905
2021-08-09 05:00:00,2021-08-09 05:30:00,21.461746,19.371681,21.461746,22.480175
2021-08-09 05:00:00,2021-08-09 05:45:00,21.294796,19.35735,21.294796,22.558266
2021-08-09 06:00:00,2021-08-09 06:00:00,20.802639,19.216843,20.802639,22.08702
2021-08-09 06:00:00,2021-08-09 06:15:00,20.890442,18.947647,20.890442,21.69809
2021-08-09 06:00:00,2021-08-09 06:30:00,21.145374,19.185608,21.145374,21.997173
2021-08-09 06:00:00,2021-08-09 06:45:00,21.212498,19.377033,21.212498,22.752357
2021-08-09 07:00:00,2021-08-09 07:00:00,20.707802,19.075024,20.707802,22.261734
2021-08-09 07:00:00,2021-08-09 07:15:00,20.663612,19.14544,20.663612,22.34774
2021-08-09 07:00:00,2021-08-09 07:30:00,20.887066,19.21513,20.887066,22.72791
2021-08-09 07:00:00,2021-08-09 07:45:00,21.20121,19.687584,21.20121,23.590576
2021-08-09 08:00:00,2021-08-09 08:00:00,156.17,141.7351,156.17,172.04529
2021-08-09 08:00:00,2021-08-09 08:15:00,185.05888,168.49681,185.05888,201.17044
2021-08-09 08:00:00,2021-08-09 08:30:00,181.02716,163.40666,181.02716,195.9227
2021-08-09 08:00:00,2021-08-09 08:45:00,176.37009,159.95071,176.37009,193.27625
2021-08-09 09:00:00,2021-08-09 09:00:00,191.41151,177.12305,191.41151,206.57794
2021-08-09 09:00:00,2021-08-09 09:15:00,191.91418,177.3806,191.91418,206.5807
2021-08-09 09:00:00,2021-08-09 09:30:00,193.34857,177.45805,193.34857,207.98013
2021-08-09 09:00:00,2021-08-09 09:45:00,192.50308,177.21327,192.50308,209.7884
2021-08-09 10:00:00,2021-08-09 10:00:00,158.28253,143.90082,158.28253,173.71387
2021-08-09 10:00:00,2021-08-09 10:15:00,195.95052,182.01018,195.95052,210.02078
2021-08-09 10:00:00,2021-08-09 10:30:00,195.30672,179.54831,195.30672,208.4956
2021-08-09 10:00:00,2021-08-09 10:45:00,196.04497,181.4914,196.04497,210.39697
2021-08-09 11:00:00,2021-08-09 11:00:00,178.55042,165.44452,178.55042,192.87329
2021-08-09 11:00:00,2021-08-09 11:15:00,184.69698,170.6218,184.69698,200.43604
2021-08-09 11:00:00,2021-08-09 11:30:00,186.45322,169.95203,186.45322,201.93372
2021-08-09 11:00:00,2021-08-09 11:45:00,185.04797,167.91623,185.04797,202.20941
2021-08-09 12:00:00,2021-08-09 12:00:00,124.92171,112.4241,124.92171,137.83768
2021-08-09 12:00:00,2021-08-09 12:15:00,100.82265,87.13402,100.82265,114.202225
2021-08-09 12:00:00,2021-08-09 12:30:00,95.56013,81.371574,95.56013,109.57957
2021-08-09 12:00:00,2021-08-09 12:45:00,97.98921,83.2229,97.98921,113.51028
2021-08-09 13:00:00,2021-08-09 13:00:00,166.8806,154.87555,166.8806,179.35858
2021-08-09 13:00:00,2021-08-09 13:15:00,186.51668,174.26901,186.51668,198.94388
2021-08-09 13:00:00,2021-08-09 13:30:00,188.23296,174.28719,188.23296,200.50446
2021-08-09 13:00:00,2021-08-09 13:45:00,186.0581,173.1177,186.0581,200.08978
2021-08-09 14:00:00,2021-08-09 14:00:00,193.31522,183.16476,193.31522,203.73132
2021-08-09 14:00:00,2021-08-09 14:15:00,194.0556,182.89697,194.0556,204.8194
2021-08-09 14:00:00,2021-08-09 14:30:00,195.51181,183.41266,195.51181,205.92969
2021-08-09 14:00:00,2021-08-09 14:45:00,190.55869,177.82774,190.55869,202.82838
2021-08-09 15:00:00,2021-08-09 15:00:00,141.43478,130.16833,141.43478,154.48077
2021-08-09 15:00:00,2021-08-09 15:15:00,142.46457,129.31657,142.46457,156.11472
2021-08-09 15:00:00,2021-08-09 15:30:00,184.7662,169.93686,184.7662,197.2343
2021-08-09 15:00:00,2021-08-09 15:45:00,184.46214,171.01888,184.46214,197.18845
2021-08-09 16:00:00,2021-08-09 16:00:00,180.83524,169.51102,180.83524,192.80127
2021-08-09 16:00:00,2021-08-09 16:15:00,175.90279,163.34274,175.90279,188.14621
2021-08-09 16:00:00,2021-08-09 16:30:00,175.23946,161.02908,175.23946,187.74689
2021-08-09 16:00:00,2021-08-09 16:45:00,171.56827,156.3483,171.56827,186.39001
2021-08-09 17:00:00,2021-08-09 17:00:00,128.26375,115.62033,128.26375,141.195
2021-08-09 17:00:00,2021-08-09 17:15:00,115.203384,100.13144,115.203384,131.39053
2021-08-09 17:00:00,2021-08-09 17:30:00,158.76895,144.41382,158.76895,170.45319
2021-08-09 17:00:00,2021-08-09 17:45:00,174.59845,162.23807,174.59845,186.1466
2021-08-09 18:00:00,2021-08-09 18:00:00,138.2476,106.61325,138.2476,166.28117
2021-08-09 18:00:00,2021-08-09 18:15:00,144.22539,109.973694,144.22539,174.32864
2021-08-09 18:00:00,2021-08-09 18:30:00,145.60045,108.80151,145.60045,175.86372
2021-08-09 18:00:00,2021-08-09 18:45:00,151.64044,114.74478,151.64044,180.3995
2021-08-09 19:00:00,2021-08-09 19:00:00,98.46136,80.597145,98.46136,119.796814
2021-08-09 19:00:00,2021-08-09 19:15:00,99.995,74.85976,99.995,128.6871
2021-08-09 19:00:00,2021-08-09 19:30:00,99.092926,69.27044,99.092926,134.01651
2021-08-09 19:00:00,2021-08-09 19:45:00,95.41414,63.694527,95.41414,131.74664
2021-08-09 20:00:00,2021-08-09 20:00:00,88.94956,80.830826,88.94956,99.01886
2021-08-09 20:00:00,2021-08-09 20:15:00,88.95957,77.84685,88.95957,102.03409
2021-08-09 20:00:00,2021-08-09 20:30:00,89.267586,73.783264,89.267586,105.82735
2021-08-09 20:00:00,2021-08-09 20:45:00,88.65194,69.128815,88.65194,109.460594
2021-08-09 21:00:00,2021-08-09 21:00:00,112.48651,103.10506,112.48651,121.07108
2021-08-09 21:00:00,2021-08-09 21:15:00,112.264824,99.24884,112.264824,123.856155
2021-08-09 21:00:00,2021-08-09 21:30:00,112.30124,95.84667,112.30124,126.00538
2021-08-09 21:00:00,2021-08-09 21:45:00,110.65976,90.04101,110.65976,126.27961
2021-08-09 22:00:00,2021-08-09 22:00:00,105.30014,94.96787,105.30014,113.80447
2021-08-09 22:00:00,2021-08-09 22:15:00,108.07429,94.56154,108.07429,119.03633
2021-08-09 22:00:00,2021-08-09 22:30:00,107.71057,92.46977,107.71057,120.79058
2021-08-09 22:00:00,2021-08-09 22:45:00,106.90546,88.44388,106.90546,121.2549
2021-08-09 23:00:00,2021-08-09 23:00:00,111.32878,102.62684,111.32878,118.24897
2021-08-09 23:00:00,2021-08-09 23:15:00,111.28524,99.522736,111.28524,121.12903
2021-08-09 23:00:00,2021-08-09 23:30:00,107.42352,92.70771,107.42352,119.69562
2021-08-09 23:00:00,2021-08-09 23:45:00,96.620544,77.38403,96.620544,111.956894
2021-08-10 00:00:00,2021-08-10 00:00:00,71.449425,60.690952,71.449425,78.96943
2021-08-10 00:00:00,2021-08-10 00:15:00,69.1639,57.0504,69.1639,78.91671
2021-08-10 00:00:00,2021-08-10 00:30:00,67.482994,53.639984,67.482994,78.629326
2021-08-10 00:00:00,2021-08-10 00:45:00,68.406105,53.475693,68.406105,80.88759
2021-08-10 01:00:00,2021-08-10 01:00:00,86.78981,76.80923,86.78981,96.684654
2021-08-10 01:00:00,2021-08-10 01:15:00,99.444305,87.7755,99.444305,110.50307
2021-08-10 01:00:00,2021-08-10 01:30:00,103.42183,90.70874,103.42183,115.03909
2021-08-10 01:00:00,2021-08-10 01:45:00,103.08891,88.3649,103.08891,115.20282
2021-08-10 02:00:00,2021-08-10 02:00:00,94.59207,86.843155,94.59207,102.854256
2021-08-10 02:00:00,2021-08-10 02:15:00,98.00746,88.311714,98.00746,107.592606
2021-08-10 02:00:00,2021-08-10 02:30:00,98.432106,88.093506,98.432106,108.09348
2021-08-10 02:00:00,2021-08-10 02:45:00,98.804115,86.75914,98.804115,108.81006
2021-08-10 03:00:00,2021-08-10 03:00:00,88.63419,80.704,88.63419,96.1791
2021-08-10 03:00:00,2021-08-10 03:15:00,100.1601,92.20992,100.1601,107.93182
2021-08-10 03:00:00,2021-08-10 03:30:00,102.29849,93.46854,102.29849,110.433044
2021-08-10 03:00:00,2021-08-10 03:45:00,102.29387,92.952385,102.29387,110.73689
2021-08-10 04:00:00,2021-08-10 04:00:00,100.04552,94.12575,100.04552,105.62429
2021-08-10 04:00:00,2021-08-10 04:15:00,101.091995,94.258446,101.091995,107.46331
2021-08-10 04:00:00,2021-08-10 04:30:00,98.00502,89.75614,98.00502,105.89326
2021-08-10 04:00:00,2021-08-10 04:45:00,94.812645,85.20361,94.812645,102.97907
2021-08-10 05:00:00,2021-08-10 05:00:00,89.51096,80.84476,89.51096,96.24075
2021-08-10 05:00:00,2021-08-10 05:15:00,86.73549,78.50254,86.73549,93.88434
2021-08-10 05:00:00,2021-08-10 05:30:00,96.72251,87.04919,96.72251,104.70201
2021-08-10 05:00:00,2021-08-10 05:45:00,103.32239,92.32069,103.32239,112.2293
2021-08-10 06:00:00,2021-08-10 06:00:00,105.089935,98.66346,105.089935,112.058655
2021-08-10 06:00:00,2021-08-10 06:15:00,105.04433,96.75405,105.04433,112.278175
2021-08-10 06:00:00,2021-08-10 06:30:00,104.32386,95.764046,104.32386,112.17882
2021-08-10 06:00:00,2021-08-10 06:45:00,103.6562,94.30807,103.6562,112.36058
2021-08-10 07:00:00,2021-08-10 07:00:00,109.89173,101.19696,109.89173,118.52021
2021-08-10 07:00:00,2021-08-10 07:15:00,119.08536,108.372635,119.08536,128.0165
2021-08-10 07:00:00,2021-08-10 07:30:00,142.01422,128.93999,142.01422,153.18222
2021-08-10 07:00:00,2021-08-10 07:45:00,147.52725,130.83197,147.52725,162.40092
2021-08-10 08:00:00,2021-08-10 08:00:00,154.36984,141.20357,154.36984,167.59085
2021-08-10 08:00:00,2021-08-10 08:15:00,178.8992,162.26562,178.8992,191.84724
2021-08-10 08:00:00,2021-08-10 08:30:00,181.07376,161.66864,181.07376,194.97235
2021-08-10 08:00:00,2021-08-10 08:45:00,180.38017,159.90799,180.38017,195.43802
2021-08-10 09:00:00,2021-08-10 09:00:00,185.44177,174.28796,185.44177,195.04182
2021-08-10 09:00:00,2021-08-10 09:15:00,187.78362,176.69757,187.78362,197.53265
2021-08-10 09:00:00,2021-08-10 09:30:00,188.82698,176.03008,188.82698,199.29321
2021-08-10 09:00:00,2021-08-10 09:45:00,189.26889,176.57672,189.26889,201.56674
2021-08-10 10:00:00,2021-08-10 10:00:00,160.52777,148.16928,160.52777,172.55502
2021-08-10 10:00:00,2021-08-10 10:15:00,188.06146,176.35564,188.06146,199.08609
2021-08-10 10:00:00,2021-08-10 10:30:00,185.60983,171.73633,185.60983,196.46948
2021-08-10 10:00:00,2021-08-10 10:45:00,183.57529,169.54814,183.57529,196.26947
2021-08-10 11:00:00,2021-08-10 11:00:00,187.7569,177.92332,187.7569,198.4627
2021-08-10 11:00:00,2021-08-10 11:15:00,191.28854,179.62329,191.28854,202.95094
2021-08-10 11:00:00,2021-08-10 11:30:00,190.8132,176.41779,190.8132,202.71797
2021-08-10 11:00:00,2021-08-10 11:45:00,190.15402,174.90543,190.15402,203.53958
2021-08-10 12:00:00,2021-08-10 12:00:00,127.90817,116.79619,127.90817,138.77975
2021-08-10 12:00:00,2021-08-10 12:15:00,108.70402,96.159615,108.70402,119.94222
2021-08-10 12:00:00,2021-08-10 12:30:00,107.177086,94.00543,107.177086,119.441895
2021-08-10 12:00:00,2021-08-10 12:45:00,107.88747,93.132416,107.88747,121.01336
2021-08-10 13:00:00,2021-08-10 13:00:00,157.24301,145.84326,157.24301,169.51208
2021-08-10 13:00:00,2021-08-10 13:15:00,177.19312,164.21835,177.19312,188.86551
2021-08-10 13:00:00,2021-08-10 13:30:00,179.7302,164.68965,179.7302,191.80853
2021-08-10 13:00:00,2021-08-10 13:45:00,178.33429,164.22382,178.33429,191.85878
2021-08-10 14:00:00,2021-08-10 14:00:00,182.3034,173.00691,182.3034,190.73454
2021-08-10 14:00:00,2021-08-10 14:15:00,185.39012,174.79669,185.39012,194.6092
2021-08-10 14:00:00,2021-08-10 14:30:00,188.05527,175.84708,188.05527,197.4605
2021-08-10 14:00:00,2021-08-10 14:45:00,182.98746,170.3092,182.98746,193.65771
2021-08-10 15:00:00,2021-08-10 15:00:00,129.68933,117.475845,129.68933,142.48401
2021-08-10 15:00:00,2021-08-10 15:15:00,135.25961,119.03378,135.25961,149.34166
2021-08-10 15:00:00,2021-08-10 15:30:00,172.11594,152.84872,172.11594,187.57028
2021-08-10 15:00:00,2021-08-10 15:45:00,169.39815,148.10847,169.39815,185.3736
2021-08-10 16:00:00,2021-08-10 16:00:00,173.37442,162.9032,173.37442,183.92592
2021-08-10 16:00:00,2021-08-10 16:15:00,169.71606,156.53212,169.71606,181.8421
2021-08-10 16:00:00,2021-08-10 16:30:00,167.09193,150.88538,167.09193,180.48877
2021-08-10 16:00:00,2021-08-10 16:45:00,162.96638,144.20694,162.96638,178.53119
2021-08-10 17:00:00,2021-08-10 17:00:00,122.02796,106.809616,122.02796,136.99147
2021-08-10 17:00:00,2021-08-10 17:15:00,105.5294,86.67333,105.5294,123.66704
2021-08-10 17:00:00,2021-08-10 17:30:00,144.35126,123.33894,144.35126,160.01967
2021-08-10 17:00:00,2021-08-10 17:45:00,154.20813,132.75142,154.20813,170.14828
2021-08-10 18:00:00,2021-08-10 18:00:00,159.1395,148.01926,159.1395,170.3312
2021-08-10 18:00:00,2021-08-10 18:15:00,156.20993,142.51842,156.20993,169.45422
2021-08-10 18:00:00,2021-08-10 18:30:00,154.50034,138.41077,154.50034,168.58429
2021-08-10 18:00:00,2021-08-10 18:45:00,157.47758,141.28665,157.47758,172.04073
2021-08-10 19:00:00,2021-08-10 19:00:00,162.8807,151.77673,162.8807,173.01779
2021-08-10 19:00:00,2021-08-10 19:15:00,148.2319,135.14264,148.2319,161.06584
2021-08-10 19:00:00,2021-08-10 19:30:00,150.36722,135.3135,150.36722,163.98047
2021-08-10 19:00:00,2021-08-10 19:45:00,126.27161,108.85857,126.27161,141.60542
2021-08-10 20:00:00,2021-08-10 20:00:00,121.61545,109.82367,121.61545,132.12009
2021-08-10 20:00:00,2021-08-10 20:15:00,125.2,112.9162,125.2,136.22083
2021-08-10 20:00:00,2021-08-10 20:30:00,119.06229,106.71229,119.06229,131.31416
2021-08-10 20:00:00,2021-08-10 20:45:00,119.46245,107.020226,119.46245,130.88449
2021-08-10 21:00:00,2021-08-10 21:00:00,125.62016,116.42672,125.62016,133.88908
2021-08-10 21:00:00,2021-08-10 21:15:00,123.74625,113.20288,123.74625,132.76039
2021-08-10 21:00:00,2021-08-10 21:30:00,124.60539,113.59509,124.60539,134.31137
2021-08-10 21:00:00,2021-08-10 21:45:00,122.85345,110.967415,122.85345,133.5742
2021-08-10 22:00:00,2021-08-10 22:00:00,105.500534,97.10688,105.500534,114.25258
2021-08-10 22:00:00,2021-08-10 22:15:00,115.63718,106.52037,115.63718,124.14369
2021-08-10 22:00:00,2021-08-10 22:30:00,114.95729,105.31719,114.95729,124.0797
2021-08-10 22:00:00,2021-08-10 22:45:00,114.97492,105.3876,114.97492,124.22955
2021-08-10 23:00:00,2021-08-10 23:00:00,106.371864,98.54313,106.371864,113.69257
2021-08-10 23:00:00,2021-08-10 23:15:00,105.90544,96.96272,105.90544,114.597206
2021-08-10 23:00:00,2021-08-10 23:30:00,103.24635,93.5314,103.24635,112.54379
2021-08-10 23:00:00,2021-08-10 23:45:00,86.10372,74.04388,86.10372,96.98774
2021-08-11 00:00:00,2021-08-11 00:00:00,78.04269,68.63166,78.04269,85.888435
2021-08-11 00:00:00,2021-08-11 00:15:00,74.97678,65.44333,74.97678,83.65266
2021-08-11 00:00:00,2021-08-11 00:30:00,71.120705,61.318275,71.120705,80.303375
2021-08-11 00:00:00,2021-08-11 00:45:00,69.107185,57.909584,69.107185,78.70641
2021-08-11 01:00:00,2021-08-11 01:00:00,90.12307,80.12817,90.12307,100.17844
2021-08-11 01:00:00,2021-08-11 01:15:00,102.17832,92.31333,102.17832,112.53187
2021-08-11 01:00:00,2021-08-11 01:30:00,104.6989,94.187195,104.6989,114.679184
2021-08-11 01:00:00,2021-08-11 01:45:00,101.891525,90.69616,101.891525,112.43525
2021-08-11 02:00:00,2021-08-11 02:00:00,93.83464,86.401215,93.83464,101.65398
2021-08-11 02:00:00,2021-08-11 02:15:00,98.545044,90.49654,98.545044,106.798485
2021-08-11 02:00:00,2021-08-11 02:30:00,98.227974,89.55718,98.227974,106.20955
2021-08-11 02:00:00,2021-08-11 02:45:00,98.93532,89.68875,98.93532,107.577415
2021-08-11 03:00:00,2021-08-11 03:00:00,93.92249,85.54028,93.92249,102.12276
2021-08-11 03:00:00,2021-08-11 03:15:00,107.3499,98.95609,107.3499,115.11708
2021-08-11 03:00:00,2021-08-11 03:30:00,109.453705,100.90139,109.453705,117.22255
2021-08-11 03:00:00,2021-08-11 03:45:00,107.07263,99.17534,107.07263,114.917435
2021-08-11 04:00:00,2021-08-11 04:00:00,103.28374,95.58234,103.28374,111.15406
2021-08-11 04:00:00,2021-08-11 04:15:00,104.07051,96.01155,104.07051,112.044014
2021-08-11 04:00:00,2021-08-11 04:30:00,102.33941,93.27129,102.33941,110.74901
2021-08-11 04:00:00,2021-08-11 04:45:00,99.49209,89.494064,99.49209,108.86124
2021-08-11 05:00:00,2021-08-11 05:00:00,92.48269,82.00308,92.48269,102.19562
2021-08-11 05:00:00,2021-08-11 05:15:00,83.95923,73.653984,83.95923,94.029526
2021-08-11 05:00:00,2021-08-11 05:30:00,98.67132,88.66696,98.67132,108.90359
2021-08-11 05:00:00,2021-08-11 05:45:00,109.23059,99.068695,109.23059,120.15138
2021-08-11 06:00:00,2021-08-11 06:00:00,107.77014,100.11265,107.77014,115.96489
2021-08-11 06:00:00,2021-08-11 06:15:00,108.11634,99.922295,108.11634,116.65228
2021-08-11 06:00:00,2021-08-11 06:30:00,107.24238,98.702,107.24238,116.05769
2021-08-11 06:00:00,2021-08-11 06:45:00,108.474304,99.181564,108.474304,117.77538
2021-08-11 07:00:00,2021-08-11 07:00:00,123.96077,114.29201,123.96077,134.0535
2021-08-11 07:00:00,2021-08-11 07:15:00,131.53345,120.9888,131.53345,141.99817
2021-08-11 07:00:00,2021-08-11 07:30:00,151.69592,139.7208,151.69592,162.50343
2021-08-11 07:00:00,2021-08-11 07:45:00,154.60129,142.49437,154.60129,167.16647
2021-08-11 08:00:00,2021-08-11 08:00:00,173.57745,163.28024,173.57745,184.21747
2021-08-11 08:00:00,2021-08-11 08:15:00,198.57187,188.24191,198.57187,208.85495
2021-08-11 08:00:00,2021-08-11 08:30:00,198.55054,187.4029,198.55054,207.44247
2021-08-11 08:00:00,2021-08-11 08:45:00,195.63643,185.92767,195.63643,205.44109
2021-08-11 09:00:00,2021-08-11 09:00:00,195.50494,184.40509,195.50494,207.23672
2021-08-11 09:00:00,2021-08-11 09:15:00,196.61249,185.77734,196.61249,207.23972
2021-08-11 09:00:00,2021-08-11 09:30:00,199.45953,187.672,199.45953,209.7977
2021-08-11 09:00:00,2021-08-11 09:45:00,197.81543,186.23999,197.81543,209.40186
2021-08-11 10:00:00,2021-08-11 10:00:00,157.248,144.04706,157.248,171.41766
2021-08-11 10:00:00,2021-08-11 10:15:00,189.86913,177.24545,189.86913,202.08348
2021-08-11 10:00:00,2021-08-11 10:30:00,191.84222,177.68323,191.84222,203.24805
2021-08-11 10:00:00,2021-08-11 10:45:00,189.2574,176.0436,189.2574,201.62521
2021-08-11 11:00:00,2021-08-11 11:00:00,185.42203,175.67587,185.42203,196.19063
2021-08-11 11:00:00,2021-08-11 11:15:00,189.79462,178.71515,189.79462,201.52867
2021-08-11 11:00:00,2021-08-11 11:30:00,190.2069,177.2815,190.2069,201.76245
2021-08-11 11:00:00,2021-08-11 11:45:00,190.3627,176.5776,190.3627,203.49443
2021-08-11 12:00:00,2021-08-11 12:00:00,127.100586,115.71188,127.100586,138.30148
2021-08-11 12:00:00,2021-08-11 12:15:00,106.74718,95.09732,106.74718,117.754486
2021-08-11 12:00:00,2021-08-11 12:30:00,106.84406,95.896545,106.84406,118.55963
2021-08-11 12:00:00,2021-08-11 12:45:00,108.61328,95.575745,108.61328,120.831825
2021-08-11 13:00:00,2021-08-11 13:00:00,157.37881,146.41054,157.37881,169.58363
2021-08-11 13:00:00,2021-08-11 13:15:00,183.17294,170.66287,183.17294,194.94977
2021-08-11 13:00:00,2021-08-11 13:30:00,183.2359,168.95938,183.2359,194.61829
2021-08-11 13:00:00,2021-08-11 13:45:00,180.29042,167.16351,180.29042,192.62314
2021-08-11 14:00:00,2021-08-11 14:00:00,188.12138,177.05121,188.12138,198.74329
2021-08-11 14:00:00,2021-08-11 14:15:00,186.52322,174.71776,186.52322,197.93176
2021-08-11 14:00:00,2021-08-11 14:30:00,187.64996,174.59552,187.64996,198.68347
2021-08-11 14:00:00,2021-08-11 14:45:00,184.17892,170.78156,184.17892,196.24268
2021-08-11 15:00:00,2021-08-11 15:00:00,141.21175,129.17029,141.21175,155.13904
2021-08-11 15:00:00,2021-08-11 15:15:00,142.87402,129.05258,142.87402,156.45377
2021-08-11 15:00:00,2021-08-11 15:30:00,181.1995,165.57803,181.1995,194.3857
2021-08-11 15:00:00,2021-08-11 15:45:00,179.33362,164.37073,179.33362,192.50623
2021-08-11 16:00:00,2021-08-11 16:00:00,165.90616,154.04816,165.90616,177.75165
2021-08-11 16:00:00,2021-08-11 16:15:00,164.46567,151.01567,164.46567,177.51846
2021-08-11 16:00:00,2021-08-11 16:30:00,162.29437,146.39352,162.29437,176.2688
2021-08-11 16:00:00,2021-08-11 16:45:00,159.36087,141.10754,159.36087,175.6877
2021-08-11 17:00:00,2021-08-11 17:00:00,133.18668,116.59726,133.18668,149.1059
2021-08-11 17:00:00,2021-08-11 17:15:00,110.99873,93.7357,110.99873,129.25146
2021-08-11 17:00:00,2021-08-11 17:30:00,152.32043,134.98212,152.32043,167.2866
2021-08-11 17:00:00,2021-08-11 17:45:00,166.70724,150.53337,166.70724,180.72736
2021-08-11 18:00:00,2021-08-11 18:00:00,171.85912,160.8854,171.85912,182.61816
2021-08-11 18:00:00,2021-08-11 18:15:00,168.725,156.2595,168.725,180.9972
2021-08-11 18:00:00,2021-08-11 18:30:00,168.93845,154.51184,168.93845,181.49023
2021-08-11 18:00:00,2021-08-11 18:45:00,169.84483,155.90402,169.84483,182.90633
2021-08-11 19:00:00,2021-08-11 19:00:00,165.83923,154.10605,165.83923,176.79291
2021-08-11 19:00:00,2021-08-11 19:15:00,152.69409,139.64941,152.69409,166.29807
2021-08-11 19:00:00,2021-08-11 19:30:00,154.29999,139.41911,154.29999,168.31793
2021-08-11 19:00:00,2021-08-11 19:45:00,129.2939,112.44202,129.2939,145.32343
2021-08-11 20:00:00,2021-08-11 20:00:00,115.04139,102.49188,115.04139,127.00454
2021-08-11 20:00:00,2021-08-11 20:15:00,120.62488,107.5571,120.62488,132.90465
2021-08-11 20:00:00,2021-08-11 20:30:00,115.316635,102.01352,115.316635,129.25125
2021-08-11 20:00:00,2021-08-11 20:45:00,117.87019,104.153435,117.87019,131.05408
2021-08-11 21:00:00,2021-08-11 21:00:00,116.80859,106.91548,116.80859,125.65471
2021-08-11 21:00:00,2021-08-11 21:15:00,116.45504,106.06264,116.45504,126.148026
2021-08-11 21:00:00,2021-08-11 21:30:00,117.489044,106.22407,117.489044,127.90484
2021-08-11 21:00:00,2021-08-11 21:45:00,115.493195,104.04515,115.493195,126.48558
2021-08-11 22:00:00,2021-08-11 22:00:00,99.15374,90.10877,99.15374,108.670395
2021-08-11 22:00:00,2021-08-11 22:15:00,110.36346,100.81344,110.36346,119.449066
2021-08-11 22:00:00,2021-08-11 22:30:00,107.36899,97.130775,107.36899,117.29384
2021-08-11 22:00:00,2021-08-11 22:45:00,108.27943,98.06842,108.27943,118.37476
2021-08-11 23:00:00,2021-08-11 23:00:00,103.76329,95.624344,103.76329,112.09944
2021-08-11 23:00:00,2021-08-11 23:15:00,103.894516,94.30283,103.894516,113.42192
2021-08-11 23:00:00,2021-08-11 23:30:00,103.14374,92.446495,103.14374,113.715355
2021-08-11 23:00:00,2021-08-11 23:45:00,84.545815,71.37801,84.545815,97.002
2021-08-12 00:00:00,2021-08-12 00:00:00,78.200806,68.444626,78.200806,87.22436
2021-08-12 00:00:00,2021-08-12 00:15:00,76.521706,65.68889,76.521706,86.29894
2021-08-12 00:00:00,2021-08-12 00:30:00,71.60303,60.79674,71.60303,82.041245
2021-08-12 00:00:00,2021-08-12 00:45:00,69.2114,57.265335,69.2114,79.96465
2021-08-12 01:00:00,2021-08-12 01:00:00,96.699554,86.55164,96.699554,106.5566
2021-08-12 01:00:00,2021-08-12 01:15:00,107.83231,97.59328,107.83231,117.48379
2021-08-12 01:00:00,2021-08-12 01:30:00,104.85851,94.41147,104.85851,114.930466
2021-08-12 01:00:00,2021-08-12 01:45:00,100.52641,89.49087,100.52641,111.46242
2021-08-12 02:00:00,2021-08-12 02:00:00,108.7338,100.3643,108.7338,116.52347
2021-08-12 02:00:00,2021-08-12 02:15:00,108.6333,99.6972,108.6333,117.00304
2021-08-12 02:00:00,2021-08-12 02:30:00,107.86756,98.80335,107.86756,115.99017
2021-08-12 02:00:00,2021-08-12 02:45:00,108.5231,99.41591,108.5231,117.04695
2021-08-12 03:00:00,2021-08-12 03:00:00,91.76664,83.49575,91.76664,100.470474
2021-08-12 03:00:00,2021-08-12 03:15:00,108.46773,100.03952,108.46773,116.61782
2021-08-12 03:00:00,2021-08-12 03:30:00,110.88441,102.23031,110.88441,119.01832
2021-08-12 03:00:00,2021-08-12 03:45:00,108.30164,100.12028,108.30164,116.53104
2021-08-12 04:00:00,2021-08-12 04:00:00,104.92906,96.98131,104.92906,113.10304
2021-08-12 04:00:00,2021-08-12 04:15:00,105.91942,97.486855,105.91942,114.125595
2021-08-12 04:00:00,2021-08-12 04:30:00,106.08823,96.843636,106.08823,114.35343
2021-08-12 04:00:00,2021-08-12 04:45:00,103.13839,93.25086,103.13839,113.39308
2021-08-12 05:00:00,2021-08-12 05:00:00,87.89465,77.992165,87.89465,96.806564
2021-08-12 05:00:00,2021-08-12 05:15:00,81.15769,71.221466,81.15769,90.910255
2021-08-12 05:00:00,2021-08-12 05:30:00,98.02688,88.09393,98.02688,108.38738
2021-08-12 05:00:00,2021-08-12 05:45:00,107.05211,97.04529,107.05211,117.944084
2021-08-12 06:00:00,2021-08-12 06:00:00,108.38987,100.93263,108.38987,116.464005
2021-08-12 06:00:00,2021-08-12 06:15:00,109.02513,100.958755,109.02513,118.00841
2021-08-12 06:00:00,2021-08-12 06:30:00,108.141785,99.28767,108.141785,117.61783
2021-08-12 06:00:00,2021-08-12 06:45:00,110.56586,100.83751,110.56586,120.54701
2021-08-12 07:00:00,2021-08-12 07:00:00,116.7128,108.08215,116.7128,125.85985
2021-08-12 07:00:00,2021-08-12 07:15:00,124.79956,115.86237,124.79956,134.58788
2021-08-12 07:00:00,2021-08-12 07:30:00,145.76572,134.95627,145.76572,155.25546
2021-08-12 07:00:00,2021-08-12 07:45:00,150.90134,140.46164,150.90134,162.5862
2021-08-12 08:00:00,2021-08-12 08:00:00,171.29105,160.59369,171.29105,183.51175
2021-08-12 08:00:00,2021-08-12 08:15:00,201.01965,189.87521,201.01965,212.35713
2021-08-12 08:00:00,2021-08-12 08:30:00,203.9275,191.87619,203.9275,213.56238
2021-08-12 08:00:00,2021-08-12 08:45:00,201.47386,191.08704,201.47386,211.65259
2021-08-12 09:00:00,2021-08-12 09:00:00,185.17114,174.47688,185.17114,195.45872
2021-08-12 09:00:00,2021-08-12 09:15:00,184.85397,174.00534,184.85397,194.46512
2021-08-12 09:00:00,2021-08-12 09:30:00,188.56754,177.4992,188.56754,198.17398
2021-08-12 09:00:00,2021-08-12 09:45:00,189.59271,179.18869,189.59271,200.42213
2021-08-12 10:00:00,2021-08-12 10:00:00,150.23961,137.84245,150.23961,163.80228
2021-08-12 10:00:00,2021-08-12 10:15:00,182.60147,170.254,182.60147,193.99438
2021-08-12 10:00:00,2021-08-12 10:30:00,185.76276,172.20963,185.76276,196.7463
2021-08-12 10:00:00,2021-08-12 10:45:00,184.0665,171.49072,184.0665,195.83328
2021-08-12 11:00:00,2021-08-12 11:00:00,188.32182,179.15933,188.32182,198.491
2021-08-12 11:00:00,2021-08-12 11:15:00,190.77132,180.6111,190.77132,201.15941
2021-08-12 11:00:00,2021-08-12 11:30:00,191.32716,180.0275,191.32716,201.23581
2021-08-12 11:00:00,2021-08-12 11:45:00,189.71104,177.74776,189.71104,201.0633
2021-08-12 12:00:00,2021-08-12 12:00:00,129.42197,117.804016,129.42197,141.25395
2021-08-12 12:00:00,2021-08-12 12:15:00,104.5983,93.43623,104.5983,115.48974
2021-08-12 12:00:00,2021-08-12 12:30:00,105.8275,95.43356,105.8275,117.28433
2021-08-12 12:00:00,2021-08-12 12:45:00,108.120056,95.98205,108.120056,119.93053
2021-08-12 13:00:00,2021-08-12 13:00:00,158.84209,147.86194,158.84209,171.44885
2021-08-12 13:00:00,2021-08-12 13:15:00,185.786,173.22278,185.786,197.82397
2021-08-12 13:00:00,2021-08-12 13:30:00,186.81339,172.3449,186.81339,198.44672
2021-08-12 13:00:00,2021-08-12 13:45:00,185.49564,172.40842,185.49564,197.91058
2021-08-12 14:00:00,2021-08-12 14:00:00,178.22598,166.54634,178.22598,189.34093
2021-08-12 14:00:00,2021-08-12 14:15:00,178.43326,166.66934,178.43326,189.71408
2021-08-12 14:00:00,2021-08-12 14:30:00,180.61801,167.51833,180.61801,191.84494
2021-08-12 14:00:00,2021-08-12 14:45:00,177.9002,164.94951,177.9002,190.04816
2021-08-12 15:00:00,2021-08-12 15:00:00,137.84547,126.08629,137.84547,151.19559
2021-08-12 15:00:00,2021-08-12 15:15:00,139.71472,126.817955,139.71472,152.54243
2021-08-12 15:00:00,2021-08-12 15:30:00,180.14595,164.77489,180.14595,192.89313
2021-08-12 15:00:00,2021-08-12 15:45:00,177.16806,162.66605,177.16806,190.30249
2021-08-12 16:00:00,2021-08-12 16:00:00,189.12256,175.21793,189.12256,201.9748
2021-08-12 16:00:00,2021-08-12 16:15:00,181.39426,167.18774,181.39426,195.8749
2021-08-12 16:00:00,2021-08-12 16:30:00,177.06792,160.67862,177.06792,191.2928
2021-08-12 16:00:00,2021-08-12 16:45:00,169.51291,151.78607,169.51291,185.7576
2021-08-12 17:00:00,2021-08-12 17:00:00,117.91739,102.35118,117.91739,134.56079
2021-08-12 17:00:00,2021-08-12 17:15:00,104.29629,86.34167,104.29629,121.74156
2021-08-12 17:00:00,2021-08-12 17:30:00,149.19333,131.05798,149.19333,164.05675
2021-08-12 17:00:00,2021-08-12 17:45:00,163.71722,145.99326,163.71722,178.0658
2021-08-12 18:00:00,2021-08-12 18:00:00,165.12341,155.31421,165.12341,174.9621
2021-08-12 18:00:00,2021-08-12 18:15:00,162.45566,150.64767,162.45566,174.12415
2021-08-12 18:00:00,2021-08-12 18:30:00,163.85867,150.65479,163.85867,175.5864
2021-08-12 18:00:00,2021-08-12 18:45:00,165.00946,152.43188,165.00946,177.18419
2021-08-12 19:00:00,2021-08-12 19:00:00,159.96979,149.22424,159.96979,169.9285
2021-08-12 19:00:00,2021-08-12 19:15:00,149.13931,137.51797,149.13931,161.45102
2021-08-12 19:00:00,2021-08-12 19:30:00,148.30794,135.11855,148.30794,160.65106
2021-08-12 19:00:00,2021-08-12 19:45:00,124.34975,110.02547,124.34975,138.215
2021-08-12 20:00:00,2021-08-12 20:00:00,113.95735,102.48354,113.95735,125.49309
2021-08-12 20:00:00,2021-08-12 20:15:00,118.99974,107.04918,118.99974,130.24109
2021-08-12 20:00:00,2021-08-12 20:30:00,117.30646,105.399284,117.30646,129.18004
2021-08-12 20:00:00,2021-08-12 20:45:00,115.7466,103.612976,115.7466,127.37955
2021-08-12 21:00:00,2021-08-12 21:00:00,117.90048,108.55802,117.90048,126.5973
2021-08-12 21:00:00,2021-08-12 21:15:00,116.23622,106.42187,116.23622,125.39578
2021-08-12 21:00:00,2021-08-12 21:30:00,116.67465,106.537094,116.67465,126.512054
2021-08-12 21:00:00,2021-08-12 21:45:00,115.892265,105.86787,115.892265,125.69296
2021-08-12 22:00:00,2021-08-12 22:00:00,99.47763,91.681915,99.47763,107.750916
2021-08-12 22:00:00,2021-08-12 22:15:00,110.60942,102.29255,110.60942,118.59753
2021-08-12 22:00:00,2021-08-12 22:30:00,109.43521,100.51505,109.43521,117.84686
2021-08-12 22:00:00,2021-08-12 22:45:00,107.72482,99.052345,107.72482,116.48881
2021-08-12 23:00:00,2021-08-12 23:00:00,112.41179,103.57695,112.41179,120.014206
2021-08-12 23:00:00,2021-08-12 23:15:00,111.43269,102.31458,111.43269,119.74022
2021-08-12 23:00:00,2021-08-12 23:30:00,108.6223,98.89373,108.6223,117.43609
2021-08-12 23:00:00,2021-08-12 23:45:00,88.72562,77.40322,88.72562,98.95032
2021-08-13 00:00:00,2021-08-13 00:00:00,80.19204,70.596344,80.19204,89.33145
2021-08-13 00:00:00,2021-08-13 00:15:00,79.14459,68.61352,79.14459,88.50086
2021-08-13 00:00:00,2021-08-13 00:30:00,74.28981,63.900276,74.28981,84.32579
2021-08-13 00:00:00,2021-08-13 00:45:00,72.293045,60.884274,72.293045,82.415146
2021-08-13 01:00:00,2021-08-13 01:00:00,92.77687,84.0181,92.77687,101.9726
2021-08-13 01:00:00,2021-08-13 01:15:00,105.01337,96.091484,105.01337,113.89691
2021-08-13 01:00:00,2021-08-13 01:30:00,106.42022,96.9641,106.42022,115.27713
2021-08-13 01:00:00,2021-08-13 01:45:00,105.08827,95.121826,105.08827,114.27284
2021-08-13 02:00:00,2021-08-13 02:00:00,103.67228,96.55031,103.67228,111.1705
2021-08-13 02:00:00,2021-08-13 02:15:00,105.133575,97.738945,105.133575,112.425064
2021-08-13 02:00:00,2021-08-13 02:30:00,106.08822,98.40271,106.08822,112.99524
2021-08-13 02:00:00,2021-08-13 02:45:00,105.86204,98.08434,105.86204,113.163605
2021-08-13 03:00:00,2021-08-13 03:00:00,95.298134,87.11667,95.298134,103.57112
2021-08-13 03:00:00,2021-08-13 03:15:00,110.63306,102.49146,110.63306,118.349144
2021-08-13 03:00:00,2021-08-13 03:30:00,111.62326,103.37587,111.62326,119.00926
2021-08-13 03:00:00,2021-08-13 03:45:00,110.26532,102.41544,110.26532,117.76678
2021-08-13 04:00:00,2021-08-13 04:00:00,110.26411,101.76349,110.26411,119.31525
2021-08-13 04:00:00,2021-08-13 04:15:00,110.95127,101.88339,110.95127,119.70276
2021-08-13 04:00:00,2021-08-13 04:30:00,108.505905,98.71386,108.505905,117.07701
2021-08-13 04:00:00,2021-08-13 04:45:00,104.17456,93.96598,104.17456,114.87111
2021-08-13 05:00:00,2021-08-13 05:00:00,91.70036,81.50243,91.70036,101.62779
2021-08-13 05:00:00,2021-08-13 05:15:00,85.652534,75.29421,85.652534,96.07293
2021-08-13 05:00:00,2021-08-13 05:30:00,102.268166,92.31635,102.268166,112.931885
2021-08-13 05:00:00,2021-08-13 05:45:00,110.25195,100.15705,110.25195,121.22958
2021-08-13 06:00:00,2021-08-13 06:00:00,111.05718,102.89355,111.05718,119.85695
2021-08-13 06:00:00,2021-08-13 06:15:00,112.023605,103.76129,112.023605,121.39215
2021-08-13 06:00:00,2021-08-13 06:30:00,109.90314,100.79965,109.90314,119.5925
2021-08-13 06:00:00,2021-08-13 06:45:00,113.0242,103.37117,113.0242,123.17146
2021-08-13 07:00:00,2021-08-13 07:00:00,111.263214,102.13169,111.263214,121.24296
2021-08-13 07:00:00,2021-08-13 07:15:00,119.4013,109.52223,119.4013,129.83455
2021-08-13 07:00:00,2021-08-13 07:30:00,143.56564,131.86282,143.56564,153.79959
2021-08-13 07:00:00,2021-08-13 07:45:00,150.43814,138.68562,150.43814,161.9785
2021-08-13 08:00:00,2021-08-13 08:00:00,175.8391,164.59407,175.8391,186.75548
2021-08-13 08:00:00,2021-08-13 08:15:00,197.45105,186.67274,197.45105,208.1008
2021-08-13 08:00:00,2021-08-13 08:30:00,200.94968,188.9769,200.94968,210.51785
2021-08-13 08:00:00,2021-08-13 08:45:00,199.0665,188.76767,199.0665,209.27817
2021-08-13 09:00:00,2021-08-13 09:00:00,182.43597,171.10516,182.43597,192.82243
2021-08-13 09:00:00,2021-08-13 09:15:00,181.8268,170.12646,181.8268,191.72015
2021-08-13 09:00:00,2021-08-13 09:30:00,186.66321,174.97385,186.66321,196.86578
2021-08-13 09:00:00,2021-08-13 09:45:00,186.27824,174.9642,186.27824,198.01172
2021-08-13 10:00:00,2021-08-13 10:00:00,156.52905,144.16512,156.52905,169.94781
2021-08-13 10:00:00,2021-08-13 10:15:00,187.5834,175.95493,187.5834,198.74747
2021-08-13 10:00:00,2021-08-13 10:30:00,191.52017,178.60648,191.52017,201.90887
2021-08-13 10:00:00,2021-08-13 10:45:00,190.71268,178.99579,190.71268,201.89243
2021-08-13 11:00:00,2021-08-13 11:00:00,191.74507,180.66545,191.74507,203.4825
2021-08-13 11:00:00,2021-08-13 11:15:00,193.43085,181.93227,193.43085,205.28986
2021-08-13 11:00:00,2021-08-13 11:30:00,194.78403,182.35292,194.78403,205.69955
2021-08-13 11:00:00,2021-08-13 11:45:00,193.96175,181.02997,193.96175,206.18231
2021-08-13 12:00:00,2021-08-13 12:00:00,129.80348,117.55703,129.80348,142.48016
2021-08-13 12:00:00,2021-08-13 12:15:00,105.09597,92.68264,105.09597,116.92805
2021-08-13 12:00:00,2021-08-13 12:30:00,107.96091,96.528824,107.96091,120.33569
2021-08-13 12:00:00,2021-08-13 12:45:00,112.0452,98.922585,112.0452,124.440414
2021-08-13 13:00:00,2021-08-13 13:00:00,153.98506,142.51816,153.98506,167.65236
2021-08-13 13:00:00,2021-08-13 13:15:00,176.79156,163.49557,176.79156,188.58212
2021-08-13 13:00:00,2021-08-13 13:30:00,188.28278,173.99808,188.28278,199.75989
2021-08-13 13:00:00,2021-08-13 13:45:00,186.43579,173.85284,186.43579,198.46002
2021-08-13 14:00:00,2021-08-13 14:00:00,178.54008,167.2224,178.54008,189.04477
2021-08-13 14:00:00,2021-08-13 14:15:00,181.01083,170.01413,181.01083,191.73035
2021-08-13 14:00:00,2021-08-13 14:30:00,189.01077,176.88599,189.01077,199.0486
2021-08-13 14:00:00,2021-08-13 14:45:00,181.94788,170.38376,181.94788,192.93066
2021-08-13 15:00:00,2021-08-13 15:00:00,135.28635,123.29108,135.28635,148.79956
2021-08-13 15:00:00,2021-08-13 15:15:00,141.83426,129.22073,141.83426,154.6572
2021-08-13 15:00:00,2021-08-13 15:30:00,182.90685,168.78891,182.90685,194.61237
2021-08-13 15:00:00,2021-08-13 15:45:00,179.67734,166.58011,179.67734,191.55334
2021-08-13 16:00:00,2021-08-13 16:00:00,181.60858,170.22081,181.60858,192.97633
2021-08-13 16:00:00,2021-08-13 16:15:00,176.6612,164.63307,176.6612,188.14865
2021-08-13 16:00:00,2021-08-13 16:30:00,175.02303,161.50522,175.02303,186.38126
2021-08-13 16:00:00,2021-08-13 16:45:00,169.98065,155.8841,169.98065,183.35672
2021-08-13 17:00:00,2021-08-13 17:00:00,131.29613,118.013435,131.29613,145.16302
2021-08-13 17:00:00,2021-08-13 17:15:00,112.41762,97.328804,112.41762,127.9847
2021-08-13 17:00:00,2021-08-13 17:30:00,158.76738,143.27112,158.76738,170.79137
2021-08-13 17:00:00,2021-08-13 17:45:00,173.10205,160.00784,173.10205,184.7237
2021-08-13 18:00:00,2021-08-13 18:00:00,177.21893,167.22049,177.21893,186.30876
2021-08-13 18:00:00,2021-08-13 18:15:00,172.12408,161.69733,172.12408,182.14682
2021-08-13 18:00:00,2021-08-13 18:30:00,173.4173,161.9021,173.4173,183.27515
2021-08-13 18:00:00,2021-08-13 18:45:00,172.50853,161.11755,172.50853,183.13718
2021-08-13 19:00:00,2021-08-13 19:00:00,166.68475,155.69493,166.68475,176.39534
2021-08-13 19:00:00,2021-08-13 19:15:00,158.25342,147.05948,158.25342,169.89651
2021-08-13 19:00:00,2021-08-13 19:30:00,156.69766,144.04128,156.69766,168.11304
2021-08-13 19:00:00,2021-08-13 19:45:00,132.38477,118.673065,132.38477,145.19836
2021-08-13 20:00:00,2021-08-13 20:00:00,101.7596,91.81239,101.7596,112.321655
2021-08-13 20:00:00,2021-08-13 20:15:00,108.37331,97.56279,108.37331,118.9131
2021-08-13 20:00:00,2021-08-13 20:30:00,105.961105,94.620316,105.961105,117.20038
2021-08-13 20:00:00,2021-08-13 20:45:00,109.628685,97.69735,109.628685,120.36465
2021-08-13 21:00:00,2021-08-13 21:00:00,115.78798,107.15065,115.78798,123.4269
2021-08-13 21:00:00,2021-08-13 21:15:00,112.101776,102.48369,112.101776,120.35557
2021-08-13 21:00:00,2021-08-13 21:30:00,112.96663,103.47727,112.96663,121.441574
2021-08-13 21:00:00,2021-08-13 21:45:00,113.34649,104.0388,113.34649,121.666534
2021-08-13 22:00:00,2021-08-13 22:00:00,100.34741,93.56031,100.34741,107.53537
2021-08-13 22:00:00,2021-08-13 22:15:00,108.86308,101.35861,108.86308,116.04721
2021-08-13 22:00:00,2021-08-13 22:30:00,107.6676,99.37736,107.6676,115.439705
2021-08-13 22:00:00,2021-08-13 22:45:00,107.960495,99.652115,107.960495,115.774994
2021-08-13 23:00:00,2021-08-13 23:00:00,111.7682,104.1233,111.7682,118.321396
2021-08-13 23:00:00,2021-08-13 23:15:00,108.65275,100.243385,108.65275,115.717514
2021-08-13 23:00:00,2021-08-13 23:30:00,105.46889,96.27862,105.46889,113.096825
2021-08-13 23:00:00,2021-08-13 23:45:00,83.78847,73.23093,83.78847,93.06286
2021-08-14 00:00:00,2021-08-14 00:00:00,42.242687,26.951885,42.242687,56.95813
2021-08-14 00:00:00,2021-08-14 00:15:00,40.644688,24.60136,40.644688,60.35179
2021-08-14 00:00:00,2021-08-14 00:30:00,39.351772,20.495205,39.351772,60.387527
2021-08-14 00:00:00,2021-08-14 00:45:00,37.913795,17.48294,37.913795,62.382263
2021-08-14 01:00:00,2021-08-14 01:00:00,70.7052,60.094482,70.7052,81.70058
2021-08-14 01:00:00,2021-08-14 01:15:00,78.5018,66.35524,78.5018,90.40471
2021-08-14 01:00:00,2021-08-14 01:30:00,80.46134,67.16019,80.46134,92.635414
2021-08-14 01:00:00,2021-08-14 01:45:00,79.63698,64.4288,79.63698,92.88931
2021-08-14 02:00:00,2021-08-14 02:00:00,101.967285,93.500916,101.967285,109.85817
2021-08-14 02:00:00,2021-08-14 02:15:00,100.95064,91.542984,100.95064,109.0913
2021-08-14 02:00:00,2021-08-14 02:30:00,100.95061,91.4429,100.95061,109.18844
2021-08-14 02:00:00,2021-08-14 02:45:00,103.54454,93.97271,103.54454,111.719604
2021-08-14 03:00:00,2021-08-14 03:00:00,90.695946,82.649536,90.695946,98.98533
2021-08-14 03:00:00,2021-08-14 03:15:00,104.30491,95.84137,104.30491,111.52336
2021-08-14 03:00:00,2021-08-14 03:30:00,105.975746,96.70302,105.975746,113.56268
2021-08-14 03:00:00,2021-08-14 03:45:00,104.34749,94.43246,104.34749,111.76671
2021-08-14 04:00:00,2021-08-14 04:00:00,97.34409,89.665054,97.34409,104.82525
2021-08-14 04:00:00,2021-08-14 04:15:00,97.38115,87.88074,97.38115,105.221016
2021-08-14 04:00:00,2021-08-14 04:30:00,93.990265,83.35471,93.990265,102.58308
2021-08-14 04:00:00,2021-08-14 04:45:00,90.858025,78.80026,90.858025,101.6203
2021-08-14 05:00:00,2021-08-14 05:00:00,80.38369,70.76868,80.38369,87.70788
2021-08-14 05:00:00,2021-08-14 05:15:00,74.42098,63.837143,74.42098,82.34032
2021-08-14 05:00:00,2021-08-14 05:30:00,90.73625,80.35292,90.73625,99.353806
2021-08-14 05:00:00,2021-08-14 05:45:00,100.73895,89.878876,100.73895,109.711624
2021-08-14 06:00:00,2021-08-14 06:00:00,99.494896,92.33876,99.494896,106.2691
2021-08-14 06:00:00,2021-08-14 06:15:00,100.35719,92.10645,100.35719,107.900345
2021-08-14 06:00:00,2021-08-14 06:30:00,97.8003,87.942474,97.8003,106.234886
2021-08-14 06:00:00,2021-08-14 06:45:00,99.56066,87.45597,99.56066,108.68125
2021-08-14 07:00:00,2021-08-14 07:00:00,89.90621,74.634964,89.90621,98.966354
2021-08-14 07:00:00,2021-08-14 07:15:00,97.39845,78.90091,97.39845,107.05974
2021-08-14 07:00:00,2021-08-14 07:30:00,113.072876,87.47487,113.072876,126.18584
2021-08-14 07:00:00,2021-08-14 07:45:00,123.601425,91.199715,123.601425,139.60751
2021-08-14 08:00:00,2021-08-14 08:00:00,25.084496,20.798328,25.084496,32.657497
2021-08-14 08:00:00,2021-08-14 08:15:00,26.076714,20.35439,26.076714,35.947296
2021-08-14 08:00:00,2021-08-14 08:30:00,27.208614,20.25372,27.208614,39.208797
2021-08-14 08:00:00,2021-08-14 08:45:00,27.910091,20.324791,27.910091,40.885548
2021-08-14 09:00:00,2021-08-14 09:00:00,22.36686,20.197975,22.36686,26.901905
2021-08-14 09:00:00,2021-08-14 09:15:00,22.498035,19.836617,22.498035,28.08833
2021-08-14 09:00:00,2021-08-14 09:30:00,22.90493,19.922253,22.90493,28.96045
2021-08-14 09:00:00,2021-08-14 09:45:00,23.332886,19.918976,23.332886,29.579548
2021-08-14 10:00:00,2021-08-14 10:00:00,22.787804,21.267086,22.787804,24.458057
2021-08-14 10:00:00,2021-08-14 10:15:00,22.70232,21.138763,22.70232,24.617863
2021-08-14 10:00:00,2021-08-14 10:30:00,22.770515,21.104527,22.770515,24.793663
2021-08-14 10:00:00,2021-08-14 10:45:00,22.943607,21.211426,22.943607,24.79092
2021-08-14 11:00:00,2021-08-14 11:00:00,22.21671,20.808826,22.21671,23.768848
2021-08-14 11:00:00,2021-08-14 11:15:00,22.106487,20.816792,22.106487,23.807034
2021-08-14 11:00:00,2021-08-14 11:30:00,22.17471,20.749466,22.17471,23.838535
2021-08-14 11:00:00,2021-08-14 11:45:00,22.382206,21.015503,22.382206,23.857014
2021-08-14 12:00:00,2021-08-14 12:00:00,23.50409,21.455952,23.50409,26.091095
2021-08-14 12:00:00,2021-08-14 12:15:00,23.4351,21.430073,23.4351,26.220177
2021-08-14 12:00:00,2021-08-14 12:30:00,23.550648,21.46436,23.550648,26.367409
2021-08-14 12:00:00,2021-08-14 12:45:00,23.653511,21.632244,23.653511,26.385273
2021-08-14 13:00:00,2021-08-14 13:00:00,22.4516,21.39722,22.4516,23.632587
2021-08-14 13:00:00,2021-08-14 13:15:00,22.396912,21.285664,22.396912,23.726776
2021-08-14 13:00:00,2021-08-14 13:30:00,22.487259,21.218529,22.487259,23.722034
2021-08-14 13:00:00,2021-08-14 13:45:00,22.474808,21.179169,22.474808,23.707584
2021-08-14 14:00:00,2021-08-14 14:00:00,22.063465,21.101707,22.063465,23.040558
2021-08-14 14:00:00,2021-08-14 14:15:00,22.015484,21.089077,22.015484,23.10271
2021-08-14 14:00:00,2021-08-14 14:30:00,22.143555,21.007755,22.143555,23.162533
2021-08-14 14:00:00,2021-08-14 14:45:00,22.17281,21.023659,22.17281,23.101368
2021-08-14 15:00:00,2021-08-14 15:00:00,22.237972,21.296913,22.237972,23.209732
2021-08-14 15:00:00,2021-08-14 15:15:00,22.177052,21.252522,22.177052,23.330421
2021-08-14 15:00:00,2021-08-14 15:30:00,22.309258,21.210949,22.309258,23.355103
2021-08-14 15:00:00,2021-08-14 15:45:00,22.277367,21.175018,22.277367,23.282387
2021-08-14 16:00:00,2021-08-14 16:00:00,22.881062,21.187023,22.881062,24.81554
2021-08-14 16:00:00,2021-08-14 16:15:00,22.797546,21.192867,22.797546,24.838242
2021-08-14 16:00:00,2021-08-14 16:30:00,22.848106,21.074398,22.848106,24.77592
2021-08-14 16:00:00,2021-08-14 16:45:00,22.868416,21.028149,22.868416,24.690052
2021-08-14 17:00:00,2021-08-14 17:00:00,22.63514,21.544903,22.63514,23.8209
2021-08-14 17:00:00,2021-08-14 17:15:00,22.577839,21.53706,22.577839,23.860981
2021-08-14 17:00:00,2021-08-14 17:30:00,22.732437,21.43304,22.732437,23.953323
2021-08-14 17:00:00,2021-08-14 17:45:00,22.697815,21.396439,22.697815,23.890469
2021-08-14 18:00:00,2021-08-14 18:00:00,22.035625,21.104744,22.035625,22.958084
2021-08-14 18:00:00,2021-08-14 18:15:00,21.98729,21.044125,21.98729,23.018208
2021-08-14 18:00:00,2021-08-14 18:30:00,22.030579,20.976036,22.030579,22.955044
2021-08-14 18:00:00,2021-08-14 18:45:00,22.100166,20.976849,22.100166,22.845345
2021-08-14 19:00:00,2021-08-14 19:00:00,22.207573,21.234474,22.207573,23.182941
2021-08-14 19:00:00,2021-08-14 19:15:00,22.125912,21.252571,22.125912,23.164711
2021-08-14 19:00:00,2021-08-14 19:30:00,22.240463,21.159824,22.240463,23.179657
2021-08-14 19:00:00,2021-08-14 19:45:00,22.22084,21.109787,22.22084,23.112537
2021-08-14 20:00:00,2021-08-14 20:00:00,22.282753,20.88638,22.282753,23.780045
2021-08-14 20:00:00,2021-08-14 20:15:00,22.183205,20.876877,22.183205,23.76093
2021-08-14 20:00:00,2021-08-14 20:30:00,22.291119,20.807625,22.291119,23.723728
2021-08-14 20:00:00,2021-08-14 20:45:00,22.257477,20.696945,22.257477,23.726475
2021-08-14 21:00:00,2021-08-14 21:00:00,22.544533,21.223377,22.544533,23.886894
2021-08-14 21:00:00,2021-08-14 21:15:00,22.457577,21.256008,22.457577,23.854786
2021-08-14 21:00:00,2021-08-14 21:30:00,22.548641,21.191021,22.548641,23.77422
2021-08-14 21:00:00,2021-08-14 21:45:00,22.457012,21.030384,22.457012,23.717587
2021-08-14 22:00:00,2021-08-14 22:00:00,22.438328,21.322094,22.438328,23.610794
2021-08-14 22:00:00,2021-08-14 22:15:00,22.360016,21.267303,22.360016,23.631721
2021-08-14 22:00:00,2021-08-14 22:30:00,22.456104,21.2182,22.456104,23.579987
2021-08-14 22:00:00,2021-08-14 22:45:00,22.50201,21.22113,22.50201,23.533173
2021-08-14 23:00:00,2021-08-14 23:00:00,22.271824,20.871044,22.271824,23.881985
2021-08-14 23:00:00,2021-08-14 23:15:00,22.221607,20.860218,22.221607,23.9122
2021-08-14 23:00:00,2021-08-14 23:30:00,22.348614,20.820255,22.348614,23.89051
2021-08-14 23:00:00,2021-08-14 23:45:00,22.484901,21.045105,22.484901,23.92698
2021-08-15 00:00:00,2021-08-15 00:00:00,21.360512,19.823673,21.360512,23.38692
2021-08-15 00:00:00,2021-08-15 00:15:00,21.291885,19.788677,21.291885,23.316029
2021-08-15 00:00:00,2021-08-15 00:30:00,21.437363,19.877888,21.437363,23.45271
2021-08-15 00:00:00,2021-08-15 00:45:00,21.649433,20.071327,21.649433,23.518684
2021-08-15 01:00:00,2021-08-15 01:00:00,21.93412,20.71695,21.93412,23.256855
2021-08-15 01:00:00,2021-08-15 01:15:00,21.827332,20.611637,21.827332,23.217445
2021-08-15 01:00:00,2021-08-15 01:30:00,21.821518,20.587563,21.821518,23.072392
2021-08-15 01:00:00,2021-08-15 01:45:00,21.887337,20.63575,21.887337,23.011742
2021-08-15 02:00:00,2021-08-15 02:00:00,24.427197,20.97855,24.427197,28.13601
2021-08-15 02:00:00,2021-08-15 02:15:00,24.40971,21.057915,24.40971,28.726814
2021-08-15 02:00:00,2021-08-15 02:30:00,24.59816,21.007236,24.59816,28.864285
2021-08-15 02:00:00,2021-08-15 02:45:00,24.69453,21.093288,24.69453,28.874409
2021-08-15 03:00:00,2021-08-15 03:00:00,22.046307,20.636501,22.046307,23.702557
2021-08-15 03:00:00,2021-08-15 03:15:00,22.009148,20.519966,22.009148,23.821953
2021-08-15 03:00:00,2021-08-15 03:30:00,22.141392,20.496593,22.141392,23.794289
2021-08-15 03:00:00,2021-08-15 03:45:00,22.256725,20.714336,22.256725,23.89582
2021-08-15 04:00:00,2021-08-15 04:00:00,21.816303,20.585423,21.816303,23.10316
2021-08-15 04:00:00,2021-08-15 04:15:00,21.735443,20.584747,21.735443,23.09016
2021-08-15 04:00:00,2021-08-15 04:30:00,21.824612,20.497074,21.824612,22.987854
2021-08-15 04:00:00,2021-08-15 04:45:00,21.774323,20.358318,21.774323,23.03088
2021-08-15 05:00:00,2021-08-15 05:00:00,21.846275,20.837887,21.846275,22.750835
2021-08-15 05:00:00,2021-08-15 05:15:00,21.713913,20.784828,21.713913,22.70058
2021-08-15 05:00:00,2021-08-15 05:30:00,21.809917,20.657421,21.809917,22.636185
2021-08-15 05:00:00,2021-08-15 05:45:00,21.749592,20.584164,21.749592,22.639912
2021-08-15 06:00:00,2021-08-15 06:00:00,21.939701,20.682579,21.939701,23.381233
2021-08-15 06:00:00,2021-08-15 06:15:00,21.850597,20.523632,21.850597,23.37532
2021-08-15 06:00:00,2021-08-15 06:30:00,21.898262,20.461212,21.898262,23.220734
2021-08-15 06:00:00,2021-08-15 06:45:00,21.937943,20.440434,21.937943,23.250916
2021-08-15 07:00:00,2021-08-15 07:00:00,22.116005,20.881828,22.116005,23.433681
2021-08-15 07:00:00,2021-08-15 07:15:00,22.03386,20.782303,22.03386,23.546516
2021-08-15 07:00:00,2021-08-15 07:30:00,22.119076,20.739758,22.119076,23.449184
2021-08-15 07:00:00,2021-08-15 07:45:00,22.192207,20.728344,22.192207,23.52155
2021-08-15 08:00:00,2021-08-15 08:00:00,21.943634,20.812077,21.943634,23.256039
2021-08-15 08:00:00,2021-08-15 08:15:00,21.867893,20.777054,21.867893,23.278961
2021-08-15 08:00:00,2021-08-15 08:30:00,21.94545,20.669292,21.94545,23.212406
2021-08-15 08:00:00,2021-08-15 08:45:00,21.91753,20.709393,21.91753,23.241653
2021-08-15 09:00:00,2021-08-15 09:00:00,22.549316,21.223644,22.549316,23.979992
2021-08-15 09:00:00,2021-08-15 09:15:00,22.334518,21.062656,22.334518,23.816284
2021-08-15 09:00:00,2021-08-15 09:30:00,22.245552,20.95708,22.245552,23.52324
2021-08-15 09:00:00,2021-08-15 09:45:00,22.308037,20.974522,22.308037,23.519352
2021-08-15 10:00:00,2021-08-15 10:00:00,21.87621,20.633797,21.87621,23.19056
2021-08-15 10:00:00,2021-08-15 10:15:00,21.824677,20.567242,21.824677,23.304684
2021-08-15 10:00:00,2021-08-15 10:30:00,21.892796,20.481888,21.892796,23.17558
2021-08-15 10:00:00,2021-08-15 10:45:00,21.988907,20.436382,21.988907,23.260426
2021-08-15 11:00:00,2021-08-15 11:00:00,22.08392,21.011513,22.08392,23.221214
2021-08-15 11:00:00,2021-08-15 11:15:00,22.019901,20.98125,22.019901,23.292805
2021-08-15 11:00:00,2021-08-15 11:30:00,22.07861,20.891827,22.07861,23.144978
2021-08-15 11:00:00,2021-08-15 11:45:00,22.095753,20.817204,22.095753,23.185898
2021-08-15 12:00:00,2021-08-15 12:00:00,22.054615,20.976429,22.054615,23.193207
2021-08-15 12:00:00,2021-08-15 12:15:00,21.95374,20.968391,21.95374,23.157017
2021-08-15 12:00:00,2021-08-15 12:30:00,22.020386,20.902615,22.020386,22.99717
2021-08-15 12:00:00,2021-08-15 12:45:00,21.99181,20.76556,21.99181,22.989845
2021-08-15 13:00:00,2021-08-15 13:00:00,22.38263,21.115826,22.38263,23.830177
2021-08-15 13:00:00,2021-08-15 13:15:00,22.111584,20.859306,22.111584,23.652035
2021-08-15 13:00:00,2021-08-15 13:30:00,21.989487,20.708618,21.989487,23.287552
2021-08-15 13:00:00,2021-08-15 13:45:00,22.071655,20.654118,22.071655,23.298985
2021-08-15 14:00:00,2021-08-15 14:00:00,21.94738,20.799488,21.94738,23.240875
2021-08-15 14:00:00,2021-08-15 14:15:00,21.8839,20.769238,21.8839,23.250721
2021-08-15 14:00:00,2021-08-15 14:30:00,21.99163,20.69992,21.99163,23.148293
2021-08-15 14:00:00,2021-08-15 14:45:00,22.02737,20.610752,22.02737,23.2294
2021-08-15 15:00:00,2021-08-15 15:00:00,22.173977,21.21651,22.173977,23.234165
2021-08-15 15:00:00,2021-08-15 15:15:00,22.11287,21.162552,22.11287,23.31989
2021-08-15 15:00:00,2021-08-15 15:30:00,22.213306,21.095207,22.213306,23.21061
2021-08-15 15:00:00,2021-08-15 15:45:00,22.1917,21.043243,22.1917,23.240402
2021-08-15 16:00:00,2021-08-15 16:00:00,21.88303,20.874828,21.88303,22.976868
2021-08-15 16:00:00,2021-08-15 16:15:00,21.79245,20.882519,21.79245,22.94387
2021-08-15 16:00:00,2021-08-15 16:30:00,21.855797,20.786453,21.855797,22.826061
2021-08-15 16:00:00,2021-08-15 16:45:00,21.808575,20.651638,21.808575,22.779858
2021-08-15 17:00:00,2021-08-15 17:00:00,21.965626,20.953121,21.965626,23.04565
2021-08-15 17:00:00,2021-08-15 17:15:00,21.857151,20.913414,21.857151,23.01929
2021-08-15 17:00:00,2021-08-15 17:30:00,21.96671,20.84644,21.96671,22.917
2021-08-15 17:00:00,2021-08-15 17:45:00,21.92836,20.728046,21.92836,22.9496
2021-08-15 18:00:00,2021-08-15 18:00:00,22.20316,21.143906,22.20316,23.409843
2021-08-15 18:00:00,2021-08-15 18:15:00,22.10773,21.10094,22.10773,23.388184
2021-08-15 18:00:00,2021-08-15 18:30:00,22.167858,21.010807,22.167858,23.19637
2021-08-15 18:00:00,2021-08-15 18:45:00,22.118671,20.864601,22.118671,23.236473
2021-08-15 19:00:00,2021-08-15 19:00:00,22.258026,21.278835,22.258026,23.364986
2021-08-15 19:00:00,2021-08-15 19:15:00,22.184555,21.243027,22.184555,23.369385
2021-08-15 19:00:00,2021-08-15 19:30:00,22.255955,21.165325,22.255955,23.22437
2021-08-15 19:00:00,2021-08-15 19:45:00,22.253223,21.062489,22.253223,23.269089
2021-08-15 20:00:00,2021-08-15 20:00:00,22.297096,21.126312,22.297096,23.653027
2021-08-15 20:00:00,2021-08-15 20:15:00,22.19883,21.10709,22.19883,23.600018
2021-08-15 20:00:00,2021-08-15 20:30:00,22.250721,21.039982,22.250721,23.400719
2021-08-15 20:00:00,2021-08-15 20:45:00,22.198143,20.85894,22.198143,23.441013
2021-08-15 21:00:00,2021-08-15 21:00:00,22.202736,21.351868,22.202736,23.068836
2021-08-15 21:00:00,2021-08-15 21:15:00,22.130062,21.36192,22.130062,23.027008
2021-08-15 21:00:00,2021-08-15 21:30:00,22.252354,21.31202,22.252354,22.876106
2021-08-15 21:00:00,2021-08-15 21:45:00,22.178638,21.131649,22.178638,22.969719
2021-08-15 22:00:00,2021-08-15 22:00:00,22.273819,21.408012,22.273819,23.247688
2021-08-15 22:00:00,2021-08-15 22:15:00,22.20153,21.421154,22.20153,23.225277
2021-08-15 22:00:00,2021-08-15 22:30:00,22.348175,21.32032,22.348175,23.049114
2021-08-15 22:00:00,2021-08-15 22:45:00,22.300259,21.12775,22.300259,23.218681
2021-08-15 23:00:00,2021-08-15 23:00:00,22.403267,21.41006,22.403267,23.65866
2021-08-15 23:00:00,2021-08-15 23:15:00,22.328419,21.400955,22.328419,23.597122
2021-08-15 23:00:00,2021-08-15 23:30:00,22.36391,21.26207,22.36391,23.299381
2021-08-15 23:00:00,2021-08-15 23:45:00,22.264374,21.021194,22.264374,23.368874
2021-08-16 00:00:00,2021-08-16 00:00:00,22.373394,21.28864,22.373394,23.777847
2021-08-16 00:00:00,2021-08-16 00:15:00,22.342255,21.143932,22.342255,23.84172
2021-08-16 00:00:00,2021-08-16 00:30:00,22.362614,21.19875,22.362614,23.678421
2021-08-16 00:00:00,2021-08-16 00:45:00,22.293007,21.02567,22.293007,23.58514
2021-08-16 01:00:00,2021-08-16 01:00:00,22.172768,21.331741,22.172768,22.999123
2021-08-16 01:00:00,2021-08-16 01:15:00,22.142529,21.207489,22.142529,23.063404
2021-08-16 01:00:00,2021-08-16 01:30:00,22.155529,21.173756,22.155529,22.83065
2021-08-16 01:00:00,2021-08-16 01:45:00,22.065018,21.046314,22.065018,22.779392
2021-08-16 02:00:00,2021-08-16 02:00:00,22.160347,21.268688,22.160347,23.146427
2021-08-16 02:00:00,2021-08-16 02:15:00,22.049923,21.114826,22.049923,23.08506
2021-08-16 02:00:00,2021-08-16 02:30:00,22.121922,21.101002,22.121922,22.893684
2021-08-16 02:00:00,2021-08-16 02:45:00,22.053429,20.960022,22.053429,22.916565
2021-08-16 03:00:00,2021-08-16 03:00:00,22.720821,21.52063,22.720821,24.288998
2021-08-16 03:00:00,2021-08-16 03:15:00,22.70308,21.324852,22.70308,24.52237
2021-08-16 03:00:00,2021-08-16 03:30:00,22.675491,21.266823,22.675491,24.268257
2021-08-16 03:00:00,2021-08-16 03:45:00,22.540348,21.218285,22.540348,24.2224
2021-08-16 04:00:00,2021-08-16 04:00:00,22.800709,21.164993,22.800709,23.687748
2021-08-16 04:00:00,2021-08-16 04:15:00,22.431992,20.704777,22.431992,23.42849
2021-08-16 04:00:00,2021-08-16 04:30:00,22.57111,20.996746,22.57111,23.320366
2021-08-16 04:00:00,2021-08-16 04:45:00,22.51511,20.815277,22.51511,23.008804
2021-08-16 05:00:00,2021-08-16 05:00:00,22.051975,20.066662,22.051975,23.428608
2021-08-16 05:00:00,2021-08-16 05:15:00,22.075588,20.00681,22.075588,23.025105
2021-08-16 05:00:00,2021-08-16 05:30:00,22.117416,20.093044,22.117416,22.659035
2021-08-16 05:00:00,2021-08-16 05:45:00,22.099052,19.99786,22.099052,22.685379
2021-08-16 06:00:00,2021-08-16 06:00:00,22.05114,20.52658,22.05114,21.996338
2021-08-16 06:00:00,2021-08-16 06:15:00,21.924896,20.305302,21.924896,21.542965
2021-08-16 06:00:00,2021-08-16 06:30:00,22.071667,20.405544,22.071667,21.409569
2021-08-16 06:00:00,2021-08-16 06:45:00,21.85498,20.426117,21.85498,21.90187
2021-08-16 07:00:00,2021-08-16 07:00:00,21.764206,20.342716,21.764206,23.140915
2021-08-16 07:00:00,2021-08-16 07:15:00,22.02309,20.258766,22.02309,23.143543
2021-08-16 07:00:00,2021-08-16 07:30:00,22.238049,20.408436,22.238049,23.14344
2021-08-16 07:00:00,2021-08-16 07:45:00,22.214542,20.605873,22.214542,23.841328
2021-08-16 08:00:00,2021-08-16 08:00:00,170.62589,155.43794,170.62589,187.35114
2021-08-16 08:00:00,2021-08-16 08:15:00,194.77754,177.57675,194.77754,212.14226
2021-08-16 08:00:00,2021-08-16 08:30:00,202.73337,182.84523,202.73337,219.03871
2021-08-16 08:00:00,2021-08-16 08:45:00,196.48833,178.01471,196.48833,213.52303
2021-08-16 09:00:00,2021-08-16 09:00:00,182.2175,168.92816,182.2175,194.98195
2021-08-16 09:00:00,2021-08-16 09:15:00,177.2346,161.61658,177.2346,189.9266
2021-08-16 09:00:00,2021-08-16 09:30:00,178.36896,160.12187,178.36896,192.8759
2021-08-16 09:00:00,2021-08-16 09:45:00,177.9482,155.71121,177.9482,195.20157
2021-08-16 10:00:00,2021-08-16 10:00:00,154.09192,132.2454,154.09192,169.80145
2021-08-16 10:00:00,2021-08-16 10:15:00,178.35912,153.42636,178.35912,195.46378
2021-08-16 10:00:00,2021-08-16 10:30:00,175.27463,144.08585,175.27463,193.11107
2021-08-16 10:00:00,2021-08-16 10:45:00,176.50359,144.48827,176.50359,195.67773
2021-08-16 11:00:00,2021-08-16 11:00:00,166.2568,149.46463,166.2568,180.47357
2021-08-16 11:00:00,2021-08-16 11:15:00,170.81006,150.2889,170.81006,187.75311
2021-08-16 11:00:00,2021-08-16 11:30:00,171.65036,146.66847,171.65036,190.80792
2021-08-16 11:00:00,2021-08-16 11:45:00,171.18777,140.54843,171.18777,191.74838
2021-08-16 12:00:00,2021-08-16 12:00:00,113.22325,100.900116,113.22325,124.69123
2021-08-16 12:00:00,2021-08-16 12:15:00,96.16653,79.744,96.16653,108.45332
2021-08-16 12:00:00,2021-08-16 12:30:00,95.78171,78.05135,95.78171,110.14365
2021-08-16 12:00:00,2021-08-16 12:45:00,98.656906,78.04894,98.656906,116.34273
2021-08-16 13:00:00,2021-08-16 13:00:00,134.63036,121.17708,134.63036,149.19138
2021-08-16 13:00:00,2021-08-16 13:15:00,155.70868,135.89754,155.70868,170.79765
2021-08-16 13:00:00,2021-08-16 13:30:00,166.69073,143.83228,166.69073,184.38303
2021-08-16 13:00:00,2021-08-16 13:45:00,168.81708,143.32071,168.81708,187.53561
2021-08-16 14:00:00,2021-08-16 14:00:00,149.43604,134.43303,149.43604,162.19046
2021-08-16 14:00:00,2021-08-16 14:15:00,149.16956,131.9072,149.16956,163.711
2021-08-16 14:00:00,2021-08-16 14:30:00,150.1288,130.49712,150.1288,166.22025
2021-08-16 14:00:00,2021-08-16 14:45:00,149.27449,127.24056,149.27449,166.59114
2021-08-16 15:00:00,2021-08-16 15:00:00,116.8638,107.053764,116.8638,126.327545
2021-08-16 15:00:00,2021-08-16 15:15:00,122.45451,109.22667,122.45451,134.05228
2021-08-16 15:00:00,2021-08-16 15:30:00,149.78348,131.1401,149.78348,163.8255
2021-08-16 15:00:00,2021-08-16 15:45:00,153.1149,130.88239,153.1149,168.82
2021-08-16 16:00:00,2021-08-16 16:00:00,133.58122,115.49036,133.58122,149.98087
2021-08-16 16:00:00,2021-08-16 16:15:00,133.5682,110.76459,133.5682,154.973
2021-08-16 16:00:00,2021-08-16 16:30:00,132.86969,106.12064,132.86969,155.74182
2021-08-16 16:00:00,2021-08-16 16:45:00,129.091,99.65152,129.091,154.6683
2021-08-16 17:00:00,2021-08-16 17:00:00,98.68954,82.36406,98.68954,114.46825
2021-08-16 17:00:00,2021-08-16 17:15:00,92.11988,69.99922,92.11988,114.1146
2021-08-16 17:00:00,2021-08-16 17:30:00,107.384796,78.86443,107.384796,133.03413
2021-08-16 17:00:00,2021-08-16 17:45:00,113.11177,79.97162,113.11177,142.0411
2021-08-16 18:00:00,2021-08-16 18:00:00,93.80338,82.13771,93.80338,107.646454
2021-08-16 18:00:00,2021-08-16 18:15:00,92.02094,74.797676,92.02094,110.49841
2021-08-16 18:00:00,2021-08-16 18:30:00,91.220314,69.62227,91.220314,113.31478
2021-08-16 18:00:00,2021-08-16 18:45:00,90.55511,65.478134,90.55511,114.66443
2021-08-16 19:00:00,2021-08-16 19:00:00,88.69538,79.81705,88.69538,99.60224
2021-08-16 19:00:00,2021-08-16 19:15:00,87.9776,73.97124,87.9776,102.0003
2021-08-16 19:00:00,2021-08-16 19:30:00,86.777565,69.242004,86.777565,103.91308
2021-08-16 19:00:00,2021-08-16 19:45:00,84.25595,63.70633,84.25595,103.44878
2021-08-16 20:00:00,2021-08-16 20:00:00,81.70048,74.4325,81.70048,89.90798
2021-08-16 20:00:00,2021-08-16 20:15:00,83.73017,73.7117,83.73017,94.12847
2021-08-16 20:00:00,2021-08-16 20:30:00,84.558395,71.76683,84.558395,96.82962
2021-08-16 20:00:00,2021-08-16 20:45:00,85.96505,70.37924,85.96505,99.891106
2021-08-16 21:00:00,2021-08-16 21:00:00,98.88026,90.00644,98.88026,107.126335
2021-08-16 21:00:00,2021-08-16 21:15:00,98.05355,87.44229,98.05355,107.9632
2021-08-16 21:00:00,2021-08-16 21:30:00,96.18356,84.37312,96.18356,107.39953
2021-08-16 21:00:00,2021-08-16 21:45:00,95.151276,80.53007,95.151276,106.820076
2021-08-16 22:00:00,2021-08-16 22:00:00,98.65436,92.394714,98.65436,104.850945
2021-08-16 22:00:00,2021-08-16 22:15:00,99.87372,92.9395,99.87372,106.25196
2021-08-16 22:00:00,2021-08-16 22:30:00,99.647896,91.99933,99.647896,105.92949
2021-08-16 22:00:00,2021-08-16 22:45:00,101.0285,92.78525,101.0285,108.30719
2021-08-16 23:00:00,2021-08-16 23:00:00,93.57873,86.21457,93.57873,100.84705
2021-08-16 23:00:00,2021-08-16 23:15:00,92.09056,83.7223,92.09056,99.92849
2021-08-16 23:00:00,2021-08-16 23:30:00,87.64602,78.21225,87.64602,96.16666
2021-08-16 23:00:00,2021-08-16 23:45:00,68.4482,57.48748,68.4482,78.17145
2021-08-17 00:00:00,2021-08-17 00:00:00,78.79795,69.12795,78.79795,85.8751
2021-08-17 00:00:00,2021-08-17 00:15:00,74.43563,63.339104,74.43563,82.79939
2021-08-17 00:00:00,2021-08-17 00:30:00,70.62026,59.013084,70.62026,79.98093
2021-08-17 00:00:00,2021-08-17 00:45:00,69.35337,56.162853,69.35337,80.09308
2021-08-17 01:00:00,2021-08-17 01:00:00,97.168076,87.54778,97.168076,106.15631
2021-08-17 01:00:00,2021-08-17 01:15:00,97.09268,88.23134,97.09268,105.68575
2021-08-17 01:00:00,2021-08-17 01:30:00,95.72238,86.736305,95.72238,103.74518
2021-08-17 01:00:00,2021-08-17 01:45:00,93.2631,83.75078,93.2631,102.73843
2021-08-17 02:00:00,2021-08-17 02:00:00,94.83657,88.55754,94.83657,100.66965
2021-08-17 02:00:00,2021-08-17 02:15:00,94.654854,87.88936,94.654854,100.16756
2021-08-17 02:00:00,2021-08-17 02:30:00,94.07204,86.75163,94.07204,100.200455
2021-08-17 02:00:00,2021-08-17 02:45:00,96.9649,89.30734,96.9649,103.8046
2021-08-17 03:00:00,2021-08-17 03:00:00,88.28675,81.98541,88.28675,93.8494
2021-08-17 03:00:00,2021-08-17 03:15:00,98.68861,92.558624,98.68861,104.15797
2021-08-17 03:00:00,2021-08-17 03:30:00,99.552826,93.238434,99.552826,104.887505
2021-08-17 03:00:00,2021-08-17 03:45:00,97.58171,91.18204,97.58171,103.820175
2021-08-17 04:00:00,2021-08-17 04:00:00,94.930786,88.87285,94.930786,100.92994
2021-08-17 04:00:00,2021-08-17 04:15:00,95.28018,88.24561,95.28018,102.24098
2021-08-17 04:00:00,2021-08-17 04:30:00,93.45037,84.68016,93.45037,101.69232
2021-08-17 04:00:00,2021-08-17 04:45:00,92.73068,82.039185,92.73068,102.20649
2021-08-17 05:00:00,2021-08-17 05:00:00,82.402885,74.03892,82.402885,88.715416
2021-08-17 05:00:00,2021-08-17 05:15:00,79.38116,71.43801,79.38116,86.354324
2021-08-17 05:00:00,2021-08-17 05:30:00,90.546776,81.489006,90.546776,98.27782
2021-08-17 05:00:00,2021-08-17 05:45:00,95.74861,86.151955,95.74861,104.28824
2021-08-17 06:00:00,2021-08-17 06:00:00,103.647095,95.76678,103.647095,111.57292
2021-08-17 06:00:00,2021-08-17 06:15:00,105.22659,96.5424,105.22659,113.502304
2021-08-17 06:00:00,2021-08-17 06:30:00,102.45915,93.216934,102.45915,111.204315
2021-08-17 06:00:00,2021-08-17 06:45:00,105.120384,93.90817,105.120384,114.72588
2021-08-17 07:00:00,2021-08-17 07:00:00,96.56207,86.434845,96.56207,105.2209
2021-08-17 07:00:00,2021-08-17 07:15:00,104.34422,91.08602,104.34422,114.51405
2021-08-17 07:00:00,2021-08-17 07:30:00,117.81077,99.55269,117.81077,133.27867
2021-08-17 07:00:00,2021-08-17 07:45:00,125.28377,102.28758,125.28377,145.09634
2021-08-17 08:00:00,2021-08-17 08:00:00,156.93362,144.36331,156.93362,170.0136
2021-08-17 08:00:00,2021-08-17 08:15:00,179.97058,165.74413,179.97058,192.20276
2021-08-17 08:00:00,2021-08-17 08:30:00,184.32565,168.6387,184.32565,196.28725
2021-08-17 08:00:00,2021-08-17 08:45:00,183.63626,168.65015,183.63626,196.07953
2021-08-17 09:00:00,2021-08-17 09:00:00,157.55435,145.85574,157.55435,168.566
2021-08-17 09:00:00,2021-08-17 09:15:00,159.36542,145.57141,159.36542,171.49982
2021-08-17 09:00:00,2021-08-17 09:30:00,162.53954,147.25894,162.53954,176.25238
2021-08-17 09:00:00,2021-08-17 09:45:00,163.54993,145.91582,163.54993,179.11765
2021-08-17 10:00:00,2021-08-17 10:00:00,136.93454,124.90017,136.93454,149.38478
2021-08-17 10:00:00,2021-08-17 10:15:00,164.55728,151.65306,164.55728,175.62541
2021-08-17 10:00:00,2021-08-17 10:30:00,165.94907,151.82462,165.94907,177.33276
2021-08-17 10:00:00,2021-08-17 10:45:00,166.1438,152.38748,166.1438,178.4404
2021-08-17 11:00:00,2021-08-17 11:00:00,163.29024,152.2558,163.29024,174.1565
2021-08-17 11:00:00,2021-08-17 11:15:00,165.05617,153.33392,165.05617,176.58778
2021-08-17 11:00:00,2021-08-17 11:30:00,165.32788,151.47603,165.32788,177.35236
2021-08-17 11:00:00,2021-08-17 11:45:00,165.75385,151.1131,165.75385,178.94897
2021-08-17 12:00:00,2021-08-17 12:00:00,113.82208,104.18881,113.82208,123.83812
2021-08-17 12:00:00,2021-08-17 12:15:00,92.089096,81.37056,92.089096,101.76901
2021-08-17 12:00:00,2021-08-17 12:30:00,94.29619,83.84655,94.29619,104.6811
2021-08-17 12:00:00,2021-08-17 12:45:00,97.64569,85.21348,97.64569,109.40547
2021-08-17 13:00:00,2021-08-17 13:00:00,159.96413,146.28271,159.96413,174.01956
2021-08-17 13:00:00,2021-08-17 13:15:00,172.13475,157.29237,172.13475,186.92194
2021-08-17 13:00:00,2021-08-17 13:30:00,174.28363,157.9818,174.28363,188.93683
2021-08-17 13:00:00,2021-08-17 13:45:00,172.60146,156.9932,172.60146,187.9787
2021-08-17 14:00:00,2021-08-17 14:00:00,157.61612,147.52025,157.61612,166.70645
2021-08-17 14:00:00,2021-08-17 14:15:00,156.63724,145.61194,156.63724,166.6506
2021-08-17 14:00:00,2021-08-17 14:30:00,158.17899,146.0257,158.17899,169.11008
2021-08-17 14:00:00,2021-08-17 14:45:00,155.54022,143.12006,155.54022,167.92807
2021-08-17 15:00:00,2021-08-17 15:00:00,121.99836,112.810974,121.99836,132.13075
2021-08-17 15:00:00,2021-08-17 15:15:00,130.00093,119.31798,130.00093,140.59067
2021-08-17 15:00:00,2021-08-17 15:30:00,157.37773,143.54825,157.37773,168.48734
2021-08-17 15:00:00,2021-08-17 15:45:00,157.26855,142.2814,157.26855,169.43808
2021-08-17 16:00:00,2021-08-17 16:00:00,162.23203,150.89207,162.23203,172.7696
2021-08-17 16:00:00,2021-08-17 16:15:00,157.76016,145.39886,157.76016,169.19025
2021-08-17 16:00:00,2021-08-17 16:30:00,151.97644,137.87122,151.97644,163.73602
2021-08-17 16:00:00,2021-08-17 16:45:00,148.29282,133.22598,148.29282,162.0864
2021-08-17 17:00:00,2021-08-17 17:00:00,114.45539,102.683304,114.45539,126.92287
2021-08-17 17:00:00,2021-08-17 17:15:00,100.23921,85.2054,100.23921,114.3154
2021-08-17 17:00:00,2021-08-17 17:30:00,139.67438,124.87274,139.67438,151.96268
2021-08-17 17:00:00,2021-08-17 17:45:00,150.60936,135.13077,150.60936,162.83539
2021-08-17 18:00:00,2021-08-17 18:00:00,140.50613,128.95204,140.50613,151.38712
2021-08-17 18:00:00,2021-08-17 18:15:00,140.16002,127.379974,140.16002,152.21443
2021-08-17 18:00:00,2021-08-17 18:30:00,140.547,126.23773,140.547,153.17413
2021-08-17 18:00:00,2021-08-17 18:45:00,140.47552,124.97691,140.47552,153.8417
2021-08-17 19:00:00,2021-08-17 19:00:00,149.2073,139.00723,149.2073,158.26953
2021-08-17 19:00:00,2021-08-17 19:15:00,139.99263,129.24612,139.99263,150.78522
2021-08-17 19:00:00,2021-08-17 19:30:00,136.14874,123.84421,136.14874,146.88765
2021-08-17 19:00:00,2021-08-17 19:45:00,116.66376,103.77292,116.66376,129.12596
2021-08-17 20:00:00,2021-08-17 20:00:00,107.09095,97.86419,107.09095,116.524506
2021-08-17 20:00:00,2021-08-17 20:15:00,112.72041,102.81999,112.72041,122.11072
2021-08-17 20:00:00,2021-08-17 20:30:00,110.47366,100.41287,110.47366,120.83621
2021-08-17 20:00:00,2021-08-17 20:45:00,112.92282,102.59896,112.92282,122.684586
2021-08-17 21:00:00,2021-08-17 21:00:00,109.50316,101.406265,109.50316,116.994736
2021-08-17 21:00:00,2021-08-17 21:15:00,106.52461,97.858536,106.52461,114.784004
2021-08-17 21:00:00,2021-08-17 21:30:00,105.835556,97.14598,105.835556,114.35096
2021-08-17 21:00:00,2021-08-17 21:45:00,106.11451,97.038216,106.11451,114.65883
2021-08-17 22:00:00,2021-08-17 22:00:00,97.57587,90.43928,97.57587,104.8327
2021-08-17 22:00:00,2021-08-17 22:15:00,103.9387,96.42774,103.9387,110.966034
2021-08-17 22:00:00,2021-08-17 22:30:00,102.84187,95.12505,102.84187,109.944954
2021-08-17 22:00:00,2021-08-17 22:45:00,103.55598,96.209236,103.55598,111.049545
2021-08-17 23:00:00,2021-08-17 23:00:00,108.46944,100.08957,108.46944,115.6972
2021-08-17 23:00:00,2021-08-17 23:15:00,106.45311,97.40643,106.45311,114.44295
2021-08-17 23:00:00,2021-08-17 23:30:00,103.976906,94.56949,103.976906,112.51553
2021-08-17 23:00:00,2021-08-17 23:45:00,83.97486,72.86322,83.97486,94.17963
2021-08-18 00:00:00,2021-08-18 00:00:00,79.21879,70.01554,79.21879,87.434555
2021-08-18 00:00:00,2021-08-18 00:15:00,76.58318,66.18122,76.58318,85.52312
2021-08-18 00:00:00,2021-08-18 00:30:00,72.90052,62.38187,72.90052,82.710556
2021-08-18 00:00:00,2021-08-18 00:45:00,71.87057,60.321762,71.87057,82.34688
2021-08-18 01:00:00,2021-08-18 01:00:00,94.12569,84.550415,94.12569,103.212685
2021-08-18 01:00:00,2021-08-18 01:15:00,103.82002,94.8235,103.82002,112.51909
2021-08-18 01:00:00,2021-08-18 01:30:00,104.47989,95.00925,104.47989,113.3369
2021-08-18 01:00:00,2021-08-18 01:45:00,101.63637,91.54049,101.63637,111.32025
2021-08-18 02:00:00,2021-08-18 02:00:00,100.38727,93.31365,100.38727,108.15875
2021-08-18 02:00:00,2021-08-18 02:15:00,103.964516,96.26936,103.964516,111.426384
2021-08-18 02:00:00,2021-08-18 02:30:00,102.96732,95.21348,102.96732,110.10725
2021-08-18 02:00:00,2021-08-18 02:45:00,103.14365,95.14657,103.14365,110.75041
2021-08-18 03:00:00,2021-08-18 03:00:00,91.45744,84.07357,91.45744,99.13853
2021-08-18 03:00:00,2021-08-18 03:15:00,104.23761,96.756546,104.23761,111.42946
2021-08-18 03:00:00,2021-08-18 03:30:00,104.78698,97.13693,104.78698,111.93091
2021-08-18 03:00:00,2021-08-18 03:45:00,102.63221,95.24719,102.63221,110.036606
2021-08-18 04:00:00,2021-08-18 04:00:00,98.24281,90.374435,98.24281,106.50344
2021-08-18 04:00:00,2021-08-18 04:15:00,99.68882,91.59471,99.68882,108.05029
2021-08-18 04:00:00,2021-08-18 04:30:00,99.769135,90.557976,99.769135,108.046646
2021-08-18 04:00:00,2021-08-18 04:45:00,96.895935,86.97489,96.895935,106.98302
2021-08-18 05:00:00,2021-08-18 05:00:00,80.22026,72.04276,80.22026,87.25068
2021-08-18 05:00:00,2021-08-18 05:15:00,76.011856,68.26091,76.011856,83.73928
2021-08-18 05:00:00,2021-08-18 05:30:00,92.13809,83.8785,92.13809,100.350914
2021-08-18 05:00:00,2021-08-18 05:45:00,101.31229,92.56827,101.31229,110.26586
2021-08-18 06:00:00,2021-08-18 06:00:00,101.2587,94.23853,101.2587,108.75371
2021-08-18 06:00:00,2021-08-18 06:15:00,102.3164,94.593895,102.3164,110.31039
2021-08-18 06:00:00,2021-08-18 06:30:00,101.58011,93.34684,101.58011,110.151215
2021-08-18 06:00:00,2021-08-18 06:45:00,103.479965,94.01587,103.479965,112.688324
2021-08-18 07:00:00,2021-08-18 07:00:00,104.37846,96.691246,104.37846,112.66156
2021-08-18 07:00:00,2021-08-18 07:15:00,115.61742,106.55428,115.61742,124.59699
2021-08-18 07:00:00,2021-08-18 07:30:00,134.34604,123.75881,134.34604,144.09671
2021-08-18 07:00:00,2021-08-18 07:45:00,140.2229,129.00346,140.2229,151.77094
2021-08-18 08:00:00,2021-08-18 08:00:00,149.14003,139.61945,149.14003,160.81003
2021-08-18 08:00:00,2021-08-18 08:15:00,169.44499,157.66278,169.44499,180.73077
2021-08-18 08:00:00,2021-08-18 08:30:00,173.9192,160.61777,173.9192,185.00162
2021-08-18 08:00:00,2021-08-18 08:45:00,172.57076,159.80034,172.57076,184.16412
2021-08-18 09:00:00,2021-08-18 09:00:00,160.32657,150.03358,160.32657,169.70316
2021-08-18 09:00:00,2021-08-18 09:15:00,160.98944,150.32446,160.98944,170.28745
2021-08-18 09:00:00,2021-08-18 09:30:00,164.36273,153.38617,164.36273,174.2442
2021-08-18 09:00:00,2021-08-18 09:45:00,163.99658,153.10432,163.99658,175.16743
2021-08-18 10:00:00,2021-08-18 10:00:00,139.72412,128.82419,139.72412,151.98833
2021-08-18 10:00:00,2021-08-18 10:15:00,163.8469,152.64557,163.8469,174.34454
2021-08-18 10:00:00,2021-08-18 10:30:00,165.19081,152.70563,165.19081,175.51242
2021-08-18 10:00:00,2021-08-18 10:45:00,164.51479,152.76321,164.51479,175.56528
2021-08-18 11:00:00,2021-08-18 11:00:00,168.41675,158.06363,168.41675,179.82022
2021-08-18 11:00:00,2021-08-18 11:15:00,169.6394,158.9188,169.6394,180.81161
2021-08-18 11:00:00,2021-08-18 11:30:00,171.45767,159.22798,171.45767,182.6423
2021-08-18 11:00:00,2021-08-18 11:45:00,171.07144,158.55307,171.07144,183.34503
2021-08-18 12:00:00,2021-08-18 12:00:00,114.39925,104.773796,114.39925,124.60107
2021-08-18 12:00:00,2021-08-18 12:15:00,99.24585,88.20231,99.24585,109.36891
2021-08-18 12:00:00,2021-08-18 12:30:00,101.960526,90.92157,101.960526,112.815704
2021-08-18 12:00:00,2021-08-18 12:45:00,111.98497,98.64043,111.98497,124.169426
2021-08-18 13:00:00,2021-08-18 13:00:00,150.74121,139.53018,150.74121,162.86699
2021-08-18 13:00:00,2021-08-18 13:15:00,162.23727,149.73589,162.23727,174.09497
2021-08-18 13:00:00,2021-08-18 13:30:00,167.68439,154.34467,167.68439,179.24744
2021-08-18 13:00:00,2021-08-18 13:45:00,167.54861,155.44777,167.54861,179.77515
2021-08-18 14:00:00,2021-08-18 14:00:00,168.03534,157.59964,168.03534,178.10997
2021-08-18 14:00:00,2021-08-18 14:15:00,164.53989,153.82262,164.53989,174.48584
2021-08-18 14:00:00,2021-08-18 14:30:00,167.20624,155.78754,167.20624,177.29059
2021-08-18 14:00:00,2021-08-18 14:45:00,164.39789,152.97372,164.39789,175.60016
2021-08-18 15:00:00,2021-08-18 15:00:00,135.25871,122.703,135.25871,149.36815
2021-08-18 15:00:00,2021-08-18 15:15:00,145.99644,132.55257,145.99644,158.78238
2021-08-18 15:00:00,2021-08-18 15:30:00,173.07812,159.09427,173.07812,185.31299
2021-08-18 15:00:00,2021-08-18 15:45:00,171.90207,159.02167,171.90207,183.93088
2021-08-18 16:00:00,2021-08-18 16:00:00,169.32312,158.30826,169.32312,180.3706
2021-08-18 16:00:00,2021-08-18 16:15:00,163.53287,151.93803,163.53287,174.78511
2021-08-18 16:00:00,2021-08-18 16:30:00,162.06482,149.01117,162.06482,173.5173
2021-08-18 16:00:00,2021-08-18 16:45:00,158.4401,144.65651,158.4401,171.93002
2021-08-18 17:00:00,2021-08-18 17:00:00,115.390305,103.22908,115.390305,130.06334
2021-08-18 17:00:00,2021-08-18 17:15:00,100.90449,85.62166,100.90449,117.1326
2021-08-18 17:00:00,2021-08-18 17:30:00,140.03937,124.87407,140.03937,155.24612
2021-08-18 17:00:00,2021-08-18 17:45:00,153.04527,137.51517,153.04527,166.88795
2021-08-18 18:00:00,2021-08-18 18:00:00,180.26071,167.02155,180.26071,193.50388
2021-08-18 18:00:00,2021-08-18 18:15:00,176.86436,163.28682,176.86436,190.87952
2021-08-18 18:00:00,2021-08-18 18:30:00,175.07431,161.92264,175.07431,189.08878
2021-08-18 18:00:00,2021-08-18 18:45:00,174.41397,161.08185,174.41397,188.06836
2021-08-18 19:00:00,2021-08-18 19:00:00,149.80519,138.76544,149.80519,160.45984
2021-08-18 19:00:00,2021-08-18 19:15:00,138.78635,126.811325,138.78635,151.43985
2021-08-18 19:00:00,2021-08-18 19:30:00,134.13216,120.827545,134.13216,146.61722
2021-08-18 19:00:00,2021-08-18 19:45:00,116.21582,103.49119,116.21582,129.96538
2021-08-18 20:00:00,2021-08-18 20:00:00,106.98793,97.321045,106.98793,117.66739
2021-08-18 20:00:00,2021-08-18 20:15:00,114.12151,103.56564,114.12151,124.34685
2021-08-18 20:00:00,2021-08-18 20:30:00,115.64758,104.90717,115.64758,126.177155
2021-08-18 20:00:00,2021-08-18 20:45:00,116.32077,105.35317,116.32077,126.77771
2021-08-18 21:00:00,2021-08-18 21:00:00,111.05638,102.54872,111.05638,119.33705
2021-08-18 21:00:00,2021-08-18 21:15:00,109.160934,100.19116,109.160934,118.08122
2021-08-18 21:00:00,2021-08-18 21:30:00,109.85582,100.85527,109.85582,119.08173
2021-08-18 21:00:00,2021-08-18 21:45:00,107.91606,98.8239,107.91606,117.19499
2021-08-18 22:00:00,2021-08-18 22:00:00,102.165596,94.3373,102.165596,110.561844
2021-08-18 22:00:00,2021-08-18 22:15:00,110.048706,101.80622,110.048706,117.83738
2021-08-18 22:00:00,2021-08-18 22:30:00,110.63446,101.68384,110.63446,119.146866
2021-08-18 22:00:00,2021-08-18 22:45:00,110.44889,101.74841,110.44889,118.79683
2021-08-18 23:00:00,2021-08-18 23:00:00,103.17714,95.22211,103.17714,111.13469
2021-08-18 23:00:00,2021-08-18 23:15:00,101.14419,92.77824,101.14419,109.80733
2021-08-18 23:00:00,2021-08-18 23:30:00,99.85748,91.07486,99.85748,108.54213
2021-08-18 23:00:00,2021-08-18 23:45:00,80.33806,70.79421,80.33806,89.63436
2021-08-19 00:00:00,2021-08-19 00:00:00,77.26568,67.9435,77.26568,86.045425
2021-08-19 00:00:00,2021-08-19 00:15:00,75.43116,65.43838,75.43116,84.53524
2021-08-19 00:00:00,2021-08-19 00:30:00,71.77528,62.165184,71.77528,81.482925
2021-08-19 00:00:00,2021-08-19 00:45:00,70.75175,60.332417,70.75175,80.64652
2021-08-19 01:00:00,2021-08-19 01:00:00,88.34444,79.73217,88.34444,97.68498
2021-08-19 01:00:00,2021-08-19 01:15:00,99.61435,91.105385,99.61435,108.92127
2021-08-19 01:00:00,2021-08-19 01:30:00,103.07223,93.836975,103.07223,112.09227
2021-08-19 01:00:00,2021-08-19 01:45:00,103.36537,94.13059,103.36537,112.78299
2021-08-19 02:00:00,2021-08-19 02:00:00,105.35251,97.8371,105.35251,113.06691
2021-08-19 02:00:00,2021-08-19 02:15:00,106.83977,98.82048,106.83977,114.52671
2021-08-19 02:00:00,2021-08-19 02:30:00,106.90139,98.92188,106.90139,114.426605
2021-08-19 02:00:00,2021-08-19 02:45:00,107.0874,98.912254,107.0874,115.28435
2021-08-19 03:00:00,2021-08-19 03:00:00,94.27786,85.355774,94.27786,103.94888
2021-08-19 03:00:00,2021-08-19 03:15:00,105.90971,97.38374,105.90971,114.93635
2021-08-19 03:00:00,2021-08-19 03:30:00,109.43251,100.43692,109.43251,118.22418
2021-08-19 03:00:00,2021-08-19 03:45:00,107.82119,99.58183,107.82119,116.39897
2021-08-19 04:00:00,2021-08-19 04:00:00,104.68349,96.63052,104.68349,113.32649
2021-08-19 04:00:00,2021-08-19 04:15:00,104.94258,96.876114,104.94258,113.25606
2021-08-19 04:00:00,2021-08-19 04:30:00,103.89342,95.04639,103.89342,111.76637
2021-08-19 04:00:00,2021-08-19 04:45:00,100.675415,91.45601,100.675415,110.396515
2021-08-19 05:00:00,2021-08-19 05:00:00,82.97145,74.6901,82.97145,90.56316
2021-08-19 05:00:00,2021-08-19 05:15:00,78.21815,70.34473,78.21815,86.42324
2021-08-19 05:00:00,2021-08-19 05:30:00,97.57029,89.06929,97.57029,106.29419
2021-08-19 05:00:00,2021-08-19 05:45:00,108.03447,99.14417,108.03447,117.6756
2021-08-19 06:00:00,2021-08-19 06:00:00,107.99968,100.45468,107.99968,115.73076
2021-08-19 06:00:00,2021-08-19 06:15:00,108.292496,100.93905,108.292496,116.240265
2021-08-19 06:00:00,2021-08-19 06:30:00,106.03726,97.94162,106.03726,114.23215
2021-08-19 06:00:00,2021-08-19 06:45:00,108.3113,99.91111,108.3113,117.247086
2021-08-19 07:00:00,2021-08-19 07:00:00,106.44574,98.16417,106.44574,116.15806
2021-08-19 07:00:00,2021-08-19 07:15:00,118.04129,108.48153,118.04129,129.09872
2021-08-19 07:00:00,2021-08-19 07:30:00,143.43893,131.59642,143.43893,154.65651
2021-08-19 07:00:00,2021-08-19 07:45:00,150.7088,138.82152,150.7088,162.97006
2021-08-19 08:00:00,2021-08-19 08:00:00,163.21487,152.46106,163.21487,174.7451
2021-08-19 08:00:00,2021-08-19 08:15:00,183.19577,172.05412,183.19577,194.47856
2021-08-19 08:00:00,2021-08-19 08:30:00,187.3638,174.90698,187.3638,197.75449
2021-08-19 08:00:00,2021-08-19 08:45:00,183.88855,172.88124,183.88855,195.03934
2021-08-19 09:00:00,2021-08-19 09:00:00,164.56693,153.26514,164.56693,175.18173
2021-08-19 09:00:00,2021-08-19 09:15:00,168.64957,157.15854,168.64957,179.73033
2021-08-19 09:00:00,2021-08-19 09:30:00,172.04843,159.73077,172.04843,183.55777
2021-08-19 09:00:00,2021-08-19 09:45:00,170.6458,158.67212,170.6458,183.2392
2021-08-19 10:00:00,2021-08-19 10:00:00,142.66714,129.97876,142.66714,155.99434
2021-08-19 10:00:00,2021-08-19 10:15:00,173.92975,161.91608,173.92975,185.4253
2021-08-19 10:00:00,2021-08-19 10:30:00,174.14679,160.8114,174.14679,184.99754
2021-08-19 10:00:00,2021-08-19 10:45:00,174.31583,162.41605,174.31583,185.71977
2021-08-19 11:00:00,2021-08-19 11:00:00,175.62198,164.95294,175.62198,187.70473
2021-08-19 11:00:00,2021-08-19 11:15:00,177.84558,166.58105,177.84558,189.53363
2021-08-19 11:00:00,2021-08-19 11:30:00,182.69243,169.91637,182.69243,194.12086
2021-08-19 11:00:00,2021-08-19 11:45:00,181.1081,168.17108,181.1081,193.66193
2021-08-19 12:00:00,2021-08-19 12:00:00,117.809906,107.48372,117.809906,129.27509
2021-08-19 12:00:00,2021-08-19 12:15:00,101.49504,90.02679,101.49504,112.29487
2021-08-19 12:00:00,2021-08-19 12:30:00,103.48364,91.65858,103.48364,115.05983
2021-08-19 12:00:00,2021-08-19 12:45:00,118.90135,105.121315,118.90135,132.46574
2021-08-19 13:00:00,2021-08-19 13:00:00,157.75641,145.82272,157.75641,170.65265
2021-08-19 13:00:00,2021-08-19 13:15:00,171.77368,158.74634,171.77368,184.23518
2021-08-19 13:00:00,2021-08-19 13:30:00,175.3437,161.23126,175.3437,187.36664
2021-08-19 13:00:00,2021-08-19 13:45:00,174.97166,162.42531,174.97166,187.8744
2021-08-19 14:00:00,2021-08-19 14:00:00,171.87958,160.50504,171.87958,183.10326
2021-08-19 14:00:00,2021-08-19 14:15:00,169.26007,157.59103,169.26007,180.56374
2021-08-19 14:00:00,2021-08-19 14:30:00,170.89021,158.01959,170.89021,182.40167
2021-08-19 14:00:00,2021-08-19 14:45:00,168.86902,156.41824,168.86902,181.41609
2021-08-19 15:00:00,2021-08-19 15:00:00,135.10573,122.18214,135.10573,149.72203
2021-08-19 15:00:00,2021-08-19 15:15:00,153.64383,139.38647,153.64383,166.45828
2021-08-19 15:00:00,2021-08-19 15:30:00,177.48209,163.04297,177.48209,189.92917
2021-08-19 15:00:00,2021-08-19 15:45:00,176.99722,164.12234,176.99722,188.98079
2021-08-19 16:00:00,2021-08-19 16:00:00,171.8393,160.07455,171.8393,183.46231
2021-08-19 16:00:00,2021-08-19 16:15:00,166.9556,155.20364,166.9556,179.0232
2021-08-19 16:00:00,2021-08-19 16:30:00,159.83286,146.46304,159.83286,171.44638
2021-08-19 16:00:00,2021-08-19 16:45:00,157.16321,143.8479,157.16321,170.53314
2021-08-19 17:00:00,2021-08-19 17:00:00,120.30853,109.01165,120.30853,133.0159
2021-08-19 17:00:00,2021-08-19 17:15:00,106.16473,93.02876,106.16473,120.06449
2021-08-19 17:00:00,2021-08-19 17:30:00,147.58951,134.42381,147.58951,159.2636
2021-08-19 17:00:00,2021-08-19 17:45:00,160.52223,148.51642,160.52223,171.80804
2021-08-19 18:00:00,2021-08-19 18:00:00,157.83926,147.18971,157.83926,168.88464
2021-08-19 18:00:00,2021-08-19 18:15:00,160.6241,150.08353,160.6241,172.102
2021-08-19 18:00:00,2021-08-19 18:30:00,163.67416,152.11684,163.67416,174.73257
2021-08-19 18:00:00,2021-08-19 18:45:00,158.26526,146.81464,158.26526,169.64201
2021-08-19 19:00:00,2021-08-19 19:00:00,151.14084,141.10947,151.14084,160.56302
2021-08-19 19:00:00,2021-08-19 19:15:00,144.65591,134.18216,144.65591,155.7231
2021-08-19 19:00:00,2021-08-19 19:30:00,136.3682,124.46588,136.3682,147.15616
2021-08-19 19:00:00,2021-08-19 19:45:00,119.20389,108.10978,119.20389,130.77164
2021-08-19 20:00:00,2021-08-19 20:00:00,116.12949,107.36567,116.12949,124.57208
2021-08-19 20:00:00,2021-08-19 20:15:00,120.03897,110.88042,120.03897,128.28015
2021-08-19 20:00:00,2021-08-19 20:30:00,119.97974,110.37895,119.97974,128.55856
2021-08-19 20:00:00,2021-08-19 20:45:00,118.81204,109.4483,118.81204,127.65733
2021-08-19 21:00:00,2021-08-19 21:00:00,116.170746,107.778076,116.170746,123.94635
2021-08-19 21:00:00,2021-08-19 21:15:00,114.95715,106.56191,114.95715,122.68106
2021-08-19 21:00:00,2021-08-19 21:30:00,115.1924,106.409836,115.1924,123.203995
2021-08-19 21:00:00,2021-08-19 21:45:00,113.493774,104.97263,113.493774,121.64757
2021-08-19 22:00:00,2021-08-19 22:00:00,102.37958,94.84277,102.37958,110.40645
2021-08-19 22:00:00,2021-08-19 22:15:00,115.29105,107.39699,115.29105,122.47397
2021-08-19 22:00:00,2021-08-19 22:30:00,114.794685,106.27978,114.794685,122.14696
2021-08-19 22:00:00,2021-08-19 22:45:00,112.25098,104.170006,112.25098,119.908264
2021-08-19 23:00:00,2021-08-19 23:00:00,110.152626,102.57979,110.152626,117.08946
2021-08-19 23:00:00,2021-08-19 23:15:00,108.85421,101.13224,108.85421,116.16281
2021-08-19 23:00:00,2021-08-19 23:30:00,105.50841,97.28427,105.50841,113.17088
2021-08-19 23:00:00,2021-08-19 23:45:00,88.4805,79.76282,88.4805,97.22556
2021-08-20 00:00:00,2021-08-20 00:00:00,81.07744,72.965385,81.07744,88.489334
2021-08-20 00:00:00,2021-08-20 00:15:00,77.598114,68.46399,77.598114,85.49157
2021-08-20 00:00:00,2021-08-20 00:30:00,73.07216,64.04856,73.07216,81.6048
2021-08-20 00:00:00,2021-08-20 00:45:00,70.85241,61.319855,70.85241,79.51386
2021-08-20 01:00:00,2021-08-20 01:00:00,88.80261,81.79029,88.80261,96.721306
2021-08-20 01:00:00,2021-08-20 01:15:00,101.89505,94.748665,101.89505,109.31738
2021-08-20 01:00:00,2021-08-20 01:30:00,106.45639,98.87531,106.45639,113.50113
2021-08-20 01:00:00,2021-08-20 01:45:00,108.6063,101.48421,108.6063,116.09917
2021-08-20 02:00:00,2021-08-20 02:00:00,104.776886,98.04434,104.776886,111.938446
2021-08-20 02:00:00,2021-08-20 02:15:00,107.579865,99.95172,107.579865,114.80792
2021-08-20 02:00:00,2021-08-20 02:30:00,106.28311,98.64697,106.28311,113.33777
2021-08-20 02:00:00,2021-08-20 02:45:00,108.71271,100.68349,108.71271,116.14033
2021-08-20 03:00:00,2021-08-20 03:00:00,93.95195,86.50645,93.95195,101.99316
2021-08-20 03:00:00,2021-08-20 03:15:00,106.46175,98.93144,106.46175,113.78865
2021-08-20 03:00:00,2021-08-20 03:30:00,109.732635,101.866806,109.732635,117.03723
2021-08-20 03:00:00,2021-08-20 03:45:00,107.150986,99.92732,107.150986,114.16066
2021-08-20 04:00:00,2021-08-20 04:00:00,103.18768,96.64402,103.18768,110.21713
2021-08-20 04:00:00,2021-08-20 04:15:00,104.763214,97.96661,104.763214,111.36607
2021-08-20 04:00:00,2021-08-20 04:30:00,104.14577,96.91635,104.14577,110.63776
2021-08-20 04:00:00,2021-08-20 04:45:00,100.49295,92.9899,100.49295,108.89779
2021-08-20 05:00:00,2021-08-20 05:00:00,84.57547,76.03499,84.57547,92.59357
2021-08-20 05:00:00,2021-08-20 05:15:00,79.28012,70.86313,79.28012,87.74052
2021-08-20 05:00:00,2021-08-20 05:30:00,95.98389,87.4099,95.98389,104.72911
2021-08-20 05:00:00,2021-08-20 05:45:00,105.70837,97.14822,105.70837,115.00778
2021-08-20 06:00:00,2021-08-20 06:00:00,105.37111,98.1734,105.37111,112.84697
2021-08-20 06:00:00,2021-08-20 06:15:00,106.65323,99.47338,106.65323,114.57634
2021-08-20 06:00:00,2021-08-20 06:30:00,103.93953,96.05521,103.93953,112.08619
2021-08-20 06:00:00,2021-08-20 06:45:00,104.065414,95.43332,104.065414,112.76773
2021-08-20 07:00:00,2021-08-20 07:00:00,105.59894,97.47012,105.59894,114.699684
2021-08-20 07:00:00,2021-08-20 07:15:00,119.192245,110.140015,119.192245,129.17355
2021-08-20 07:00:00,2021-08-20 07:30:00,142.1705,130.8011,142.1705,152.66003
2021-08-20 07:00:00,2021-08-20 07:45:00,146.51445,134.8647,146.51445,158.32574
2021-08-20 08:00:00,2021-08-20 08:00:00,160.23462,149.47096,160.23462,171.46373
2021-08-20 08:00:00,2021-08-20 08:15:00,177.41078,166.4475,177.41078,188.52164
2021-08-20 08:00:00,2021-08-20 08:30:00,181.38876,169.23178,181.38876,191.65057
2021-08-20 08:00:00,2021-08-20 08:45:00,176.26111,165.39197,176.26111,187.55196
2021-08-20 09:00:00,2021-08-20 09:00:00,169.319,159.44374,169.319,178.68723
2021-08-20 09:00:00,2021-08-20 09:15:00,171.95428,162.5493,171.95428,181.05841
2021-08-20 09:00:00,2021-08-20 09:30:00,175.9364,166.02917,175.9364,185.07153
2021-08-20 09:00:00,2021-08-20 09:45:00,174.65045,165.05923,174.65045,184.89886
2021-08-20 10:00:00,2021-08-20 10:00:00,140.97983,130.04964,140.97983,152.88142
2021-08-20 10:00:00,2021-08-20 10:15:00,169.54019,159.44232,169.54019,179.60057
2021-08-20 10:00:00,2021-08-20 10:30:00,170.07346,158.33035,170.07346,179.78528
2021-08-20 10:00:00,2021-08-20 10:45:00,170.93016,160.52779,170.93016,181.16675
2021-08-20 11:00:00,2021-08-20 11:00:00,170.50717,160.99829,170.50717,180.8148
2021-08-20 11:00:00,2021-08-20 11:15:00,173.53145,163.56277,173.53145,183.79994
2021-08-20 11:00:00,2021-08-20 11:30:00,176.32928,165.1311,176.32928,186.42096
2021-08-20 11:00:00,2021-08-20 11:45:00,172.97919,161.29361,172.97919,184.52438
2021-08-20 12:00:00,2021-08-20 12:00:00,122.16664,110.97496,122.16664,134.15553
2021-08-20 12:00:00,2021-08-20 12:15:00,104.02822,92.45502,104.02822,115.352066
2021-08-20 12:00:00,2021-08-20 12:30:00,103.48978,90.87106,103.48978,115.914825
2021-08-20 12:00:00,2021-08-20 12:45:00,126.6583,112.659584,126.6583,141.81413
2021-08-20 13:00:00,2021-08-20 13:00:00,169.83987,157.23718,169.83987,181.47444
2021-08-20 13:00:00,2021-08-20 13:15:00,174.4556,162.69357,174.4556,185.73073
2021-08-20 13:00:00,2021-08-20 13:30:00,173.70508,160.68198,173.70508,184.44632
2021-08-20 13:00:00,2021-08-20 13:45:00,174.95312,163.5221,174.95312,186.79086
2021-08-20 14:00:00,2021-08-20 14:00:00,178.3501,167.94952,178.3501,188.39267
2021-08-20 14:00:00,2021-08-20 14:15:00,171.71219,161.1299,171.71219,181.19662
2021-08-20 14:00:00,2021-08-20 14:30:00,172.01721,160.05179,172.01721,181.66519
2021-08-20 14:00:00,2021-08-20 14:45:00,174.78275,163.98343,174.78275,185.31737
2021-08-20 15:00:00,2021-08-20 15:00:00,136.46733,123.70624,136.46733,150.03462
2021-08-20 15:00:00,2021-08-20 15:15:00,163.20885,149.89883,163.20885,174.88684
2021-08-20 15:00:00,2021-08-20 15:30:00,178.87852,165.8942,178.87852,190.57408
2021-08-20 15:00:00,2021-08-20 15:45:00,176.35281,164.58542,176.35281,187.3811
2021-08-20 16:00:00,2021-08-20 16:00:00,168.6119,157.18024,168.6119,179.57098
2021-08-20 16:00:00,2021-08-20 16:15:00,165.18481,153.69489,165.18481,177.07158
2021-08-20 16:00:00,2021-08-20 16:30:00,159.92505,147.02693,159.92505,171.24377
2021-08-20 16:00:00,2021-08-20 16:45:00,155.05055,142.01733,155.05055,168.07779
2021-08-20 17:00:00,2021-08-20 17:00:00,121.481224,110.32626,121.481224,133.20714
2021-08-20 17:00:00,2021-08-20 17:15:00,104.86078,92.31103,104.86078,117.7161
2021-08-20 17:00:00,2021-08-20 17:30:00,145.34409,132.69882,145.34409,155.95113
2021-08-20 17:00:00,2021-08-20 17:45:00,158.01535,147.02939,158.01535,168.16156
2021-08-20 18:00:00,2021-08-20 18:00:00,161.77878,151.01688,161.77878,172.33945
2021-08-20 18:00:00,2021-08-20 18:15:00,160.29187,149.59946,160.29187,171.29614
2021-08-20 18:00:00,2021-08-20 18:30:00,163.11331,151.5168,163.11331,173.49818
2021-08-20 18:00:00,2021-08-20 18:45:00,159.31851,148.15057,159.31851,170.10434
2021-08-20 19:00:00,2021-08-20 19:00:00,153.25787,143.43314,153.25787,161.99922
2021-08-20 19:00:00,2021-08-20 19:15:00,146.65935,137.0492,146.65935,156.88548
2021-08-20 19:00:00,2021-08-20 19:30:00,139.16779,128.20932,139.16779,149.07144
2021-08-20 19:00:00,2021-08-20 19:45:00,122.24607,111.89299,122.24607,132.9152
2021-08-20 20:00:00,2021-08-20 20:00:00,101.41075,92.86869,101.41075,110.66756
2021-08-20 20:00:00,2021-08-20 20:15:00,109.37741,99.98449,109.37741,118.101166
2021-08-20 20:00:00,2021-08-20 20:30:00,115.36043,105.2478,115.36043,124.163956
2021-08-20 20:00:00,2021-08-20 20:45:00,112.831696,103.24359,112.831696,121.62451
2021-08-20 21:00:00,2021-08-20 21:00:00,112.24753,103.79213,112.24753,120.00598
2021-08-20 21:00:00,2021-08-20 21:15:00,111.252396,102.69478,111.252396,119.140396
2021-08-20 21:00:00,2021-08-20 21:30:00,111.75345,102.63336,111.75345,120.1057
2021-08-20 21:00:00,2021-08-20 21:45:00,110.59895,101.45363,110.59895,118.89347
2021-08-20 22:00:00,2021-08-20 22:00:00,98.16793,90.33238,98.16793,106.10671
2021-08-20 22:00:00,2021-08-20 22:15:00,112.02824,104.05611,112.02824,118.928
2021-08-20 22:00:00,2021-08-20 22:30:00,113.440796,105.07361,113.440796,120.59102
2021-08-20 22:00:00,2021-08-20 22:45:00,112.30881,103.83417,112.30881,119.35232
2021-08-20 23:00:00,2021-08-20 23:00:00,109.08392,101.83941,109.08392,115.70079
2021-08-20 23:00:00,2021-08-20 23:15:00,106.685104,98.92973,106.685104,113.5813
2021-08-20 23:00:00,2021-08-20 23:30:00,100.51871,92.32338,100.51871,107.84419
2021-08-20 23:00:00,2021-08-20 23:45:00,85.61881,76.358894,85.61881,94.64789
2021-08-21 00:00:00,2021-08-21 00:00:00,67.93197,59.09006,67.93197,75.328606
2021-08-21 00:00:00,2021-08-21 00:15:00,64.62208,56.030052,64.62208,72.752975
2021-08-21 00:00:00,2021-08-21 00:30:00,62.41629,53.834846,62.41629,70.35175
2021-08-21 00:00:00,2021-08-21 00:45:00,62.4914,53.00746,62.4914,70.81877
2021-08-21 01:00:00,2021-08-21 01:00:00,80.974625,74.34207,80.974625,88.29704
2021-08-21 01:00:00,2021-08-21 01:15:00,95.43121,88.44557,95.43121,102.417915
2021-08-21 01:00:00,2021-08-21 01:30:00,101.93236,94.65983,101.93236,108.63165
2021-08-21 01:00:00,2021-08-21 01:45:00,102.81145,95.66136,102.81145,109.631424
2021-08-21 02:00:00,2021-08-21 02:00:00,100.53357,93.3399,100.53357,107.66603
2021-08-21 02:00:00,2021-08-21 02:15:00,101.35964,93.79811,101.35964,108.39044
2021-08-21 02:00:00,2021-08-21 02:30:00,100.8891,93.24581,100.8891,107.50502
2021-08-21 02:00:00,2021-08-21 02:45:00,100.00019,92.33217,100.00019,106.88976
2021-08-21 03:00:00,2021-08-21 03:00:00,86.74161,79.62625,86.74161,94.09128
2021-08-21 03:00:00,2021-08-21 03:15:00,93.567215,86.59473,93.567215,100.6037
2021-08-21 03:00:00,2021-08-21 03:30:00,96.663704,89.358246,96.663704,103.3513
2021-08-21 03:00:00,2021-08-21 03:45:00,97.03184,89.94742,97.03184,103.78539
2021-08-21 04:00:00,2021-08-21 04:00:00,98.182526,91.37309,98.182526,104.47746
2021-08-21 04:00:00,2021-08-21 04:15:00,97.20541,90.292175,97.20541,103.67333
2021-08-21 04:00:00,2021-08-21 04:30:00,97.0577,90.186935,97.0577,103.419136
2021-08-21 04:00:00,2021-08-21 04:45:00,95.74283,88.20746,95.74283,102.01308
2021-08-21 05:00:00,2021-08-21 05:00:00,88.602066,82.73421,88.602066,95.41878
2021-08-21 05:00:00,2021-08-21 05:15:00,83.017296,74.788864,83.017296,91.436646
2021-08-21 05:00:00,2021-08-21 05:30:00,100.8226,92.24075,100.8226,109.89357
2021-08-21 05:00:00,2021-08-21 05:45:00,110.15918,100.79386,110.15918,119.30631
2021-08-21 06:00:00,2021-08-21 06:00:00,111.16977,101.00263,111.16977,117.66817
2021-08-21 06:00:00,2021-08-21 06:15:00,114.36148,97.864296,114.36148,123.0105
2021-08-21 06:00:00,2021-08-21 06:30:00,117.030594,91.16263,117.030594,128.36151
2021-08-21 06:00:00,2021-08-21 06:45:00,118.91885,82.11328,118.91885,129.63313
2021-08-21 07:00:00,2021-08-21 07:00:00,74.998245,62.964382,74.998245,83.64972
2021-08-21 07:00:00,2021-08-21 07:15:00,59.90694,45.5498,59.90694,72.38047
2021-08-21 07:00:00,2021-08-21 07:30:00,36.177048,25.819084,36.177048,51.628517
2021-08-21 07:00:00,2021-08-21 07:45:00,24.876644,20.524754,24.876644,37.08062
2021-08-21 08:00:00,2021-08-21 08:00:00,23.793373,20.57106,23.793373,27.579914
2021-08-21 08:00:00,2021-08-21 08:15:00,22.54071,19.6679,22.54071,26.026596
2021-08-21 08:00:00,2021-08-21 08:30:00,21.92968,19.127033,21.92968,25.36039
2021-08-21 08:00:00,2021-08-21 08:45:00,22.073093,19.424065,22.073093,24.996452
2021-08-21 09:00:00,2021-08-21 09:00:00,21.768833,19.858776,21.768833,23.823841
2021-08-21 09:00:00,2021-08-21 09:15:00,21.58559,19.736706,21.58559,23.673481
2021-08-21 09:00:00,2021-08-21 09:30:00,21.722824,19.810074,21.722824,23.812561
2021-08-21 09:00:00,2021-08-21 09:45:00,21.913345,19.963615,21.913345,23.797096
2021-08-21 10:00:00,2021-08-21 10:00:00,21.872417,20.653831,21.872417,22.964043
2021-08-21 10:00:00,2021-08-21 10:15:00,21.744362,20.54285,21.744362,22.958847
2021-08-21 10:00:00,2021-08-21 10:30:00,21.816177,20.462986,21.816177,22.974522
2021-08-21 10:00:00,2021-08-21 10:45:00,21.927925,20.553238,21.927925,22.939995
2021-08-21 11:00:00,2021-08-21 11:00:00,22.123047,21.187458,22.123047,23.031818
2021-08-21 11:00:00,2021-08-21 11:15:00,22.024643,21.042458,22.024643,23.050785
2021-08-21 11:00:00,2021-08-21 11:30:00,22.116997,20.945896,22.116997,23.088238
2021-08-21 11:00:00,2021-08-21 11:45:00,22.09591,20.9733,22.09591,23.018997
2021-08-21 12:00:00,2021-08-21 12:00:00,22.160515,20.84438,22.160515,23.51464
2021-08-21 12:00:00,2021-08-21 12:15:00,21.977112,20.69205,21.977112,23.351868
2021-08-21 12:00:00,2021-08-21 12:30:00,21.961185,20.688217,21.961185,23.193829
2021-08-21 12:00:00,2021-08-21 12:45:00,22.168396,20.911392,22.168396,23.169838
2021-08-21 13:00:00,2021-08-21 13:00:00,22.138123,21.044395,22.138123,23.198082
2021-08-21 13:00:00,2021-08-21 13:15:00,22.065086,20.939259,22.065086,23.222252
2021-08-21 13:00:00,2021-08-21 13:30:00,22.145374,20.988834,22.145374,23.21872
2021-08-21 13:00:00,2021-08-21 13:45:00,22.243847,21.081314,22.243847,23.175224
2021-08-21 14:00:00,2021-08-21 14:00:00,22.022766,21.040245,22.022766,22.929672
2021-08-21 14:00:00,2021-08-21 14:15:00,21.93216,20.946205,21.93216,22.91172
2021-08-21 14:00:00,2021-08-21 14:30:00,22.065239,20.946716,22.065239,22.97078
2021-08-21 14:00:00,2021-08-21 14:45:00,22.012474,20.878529,22.012474,22.900002
2021-08-21 15:00:00,2021-08-21 15:00:00,22.983845,21.340405,22.983845,24.71793
2021-08-21 15:00:00,2021-08-21 15:15:00,23.111725,21.352673,23.111725,24.987
2021-08-21 15:00:00,2021-08-21 15:30:00,23.260052,21.485058,23.260052,25.150433
2021-08-21 15:00:00,2021-08-21 15:45:00,23.050125,21.370472,23.050125,24.77238
2021-08-21 16:00:00,2021-08-21 16:00:00,22.351429,21.08469,22.351429,23.705963
2021-08-21 16:00:00,2021-08-21 16:15:00,22.189465,20.963718,22.189465,23.573246
2021-08-21 16:00:00,2021-08-21 16:30:00,22.202332,20.925785,22.202332,23.470016
2021-08-21 16:00:00,2021-08-21 16:45:00,22.255032,21.051773,22.255032,23.37936
2021-08-21 17:00:00,2021-08-21 17:00:00,22.132633,21.158348,22.132633,23.008877
2021-08-21 17:00:00,2021-08-21 17:15:00,22.008614,21.098442,22.008614,22.961212
2021-08-21 17:00:00,2021-08-21 17:30:00,22.132378,21.049622,22.132378,23.010212
2021-08-21 17:00:00,2021-08-21 17:45:00,22.105896,21.013672,22.105896,22.996662
2021-08-21 18:00:00,2021-08-21 18:00:00,22.179588,21.223553,22.179588,23.060493
2021-08-21 18:00:00,2021-08-21 18:15:00,22.074856,21.168941,22.074856,23.00312
2021-08-21 18:00:00,2021-08-21 18:30:00,22.137478,21.129715,22.137478,22.969753
2021-08-21 18:00:00,2021-08-21 18:45:00,22.099247,21.06694,22.099247,22.882778
2021-08-21 19:00:00,2021-08-21 19:00:00,23.049389,21.302269,23.049389,24.902924
2021-08-21 19:00:00,2021-08-21 19:15:00,22.726322,21.071712,22.726322,24.588387
2021-08-21 19:00:00,2021-08-21 19:30:00,22.50224,20.862938,22.50224,24.20623
2021-08-21 19:00:00,2021-08-21 19:45:00,22.526047,20.901928,22.526047,24.094181
2021-08-21 20:00:00,2021-08-21 20:00:00,22.261131,21.00145,22.261131,23.472061
2021-08-21 20:00:00,2021-08-21 20:15:00,22.202744,21.027935,22.202744,23.474407
2021-08-21 20:00:00,2021-08-21 20:30:00,22.32491,21.023037,22.32491,23.469776
2021-08-21 20:00:00,2021-08-21 20:45:00,22.306057,21.02481,22.306057,23.49524
2021-08-21 21:00:00,2021-08-21 21:00:00,22.335255,21.372349,22.335255,23.260628
2021-08-21 21:00:00,2021-08-21 21:15:00,22.259506,21.318409,22.259506,23.237087
2021-08-21 21:00:00,2021-08-21 21:30:00,22.333893,21.296268,22.333893,23.162228
2021-08-21 21:00:00,2021-08-21 21:45:00,22.280796,21.17955,22.280796,23.114227
2021-08-21 22:00:00,2021-08-21 22:00:00,22.66737,21.326172,22.66737,23.849754
2021-08-21 22:00:00,2021-08-21 22:15:00,22.82523,21.368507,22.82523,24.300411
2021-08-21 22:00:00,2021-08-21 22:30:00,22.71922,21.312065,22.71922,23.976246
2021-08-21 22:00:00,2021-08-21 22:45:00,22.556984,21.294964,22.556984,23.613571
2021-08-21 23:00:00,2021-08-21 23:00:00,23.082771,21.368324,23.082771,24.909737
2021-08-21 23:00:00,2021-08-21 23:15:00,23.1333,21.33073,23.1333,25.01926
2021-08-21 23:00:00,2021-08-21 23:30:00,23.046562,21.213726,23.046562,24.840527
2021-08-21 23:00:00,2021-08-21 23:45:00,22.880333,21.085526,22.880333,24.543034
2021-08-22 00:00:00,2021-08-22 00:00:00,22.065964,20.401642,22.065964,23.699566
2021-08-22 00:00:00,2021-08-22 00:15:00,22.043484,20.580635,22.043484,23.674397
2021-08-22 00:00:00,2021-08-22 00:30:00,22.201294,20.689827,22.201294,23.7439
2021-08-22 00:00:00,2021-08-22 00:45:00,22.456676,20.972813,22.456676,23.959442
2021-08-22 01:00:00,2021-08-22 01:00:00,22.569504,21.242691,22.569504,23.971798
2021-08-22 01:00:00,2021-08-22 01:15:00,22.761688,21.299206,22.761688,24.273293
2021-08-22 01:00:00,2021-08-22 01:30:00,22.967117,21.460358,22.967117,24.544754
2021-08-22 01:00:00,2021-08-22 01:45:00,23.153973,21.304249,23.153973,24.84219
2021-08-22 02:00:00,2021-08-22 02:00:00,23.708015,22.039871,23.708015,25.533302
2021-08-22 02:00:00,2021-08-22 02:15:00,23.018085,21.511532,23.018085,24.722229
2021-08-22 02:00:00,2021-08-22 02:30:00,22.486,21.115376,22.486,23.979378
2021-08-22 02:00:00,2021-08-22 02:45:00,22.549446,21.140194,22.549446,23.872162
2021-08-22 03:00:00,2021-08-22 03:00:00,22.6339,21.087368,22.6339,24.165771
2021-08-22 03:00:00,2021-08-22 03:15:00,22.750652,21.263264,22.750652,24.357494
2021-08-22 03:00:00,2021-08-22 03:30:00,22.902142,21.343807,22.902142,24.390022
2021-08-22 03:00:00,2021-08-22 03:45:00,22.89375,21.365524,22.89375,24.455162
2021-08-22 04:00:00,2021-08-22 04:00:00,22.491726,21.11346,22.491726,23.952656
2021-08-22 04:00:00,2021-08-22 04:15:00,22.595737,21.186256,22.595737,24.150585
2021-08-22 04:00:00,2021-08-22 04:30:00,22.725842,21.237953,22.725842,24.160007
2021-08-22 04:00:00,2021-08-22 04:45:00,22.735943,21.338108,22.735943,24.220917
2021-08-22 05:00:00,2021-08-22 05:00:00,22.667778,21.121857,22.667778,24.260273
2021-08-22 05:00:00,2021-08-22 05:15:00,22.599636,21.009186,22.599636,24.262733
2021-08-22 05:00:00,2021-08-22 05:30:00,22.42633,20.979359,22.42633,23.909916
2021-08-22 05:00:00,2021-08-22 05:45:00,22.401634,21.125225,22.401634,23.643837
2021-08-22 06:00:00,2021-08-22 06:00:00,22.968117,21.098976,22.968117,24.818024
2021-08-22 06:00:00,2021-08-22 06:15:00,22.490643,20.580158,22.490643,24.397015
2021-08-22 06:00:00,2021-08-22 06:30:00,22.055317,20.322315,22.055317,23.763794
2021-08-22 06:00:00,2021-08-22 06:45:00,21.937714,20.286263,21.937714,23.374008
2021-08-22 07:00:00,2021-08-22 07:00:00,22.015331,20.492943,22.015331,23.43856
2021-08-22 07:00:00,2021-08-22 07:15:00,21.959782,20.509796,21.959782,23.511047
2021-08-22 07:00:00,2021-08-22 07:30:00,22.136097,20.580791,22.136097,23.627644
2021-08-22 07:00:00,2021-08-22 07:45:00,22.398098,20.877338,22.398098,23.87595
2021-08-22 08:00:00,2021-08-22 08:00:00,22.467842,21.305183,22.467842,23.69778
2021-08-22 08:00:00,2021-08-22 08:15:00,22.633488,21.40435,22.633488,24.027245
2021-08-22 08:00:00,2021-08-22 08:30:00,22.862366,21.484554,22.862366,24.244732
2021-08-22 08:00:00,2021-08-22 08:45:00,22.928139,21.445168,22.928139,24.358303
2021-08-22 09:00:00,2021-08-22 09:00:00,22.235092,21.155666,22.235092,23.420006
2021-08-22 09:00:00,2021-08-22 09:15:00,22.176365,21.097046,22.176365,23.438248
2021-08-22 09:00:00,2021-08-22 09:30:00,22.120945,21.012024,22.120945,23.251534
2021-08-22 09:00:00,2021-08-22 09:45:00,22.179249,21.16122,22.179249,23.065105
2021-08-22 10:00:00,2021-08-22 10:00:00,22.271263,20.967052,22.271263,23.595036
2021-08-22 10:00:00,2021-08-22 10:15:00,22.271717,20.980747,22.271717,23.740765
2021-08-22 10:00:00,2021-08-22 10:30:00,22.321442,20.99086,22.321442,23.651836
2021-08-22 10:00:00,2021-08-22 10:45:00,22.398209,21.084167,22.398209,23.63845
2021-08-22 11:00:00,2021-08-22 11:00:00,22.675495,21.423843,22.675495,23.937737
2021-08-22 11:00:00,2021-08-22 11:15:00,22.668251,21.426865,22.668251,24.04937
2021-08-22 11:00:00,2021-08-22 11:30:00,22.72491,21.40805,22.72491,23.995361
2021-08-22 11:00:00,2021-08-22 11:45:00,22.711586,21.33049,22.711586,23.989002
2021-08-22 12:00:00,2021-08-22 12:00:00,22.42429,21.417374,22.42429,23.515385
2021-08-22 12:00:00,2021-08-22 12:15:00,22.458576,21.382385,22.458576,23.707855
2021-08-22 12:00:00,2021-08-22 12:30:00,22.543716,21.376484,22.543716,23.68665
2021-08-22 12:00:00,2021-08-22 12:45:00,22.494465,21.31374,22.494465,23.632786
2021-08-22 13:00:00,2021-08-22 13:00:00,22.58094,21.45456,22.58094,23.856861
2021-08-22 13:00:00,2021-08-22 13:15:00,22.428444,21.316734,22.428444,23.76611
2021-08-22 13:00:00,2021-08-22 13:30:00,22.318523,21.211605,22.318523,23.492737
2021-08-22 13:00:00,2021-08-22 13:45:00,22.329712,21.244678,22.329712,23.388187
2021-08-22 14:00:00,2021-08-22 14:00:00,22.42733,21.418968,22.42733,23.480309
2021-08-22 14:00:00,2021-08-22 14:15:00,22.425629,21.438847,22.425629,23.585194
2021-08-22 14:00:00,2021-08-22 14:30:00,22.484707,21.400898,22.484707,23.518215
2021-08-22 14:00:00,2021-08-22 14:45:00,22.404583,21.281868,22.404583,23.441132
2021-08-22 15:00:00,2021-08-22 15:00:00,22.709328,21.594341,22.709328,23.824886
2021-08-22 15:00:00,2021-08-22 15:15:00,22.784447,21.67741,22.784447,24.03534
2021-08-22 15:00:00,2021-08-22 15:30:00,22.893051,21.730827,22.893051,24.005054
2021-08-22 15:00:00,2021-08-22 15:45:00,22.909195,21.68462,22.909195,24.020859
2021-08-22 16:00:00,2021-08-22 16:00:00,22.755478,21.588047,22.755478,24.038353
2021-08-22 16:00:00,2021-08-22 16:15:00,22.69373,21.503952,22.69373,24.051853
2021-08-22 16:00:00,2021-08-22 16:30:00,22.591496,21.409924,22.591496,23.79617
2021-08-22 16:00:00,2021-08-22 16:45:00,22.454063,21.286377,22.454063,23.60133
2021-08-22 17:00:00,2021-08-22 17:00:00,22.631401,21.326874,22.631401,24.021748
2021-08-22 17:00:00,2021-08-22 17:15:00,22.544792,21.272957,22.544792,24.011219
2021-08-22 17:00:00,2021-08-22 17:30:00,22.571564,21.20226,22.571564,23.877224
2021-08-22 17:00:00,2021-08-22 17:45:00,22.51096,21.1861,22.51096,23.841991
2021-08-22 18:00:00,2021-08-22 18:00:00,22.590477,21.567299,22.590477,23.638687
2021-08-22 18:00:00,2021-08-22 18:15:00,22.552723,21.572739,22.552723,23.66687
2021-08-22 18:00:00,2021-08-22 18:30:00,22.600788,21.543118,22.600788,23.562931
2021-08-22 18:00:00,2021-08-22 18:45:00,22.551315,21.422482,22.551315,23.51329
2021-08-22 19:00:00,2021-08-22 19:00:00,22.800285,21.723595,22.800285,23.836857
2021-08-22 19:00:00,2021-08-22 19:15:00,22.834686,21.787277,22.834686,23.963669
2021-08-22 19:00:00,2021-08-22 19:30:00,22.867088,21.756313,22.867088,23.82246
2021-08-22 19:00:00,2021-08-22 19:45:00,22.812752,21.655968,22.812752,23.777122
2021-08-22 20:00:00,2021-08-22 20:00:00,22.540092,21.427143,22.540092,23.656502
2021-08-22 20:00:00,2021-08-22 20:15:00,22.479702,21.456684,22.479702,23.665382
2021-08-22 20:00:00,2021-08-22 20:30:00,22.505863,21.418423,22.505863,23.543285
2021-08-22 20:00:00,2021-08-22 20:45:00,22.441788,21.27826,22.441788,23.492706
2021-08-22 21:00:00,2021-08-22 21:00:00,22.752613,21.7566,22.752613,23.79176
2021-08-22 21:00:00,2021-08-22 21:15:00,22.73394,21.791801,22.73394,23.80972
2021-08-22 21:00:00,2021-08-22 21:30:00,22.80429,21.790737,22.80429,23.643349
2021-08-22 21:00:00,2021-08-22 21:45:00,22.718601,21.571533,22.718601,23.675365
2021-08-22 22:00:00,2021-08-22 22:00:00,22.606312,21.711575,22.606312,23.439613
2021-08-22 22:00:00,2021-08-22 22:15:00,22.633923,21.763775,22.633923,23.569122
2021-08-22 22:00:00,2021-08-22 22:30:00,22.743496,21.750095,22.743496,23.471794
2021-08-22 22:00:00,2021-08-22 22:45:00,22.729744,21.668148,22.729744,23.578827
2021-08-22 23:00:00,2021-08-22 23:00:00,22.922424,21.883572,22.922424,24.103214
2021-08-22 23:00:00,2021-08-22 23:15:00,22.93153,21.801907,22.93153,24.166328
2021-08-22 23:00:00,2021-08-22 23:30:00,22.848038,21.657772,22.848038,23.845867
2021-08-22 23:00:00,2021-08-22 23:45:00,22.656078,21.410557,22.656078,23.730309
2021-08-23 00:00:00,2021-08-23 00:00:00,22.440907,21.097591,22.440907,23.797611
2021-08-23 00:00:00,2021-08-23 00:15:00,22.40474,21.029724,22.40474,23.800957
2021-08-23 00:00:00,2021-08-23 00:30:00,22.373333,21.07645,22.373333,23.548912
2021-08-23 00:00:00,2021-08-23 00:45:00,22.240967,20.845676,22.240967,23.439018
2021-08-23 01:00:00,2021-08-23 01:00:00,22.586285,21.737595,22.586285,23.524563
2021-08-23 01:00:00,2021-08-23 01:15:00,22.607918,21.577412,22.607918,23.641941
2021-08-23 01:00:00,2021-08-23 01:30:00,22.602165,21.549412,22.602165,23.478245
2021-08-23 01:00:00,2021-08-23 01:45:00,22.53759,21.414036,22.53759,23.456501
2021-08-23 02:00:00,2021-08-23 02:00:00,22.683048,21.913883,22.683048,23.458084
2021-08-23 02:00:00,2021-08-23 02:15:00,22.67236,21.811802,22.67236,23.53558
2021-08-23 02:00:00,2021-08-23 02:30:00,22.765644,21.79573,22.765644,23.491951
2021-08-23 02:00:00,2021-08-23 02:45:00,22.686325,21.698544,22.686325,23.44445
2021-08-23 03:00:00,2021-08-23 03:00:00,22.788952,21.90924,22.788952,23.727509
2021-08-23 03:00:00,2021-08-23 03:15:00,22.760296,21.767796,22.760296,23.788208
2021-08-23 03:00:00,2021-08-23 03:30:00,22.742878,21.716045,22.742878,23.589867
2021-08-23 03:00:00,2021-08-23 03:45:00,22.626762,21.53897,22.626762,23.506313
2021-08-23 04:00:00,2021-08-23 04:00:00,23.720665,21.934795,23.720665,25.201073
2021-08-23 04:00:00,2021-08-23 04:15:00,23.430992,21.664585,23.430992,25.291199
2021-08-23 04:00:00,2021-08-23 04:30:00,23.500294,21.590511,23.500294,25.0341
2021-08-23 04:00:00,2021-08-23 04:45:00,23.327724,21.354023,23.327724,24.836143
2021-08-23 05:00:00,2021-08-23 05:00:00,22.457836,20.304379,22.457836,24.782894
2021-08-23 05:00:00,2021-08-23 05:15:00,22.649918,20.448757,22.649918,24.803394
2021-08-23 05:00:00,2021-08-23 05:30:00,23.178062,20.483868,23.178062,25.759079
2021-08-23 05:00:00,2021-08-23 05:45:00,23.460594,21.158916,23.460594,27.132462
2021-08-23 06:00:00,2021-08-23 06:00:00,25.295067,21.639091,25.295067,29.317276
2021-08-23 06:00:00,2021-08-23 06:15:00,24.385017,20.732979,24.385017,29.043232
2021-08-23 06:00:00,2021-08-23 06:30:00,24.951046,20.646095,24.951046,29.574333
2021-08-23 06:00:00,2021-08-23 06:45:00,24.285587,20.059654,24.285587,30.782753
2021-08-23 07:00:00,2021-08-23 07:00:00,22.551815,17.86229,22.551815,27.844631
2021-08-23 07:00:00,2021-08-23 07:15:00,30.145088,22.460873,30.145088,38.656147
2021-08-23 07:00:00,2021-08-23 07:30:00,64.158554,38.48911,64.158554,96.608
2021-08-23 07:00:00,2021-08-23 07:45:00,117.92212,64.351715,117.92212,163.39124
2021-08-23 08:00:00,2021-08-23 08:00:00,123.45952,107.63353,123.45952,138.80875
2021-08-23 08:00:00,2021-08-23 08:15:00,148.46645,125.64586,148.46645,168.81403
2021-08-23 08:00:00,2021-08-23 08:30:00,152.31282,124.63484,152.31282,175.36989
2021-08-23 08:00:00,2021-08-23 08:45:00,152.5122,123.75075,152.5122,179.34929
2021-08-23 09:00:00,2021-08-23 09:00:00,175.1051,162.6416,175.1051,189.25406
2021-08-23 09:00:00,2021-08-23 09:15:00,173.50159,158.85631,173.50159,189.13205
2021-08-23 09:00:00,2021-08-23 09:30:00,172.1383,154.92311,172.1383,188.55356
2021-08-23 09:00:00,2021-08-23 09:45:00,165.09961,144.64925,165.09961,184.12697
2021-08-23 10:00:00,2021-08-23 10:00:00,154.04465,135.81552,154.04465,170.64081
2021-08-23 10:00:00,2021-08-23 10:15:00,171.72235,155.71252,171.72235,188.54907
2021-08-23 10:00:00,2021-08-23 10:30:00,169.43137,151.18895,169.43137,185.07256
2021-08-23 10:00:00,2021-08-23 10:45:00,168.88036,151.94,168.88036,185.09131
2021-08-23 11:00:00,2021-08-23 11:00:00,174.47894,163.68683,174.47894,186.9848
2021-08-23 11:00:00,2021-08-23 11:15:00,175.13153,162.25217,175.13153,188.87726
2021-08-23 11:00:00,2021-08-23 11:30:00,174.92868,159.02338,174.92868,189.3284
2021-08-23 11:00:00,2021-08-23 11:45:00,169.51727,152.41507,169.51727,185.96408
2021-08-23 12:00:00,2021-08-23 12:00:00,129.9199,113.0202,129.9199,146.21426
2021-08-23 12:00:00,2021-08-23 12:15:00,105.266,88.000336,105.266,122.439514
2021-08-23 12:00:00,2021-08-23 12:30:00,106.14572,88.136894,106.14572,124.48378
2021-08-23 12:00:00,2021-08-23 12:45:00,122.40106,102.596695,122.40106,144.25017
2021-08-23 13:00:00,2021-08-23 13:00:00,173.05632,158.34338,173.05632,187.21582
2021-08-23 13:00:00,2021-08-23 13:15:00,176.90186,161.68848,176.90186,191.50775
2021-08-23 13:00:00,2021-08-23 13:30:00,177.07788,159.64195,177.07788,192.08144
2021-08-23 13:00:00,2021-08-23 13:45:00,179.095,163.43462,179.095,195.25513
2021-08-23 14:00:00,2021-08-23 14:00:00,189.73393,177.18906,189.73393,201.0853
2021-08-23 14:00:00,2021-08-23 14:15:00,176.83969,163.49405,176.83969,188.2994
2021-08-23 14:00:00,2021-08-23 14:30:00,180.63322,166.24838,180.63322,192.67941
2021-08-23 14:00:00,2021-08-23 14:45:00,177.5369,163.21089,177.5369,191.2851
2021-08-23 15:00:00,2021-08-23 15:00:00,156.45526,143.30717,156.45526,168.70808
2021-08-23 15:00:00,2021-08-23 15:15:00,172.4915,158.56995,172.4915,184.7815
2021-08-23 15:00:00,2021-08-23 15:30:00,185.1305,170.88379,185.1305,198.70404
2021-08-23 15:00:00,2021-08-23 15:45:00,186.50058,171.60141,186.50058,200.53171
2021-08-23 16:00:00,2021-08-23 16:00:00,192.23468,177.32536,192.23468,204.9947
2021-08-23 16:00:00,2021-08-23 16:15:00,187.48701,171.4443,187.48701,201.68579
2021-08-23 16:00:00,2021-08-23 16:30:00,181.37488,161.62439,181.37488,197.67358
2021-08-23 16:00:00,2021-08-23 16:45:00,173.12613,151.60052,173.12613,191.6679
2021-08-23 17:00:00,2021-08-23 17:00:00,136.70175,118.16995,136.70175,151.82446
2021-08-23 17:00:00,2021-08-23 17:15:00,125.442024,102.42261,125.442024,146.53793
2021-08-23 17:00:00,2021-08-23 17:30:00,143.4029,115.71477,143.4029,164.75052
2021-08-23 17:00:00,2021-08-23 17:45:00,145.7934,115.20314,145.7934,170.19418
2021-08-23 18:00:00,2021-08-23 18:00:00,172.78513,158.31876,172.78513,185.53767
2021-08-23 18:00:00,2021-08-23 18:15:00,168.90225,152.60394,168.90225,184.85873
2021-08-23 18:00:00,2021-08-23 18:30:00,168.52281,149.96768,168.52281,184.68567
2021-08-23 18:00:00,2021-08-23 18:45:00,163.52852,141.78055,163.52852,181.3344
2021-08-23 19:00:00,2021-08-23 19:00:00,132.38959,113.951485,132.38959,147.38797
2021-08-23 19:00:00,2021-08-23 19:15:00,127.64537,108.31665,127.64537,144.5545
2021-08-23 19:00:00,2021-08-23 19:30:00,119.90457,100.987434,119.90457,136.90579
2021-08-23 19:00:00,2021-08-23 19:45:00,107.570305,89.19452,107.570305,124.676765
2021-08-23 20:00:00,2021-08-23 20:00:00,105.68008,95.31092,105.68008,115.23015
2021-08-23 20:00:00,2021-08-23 20:15:00,113.13989,102.58849,113.13989,123.16991
2021-08-23 20:00:00,2021-08-23 20:30:00,115.894104,104.41768,115.894104,126.52634
2021-08-23 20:00:00,2021-08-23 20:45:00,112.87885,100.41251,112.87885,123.821846
2021-08-23 21:00:00,2021-08-23 21:00:00,110.049576,100.97104,110.049576,118.722305
2021-08-23 21:00:00,2021-08-23 21:15:00,111.26691,101.5947,111.26691,120.39397
2021-08-23 21:00:00,2021-08-23 21:30:00,110.67853,100.68223,110.67853,120.47369
2021-08-23 21:00:00,2021-08-23 21:45:00,110.281075,99.55363,110.281075,120.12967
2021-08-23 22:00:00,2021-08-23 22:00:00,94.25508,87.06954,94.25508,102.18089
2021-08-23 22:00:00,2021-08-23 22:15:00,107.56434,99.56189,107.56434,115.20546
2021-08-23 22:00:00,2021-08-23 22:30:00,107.92313,99.41203,107.92313,116.293564
2021-08-23 22:00:00,2021-08-23 22:45:00,106.191475,98.199356,106.191475,114.2455
2021-08-23 23:00:00,2021-08-23 23:00:00,106.65951,99.820465,106.65951,112.76818
2021-08-23 23:00:00,2021-08-23 23:15:00,105.57112,98.65417,105.57112,111.78459
2021-08-23 23:00:00,2021-08-23 23:30:00,101.05404,93.863434,101.05404,107.482574
2021-08-23 23:00:00,2021-08-23 23:45:00,86.024376,77.62398,86.024376,93.1532
2021-08-24 00:00:00,2021-08-24 00:00:00,69.28587,61.517838,69.28587,75.15137
2021-08-24 00:00:00,2021-08-24 00:15:00,65.686806,58.05838,65.686806,72.76249
2021-08-24 00:00:00,2021-08-24 00:30:00,63.460953,55.063686,63.460953,70.54527
2021-08-24 00:00:00,2021-08-24 00:45:00,63.487846,54.412384,63.487846,71.16226
2021-08-24 01:00:00,2021-08-24 01:00:00,90.68602,83.67958,90.68602,97.28314
2021-08-24 01:00:00,2021-08-24 01:15:00,97.31911,91.07856,97.31911,103.8192
2021-08-24 01:00:00,2021-08-24 01:30:00,98.62521,91.94001,98.62521,105.08903
2021-08-24 01:00:00,2021-08-24 01:45:00,98.32087,91.81912,98.32087,105.34424
2021-08-24 02:00:00,2021-08-24 02:00:00,104.2408,97.62115,104.2408,111.32617
2021-08-24 02:00:00,2021-08-24 02:15:00,104.74315,97.84814,104.74315,111.70418
2021-08-24 02:00:00,2021-08-24 02:30:00,103.680916,96.43921,103.680916,110.294525
2021-08-24 02:00:00,2021-08-24 02:45:00,104.04277,96.73617,104.04277,111.32294
2021-08-24 03:00:00,2021-08-24 03:00:00,92.78402,85.93976,92.78402,100.09348
2021-08-24 03:00:00,2021-08-24 03:15:00,105.619026,98.63833,105.619026,113.04317
2021-08-24 03:00:00,2021-08-24 03:30:00,107.58681,100.211464,107.58681,114.78436
2021-08-24 03:00:00,2021-08-24 03:45:00,104.64975,97.859314,104.64975,111.83032
2021-08-24 04:00:00,2021-08-24 04:00:00,103.39922,96.01999,103.39922,110.917076
2021-08-24 04:00:00,2021-08-24 04:15:00,102.20804,94.99107,102.20804,109.920204
2021-08-24 04:00:00,2021-08-24 04:30:00,99.502495,90.974106,99.502495,107.60805
2021-08-24 04:00:00,2021-08-24 04:45:00,98.13596,88.590935,98.13596,107.52435
2021-08-24 05:00:00,2021-08-24 05:00:00,84.79029,76.88031,84.79029,91.58763
2021-08-24 05:00:00,2021-08-24 05:15:00,77.784515,70.41076,77.784515,85.124535
2021-08-24 05:00:00,2021-08-24 05:30:00,99.39229,91.34168,99.39229,107.481064
2021-08-24 05:00:00,2021-08-24 05:45:00,109.00745,100.38826,109.00745,117.86742
2021-08-24 06:00:00,2021-08-24 06:00:00,110.196945,102.41971,110.196945,118.04096
2021-08-24 06:00:00,2021-08-24 06:15:00,112.957825,105.07203,112.957825,121.23338
2021-08-24 06:00:00,2021-08-24 06:30:00,108.58753,100.22196,108.58753,117.06233
2021-08-24 06:00:00,2021-08-24 06:45:00,107.49614,98.52269,107.49614,116.57021
2021-08-24 07:00:00,2021-08-24 07:00:00,108.44297,100.53803,108.44297,116.65141
2021-08-24 07:00:00,2021-08-24 07:15:00,122.18238,113.170456,122.18238,131.3144
2021-08-24 07:00:00,2021-08-24 07:30:00,143.5538,132.01466,143.5538,153.76614
2021-08-24 07:00:00,2021-08-24 07:45:00,144.9767,133.18336,144.9767,157.60043
2021-08-24 08:00:00,2021-08-24 08:00:00,165.08742,153.8187,165.08742,176.66864
2021-08-24 08:00:00,2021-08-24 08:15:00,182.9895,171.2641,182.9895,194.71063
2021-08-24 08:00:00,2021-08-24 08:30:00,185.14806,171.71817,185.14806,196.51068
2021-08-24 08:00:00,2021-08-24 08:45:00,180.61198,168.58131,180.61198,192.7634
2021-08-24 09:00:00,2021-08-24 09:00:00,182.53238,172.86548,182.53238,191.96689
2021-08-24 09:00:00,2021-08-24 09:15:00,181.94525,172.1259,181.94525,190.60736
2021-08-24 09:00:00,2021-08-24 09:30:00,185.46063,174.84198,185.46063,194.69046
2021-08-24 09:00:00,2021-08-24 09:45:00,184.97458,174.71445,184.97458,195.2767
2021-08-24 10:00:00,2021-08-24 10:00:00,151.85648,139.58069,151.85648,165.4169
2021-08-24 10:00:00,2021-08-24 10:15:00,181.97585,169.93637,181.97585,193.81522
2021-08-24 10:00:00,2021-08-24 10:30:00,181.40863,167.87405,181.40863,192.79182
2021-08-24 10:00:00,2021-08-24 10:45:00,180.45302,168.11786,180.45302,192.69469
2021-08-24 11:00:00,2021-08-24 11:00:00,179.44324,170.64609,179.44324,188.87642
2021-08-24 11:00:00,2021-08-24 11:15:00,184.09256,174.22705,184.09256,194.40591
2021-08-24 11:00:00,2021-08-24 11:30:00,187.95685,175.85458,187.95685,198.77512
2021-08-24 11:00:00,2021-08-24 11:45:00,185.20438,172.06937,185.20438,197.92993
2021-08-24 12:00:00,2021-08-24 12:00:00,123.28877,112.463806,123.28877,134.47987
2021-08-24 12:00:00,2021-08-24 12:15:00,103.442566,90.83559,103.442566,114.39003
2021-08-24 12:00:00,2021-08-24 12:30:00,105.08656,91.926865,105.08656,117.07655
2021-08-24 12:00:00,2021-08-24 12:45:00,124.68163,109.49218,124.68163,140.0754
2021-08-24 13:00:00,2021-08-24 13:00:00,172.37074,160.8222,172.37074,183.06924
2021-08-24 13:00:00,2021-08-24 13:15:00,179.74248,167.81416,179.74248,190.44398
2021-08-24 13:00:00,2021-08-24 13:30:00,180.36177,166.35518,180.36177,191.28127
2021-08-24 13:00:00,2021-08-24 13:45:00,182.54065,170.31216,182.54065,194.19603
2021-08-24 14:00:00,2021-08-24 14:00:00,180.81543,171.2619,180.81543,190.07376
2021-08-24 14:00:00,2021-08-24 14:15:00,174.96198,164.2226,174.96198,184.4208
2021-08-24 14:00:00,2021-08-24 14:30:00,176.02493,163.37326,176.02493,186.5505
2021-08-24 14:00:00,2021-08-24 14:45:00,175.43896,162.3738,175.43896,187.63588
2021-08-24 15:00:00,2021-08-24 15:00:00,145.34344,132.09824,145.34344,159.11987
2021-08-24 15:00:00,2021-08-24 15:15:00,168.09824,153.9776,168.09824,180.09616
2021-08-24 15:00:00,2021-08-24 15:30:00,182.84698,168.21497,182.84698,194.66557
2021-08-24 15:00:00,2021-08-24 15:45:00,182.77667,169.9946,182.77667,193.87616
2021-08-24 16:00:00,2021-08-24 16:00:00,187.92302,175.82904,187.92302,198.28262
2021-08-24 16:00:00,2021-08-24 16:15:00,181.8649,169.68552,181.8649,193.41205
2021-08-24 16:00:00,2021-08-24 16:30:00,176.19885,162.17862,176.19885,187.65294
2021-08-24 16:00:00,2021-08-24 16:45:00,169.88118,155.02937,169.88118,183.23747
2021-08-24 17:00:00,2021-08-24 17:00:00,131.76602,118.19313,131.76602,145.37787
2021-08-24 17:00:00,2021-08-24 17:15:00,116.352745,100.632286,116.352745,132.25108
2021-08-24 17:00:00,2021-08-24 17:30:00,158.93735,142.47464,158.93735,171.67694
2021-08-24 17:00:00,2021-08-24 17:45:00,170.83282,153.91144,170.83282,183.19049
2021-08-24 18:00:00,2021-08-24 18:00:00,159.76033,147.66797,159.76033,171.12885
2021-08-24 18:00:00,2021-08-24 18:15:00,159.81964,146.90076,159.81964,172.82469
2021-08-24 18:00:00,2021-08-24 18:30:00,161.61334,147.23761,161.61334,174.5513
2021-08-24 18:00:00,2021-08-24 18:45:00,158.53574,143.83517,158.53574,171.32211
2021-08-24 19:00:00,2021-08-24 19:00:00,152.21283,142.56244,152.21283,160.80373
2021-08-24 19:00:00,2021-08-24 19:15:00,142.4713,132.18912,142.4713,152.69257
2021-08-24 19:00:00,2021-08-24 19:30:00,136.83759,125.404144,136.83759,146.86115
2021-08-24 19:00:00,2021-08-24 19:45:00,118.89127,108.42887,118.89127,130.0015
2021-08-24 20:00:00,2021-08-24 20:00:00,122.90373,114.421,122.90373,130.95555
2021-08-24 20:00:00,2021-08-24 20:15:00,127.8376,118.83363,127.8376,135.79317
2021-08-24 20:00:00,2021-08-24 20:30:00,130.01227,120.36864,130.01227,138.37074
2021-08-24 20:00:00,2021-08-24 20:45:00,125.47808,116.30647,125.47808,133.8135
2021-08-24 21:00:00,2021-08-24 21:00:00,116.48201,109.1583,116.48201,123.495346
2021-08-24 21:00:00,2021-08-24 21:15:00,116.11275,108.67796,116.11275,123.336426
2021-08-24 21:00:00,2021-08-24 21:30:00,115.406685,107.62063,115.406685,123.35504
2021-08-24 21:00:00,2021-08-24 21:45:00,113.872406,105.68301,113.872406,121.84161
2021-08-24 22:00:00,2021-08-24 22:00:00,102.93241,96.206604,102.93241,110.4023
2021-08-24 22:00:00,2021-08-24 22:15:00,114.63631,107.44956,114.63631,121.357796
2021-08-24 22:00:00,2021-08-24 22:30:00,115.46383,107.63368,115.46383,122.69031
2021-08-24 22:00:00,2021-08-24 22:45:00,113.85009,106.52387,113.85009,120.89412
2021-08-24 23:00:00,2021-08-24 23:00:00,107.0432,100.83976,107.0432,113.085304
2021-08-24 23:00:00,2021-08-24 23:15:00,106.33731,99.702446,106.33731,112.80177
2021-08-24 23:00:00,2021-08-24 23:30:00,102.74164,95.95845,102.74164,109.39538
2021-08-24 23:00:00,2021-08-24 23:45:00,86.32592,78.55017,86.32592,93.422516
2021-08-25 00:00:00,2021-08-25 00:00:00,74.48058,66.89506,74.48058,80.53472
2021-08-25 00:00:00,2021-08-25 00:15:00,71.053665,63.858948,71.053665,78.20207
2021-08-25 00:00:00,2021-08-25 00:30:00,67.97051,60.135536,67.97051,75.059204
2021-08-25 00:00:00,2021-08-25 00:45:00,66.39393,58.333954,66.39393,74.2453
2021-08-25 01:00:00,2021-08-25 01:00:00,93.72289,86.42361,93.72289,101.06854
2021-08-25 01:00:00,2021-08-25 01:15:00,104.49603,97.81433,104.49603,111.877365
2021-08-25 01:00:00,2021-08-25 01:30:00,105.39795,98.02442,105.39795,112.78875
2021-08-25 01:00:00,2021-08-25 01:45:00,105.19856,97.79047,105.19856,113.21504
2021-08-25 02:00:00,2021-08-25 02:00:00,108.14636,101.73104,108.14636,115.42074
2021-08-25 02:00:00,2021-08-25 02:15:00,110.2649,103.35111,110.2649,117.33207
2021-08-25 02:00:00,2021-08-25 02:30:00,108.24512,101.285164,108.24512,114.84882
2021-08-25 02:00:00,2021-08-25 02:45:00,109.365074,102.29405,109.365074,116.50885
2021-08-25 03:00:00,2021-08-25 03:00:00,95.63492,89.02119,95.63492,102.97077
2021-08-25 03:00:00,2021-08-25 03:15:00,108.12079,101.760666,108.12079,115.28347
2021-08-25 03:00:00,2021-08-25 03:30:00,111.08376,104.20824,111.08376,117.949
2021-08-25 03:00:00,2021-08-25 03:45:00,107.77185,101.47673,107.77185,114.59525
2021-08-25 04:00:00,2021-08-25 04:00:00,104.344376,97.48917,104.344376,111.51952
2021-08-25 04:00:00,2021-08-25 04:15:00,104.471695,97.777214,104.471695,111.58477
2021-08-25 04:00:00,2021-08-25 04:30:00,101.34395,93.65512,101.34395,108.90529
2021-08-25 04:00:00,2021-08-25 04:45:00,100.25876,91.64869,100.25876,108.28091
2021-08-25 05:00:00,2021-08-25 05:00:00,85.982475,78.01398,85.982475,92.80937
2021-08-25 05:00:00,2021-08-25 05:15:00,78.76462,71.3941,78.76462,85.99741
2021-08-25 05:00:00,2021-08-25 05:30:00,98.590645,90.85064,98.590645,106.32403
2021-08-25 05:00:00,2021-08-25 05:45:00,108.68533,100.6925,108.68533,116.996346
2021-08-25 06:00:00,2021-08-25 06:00:00,112.66476,105.426865,112.66476,119.87459
2021-08-25 06:00:00,2021-08-25 06:15:00,113.5307,106.19883,113.5307,121.07927
2021-08-25 06:00:00,2021-08-25 06:30:00,111.28881,103.5659,111.28881,119.090225
2021-08-25 06:00:00,2021-08-25 06:45:00,113.42088,104.93863,113.42088,121.71601
2021-08-25 07:00:00,2021-08-25 07:00:00,111.14354,104.522766,111.14354,118.33887
2021-08-25 07:00:00,2021-08-25 07:15:00,123.698425,116.164734,123.698425,131.56833
2021-08-25 07:00:00,2021-08-25 07:30:00,144.15546,134.49693,144.15546,152.80693
2021-08-25 07:00:00,2021-08-25 07:45:00,144.04404,134.93095,144.04404,154.80334
2021-08-25 08:00:00,2021-08-25 08:00:00,168.35431,157.6753,168.35431,179.47885
2021-08-25 08:00:00,2021-08-25 08:15:00,185.7686,174.65125,185.7686,197.04984
2021-08-25 08:00:00,2021-08-25 08:30:00,187.94655,175.54922,187.94655,198.60794
2021-08-25 08:00:00,2021-08-25 08:45:00,184.39314,173.06346,184.39314,195.88869
2021-08-25 09:00:00,2021-08-25 09:00:00,175.69864,165.02046,175.69864,185.45218
2021-08-25 09:00:00,2021-08-25 09:15:00,177.41158,167.17505,177.41158,187.23685
2021-08-25 09:00:00,2021-08-25 09:30:00,178.90344,167.50241,178.90344,188.99243
2021-08-25 09:00:00,2021-08-25 09:45:00,180.1088,169.31516,180.1088,190.79248
2021-08-25 10:00:00,2021-08-25 10:00:00,149.68423,138.78232,149.68423,161.72134
2021-08-25 10:00:00,2021-08-25 10:15:00,176.07278,165.23633,176.07278,186.60081
2021-08-25 10:00:00,2021-08-25 10:30:00,177.12671,164.80812,177.12671,187.54565
2021-08-25 10:00:00,2021-08-25 10:45:00,177.44318,166.18018,177.44318,188.35667
2021-08-25 11:00:00,2021-08-25 11:00:00,184.25272,174.93996,184.25272,195.12029
2021-08-25 11:00:00,2021-08-25 11:15:00,185.72427,175.26164,185.72427,196.68347
2021-08-25 11:00:00,2021-08-25 11:30:00,187.78716,175.92047,187.78716,198.68808
2021-08-25 11:00:00,2021-08-25 11:45:00,184.01987,171.30989,184.01987,196.59329
2021-08-25 12:00:00,2021-08-25 12:00:00,122.034744,111.28874,122.034744,133.94598
2021-08-25 12:00:00,2021-08-25 12:15:00,106.10524,92.758675,106.10524,117.75868
2021-08-25 12:00:00,2021-08-25 12:30:00,107.57527,93.55187,107.57527,120.43831
2021-08-25 12:00:00,2021-08-25 12:45:00,131.0981,115.49722,131.0981,147.5828
2021-08-25 13:00:00,2021-08-25 13:00:00,162.90121,151.27878,162.90121,174.84964
2021-08-25 13:00:00,2021-08-25 13:15:00,172.13478,158.84781,172.13478,183.62036
2021-08-25 13:00:00,2021-08-25 13:30:00,176.77226,162.10217,176.77226,188.53119
2021-08-25 13:00:00,2021-08-25 13:45:00,179.25049,166.16718,179.25049,191.86098
2021-08-25 14:00:00,2021-08-25 14:00:00,178.37807,167.06512,178.37807,189.4631
2021-08-25 14:00:00,2021-08-25 14:15:00,173.6159,161.48877,173.6159,184.66878
2021-08-25 14:00:00,2021-08-25 14:30:00,175.57465,162.2474,175.57465,187.26074
2021-08-25 14:00:00,2021-08-25 14:45:00,176.71547,163.85364,176.71547,189.3471
2021-08-25 15:00:00,2021-08-25 15:00:00,141.25848,128.33995,141.25848,155.09741
2021-08-25 15:00:00,2021-08-25 15:15:00,170.36774,156.81346,170.36774,182.92795
2021-08-25 15:00:00,2021-08-25 15:30:00,180.80258,166.61243,180.80258,193.01114
2021-08-25 15:00:00,2021-08-25 15:45:00,180.75735,168.298,180.75735,192.08829
2021-08-25 16:00:00,2021-08-25 16:00:00,176.91228,166.34895,176.91228,187.30006
2021-08-25 16:00:00,2021-08-25 16:15:00,172.47723,161.51935,172.47723,184.01575
2021-08-25 16:00:00,2021-08-25 16:30:00,167.65408,155.16544,167.65408,178.73022
2021-08-25 16:00:00,2021-08-25 16:45:00,162.5842,149.82649,162.5842,175.24509
2021-08-25 17:00:00,2021-08-25 17:00:00,120.40998,108.24405,120.40998,134.64853
2021-08-25 17:00:00,2021-08-25 17:15:00,107.059906,92.94395,107.059906,121.58057
2021-08-25 17:00:00,2021-08-25 17:30:00,148.92181,134.78375,148.92181,161.12027
2021-08-25 17:00:00,2021-08-25 17:45:00,158.27197,144.0646,158.27197,170.04451
2021-08-25 18:00:00,2021-08-25 18:00:00,163.16202,152.19067,163.16202,174.11243
2021-08-25 18:00:00,2021-08-25 18:15:00,162.29459,150.9945,162.29459,174.24188
2021-08-25 18:00:00,2021-08-25 18:30:00,163.24368,151.1026,163.24368,174.6649
2021-08-25 18:00:00,2021-08-25 18:45:00,159.0408,146.69302,159.0408,170.68501
2021-08-25 19:00:00,2021-08-25 19:00:00,158.70435,149.1174,158.70435,167.75897
2021-08-25 19:00:00,2021-08-25 19:15:00,148.66858,139.2392,148.66858,158.4332
2021-08-25 19:00:00,2021-08-25 19:30:00,142.76117,132.4552,142.76117,152.16574
2021-08-25 19:00:00,2021-08-25 19:45:00,125.53453,116.53885,125.53453,135.87958
2021-08-25 20:00:00,2021-08-25 20:00:00,109.875336,102.56992,109.875336,118.08567
2021-08-25 20:00:00,2021-08-25 20:15:00,119.85258,111.788826,119.85258,127.5957
2021-08-25 20:00:00,2021-08-25 20:30:00,122.887665,114.313995,122.887665,131.06615
2021-08-25 20:00:00,2021-08-25 20:45:00,119.26975,111.395294,119.26975,127.11264
2021-08-25 21:00:00,2021-08-25 21:00:00,114.8887,107.40763,114.8887,122.459656
2021-08-25 21:00:00,2021-08-25 21:15:00,114.39171,106.71204,114.39171,121.84465
2021-08-25 21:00:00,2021-08-25 21:30:00,112.84106,105.04874,112.84106,120.57101
2021-08-25 21:00:00,2021-08-25 21:45:00,111.75465,103.72749,111.75465,119.69246
2021-08-25 22:00:00,2021-08-25 22:00:00,103.0013,95.64727,103.0013,111.1234
2021-08-25 22:00:00,2021-08-25 22:15:00,113.58848,105.75663,113.58848,121.0237
2021-08-25 22:00:00,2021-08-25 22:30:00,113.25716,105.53256,113.25716,120.94853
2021-08-25 22:00:00,2021-08-25 22:45:00,111.820755,104.51278,111.820755,119.39803
2021-08-25 23:00:00,2021-08-25 23:00:00,106.79539,99.94963,106.79539,114.00949
2021-08-25 23:00:00,2021-08-25 23:15:00,105.9487,98.785614,105.9487,112.90335
2021-08-25 23:00:00,2021-08-25 23:30:00,102.88436,95.39953,102.88436,109.94131
2021-08-25 23:00:00,2021-08-25 23:45:00,85.33821,77.52176,85.33821,93.06034
2021-08-26 00:00:00,2021-08-26 00:00:00,76.08469,67.785,76.08469,83.39515
2021-08-26 00:00:00,2021-08-26 00:15:00,73.39597,65.08203,73.39597,81.39081
2021-08-26 00:00:00,2021-08-26 00:30:00,69.882286,61.19503,69.882286,77.75262
2021-08-26 00:00:00,2021-08-26 00:45:00,68.08476,59.865463,68.08476,76.38996
2021-08-26 01:00:00,2021-08-26 01:00:00,92.78903,84.94488,92.78903,100.64021
2021-08-26 01:00:00,2021-08-26 01:15:00,105.925095,98.62973,105.925095,113.67371
2021-08-26 01:00:00,2021-08-26 01:30:00,106.9696,98.98523,106.9696,114.56813
2021-08-26 01:00:00,2021-08-26 01:45:00,106.778854,98.80881,106.778854,114.98818
2021-08-26 02:00:00,2021-08-26 02:00:00,107.88018,101.2477,107.88018,115.29239
2021-08-26 02:00:00,2021-08-26 02:15:00,108.26486,101.46835,108.26486,115.39208
2021-08-26 02:00:00,2021-08-26 02:30:00,105.97528,98.53449,105.97528,112.758575
2021-08-26 02:00:00,2021-08-26 02:45:00,108.10071,100.50014,108.10071,115.66765
2021-08-26 03:00:00,2021-08-26 03:00:00,98.18884,90.71781,98.18884,105.87917
2021-08-26 03:00:00,2021-08-26 03:15:00,108.6207,101.8186,108.6207,116.40865
2021-08-26 03:00:00,2021-08-26 03:30:00,110.67648,103.3412,110.67648,117.9641
2021-08-26 03:00:00,2021-08-26 03:45:00,108.23044,101.09194,108.23044,115.789215
2021-08-26 04:00:00,2021-08-26 04:00:00,104.30544,97.15575,104.30544,111.88196
2021-08-26 04:00:00,2021-08-26 04:15:00,105.4638,98.47076,105.4638,113.35274
2021-08-26 04:00:00,2021-08-26 04:30:00,103.35246,95.298996,103.35246,111.43844
2021-08-26 04:00:00,2021-08-26 04:45:00,101.77872,92.957184,101.77872,110.09244
2021-08-26 05:00:00,2021-08-26 05:00:00,86.24389,78.08104,86.24389,93.80329
2021-08-26 05:00:00,2021-08-26 05:15:00,78.61592,70.28019,78.61592,86.539604
2021-08-26 05:00:00,2021-08-26 05:30:00,96.89639,88.041756,96.89639,105.4995
2021-08-26 05:00:00,2021-08-26 05:45:00,107.54355,98.5501,107.54355,116.79055
2021-08-26 06:00:00,2021-08-26 06:00:00,110.3117,102.53648,110.3117,118.26777
2021-08-26 06:00:00,2021-08-26 06:15:00,110.920654,102.3923,110.920654,119.136894
2021-08-26 06:00:00,2021-08-26 06:30:00,109.472145,100.981064,109.472145,118.059265
2021-08-26 06:00:00,2021-08-26 06:45:00,110.975784,101.62798,110.975784,119.97173
2021-08-26 07:00:00,2021-08-26 07:00:00,111.14935,102.62768,111.14935,119.75295
2021-08-26 07:00:00,2021-08-26 07:15:00,125.892075,116.49217,125.892075,135.26744
2021-08-26 07:00:00,2021-08-26 07:30:00,147.73195,136.82497,147.73195,157.7042
2021-08-26 07:00:00,2021-08-26 07:45:00,146.43076,136.06873,146.43076,157.99406
2021-08-26 08:00:00,2021-08-26 08:00:00,161.74661,152.04489,161.74661,172.76508
2021-08-26 08:00:00,2021-08-26 08:15:00,179.86581,169.07855,179.86581,190.32162
2021-08-26 08:00:00,2021-08-26 08:30:00,182.42557,170.52927,182.42557,192.46997
2021-08-26 08:00:00,2021-08-26 08:45:00,178.95729,167.98834,178.95729,189.86526
2021-08-26 09:00:00,2021-08-26 09:00:00,177.65103,165.88234,177.65103,188.8162
2021-08-26 09:00:00,2021-08-26 09:15:00,178.50104,167.09302,178.50104,189.3398
2021-08-26 09:00:00,2021-08-26 09:30:00,180.60732,168.22342,180.60732,191.63498
2021-08-26 09:00:00,2021-08-26 09:45:00,181.52882,169.98634,181.52882,192.69675
2021-08-26 10:00:00,2021-08-26 10:00:00,155.24435,142.1311,155.24435,168.91263
2021-08-26 10:00:00,2021-08-26 10:15:00,180.45245,167.86432,180.45245,192.68721
2021-08-26 10:00:00,2021-08-26 10:30:00,181.37576,167.5832,181.37576,193.25069
2021-08-26 10:00:00,2021-08-26 10:45:00,181.96085,169.52988,181.96085,193.72775
2021-08-26 11:00:00,2021-08-26 11:00:00,186.3726,175.96017,186.3726,198.104
2021-08-26 11:00:00,2021-08-26 11:15:00,186.70612,175.51544,186.70612,198.48639
2021-08-26 11:00:00,2021-08-26 11:30:00,189.7583,177.49066,189.7583,201.65091
2021-08-26 11:00:00,2021-08-26 11:45:00,185.70572,172.56107,185.70572,198.78177
2021-08-26 12:00:00,2021-08-26 12:00:00,121.869736,110.45808,121.869736,134.2253
2021-08-26 12:00:00,2021-08-26 12:15:00,103.24225,90.865555,103.24225,115.24457
2021-08-26 12:00:00,2021-08-26 12:30:00,104.528366,90.57253,104.528366,117.24925
2021-08-26 12:00:00,2021-08-26 12:45:00,130.65103,115.6013,130.65103,145.71832
2021-08-26 13:00:00,2021-08-26 13:00:00,171.47198,159.3537,171.47198,183.20871
2021-08-26 13:00:00,2021-08-26 13:15:00,178.05733,165.06741,178.05733,189.42325
2021-08-26 13:00:00,2021-08-26 13:30:00,177.7926,163.6477,177.7926,189.43207
2021-08-26 13:00:00,2021-08-26 13:45:00,181.61687,168.8336,181.61687,193.84784
2021-08-26 14:00:00,2021-08-26 14:00:00,187.95123,175.95131,187.95123,199.72217
2021-08-26 14:00:00,2021-08-26 14:15:00,180.98819,168.26566,180.98819,192.3758
2021-08-26 14:00:00,2021-08-26 14:30:00,182.88951,169.06229,182.88951,194.70303
2021-08-26 14:00:00,2021-08-26 14:45:00,183.54007,170.47354,183.54007,196.12595
2021-08-26 15:00:00,2021-08-26 15:00:00,145.44124,132.58951,145.44124,158.90118
2021-08-26 15:00:00,2021-08-26 15:15:00,173.86841,160.3807,173.86841,186.10745
2021-08-26 15:00:00,2021-08-26 15:30:00,183.30505,169.0535,183.30505,195.27127
2021-08-26 15:00:00,2021-08-26 15:45:00,185.28766,173.01248,185.28766,196.31616
2021-08-26 16:00:00,2021-08-26 16:00:00,187.0512,175.20073,187.0512,198.2875
2021-08-26 16:00:00,2021-08-26 16:15:00,181.66444,169.35834,181.66444,194.32057
2021-08-26 16:00:00,2021-08-26 16:30:00,174.00723,159.80174,174.00723,186.2286
2021-08-26 16:00:00,2021-08-26 16:45:00,170.05443,155.80276,170.05443,183.65158
2021-08-26 17:00:00,2021-08-26 17:00:00,126.12843,114.17569,126.12843,138.91391
2021-08-26 17:00:00,2021-08-26 17:15:00,115.030716,100.591194,115.030716,128.67035
2021-08-26 17:00:00,2021-08-26 17:30:00,156.26648,141.43903,156.26648,168.5539
2021-08-26 17:00:00,2021-08-26 17:45:00,165.74228,151.10948,165.74228,177.6835
2021-08-26 18:00:00,2021-08-26 18:00:00,157.9097,145.62988,157.9097,170.04591
2021-08-26 18:00:00,2021-08-26 18:15:00,157.29541,144.3709,157.29541,170.14151
2021-08-26 18:00:00,2021-08-26 18:30:00,158.06815,144.44344,158.06815,170.71594
2021-08-26 18:00:00,2021-08-26 18:45:00,155.90329,142.30807,155.90329,168.63084
2021-08-26 19:00:00,2021-08-26 19:00:00,157.67438,147.53333,157.67438,167.42383
2021-08-26 19:00:00,2021-08-26 19:15:00,148.03694,137.52393,148.03694,158.44736
2021-08-26 19:00:00,2021-08-26 19:30:00,142.43114,131.08076,142.43114,152.59048
2021-08-26 19:00:00,2021-08-26 19:45:00,125.67348,115.4414,125.67348,136.81639
2021-08-26 20:00:00,2021-08-26 20:00:00,114.49114,105.548805,114.49114,123.84982
2021-08-26 20:00:00,2021-08-26 20:15:00,124.2637,115.06915,124.2637,133.16989
2021-08-26 20:00:00,2021-08-26 20:30:00,126.89931,117.33559,126.89931,135.9683
2021-08-26 20:00:00,2021-08-26 20:45:00,124.07946,114.790535,124.07946,133.02588
2021-08-26 21:00:00,2021-08-26 21:00:00,116.820274,109.460754,116.820274,125.02965
2021-08-26 21:00:00,2021-08-26 21:15:00,118.148544,110.11988,118.148544,126.0845
2021-08-26 21:00:00,2021-08-26 21:30:00,116.67337,108.578804,116.67337,124.90812
2021-08-26 21:00:00,2021-08-26 21:45:00,114.869,106.35309,114.869,123.3448
2021-08-26 22:00:00,2021-08-26 22:00:00,106.317535,98.97082,106.317535,114.457214
2021-08-26 22:00:00,2021-08-26 22:15:00,115.97247,107.96933,115.97247,123.58618
2021-08-26 22:00:00,2021-08-26 22:30:00,114.37817,106.54993,114.37817,122.2651
2021-08-26 22:00:00,2021-08-26 22:45:00,114.04379,106.61399,114.04379,121.7625
2021-08-26 23:00:00,2021-08-26 23:00:00,107.44002,101.617065,107.44002,114.411804
2021-08-26 23:00:00,2021-08-26 23:15:00,106.636665,100.47335,106.636665,113.48506
2021-08-26 23:00:00,2021-08-26 23:30:00,104.70866,97.79335,104.70866,111.68226
2021-08-26 23:00:00,2021-08-26 23:45:00,84.83754,78.01306,84.83754,91.83019
2021-08-27 00:00:00,2021-08-27 00:00:00,77.25357,70.14858,77.25357,83.95722
2021-08-27 00:00:00,2021-08-27 00:15:00,74.729546,67.73973,74.729546,81.7704
2021-08-27 00:00:00,2021-08-27 00:30:00,71.004364,63.85443,71.004364,78.08904
2021-08-27 00:00:00,2021-08-27 00:45:00,68.5092,61.51193,68.5092,76.03499
2021-08-27 01:00:00,2021-08-27 01:00:00,91.963326,85.20317,91.963326,98.710754
2021-08-27 01:00:00,2021-08-27 01:15:00,105.85582,99.449524,105.85582,112.99784
2021-08-27 01:00:00,2021-08-27 01:30:00,106.869965,99.71381,106.869965,113.8999
2021-08-27 01:00:00,2021-08-27 01:45:00,105.74764,98.60019,105.74764,113.61354
2021-08-27 02:00:00,2021-08-27 02:00:00,108.99348,102.548195,108.99348,116.10431
2021-08-27 02:00:00,2021-08-27 02:15:00,109.48363,103.144,109.48363,116.447495
2021-08-27 02:00:00,2021-08-27 02:30:00,107.52759,100.4968,107.52759,114.07134
2021-08-27 02:00:00,2021-08-27 02:45:00,110.128105,103.01988,110.128105,117.57524
2021-08-27 03:00:00,2021-08-27 03:00:00,93.61787,86.58755,93.61787,100.89009
2021-08-27 03:00:00,2021-08-27 03:15:00,105.45036,98.84331,105.45036,113.26408
2021-08-27 03:00:00,2021-08-27 03:30:00,107.53696,100.45092,107.53696,114.844
2021-08-27 03:00:00,2021-08-27 03:45:00,105.953026,99.249176,105.953026,113.773346
2021-08-27 04:00:00,2021-08-27 04:00:00,108.04052,101.02321,108.04052,115.46591
2021-08-27 04:00:00,2021-08-27 04:15:00,109.38907,102.63754,109.38907,117.122665
2021-08-27 04:00:00,2021-08-27 04:30:00,106.95671,99.28054,106.95671,114.67561
2021-08-27 04:00:00,2021-08-27 04:45:00,103.54075,95.3833,103.54075,111.25362
2021-08-27 05:00:00,2021-08-27 05:00:00,84.09146,76.829544,84.09146,91.75092
2021-08-27 05:00:00,2021-08-27 05:15:00,77.00303,68.834564,77.00303,84.34841
2021-08-27 05:00:00,2021-08-27 05:30:00,96.47453,88.34844,96.47453,104.63122
2021-08-27 05:00:00,2021-08-27 05:45:00,107.71109,99.06337,107.71109,116.51085
2021-08-27 06:00:00,2021-08-27 06:00:00,107.160194,99.98075,107.160194,114.47566
2021-08-27 06:00:00,2021-08-27 06:15:00,107.67634,99.16776,107.67634,115.43418
2021-08-27 06:00:00,2021-08-27 06:30:00,106.95463,99.16973,106.95463,115.020096
2021-08-27 06:00:00,2021-08-27 06:45:00,109.6684,101.52365,109.6684,118.25391
2021-08-27 07:00:00,2021-08-27 07:00:00,107.79936,99.71069,107.79936,115.52779
2021-08-27 07:00:00,2021-08-27 07:15:00,124.96679,116.312805,124.96679,133.43942
2021-08-27 07:00:00,2021-08-27 07:30:00,146.8879,136.3348,146.8879,156.50064
2021-08-27 07:00:00,2021-08-27 07:45:00,145.65973,135.94292,145.65973,155.99445
2021-08-27 08:00:00,2021-08-27 08:00:00,158.01697,148.55664,158.01697,169.44592
2021-08-27 08:00:00,2021-08-27 08:15:00,177.80566,166.68994,177.80566,188.34221
2021-08-27 08:00:00,2021-08-27 08:30:00,179.48206,167.21304,179.48206,190.08148
2021-08-27 08:00:00,2021-08-27 08:45:00,178.6372,167.07289,178.6372,189.8841
2021-08-27 09:00:00,2021-08-27 09:00:00,177.90558,167.03946,177.90558,187.87244
2021-08-27 09:00:00,2021-08-27 09:15:00,180.62003,170.50061,180.62003,190.71327
2021-08-27 09:00:00,2021-08-27 09:30:00,181.85492,170.63531,181.85492,191.96452
2021-08-27 09:00:00,2021-08-27 09:45:00,183.1059,172.71732,183.1059,193.36856
2021-08-27 10:00:00,2021-08-27 10:00:00,147.24934,135.7761,147.24934,158.93927
2021-08-27 10:00:00,2021-08-27 10:15:00,174.913,163.11235,174.913,185.73476
2021-08-27 10:00:00,2021-08-27 10:30:00,176.189,163.22731,176.189,187.21434
2021-08-27 10:00:00,2021-08-27 10:45:00,178.14679,166.33534,178.14679,189.04712
2021-08-27 11:00:00,2021-08-27 11:00:00,178.29315,168.71135,178.29315,188.28389
2021-08-27 11:00:00,2021-08-27 11:15:00,179.70807,169.64589,179.70807,189.6661
2021-08-27 11:00:00,2021-08-27 11:30:00,183.26602,172.4335,183.26602,193.3999
2021-08-27 11:00:00,2021-08-27 11:45:00,180.21819,168.48743,180.21819,191.54773
2021-08-27 12:00:00,2021-08-27 12:00:00,113.768585,104.16183,113.768585,124.109764
2021-08-27 12:00:00,2021-08-27 12:15:00,96.84278,86.28761,96.84278,107.1781
2021-08-27 12:00:00,2021-08-27 12:30:00,97.61793,85.80715,97.61793,108.176094
2021-08-27 12:00:00,2021-08-27 12:45:00,123.8594,110.840096,123.8594,135.25894
2021-08-27 13:00:00,2021-08-27 13:00:00,166.22238,155.68939,166.22238,176.5693
2021-08-27 13:00:00,2021-08-27 13:15:00,171.41473,160.09865,171.41473,181.12596
2021-08-27 13:00:00,2021-08-27 13:30:00,173.74323,161.47697,173.74323,183.9107
2021-08-27 13:00:00,2021-08-27 13:45:00,176.98053,165.94112,176.98053,187.68132
2021-08-27 14:00:00,2021-08-27 14:00:00,173.40384,162.59544,173.40384,183.6724
2021-08-27 14:00:00,2021-08-27 14:15:00,169.4914,157.95737,169.4914,179.51727
2021-08-27 14:00:00,2021-08-27 14:30:00,172.66714,160.63647,172.66714,183.33081
2021-08-27 14:00:00,2021-08-27 14:45:00,174.22998,162.7082,174.22998,185.44016
2021-08-27 15:00:00,2021-08-27 15:00:00,130.59996,119.340065,130.59996,143.07909
2021-08-27 15:00:00,2021-08-27 15:15:00,164.01039,151.17465,164.01039,175.52634
2021-08-27 15:00:00,2021-08-27 15:30:00,171.38306,158.09256,171.38306,182.80786
2021-08-27 15:00:00,2021-08-27 15:45:00,171.65979,159.53816,171.65979,182.24207
2021-08-27 16:00:00,2021-08-27 16:00:00,165.40906,154.97981,165.40906,175.354
2021-08-27 16:00:00,2021-08-27 16:15:00,162.59827,151.59122,162.59827,173.6265
2021-08-27 16:00:00,2021-08-27 16:30:00,156.27191,144.25871,156.27191,167.02194
2021-08-27 16:00:00,2021-08-27 16:45:00,150.86703,139.3694,150.86703,161.95508
2021-08-27 17:00:00,2021-08-27 17:00:00,119.36627,108.35754,119.36627,131.39453
2021-08-27 17:00:00,2021-08-27 17:15:00,107.9281,96.00378,107.9281,119.65059
2021-08-27 17:00:00,2021-08-27 17:30:00,145.77164,133.17413,145.77164,156.57578
2021-08-27 17:00:00,2021-08-27 17:45:00,154.00531,142.15742,154.00531,164.82886
2021-08-27 18:00:00,2021-08-27 18:00:00,156.40692,145.18071,156.40692,167.49167
2021-08-27 18:00:00,2021-08-27 18:15:00,154.81891,142.92125,154.81891,166.26953
2021-08-27 18:00:00,2021-08-27 18:30:00,155.29793,143.03601,155.29793,166.49878
2021-08-27 18:00:00,2021-08-27 18:45:00,153.10986,141.02602,153.10986,164.72217
2021-08-27 19:00:00,2021-08-27 19:00:00,138.2242,128.61913,138.2242,147.73196
2021-08-27 19:00:00,2021-08-27 19:15:00,130.10368,120.2024,130.10368,140.10735
2021-08-27 19:00:00,2021-08-27 19:30:00,128.31245,118.172714,128.31245,138.91946
2021-08-27 19:00:00,2021-08-27 19:45:00,110.1356,99.34842,110.1356,120.2353
2021-08-27 20:00:00,2021-08-27 20:00:00,100.88844,93.54842,100.88844,108.812645
2021-08-27 20:00:00,2021-08-27 20:15:00,110.603905,103.355095,110.603905,118.425415
2021-08-27 20:00:00,2021-08-27 20:30:00,112.89463,104.97657,112.89463,121.04048
2021-08-27 20:00:00,2021-08-27 20:45:00,111.973724,104.18652,111.973724,120.40999
2021-08-27 21:00:00,2021-08-27 21:00:00,108.57042,102.455956,108.57042,115.48185
2021-08-27 21:00:00,2021-08-27 21:15:00,111.317116,104.742645,111.317116,117.96687
2021-08-27 21:00:00,2021-08-27 21:30:00,109.24321,102.50748,109.24321,115.79228
2021-08-27 21:00:00,2021-08-27 21:45:00,106.88912,100.33923,106.88912,114.4759
2021-08-27 22:00:00,2021-08-27 22:00:00,95.30707,89.26663,95.30707,102.30996
2021-08-27 22:00:00,2021-08-27 22:15:00,104.26513,98.21929,104.26513,111.841255
2021-08-27 22:00:00,2021-08-27 22:30:00,102.75185,95.5264,102.75185,110.003426
2021-08-27 22:00:00,2021-08-27 22:45:00,103.36806,96.71993,103.36806,111.07322
2021-08-27 23:00:00,2021-08-27 23:00:00,100.36776,94.207825,100.36776,106.904465
2021-08-27 23:00:00,2021-08-27 23:15:00,99.26646,93.169,99.26646,106.163185
2021-08-27 23:00:00,2021-08-27 23:30:00,94.924965,88.08004,94.924965,101.511635
2021-08-27 23:00:00,2021-08-27 23:45:00,77.27613,70.08639,77.27613,84.03827
2021-08-28 00:00:00,2021-08-28 00:00:00,67.192795,60.276085,67.192795,74.27867
2021-08-28 00:00:00,2021-08-28 00:15:00,64.76394,57.593803,64.76394,71.60609
2021-08-28 00:00:00,2021-08-28 00:30:00,62.6221,55.50683,62.6221,69.29458
2021-08-28 00:00:00,2021-08-28 00:45:00,63.139324,55.68002,63.139324,70.303375
2021-08-28 01:00:00,2021-08-28 01:00:00,87.43779,80.78293,87.43779,93.59109
2021-08-28 01:00:00,2021-08-28 01:15:00,97.80169,91.40098,97.80169,104.22413
2021-08-28 01:00:00,2021-08-28 01:30:00,99.50601,92.76822,99.50601,106.13804
2021-08-28 01:00:00,2021-08-28 01:45:00,100.35715,93.56476,100.35715,107.106834
2021-08-28 02:00:00,2021-08-28 02:00:00,105.20646,98.6251,105.20646,112.38546
2021-08-28 02:00:00,2021-08-28 02:15:00,106.95074,100.247314,106.95074,114.24914
2021-08-28 02:00:00,2021-08-28 02:30:00,106.11337,98.56503,106.11337,113.593605
2021-08-28 02:00:00,2021-08-28 02:45:00,107.10388,99.45387,107.10388,115.57812
2021-08-28 03:00:00,2021-08-28 03:00:00,87.76481,79.63188,87.76481,95.34566
2021-08-28 03:00:00,2021-08-28 03:15:00,96.427704,88.37907,96.427704,104.40549
2021-08-28 03:00:00,2021-08-28 03:30:00,100.34477,91.80601,100.34477,108.81394
2021-08-28 03:00:00,2021-08-28 03:45:00,102.61245,94.4989,102.61245,111.72056
2021-08-28 04:00:00,2021-08-28 04:00:00,104.767365,97.109726,104.767365,114.0814
2021-08-28 04:00:00,2021-08-28 04:15:00,105.392136,97.59782,105.392136,114.39147
2021-08-28 04:00:00,2021-08-28 04:30:00,104.43071,95.709526,104.43071,113.70467
2021-08-28 04:00:00,2021-08-28 04:45:00,102.544464,93.84742,102.544464,112.71362
2021-08-28 05:00:00,2021-08-28 05:00:00,88.01068,79.134094,88.01068,97.41412
2021-08-28 05:00:00,2021-08-28 05:15:00,87.59516,77.47034,87.59516,98.59348
2021-08-28 05:00:00,2021-08-28 05:30:00,97.92545,88.68986,97.92545,107.354576
2021-08-28 05:00:00,2021-08-28 05:45:00,103.273636,94.01176,103.273636,112.39346
2021-08-28 06:00:00,2021-08-28 06:00:00,102.87576,94.50069,102.87576,112.12344
2021-08-28 06:00:00,2021-08-28 06:15:00,101.98862,92.952065,101.98862,111.9175
2021-08-28 06:00:00,2021-08-28 06:30:00,98.92375,89.65981,98.92375,109.1181
2021-08-28 06:00:00,2021-08-28 06:45:00,95.06021,83.63379,95.06021,106.51149
2021-08-28 07:00:00,2021-08-28 07:00:00,91.10994,81.774826,91.10994,100.03164
2021-08-28 07:00:00,2021-08-28 07:15:00,81.03631,69.5345,81.03631,93.48693
2021-08-28 07:00:00,2021-08-28 07:30:00,56.456314,43.425137,56.456314,70.0694
2021-08-28 07:00:00,2021-08-28 07:45:00,31.621193,24.527664,31.621193,44.630905
2021-08-28 08:00:00,2021-08-28 08:00:00,24.807343,22.679138,24.807343,27.207825
2021-08-28 08:00:00,2021-08-28 08:15:00,24.287071,22.339912,24.287071,26.336273
2021-08-28 08:00:00,2021-08-28 08:30:00,23.99807,22.12616,23.99807,25.777603
2021-08-28 08:00:00,2021-08-28 08:45:00,23.687416,22.1932,23.687416,25.605438
2021-08-28 09:00:00,2021-08-28 09:00:00,25.40522,23.593102,25.40522,27.303383
2021-08-28 09:00:00,2021-08-28 09:15:00,25.309555,23.631523,25.309555,27.022713
2021-08-28 09:00:00,2021-08-28 09:30:00,25.200012,23.392784,25.200012,26.6622
2021-08-28 09:00:00,2021-08-28 09:45:00,24.730942,23.298172,24.730942,26.626366
2021-08-28 10:00:00,2021-08-28 10:00:00,29.233414,25.563118,29.233414,33.193398
2021-08-28 10:00:00,2021-08-28 10:15:00,29.030754,25.176178,29.030754,33.042885
2021-08-28 10:00:00,2021-08-28 10:30:00,29.018402,24.897316,29.018402,32.85235
2021-08-28 10:00:00,2021-08-28 10:45:00,28.637314,24.868309,28.637314,32.929626
2021-08-28 11:00:00,2021-08-28 11:00:00,37.349022,32.394104,37.349022,42.520187
2021-08-28 11:00:00,2021-08-28 11:15:00,37.52843,31.99871,37.52843,42.680107
2021-08-28 11:00:00,2021-08-28 11:30:00,36.74588,30.77237,36.74588,41.969273
2021-08-28 11:00:00,2021-08-28 11:45:00,35.39144,29.587372,35.39144,40.771603
2021-08-28 12:00:00,2021-08-28 12:00:00,36.410416,32.271355,36.410416,40.074146
2021-08-28 12:00:00,2021-08-28 12:15:00,36.25228,31.774551,36.25228,39.751484
2021-08-28 12:00:00,2021-08-28 12:30:00,36.3692,31.618668,36.3692,39.968292
2021-08-28 12:00:00,2021-08-28 12:45:00,36.715187,32.02012,36.715187,40.3374
2021-08-28 13:00:00,2021-08-28 13:00:00,39.577164,36.190643,39.577164,42.993866
2021-08-28 13:00:00,2021-08-28 13:15:00,39.592693,35.85897,39.592693,42.875626
2021-08-28 13:00:00,2021-08-28 13:30:00,39.574036,35.610985,39.574036,42.92053
2021-08-28 13:00:00,2021-08-28 13:45:00,39.449226,35.650017,39.449226,42.899754
2021-08-28 14:00:00,2021-08-28 14:00:00,39.851025,36.236305,39.851025,43.480404
2021-08-28 14:00:00,2021-08-28 14:15:00,40.0683,36.333168,40.0683,43.547447
2021-08-28 14:00:00,2021-08-28 14:30:00,40.11157,36.07499,40.11157,43.619457
2021-08-28 14:00:00,2021-08-28 14:45:00,39.97834,36.088356,39.97834,43.732624
2021-08-28 15:00:00,2021-08-28 15:00:00,38.98292,35.372475,38.98292,42.48008
2021-08-28 15:00:00,2021-08-28 15:15:00,39.025635,35.382133,39.025635,42.341873
2021-08-28 15:00:00,2021-08-28 15:30:00,39.058315,35.09841,39.058315,42.43349
2021-08-28 15:00:00,2021-08-28 15:45:00,38.87343,35.044846,38.87343,42.37003
2021-08-28 16:00:00,2021-08-28 16:00:00,38.51,36.286682,38.51,40.64563
2021-08-28 16:00:00,2021-08-28 16:15:00,38.432285,36.222748,38.432285,40.434795
2021-08-28 16:00:00,2021-08-28 16:30:00,38.398155,35.95323,38.398155,40.402912
2021-08-28 16:00:00,2021-08-28 16:45:00,38.154415,35.90898,38.154415,40.2985
2021-08-28 17:00:00,2021-08-28 17:00:00,42.14109,38.13329,42.14109,46.85805
2021-08-28 17:00:00,2021-08-28 17:15:00,41.863033,37.770065,41.863033,46.460186
2021-08-28 17:00:00,2021-08-28 17:30:00,42.023796,37.628403,42.023796,46.636803
2021-08-28 17:00:00,2021-08-28 17:45:00,41.935642,37.71511,41.935642,46.798344
2021-08-28 18:00:00,2021-08-28 18:00:00,43.34071,38.306404,43.34071,50.507397
2021-08-28 18:00:00,2021-08-28 18:15:00,43.183674,37.981842,43.183674,50.302486
2021-08-28 18:00:00,2021-08-28 18:30:00,42.990864,37.2765,42.990864,50.081814
2021-08-28 18:00:00,2021-08-28 18:45:00,42.419964,36.807182,42.419964,49.878933
2021-08-28 19:00:00,2021-08-28 19:00:00,42.079834,37.02499,42.079834,47.10528
2021-08-28 19:00:00,2021-08-28 19:15:00,42.08191,37.024284,42.08191,46.75243
2021-08-28 19:00:00,2021-08-28 19:30:00,42.167526,36.79374,42.167526,46.88073
2021-08-28 19:00:00,2021-08-28 19:45:00,42.11599,36.781113,42.11599,46.800514
2021-08-28 20:00:00,2021-08-28 20:00:00,39.960842,36.210884,39.960842,43.587227
2021-08-28 20:00:00,2021-08-28 20:15:00,39.942802,36.288414,39.942802,43.201874
2021-08-28 20:00:00,2021-08-28 20:30:00,40.160614,36.245415,40.160614,43.437397
2021-08-28 20:00:00,2021-08-28 20:45:00,40.11678,36.278664,40.11678,43.588448
2021-08-28 21:00:00,2021-08-28 21:00:00,41.276558,35.063217,41.276558,49.012913
2021-08-28 21:00:00,2021-08-28 21:15:00,41.481133,35.116837,41.481133,49.06646
2021-08-28 21:00:00,2021-08-28 21:30:00,41.57458,34.86479,41.57458,49.189682
2021-08-28 21:00:00,2021-08-28 21:45:00,41.434208,34.866432,41.434208,49.28658
2021-08-28 22:00:00,2021-08-28 22:00:00,42.83096,35.706024,42.83096,52.417522
2021-08-28 22:00:00,2021-08-28 22:15:00,43.36726,36.052193,43.36726,53.491764
2021-08-28 22:00:00,2021-08-28 22:30:00,43.829548,35.805862,43.829548,54.115677
2021-08-28 22:00:00,2021-08-28 22:45:00,43.59497,35.958054,43.59497,54.263725
2021-08-28 23:00:00,2021-08-28 23:00:00,41.855778,33.77632,41.855778,49.248085
2021-08-28 23:00:00,2021-08-28 23:15:00,41.99294,33.633537,41.99294,48.987617
2021-08-28 23:00:00,2021-08-28 23:30:00,42.054916,33.473557,42.054916,49.26777
2021-08-28 23:00:00,2021-08-28 23:45:00,41.970512,33.462265,41.970512,49.04228
2021-08-29 00:00:00,2021-08-29 00:00:00,38.478928,33.31098,38.478928,43.13643
2021-08-29 00:00:00,2021-08-29 00:15:00,38.500977,33.543633,38.500977,42.918785
2021-08-29 00:00:00,2021-08-29 00:30:00,38.98676,33.982323,38.98676,43.205544
2021-08-29 00:00:00,2021-08-29 00:45:00,39.471783,34.525497,39.471783,43.630077
2021-08-29 01:00:00,2021-08-29 01:00:00,41.59551,33.862885,41.59551,50.869698
2021-08-29 01:00:00,2021-08-29 01:15:00,42.565132,34.601273,42.565132,52.487137
2021-08-29 01:00:00,2021-08-29 01:30:00,43.035732,34.836777,43.035732,53.21181
2021-08-29 01:00:00,2021-08-29 01:45:00,43.071007,35.109886,43.071007,53.745224
2021-08-29 02:00:00,2021-08-29 02:00:00,43.552296,35.16684,43.552296,54.854076
2021-08-29 02:00:00,2021-08-29 02:15:00,43.80589,35.367584,43.80589,55.244926
2021-08-29 02:00:00,2021-08-29 02:30:00,43.91457,35.025436,43.91457,55.605885
2021-08-29 02:00:00,2021-08-29 02:45:00,43.817772,35.296593,43.817772,55.786327
2021-08-29 03:00:00,2021-08-29 03:00:00,42.532467,34.30004,42.532467,49.95197
2021-08-29 03:00:00,2021-08-29 03:15:00,42.71253,34.320496,42.71253,49.740723
2021-08-29 03:00:00,2021-08-29 03:30:00,42.913204,34.382164,42.913204,50.02632
2021-08-29 03:00:00,2021-08-29 03:45:00,42.981426,34.558105,42.981426,50.132477
2021-08-29 04:00:00,2021-08-29 04:00:00,40.04636,34.638687,40.04636,44.968044
2021-08-29 04:00:00,2021-08-29 04:15:00,40.238094,34.780663,40.238094,44.75469
2021-08-29 04:00:00,2021-08-29 04:30:00,40.473347,34.93186,40.473347,45.03543
2021-08-29 04:00:00,2021-08-29 04:45:00,40.61125,35.168724,40.61125,45.144146
2021-08-29 05:00:00,2021-08-29 05:00:00,42.34786,33.785927,42.34786,53.225517
2021-08-29 05:00:00,2021-08-29 05:15:00,42.870747,34.309578,42.870747,54.309074
2021-08-29 05:00:00,2021-08-29 05:30:00,43.649467,34.505157,43.649467,55.349884
2021-08-29 05:00:00,2021-08-29 05:45:00,43.95321,35.091293,43.95321,56.170013
2021-08-29 06:00:00,2021-08-29 06:00:00,43.412754,34.35105,43.412754,54.49873
2021-08-29 06:00:00,2021-08-29 06:15:00,43.879135,34.743034,43.879135,55.592377
2021-08-29 06:00:00,2021-08-29 06:30:00,44.266758,34.507126,44.266758,56.311962
2021-08-29 06:00:00,2021-08-29 06:45:00,44.581505,35.108215,44.581505,56.882183
2021-08-29 07:00:00,2021-08-29 07:00:00,43.745266,34.21927,43.745266,51.969048
2021-08-29 07:00:00,2021-08-29 07:15:00,44.062683,34.47856,44.062683,52.009583
2021-08-29 07:00:00,2021-08-29 07:30:00,44.286762,34.547234,44.286762,52.411224
2021-08-29 07:00:00,2021-08-29 07:45:00,44.49096,34.905006,44.49096,52.575787
2021-08-29 08:00:00,2021-08-29 08:00:00,41.22463,35.234535,41.22463,47.06884
2021-08-29 08:00:00,2021-08-29 08:15:00,41.454464,35.42469,41.454464,46.95132
2021-08-29 08:00:00,2021-08-29 08:30:00,41.616074,35.5176,41.616074,47.2066
2021-08-29 08:00:00,2021-08-29 08:45:00,41.706184,35.739967,41.706184,47.285084
2021-08-29 09:00:00,2021-08-29 09:00:00,43.926857,34.781654,43.926857,57.74468
2021-08-29 09:00:00,2021-08-29 09:15:00,44.39791,34.970497,44.39791,58.405556
2021-08-29 09:00:00,2021-08-29 09:30:00,44.188637,34.788727,44.188637,58.18471
2021-08-29 09:00:00,2021-08-29 09:45:00,44.09316,35.16414,44.09316,57.92861
2021-08-29 10:00:00,2021-08-29 10:00:00,45.12475,35.673027,45.12475,56.590298
2021-08-29 10:00:00,2021-08-29 10:15:00,45.611115,35.826454,45.611115,57.238102
2021-08-29 10:00:00,2021-08-29 10:30:00,45.949085,35.60852,45.949085,57.906532
2021-08-29 10:00:00,2021-08-29 10:45:00,45.988132,35.920822,45.988132,58.303047
2021-08-29 11:00:00,2021-08-29 11:00:00,45.452114,34.91899,45.452114,54.4693
2021-08-29 11:00:00,2021-08-29 11:15:00,45.721416,34.793015,45.721416,54.584858
2021-08-29 11:00:00,2021-08-29 11:30:00,45.77359,34.73004,45.77359,54.823757
2021-08-29 11:00:00,2021-08-29 11:45:00,45.645916,34.780838,45.645916,54.672348
2021-08-29 12:00:00,2021-08-29 12:00:00,31.055916,24.933609,31.055916,36.91355
2021-08-29 12:00:00,2021-08-29 12:15:00,30.991173,24.909546,30.991173,36.534737
2021-08-29 12:00:00,2021-08-29 12:30:00,31.34404,24.924637,31.34404,36.88247
2021-08-29 12:00:00,2021-08-29 12:45:00,31.231285,24.93663,31.231285,37.243538
2021-08-29 13:00:00,2021-08-29 13:00:00,24.262428,20.353775,24.262428,28.293098
2021-08-29 13:00:00,2021-08-29 13:15:00,24.364365,20.327919,24.364365,28.796852
2021-08-29 13:00:00,2021-08-29 13:30:00,24.314522,20.041,24.314522,28.63292
2021-08-29 13:00:00,2021-08-29 13:45:00,23.832054,20.300735,23.832054,28.59742
2021-08-29 14:00:00,2021-08-29 14:00:00,23.033173,20.40239,23.033173,25.789299
2021-08-29 14:00:00,2021-08-29 14:15:00,23.06533,20.491592,23.06533,25.697556
2021-08-29 14:00:00,2021-08-29 14:30:00,22.992798,20.05899,22.992798,25.286072
2021-08-29 14:00:00,2021-08-29 14:45:00,22.430382,20.187332,22.430382,25.365967
2021-08-29 15:00:00,2021-08-29 15:00:00,23.596153,21.51416,23.596153,25.545464
2021-08-29 15:00:00,2021-08-29 15:15:00,23.62529,21.63073,23.62529,25.605164
2021-08-29 15:00:00,2021-08-29 15:30:00,23.556335,21.393608,23.556335,25.15535
2021-08-29 15:00:00,2021-08-29 15:45:00,23.066841,21.521461,23.066841,25.278519
2021-08-29 16:00:00,2021-08-29 16:00:00,23.633408,21.342789,23.633408,25.862076
2021-08-29 16:00:00,2021-08-29 16:15:00,23.701378,21.564316,23.701378,25.848083
2021-08-29 16:00:00,2021-08-29 16:30:00,23.617165,21.243698,23.617165,25.514008
2021-08-29 16:00:00,2021-08-29 16:45:00,23.16217,21.39415,23.16217,25.639465
2021-08-29 17:00:00,2021-08-29 17:00:00,24.139885,21.871223,24.139885,26.247414
2021-08-29 17:00:00,2021-08-29 17:15:00,23.988869,21.91957,23.988869,25.993134
2021-08-29 17:00:00,2021-08-29 17:30:00,24.11554,21.85675,24.11554,25.806496
2021-08-29 17:00:00,2021-08-29 17:45:00,23.704742,22.098099,23.704742,26.023796
2021-08-29 18:00:00,2021-08-29 18:00:00,26.865837,23.594345,26.865837,30.487816
2021-08-29 18:00:00,2021-08-29 18:15:00,26.71299,23.33651,26.71299,30.100494
2021-08-29 18:00:00,2021-08-29 18:30:00,26.500443,22.866653,26.500443,29.75837
2021-08-29 18:00:00,2021-08-29 18:45:00,25.883018,22.56205,25.883018,29.88398
2021-08-29 19:00:00,2021-08-29 19:00:00,23.63742,21.33052,23.63742,25.83686
2021-08-29 19:00:00,2021-08-29 19:15:00,23.573639,21.408432,23.573639,25.65532
2021-08-29 19:00:00,2021-08-29 19:30:00,23.530838,21.25843,23.530838,25.31466
2021-08-29 19:00:00,2021-08-29 19:45:00,23.066818,21.3517,23.066818,25.378998
2021-08-29 20:00:00,2021-08-29 20:00:00,23.373062,21.404068,23.373062,25.024483
2021-08-29 20:00:00,2021-08-29 20:15:00,23.43161,21.781784,23.43161,24.98587
2021-08-29 20:00:00,2021-08-29 20:30:00,23.402481,21.553497,23.402481,24.583801
2021-08-29 20:00:00,2021-08-29 20:45:00,22.960373,21.609001,22.960373,24.80983
2021-08-29 21:00:00,2021-08-29 21:00:00,22.877304,20.8684,22.877304,24.753372
2021-08-29 21:00:00,2021-08-29 21:15:00,22.898659,21.291008,22.898659,24.556335
2021-08-29 21:00:00,2021-08-29 21:30:00,22.904243,21.022507,22.904243,24.12394
2021-08-29 21:00:00,2021-08-29 21:45:00,22.402664,20.996841,22.402664,24.414162
2021-08-29 22:00:00,2021-08-29 22:00:00,23.011375,21.18322,23.011375,24.753113
2021-08-29 22:00:00,2021-08-29 22:15:00,23.078766,21.502419,23.078766,24.651176
2021-08-29 22:00:00,2021-08-29 22:30:00,23.108772,21.138565,23.108772,24.314598
2021-08-29 22:00:00,2021-08-29 22:45:00,22.63272,21.310844,22.63272,24.594368
2021-08-29 23:00:00,2021-08-29 23:00:00,23.495636,21.731964,23.495636,25.267258
2021-08-29 23:00:00,2021-08-29 23:15:00,23.52005,21.958138,23.52005,25.093521
2021-08-29 23:00:00,2021-08-29 23:30:00,23.452461,21.562103,23.452461,24.660912
2021-08-29 23:00:00,2021-08-29 23:45:00,22.925095,21.665672,22.925095,24.769142
2021-08-30 00:00:00,2021-08-30 00:00:00,22.037003,19.8154,22.037003,23.97754
2021-08-30 00:00:00,2021-08-30 00:15:00,22.092789,20.26165,22.092789,23.821167
2021-08-30 00:00:00,2021-08-30 00:30:00,21.973427,19.939842,21.973427,23.262474
2021-08-30 00:00:00,2021-08-30 00:45:00,21.34407,19.854164,21.34407,23.33342
2021-08-30 01:00:00,2021-08-30 01:00:00,22.031769,20.114815,22.031769,23.834381
2021-08-30 01:00:00,2021-08-30 01:15:00,22.033142,20.309227,22.033142,23.643936
2021-08-30 01:00:00,2021-08-30 01:30:00,21.945786,19.91491,21.945786,23.220306
2021-08-30 01:00:00,2021-08-30 01:45:00,21.401573,19.948273,21.401573,23.336197
2021-08-30 02:00:00,2021-08-30 02:00:00,22.36242,20.343956,22.36242,24.584358
2021-08-30 02:00:00,2021-08-30 02:15:00,22.431625,20.575203,22.431625,24.463913
2021-08-30 02:00:00,2021-08-30 02:30:00,22.439095,20.294815,22.439095,24.128937
2021-08-30 02:00:00,2021-08-30 02:45:00,21.870644,20.30896,21.870644,24.255524
2021-08-30 03:00:00,2021-08-30 03:00:00,22.33052,20.520424,22.33052,24.142654
2021-08-30 03:00:00,2021-08-30 03:15:00,22.423798,20.669098,22.423798,24.108894
2021-08-30 03:00:00,2021-08-30 03:30:00,22.406113,20.404762,22.406113,23.749733
2021-08-30 03:00:00,2021-08-30 03:45:00,21.858383,20.489685,21.858383,23.757835
2021-08-30 04:00:00,2021-08-30 04:00:00,21.267403,17.716362,21.267403,24.110023
2021-08-30 04:00:00,2021-08-30 04:15:00,20.854683,17.746124,20.854683,23.833931
2021-08-30 04:00:00,2021-08-30 04:30:00,20.829834,17.496704,20.829834,23.202835
2021-08-30 04:00:00,2021-08-30 04:45:00,20.123093,17.371658,20.123093,23.435867
2021-08-30 05:00:00,2021-08-30 05:00:00,19.5503,14.835693,19.5503,24.151787
2021-08-30 05:00:00,2021-08-30 05:15:00,19.855957,14.743309,19.855957,24.028175
2021-08-30 05:00:00,2021-08-30 05:30:00,20.400658,14.833664,20.400658,24.524033
2021-08-30 05:00:00,2021-08-30 05:45:00,19.386833,15.0058975,19.386833,25.074768
2021-08-30 06:00:00,2021-08-30 06:00:00,22.250465,16.751945,22.250465,28.104774
2021-08-30 06:00:00,2021-08-30 06:15:00,21.810066,16.14286,21.810066,27.616928
2021-08-30 06:00:00,2021-08-30 06:30:00,21.50615,14.859261,21.50615,27.218216
2021-08-30 06:00:00,2021-08-30 06:45:00,20.887657,14.595131,20.887657,28.394379
2021-08-30 07:00:00,2021-08-30 07:00:00,24.130333,14.408638,24.130333,34.008614
2021-08-30 07:00:00,2021-08-30 07:15:00,36.800682,26.156242,36.800682,47.847347
2021-08-30 07:00:00,2021-08-30 07:30:00,64.32422,46.933804,64.32422,83.78536
2021-08-30 07:00:00,2021-08-30 07:45:00,102.46776,75.29561,102.46776,125.62601
2021-08-30 08:00:00,2021-08-30 08:00:00,129.09366,113.27077,129.09366,144.1079
2021-08-30 08:00:00,2021-08-30 08:15:00,147.94955,128.12082,147.94955,165.45364
2021-08-30 08:00:00,2021-08-30 08:30:00,155.79134,132.5203,155.79134,174.30338
2021-08-30 08:00:00,2021-08-30 08:45:00,160.02913,135.61618,160.02913,180.5207
2021-08-30 09:00:00,2021-08-30 09:00:00,179.65588,168.45383,179.65588,191.28934
2021-08-30 09:00:00,2021-08-30 09:15:00,177.28165,164.6482,177.28165,189.79102
2021-08-30 09:00:00,2021-08-30 09:30:00,178.19485,164.13908,178.19485,190.88324
2021-08-30 09:00:00,2021-08-30 09:45:00,176.6502,161.61388,176.6502,190.68509
2021-08-30 10:00:00,2021-08-30 10:00:00,142.98387,126.8548,142.98387,158.19888
2021-08-30 10:00:00,2021-08-30 10:15:00,169.90594,155.21135,169.90594,183.80331
2021-08-30 10:00:00,2021-08-30 10:30:00,170.83423,155.26224,170.83423,184.35913
2021-08-30 10:00:00,2021-08-30 10:45:00,169.71236,154.87025,169.71236,183.60214
2021-08-30 11:00:00,2021-08-30 11:00:00,169.19193,158.82108,169.19193,179.53247
2021-08-30 11:00:00,2021-08-30 11:15:00,171.84155,159.29254,171.84155,183.85
2021-08-30 11:00:00,2021-08-30 11:30:00,176.1139,161.71808,176.1139,189.22577
2021-08-30 11:00:00,2021-08-30 11:45:00,175.48012,158.66113,175.48012,190.54733
2021-08-30 12:00:00,2021-08-30 12:00:00,122.02773,105.39052,122.02773,139.76952
2021-08-30 12:00:00,2021-08-30 12:15:00,99.546715,84.41164,99.546715,114.590996
2021-08-30 12:00:00,2021-08-30 12:30:00,102.15593,85.9106,102.15593,117.62268
2021-08-30 12:00:00,2021-08-30 12:45:00,120.12826,101.357056,120.12826,139.68335
2021-08-30 13:00:00,2021-08-30 13:00:00,173.05966,160.12611,173.05966,184.73976
2021-08-30 13:00:00,2021-08-30 13:15:00,173.30222,159.86844,173.30222,184.77768
2021-08-30 13:00:00,2021-08-30 13:30:00,172.96461,158.48657,172.96461,185.12695
2021-08-30 13:00:00,2021-08-30 13:45:00,176.65521,163.11765,176.65521,189.63272
2021-08-30 14:00:00,2021-08-30 14:00:00,170.72589,159.89355,170.72589,180.92105
2021-08-30 14:00:00,2021-08-30 14:15:00,166.8006,154.63104,166.8006,177.40012
2021-08-30 14:00:00,2021-08-30 14:30:00,166.67906,152.95631,166.67906,178.59445
2021-08-30 14:00:00,2021-08-30 14:45:00,168.0906,153.94142,168.0906,181.17609
2021-08-30 15:00:00,2021-08-30 15:00:00,144.0911,131.43057,144.0911,156.34857
2021-08-30 15:00:00,2021-08-30 15:15:00,169.73196,156.37192,169.73196,181.42499
2021-08-30 15:00:00,2021-08-30 15:30:00,174.64389,160.08066,174.64389,186.40417
2021-08-30 15:00:00,2021-08-30 15:45:00,174.46252,160.7544,174.46252,185.92252
2021-08-30 16:00:00,2021-08-30 16:00:00,170.84805,159.30533,170.84805,181.8906
2021-08-30 16:00:00,2021-08-30 16:15:00,166.01752,152.51361,166.01752,179.32117
2021-08-30 16:00:00,2021-08-30 16:30:00,162.06464,146.2772,162.06464,175.71497
2021-08-30 16:00:00,2021-08-30 16:45:00,157.73752,139.77441,157.73752,173.07611
2021-08-30 17:00:00,2021-08-30 17:00:00,131.12434,119.99675,131.12434,142.6236
2021-08-30 17:00:00,2021-08-30 17:15:00,116.258934,102.88757,116.258934,129.06401
2021-08-30 17:00:00,2021-08-30 17:30:00,152.68307,138.65094,152.68307,164.33003
2021-08-30 17:00:00,2021-08-30 17:45:00,160.777,146.86322,160.777,172.74529
2021-08-30 18:00:00,2021-08-30 18:00:00,164.37161,151.57175,164.37161,176.9517
2021-08-30 18:00:00,2021-08-30 18:15:00,156.64218,142.9082,156.64218,170.31682
2021-08-30 18:00:00,2021-08-30 18:30:00,152.89175,138.23238,152.89175,166.35614
2021-08-30 18:00:00,2021-08-30 18:45:00,148.15994,133.42215,148.15994,162.3222
2021-08-30 19:00:00,2021-08-30 19:00:00,159.46268,148.25325,159.46268,170.37521
2021-08-30 19:00:00,2021-08-30 19:15:00,150.02429,138.09764,150.02429,161.85231
2021-08-30 19:00:00,2021-08-30 19:30:00,144.05194,131.2413,144.05194,155.78311
2021-08-30 19:00:00,2021-08-30 19:45:00,123.82564,110.97012,123.82564,137.54024
2021-08-30 20:00:00,2021-08-30 20:00:00,110.30565,100.67201,110.30565,120.12895
2021-08-30 20:00:00,2021-08-30 20:15:00,117.831,108.06121,117.831,127.79436
2021-08-30 20:00:00,2021-08-30 20:30:00,120.985916,110.70162,120.985916,131.07002
2021-08-30 20:00:00,2021-08-30 20:45:00,118.14103,107.10766,118.14103,128.74957
2021-08-30 21:00:00,2021-08-30 21:00:00,121.5925,113.67601,121.5925,129.48239
2021-08-30 21:00:00,2021-08-30 21:15:00,120.711205,112.10485,120.711205,128.96655
2021-08-30 21:00:00,2021-08-30 21:30:00,118.07733,109.150604,118.07733,126.923355
2021-08-30 21:00:00,2021-08-30 21:45:00,115.40486,105.88298,115.40486,125.072815
2021-08-30 22:00:00,2021-08-30 22:00:00,111.31925,102.68707,111.31925,120.16915
2021-08-30 22:00:00,2021-08-30 22:15:00,118.82721,109.61089,118.82721,127.7213
2021-08-30 22:00:00,2021-08-30 22:30:00,115.75054,105.78725,115.75054,124.954605
2021-08-30 22:00:00,2021-08-30 22:45:00,116.20158,106.1729,116.20158,126.17041
2021-08-30 23:00:00,2021-08-30 23:00:00,113.4617,106.22009,113.4617,121.43019
2021-08-30 23:00:00,2021-08-30 23:15:00,111.398926,103.743454,111.398926,119.42646
2021-08-30 23:00:00,2021-08-30 23:30:00,108.5941,99.92576,108.5941,116.877045
2021-08-30 23:00:00,2021-08-30 23:45:00,84.6929,75.880226,84.6929,93.686516
2021-08-31 00:00:00,2021-08-31 00:00:00,77.37955,70.15277,77.37955,84.61753
2021-08-31 00:00:00,2021-08-31 00:15:00,73.98017,66.37875,73.98017,81.62447
2021-08-31 00:00:00,2021-08-31 00:30:00,71.051704,63.579735,71.051704,78.70002
2021-08-31 00:00:00,2021-08-31 00:45:00,68.60718,60.726257,68.60718,75.42253
2021-08-31 01:00:00,2021-08-31 01:00:00,95.51348,87.930626,95.51348,102.77954
2021-08-31 01:00:00,2021-08-31 01:15:00,107.01694,99.89397,107.01694,114.99937
2021-08-31 01:00:00,2021-08-31 01:30:00,108.17531,100.29042,108.17531,116.0295
2021-08-31 01:00:00,2021-08-31 01:45:00,107.10733,98.94205,107.10733,115.5787
2021-08-31 02:00:00,2021-08-31 02:00:00,109.9972,103.47253,109.9972,116.895905
2021-08-31 02:00:00,2021-08-31 02:15:00,111.461945,104.80515,111.461945,118.576675
2021-08-31 02:00:00,2021-08-31 02:30:00,109.16697,101.668076,109.16697,116.42618
2021-08-31 02:00:00,2021-08-31 02:45:00,109.22483,101.694,109.22483,117.08774
2021-08-31 03:00:00,2021-08-31 03:00:00,88.947075,82.41257,88.947075,95.16526
2021-08-31 03:00:00,2021-08-31 03:15:00,100.59441,94.1557,100.59441,107.71506
2021-08-31 03:00:00,2021-08-31 03:30:00,103.71991,96.825035,103.71991,110.70963
2021-08-31 03:00:00,2021-08-31 03:45:00,103.15522,96.097755,103.15522,109.99791
2021-08-31 04:00:00,2021-08-31 04:00:00,105.04298,98.79449,105.04298,111.6558
2021-08-31 04:00:00,2021-08-31 04:15:00,106.41875,100.125694,106.41875,113.70844
2021-08-31 04:00:00,2021-08-31 04:30:00,105.06695,97.913185,105.06695,112.33946
2021-08-31 04:00:00,2021-08-31 04:45:00,99.83798,92.45936,99.83798,107.320435
2021-08-31 05:00:00,2021-08-31 05:00:00,84.87808,79.34886,84.87808,91.38863
2021-08-31 05:00:00,2021-08-31 05:15:00,78.984886,72.63756,78.984886,85.59577
2021-08-31 05:00:00,2021-08-31 05:30:00,95.13562,89.11604,95.13562,102.04901
2021-08-31 05:00:00,2021-08-31 05:45:00,105.74291,98.6428,105.74291,113.73967
2021-08-31 06:00:00,2021-08-31 06:00:00,113.40564,105.96347,113.40564,120.87535
2021-08-31 06:00:00,2021-08-31 06:15:00,112.34679,104.564026,112.34679,120.09593
2021-08-31 06:00:00,2021-08-31 06:30:00,110.57597,103.30379,110.57597,118.51396
2021-08-31 06:00:00,2021-08-31 06:45:00,113.64552,106.13796,113.64552,122.02217
2021-08-31 07:00:00,2021-08-31 07:00:00,113.375916,105.990814,113.375916,120.24454
2021-08-31 07:00:00,2021-08-31 07:15:00,126.02992,118.35251,126.02992,133.65945
2021-08-31 07:00:00,2021-08-31 07:30:00,145.35486,136.06906,145.35486,154.1516
2021-08-31 07:00:00,2021-08-31 07:45:00,143.53564,134.2205,143.53564,152.71759
2021-08-31 08:00:00,2021-08-31 08:00:00,158.8531,148.83722,158.8531,170.21674
2021-08-31 08:00:00,2021-08-31 08:15:00,179.87521,168.82254,179.87521,190.62814
2021-08-31 08:00:00,2021-08-31 08:30:00,182.31009,170.4906,182.31009,192.84613
2021-08-31 08:00:00,2021-08-31 08:45:00,179.66162,168.24817,179.66162,190.69742
2021-08-31 09:00:00,2021-08-31 09:00:00,161.45038,151.19476,161.45038,170.96686
2021-08-31 09:00:00,2021-08-31 09:15:00,165.54666,154.52588,165.54666,176.1851
2021-08-31 09:00:00,2021-08-31 09:30:00,168.06995,156.27405,168.06995,179.35776
2021-08-31 09:00:00,2021-08-31 09:45:00,168.26347,156.676,168.26347,180.10431
2021-08-31 10:00:00,2021-08-31 10:00:00,152.5483,140.86707,152.5483,164.52449
2021-08-31 10:00:00,2021-08-31 10:15:00,175.49089,164.12518,175.49089,186.79572
2021-08-31 10:00:00,2021-08-31 10:30:00,176.48093,164.46588,176.48093,187.59625
2021-08-31 10:00:00,2021-08-31 10:45:00,176.43896,164.40031,176.43896,187.6789
2021-08-31 11:00:00,2021-08-31 11:00:00,176.56822,166.37611,176.56822,188.23824
2021-08-31 11:00:00,2021-08-31 11:15:00,175.23521,163.66956,175.23521,186.969
2021-08-31 11:00:00,2021-08-31 11:30:00,178.93448,166.95529,178.93448,190.86426
2021-08-31 11:00:00,2021-08-31 11:45:00,177.98532,165.31303,177.98532,190.9893
2021-08-31 12:00:00,2021-08-31 12:00:00,116.79085,106.67146,116.79085,128.0455
2021-08-31 12:00:00,2021-08-31 12:15:00,100.98121,90.3098,100.98121,112.22913
2021-08-31 12:00:00,2021-08-31 12:30:00,102.66833,90.69645,102.66833,114.3383
2021-08-31 12:00:00,2021-08-31 12:45:00,124.908104,111.0355,124.908104,138.0976
2021-08-31 13:00:00,2021-08-31 13:00:00,168.29317,156.63318,168.29317,178.93085
2021-08-31 13:00:00,2021-08-31 13:15:00,169.82707,157.71622,169.82707,180.69214
2021-08-31 13:00:00,2021-08-31 13:30:00,168.45378,155.41452,168.45378,179.98804
2021-08-31 13:00:00,2021-08-31 13:45:00,171.05728,158.60876,171.05728,183.4884
2021-08-31 14:00:00,2021-08-31 14:00:00,171.77228,160.75807,171.77228,182.79602
2021-08-31 14:00:00,2021-08-31 14:15:00,168.97307,157.05757,168.97307,179.73921
2021-08-31 14:00:00,2021-08-31 14:30:00,171.00565,158.472,171.00565,182.47917
2021-08-31 14:00:00,2021-08-31 14:45:00,172.05338,159.70976,172.05338,184.13197
2021-08-31 15:00:00,2021-08-31 15:00:00,144.41316,132.37099,144.41316,156.91992
2021-08-31 15:00:00,2021-08-31 15:15:00,173.09476,159.95276,173.09476,185.31099
2021-08-31 15:00:00,2021-08-31 15:30:00,178.72357,165.24655,178.72357,190.78854
2021-08-31 15:00:00,2021-08-31 15:45:00,177.90005,165.17816,177.90005,189.35583
2021-08-31 16:00:00,2021-08-31 16:00:00,166.47166,155.87602,166.47166,176.9805
2021-08-31 16:00:00,2021-08-31 16:15:00,163.66072,151.7404,163.66072,175.4999
2021-08-31 16:00:00,2021-08-31 16:30:00,160.38928,147.05716,160.38928,172.53114
2021-08-31 16:00:00,2021-08-31 16:45:00,158.86078,145.06491,158.86078,172.18556
2021-08-31 17:00:00,2021-08-31 17:00:00,122.36398,112.14176,122.36398,133.07634
2021-08-31 17:00:00,2021-08-31 17:15:00,111.97231,100.38399,111.97231,123.81314
2021-08-31 17:00:00,2021-08-31 17:30:00,150.58636,137.6599,150.58636,161.66524
2021-08-31 17:00:00,2021-08-31 17:45:00,160.41199,147.93887,160.41199,171.1611
2021-08-31 18:00:00,2021-08-31 18:00:00,140.39378,128.079,140.39378,151.69829
2021-08-31 18:00:00,2021-08-31 18:15:00,139.42044,124.53028,139.42044,152.82797
2021-08-31 18:00:00,2021-08-31 18:30:00,141.76935,125.91926,141.76935,155.61568
2021-08-31 18:00:00,2021-08-31 18:45:00,142.49829,125.08913,142.49829,157.46309
2021-08-31 19:00:00,2021-08-31 19:00:00,145.6214,135.70544,145.6214,155.26039
2021-08-31 19:00:00,2021-08-31 19:15:00,141.91043,130.83383,141.91043,152.30026
2021-08-31 19:00:00,2021-08-31 19:30:00,135.43118,124.34526,135.43118,146.14275
2021-08-31 19:00:00,2021-08-31 19:45:00,121.753136,110.26842,121.753136,133.00174
2021-08-31 20:00:00,2021-08-31 20:00:00,130.49126,120.75217,130.49126,139.55966
2021-08-31 20:00:00,2021-08-31 20:15:00,132.73657,122.06247,132.73657,142.14978
2021-08-31 20:00:00,2021-08-31 20:30:00,133.63477,122.375595,133.63477,143.55324
2021-08-31 20:00:00,2021-08-31 20:45:00,127.56871,116.20613,127.56871,137.90186
2021-08-31 21:00:00,2021-08-31 21:00:00,127.160446,118.133446,127.160446,135.7958
2021-08-31 21:00:00,2021-08-31 21:15:00,125.719406,116.35707,125.719406,134.70921
2021-08-31 21:00:00,2021-08-31 21:30:00,124.16289,114.59332,124.16289,133.85458
2021-08-31 21:00:00,2021-08-31 21:45:00,122.70125,112.2479,122.70125,132.60074
2021-08-31 22:00:00,2021-08-31 22:00:00,113.15226,105.50255,113.15226,121.64778
2021-08-31 22:00:00,2021-08-31 22:15:00,124.10182,115.809044,124.10182,131.8861
2021-08-31 22:00:00,2021-08-31 22:30:00,121.31323,112.83292,121.31323,129.31105
2021-08-31 22:00:00,2021-08-31 22:45:00,119.635666,111.115486,119.635666,127.922516
2021-08-31 23:00:00,2021-08-31 23:00:00,111.003975,104.57128,111.003975,118.438995
2021-08-31 23:00:00,2021-08-31 23:15:00,108.96107,102.228745,108.96107,116.82154
2021-08-31 23:00:00,2021-08-31 23:30:00,107.74071,99.951675,107.74071,115.53781
2021-08-31 23:00:00,2021-08-31 23:45:00,90.63732,82.85249,90.63732,98.63494
2021-09-01 00:00:00,2021-09-01 00:00:00,82.91437,75.28886,82.91437,90.57549
2021-09-01 00:00:00,2021-09-01 00:15:00,78.76883,70.88629,78.76883,86.7404
2021-09-01 00:00:00,2021-09-01 00:30:00,75.38986,67.66162,75.38986,83.37199
2021-09-01 00:00:00,2021-09-01 00:45:00,73.48413,65.52451,73.48413,81.80675
2021-09-01 01:00:00,2021-09-01 01:00:00,92.18631,84.896194,92.18631,99.5627
2021-09-01 01:00:00,2021-09-01 01:15:00,106.00979,98.42386,106.00979,114.12713
2021-09-01 01:00:00,2021-09-01 01:30:00,109.165955,101.09603,109.165955,116.95031
2021-09-01 01:00:00,2021-09-01 01:45:00,108.569496,100.431755,108.569496,117.52023
2021-09-01 02:00:00,2021-09-01 02:00:00,112.163765,105.33913,112.163765,119.5086
2021-09-01 02:00:00,2021-09-01 02:15:00,112.28696,105.56363,112.28696,119.66744
2021-09-01 02:00:00,2021-09-01 02:30:00,109.67862,102.1498,109.67862,116.94464
2021-09-01 02:00:00,2021-09-01 02:45:00,110.9564,103.442665,110.9564,119.285286
2021-09-01 03:00:00,2021-09-01 03:00:00,91.095436,83.520744,91.095436,98.69731
2021-09-01 03:00:00,2021-09-01 03:15:00,102.3738,94.46237,102.3738,110.99972
2021-09-01 03:00:00,2021-09-01 03:30:00,106.356026,98.417046,106.356026,114.41801
2021-09-01 03:00:00,2021-09-01 03:45:00,107.328285,99.695114,107.328285,115.411545
2021-09-01 04:00:00,2021-09-01 04:00:00,102.52751,95.70745,102.52751,110.25428
2021-09-01 04:00:00,2021-09-01 04:15:00,106.02802,98.628006,106.02802,114.876274
2021-09-01 04:00:00,2021-09-01 04:30:00,104.3748,96.34778,104.3748,112.521774
2021-09-01 04:00:00,2021-09-01 04:45:00,101.19017,93.01329,101.19017,109.49909
2021-09-01 05:00:00,2021-09-01 05:00:00,89.09,81.51041,89.09,97.42737
2021-09-01 05:00:00,2021-09-01 05:15:00,81.8147,73.4345,81.8147,89.8323
2021-09-01 05:00:00,2021-09-01 05:30:00,98.805,90.71346,98.805,107.659225
2021-09-01 05:00:00,2021-09-01 05:45:00,109.358505,100.15099,109.358505,118.99387
2021-09-01 06:00:00,2021-09-01 06:00:00,112.31054,103.920135,112.31054,120.37315
2021-09-01 06:00:00,2021-09-01 06:15:00,112.78236,104.002815,112.78236,121.1875
2021-09-01 06:00:00,2021-09-01 06:30:00,110.76672,102.60238,110.76672,119.39489
2021-09-01 06:00:00,2021-09-01 06:45:00,113.24782,104.75008,113.24782,122.25754
2021-09-01 07:00:00,2021-09-01 07:00:00,115.700516,106.74394,115.700516,123.88248
2021-09-01 07:00:00,2021-09-01 07:15:00,127.93248,118.50356,127.93248,137.0504
2021-09-01 07:00:00,2021-09-01 07:30:00,150.3613,139.25761,150.3613,160.70267
2021-09-01 07:00:00,2021-09-01 07:45:00,147.27396,136.57642,147.27396,158.73679
2021-09-01 08:00:00,2021-09-01 08:00:00,155.1822,145.30966,155.1822,167.0183
2021-09-01 08:00:00,2021-09-01 08:15:00,174.93445,163.01778,174.93445,186.63513
2021-09-01 08:00:00,2021-09-01 08:30:00,177.42645,164.24808,177.42645,189.43771
2021-09-01 08:00:00,2021-09-01 08:45:00,173.44833,160.31992,173.44833,186.41948
2021-09-01 09:00:00,2021-09-01 09:00:00,180.82848,169.29446,180.82848,193.02922
2021-09-01 09:00:00,2021-09-01 09:15:00,180.1814,168.45804,180.1814,192.34692
2021-09-01 09:00:00,2021-09-01 09:30:00,181.32544,168.68579,181.32544,193.28741
2021-09-01 09:00:00,2021-09-01 09:45:00,182.89194,171.02429,182.89194,194.85568
2021-09-01 10:00:00,2021-09-01 10:00:00,153.77866,141.87823,153.77866,166.24365
2021-09-01 10:00:00,2021-09-01 10:15:00,178.88326,167.07599,178.88326,190.63548
2021-09-01 10:00:00,2021-09-01 10:30:00,180.09608,167.5458,180.09608,191.62761
2021-09-01 10:00:00,2021-09-01 10:45:00,179.3821,166.9301,179.3821,191.02167
2021-09-01 11:00:00,2021-09-01 11:00:00,184.70972,173.38985,184.70972,197.49593
2021-09-01 11:00:00,2021-09-01 11:15:00,181.28613,168.57835,181.28613,194.49924
2021-09-01 11:00:00,2021-09-01 11:30:00,182.85098,169.30835,182.85098,195.90083
2021-09-01 11:00:00,2021-09-01 11:45:00,181.20459,167.3553,181.20459,195.31786
2021-09-01 12:00:00,2021-09-01 12:00:00,112.93333,101.855804,112.93333,124.72243
2021-09-01 12:00:00,2021-09-01 12:15:00,99.50298,88.22311,99.50298,111.08809
2021-09-01 12:00:00,2021-09-01 12:30:00,105.14903,92.51075,105.14903,117.29857
2021-09-01 12:00:00,2021-09-01 12:45:00,129.31088,115.09455,129.31088,142.81859
2021-09-01 13:00:00,2021-09-01 13:00:00,173.48445,162.48622,173.48445,183.99881
2021-09-01 13:00:00,2021-09-01 13:15:00,177.69931,166.32323,177.69931,188.23065
2021-09-01 13:00:00,2021-09-01 13:30:00,177.36739,164.9412,177.36739,188.24336
2021-09-01 13:00:00,2021-09-01 13:45:00,179.35727,167.74089,179.35727,191.10927
2021-09-01 14:00:00,2021-09-01 14:00:00,183.00658,171.85211,183.00658,194.25397
2021-09-01 14:00:00,2021-09-01 14:15:00,177.93433,166.08688,177.93433,188.76274
2021-09-01 14:00:00,2021-09-01 14:30:00,182.45589,170.14816,182.45589,193.72101
2021-09-01 14:00:00,2021-09-01 14:45:00,183.00697,170.97284,183.00697,194.67981
2021-09-01 15:00:00,2021-09-01 15:00:00,147.39229,134.79716,147.39229,161.1048
2021-09-01 15:00:00,2021-09-01 15:15:00,175.36127,161.74423,175.36127,188.35184
2021-09-01 15:00:00,2021-09-01 15:30:00,182.43585,168.2738,182.43585,195.2973
2021-09-01 15:00:00,2021-09-01 15:45:00,180.09439,166.94644,180.09439,192.27747
2021-09-01 16:00:00,2021-09-01 16:00:00,177.13864,166.1669,177.13864,188.1867
2021-09-01 16:00:00,2021-09-01 16:15:00,172.27847,160.36559,172.27847,184.46814
2021-09-01 16:00:00,2021-09-01 16:30:00,167.50246,154.294,167.50246,179.52444
2021-09-01 16:00:00,2021-09-01 16:45:00,164.41217,151.06618,164.41217,177.52728
2021-09-01 17:00:00,2021-09-01 17:00:00,129.97308,119.054726,129.97308,142.41364
2021-09-01 17:00:00,2021-09-01 17:15:00,117.587944,105.0797,117.587944,130.49881
2021-09-01 17:00:00,2021-09-01 17:30:00,155.84203,142.78989,155.84203,167.43547
2021-09-01 17:00:00,2021-09-01 17:45:00,164.97867,153.22145,164.97867,176.43448
2021-09-01 18:00:00,2021-09-01 18:00:00,173.18878,161.67886,173.18878,184.4076
2021-09-01 18:00:00,2021-09-01 18:15:00,167.1561,154.80502,167.1561,179.68558
2021-09-01 18:00:00,2021-09-01 18:30:00,167.06267,154.06364,167.06267,179.13716
2021-09-01 18:00:00,2021-09-01 18:45:00,163.07396,150.61723,163.07396,175.50748
2021-09-01 19:00:00,2021-09-01 19:00:00,159.03502,148.90878,159.03502,168.95284
2021-09-01 19:00:00,2021-09-01 19:15:00,147.8308,136.58282,147.8308,158.68317
2021-09-01 19:00:00,2021-09-01 19:30:00,145.17621,133.14131,145.17621,156.19377
2021-09-01 19:00:00,2021-09-01 19:45:00,128.37463,116.705734,128.37463,140.96017
2021-09-01 20:00:00,2021-09-01 20:00:00,116.99094,108.224045,116.99094,126.37755
2021-09-01 20:00:00,2021-09-01 20:15:00,127.855606,118.64897,127.855606,137.30695
2021-09-01 20:00:00,2021-09-01 20:30:00,129.37764,119.73134,129.37764,139.00333
2021-09-01 20:00:00,2021-09-01 20:45:00,126.567085,116.78646,126.567085,136.08838
2021-09-01 21:00:00,2021-09-01 21:00:00,126.98349,119.06232,126.98349,134.60536
2021-09-01 21:00:00,2021-09-01 21:15:00,127.91844,120.12577,127.91844,135.53853
2021-09-01 21:00:00,2021-09-01 21:30:00,124.50329,116.6373,124.50329,132.50824
2021-09-01 21:00:00,2021-09-01 21:45:00,121.64264,113.56635,121.64264,130.16199
2021-09-01 22:00:00,2021-09-01 22:00:00,109.32479,102.27767,109.32479,117.12325
2021-09-01 22:00:00,2021-09-01 22:15:00,119.626595,112.10348,119.626595,127.05626
2021-09-01 22:00:00,2021-09-01 22:30:00,120.10815,112.60627,120.10815,127.54112
2021-09-01 22:00:00,2021-09-01 22:45:00,119.04845,111.643425,119.04845,126.58236
2021-09-01 23:00:00,2021-09-01 23:00:00,115.11163,108.69902,115.11163,122.49692
2021-09-01 23:00:00,2021-09-01 23:15:00,114.35008,107.64258,114.35008,121.17519
2021-09-01 23:00:00,2021-09-01 23:30:00,111.35603,104.366554,111.35603,118.302376
2021-09-01 23:00:00,2021-09-01 23:45:00,90.68371,83.74657,90.68371,97.88022
2021-09-02 00:00:00,2021-09-02 00:00:00,82.54875,75.82559,82.54875,89.29266
2021-09-02 00:00:00,2021-09-02 00:15:00,78.740616,71.74155,78.740616,85.64289
2021-09-02 00:00:00,2021-09-02 00:30:00,75.820244,68.99678,75.820244,82.83773
2021-09-02 00:00:00,2021-09-02 00:45:00,73.68582,66.80353,73.68582,80.622116
2021-09-02 01:00:00,2021-09-02 01:00:00,96.3985,89.866234,96.3985,103.0558
2021-09-02 01:00:00,2021-09-02 01:15:00,109.481804,103.44771,109.481804,116.54342
2021-09-02 01:00:00,2021-09-02 01:30:00,113.09385,106.4068,113.09385,119.73838
2021-09-02 01:00:00,2021-09-02 01:45:00,111.522156,105.00107,111.522156,119.11046
2021-09-02 02:00:00,2021-09-02 02:00:00,116.341156,110.08836,116.341156,123.30068
2021-09-02 02:00:00,2021-09-02 02:15:00,116.37974,110.012596,116.37974,122.99357
2021-09-02 02:00:00,2021-09-02 02:30:00,113.36429,106.53315,113.36429,119.73967
2021-09-02 02:00:00,2021-09-02 02:45:00,112.20923,105.45449,112.20923,119.58855
2021-09-02 03:00:00,2021-09-02 03:00:00,94.15146,87.46896,94.15146,100.802155
2021-09-02 03:00:00,2021-09-02 03:15:00,105.61101,99.25338,105.61101,113.101585
2021-09-02 03:00:00,2021-09-02 03:30:00,108.65139,101.91283,108.65139,115.48638
2021-09-02 03:00:00,2021-09-02 03:45:00,108.830795,102.271286,108.830795,115.76744
2021-09-02 04:00:00,2021-09-02 04:00:00,111.426216,104.54644,111.426216,118.74249
2021-09-02 04:00:00,2021-09-02 04:15:00,113.67258,106.93662,113.67258,121.53147
2021-09-02 04:00:00,2021-09-02 04:30:00,110.35194,102.803345,110.35194,117.900345
2021-09-02 04:00:00,2021-09-02 04:45:00,106.70738,98.75184,106.70738,114.221466
2021-09-02 05:00:00,2021-09-02 05:00:00,87.80134,81.05745,87.80134,95.33833
2021-09-02 05:00:00,2021-09-02 05:15:00,81.65414,73.99952,81.65414,88.83658
2021-09-02 05:00:00,2021-09-02 05:30:00,99.78571,92.37845,99.78571,107.81027
2021-09-02 05:00:00,2021-09-02 05:45:00,112.15481,103.615616,112.15481,120.83549
2021-09-02 06:00:00,2021-09-02 06:00:00,113.28313,105.14173,113.28313,121.23924
2021-09-02 06:00:00,2021-09-02 06:15:00,114.0818,105.35588,114.0818,122.55557
2021-09-02 06:00:00,2021-09-02 06:30:00,112.88254,104.458466,112.88254,121.58133
2021-09-02 06:00:00,2021-09-02 06:45:00,115.3221,107.00508,115.3221,124.498726
2021-09-02 07:00:00,2021-09-02 07:00:00,114.9849,105.74436,114.9849,123.29376
2021-09-02 07:00:00,2021-09-02 07:15:00,127.36865,117.738464,127.36865,136.49219
2021-09-02 07:00:00,2021-09-02 07:30:00,149.09622,138.29309,149.09622,159.65479
2021-09-02 07:00:00,2021-09-02 07:45:00,146.89151,136.3482,146.89151,157.84384
2021-09-02 08:00:00,2021-09-02 08:00:00,164.7541,153.53056,164.7541,177.03479
2021-09-02 08:00:00,2021-09-02 08:15:00,184.58197,172.64862,184.58197,195.89456
2021-09-02 08:00:00,2021-09-02 08:30:00,188.29436,175.49869,188.29436,199.25642
2021-09-02 08:00:00,2021-09-02 08:45:00,186.2634,174.32745,186.2634,197.7725
2021-09-02 09:00:00,2021-09-02 09:00:00,167.53058,156.58698,167.53058,178.116
2021-09-02 09:00:00,2021-09-02 09:15:00,173.48303,162.7348,173.48303,184.6377
2021-09-02 09:00:00,2021-09-02 09:30:00,177.05754,165.36673,177.05754,188.36551
2021-09-02 09:00:00,2021-09-02 09:45:00,178.54259,167.53491,178.54259,189.96034
2021-09-02 10:00:00,2021-09-02 10:00:00,160.65991,147.99312,160.65991,174.09587
2021-09-02 10:00:00,2021-09-02 10:15:00,184.9789,172.82188,184.9789,197.87265
2021-09-02 10:00:00,2021-09-02 10:30:00,185.48961,172.43106,185.48961,197.54367
2021-09-02 10:00:00,2021-09-02 10:45:00,184.33028,171.92114,184.33028,196.17404
2021-09-02 11:00:00,2021-09-02 11:00:00,181.42041,169.77711,181.42041,194.31108
2021-09-02 11:00:00,2021-09-02 11:15:00,177.4105,164.45323,177.4105,190.78348
2021-09-02 11:00:00,2021-09-02 11:30:00,178.10333,164.51636,178.10333,191.22668
2021-09-02 11:00:00,2021-09-02 11:45:00,174.62387,160.77885,174.62387,188.93329
2021-09-02 12:00:00,2021-09-02 12:00:00,122.710495,110.87762,122.710495,135.56769
2021-09-02 12:00:00,2021-09-02 12:15:00,104.03708,92.73175,104.03708,115.85714
2021-09-02 12:00:00,2021-09-02 12:30:00,105.81656,93.13982,105.81656,117.95643
2021-09-02 12:00:00,2021-09-02 12:45:00,136.40804,122.459595,136.40804,150.98714
2021-09-02 13:00:00,2021-09-02 13:00:00,170.47572,158.82726,170.47572,182.18025
2021-09-02 13:00:00,2021-09-02 13:15:00,176.38947,164.0561,176.38947,188.00162
2021-09-02 13:00:00,2021-09-02 13:30:00,176.8269,163.47284,176.8269,188.79892
2021-09-02 13:00:00,2021-09-02 13:45:00,178.53058,166.09012,178.53058,191.25381
2021-09-02 14:00:00,2021-09-02 14:00:00,178.8374,167.78726,178.8374,189.87973
2021-09-02 14:00:00,2021-09-02 14:15:00,176.67325,165.12027,176.67325,187.41617
2021-09-02 14:00:00,2021-09-02 14:30:00,179.06294,167.03271,179.06294,190.08243
2021-09-02 14:00:00,2021-09-02 14:45:00,180.1131,168.64719,180.1131,191.35588
2021-09-02 15:00:00,2021-09-02 15:00:00,151.07695,137.89561,151.07695,164.89339
2021-09-02 15:00:00,2021-09-02 15:15:00,177.78372,164.5477,177.78372,190.69357
2021-09-02 15:00:00,2021-09-02 15:30:00,183.84431,170.12259,183.84431,196.33838
2021-09-02 15:00:00,2021-09-02 15:45:00,182.40442,169.77301,182.40442,193.99304
2021-09-02 16:00:00,2021-09-02 16:00:00,174.58987,163.25772,174.58987,185.84872
2021-09-02 16:00:00,2021-09-02 16:15:00,172.24847,160.55057,172.24847,184.56781
2021-09-02 16:00:00,2021-09-02 16:30:00,168.44879,155.65501,168.44879,180.2209
2021-09-02 16:00:00,2021-09-02 16:45:00,162.95215,150.16551,162.95215,175.55882
2021-09-02 17:00:00,2021-09-02 17:00:00,126.47345,115.97411,126.47345,138.26913
2021-09-02 17:00:00,2021-09-02 17:15:00,113.71667,102.285614,113.71667,125.8712
2021-09-02 17:00:00,2021-09-02 17:30:00,156.08812,143.36557,156.08812,167.20216
2021-09-02 17:00:00,2021-09-02 17:45:00,166.2902,155.36923,166.2902,176.88376
2021-09-02 18:00:00,2021-09-02 18:00:00,155.85744,144.80872,155.85744,166.76617
2021-09-02 18:00:00,2021-09-02 18:15:00,154.41571,142.67085,154.41571,165.69716
2021-09-02 18:00:00,2021-09-02 18:30:00,156.00148,143.69603,156.00148,167.5682
2021-09-02 18:00:00,2021-09-02 18:45:00,155.28438,143.31955,155.28438,167.35246
2021-09-02 19:00:00,2021-09-02 19:00:00,158.58629,148.96945,158.58629,168.15575
2021-09-02 19:00:00,2021-09-02 19:15:00,148.59337,138.05708,148.59337,158.75078
2021-09-02 19:00:00,2021-09-02 19:30:00,146.51584,135.42615,146.51584,156.72287
2021-09-02 19:00:00,2021-09-02 19:45:00,129.9352,119.49008,129.9352,141.32144
2021-09-02 20:00:00,2021-09-02 20:00:00,123.49001,114.1371,123.49001,133.0938
2021-09-02 20:00:00,2021-09-02 20:15:00,128.29987,119.19463,128.29987,137.32822
2021-09-02 20:00:00,2021-09-02 20:30:00,129.60191,120.1129,129.60191,138.7421
2021-09-02 20:00:00,2021-09-02 20:45:00,127.91112,118.56014,127.91112,137.0512
2021-09-02 21:00:00,2021-09-02 21:00:00,127.333244,119.33297,127.333244,135.0313
2021-09-02 21:00:00,2021-09-02 21:15:00,128.31429,120.51913,128.31429,135.81717
2021-09-02 21:00:00,2021-09-02 21:30:00,126.56204,118.40234,126.56204,134.50314
2021-09-02 21:00:00,2021-09-02 21:45:00,123.82365,115.98753,123.82365,131.90514
2021-09-02 22:00:00,2021-09-02 22:00:00,108.68041,101.187294,108.68041,116.8213
2021-09-02 22:00:00,2021-09-02 22:15:00,120.92345,112.94894,120.92345,128.45242
2021-09-02 22:00:00,2021-09-02 22:30:00,120.19005,112.36095,120.19005,127.726425
2021-09-02 22:00:00,2021-09-02 22:45:00,118.88131,111.28809,118.88131,126.44256
2021-09-02 23:00:00,2021-09-02 23:00:00,116.80144,109.559906,116.80144,124.56526
2021-09-02 23:00:00,2021-09-02 23:15:00,116.419846,108.715454,116.419846,123.81712
2021-09-02 23:00:00,2021-09-02 23:30:00,111.529205,103.765785,111.529205,119.19547
2021-09-02 23:00:00,2021-09-02 23:45:00,93.02131,85.17398,93.02131,100.89505
2021-09-03 00:00:00,2021-09-03 00:00:00,82.9113,75.48535,82.9113,90.28
2021-09-03 00:00:00,2021-09-03 00:15:00,78.52348,70.88699,78.52348,86.03631
2021-09-03 00:00:00,2021-09-03 00:30:00,74.86403,67.56679,74.86403,82.25339
2021-09-03 00:00:00,2021-09-03 00:45:00,73.32277,65.923996,73.32277,80.68892
2021-09-03 01:00:00,2021-09-03 01:00:00,95.883194,88.75773,95.883194,102.905205
2021-09-03 01:00:00,2021-09-03 01:15:00,108.47047,101.9804,108.47047,115.79364
2021-09-03 01:00:00,2021-09-03 01:30:00,111.52454,104.39212,111.52454,118.453865
2021-09-03 01:00:00,2021-09-03 01:45:00,111.10936,104.2827,111.10936,118.79067
2021-09-03 02:00:00,2021-09-03 02:00:00,115.717224,109.099884,115.717224,122.973724
2021-09-03 02:00:00,2021-09-03 02:15:00,116.248505,109.33045,116.248505,123.080574
2021-09-03 02:00:00,2021-09-03 02:30:00,112.70378,105.47179,112.70378,119.38398
2021-09-03 02:00:00,2021-09-03 02:45:00,111.28572,104.12055,111.28572,118.83186
2021-09-03 03:00:00,2021-09-03 03:00:00,88.840675,81.571655,88.840675,95.97327
2021-09-03 03:00:00,2021-09-03 03:15:00,101.9212,94.76665,101.9212,109.45766
2021-09-03 03:00:00,2021-09-03 03:30:00,106.63748,99.226166,106.63748,114.065674
2021-09-03 03:00:00,2021-09-03 03:45:00,108.6952,101.68494,108.6952,116.23406
2021-09-03 04:00:00,2021-09-03 04:00:00,111.47968,104.13966,111.47968,119.277626
2021-09-03 04:00:00,2021-09-03 04:15:00,112.02318,104.852936,112.02318,120.32181
2021-09-03 04:00:00,2021-09-03 04:30:00,108.25209,100.2238,108.25209,116.12691
2021-09-03 04:00:00,2021-09-03 04:45:00,105.14985,96.88206,105.14985,113.030334
2021-09-03 05:00:00,2021-09-03 05:00:00,84.51981,77.356705,84.51981,92.36892
2021-09-03 05:00:00,2021-09-03 05:15:00,77.85942,69.74429,77.85942,85.70908
2021-09-03 05:00:00,2021-09-03 05:30:00,96.41626,88.27893,96.41626,105.09865
2021-09-03 05:00:00,2021-09-03 05:45:00,109.39932,99.76267,109.39932,118.8869
2021-09-03 06:00:00,2021-09-03 06:00:00,111.55034,102.689575,111.55034,119.86064
2021-09-03 06:00:00,2021-09-03 06:15:00,111.84032,102.84135,111.84032,120.65015
2021-09-03 06:00:00,2021-09-03 06:30:00,111.13114,102.40179,111.13114,120.08038
2021-09-03 06:00:00,2021-09-03 06:45:00,113.51129,104.680435,113.51129,122.88312
2021-09-03 07:00:00,2021-09-03 07:00:00,108.97954,99.48309,108.97954,118.374054
2021-09-03 07:00:00,2021-09-03 07:15:00,122.18848,111.29696,122.18848,132.23643
2021-09-03 07:00:00,2021-09-03 07:30:00,144.1309,132.21533,144.1309,156.10643
2021-09-03 07:00:00,2021-09-03 07:45:00,142.5943,130.41046,142.5943,154.67725
2021-09-03 08:00:00,2021-09-03 08:00:00,159.30093,147.74481,159.30093,172.14258
2021-09-03 08:00:00,2021-09-03 08:15:00,177.50232,164.95316,177.50232,189.54155
2021-09-03 08:00:00,2021-09-03 08:30:00,178.47208,165.06087,178.47208,190.507
2021-09-03 08:00:00,2021-09-03 08:45:00,177.45975,164.78474,177.45975,190.12912
2021-09-03 09:00:00,2021-09-03 09:00:00,170.44849,158.8526,170.44849,181.75735
2021-09-03 09:00:00,2021-09-03 09:15:00,174.83948,163.72588,174.83948,186.47314
2021-09-03 09:00:00,2021-09-03 09:30:00,178.78186,166.75763,178.78186,190.24986
2021-09-03 09:00:00,2021-09-03 09:45:00,179.45985,168.17995,179.45985,190.74283
2021-09-03 10:00:00,2021-09-03 10:00:00,150.45206,138.30902,150.45206,162.95401
2021-09-03 10:00:00,2021-09-03 10:15:00,173.96893,162.13274,173.96893,185.58243
2021-09-03 10:00:00,2021-09-03 10:30:00,174.91835,162.0574,174.91835,186.2653
2021-09-03 10:00:00,2021-09-03 10:45:00,177.38113,165.63925,177.38113,188.31195
2021-09-03 11:00:00,2021-09-03 11:00:00,171.68556,161.562,171.68556,182.80746
2021-09-03 11:00:00,2021-09-03 11:15:00,171.42567,160.3753,171.42567,183.11453
2021-09-03 11:00:00,2021-09-03 11:30:00,171.88211,160.0128,171.88211,183.4465
2021-09-03 11:00:00,2021-09-03 11:45:00,168.14099,155.75711,168.14099,180.8789
2021-09-03 12:00:00,2021-09-03 12:00:00,119.22606,108.48041,119.22606,130.87643
2021-09-03 12:00:00,2021-09-03 12:15:00,97.98676,87.9535,97.98676,108.62091
2021-09-03 12:00:00,2021-09-03 12:30:00,98.39344,86.82301,98.39344,109.46674
2021-09-03 12:00:00,2021-09-03 12:45:00,131.74907,119.205734,131.74907,144.43457
2021-09-03 13:00:00,2021-09-03 13:00:00,168.32541,157.72784,168.32541,178.71494
2021-09-03 13:00:00,2021-09-03 13:15:00,171.35736,160.58423,171.35736,181.4315
2021-09-03 13:00:00,2021-09-03 13:30:00,170.75125,159.15843,170.75125,181.13666
2021-09-03 13:00:00,2021-09-03 13:45:00,172.91504,161.8912,172.91504,184.14618
2021-09-03 14:00:00,2021-09-03 14:00:00,174.58716,163.39993,174.58716,185.26193
2021-09-03 14:00:00,2021-09-03 14:15:00,172.71146,161.33911,172.71146,183.28958
2021-09-03 14:00:00,2021-09-03 14:30:00,174.14003,162.13745,174.14003,184.92378
2021-09-03 14:00:00,2021-09-03 14:45:00,174.8601,163.32336,174.8601,185.90442
2021-09-03 15:00:00,2021-09-03 15:00:00,142.432,130.3587,142.432,154.83646
2021-09-03 15:00:00,2021-09-03 15:15:00,171.50333,158.92964,171.50333,183.38634
2021-09-03 15:00:00,2021-09-03 15:30:00,173.91776,160.9516,173.91776,185.53165
2021-09-03 15:00:00,2021-09-03 15:45:00,172.07251,159.74942,172.07251,183.33182
2021-09-03 16:00:00,2021-09-03 16:00:00,161.31177,150.08524,161.31177,172.17871
2021-09-03 16:00:00,2021-09-03 16:15:00,160.37766,148.33525,160.37766,172.51515
2021-09-03 16:00:00,2021-09-03 16:30:00,157.80519,144.61276,157.80519,169.83835
2021-09-03 16:00:00,2021-09-03 16:45:00,154.65987,141.3543,154.65987,167.4831
2021-09-03 17:00:00,2021-09-03 17:00:00,124.88168,113.676834,124.88168,136.82329
2021-09-03 17:00:00,2021-09-03 17:15:00,109.92548,98.23334,109.92548,121.96892
2021-09-03 17:00:00,2021-09-03 17:30:00,149.16125,135.92879,149.16125,160.55931
2021-09-03 17:00:00,2021-09-03 17:45:00,156.31906,144.40788,156.31906,167.55255
2021-09-03 18:00:00,2021-09-03 18:00:00,158.976,147.23764,158.976,170.51704
2021-09-03 18:00:00,2021-09-03 18:15:00,154.28206,141.65414,154.28206,166.26144
2021-09-03 18:00:00,2021-09-03 18:30:00,154.58467,141.37146,154.58467,166.62332
2021-09-03 18:00:00,2021-09-03 18:45:00,152.22125,139.094,152.22125,164.7545
2021-09-03 19:00:00,2021-09-03 19:00:00,146.09888,135.48694,146.09888,156.18684
2021-09-03 19:00:00,2021-09-03 19:15:00,137.25543,125.8922,137.25543,148.01633
2021-09-03 19:00:00,2021-09-03 19:30:00,135.24934,123.579445,135.24934,146.37149
2021-09-03 19:00:00,2021-09-03 19:45:00,118.964836,106.66983,118.964836,131.38922
2021-09-03 20:00:00,2021-09-03 20:00:00,108.5278,98.90992,108.5278,118.225914
2021-09-03 20:00:00,2021-09-03 20:15:00,117.49049,108.03653,117.49049,127.08637
2021-09-03 20:00:00,2021-09-03 20:30:00,120.10838,110.160576,120.10838,129.96915
2021-09-03 20:00:00,2021-09-03 20:45:00,119.61151,109.57608,119.61151,129.4333
2021-09-03 21:00:00,2021-09-03 21:00:00,115.37078,108.00632,115.37078,123.56275
2021-09-03 21:00:00,2021-09-03 21:15:00,118.72867,110.449234,118.72867,126.59429
2021-09-03 21:00:00,2021-09-03 21:30:00,115.303505,106.717064,115.303505,123.64396
2021-09-03 21:00:00,2021-09-03 21:45:00,112.45496,103.20867,112.45496,121.690674
2021-09-03 22:00:00,2021-09-03 22:00:00,96.73812,88.1403,96.73812,105.646286
2021-09-03 22:00:00,2021-09-03 22:15:00,109.40682,101.40536,109.40682,118.24463
2021-09-03 22:00:00,2021-09-03 22:30:00,108.59717,99.62363,108.59717,117.12082
2021-09-03 22:00:00,2021-09-03 22:45:00,110.65288,102.15176,110.65288,119.43448
2021-09-03 23:00:00,2021-09-03 23:00:00,113.16656,105.984985,113.16656,121.137634
2021-09-03 23:00:00,2021-09-03 23:15:00,113.13127,105.291374,113.13127,120.58871
2021-09-03 23:00:00,2021-09-03 23:30:00,108.04556,99.87938,108.04556,115.874664
2021-09-03 23:00:00,2021-09-03 23:45:00,87.14902,78.7877,87.14902,95.34239
2021-09-04 00:00:00,2021-09-04 00:00:00,73.0172,66.14349,73.0172,80.00676
2021-09-04 00:00:00,2021-09-04 00:15:00,71.2807,64.0813,71.2807,78.27277
2021-09-04 00:00:00,2021-09-04 00:30:00,69.30147,62.08178,69.30147,76.28368
2021-09-04 00:00:00,2021-09-04 00:45:00,69.42343,61.927513,69.42343,76.55198
2021-09-04 01:00:00,2021-09-04 01:00:00,88.913635,81.28061,88.913635,95.83243
2021-09-04 01:00:00,2021-09-04 01:15:00,101.449715,94.27226,101.449715,108.45924
2021-09-04 01:00:00,2021-09-04 01:30:00,104.277954,96.69209,104.277954,111.534225
2021-09-04 01:00:00,2021-09-04 01:45:00,105.43772,98.28054,105.43772,112.82808
2021-09-04 02:00:00,2021-09-04 02:00:00,108.770424,101.450554,108.770424,116.56839
2021-09-04 02:00:00,2021-09-04 02:15:00,110.80466,103.316696,110.80466,118.62026
2021-09-04 02:00:00,2021-09-04 02:30:00,107.46195,99.364204,107.46195,115.25481
2021-09-04 02:00:00,2021-09-04 02:45:00,105.18414,97.08326,105.18414,113.100586
2021-09-04 03:00:00,2021-09-04 03:00:00,90.20695,81.873825,90.20695,98.03618
2021-09-04 03:00:00,2021-09-04 03:15:00,99.96573,92.174126,99.96573,108.54145
2021-09-04 03:00:00,2021-09-04 03:30:00,101.6786,93.1457,101.6786,109.97003
2021-09-04 03:00:00,2021-09-04 03:45:00,104.11436,96.19944,104.11436,112.954315
2021-09-04 04:00:00,2021-09-04 04:00:00,101.397156,94.21388,101.397156,110.46608
2021-09-04 04:00:00,2021-09-04 04:15:00,101.87886,94.3798,101.87886,111.01505
2021-09-04 04:00:00,2021-09-04 04:30:00,101.60154,93.1367,101.60154,110.95469
2021-09-04 04:00:00,2021-09-04 04:45:00,97.48413,88.40113,97.48413,108.00456
2021-09-04 05:00:00,2021-09-04 05:00:00,88.481445,79.44403,88.481445,97.94101
2021-09-04 05:00:00,2021-09-04 05:15:00,84.42485,73.056175,84.42485,94.56681
2021-09-04 05:00:00,2021-09-04 05:30:00,102.72215,93.58591,102.72215,111.47243
2021-09-04 05:00:00,2021-09-04 05:45:00,111.77615,102.67557,111.77615,119.877686
2021-09-04 06:00:00,2021-09-04 06:00:00,103.41895,95.981575,103.41895,111.984856
2021-09-04 06:00:00,2021-09-04 06:15:00,103.34852,95.45205,103.34852,111.37872
2021-09-04 06:00:00,2021-09-04 06:30:00,100.43732,91.76166,100.43732,108.60153
2021-09-04 06:00:00,2021-09-04 06:45:00,98.67632,90.08304,98.67632,108.282265
2021-09-04 07:00:00,2021-09-04 07:00:00,102.73129,92.66364,102.73129,114.48313
2021-09-04 07:00:00,2021-09-04 07:15:00,90.95404,77.20272,90.95404,105.539185
2021-09-04 07:00:00,2021-09-04 07:30:00,61.02584,45.212414,61.02584,78.279785
2021-09-04 07:00:00,2021-09-04 07:45:00,42.865696,28.90506,42.865696,60.29983
2021-09-04 08:00:00,2021-09-04 08:00:00,32.46907,26.600899,32.46907,39.080948
2021-09-04 08:00:00,2021-09-04 08:15:00,32.39689,26.314163,32.39689,39.025307
2021-09-04 08:00:00,2021-09-04 08:30:00,32.798065,26.561981,32.798065,39.462418
2021-09-04 08:00:00,2021-09-04 08:45:00,32.81111,26.858086,32.81111,39.848087
2021-09-04 09:00:00,2021-09-04 09:00:00,29.046791,24.539047,29.046791,34.02173
2021-09-04 09:00:00,2021-09-04 09:15:00,28.752754,24.370155,28.752754,33.63185
2021-09-04 09:00:00,2021-09-04 09:30:00,28.833412,24.352058,28.833412,33.624832
2021-09-04 09:00:00,2021-09-04 09:45:00,28.837578,24.831406,28.837578,33.87298
2021-09-04 10:00:00,2021-09-04 10:00:00,29.43283,25.418007,29.43283,33.65589
2021-09-04 10:00:00,2021-09-04 10:15:00,29.668594,25.658257,29.668594,34.013153
2021-09-04 10:00:00,2021-09-04 10:30:00,30.115349,25.83609,30.115349,34.228195
2021-09-04 10:00:00,2021-09-04 10:45:00,29.876457,26.119682,29.876457,34.469055
2021-09-04 11:00:00,2021-09-04 11:00:00,32.642075,28.980766,32.642075,36.735527
2021-09-04 11:00:00,2021-09-04 11:15:00,32.54117,28.712189,32.54117,36.61331
2021-09-04 11:00:00,2021-09-04 11:30:00,32.246307,28.14206,32.246307,36.135414
2021-09-04 11:00:00,2021-09-04 11:45:00,31.501839,27.961082,31.501839,35.83258
2021-09-04 12:00:00,2021-09-04 12:00:00,30.713577,27.472641,30.713577,34.03009
2021-09-04 12:00:00,2021-09-04 12:15:00,30.457657,27.196365,30.457657,33.678757
2021-09-04 12:00:00,2021-09-04 12:30:00,30.514633,27.138306,30.514633,33.43493
2021-09-04 12:00:00,2021-09-04 12:45:00,30.367134,27.412605,30.367134,33.715935
2021-09-04 13:00:00,2021-09-04 13:00:00,33.194885,29.906921,33.194885,36.88195
2021-09-04 13:00:00,2021-09-04 13:15:00,32.90753,29.327682,32.90753,36.885788
2021-09-04 13:00:00,2021-09-04 13:30:00,32.91317,29.114555,32.91317,36.86451
2021-09-04 13:00:00,2021-09-04 13:45:00,32.721657,29.429863,32.721657,37.21055
2021-09-04 14:00:00,2021-09-04 14:00:00,34.896637,31.671974,34.896637,38.616356
2021-09-04 14:00:00,2021-09-04 14:15:00,34.659393,31.116745,34.659393,38.315666
2021-09-04 14:00:00,2021-09-04 14:30:00,34.61589,30.708786,34.61589,38.139946
2021-09-04 14:00:00,2021-09-04 14:45:00,34.115776,30.637123,34.115776,38.24684
2021-09-04 15:00:00,2021-09-04 15:00:00,33.447548,30.279953,33.447548,36.57779
2021-09-04 15:00:00,2021-09-04 15:15:00,33.23465,29.883514,33.23465,36.41268
2021-09-04 15:00:00,2021-09-04 15:30:00,33.459373,29.86821,33.459373,36.47856
2021-09-04 15:00:00,2021-09-04 15:45:00,33.102417,30.0261,33.102417,36.598816
2021-09-04 16:00:00,2021-09-04 16:00:00,33.45729,30.676895,33.45729,36.38571
2021-09-04 16:00:00,2021-09-04 16:15:00,33.3676,30.499344,33.3676,36.17182
2021-09-04 16:00:00,2021-09-04 16:30:00,33.35489,30.191292,33.35489,36.034515
2021-09-04 16:00:00,2021-09-04 16:45:00,32.943848,30.327194,32.943848,36.068398
2021-09-04 17:00:00,2021-09-04 17:00:00,35.588142,31.135109,35.588142,42.07638
2021-09-04 17:00:00,2021-09-04 17:15:00,34.81588,30.015762,34.81588,41.26853
2021-09-04 17:00:00,2021-09-04 17:30:00,35.631737,30.542175,35.631737,42.03924
2021-09-04 17:00:00,2021-09-04 17:45:00,35.275993,30.337929,35.275993,42.30195
2021-09-04 18:00:00,2021-09-04 18:00:00,30.572212,27.79869,30.572212,33.800575
2021-09-04 18:00:00,2021-09-04 18:15:00,30.44777,27.538902,30.44777,33.462746
2021-09-04 18:00:00,2021-09-04 18:30:00,30.212395,27.049583,30.212395,32.96933
2021-09-04 18:00:00,2021-09-04 18:45:00,29.5197,26.910736,29.5197,32.90889
2021-09-04 19:00:00,2021-09-04 19:00:00,26.131126,23.661865,26.131126,28.593544
2021-09-04 19:00:00,2021-09-04 19:15:00,25.993462,23.528816,25.993462,28.399506
2021-09-04 19:00:00,2021-09-04 19:30:00,26.116898,23.596191,26.116898,28.144073
2021-09-04 19:00:00,2021-09-04 19:45:00,25.627777,23.731361,25.627777,28.156906
2021-09-04 20:00:00,2021-09-04 20:00:00,24.88153,22.658577,24.88153,27.08213
2021-09-04 20:00:00,2021-09-04 20:15:00,24.78582,22.647537,24.78582,26.889648
2021-09-04 20:00:00,2021-09-04 20:30:00,24.795265,22.48758,24.795265,26.504036
2021-09-04 20:00:00,2021-09-04 20:45:00,24.322624,22.60913,24.322624,26.667694
2021-09-04 21:00:00,2021-09-04 21:00:00,25.110954,23.03611,25.110954,27.097504
2021-09-04 21:00:00,2021-09-04 21:15:00,25.06897,23.166245,25.06897,26.910233
2021-09-04 21:00:00,2021-09-04 21:30:00,25.22055,23.20401,25.22055,26.579926
2021-09-04 21:00:00,2021-09-04 21:45:00,24.797325,23.36625,24.797325,26.850906
2021-09-04 22:00:00,2021-09-04 22:00:00,24.488518,22.44912,24.488518,26.34729
2021-09-04 22:00:00,2021-09-04 22:15:00,24.778809,22.86383,24.778809,26.588387
2021-09-04 22:00:00,2021-09-04 22:30:00,25.004898,22.869263,25.004898,26.412575
2021-09-04 22:00:00,2021-09-04 22:45:00,24.57988,23.228409,24.57988,26.656082
2021-09-04 23:00:00,2021-09-04 23:00:00,24.671974,22.753815,24.671974,26.537636
2021-09-04 23:00:00,2021-09-04 23:15:00,24.665413,22.948898,24.665413,26.34565
2021-09-04 23:00:00,2021-09-04 23:30:00,24.58879,22.63816,24.58879,25.921799
2021-09-04 23:00:00,2021-09-04 23:45:00,24.025276,22.747032,24.025276,25.91829
2021-09-05 00:00:00,2021-09-05 00:00:00,23.815376,21.624985,23.815376,25.654854
2021-09-05 00:00:00,2021-09-05 00:15:00,23.668999,21.790688,23.668999,25.34095
2021-09-05 00:00:00,2021-09-05 00:30:00,23.843643,21.824371,23.843643,25.07782
2021-09-05 00:00:00,2021-09-05 00:45:00,23.4599,22.044876,23.4599,25.38417
2021-09-05 01:00:00,2021-09-05 01:00:00,25.064262,22.830086,25.064262,27.055328
2021-09-05 01:00:00,2021-09-05 01:15:00,25.056328,22.982788,25.056328,26.97609
2021-09-05 01:00:00,2021-09-05 01:30:00,25.228958,23.03498,25.228958,26.754692
2021-09-05 01:00:00,2021-09-05 01:45:00,24.918343,23.430634,24.918343,27.075958
2021-09-05 02:00:00,2021-09-05 02:00:00,23.923103,21.8741,23.923103,25.821762
2021-09-05 02:00:00,2021-09-05 02:15:00,24.001686,22.175026,24.001686,25.74147
2021-09-05 02:00:00,2021-09-05 02:30:00,23.859428,21.811378,23.859428,25.185356
2021-09-05 02:00:00,2021-09-05 02:45:00,23.249763,21.897224,23.249763,25.239456
2021-09-05 03:00:00,2021-09-05 03:00:00,24.151772,22.398613,24.151772,25.697258
2021-09-05 03:00:00,2021-09-05 03:15:00,24.154327,22.543335,24.154327,25.641708
2021-09-05 03:00:00,2021-09-05 03:30:00,24.140602,22.25734,24.140602,25.265594
2021-09-05 03:00:00,2021-09-05 03:45:00,23.648346,22.478912,23.648346,25.409325
2021-09-05 04:00:00,2021-09-05 04:00:00,23.774841,21.95198,23.774841,25.47647
2021-09-05 04:00:00,2021-09-05 04:15:00,23.800941,22.125504,23.800941,25.396172
2021-09-05 04:00:00,2021-09-05 04:30:00,23.76503,21.779785,23.76503,25.010757
2021-09-05 04:00:00,2021-09-05 04:45:00,23.236046,21.951881,23.236046,25.115372
2021-09-05 05:00:00,2021-09-05 05:00:00,23.858932,21.782982,23.858932,25.589981
2021-09-05 05:00:00,2021-09-05 05:15:00,23.827003,21.910385,23.827003,25.618828
2021-09-05 05:00:00,2021-09-05 05:30:00,24.302162,22.09845,24.302162,25.674057
2021-09-05 05:00:00,2021-09-05 05:45:00,23.973137,22.627617,23.973137,26.057106
2021-09-05 06:00:00,2021-09-05 06:00:00,23.75386,21.726807,23.75386,25.567657
2021-09-05 06:00:00,2021-09-05 06:15:00,23.836617,21.93782,23.836617,25.630234
2021-09-05 06:00:00,2021-09-05 06:30:00,23.762558,21.639069,23.762558,25.133087
2021-09-05 06:00:00,2021-09-05 06:45:00,23.207893,21.785042,23.207893,25.217934
2021-09-05 07:00:00,2021-09-05 07:00:00,23.203308,21.209724,23.203308,24.877373
2021-09-05 07:00:00,2021-09-05 07:15:00,23.2014,21.351349,23.2014,24.961395
2021-09-05 07:00:00,2021-09-05 07:30:00,23.378075,21.316147,23.378075,24.791626
2021-09-05 07:00:00,2021-09-05 07:45:00,22.924438,21.562294,22.924438,24.92022
2021-09-05 08:00:00,2021-09-05 08:00:00,23.37764,21.52562,23.37764,25.048546
2021-09-05 08:00:00,2021-09-05 08:15:00,23.399498,21.65165,23.399498,25.056145
2021-09-05 08:00:00,2021-09-05 08:30:00,23.408333,21.438217,23.408333,24.73529
2021-09-05 08:00:00,2021-09-05 08:45:00,22.948257,21.590218,22.948257,24.9001
2021-09-05 09:00:00,2021-09-05 09:00:00,24.086525,22.088028,24.086525,25.955719
2021-09-05 09:00:00,2021-09-05 09:15:00,24.220795,22.305199,24.220795,25.978065
2021-09-05 09:00:00,2021-09-05 09:30:00,24.268227,22.191467,24.268227,25.677834
2021-09-05 09:00:00,2021-09-05 09:45:00,23.807114,22.306274,23.807114,25.901115
2021-09-05 10:00:00,2021-09-05 10:00:00,24.045906,22.094284,24.045906,25.790413
2021-09-05 10:00:00,2021-09-05 10:15:00,24.173729,22.346176,24.173729,25.925476
2021-09-05 10:00:00,2021-09-05 10:30:00,24.262016,22.201256,24.262016,25.717415
2021-09-05 10:00:00,2021-09-05 10:45:00,23.816597,22.424698,23.816597,25.890366
2021-09-05 11:00:00,2021-09-05 11:00:00,23.744438,21.920708,23.744438,25.547699
2021-09-05 11:00:00,2021-09-05 11:15:00,23.694534,21.961937,23.694534,25.411858
2021-09-05 11:00:00,2021-09-05 11:30:00,23.518097,21.605072,23.518097,24.920876
2021-09-05 11:00:00,2021-09-05 11:45:00,22.96566,21.743439,22.96566,24.896103
2021-09-05 12:00:00,2021-09-05 12:00:00,22.938614,21.161186,22.938614,24.45729
2021-09-05 12:00:00,2021-09-05 12:15:00,22.807083,21.2042,22.807083,24.266006
2021-09-05 12:00:00,2021-09-05 12:30:00,22.86393,21.027885,22.86393,23.92546
2021-09-05 12:00:00,2021-09-05 12:45:00,22.399895,21.1502,22.399895,24.135399
2021-09-05 13:00:00,2021-09-05 13:00:00,23.654602,21.528107,23.654602,25.53048
2021-09-05 13:00:00,2021-09-05 13:15:00,23.57463,21.59301,23.57463,25.507072
2021-09-05 13:00:00,2021-09-05 13:30:00,23.74472,21.562546,23.74472,25.301666
2021-09-05 13:00:00,2021-09-05 13:45:00,23.398674,21.86399,23.398674,25.620392
2021-09-05 14:00:00,2021-09-05 14:00:00,23.57338,21.625923,23.57338,25.356659
2021-09-05 14:00:00,2021-09-05 14:15:00,23.57817,21.781128,23.57817,25.311462
2021-09-05 14:00:00,2021-09-05 14:30:00,23.551514,21.49636,23.551514,24.905624
2021-09-05 14:00:00,2021-09-05 14:45:00,22.989632,21.651253,22.989632,25.040955
2021-09-05 15:00:00,2021-09-05 15:00:00,23.84996,21.937103,23.84996,25.671165
2021-09-05 15:00:00,2021-09-05 15:15:00,23.816223,21.98552,23.816223,25.637428
2021-09-05 15:00:00,2021-09-05 15:30:00,23.855553,21.787048,23.855553,25.323868
2021-09-05 15:00:00,2021-09-05 15:45:00,23.377182,21.992752,23.377182,25.523842
2021-09-05 16:00:00,2021-09-05 16:00:00,27.23082,24.101028,27.23082,31.518517
2021-09-05 16:00:00,2021-09-05 16:15:00,27.547997,23.951736,27.547997,31.715477
2021-09-05 16:00:00,2021-09-05 16:30:00,27.532227,23.781052,27.532227,31.686935
2021-09-05 16:00:00,2021-09-05 16:45:00,27.258438,23.477219,27.258438,32.11853
2021-09-05 17:00:00,2021-09-05 17:00:00,24.060074,22.031342,24.060074,26.053001
2021-09-05 17:00:00,2021-09-05 17:15:00,24.015472,22.14138,24.015472,25.856361
2021-09-05 17:00:00,2021-09-05 17:30:00,24.143944,21.984451,24.143944,25.65792
2021-09-05 17:00:00,2021-09-05 17:45:00,23.735107,22.278313,23.735107,25.960434
2021-09-05 18:00:00,2021-09-05 18:00:00,23.826523,22.006004,23.826523,25.634079
2021-09-05 18:00:00,2021-09-05 18:15:00,23.757729,22.13124,23.757729,25.298874
2021-09-05 18:00:00,2021-09-05 18:30:00,23.533936,21.655403,23.533936,24.752197
2021-09-05 18:00:00,2021-09-05 18:45:00,22.922745,21.661705,22.922745,24.807686
2021-09-05 19:00:00,2021-09-05 19:00:00,23.484795,21.6837,23.484795,25.18454
2021-09-05 19:00:00,2021-09-05 19:15:00,23.429657,21.87677,23.429657,24.87722
2021-09-05 19:00:00,2021-09-05 19:30:00,23.294777,21.50708,23.294777,24.44226
2021-09-05 19:00:00,2021-09-05 19:45:00,22.749008,21.555954,22.749008,24.51886
2021-09-05 20:00:00,2021-09-05 20:00:00,24.4646,22.00322,24.4646,27.405006
2021-09-05 20:00:00,2021-09-05 20:15:00,24.436363,22.075592,24.436363,27.179504
2021-09-05 20:00:00,2021-09-05 20:30:00,24.364136,21.824875,24.364136,26.80677
2021-09-05 20:00:00,2021-09-05 20:45:00,23.81791,21.805183,23.81791,26.963638
2021-09-05 21:00:00,2021-09-05 21:00:00,23.575874,21.841713,23.575874,25.326195
2021-09-05 21:00:00,2021-09-05 21:15:00,23.533897,22.046272,23.533897,25.066292
2021-09-05 21:00:00,2021-09-05 21:30:00,23.596153,21.732483,23.596153,24.692505
2021-09-05 21:00:00,2021-09-05 21:45:00,23.071388,21.793144,23.071388,24.983498
2021-09-05 22:00:00,2021-09-05 22:00:00,23.495125,21.976051,23.495125,24.922844
2021-09-05 22:00:00,2021-09-05 22:15:00,23.545555,22.246704,23.545555,24.803696
2021-09-05 22:00:00,2021-09-05 22:30:00,23.538742,21.737854,23.538742,24.502457
2021-09-05 22:00:00,2021-09-05 22:45:00,23.0038,21.908745,23.0038,24.737526
2021-09-05 23:00:00,2021-09-05 23:00:00,25.903793,23.642815,25.903793,28.956642
2021-09-05 23:00:00,2021-09-05 23:15:00,25.760582,23.455696,25.760582,28.579742
2021-09-05 23:00:00,2021-09-05 23:30:00,25.407387,22.998238,25.407387,27.96035
2021-09-05 23:00:00,2021-09-05 23:45:00,24.450676,22.772316,24.450676,27.651077
2021-09-06 00:00:00,2021-09-06 00:00:00,23.010895,21.105042,23.010895,24.82093
2021-09-06 00:00:00,2021-09-06 00:15:00,23.014748,21.309402,23.014748,24.582596
2021-09-06 00:00:00,2021-09-06 00:30:00,22.966064,21.122375,22.966064,24.163826
2021-09-06 00:00:00,2021-09-06 00:45:00,22.446877,21.071907,22.446877,24.338799
2021-09-06 01:00:00,2021-09-06 01:00:00,22.998405,21.17698,22.998405,24.64444
2021-09-06 01:00:00,2021-09-06 01:15:00,23.04644,21.374023,23.04644,24.501358
2021-09-06 01:00:00,2021-09-06 01:30:00,22.999466,21.039055,22.999466,24.156052
2021-09-06 01:00:00,2021-09-06 01:45:00,22.52819,21.207024,22.52819,24.355278
2021-09-06 02:00:00,2021-09-06 02:00:00,22.78025,21.150047,22.78025,24.304016
2021-09-06 02:00:00,2021-09-06 02:15:00,22.763954,21.288727,22.763954,24.03775
2021-09-06 02:00:00,2021-09-06 02:30:00,22.652672,20.867203,22.652672,23.532127
2021-09-06 02:00:00,2021-09-06 02:45:00,22.025024,20.892128,22.025024,23.620583
2021-09-06 03:00:00,2021-09-06 03:00:00,24.678978,22.44442,24.678978,27.682236
2021-09-06 03:00:00,2021-09-06 03:15:00,24.675446,22.116707,24.675446,27.694351
2021-09-06 03:00:00,2021-09-06 03:30:00,24.683708,22.045647,24.683708,27.423698
2021-09-06 03:00:00,2021-09-06 03:45:00,24.138023,22.08326,24.138023,27.490845
2021-09-06 04:00:00,2021-09-06 04:00:00,22.694183,19.539917,22.694183,25.252403
2021-09-06 04:00:00,2021-09-06 04:15:00,22.37043,19.720291,22.37043,24.983002
2021-09-06 04:00:00,2021-09-06 04:30:00,22.63636,19.77446,22.63636,24.654099
2021-09-06 04:00:00,2021-09-06 04:45:00,21.741158,19.552704,21.741158,24.797928
2021-09-06 05:00:00,2021-09-06 05:00:00,20.335648,16.203598,20.335648,25.01838
2021-09-06 05:00:00,2021-09-06 05:15:00,20.58754,16.136086,20.58754,24.895058
2021-09-06 05:00:00,2021-09-06 05:30:00,21.27826,16.344307,21.27826,25.187553
2021-09-06 05:00:00,2021-09-06 05:45:00,20.874031,17.376602,20.874031,25.942978
2021-09-06 06:00:00,2021-09-06 06:00:00,24.21244,19.498428,24.21244,29.759575
2021-09-06 06:00:00,2021-09-06 06:15:00,23.27742,18.639061,23.27742,28.299957
2021-09-06 06:00:00,2021-09-06 06:30:00,23.04847,17.5895,23.04847,27.686577
2021-09-06 06:00:00,2021-09-06 06:45:00,23.742668,18.914581,23.742668,29.798195
2021-09-06 07:00:00,2021-09-06 07:00:00,29.800278,22.487946,29.800278,37.69957
2021-09-06 07:00:00,2021-09-06 07:15:00,40.516895,32.77942,40.516895,49.231926
2021-09-06 07:00:00,2021-09-06 07:30:00,65.47104,52.49542,65.47104,79.30504
2021-09-06 07:00:00,2021-09-06 07:45:00,95.06431,76.44283,95.06431,111.947975
2021-09-06 08:00:00,2021-09-06 08:00:00,140.77594,129.13062,140.77594,152.85835
2021-09-06 08:00:00,2021-09-06 08:15:00,166.67949,153.61804,166.67949,178.14224
2021-09-06 08:00:00,2021-09-06 08:30:00,170.84796,156.99677,170.84796,182.8389
2021-09-06 08:00:00,2021-09-06 08:45:00,174.77873,161.99405,174.77873,187.12602
2021-09-06 09:00:00,2021-09-06 09:00:00,175.4067,163.9273,175.4067,186.9253
2021-09-06 09:00:00,2021-09-06 09:15:00,172.06815,159.81773,172.06815,182.78545
2021-09-06 09:00:00,2021-09-06 09:30:00,179.59337,167.71921,179.59337,190.41734
2021-09-06 09:00:00,2021-09-06 09:45:00,179.08339,167.73267,179.08339,190.21585
2021-09-06 10:00:00,2021-09-06 10:00:00,146.93332,133.99948,146.93332,159.13828
2021-09-06 10:00:00,2021-09-06 10:15:00,172.83487,160.41827,172.83487,184.611
2021-09-06 10:00:00,2021-09-06 10:30:00,173.01355,159.72581,173.01355,184.48587
2021-09-06 10:00:00,2021-09-06 10:45:00,170.36697,157.41629,170.36697,182.33987
2021-09-06 11:00:00,2021-09-06 11:00:00,175.56175,164.71565,175.56175,187.38849
2021-09-06 11:00:00,2021-09-06 11:15:00,175.57114,163.98618,175.57114,187.72433
2021-09-06 11:00:00,2021-09-06 11:30:00,175.83035,162.83496,175.83035,187.8642
2021-09-06 11:00:00,2021-09-06 11:45:00,175.15002,162.03717,175.15002,188.26163
2021-09-06 12:00:00,2021-09-06 12:00:00,117.51761,107.16297,117.51761,128.81357
2021-09-06 12:00:00,2021-09-06 12:15:00,97.35714,86.139595,97.35714,108.39572
2021-09-06 12:00:00,2021-09-06 12:30:00,99.18293,86.27597,99.18293,110.697426
2021-09-06 12:00:00,2021-09-06 12:45:00,134.15599,120.47441,134.15599,147.89293
2021-09-06 13:00:00,2021-09-06 13:00:00,168.6307,158.50328,168.6307,178.16782
2021-09-06 13:00:00,2021-09-06 13:15:00,169.94035,159.06808,169.94035,179.2031
2021-09-06 13:00:00,2021-09-06 13:30:00,169.20723,158.05215,169.20723,178.91093
2021-09-06 13:00:00,2021-09-06 13:45:00,171.99365,161.21542,171.99365,182.69794
2021-09-06 14:00:00,2021-09-06 14:00:00,163.51593,153.40135,163.51593,172.306
2021-09-06 14:00:00,2021-09-06 14:15:00,164.63034,153.92133,164.63034,174.30981
2021-09-06 14:00:00,2021-09-06 14:30:00,165.04314,153.39145,165.04314,175.4137
2021-09-06 14:00:00,2021-09-06 14:45:00,165.84161,154.29343,165.84161,177.04428
2021-09-06 15:00:00,2021-09-06 15:00:00,134.72668,124.64592,134.72668,145.42992
2021-09-06 15:00:00,2021-09-06 15:15:00,160.0001,148.20918,160.0001,170.36066
2021-09-06 15:00:00,2021-09-06 15:30:00,163.57729,150.95203,163.57729,174.41397
2021-09-06 15:00:00,2021-09-06 15:45:00,163.53741,150.84282,163.53741,174.38542
2021-09-06 16:00:00,2021-09-06 16:00:00,162.1088,152.4334,162.1088,171.24475
2021-09-06 16:00:00,2021-09-06 16:15:00,159.1508,148.7266,159.1508,168.81058
2021-09-06 16:00:00,2021-09-06 16:30:00,157.09735,145.60791,157.09735,167.17673
2021-09-06 16:00:00,2021-09-06 16:45:00,154.88791,142.97191,154.88791,165.92827
2021-09-06 17:00:00,2021-09-06 17:00:00,114.62047,104.27783,114.62047,124.92918
2021-09-06 17:00:00,2021-09-06 17:15:00,102.90112,91.49635,102.90112,114.218414
2021-09-06 17:00:00,2021-09-06 17:30:00,137.58226,123.47451,137.58226,150.91801
2021-09-06 17:00:00,2021-09-06 17:45:00,148.28839,132.65477,148.28839,161.11658
2021-09-06 18:00:00,2021-09-06 18:00:00,144.757,133.20862,144.757,155.85353
2021-09-06 18:00:00,2021-09-06 18:15:00,141.42195,128.16055,141.42195,153.68674
2021-09-06 18:00:00,2021-09-06 18:30:00,142.09137,128.79774,142.09137,154.53482
2021-09-06 18:00:00,2021-09-06 18:45:00,142.9117,128.10886,142.9117,156.14969
2021-09-06 19:00:00,2021-09-06 19:00:00,148.3309,138.75583,148.3309,157.68867
2021-09-06 19:00:00,2021-09-06 19:15:00,139.64203,128.7007,139.64203,149.51439
2021-09-06 19:00:00,2021-09-06 19:30:00,139.19205,127.47201,139.19205,149.38393
2021-09-06 19:00:00,2021-09-06 19:45:00,123.21524,110.70673,123.21524,135.1153
2021-09-06 20:00:00,2021-09-06 20:00:00,107.664314,99.43794,107.664314,116.25048
2021-09-06 20:00:00,2021-09-06 20:15:00,114.29809,105.805855,114.29809,123.252975
2021-09-06 20:00:00,2021-09-06 20:30:00,116.99771,108.10797,116.99771,125.90387
2021-09-06 20:00:00,2021-09-06 20:45:00,115.663826,106.44446,115.663826,125.24434
2021-09-06 21:00:00,2021-09-06 21:00:00,113.7766,107.078316,113.7766,121.832214
2021-09-06 21:00:00,2021-09-06 21:15:00,114.88067,107.52277,114.88067,122.66077
2021-09-06 21:00:00,2021-09-06 21:30:00,111.32599,103.404526,111.32599,119.22407
2021-09-06 21:00:00,2021-09-06 21:45:00,106.7316,97.860306,106.7316,116.37116
2021-09-06 22:00:00,2021-09-06 22:00:00,100.57216,92.71197,100.57216,108.78467
2021-09-06 22:00:00,2021-09-06 22:15:00,111.659256,104.46104,111.659256,119.76322
2021-09-06 22:00:00,2021-09-06 22:30:00,111.90118,104.0818,111.90118,119.553955
2021-09-06 22:00:00,2021-09-06 22:45:00,114.19076,106.62044,114.19076,122.109215
2021-09-06 23:00:00,2021-09-06 23:00:00,109.6001,103.63399,109.6001,116.224434
2021-09-06 23:00:00,2021-09-06 23:15:00,108.439125,102.31365,108.439125,115.31145
2021-09-06 23:00:00,2021-09-06 23:30:00,105.05711,98.13354,105.05711,111.94522
2021-09-06 23:00:00,2021-09-06 23:45:00,85.894684,79.048546,85.894684,92.90654
2021-09-07 00:00:00,2021-09-07 00:00:00,74.24739,67.90471,74.24739,81.07364
2021-09-07 00:00:00,2021-09-07 00:15:00,71.54914,65.2327,71.54914,78.03707
2021-09-07 00:00:00,2021-09-07 00:30:00,68.75841,62.787354,68.75841,74.88735
2021-09-07 00:00:00,2021-09-07 00:45:00,67.67151,61.243637,67.67151,72.88666
2021-09-07 01:00:00,2021-09-07 01:00:00,94.6134,88.16783,94.6134,100.68183
2021-09-07 01:00:00,2021-09-07 01:15:00,104.62533,98.84604,104.62533,110.810745
2021-09-07 01:00:00,2021-09-07 01:30:00,107.74081,101.42917,107.74081,113.93976
2021-09-07 01:00:00,2021-09-07 01:45:00,106.95556,100.971565,106.95556,113.25835
2021-09-07 02:00:00,2021-09-07 02:00:00,115.006676,108.42014,115.006676,122.06757
2021-09-07 02:00:00,2021-09-07 02:15:00,112.58037,106.0223,112.58037,119.529366
2021-09-07 02:00:00,2021-09-07 02:30:00,108.551445,101.339714,108.551445,115.50104
2021-09-07 02:00:00,2021-09-07 02:45:00,106.57813,99.36142,106.57813,113.56008
2021-09-07 03:00:00,2021-09-07 03:00:00,94.20771,87.07163,94.20771,101.17453
2021-09-07 03:00:00,2021-09-07 03:15:00,104.14501,97.320175,104.14501,111.9445
2021-09-07 03:00:00,2021-09-07 03:30:00,108.25916,100.94943,108.25916,115.212616
2021-09-07 03:00:00,2021-09-07 03:45:00,108.121735,101.096565,108.121735,115.65236
2021-09-07 04:00:00,2021-09-07 04:00:00,107.73661,100.28009,107.73661,115.98573
2021-09-07 04:00:00,2021-09-07 04:15:00,107.16683,98.99768,107.16683,116.42462
2021-09-07 04:00:00,2021-09-07 04:30:00,105.05426,96.447975,105.05426,113.53883
2021-09-07 04:00:00,2021-09-07 04:45:00,101.220345,92.64392,101.220345,109.890236
2021-09-07 05:00:00,2021-09-07 05:00:00,92.42959,83.46719,92.42959,101.36827
2021-09-07 05:00:00,2021-09-07 05:15:00,81.89475,72.105835,81.89475,91.208145
2021-09-07 05:00:00,2021-09-07 05:30:00,101.53942,91.646225,101.53942,111.55085
2021-09-07 05:00:00,2021-09-07 05:45:00,111.20357,100.37113,111.20357,121.844376
2021-09-07 06:00:00,2021-09-07 06:00:00,113.8001,103.897865,113.8001,123.49296
2021-09-07 06:00:00,2021-09-07 06:15:00,113.62904,103.109505,113.62904,123.39668
2021-09-07 06:00:00,2021-09-07 06:30:00,110.76183,100.89657,110.76183,120.7646
2021-09-07 06:00:00,2021-09-07 06:45:00,112.31805,102.152885,112.31805,122.59189
2021-09-07 07:00:00,2021-09-07 07:00:00,116.52649,106.81173,116.52649,125.77075
2021-09-07 07:00:00,2021-09-07 07:15:00,125.574814,115.11906,125.574814,135.40181
2021-09-07 07:00:00,2021-09-07 07:30:00,147.82214,136.10268,147.82214,158.62766
2021-09-07 07:00:00,2021-09-07 07:45:00,143.2988,131.6596,143.2988,155.22743
2021-09-07 08:00:00,2021-09-07 08:00:00,155.89648,144.80139,155.89648,168.2578
2021-09-07 08:00:00,2021-09-07 08:15:00,173.61008,161.24161,173.61008,185.03021
2021-09-07 08:00:00,2021-09-07 08:30:00,176.66449,163.86836,176.66449,188.17859
2021-09-07 08:00:00,2021-09-07 08:45:00,175.36484,163.13666,175.36484,187.64195
2021-09-07 09:00:00,2021-09-07 09:00:00,177.64648,166.05862,177.64648,189.78596
2021-09-07 09:00:00,2021-09-07 09:15:00,178.60175,167.10155,178.60175,190.76335
2021-09-07 09:00:00,2021-09-07 09:30:00,180.04335,167.88869,180.04335,191.8621
2021-09-07 09:00:00,2021-09-07 09:45:00,180.16936,168.67935,180.16936,192.04013
2021-09-07 10:00:00,2021-09-07 10:00:00,148.39343,137.36061,148.39343,160.09828
2021-09-07 10:00:00,2021-09-07 10:15:00,173.56244,162.11908,173.56244,184.48282
2021-09-07 10:00:00,2021-09-07 10:30:00,175.47636,163.27347,175.47636,186.23825
2021-09-07 10:00:00,2021-09-07 10:45:00,176.85995,165.5723,176.85995,187.50546
2021-09-07 11:00:00,2021-09-07 11:00:00,177.77002,167.53143,177.77002,189.07025
2021-09-07 11:00:00,2021-09-07 11:15:00,175.89558,164.6143,175.89558,187.59401
2021-09-07 11:00:00,2021-09-07 11:30:00,176.34573,164.6546,176.34573,187.6954
2021-09-07 11:00:00,2021-09-07 11:45:00,170.59421,158.08586,170.59421,183.30087
2021-09-07 12:00:00,2021-09-07 12:00:00,122.96028,111.65657,122.96028,134.97763
2021-09-07 12:00:00,2021-09-07 12:15:00,101.37011,90.593506,101.37011,112.5365
2021-09-07 12:00:00,2021-09-07 12:30:00,101.20703,89.54823,101.20703,112.38401
2021-09-07 12:00:00,2021-09-07 12:45:00,130.43968,117.33281,130.43968,143.45285
2021-09-07 13:00:00,2021-09-07 13:00:00,169.785,158.94194,169.785,180.03687
2021-09-07 13:00:00,2021-09-07 13:15:00,172.0383,161.12958,172.0383,182.17377
2021-09-07 13:00:00,2021-09-07 13:30:00,171.48465,159.71663,171.48465,182.01451
2021-09-07 13:00:00,2021-09-07 13:45:00,173.65105,162.38434,173.65105,184.89377
2021-09-07 14:00:00,2021-09-07 14:00:00,171.68527,160.01384,171.68527,182.5828
2021-09-07 14:00:00,2021-09-07 14:15:00,171.9278,160.09695,171.9278,183.01265
2021-09-07 14:00:00,2021-09-07 14:30:00,175.80594,163.68202,175.80594,187.13083
2021-09-07 14:00:00,2021-09-07 14:45:00,175.3747,163.56577,175.3747,187.09247
2021-09-07 15:00:00,2021-09-07 15:00:00,149.8572,137.66327,149.8572,162.81161
2021-09-07 15:00:00,2021-09-07 15:15:00,177.45084,164.67613,177.45084,189.98819
2021-09-07 15:00:00,2021-09-07 15:30:00,178.96597,165.76915,178.96597,190.90788
2021-09-07 15:00:00,2021-09-07 15:45:00,175.20345,162.19865,175.20345,187.05206
2021-09-07 16:00:00,2021-09-07 16:00:00,170.9284,159.9845,170.9284,181.64407
2021-09-07 16:00:00,2021-09-07 16:15:00,167.19035,155.32568,167.19035,179.06622
2021-09-07 16:00:00,2021-09-07 16:30:00,161.71536,148.89304,161.71536,173.4181
2021-09-07 16:00:00,2021-09-07 16:45:00,159.80603,146.61092,159.80603,172.46198
2021-09-07 17:00:00,2021-09-07 17:00:00,123.12271,113.24304,123.12271,134.12383
2021-09-07 17:00:00,2021-09-07 17:15:00,109.52626,98.45838,109.52626,121.31848
2021-09-07 17:00:00,2021-09-07 17:30:00,151.33646,138.589,151.33646,162.73659
2021-09-07 17:00:00,2021-09-07 17:45:00,159.53088,147.54832,159.53088,170.63188
2021-09-07 18:00:00,2021-09-07 18:00:00,159.46747,149.09662,159.46747,169.88118
2021-09-07 18:00:00,2021-09-07 18:15:00,154.39798,142.77274,154.39798,165.4753
2021-09-07 18:00:00,2021-09-07 18:30:00,156.17091,144.05846,156.17091,167.40157
2021-09-07 18:00:00,2021-09-07 18:45:00,153.70471,141.61154,153.70471,165.44107
2021-09-07 19:00:00,2021-09-07 19:00:00,149.70317,140.359,149.70317,159.18976
2021-09-07 19:00:00,2021-09-07 19:15:00,140.96225,130.48203,140.96225,150.88394
2021-09-07 19:00:00,2021-09-07 19:30:00,142.64091,131.18321,142.64091,153.14429
2021-09-07 19:00:00,2021-09-07 19:45:00,125.21551,113.67804,125.21551,137.1206
2021-09-07 20:00:00,2021-09-07 20:00:00,125.29683,116.111244,125.29683,134.93701
2021-09-07 20:00:00,2021-09-07 20:15:00,132.61699,122.76433,132.61699,141.64774
2021-09-07 20:00:00,2021-09-07 20:30:00,132.17406,122.356285,132.17406,141.68181
2021-09-07 20:00:00,2021-09-07 20:45:00,129.85126,120.06244,129.85126,139.2172
2021-09-07 21:00:00,2021-09-07 21:00:00,129.86511,121.65439,129.86511,137.89612
2021-09-07 21:00:00,2021-09-07 21:15:00,128.72653,120.434135,128.72653,136.61395
2021-09-07 21:00:00,2021-09-07 21:30:00,125.83258,117.33118,125.83258,134.23175
2021-09-07 21:00:00,2021-09-07 21:45:00,122.11625,112.91875,122.11625,130.94505
2021-09-07 22:00:00,2021-09-07 22:00:00,111.00549,103.46479,111.00549,119.19652
2021-09-07 22:00:00,2021-09-07 22:15:00,119.76345,111.91264,119.76345,127.48715
2021-09-07 22:00:00,2021-09-07 22:30:00,118.1256,109.98396,118.1256,126.00086
2021-09-07 22:00:00,2021-09-07 22:45:00,119.48107,111.54092,119.48107,127.33706
2021-09-07 23:00:00,2021-09-07 23:00:00,112.98532,106.65629,112.98532,120.10827
2021-09-07 23:00:00,2021-09-07 23:15:00,114.6854,107.79676,114.6854,121.670784
2021-09-07 23:00:00,2021-09-07 23:30:00,110.313255,103.02349,110.313255,117.520775
2021-09-07 23:00:00,2021-09-07 23:45:00,92.01085,84.70786,92.01085,99.42169
2021-09-08 00:00:00,2021-09-08 00:00:00,81.3411,74.85147,81.3411,88.107666
2021-09-08 00:00:00,2021-09-08 00:15:00,77.95004,71.15622,77.95004,84.65238
2021-09-08 00:00:00,2021-09-08 00:30:00,74.50074,67.87402,74.50074,81.27367
2021-09-08 00:00:00,2021-09-08 00:45:00,72.648605,65.785545,72.648605,79.00807
2021-09-08 01:00:00,2021-09-08 01:00:00,96.718765,89.876045,96.718765,103.46769
2021-09-08 01:00:00,2021-09-08 01:15:00,109.44202,103.26953,109.44202,116.33313
2021-09-08 01:00:00,2021-09-08 01:30:00,113.14369,106.28787,113.14369,119.6532
2021-09-08 01:00:00,2021-09-08 01:45:00,112.02983,105.47764,112.02983,119.230484
2021-09-08 02:00:00,2021-09-08 02:00:00,114.77328,108.38108,114.77328,121.66445
2021-09-08 02:00:00,2021-09-08 02:15:00,113.78724,107.54826,113.78724,120.44019
2021-09-08 02:00:00,2021-09-08 02:30:00,109.86336,102.92497,109.86336,116.59836
2021-09-08 02:00:00,2021-09-08 02:45:00,109.55038,102.547516,109.55038,116.47587
2021-09-08 03:00:00,2021-09-08 03:00:00,96.19766,88.42226,96.19766,103.859566
2021-09-08 03:00:00,2021-09-08 03:15:00,107.57586,100.5309,107.57586,115.70642
2021-09-08 03:00:00,2021-09-08 03:30:00,109.9096,102.230316,109.9096,117.37776
2021-09-08 03:00:00,2021-09-08 03:45:00,109.492455,102.031006,109.492455,117.35472
2021-09-08 04:00:00,2021-09-08 04:00:00,112.646614,104.856445,112.646614,120.87612
2021-09-08 04:00:00,2021-09-08 04:15:00,111.42695,103.46352,111.42695,120.151184
2021-09-08 04:00:00,2021-09-08 04:30:00,109.354996,100.8116,109.354996,117.68951
2021-09-08 04:00:00,2021-09-08 04:45:00,106.1847,97.09015,106.1847,114.67944
2021-09-08 05:00:00,2021-09-08 05:00:00,87.24727,80.305756,87.24727,95.19421
2021-09-08 05:00:00,2021-09-08 05:15:00,79.96821,72.16867,79.96821,87.453
2021-09-08 05:00:00,2021-09-08 05:30:00,101.88851,93.912155,101.88851,110.128365
2021-09-08 05:00:00,2021-09-08 05:45:00,112.75921,103.97973,112.75921,121.54306
2021-09-08 06:00:00,2021-09-08 06:00:00,114.327835,106.0919,114.327835,122.25992
2021-09-08 06:00:00,2021-09-08 06:15:00,115.001724,106.10007,115.001724,123.37669
2021-09-08 06:00:00,2021-09-08 06:30:00,114.49695,105.98495,114.49695,123.111176
2021-09-08 06:00:00,2021-09-08 06:45:00,116.47974,107.65095,116.47974,125.46047
2021-09-08 07:00:00,2021-09-08 07:00:00,119.13983,110.19135,119.13983,127.77675
2021-09-08 07:00:00,2021-09-08 07:15:00,129.91945,120.554886,129.91945,139.06122
2021-09-08 07:00:00,2021-09-08 07:30:00,152.72217,142.01123,152.72217,162.66571
2021-09-08 07:00:00,2021-09-08 07:45:00,146.80948,136.72354,146.80948,157.26044
2021-09-08 08:00:00,2021-09-08 08:00:00,154.5068,143.81985,154.5068,166.40842
2021-09-08 08:00:00,2021-09-08 08:15:00,175.4885,163.45438,175.4885,186.89703
2021-09-08 08:00:00,2021-09-08 08:30:00,178.30908,165.7402,178.30908,189.80704
2021-09-08 08:00:00,2021-09-08 08:45:00,179.426,167.57397,179.426,191.24103
2021-09-08 09:00:00,2021-09-08 09:00:00,167.57294,157.29352,167.57294,177.43425
2021-09-08 09:00:00,2021-09-08 09:15:00,173.06302,162.48483,173.06302,183.49222
2021-09-08 09:00:00,2021-09-08 09:30:00,177.2467,166.17769,177.2467,187.65778
2021-09-08 09:00:00,2021-09-08 09:45:00,178.95544,168.7012,178.95544,189.31448
2021-09-08 10:00:00,2021-09-08 10:00:00,142.45891,132.11592,142.45891,153.7679
2021-09-08 10:00:00,2021-09-08 10:15:00,169.79243,158.23534,169.79243,180.54144
2021-09-08 10:00:00,2021-09-08 10:30:00,172.67206,160.41083,172.67206,183.58151
2021-09-08 10:00:00,2021-09-08 10:45:00,175.07553,163.70213,175.07553,185.89447
2021-09-08 11:00:00,2021-09-08 11:00:00,167.91908,157.43565,167.91908,178.38211
2021-09-08 11:00:00,2021-09-08 11:15:00,170.00354,158.72838,170.00354,181.73679
2021-09-08 11:00:00,2021-09-08 11:30:00,170.53857,158.02939,170.53857,182.33289
2021-09-08 11:00:00,2021-09-08 11:45:00,169.19176,156.52657,169.19176,182.06013
2021-09-08 12:00:00,2021-09-08 12:00:00,108.434296,95.991554,108.434296,119.90715
2021-09-08 12:00:00,2021-09-08 12:15:00,99.43055,87.160645,99.43055,111.46344
2021-09-08 12:00:00,2021-09-08 12:30:00,101.81762,88.18624,101.81762,114.15562
2021-09-08 12:00:00,2021-09-08 12:45:00,125.44146,110.16783,125.44146,138.63634
2021-09-08 13:00:00,2021-09-08 13:00:00,103.50996,63.87304,103.50996,140.87514
2021-09-08 13:00:00,2021-09-08 13:15:00,128.83305,84.61549,128.83305,160.22588
2021-09-08 13:00:00,2021-09-08 13:30:00,133.46559,92.05477,133.46559,162.34883
2021-09-08 13:00:00,2021-09-08 13:45:00,135.74,92.90807,135.74,164.63133
2021-09-08 14:00:00,2021-09-08 14:00:00,167.90027,155.8776,167.90027,178.65237
2021-09-08 14:00:00,2021-09-08 14:15:00,165.94336,152.71811,165.94336,176.91992
2021-09-08 14:00:00,2021-09-08 14:30:00,167.70679,153.66934,167.70679,179.43666
2021-09-08 14:00:00,2021-09-08 14:45:00,168.78256,154.44772,168.78256,181.02376
2021-09-08 15:00:00,2021-09-08 15:00:00,137.1091,124.05719,137.1091,149.08957
2021-09-08 15:00:00,2021-09-08 15:15:00,162.1707,148.22195,162.1707,174.43448
2021-09-08 15:00:00,2021-09-08 15:30:00,163.07935,148.26747,163.07935,175.43896
2021-09-08 15:00:00,2021-09-08 15:45:00,160.6797,145.46988,160.6797,173.02837
2021-09-08 16:00:00,2021-09-08 16:00:00,171.61023,160.22931,171.61023,182.41765
2021-09-08 16:00:00,2021-09-08 16:15:00,166.4141,153.93784,166.4141,178.34406
2021-09-08 16:00:00,2021-09-08 16:30:00,163.63095,150.09805,163.63095,175.30338
2021-09-08 16:00:00,2021-09-08 16:45:00,158.92636,144.23376,158.92636,171.93622
2021-09-08 17:00:00,2021-09-08 17:00:00,127.30798,116.085976,127.30798,138.73323
2021-09-08 17:00:00,2021-09-08 17:15:00,110.79921,99.11459,110.79921,122.30888
2021-09-08 17:00:00,2021-09-08 17:30:00,152.73271,139.93228,152.73271,163.05255
2021-09-08 17:00:00,2021-09-08 17:45:00,159.14969,147.29973,159.14969,169.3304
2021-09-08 18:00:00,2021-09-08 18:00:00,168.47481,158.19302,168.47481,177.77219
2021-09-08 18:00:00,2021-09-08 18:15:00,159.92705,149.25978,159.92705,170.0075
2021-09-08 18:00:00,2021-09-08 18:30:00,157.88724,146.48416,157.88724,167.78052
2021-09-08 18:00:00,2021-09-08 18:45:00,156.92072,146.11774,156.92072,167.33865
2021-09-08 19:00:00,2021-09-08 19:00:00,155.56348,146.3552,155.56348,164.71144
2021-09-08 19:00:00,2021-09-08 19:15:00,145.47247,135.00371,145.47247,154.9472
2021-09-08 19:00:00,2021-09-08 19:30:00,145.90842,134.82036,145.90842,155.79288
2021-09-08 19:00:00,2021-09-08 19:45:00,125.67613,113.931305,125.67613,137.59724
2021-09-08 20:00:00,2021-09-08 20:00:00,110.13389,101.580505,110.13389,118.76436
2021-09-08 20:00:00,2021-09-08 20:15:00,121.90097,113.39785,121.90097,130.50311
2021-09-08 20:00:00,2021-09-08 20:30:00,122.2916,113.142525,122.2916,131.27057
2021-09-08 20:00:00,2021-09-08 20:45:00,124.29255,115.2062,124.29255,133.22147
2021-09-08 21:00:00,2021-09-08 21:00:00,112.12285,104.40072,112.12285,120.697685
2021-09-08 21:00:00,2021-09-08 21:15:00,118.852516,109.99613,118.852516,127.43006
2021-09-08 21:00:00,2021-09-08 21:30:00,115.09698,105.88697,115.09698,123.963
2021-09-08 21:00:00,2021-09-08 21:45:00,112.424675,101.977066,112.424675,122.551346
2021-09-08 22:00:00,2021-09-08 22:00:00,106.44335,98.94692,106.44335,113.974945
2021-09-08 22:00:00,2021-09-08 22:15:00,114.193695,107.23035,114.193695,121.57132
2021-09-08 22:00:00,2021-09-08 22:30:00,113.19381,105.4053,113.19381,120.585754
2021-09-08 22:00:00,2021-09-08 22:45:00,115.49671,107.7425,115.49671,123.27327
2021-09-08 23:00:00,2021-09-08 23:00:00,107.76079,100.81307,107.76079,115.64332
2021-09-08 23:00:00,2021-09-08 23:15:00,110.31333,102.74357,110.31333,118.770355
2021-09-08 23:00:00,2021-09-08 23:30:00,107.23166,98.43878,107.23166,115.833725
2021-09-08 23:00:00,2021-09-08 23:45:00,86.63324,77.231865,86.63324,95.41435
2021-09-09 00:00:00,2021-09-09 00:00:00,76.31484,69.22528,76.31484,83.4318
2021-09-09 00:00:00,2021-09-09 00:15:00,72.96919,65.45778,72.96919,80.177155
2021-09-09 00:00:00,2021-09-09 00:30:00,69.96498,62.6588,69.96498,77.034485
2021-09-09 00:00:00,2021-09-09 00:45:00,68.45001,60.476437,68.45001,74.99501
2021-09-09 01:00:00,2021-09-09 01:00:00,95.00624,87.577225,95.00624,101.92168
2021-09-09 01:00:00,2021-09-09 01:15:00,108.19784,101.504745,108.19784,115.410126
2021-09-09 01:00:00,2021-09-09 01:30:00,111.259476,103.95256,111.259476,118.06178
2021-09-09 01:00:00,2021-09-09 01:45:00,110.022736,102.73865,110.022736,117.616196
2021-09-09 02:00:00,2021-09-09 02:00:00,107.19432,99.78377,107.19432,115.06811
2021-09-09 02:00:00,2021-09-09 02:15:00,108.953896,101.117256,108.953896,117.22237
2021-09-09 02:00:00,2021-09-09 02:30:00,107.477875,98.92009,107.477875,115.55174
2021-09-09 02:00:00,2021-09-09 02:45:00,106.66444,96.908966,106.66444,115.28559
2021-09-09 03:00:00,2021-09-09 03:00:00,95.493935,87.2669,95.493935,103.07557
2021-09-09 03:00:00,2021-09-09 03:15:00,105.52535,97.75748,105.52535,113.68795
2021-09-09 03:00:00,2021-09-09 03:30:00,108.77674,100.53945,108.77674,116.4196
2021-09-09 03:00:00,2021-09-09 03:45:00,109.668015,101.35245,109.668015,118.301865
2021-09-09 04:00:00,2021-09-09 04:00:00,109.66873,102.03617,109.66873,117.57109
2021-09-09 04:00:00,2021-09-09 04:15:00,109.2778,101.17256,109.2778,117.68901
2021-09-09 04:00:00,2021-09-09 04:30:00,107.9472,99.29076,107.9472,116.31241
2021-09-09 04:00:00,2021-09-09 04:45:00,105.12116,95.67566,105.12116,113.74789
2021-09-09 05:00:00,2021-09-09 05:00:00,84.39379,76.365135,84.39379,92.77359
2021-09-09 05:00:00,2021-09-09 05:15:00,78.3329,69.3943,78.3329,86.4138
2021-09-09 05:00:00,2021-09-09 05:30:00,98.7836,89.77812,98.7836,107.55777
2021-09-09 05:00:00,2021-09-09 05:45:00,109.035286,98.94034,109.035286,118.24457
2021-09-09 06:00:00,2021-09-09 06:00:00,112.74464,103.382164,112.74464,120.78569
2021-09-09 06:00:00,2021-09-09 06:15:00,113.728195,104.15043,113.728195,122.421196
2021-09-09 06:00:00,2021-09-09 06:30:00,112.59069,103.25573,112.59069,121.522125
2021-09-09 06:00:00,2021-09-09 06:45:00,114.65109,104.893295,114.65109,123.9137
2021-09-09 07:00:00,2021-09-09 07:00:00,119.84023,109.60252,119.84023,129.2778
2021-09-09 07:00:00,2021-09-09 07:15:00,130.68027,119.67941,130.68027,140.65324
2021-09-09 07:00:00,2021-09-09 07:30:00,151.18729,139.1589,151.18729,162.00615
2021-09-09 07:00:00,2021-09-09 07:45:00,143.10115,130.88196,143.10115,154.7825
2021-09-09 08:00:00,2021-09-09 08:00:00,159.1019,148.04301,159.1019,170.51686
2021-09-09 08:00:00,2021-09-09 08:15:00,177.60391,165.58035,177.60391,188.47064
2021-09-09 08:00:00,2021-09-09 08:30:00,178.43105,165.25441,178.43105,189.54333
2021-09-09 08:00:00,2021-09-09 08:45:00,177.29837,164.19672,177.29837,188.979
2021-09-09 09:00:00,2021-09-09 09:00:00,172.5505,161.09845,172.5505,182.46506
2021-09-09 09:00:00,2021-09-09 09:15:00,175.26335,164.28426,175.26335,185.482
2021-09-09 09:00:00,2021-09-09 09:30:00,176.7646,164.64804,176.7646,187.03336
2021-09-09 09:00:00,2021-09-09 09:45:00,177.99527,166.28354,177.99527,188.5621
2021-09-09 10:00:00,2021-09-09 10:00:00,146.92567,134.30042,146.92567,158.94247
2021-09-09 10:00:00,2021-09-09 10:15:00,170.93163,158.64723,170.93163,181.69714
2021-09-09 10:00:00,2021-09-09 10:30:00,171.96933,158.39642,171.96933,182.8916
2021-09-09 10:00:00,2021-09-09 10:45:00,173.8875,161.60724,173.8875,184.88103
2021-09-09 11:00:00,2021-09-09 11:00:00,171.30148,160.8897,171.30148,181.94727
2021-09-09 11:00:00,2021-09-09 11:15:00,171.95786,160.12048,171.95786,183.66367
2021-09-09 11:00:00,2021-09-09 11:30:00,171.43835,157.58162,171.43835,183.56467
2021-09-09 11:00:00,2021-09-09 11:45:00,169.26692,153.8735,169.26692,183.15042
2021-09-09 12:00:00,2021-09-09 12:00:00,112.82947,99.879745,112.82947,125.485794
2021-09-09 12:00:00,2021-09-09 12:15:00,93.46217,80.63702,93.46217,105.50015
2021-09-09 12:00:00,2021-09-09 12:30:00,91.9162,77.86196,91.9162,105.09482
2021-09-09 12:00:00,2021-09-09 12:45:00,126.70561,110.9931,126.70561,141.14066
2021-09-09 13:00:00,2021-09-09 13:00:00,169.96722,157.68324,169.96722,181.69101
2021-09-09 13:00:00,2021-09-09 13:15:00,172.26071,160.02133,172.26071,183.63403
2021-09-09 13:00:00,2021-09-09 13:30:00,171.64636,158.8605,171.64636,182.91931
2021-09-09 13:00:00,2021-09-09 13:45:00,171.82202,159.58083,171.82202,183.4433
2021-09-09 14:00:00,2021-09-09 14:00:00,172.0494,161.20186,172.0494,182.06024
2021-09-09 14:00:00,2021-09-09 14:15:00,170.50192,159.33368,170.50192,180.58112
2021-09-09 14:00:00,2021-09-09 14:30:00,173.38301,161.58371,173.38301,183.81099
2021-09-09 14:00:00,2021-09-09 14:45:00,173.51605,162.26898,173.51605,184.18857
2021-09-09 15:00:00,2021-09-09 15:00:00,136.63585,125.80908,136.63585,148.32939
2021-09-09 15:00:00,2021-09-09 15:15:00,167.12532,155.53725,167.12532,178.05582
2021-09-09 15:00:00,2021-09-09 15:30:00,169.3718,157.29297,169.3718,179.94049
2021-09-09 15:00:00,2021-09-09 15:45:00,166.76077,155.46083,166.76077,177.0448
2021-09-09 16:00:00,2021-09-09 16:00:00,172.2992,162.0027,172.2992,182.31918
2021-09-09 16:00:00,2021-09-09 16:15:00,165.22832,154.29758,165.22832,175.77539
2021-09-09 16:00:00,2021-09-09 16:30:00,162.35777,150.37909,162.35777,172.78947
2021-09-09 16:00:00,2021-09-09 16:45:00,159.4367,147.52376,159.4367,170.7484
2021-09-09 17:00:00,2021-09-09 17:00:00,130.46631,119.76489,130.46631,141.5463
2021-09-09 17:00:00,2021-09-09 17:15:00,115.07462,103.72004,115.07462,126.17433
2021-09-09 17:00:00,2021-09-09 17:30:00,156.93149,144.82745,156.93149,167.12602
2021-09-09 17:00:00,2021-09-09 17:45:00,163.96788,153.33215,163.96788,173.7886
2021-09-09 18:00:00,2021-09-09 18:00:00,160.11403,150.75241,160.11403,169.51788
2021-09-09 18:00:00,2021-09-09 18:15:00,155.47682,144.96387,155.47682,165.25745
2021-09-09 18:00:00,2021-09-09 18:30:00,152.70349,141.31631,152.70349,162.73027
2021-09-09 18:00:00,2021-09-09 18:45:00,153.93613,143.03455,153.93613,164.54932
2021-09-09 19:00:00,2021-09-09 19:00:00,156.39612,146.94122,156.39612,165.72835
2021-09-09 19:00:00,2021-09-09 19:15:00,145.89114,135.33435,145.89114,155.60028
2021-09-09 19:00:00,2021-09-09 19:30:00,145.09201,133.99673,145.09201,155.05096
2021-09-09 19:00:00,2021-09-09 19:45:00,123.71365,112.400276,123.71365,135.65839
2021-09-09 20:00:00,2021-09-09 20:00:00,110.11443,102.01284,110.11443,118.48483
2021-09-09 20:00:00,2021-09-09 20:15:00,118.791916,110.82959,118.791916,126.96592
2021-09-09 20:00:00,2021-09-09 20:30:00,120.77875,112.15413,120.77875,129.31288
2021-09-09 20:00:00,2021-09-09 20:45:00,119.1886,110.71322,119.1886,128.20404
2021-09-09 21:00:00,2021-09-09 21:00:00,126.05885,118.21884,126.05885,133.3245
2021-09-09 21:00:00,2021-09-09 21:15:00,126.01135,118.24858,126.01135,133.14363
2021-09-09 21:00:00,2021-09-09 21:30:00,121.75755,113.9527,121.75755,129.15659
2021-09-09 21:00:00,2021-09-09 21:45:00,119.64773,111.626175,119.64773,127.42941
2021-09-09 22:00:00,2021-09-09 22:00:00,104.42532,96.77653,104.42532,112.18193
2021-09-09 22:00:00,2021-09-09 22:15:00,115.03894,107.54235,115.03894,122.43172
2021-09-09 22:00:00,2021-09-09 22:30:00,114.1176,106.19621,114.1176,121.57681
2021-09-09 22:00:00,2021-09-09 22:45:00,114.03308,106.32297,114.03308,122.250725
2021-09-09 23:00:00,2021-09-09 23:00:00,102.63252,96.08608,102.63252,110.54577
2021-09-09 23:00:00,2021-09-09 23:15:00,110.49203,102.956665,110.49203,118.87894
2021-09-09 23:00:00,2021-09-09 23:30:00,107.64008,99.12592,107.64008,116.356995
2021-09-09 23:00:00,2021-09-09 23:45:00,86.056984,77.26298,86.056984,94.67171
2021-09-10 00:00:00,2021-09-10 00:00:00,76.65991,69.54031,76.65991,83.72959
2021-09-10 00:00:00,2021-09-10 00:15:00,73.61941,66.37135,73.61941,80.65419
2021-09-10 00:00:00,2021-09-10 00:30:00,71.14621,63.956493,71.14621,78.16818
2021-09-10 00:00:00,2021-09-10 00:45:00,70.33213,62.757504,70.33213,77.114426
2021-09-10 01:00:00,2021-09-10 01:00:00,95.55583,87.51124,95.55583,102.92418
2021-09-10 01:00:00,2021-09-10 01:15:00,106.806725,98.9313,106.806725,114.95826
2021-09-10 01:00:00,2021-09-10 01:30:00,108.52884,100.43196,108.52884,116.43786
2021-09-10 01:00:00,2021-09-10 01:45:00,108.75242,100.37242,108.75242,116.96635
2021-09-10 02:00:00,2021-09-10 02:00:00,110.40525,103.19167,110.40525,118.022865
2021-09-10 02:00:00,2021-09-10 02:15:00,111.5819,104.48058,111.5819,119.26751
2021-09-10 02:00:00,2021-09-10 02:30:00,110.27866,102.471466,110.27866,117.493454
2021-09-10 02:00:00,2021-09-10 02:45:00,109.12568,100.749794,109.12568,116.89958
2021-09-10 03:00:00,2021-09-10 03:00:00,93.397,85.0395,93.397,101.11618
2021-09-10 03:00:00,2021-09-10 03:15:00,104.46791,96.38608,104.46791,113.135895
2021-09-10 03:00:00,2021-09-10 03:30:00,108.372986,100.02727,108.372986,116.35696
2021-09-10 03:00:00,2021-09-10 03:45:00,108.9286,100.61195,108.9286,117.73631
2021-09-10 04:00:00,2021-09-10 04:00:00,108.61661,101.30608,108.61661,116.26406
2021-09-10 04:00:00,2021-09-10 04:15:00,107.85733,100.15221,107.85733,115.78227
2021-09-10 04:00:00,2021-09-10 04:30:00,107.01408,98.91764,107.01408,114.99843
2021-09-10 04:00:00,2021-09-10 04:45:00,104.248985,95.76825,104.248985,112.395065
2021-09-10 05:00:00,2021-09-10 05:00:00,82.365814,74.647125,82.365814,90.30396
2021-09-10 05:00:00,2021-09-10 05:15:00,77.18473,68.763885,77.18473,85.27094
2021-09-10 05:00:00,2021-09-10 05:30:00,99.19796,90.77591,99.19796,107.69841
2021-09-10 05:00:00,2021-09-10 05:45:00,108.33531,99.196304,108.33531,117.105835
2021-09-10 06:00:00,2021-09-10 06:00:00,110.894066,102.14641,110.894066,118.48072
2021-09-10 06:00:00,2021-09-10 06:15:00,111.9026,103.175285,111.9026,120.18446
2021-09-10 06:00:00,2021-09-10 06:30:00,111.53404,103.06096,111.53404,119.95795
2021-09-10 06:00:00,2021-09-10 06:45:00,113.135735,104.33911,113.135735,121.81155
2021-09-10 07:00:00,2021-09-10 07:00:00,114.54042,105.271255,114.54042,122.610146
2021-09-10 07:00:00,2021-09-10 07:15:00,126.643875,117.053406,126.643875,135.42224
2021-09-10 07:00:00,2021-09-10 07:30:00,144.34074,133.83612,144.34074,153.96352
2021-09-10 07:00:00,2021-09-10 07:45:00,140.51779,130.16405,140.51779,150.23659
2021-09-10 08:00:00,2021-09-10 08:00:00,154.40442,143.52496,154.40442,166.0972
2021-09-10 08:00:00,2021-09-10 08:15:00,172.84897,160.72786,172.84897,183.70317
2021-09-10 08:00:00,2021-09-10 08:30:00,175.68758,162.85226,175.68758,186.90303
2021-09-10 08:00:00,2021-09-10 08:45:00,176.60158,164.38065,176.60158,188.23395
2021-09-10 09:00:00,2021-09-10 09:00:00,175.99106,164.24632,175.99106,188.08897
2021-09-10 09:00:00,2021-09-10 09:15:00,175.49341,163.86531,175.49341,187.60828
2021-09-10 09:00:00,2021-09-10 09:30:00,174.72629,161.87732,174.72629,186.62695
2021-09-10 09:00:00,2021-09-10 09:45:00,176.31201,164.31308,176.31201,188.19757
2021-09-10 10:00:00,2021-09-10 10:00:00,162.67676,148.71823,162.67676,176.10571
2021-09-10 10:00:00,2021-09-10 10:15:00,177.71982,164.72003,177.71982,191.26501
2021-09-10 10:00:00,2021-09-10 10:30:00,175.34882,161.17125,175.34882,188.13614
2021-09-10 10:00:00,2021-09-10 10:45:00,177.73456,164.61168,177.73456,190.43204
2021-09-10 11:00:00,2021-09-10 11:00:00,170.97873,159.85258,170.97873,182.83302
2021-09-10 11:00:00,2021-09-10 11:15:00,171.23788,159.38321,171.23788,183.61696
2021-09-10 11:00:00,2021-09-10 11:30:00,174.44395,161.95451,174.44395,186.6873
2021-09-10 11:00:00,2021-09-10 11:45:00,172.83177,159.63252,172.83177,186.2056
2021-09-10 12:00:00,2021-09-10 12:00:00,120.64264,109.932144,120.64264,132.21222
2021-09-10 12:00:00,2021-09-10 12:15:00,97.77953,87.14356,97.77953,108.6646
2021-09-10 12:00:00,2021-09-10 12:30:00,97.2062,85.0242,97.2062,108.4634
2021-09-10 12:00:00,2021-09-10 12:45:00,130.81879,118.00063,130.81879,143.46245
2021-09-10 13:00:00,2021-09-10 13:00:00,163.82434,153.1608,163.82434,174.82848
2021-09-10 13:00:00,2021-09-10 13:15:00,169.44957,157.88707,169.44957,180.12167
2021-09-10 13:00:00,2021-09-10 13:30:00,170.8996,158.45233,170.8996,182.06262
2021-09-10 13:00:00,2021-09-10 13:45:00,171.89824,160.1527,171.89824,183.85352
2021-09-10 14:00:00,2021-09-10 14:00:00,180.7688,169.77844,180.7688,191.74655
2021-09-10 14:00:00,2021-09-10 14:15:00,177.5534,166.167,177.5534,188.47742
2021-09-10 14:00:00,2021-09-10 14:30:00,178.65121,166.60686,178.65121,189.59372
2021-09-10 14:00:00,2021-09-10 14:45:00,177.86774,166.33244,177.86774,189.15729
2021-09-10 15:00:00,2021-09-10 15:00:00,142.58559,131.5647,142.58559,154.59315
2021-09-10 15:00:00,2021-09-10 15:15:00,168.71918,156.73416,168.71918,180.32132
2021-09-10 15:00:00,2021-09-10 15:30:00,172.13614,159.71858,172.13614,183.47633
2021-09-10 15:00:00,2021-09-10 15:45:00,170.18336,158.55676,170.18336,181.2656
2021-09-10 16:00:00,2021-09-10 16:00:00,167.2534,156.37177,167.2534,177.96632
2021-09-10 16:00:00,2021-09-10 16:15:00,160.99324,149.55392,160.99324,171.84702
2021-09-10 16:00:00,2021-09-10 16:30:00,159.20557,147.1041,159.20557,169.99405
2021-09-10 16:00:00,2021-09-10 16:45:00,157.95407,146.21834,157.95407,169.561
2021-09-10 17:00:00,2021-09-10 17:00:00,129.57916,119.44991,129.57916,140.59145
2021-09-10 17:00:00,2021-09-10 17:15:00,112.08985,101.293465,112.08985,123.25902
2021-09-10 17:00:00,2021-09-10 17:30:00,152.81729,140.77621,152.81729,163.38875
2021-09-10 17:00:00,2021-09-10 17:45:00,162.20128,151.7693,162.20128,172.43584
2021-09-10 18:00:00,2021-09-10 18:00:00,154.69788,145.13298,154.69788,164.5968
2021-09-10 18:00:00,2021-09-10 18:15:00,150.30177,139.7597,150.30177,160.23059
2021-09-10 18:00:00,2021-09-10 18:30:00,149.38681,138.24374,149.38681,159.64964
2021-09-10 18:00:00,2021-09-10 18:45:00,151.03549,140.49104,151.03549,161.89275
2021-09-10 19:00:00,2021-09-10 19:00:00,154.13399,144.64641,154.13399,163.71991
2021-09-10 19:00:00,2021-09-10 19:15:00,141.28871,130.86125,141.28871,150.94232
2021-09-10 19:00:00,2021-09-10 19:30:00,143.69794,132.72533,143.69794,153.7775
2021-09-10 19:00:00,2021-09-10 19:45:00,122.92766,111.899666,122.92766,134.77113
2021-09-10 20:00:00,2021-09-10 20:00:00,112.36123,104.50676,112.36123,120.574234
2021-09-10 20:00:00,2021-09-10 20:15:00,119.526924,111.6803,119.526924,127.63598
2021-09-10 20:00:00,2021-09-10 20:30:00,118.72675,110.2104,118.72675,126.9289
2021-09-10 20:00:00,2021-09-10 20:45:00,118.21682,109.720634,118.21682,127.02179
2021-09-10 21:00:00,2021-09-10 21:00:00,116.76813,109.944115,116.76813,124.43076
2021-09-10 21:00:00,2021-09-10 21:15:00,116.42424,109.144646,116.42424,123.52038
2021-09-10 21:00:00,2021-09-10 21:30:00,114.781075,107.27177,114.781075,121.91947
2021-09-10 21:00:00,2021-09-10 21:45:00,112.63698,104.87094,112.63698,120.72306
2021-09-10 22:00:00,2021-09-10 22:00:00,94.73099,86.88245,94.73099,102.833534
2021-09-10 22:00:00,2021-09-10 22:15:00,106.849434,99.50802,106.849434,115.15177
2021-09-10 22:00:00,2021-09-10 22:30:00,107.632095,99.36746,107.632095,115.46873
2021-09-10 22:00:00,2021-09-10 22:45:00,108.45236,100.369804,108.45236,117.144615
2021-09-10 23:00:00,2021-09-10 23:00:00,104.30773,98.092354,104.30773,111.23312
2021-09-10 23:00:00,2021-09-10 23:15:00,108.53334,101.6879,108.53334,115.86763
2021-09-10 23:00:00,2021-09-10 23:30:00,104.93614,97.27441,104.93614,112.41566
2021-09-10 23:00:00,2021-09-10 23:45:00,83.91522,75.94481,83.91522,91.63839
2021-09-11 00:00:00,2021-09-11 00:00:00,66.88144,59.650192,66.88144,73.76955
2021-09-11 00:00:00,2021-09-11 00:15:00,65.626366,58.265106,65.626366,73.077576
2021-09-11 00:00:00,2021-09-11 00:30:00,63.761196,56.523884,63.761196,70.95781
2021-09-11 00:00:00,2021-09-11 00:45:00,63.627487,55.530685,63.627487,70.34427
2021-09-11 01:00:00,2021-09-11 01:00:00,87.234344,78.386,87.234344,95.683136
2021-09-11 01:00:00,2021-09-11 01:15:00,102.64607,93.729904,102.64607,111.41204
2021-09-11 01:00:00,2021-09-11 01:30:00,104.46948,95.67292,104.46948,112.845566
2021-09-11 01:00:00,2021-09-11 01:45:00,104.33128,95.650986,104.33128,112.57735
2021-09-11 02:00:00,2021-09-11 02:00:00,106.2477,99.0517,106.2477,114.08076
2021-09-11 02:00:00,2021-09-11 02:15:00,106.991104,99.78539,106.991104,114.94017
2021-09-11 02:00:00,2021-09-11 02:30:00,105.52257,97.56406,105.52257,113.30011
2021-09-11 02:00:00,2021-09-11 02:45:00,103.09161,94.53989,103.09161,110.69612
2021-09-11 03:00:00,2021-09-11 03:00:00,86.39534,78.47893,86.39534,93.881744
2021-09-11 03:00:00,2021-09-11 03:15:00,98.3701,90.57654,98.3701,106.76049
2021-09-11 03:00:00,2021-09-11 03:30:00,99.20679,90.72807,99.20679,107.38376
2021-09-11 03:00:00,2021-09-11 03:45:00,99.73924,91.26861,99.73924,107.916794
2021-09-11 04:00:00,2021-09-11 04:00:00,102.04502,94.703865,102.04502,110.81074
2021-09-11 04:00:00,2021-09-11 04:15:00,103.26407,95.718765,103.26407,112.28502
2021-09-11 04:00:00,2021-09-11 04:30:00,102.11791,93.42648,102.11791,111.25322
2021-09-11 04:00:00,2021-09-11 04:45:00,98.947014,90.0345,98.947014,108.84487
2021-09-11 05:00:00,2021-09-11 05:00:00,70.15631,59.470436,70.15631,80.66843
2021-09-11 05:00:00,2021-09-11 05:15:00,69.287704,56.93048,69.287704,79.60521
2021-09-11 05:00:00,2021-09-11 05:30:00,88.24507,77.69504,88.24507,99.21724
2021-09-11 05:00:00,2021-09-11 05:45:00,99.17087,87.71489,99.17087,109.544525
2021-09-11 06:00:00,2021-09-11 06:00:00,102.92626,94.74182,102.92626,111.9585
2021-09-11 06:00:00,2021-09-11 06:15:00,104.10951,95.4369,104.10951,112.91525
2021-09-11 06:00:00,2021-09-11 06:30:00,101.33773,92.512276,101.33773,110.33773
2021-09-11 06:00:00,2021-09-11 06:45:00,99.11522,89.89062,99.11522,108.88982
2021-09-11 07:00:00,2021-09-11 07:00:00,75.72162,61.749825,75.72162,87.10334
2021-09-11 07:00:00,2021-09-11 07:15:00,64.575905,49.61412,64.575905,78.38579
2021-09-11 07:00:00,2021-09-11 07:30:00,41.100082,29.166336,41.100082,53.825993
2021-09-11 07:00:00,2021-09-11 07:45:00,30.154907,21.74395,30.154907,40.950676
2021-09-11 08:00:00,2021-09-11 08:00:00,24.981285,21.27288,24.981285,28.62516
2021-09-11 08:00:00,2021-09-11 08:15:00,24.943047,21.407997,24.943047,28.45964
2021-09-11 08:00:00,2021-09-11 08:30:00,25.296173,21.712433,25.296173,28.475777
2021-09-11 08:00:00,2021-09-11 08:45:00,24.981941,21.830292,24.981941,28.791756
2021-09-11 09:00:00,2021-09-11 09:00:00,24.31578,21.203156,24.31578,27.155464
2021-09-11 09:00:00,2021-09-11 09:15:00,24.27819,21.350342,24.27819,27.095818
2021-09-11 09:00:00,2021-09-11 09:30:00,24.397247,21.471474,24.397247,26.744667
2021-09-11 09:00:00,2021-09-11 09:45:00,24.018051,21.495422,24.018051,27.026192
2021-09-11 10:00:00,2021-09-11 10:00:00,24.687202,22.125404,24.687202,27.10942
2021-09-11 10:00:00,2021-09-11 10:15:00,24.705017,22.282913,24.705017,27.250977
2021-09-11 10:00:00,2021-09-11 10:30:00,24.878578,22.327309,24.878578,27.038765
2021-09-11 10:00:00,2021-09-11 10:45:00,24.399994,22.437782,24.399994,27.17038
2021-09-11 11:00:00,2021-09-11 11:00:00,24.656433,22.300316,24.656433,26.963272
2021-09-11 11:00:00,2021-09-11 11:15:00,24.546936,22.336273,24.546936,26.85881
2021-09-11 11:00:00,2021-09-11 11:30:00,24.388397,22.051918,24.388397,26.328545
2021-09-11 11:00:00,2021-09-11 11:45:00,23.837204,22.1447,23.837204,26.348358
2021-09-11 12:00:00,2021-09-11 12:00:00,24.481468,21.922928,24.481468,26.847626
2021-09-11 12:00:00,2021-09-11 12:15:00,24.38176,21.98127,24.38176,26.71447
2021-09-11 12:00:00,2021-09-11 12:30:00,24.30201,21.893318,24.30201,26.210106
2021-09-11 12:00:00,2021-09-11 12:45:00,23.891983,21.947792,23.891983,26.426079
2021-09-11 13:00:00,2021-09-11 13:00:00,25.89624,22.877144,25.89624,28.755249
2021-09-11 13:00:00,2021-09-11 13:15:00,25.668198,22.681984,25.668198,28.744835
2021-09-11 13:00:00,2021-09-11 13:30:00,25.812576,22.769234,25.812576,28.458817
2021-09-11 13:00:00,2021-09-11 13:45:00,25.521729,23.205673,25.521729,28.910294
2021-09-11 14:00:00,2021-09-11 14:00:00,24.972061,22.550888,24.972061,27.362198
2021-09-11 14:00:00,2021-09-11 14:15:00,24.847572,22.516937,24.847572,27.145363
2021-09-11 14:00:00,2021-09-11 14:30:00,24.755905,22.324257,24.755905,26.623749
2021-09-11 14:00:00,2021-09-11 14:45:00,24.336334,22.567612,24.336334,26.792313
2021-09-11 15:00:00,2021-09-11 15:00:00,25.127449,23.108269,25.127449,26.920921
2021-09-11 15:00:00,2021-09-11 15:15:00,25.01213,23.079742,25.01213,26.89598
2021-09-11 15:00:00,2021-09-11 15:30:00,25.032501,22.939072,25.032501,26.558968
2021-09-11 15:00:00,2021-09-11 15:45:00,24.595612,23.222862,24.595612,26.776833
2021-09-11 16:00:00,2021-09-11 16:00:00,24.976402,22.781982,24.976402,27.165718
2021-09-11 16:00:00,2021-09-11 16:15:00,24.952538,22.808998,24.952538,27.141876
2021-09-11 16:00:00,2021-09-11 16:30:00,24.935715,22.614426,24.935715,26.835228
2021-09-11 16:00:00,2021-09-11 16:45:00,24.503204,22.886574,24.503204,27.069359
2021-09-11 17:00:00,2021-09-11 17:00:00,24.368484,22.424187,24.368484,26.346916
2021-09-11 17:00:00,2021-09-11 17:15:00,24.195305,22.326828,24.195305,26.01757
2021-09-11 17:00:00,2021-09-11 17:30:00,24.162506,22.092918,24.162506,25.642212
2021-09-11 17:00:00,2021-09-11 17:45:00,23.620552,22.256607,23.620552,25.72049
2021-09-11 18:00:00,2021-09-11 18:00:00,24.400024,22.611061,24.400024,26.147072
2021-09-11 18:00:00,2021-09-11 18:15:00,24.167229,22.541695,24.167229,25.697556
2021-09-11 18:00:00,2021-09-11 18:30:00,24.030136,22.169304,24.030136,25.243912
2021-09-11 18:00:00,2021-09-11 18:45:00,23.44217,22.247566,23.44217,25.291855
2021-09-11 19:00:00,2021-09-11 19:00:00,24.749756,22.992683,24.749756,26.30687
2021-09-11 19:00:00,2021-09-11 19:15:00,24.629982,23.108429,24.629982,26.012817
2021-09-11 19:00:00,2021-09-11 19:30:00,24.512932,22.746689,24.512932,25.603607
2021-09-11 19:00:00,2021-09-11 19:45:00,23.98748,22.885353,23.98748,25.664154
2021-09-11 20:00:00,2021-09-11 20:00:00,25.21289,23.360847,25.21289,27.055733
2021-09-11 20:00:00,2021-09-11 20:15:00,25.111275,23.436745,25.111275,26.813553
2021-09-11 20:00:00,2021-09-11 20:30:00,25.049522,23.094414,25.049522,26.414772
2021-09-11 20:00:00,2021-09-11 20:45:00,24.492516,23.155289,24.492516,26.498459
2021-09-11 21:00:00,2021-09-11 21:00:00,24.278915,22.492355,24.278915,25.953789
2021-09-11 21:00:00,2021-09-11 21:15:00,24.152565,22.55796,24.152565,25.668839
2021-09-11 21:00:00,2021-09-11 21:30:00,24.098877,22.22976,24.098877,25.288994
2021-09-11 21:00:00,2021-09-11 21:45:00,23.498917,22.295525,23.498917,25.336006
2021-09-11 22:00:00,2021-09-11 22:00:00,24.365387,22.689316,24.365387,25.796677
2021-09-11 22:00:00,2021-09-11 22:15:00,24.26654,22.7985,24.26654,25.598236
2021-09-11 22:00:00,2021-09-11 22:30:00,24.251312,22.427681,24.251312,25.294846
2021-09-11 22:00:00,2021-09-11 22:45:00,23.692421,22.66121,23.692421,25.37339
2021-09-11 23:00:00,2021-09-11 23:00:00,24.64898,23.03875,24.64898,26.118423
2021-09-11 23:00:00,2021-09-11 23:15:00,24.603935,23.219818,24.603935,25.934235
2021-09-11 23:00:00,2021-09-11 23:30:00,24.516624,22.823112,24.516624,25.605621
2021-09-11 23:00:00,2021-09-11 23:45:00,23.97371,22.996086,23.97371,25.628342
2021-09-12 00:00:00,2021-09-12 00:00:00,24.37925,22.512482,24.37925,25.92086
2021-09-12 00:00:00,2021-09-12 00:15:00,24.346489,22.811287,24.346489,25.708176
2021-09-12 00:00:00,2021-09-12 00:30:00,24.351143,22.50457,24.351143,25.391502
2021-09-12 00:00:00,2021-09-12 00:45:00,23.800499,22.68911,23.800499,25.542412
2021-09-12 01:00:00,2021-09-12 01:00:00,24.056305,22.203484,24.056305,25.565254
2021-09-12 01:00:00,2021-09-12 01:15:00,24.039612,22.46627,24.039612,25.454659
2021-09-12 01:00:00,2021-09-12 01:30:00,23.974922,22.130379,23.974922,25.107819
2021-09-12 01:00:00,2021-09-12 01:45:00,23.41986,22.2658,23.41986,25.217606
2021-09-12 02:00:00,2021-09-12 02:00:00,24.257088,22.521698,24.257088,25.673805
2021-09-12 02:00:00,2021-09-12 02:15:00,24.210655,22.740776,24.210655,25.472404
2021-09-12 02:00:00,2021-09-12 02:30:00,24.113548,22.332993,24.113548,25.075615
2021-09-12 02:00:00,2021-09-12 02:45:00,23.542854,22.472954,23.542854,25.190231
2021-09-12 03:00:00,2021-09-12 03:00:00,24.725304,23.066078,24.725304,26.085037
2021-09-12 03:00:00,2021-09-12 03:15:00,24.689644,23.261353,24.689644,25.95018
2021-09-12 03:00:00,2021-09-12 03:30:00,24.637077,22.894905,24.637077,25.626228
2021-09-12 03:00:00,2021-09-12 03:45:00,24.10125,23.086143,24.10125,25.704971
2021-09-12 04:00:00,2021-09-12 04:00:00,24.201904,22.51027,24.201904,25.70185
2021-09-12 04:00:00,2021-09-12 04:15:00,24.191193,22.66732,24.191193,25.586731
2021-09-12 04:00:00,2021-09-12 04:30:00,24.115356,22.24562,24.115356,25.217178
2021-09-12 04:00:00,2021-09-12 04:45:00,23.524681,22.39299,23.524681,25.26007
2021-09-12 05:00:00,2021-09-12 05:00:00,23.798767,22.076324,23.798767,25.179787
2021-09-12 05:00:00,2021-09-12 05:15:00,23.700249,22.211655,23.700249,25.062439
2021-09-12 05:00:00,2021-09-12 05:30:00,23.81295,21.962715,23.81295,24.889343
2021-09-12 05:00:00,2021-09-12 05:45:00,23.289207,22.219734,23.289207,25.039696
2021-09-12 06:00:00,2021-09-12 06:00:00,23.856285,22.225967,23.856285,25.240059
2021-09-12 06:00:00,2021-09-12 06:15:00,23.851006,22.44825,23.851006,25.11142
2021-09-12 06:00:00,2021-09-12 06:30:00,23.793396,22.067345,23.793396,24.75396
2021-09-12 06:00:00,2021-09-12 06:45:00,23.273415,22.28022,23.273415,24.890732
2021-09-12 07:00:00,2021-09-12 07:00:00,24.172058,22.561829,24.172058,25.475082
2021-09-12 07:00:00,2021-09-12 07:15:00,24.199287,22.76773,24.199287,25.439186
2021-09-12 07:00:00,2021-09-12 07:30:00,24.121521,22.464096,24.121521,25.11499
2021-09-12 07:00:00,2021-09-12 07:45:00,23.628067,22.648605,23.628067,25.166954
2021-09-12 08:00:00,2021-09-12 08:00:00,24.08458,22.329277,24.08458,25.654442
2021-09-12 08:00:00,2021-09-12 08:15:00,24.09819,22.516022,24.09819,25.572502
2021-09-12 08:00:00,2021-09-12 08:30:00,23.996414,22.169464,23.996414,25.1829
2021-09-12 08:00:00,2021-09-12 08:45:00,23.465294,22.304337,23.465294,25.285446
2021-09-12 09:00:00,2021-09-12 09:00:00,24.047218,22.377144,24.047218,25.598648
2021-09-12 09:00:00,2021-09-12 09:15:00,24.016464,22.468086,24.016464,25.42871
2021-09-12 09:00:00,2021-09-12 09:30:00,24.007713,22.195686,24.007713,25.126862
2021-09-12 09:00:00,2021-09-12 09:45:00,23.490433,22.314117,23.490433,25.27211
2021-09-12 10:00:00,2021-09-12 10:00:00,24.142776,22.447395,24.142776,25.542313
2021-09-12 10:00:00,2021-09-12 10:15:00,24.17176,22.608627,24.17176,25.559654
2021-09-12 10:00:00,2021-09-12 10:30:00,24.159912,22.352356,24.159912,25.269516
2021-09-12 10:00:00,2021-09-12 10:45:00,23.684082,22.562767,23.684082,25.409904
2021-09-12 11:00:00,2021-09-12 11:00:00,24.512161,22.877838,24.512161,25.958687
2021-09-12 11:00:00,2021-09-12 11:15:00,24.48803,23.03543,24.48803,25.795914
2021-09-12 11:00:00,2021-09-12 11:30:00,24.323792,22.64421,24.323792,25.389084
2021-09-12 11:00:00,2021-09-12 11:45:00,23.795364,22.774216,23.795364,25.372993
2021-09-12 12:00:00,2021-09-12 12:00:00,23.674492,21.925644,23.674492,25.203102
2021-09-12 12:00:00,2021-09-12 12:15:00,23.676651,22.121689,23.676651,25.078316
2021-09-12 12:00:00,2021-09-12 12:30:00,23.60302,21.76995,23.60302,24.684967
2021-09-12 12:00:00,2021-09-12 12:45:00,23.041656,21.87046,23.041656,24.790276
2021-09-12 13:00:00,2021-09-12 13:00:00,24.031876,22.261757,24.031876,25.618362
2021-09-12 13:00:00,2021-09-12 13:15:00,24.010742,22.403854,24.010742,25.494904
2021-09-12 13:00:00,2021-09-12 13:30:00,23.95588,22.134544,23.95588,25.146667
2021-09-12 13:00:00,2021-09-12 13:45:00,23.44899,22.25296,23.44899,25.27491
2021-09-12 14:00:00,2021-09-12 14:00:00,24.159302,22.453949,24.159302,25.666672
2021-09-12 14:00:00,2021-09-12 14:15:00,24.126335,22.624344,24.126335,25.507843
2021-09-12 14:00:00,2021-09-12 14:30:00,24.013344,22.26043,24.013344,25.092148
2021-09-12 14:00:00,2021-09-12 14:45:00,23.458862,22.382149,23.458862,25.195145
2021-09-12 15:00:00,2021-09-12 15:00:00,28.80851,24.910294,28.80851,32.799934
2021-09-12 15:00:00,2021-09-12 15:15:00,29.002457,24.901558,29.002457,33.44152
2021-09-12 15:00:00,2021-09-12 15:30:00,29.672691,25.078041,29.672691,34.331573
2021-09-12 15:00:00,2021-09-12 15:45:00,29.457619,25.139732,29.457619,34.938225
2021-09-12 16:00:00,2021-09-12 16:00:00,24.533432,22.32109,24.533432,26.920403
2021-09-12 16:00:00,2021-09-12 16:15:00,24.65889,22.503235,24.65889,27.009361
2021-09-12 16:00:00,2021-09-12 16:30:00,24.661407,22.235855,24.661407,26.800034
2021-09-12 16:00:00,2021-09-12 16:45:00,24.22181,22.459846,24.22181,26.959282
2021-09-12 17:00:00,2021-09-12 17:00:00,24.32309,22.554298,24.32309,25.875603
2021-09-12 17:00:00,2021-09-12 17:15:00,24.248764,22.74044,24.248764,25.670982
2021-09-12 17:00:00,2021-09-12 17:30:00,24.335403,22.52935,24.335403,25.471558
2021-09-12 17:00:00,2021-09-12 17:45:00,23.887024,22.747856,23.887024,25.67331
2021-09-12 18:00:00,2021-09-12 18:00:00,24.489983,22.800072,24.489983,25.999687
2021-09-12 18:00:00,2021-09-12 18:15:00,24.475105,23.066101,24.475105,25.74965
2021-09-12 18:00:00,2021-09-12 18:30:00,24.34134,22.658508,24.34134,25.34597
2021-09-12 18:00:00,2021-09-12 18:45:00,23.830093,22.76828,23.830093,25.4655
2021-09-12 19:00:00,2021-09-12 19:00:00,24.992874,23.220734,24.992874,26.825012
2021-09-12 19:00:00,2021-09-12 19:15:00,25.014755,23.478119,25.014755,26.647812
2021-09-12 19:00:00,2021-09-12 19:30:00,24.854134,23.063171,24.854134,26.232742
2021-09-12 19:00:00,2021-09-12 19:45:00,24.255394,23.123741,24.255394,26.172287
2021-09-12 20:00:00,2021-09-12 20:00:00,24.488228,22.677055,24.488228,26.157478
2021-09-12 20:00:00,2021-09-12 20:15:00,24.468132,22.943405,24.468132,25.91233
2021-09-12 20:00:00,2021-09-12 20:30:00,24.370079,22.555092,24.370079,25.525467
2021-09-12 20:00:00,2021-09-12 20:45:00,23.859253,22.643288,23.859253,25.704231
2021-09-12 21:00:00,2021-09-12 21:00:00,23.869911,22.143906,23.869911,25.467262
2021-09-12 21:00:00,2021-09-12 21:15:00,23.814682,22.445877,23.814682,25.148216
2021-09-12 21:00:00,2021-09-12 21:30:00,23.844566,22.09417,23.844566,24.812805
2021-09-12 21:00:00,2021-09-12 21:45:00,23.320778,22.2211,23.320778,25.078018
2021-09-12 22:00:00,2021-09-12 22:00:00,27.226028,24.397057,27.226028,32.52559
2021-09-12 22:00:00,2021-09-12 22:15:00,27.36547,24.44728,27.36547,32.882538
2021-09-12 22:00:00,2021-09-12 22:30:00,27.440285,24.079262,27.440285,33.13501
2021-09-12 22:00:00,2021-09-12 22:45:00,26.89022,23.914001,26.89022,33.87262
2021-09-12 23:00:00,2021-09-12 23:00:00,24.719826,23.190567,24.719826,26.296394
2021-09-12 23:00:00,2021-09-12 23:15:00,24.812828,23.517601,24.812828,26.197441
2021-09-12 23:00:00,2021-09-12 23:30:00,24.716637,22.921463,24.716637,25.81366
2021-09-12 23:00:00,2021-09-12 23:45:00,24.090485,22.942726,24.090485,25.88295
2021-09-13 00:00:00,2021-09-13 00:00:00,23.751999,21.795715,23.751999,25.31012
2021-09-13 00:00:00,2021-09-13 00:15:00,23.800621,22.201378,23.800621,25.104988
2021-09-13 00:00:00,2021-09-13 00:30:00,23.736443,21.892242,23.736443,24.70462
2021-09-13 00:00:00,2021-09-13 00:45:00,23.180725,21.93901,23.180725,24.870056
2021-09-13 01:00:00,2021-09-13 01:00:00,23.752571,22.02845,23.752571,25.209572
2021-09-13 01:00:00,2021-09-13 01:15:00,23.788033,22.23182,23.788033,25.034683
2021-09-13 01:00:00,2021-09-13 01:30:00,23.704758,21.846794,23.704758,24.66539
2021-09-13 01:00:00,2021-09-13 01:45:00,23.175232,21.987877,23.175232,24.788757
2021-09-13 02:00:00,2021-09-13 02:00:00,24.332436,22.700317,24.332436,26.194206
2021-09-13 02:00:00,2021-09-13 02:15:00,24.341972,22.748375,24.341972,26.008438
2021-09-13 02:00:00,2021-09-13 02:30:00,24.189926,22.365814,24.189926,25.500267
2021-09-13 02:00:00,2021-09-13 02:45:00,23.552238,22.402176,23.552238,25.52288
2021-09-13 03:00:00,2021-09-13 03:00:00,24.222649,22.6335,24.222649,25.777298
2021-09-13 03:00:00,2021-09-13 03:15:00,24.293304,22.756302,24.293304,25.688995
2021-09-13 03:00:00,2021-09-13 03:30:00,24.239365,22.38594,24.239365,25.343704
2021-09-13 03:00:00,2021-09-13 03:45:00,23.628212,22.468666,23.628212,25.34964
2021-09-13 04:00:00,2021-09-13 04:00:00,24.704727,21.452858,24.704727,27.28183
2021-09-13 04:00:00,2021-09-13 04:15:00,24.083038,21.298141,24.083038,26.619156
2021-09-13 04:00:00,2021-09-13 04:30:00,24.193535,21.176445,24.193535,26.06382
2021-09-13 04:00:00,2021-09-13 04:45:00,23.417168,21.064743,23.417168,26.300026
2021-09-13 05:00:00,2021-09-13 05:00:00,22.705803,18.393066,22.705803,27.471405
2021-09-13 05:00:00,2021-09-13 05:15:00,22.460007,17.774765,22.460007,26.985008
2021-09-13 05:00:00,2021-09-13 05:30:00,23.290565,18.195297,23.290565,27.486237
2021-09-13 05:00:00,2021-09-13 05:45:00,22.85987,18.99572,22.85987,28.437462
2021-09-13 06:00:00,2021-09-13 06:00:00,25.372475,19.950874,25.372475,31.472649
2021-09-13 06:00:00,2021-09-13 06:15:00,24.878677,19.655388,24.878677,30.980278
2021-09-13 06:00:00,2021-09-13 06:30:00,23.963692,17.86789,23.963692,29.617668
2021-09-13 06:00:00,2021-09-13 06:45:00,24.446526,18.58641,24.446526,31.22731
2021-09-13 07:00:00,2021-09-13 07:00:00,26.931564,17.520744,26.931564,35.69651
2021-09-13 07:00:00,2021-09-13 07:15:00,36.749,27.24086,36.749,46.700806
2021-09-13 07:00:00,2021-09-13 07:30:00,58.123875,44.861984,58.123875,72.65812
2021-09-13 07:00:00,2021-09-13 07:45:00,87.91488,68.59094,87.91488,104.49733
2021-09-13 08:00:00,2021-09-13 08:00:00,155.75925,142.83273,155.75925,169.91711
2021-09-13 08:00:00,2021-09-13 08:15:00,170.60852,156.77051,170.60852,184.01367
2021-09-13 08:00:00,2021-09-13 08:30:00,172.89157,158.29478,172.89157,186.42136
2021-09-13 08:00:00,2021-09-13 08:45:00,176.45586,163.1368,176.45586,190.30069
2021-09-13 09:00:00,2021-09-13 09:00:00,177.352,166.02792,177.352,189.50122
2021-09-13 09:00:00,2021-09-13 09:15:00,170.8179,158.53647,170.8179,182.72516
2021-09-13 09:00:00,2021-09-13 09:30:00,175.0487,162.26169,175.0487,187.36581
2021-09-13 09:00:00,2021-09-13 09:45:00,179.0198,167.00812,179.0198,192.11801
2021-09-13 10:00:00,2021-09-13 10:00:00,151.96628,138.6825,151.96628,165.31065
2021-09-13 10:00:00,2021-09-13 10:15:00,180.0452,167.36752,180.0452,192.76923
2021-09-13 10:00:00,2021-09-13 10:30:00,177.29062,163.67268,177.29062,189.13647
2021-09-13 10:00:00,2021-09-13 10:45:00,176.24315,163.38452,176.24315,188.50954
2021-09-13 11:00:00,2021-09-13 11:00:00,175.47179,166.47656,175.47179,185.39111
2021-09-13 11:00:00,2021-09-13 11:15:00,176.43997,166.83276,176.43997,186.79596
2021-09-13 11:00:00,2021-09-13 11:30:00,175.6901,164.5146,175.6901,186.16656
2021-09-13 11:00:00,2021-09-13 11:45:00,177.03986,165.28764,177.03986,189.15536
2021-09-13 12:00:00,2021-09-13 12:00:00,125.740036,114.63403,125.740036,138.19142
2021-09-13 12:00:00,2021-09-13 12:15:00,102.69963,91.305595,102.69963,114.290504
2021-09-13 12:00:00,2021-09-13 12:30:00,101.03156,88.156296,101.03156,112.93287
2021-09-13 12:00:00,2021-09-13 12:45:00,134.85669,121.587685,134.85669,149.02676
2021-09-13 13:00:00,2021-09-13 13:00:00,167.58241,157.6986,167.58241,177.39688
2021-09-13 13:00:00,2021-09-13 13:15:00,172.54501,161.9832,172.54501,182.44992
2021-09-13 13:00:00,2021-09-13 13:30:00,173.22537,161.77843,173.22537,183.61624
2021-09-13 13:00:00,2021-09-13 13:45:00,174.66583,163.89764,174.66583,186.03668
2021-09-13 14:00:00,2021-09-13 14:00:00,183.05771,173.42169,183.05771,193.2113
2021-09-13 14:00:00,2021-09-13 14:15:00,179.50711,169.47726,179.50711,189.37682
2021-09-13 14:00:00,2021-09-13 14:30:00,180.32329,169.68591,180.32329,190.32281
2021-09-13 14:00:00,2021-09-13 14:45:00,179.91306,169.60803,179.91306,190.66925
2021-09-13 15:00:00,2021-09-13 15:00:00,152.35666,142.81364,152.35666,163.41666
2021-09-13 15:00:00,2021-09-13 15:15:00,176.0847,165.93939,176.0847,186.2366
2021-09-13 15:00:00,2021-09-13 15:30:00,183.22713,172.71939,183.22713,193.32864
2021-09-13 15:00:00,2021-09-13 15:45:00,179.75436,169.36667,179.75436,189.66838
2021-09-13 16:00:00,2021-09-13 16:00:00,164.165,153.6845,164.165,174.78271
2021-09-13 16:00:00,2021-09-13 16:15:00,161.66313,150.37329,161.66313,172.72876
2021-09-13 16:00:00,2021-09-13 16:30:00,160.48808,148.17166,160.48808,171.73987
2021-09-13 16:00:00,2021-09-13 16:45:00,159.8547,147.36983,159.8547,172.24765
2021-09-13 17:00:00,2021-09-13 17:00:00,141.20804,129.46602,141.20804,153.52324
2021-09-13 17:00:00,2021-09-13 17:15:00,120.49117,108.32422,120.49117,132.94176
2021-09-13 17:00:00,2021-09-13 17:30:00,159.95004,147.80199,159.95004,170.8652
2021-09-13 17:00:00,2021-09-13 17:45:00,169.29575,158.63156,169.29575,179.9531
2021-09-13 18:00:00,2021-09-13 18:00:00,157.62897,146.51584,157.62897,168.90582
2021-09-13 18:00:00,2021-09-13 18:15:00,154.47046,142.43172,154.47046,165.69145
2021-09-13 18:00:00,2021-09-13 18:30:00,154.7795,142.33513,154.7795,166.36815
2021-09-13 18:00:00,2021-09-13 18:45:00,157.6719,145.30527,157.6719,169.9137
2021-09-13 19:00:00,2021-09-13 19:00:00,142.9089,132.34784,142.9089,153.49808
2021-09-13 19:00:00,2021-09-13 19:15:00,135.78741,124.27333,135.78741,147.19199
2021-09-13 19:00:00,2021-09-13 19:30:00,139.32286,126.07874,139.32286,151.38394
2021-09-13 19:00:00,2021-09-13 19:45:00,120.499084,106.08205,120.499084,134.65001
2021-09-13 20:00:00,2021-09-13 20:00:00,110.778015,99.97933,110.778015,122.10057
2021-09-13 20:00:00,2021-09-13 20:15:00,117.3417,105.90486,117.3417,128.89632
2021-09-13 20:00:00,2021-09-13 20:30:00,120.60005,108.91179,120.60005,132.16263
2021-09-13 20:00:00,2021-09-13 20:45:00,123.517395,111.501595,123.517395,135.0742
2021-09-13 21:00:00,2021-09-13 21:00:00,122.056496,113.91809,122.056496,130.1958
2021-09-13 21:00:00,2021-09-13 21:15:00,122.87715,114.55891,122.87715,130.86159
2021-09-13 21:00:00,2021-09-13 21:30:00,117.80605,109.30965,117.80605,125.98518
2021-09-13 21:00:00,2021-09-13 21:45:00,113.93004,104.729515,113.93004,123.38571
2021-09-13 22:00:00,2021-09-13 22:00:00,99.82059,92.30608,99.82059,107.97666
2021-09-13 22:00:00,2021-09-13 22:15:00,111.43538,104.29747,111.43538,119.51123
2021-09-13 22:00:00,2021-09-13 22:30:00,111.47887,103.25887,111.47887,119.27157
2021-09-13 22:00:00,2021-09-13 22:45:00,111.30119,102.3358,111.30119,120.46951
2021-09-13 23:00:00,2021-09-13 23:00:00,108.181496,101.1468,108.181496,115.8589
2021-09-13 23:00:00,2021-09-13 23:15:00,109.09495,101.4968,109.09495,117.39555
2021-09-13 23:00:00,2021-09-13 23:30:00,105.10957,96.31646,105.10957,113.7124
2021-09-13 23:00:00,2021-09-13 23:45:00,83.21983,74.13403,83.21983,91.83345
2021-09-14 00:00:00,2021-09-14 00:00:00,78.67558,71.063644,78.67558,86.48942
2021-09-14 00:00:00,2021-09-14 00:15:00,74.36526,66.55113,74.36526,82.09148
2021-09-14 00:00:00,2021-09-14 00:30:00,70.75314,63.32822,70.75314,78.222336
2021-09-14 00:00:00,2021-09-14 00:45:00,69.76821,61.809284,69.76821,76.855156
2021-09-14 01:00:00,2021-09-14 01:00:00,95.15628,87.687294,95.15628,102.09947
2021-09-14 01:00:00,2021-09-14 01:15:00,106.694984,99.542015,106.694984,114.43079
2021-09-14 01:00:00,2021-09-14 01:30:00,109.68859,101.88227,109.68859,117.2194
2021-09-14 01:00:00,2021-09-14 01:45:00,109.36445,101.4499,109.36445,117.726204
2021-09-14 02:00:00,2021-09-14 02:00:00,111.68747,104.683365,111.68747,119.26144
2021-09-14 02:00:00,2021-09-14 02:15:00,111.19723,104.51884,111.19723,118.865036
2021-09-14 02:00:00,2021-09-14 02:30:00,109.85107,102.050896,109.85107,117.21429
2021-09-14 02:00:00,2021-09-14 02:45:00,107.052864,98.297966,107.052864,115.03103
2021-09-14 03:00:00,2021-09-14 03:00:00,94.00525,86.32991,94.00525,101.24874
2021-09-14 03:00:00,2021-09-14 03:15:00,107.18941,100.35647,107.18941,114.97564
2021-09-14 03:00:00,2021-09-14 03:30:00,109.20971,101.57686,109.20971,116.46458
2021-09-14 03:00:00,2021-09-14 03:45:00,109.017,101.41844,109.017,117.17332
2021-09-14 04:00:00,2021-09-14 04:00:00,110.52434,103.2852,110.52434,118.24728
2021-09-14 04:00:00,2021-09-14 04:15:00,109.67283,102.19756,109.67283,117.91018
2021-09-14 04:00:00,2021-09-14 04:30:00,109.39231,101.1768,109.39231,117.51653
2021-09-14 04:00:00,2021-09-14 04:45:00,105.06065,95.99308,105.06065,113.20321
2021-09-14 05:00:00,2021-09-14 05:00:00,85.85579,80.0604,85.85579,92.45915
2021-09-14 05:00:00,2021-09-14 05:15:00,78.301315,71.45445,78.301315,84.69505
2021-09-14 05:00:00,2021-09-14 05:30:00,98.26362,91.51033,98.26362,105.41844
2021-09-14 05:00:00,2021-09-14 05:45:00,110.44069,102.20255,110.44069,118.18818
2021-09-14 06:00:00,2021-09-14 06:00:00,113.64648,106.661835,113.64648,120.61589
2021-09-14 06:00:00,2021-09-14 06:15:00,112.99757,105.24721,112.99757,120.29816
2021-09-14 06:00:00,2021-09-14 06:30:00,112.99678,105.674515,112.99678,120.60245
2021-09-14 06:00:00,2021-09-14 06:45:00,114.48052,106.51137,114.48052,122.67357
2021-09-14 07:00:00,2021-09-14 07:00:00,113.52265,104.82387,113.52265,121.407555
2021-09-14 07:00:00,2021-09-14 07:15:00,126.01709,116.948586,126.01709,134.51657
2021-09-14 07:00:00,2021-09-14 07:30:00,145.5846,135.08821,145.5846,154.97826
2021-09-14 07:00:00,2021-09-14 07:45:00,141.1808,130.51518,141.1808,151.31105
2021-09-14 08:00:00,2021-09-14 08:00:00,161.51709,151.67105,161.51709,172.59695
2021-09-14 08:00:00,2021-09-14 08:15:00,177.91325,166.99959,177.91325,188.14714
2021-09-14 08:00:00,2021-09-14 08:30:00,178.6071,166.70363,178.6071,189.00748
2021-09-14 08:00:00,2021-09-14 08:45:00,181.58107,170.67152,181.58107,192.01991
2021-09-14 09:00:00,2021-09-14 09:00:00,168.14377,157.84471,168.14377,177.75406
2021-09-14 09:00:00,2021-09-14 09:15:00,171.16452,160.64859,171.16452,181.71713
2021-09-14 09:00:00,2021-09-14 09:30:00,173.25304,161.70178,173.25304,184.25386
2021-09-14 09:00:00,2021-09-14 09:45:00,174.78603,163.52893,174.78603,186.15784
2021-09-14 10:00:00,2021-09-14 10:00:00,153.38719,142.75388,153.38719,165.12994
2021-09-14 10:00:00,2021-09-14 10:15:00,176.19022,165.45467,176.19022,187.21721
2021-09-14 10:00:00,2021-09-14 10:30:00,174.97556,162.96844,174.97556,185.63031
2021-09-14 10:00:00,2021-09-14 10:45:00,175.39926,164.15898,175.39926,186.03241
2021-09-14 11:00:00,2021-09-14 11:00:00,160.07565,149.81491,160.07565,169.5314
2021-09-14 11:00:00,2021-09-14 11:15:00,162.48364,150.64474,162.48364,173.77173
2021-09-14 11:00:00,2021-09-14 11:30:00,164.32585,150.9824,164.32585,176.52966
2021-09-14 11:00:00,2021-09-14 11:45:00,165.66016,151.15137,165.66016,179.43353
2021-09-14 12:00:00,2021-09-14 12:00:00,121.53053,111.08939,121.53053,132.73863
2021-09-14 12:00:00,2021-09-14 12:15:00,98.13503,87.57978,98.13503,108.84059
2021-09-14 12:00:00,2021-09-14 12:30:00,97.10402,84.793465,97.10402,108.2287
2021-09-14 12:00:00,2021-09-14 12:45:00,127.79021,114.86003,127.79021,139.47539
2021-09-14 13:00:00,2021-09-14 13:00:00,164.47804,153.59235,164.47804,175.73074
2021-09-14 13:00:00,2021-09-14 13:15:00,170.95444,159.05435,170.95444,182.2705
2021-09-14 13:00:00,2021-09-14 13:30:00,171.89227,159.05006,171.89227,183.5805
2021-09-14 13:00:00,2021-09-14 13:45:00,172.20602,159.67299,172.20602,184.56848
2021-09-14 14:00:00,2021-09-14 14:00:00,172.12839,161.56784,172.12839,182.29303
2021-09-14 14:00:00,2021-09-14 14:15:00,169.26543,158.31735,169.26543,179.35045
2021-09-14 14:00:00,2021-09-14 14:30:00,170.14449,158.45866,170.14449,180.69318
2021-09-14 14:00:00,2021-09-14 14:45:00,169.89758,158.3626,169.89758,181.064
2021-09-14 15:00:00,2021-09-14 15:00:00,136.86206,127.00145,136.86206,147.35088
2021-09-14 15:00:00,2021-09-14 15:15:00,162.23811,150.76057,162.23811,172.75607
2021-09-14 15:00:00,2021-09-14 15:30:00,167.51718,155.3141,167.51718,178.26828
2021-09-14 15:00:00,2021-09-14 15:45:00,163.48343,151.31494,163.48343,174.29398
2021-09-14 16:00:00,2021-09-14 16:00:00,160.72525,150.20929,160.72525,170.64742
2021-09-14 16:00:00,2021-09-14 16:15:00,154.41928,143.24536,154.41928,164.63223
2021-09-14 16:00:00,2021-09-14 16:30:00,152.3655,140.97415,152.3655,163.02888
2021-09-14 16:00:00,2021-09-14 16:45:00,154.76447,142.56277,154.76447,166.31302
2021-09-14 17:00:00,2021-09-14 17:00:00,126.04903,117.058685,126.04903,135.93015
2021-09-14 17:00:00,2021-09-14 17:15:00,111.461685,101.27883,111.461685,121.70337
2021-09-14 17:00:00,2021-09-14 17:30:00,150.77257,139.62274,150.77257,160.39651
2021-09-14 17:00:00,2021-09-14 17:45:00,158.94951,149.00714,158.94951,168.17552
2021-09-14 18:00:00,2021-09-14 18:00:00,150.14673,140.67995,150.14673,159.24927
2021-09-14 18:00:00,2021-09-14 18:15:00,145.88266,135.28468,145.88266,155.44809
2021-09-14 18:00:00,2021-09-14 18:30:00,145.96881,134.99686,145.96881,156.10721
2021-09-14 18:00:00,2021-09-14 18:45:00,148.83093,137.26608,148.83093,159.6337
2021-09-14 19:00:00,2021-09-14 19:00:00,154.32608,145.49683,154.32608,162.98148
2021-09-14 19:00:00,2021-09-14 19:15:00,143.1621,132.90724,143.1621,152.28053
2021-09-14 19:00:00,2021-09-14 19:30:00,143.84813,132.87575,143.84813,153.44363
2021-09-14 19:00:00,2021-09-14 19:45:00,125.05002,113.224014,125.05002,136.6659
2021-09-14 20:00:00,2021-09-14 20:00:00,119.80322,109.796326,119.80322,129.54199
2021-09-14 20:00:00,2021-09-14 20:15:00,127.53398,117.7897,127.53398,136.78706
2021-09-14 20:00:00,2021-09-14 20:30:00,124.520065,114.44046,124.520065,134.0207
2021-09-14 20:00:00,2021-09-14 20:45:00,126.301895,116.06617,126.301895,135.7601
2021-09-14 21:00:00,2021-09-14 21:00:00,126.89319,119.634186,126.89319,133.83058
2021-09-14 21:00:00,2021-09-14 21:15:00,126.860466,119.55263,126.860466,133.84673
2021-09-14 21:00:00,2021-09-14 21:30:00,123.29288,115.84929,123.29288,130.63579
2021-09-14 21:00:00,2021-09-14 21:45:00,120.94021,113.05957,120.94021,128.67046
2021-09-14 22:00:00,2021-09-14 22:00:00,105.174065,98.64055,105.174065,112.35191
2021-09-14 22:00:00,2021-09-14 22:15:00,115.110146,108.559685,115.110146,122.066925
2021-09-14 22:00:00,2021-09-14 22:30:00,114.84394,107.557014,114.84394,121.9519
2021-09-14 22:00:00,2021-09-14 22:45:00,114.18884,106.55407,114.18884,122.10154
2021-09-14 23:00:00,2021-09-14 23:00:00,111.97064,105.6222,111.97064,118.898796
2021-09-14 23:00:00,2021-09-14 23:15:00,114.76826,107.54317,114.76826,121.78277
2021-09-14 23:00:00,2021-09-14 23:30:00,108.90635,101.4779,108.90635,116.18835
2021-09-14 23:00:00,2021-09-14 23:45:00,86.97179,79.37567,86.97179,94.36126
