ts,예측,모델
2021-08-09 00:00:00,27.77873891632627,MSTL
2021-08-09 00:15:00,30.45081421053207,MSTL
2021-08-09 00:30:00,32.09829757725646,MSTL
2021-08-09 00:45:00,32.5407008435067,MSTL
2021-08-09 01:00:00,17.760693870180603,MSTL
2021-08-09 01:15:00,10.105501539562312,MSTL
2021-08-09 01:30:00,7.820636298608875,MSTL
2021-08-09 01:45:00,8.380065703893266,MSTL
2021-08-09 02:00:00,8.734191781350319,MSTL
2021-08-09 02:15:00,7.922737605419719,MSTL
2021-08-09 02:30:00,8.440460566980562,MSTL
2021-08-09 02:45:00,10.386794884835808,MSTL
2021-08-09 03:00:00,19.574881190313505,MSTL
2021-08-09 03:15:00,10.938408559468606,MSTL
2021-08-09 03:30:00,7.224226107615991,MSTL
2021-08-09 03:45:00,7.3944003733766195,MSTL
2021-08-09 04:00:00,9.19527098916648,MSTL
2021-08-09 04:15:00,8.466697773135664,MSTL
2021-08-09 04:30:00,8.112652391272668,MSTL
2021-08-09 04:45:00,9.989545335094853,MSTL
2021-08-09 05:00:00,19.810695944990947,MSTL
2021-08-09 05:15:00,24.762621215974512,MSTL
2021-08-09 05:30:00,14.187622304409707,MSTL
2021-08-09 05:45:00,6.794175080668779,MSTL
2021-08-09 06:00:00,6.618465813418709,MSTL
2021-08-09 06:15:00,9.052512273427936,MSTL
2021-08-09 06:30:00,8.253349953591574,MSTL
2021-08-09 06:45:00,11.526472397704978,MSTL
2021-08-09 07:00:00,12.823078728475046,MSTL
2021-08-09 07:15:00,17.52220787703054,MSTL
2021-08-09 07:30:00,28.269339924986436,MSTL
2021-08-09 07:45:00,63.85531615018117,MSTL
2021-08-09 08:00:00,88.43231889311429,MSTL
2021-08-09 08:15:00,104.48344930665036,MSTL
2021-08-09 08:30:00,101.83220582789164,MSTL
2021-08-09 08:45:00,96.47162321344244,MSTL
2021-08-09 09:00:00,96.88408174353604,MSTL
2021-08-09 09:15:00,92.38310254739548,MSTL
2021-08-09 09:30:00,96.02874907505348,MSTL
2021-08-09 09:45:00,91.6924176607654,MSTL
2021-08-09 10:00:00,85.42492141714506,MSTL
2021-08-09 10:15:00,96.70655174817998,MSTL
2021-08-09 10:30:00,100.9316491177482,MSTL
2021-08-09 10:45:00,105.86767707712194,MSTL
2021-08-09 11:00:00,99.96677600923056,MSTL
2021-08-09 11:15:00,99.44592229717138,MSTL
2021-08-09 11:30:00,94.53467988431926,MSTL
2021-08-09 11:45:00,90.80413874962753,MSTL
2021-08-09 12:00:00,83.00324274134567,MSTL
2021-08-09 12:15:00,79.6990755660141,MSTL
2021-08-09 12:30:00,76.90811592117086,MSTL
2021-08-09 12:45:00,74.80932093893131,MSTL
2021-08-09 13:00:00,83.41706476613454,MSTL
2021-08-09 13:15:00,90.84450884230878,MSTL
2021-08-09 13:30:00,94.6974570936548,MSTL
2021-08-09 13:45:00,88.97684935348025,MSTL
2021-08-09 14:00:00,92.23951737543013,MSTL
2021-08-09 14:15:00,96.74643849367207,MSTL
2021-08-09 14:30:00,94.30527359984356,MSTL
2021-08-09 14:45:00,91.52905448605009,MSTL
2021-08-09 15:00:00,82.54174100451065,MSTL
2021-08-09 15:15:00,82.5766438746756,MSTL
2021-08-09 15:30:00,97.52231545565331,MSTL
2021-08-09 15:45:00,100.9418920604345,MSTL
2021-08-09 16:00:00,92.51133374864888,MSTL
2021-08-09 16:15:00,89.49788228117052,MSTL
2021-08-09 16:30:00,94.16718683619904,MSTL
2021-08-09 16:45:00,93.64571961872,MSTL
2021-08-09 17:00:00,84.11568853521412,MSTL
2021-08-09 17:15:00,76.0112355349533,MSTL
2021-08-09 17:30:00,84.1922156965164,MSTL
2021-08-09 17:45:00,94.10624191593516,MSTL
2021-08-09 18:00:00,97.06700838784462,MSTL
2021-08-09 18:15:00,89.13949677571273,MSTL
2021-08-09 18:30:00,91.01350449256016,MSTL
2021-08-09 18:45:00,84.43097771063117,MSTL
2021-08-09 19:00:00,87.86922169056321,MSTL
2021-08-09 19:15:00,95.71014040243531,MSTL
2021-08-09 19:30:00,87.64790245287887,MSTL
2021-08-09 19:45:00,75.89546179143082,MSTL
2021-08-09 20:00:00,72.6700548962835,MSTL
2021-08-09 20:15:00,72.33414245922776,MSTL
2021-08-09 20:30:00,81.33071408784136,MSTL
2021-08-09 20:45:00,79.40815783853961,MSTL
2021-08-09 21:00:00,77.54712413062212,MSTL
2021-08-09 21:15:00,81.73239770132963,MSTL
2021-08-09 21:30:00,77.79809985045364,MSTL
2021-08-09 21:45:00,72.47479908346025,MSTL
2021-08-09 22:00:00,70.21828670712928,MSTL
2021-08-09 22:15:00,73.56670564324234,MSTL
2021-08-09 22:30:00,76.04541232280926,MSTL
2021-08-09 22:45:00,76.71246772587072,MSTL
2021-08-09 23:00:00,76.45185712579665,MSTL
2021-08-09 23:15:00,75.7647681155108,MSTL
2021-08-09 23:30:00,69.53934384676246,MSTL
2021-08-09 23:45:00,63.34253150158531,MSTL
2021-08-10 00:00:00,85.26719149193832,MSTL
2021-08-10 00:15:00,84.96025279347181,MSTL
2021-08-10 00:30:00,83.87930937310067,MSTL
2021-08-10 00:45:00,84.60512671119696,MSTL
2021-08-10 01:00:00,87.53405377357592,MSTL
2021-08-10 01:15:00,97.43618480600794,MSTL
2021-08-10 01:30:00,99.29333009047734,MSTL
2021-08-10 01:45:00,96.15052044957228,MSTL
2021-08-10 02:00:00,98.2486879662357,MSTL
2021-08-10 02:15:00,96.91778847934047,MSTL
2021-08-10 02:30:00,97.1948673655029,MSTL
2021-08-10 02:45:00,93.95931992528752,MSTL
2021-08-10 03:00:00,91.12914330986956,MSTL
2021-08-10 03:15:00,95.11326722634018,MSTL
2021-08-10 03:30:00,98.59348402586372,MSTL
2021-08-10 03:45:00,96.76048708045371,MSTL
2021-08-10 04:00:00,96.22031417504512,MSTL
2021-08-10 04:15:00,96.23214587551573,MSTL
2021-08-10 04:30:00,95.02491739681518,MSTL
2021-08-10 04:45:00,92.80168343371716,MSTL
2021-08-10 05:00:00,90.21495228570288,MSTL
2021-08-10 05:15:00,88.11431359822389,MSTL
2021-08-10 05:30:00,88.95700868338903,MSTL
2021-08-10 05:45:00,93.96166177492896,MSTL
2021-08-10 06:00:00,94.21781194242044,MSTL
2021-08-10 06:15:00,94.2568345539361,MSTL
2021-08-10 06:30:00,94.02728977006078,MSTL
2021-08-10 06:45:00,89.51733781024444,MSTL
2021-08-10 07:00:00,91.32986294124126,MSTL
2021-08-10 07:15:00,101.28464696669931,MSTL
2021-08-10 07:30:00,113.86966502252255,MSTL
2021-08-10 07:45:00,115.7057198595377,MSTL
2021-08-10 08:00:00,125.34684493165086,MSTL
2021-08-10 08:15:00,133.5278205156961,MSTL
2021-08-10 08:30:00,139.94430056966286,MSTL
2021-08-10 08:45:00,138.07349027363267,MSTL
2021-08-10 09:00:00,132.49954770594624,MSTL
2021-08-10 09:15:00,129.57447201556894,MSTL
2021-08-10 09:30:00,128.29125227797942,MSTL
2021-08-10 09:45:00,136.30887826113403,MSTL
2021-08-10 10:00:00,123.3329969512601,MSTL
2021-08-10 10:15:00,136.85828546281238,MSTL
2021-08-10 10:30:00,134.95566746519884,MSTL
2021-08-10 10:45:00,131.30839845227536,MSTL
2021-08-10 11:00:00,134.86425855939837,MSTL
2021-08-10 11:15:00,134.89497565212562,MSTL
2021-08-10 11:30:00,132.66312639721053,MSTL
2021-08-10 11:45:00,131.82031401190034,MSTL
2021-08-10 12:00:00,112.61448904160449,MSTL
2021-08-10 12:15:00,103.91625200702194,MSTL
2021-08-10 12:30:00,103.69254880512176,MSTL
2021-08-10 12:45:00,102.88401315882972,MSTL
2021-08-10 13:00:00,116.44140619427708,MSTL
2021-08-10 13:15:00,126.53775412737347,MSTL
2021-08-10 13:30:00,127.99496910445464,MSTL
2021-08-10 13:45:00,134.15112376913936,MSTL
2021-08-10 14:00:00,136.76406539960453,MSTL
2021-08-10 14:15:00,130.08767774091683,MSTL
2021-08-10 14:30:00,129.97959622332814,MSTL
2021-08-10 14:45:00,129.796439135482,MSTL
2021-08-10 15:00:00,117.44512838149134,MSTL
2021-08-10 15:15:00,119.56021408933844,MSTL
2021-08-10 15:30:00,128.31795774195575,MSTL
2021-08-10 15:45:00,134.84748919990733,MSTL
2021-08-10 16:00:00,135.47087045660908,MSTL
2021-08-10 16:15:00,131.63989299969126,MSTL
2021-08-10 16:30:00,128.64204594611124,MSTL
2021-08-10 16:45:00,128.56685804992168,MSTL
2021-08-10 17:00:00,113.845882099813,MSTL
2021-08-10 17:15:00,111.41747875603384,MSTL
2021-08-10 17:30:00,114.353860573108,MSTL
2021-08-10 17:45:00,111.72189163515634,MSTL
2021-08-10 18:00:00,108.7146633276906,MSTL
2021-08-10 18:15:00,110.72063283487984,MSTL
2021-08-10 18:30:00,106.44963475542788,MSTL
2021-08-10 18:45:00,110.67171713867624,MSTL
2021-08-10 19:00:00,111.533293624284,MSTL
2021-08-10 19:15:00,110.69386267595785,MSTL
2021-08-10 19:30:00,113.56018895652473,MSTL
2021-08-10 19:45:00,115.49074101587529,MSTL
2021-08-10 20:00:00,110.67142858570064,MSTL
2021-08-10 20:15:00,110.38871073741754,MSTL
2021-08-10 20:30:00,107.29543297648964,MSTL
2021-08-10 20:45:00,106.51918108038568,MSTL
2021-08-10 21:00:00,107.85147221923442,MSTL
2021-08-10 21:15:00,107.06492054670407,MSTL
2021-08-10 21:30:00,108.96755254926614,MSTL
2021-08-10 21:45:00,112.18424945830252,MSTL
2021-08-10 22:00:00,102.84464396350864,MSTL
2021-08-10 22:15:00,100.05396459212312,MSTL
2021-08-10 22:30:00,96.62847759554263,MSTL
2021-08-10 22:45:00,101.14837705692736,MSTL
2021-08-10 23:00:00,100.55452096137908,MSTL
2021-08-10 23:15:00,98.5013838590322,MSTL
2021-08-10 23:30:00,97.91684606134916,MSTL
2021-08-10 23:45:00,90.0869279515712,MSTL
2021-08-11 00:00:00,97.32182247768046,MSTL
2021-08-11 00:15:00,93.29792195993812,MSTL
2021-08-11 00:30:00,92.02382853554178,MSTL
2021-08-11 00:45:00,91.75140390564948,MSTL
2021-08-11 01:00:00,103.52094877549456,MSTL
2021-08-11 01:15:00,105.68287403136492,MSTL
2021-08-11 01:30:00,106.65555532760544,MSTL
2021-08-11 01:45:00,105.0603407325592,MSTL
2021-08-11 02:00:00,100.22818367831135,MSTL
2021-08-11 02:15:00,100.30989906306888,MSTL
2021-08-11 02:30:00,102.04388141062918,MSTL
2021-08-11 02:45:00,103.39073126385549,MSTL
2021-08-11 03:00:00,100.35092344356693,MSTL
2021-08-11 03:15:00,104.38968246521966,MSTL
2021-08-11 03:30:00,106.732544174042,MSTL
2021-08-11 03:45:00,104.723505025032,MSTL
2021-08-11 04:00:00,101.41289459696358,MSTL
2021-08-11 04:15:00,105.916425721068,MSTL
2021-08-11 04:30:00,102.27362848116236,MSTL
2021-08-11 04:45:00,101.953137789971,MSTL
2021-08-11 05:00:00,93.7262366502566,MSTL
2021-08-11 05:15:00,89.67844401786341,MSTL
2021-08-11 05:30:00,97.98434748091744,MSTL
2021-08-11 05:45:00,102.94421432617564,MSTL
2021-08-11 06:00:00,101.04221200101117,MSTL
2021-08-11 06:15:00,100.0284516277789,MSTL
2021-08-11 06:30:00,101.73437458822464,MSTL
2021-08-11 06:45:00,104.72481596724752,MSTL
2021-08-11 07:00:00,107.91833695950444,MSTL
2021-08-11 07:15:00,114.52958651954768,MSTL
2021-08-11 07:30:00,132.31313723545372,MSTL
2021-08-11 07:45:00,126.19814388957062,MSTL
2021-08-11 08:00:00,136.17401451229006,MSTL
2021-08-11 08:15:00,151.4001303060041,MSTL
2021-08-11 08:30:00,160.35251087849446,MSTL
2021-08-11 08:45:00,161.63075969016342,MSTL
2021-08-11 09:00:00,154.01945240940935,MSTL
2021-08-11 09:15:00,152.83955798796129,MSTL
2021-08-11 09:30:00,156.11851313375183,MSTL
2021-08-11 09:45:00,158.8395578361193,MSTL
2021-08-11 10:00:00,137.2444374974194,MSTL
2021-08-11 10:15:00,155.67392569339734,MSTL
2021-08-11 10:30:00,149.82071455474926,MSTL
2021-08-11 10:45:00,140.72134851052198,MSTL
2021-08-11 11:00:00,147.2385539134727,MSTL
2021-08-11 11:15:00,155.23093183373058,MSTL
2021-08-11 11:30:00,151.29582268736738,MSTL
2021-08-11 11:45:00,152.455990923375,MSTL
2021-08-11 12:00:00,122.95271312999526,MSTL
2021-08-11 12:15:00,109.84183258739743,MSTL
2021-08-11 12:30:00,108.5388679588951,MSTL
2021-08-11 12:45:00,110.41152292214356,MSTL
2021-08-11 13:00:00,137.53894344872552,MSTL
2021-08-11 13:15:00,148.76231766641888,MSTL
2021-08-11 13:30:00,150.03439567741702,MSTL
2021-08-11 13:45:00,157.19075898571327,MSTL
2021-08-11 14:00:00,154.5931132926454,MSTL
2021-08-11 14:15:00,148.8980710832515,MSTL
2021-08-11 14:30:00,144.42260518102069,MSTL
2021-08-11 14:45:00,141.92891550242769,MSTL
2021-08-11 15:00:00,121.68120783383588,MSTL
2021-08-11 15:15:00,121.26570364841628,MSTL
2021-08-11 15:30:00,135.81558482162555,MSTL
2021-08-11 15:45:00,133.5367546525282,MSTL
2021-08-11 16:00:00,140.33197674471467,MSTL
2021-08-11 16:15:00,142.23787522535213,MSTL
2021-08-11 16:30:00,135.8068861977629,MSTL
2021-08-11 16:45:00,137.04729600765307,MSTL
2021-08-11 17:00:00,119.820434324964,MSTL
2021-08-11 17:15:00,109.0015262816914,MSTL
2021-08-11 17:30:00,125.89223567638076,MSTL
2021-08-11 17:45:00,133.14099258064934,MSTL
2021-08-11 18:00:00,127.75554438929032,MSTL
2021-08-11 18:15:00,126.35946539971374,MSTL
2021-08-11 18:30:00,122.87630974118105,MSTL
2021-08-11 18:45:00,126.96550313505811,MSTL
2021-08-11 19:00:00,123.43491316587834,MSTL
2021-08-11 19:15:00,119.96299971318174,MSTL
2021-08-11 19:30:00,118.4435843558654,MSTL
2021-08-11 19:45:00,104.76804894776582,MSTL
2021-08-11 20:00:00,99.51621706412168,MSTL
2021-08-11 20:15:00,109.92354794968269,MSTL
2021-08-11 20:30:00,102.99670762279268,MSTL
2021-08-11 20:45:00,103.2835557582361,MSTL
2021-08-11 21:00:00,104.40573171782712,MSTL
2021-08-11 21:15:00,102.37491105275812,MSTL
2021-08-11 21:30:00,100.49685556779237,MSTL
2021-08-11 21:45:00,102.1200552158136,MSTL
2021-08-11 22:00:00,89.98029618351663,MSTL
2021-08-11 22:15:00,97.61115343674004,MSTL
2021-08-11 22:30:00,96.47844530444694,MSTL
2021-08-11 22:45:00,100.06774701813326,MSTL
2021-08-11 23:00:00,97.97328195074012,MSTL
2021-08-11 23:15:00,96.63939656144184,MSTL
2021-08-11 23:30:00,96.4799236489552,MSTL
2021-08-11 23:45:00,84.6369305309569,MSTL
2021-08-12 00:00:00,95.2539351954245,MSTL
2021-08-12 00:15:00,96.12029028571165,MSTL
2021-08-12 00:30:00,93.78916378355042,MSTL
2021-08-12 00:45:00,91.71602508243292,MSTL
2021-08-12 01:00:00,110.66703955904497,MSTL
2021-08-12 01:15:00,113.84817024194018,MSTL
2021-08-12 01:30:00,111.77612676544696,MSTL
2021-08-12 01:45:00,110.4681255923733,MSTL
2021-08-12 02:00:00,110.27368545869332,MSTL
2021-08-12 02:15:00,116.07504811668149,MSTL
2021-08-12 02:30:00,115.2675733002396,MSTL
2021-08-12 02:45:00,110.85106217596451,MSTL
2021-08-12 03:00:00,104.7384839343994,MSTL
2021-08-12 03:15:00,115.01044918653622,MSTL
2021-08-12 03:30:00,113.69713579293828,MSTL
2021-08-12 03:45:00,112.62354515077897,MSTL
2021-08-12 04:00:00,111.03210758296838,MSTL
2021-08-12 04:15:00,112.2070303300997,MSTL
2021-08-12 04:30:00,113.8406527601956,MSTL
2021-08-12 04:45:00,113.58133857764754,MSTL
2021-08-12 05:00:00,100.94941041779774,MSTL
2021-08-12 05:15:00,92.39291661925456,MSTL
2021-08-12 05:30:00,102.58898916177534,MSTL
2021-08-12 05:45:00,112.34123867336385,MSTL
2021-08-12 06:00:00,113.5788566783688,MSTL
2021-08-12 06:15:00,114.89667537347512,MSTL
2021-08-12 06:30:00,115.37531968203132,MSTL
2021-08-12 06:45:00,117.13467318687309,MSTL
2021-08-12 07:00:00,116.50748224220447,MSTL
2021-08-12 07:15:00,124.44575232149332,MSTL
2021-08-12 07:30:00,139.50556585303042,MSTL
2021-08-12 07:45:00,142.46982512114812,MSTL
2021-08-12 08:00:00,161.08401232274997,MSTL
2021-08-12 08:15:00,176.9619577120184,MSTL
2021-08-12 08:30:00,184.25707589129303,MSTL
2021-08-12 08:45:00,185.6477942114679,MSTL
2021-08-12 09:00:00,173.3784260553111,MSTL
2021-08-12 09:15:00,174.29159095590893,MSTL
2021-08-12 09:30:00,174.55497468111736,MSTL
2021-08-12 09:45:00,175.74614901791088,MSTL
2021-08-12 10:00:00,153.48704989088367,MSTL
2021-08-12 10:15:00,175.6322668955575,MSTL
2021-08-12 10:30:00,176.57287195025313,MSTL
2021-08-12 10:45:00,174.2550418876313,MSTL
2021-08-12 11:00:00,173.72885808319796,MSTL
2021-08-12 11:15:00,174.03863818597387,MSTL
2021-08-12 11:30:00,175.0149417322116,MSTL
2021-08-12 11:45:00,178.4538454502048,MSTL
2021-08-12 12:00:00,131.20712845152332,MSTL
2021-08-12 12:15:00,117.42268760702764,MSTL
2021-08-12 12:30:00,119.40727856706556,MSTL
2021-08-12 12:45:00,119.6118428379861,MSTL
2021-08-12 13:00:00,156.87594381688996,MSTL
2021-08-12 13:15:00,170.59134550468465,MSTL
2021-08-12 13:30:00,178.67597256832053,MSTL
2021-08-12 13:45:00,180.7860382380024,MSTL
2021-08-12 14:00:00,171.1651409294874,MSTL
2021-08-12 14:15:00,169.7013919659372,MSTL
2021-08-12 14:30:00,167.08177871814212,MSTL
2021-08-12 14:45:00,163.05593616386062,MSTL
2021-08-12 15:00:00,138.6014976956733,MSTL
2021-08-12 15:15:00,141.5220254801767,MSTL
2021-08-12 15:30:00,162.16390070020407,MSTL
2021-08-12 15:45:00,165.9325090967921,MSTL
2021-08-12 16:00:00,163.94971583782535,MSTL
2021-08-12 16:15:00,160.52718779479576,MSTL
2021-08-12 16:30:00,159.4552887535703,MSTL
2021-08-12 16:45:00,153.53379231312445,MSTL
2021-08-12 17:00:00,128.97433269790187,MSTL
2021-08-12 17:15:00,118.20202167979362,MSTL
2021-08-12 17:30:00,134.99700740911064,MSTL
2021-08-12 17:45:00,139.35705830508977,MSTL
2021-08-12 18:00:00,143.12040340001255,MSTL
2021-08-12 18:15:00,144.6143132581111,MSTL
2021-08-12 18:30:00,139.8013130385232,MSTL
2021-08-12 18:45:00,142.21501599144065,MSTL
2021-08-12 19:00:00,140.15817283792722,MSTL
2021-08-12 19:15:00,138.73484599847197,MSTL
2021-08-12 19:30:00,142.35093933576167,MSTL
2021-08-12 19:45:00,136.21856982120656,MSTL
2021-08-12 20:00:00,128.0511490522144,MSTL
2021-08-12 20:15:00,132.5223019992691,MSTL
2021-08-12 20:30:00,126.21139153804803,MSTL
2021-08-12 20:45:00,128.7741443724726,MSTL
2021-08-12 21:00:00,123.82452916479475,MSTL
2021-08-12 21:15:00,121.48542106327456,MSTL
2021-08-12 21:30:00,121.76862469538764,MSTL
2021-08-12 21:45:00,123.89080264704342,MSTL
2021-08-12 22:00:00,113.27957843488277,MSTL
2021-08-12 22:15:00,120.44368882070287,MSTL
2021-08-12 22:30:00,116.3145077645095,MSTL
2021-08-12 22:45:00,115.06845347453736,MSTL
2021-08-12 23:00:00,115.1612170733004,MSTL
2021-08-12 23:15:00,109.96749372975457,MSTL
2021-08-12 23:30:00,114.85454904644496,MSTL
2021-08-12 23:45:00,98.25714104338655,MSTL
2021-08-13 00:00:00,91.536513559953,MSTL
2021-08-13 00:15:00,89.72587443192745,MSTL
2021-08-13 00:30:00,86.64131466675873,MSTL
2021-08-13 00:45:00,84.27840790805185,MSTL
2021-08-13 01:00:00,107.89668925249244,MSTL
2021-08-13 01:15:00,109.45654066221896,MSTL
2021-08-13 01:30:00,108.39570636675886,MSTL
2021-08-13 01:45:00,105.34343781928986,MSTL
2021-08-13 02:00:00,107.39764335942796,MSTL
2021-08-13 02:15:00,110.2030011352892,MSTL
2021-08-13 02:30:00,108.17930078404042,MSTL
2021-08-13 02:45:00,112.35471899929485,MSTL
2021-08-13 03:00:00,100.39503220378155,MSTL
2021-08-13 03:15:00,112.53192259119552,MSTL
2021-08-13 03:30:00,108.20250755639144,MSTL
2021-08-13 03:45:00,109.33174805706572,MSTL
2021-08-13 04:00:00,108.4865480871097,MSTL
2021-08-13 04:15:00,109.07165650766198,MSTL
2021-08-13 04:30:00,107.72388250578744,MSTL
2021-08-13 04:45:00,104.37287676072737,MSTL
2021-08-13 05:00:00,92.62035297705911,MSTL
2021-08-13 05:15:00,86.49595036888095,MSTL
2021-08-13 05:30:00,101.44038872779907,MSTL
2021-08-13 05:45:00,105.35126348745786,MSTL
2021-08-13 06:00:00,109.46825676144805,MSTL
2021-08-13 06:15:00,111.74765066379688,MSTL
2021-08-13 06:30:00,110.92625021791534,MSTL
2021-08-13 06:45:00,115.44669579607188,MSTL
2021-08-13 07:00:00,114.06559413748758,MSTL
2021-08-13 07:15:00,121.22917431175372,MSTL
2021-08-13 07:30:00,147.2284001399397,MSTL
2021-08-13 07:45:00,147.37735447025014,MSTL
2021-08-13 08:00:00,161.52238254731134,MSTL
2021-08-13 08:15:00,181.7642493172882,MSTL
2021-08-13 08:30:00,188.54655315569545,MSTL
2021-08-13 08:45:00,184.1857361183797,MSTL
2021-08-13 09:00:00,177.54287225652624,MSTL
2021-08-13 09:15:00,167.58404882458117,MSTL
2021-08-13 09:30:00,172.8116522181174,MSTL
2021-08-13 09:45:00,174.23839167324576,MSTL
2021-08-13 10:00:00,148.53505324593883,MSTL
2021-08-13 10:15:00,174.02669364333863,MSTL
2021-08-13 10:30:00,173.25731362562055,MSTL
2021-08-13 10:45:00,172.4916144926405,MSTL
2021-08-13 11:00:00,168.8301191531127,MSTL
2021-08-13 11:15:00,171.15168484580346,MSTL
2021-08-13 11:30:00,180.2871387379643,MSTL
2021-08-13 11:45:00,180.06936180693654,MSTL
2021-08-13 12:00:00,128.82098783108276,MSTL
2021-08-13 12:15:00,111.60170758079164,MSTL
2021-08-13 12:30:00,114.6360713478142,MSTL
2021-08-13 12:45:00,118.13760937330564,MSTL
2021-08-13 13:00:00,155.53343980611794,MSTL
2021-08-13 13:15:00,168.39210974671562,MSTL
2021-08-13 13:30:00,175.23064618144124,MSTL
2021-08-13 13:45:00,180.43899867780115,MSTL
2021-08-13 14:00:00,171.01373865875738,MSTL
2021-08-13 14:15:00,163.95547727534785,MSTL
2021-08-13 14:30:00,172.2894832116989,MSTL
2021-08-13 14:45:00,168.9417742791815,MSTL
2021-08-13 15:00:00,133.11860352148992,MSTL
2021-08-13 15:15:00,139.22994584874516,MSTL
2021-08-13 15:30:00,167.3165430706172,MSTL
2021-08-13 15:45:00,171.37994478385033,MSTL
2021-08-13 16:00:00,170.77886360641543,MSTL
2021-08-13 16:15:00,167.21622450733247,MSTL
2021-08-13 16:30:00,160.46402936732773,MSTL
2021-08-13 16:45:00,158.57899666119607,MSTL
2021-08-13 17:00:00,125.91271468351326,MSTL
2021-08-13 17:15:00,118.75939791657018,MSTL
2021-08-13 17:30:00,152.5006416055384,MSTL
2021-08-13 17:45:00,159.01903272234784,MSTL
2021-08-13 18:00:00,159.08644744097336,MSTL
2021-08-13 18:15:00,152.24573529388732,MSTL
2021-08-13 18:30:00,153.22996675536112,MSTL
2021-08-13 18:45:00,148.88675625495912,MSTL
2021-08-13 19:00:00,140.40196228272185,MSTL
2021-08-13 19:15:00,133.42656342622797,MSTL
2021-08-13 19:30:00,127.7550717350351,MSTL
2021-08-13 19:45:00,112.23701174623928,MSTL
2021-08-13 20:00:00,103.43859656153644,MSTL
2021-08-13 20:15:00,109.68068172143887,MSTL
2021-08-13 20:30:00,112.19427484799505,MSTL
2021-08-13 20:45:00,112.2129120911058,MSTL
2021-08-13 21:00:00,108.22485778765495,MSTL
2021-08-13 21:15:00,104.38814289848412,MSTL
2021-08-13 21:30:00,101.66054151502712,MSTL
2021-08-13 21:45:00,106.34426536620133,MSTL
2021-08-13 22:00:00,98.52395205301636,MSTL
2021-08-13 22:15:00,104.83441800193414,MSTL
2021-08-13 22:30:00,105.19817935361992,MSTL
2021-08-13 22:45:00,99.44614955794664,MSTL
2021-08-13 23:00:00,100.96533085406732,MSTL
2021-08-13 23:15:00,100.30403381586288,MSTL
2021-08-13 23:30:00,101.04317998849952,MSTL
2021-08-13 23:45:00,80.38031357024384,MSTL
2021-08-14 00:00:00,70.66098517351821,MSTL
2021-08-14 00:15:00,67.4602497350766,MSTL
2021-08-14 00:30:00,66.10390283849644,MSTL
2021-08-14 00:45:00,65.38657394012293,MSTL
2021-08-14 01:00:00,84.90339122182036,MSTL
2021-08-14 01:15:00,86.75211331356462,MSTL
2021-08-14 01:30:00,85.11299572122536,MSTL
2021-08-14 01:45:00,84.72405433311044,MSTL
2021-08-14 02:00:00,87.60688102642581,MSTL
2021-08-14 02:15:00,88.47254133391144,MSTL
2021-08-14 02:30:00,83.8050137032798,MSTL
2021-08-14 02:45:00,82.99305944806139,MSTL
2021-08-14 03:00:00,78.23355747836003,MSTL
2021-08-14 03:15:00,85.95336550574736,MSTL
2021-08-14 03:30:00,86.2080584367879,MSTL
2021-08-14 03:45:00,86.70790764267039,MSTL
2021-08-14 04:00:00,90.45721779010492,MSTL
2021-08-14 04:15:00,85.05197542137364,MSTL
2021-08-14 04:30:00,85.92928015001785,MSTL
2021-08-14 04:45:00,84.36585677812806,MSTL
2021-08-14 05:00:00,69.52030208183622,MSTL
2021-08-14 05:15:00,62.74119053944939,MSTL
2021-08-14 05:30:00,77.07303678616942,MSTL
2021-08-14 05:45:00,82.5095585266136,MSTL
2021-08-14 06:00:00,86.30590520076787,MSTL
2021-08-14 06:15:00,84.0685216666765,MSTL
2021-08-14 06:30:00,82.49914739744187,MSTL
2021-08-14 06:45:00,81.80618339910512,MSTL
2021-08-14 07:00:00,80.91702319394523,MSTL
2021-08-14 07:15:00,72.55494207154658,MSTL
2021-08-14 07:30:00,59.92692440681328,MSTL
2021-08-14 07:45:00,50.31366424874259,MSTL
2021-08-14 08:00:00,52.17060723892708,MSTL
2021-08-14 08:15:00,57.04058208375017,MSTL
2021-08-14 08:30:00,60.61297744507646,MSTL
2021-08-14 08:45:00,56.999683796262495,MSTL
2021-08-14 09:00:00,54.42066114685184,MSTL
2021-08-14 09:15:00,49.56738366535836,MSTL
2021-08-14 09:30:00,48.76962537860424,MSTL
2021-08-14 09:45:00,49.91547732099865,MSTL
2021-08-14 10:00:00,50.95206012822021,MSTL
2021-08-14 10:15:00,56.170108064217935,MSTL
2021-08-14 10:30:00,51.98966504892954,MSTL
2021-08-14 10:45:00,48.11216292617861,MSTL
2021-08-14 11:00:00,48.88344593054372,MSTL
2021-08-14 11:15:00,48.03453214225467,MSTL
2021-08-14 11:30:00,51.54682863077286,MSTL
2021-08-14 11:45:00,54.05038431577683,MSTL
2021-08-14 12:00:00,47.093587353483706,MSTL
2021-08-14 12:15:00,43.83363414493271,MSTL
2021-08-14 12:30:00,45.91269350612884,MSTL
2021-08-14 12:45:00,43.826166201903966,MSTL
2021-08-14 13:00:00,46.87687974273523,MSTL
2021-08-14 13:15:00,44.404435902627725,MSTL
2021-08-14 13:30:00,51.89042465799,MSTL
2021-08-14 13:45:00,54.12823974781247,MSTL
2021-08-14 14:00:00,57.29149658418217,MSTL
2021-08-14 14:15:00,46.47505593871464,MSTL
2021-08-14 14:30:00,44.11262311972061,MSTL
2021-08-14 14:45:00,44.83930170653015,MSTL
2021-08-14 15:00:00,40.608585560484144,MSTL
2021-08-14 15:15:00,47.55106279707462,MSTL
2021-08-14 15:30:00,46.16046616174155,MSTL
2021-08-14 15:45:00,49.41596959289244,MSTL
2021-08-14 16:00:00,50.78010570678531,MSTL
2021-08-14 16:15:00,51.225057658929884,MSTL
2021-08-14 16:30:00,49.76791204819851,MSTL
2021-08-14 16:45:00,49.01219484965328,MSTL
2021-08-14 17:00:00,50.33236677456046,MSTL
2021-08-14 17:15:00,46.43785170584315,MSTL
2021-08-14 17:30:00,43.76678552347564,MSTL
2021-08-14 17:45:00,38.79731692944982,MSTL
2021-08-14 18:00:00,41.80510077450025,MSTL
2021-08-14 18:15:00,43.2610997206037,MSTL
2021-08-14 18:30:00,42.9470426824652,MSTL
2021-08-14 18:45:00,39.45703749126194,MSTL
2021-08-14 19:00:00,40.84617613401302,MSTL
2021-08-14 19:15:00,42.32333481217985,MSTL
2021-08-14 19:30:00,34.131127743043606,MSTL
2021-08-14 19:45:00,36.041447955357725,MSTL
2021-08-14 20:00:00,38.16372644593996,MSTL
2021-08-14 20:15:00,38.95909053855196,MSTL
2021-08-14 20:30:00,41.20489684158533,MSTL
2021-08-14 20:45:00,42.2239735328765,MSTL
2021-08-14 21:00:00,38.28695972034983,MSTL
2021-08-14 21:15:00,35.788836474371564,MSTL
2021-08-14 21:30:00,34.79028486008215,MSTL
2021-08-14 21:45:00,38.17441649718023,MSTL
2021-08-14 22:00:00,40.74418088911709,MSTL
2021-08-14 22:15:00,37.44479555038755,MSTL
2021-08-14 22:30:00,40.00553989850973,MSTL
2021-08-14 22:45:00,38.98986319092393,MSTL
2021-08-14 23:00:00,36.81463288834389,MSTL
2021-08-14 23:15:00,31.91346012555418,MSTL
2021-08-14 23:30:00,35.155774225668765,MSTL
2021-08-14 23:45:00,29.966297219768748,MSTL
2021-08-15 00:00:00,29.957268232802942,MSTL
2021-08-15 00:15:00,29.807237688485984,MSTL
2021-08-15 00:30:00,28.64736837981596,MSTL
2021-08-15 00:45:00,26.397556568287243,MSTL
2021-08-15 01:00:00,33.95334291564008,MSTL
2021-08-15 01:15:00,32.23097781425041,MSTL
2021-08-15 01:30:00,32.1789595664372,MSTL
2021-08-15 01:45:00,32.690119595931165,MSTL
2021-08-15 02:00:00,34.52033894619832,MSTL
2021-08-15 02:15:00,36.32232323407857,MSTL
2021-08-15 02:30:00,33.561633423731735,MSTL
2021-08-15 02:45:00,34.98201286622097,MSTL
2021-08-15 03:00:00,34.546206068957375,MSTL
2021-08-15 03:15:00,34.332218378892435,MSTL
2021-08-15 03:30:00,31.782209622940343,MSTL
2021-08-15 03:45:00,30.97851494145505,MSTL
2021-08-15 04:00:00,34.46478337780863,MSTL
2021-08-15 04:15:00,34.04054389032876,MSTL
2021-08-15 04:30:00,34.27923158623774,MSTL
2021-08-15 04:45:00,33.888305881772865,MSTL
2021-08-15 05:00:00,28.66402977926853,MSTL
2021-08-15 05:15:00,28.006091153084142,MSTL
2021-08-15 05:30:00,31.21983958786936,MSTL
2021-08-15 05:45:00,29.964865486265865,MSTL
2021-08-15 06:00:00,32.58527032227802,MSTL
2021-08-15 06:15:00,34.98503166923997,MSTL
2021-08-15 06:30:00,31.86868658013873,MSTL
2021-08-15 06:45:00,33.16604578968739,MSTL
2021-08-15 07:00:00,32.98909280910465,MSTL
2021-08-15 07:15:00,32.04439503255284,MSTL
2021-08-15 07:30:00,34.31109588240315,MSTL
2021-08-15 07:45:00,35.97708653030607,MSTL
2021-08-15 08:00:00,41.03019788175283,MSTL
2021-08-15 08:15:00,46.63353338120667,MSTL
2021-08-15 08:30:00,49.493454251830535,MSTL
2021-08-15 08:45:00,46.504002539333,MSTL
2021-08-15 09:00:00,43.43744758122942,MSTL
2021-08-15 09:15:00,39.845552343591606,MSTL
2021-08-15 09:30:00,38.709449584223336,MSTL
2021-08-15 09:45:00,39.83460059585375,MSTL
2021-08-15 10:00:00,39.25433567867879,MSTL
2021-08-15 10:15:00,44.395031738364494,MSTL
2021-08-15 10:30:00,42.02609866890483,MSTL
2021-08-15 10:45:00,38.534587530607496,MSTL
2021-08-15 11:00:00,37.14368037095996,MSTL
2021-08-15 11:15:00,38.11807842979347,MSTL
2021-08-15 11:30:00,43.06234191867632,MSTL
2021-08-15 11:45:00,44.584933628631696,MSTL
2021-08-15 12:00:00,36.77674304221096,MSTL
2021-08-15 12:15:00,33.130846027418855,MSTL
2021-08-15 12:30:00,34.59416117690243,MSTL
2021-08-15 12:45:00,33.21350629488951,MSTL
2021-08-15 13:00:00,37.14854129664372,MSTL
2021-08-15 13:15:00,36.518873359201415,MSTL
2021-08-15 13:30:00,43.380785998040885,MSTL
2021-08-15 13:45:00,45.25555233829133,MSTL
2021-08-15 14:00:00,48.55380271899831,MSTL
2021-08-15 14:15:00,40.09502687872727,MSTL
2021-08-15 14:30:00,38.67690975590853,MSTL
2021-08-15 14:45:00,38.26766888682821,MSTL
2021-08-15 15:00:00,31.659307932332297,MSTL
2021-08-15 15:15:00,37.73339213374613,MSTL
2021-08-15 15:30:00,40.414377690596446,MSTL
2021-08-15 15:45:00,42.64387404492175,MSTL
2021-08-15 16:00:00,43.34574695501974,MSTL
2021-08-15 16:15:00,43.349742045276194,MSTL
2021-08-15 16:30:00,42.43151874970159,MSTL
2021-08-15 16:45:00,42.55356934997257,MSTL
2021-08-15 17:00:00,41.29277346660496,MSTL
2021-08-15 17:15:00,37.3194431993553,MSTL
2021-08-15 17:30:00,36.70454987737561,MSTL
2021-08-15 17:45:00,35.31030810604649,MSTL
2021-08-15 18:00:00,37.72982701236424,MSTL
2021-08-15 18:15:00,36.629606452471016,MSTL
2021-08-15 18:30:00,36.75560421501329,MSTL
2021-08-15 18:45:00,33.32878270537151,MSTL
2021-08-15 19:00:00,35.68492895047045,MSTL
2021-08-15 19:15:00,36.14314579014919,MSTL
2021-08-15 19:30:00,29.06682522592095,MSTL
2021-08-15 19:45:00,30.566535060283,MSTL
2021-08-15 20:00:00,31.65425784138489,MSTL
2021-08-15 20:15:00,33.75239484470154,MSTL
2021-08-15 20:30:00,34.84291462338115,MSTL
2021-08-15 20:45:00,35.82892567195685,MSTL
2021-08-15 21:00:00,33.31596129342249,MSTL
2021-08-15 21:15:00,31.8453647663691,MSTL
2021-08-15 21:30:00,29.29594825772699,MSTL
2021-08-15 21:45:00,32.863208365728696,MSTL
2021-08-15 22:00:00,33.67328554164615,MSTL
2021-08-15 22:15:00,31.44854998607923,MSTL
2021-08-15 22:30:00,33.68360620260435,MSTL
2021-08-15 22:45:00,34.12341708375446,MSTL
2021-08-15 23:00:00,31.899889274746528,MSTL
2021-08-15 23:15:00,28.444740189078885,MSTL
2021-08-15 23:30:00,29.85207451415654,MSTL
2021-08-15 23:45:00,25.0896522179398,MSTL
2021-08-16 00:00:00,27.14888060297021,MSTL
2021-08-16 00:15:00,27.03939989118992,MSTL
2021-08-16 00:30:00,27.020969254358818,MSTL
2021-08-16 00:45:00,24.3736485566062,MSTL
2021-08-16 01:00:00,28.822248632134414,MSTL
2021-08-16 01:15:00,28.561298464439474,MSTL
2021-08-16 01:30:00,29.77164375174489,MSTL
2021-08-16 01:45:00,30.044376520830284,MSTL
2021-08-16 02:00:00,31.6917190955828,MSTL
2021-08-16 02:15:00,33.25413439992697,MSTL
2021-08-16 02:30:00,31.441194878287877,MSTL
2021-08-16 02:45:00,33.08321192582629,MSTL
2021-08-16 03:00:00,32.788379254380715,MSTL
2021-08-16 03:15:00,31.942067081618603,MSTL
2021-08-16 03:30:00,29.52335623583592,MSTL
2021-08-16 03:45:00,30.800781379315023,MSTL
2021-08-16 04:00:00,33.34838403001203,MSTL
2021-08-16 04:15:00,31.27058107446919,MSTL
2021-08-16 04:30:00,31.529435413509034,MSTL
2021-08-16 04:45:00,30.982701351545373,MSTL
2021-08-16 05:00:00,26.82858810564339,MSTL
2021-08-16 05:15:00,26.160234206414643,MSTL
2021-08-16 05:30:00,28.319120711963865,MSTL
2021-08-16 05:45:00,27.82811288122932,MSTL
2021-08-16 06:00:00,31.516481452490098,MSTL
2021-08-16 06:15:00,33.18098745182529,MSTL
2021-08-16 06:30:00,29.79275654793416,MSTL
2021-08-16 06:45:00,32.889336867981186,MSTL
2021-08-16 07:00:00,35.65253775711352,MSTL
2021-08-16 07:15:00,47.13533772569529,MSTL
2021-08-16 07:30:00,74.0343092392274,MSTL
2021-08-16 07:45:00,109.20377529429312,MSTL
2021-08-16 08:00:00,150.24539140929073,MSTL
2021-08-16 08:15:00,181.530434339002,MSTL
2021-08-16 08:30:00,187.6616851069798,MSTL
2021-08-16 08:45:00,177.43285129659364,MSTL
2021-08-16 09:00:00,170.93133104557495,MSTL
2021-08-16 09:15:00,162.6778217457053,MSTL
2021-08-16 09:30:00,165.9968290109577,MSTL
2021-08-16 09:45:00,165.8153449988307,MSTL
2021-08-16 10:00:00,139.75754524381873,MSTL
2021-08-16 10:15:00,173.40547815788435,MSTL
2021-08-16 10:30:00,172.99383644222644,MSTL
2021-08-16 10:45:00,171.08523577255778,MSTL
2021-08-16 11:00:00,169.09911491507563,MSTL
2021-08-16 11:15:00,170.8629091372702,MSTL
2021-08-16 11:30:00,170.371055389327,MSTL
2021-08-16 11:45:00,167.89211342783068,MSTL
2021-08-16 12:00:00,121.4791807029176,MSTL
2021-08-16 12:15:00,102.63116473336493,MSTL
2021-08-16 12:30:00,101.23521584219682,MSTL
2021-08-16 12:45:00,100.57239958556306,MSTL
2021-08-16 13:00:00,138.97451104508926,MSTL
2021-08-16 13:15:00,157.1924875009339,MSTL
2021-08-16 13:30:00,170.24218907916196,MSTL
2021-08-16 13:45:00,167.38125464735867,MSTL
2021-08-16 14:00:00,169.76567445027365,MSTL
2021-08-16 14:15:00,164.48512640056407,MSTL
2021-08-16 14:30:00,164.296470857952,MSTL
2021-08-16 14:45:00,159.17041070233225,MSTL
2021-08-16 15:00:00,125.08673700334194,MSTL
2021-08-16 15:15:00,131.75308087215396,MSTL
2021-08-16 15:30:00,164.81689785200854,MSTL
2021-08-16 15:45:00,170.51231624591014,MSTL
2021-08-16 16:00:00,164.8312985850915,MSTL
2021-08-16 16:15:00,159.67979468238377,MSTL
2021-08-16 16:30:00,161.9615845130363,MSTL
2021-08-16 16:45:00,158.60898474595257,MSTL
2021-08-16 17:00:00,129.81796221445143,MSTL
2021-08-16 17:15:00,113.13777410185378,MSTL
2021-08-16 17:30:00,132.9913565970776,MSTL
2021-08-16 17:45:00,141.37125766444603,MSTL
2021-08-16 18:00:00,144.4017723470447,MSTL
2021-08-16 18:15:00,136.93562304342265,MSTL
2021-08-16 18:30:00,136.72409530085426,MSTL
2021-08-16 18:45:00,128.68661780223852,MSTL
2021-08-16 19:00:00,131.59932345794178,MSTL
2021-08-16 19:15:00,135.88786372916115,MSTL
2021-08-16 19:30:00,124.17103765099912,MSTL
2021-08-16 19:45:00,104.97612032154257,MSTL
2021-08-16 20:00:00,97.05663514565676,MSTL
2021-08-16 20:15:00,104.19551863211178,MSTL
2021-08-16 20:30:00,112.5929643210698,MSTL
2021-08-16 20:45:00,111.0803106259756,MSTL
2021-08-16 21:00:00,106.35338186937288,MSTL
2021-08-16 21:15:00,107.1134197522187,MSTL
2021-08-16 21:30:00,102.97447482074128,MSTL
2021-08-16 21:45:00,100.9730470729848,MSTL
2021-08-16 22:00:00,93.01495677266966,MSTL
2021-08-16 22:15:00,99.28919536365932,MSTL
2021-08-16 22:30:00,103.68703478812476,MSTL
2021-08-16 22:45:00,104.46763952566612,MSTL
2021-08-16 23:00:00,101.8375837154691,MSTL
2021-08-16 23:15:00,97.1604962154393,MSTL
2021-08-16 23:30:00,91.42009619291252,MSTL
2021-08-16 23:45:00,69.2550735252731,MSTL
2021-08-17 00:00:00,75.00368776714939,MSTL
2021-08-17 00:15:00,72.31067539205165,MSTL
2021-08-17 00:30:00,70.26244882575438,MSTL
2021-08-17 00:45:00,68.06194776375631,MSTL
2021-08-17 01:00:00,91.10684349564072,MSTL
2021-08-17 01:15:00,102.65877531130933,MSTL
2021-08-17 01:30:00,106.39443439272809,MSTL
2021-08-17 01:45:00,103.88105669565724,MSTL
2021-08-17 02:00:00,107.30958272278018,MSTL
2021-08-17 02:15:00,108.53059579275605,MSTL
2021-08-17 02:30:00,107.40980218572749,MSTL
2021-08-17 02:45:00,105.6805566769271,MSTL
2021-08-17 03:00:00,93.9507970810435,MSTL
2021-08-17 03:15:00,104.8063627693006,MSTL
2021-08-17 03:30:00,108.48988749244664,MSTL
2021-08-17 03:45:00,106.62541819961189,MSTL
2021-08-17 04:00:00,109.49132802611892,MSTL
2021-08-17 04:15:00,107.94996872810697,MSTL
2021-08-17 04:30:00,107.15386316700476,MSTL
2021-08-17 04:45:00,102.45051572695203,MSTL
2021-08-17 05:00:00,85.24918296003275,MSTL
2021-08-17 05:15:00,80.59176037339336,MSTL
2021-08-17 05:30:00,94.32444864190973,MSTL
2021-08-17 05:45:00,103.84785269455972,MSTL
2021-08-17 06:00:00,107.428944534613,MSTL
2021-08-17 06:15:00,108.78998110315578,MSTL
2021-08-17 06:30:00,104.88621158599818,MSTL
2021-08-17 06:45:00,103.13151867945108,MSTL
2021-08-17 07:00:00,106.11520228373108,MSTL
2021-08-17 07:15:00,116.6488974828388,MSTL
2021-08-17 07:30:00,134.7111215401218,MSTL
2021-08-17 07:45:00,143.44766233270633,MSTL
2021-08-17 08:00:00,163.63643749589244,MSTL
2021-08-17 08:15:00,185.33843735616088,MSTL
2021-08-17 08:30:00,191.3412017718313,MSTL
2021-08-17 08:45:00,185.89462779608775,MSTL
2021-08-17 09:00:00,178.11626777161626,MSTL
2021-08-17 09:15:00,174.83376656733972,MSTL
2021-08-17 09:30:00,177.29057904143394,MSTL
2021-08-17 09:45:00,180.35393714392268,MSTL
2021-08-17 10:00:00,144.5281318251322,MSTL
2021-08-17 10:15:00,177.8174866332946,MSTL
2021-08-17 10:30:00,180.21570967326377,MSTL
2021-08-17 10:45:00,176.24809564298815,MSTL
2021-08-17 11:00:00,174.1038657593348,MSTL
2021-08-17 11:15:00,177.8837029016075,MSTL
2021-08-17 11:30:00,180.7770043648333,MSTL
2021-08-17 11:45:00,181.09159297036305,MSTL
2021-08-17 12:00:00,124.40019669987628,MSTL
2021-08-17 12:15:00,104.80242409708396,MSTL
2021-08-17 12:30:00,104.65225464987957,MSTL
2021-08-17 12:45:00,108.21804436436156,MSTL
2021-08-17 13:00:00,152.8699823804954,MSTL
2021-08-17 13:15:00,169.65869673630942,MSTL
2021-08-17 13:30:00,174.85814831147698,MSTL
2021-08-17 13:45:00,179.49296005914326,MSTL
2021-08-17 14:00:00,182.43908303515585,MSTL
2021-08-17 14:15:00,169.61156040949604,MSTL
2021-08-17 14:30:00,168.6398316726923,MSTL
2021-08-17 14:45:00,169.22737103156675,MSTL
2021-08-17 15:00:00,134.3252394111549,MSTL
2021-08-17 15:15:00,145.41114896037314,MSTL
2021-08-17 15:30:00,168.98520956584014,MSTL
2021-08-17 15:45:00,176.47594385685755,MSTL
2021-08-17 16:00:00,171.8623824779848,MSTL
2021-08-17 16:15:00,168.5552125084087,MSTL
2021-08-17 16:30:00,159.87595453102992,MSTL
2021-08-17 16:45:00,162.32202300815925,MSTL
2021-08-17 17:00:00,124.86555927733008,MSTL
2021-08-17 17:15:00,113.05364830614964,MSTL
2021-08-17 17:30:00,139.79423650215006,MSTL
2021-08-17 17:45:00,148.94579790613508,MSTL
2021-08-17 18:00:00,152.87874784823808,MSTL
2021-08-17 18:15:00,154.8860864277886,MSTL
2021-08-17 18:30:00,151.58739880177663,MSTL
2021-08-17 18:45:00,153.5481035269531,MSTL
2021-08-17 19:00:00,153.77692060813027,MSTL
2021-08-17 19:15:00,151.37746877099926,MSTL
2021-08-17 19:30:00,148.4893837187695,MSTL
2021-08-17 19:45:00,138.12850073919734,MSTL
2021-08-17 20:00:00,124.2194992996058,MSTL
2021-08-17 20:15:00,130.52444286524474,MSTL
2021-08-17 20:30:00,128.5288618948591,MSTL
2021-08-17 20:45:00,128.75342427000115,MSTL
2021-08-17 21:00:00,126.40771725237698,MSTL
2021-08-17 21:15:00,122.19771638607128,MSTL
2021-08-17 21:30:00,124.14978659821416,MSTL
2021-08-17 21:45:00,127.16819365260562,MSTL
2021-08-17 22:00:00,110.4118010808214,MSTL
2021-08-17 22:15:00,115.64149860777214,MSTL
2021-08-17 22:30:00,112.41221588525111,MSTL
2021-08-17 22:45:00,115.95974545629744,MSTL
2021-08-17 23:00:00,114.12997390087342,MSTL
2021-08-17 23:15:00,111.03770202488622,MSTL
2021-08-17 23:30:00,111.05987689401536,MSTL
2021-08-17 23:45:00,91.31929339080456,MSTL
2021-08-18 00:00:00,80.21431239509184,MSTL
2021-08-18 00:15:00,76.05074173098774,MSTL
2021-08-18 00:30:00,73.18948399582528,MSTL
2021-08-18 00:45:00,69.38434095104395,MSTL
2021-08-18 01:00:00,93.54061849727545,MSTL
2021-08-18 01:15:00,101.53631575834363,MSTL
2021-08-18 01:30:00,103.7604674037802,MSTL
2021-08-18 01:45:00,103.0690079147502,MSTL
2021-08-18 02:00:00,101.10358418755072,MSTL
2021-08-18 02:15:00,105.44070122215102,MSTL
2021-08-18 02:30:00,106.10273855698595,MSTL
2021-08-18 02:45:00,106.5285477835818,MSTL
2021-08-18 03:00:00,94.71342246754922,MSTL
2021-08-18 03:15:00,104.4278392698718,MSTL
2021-08-18 03:30:00,104.8778501875091,MSTL
2021-08-18 03:45:00,104.4116315665374,MSTL
2021-08-18 04:00:00,101.7981726003122,MSTL
2021-08-18 04:15:00,106.75852289711342,MSTL
2021-08-18 04:30:00,105.99067543265292,MSTL
2021-08-18 04:45:00,103.48937869745824,MSTL
2021-08-18 05:00:00,84.04948036287874,MSTL
2021-08-18 05:15:00,77.48157482194853,MSTL
2021-08-18 05:30:00,93.871371030895,MSTL
2021-08-18 05:45:00,104.48581675132422,MSTL
2021-08-18 06:00:00,107.5088772524694,MSTL
2021-08-18 06:15:00,104.98364282149709,MSTL
2021-08-18 06:30:00,106.73275171107944,MSTL
2021-08-18 06:45:00,109.21805319935235,MSTL
2021-08-18 07:00:00,106.68597488446476,MSTL
2021-08-18 07:15:00,114.71650401124435,MSTL
2021-08-18 07:30:00,138.94772044727432,MSTL
2021-08-18 07:45:00,142.80327712624964,MSTL
2021-08-18 08:00:00,159.22940691211332,MSTL
2021-08-18 08:15:00,180.5971428715717,MSTL
2021-08-18 08:30:00,187.25223189751904,MSTL
2021-08-18 08:45:00,185.4364464663297,MSTL
2021-08-18 09:00:00,173.75143389711553,MSTL
2021-08-18 09:15:00,173.5154738963583,MSTL
2021-08-18 09:30:00,174.44152520066302,MSTL
2021-08-18 09:45:00,176.84759042259446,MSTL
2021-08-18 10:00:00,142.59304749836718,MSTL
2021-08-18 10:15:00,173.15844631133172,MSTL
2021-08-18 10:30:00,168.53447117268797,MSTL
2021-08-18 10:45:00,162.51844811479606,MSTL
2021-08-18 11:00:00,163.61859976865588,MSTL
2021-08-18 11:15:00,170.13622259884465,MSTL
2021-08-18 11:30:00,176.4047844427959,MSTL
2021-08-18 11:45:00,178.38381874630022,MSTL
2021-08-18 12:00:00,121.63527034854307,MSTL
2021-08-18 12:15:00,100.70601369007368,MSTL
2021-08-18 12:30:00,100.2011764339854,MSTL
2021-08-18 12:45:00,107.10175776066522,MSTL
2021-08-18 13:00:00,154.23390155679516,MSTL
2021-08-18 13:15:00,164.13021203027188,MSTL
2021-08-18 13:30:00,171.64338401208877,MSTL
2021-08-18 13:45:00,177.02326674215516,MSTL
2021-08-18 14:00:00,180.1213113797378,MSTL
2021-08-18 14:15:00,168.4174951996887,MSTL
2021-08-18 14:30:00,165.883253844668,MSTL
2021-08-18 14:45:00,163.3414720220294,MSTL
2021-08-18 15:00:00,122.60779799693034,MSTL
2021-08-18 15:15:00,135.50124143138305,MSTL
2021-08-18 15:30:00,158.48645329950875,MSTL
2021-08-18 15:45:00,152.22840658831973,MSTL
2021-08-18 16:00:00,156.07912092778687,MSTL
2021-08-18 16:15:00,152.3775674325391,MSTL
2021-08-18 16:30:00,153.46301001221877,MSTL
2021-08-18 16:45:00,154.49429255178222,MSTL
2021-08-18 17:00:00,118.96871932349742,MSTL
2021-08-18 17:15:00,102.00268226248306,MSTL
2021-08-18 17:30:00,139.10570251918355,MSTL
2021-08-18 17:45:00,151.05629463813813,MSTL
2021-08-18 18:00:00,154.07765362787558,MSTL
2021-08-18 18:15:00,151.40421115960802,MSTL
2021-08-18 18:30:00,148.70627861482555,MSTL
2021-08-18 18:45:00,150.4057588095465,MSTL
2021-08-18 19:00:00,145.59458100545422,MSTL
2021-08-18 19:15:00,138.51404992500443,MSTL
2021-08-18 19:30:00,131.99855239728257,MSTL
2021-08-18 19:45:00,115.26792048119944,MSTL
2021-08-18 20:00:00,105.58804678764837,MSTL
2021-08-18 20:15:00,114.070199236605,MSTL
2021-08-18 20:30:00,111.69448863969296,MSTL
2021-08-18 20:45:00,109.20519590957582,MSTL
2021-08-18 21:00:00,108.8109647143694,MSTL
2021-08-18 21:15:00,102.82101784363272,MSTL
2021-08-18 21:30:00,103.47514453413484,MSTL
2021-08-18 21:45:00,104.91185155386664,MSTL
2021-08-18 22:00:00,89.96300063472974,MSTL
2021-08-18 22:15:00,102.91012909809064,MSTL
2021-08-18 22:30:00,104.25156410948536,MSTL
2021-08-18 22:45:00,104.84699729839224,MSTL
2021-08-18 23:00:00,103.0952774289495,MSTL
2021-08-18 23:15:00,100.0881151473152,MSTL
2021-08-18 23:30:00,98.10268074813628,MSTL
2021-08-18 23:45:00,79.65830595444368,MSTL
2021-08-19 00:00:00,81.41904014336743,MSTL
2021-08-19 00:15:00,79.74429459792812,MSTL
2021-08-19 00:30:00,78.23763538747411,MSTL
2021-08-19 00:45:00,75.7872971717962,MSTL
2021-08-19 01:00:00,98.30440716088631,MSTL
2021-08-19 01:15:00,107.1350149118622,MSTL
2021-08-19 01:30:00,112.81541732098468,MSTL
2021-08-19 01:45:00,116.35332973433336,MSTL
2021-08-19 02:00:00,112.17329623134356,MSTL
2021-08-19 02:15:00,117.36857665191798,MSTL
2021-08-19 02:30:00,118.12277988895256,MSTL
2021-08-19 02:45:00,111.72999619960204,MSTL
2021-08-19 03:00:00,97.13345879810755,MSTL
2021-08-19 03:15:00,110.5903515236553,MSTL
2021-08-19 03:30:00,113.03984254676408,MSTL
2021-08-19 03:45:00,112.7977865038483,MSTL
2021-08-19 04:00:00,111.07056320254269,MSTL
2021-08-19 04:15:00,111.01038432363718,MSTL
2021-08-19 04:30:00,113.14543731280516,MSTL
2021-08-19 04:45:00,108.84117307574476,MSTL
2021-08-19 05:00:00,89.3756401136872,MSTL
2021-08-19 05:15:00,82.61487863657872,MSTL
2021-08-19 05:30:00,100.63584080635484,MSTL
2021-08-19 05:45:00,112.56847038516742,MSTL
2021-08-19 06:00:00,114.79401621564948,MSTL
2021-08-19 06:15:00,116.04722128843756,MSTL
2021-08-19 06:30:00,113.6956436013013,MSTL
2021-08-19 06:45:00,114.3861768070734,MSTL
2021-08-19 07:00:00,113.13677093785924,MSTL
2021-08-19 07:15:00,121.32794906735262,MSTL
2021-08-19 07:30:00,143.86553737017238,MSTL
2021-08-19 07:45:00,150.44161427857054,MSTL
2021-08-19 08:00:00,168.11897280347836,MSTL
2021-08-19 08:15:00,185.58713611446245,MSTL
2021-08-19 08:30:00,188.2653369057909,MSTL
2021-08-19 08:45:00,188.9991586961295,MSTL
2021-08-19 09:00:00,182.23474752000948,MSTL
2021-08-19 09:15:00,187.63196645720083,MSTL
2021-08-19 09:30:00,184.70037335072223,MSTL
2021-08-19 09:45:00,178.22083918202688,MSTL
2021-08-19 10:00:00,147.13844621953265,MSTL
2021-08-19 10:15:00,177.50080839131186,MSTL
2021-08-19 10:30:00,178.10738264347043,MSTL
2021-08-19 10:45:00,182.8563898534339,MSTL
2021-08-19 11:00:00,179.15004029716135,MSTL
2021-08-19 11:15:00,179.0070599727579,MSTL
2021-08-19 11:30:00,189.1161546196249,MSTL
2021-08-19 11:45:00,189.6591681268048,MSTL
2021-08-19 12:00:00,124.72264617623938,MSTL
2021-08-19 12:15:00,108.07353713728791,MSTL
2021-08-19 12:30:00,109.48776414236592,MSTL
2021-08-19 12:45:00,118.69042052376064,MSTL
2021-08-19 13:00:00,166.21859556374054,MSTL
2021-08-19 13:15:00,173.28543596610842,MSTL
2021-08-19 13:30:00,183.4468509045026,MSTL
2021-08-19 13:45:00,182.9616805089704,MSTL
2021-08-19 14:00:00,179.24502748507297,MSTL
2021-08-19 14:15:00,175.7188210319768,MSTL
2021-08-19 14:30:00,181.47151477964323,MSTL
2021-08-19 14:45:00,177.505110149455,MSTL
2021-08-19 15:00:00,137.3799756819579,MSTL
2021-08-19 15:15:00,157.11837908679598,MSTL
2021-08-19 15:30:00,177.05034310309068,MSTL
2021-08-19 15:45:00,181.04212554976965,MSTL
2021-08-19 16:00:00,168.16298433908423,MSTL
2021-08-19 16:15:00,162.62213138745952,MSTL
2021-08-19 16:30:00,161.00533450900534,MSTL
2021-08-19 16:45:00,154.89954168189695,MSTL
2021-08-19 17:00:00,120.3022739826037,MSTL
2021-08-19 17:15:00,106.29899009771684,MSTL
2021-08-19 17:30:00,139.50944985634047,MSTL
2021-08-19 17:45:00,151.37502211878785,MSTL
2021-08-19 18:00:00,154.7596534552059,MSTL
2021-08-19 18:15:00,159.4905316200534,MSTL
2021-08-19 18:30:00,160.50379451579266,MSTL
2021-08-19 18:45:00,154.11648821186412,MSTL
2021-08-19 19:00:00,155.41017392370082,MSTL
2021-08-19 19:15:00,156.75592616056312,MSTL
2021-08-19 19:30:00,151.06984062165486,MSTL
2021-08-19 19:45:00,138.07965579957062,MSTL
2021-08-19 20:00:00,127.9905397308421,MSTL
2021-08-19 20:15:00,131.95068061461654,MSTL
2021-08-19 20:30:00,129.32642528057556,MSTL
2021-08-19 20:45:00,130.58593111451015,MSTL
2021-08-19 21:00:00,123.60200342127736,MSTL
2021-08-19 21:15:00,123.87941540493276,MSTL
2021-08-19 21:30:00,125.88762062589178,MSTL
2021-08-19 21:45:00,124.00731219784564,MSTL
2021-08-19 22:00:00,110.32922565602408,MSTL
2021-08-19 22:15:00,123.36407710540884,MSTL
2021-08-19 22:30:00,124.19341857784993,MSTL
2021-08-19 22:45:00,121.69604682776578,MSTL
2021-08-19 23:00:00,121.13848034367378,MSTL
2021-08-19 23:15:00,115.72215357246682,MSTL
2021-08-19 23:30:00,114.029718323849,MSTL
2021-08-19 23:45:00,96.87168851975102,MSTL
2021-08-20 00:00:00,84.30747696654097,MSTL
2021-08-20 00:15:00,79.82676149255916,MSTL
2021-08-20 00:30:00,77.68600709168675,MSTL
2021-08-20 00:45:00,76.77356454295852,MSTL
2021-08-20 01:00:00,99.13276392444554,MSTL
2021-08-20 01:15:00,107.91906015225952,MSTL
2021-08-20 01:30:00,112.77705270122308,MSTL
2021-08-20 01:45:00,114.26125677238542,MSTL
2021-08-20 02:00:00,115.2416614662996,MSTL
2021-08-20 02:15:00,115.78370926603606,MSTL
2021-08-20 02:30:00,113.608775878186,MSTL
2021-08-20 02:45:00,119.9009675014034,MSTL
2021-08-20 03:00:00,103.85383992370086,MSTL
2021-08-20 03:15:00,113.05581277795773,MSTL
2021-08-20 03:30:00,115.95438972024716,MSTL
2021-08-20 03:45:00,114.30304346250874,MSTL
2021-08-20 04:00:00,111.38598470632172,MSTL
2021-08-20 04:15:00,110.6103503270574,MSTL
2021-08-20 04:30:00,109.23844175948209,MSTL
2021-08-20 04:45:00,107.9203797172443,MSTL
2021-08-20 05:00:00,89.22899398203215,MSTL
2021-08-20 05:15:00,82.75624966586713,MSTL
2021-08-20 05:30:00,102.83208244551568,MSTL
2021-08-20 05:45:00,111.72422960077796,MSTL
2021-08-20 06:00:00,113.55618603630772,MSTL
2021-08-20 06:15:00,116.06011747510765,MSTL
2021-08-20 06:30:00,112.03111740588456,MSTL
2021-08-20 06:45:00,111.72860645679552,MSTL
2021-08-20 07:00:00,109.67898861556652,MSTL
2021-08-20 07:15:00,123.63072100050276,MSTL
2021-08-20 07:30:00,152.3632657473305,MSTL
2021-08-20 07:45:00,156.47887029275006,MSTL
2021-08-20 08:00:00,172.4035855507742,MSTL
2021-08-20 08:15:00,185.52572898991556,MSTL
2021-08-20 08:30:00,187.5143783270516,MSTL
2021-08-20 08:45:00,177.70546305758452,MSTL
2021-08-20 09:00:00,178.0414082614407,MSTL
2021-08-20 09:15:00,179.96444232935073,MSTL
2021-08-20 09:30:00,182.83527111387772,MSTL
2021-08-20 09:45:00,179.7569669411683,MSTL
2021-08-20 10:00:00,140.50912019002556,MSTL
2021-08-20 10:15:00,173.76307103051488,MSTL
2021-08-20 10:30:00,173.883354708765,MSTL
2021-08-20 10:45:00,178.85316328989802,MSTL
2021-08-20 11:00:00,175.55329504107863,MSTL
2021-08-20 11:15:00,178.69092792926148,MSTL
2021-08-20 11:30:00,188.5264664487884,MSTL
2021-08-20 11:45:00,183.8968071656937,MSTL
2021-08-20 12:00:00,122.74768359278306,MSTL
2021-08-20 12:15:00,102.77427827179928,MSTL
2021-08-20 12:30:00,103.11854915687154,MSTL
2021-08-20 12:45:00,121.88217273750024,MSTL
2021-08-20 13:00:00,168.64589298628795,MSTL
2021-08-20 13:15:00,181.1940747968291,MSTL
2021-08-20 13:30:00,176.00955623549424,MSTL
2021-08-20 13:45:00,176.20589755137797,MSTL
2021-08-20 14:00:00,176.5357935821782,MSTL
2021-08-20 14:15:00,172.0785602573095,MSTL
2021-08-20 14:30:00,178.16086250910928,MSTL
2021-08-20 14:45:00,181.41971483726192,MSTL
2021-08-20 15:00:00,138.47325779138657,MSTL
2021-08-20 15:15:00,160.96178754243593,MSTL
2021-08-20 15:30:00,179.21016834581644,MSTL
2021-08-20 15:45:00,179.66061254489222,MSTL
2021-08-20 16:00:00,174.24904690020787,MSTL
2021-08-20 16:15:00,172.0800019820063,MSTL
2021-08-20 16:30:00,160.0795644020396,MSTL
2021-08-20 16:45:00,158.66109647720842,MSTL
2021-08-20 17:00:00,119.98990899970798,MSTL
2021-08-20 17:15:00,112.51234465745632,MSTL
2021-08-20 17:30:00,155.6267305152279,MSTL
2021-08-20 17:45:00,168.68486141145274,MSTL
2021-08-20 18:00:00,163.63562827629406,MSTL
2021-08-20 18:15:00,158.2499943170538,MSTL
2021-08-20 18:30:00,165.06010669585092,MSTL
2021-08-20 18:45:00,158.64250992230757,MSTL
2021-08-20 19:00:00,151.27483817377674,MSTL
2021-08-20 19:15:00,141.04514862177317,MSTL
2021-08-20 19:30:00,135.67287445476305,MSTL
2021-08-20 19:45:00,116.99033599937462,MSTL
2021-08-20 20:00:00,108.34298595318396,MSTL
2021-08-20 20:15:00,114.47395802479996,MSTL
2021-08-20 20:30:00,119.62480247604934,MSTL
2021-08-20 20:45:00,118.43542172039886,MSTL
2021-08-20 21:00:00,116.65669334588428,MSTL
2021-08-20 21:15:00,113.95258671059474,MSTL
2021-08-20 21:30:00,113.02001284209727,MSTL
2021-08-20 21:45:00,114.58960897833732,MSTL
2021-08-20 22:00:00,99.37460187444348,MSTL
2021-08-20 22:15:00,113.64818232064636,MSTL
2021-08-20 22:30:00,115.89438159671582,MSTL
2021-08-20 22:45:00,109.25596610949164,MSTL
2021-08-20 23:00:00,111.72555463269038,MSTL
2021-08-20 23:15:00,112.43144957514092,MSTL
2021-08-20 23:30:00,104.35142790815786,MSTL
2021-08-20 23:45:00,88.01639828123899,MSTL
2021-08-21 00:00:00,61.88826251206272,MSTL
2021-08-21 00:15:00,57.132125845622426,MSTL
2021-08-21 00:30:00,56.910052637408846,MSTL
2021-08-21 00:45:00,57.72396947321509,MSTL
2021-08-21 01:00:00,74.68813770173485,MSTL
2021-08-21 01:15:00,83.91854528623995,MSTL
2021-08-21 01:30:00,88.33985467445714,MSTL
2021-08-21 01:45:00,89.754626699663,MSTL
2021-08-21 02:00:00,91.55581198651709,MSTL
2021-08-21 02:15:00,88.69225599464664,MSTL
2021-08-21 02:30:00,87.19678569489743,MSTL
2021-08-21 02:45:00,85.97884677304148,MSTL
2021-08-21 03:00:00,72.64083825580825,MSTL
2021-08-21 03:15:00,78.70827063310891,MSTL
2021-08-21 03:30:00,84.22969041128617,MSTL
2021-08-21 03:45:00,85.65557461852802,MSTL
2021-08-21 04:00:00,85.83013191189914,MSTL
2021-08-21 04:15:00,81.86086263257258,MSTL
2021-08-21 04:30:00,81.16913540090003,MSTL
2021-08-21 04:45:00,81.78598029800388,MSTL
2021-08-21 05:00:00,66.27230611393438,MSTL
2021-08-21 05:15:00,60.56936633150348,MSTL
2021-08-21 05:30:00,75.98106707482182,MSTL
2021-08-21 05:45:00,83.16191848230554,MSTL
2021-08-21 06:00:00,83.24438484053964,MSTL
2021-08-21 06:15:00,82.00024638805772,MSTL
2021-08-21 06:30:00,78.67833647673879,MSTL
2021-08-21 06:45:00,74.66286134447449,MSTL
2021-08-21 07:00:00,71.13134697216123,MSTL
2021-08-21 07:15:00,68.09939703437627,MSTL
2021-08-21 07:30:00,55.85012217978637,MSTL
2021-08-21 07:45:00,40.95431260666172,MSTL
2021-08-21 08:00:00,42.28623382440608,MSTL
2021-08-21 08:15:00,39.93902659513227,MSTL
2021-08-21 08:30:00,36.55725916582168,MSTL
2021-08-21 08:45:00,34.159971489166765,MSTL
2021-08-21 09:00:00,36.56496146315887,MSTL
2021-08-21 09:15:00,40.46868334009283,MSTL
2021-08-21 09:30:00,41.265528634698576,MSTL
2021-08-21 09:45:00,39.30575743588457,MSTL
2021-08-21 10:00:00,30.759720442330305,MSTL
2021-08-21 10:15:00,31.26369116100956,MSTL
2021-08-21 10:30:00,31.616488797372384,MSTL
2021-08-21 10:45:00,37.00469116863232,MSTL
2021-08-21 11:00:00,40.65892177528849,MSTL
2021-08-21 11:15:00,40.72651481035514,MSTL
2021-08-21 11:30:00,40.85307760128954,MSTL
2021-08-21 11:45:00,37.419465979797536,MSTL
2021-08-21 12:00:00,29.04473423223203,MSTL
2021-08-21 12:15:00,28.37540279214639,MSTL
2021-08-21 12:30:00,28.210894221620578,MSTL
2021-08-21 12:45:00,47.10091830541741,MSTL
2021-08-21 13:00:00,49.53947062143355,MSTL
2021-08-21 13:15:00,39.47312695566477,MSTL
2021-08-21 13:30:00,34.29637586449006,MSTL
2021-08-21 13:45:00,36.19630117065289,MSTL
2021-08-21 14:00:00,40.14928042698832,MSTL
2021-08-21 14:15:00,33.309528589948755,MSTL
2021-08-21 14:30:00,39.013945206614665,MSTL
2021-08-21 14:45:00,41.1629230539094,MSTL
2021-08-21 15:00:00,34.69169388997912,MSTL
2021-08-21 15:15:00,60.838882005058,MSTL
2021-08-21 15:30:00,41.70771622719792,MSTL
2021-08-21 15:45:00,37.306229151698176,MSTL
2021-08-21 16:00:00,38.57477240896,MSTL
2021-08-21 16:15:00,39.97354646935489,MSTL
2021-08-21 16:30:00,33.00449703137856,MSTL
2021-08-21 16:45:00,32.00975404950208,MSTL
2021-08-21 17:00:00,30.767879282479583,MSTL
2021-08-21 17:15:00,29.76455187165945,MSTL
2021-08-21 17:30:00,34.4184465256874,MSTL
2021-08-21 17:45:00,34.25528907186268,MSTL
2021-08-21 18:00:00,30.421215032053723,MSTL
2021-08-21 18:15:00,31.04468091644813,MSTL
2021-08-21 18:30:00,36.38720471393542,MSTL
2021-08-21 18:45:00,32.63962363753171,MSTL
2021-08-21 19:00:00,33.554258795768874,MSTL
2021-08-21 19:15:00,30.920447299173404,MSTL
2021-08-21 19:30:00,29.267199418263274,MSTL
2021-08-21 19:45:00,29.49259446346035,MSTL
2021-08-21 20:00:00,34.19574284864456,MSTL
2021-08-21 20:15:00,35.70457519293139,MSTL
2021-08-21 20:30:00,39.24597300630248,MSTL
2021-08-21 20:45:00,36.790379367983846,MSTL
2021-08-21 21:00:00,37.57600520998919,MSTL
2021-08-21 21:15:00,38.47348861809543,MSTL
2021-08-21 21:30:00,39.238735072037365,MSTL
2021-08-21 21:45:00,39.32768377210688,MSTL
2021-08-21 22:00:00,32.97808351508691,MSTL
2021-08-21 22:15:00,41.5310162388667,MSTL
2021-08-21 22:30:00,40.41121712098461,MSTL
2021-08-21 22:45:00,36.63375741258787,MSTL
2021-08-21 23:00:00,35.19450163862051,MSTL
2021-08-21 23:15:00,35.77513261470193,MSTL
2021-08-21 23:30:00,35.10422374558044,MSTL
2021-08-21 23:45:00,36.42120731901419,MSTL
2021-08-22 00:00:00,16.70955669135158,MSTL
2021-08-22 00:15:00,16.29188786899671,MSTL
2021-08-22 00:30:00,16.412765854004604,MSTL
2021-08-22 00:45:00,16.570175195238477,MSTL
2021-08-22 01:00:00,19.79468062005633,MSTL
2021-08-22 01:15:00,22.267964575400825,MSTL
2021-08-22 01:30:00,22.58164561922457,MSTL
2021-08-22 01:45:00,27.07588800759359,MSTL
2021-08-22 02:00:00,26.2716087535687,MSTL
2021-08-22 02:15:00,24.43161156403789,MSTL
2021-08-22 02:30:00,24.479622743905068,MSTL
2021-08-22 02:45:00,27.086849826985382,MSTL
2021-08-22 03:00:00,19.62425991395743,MSTL
2021-08-22 03:15:00,21.04390522559868,MSTL
2021-08-22 03:30:00,22.56624638250092,MSTL
2021-08-22 03:45:00,21.77790215537769,MSTL
2021-08-22 04:00:00,21.628718203527328,MSTL
2021-08-22 04:15:00,22.478999732345457,MSTL
2021-08-22 04:30:00,21.392551122139864,MSTL
2021-08-22 04:45:00,23.06421832193349,MSTL
2021-08-22 05:00:00,20.204771279562905,MSTL
2021-08-22 05:15:00,19.29315578060327,MSTL
2021-08-22 05:30:00,23.406842647032903,MSTL
2021-08-22 05:45:00,25.01664967675979,MSTL
2021-08-22 06:00:00,22.74256668378618,MSTL
2021-08-22 06:15:00,26.33135505195966,MSTL
2021-08-22 06:30:00,23.754342627844224,MSTL
2021-08-22 06:45:00,20.594306774657117,MSTL
2021-08-22 07:00:00,20.2408015514866,MSTL
2021-08-22 07:15:00,24.258018685132825,MSTL
2021-08-22 07:30:00,26.189659702673573,MSTL
2021-08-22 07:45:00,19.834065662869065,MSTL
2021-08-22 08:00:00,23.753381753324632,MSTL
2021-08-22 08:15:00,22.366047822500192,MSTL
2021-08-22 08:30:00,19.6121836883036,MSTL
2021-08-22 08:45:00,18.779500769690003,MSTL
2021-08-22 09:00:00,19.231274061595684,MSTL
2021-08-22 09:15:00,23.11966286610763,MSTL
2021-08-22 09:30:00,24.18743207466288,MSTL
2021-08-22 09:45:00,21.946451362658397,MSTL
2021-08-22 10:00:00,14.831402223510452,MSTL
2021-08-22 10:15:00,13.664937662628674,MSTL
2021-08-22 10:30:00,15.30001565442167,MSTL
2021-08-22 10:45:00,20.65955061964179,MSTL
2021-08-22 11:00:00,22.68543702081911,MSTL
2021-08-22 11:15:00,24.28081946314884,MSTL
2021-08-22 11:30:00,24.290193070029574,MSTL
2021-08-22 11:45:00,19.259278655056605,MSTL
2021-08-22 12:00:00,13.840152557753584,MSTL
2021-08-22 12:15:00,13.98203900493165,MSTL
2021-08-22 12:30:00,14.142328912682745,MSTL
2021-08-22 12:45:00,32.100512854239035,MSTL
2021-08-22 13:00:00,32.83242633399122,MSTL
2021-08-22 13:15:00,23.775925136352114,MSTL
2021-08-22 13:30:00,18.547412217309898,MSTL
2021-08-22 13:45:00,20.810063639816903,MSTL
2021-08-22 14:00:00,23.898777931590946,MSTL
2021-08-22 14:15:00,19.31672808597256,MSTL
2021-08-22 14:30:00,25.013055309485736,MSTL
2021-08-22 14:45:00,26.22729899498465,MSTL
2021-08-22 15:00:00,19.337075229278867,MSTL
2021-08-22 15:15:00,42.46952156644004,MSTL
2021-08-22 15:30:00,25.42586673461983,MSTL
2021-08-22 15:45:00,21.494309048700345,MSTL
2021-08-22 16:00:00,24.127082063004387,MSTL
2021-08-22 16:15:00,25.277270071845837,MSTL
2021-08-22 16:30:00,18.321847072862468,MSTL
2021-08-22 16:45:00,18.097809437664125,MSTL
2021-08-22 17:00:00,16.561378162390127,MSTL
2021-08-22 17:15:00,16.14921452646432,MSTL
2021-08-22 17:30:00,20.52734947844806,MSTL
2021-08-22 17:45:00,21.7460451659218,MSTL
2021-08-22 18:00:00,17.333163735261863,MSTL
2021-08-22 18:15:00,16.469713639466207,MSTL
2021-08-22 18:30:00,21.380167762454903,MSTL
2021-08-22 18:45:00,18.08086113987096,MSTL
2021-08-22 19:00:00,17.70206268262872,MSTL
2021-08-22 19:15:00,15.805421182560863,MSTL
2021-08-22 19:30:00,16.431259653807345,MSTL
2021-08-22 19:45:00,16.894365405243093,MSTL
2021-08-22 20:00:00,20.720833500107886,MSTL
2021-08-22 20:15:00,23.171725503667474,MSTL
2021-08-22 20:30:00,24.832373559009696,MSTL
2021-08-22 20:45:00,22.75947739910588,MSTL
2021-08-22 21:00:00,24.860641120558647,MSTL
2021-08-22 21:15:00,26.46067004758323,MSTL
2021-08-22 21:30:00,25.63111050703553,MSTL
2021-08-22 21:45:00,25.9557440143686,MSTL
2021-08-22 22:00:00,19.553315179487228,MSTL
2021-08-22 22:15:00,27.37481962218252,MSTL
2021-08-22 22:30:00,25.476288128256805,MSTL
2021-08-22 22:45:00,24.238515958716437,MSTL
2021-08-22 23:00:00,22.336326794996253,MSTL
2021-08-22 23:15:00,23.996796061769537,MSTL
2021-08-22 23:30:00,22.012068074885025,MSTL
2021-08-22 23:45:00,24.508012905908416,MSTL
2021-08-23 00:00:00,20.167035927612744,MSTL
2021-08-23 00:15:00,20.051792749354405,MSTL
2021-08-23 00:30:00,20.60594470764177,MSTL
2021-08-23 00:45:00,20.309598249633225,MSTL
2021-08-23 01:00:00,20.97149804575777,MSTL
2021-08-23 01:15:00,23.992380412054786,MSTL
2021-08-23 01:30:00,23.985959855025527,MSTL
2021-08-23 01:45:00,26.390891770640607,MSTL
2021-08-23 02:00:00,26.7745391368442,MSTL
2021-08-23 02:15:00,25.327096784156893,MSTL
2021-08-23 02:30:00,27.26816506577537,MSTL
2021-08-23 02:45:00,29.48577669795056,MSTL
2021-08-23 03:00:00,22.80229324085134,MSTL
2021-08-23 03:15:00,23.843409776780845,MSTL
2021-08-23 03:30:00,24.37045995660208,MSTL
2021-08-23 03:45:00,24.79850393217784,MSTL
2021-08-23 04:00:00,24.356538620017687,MSTL
2021-08-23 04:15:00,23.90452961841143,MSTL
2021-08-23 04:30:00,23.02946720195338,MSTL
2021-08-23 04:45:00,24.34474864247217,MSTL
2021-08-23 05:00:00,21.99486423909036,MSTL
2021-08-23 05:15:00,21.061612605166644,MSTL
2021-08-23 05:30:00,25.47449479020598,MSTL
2021-08-23 05:45:00,27.29240276532796,MSTL
2021-08-23 06:00:00,25.46170561909193,MSTL
2021-08-23 06:15:00,28.929775688719296,MSTL
2021-08-23 06:30:00,26.054440863562185,MSTL
2021-08-23 06:45:00,24.71037639979086,MSTL
2021-08-23 07:00:00,27.374998115172787,MSTL
2021-08-23 07:15:00,42.597326998284046,MSTL
2021-08-23 07:30:00,70.42607727493782,MSTL
2021-08-23 07:45:00,100.95748306705758,MSTL
2021-08-23 08:00:00,139.34822842417134,MSTL
2021-08-23 08:15:00,164.8541469893324,MSTL
2021-08-23 08:30:00,165.03718891932,MSTL
2021-08-23 08:45:00,157.98609273742528,MSTL
2021-08-23 09:00:00,155.97509265755855,MSTL
2021-08-23 09:15:00,156.61228051499108,MSTL
2021-08-23 09:30:00,159.6205253732641,MSTL
2021-08-23 09:45:00,155.1512853142922,MSTL
2021-08-23 10:00:00,119.73223431993443,MSTL
2021-08-23 10:15:00,147.62596739101252,MSTL
2021-08-23 10:30:00,150.4654160176881,MSTL
2021-08-23 10:45:00,156.5282811003992,MSTL
2021-08-23 11:00:00,158.24791013109132,MSTL
2021-08-23 11:15:00,159.6833836285335,MSTL
2021-08-23 11:30:00,155.59019244675406,MSTL
2021-08-23 11:45:00,147.49131859548083,MSTL
2021-08-23 12:00:00,104.00519064249316,MSTL
2021-08-23 12:15:00,88.59885102051649,MSTL
2021-08-23 12:30:00,85.02571604330949,MSTL
2021-08-23 12:45:00,103.8710250906036,MSTL
2021-08-23 13:00:00,142.55262804191494,MSTL
2021-08-23 13:15:00,149.55444496754575,MSTL
2021-08-23 13:30:00,149.30131059727603,MSTL
2021-08-23 13:45:00,147.8673408998215,MSTL
2021-08-23 14:00:00,150.8084905917169,MSTL
2021-08-23 14:15:00,145.26645753875408,MSTL
2021-08-23 14:30:00,153.57953770229636,MSTL
2021-08-23 14:45:00,149.78536453326126,MSTL
2021-08-23 15:00:00,115.87399170711883,MSTL
2021-08-23 15:15:00,142.67948125505177,MSTL
2021-08-23 15:30:00,150.99288560039437,MSTL
2021-08-23 15:45:00,149.40526718368105,MSTL
2021-08-23 16:00:00,143.68216961204246,MSTL
2021-08-23 16:15:00,142.56484924926156,MSTL
2021-08-23 16:30:00,137.7503944810194,MSTL
2021-08-23 16:45:00,134.56657384414544,MSTL
2021-08-23 17:00:00,109.51520578398724,MSTL
2021-08-23 17:15:00,97.66118587668996,MSTL
2021-08-23 17:30:00,117.08796852379768,MSTL
2021-08-23 17:45:00,124.05577750547305,MSTL
2021-08-23 18:00:00,120.81034465132308,MSTL
2021-08-23 18:15:00,114.68277846138736,MSTL
2021-08-23 18:30:00,117.788234518991,MSTL
2021-08-23 18:45:00,110.66002342933872,MSTL
2021-08-23 19:00:00,111.7814457159248,MSTL
2021-08-23 19:15:00,112.60664059130048,MSTL
2021-08-23 19:30:00,106.9616155098827,MSTL
2021-08-23 19:45:00,91.17468046421791,MSTL
2021-08-23 20:00:00,90.63953723885092,MSTL
2021-08-23 20:15:00,98.8914736399326,MSTL
2021-08-23 20:30:00,104.50183696896308,MSTL
2021-08-23 20:45:00,101.64369443767744,MSTL
2021-08-23 21:00:00,103.38006459901337,MSTL
2021-08-23 21:15:00,107.07015688334394,MSTL
2021-08-23 21:30:00,103.73053161701412,MSTL
2021-08-23 21:45:00,99.83561996461044,MSTL
2021-08-23 22:00:00,83.66657011098243,MSTL
2021-08-23 22:15:00,99.43356148575856,MSTL
2021-08-23 22:30:00,98.47223424481918,MSTL
2021-08-23 22:45:00,97.4601088137961,MSTL
2021-08-23 23:00:00,94.02810065729474,MSTL
2021-08-23 23:15:00,95.99134300229235,MSTL
2021-08-23 23:30:00,89.68223907079584,MSTL
2021-08-23 23:45:00,74.56661079168178,MSTL
2021-08-24 00:00:00,69.08136210090584,MSTL
2021-08-24 00:15:00,66.05173095453279,MSTL
2021-08-24 00:30:00,64.93129413590583,MSTL
2021-08-24 00:45:00,65.41191290496964,MSTL
2021-08-24 01:00:00,85.26301209592138,MSTL
2021-08-24 01:15:00,96.9144711591278,MSTL
2021-08-24 01:30:00,99.93176518786912,MSTL
2021-08-24 01:45:00,99.4826184494754,MSTL
2021-08-24 02:00:00,101.61266335477316,MSTL
2021-08-24 02:15:00,99.34569043355044,MSTL
2021-08-24 02:30:00,100.83659751953108,MSTL
2021-08-24 02:45:00,100.60748542655617,MSTL
2021-08-24 03:00:00,83.62274962733612,MSTL
2021-08-24 03:15:00,96.91187066923013,MSTL
2021-08-24 03:30:00,102.11686584442776,MSTL
2021-08-24 03:45:00,98.1613605413324,MSTL
2021-08-24 04:00:00,97.49403075195448,MSTL
2021-08-24 04:15:00,98.43815709726104,MSTL
2021-08-24 04:30:00,97.19959549362154,MSTL
2021-08-24 04:45:00,94.06807288133842,MSTL
2021-08-24 05:00:00,78.42714064211607,MSTL
2021-08-24 05:15:00,73.204691193137,MSTL
2021-08-24 05:30:00,89.63028521322981,MSTL
2021-08-24 05:45:00,101.47918596242503,MSTL
2021-08-24 06:00:00,98.13638027621572,MSTL
2021-08-24 06:15:00,99.76157101966167,MSTL
2021-08-24 06:30:00,98.018037244682,MSTL
2021-08-24 06:45:00,94.11115483554704,MSTL
2021-08-24 07:00:00,97.26763440290318,MSTL
2021-08-24 07:15:00,115.93437053159371,MSTL
2021-08-24 07:30:00,133.3128476236783,MSTL
2021-08-24 07:45:00,125.96653788883089,MSTL
2021-08-24 08:00:00,150.3140721543301,MSTL
2021-08-24 08:15:00,164.25736720810295,MSTL
2021-08-24 08:30:00,165.2094099342417,MSTL
2021-08-24 08:45:00,161.61576828556912,MSTL
2021-08-24 09:00:00,157.55417240161398,MSTL
2021-08-24 09:15:00,156.29612097224896,MSTL
2021-08-24 09:30:00,164.5760876760629,MSTL
2021-08-24 09:45:00,168.13844751546628,MSTL
2021-08-24 10:00:00,130.00951201587534,MSTL
2021-08-24 10:15:00,158.0453225342637,MSTL
2021-08-24 10:30:00,163.8033381496107,MSTL
2021-08-24 10:45:00,164.0776473044471,MSTL
2021-08-24 11:00:00,165.49265701384115,MSTL
2021-08-24 11:15:00,172.46006099666886,MSTL
2021-08-24 11:30:00,170.9098286450783,MSTL
2021-08-24 11:45:00,166.1489608352947,MSTL
2021-08-24 12:00:00,108.80300875002862,MSTL
2021-08-24 12:15:00,91.92565954625076,MSTL
2021-08-24 12:30:00,91.365591131225,MSTL
2021-08-24 12:45:00,118.45116066176736,MSTL
2021-08-24 13:00:00,155.5705810876882,MSTL
2021-08-24 13:15:00,163.31495706889245,MSTL
2021-08-24 13:30:00,159.66460646797242,MSTL
2021-08-24 13:45:00,166.65642921279692,MSTL
2021-08-24 14:00:00,166.51941191921344,MSTL
2021-08-24 14:15:00,159.171938996313,MSTL
2021-08-24 14:30:00,162.29982989183992,MSTL
2021-08-24 14:45:00,164.74158617414827,MSTL
2021-08-24 15:00:00,128.60069895940907,MSTL
2021-08-24 15:15:00,156.9788342587035,MSTL
2021-08-24 15:30:00,162.41134135077766,MSTL
2021-08-24 15:45:00,169.2552701748249,MSTL
2021-08-24 16:00:00,163.9464825578691,MSTL
2021-08-24 16:15:00,160.1438909666647,MSTL
2021-08-24 16:30:00,152.3500346074194,MSTL
2021-08-24 16:45:00,150.20456769173614,MSTL
2021-08-24 17:00:00,106.94348391326326,MSTL
2021-08-24 17:15:00,96.63095288079184,MSTL
2021-08-24 17:30:00,132.5620327427676,MSTL
2021-08-24 17:45:00,147.53905628118034,MSTL
2021-08-24 18:00:00,146.63842689801243,MSTL
2021-08-24 18:15:00,148.38406897615488,MSTL
2021-08-24 18:30:00,147.50578436594265,MSTL
2021-08-24 18:45:00,147.2162165514773,MSTL
2021-08-24 19:00:00,142.45375646251006,MSTL
2021-08-24 19:15:00,137.5238688656981,MSTL
2021-08-24 19:30:00,141.55199440524882,MSTL
2021-08-24 19:45:00,126.60919520402432,MSTL
2021-08-24 20:00:00,113.64094731130184,MSTL
2021-08-24 20:15:00,122.77723979218636,MSTL
2021-08-24 20:30:00,122.8851346862929,MSTL
2021-08-24 20:45:00,117.18544539087986,MSTL
2021-08-24 21:00:00,116.5979822023616,MSTL
2021-08-24 21:15:00,115.39679940202151,MSTL
2021-08-24 21:30:00,117.81303568847824,MSTL
2021-08-24 21:45:00,117.07547594856317,MSTL
2021-08-24 22:00:00,96.9264093086836,MSTL
2021-08-24 22:15:00,111.1025911512089,MSTL
2021-08-24 22:30:00,107.08262918192584,MSTL
2021-08-24 22:45:00,107.5862324564782,MSTL
2021-08-24 23:00:00,105.43285918448046,MSTL
2021-08-24 23:15:00,103.34158786913396,MSTL
2021-08-24 23:30:00,99.8144854981798,MSTL
2021-08-24 23:45:00,85.5721783762817,MSTL
2021-08-25 00:00:00,76.49504611015789,MSTL
2021-08-25 00:15:00,72.68552387486974,MSTL
2021-08-25 00:30:00,70.97047785116943,MSTL
2021-08-25 00:45:00,68.50284851962581,MSTL
2021-08-25 01:00:00,91.2739128127698,MSTL
2021-08-25 01:15:00,102.61381352835322,MSTL
2021-08-25 01:30:00,103.18912661348224,MSTL
2021-08-25 01:45:00,104.76898066275632,MSTL
2021-08-25 02:00:00,103.69647841254262,MSTL
2021-08-25 02:15:00,104.6756491008423,MSTL
2021-08-25 02:30:00,105.63221440679744,MSTL
2021-08-25 02:45:00,107.5949457476421,MSTL
2021-08-25 03:00:00,90.39529016579972,MSTL
2021-08-25 03:15:00,101.79522878695064,MSTL
2021-08-25 03:30:00,105.95204331244214,MSTL
2021-08-25 03:45:00,104.7814271531648,MSTL
2021-08-25 04:00:00,101.21167600695588,MSTL
2021-08-25 04:15:00,105.3485362784698,MSTL
2021-08-25 04:30:00,103.24352800199745,MSTL
2021-08-25 04:45:00,101.45411865653668,MSTL
2021-08-25 05:00:00,83.37341107582805,MSTL
2021-08-25 05:15:00,74.88809180263516,MSTL
2021-08-25 05:30:00,93.54638443895148,MSTL
2021-08-25 05:45:00,105.9244972713179,MSTL
2021-08-25 06:00:00,106.61674622468036,MSTL
2021-08-25 06:15:00,105.10151269134091,MSTL
2021-08-25 06:30:00,107.8540803030596,MSTL
2021-08-25 06:45:00,109.62357583662084,MSTL
2021-08-25 07:00:00,108.29967525283382,MSTL
2021-08-25 07:15:00,118.29737765575246,MSTL
2021-08-25 07:30:00,141.3525407495504,MSTL
2021-08-25 07:45:00,131.83226711159594,MSTL
2021-08-25 08:00:00,153.32333600927228,MSTL
2021-08-25 08:15:00,169.79821984368115,MSTL
2021-08-25 08:30:00,176.26236980901905,MSTL
2021-08-25 08:45:00,176.34885790514966,MSTL
2021-08-25 09:00:00,168.49657208356302,MSTL
2021-08-25 09:15:00,168.56652065290547,MSTL
2021-08-25 09:30:00,167.15448887262627,MSTL
2021-08-25 09:45:00,175.4671068119613,MSTL
2021-08-25 10:00:00,142.16902478831523,MSTL
2021-08-25 10:15:00,167.23272448911504,MSTL
2021-08-25 10:30:00,165.82327394957028,MSTL
2021-08-25 10:45:00,163.25089458843388,MSTL
2021-08-25 11:00:00,167.12184135669654,MSTL
2021-08-25 11:15:00,175.9501937949302,MSTL
2021-08-25 11:30:00,179.21318446069515,MSTL
2021-08-25 11:45:00,171.85997959795174,MSTL
2021-08-25 12:00:00,117.38690092814744,MSTL
2021-08-25 12:15:00,95.78374722596892,MSTL
2021-08-25 12:30:00,93.4383190343828,MSTL
2021-08-25 12:45:00,118.40617778952586,MSTL
2021-08-25 13:00:00,163.5277640659812,MSTL
2021-08-25 13:15:00,167.616951442879,MSTL
2021-08-25 13:30:00,169.93080913115207,MSTL
2021-08-25 13:45:00,178.94354388100516,MSTL
2021-08-25 14:00:00,179.2914186955059,MSTL
2021-08-25 14:15:00,173.18944914475173,MSTL
2021-08-25 14:30:00,173.04011846854064,MSTL
2021-08-25 14:45:00,176.81331796211424,MSTL
2021-08-25 15:00:00,132.41706234125604,MSTL
2021-08-25 15:15:00,158.97651268288138,MSTL
2021-08-25 15:30:00,169.18269149769935,MSTL
2021-08-25 15:45:00,164.3610607753842,MSTL
2021-08-25 16:00:00,169.90165099196668,MSTL
2021-08-25 16:15:00,164.65332288746936,MSTL
2021-08-25 16:30:00,160.54688000873466,MSTL
2021-08-25 16:45:00,158.61919900122052,MSTL
2021-08-25 17:00:00,118.09891280369824,MSTL
2021-08-25 17:15:00,101.59640316727145,MSTL
2021-08-25 17:30:00,152.1259999053603,MSTL
2021-08-25 17:45:00,168.8613940074075,MSTL
2021-08-25 18:00:00,163.6403376132186,MSTL
2021-08-25 18:15:00,157.7310725027482,MSTL
2021-08-25 18:30:00,155.64223081969328,MSTL
2021-08-25 18:45:00,150.42533879324156,MSTL
2021-08-25 19:00:00,148.43931266083268,MSTL
2021-08-25 19:15:00,139.10391574034597,MSTL
2021-08-25 19:30:00,137.65061182897506,MSTL
2021-08-25 19:45:00,117.67413828134792,MSTL
2021-08-25 20:00:00,106.06147290699654,MSTL
2021-08-25 20:15:00,117.55240748946515,MSTL
2021-08-25 20:30:00,114.45681213293848,MSTL
2021-08-25 20:45:00,109.9486187234732,MSTL
2021-08-25 21:00:00,107.66634490879686,MSTL
2021-08-25 21:15:00,105.3817081272601,MSTL
2021-08-25 21:30:00,106.13787420916633,MSTL
2021-08-25 21:45:00,108.9136407312167,MSTL
2021-08-25 22:00:00,94.15055976224068,MSTL
2021-08-25 22:15:00,110.0594051348045,MSTL
2021-08-25 22:30:00,105.9705754881342,MSTL
2021-08-25 22:45:00,102.48243380943244,MSTL
2021-08-25 23:00:00,98.99212200974796,MSTL
2021-08-25 23:15:00,100.14186035725362,MSTL
2021-08-25 23:30:00,99.63434770261668,MSTL
2021-08-25 23:45:00,83.60355302682201,MSTL
2021-08-26 00:00:00,72.86585140374757,MSTL
2021-08-26 00:15:00,70.77009788227137,MSTL
2021-08-26 00:30:00,68.48624564686651,MSTL
2021-08-26 00:45:00,65.1054744216784,MSTL
2021-08-26 01:00:00,87.60470971613793,MSTL
2021-08-26 01:15:00,101.69000795125974,MSTL
2021-08-26 01:30:00,105.6273514358122,MSTL
2021-08-26 01:45:00,108.43931268742618,MSTL
2021-08-26 02:00:00,107.96341408308382,MSTL
2021-08-26 02:15:00,107.3210172203724,MSTL
2021-08-26 02:30:00,105.78844002829145,MSTL
2021-08-26 02:45:00,105.27433419683376,MSTL
2021-08-26 03:00:00,88.07711640576959,MSTL
2021-08-26 03:15:00,104.41825817060533,MSTL
2021-08-26 03:30:00,107.21892909720368,MSTL
2021-08-26 03:45:00,105.54870255443286,MSTL
2021-08-26 04:00:00,105.74362030627692,MSTL
2021-08-26 04:15:00,104.76560720400704,MSTL
2021-08-26 04:30:00,102.96615604765184,MSTL
2021-08-26 04:45:00,100.2000466863832,MSTL
2021-08-26 05:00:00,80.53154958098682,MSTL
2021-08-26 05:15:00,71.73263059752723,MSTL
2021-08-26 05:30:00,93.13769541819502,MSTL
2021-08-26 05:45:00,106.06218319967232,MSTL
2021-08-26 06:00:00,107.38327068684922,MSTL
2021-08-26 06:15:00,109.83224799718944,MSTL
2021-08-26 06:30:00,106.5381093947288,MSTL
2021-08-26 06:45:00,103.95971776244473,MSTL
2021-08-26 07:00:00,104.13845799392335,MSTL
2021-08-26 07:15:00,117.42831281522751,MSTL
2021-08-26 07:30:00,138.0379974352104,MSTL
2021-08-26 07:45:00,135.33305845891272,MSTL
2021-08-26 08:00:00,159.01967591563962,MSTL
2021-08-26 08:15:00,173.77707293554764,MSTL
2021-08-26 08:30:00,173.09673336523392,MSTL
2021-08-26 08:45:00,172.66946818224173,MSTL
2021-08-26 09:00:00,166.454436974773,MSTL
2021-08-26 09:15:00,172.24668921807694,MSTL
2021-08-26 09:30:00,173.1816483662959,MSTL
2021-08-26 09:45:00,172.00656907133362,MSTL
2021-08-26 10:00:00,143.5186624230366,MSTL
2021-08-26 10:15:00,168.6230944595074,MSTL
2021-08-26 10:30:00,169.94545201257665,MSTL
2021-08-26 10:45:00,174.27489258564827,MSTL
2021-08-26 11:00:00,172.02894894143236,MSTL
2021-08-26 11:15:00,175.65272536363688,MSTL
2021-08-26 11:30:00,181.09577084585743,MSTL
2021-08-26 11:45:00,177.84795233127656,MSTL
2021-08-26 12:00:00,115.99256335400456,MSTL
2021-08-26 12:15:00,96.67191294025122,MSTL
2021-08-26 12:30:00,96.42108450023764,MSTL
2021-08-26 12:45:00,117.87982790564725,MSTL
2021-08-26 13:00:00,164.56338427606394,MSTL
2021-08-26 13:15:00,166.9123453556299,MSTL
2021-08-26 13:30:00,170.90359979758028,MSTL
2021-08-26 13:45:00,175.68572358266488,MSTL
2021-08-26 14:00:00,172.54430675263234,MSTL
2021-08-26 14:15:00,167.926640612472,MSTL
2021-08-26 14:30:00,175.68644660707412,MSTL
2021-08-26 14:45:00,180.15595490785745,MSTL
2021-08-26 15:00:00,137.0877777272522,MSTL
2021-08-26 15:15:00,166.83928392101,MSTL
2021-08-26 15:30:00,174.89307864981873,MSTL
2021-08-26 15:45:00,179.5651183928614,MSTL
2021-08-26 16:00:00,165.5344053239366,MSTL
2021-08-26 16:15:00,163.8284081174845,MSTL
2021-08-26 16:30:00,162.36294917686382,MSTL
2021-08-26 16:45:00,154.71153424919785,MSTL
2021-08-26 17:00:00,115.14305136195604,MSTL
2021-08-26 17:15:00,101.21726840152456,MSTL
2021-08-26 17:30:00,140.7552127664065,MSTL
2021-08-26 17:45:00,153.7724150136089,MSTL
2021-08-26 18:00:00,155.90843094688168,MSTL
2021-08-26 18:15:00,153.31191490855664,MSTL
2021-08-26 18:30:00,153.51171752747354,MSTL
2021-08-26 18:45:00,150.29527478011923,MSTL
2021-08-26 19:00:00,149.9907901998148,MSTL
2021-08-26 19:15:00,145.57178840518415,MSTL
2021-08-26 19:30:00,146.3131617025963,MSTL
2021-08-26 19:45:00,128.87090933296625,MSTL
2021-08-26 20:00:00,114.39478786994222,MSTL
2021-08-26 20:15:00,122.20522723672916,MSTL
2021-08-26 20:30:00,121.50680023091364,MSTL
2021-08-26 20:45:00,122.02166667889048,MSTL
2021-08-26 21:00:00,113.87339313442486,MSTL
2021-08-26 21:15:00,117.87535918679586,MSTL
2021-08-26 21:30:00,117.9355364438548,MSTL
2021-08-26 21:45:00,114.71558566087288,MSTL
2021-08-26 22:00:00,105.4335752498688,MSTL
2021-08-26 22:15:00,115.6171754145865,MSTL
2021-08-26 22:30:00,112.43036659188076,MSTL
2021-08-26 22:45:00,112.17498366731874,MSTL
2021-08-26 23:00:00,110.60309125115468,MSTL
2021-08-26 23:15:00,103.88799789581527,MSTL
2021-08-26 23:30:00,105.35252741676864,MSTL
2021-08-26 23:45:00,87.38847782265665,MSTL
2021-08-27 00:00:00,80.73831391361429,MSTL
2021-08-27 00:15:00,76.50868662517775,MSTL
2021-08-27 00:30:00,74.55666351343672,MSTL
2021-08-27 00:45:00,72.07659978410817,MSTL
2021-08-27 01:00:00,95.77115224267637,MSTL
2021-08-27 01:15:00,108.83467409785123,MSTL
2021-08-27 01:30:00,110.53190465089938,MSTL
2021-08-27 01:45:00,107.7382762595734,MSTL
2021-08-27 02:00:00,113.20434648283958,MSTL
2021-08-27 02:15:00,113.40638902649216,MSTL
2021-08-27 02:30:00,109.64785722985494,MSTL
2021-08-27 02:45:00,117.17950622213358,MSTL
2021-08-27 03:00:00,99.85485179914792,MSTL
2021-08-27 03:15:00,109.91349600749564,MSTL
2021-08-27 03:30:00,110.86964061565727,MSTL
2021-08-27 03:45:00,109.4794660627036,MSTL
2021-08-27 04:00:00,111.45015711584946,MSTL
2021-08-27 04:15:00,109.9549487318353,MSTL
2021-08-27 04:30:00,104.91629113268168,MSTL
2021-08-27 04:45:00,106.77521307088512,MSTL
2021-08-27 05:00:00,86.59561839408431,MSTL
2021-08-27 05:15:00,78.17539888411716,MSTL
2021-08-27 05:30:00,100.36551937108668,MSTL
2021-08-27 05:45:00,109.98059707497042,MSTL
2021-08-27 06:00:00,111.24893870176402,MSTL
2021-08-27 06:15:00,111.84103916966107,MSTL
2021-08-27 06:30:00,108.20603501865396,MSTL
2021-08-27 06:45:00,111.32069251951728,MSTL
2021-08-27 07:00:00,113.11017174536258,MSTL
2021-08-27 07:15:00,126.87830284548916,MSTL
2021-08-27 07:30:00,151.5060458251226,MSTL
2021-08-27 07:45:00,146.21244432950823,MSTL
2021-08-27 08:00:00,166.33254471782152,MSTL
2021-08-27 08:15:00,181.11968683802667,MSTL
2021-08-27 08:30:00,181.29132193751207,MSTL
2021-08-27 08:45:00,179.68628408316638,MSTL
2021-08-27 09:00:00,173.95289495535417,MSTL
2021-08-27 09:15:00,175.3664419878279,MSTL
2021-08-27 09:30:00,177.9531259921011,MSTL
2021-08-27 09:45:00,181.59529538781777,MSTL
2021-08-27 10:00:00,147.5138942697062,MSTL
2021-08-27 10:15:00,176.2145350463484,MSTL
2021-08-27 10:30:00,176.60299910161962,MSTL
2021-08-27 10:45:00,178.65357128166266,MSTL
2021-08-27 11:00:00,178.73030132855325,MSTL
2021-08-27 11:15:00,182.93796097073096,MSTL
2021-08-27 11:30:00,190.07980540629097,MSTL
2021-08-27 11:45:00,186.28809237573955,MSTL
2021-08-27 12:00:00,122.50010928077307,MSTL
2021-08-27 12:15:00,99.33348991596976,MSTL
2021-08-27 12:30:00,100.18188705671898,MSTL
2021-08-27 12:45:00,126.60065420821223,MSTL
2021-08-27 13:00:00,171.79044512225465,MSTL
2021-08-27 13:15:00,182.8250637878144,MSTL
2021-08-27 13:30:00,179.38402489758485,MSTL
2021-08-27 13:45:00,182.2317925783348,MSTL
2021-08-27 14:00:00,178.9841121809452,MSTL
2021-08-27 14:15:00,172.73882033607742,MSTL
2021-08-27 14:30:00,182.9157503806688,MSTL
2021-08-27 14:45:00,186.8846845952052,MSTL
2021-08-27 15:00:00,141.69226019260515,MSTL
2021-08-27 15:15:00,172.7784711431837,MSTL
2021-08-27 15:30:00,181.9196547906174,MSTL
2021-08-27 15:45:00,186.8827792658834,MSTL
2021-08-27 16:00:00,181.17143364972972,MSTL
2021-08-27 16:15:00,178.74711223693083,MSTL
2021-08-27 16:30:00,169.14474666710288,MSTL
2021-08-27 16:45:00,164.01710427321348,MSTL
2021-08-27 17:00:00,118.0861417684819,MSTL
2021-08-27 17:15:00,113.33439603018805,MSTL
2021-08-27 17:30:00,162.0904399575397,MSTL
2021-08-27 17:45:00,174.95699815319392,MSTL
2021-08-27 18:00:00,166.74261741050148,MSTL
2021-08-27 18:15:00,162.9017780746371,MSTL
2021-08-27 18:30:00,164.0638947262152,MSTL
2021-08-27 18:45:00,161.85067090916314,MSTL
2021-08-27 19:00:00,153.9482280555256,MSTL
2021-08-27 19:15:00,134.46367699507113,MSTL
2021-08-27 19:30:00,139.71331633775787,MSTL
2021-08-27 19:45:00,111.95030227937356,MSTL
2021-08-27 20:00:00,99.2055827103597,MSTL
2021-08-27 20:15:00,108.00396982467392,MSTL
2021-08-27 20:30:00,113.28493678478836,MSTL
2021-08-27 20:45:00,114.42041200335184,MSTL
2021-08-27 21:00:00,113.60884211989617,MSTL
2021-08-27 21:15:00,116.53401797061667,MSTL
2021-08-27 21:30:00,111.45032801421358,MSTL
2021-08-27 21:45:00,109.7796150758348,MSTL
2021-08-27 22:00:00,100.04359896377856,MSTL
2021-08-27 22:15:00,106.36142641588542,MSTL
2021-08-27 22:30:00,106.32261812044592,MSTL
2021-08-27 22:45:00,105.79310700991178,MSTL
2021-08-27 23:00:00,103.7747550736665,MSTL
2021-08-27 23:15:00,105.38556564067564,MSTL
2021-08-27 23:30:00,100.30105176403522,MSTL
2021-08-27 23:45:00,78.54124720353798,MSTL
2021-08-28 00:00:00,64.4707762386779,MSTL
2021-08-28 00:15:00,61.17441266011432,MSTL
2021-08-28 00:30:00,62.03600389507911,MSTL
2021-08-28 00:45:00,61.08549623901097,MSTL
2021-08-28 01:00:00,81.83697654510473,MSTL
2021-08-28 01:15:00,91.8781830876426,MSTL
2021-08-28 01:30:00,92.97620634881692,MSTL
2021-08-28 01:45:00,93.4980067605106,MSTL
2021-08-28 02:00:00,98.45622618542812,MSTL
2021-08-28 02:15:00,96.72850150534693,MSTL
2021-08-28 02:30:00,94.7160940589463,MSTL
2021-08-28 02:45:00,95.1723628171263,MSTL
2021-08-28 03:00:00,78.41337076018831,MSTL
2021-08-28 03:15:00,82.83186538825444,MSTL
2021-08-28 03:30:00,87.22422013706071,MSTL
2021-08-28 03:45:00,92.1706239878427,MSTL
2021-08-28 04:00:00,95.55172844625945,MSTL
2021-08-28 04:15:00,93.29357707571916,MSTL
2021-08-28 04:30:00,94.48996917994774,MSTL
2021-08-28 04:45:00,90.90332555407258,MSTL
2021-08-28 05:00:00,75.40444056320811,MSTL
2021-08-28 05:15:00,68.78974252610021,MSTL
2021-08-28 05:30:00,81.94664350080593,MSTL
2021-08-28 05:45:00,92.43057424056028,MSTL
2021-08-28 06:00:00,88.06855584976138,MSTL
2021-08-28 06:15:00,84.71982695553774,MSTL
2021-08-28 06:30:00,83.20465266702239,MSTL
2021-08-28 06:45:00,83.60770561403845,MSTL
2021-08-28 07:00:00,84.01499958728144,MSTL
2021-08-28 07:15:00,81.4645858359431,MSTL
2021-08-28 07:30:00,62.45873048931784,MSTL
2021-08-28 07:45:00,43.51881684855681,MSTL
2021-08-28 08:00:00,45.23141381386395,MSTL
2021-08-28 08:15:00,43.7290524371094,MSTL
2021-08-28 08:30:00,43.55906436436963,MSTL
2021-08-28 08:45:00,47.748234983538126,MSTL
2021-08-28 09:00:00,48.32777209873622,MSTL
2021-08-28 09:15:00,48.73635302584567,MSTL
2021-08-28 09:30:00,44.009796278184666,MSTL
2021-08-28 09:45:00,46.74401795423957,MSTL
2021-08-28 10:00:00,45.04861260858251,MSTL
2021-08-28 10:15:00,46.96014741360904,MSTL
2021-08-28 10:30:00,46.61724712792182,MSTL
2021-08-28 10:45:00,46.66063157254934,MSTL
2021-08-28 11:00:00,47.5443716503984,MSTL
2021-08-28 11:15:00,46.2691247082938,MSTL
2021-08-28 11:30:00,46.126375963495136,MSTL
2021-08-28 11:45:00,44.90119195402736,MSTL
2021-08-28 12:00:00,36.00920612078389,MSTL
2021-08-28 12:15:00,33.51704938982802,MSTL
2021-08-28 12:30:00,34.413364694060746,MSTL
2021-08-28 12:45:00,51.23273740482543,MSTL
2021-08-28 13:00:00,55.166079685181096,MSTL
2021-08-28 13:15:00,46.11247336970763,MSTL
2021-08-28 13:30:00,44.28321637115859,MSTL
2021-08-28 13:45:00,47.58759669388776,MSTL
2021-08-28 14:00:00,47.28172912870966,MSTL
2021-08-28 14:15:00,44.549336972917686,MSTL
2021-08-28 14:30:00,46.39127351060015,MSTL
2021-08-28 14:45:00,51.18578576702626,MSTL
2021-08-28 15:00:00,48.91701830336287,MSTL
2021-08-28 15:15:00,69.72324710331807,MSTL
2021-08-28 15:30:00,52.04766410513344,MSTL
2021-08-28 15:45:00,52.190182194815634,MSTL
2021-08-28 16:00:00,48.54786126119584,MSTL
2021-08-28 16:15:00,46.63892148009265,MSTL
2021-08-28 16:30:00,45.931926640277375,MSTL
2021-08-28 16:45:00,44.81228016942797,MSTL
2021-08-28 17:00:00,42.59016275179597,MSTL
2021-08-28 17:15:00,41.01518941726381,MSTL
2021-08-28 17:30:00,47.37048333176789,MSTL
2021-08-28 17:45:00,47.96669867749228,MSTL
2021-08-28 18:00:00,46.478454337814014,MSTL
2021-08-28 18:15:00,43.33287862747609,MSTL
2021-08-28 18:30:00,41.23458218898685,MSTL
2021-08-28 18:45:00,41.01336206586076,MSTL
2021-08-28 19:00:00,43.31809775349966,MSTL
2021-08-28 19:15:00,39.86130014931321,MSTL
2021-08-28 19:30:00,40.51066281231502,MSTL
2021-08-28 19:45:00,35.35783025473884,MSTL
2021-08-28 20:00:00,34.94185680737783,MSTL
2021-08-28 20:15:00,35.32186343798679,MSTL
2021-08-28 20:30:00,36.007135300531075,MSTL
2021-08-28 20:45:00,39.009132147448014,MSTL
2021-08-28 21:00:00,38.354466986256256,MSTL
2021-08-28 21:15:00,45.07027557653375,MSTL
2021-08-28 21:30:00,42.45653736544254,MSTL
2021-08-28 21:45:00,38.48138951355936,MSTL
2021-08-28 22:00:00,40.934235016534416,MSTL
2021-08-28 22:15:00,40.114777533766215,MSTL
2021-08-28 22:30:00,37.50820419810356,MSTL
2021-08-28 22:45:00,38.55339189024025,MSTL
2021-08-28 23:00:00,36.6363251973187,MSTL
2021-08-28 23:15:00,37.53162707331376,MSTL
2021-08-28 23:30:00,40.84206640991052,MSTL
2021-08-28 23:45:00,34.03937997445372,MSTL
2021-08-29 00:00:00,24.066631520548825,MSTL
2021-08-29 00:15:00,24.32639217878797,MSTL
2021-08-29 00:30:00,24.83286266324602,MSTL
2021-08-29 00:45:00,23.183442258726785,MSTL
2021-08-29 01:00:00,27.298330563629065,MSTL
2021-08-29 01:15:00,32.595570229975095,MSTL
2021-08-29 01:30:00,32.71669135406236,MSTL
2021-08-29 01:45:00,33.729789900408605,MSTL
2021-08-29 02:00:00,36.78447817277207,MSTL
2021-08-29 02:15:00,35.48941521042481,MSTL
2021-08-29 02:30:00,32.15653194178424,MSTL
2021-08-29 02:45:00,33.54977887442621,MSTL
2021-08-29 03:00:00,28.919540408434003,MSTL
2021-08-29 03:15:00,29.201816643768097,MSTL
2021-08-29 03:30:00,27.58267298516148,MSTL
2021-08-29 03:45:00,29.04321883135924,MSTL
2021-08-29 04:00:00,31.32864925149748,MSTL
2021-08-29 04:15:00,34.17330630530924,MSTL
2021-08-29 04:30:00,33.34803002373653,MSTL
2021-08-29 04:45:00,29.56702676508054,MSTL
2021-08-29 05:00:00,25.27814093125613,MSTL
2021-08-29 05:15:00,25.361175583755497,MSTL
2021-08-29 05:30:00,28.010244632857532,MSTL
2021-08-29 05:45:00,32.34382367273206,MSTL
2021-08-29 06:00:00,28.265364484909128,MSTL
2021-08-29 06:15:00,27.48142530343813,MSTL
2021-08-29 06:30:00,26.134618513091112,MSTL
2021-08-29 06:45:00,30.248674541225327,MSTL
2021-08-29 07:00:00,31.93720945654593,MSTL
2021-08-29 07:15:00,35.023330059587074,MSTL
2021-08-29 07:30:00,30.450224865016335,MSTL
2021-08-29 07:45:00,26.418097458616018,MSTL
2021-08-29 08:00:00,31.3337933217056,MSTL
2021-08-29 08:15:00,32.09847759360447,MSTL
2021-08-29 08:30:00,32.852136792378616,MSTL
2021-08-29 08:45:00,37.456127107007525,MSTL
2021-08-29 09:00:00,37.83253336230064,MSTL
2021-08-29 09:15:00,39.04193942580104,MSTL
2021-08-29 09:30:00,32.99780969710835,MSTL
2021-08-29 09:45:00,34.58938379627787,MSTL
2021-08-29 10:00:00,34.01713923514019,MSTL
2021-08-29 10:15:00,35.202575186425435,MSTL
2021-08-29 10:30:00,35.978396400604694,MSTL
2021-08-29 10:45:00,36.15196691237056,MSTL
2021-08-29 11:00:00,34.85141243257398,MSTL
2021-08-29 11:15:00,33.27118030967098,MSTL
2021-08-29 11:30:00,33.28232544805863,MSTL
2021-08-29 11:45:00,32.07059700938399,MSTL
2021-08-29 12:00:00,26.0080096019053,MSTL
2021-08-29 12:15:00,24.413237009205005,MSTL
2021-08-29 12:30:00,25.90682517787394,MSTL
2021-08-29 12:45:00,40.29140418995419,MSTL
2021-08-29 13:00:00,43.468171836332,MSTL
2021-08-29 13:15:00,35.34530796465222,MSTL
2021-08-29 13:30:00,33.528829190206594,MSTL
2021-08-29 13:45:00,37.10228774289424,MSTL
2021-08-29 14:00:00,36.71412375096234,MSTL
2021-08-29 14:15:00,34.83148223795156,MSTL
2021-08-29 14:30:00,36.07960678498176,MSTL
2021-08-29 14:45:00,38.26918573280516,MSTL
2021-08-29 15:00:00,37.00514886264267,MSTL
2021-08-29 15:15:00,54.49501540009631,MSTL
2021-08-29 15:30:00,40.23172852081802,MSTL
2021-08-29 15:45:00,40.43121184157017,MSTL
2021-08-29 16:00:00,37.88059982048642,MSTL
2021-08-29 16:15:00,37.38849186456632,MSTL
2021-08-29 16:30:00,37.78946503000216,MSTL
2021-08-29 16:45:00,35.892925484194315,MSTL
2021-08-29 17:00:00,34.255347464636586,MSTL
2021-08-29 17:15:00,32.00031691942901,MSTL
2021-08-29 17:30:00,34.26720758734254,MSTL
2021-08-29 17:45:00,35.83093403208261,MSTL
2021-08-29 18:00:00,32.96435073981587,MSTL
2021-08-29 18:15:00,28.575493502691344,MSTL
2021-08-29 18:30:00,27.681151210378857,MSTL
2021-08-29 18:45:00,27.771625589159143,MSTL
2021-08-29 19:00:00,30.05792248859467,MSTL
2021-08-29 19:15:00,28.41043227344969,MSTL
2021-08-29 19:30:00,29.295516256999377,MSTL
2021-08-29 19:45:00,24.82909896147613,MSTL
2021-08-29 20:00:00,24.474017156166425,MSTL
2021-08-29 20:15:00,24.93911033456624,MSTL
2021-08-29 20:30:00,23.922932201599764,MSTL
2021-08-29 20:45:00,26.98030643204646,MSTL
2021-08-29 21:00:00,26.84417085142671,MSTL
2021-08-29 21:15:00,33.4575414230801,MSTL
2021-08-29 21:30:00,29.82095868081053,MSTL
2021-08-29 21:45:00,26.49855968894612,MSTL
2021-08-29 22:00:00,28.4727156471605,MSTL
2021-08-29 22:15:00,26.321424440094347,MSTL
2021-08-29 22:30:00,25.054612522824986,MSTL
2021-08-29 22:45:00,27.54834695508316,MSTL
2021-08-29 23:00:00,25.729019545756856,MSTL
2021-08-29 23:15:00,27.12891371629891,MSTL
2021-08-29 23:30:00,28.811508866543107,MSTL
2021-08-29 23:45:00,23.799117814279583,MSTL
2021-08-30 00:00:00,21.00252196420649,MSTL
2021-08-30 00:15:00,20.848313682349414,MSTL
2021-08-30 00:30:00,21.79939042306367,MSTL
2021-08-30 00:45:00,19.584045056280047,MSTL
2021-08-30 01:00:00,21.234898862195134,MSTL
2021-08-30 01:15:00,27.36645801500039,MSTL
2021-08-30 01:30:00,28.009620390466807,MSTL
2021-08-30 01:45:00,26.30950270659163,MSTL
2021-08-30 02:00:00,29.29526202141072,MSTL
2021-08-30 02:15:00,29.398548508836924,MSTL
2021-08-30 02:30:00,28.265325734839777,MSTL
2021-08-30 02:45:00,28.736338130957662,MSTL
2021-08-30 03:00:00,25.09581263870197,MSTL
2021-08-30 03:15:00,25.32886575628113,MSTL
2021-08-30 03:30:00,23.33829672290267,MSTL
2021-08-30 03:45:00,25.375583965776517,MSTL
2021-08-30 04:00:00,26.751012207263727,MSTL
2021-08-30 04:15:00,28.99988051258092,MSTL
2021-08-30 04:30:00,28.09770458744769,MSTL
2021-08-30 04:45:00,24.04993656648415,MSTL
2021-08-30 05:00:00,20.438349574885294,MSTL
2021-08-30 05:15:00,21.122725905205968,MSTL
2021-08-30 05:30:00,22.439443124923656,MSTL
2021-08-30 05:45:00,26.250398037565247,MSTL
2021-08-30 06:00:00,24.090793822519373,MSTL
2021-08-30 06:15:00,23.41115547482009,MSTL
2021-08-30 06:30:00,21.522374452450947,MSTL
2021-08-30 06:45:00,26.60177614177975,MSTL
2021-08-30 07:00:00,31.492314884244784,MSTL
2021-08-30 07:15:00,46.163705372280425,MSTL
2021-08-30 07:30:00,67.816332442656,MSTL
2021-08-30 07:45:00,99.54764345331408,MSTL
2021-08-30 08:00:00,142.0474670271093,MSTL
2021-08-30 08:15:00,167.32654106296917,MSTL
2021-08-30 08:30:00,171.71254100089067,MSTL
2021-08-30 08:45:00,171.34211400350478,MSTL
2021-08-30 09:00:00,170.00686853122255,MSTL
2021-08-30 09:15:00,165.0896771748833,MSTL
2021-08-30 09:30:00,164.93222118781011,MSTL
2021-08-30 09:45:00,164.35750883555647,MSTL
2021-08-30 10:00:00,132.44409226419793,MSTL
2021-08-30 10:15:00,163.95948940529777,MSTL
2021-08-30 10:30:00,165.41313365151166,MSTL
2021-08-30 10:45:00,164.9057449949874,MSTL
2021-08-30 11:00:00,163.6229044769296,MSTL
2021-08-30 11:15:00,164.65129626076254,MSTL
2021-08-30 11:30:00,164.86368999694415,MSTL
2021-08-30 11:45:00,158.73868020011946,MSTL
2021-08-30 12:00:00,110.8450307668119,MSTL
2021-08-30 12:15:00,92.7047902919432,MSTL
2021-08-30 12:30:00,91.02126852433751,MSTL
2021-08-30 12:45:00,110.28132867138174,MSTL
2021-08-30 13:00:00,152.0693727580931,MSTL
2021-08-30 13:15:00,157.15120161662634,MSTL
2021-08-30 13:30:00,158.6590106488853,MSTL
2021-08-30 13:45:00,161.58780182005955,MSTL
2021-08-30 14:00:00,160.0906624333622,MSTL
2021-08-30 14:15:00,157.2917695586034,MSTL
2021-08-30 14:30:00,160.68464451936393,MSTL
2021-08-30 14:45:00,159.15643001632458,MSTL
2021-08-30 15:00:00,129.61445663863452,MSTL
2021-08-30 15:15:00,156.21315700654384,MSTL
2021-08-30 15:30:00,162.1127752682567,MSTL
2021-08-30 15:45:00,164.67183222478243,MSTL
2021-08-30 16:00:00,152.1615661007877,MSTL
2021-08-30 16:15:00,150.41867121028517,MSTL
2021-08-30 16:30:00,151.46615709293448,MSTL
2021-08-30 16:45:00,146.6718353306685,MSTL
2021-08-30 17:00:00,122.16820854396173,MSTL
2021-08-30 17:15:00,109.14048865056044,MSTL
2021-08-30 17:30:00,127.7379437399718,MSTL
2021-08-30 17:45:00,136.41529026049153,MSTL
2021-08-30 18:00:00,134.56487075609215,MSTL
2021-08-30 18:15:00,124.0915692199548,MSTL
2021-08-30 18:30:00,119.15437401635928,MSTL
2021-08-30 18:45:00,112.91409636562292,MSTL
2021-08-30 19:00:00,117.4382423165446,MSTL
2021-08-30 19:15:00,118.1560865112689,MSTL
2021-08-30 19:30:00,113.31966646992412,MSTL
2021-08-30 19:45:00,92.89248663047994,MSTL
2021-08-30 20:00:00,88.13407049626429,MSTL
2021-08-30 20:15:00,96.16096567387888,MSTL
2021-08-30 20:30:00,98.38594796658928,MSTL
2021-08-30 20:45:00,100.41146662111436,MSTL
2021-08-30 21:00:00,100.72559607946556,MSTL
2021-08-30 21:15:00,109.34996663585532,MSTL
2021-08-30 21:30:00,103.0439903018284,MSTL
2021-08-30 21:45:00,96.31106319315288,MSTL
2021-08-30 22:00:00,87.94929767131875,MSTL
2021-08-30 22:15:00,95.9105361512092,MSTL
2021-08-30 22:30:00,94.60497955877742,MSTL
2021-08-30 22:45:00,97.416961746228,MSTL
2021-08-30 23:00:00,93.37500358455316,MSTL
2021-08-30 23:15:00,94.56849256660765,MSTL
2021-08-30 23:30:00,92.69420637322035,MSTL
2021-08-30 23:45:00,68.15172602469337,MSTL
2021-08-31 00:00:00,81.74106605291367,MSTL
2021-08-31 00:15:00,79.66875214661026,MSTL
2021-08-31 00:30:00,79.16337986311615,MSTL
2021-08-31 00:45:00,78.04321709073062,MSTL
2021-08-31 01:00:00,99.50201192988078,MSTL
2021-08-31 01:15:00,114.2362914097275,MSTL
2021-08-31 01:30:00,118.0873583117069,MSTL
2021-08-31 01:45:00,114.59773943692088,MSTL
2021-08-31 02:00:00,119.47644614365896,MSTL
2021-08-31 02:15:00,117.75211806158154,MSTL
2021-08-31 02:30:00,115.89734366777444,MSTL
2021-08-31 02:45:00,114.68664943788572,MSTL
2021-08-31 03:00:00,100.68408805158134,MSTL
2021-08-31 03:15:00,110.72888778983838,MSTL
2021-08-31 03:30:00,114.89614421554096,MSTL
2021-08-31 03:45:00,112.31955810629331,MSTL
2021-08-31 04:00:00,113.98082706507915,MSTL
2021-08-31 04:15:00,118.07017540396124,MSTL
2021-08-31 04:30:00,116.14658037668256,MSTL
2021-08-31 04:45:00,107.85273896934788,MSTL
2021-08-31 05:00:00,89.89515816567777,MSTL
2021-08-31 05:15:00,85.79368654994218,MSTL
2021-08-31 05:30:00,100.47416161888046,MSTL
2021-08-31 05:45:00,114.29210597630744,MSTL
2021-08-31 06:00:00,112.50676038242828,MSTL
2021-08-31 06:15:00,109.79277647579444,MSTL
2021-08-31 06:30:00,107.75783977776231,MSTL
2021-08-31 06:45:00,112.50280285811668,MSTL
2021-08-31 07:00:00,117.0688799106708,MSTL
2021-08-31 07:15:00,131.57907710460043,MSTL
2021-08-31 07:30:00,145.0118454559245,MSTL
2021-08-31 07:45:00,140.88730763585434,MSTL
2021-08-31 08:00:00,164.1137783752727,MSTL
2021-08-31 08:15:00,187.0934796515507,MSTL
2021-08-31 08:30:00,189.4227275722095,MSTL
2021-08-31 08:45:00,187.95792102695455,MSTL
2021-08-31 09:00:00,179.47436580527062,MSTL
2021-08-31 09:15:00,180.2417821873753,MSTL
2021-08-31 09:30:00,180.53028062328733,MSTL
2021-08-31 09:45:00,185.3081665071404,MSTL
2021-08-31 10:00:00,155.39255273289308,MSTL
2021-08-31 10:15:00,184.1877641030897,MSTL
2021-08-31 10:30:00,188.95058985643655,MSTL
2021-08-31 10:45:00,183.9540174337816,MSTL
2021-08-31 11:00:00,183.08141996512975,MSTL
2021-08-31 11:15:00,186.93369983711528,MSTL
2021-08-31 11:30:00,185.80740894227728,MSTL
2021-08-31 11:45:00,184.66884909647428,MSTL
2021-08-31 12:00:00,127.45273263584856,MSTL
2021-08-31 12:15:00,110.37069589742217,MSTL
2021-08-31 12:30:00,107.74268567845807,MSTL
2021-08-31 12:45:00,134.69756257907167,MSTL
2021-08-31 13:00:00,170.43418018044463,MSTL
2021-08-31 13:15:00,179.38128285939715,MSTL
2021-08-31 13:30:00,179.66704586823244,MSTL
2021-08-31 13:45:00,184.17176480712607,MSTL
2021-08-31 14:00:00,184.0050404021664,MSTL
2021-08-31 14:15:00,179.676209371545,MSTL
2021-08-31 14:30:00,178.67469500017688,MSTL
2021-08-31 14:45:00,180.28521273720963,MSTL
2021-08-31 15:00:00,148.42369248087817,MSTL
2021-08-31 15:15:00,171.53784432893565,MSTL
2021-08-31 15:30:00,182.60913565523995,MSTL
2021-08-31 15:45:00,191.5019746027696,MSTL
2021-08-31 16:00:00,183.9115910696873,MSTL
2021-08-31 16:15:00,179.99241036564644,MSTL
2021-08-31 16:30:00,173.91827909362533,MSTL
2021-08-31 16:45:00,173.98543699167297,MSTL
2021-08-31 17:00:00,133.09797508947625,MSTL
2021-08-31 17:15:00,119.7788147101121,MSTL
2021-08-31 17:30:00,150.9475408319301,MSTL
2021-08-31 17:45:00,164.84295343607104,MSTL
2021-08-31 18:00:00,163.0161807551438,MSTL
2021-08-31 18:15:00,163.3125426701138,MSTL
2021-08-31 18:30:00,162.11833961238477,MSTL
2021-08-31 18:45:00,168.00695078661954,MSTL
2021-08-31 19:00:00,165.10334554849769,MSTL
2021-08-31 19:15:00,158.20187717700435,MSTL
2021-08-31 19:30:00,158.00945204435607,MSTL
2021-08-31 19:45:00,144.41721653122988,MSTL
2021-08-31 20:00:00,126.49862722355712,MSTL
2021-08-31 20:15:00,132.25756771451094,MSTL
2021-08-31 20:30:00,132.34735855941534,MSTL
2021-08-31 20:45:00,130.9421222690181,MSTL
2021-08-31 21:00:00,130.7607776104826,MSTL
2021-08-31 21:15:00,133.36607103456794,MSTL
2021-08-31 21:30:00,132.29185697939388,MSTL
2021-08-31 21:45:00,128.41622738784187,MSTL
2021-08-31 22:00:00,112.860079445837,MSTL
2021-08-31 22:15:00,121.61333992360213,MSTL
2021-08-31 22:30:00,117.5351313541521,MSTL
2021-08-31 22:45:00,119.88967574243878,MSTL
2021-08-31 23:00:00,117.45395154725225,MSTL
2021-08-31 23:15:00,116.19138087426066,MSTL
2021-08-31 23:30:00,116.47636564124096,MSTL
2021-08-31 23:45:00,94.42680034451712,MSTL
2021-09-01 00:00:00,89.27522823002352,MSTL
2021-09-01 00:15:00,87.2891917778692,MSTL
2021-09-01 00:30:00,85.0321059956108,MSTL
2021-09-01 00:45:00,80.6688578848001,MSTL
2021-09-01 01:00:00,103.52392910009311,MSTL
2021-09-01 01:15:00,116.77268832769032,MSTL
2021-09-01 01:30:00,117.70960097568086,MSTL
2021-09-01 01:45:00,116.6791371430398,MSTL
2021-09-01 02:00:00,118.63332570828892,MSTL
2021-09-01 02:15:00,119.80844107251204,MSTL
2021-09-01 02:30:00,117.71087339352228,MSTL
2021-09-01 02:45:00,117.87705016295465,MSTL
2021-09-01 03:00:00,102.20986297777748,MSTL
2021-09-01 03:15:00,111.91194385320466,MSTL
2021-09-01 03:30:00,111.84697621937404,MSTL
2021-09-01 03:45:00,116.71787987499502,MSTL
2021-09-01 04:00:00,115.37911782608948,MSTL
2021-09-01 04:15:00,120.4819588484754,MSTL
2021-09-01 04:30:00,119.36078059021236,MSTL
2021-09-01 04:45:00,113.29791128247628,MSTL
2021-09-01 05:00:00,94.6838363541362,MSTL
2021-09-01 05:15:00,87.88400418194368,MSTL
2021-09-01 05:30:00,101.82234880836349,MSTL
2021-09-01 05:45:00,117.53868795866433,MSTL
2021-09-01 06:00:00,116.77705880230728,MSTL
2021-09-01 06:15:00,113.25266708287803,MSTL
2021-09-01 06:30:00,117.98483098115328,MSTL
2021-09-01 06:45:00,121.79751319360037,MSTL
2021-09-01 07:00:00,119.94909775384346,MSTL
2021-09-01 07:15:00,130.7551407557749,MSTL
2021-09-01 07:30:00,152.87261739472632,MSTL
2021-09-01 07:45:00,145.24858555471917,MSTL
2021-09-01 08:00:00,162.25324178636566,MSTL
2021-09-01 08:15:00,185.02024797699272,MSTL
2021-09-01 08:30:00,191.0043566416319,MSTL
2021-09-01 08:45:00,190.22554257898048,MSTL
2021-09-01 09:00:00,177.90328978433254,MSTL
2021-09-01 09:15:00,179.92411799253728,MSTL
2021-09-01 09:30:00,181.88516429020643,MSTL
2021-09-01 09:45:00,189.46506413013535,MSTL
2021-09-01 10:00:00,163.41771514518751,MSTL
2021-09-01 10:15:00,188.54981468631397,MSTL
2021-09-01 10:30:00,189.23380886619407,MSTL
2021-09-01 10:45:00,183.83014860236537,MSTL
2021-09-01 11:00:00,181.5172570007825,MSTL
2021-09-01 11:15:00,179.5370462116636,MSTL
2021-09-01 11:30:00,185.3231570938416,MSTL
2021-09-01 11:45:00,183.06636948736556,MSTL
2021-09-01 12:00:00,129.42453647540285,MSTL
2021-09-01 12:15:00,109.01728424671252,MSTL
2021-09-01 12:30:00,109.2250659246234,MSTL
2021-09-01 12:45:00,131.0989911390007,MSTL
2021-09-01 13:00:00,175.11616777299648,MSTL
2021-09-01 13:15:00,183.69577539252575,MSTL
2021-09-01 13:30:00,182.77919767127983,MSTL
2021-09-01 13:45:00,189.6106395889472,MSTL
2021-09-01 14:00:00,190.038785650237,MSTL
2021-09-01 14:15:00,184.0637264005572,MSTL
2021-09-01 14:30:00,186.7919067489472,MSTL
2021-09-01 14:45:00,186.3880157640815,MSTL
2021-09-01 15:00:00,147.7566563881913,MSTL
2021-09-01 15:15:00,168.6978626220317,MSTL
2021-09-01 15:30:00,182.65171485058164,MSTL
2021-09-01 15:45:00,175.3522643027958,MSTL
2021-09-01 16:00:00,180.93682173609528,MSTL
2021-09-01 16:15:00,176.94603407911038,MSTL
2021-09-01 16:30:00,168.8470659011301,MSTL
2021-09-01 16:45:00,171.9748260193403,MSTL
2021-09-01 17:00:00,138.2253543774534,MSTL
2021-09-01 17:15:00,120.29139328639184,MSTL
2021-09-01 17:30:00,162.86595597020667,MSTL
2021-09-01 17:45:00,180.0911491317525,MSTL
2021-09-01 18:00:00,180.49375375461372,MSTL
2021-09-01 18:15:00,171.7203271148125,MSTL
2021-09-01 18:30:00,171.24219395272394,MSTL
2021-09-01 18:45:00,167.9167567264751,MSTL
2021-09-01 19:00:00,162.53565953163042,MSTL
2021-09-01 19:15:00,156.9033565454182,MSTL
2021-09-01 19:30:00,151.08556621970354,MSTL
2021-09-01 19:45:00,133.457287064836,MSTL
2021-09-01 20:00:00,122.34328141138856,MSTL
2021-09-01 20:15:00,129.60557120294357,MSTL
2021-09-01 20:30:00,127.22006198706872,MSTL
2021-09-01 20:45:00,127.69434406835352,MSTL
2021-09-01 21:00:00,122.8037173303417,MSTL
2021-09-01 21:15:00,125.14767308879274,MSTL
2021-09-01 21:30:00,123.5228576504146,MSTL
2021-09-01 21:45:00,123.01527536311,MSTL
2021-09-01 22:00:00,109.37453459728108,MSTL
2021-09-01 22:15:00,120.12565136672056,MSTL
2021-09-01 22:30:00,118.21632766668436,MSTL
2021-09-01 22:45:00,115.71103753153932,MSTL
2021-09-01 23:00:00,113.8776554914565,MSTL
2021-09-01 23:15:00,117.45559380809952,MSTL
2021-09-01 23:30:00,117.34449025830858,MSTL
2021-09-01 23:45:00,95.1887352888518,MSTL
2021-09-02 00:00:00,87.5248695756742,MSTL
2021-09-02 00:15:00,85.33792165630325,MSTL
2021-09-02 00:30:00,82.82317701097477,MSTL
2021-09-02 00:45:00,79.8017908623236,MSTL
2021-09-02 01:00:00,103.6687727111136,MSTL
2021-09-02 01:15:00,115.83680720344172,MSTL
2021-09-02 01:30:00,123.1094329393845,MSTL
2021-09-02 01:45:00,122.4991951317082,MSTL
2021-09-02 02:00:00,124.1714562583758,MSTL
2021-09-02 02:15:00,126.09844991318994,MSTL
2021-09-02 02:30:00,121.28957583686274,MSTL
2021-09-02 02:45:00,117.87039506488776,MSTL
2021-09-02 03:00:00,101.76375878700152,MSTL
2021-09-02 03:15:00,116.40621380837976,MSTL
2021-09-02 03:30:00,117.0321342570512,MSTL
2021-09-02 03:45:00,117.5132683248559,MSTL
2021-09-02 04:00:00,121.0494691807106,MSTL
2021-09-02 04:15:00,123.34224042005256,MSTL
2021-09-02 04:30:00,120.50795479599913,MSTL
2021-09-02 04:45:00,114.03612832948671,MSTL
2021-09-02 05:00:00,91.59456785940873,MSTL
2021-09-02 05:15:00,85.56422164006482,MSTL
2021-09-02 05:30:00,106.13229220881436,MSTL
2021-09-02 05:45:00,120.2163396279706,MSTL
2021-09-02 06:00:00,121.24435583092296,MSTL
2021-09-02 06:15:00,122.59717495751516,MSTL
2021-09-02 06:30:00,118.52059998417562,MSTL
2021-09-02 06:45:00,119.08471290970073,MSTL
2021-09-02 07:00:00,117.2248550926868,MSTL
2021-09-02 07:15:00,126.99408983725336,MSTL
2021-09-02 07:30:00,145.98738251382824,MSTL
2021-09-02 07:45:00,146.57984064070072,MSTL
2021-09-02 08:00:00,168.9162669600056,MSTL
2021-09-02 08:15:00,191.72529598183468,MSTL
2021-09-02 08:30:00,190.511976883367,MSTL
2021-09-02 08:45:00,192.3278005950176,MSTL
2021-09-02 09:00:00,183.84756870249132,MSTL
2021-09-02 09:15:00,191.03996662955285,MSTL
2021-09-02 09:30:00,193.3588723598675,MSTL
2021-09-02 09:45:00,189.3318992660228,MSTL
2021-09-02 10:00:00,165.57351205743328,MSTL
2021-09-02 10:15:00,192.60795976045983,MSTL
2021-09-02 10:30:00,192.6503536770041,MSTL
2021-09-02 10:45:00,194.2058969589802,MSTL
2021-09-02 11:00:00,190.42274637059072,MSTL
2021-09-02 11:15:00,189.27483677835409,MSTL
2021-09-02 11:30:00,186.49461827650484,MSTL
2021-09-02 11:45:00,187.1420730503445,MSTL
2021-09-02 12:00:00,127.40491193534652,MSTL
2021-09-02 12:15:00,112.74643120350476,MSTL
2021-09-02 12:30:00,112.87723234702716,MSTL
2021-09-02 12:45:00,135.61362805257954,MSTL
2021-09-02 13:00:00,176.77260864702808,MSTL
2021-09-02 13:15:00,183.07733915229775,MSTL
2021-09-02 13:30:00,189.53952192452948,MSTL
2021-09-02 13:45:00,191.988412295256,MSTL
2021-09-02 14:00:00,186.57935018266932,MSTL
2021-09-02 14:15:00,185.50943691432008,MSTL
2021-09-02 14:30:00,190.32076971435455,MSTL
2021-09-02 14:45:00,189.90843309098167,MSTL
2021-09-02 15:00:00,157.3197857997962,MSTL
2021-09-02 15:15:00,177.2292101173805,MSTL
2021-09-02 15:30:00,191.6554684871665,MSTL
2021-09-02 15:45:00,189.2897497039765,MSTL
2021-09-02 16:00:00,177.5594837298889,MSTL
2021-09-02 16:15:00,179.5169976280423,MSTL
2021-09-02 16:30:00,180.51072994476107,MSTL
2021-09-02 16:45:00,168.87574980248513,MSTL
2021-09-02 17:00:00,130.55548600316317,MSTL
2021-09-02 17:15:00,115.75884765169094,MSTL
2021-09-02 17:30:00,150.47740177233837,MSTL
2021-09-02 17:45:00,165.20534946044225,MSTL
2021-09-02 18:00:00,170.81323661405216,MSTL
2021-09-02 18:15:00,165.30708073620735,MSTL
2021-09-02 18:30:00,168.62007158060027,MSTL
2021-09-02 18:45:00,168.65738167839325,MSTL
2021-09-02 19:00:00,168.5677523816536,MSTL
2021-09-02 19:15:00,163.85150138201394,MSTL
2021-09-02 19:30:00,166.02670225862238,MSTL
2021-09-02 19:45:00,147.99096181994406,MSTL
2021-09-02 20:00:00,134.9214619340283,MSTL
2021-09-02 20:15:00,139.96736952224995,MSTL
2021-09-02 20:30:00,137.57398366735754,MSTL
2021-09-02 20:45:00,140.06263792753603,MSTL
2021-09-02 21:00:00,133.0269388551588,MSTL
2021-09-02 21:15:00,135.58887963807427,MSTL
2021-09-02 21:30:00,136.16428063452577,MSTL
2021-09-02 21:45:00,130.70370530498602,MSTL
2021-09-02 22:00:00,117.23013694389434,MSTL
2021-09-02 22:15:00,129.9201347616024,MSTL
2021-09-02 22:30:00,128.1025607822531,MSTL
2021-09-02 22:45:00,125.45782444674602,MSTL
2021-09-02 23:00:00,122.31167371465556,MSTL
2021-09-02 23:15:00,122.79817613601736,MSTL
2021-09-02 23:30:00,123.35450446140092,MSTL
2021-09-02 23:45:00,104.88699786026488,MSTL
2021-09-03 00:00:00,85.62119213130123,MSTL
2021-09-03 00:15:00,79.42757344116534,MSTL
2021-09-03 00:30:00,75.93627572747445,MSTL
2021-09-03 00:45:00,74.67040632598982,MSTL
2021-09-03 01:00:00,100.09236387770468,MSTL
2021-09-03 01:15:00,109.80637068731828,MSTL
2021-09-03 01:30:00,116.60317658001614,MSTL
2021-09-03 01:45:00,112.05461581419344,MSTL
2021-09-03 02:00:00,116.4686919263278,MSTL
2021-09-03 02:15:00,119.17651555611307,MSTL
2021-09-03 02:30:00,112.42361068226252,MSTL
2021-09-03 02:45:00,113.9181068394462,MSTL
2021-09-03 03:00:00,100.05995315894498,MSTL
2021-09-03 03:15:00,110.53224809590913,MSTL
2021-09-03 03:30:00,110.70124089204816,MSTL
2021-09-03 03:45:00,113.14242862673476,MSTL
2021-09-03 04:00:00,115.52644163589162,MSTL
2021-09-03 04:15:00,114.35017208152952,MSTL
2021-09-03 04:30:00,109.83311765328637,MSTL
2021-09-03 04:45:00,108.76216730035928,MSTL
2021-09-03 05:00:00,85.78839727442619,MSTL
2021-09-03 05:15:00,78.28396598205426,MSTL
2021-09-03 05:30:00,99.97646854883234,MSTL
2021-09-03 05:45:00,111.55916936748164,MSTL
2021-09-03 06:00:00,113.9297961649301,MSTL
2021-09-03 06:15:00,114.38659086770014,MSTL
2021-09-03 06:30:00,111.79683645848182,MSTL
2021-09-03 06:45:00,113.3482300771336,MSTL
2021-09-03 07:00:00,113.78063481297042,MSTL
2021-09-03 07:15:00,121.89796148371268,MSTL
2021-09-03 07:30:00,146.5579802214963,MSTL
2021-09-03 07:45:00,143.60357158087265,MSTL
2021-09-03 08:00:00,161.9085865396512,MSTL
2021-09-03 08:15:00,182.7748941856383,MSTL
2021-09-03 08:30:00,184.56335502217723,MSTL
2021-09-03 08:45:00,180.20375509582635,MSTL
2021-09-03 09:00:00,171.47709447699762,MSTL
2021-09-03 09:15:00,173.84216394605247,MSTL
2021-09-03 09:30:00,183.54038772123545,MSTL
2021-09-03 09:45:00,183.5274037250289,MSTL
2021-09-03 10:00:00,155.22743645853242,MSTL
2021-09-03 10:15:00,184.71397717684317,MSTL
2021-09-03 10:30:00,183.9416801866376,MSTL
2021-09-03 10:45:00,182.45100501412648,MSTL
2021-09-03 11:00:00,179.70395842538647,MSTL
2021-09-03 11:15:00,182.27266183964696,MSTL
2021-09-03 11:30:00,182.36192676494332,MSTL
2021-09-03 11:45:00,180.3514083798091,MSTL
2021-09-03 12:00:00,122.59860535622651,MSTL
2021-09-03 12:15:00,102.45347911523773,MSTL
2021-09-03 12:30:00,103.04686812266635,MSTL
2021-09-03 12:45:00,131.0220543935273,MSTL
2021-09-03 13:00:00,173.48459294146716,MSTL
2021-09-03 13:15:00,185.84257043758672,MSTL
2021-09-03 13:30:00,178.887053722965,MSTL
2021-09-03 13:45:00,179.05944297312377,MSTL
2021-09-03 14:00:00,180.93766586621584,MSTL
2021-09-03 14:15:00,180.0493089306479,MSTL
2021-09-03 14:30:00,181.3684615621548,MSTL
2021-09-03 14:45:00,180.10176212136014,MSTL
2021-09-03 15:00:00,143.64595107271327,MSTL
2021-09-03 15:15:00,165.4959170863538,MSTL
2021-09-03 15:30:00,177.60515914772813,MSTL
2021-09-03 15:45:00,176.57515954459845,MSTL
2021-09-03 16:00:00,175.02526413780905,MSTL
2021-09-03 16:15:00,178.86155348203886,MSTL
2021-09-03 16:30:00,171.71534889256418,MSTL
2021-09-03 16:45:00,167.06927001960804,MSTL
2021-09-03 17:00:00,123.25748799163992,MSTL
2021-09-03 17:15:00,115.20766044590503,MSTL
2021-09-03 17:30:00,159.8813113418649,MSTL
2021-09-03 17:45:00,171.26838206448605,MSTL
2021-09-03 18:00:00,165.81089648263173,MSTL
2021-09-03 18:15:00,160.4909695525175,MSTL
2021-09-03 18:30:00,163.53900733752414,MSTL
2021-09-03 18:45:00,162.49222774293705,MSTL
2021-09-03 19:00:00,156.77711872562725,MSTL
2021-09-03 19:15:00,137.58712482880264,MSTL
2021-09-03 19:30:00,143.44202212861506,MSTL
2021-09-03 19:45:00,122.96386181920194,MSTL
2021-09-03 20:00:00,110.82777758666953,MSTL
2021-09-03 20:15:00,120.32626194331776,MSTL
2021-09-03 20:30:00,125.2293337557309,MSTL
2021-09-03 20:45:00,122.89597159598908,MSTL
2021-09-03 21:00:00,122.36357196570457,MSTL
2021-09-03 21:15:00,122.05668711915376,MSTL
2021-09-03 21:30:00,117.18547231227473,MSTL
2021-09-03 21:45:00,114.40238494033778,MSTL
2021-09-03 22:00:00,95.07428053832504,MSTL
2021-09-03 22:15:00,109.21953764517112,MSTL
2021-09-03 22:30:00,113.2309410862062,MSTL
2021-09-03 22:45:00,112.3801859995472,MSTL
2021-09-03 23:00:00,109.87102260109972,MSTL
2021-09-03 23:15:00,115.70413241551798,MSTL
2021-09-03 23:30:00,109.42626767751752,MSTL
2021-09-03 23:45:00,87.95188959522474,MSTL
2021-09-04 00:00:00,64.56050701945964,MSTL
2021-09-04 00:15:00,60.0283278163116,MSTL
2021-09-04 00:30:00,58.96378533472618,MSTL
2021-09-04 00:45:00,59.89216854441165,MSTL
2021-09-04 01:00:00,83.6608362839659,MSTL
2021-09-04 01:15:00,90.8055380769225,MSTL
2021-09-04 01:30:00,95.87750425321602,MSTL
2021-09-04 01:45:00,96.32230206237551,MSTL
2021-09-04 02:00:00,99.99702884530414,MSTL
2021-09-04 02:15:00,99.31636478051873,MSTL
2021-09-04 02:30:00,93.47633112568492,MSTL
2021-09-04 02:45:00,87.49071430462261,MSTL
2021-09-04 03:00:00,78.0745910616334,MSTL
2021-09-04 03:15:00,85.37258964756607,MSTL
2021-09-04 03:30:00,85.23381719959349,MSTL
2021-09-04 03:45:00,91.03966383213864,MSTL
2021-09-04 04:00:00,96.27204741987156,MSTL
2021-09-04 04:15:00,91.68430967141973,MSTL
2021-09-04 04:30:00,93.74030708464902,MSTL
2021-09-04 04:45:00,88.94995072140841,MSTL
2021-09-04 05:00:00,71.61985984056322,MSTL
2021-09-04 05:15:00,64.61355954856757,MSTL
2021-09-04 05:30:00,82.72086676098206,MSTL
2021-09-04 05:45:00,92.4610424143102,MSTL
2021-09-04 06:00:00,90.85666137579152,MSTL
2021-09-04 06:15:00,88.57457490160074,MSTL
2021-09-04 06:30:00,84.87059853245623,MSTL
2021-09-04 06:45:00,82.57158167818194,MSTL
2021-09-04 07:00:00,83.30491373501204,MSTL
2021-09-04 07:15:00,72.61005702945693,MSTL
2021-09-04 07:30:00,55.21668684436241,MSTL
2021-09-04 07:45:00,37.88063691179002,MSTL
2021-09-04 08:00:00,32.24352153018992,MSTL
2021-09-04 08:15:00,35.68100034103155,MSTL
2021-09-04 08:30:00,36.59868066352732,MSTL
2021-09-04 08:45:00,38.15825562715736,MSTL
2021-09-04 09:00:00,36.39322842961275,MSTL
2021-09-04 09:15:00,35.114139501801816,MSTL
2021-09-04 09:30:00,43.434775985067866,MSTL
2021-09-04 09:45:00,44.2778200172716,MSTL
2021-09-04 10:00:00,44.87931213342616,MSTL
2021-09-04 10:15:00,45.37944533472399,MSTL
2021-09-04 10:30:00,44.49590579657124,MSTL
2021-09-04 10:45:00,42.498347430154624,MSTL
2021-09-04 11:00:00,41.96007585966468,MSTL
2021-09-04 11:15:00,39.72450380976481,MSTL
2021-09-04 11:30:00,38.22880328970747,MSTL
2021-09-04 11:45:00,38.40880378993569,MSTL
2021-09-04 12:00:00,33.72096060988869,MSTL
2021-09-04 12:15:00,32.05653398501353,MSTL
2021-09-04 12:30:00,32.59695884799464,MSTL
2021-09-04 12:45:00,47.48793852649198,MSTL
2021-09-04 13:00:00,43.95076588823311,MSTL
2021-09-04 13:15:00,42.00715673608302,MSTL
2021-09-04 13:30:00,39.18632524881343,MSTL
2021-09-04 13:45:00,41.47054361249904,MSTL
2021-09-04 14:00:00,45.35292109577493,MSTL
2021-09-04 14:15:00,46.79471349686108,MSTL
2021-09-04 14:30:00,43.93934938434075,MSTL
2021-09-04 14:45:00,44.23606439920361,MSTL
2021-09-04 15:00:00,44.24978834969107,MSTL
2021-09-04 15:15:00,49.507455079714816,MSTL
2021-09-04 15:30:00,39.74972577847132,MSTL
2021-09-04 15:45:00,37.22941985376961,MSTL
2021-09-04 16:00:00,40.31719208242868,MSTL
2021-09-04 16:15:00,46.655870369665294,MSTL
2021-09-04 16:30:00,46.02198636651834,MSTL
2021-09-04 16:45:00,43.27099235484893,MSTL
2021-09-04 17:00:00,42.79470890171183,MSTL
2021-09-04 17:15:00,36.20292342046992,MSTL
2021-09-04 17:30:00,35.747956292666146,MSTL
2021-09-04 17:45:00,38.38423368486029,MSTL
2021-09-04 18:00:00,38.36178287300626,MSTL
2021-09-04 18:15:00,37.80957921798826,MSTL
2021-09-04 18:30:00,39.285013543253,MSTL
2021-09-04 18:45:00,38.92511313962419,MSTL
2021-09-04 19:00:00,42.40554907499612,MSTL
2021-09-04 19:15:00,35.79693048135718,MSTL
2021-09-04 19:30:00,41.25428478787244,MSTL
2021-09-04 19:45:00,40.40954664583174,MSTL
2021-09-04 20:00:00,39.24869566015181,MSTL
2021-09-04 20:15:00,40.528053984399264,MSTL
2021-09-04 20:30:00,42.40596870875175,MSTL
2021-09-04 20:45:00,40.579443949344935,MSTL
2021-09-04 21:00:00,41.40729325209499,MSTL
2021-09-04 21:15:00,40.38992727280443,MSTL
2021-09-04 21:30:00,39.41399136578672,MSTL
2021-09-04 21:45:00,38.23793567219545,MSTL
2021-09-04 22:00:00,32.144266520327136,MSTL
2021-09-04 22:15:00,38.69351364960829,MSTL
2021-09-04 22:30:00,38.1969744632226,MSTL
2021-09-04 22:45:00,39.03368950059246,MSTL
2021-09-04 23:00:00,35.64153978570258,MSTL
2021-09-04 23:15:00,38.135376577588346,MSTL
2021-09-04 23:30:00,36.98057632315224,MSTL
2021-09-04 23:45:00,36.294867887453535,MSTL
2021-09-05 00:00:00,17.8838023669216,MSTL
2021-09-05 00:15:00,16.177810885934278,MSTL
2021-09-05 00:30:00,15.133123987204414,MSTL
2021-09-05 00:45:00,15.967567371861191,MSTL
2021-09-05 01:00:00,23.496325008005385,MSTL
2021-09-05 01:15:00,25.45427288561044,MSTL
2021-09-05 01:30:00,27.97709370417759,MSTL
2021-09-05 01:45:00,30.082361820169663,MSTL
2021-09-05 02:00:00,29.71756968897138,MSTL
2021-09-05 02:15:00,26.53150467645051,MSTL
2021-09-05 02:30:00,22.47885176913367,MSTL
2021-09-05 02:45:00,21.080175751459397,MSTL
2021-09-05 03:00:00,20.05638541487056,MSTL
2021-09-05 03:15:00,23.14131115049574,MSTL
2021-09-05 03:30:00,21.114205806889032,MSTL
2021-09-05 03:45:00,21.42880759378372,MSTL
2021-09-05 04:00:00,26.30936308937785,MSTL
2021-09-05 04:15:00,25.993775993947096,MSTL
2021-09-05 04:30:00,26.341371132755057,MSTL
2021-09-05 04:45:00,25.62403332550593,MSTL
2021-09-05 05:00:00,20.34099623126059,MSTL
2021-09-05 05:15:00,16.665245661595804,MSTL
2021-09-05 05:30:00,23.58939649516175,MSTL
2021-09-05 05:45:00,25.62440349306725,MSTL
2021-09-05 06:00:00,25.75460917480123,MSTL
2021-09-05 06:15:00,27.7354423423147,MSTL
2021-09-05 06:30:00,25.82297890412985,MSTL
2021-09-05 06:45:00,25.213724294854373,MSTL
2021-09-05 07:00:00,25.929373201448897,MSTL
2021-09-05 07:15:00,20.86505474907547,MSTL
2021-09-05 07:30:00,23.456067813737363,MSTL
2021-09-05 07:45:00,18.563294286334,MSTL
2021-09-05 08:00:00,15.924001694908824,MSTL
2021-09-05 08:15:00,19.518081403828447,MSTL
2021-09-05 08:30:00,20.949914119858175,MSTL
2021-09-05 08:45:00,22.56002403531424,MSTL
2021-09-05 09:00:00,21.194179765713898,MSTL
2021-09-05 09:15:00,20.500629078166284,MSTL
2021-09-05 09:30:00,27.27018746218957,MSTL
2021-09-05 09:45:00,27.627008057166197,MSTL
2021-09-05 10:00:00,28.199368665348075,MSTL
2021-09-05 10:15:00,28.018455438233172,MSTL
2021-09-05 10:30:00,27.21463607496049,MSTL
2021-09-05 10:45:00,26.32165163143432,MSTL
2021-09-05 11:00:00,25.20348884683247,MSTL
2021-09-05 11:15:00,23.39020978858176,MSTL
2021-09-05 11:30:00,24.042986621404907,MSTL
2021-09-05 11:45:00,22.206906017130137,MSTL
2021-09-05 12:00:00,19.159269450070383,MSTL
2021-09-05 12:15:00,17.95341509153205,MSTL
2021-09-05 12:30:00,18.58535053782255,MSTL
2021-09-05 12:45:00,31.194582509918867,MSTL
2021-09-05 13:00:00,27.33691235343417,MSTL
2021-09-05 13:15:00,25.95546132685521,MSTL
2021-09-05 13:30:00,23.31244243272144,MSTL
2021-09-05 13:45:00,25.61216896319229,MSTL
2021-09-05 14:00:00,29.39360312449344,MSTL
2021-09-05 14:15:00,32.015630332510845,MSTL
2021-09-05 14:30:00,29.323467305689647,MSTL
2021-09-05 14:45:00,27.901050375972986,MSTL
2021-09-05 15:00:00,27.60936455943096,MSTL
2021-09-05 15:15:00,31.706474709427297,MSTL
2021-09-05 15:30:00,23.352653180775803,MSTL
2021-09-05 15:45:00,21.5713460886882,MSTL
2021-09-05 16:00:00,25.48941144540809,MSTL
2021-09-05 16:15:00,29.829801676257745,MSTL
2021-09-05 16:30:00,28.63802399920188,MSTL
2021-09-05 16:45:00,28.550987136812807,MSTL
2021-09-05 17:00:00,27.967598448041517,MSTL
2021-09-05 17:15:00,22.129994658740188,MSTL
2021-09-05 17:30:00,24.568809846117446,MSTL
2021-09-05 17:45:00,27.49690435928474,MSTL
2021-09-05 18:00:00,25.02983021083203,MSTL
2021-09-05 18:15:00,23.15838927667244,MSTL
2021-09-05 18:30:00,25.381086003679144,MSTL
2021-09-05 18:45:00,24.56791810654568,MSTL
2021-09-05 19:00:00,27.66960919639384,MSTL
2021-09-05 19:15:00,22.35513506036497,MSTL
2021-09-05 19:30:00,28.536191257930923,MSTL
2021-09-05 19:45:00,27.832418846371525,MSTL
2021-09-05 20:00:00,26.673574206114168,MSTL
2021-09-05 20:15:00,28.80495058814512,MSTL
2021-09-05 20:30:00,29.618513905092502,MSTL
2021-09-05 20:45:00,27.400280054484057,MSTL
2021-09-05 21:00:00,28.061601053646967,MSTL
2021-09-05 21:15:00,27.264166455352694,MSTL
2021-09-05 21:30:00,25.51825804195793,MSTL
2021-09-05 21:45:00,25.147271887523036,MSTL
2021-09-05 22:00:00,18.95757413777945,MSTL
2021-09-05 22:15:00,24.243582327187127,MSTL
2021-09-05 22:30:00,24.351173299901376,MSTL
2021-09-05 22:45:00,26.979957907415223,MSTL
2021-09-05 23:00:00,23.493609461223,MSTL
2021-09-05 23:15:00,25.94518535578669,MSTL
2021-09-05 23:30:00,23.772947832515044,MSTL
2021-09-05 23:45:00,24.736114168674035,MSTL
2021-09-06 00:00:00,17.81799762461894,MSTL
2021-09-06 00:15:00,16.163517147794423,MSTL
2021-09-06 00:30:00,15.763397137798606,MSTL
2021-09-06 00:45:00,15.560968312414587,MSTL
2021-09-06 01:00:00,20.536301870637278,MSTL
2021-09-06 01:15:00,23.57316407752552,MSTL
2021-09-06 01:30:00,25.725713282621413,MSTL
2021-09-06 01:45:00,25.581140548508586,MSTL
2021-09-06 02:00:00,25.57385859162858,MSTL
2021-09-06 02:15:00,23.524103149721967,MSTL
2021-09-06 02:30:00,22.02962476843437,MSTL
2021-09-06 02:45:00,20.458618555396825,MSTL
2021-09-06 03:00:00,19.4988619912874,MSTL
2021-09-06 03:15:00,22.471320911059703,MSTL
2021-09-06 03:30:00,20.254515741457357,MSTL
2021-09-06 03:45:00,20.77123064018869,MSTL
2021-09-06 04:00:00,24.567025308758232,MSTL
2021-09-06 04:15:00,24.38996859488111,MSTL
2021-09-06 04:30:00,24.674985875641497,MSTL
2021-09-06 04:45:00,23.754196454169616,MSTL
2021-09-06 05:00:00,19.02796406004528,MSTL
2021-09-06 05:15:00,15.64580520456731,MSTL
2021-09-06 05:30:00,21.359542357666317,MSTL
2021-09-06 05:45:00,23.01065171005453,MSTL
2021-09-06 06:00:00,25.290124779693244,MSTL
2021-09-06 06:15:00,26.91325162134021,MSTL
2021-09-06 06:30:00,24.461094545060988,MSTL
2021-09-06 06:45:00,24.63596690196032,MSTL
2021-09-06 07:00:00,29.822964641876894,MSTL
2021-09-06 07:15:00,36.64577014350077,MSTL
2021-09-06 07:30:00,64.14222376225764,MSTL
2021-09-06 07:45:00,92.29900139789336,MSTL
2021-09-06 08:00:00,130.71329515380714,MSTL
2021-09-06 08:15:00,160.1279685005752,MSTL
2021-09-06 08:30:00,164.47820780117848,MSTL
2021-09-06 08:45:00,163.34539541567,MSTL
2021-09-06 09:00:00,158.47574899364383,MSTL
2021-09-06 09:15:00,150.821716336014,MSTL
2021-09-06 09:30:00,164.95567819646743,MSTL
2021-09-06 09:45:00,163.40266370064998,MSTL
2021-09-06 10:00:00,133.2931803847477,MSTL
2021-09-06 10:15:00,162.76000568041292,MSTL
2021-09-06 10:30:00,163.15010492426177,MSTL
2021-09-06 10:45:00,158.73937100832205,MSTL
2021-09-06 11:00:00,158.1893190226377,MSTL
2021-09-06 11:15:00,160.53391296275913,MSTL
2021-09-06 11:30:00,154.38522407638146,MSTL
2021-09-06 11:45:00,155.84862468402002,MSTL
2021-09-06 12:00:00,109.56288608183117,MSTL
2021-09-06 12:15:00,90.81501226398774,MSTL
2021-09-06 12:30:00,87.82627440108098,MSTL
2021-09-06 12:45:00,111.20589542914948,MSTL
2021-09-06 13:00:00,146.2285080739042,MSTL
2021-09-06 13:15:00,155.87149085863226,MSTL
2021-09-06 13:30:00,155.04763309261813,MSTL
2021-09-06 13:45:00,157.7589961030389,MSTL
2021-09-06 14:00:00,158.48297134135402,MSTL
2021-09-06 14:15:00,160.35697878612723,MSTL
2021-09-06 14:30:00,160.55223172642107,MSTL
2021-09-06 14:45:00,156.70847573658784,MSTL
2021-09-06 15:00:00,127.04597122967007,MSTL
2021-09-06 15:15:00,141.9215451669581,MSTL
2021-09-06 15:30:00,153.10794604090444,MSTL
2021-09-06 15:45:00,154.95509110865223,MSTL
2021-09-06 16:00:00,148.30210627580192,MSTL
2021-09-06 16:15:00,150.98082274937664,MSTL
2021-09-06 16:30:00,149.05639956943156,MSTL
2021-09-06 16:45:00,146.12449299554066,MSTL
2021-09-06 17:00:00,119.1168800387834,MSTL
2021-09-06 17:15:00,103.58451208869538,MSTL
2021-09-06 17:30:00,124.07851227253416,MSTL
2021-09-06 17:45:00,136.6187461807832,MSTL
2021-09-06 18:00:00,134.70111006787803,MSTL
2021-09-06 18:15:00,126.70495259594298,MSTL
2021-09-06 18:30:00,124.8166097045436,MSTL
2021-09-06 18:45:00,120.0634595353048,MSTL
2021-09-06 19:00:00,124.55160946384098,MSTL
2021-09-06 19:15:00,119.18742871719996,MSTL
2021-09-06 19:30:00,118.64908152698396,MSTL
2021-09-06 19:45:00,102.67262699331523,MSTL
2021-09-06 20:00:00,96.53726218641845,MSTL
2021-09-06 20:15:00,107.24234225050807,MSTL
2021-09-06 20:30:00,110.68765990035858,MSTL
2021-09-06 20:45:00,107.9603784728723,MSTL
2021-09-06 21:00:00,109.2943763687298,MSTL
2021-09-06 21:15:00,111.32206976417352,MSTL
2021-09-06 21:30:00,105.34656847847066,MSTL
2021-09-06 21:45:00,101.88945419717906,MSTL
2021-09-06 22:00:00,85.14581075094998,MSTL
2021-09-06 22:15:00,98.77126086062452,MSTL
2021-09-06 22:30:00,99.76593856595142,MSTL
2021-09-06 22:45:00,104.19807413175076,MSTL
2021-09-06 23:00:00,97.71276750440254,MSTL
2021-09-06 23:15:00,98.17237953460484,MSTL
2021-09-06 23:30:00,93.3122824513177,MSTL
2021-09-06 23:45:00,74.33028803176761,MSTL
2021-09-07 00:00:00,69.67050879829915,MSTL
2021-09-07 00:15:00,66.36072983580465,MSTL
2021-09-07 00:30:00,64.74008704178948,MSTL
2021-09-07 00:45:00,65.23859792383229,MSTL
2021-09-07 01:00:00,90.80396088795848,MSTL
2021-09-07 01:15:00,102.50698535054408,MSTL
2021-09-07 01:30:00,107.62915342150828,MSTL
2021-09-07 01:45:00,105.00250362057056,MSTL
2021-09-07 02:00:00,107.100666478515,MSTL
2021-09-07 02:15:00,104.52306452222474,MSTL
2021-09-07 02:30:00,102.32257164077244,MSTL
2021-09-07 02:45:00,98.88915516221914,MSTL
2021-09-07 03:00:00,86.78044698091357,MSTL
2021-09-07 03:15:00,98.97569378493245,MSTL
2021-09-07 03:30:00,103.3402783560823,MSTL
2021-09-07 03:45:00,100.20562583091724,MSTL
2021-09-07 04:00:00,105.10100011187129,MSTL
2021-09-07 04:15:00,106.81862799838386,MSTL
2021-09-07 04:30:00,105.03168181940468,MSTL
2021-09-07 04:45:00,99.95374154437216,MSTL
2021-09-07 05:00:00,80.07301036728816,MSTL
2021-09-07 05:15:00,72.41024719443195,MSTL
2021-09-07 05:30:00,91.56861904138054,MSTL
2021-09-07 05:45:00,104.56663167885532,MSTL
2021-09-07 06:00:00,105.77992581640356,MSTL
2021-09-07 06:15:00,105.94887659635653,MSTL
2021-09-07 06:30:00,103.30556850784411,MSTL
2021-09-07 06:45:00,104.51573762341732,MSTL
2021-09-07 07:00:00,105.8278777829446,MSTL
2021-09-07 07:15:00,112.6487317447774,MSTL
2021-09-07 07:30:00,135.41460979527233,MSTL
2021-09-07 07:45:00,129.82800944146825,MSTL
2021-09-07 08:00:00,150.51724176172056,MSTL
2021-09-07 08:15:00,169.46814884674012,MSTL
2021-09-07 08:30:00,172.43677662941113,MSTL
2021-09-07 08:45:00,165.3914655269064,MSTL
2021-09-07 09:00:00,157.48328913022047,MSTL
2021-09-07 09:15:00,156.31665685754237,MSTL
2021-09-07 09:30:00,164.77626566040686,MSTL
2021-09-07 09:45:00,173.3878855499791,MSTL
2021-09-07 10:00:00,143.43745056252246,MSTL
2021-09-07 10:15:00,174.3820108581835,MSTL
2021-09-07 10:30:00,173.26778338508504,MSTL
2021-09-07 10:45:00,170.90874685106274,MSTL
2021-09-07 11:00:00,171.33204670511014,MSTL
2021-09-07 11:15:00,170.02643108793063,MSTL
2021-09-07 11:30:00,167.41372048610364,MSTL
2021-09-07 11:45:00,166.49967009848515,MSTL
2021-09-07 12:00:00,113.15588188333606,MSTL
2021-09-07 12:15:00,96.75300729825578,MSTL
2021-09-07 12:30:00,95.88314159811212,MSTL
2021-09-07 12:45:00,123.01647172927936,MSTL
2021-09-07 13:00:00,151.12639119724994,MSTL
2021-09-07 13:15:00,166.06115318289258,MSTL
2021-09-07 13:30:00,166.05111470588966,MSTL
2021-09-07 13:45:00,168.5921036488701,MSTL
2021-09-07 14:00:00,173.95171767462756,MSTL
2021-09-07 14:15:00,170.59003147834807,MSTL
2021-09-07 14:30:00,167.34805057487426,MSTL
2021-09-07 14:45:00,167.19791681492984,MSTL
2021-09-07 15:00:00,133.1480634020089,MSTL
2021-09-07 15:15:00,153.62347664168726,MSTL
2021-09-07 15:30:00,163.07396436713591,MSTL
2021-09-07 15:45:00,169.6992082008497,MSTL
2021-09-07 16:00:00,166.22311025910628,MSTL
2021-09-07 16:15:00,164.87067158919902,MSTL
2021-09-07 16:30:00,157.4464843091746,MSTL
2021-09-07 16:45:00,156.0940794564504,MSTL
2021-09-07 17:00:00,118.4521580157741,MSTL
2021-09-07 17:15:00,102.04683589710636,MSTL
2021-09-07 17:30:00,136.29058277809096,MSTL
2021-09-07 17:45:00,145.89678606728455,MSTL
2021-09-07 18:00:00,148.0385957599551,MSTL
2021-09-07 18:15:00,150.13022149125482,MSTL
2021-09-07 18:30:00,152.00130870445383,MSTL
2021-09-07 18:45:00,153.88351872289795,MSTL
2021-09-07 19:00:00,153.26964478457012,MSTL
2021-09-07 19:15:00,142.90083735619203,MSTL
2021-09-07 19:30:00,153.07568106891125,MSTL
2021-09-07 19:45:00,141.27740597720432,MSTL
2021-09-07 20:00:00,125.79658762423968,MSTL
2021-09-07 20:15:00,132.2726496456438,MSTL
2021-09-07 20:30:00,131.9380717893889,MSTL
2021-09-07 20:45:00,124.80086186944057,MSTL
2021-09-07 21:00:00,126.50433381639954,MSTL
2021-09-07 21:15:00,121.77457515158676,MSTL
2021-09-07 21:30:00,122.7640533201092,MSTL
2021-09-07 21:45:00,121.10997500156935,MSTL
2021-09-07 22:00:00,101.2976776151658,MSTL
2021-09-07 22:15:00,114.60898975455405,MSTL
2021-09-07 22:30:00,110.01830389703672,MSTL
2021-09-07 22:45:00,113.13665715352523,MSTL
2021-09-07 23:00:00,108.2253660308013,MSTL
2021-09-07 23:15:00,113.8159044518494,MSTL
2021-09-07 23:30:00,107.26593488544832,MSTL
2021-09-07 23:45:00,88.91960083815232,MSTL
2021-09-08 00:00:00,79.88303114834045,MSTL
2021-09-08 00:15:00,76.17874808605373,MSTL
2021-09-08 00:30:00,72.96812616826197,MSTL
2021-09-08 00:45:00,70.21822376413425,MSTL
2021-09-08 01:00:00,95.82664539418406,MSTL
2021-09-08 01:15:00,108.06979550131524,MSTL
2021-09-08 01:30:00,111.60125951530766,MSTL
2021-09-08 01:45:00,111.56528288299546,MSTL
2021-09-08 02:00:00,111.07477602599964,MSTL
2021-09-08 02:15:00,110.23082758377578,MSTL
2021-09-08 02:30:00,107.99466714204486,MSTL
2021-09-08 02:45:00,107.4766516345676,MSTL
2021-09-08 03:00:00,92.90015554866665,MSTL
2021-09-08 03:15:00,106.5574375874719,MSTL
2021-09-08 03:30:00,104.8058157128316,MSTL
2021-09-08 03:45:00,105.20752955656216,MSTL
2021-09-08 04:00:00,106.39144180922683,MSTL
2021-09-08 04:15:00,110.03192280840128,MSTL
2021-09-08 04:30:00,113.2136512282303,MSTL
2021-09-08 04:45:00,110.69916693529508,MSTL
2021-09-08 05:00:00,87.01321987723054,MSTL
2021-09-08 05:15:00,76.96452414357195,MSTL
2021-09-08 05:30:00,96.57841857345444,MSTL
2021-09-08 05:45:00,109.9046147886574,MSTL
2021-09-08 06:00:00,110.1711066754012,MSTL
2021-09-08 06:15:00,109.93096043099368,MSTL
2021-09-08 06:30:00,116.1702578640204,MSTL
2021-09-08 06:45:00,117.57846050554838,MSTL
2021-09-08 07:00:00,114.61941327069556,MSTL
2021-09-08 07:15:00,122.1884246623271,MSTL
2021-09-08 07:30:00,146.84775251714575,MSTL
2021-09-08 07:45:00,135.81125089460994,MSTL
2021-09-08 08:00:00,150.89050663851123,MSTL
2021-09-08 08:15:00,171.0373762316297,MSTL
2021-09-08 08:30:00,180.42276068013524,MSTL
2021-09-08 08:45:00,182.78433914738275,MSTL
2021-09-08 09:00:00,165.76077604669894,MSTL
2021-09-08 09:15:00,165.20210585474635,MSTL
2021-09-08 09:30:00,169.1610086239543,MSTL
2021-09-08 09:45:00,176.74956677432365,MSTL
2021-09-08 10:00:00,150.26782307683493,MSTL
2021-09-08 10:15:00,178.07652167062588,MSTL
2021-09-08 10:30:00,176.8645889085734,MSTL
2021-09-08 10:45:00,177.10436211917892,MSTL
2021-09-08 11:00:00,170.5760416212641,MSTL
2021-09-08 11:15:00,171.12386872672164,MSTL
2021-09-08 11:30:00,176.6049405946681,MSTL
2021-09-08 11:45:00,172.51204870416225,MSTL
2021-09-08 12:00:00,120.75502077880203,MSTL
2021-09-08 12:15:00,100.11039040343624,MSTL
2021-09-08 12:30:00,98.86829563372578,MSTL
2021-09-08 12:45:00,123.09747532940186,MSTL
2021-09-08 13:00:00,163.67866699254364,MSTL
2021-09-08 13:15:00,173.0069733705502,MSTL
2021-09-08 13:30:00,173.9001861650592,MSTL
2021-09-08 13:45:00,177.3329211312722,MSTL
2021-09-08 14:00:00,180.13805260999152,MSTL
2021-09-08 14:15:00,177.62511195478618,MSTL
2021-09-08 14:30:00,176.3304909169353,MSTL
2021-09-08 14:45:00,177.24995667347363,MSTL
2021-09-08 15:00:00,142.2528961061625,MSTL
2021-09-08 15:15:00,159.81384362238305,MSTL
2021-09-08 15:30:00,168.75154122763294,MSTL
2021-09-08 15:45:00,163.2894345335419,MSTL
2021-09-08 16:00:00,164.58517121776458,MSTL
2021-09-08 16:15:00,163.50664761975037,MSTL
2021-09-08 16:30:00,158.5224808215167,MSTL
2021-09-08 16:45:00,158.8685172969823,MSTL
2021-09-08 17:00:00,124.33880232527632,MSTL
2021-09-08 17:15:00,105.90540463295974,MSTL
2021-09-08 17:30:00,155.21057554371382,MSTL
2021-09-08 17:45:00,171.3984265519155,MSTL
2021-09-08 18:00:00,166.97511296922886,MSTL
2021-09-08 18:15:00,161.69971905026227,MSTL
2021-09-08 18:30:00,158.84028862904762,MSTL
2021-09-08 18:45:00,159.18293319460054,MSTL
2021-09-08 19:00:00,156.6495751522032,MSTL
2021-09-08 19:15:00,148.1674174469288,MSTL
2021-09-08 19:30:00,149.32952815566497,MSTL
2021-09-08 19:45:00,127.94249222150223,MSTL
2021-09-08 20:00:00,114.69613873234748,MSTL
2021-09-08 20:15:00,123.860276893731,MSTL
2021-09-08 20:30:00,121.42084105838218,MSTL
2021-09-08 20:45:00,123.1998280228606,MSTL
2021-09-08 21:00:00,120.20849605930871,MSTL
2021-09-08 21:15:00,117.4850163304813,MSTL
2021-09-08 21:30:00,115.74271862819045,MSTL
2021-09-08 21:45:00,117.2960594485931,MSTL
2021-09-08 22:00:00,100.1365280423027,MSTL
2021-09-08 22:15:00,113.68025321488756,MSTL
2021-09-08 22:30:00,109.09366502388856,MSTL
2021-09-08 22:45:00,111.7593426757381,MSTL
2021-09-08 23:00:00,110.70942902007566,MSTL
2021-09-08 23:15:00,113.87990684990044,MSTL
2021-09-08 23:30:00,106.88596738765982,MSTL
2021-09-08 23:45:00,88.6372403246291,MSTL
2021-09-09 00:00:00,71.80273857897421,MSTL
2021-09-09 00:15:00,68.67056488232764,MSTL
2021-09-09 00:30:00,65.98637369999267,MSTL
2021-09-09 00:45:00,64.4006538923163,MSTL
2021-09-09 01:00:00,89.91940424282623,MSTL
2021-09-09 01:15:00,102.20961685261912,MSTL
2021-09-09 01:30:00,109.85864420282228,MSTL
2021-09-09 01:45:00,110.25960141774382,MSTL
2021-09-09 02:00:00,108.24441818144898,MSTL
2021-09-09 02:15:00,108.88188180477484,MSTL
2021-09-09 02:30:00,106.78846878673563,MSTL
2021-09-09 02:45:00,104.44865361802012,MSTL
2021-09-09 03:00:00,87.07694193704049,MSTL
2021-09-09 03:15:00,105.9177991115037,MSTL
2021-09-09 03:30:00,107.23584094640374,MSTL
2021-09-09 03:45:00,106.1816502850352,MSTL
2021-09-09 04:00:00,105.61100440161027,MSTL
2021-09-09 04:15:00,104.8177189414292,MSTL
2021-09-09 04:30:00,107.9894480796018,MSTL
2021-09-09 04:45:00,103.58949686012586,MSTL
2021-09-09 05:00:00,79.53891593619106,MSTL
2021-09-09 05:15:00,70.24159227216307,MSTL
2021-09-09 05:30:00,96.05690248897378,MSTL
2021-09-09 05:45:00,104.85331619000964,MSTL
2021-09-09 06:00:00,107.16120662350971,MSTL
2021-09-09 06:15:00,111.14417618482084,MSTL
2021-09-09 06:30:00,108.97638114842952,MSTL
2021-09-09 06:45:00,109.103103696476,MSTL
2021-09-09 07:00:00,110.68690670437756,MSTL
2021-09-09 07:15:00,119.38446492128551,MSTL
2021-09-09 07:30:00,140.34860886167354,MSTL
2021-09-09 07:45:00,133.4590168732705,MSTL
2021-09-09 08:00:00,152.82577169351072,MSTL
2021-09-09 08:15:00,170.39406070070817,MSTL
2021-09-09 08:30:00,169.19176919191082,MSTL
2021-09-09 08:45:00,172.07758931757456,MSTL
2021-09-09 09:00:00,165.80736382442495,MSTL
2021-09-09 09:15:00,165.31363394131543,MSTL
2021-09-09 09:30:00,170.4671615846611,MSTL
2021-09-09 09:45:00,169.41271962564682,MSTL
2021-09-09 10:00:00,144.09075350733167,MSTL
2021-09-09 10:15:00,169.9015579227048,MSTL
2021-09-09 10:30:00,164.70428401984856,MSTL
2021-09-09 10:45:00,173.51390923606778,MSTL
2021-09-09 11:00:00,168.29950290299433,MSTL
2021-09-09 11:15:00,174.99353091762384,MSTL
2021-09-09 11:30:00,171.20951741888814,MSTL
2021-09-09 11:45:00,171.0825701281896,MSTL
2021-09-09 12:00:00,117.1755633587602,MSTL
2021-09-09 12:15:00,96.63467987154392,MSTL
2021-09-09 12:30:00,82.9635704846036,MSTL
2021-09-09 12:45:00,107.76675951989084,MSTL
2021-09-09 13:00:00,154.7022893754851,MSTL
2021-09-09 13:15:00,157.81617706570282,MSTL
2021-09-09 13:30:00,169.85067796050132,MSTL
2021-09-09 13:45:00,169.34493813646708,MSTL
2021-09-09 14:00:00,171.63595176033743,MSTL
2021-09-09 14:15:00,168.74181649382697,MSTL
2021-09-09 14:30:00,172.68054112659988,MSTL
2021-09-09 14:45:00,173.59452965819747,MSTL
2021-09-09 15:00:00,140.80728002429657,MSTL
2021-09-09 15:15:00,163.08547016801435,MSTL
2021-09-09 15:30:00,172.7834957199349,MSTL
2021-09-09 15:45:00,170.43362846089454,MSTL
2021-09-09 16:00:00,159.97814949322418,MSTL
2021-09-09 16:15:00,154.9707010696597,MSTL
2021-09-09 16:30:00,158.47411007788665,MSTL
2021-09-09 16:45:00,152.24468105146914,MSTL
2021-09-09 17:00:00,117.37617645903708,MSTL
2021-09-09 17:15:00,98.24094313647898,MSTL
2021-09-09 17:30:00,137.6822818909876,MSTL
2021-09-09 17:45:00,150.4599874233648,MSTL
2021-09-09 18:00:00,151.62302119691643,MSTL
2021-09-09 18:15:00,151.40938912925958,MSTL
2021-09-09 18:30:00,152.41445278634546,MSTL
2021-09-09 18:45:00,154.6628219096109,MSTL
2021-09-09 19:00:00,158.46225829092316,MSTL
2021-09-09 19:15:00,150.43917449353168,MSTL
2021-09-09 19:30:00,159.01580447042167,MSTL
2021-09-09 19:45:00,134.14266878763988,MSTL
2021-09-09 20:00:00,116.46397944435554,MSTL
2021-09-09 20:15:00,121.32371742430502,MSTL
2021-09-09 20:30:00,122.39994093472068,MSTL
2021-09-09 20:45:00,121.58468758667934,MSTL
2021-09-09 21:00:00,120.63820443348362,MSTL
2021-09-09 21:15:00,119.27472507506356,MSTL
2021-09-09 21:30:00,119.63057024295344,MSTL
2021-09-09 21:45:00,118.29650575116956,MSTL
2021-09-09 22:00:00,99.46308380833852,MSTL
2021-09-09 22:15:00,112.56655827137962,MSTL
2021-09-09 22:30:00,110.16218299469276,MSTL
2021-09-09 22:45:00,113.17843333837988,MSTL
2021-09-09 23:00:00,110.97652633197552,MSTL
2021-09-09 23:15:00,112.53729045330611,MSTL
2021-09-09 23:30:00,109.27633002910387,MSTL
2021-09-09 23:45:00,88.06272547624098,MSTL
2021-09-10 00:00:00,78.1464942215511,MSTL
2021-09-10 00:15:00,72.65776401058116,MSTL
2021-09-10 00:30:00,69.74694118558455,MSTL
2021-09-10 00:45:00,69.75005062311243,MSTL
2021-09-10 01:00:00,95.67446874295015,MSTL
2021-09-10 01:15:00,106.08900863940698,MSTL
2021-09-10 01:30:00,110.88452168807656,MSTL
2021-09-10 01:45:00,109.6806580376308,MSTL
2021-09-10 02:00:00,110.1579535978892,MSTL
2021-09-10 02:15:00,113.48633303158046,MSTL
2021-09-10 02:30:00,111.51882448217884,MSTL
2021-09-10 02:45:00,112.63712079949308,MSTL
2021-09-10 03:00:00,101.99085637354344,MSTL
2021-09-10 03:15:00,112.15821982950686,MSTL
2021-09-10 03:30:00,113.31713113054698,MSTL
2021-09-10 03:45:00,113.07714809180172,MSTL
2021-09-10 04:00:00,109.37410770649292,MSTL
2021-09-10 04:15:00,106.79501486496532,MSTL
2021-09-10 04:30:00,108.84650195239315,MSTL
2021-09-10 04:45:00,106.78850762902952,MSTL
2021-09-10 05:00:00,83.03401165931767,MSTL
2021-09-10 05:15:00,76.21901946138604,MSTL
2021-09-10 05:30:00,101.28359979118014,MSTL
2021-09-10 05:45:00,109.03304011778786,MSTL
2021-09-10 06:00:00,112.07903803879658,MSTL
2021-09-10 06:15:00,114.32173967655754,MSTL
2021-09-10 06:30:00,112.48207684825704,MSTL
2021-09-10 06:45:00,113.1799120968236,MSTL
2021-09-10 07:00:00,115.60119250995858,MSTL
2021-09-10 07:15:00,129.03812724550713,MSTL
2021-09-10 07:30:00,148.5888094166452,MSTL
2021-09-10 07:45:00,140.40241015745843,MSTL
2021-09-10 08:00:00,159.98844137536082,MSTL
2021-09-10 08:15:00,174.5611414285521,MSTL
2021-09-10 08:30:00,179.11626865612902,MSTL
2021-09-10 08:45:00,177.95672910804188,MSTL
2021-09-10 09:00:00,166.25889677536543,MSTL
2021-09-10 09:15:00,167.11122730629165,MSTL
2021-09-10 09:30:00,163.7245281846589,MSTL
2021-09-10 09:45:00,168.04389193600008,MSTL
2021-09-10 10:00:00,140.3818163452143,MSTL
2021-09-10 10:15:00,167.53428547992473,MSTL
2021-09-10 10:30:00,165.6631012383902,MSTL
2021-09-10 10:45:00,169.40200272081245,MSTL
2021-09-10 11:00:00,171.91867380480494,MSTL
2021-09-10 11:15:00,178.72897608585356,MSTL
2021-09-10 11:30:00,181.2246239118529,MSTL
2021-09-10 11:45:00,175.77392191343318,MSTL
2021-09-10 12:00:00,122.32812992591158,MSTL
2021-09-10 12:15:00,98.3452051054683,MSTL
2021-09-10 12:30:00,85.34147723440566,MSTL
2021-09-10 12:45:00,115.46091098510892,MSTL
2021-09-10 13:00:00,162.87361792819087,MSTL
2021-09-10 13:15:00,174.46006458789324,MSTL
2021-09-10 13:30:00,172.27957894012906,MSTL
2021-09-10 13:45:00,166.54476754805916,MSTL
2021-09-10 14:00:00,171.71077486131904,MSTL
2021-09-10 14:15:00,167.68408297778336,MSTL
2021-09-10 14:30:00,171.80684247715868,MSTL
2021-09-10 14:45:00,169.46651579202577,MSTL
2021-09-10 15:00:00,135.55805554402434,MSTL
2021-09-10 15:15:00,163.82914838545747,MSTL
2021-09-10 15:30:00,171.17962364525698,MSTL
2021-09-10 15:45:00,169.54526570348952,MSTL
2021-09-10 16:00:00,165.4629851861353,MSTL
2021-09-10 16:15:00,159.75064636431912,MSTL
2021-09-10 16:30:00,157.197146551064,MSTL
2021-09-10 16:45:00,161.11382473539788,MSTL
2021-09-10 17:00:00,123.16657200845955,MSTL
2021-09-10 17:15:00,112.23709460930222,MSTL
2021-09-10 17:30:00,161.00520843055503,MSTL
2021-09-10 17:45:00,171.2976160190781,MSTL
2021-09-10 18:00:00,162.9885341768284,MSTL
2021-09-10 18:15:00,158.52208487669486,MSTL
2021-09-10 18:30:00,153.27674933087926,MSTL
2021-09-10 18:45:00,156.8807167043296,MSTL
2021-09-10 19:00:00,153.47121795421702,MSTL
2021-09-10 19:15:00,136.66453274233754,MSTL
2021-09-10 19:30:00,141.31244495274555,MSTL
2021-09-10 19:45:00,114.53596798856096,MSTL
2021-09-10 20:00:00,103.97251443195628,MSTL
2021-09-10 20:15:00,112.55506824171655,MSTL
2021-09-10 20:30:00,114.89125313493868,MSTL
2021-09-10 20:45:00,114.5015329096623,MSTL
2021-09-10 21:00:00,115.85101870737608,MSTL
2021-09-10 21:15:00,114.77794109714742,MSTL
2021-09-10 21:30:00,112.67653085374724,MSTL
2021-09-10 21:45:00,111.02346925979428,MSTL
2021-09-10 22:00:00,89.65019875839742,MSTL
2021-09-10 22:15:00,102.03775000167238,MSTL
2021-09-10 22:30:00,107.79797562372266,MSTL
2021-09-10 22:45:00,106.03116802546926,MSTL
2021-09-10 23:00:00,106.19707803608864,MSTL
2021-09-10 23:15:00,110.06439833110016,MSTL
2021-09-10 23:30:00,103.1344852220788,MSTL
2021-09-10 23:45:00,79.912523501781,MSTL
2021-09-11 00:00:00,57.861739546930856,MSTL
2021-09-11 00:15:00,53.42372091250126,MSTL
2021-09-11 00:30:00,52.32573213277588,MSTL
2021-09-11 00:45:00,53.31398774174762,MSTL
2021-09-11 01:00:00,76.51307912989185,MSTL
2021-09-11 01:15:00,86.53045265986674,MSTL
2021-09-11 01:30:00,86.758866079982,MSTL
2021-09-11 01:45:00,88.94429989945397,MSTL
2021-09-11 02:00:00,90.08187107820214,MSTL
2021-09-11 02:15:00,91.98918113935645,MSTL
2021-09-11 02:30:00,92.0661842849007,MSTL
2021-09-11 02:45:00,86.40542177459878,MSTL
2021-09-11 03:00:00,76.46313559275112,MSTL
2021-09-11 03:15:00,84.97953046678649,MSTL
2021-09-11 03:30:00,85.01956648682966,MSTL
2021-09-11 03:45:00,87.55560855038551,MSTL
2021-09-11 04:00:00,88.92771468258664,MSTL
2021-09-11 04:15:00,87.51730354488238,MSTL
2021-09-11 04:30:00,89.77090857814247,MSTL
2021-09-11 04:45:00,84.75517639351612,MSTL
2021-09-11 05:00:00,67.25817775509866,MSTL
2021-09-11 05:15:00,62.809112407142976,MSTL
2021-09-11 05:30:00,79.07966471896415,MSTL
2021-09-11 05:45:00,87.6033126495849,MSTL
2021-09-11 06:00:00,87.57287168520398,MSTL
2021-09-11 06:15:00,88.05276096444368,MSTL
2021-09-11 06:30:00,87.20130613349696,MSTL
2021-09-11 06:45:00,84.5268138362784,MSTL
2021-09-11 07:00:00,80.58060926651096,MSTL
2021-09-11 07:15:00,76.36439890495004,MSTL
2021-09-11 07:30:00,54.53006268539453,MSTL
2021-09-11 07:45:00,33.08971580659886,MSTL
2021-09-11 08:00:00,32.33372025249743,MSTL
2021-09-11 08:15:00,29.25871435295285,MSTL
2021-09-11 08:30:00,27.478788518132674,MSTL
2021-09-11 08:45:00,35.56092570087216,MSTL
2021-09-11 09:00:00,30.447047747941085,MSTL
2021-09-11 09:15:00,27.098668043198828,MSTL
2021-09-11 09:30:00,24.2861790795792,MSTL
2021-09-11 09:45:00,29.150870911072644,MSTL
2021-09-11 10:00:00,27.2873701050944,MSTL
2021-09-11 10:15:00,28.167237601822265,MSTL
2021-09-11 10:30:00,25.9290341373609,MSTL
2021-09-11 10:45:00,27.870997916745598,MSTL
2021-09-11 11:00:00,27.34700821352021,MSTL
2021-09-11 11:15:00,29.90075809193928,MSTL
2021-09-11 11:30:00,32.687794843991256,MSTL
2021-09-11 11:45:00,28.076667859802228,MSTL
2021-09-11 12:00:00,30.47745959244328,MSTL
2021-09-11 12:15:00,27.58728924042724,MSTL
2021-09-11 12:30:00,16.100501969077314,MSTL
2021-09-11 12:45:00,28.207828447341853,MSTL
2021-09-11 13:00:00,32.64763861027674,MSTL
2021-09-11 13:15:00,30.389739259004784,MSTL
2021-09-11 13:30:00,31.58928831251211,MSTL
2021-09-11 13:45:00,28.96761016710153,MSTL
2021-09-11 14:00:00,33.067212950812696,MSTL
2021-09-11 14:15:00,29.409231807544444,MSTL
2021-09-11 14:30:00,30.31796008400941,MSTL
2021-09-11 14:45:00,28.402894319563217,MSTL
2021-09-11 15:00:00,32.90257974995373,MSTL
2021-09-11 15:15:00,44.13212047787351,MSTL
2021-09-11 15:30:00,37.12508413323208,MSTL
2021-09-11 15:45:00,35.103499874328435,MSTL
2021-09-11 16:00:00,29.91182453855069,MSTL
2021-09-11 16:15:00,28.21400671013789,MSTL
2021-09-11 16:30:00,28.46606897910209,MSTL
2021-09-11 16:45:00,35.0405652814912,MSTL
2021-09-11 17:00:00,33.98893589471843,MSTL
2021-09-11 17:15:00,30.28542709777284,MSTL
2021-09-11 17:30:00,32.52001504146031,MSTL
2021-09-11 17:45:00,32.758839919705764,MSTL
2021-09-11 18:00:00,32.30114151859337,MSTL
2021-09-11 18:15:00,31.14216236550658,MSTL
2021-09-11 18:30:00,25.539624863357474,MSTL
2021-09-11 18:45:00,32.13329796360638,MSTL
2021-09-11 19:00:00,30.68290832480075,MSTL
2021-09-11 19:15:00,28.120034525419754,MSTL
2021-09-11 19:30:00,30.25331732076701,MSTL
2021-09-11 19:45:00,27.68112452441073,MSTL
2021-09-11 20:00:00,25.249210883271616,MSTL
2021-09-11 20:15:00,26.67453231397552,MSTL
2021-09-11 20:30:00,25.964520440150253,MSTL
2021-09-11 20:45:00,27.755593790464303,MSTL
2021-09-11 21:00:00,30.16949166442579,MSTL
2021-09-11 21:15:00,30.148337292114263,MSTL
2021-09-11 21:30:00,28.66883438162982,MSTL
2021-09-11 21:45:00,30.234015174707125,MSTL
2021-09-11 22:00:00,23.67052161559559,MSTL
2021-09-11 22:15:00,26.465111531164624,MSTL
2021-09-11 22:30:00,26.098235658469832,MSTL
2021-09-11 22:45:00,21.89669493580641,MSTL
2021-09-11 23:00:00,23.42469937390273,MSTL
2021-09-11 23:15:00,24.72148013560405,MSTL
2021-09-11 23:30:00,23.36720971276924,MSTL
2021-09-11 23:45:00,19.6943660395132,MSTL
2021-09-12 00:00:00,23.37934747456549,MSTL
2021-09-12 00:15:00,21.907996620093087,MSTL
2021-09-12 00:30:00,21.47866450468396,MSTL
2021-09-12 00:45:00,21.809143537275887,MSTL
2021-09-12 01:00:00,24.9632702523904,MSTL
2021-09-12 01:15:00,27.14513328430688,MSTL
2021-09-12 01:30:00,26.47228568902588,MSTL
2021-09-12 01:45:00,31.05155883238173,MSTL
2021-09-12 02:00:00,30.55557625385383,MSTL
2021-09-12 02:15:00,29.14307388383125,MSTL
2021-09-12 02:30:00,29.5840341217926,MSTL
2021-09-12 02:45:00,26.82471396992113,MSTL
2021-09-12 03:00:00,25.235688403770467,MSTL
2021-09-12 03:15:00,30.616355352217735,MSTL
2021-09-12 03:30:00,32.49345601849569,MSTL
2021-09-12 03:45:00,29.88298319898972,MSTL
2021-09-12 04:00:00,27.909329080231103,MSTL
2021-09-12 04:15:00,28.46707980708165,MSTL
2021-09-12 04:30:00,28.29813814397544,MSTL
2021-09-12 04:45:00,26.2443885372758,MSTL
2021-09-12 05:00:00,24.769853966698804,MSTL
2021-09-12 05:15:00,25.086708702969048,MSTL
2021-09-12 05:30:00,29.41200462176104,MSTL
2021-09-12 05:45:00,29.47857456921992,MSTL
2021-09-12 06:00:00,30.13769818175757,MSTL
2021-09-12 06:15:00,28.50496094255577,MSTL
2021-09-12 06:30:00,31.22819675284376,MSTL
2021-09-12 06:45:00,30.157022256492127,MSTL
2021-09-12 07:00:00,28.48536576247703,MSTL
2021-09-12 07:15:00,30.737191258351075,MSTL
2021-09-12 07:30:00,30.49033190186259,MSTL
2021-09-12 07:45:00,23.286226047713058,MSTL
2021-09-12 08:00:00,25.98151386385942,MSTL
2021-09-12 08:15:00,25.87862110128158,MSTL
2021-09-12 08:30:00,23.69251102294864,MSTL
2021-09-12 08:45:00,31.54221230957606,MSTL
2021-09-12 09:00:00,26.77585985350686,MSTL
2021-09-12 09:15:00,24.78355605043855,MSTL
2021-09-12 09:30:00,20.90800848096775,MSTL
2021-09-12 09:45:00,24.643587337444288,MSTL
2021-09-12 10:00:00,22.58601343735627,MSTL
2021-09-12 10:15:00,23.04628232268587,MSTL
2021-09-12 10:30:00,20.063085722699853,MSTL
2021-09-12 10:45:00,22.800711186704945,MSTL
2021-09-12 11:00:00,22.279571158063675,MSTL
2021-09-12 11:15:00,24.645775548724146,MSTL
2021-09-12 11:30:00,29.28903411966374,MSTL
2021-09-12 11:45:00,22.98196495214954,MSTL
2021-09-12 12:00:00,26.58472775987235,MSTL
2021-09-12 12:15:00,24.52543657827755,MSTL
2021-09-12 12:30:00,14.91666017324816,MSTL
2021-09-12 12:45:00,24.589148577441332,MSTL
2021-09-12 13:00:00,28.254342892409227,MSTL
2021-09-12 13:15:00,26.626483716474556,MSTL
2021-09-12 13:30:00,26.74450807185231,MSTL
2021-09-12 13:45:00,23.44413828311629,MSTL
2021-09-12 14:00:00,27.41621633726888,MSTL
2021-09-12 14:15:00,25.44341349944959,MSTL
2021-09-12 14:30:00,26.73943368992414,MSTL
2021-09-12 14:45:00,23.084708283019168,MSTL
2021-09-12 15:00:00,27.716824166648223,MSTL
2021-09-12 15:15:00,38.04254652447109,MSTL
2021-09-12 15:30:00,32.51666824494657,MSTL
2021-09-12 15:45:00,31.772724439643863,MSTL
2021-09-12 16:00:00,26.8169073529878,MSTL
2021-09-12 16:15:00,23.9803199544636,MSTL
2021-09-12 16:30:00,22.867000006076623,MSTL
2021-09-12 16:45:00,28.3120147319776,MSTL
2021-09-12 17:00:00,27.95025010514958,MSTL
2021-09-12 17:15:00,26.972953650775608,MSTL
2021-09-12 17:30:00,31.41899566256332,MSTL
2021-09-12 17:45:00,32.76424162922302,MSTL
2021-09-12 18:00:00,31.170892984013392,MSTL
2021-09-12 18:15:00,29.59325319376632,MSTL
2021-09-12 18:30:00,25.871974341120108,MSTL
2021-09-12 18:45:00,31.45566875014744,MSTL
2021-09-12 19:00:00,29.449939978055284,MSTL
2021-09-12 19:15:00,29.81506505478765,MSTL
2021-09-12 19:30:00,32.28179279064213,MSTL
2021-09-12 19:45:00,29.320409385006613,MSTL
2021-09-12 20:00:00,27.353651945236862,MSTL
2021-09-12 20:15:00,28.690188721424875,MSTL
2021-09-12 20:30:00,26.07782384939036,MSTL
2021-09-12 20:45:00,28.677417266967183,MSTL
2021-09-12 21:00:00,31.23138257612598,MSTL
2021-09-12 21:15:00,31.52452201762064,MSTL
2021-09-12 21:30:00,29.38470735553345,MSTL
2021-09-12 21:45:00,31.4783282910326,MSTL
2021-09-12 22:00:00,25.57053569758017,MSTL
2021-09-12 22:15:00,26.83765037870431,MSTL
2021-09-12 22:30:00,27.4565015502762,MSTL
2021-09-12 22:45:00,24.687573706372007,MSTL
2021-09-12 23:00:00,25.88446578017782,MSTL
2021-09-12 23:15:00,27.03462221801192,MSTL
2021-09-12 23:30:00,24.92492633064711,MSTL
2021-09-12 23:45:00,22.81731110917137,MSTL
2021-09-13 00:00:00,25.052846512151618,MSTL
2021-09-13 00:15:00,22.96665883483084,MSTL
2021-09-13 00:30:00,22.29756687341309,MSTL
2021-09-13 00:45:00,22.15084109934962,MSTL
2021-09-13 01:00:00,23.779333403283488,MSTL
2021-09-13 01:15:00,26.797240979478477,MSTL
2021-09-13 01:30:00,26.35595518191981,MSTL
2021-09-13 01:45:00,28.76951789334032,MSTL
2021-09-13 02:00:00,29.368067667088734,MSTL
2021-09-13 02:15:00,29.01875083184099,MSTL
2021-09-13 02:30:00,30.550685518127096,MSTL
2021-09-13 02:45:00,27.11410496936324,MSTL
2021-09-13 03:00:00,25.41945265481536,MSTL
2021-09-13 03:15:00,30.771699346976263,MSTL
2021-09-13 03:30:00,32.366628611495074,MSTL
2021-09-13 03:45:00,30.108152613593816,MSTL
2021-09-13 04:00:00,27.486252403945656,MSTL
2021-09-13 04:15:00,27.02980505121384,MSTL
2021-09-13 04:30:00,26.951465454778614,MSTL
2021-09-13 04:45:00,25.491811211119327,MSTL
2021-09-13 05:00:00,24.75068705453934,MSTL
2021-09-13 05:15:00,25.35769456381276,MSTL
2021-09-13 05:30:00,28.29724506374386,MSTL
2021-09-13 05:45:00,28.67181046736792,MSTL
2021-09-13 06:00:00,31.26973899498799,MSTL
2021-09-13 06:15:00,28.62668102904219,MSTL
2021-09-13 06:30:00,30.409541459654704,MSTL
2021-09-13 06:45:00,30.215124024987414,MSTL
2021-09-13 07:00:00,33.3947836239881,MSTL
2021-09-13 07:15:00,46.3321874435083,MSTL
2021-09-13 07:30:00,71.05656872182198,MSTL
2021-09-13 07:45:00,94.90079723350506,MSTL
2021-09-13 08:00:00,143.4983218296675,MSTL
2021-09-13 08:15:00,167.06915555071612,MSTL
2021-09-13 08:30:00,169.86426503370558,MSTL
2021-09-13 08:45:00,174.82492237565293,MSTL
2021-09-13 09:00:00,166.19064575822372,MSTL
2021-09-13 09:15:00,155.72674762028686,MSTL
2021-09-13 09:30:00,160.32208626273842,MSTL
2021-09-13 09:45:00,163.4805254150205,MSTL
2021-09-13 10:00:00,132.544579752159,MSTL
2021-09-13 10:15:00,164.60918072474578,MSTL
2021-09-13 10:30:00,160.71496103647328,MSTL
2021-09-13 10:45:00,158.47833220532596,MSTL
2021-09-13 11:00:00,159.1018682099724,MSTL
2021-09-13 11:15:00,165.49634783289594,MSTL
2021-09-13 11:30:00,162.79465554211407,MSTL
2021-09-13 11:45:00,160.2693209616192,MSTL
2021-09-13 12:00:00,117.3529373984584,MSTL
2021-09-13 12:15:00,97.46533541479728,MSTL
2021-09-13 12:30:00,86.87708299372592,MSTL
2021-09-13 12:45:00,111.43505727008734,MSTL
2021-09-13 13:00:00,151.13462226658083,MSTL
2021-09-13 13:15:00,160.00128878136056,MSTL
2021-09-13 13:30:00,160.52120633158555,MSTL
2021-09-13 13:45:00,158.62949544535525,MSTL
2021-09-13 14:00:00,158.6522540932692,MSTL
2021-09-13 14:15:00,156.6699544360171,MSTL
2021-09-13 14:30:00,160.0106586689639,MSTL
2021-09-13 14:45:00,155.2986294577821,MSTL
2021-09-13 15:00:00,130.01545876270188,MSTL
2021-09-13 15:15:00,153.5175598195164,MSTL
2021-09-13 15:30:00,164.97564599006063,MSTL
2021-09-13 15:45:00,165.04400216535157,MSTL
2021-09-13 16:00:00,150.40095441234143,MSTL
2021-09-13 16:15:00,147.4081875815715,MSTL
2021-09-13 16:30:00,145.0472935944053,MSTL
2021-09-13 16:45:00,147.11561224750744,MSTL
2021-09-13 17:00:00,120.29575763000314,MSTL
2021-09-13 17:15:00,109.37833924038569,MSTL
2021-09-13 17:30:00,134.25713396876745,MSTL
2021-09-13 17:45:00,143.2301942257708,MSTL
2021-09-13 18:00:00,143.34784574603515,MSTL
2021-09-13 18:15:00,136.39601557273065,MSTL
2021-09-13 18:30:00,129.17289051533024,MSTL
2021-09-13 18:45:00,131.05320404102972,MSTL
2021-09-13 19:00:00,128.88279866804274,MSTL
2021-09-13 19:15:00,126.87186748657074,MSTL
2021-09-13 19:30:00,122.68509765333512,MSTL
2021-09-13 19:45:00,107.49058819293622,MSTL
2021-09-13 20:00:00,101.78918997073268,MSTL
2021-09-13 20:15:00,112.03658958301249,MSTL
2021-09-13 20:30:00,109.64411069819036,MSTL
2021-09-13 20:45:00,111.44211014606238,MSTL
2021-09-13 21:00:00,117.51720511944497,MSTL
2021-09-13 21:15:00,118.83885110557948,MSTL
2021-09-13 21:30:00,111.56692191692568,MSTL
2021-09-13 21:45:00,112.77671667504542,MSTL
2021-09-13 22:00:00,94.28848224555892,MSTL
2021-09-13 22:15:00,104.8755318484059,MSTL
2021-09-13 22:30:00,104.78187239553378,MSTL
2021-09-13 22:45:00,103.18984428841416,MSTL
2021-09-13 23:00:00,101.56076513567896,MSTL
2021-09-13 23:15:00,102.28217221771727,MSTL
2021-09-13 23:30:00,97.47666947211904,MSTL
2021-09-13 23:45:00,74.59729283838085,MSTL
2021-09-14 00:00:00,82.64540971645278,MSTL
2021-09-14 00:15:00,78.53454756372437,MSTL
2021-09-14 00:30:00,76.59451631728383,MSTL
2021-09-14 00:45:00,77.30970545311808,MSTL
2021-09-14 01:00:00,99.98468416178235,MSTL
2021-09-14 01:15:00,111.46541828200868,MSTL
2021-09-14 01:30:00,115.49088655738854,MSTL
2021-09-14 01:45:00,116.24931625762692,MSTL
2021-09-14 02:00:00,118.45701855435436,MSTL
2021-09-14 02:15:00,114.21954503733583,MSTL
2021-09-14 02:30:00,115.02311928336454,MSTL
2021-09-14 02:45:00,111.82948361517538,MSTL
2021-09-14 03:00:00,99.0787911219072,MSTL
2021-09-14 03:15:00,114.98599910015623,MSTL
2021-09-14 03:30:00,120.29886581265404,MSTL
2021-09-14 03:45:00,114.14956329270898,MSTL
2021-09-14 04:00:00,113.26836348964866,MSTL
2021-09-14 04:15:00,113.77350337772393,MSTL
2021-09-14 04:30:00,114.42148450516132,MSTL
2021-09-14 04:45:00,109.4987649706407,MSTL
2021-09-14 05:00:00,90.24424523126116,MSTL
2021-09-14 05:15:00,86.61417854236599,MSTL
2021-09-14 05:30:00,104.6166040040978,MSTL
2021-09-14 05:45:00,116.10108883102792,MSTL
2021-09-14 06:00:00,115.8740230507307,MSTL
2021-09-14 06:15:00,113.0234659225238,MSTL
2021-09-14 06:30:00,115.72086632696768,MSTL
2021-09-14 06:45:00,117.54340252985682,MSTL
2021-09-14 07:00:00,115.37723918743202,MSTL
2021-09-14 07:15:00,129.16170806405165,MSTL
2021-09-14 07:30:00,152.8960953977408,MSTL
2021-09-14 07:45:00,145.776612730415,MSTL
2021-09-14 08:00:00,165.24871600946022,MSTL
2021-09-14 08:15:00,183.048472611383,MSTL
2021-09-14 08:30:00,182.855139130376,MSTL
2021-09-14 08:45:00,184.84736093204347,MSTL
2021-09-14 09:00:00,172.70801592560107,MSTL
2021-09-14 09:15:00,174.88085525916358,MSTL
2021-09-14 09:30:00,173.56633923997953,MSTL
2021-09-14 09:45:00,178.91343630068005,MSTL
2021-09-14 10:00:00,148.5572519502242,MSTL
2021-09-14 10:15:00,175.85262509160998,MSTL
2021-09-14 10:30:00,177.67554230944137,MSTL
2021-09-14 10:45:00,176.11496170482732,MSTL
2021-09-14 11:00:00,175.39317650660624,MSTL
2021-09-14 11:15:00,176.4132053266971,MSTL
2021-09-14 11:30:00,179.00093981409978,MSTL
2021-09-14 11:45:00,178.1034562079771,MSTL
2021-09-14 12:00:00,125.79993424753634,MSTL
2021-09-14 12:15:00,108.7942508736858,MSTL
2021-09-14 12:30:00,102.76647670384472,MSTL
2021-09-14 12:45:00,130.57675736213227,MSTL
2021-09-14 13:00:00,168.48709865773088,MSTL
2021-09-14 13:15:00,180.64522196881853,MSTL
2021-09-14 13:30:00,181.9547913878568,MSTL
2021-09-14 13:45:00,177.1232013748043,MSTL
2021-09-14 14:00:00,182.41592898789577,MSTL
2021-09-14 14:15:00,175.48122389645158,MSTL
2021-09-14 14:30:00,179.62374918163297,MSTL
2021-09-14 14:45:00,176.5980891540329,MSTL
2021-09-14 15:00:00,144.9392991702972,MSTL
2021-09-14 15:15:00,171.3026724361804,MSTL
2021-09-14 15:30:00,177.68626105534176,MSTL
2021-09-14 15:45:00,181.9826649238885,MSTL
2021-09-14 16:00:00,174.6242092151941,MSTL
2021-09-14 16:15:00,172.75728272834507,MSTL
2021-09-14 16:30:00,166.13168223615668,MSTL
2021-09-14 16:45:00,167.53696849195455,MSTL
2021-09-14 17:00:00,126.6700354198852,MSTL
2021-09-14 17:15:00,112.00542181404047,MSTL
2021-09-14 17:30:00,147.89159025070512,MSTL
2021-09-14 17:45:00,159.3932384385587,MSTL
2021-09-14 18:00:00,162.73482336964517,MSTL
2021-09-14 18:15:00,160.65558268086278,MSTL
2021-09-14 18:30:00,156.40965401786906,MSTL
2021-09-14 18:45:00,162.34920127470355,MSTL
2021-09-14 19:00:00,163.27319998194346,MSTL
2021-09-14 19:15:00,157.72322853384827,MSTL
2021-09-14 19:30:00,162.23955664014866,MSTL
2021-09-14 19:45:00,149.77020975902326,MSTL
2021-09-14 20:00:00,131.16537090404228,MSTL
2021-09-14 20:15:00,138.28853994267877,MSTL
2021-09-14 20:30:00,137.57735790237138,MSTL
2021-09-14 20:45:00,136.0898816975621,MSTL
2021-09-14 21:00:00,134.6971235798258,MSTL
2021-09-14 21:15:00,134.7264942157593,MSTL
2021-09-14 21:30:00,133.72617596589657,MSTL
2021-09-14 21:45:00,132.59455411665067,MSTL
2021-09-14 22:00:00,110.23596800804653,MSTL
2021-09-14 22:15:00,123.22366924557753,MSTL
2021-09-14 22:30:00,122.54043984895426,MSTL
2021-09-14 22:45:00,115.630287772069,MSTL
2021-09-14 23:00:00,116.35402809392684,MSTL
2021-09-14 23:15:00,122.21334191957004,MSTL
2021-09-14 23:30:00,113.67133809566414,MSTL
2021-09-14 23:45:00,94.43957947930446,MSTL
2021-08-09 00:00:00,34.06530761969172,ARIMA (+달력·가동 계획)
2021-08-09 00:15:00,34.08311217262912,ARIMA (+달력·가동 계획)
2021-08-09 00:30:00,34.94335424150101,ARIMA (+달력·가동 계획)
2021-08-09 00:45:00,36.52348771394954,ARIMA (+달력·가동 계획)
2021-08-09 01:00:00,38.6563151798492,ARIMA (+달력·가동 계획)
2021-08-09 01:15:00,41.14079308386479,ARIMA (+달력·가동 계획)
2021-08-09 01:30:00,43.75548570927368,ARIMA (+달력·가동 계획)
2021-08-09 01:45:00,46.27378820675215,ARIMA (+달력·가동 계획)
2021-08-09 02:00:00,48.47990030210249,ARIMA (+달력·가동 계획)
2021-08-09 02:15:00,50.18446202511628,ARIMA (+달력·가동 계획)
2021-08-09 02:30:00,51.23876636568877,ARIMA (+달력·가동 계획)
2021-08-09 02:45:00,51.54654173612116,ARIMA (+달력·가동 계획)
2021-08-09 03:00:00,51.07244496990043,ARIMA (+달력·가동 계획)
2021-08-09 03:15:00,49.84661398101682,ARIMA (+달력·가동 계획)
2021-08-09 03:30:00,47.964884609146615,ARIMA (+달력·가동 계획)
2021-08-09 03:45:00,45.58456174688409,ARIMA (+달력·가동 계획)
2021-08-09 04:00:00,42.915931569458905,ARIMA (+달력·가동 계획)
2021-08-09 04:15:00,40.209989648355645,ARIMA (+달력·가동 계획)
2021-08-09 04:30:00,37.74311945539376,ARIMA (+달력·가동 계획)
2021-08-09 04:45:00,35.79966954484807,ARIMA (+달력·가동 계획)
2021-08-09 05:00:00,34.653530800243765,ARIMA (+달력·가동 계획)
2021-08-09 05:15:00,34.5498967920268,ARIMA (+달력·가동 계획)
2021-08-09 05:30:00,35.688394479896665,ARIMA (+달력·가동 계획)
2021-08-09 05:45:00,38.20869832996793,ARIMA (+달력·가동 계획)
2021-08-09 06:00:00,42.1795927581646,ARIMA (+달력·가동 계획)
2021-08-09 06:15:00,47.59223497803131,ARIMA (+달력·가동 계획)
2021-08-09 06:30:00,54.35810650289329,ARIMA (+달력·가동 계획)
2021-08-09 06:45:00,62.311843866229154,ARIMA (+달력·가동 계획)
2021-08-09 07:00:00,71.21882703946643,ARIMA (+달력·가동 계획)
2021-08-09 07:15:00,80.78709802993681,ARIMA (+달력·가동 계획)
2021-08-09 07:30:00,90.68290238160706,ARIMA (+달력·가동 계획)
2021-08-09 07:45:00,100.54891124113836,ARIMA (+달력·가동 계획)
2021-08-09 08:00:00,110.02400683613524,ARIMA (+달력·가동 계획)
2021-08-09 08:15:00,118.76341122534214,ARIMA (+달력·가동 계획)
2021-08-09 08:30:00,126.45791386980255,ARIMA (+달력·가동 계획)
2021-08-09 08:45:00,132.85100959146072,ARIMA (+달력·가동 계획)
2021-08-09 09:00:00,137.7528911755393,ARIMA (+달력·가동 계획)
2021-08-09 09:15:00,141.05044151553005,ARIMA (+달력·가동 계획)
2021-08-09 09:30:00,142.7126255937618,ARIMA (+달력·가동 계획)
2021-08-09 09:45:00,142.79097593637294,ARIMA (+달력·가동 계획)
2021-08-09 10:00:00,141.41517720292717,ARIMA (+달력·가동 계획)
2021-08-09 10:15:00,138.78406580256595,ARIMA (+달력·가동 계획)
2021-08-09 10:30:00,135.15264858103197,ARIMA (+달력·가동 계획)
2021-08-09 10:45:00,130.81599193346864,ARIMA (+달력·가동 계획)
2021-08-09 11:00:00,126.09102317672752,ARIMA (+달력·가동 계획)
2021-08-09 11:15:00,121.29740750236044,ARIMA (+달력·가동 계획)
2021-08-09 11:30:00,116.73870879606324,ARIMA (+달력·가동 계획)
2021-08-09 11:45:00,112.68500863315408,ARIMA (+달력·가동 계획)
2021-08-09 12:00:00,109.35804767896651,ARIMA (+달력·가동 계획)
2021-08-09 12:15:00,106.91977541560207,ARIMA (+달력·가동 계획)
2021-08-09 12:30:00,105.46495995085928,ARIMA (+달력·가동 계획)
2021-08-09 12:45:00,105.01823564978356,ARIMA (+달력·가동 계획)
2021-08-09 13:00:00,105.53567101995829,ARIMA (+달력·가동 계획)
2021-08-09 13:15:00,106.91064252164192,ARIMA (+달력·가동 계획)
2021-08-09 13:30:00,108.98352155248855,ARIMA (+달력·가동 계획)
2021-08-09 13:45:00,111.55444017725291,ARIMA (+달력·가동 계획)
2021-08-09 14:00:00,114.398212020589,ARIMA (+달력·가동 계획)
2021-08-09 14:15:00,117.28036023269291,ARIMA (+달력·가동 계획)
2021-08-09 14:30:00,119.9731522254316,ARIMA (+달력·가동 계획)
2021-08-09 14:45:00,122.27056365842192,ARIMA (+달력·가동 계획)
2021-08-09 15:00:00,124.00118952191242,ARIMA (+달력·가동 계획)
2021-08-09 15:15:00,125.03828079811352,ARIMA (+달력·가동 계획)
2021-08-09 15:30:00,125.30629938628525,ARIMA (+달력·가동 계획)
2021-08-09 15:45:00,124.7836364957102,ARIMA (+달력·가동 계획)
2021-08-09 16:00:00,123.5014127996291,ARIMA (+달력·가동 계획)
2021-08-09 16:15:00,121.53855329487634,ARIMA (+달력·가동 계획)
2021-08-09 16:30:00,119.01358706616084,ARIMA (+달력·가동 계획)
2021-08-09 16:45:00,116.07384439827128,ARIMA (+달력·가동 계획)
2021-08-09 17:00:00,112.8828958517196,ARIMA (+달력·가동 계획)
2021-08-09 17:15:00,109.60718852780846,ARIMA (+달력·가동 계획)
2021-08-09 17:30:00,106.40287665353316,ARIMA (+달력·가동 계획)
2021-08-09 17:45:00,103.40381448718796,ARIMA (+달력·가동 계획)
2021-08-09 18:00:00,100.71158200814108,ARIMA (+달력·가동 계획)
2021-08-09 18:15:00,98.38825528495504,ARIMA (+달력·가동 계획)
2021-08-09 18:30:00,96.45242540951256,ARIMA (+달력·가동 계획)
2021-08-09 18:45:00,94.87872743361036,ARIMA (+달력·가동 계획)
2021-08-09 19:00:00,93.6008811856412,ARIMA (+달력·가동 계획)
2021-08-09 19:15:00,92.51798764712592,ARIMA (+달력·가동 계획)
2021-08-09 19:30:00,91.50358604360814,ARIMA (+달력·가동 계획)
2021-08-09 19:45:00,90.41677483112572,ARIMA (+달력·가동 계획)
2021-08-09 20:00:00,89.11454861113624,ARIMA (+달력·가동 계획)
2021-08-09 20:15:00,87.46441335821243,ARIMA (+달력·가동 계획)
2021-08-09 20:30:00,85.3563205313003,ARIMA (+달력·가동 계획)
2021-08-09 20:45:00,82.71300821670455,ARIMA (+달력·가동 계획)
2021-08-09 21:00:00,79.49795108770755,ARIMA (+달력·가동 계획)
2021-08-09 21:15:00,75.7202926741457,ARIMA (+달력·가동 계획)
2021-08-09 21:30:00,71.43635112606384,ARIMA (+달력·가동 계획)
2021-08-09 21:45:00,66.74753797748384,ARIMA (+달력·가동 계획)
2021-08-09 22:00:00,61.79479082309339,ARIMA (+달력·가동 계획)
2021-08-09 22:15:00,56.74987679165626,ARIMA (+달력·가동 계획)
2021-08-09 22:30:00,51.80415603045952,ARIMA (+달력·가동 계획)
2021-08-09 22:45:00,47.15558648716649,ARIMA (+달력·가동 계획)
2021-08-09 23:00:00,42.99488922136978,ARIMA (+달력·가동 계획)
2021-08-09 23:15:00,39.4918671564642,ARIMA (+달력·가동 계획)
2021-08-09 23:30:00,36.78287389830742,ARIMA (+달력·가동 계획)
2021-08-09 23:45:00,34.960362167005215,ARIMA (+달력·가동 계획)
2021-08-10 00:00:00,77.02461573667433,ARIMA (+달력·가동 계획)
2021-08-10 00:15:00,77.04242028961173,ARIMA (+달력·가동 계획)
2021-08-10 00:30:00,77.90266235848362,ARIMA (+달력·가동 계획)
2021-08-10 00:45:00,79.48279583093216,ARIMA (+달력·가동 계획)
2021-08-10 01:00:00,81.61562329683181,ARIMA (+달력·가동 계획)
2021-08-10 01:15:00,84.1001012008474,ARIMA (+달력·가동 계획)
2021-08-10 01:30:00,86.71479382625628,ARIMA (+달력·가동 계획)
2021-08-10 01:45:00,89.23309632373477,ARIMA (+달력·가동 계획)
2021-08-10 02:00:00,91.4392084190851,ARIMA (+달력·가동 계획)
2021-08-10 02:15:00,93.1437701420989,ARIMA (+달력·가동 계획)
2021-08-10 02:30:00,94.19807448267136,ARIMA (+달력·가동 계획)
2021-08-10 02:45:00,94.50584985310375,ARIMA (+달력·가동 계획)
2021-08-10 03:00:00,94.03175308688304,ARIMA (+달력·가동 계획)
2021-08-10 03:15:00,92.80592209799944,ARIMA (+달력·가동 계획)
2021-08-10 03:30:00,90.92419272612922,ARIMA (+달력·가동 계획)
2021-08-10 03:45:00,88.5438698638667,ARIMA (+달력·가동 계획)
2021-08-10 04:00:00,85.87523968644152,ARIMA (+달력·가동 계획)
2021-08-10 04:15:00,83.16929776533826,ARIMA (+달력·가동 계획)
2021-08-10 04:30:00,80.70242757237637,ARIMA (+달력·가동 계획)
2021-08-10 04:45:00,78.75897766183067,ARIMA (+달력·가동 계획)
2021-08-10 05:00:00,77.61283891722637,ARIMA (+달력·가동 계획)
2021-08-10 05:15:00,77.50920490900941,ARIMA (+달력·가동 계획)
2021-08-10 05:30:00,78.64770259687927,ARIMA (+달력·가동 계획)
2021-08-10 05:45:00,81.16800644695054,ARIMA (+달력·가동 계획)
2021-08-10 06:00:00,85.13890087514721,ARIMA (+달력·가동 계획)
2021-08-10 06:15:00,90.55154309501393,ARIMA (+달력·가동 계획)
2021-08-10 06:30:00,97.31741461987588,ARIMA (+달력·가동 계획)
2021-08-10 06:45:00,105.27115198321177,ARIMA (+달력·가동 계획)
2021-08-10 07:00:00,114.17813515644904,ARIMA (+달력·가동 계획)
2021-08-10 07:15:00,123.74640614691944,ARIMA (+달력·가동 계획)
2021-08-10 07:30:00,133.6422104985897,ARIMA (+달력·가동 계획)
2021-08-10 07:45:00,143.50821935812098,ARIMA (+달력·가동 계획)
2021-08-10 08:00:00,152.98331495311783,ARIMA (+달력·가동 계획)
2021-08-10 08:15:00,161.72271934232475,ARIMA (+달력·가동 계획)
2021-08-10 08:30:00,169.41722198678517,ARIMA (+달력·가동 계획)
2021-08-10 08:45:00,175.81031770844334,ARIMA (+달력·가동 계획)
2021-08-10 09:00:00,180.71219929252192,ARIMA (+달력·가동 계획)
2021-08-10 09:15:00,184.00974963251264,ARIMA (+달력·가동 계획)
2021-08-10 09:30:00,185.6719337107444,ARIMA (+달력·가동 계획)
2021-08-10 09:45:00,185.75028405335556,ARIMA (+달력·가동 계획)
2021-08-10 10:00:00,184.3744853199098,ARIMA (+달력·가동 계획)
2021-08-10 10:15:00,181.74337391954856,ARIMA (+달력·가동 계획)
2021-08-10 10:30:00,178.11195669801458,ARIMA (+달력·가동 계획)
2021-08-10 10:45:00,173.77530005045122,ARIMA (+달력·가동 계획)
2021-08-10 11:00:00,169.05033129371014,ARIMA (+달력·가동 계획)
2021-08-10 11:15:00,164.25671561934303,ARIMA (+달력·가동 계획)
2021-08-10 11:30:00,159.69801691304585,ARIMA (+달력·가동 계획)
2021-08-10 11:45:00,155.64431675013668,ARIMA (+달력·가동 계획)
2021-08-10 12:00:00,152.3173557959491,ARIMA (+달력·가동 계획)
2021-08-10 12:15:00,149.8790835325847,ARIMA (+달력·가동 계획)
2021-08-10 12:30:00,148.4242680678419,ARIMA (+달력·가동 계획)
2021-08-10 12:45:00,147.97754376676616,ARIMA (+달력·가동 계획)
2021-08-10 13:00:00,148.49497913694088,ARIMA (+달력·가동 계획)
2021-08-10 13:15:00,149.86995063862454,ARIMA (+달력·가동 계획)
2021-08-10 13:30:00,151.94282966947117,ARIMA (+달력·가동 계획)
2021-08-10 13:45:00,154.51374829423554,ARIMA (+달력·가동 계획)
2021-08-10 14:00:00,157.35752013757158,ARIMA (+달력·가동 계획)
2021-08-10 14:15:00,160.23966834967553,ARIMA (+달력·가동 계획)
2021-08-10 14:30:00,162.9324603424142,ARIMA (+달력·가동 계획)
2021-08-10 14:45:00,165.22987177540455,ARIMA (+달력·가동 계획)
2021-08-10 15:00:00,166.96049763889502,ARIMA (+달력·가동 계획)
2021-08-10 15:15:00,167.99758891509612,ARIMA (+달력·가동 계획)
2021-08-10 15:30:00,168.26560750326786,ARIMA (+달력·가동 계획)
2021-08-10 15:45:00,167.7429446126928,ARIMA (+달력·가동 계획)
2021-08-10 16:00:00,166.4607209166117,ARIMA (+달력·가동 계획)
2021-08-10 16:15:00,164.4978614118589,ARIMA (+달력·가동 계획)
2021-08-10 16:30:00,161.97289518314346,ARIMA (+달력·가동 계획)
2021-08-10 16:45:00,159.03315251525387,ARIMA (+달력·가동 계획)
2021-08-10 17:00:00,155.84220396870222,ARIMA (+달력·가동 계획)
2021-08-10 17:15:00,152.56649664479107,ARIMA (+달력·가동 계획)
2021-08-10 17:30:00,149.36218477051577,ARIMA (+달력·가동 계획)
2021-08-10 17:45:00,146.36312260417057,ARIMA (+달력·가동 계획)
2021-08-10 18:00:00,143.6708901251237,ARIMA (+달력·가동 계획)
2021-08-10 18:15:00,141.34756340193766,ARIMA (+달력·가동 계획)
2021-08-10 18:30:00,139.41173352649517,ARIMA (+달력·가동 계획)
2021-08-10 18:45:00,137.83803555059296,ARIMA (+달력·가동 계획)
2021-08-10 19:00:00,136.5601893026238,ARIMA (+달력·가동 계획)
2021-08-10 19:15:00,135.47729576410853,ARIMA (+달력·가동 계획)
2021-08-10 19:30:00,134.46289416059074,ARIMA (+달력·가동 계획)
2021-08-10 19:45:00,133.37608294810832,ARIMA (+달력·가동 계획)
2021-08-10 20:00:00,132.07385672811887,ARIMA (+달력·가동 계획)
2021-08-10 20:15:00,130.42372147519504,ARIMA (+달력·가동 계획)
2021-08-10 20:30:00,128.3156286482829,ARIMA (+달력·가동 계획)
2021-08-10 20:45:00,125.67231633368716,ARIMA (+달력·가동 계획)
2021-08-10 21:00:00,122.45725920469016,ARIMA (+달력·가동 계획)
2021-08-10 21:15:00,118.67960079112832,ARIMA (+달력·가동 계획)
2021-08-10 21:30:00,114.39565924304644,ARIMA (+달력·가동 계획)
2021-08-10 21:45:00,109.70684609446646,ARIMA (+달력·가동 계획)
2021-08-10 22:00:00,104.754098940076,ARIMA (+달력·가동 계획)
2021-08-10 22:15:00,99.70918490863887,ARIMA (+달력·가동 계획)
2021-08-10 22:30:00,94.76346414744214,ARIMA (+달력·가동 계획)
2021-08-10 22:45:00,90.1148946041491,ARIMA (+달력·가동 계획)
2021-08-10 23:00:00,85.95419733835239,ARIMA (+달력·가동 계획)
2021-08-10 23:15:00,82.45117527344681,ARIMA (+달력·가동 계획)
2021-08-10 23:30:00,79.74218201529004,ARIMA (+달력·가동 계획)
2021-08-10 23:45:00,77.91967028398783,ARIMA (+달력·가동 계획)
2021-08-11 00:00:00,83.1049454526865,ARIMA (+달력·가동 계획)
2021-08-11 00:15:00,83.12275000562389,ARIMA (+달력·가동 계획)
2021-08-11 00:30:00,83.98299207449578,ARIMA (+달력·가동 계획)
2021-08-11 00:45:00,85.56312554694432,ARIMA (+달력·가동 계획)
2021-08-11 01:00:00,87.69595301284397,ARIMA (+달력·가동 계획)
2021-08-11 01:15:00,90.18043091685956,ARIMA (+달력·가동 계획)
2021-08-11 01:30:00,92.79512354226844,ARIMA (+달력·가동 계획)
2021-08-11 01:45:00,95.31342603974691,ARIMA (+달력·가동 계획)
2021-08-11 02:00:00,97.51953813509726,ARIMA (+달력·가동 계획)
2021-08-11 02:15:00,99.22409985811106,ARIMA (+달력·가동 계획)
2021-08-11 02:30:00,100.27840419868352,ARIMA (+달력·가동 계획)
2021-08-11 02:45:00,100.58617956911591,ARIMA (+달력·가동 계획)
2021-08-11 03:00:00,100.1120828028952,ARIMA (+달력·가동 계획)
2021-08-11 03:15:00,98.8862518140116,ARIMA (+달력·가동 계획)
2021-08-11 03:30:00,97.00452244214138,ARIMA (+달력·가동 계획)
2021-08-11 03:45:00,94.62419957987886,ARIMA (+달력·가동 계획)
2021-08-11 04:00:00,91.95556940245368,ARIMA (+달력·가동 계획)
2021-08-11 04:15:00,89.24962748135042,ARIMA (+달력·가동 계획)
2021-08-11 04:30:00,86.78275728838852,ARIMA (+달력·가동 계획)
2021-08-11 04:45:00,84.83930737784283,ARIMA (+달력·가동 계획)
2021-08-11 05:00:00,83.69316863323853,ARIMA (+달력·가동 계획)
2021-08-11 05:15:00,83.58953462502157,ARIMA (+달력·가동 계획)
2021-08-11 05:30:00,84.72803231289143,ARIMA (+달력·가동 계획)
2021-08-11 05:45:00,87.2483361629627,ARIMA (+달력·가동 계획)
2021-08-11 06:00:00,91.21923059115936,ARIMA (+달력·가동 계획)
2021-08-11 06:15:00,96.63187281102608,ARIMA (+달력·가동 계획)
2021-08-11 06:30:00,103.39774433588804,ARIMA (+달력·가동 계획)
2021-08-11 06:45:00,111.35148169922392,ARIMA (+달력·가동 계획)
2021-08-11 07:00:00,120.2584648724612,ARIMA (+달력·가동 계획)
2021-08-11 07:15:00,129.82673586293157,ARIMA (+달력·가동 계획)
2021-08-11 07:30:00,139.72254021460185,ARIMA (+달력·가동 계획)
2021-08-11 07:45:00,149.58854907413314,ARIMA (+달력·가동 계획)
2021-08-11 08:00:00,159.06364466913,ARIMA (+달력·가동 계획)
2021-08-11 08:15:00,167.8030490583369,ARIMA (+달력·가동 계획)
2021-08-11 08:30:00,175.49755170279732,ARIMA (+달력·가동 계획)
2021-08-11 08:45:00,181.8906474244555,ARIMA (+달력·가동 계획)
2021-08-11 09:00:00,186.79252900853407,ARIMA (+달력·가동 계획)
2021-08-11 09:15:00,190.0900793485248,ARIMA (+달력·가동 계획)
2021-08-11 09:30:00,191.7522634267565,ARIMA (+달력·가동 계획)
2021-08-11 09:45:00,191.8306137693677,ARIMA (+달력·가동 계획)
2021-08-11 10:00:00,190.454815035922,ARIMA (+달력·가동 계획)
2021-08-11 10:15:00,187.82370363556072,ARIMA (+달력·가동 계획)
2021-08-11 10:30:00,184.19228641402677,ARIMA (+달력·가동 계획)
2021-08-11 10:45:00,179.85562976646338,ARIMA (+달력·가동 계획)
2021-08-11 11:00:00,175.1306610097223,ARIMA (+달력·가동 계획)
2021-08-11 11:15:00,170.3370453353552,ARIMA (+달력·가동 계획)
2021-08-11 11:30:00,165.778346629058,ARIMA (+달력·가동 계획)
2021-08-11 11:45:00,161.72464646614884,ARIMA (+달력·가동 계획)
2021-08-11 12:00:00,158.39768551196127,ARIMA (+달력·가동 계획)
2021-08-11 12:15:00,155.95941324859686,ARIMA (+달력·가동 계획)
2021-08-11 12:30:00,154.50459778385402,ARIMA (+달력·가동 계획)
2021-08-11 12:45:00,154.05787348277832,ARIMA (+달력·가동 계획)
2021-08-11 13:00:00,154.57530885295304,ARIMA (+달력·가동 계획)
2021-08-11 13:15:00,155.9502803546367,ARIMA (+달력·가동 계획)
2021-08-11 13:30:00,158.02315938548332,ARIMA (+달력·가동 계획)
2021-08-11 13:45:00,160.5940780102477,ARIMA (+달력·가동 계획)
2021-08-11 14:00:00,163.43784985358374,ARIMA (+달력·가동 계획)
2021-08-11 14:15:00,166.31999806568768,ARIMA (+달력·가동 계획)
2021-08-11 14:30:00,169.01279005842636,ARIMA (+달력·가동 계획)
2021-08-11 14:45:00,171.3102014914167,ARIMA (+달력·가동 계획)
2021-08-11 15:00:00,173.04082735490718,ARIMA (+달력·가동 계획)
2021-08-11 15:15:00,174.07791863110828,ARIMA (+달력·가동 계획)
2021-08-11 15:30:00,174.34593721928002,ARIMA (+달력·가동 계획)
2021-08-11 15:45:00,173.82327432870497,ARIMA (+달력·가동 계획)
2021-08-11 16:00:00,172.54105063262386,ARIMA (+달력·가동 계획)
2021-08-11 16:15:00,170.5781911278711,ARIMA (+달력·가동 계획)
2021-08-11 16:30:00,168.05322489915562,ARIMA (+달력·가동 계획)
2021-08-11 16:45:00,165.11348223126603,ARIMA (+달력·가동 계획)
2021-08-11 17:00:00,161.92253368471438,ARIMA (+달력·가동 계획)
2021-08-11 17:15:00,158.64682636080323,ARIMA (+달력·가동 계획)
2021-08-11 17:30:00,155.44251448652793,ARIMA (+달력·가동 계획)
2021-08-11 17:45:00,152.44345232018273,ARIMA (+달력·가동 계획)
2021-08-11 18:00:00,149.75121984113585,ARIMA (+달력·가동 계획)
2021-08-11 18:15:00,147.42789311794982,ARIMA (+달력·가동 계획)
2021-08-11 18:30:00,145.49206324250733,ARIMA (+달력·가동 계획)
2021-08-11 18:45:00,143.91836526660512,ARIMA (+달력·가동 계획)
2021-08-11 19:00:00,142.64051901863596,ARIMA (+달력·가동 계획)
2021-08-11 19:15:00,141.5576254801207,ARIMA (+달력·가동 계획)
2021-08-11 19:30:00,140.5432238766029,ARIMA (+달력·가동 계획)
2021-08-11 19:45:00,139.45641266412048,ARIMA (+달력·가동 계획)
2021-08-11 20:00:00,138.15418644413103,ARIMA (+달력·가동 계획)
2021-08-11 20:15:00,136.5040511912072,ARIMA (+달력·가동 계획)
2021-08-11 20:30:00,134.39595836429507,ARIMA (+달력·가동 계획)
2021-08-11 20:45:00,131.7526460496993,ARIMA (+달력·가동 계획)
2021-08-11 21:00:00,128.53758892070232,ARIMA (+달력·가동 계획)
2021-08-11 21:15:00,124.75993050714048,ARIMA (+달력·가동 계획)
2021-08-11 21:30:00,120.4759889590586,ARIMA (+달력·가동 계획)
2021-08-11 21:45:00,115.78717581047862,ARIMA (+달력·가동 계획)
2021-08-11 22:00:00,110.83442865608816,ARIMA (+달력·가동 계획)
2021-08-11 22:15:00,105.78951462465103,ARIMA (+달력·가동 계획)
2021-08-11 22:30:00,100.8437938634543,ARIMA (+달력·가동 계획)
2021-08-11 22:45:00,96.19522432016126,ARIMA (+달력·가동 계획)
2021-08-11 23:00:00,92.03452705436456,ARIMA (+달력·가동 계획)
2021-08-11 23:15:00,88.53150498945897,ARIMA (+달력·가동 계획)
2021-08-11 23:30:00,85.8225117313022,ARIMA (+달력·가동 계획)
2021-08-11 23:45:00,83.99999999999999,ARIMA (+달력·가동 계획)
2021-08-12 00:00:00,83.1049454526865,ARIMA (+달력·가동 계획)
2021-08-12 00:15:00,83.12275000562389,ARIMA (+달력·가동 계획)
2021-08-12 00:30:00,83.98299207449578,ARIMA (+달력·가동 계획)
2021-08-12 00:45:00,85.56312554694432,ARIMA (+달력·가동 계획)
2021-08-12 01:00:00,87.69595301284397,ARIMA (+달력·가동 계획)
2021-08-12 01:15:00,90.18043091685956,ARIMA (+달력·가동 계획)
2021-08-12 01:30:00,92.79512354226844,ARIMA (+달력·가동 계획)
2021-08-12 01:45:00,95.31342603974691,ARIMA (+달력·가동 계획)
2021-08-12 02:00:00,97.51953813509726,ARIMA (+달력·가동 계획)
2021-08-12 02:15:00,99.22409985811106,ARIMA (+달력·가동 계획)
2021-08-12 02:30:00,100.27840419868352,ARIMA (+달력·가동 계획)
2021-08-12 02:45:00,100.58617956911591,ARIMA (+달력·가동 계획)
2021-08-12 03:00:00,100.1120828028952,ARIMA (+달력·가동 계획)
2021-08-12 03:15:00,98.8862518140116,ARIMA (+달력·가동 계획)
2021-08-12 03:30:00,97.00452244214138,ARIMA (+달력·가동 계획)
2021-08-12 03:45:00,94.62419957987886,ARIMA (+달력·가동 계획)
2021-08-12 04:00:00,91.95556940245368,ARIMA (+달력·가동 계획)
2021-08-12 04:15:00,89.24962748135042,ARIMA (+달력·가동 계획)
2021-08-12 04:30:00,86.78275728838852,ARIMA (+달력·가동 계획)
2021-08-12 04:45:00,84.83930737784283,ARIMA (+달력·가동 계획)
2021-08-12 05:00:00,83.69316863323853,ARIMA (+달력·가동 계획)
2021-08-12 05:15:00,83.58953462502157,ARIMA (+달력·가동 계획)
2021-08-12 05:30:00,84.72803231289143,ARIMA (+달력·가동 계획)
2021-08-12 05:45:00,87.2483361629627,ARIMA (+달력·가동 계획)
2021-08-12 06:00:00,91.21923059115936,ARIMA (+달력·가동 계획)
2021-08-12 06:15:00,96.63187281102608,ARIMA (+달력·가동 계획)
2021-08-12 06:30:00,103.39774433588804,ARIMA (+달력·가동 계획)
2021-08-12 06:45:00,111.35148169922392,ARIMA (+달력·가동 계획)
2021-08-12 07:00:00,120.2584648724612,ARIMA (+달력·가동 계획)
2021-08-12 07:15:00,129.82673586293157,ARIMA (+달력·가동 계획)
2021-08-12 07:30:00,139.72254021460185,ARIMA (+달력·가동 계획)
2021-08-12 07:45:00,149.58854907413314,ARIMA (+달력·가동 계획)
2021-08-12 08:00:00,159.06364466913,ARIMA (+달력·가동 계획)
2021-08-12 08:15:00,167.8030490583369,ARIMA (+달력·가동 계획)
2021-08-12 08:30:00,175.49755170279732,ARIMA (+달력·가동 계획)
2021-08-12 08:45:00,181.8906474244555,ARIMA (+달력·가동 계획)
2021-08-12 09:00:00,186.79252900853407,ARIMA (+달력·가동 계획)
2021-08-12 09:15:00,190.0900793485248,ARIMA (+달력·가동 계획)
2021-08-12 09:30:00,191.7522634267565,ARIMA (+달력·가동 계획)
2021-08-12 09:45:00,191.8306137693677,ARIMA (+달력·가동 계획)
2021-08-12 10:00:00,190.454815035922,ARIMA (+달력·가동 계획)
2021-08-12 10:15:00,187.82370363556072,ARIMA (+달력·가동 계획)
2021-08-12 10:30:00,184.19228641402677,ARIMA (+달력·가동 계획)
2021-08-12 10:45:00,179.85562976646338,ARIMA (+달력·가동 계획)
2021-08-12 11:00:00,175.1306610097223,ARIMA (+달력·가동 계획)
2021-08-12 11:15:00,170.3370453353552,ARIMA (+달력·가동 계획)
2021-08-12 11:30:00,165.778346629058,ARIMA (+달력·가동 계획)
2021-08-12 11:45:00,161.72464646614884,ARIMA (+달력·가동 계획)
2021-08-12 12:00:00,158.39768551196127,ARIMA (+달력·가동 계획)
2021-08-12 12:15:00,155.95941324859686,ARIMA (+달력·가동 계획)
2021-08-12 12:30:00,154.50459778385402,ARIMA (+달력·가동 계획)
2021-08-12 12:45:00,154.05787348277832,ARIMA (+달력·가동 계획)
2021-08-12 13:00:00,154.57530885295304,ARIMA (+달력·가동 계획)
2021-08-12 13:15:00,155.9502803546367,ARIMA (+달력·가동 계획)
2021-08-12 13:30:00,158.02315938548332,ARIMA (+달력·가동 계획)
2021-08-12 13:45:00,160.5940780102477,ARIMA (+달력·가동 계획)
2021-08-12 14:00:00,163.43784985358374,ARIMA (+달력·가동 계획)
2021-08-12 14:15:00,166.31999806568768,ARIMA (+달력·가동 계획)
2021-08-12 14:30:00,169.01279005842636,ARIMA (+달력·가동 계획)
2021-08-12 14:45:00,171.3102014914167,ARIMA (+달력·가동 계획)
2021-08-12 15:00:00,173.04082735490718,ARIMA (+달력·가동 계획)
2021-08-12 15:15:00,174.07791863110828,ARIMA (+달력·가동 계획)
2021-08-12 15:30:00,174.34593721928002,ARIMA (+달력·가동 계획)
2021-08-12 15:45:00,173.82327432870497,ARIMA (+달력·가동 계획)
2021-08-12 16:00:00,172.54105063262386,ARIMA (+달력·가동 계획)
2021-08-12 16:15:00,170.5781911278711,ARIMA (+달력·가동 계획)
2021-08-12 16:30:00,168.05322489915562,ARIMA (+달력·가동 계획)
2021-08-12 16:45:00,165.11348223126603,ARIMA (+달력·가동 계획)
2021-08-12 17:00:00,161.92253368471438,ARIMA (+달력·가동 계획)
2021-08-12 17:15:00,158.64682636080323,ARIMA (+달력·가동 계획)
2021-08-12 17:30:00,155.44251448652793,ARIMA (+달력·가동 계획)
2021-08-12 17:45:00,152.44345232018273,ARIMA (+달력·가동 계획)
2021-08-12 18:00:00,149.75121984113585,ARIMA (+달력·가동 계획)
2021-08-12 18:15:00,147.42789311794982,ARIMA (+달력·가동 계획)
2021-08-12 18:30:00,145.49206324250733,ARIMA (+달력·가동 계획)
2021-08-12 18:45:00,143.91836526660512,ARIMA (+달력·가동 계획)
2021-08-12 19:00:00,142.64051901863596,ARIMA (+달력·가동 계획)
2021-08-12 19:15:00,141.5576254801207,ARIMA (+달력·가동 계획)
2021-08-12 19:30:00,140.5432238766029,ARIMA (+달력·가동 계획)
2021-08-12 19:45:00,139.45641266412048,ARIMA (+달력·가동 계획)
2021-08-12 20:00:00,138.15418644413103,ARIMA (+달력·가동 계획)
2021-08-12 20:15:00,136.5040511912072,ARIMA (+달력·가동 계획)
2021-08-12 20:30:00,134.39595836429507,ARIMA (+달력·가동 계획)
2021-08-12 20:45:00,131.7526460496993,ARIMA (+달력·가동 계획)
2021-08-12 21:00:00,128.53758892070232,ARIMA (+달력·가동 계획)
2021-08-12 21:15:00,124.75993050714048,ARIMA (+달력·가동 계획)
2021-08-12 21:30:00,120.4759889590586,ARIMA (+달력·가동 계획)
2021-08-12 21:45:00,115.78717581047862,ARIMA (+달력·가동 계획)
2021-08-12 22:00:00,110.83442865608816,ARIMA (+달력·가동 계획)
2021-08-12 22:15:00,105.78951462465103,ARIMA (+달력·가동 계획)
2021-08-12 22:30:00,100.8437938634543,ARIMA (+달력·가동 계획)
2021-08-12 22:45:00,96.19522432016126,ARIMA (+달력·가동 계획)
2021-08-12 23:00:00,92.03452705436456,ARIMA (+달력·가동 계획)
2021-08-12 23:15:00,88.53150498945897,ARIMA (+달력·가동 계획)
2021-08-12 23:30:00,85.8225117313022,ARIMA (+달력·가동 계획)
2021-08-12 23:45:00,83.99999999999999,ARIMA (+달력·가동 계획)
2021-08-13 00:00:00,82.1049454526865,ARIMA (+달력·가동 계획)
2021-08-13 00:15:00,82.12275000562389,ARIMA (+달력·가동 계획)
2021-08-13 00:30:00,82.98299207449578,ARIMA (+달력·가동 계획)
2021-08-13 00:45:00,84.56312554694432,ARIMA (+달력·가동 계획)
2021-08-13 01:00:00,86.69595301284397,ARIMA (+달력·가동 계획)
2021-08-13 01:15:00,89.18043091685956,ARIMA (+달력·가동 계획)
2021-08-13 01:30:00,91.79512354226844,ARIMA (+달력·가동 계획)
2021-08-13 01:45:00,94.31342603974691,ARIMA (+달력·가동 계획)
2021-08-13 02:00:00,96.51953813509726,ARIMA (+달력·가동 계획)
2021-08-13 02:15:00,98.22409985811106,ARIMA (+달력·가동 계획)
2021-08-13 02:30:00,99.27840419868352,ARIMA (+달력·가동 계획)
2021-08-13 02:45:00,99.58617956911591,ARIMA (+달력·가동 계획)
2021-08-13 03:00:00,99.1120828028952,ARIMA (+달력·가동 계획)
2021-08-13 03:15:00,97.8862518140116,ARIMA (+달력·가동 계획)
2021-08-13 03:30:00,96.00452244214138,ARIMA (+달력·가동 계획)
2021-08-13 03:45:00,93.62419957987886,ARIMA (+달력·가동 계획)
2021-08-13 04:00:00,90.95556940245368,ARIMA (+달력·가동 계획)
2021-08-13 04:15:00,88.24962748135042,ARIMA (+달력·가동 계획)
2021-08-13 04:30:00,85.78275728838852,ARIMA (+달력·가동 계획)
2021-08-13 04:45:00,83.83930737784283,ARIMA (+달력·가동 계획)
2021-08-13 05:00:00,82.69316863323853,ARIMA (+달력·가동 계획)
2021-08-13 05:15:00,82.58953462502157,ARIMA (+달력·가동 계획)
2021-08-13 05:30:00,83.72803231289143,ARIMA (+달력·가동 계획)
2021-08-13 05:45:00,86.2483361629627,ARIMA (+달력·가동 계획)
2021-08-13 06:00:00,90.21923059115936,ARIMA (+달력·가동 계획)
2021-08-13 06:15:00,95.63187281102608,ARIMA (+달력·가동 계획)
2021-08-13 06:30:00,102.39774433588804,ARIMA (+달력·가동 계획)
2021-08-13 06:45:00,110.35148169922392,ARIMA (+달력·가동 계획)
2021-08-13 07:00:00,119.2584648724612,ARIMA (+달력·가동 계획)
2021-08-13 07:15:00,128.82673586293157,ARIMA (+달력·가동 계획)
2021-08-13 07:30:00,138.72254021460185,ARIMA (+달력·가동 계획)
2021-08-13 07:45:00,148.58854907413314,ARIMA (+달력·가동 계획)
2021-08-13 08:00:00,158.06364466913,ARIMA (+달력·가동 계획)
2021-08-13 08:15:00,166.8030490583369,ARIMA (+달력·가동 계획)
2021-08-13 08:30:00,174.49755170279732,ARIMA (+달력·가동 계획)
2021-08-13 08:45:00,180.8906474244555,ARIMA (+달력·가동 계획)
2021-08-13 09:00:00,185.79252900853407,ARIMA (+달력·가동 계획)
2021-08-13 09:15:00,189.0900793485248,ARIMA (+달력·가동 계획)
2021-08-13 09:30:00,190.7522634267565,ARIMA (+달력·가동 계획)
2021-08-13 09:45:00,190.8306137693677,ARIMA (+달력·가동 계획)
2021-08-13 10:00:00,189.454815035922,ARIMA (+달력·가동 계획)
2021-08-13 10:15:00,186.82370363556072,ARIMA (+달력·가동 계획)
2021-08-13 10:30:00,183.19228641402677,ARIMA (+달력·가동 계획)
2021-08-13 10:45:00,178.85562976646338,ARIMA (+달력·가동 계획)
2021-08-13 11:00:00,174.1306610097223,ARIMA (+달력·가동 계획)
2021-08-13 11:15:00,169.3370453353552,ARIMA (+달력·가동 계획)
2021-08-13 11:30:00,164.778346629058,ARIMA (+달력·가동 계획)
2021-08-13 11:45:00,160.72464646614884,ARIMA (+달력·가동 계획)
2021-08-13 12:00:00,157.39768551196127,ARIMA (+달력·가동 계획)
2021-08-13 12:15:00,154.95941324859686,ARIMA (+달력·가동 계획)
2021-08-13 12:30:00,153.50459778385402,ARIMA (+달력·가동 계획)
2021-08-13 12:45:00,153.05787348277832,ARIMA (+달력·가동 계획)
2021-08-13 13:00:00,153.57530885295304,ARIMA (+달력·가동 계획)
2021-08-13 13:15:00,154.9502803546367,ARIMA (+달력·가동 계획)
2021-08-13 13:30:00,157.02315938548332,ARIMA (+달력·가동 계획)
2021-08-13 13:45:00,159.5940780102477,ARIMA (+달력·가동 계획)
2021-08-13 14:00:00,162.43784985358374,ARIMA (+달력·가동 계획)
2021-08-13 14:15:00,165.31999806568768,ARIMA (+달력·가동 계획)
2021-08-13 14:30:00,168.01279005842636,ARIMA (+달력·가동 계획)
2021-08-13 14:45:00,170.3102014914167,ARIMA (+달력·가동 계획)
2021-08-13 15:00:00,172.04082735490718,ARIMA (+달력·가동 계획)
2021-08-13 15:15:00,173.07791863110828,ARIMA (+달력·가동 계획)
2021-08-13 15:30:00,173.34593721928002,ARIMA (+달력·가동 계획)
2021-08-13 15:45:00,172.82327432870497,ARIMA (+달력·가동 계획)
2021-08-13 16:00:00,171.54105063262386,ARIMA (+달력·가동 계획)
2021-08-13 16:15:00,169.5781911278711,ARIMA (+달력·가동 계획)
2021-08-13 16:30:00,167.05322489915562,ARIMA (+달력·가동 계획)
2021-08-13 16:45:00,164.11348223126603,ARIMA (+달력·가동 계획)
2021-08-13 17:00:00,160.92253368471438,ARIMA (+달력·가동 계획)
2021-08-13 17:15:00,157.64682636080323,ARIMA (+달력·가동 계획)
2021-08-13 17:30:00,154.44251448652793,ARIMA (+달력·가동 계획)
2021-08-13 17:45:00,151.44345232018273,ARIMA (+달력·가동 계획)
2021-08-13 18:00:00,148.75121984113585,ARIMA (+달력·가동 계획)
2021-08-13 18:15:00,146.42789311794982,ARIMA (+달력·가동 계획)
2021-08-13 18:30:00,144.49206324250733,ARIMA (+달력·가동 계획)
2021-08-13 18:45:00,142.91836526660512,ARIMA (+달력·가동 계획)
2021-08-13 19:00:00,141.64051901863596,ARIMA (+달력·가동 계획)
2021-08-13 19:15:00,140.5576254801207,ARIMA (+달력·가동 계획)
2021-08-13 19:30:00,139.5432238766029,ARIMA (+달력·가동 계획)
2021-08-13 19:45:00,138.45641266412048,ARIMA (+달력·가동 계획)
2021-08-13 20:00:00,137.15418644413103,ARIMA (+달력·가동 계획)
2021-08-13 20:15:00,135.5040511912072,ARIMA (+달력·가동 계획)
2021-08-13 20:30:00,133.39595836429507,ARIMA (+달력·가동 계획)
2021-08-13 20:45:00,130.7526460496993,ARIMA (+달력·가동 계획)
2021-08-13 21:00:00,127.53758892070232,ARIMA (+달력·가동 계획)
2021-08-13 21:15:00,123.75993050714048,ARIMA (+달력·가동 계획)
2021-08-13 21:30:00,119.4759889590586,ARIMA (+달력·가동 계획)
2021-08-13 21:45:00,114.78717581047862,ARIMA (+달력·가동 계획)
2021-08-13 22:00:00,109.83442865608816,ARIMA (+달력·가동 계획)
2021-08-13 22:15:00,104.78951462465103,ARIMA (+달력·가동 계획)
2021-08-13 22:30:00,99.8437938634543,ARIMA (+달력·가동 계획)
2021-08-13 22:45:00,95.19522432016126,ARIMA (+달력·가동 계획)
2021-08-13 23:00:00,91.03452705436456,ARIMA (+달력·가동 계획)
2021-08-13 23:15:00,87.53150498945897,ARIMA (+달력·가동 계획)
2021-08-13 23:30:00,84.8225117313022,ARIMA (+달력·가동 계획)
2021-08-13 23:45:00,82.99999999999999,ARIMA (+달력·가동 계획)
2021-08-14 00:00:00,58.56254595968454,ARIMA (+달력·가동 계획)
2021-08-14 00:15:00,58.88065611584191,ARIMA (+달력·가동 계획)
2021-08-14 00:30:00,59.22619403577535,ARIMA (+달력·가동 계획)
2021-08-14 00:45:00,59.60112909136853,ARIMA (+달력·가동 계획)
2021-08-14 01:00:00,60.00698616833904,ARIMA (+달력·가동 계획)
2021-08-14 01:15:00,60.444423837401,ARIMA (+달력·가동 계획)
2021-08-14 01:30:00,60.912792165969336,ARIMA (+달력·가동 계획)
2021-08-14 01:45:00,61.40970686543818,ARIMA (+달력·가동 계획)
2021-08-14 02:00:00,61.93067824742837,ARIMA (+달력·가동 계획)
2021-08-14 02:15:00,62.46883239225927,ARIMA (+달력·가동 계획)
2021-08-14 02:30:00,63.01475798345955,ARIMA (+달력·가동 계획)
2021-08-14 02:45:00,63.55650560922838,ARIMA (+달력·가동 계획)
2021-08-14 03:00:00,64.07975734951633,ARIMA (+달력·가동 계획)
2021-08-14 03:15:00,64.5681737058614,ARIMA (+달력·가동 계획)
2021-08-14 03:30:00,65.0039130812885,ARIMA (+달력·가동 계획)
2021-08-14 03:45:00,65.3683068661057,ARIMA (+달력·가동 계획)
2021-08-14 04:00:00,65.64266156198784,ARIMA (+달력·가동 계획)
2021-08-14 04:15:00,65.80914909765627,ARIMA (+달력·가동 계획)
2021-08-14 04:30:00,65.85173830140903,ARIMA (+달력·가동 계획)
2021-08-14 04:45:00,65.75711502333331,ARIMA (+달력·가동 계획)
2021-08-14 05:00:00,65.5155361009454,ARIMA (+달력·가동 계획)
2021-08-14 05:15:00,65.12156349289882,ARIMA (+달력·가동 계획)
2021-08-14 05:30:00,64.57462950083232,ARIMA (+달력·가동 계획)
2021-08-14 05:45:00,63.87939186552013,ARIMA (+달력·가동 계획)
2021-08-14 06:00:00,63.04584824684819,ARIMA (+달력·가동 계획)
2021-08-14 06:15:00,62.08919256862623,ARIMA (+달력·가동 계획)
2021-08-14 06:30:00,61.029410161059374,ARIMA (+달력·가동 계획)
2021-08-14 06:45:00,59.89062368751438,ARIMA (+달력·가동 계획)
2021-08-14 07:00:00,58.700216565161895,ARIMA (+달력·가동 계획)
2021-08-14 07:15:00,57.48777405395996,ARIMA (+달력·가동 계획)
2021-08-14 07:30:00,56.28389353418029,ARIMA (+달력·가동 계획)
2021-08-14 07:45:00,55.11892398094085,ARIMA (+달력·가동 계획)
2021-08-14 08:00:00,54.02169970851685,ARIMA (+달력·가동 계획)
2021-08-14 08:15:00,53.018334741140094,ARIMA (+달력·가동 계획)
2021-08-14 08:30:00,52.13114154896152,ARIMA (+달력·가동 계획)
2021-08-14 08:45:00,51.37773149065305,ARIMA (+달력·가동 계획)
2021-08-14 09:00:00,50.770344488698825,ARIMA (+달력·가동 계획)
2021-08-14 09:15:00,50.31544280704247,ARIMA (+달력·가동 계획)
2021-08-14 09:30:00,50.01358906108021,ARIMA (+달력·가동 계획)
2021-08-14 09:45:00,49.85961265731193,ARIMA (+달력·가동 계획)
2021-08-14 10:00:00,49.84305270074475,ARIMA (+달력·가동 계획)
2021-08-14 10:15:00,49.94885000350604,ARIMA (+달력·가동 계획)
2021-08-14 10:30:00,50.15824711137607,ARIMA (+달력·가동 계획)
2021-08-14 10:45:00,50.44984406218259,ARIMA (+달력·가동 계획)
2021-08-14 11:00:00,50.80074956770397,ARIMA (+달력·가동 계획)
2021-08-14 11:15:00,51.18776293378747,ARIMA (+달력·가동 계획)
2021-08-14 11:30:00,51.58852153627207,ARIMA (+달력·가동 계획)
2021-08-14 11:45:00,51.98255204321414,ARIMA (+달력·가동 계획)
2021-08-14 12:00:00,52.35217056484716,ARIMA (+달력·가동 계획)
2021-08-14 12:15:00,52.683187045195936,ARIMA (+달력·가동 계획)
2021-08-14 12:30:00,52.96538181456479,ARIMA (+달력·가동 계획)
2021-08-14 12:45:00,53.19273648369385,ARIMA (+달력·가동 계획)
2021-08-14 13:00:00,53.36341636767577,ARIMA (+달력·가동 계획)
2021-08-14 13:15:00,53.4795164356712,ARIMA (+달력·가동 계획)
2021-08-14 13:30:00,53.5465964726846,ARIMA (+달력·가동 계획)
2021-08-14 13:45:00,53.57304287947359,ARIMA (+달력·가동 계획)
2021-08-14 14:00:00,53.5693036318046,ARIMA (+달력·가동 계획)
2021-08-14 14:15:00,53.547048858116696,ARIMA (+달력·가동 계획)
2021-08-14 14:30:00,53.51831197498083,ARIMA (+달력·가동 계획)
2021-08-14 14:45:00,53.4946652711742,ARIMA (+달력·가동 계획)
2021-08-14 15:00:00,53.48647941235852,ARIMA (+달력·가동 계획)
2021-08-14 15:15:00,53.50230892381831,ARIMA (+달력·가동 계획)
2021-08-14 15:30:00,53.5484358607312,ARIMA (+달력·가동 계획)
2021-08-14 15:45:00,53.628592303608286,ARIMA (+달력·가동 계획)
2021-08-14 16:00:00,53.74386982813972,ARIMA (+달력·가동 계획)
2021-08-14 16:15:00,53.892811543163575,ARIMA (+달력·가동 계획)
2021-08-14 16:30:00,54.0716705018788,ARIMA (+달력·가동 계획)
2021-08-14 16:45:00,54.27480803260019,ARIMA (+달력·가동 계획)
2021-08-14 17:00:00,54.495197447844376,ARIMA (+달력·가동 계획)
2021-08-14 17:15:00,54.72499315331946,ARIMA (+달력·가동 계획)
2021-08-14 17:30:00,54.95612267833384,ARIMA (+달력·가동 계획)
2021-08-14 17:45:00,55.18085966493901,ARIMA (+달력·가동 계획)
2021-08-14 18:00:00,55.39233925376402,ARIMA (+달력·가동 계획)
2021-08-14 18:15:00,55.58498326216081,ARIMA (+달력·가동 계획)
2021-08-14 18:30:00,55.75481056661502,ARIMA (+달력·가동 계획)
2021-08-14 18:45:00,55.899617545294326,ARIMA (+달력·가동 계획)
2021-08-14 19:00:00,56.01902359075504,ARIMA (+달력·가동 계획)
2021-08-14 19:15:00,56.11438681552517,ARIMA (+달력·가동 계획)
2021-08-14 19:30:00,56.188604412206885,ARIMA (+달력·가동 계획)
2021-08-14 19:45:00,56.24582003363933,ARIMA (+달력·가동 계획)
2021-08-14 20:00:00,56.29106648346635,ARIMA (+달력·가동 계획)
2021-08-14 20:15:00,56.32987556364467,ARIMA (+달력·가동 계획)
2021-08-14 20:30:00,56.36788790405296,ARIMA (+달력·가동 계획)
2021-08-14 20:45:00,56.41049398499353,ARIMA (+달력·가동 계획)
2021-08-14 21:00:00,56.46253353313901,ARIMA (+달력·가동 계획)
2021-08-14 21:15:00,56.52807438030952,ARIMA (+달력·가동 계획)
2021-08-14 21:30:00,56.61028422774218,ARIMA (+달력·가동 계획)
2021-08-14 21:45:00,56.71140017395962,ARIMA (+달력·가동 계획)
2021-08-14 22:00:00,56.83279202605255,ARIMA (+달력·가동 계획)
2021-08-14 22:15:00,56.9751070219734,ARIMA (+달력·가동 계획)
2021-08-14 22:30:00,57.138476309151606,ARIMA (+달력·가동 계획)
2021-08-14 22:45:00,57.3227579312486,ARIMA (+달력·가동 계획)
2021-08-14 23:00:00,57.52778762114668,ARIMA (+달력·가동 계획)
2021-08-14 23:15:00,57.75360767369014,ARIMA (+달력·가동 계획)
2021-08-14 23:30:00,58.00064568196352,ARIMA (+달력·가동 계획)
2021-08-14 23:45:00,58.26981887913415,ARIMA (+달력·가동 계획)
2021-08-15 00:00:00,20.06254603441101,ARIMA (+달력·가동 계획)
2021-08-15 00:15:00,20.38065619056838,ARIMA (+달력·가동 계획)
2021-08-15 00:30:00,20.726194110501822,ARIMA (+달력·가동 계획)
2021-08-15 00:45:00,21.101129166095006,ARIMA (+달력·가동 계획)
2021-08-15 01:00:00,21.506986243065512,ARIMA (+달력·가동 계획)
2021-08-15 01:15:00,21.94442391212747,ARIMA (+달력·가동 계획)
2021-08-15 01:30:00,22.412792240695808,ARIMA (+달력·가동 계획)
2021-08-15 01:45:00,22.909706940164654,ARIMA (+달력·가동 계획)
2021-08-15 02:00:00,23.43067832215484,ARIMA (+달력·가동 계획)
2021-08-15 02:15:00,23.968832466985734,ARIMA (+달력·가동 계획)
2021-08-15 02:30:00,24.514758058186025,ARIMA (+달력·가동 계획)
2021-08-15 02:45:00,25.056505683954853,ARIMA (+달력·가동 계획)
2021-08-15 03:00:00,25.5797574242428,ARIMA (+달력·가동 계획)
2021-08-15 03:15:00,26.06817378058788,ARIMA (+달력·가동 계획)
2021-08-15 03:30:00,26.50391315601497,ARIMA (+달력·가동 계획)
2021-08-15 03:45:00,26.86830694083217,ARIMA (+달력·가동 계획)
2021-08-15 04:00:00,27.142661636714315,ARIMA (+달력·가동 계획)
2021-08-15 04:15:00,27.309149172382742,ARIMA (+달력·가동 계획)
2021-08-15 04:30:00,27.351738376135508,ARIMA (+달력·가동 계획)
2021-08-15 04:45:00,27.257115098059774,ARIMA (+달력·가동 계획)
2021-08-15 05:00:00,27.01553617567187,ARIMA (+달력·가동 계획)
2021-08-15 05:15:00,26.621563567625287,ARIMA (+달력·가동 계획)
2021-08-15 05:30:00,26.07462957555878,ARIMA (+달력·가동 계획)
2021-08-15 05:45:00,25.37939194024661,ARIMA (+달력·가동 계획)
2021-08-15 06:00:00,24.54584832157466,ARIMA (+달력·가동 계획)
2021-08-15 06:15:00,23.589192643352703,ARIMA (+달력·가동 계획)
2021-08-15 06:30:00,22.529410235785846,ARIMA (+달력·가동 계획)
2021-08-15 06:45:00,21.39062376224085,ARIMA (+달력·가동 계획)
2021-08-15 07:00:00,20.200216639888367,ARIMA (+달력·가동 계획)
2021-08-15 07:15:00,18.987774128686432,ARIMA (+달력·가동 계획)
2021-08-15 07:30:00,17.783893608906766,ARIMA (+달력·가동 계획)
2021-08-15 07:45:00,16.61892405566732,ARIMA (+달력·가동 계획)
2021-08-15 08:00:00,15.521699783243337,ARIMA (+달력·가동 계획)
2021-08-15 08:15:00,14.518334815866568,ARIMA (+달력·가동 계획)
2021-08-15 08:30:00,13.63114162368798,ARIMA (+달력·가동 계획)
2021-08-15 08:45:00,12.87773156537952,ARIMA (+달력·가동 계획)
2021-08-15 09:00:00,12.270344563425311,ARIMA (+달력·가동 계획)
2021-08-15 09:15:00,11.81544288176896,ARIMA (+달력·가동 계획)
2021-08-15 09:30:00,11.513589135806685,ARIMA (+달력·가동 계획)
2021-08-15 09:45:00,11.359612732038386,ARIMA (+달력·가동 계획)
2021-08-15 10:00:00,11.343052775471222,ARIMA (+달력·가동 계획)
2021-08-15 10:15:00,11.44885007823251,ARIMA (+달력·가동 계획)
2021-08-15 10:30:00,11.658247186102544,ARIMA (+달력·가동 계획)
2021-08-15 10:45:00,11.94984413690905,ARIMA (+달력·가동 계획)
2021-08-15 11:00:00,12.300749642430446,ARIMA (+달력·가동 계획)
2021-08-15 11:15:00,12.68776300851394,ARIMA (+달력·가동 계획)
2021-08-15 11:30:00,13.08852161099854,ARIMA (+달력·가동 계획)
2021-08-15 11:45:00,13.482552117940614,ARIMA (+달력·가동 계획)
2021-08-15 12:00:00,13.852170639573629,ARIMA (+달력·가동 계획)
2021-08-15 12:15:00,14.183187119922408,ARIMA (+달력·가동 계획)
2021-08-15 12:30:00,14.465381889291264,ARIMA (+달력·가동 계획)
2021-08-15 12:45:00,14.692736558420322,ARIMA (+달력·가동 계획)
2021-08-15 13:00:00,14.86341644240224,ARIMA (+달력·가동 계획)
2021-08-15 13:15:00,14.979516510397673,ARIMA (+달력·가동 계획)
2021-08-15 13:30:00,15.04659654741107,ARIMA (+달력·가동 계획)
2021-08-15 13:45:00,15.073042954200062,ARIMA (+달력·가동 계획)
2021-08-15 14:00:00,15.069303706531072,ARIMA (+달력·가동 계획)
2021-08-15 14:15:00,15.047048932843168,ARIMA (+달력·가동 계획)
2021-08-15 14:30:00,15.018312049707305,ARIMA (+달력·가동 계획)
2021-08-15 14:45:00,14.994665345900671,ARIMA (+달력·가동 계획)
2021-08-15 15:00:00,14.986479487084992,ARIMA (+달력·가동 계획)
2021-08-15 15:15:00,15.002308998544777,ARIMA (+달력·가동 계획)
2021-08-15 15:30:00,15.048435935457675,ARIMA (+달력·가동 계획)
2021-08-15 15:45:00,15.128592378334773,ARIMA (+달력·가동 계획)
2021-08-15 16:00:00,15.243869902866194,ARIMA (+달력·가동 계획)
2021-08-15 16:15:00,15.39281161789006,ARIMA (+달력·가동 계획)
2021-08-15 16:30:00,15.571670576605271,ARIMA (+달력·가동 계획)
2021-08-15 16:45:00,15.774808107326647,ARIMA (+달력·가동 계획)
2021-08-15 17:00:00,15.995197522570862,ARIMA (+달력·가동 계획)
2021-08-15 17:15:00,16.224993228045932,ARIMA (+달력·가동 계획)
2021-08-15 17:30:00,16.456122753060313,ARIMA (+달력·가동 계획)
2021-08-15 17:45:00,16.68085973966548,ARIMA (+달력·가동 계획)
2021-08-15 18:00:00,16.892339328490493,ARIMA (+달력·가동 계획)
2021-08-15 18:15:00,17.084983336887277,ARIMA (+달력·가동 계획)
2021-08-15 18:30:00,17.254810641341493,ARIMA (+달력·가동 계획)
2021-08-15 18:45:00,17.399617620020805,ARIMA (+달력·가동 계획)
2021-08-15 19:00:00,17.519023665481512,ARIMA (+달력·가동 계획)
2021-08-15 19:15:00,17.614386890251637,ARIMA (+달력·가동 계획)
2021-08-15 19:30:00,17.688604486933357,ARIMA (+달력·가동 계획)
2021-08-15 19:45:00,17.745820108365805,ARIMA (+달력·가동 계획)
2021-08-15 20:00:00,17.791066558192824,ARIMA (+달력·가동 계획)
2021-08-15 20:15:00,17.82987563837115,ARIMA (+달력·가동 계획)
2021-08-15 20:30:00,17.867887978779414,ARIMA (+달력·가동 계획)
2021-08-15 20:45:00,17.91049405972,ARIMA (+달력·가동 계획)
2021-08-15 21:00:00,17.96253360786548,ARIMA (+달력·가동 계획)
2021-08-15 21:15:00,18.02807445503599,ARIMA (+달력·가동 계획)
2021-08-15 21:30:00,18.11028430246865,ARIMA (+달력·가동 계획)
2021-08-15 21:45:00,18.21140024868609,ARIMA (+달력·가동 계획)
2021-08-15 22:00:00,18.332792100779024,ARIMA (+달력·가동 계획)
2021-08-15 22:15:00,18.475107096699872,ARIMA (+달력·가동 계획)
2021-08-15 22:30:00,18.63847638387808,ARIMA (+달력·가동 계획)
2021-08-15 22:45:00,18.822758005975068,ARIMA (+달력·가동 계획)
2021-08-15 23:00:00,19.02778769587315,ARIMA (+달력·가동 계획)
2021-08-15 23:15:00,19.253607748416613,ARIMA (+달력·가동 계획)
2021-08-15 23:30:00,19.50064575668999,ARIMA (+달력·가동 계획)
2021-08-15 23:45:00,19.76981895386062,ARIMA (+달력·가동 계획)
2021-08-16 00:00:00,29.681032695642777,ARIMA (+달력·가동 계획)
2021-08-16 00:15:00,29.632115371872167,ARIMA (+달력·가동 계획)
2021-08-16 00:30:00,30.4328141732758,ARIMA (+달력·가동 계획)
2021-08-16 00:45:00,31.964317978363155,ARIMA (+달력·가동 계획)
2021-08-16 01:00:00,34.062346509097274,ARIMA (+달력·가동 계획)
2021-08-16 01:15:00,36.52780834381103,ARIMA (+달력·가동 계획)
2021-08-16 01:30:00,39.140184321641776,ARIMA (+달력·가동 계획)
2021-08-16 01:45:00,41.67275878485918,ARIMA (+달력·가동 계획)
2021-08-16 02:00:00,43.908676803526106,ARIMA (+달력·가동 계획)
2021-08-16 02:15:00,45.6567298637984,ARIMA (+달력·가동 계획)
2021-08-16 02:30:00,46.76577141992785,ARIMA (+달력·가동 계획)
2021-08-16 02:45:00,47.13673808503026,ARIMA (+달력·가동 계획)
2021-08-16 03:00:00,46.731397781452976,ARIMA (+달력·가동 계획)
2021-08-16 03:15:00,45.5771537039864,ARIMA (+달력·가동 계획)
2021-08-16 03:30:00,43.76748898219374,ARIMA (+달력·가동 계획)
2021-08-16 03:45:00,41.45792456673359,ARIMA (+달력·가동 계획)
2021-08-16 04:00:00,38.85766293378813,ARIMA (+달력·가동 계획)
2021-08-16 04:15:00,36.21738253607615,ARIMA (+달력·가동 계획)
2021-08-16 04:30:00,33.81391273467858,ARIMA (+달력·가동 계획)
2021-08-16 04:45:00,31.932738144010425,ARIMA (+달력·가동 계획)
2021-08-16 05:00:00,30.849439780786177,ARIMA (+달력·가동 계획)
2021-08-16 05:15:00,30.811266979587096,ARIMA (+달력·가동 계획)
2021-08-16 05:30:00,32.02004233245409,ARIMA (+달력·가동 계획)
2021-08-16 05:45:00,34.61753074808444,ARIMA (+달력·가동 계획)
2021-08-16 06:00:00,38.67425724174164,ARIMA (+달력·가동 계획)
2021-08-16 06:15:00,44.1825454528325,ARIMA (+달력·가동 계획)
2021-08-16 06:30:00,51.05428379842958,ARIMA (+달력·가동 계획)
2021-08-16 06:45:00,59.123625826294806,ARIMA (+달력·가동 계획)
2021-08-16 07:00:00,68.15451537081628,ARIMA (+달력·가동 계획)
2021-08-16 07:15:00,77.85261629564882,ARIMA (+달력·가동 계획)
2021-08-16 07:30:00,87.88094141432332,ARIMA (+달력·가동 계획)
2021-08-16 07:45:00,97.87823446256922,ARIMA (+달력·가동 계획)
2021-08-16 08:00:00,107.47897870116792,ARIMA (+달력·가동 계획)
2021-08-16 08:15:00,116.33379783421776,ARIMA (+달력·가동 계획)
2021-08-16 08:30:00,124.12898663994608,ARIMA (+달력·가동 계획)
2021-08-16 08:45:00,130.60396197692015,ARIMA (+달력·가동 계획)
2021-08-16 09:00:00,135.56555620422446,ARIMA (+달력·가동 계획)
2021-08-16 09:15:00,138.89827593399986,ARIMA (+달력·가동 계획)
2021-08-16 09:30:00,140.56990622432238,ARIMA (+달력·가동 계획)
2021-08-16 09:45:00,140.63213691797955,ARIMA (+달력·가동 계획)
2021-08-16 10:00:00,139.21620435787133,ARIMA (+달력·가동 계획)
2021-08-16 10:15:00,136.52385740385506,ARIMA (+달력·가동 계획)
2021-08-16 10:30:00,132.81425088642385,ARIMA (+달력·가동 계획)
2021-08-16 10:45:00,128.3876231887242,ARIMA (+달력·가동 계획)
2021-08-16 11:00:00,123.56681113433666,ARIMA (+달력·가동 계획)
2021-08-16 11:15:00,118.67778219984548,ARIMA (+달력·가동 계획)
2021-08-16 11:30:00,114.03041336244635,ARIMA (+달력·가동 계획)
2021-08-16 11:45:00,109.9007149069091,ARIMA (+달력·가동 계획)
2021-08-16 12:00:00,106.51558886790248,ARIMA (+달력·가동 계획)
2021-08-16 12:15:00,104.0410332324188,ARIMA (+달력·가동 계획)
2021-08-16 12:30:00,102.57446693498562,ARIMA (+달력·가동 계획)
2021-08-16 12:45:00,102.1415731609162,ARIMA (+달력·가동 계획)
2021-08-16 13:00:00,102.69775829973756,ARIMA (+달력·가동 계획)
2021-08-16 13:15:00,104.13402121266355,ARIMA (+달력·가동 계획)
2021-08-16 13:30:00,106.28674246447753,ARIMA (+달력·가동 계획)
2021-08-16 13:45:00,108.9506546537076,ARIMA (+달력·가동 계획)
2021-08-16 14:00:00,111.8940591892322,ARIMA (+달력·가동 계획)
2021-08-16 14:15:00,114.8752243619551,ARIMA (+달력·가동 계획)
2021-08-16 14:30:00,117.65884239842865,ARIMA (+달력·가동 계획)
2021-08-16 14:45:00,120.0314423898376,ARIMA (+달력·가동 계획)
2021-08-16 15:00:00,121.81474940027144,ARIMA (+달력·가동 계획)
2021-08-16 15:15:00,122.8761404931622,ARIMA (+달력·가동 계획)
2021-08-16 15:30:00,123.13556419909897,ARIMA (+달력·가동 계획)
2021-08-16 15:45:00,122.56854573466,ARIMA (+달력·가동 계획)
2021-08-16 16:00:00,121.20517812056475,ARIMA (+달력·가동 계획)
2021-08-16 16:15:00,119.12527992811695,ARIMA (+달력·가동 계획)
2021-08-16 16:30:00,116.4501643644789,ARIMA (+달력·가동 계획)
2021-08-16 16:45:00,113.33169374334958,ARIMA (+달력·가동 계획)
2021-08-16 17:00:00,109.93947255744884,ARIMA (+달력·가동 계획)
2021-08-16 17:15:00,106.44714943058828,ARIMA (+달력·가동 계획)
2021-08-16 17:30:00,103.01884561893662,ARIMA (+달력·가동 계획)
2021-08-16 17:45:00,99.7967027719168,ARIMA (+달력·가동 계획)
2021-08-16 18:00:00,96.89044771218336,ARIMA (+달력·가동 계획)
2021-08-16 18:15:00,94.36971426450272,ARIMA (+달력·가동 계획)
2021-08-16 18:30:00,92.25965320165116,ARIMA (+달력·가동 계획)
2021-08-16 18:45:00,90.5401162437251,ARIMA (+달력·가동 계획)
2021-08-16 19:00:00,89.14843626480415,ARIMA (+달력·가동 계획)
2021-08-16 19:15:00,87.98556217889698,ARIMA (+달력·가동 계획)
2021-08-16 19:30:00,86.92506207096193,ARIMA (+달력·가동 계획)
2021-08-16 19:45:00,85.8242993085166,ARIMA (+달력·가동 계획)
2021-08-16 20:00:00,84.53692833730837,ARIMA (+달력·가동 계획)
2021-08-16 20:15:00,82.92576075367263,ARIMA (+달력·가동 계획)
2021-08-16 20:30:00,80.87502480900952,ARIMA (+달력·가동 계획)
2021-08-16 20:45:00,78.30108465281491,ARIMA (+달력·가동 계획)
2021-08-16 21:00:00,75.16079630508011,ARIMA (+달력·가동 계획)
2021-08-16 21:15:00,71.45684775572461,ARIMA (+달력·가동 계획)
2021-08-16 21:30:00,67.23964869454207,ARIMA (+달력·가동 계획)
2021-08-16 21:45:00,62.605585779826896,ARIMA (+달력·가동 계획)
2021-08-16 22:00:00,57.69172435181981,ARIMA (+달력·가동 계획)
2021-08-16 22:15:00,52.6672983094307,ARIMA (+달력·가동 계획)
2021-08-16 22:30:00,47.72256795151336,ARIMA (+달력·가동 계획)
2021-08-16 22:45:00,43.05582392276247,ARIMA (+달력·가동 계획)
2021-08-16 23:00:00,38.85945970469299,ARIMA (+달력·가동 계획)
2021-08-16 23:15:00,35.30611478483456,ARIMA (+달력·가동 계획)
2021-08-16 23:30:00,32.535899627350176,ARIMA (+달력·가동 계획)
2021-08-16 23:45:00,30.64565067698589,ARIMA (+달력·가동 계획)
2021-08-17 00:00:00,81.81579164407538,ARIMA (+달력·가동 계획)
2021-08-17 00:15:00,81.76687432030477,ARIMA (+달력·가동 계획)
2021-08-17 00:30:00,82.5675731217084,ARIMA (+달력·가동 계획)
2021-08-17 00:45:00,84.09907692679576,ARIMA (+달력·가동 계획)
2021-08-17 01:00:00,86.19710545752989,ARIMA (+달력·가동 계획)
2021-08-17 01:15:00,88.66256729224364,ARIMA (+달력·가동 계획)
2021-08-17 01:30:00,91.27494327007436,ARIMA (+달력·가동 계획)
2021-08-17 01:45:00,93.80751773329176,ARIMA (+달력·가동 계획)
2021-08-17 02:00:00,96.04343575195873,ARIMA (+달력·가동 계획)
2021-08-17 02:15:00,97.79148881223102,ARIMA (+달력·가동 계획)
2021-08-17 02:30:00,98.90053036836044,ARIMA (+달력·가동 계획)
2021-08-17 02:45:00,99.27149703346286,ARIMA (+달력·가동 계획)
2021-08-17 03:00:00,98.86615672988556,ARIMA (+달력·가동 계획)
2021-08-17 03:15:00,97.71191265241902,ARIMA (+달력·가동 계획)
2021-08-17 03:30:00,95.90224793062634,ARIMA (+달력·가동 계획)
2021-08-17 03:45:00,93.5926835151662,ARIMA (+달력·가동 계획)
2021-08-17 04:00:00,90.99242188222073,ARIMA (+달력·가동 계획)
2021-08-17 04:15:00,88.35214148450876,ARIMA (+달력·가동 계획)
2021-08-17 04:30:00,85.94867168311119,ARIMA (+달력·가동 계획)
2021-08-17 04:45:00,84.06749709244303,ARIMA (+달력·가동 계획)
2021-08-17 05:00:00,82.98419872921879,ARIMA (+달력·가동 계획)
2021-08-17 05:15:00,82.94602592801971,ARIMA (+달력·가동 계획)
2021-08-17 05:30:00,84.15480128088669,ARIMA (+달력·가동 계획)
2021-08-17 05:45:00,86.75228969651705,ARIMA (+달력·가동 계획)
2021-08-17 06:00:00,90.80901619017423,ARIMA (+달력·가동 계획)
2021-08-17 06:15:00,96.3173044012651,ARIMA (+달력·가동 계획)
2021-08-17 06:30:00,103.1890427468622,ARIMA (+달력·가동 계획)
2021-08-17 06:45:00,111.25838477472742,ARIMA (+달력·가동 계획)
2021-08-17 07:00:00,120.28927431924888,ARIMA (+달력·가동 계획)
2021-08-17 07:15:00,129.98737524408142,ARIMA (+달력·가동 계획)
2021-08-17 07:30:00,140.01570036275592,ARIMA (+달력·가동 계획)
2021-08-17 07:45:00,150.01299341100182,ARIMA (+달력·가동 계획)
2021-08-17 08:00:00,159.61373764960052,ARIMA (+달력·가동 계획)
2021-08-17 08:15:00,168.46855678265035,ARIMA (+달력·가동 계획)
2021-08-17 08:30:00,176.26374558837867,ARIMA (+달력·가동 계획)
2021-08-17 08:45:00,182.7387209253528,ARIMA (+달력·가동 계획)
2021-08-17 09:00:00,187.70031515265708,ARIMA (+달력·가동 계획)
2021-08-17 09:15:00,191.03303488243247,ARIMA (+달력·가동 계획)
2021-08-17 09:30:00,192.70466517275497,ARIMA (+달력·가동 계획)
2021-08-17 09:45:00,192.76689586641217,ARIMA (+달력·가동 계획)
2021-08-17 10:00:00,191.35096330630395,ARIMA (+달력·가동 계획)
2021-08-17 10:15:00,188.65861635228768,ARIMA (+달력·가동 계획)
2021-08-17 10:30:00,184.94900983485644,ARIMA (+달력·가동 계획)
2021-08-17 10:45:00,180.5223821371568,ARIMA (+달력·가동 계획)
2021-08-17 11:00:00,175.70157008276928,ARIMA (+달력·가동 계획)
2021-08-17 11:15:00,170.8125411482781,ARIMA (+달력·가동 계획)
2021-08-17 11:30:00,166.16517231087897,ARIMA (+달력·가동 계획)
2021-08-17 11:45:00,162.0354738553417,ARIMA (+달력·가동 계획)
2021-08-17 12:00:00,158.65034781633508,ARIMA (+달력·가동 계획)
2021-08-17 12:15:00,156.1757921808514,ARIMA (+달력·가동 계획)
2021-08-17 12:30:00,154.70922588341824,ARIMA (+달력·가동 계획)
2021-08-17 12:45:00,154.27633210934883,ARIMA (+달력·가동 계획)
2021-08-17 13:00:00,154.83251724817018,ARIMA (+달력·가동 계획)
2021-08-17 13:15:00,156.26878016109617,ARIMA (+달력·가동 계획)
2021-08-17 13:30:00,158.42150141291012,ARIMA (+달력·가동 계획)
2021-08-17 13:45:00,161.0854136021402,ARIMA (+달력·가동 계획)
2021-08-17 14:00:00,164.0288181376648,ARIMA (+달력·가동 계획)
2021-08-17 14:15:00,167.00998331038772,ARIMA (+달력·가동 계획)
2021-08-17 14:30:00,169.79360134686124,ARIMA (+달력·가동 계획)
2021-08-17 14:45:00,172.1662013382702,ARIMA (+달력·가동 계획)
2021-08-17 15:00:00,173.94950834870406,ARIMA (+달력·가동 계획)
2021-08-17 15:15:00,175.01089944159483,ARIMA (+달력·가동 계획)
2021-08-17 15:30:00,175.27032314753157,ARIMA (+달력·가동 계획)
2021-08-17 15:45:00,174.7033046830926,ARIMA (+달력·가동 계획)
2021-08-17 16:00:00,173.3399370689974,ARIMA (+달력·가동 계획)
2021-08-17 16:15:00,171.26003887654957,ARIMA (+달력·가동 계획)
2021-08-17 16:30:00,168.58492331291149,ARIMA (+달력·가동 계획)
2021-08-17 16:45:00,165.4664526917822,ARIMA (+달력·가동 계획)
2021-08-17 17:00:00,162.07423150588147,ARIMA (+달력·가동 계획)
2021-08-17 17:15:00,158.5819083790209,ARIMA (+달력·가동 계획)
2021-08-17 17:30:00,155.15360456736923,ARIMA (+달력·가동 계획)
2021-08-17 17:45:00,151.93146172034943,ARIMA (+달력·가동 계획)
2021-08-17 18:00:00,149.025206660616,ARIMA (+달력·가동 계획)
2021-08-17 18:15:00,146.50447321293532,ARIMA (+달력·가동 계획)
2021-08-17 18:30:00,144.39441215008375,ARIMA (+달력·가동 계획)
2021-08-17 18:45:00,142.6748751921577,ARIMA (+달력·가동 계획)
2021-08-17 19:00:00,141.28319521323675,ARIMA (+달력·가동 계획)
2021-08-17 19:15:00,140.1203211273296,ARIMA (+달력·가동 계획)
2021-08-17 19:30:00,139.05982101939455,ARIMA (+달력·가동 계획)
2021-08-17 19:45:00,137.95905825694922,ARIMA (+달력·가동 계획)
2021-08-17 20:00:00,136.67168728574097,ARIMA (+달력·가동 계획)
2021-08-17 20:15:00,135.06051970210524,ARIMA (+달력·가동 계획)
2021-08-17 20:30:00,133.0097837574421,ARIMA (+달력·가동 계획)
2021-08-17 20:45:00,130.4358436012475,ARIMA (+달력·가동 계획)
2021-08-17 21:00:00,127.29555525351272,ARIMA (+달력·가동 계획)
2021-08-17 21:15:00,123.59160670415724,ARIMA (+달력·가동 계획)
2021-08-17 21:30:00,119.37440764297467,ARIMA (+달력·가동 계획)
2021-08-17 21:45:00,114.74034472825952,ARIMA (+달력·가동 계획)
2021-08-17 22:00:00,109.82648330025242,ARIMA (+달력·가동 계획)
2021-08-17 22:15:00,104.80205725786332,ARIMA (+달력·가동 계획)
2021-08-17 22:30:00,99.85732689994596,ARIMA (+달력·가동 계획)
2021-08-17 22:45:00,95.19058287119508,ARIMA (+달력·가동 계획)
2021-08-17 23:00:00,90.9942186531256,ARIMA (+달력·가동 계획)
2021-08-17 23:15:00,87.44087373326715,ARIMA (+달력·가동 계획)
2021-08-17 23:30:00,84.67065857578278,ARIMA (+달력·가동 계획)
2021-08-17 23:45:00,82.7804096254185,ARIMA (+달력·가동 계획)
2021-08-18 00:00:00,84.4743507245301,ARIMA (+달력·가동 계획)
2021-08-18 00:15:00,84.42543340075949,ARIMA (+달력·가동 계획)
2021-08-18 00:30:00,85.22613220216313,ARIMA (+달력·가동 계획)
2021-08-18 00:45:00,86.75763600725048,ARIMA (+달력·가동 계획)
2021-08-18 01:00:00,88.85566453798461,ARIMA (+달력·가동 계획)
2021-08-18 01:15:00,91.32112637269836,ARIMA (+달력·가동 계획)
2021-08-18 01:30:00,93.9335023505291,ARIMA (+달력·가동 계획)
2021-08-18 01:45:00,96.4660768137465,ARIMA (+달력·가동 계획)
2021-08-18 02:00:00,98.70199483241343,ARIMA (+달력·가동 계획)
2021-08-18 02:15:00,100.45004789268576,ARIMA (+달력·가동 계획)
2021-08-18 02:30:00,101.55908944881516,ARIMA (+달력·가동 계획)
2021-08-18 02:45:00,101.9300561139176,ARIMA (+달력·가동 계획)
2021-08-18 03:00:00,101.5247158103403,ARIMA (+달력·가동 계획)
2021-08-18 03:15:00,100.37047173287374,ARIMA (+달력·가동 계획)
2021-08-18 03:30:00,98.56080701108108,ARIMA (+달력·가동 계획)
2021-08-18 03:45:00,96.25124259562092,ARIMA (+달력·가동 계획)
2021-08-18 04:00:00,93.65098096267543,ARIMA (+달력·가동 계획)
2021-08-18 04:15:00,91.01070056496349,ARIMA (+달력·가동 계획)
2021-08-18 04:30:00,88.60723076356591,ARIMA (+달력·가동 계획)
2021-08-18 04:45:00,86.72605617289776,ARIMA (+달력·가동 계획)
2021-08-18 05:00:00,85.64275780967351,ARIMA (+달력·가동 계획)
2021-08-18 05:15:00,85.60458500847443,ARIMA (+달력·가동 계획)
2021-08-18 05:30:00,86.81336036134141,ARIMA (+달력·가동 계획)
2021-08-18 05:45:00,89.41084877697178,ARIMA (+달력·가동 계획)
2021-08-18 06:00:00,93.46757527062896,ARIMA (+달력·가동 계획)
2021-08-18 06:15:00,98.97586348171984,ARIMA (+달력·가동 계획)
2021-08-18 06:30:00,105.84760182731692,ARIMA (+달력·가동 계획)
2021-08-18 06:45:00,113.91694385518214,ARIMA (+달력·가동 계획)
2021-08-18 07:00:00,122.9478333997036,ARIMA (+달력·가동 계획)
2021-08-18 07:15:00,132.64593432453614,ARIMA (+달력·가동 계획)
2021-08-18 07:30:00,142.67425944321064,ARIMA (+달력·가동 계획)
2021-08-18 07:45:00,152.67155249145654,ARIMA (+달력·가동 계획)
2021-08-18 08:00:00,162.27229673005525,ARIMA (+달력·가동 계획)
2021-08-18 08:15:00,171.12711586310508,ARIMA (+달력·가동 계획)
2021-08-18 08:30:00,178.9223046688334,ARIMA (+달력·가동 계획)
2021-08-18 08:45:00,185.3972800058075,ARIMA (+달력·가동 계획)
2021-08-18 09:00:00,190.3588742331118,ARIMA (+달력·가동 계획)
2021-08-18 09:15:00,193.6915939628872,ARIMA (+달력·가동 계획)
2021-08-18 09:30:00,195.3632242532097,ARIMA (+달력·가동 계획)
2021-08-18 09:45:00,195.4254549468669,ARIMA (+달력·가동 계획)
2021-08-18 10:00:00,194.00952238675868,ARIMA (+달력·가동 계획)
2021-08-18 10:15:00,191.3171754327424,ARIMA (+달력·가동 계획)
2021-08-18 10:30:00,187.6075689153112,ARIMA (+달력·가동 계획)
2021-08-18 10:45:00,183.18094121761155,ARIMA (+달력·가동 계획)
2021-08-18 11:00:00,178.360129163224,ARIMA (+달력·가동 계획)
2021-08-18 11:15:00,173.4711002287328,ARIMA (+달력·가동 계획)
2021-08-18 11:30:00,168.8237313913337,ARIMA (+달력·가동 계획)
2021-08-18 11:45:00,164.69403293579643,ARIMA (+달력·가동 계획)
2021-08-18 12:00:00,161.3089068967898,ARIMA (+달력·가동 계획)
2021-08-18 12:15:00,158.83435126130613,ARIMA (+달력·가동 계획)
2021-08-18 12:30:00,157.36778496387296,ARIMA (+달력·가동 계획)
2021-08-18 12:45:00,156.93489118980355,ARIMA (+달력·가동 계획)
2021-08-18 13:00:00,157.4910763286249,ARIMA (+달력·가동 계획)
2021-08-18 13:15:00,158.9273392415509,ARIMA (+달력·가동 계획)
2021-08-18 13:30:00,161.08006049336484,ARIMA (+달력·가동 계획)
2021-08-18 13:45:00,163.74397268259492,ARIMA (+달력·가동 계획)
2021-08-18 14:00:00,166.68737721811954,ARIMA (+달력·가동 계획)
2021-08-18 14:15:00,169.66854239084245,ARIMA (+달력·가동 계획)
2021-08-18 14:30:00,172.45216042731596,ARIMA (+달력·가동 계획)
2021-08-18 14:45:00,174.82476041872494,ARIMA (+달력·가동 계획)
2021-08-18 15:00:00,176.60806742915878,ARIMA (+달력·가동 계획)
2021-08-18 15:15:00,177.66945852204955,ARIMA (+달력·가동 계획)
2021-08-18 15:30:00,177.9288822279863,ARIMA (+달력·가동 계획)
2021-08-18 15:45:00,177.36186376354732,ARIMA (+달력·가동 계획)
2021-08-18 16:00:00,175.9984961494521,ARIMA (+달력·가동 계획)
2021-08-18 16:15:00,173.9185979570043,ARIMA (+달력·가동 계획)
2021-08-18 16:30:00,171.2434823933662,ARIMA (+달력·가동 계획)
2021-08-18 16:45:00,168.12501177223692,ARIMA (+달력·가동 계획)
2021-08-18 17:00:00,164.7327905863362,ARIMA (+달력·가동 계획)
2021-08-18 17:15:00,161.2404674594756,ARIMA (+달력·가동 계획)
2021-08-18 17:30:00,157.81216364782395,ARIMA (+달력·가동 계획)
2021-08-18 17:45:00,154.59002080080415,ARIMA (+달력·가동 계획)
2021-08-18 18:00:00,151.68376574107072,ARIMA (+달력·가동 계획)
2021-08-18 18:15:00,149.16303229339005,ARIMA (+달력·가동 계획)
2021-08-18 18:30:00,147.05297123053847,ARIMA (+달력·가동 계획)
2021-08-18 18:45:00,145.33343427261244,ARIMA (+달력·가동 계획)
2021-08-18 19:00:00,143.94175429369147,ARIMA (+달력·가동 계획)
2021-08-18 19:15:00,142.7788802077843,ARIMA (+달력·가동 계획)
2021-08-18 19:30:00,141.71838009984927,ARIMA (+달력·가동 계획)
2021-08-18 19:45:00,140.61761733740394,ARIMA (+달력·가동 계획)
2021-08-18 20:00:00,139.3302463661957,ARIMA (+달력·가동 계획)
2021-08-18 20:15:00,137.71907878255996,ARIMA (+달력·가동 계획)
2021-08-18 20:30:00,135.66834283789683,ARIMA (+달력·가동 계획)
2021-08-18 20:45:00,133.09440268170223,ARIMA (+달력·가동 계획)
2021-08-18 21:00:00,129.95411433396742,ARIMA (+달력·가동 계획)
2021-08-18 21:15:00,126.25016578461197,ARIMA (+달력·가동 계획)
2021-08-18 21:30:00,122.0329667234294,ARIMA (+달력·가동 계획)
2021-08-18 21:45:00,117.39890380871424,ARIMA (+달력·가동 계획)
2021-08-18 22:00:00,112.48504238070714,ARIMA (+달력·가동 계획)
2021-08-18 22:15:00,107.46061633831803,ARIMA (+달력·가동 계획)
2021-08-18 22:30:00,102.5158859804007,ARIMA (+달력·가동 계획)
2021-08-18 22:45:00,97.8491419516498,ARIMA (+달력·가동 계획)
2021-08-18 23:00:00,93.65277773358032,ARIMA (+달력·가동 계획)
2021-08-18 23:15:00,90.09943281372188,ARIMA (+달력·가동 계획)
2021-08-18 23:30:00,87.3292176562375,ARIMA (+달력·가동 계획)
2021-08-18 23:45:00,85.43896870587322,ARIMA (+달력·가동 계획)
2021-08-19 00:00:00,93.51987425332815,ARIMA (+달력·가동 계획)
2021-08-19 00:15:00,93.47095692955756,ARIMA (+달력·가동 계획)
2021-08-19 00:30:00,94.2716557309612,ARIMA (+달력·가동 계획)
2021-08-19 00:45:00,95.80315953604855,ARIMA (+달력·가동 계획)
2021-08-19 01:00:00,97.90118806678268,ARIMA (+달력·가동 계획)
2021-08-19 01:15:00,100.36664990149644,ARIMA (+달력·가동 계획)
2021-08-19 01:30:00,102.97902587932715,ARIMA (+달력·가동 계획)
2021-08-19 01:45:00,105.51160034254455,ARIMA (+달력·가동 계획)
2021-08-19 02:00:00,107.7475183612115,ARIMA (+달력·가동 계획)
2021-08-19 02:15:00,109.49557142148382,ARIMA (+달력·가동 계획)
2021-08-19 02:30:00,110.60461297761324,ARIMA (+달력·가동 계획)
2021-08-19 02:45:00,110.97557964271566,ARIMA (+달력·가동 계획)
2021-08-19 03:00:00,110.57023933913835,ARIMA (+달력·가동 계획)
2021-08-19 03:15:00,109.4159952616718,ARIMA (+달력·가동 계획)
2021-08-19 03:30:00,107.60633053987914,ARIMA (+달력·가동 계획)
2021-08-19 03:45:00,105.29676612441898,ARIMA (+달력·가동 계획)
2021-08-19 04:00:00,102.69650449147352,ARIMA (+달력·가동 계획)
2021-08-19 04:15:00,100.05622409376156,ARIMA (+달력·가동 계획)
2021-08-19 04:30:00,97.65275429236398,ARIMA (+달력·가동 계획)
2021-08-19 04:45:00,95.77157970169584,ARIMA (+달력·가동 계획)
2021-08-19 05:00:00,94.68828133847158,ARIMA (+달력·가동 계획)
2021-08-19 05:15:00,94.6501085372725,ARIMA (+달력·가동 계획)
2021-08-19 05:30:00,95.85888389013948,ARIMA (+달력·가동 계획)
2021-08-19 05:45:00,98.45637230576985,ARIMA (+달력·가동 계획)
2021-08-19 06:00:00,102.51309879942704,ARIMA (+달력·가동 계획)
2021-08-19 06:15:00,108.0213870105179,ARIMA (+달력·가동 계획)
2021-08-19 06:30:00,114.89312535611498,ARIMA (+달력·가동 계획)
2021-08-19 06:45:00,122.9624673839802,ARIMA (+달력·가동 계획)
2021-08-19 07:00:00,131.99335692850167,ARIMA (+달력·가동 계획)
2021-08-19 07:15:00,141.6914578533342,ARIMA (+달력·가동 계획)
2021-08-19 07:30:00,151.71978297200872,ARIMA (+달력·가동 계획)
2021-08-19 07:45:00,161.7170760202546,ARIMA (+달력·가동 계획)
2021-08-19 08:00:00,171.31782025885332,ARIMA (+달력·가동 계획)
2021-08-19 08:15:00,180.17263939190315,ARIMA (+달력·가동 계획)
2021-08-19 08:30:00,187.96782819763143,ARIMA (+달력·가동 계획)
2021-08-19 08:45:00,194.4428035346056,ARIMA (+달력·가동 계획)
2021-08-19 09:00:00,199.40439776190988,ARIMA (+달력·가동 계획)
2021-08-19 09:15:00,202.73711749168527,ARIMA (+달력·가동 계획)
2021-08-19 09:30:00,204.40874778200777,ARIMA (+달력·가동 계획)
2021-08-19 09:45:00,204.47097847566496,ARIMA (+달력·가동 계획)
2021-08-19 10:00:00,203.05504591555675,ARIMA (+달력·가동 계획)
2021-08-19 10:15:00,200.36269896154047,ARIMA (+달력·가동 계획)
2021-08-19 10:30:00,196.65309244410923,ARIMA (+달력·가동 계획)
2021-08-19 10:45:00,192.2264647464096,ARIMA (+달력·가동 계획)
2021-08-19 11:00:00,187.40565269202207,ARIMA (+달력·가동 계획)
2021-08-19 11:15:00,182.51662375753088,ARIMA (+달력·가동 계획)
2021-08-19 11:30:00,177.86925492013177,ARIMA (+달력·가동 계획)
2021-08-19 11:45:00,173.7395564645945,ARIMA (+달력·가동 계획)
2021-08-19 12:00:00,170.35443042558788,ARIMA (+달력·가동 계획)
2021-08-19 12:15:00,167.8798747901042,ARIMA (+달력·가동 계획)
2021-08-19 12:30:00,166.41330849267104,ARIMA (+달력·가동 계획)
2021-08-19 12:45:00,165.98041471860162,ARIMA (+달력·가동 계획)
2021-08-19 13:00:00,166.53659985742297,ARIMA (+달력·가동 계획)
2021-08-19 13:15:00,167.97286277034897,ARIMA (+달력·가동 계획)
2021-08-19 13:30:00,170.1255840221629,ARIMA (+달력·가동 계획)
2021-08-19 13:45:00,172.789496211393,ARIMA (+달력·가동 계획)
2021-08-19 14:00:00,175.7329007469176,ARIMA (+달력·가동 계획)
2021-08-19 14:15:00,178.71406591964052,ARIMA (+달력·가동 계획)
2021-08-19 14:30:00,181.49768395611403,ARIMA (+달력·가동 계획)
2021-08-19 14:45:00,183.870283947523,ARIMA (+달력·가동 계획)
2021-08-19 15:00:00,185.65359095795685,ARIMA (+달력·가동 계획)
2021-08-19 15:15:00,186.7149820508476,ARIMA (+달력·가동 계획)
2021-08-19 15:30:00,186.9744057567844,ARIMA (+달력·가동 계획)
2021-08-19 15:45:00,186.4073872923454,ARIMA (+달력·가동 계획)
2021-08-19 16:00:00,185.04401967825015,ARIMA (+달력·가동 계획)
2021-08-19 16:15:00,182.9641214858024,ARIMA (+달력·가동 계획)
2021-08-19 16:30:00,180.28900592216428,ARIMA (+달력·가동 계획)
2021-08-19 16:45:00,177.170535301035,ARIMA (+달력·가동 계획)
2021-08-19 17:00:00,173.77831411513426,ARIMA (+달력·가동 계획)
2021-08-19 17:15:00,170.28599098827368,ARIMA (+달력·가동 계획)
2021-08-19 17:30:00,166.85768717662202,ARIMA (+달력·가동 계획)
2021-08-19 17:45:00,163.63554432960223,ARIMA (+달력·가동 계획)
2021-08-19 18:00:00,160.7292892698688,ARIMA (+달력·가동 계획)
2021-08-19 18:15:00,158.20855582218812,ARIMA (+달력·가동 계획)
2021-08-19 18:30:00,156.09849475933655,ARIMA (+달력·가동 계획)
2021-08-19 18:45:00,154.3789578014105,ARIMA (+달력·가동 계획)
2021-08-19 19:00:00,152.98727782248957,ARIMA (+달력·가동 계획)
2021-08-19 19:15:00,151.82440373658238,ARIMA (+달력·가동 계획)
2021-08-19 19:30:00,150.76390362864734,ARIMA (+달력·가동 계획)
2021-08-19 19:45:00,149.663140866202,ARIMA (+달력·가동 계획)
2021-08-19 20:00:00,148.37576989499377,ARIMA (+달력·가동 계획)
2021-08-19 20:15:00,146.76460231135803,ARIMA (+달력·가동 계획)
2021-08-19 20:30:00,144.7138663666949,ARIMA (+달력·가동 계획)
2021-08-19 20:45:00,142.1399262105003,ARIMA (+달력·가동 계획)
2021-08-19 21:00:00,138.9996378627655,ARIMA (+달력·가동 계획)
2021-08-19 21:15:00,135.29568931341,ARIMA (+달력·가동 계획)
2021-08-19 21:30:00,131.07849025222748,ARIMA (+달력·가동 계획)
2021-08-19 21:45:00,126.44442733751232,ARIMA (+달력·가동 계획)
2021-08-19 22:00:00,121.5305659095052,ARIMA (+달력·가동 계획)
2021-08-19 22:15:00,116.5061398671161,ARIMA (+달력·가동 계획)
2021-08-19 22:30:00,111.56140950919875,ARIMA (+달력·가동 계획)
2021-08-19 22:45:00,106.89466548044788,ARIMA (+달력·가동 계획)
2021-08-19 23:00:00,102.69830126237838,ARIMA (+달력·가동 계획)
2021-08-19 23:15:00,99.14495634251996,ARIMA (+달력·가동 계획)
2021-08-19 23:30:00,96.37474118503556,ARIMA (+달력·가동 계획)
2021-08-19 23:45:00,94.4844922346713,ARIMA (+달력·가동 계획)
2021-08-20 00:00:00,98.4047217057101,ARIMA (+달력·가동 계획)
2021-08-20 00:15:00,98.35580438193948,ARIMA (+달력·가동 계획)
2021-08-20 00:30:00,99.15650318334312,ARIMA (+달력·가동 계획)
2021-08-20 00:45:00,100.68800698843047,ARIMA (+달력·가동 계획)
2021-08-20 01:00:00,102.7860355191646,ARIMA (+달력·가동 계획)
2021-08-20 01:15:00,105.25149735387836,ARIMA (+달력·가동 계획)
2021-08-20 01:30:00,107.8638733317091,ARIMA (+달력·가동 계획)
2021-08-20 01:45:00,110.3964477949265,ARIMA (+달력·가동 계획)
2021-08-20 02:00:00,112.63236581359344,ARIMA (+달력·가동 계획)
2021-08-20 02:15:00,114.38041887386576,ARIMA (+달력·가동 계획)
2021-08-20 02:30:00,115.48946042999518,ARIMA (+달력·가동 계획)
2021-08-20 02:45:00,115.8604270950976,ARIMA (+달력·가동 계획)
2021-08-20 03:00:00,115.4550867915203,ARIMA (+달력·가동 계획)
2021-08-20 03:15:00,114.30084271405374,ARIMA (+달력·가동 계획)
2021-08-20 03:30:00,112.49117799226109,ARIMA (+달력·가동 계획)
2021-08-20 03:45:00,110.18161357680091,ARIMA (+달력·가동 계획)
2021-08-20 04:00:00,107.58135194385544,ARIMA (+달력·가동 계획)
2021-08-20 04:15:00,104.94107154614348,ARIMA (+달력·가동 계획)
2021-08-20 04:30:00,102.53760174474591,ARIMA (+달력·가동 계획)
2021-08-20 04:45:00,100.65642715407776,ARIMA (+달력·가동 계획)
2021-08-20 05:00:00,99.57312879085352,ARIMA (+달력·가동 계획)
2021-08-20 05:15:00,99.53495598965443,ARIMA (+달력·가동 계획)
2021-08-20 05:30:00,100.7437313425214,ARIMA (+달력·가동 계획)
2021-08-20 05:45:00,103.34121975815178,ARIMA (+달력·가동 계획)
2021-08-20 06:00:00,107.39794625180896,ARIMA (+달력·가동 계획)
2021-08-20 06:15:00,112.90623446289985,ARIMA (+달력·가동 계획)
2021-08-20 06:30:00,119.77797280849693,ARIMA (+달력·가동 계획)
2021-08-20 06:45:00,127.84731483636214,ARIMA (+달력·가동 계획)
2021-08-20 07:00:00,136.8782043808836,ARIMA (+달력·가동 계획)
2021-08-20 07:15:00,146.57630530571615,ARIMA (+달력·가동 계획)
2021-08-20 07:30:00,156.60463042439065,ARIMA (+달력·가동 계획)
2021-08-20 07:45:00,166.60192347263654,ARIMA (+달력·가동 계획)
2021-08-20 08:00:00,176.20266771123525,ARIMA (+달력·가동 계획)
2021-08-20 08:15:00,185.05748684428508,ARIMA (+달력·가동 계획)
2021-08-20 08:30:00,192.8526756500134,ARIMA (+달력·가동 계획)
2021-08-20 08:45:00,199.3276509869875,ARIMA (+달력·가동 계획)
2021-08-20 09:00:00,204.2892452142918,ARIMA (+달력·가동 계획)
2021-08-20 09:15:00,207.6219649440672,ARIMA (+달력·가동 계획)
2021-08-20 09:30:00,209.29359523438973,ARIMA (+달력·가동 계획)
2021-08-20 09:45:00,209.3558259280469,ARIMA (+달력·가동 계획)
2021-08-20 10:00:00,207.93989336793868,ARIMA (+달력·가동 계획)
2021-08-20 10:15:00,205.2475464139224,ARIMA (+달력·가동 계획)
2021-08-20 10:30:00,201.5379398964912,ARIMA (+달력·가동 계획)
2021-08-20 10:45:00,197.11131219879155,ARIMA (+달력·가동 계획)
2021-08-20 11:00:00,192.290500144404,ARIMA (+달력·가동 계획)
2021-08-20 11:15:00,187.4014712099128,ARIMA (+달력·가동 계획)
2021-08-20 11:30:00,182.75410237251367,ARIMA (+달력·가동 계획)
2021-08-20 11:45:00,178.62440391697643,ARIMA (+달력·가동 계획)
2021-08-20 12:00:00,175.2392778779698,ARIMA (+달력·가동 계획)
2021-08-20 12:15:00,172.76472224248613,ARIMA (+달력·가동 계획)
2021-08-20 12:30:00,171.29815594505294,ARIMA (+달력·가동 계획)
2021-08-20 12:45:00,170.86526217098356,ARIMA (+달력·가동 계획)
2021-08-20 13:00:00,171.42144730980488,ARIMA (+달력·가동 계획)
2021-08-20 13:15:00,172.8577102227309,ARIMA (+달력·가동 계획)
2021-08-20 13:30:00,175.01043147454487,ARIMA (+달력·가동 계획)
2021-08-20 13:45:00,177.67434366377495,ARIMA (+달력·가동 계획)
2021-08-20 14:00:00,180.61774819929957,ARIMA (+달력·가동 계획)
2021-08-20 14:15:00,183.5989133720224,ARIMA (+달력·가동 계획)
2021-08-20 14:30:00,186.382531408496,ARIMA (+달력·가동 계획)
2021-08-20 14:45:00,188.7551313999049,ARIMA (+달력·가동 계획)
2021-08-20 15:00:00,190.5384384103388,ARIMA (+달력·가동 계획)
2021-08-20 15:15:00,191.5998295032296,ARIMA (+달력·가동 계획)
2021-08-20 15:30:00,191.8592532091663,ARIMA (+달력·가동 계획)
2021-08-20 15:45:00,191.29223474472727,ARIMA (+달력·가동 계획)
2021-08-20 16:00:00,189.9288671306321,ARIMA (+달력·가동 계획)
2021-08-20 16:15:00,187.8489689381843,ARIMA (+달력·가동 계획)
2021-08-20 16:30:00,185.1738533745462,ARIMA (+달력·가동 계획)
2021-08-20 16:45:00,182.0553827534169,ARIMA (+달력·가동 계획)
2021-08-20 17:00:00,178.6631615675162,ARIMA (+달력·가동 계획)
2021-08-20 17:15:00,175.1708384406556,ARIMA (+달력·가동 계획)
2021-08-20 17:30:00,171.74253462900396,ARIMA (+달력·가동 계획)
2021-08-20 17:45:00,168.52039178198416,ARIMA (+달력·가동 계획)
2021-08-20 18:00:00,165.6141367222507,ARIMA (+달력·가동 계획)
2021-08-20 18:15:00,163.09340327457005,ARIMA (+달력·가동 계획)
2021-08-20 18:30:00,160.98334221171848,ARIMA (+달력·가동 계획)
2021-08-20 18:45:00,159.26380525379244,ARIMA (+달력·가동 계획)
2021-08-20 19:00:00,157.87212527487148,ARIMA (+달력·가동 계획)
2021-08-20 19:15:00,156.70925118896432,ARIMA (+달력·가동 계획)
2021-08-20 19:30:00,155.64875108102927,ARIMA (+달력·가동 계획)
2021-08-20 19:45:00,154.54798831858395,ARIMA (+달력·가동 계획)
2021-08-20 20:00:00,153.2606173473757,ARIMA (+달력·가동 계획)
2021-08-20 20:15:00,151.64944976373997,ARIMA (+달력·가동 계획)
2021-08-20 20:30:00,149.59871381907683,ARIMA (+달력·가동 계획)
2021-08-20 20:45:00,147.02477366288224,ARIMA (+달력·가동 계획)
2021-08-20 21:00:00,143.88448531514743,ARIMA (+달력·가동 계획)
2021-08-20 21:15:00,140.18053676579194,ARIMA (+달력·가동 계획)
2021-08-20 21:30:00,135.96333770460942,ARIMA (+달력·가동 계획)
2021-08-20 21:45:00,131.32927478989424,ARIMA (+달력·가동 계획)
2021-08-20 22:00:00,126.41541336188716,ARIMA (+달력·가동 계획)
2021-08-20 22:15:00,121.39098731949804,ARIMA (+달력·가동 계획)
2021-08-20 22:30:00,116.4462569615807,ARIMA (+달력·가동 계획)
2021-08-20 22:45:00,111.7795129328298,ARIMA (+달력·가동 계획)
2021-08-20 23:00:00,107.58314871476033,ARIMA (+달력·가동 계획)
2021-08-20 23:15:00,104.02980379490188,ARIMA (+달력·가동 계획)
2021-08-20 23:30:00,101.25958863741752,ARIMA (+달력·가동 계획)
2021-08-20 23:45:00,99.36933968705324,ARIMA (+달력·가동 계획)
2021-08-21 00:00:00,73.80438747340787,ARIMA (+달력·가동 계획)
2021-08-21 00:15:00,74.22686991235143,ARIMA (+달력·가동 계획)
2021-08-21 00:30:00,74.67112686421088,ARIMA (+달력·가동 계획)
2021-08-21 00:45:00,75.13707087639844,ARIMA (+달력·가동 계획)
2021-08-21 01:00:00,75.6244451157981,ARIMA (+달력·가동 계획)
2021-08-21 01:15:00,76.13244410267166,ARIMA (+달력·가동 계획)
2021-08-21 01:30:00,76.65929036112682,ARIMA (+달력·가동 계획)
2021-08-21 01:45:00,77.20180445111832,ARIMA (+달력·가동 계획)
2021-08-21 02:00:00,77.75500931194229,ARIMA (+달력·가동 계획)
2021-08-21 02:15:00,78.3118102281991,ARIMA (+달력·가동 계획)
2021-08-21 02:30:00,78.8627888927576,ARIMA (+달력·가동 계획)
2021-08-21 02:45:00,79.39614408607079,ARIMA (+달력·가동 계획)
2021-08-21 03:00:00,79.89780274517831,ARIMA (+달력·가동 계획)
2021-08-21 03:15:00,80.35171419674816,ARIMA (+달력·가동 계획)
2021-08-21 03:30:00,80.74032779013274,ARIMA (+달력·가동 계획)
2021-08-21 03:45:00,81.04524093086371,ARIMA (+달력·가동 계획)
2021-08-21 04:00:00,81.24799149647605,ARIMA (+달력·가동 계획)
2021-08-21 04:15:00,81.33095673867646,ARIMA (+달력·가동 계획)
2021-08-21 04:30:00,81.27831090769143,ARIMA (+달력·가동 계획)
2021-08-21 04:45:00,81.07698672937966,ARIMA (+달력·가동 계획)
2021-08-21 05:00:00,80.71758210667721,ARIMA (+달력·가동 계획)
2021-08-21 05:15:00,80.1951533743268,ARIMA (+달력·가동 계획)
2021-08-21 05:30:00,79.50984023736692,ARIMA (+달력·가동 계획)
2021-08-21 05:45:00,78.66727504168087,ARIMA (+달력·가동 계획)
2021-08-21 06:00:00,77.67873987959733,ARIMA (+달력·가동 계획)
2021-08-21 06:15:00,76.56104861513793,ARIMA (+달력·가동 계획)
2021-08-21 06:30:00,75.33614641841888,ARIMA (+달력·가동 계획)
2021-08-21 06:45:00,74.03043588003234,ARIMA (+달력·가동 계획)
2021-08-21 07:00:00,72.67385520431935,ARIMA (+달력·가동 계획)
2021-08-21 07:15:00,71.29874930970627,ARIMA (+달력·가동 계획)
2021-08-21 07:30:00,69.93858790175871,ARIMA (+달력·가동 계획)
2021-08-21 07:45:00,68.62659485581395,ARIMA (+달력·가동 계획)
2021-08-21 08:00:00,67.39435985358045,ARIMA (+달력·가동 계획)
2021-08-21 08:15:00,66.27050568911082,ARIMA (+달력·가동 계획)
2021-08-21 08:30:00,65.27948277890506,ARIMA (+달력·가동 계획)
2021-08-21 08:45:00,64.44055623753005,ARIMA (+달력·가동 계획)
2021-08-21 09:00:00,63.76704074566395,ARIMA (+달력·가동 계획)
2021-08-21 09:15:00,63.265824926881976,ARIMA (+달력·가동 계획)
2021-08-21 09:30:00,62.93721086519693,ARIMA (+달력·가동 계획)
2021-08-21 09:45:00,62.77507670684672,ARIMA (+달력·가동 계획)
2021-08-21 10:00:00,62.76735207221782,ARIMA (+달력·가동 계획)
2021-08-21 10:15:00,62.896778369387306,ARIMA (+달력·가동 계획)
2021-08-21 10:30:00,63.14191012784521,ARIMA (+달력·가동 계획)
2021-08-21 10:45:00,63.47830013478081,ARIMA (+달력·가동 계획)
2021-08-21 11:00:00,63.87980126669044,ARIMA (+달력·가동 계획)
2021-08-21 11:15:00,64.31991205861854,ARIMA (+달력·가동 계획)
2021-08-21 11:30:00,64.77309157994992,ARIMA (+달력·가동 계획)
2021-08-21 11:45:00,65.21597215140899,ARIMA (+달력·가동 계획)
2021-08-21 12:00:00,65.62840562600343,ARIMA (+달력·가동 계획)
2021-08-21 12:15:00,65.9942898864378,ARIMA (+달력·가동 계획)
2021-08-21 12:30:00,66.30213617063795,ARIMA (+달력·가동 계획)
2021-08-21 12:45:00,66.54535392837215,ARIMA (+달력·가동 계획)
2021-08-21 13:00:00,66.72224711252437,ARIMA (+달력·가동 계획)
2021-08-21 13:15:00,66.83573303612397,ARIMA (+달력·가동 계획)
2021-08-21 13:30:00,66.89281110940324,ARIMA (+달력·가동 계획)
2021-08-21 13:45:00,66.90382291838188,ARIMA (+달력·가동 계획)
2021-08-21 14:00:00,66.88155636921186,ARIMA (+달력·가동 계획)
2021-08-21 14:15:00,66.84025434852984,ARIMA (+달력·가동 계획)
2021-08-21 14:30:00,66.79459212346512,ARIMA (+달력·가동 계획)
2021-08-21 14:45:00,66.75868737029771,ARIMA (+달력·가동 계획)
2021-08-21 15:00:00,66.74520238981557,ARIMA (+달력·가동 계획)
2021-08-21 15:15:00,66.76459010823751,ARIMA (+달력·가동 계획)
2021-08-21 15:30:00,66.82452447174765,ARIMA (+달력·가동 계획)
2021-08-21 15:45:00,66.92954260283898,ARIMA (+달력·가동 계획)
2021-08-21 16:00:00,67.08091151199315,ARIMA (+달력·가동 계획)
2021-08-21 16:15:00,67.27671723203184,ARIMA (+달력·가동 계획)
2021-08-21 16:30:00,67.51215995080842,ARIMA (+달력·가동 계획)
2021-08-21 16:45:00,67.78002598384835,ARIMA (+달력·가동 계획)
2021-08-21 17:00:00,68.07129705158643,ARIMA (+달력·가동 계획)
2021-08-21 17:15:00,68.37584993034224,ARIMA (+달력·가동 계획)
2021-08-21 17:30:00,68.68319554231417,ARIMA (+달력·가동 계획)
2021-08-21 17:45:00,68.98320610965091,ARIMA (+달력·가동 계획)
2021-08-21 18:00:00,69.2667820473616,ARIMA (+달력·가동 계획)
2021-08-21 18:15:00,69.52641649932984,ARIMA (+달력·가동 계획)
2021-08-21 18:30:00,69.75662430984104,ARIMA (+달력·가동 계획)
2021-08-21 18:45:00,69.95421307710433,ARIMA (+달력·가동 계획)
2021-08-21 19:00:00,70.11838594178005,ARIMA (+달력·가동 계획)
2021-08-21 19:15:00,70.2506780467645,ARIMA (+달력·가동 계획)
2021-08-21 19:30:00,70.35474028847203,ARIMA (+달력·가동 계획)
2021-08-21 19:45:00,70.43599424974103,ARIMA (+달력·가동 계획)
2021-08-21 20:00:00,70.50119036287305,ARIMA (+달력·가동 계획)
2021-08-21 20:15:00,70.55790686572564,ARIMA (+달력·가동 계획)
2021-08-21 20:30:00,70.61402965208023,ARIMA (+달력·가동 계획)
2021-08-21 20:45:00,70.67725256880533,ARIMA (+달력·가동 계획)
2021-08-21 21:00:00,70.75463419208393,ARIMA (+달력·가동 계획)
2021-08-21 21:15:00,70.85224095398735,ARIMA (+달력·가동 계획)
2021-08-21 21:30:00,70.97489820892592,ARIMA (+달력·가동 계획)
2021-08-21 21:45:00,71.12606109665526,ARIMA (+달력·가동 계획)
2021-08-21 22:00:00,71.3078066440031,ARIMA (+달력·가동 계획)
2021-08-21 22:15:00,71.52093826374997,ARIMA (+달력·가동 계획)
2021-08-21 22:30:00,71.76518445200614,ARIMA (+달력·가동 계획)
2021-08-21 22:45:00,72.03946577604799,ARIMA (+달력·가동 계획)
2021-08-21 23:00:00,72.34219877655025,ARIMA (+달력·가동 계획)
2021-08-21 23:15:00,72.671602604259,ARIMA (+달력·가동 계획)
2021-08-21 23:30:00,73.02597429227293,ARIMA (+달력·가동 계획)
2021-08-21 23:45:00,73.40390153366735,ARIMA (+달력·가동 계획)
2021-08-22 00:00:00,21.29333787696612,ARIMA (+달력·가동 계획)
2021-08-22 00:15:00,21.71582031590968,ARIMA (+달력·가동 계획)
2021-08-22 00:30:00,22.160077267769125,ARIMA (+달력·가동 계획)
2021-08-22 00:45:00,22.626021279956696,ARIMA (+달력·가동 계획)
2021-08-22 01:00:00,23.113395519356352,ARIMA (+달력·가동 계획)
2021-08-22 01:15:00,23.621394506229898,ARIMA (+달력·가동 계획)
2021-08-22 01:30:00,24.14824076468507,ARIMA (+달력·가동 계획)
2021-08-22 01:45:00,24.69075485467657,ARIMA (+달력·가동 계획)
2021-08-22 02:00:00,25.243959715500537,ARIMA (+달력·가동 계획)
2021-08-22 02:15:00,25.800760631757363,ARIMA (+달력·가동 계획)
2021-08-22 02:30:00,26.35173929631585,ARIMA (+달력·가동 계획)
2021-08-22 02:45:00,26.885094489629047,ARIMA (+달력·가동 계획)
2021-08-22 03:00:00,27.38675314873656,ARIMA (+달력·가동 계획)
2021-08-22 03:15:00,27.840664600306404,ARIMA (+달력·가동 계획)
2021-08-22 03:30:00,28.229278193690995,ARIMA (+달력·가동 계획)
2021-08-22 03:45:00,28.534191334421955,ARIMA (+달력·가동 계획)
2021-08-22 04:00:00,28.736941900034296,ARIMA (+달력·가동 계획)
2021-08-22 04:15:00,28.81990714223472,ARIMA (+달력·가동 계획)
2021-08-22 04:30:00,28.76726131124968,ARIMA (+달력·가동 계획)
2021-08-22 04:45:00,28.565937132937904,ARIMA (+달력·가동 계획)
2021-08-22 05:00:00,28.20653251023547,ARIMA (+달력·가동 계획)
2021-08-22 05:15:00,27.68410377788504,ARIMA (+달력·가동 계획)
2021-08-22 05:30:00,26.998790640925165,ARIMA (+달력·가동 계획)
2021-08-22 05:45:00,26.15622544523912,ARIMA (+달력·가동 계획)
2021-08-22 06:00:00,25.16769028315558,ARIMA (+달력·가동 계획)
2021-08-22 06:15:00,24.049999018696184,ARIMA (+달력·가동 계획)
2021-08-22 06:30:00,22.82509682197712,ARIMA (+달력·가동 계획)
2021-08-22 06:45:00,21.519386283590585,ARIMA (+달력·가동 계획)
2021-08-22 07:00:00,20.1628056078776,ARIMA (+달력·가동 계획)
2021-08-22 07:15:00,18.78769971326452,ARIMA (+달력·가동 계획)
2021-08-22 07:30:00,17.427538305316958,ARIMA (+달력·가동 계획)
2021-08-22 07:45:00,16.115545259372198,ARIMA (+달력·가동 계획)
2021-08-22 08:00:00,14.883310257138705,ARIMA (+달력·가동 계획)
2021-08-22 08:15:00,13.759456092669067,ARIMA (+달력·가동 계획)
2021-08-22 08:30:00,12.768433182463312,ARIMA (+달력·가동 계획)
2021-08-22 08:45:00,11.929506641088295,ARIMA (+달력·가동 계획)
2021-08-22 09:00:00,11.255991149222195,ARIMA (+달력·가동 계획)
2021-08-22 09:15:00,10.754775330440223,ARIMA (+달력·가동 계획)
2021-08-22 09:30:00,10.42616126875518,ARIMA (+달력·가동 계획)
2021-08-22 09:45:00,10.264027110404982,ARIMA (+달력·가동 계획)
2021-08-22 10:00:00,10.256302475776067,ARIMA (+달력·가동 계획)
2021-08-22 10:15:00,10.385728772945557,ARIMA (+달력·가동 계획)
2021-08-22 10:30:00,10.630860531403457,ARIMA (+달력·가동 계획)
2021-08-22 10:45:00,10.967250538339073,ARIMA (+달력·가동 계획)
2021-08-22 11:00:00,11.36875167024867,ARIMA (+달력·가동 계획)
2021-08-22 11:15:00,11.80886246217679,ARIMA (+달력·가동 계획)
2021-08-22 11:30:00,12.262041983508167,ARIMA (+달력·가동 계획)
2021-08-22 11:45:00,12.70492255496724,ARIMA (+달력·가동 계획)
2021-08-22 12:00:00,13.117356029561677,ARIMA (+달력·가동 계획)
2021-08-22 12:15:00,13.483240289996049,ARIMA (+달력·가동 계획)
2021-08-22 12:30:00,13.7910865741962,ARIMA (+달력·가동 계획)
2021-08-22 12:45:00,14.0343043319304,ARIMA (+달력·가동 계획)
2021-08-22 13:00:00,14.211197516082606,ARIMA (+달력·가동 계획)
2021-08-22 13:15:00,14.324683439682218,ARIMA (+달력·가동 계획)
2021-08-22 13:30:00,14.381761512961477,ARIMA (+달력·가동 계획)
2021-08-22 13:45:00,14.392773321940112,ARIMA (+달력·가동 계획)
2021-08-22 14:00:00,14.370506772770112,ARIMA (+달력·가동 계획)
2021-08-22 14:15:00,14.329204752088074,ARIMA (+달력·가동 계획)
2021-08-22 14:30:00,14.283542527023386,ARIMA (+달력·가동 계획)
2021-08-22 14:45:00,14.24763777385597,ARIMA (+달력·가동 계획)
2021-08-22 15:00:00,14.234152793373823,ARIMA (+달력·가동 계획)
2021-08-22 15:15:00,14.253540511795748,ARIMA (+달력·가동 계획)
2021-08-22 15:30:00,14.313474875305886,ARIMA (+달력·가동 계획)
2021-08-22 15:45:00,14.418493006397211,ARIMA (+달력·가동 계획)
2021-08-22 16:00:00,14.5698619155514,ARIMA (+달력·가동 계획)
2021-08-22 16:15:00,14.765667635590106,ARIMA (+달력·가동 계획)
2021-08-22 16:30:00,15.001110354366674,ARIMA (+달력·가동 계획)
2021-08-22 16:45:00,15.26897638740661,ARIMA (+달력·가동 계획)
2021-08-22 17:00:00,15.560247455144662,ARIMA (+달력·가동 계획)
2021-08-22 17:15:00,15.86480033390049,ARIMA (+달력·가동 계획)
2021-08-22 17:30:00,16.17214594587241,ARIMA (+달력·가동 계획)
2021-08-22 17:45:00,16.47215651320917,ARIMA (+달력·가동 계획)
2021-08-22 18:00:00,16.75573245091985,ARIMA (+달력·가동 계획)
2021-08-22 18:15:00,17.015366902888097,ARIMA (+달력·가동 계획)
2021-08-22 18:30:00,17.245574713399293,ARIMA (+달력·가동 계획)
2021-08-22 18:45:00,17.443163480662584,ARIMA (+달력·가동 계획)
2021-08-22 19:00:00,17.607336345338304,ARIMA (+달력·가동 계획)
2021-08-22 19:15:00,17.739628450322755,ARIMA (+달력·가동 계획)
2021-08-22 19:30:00,17.84369069203028,ARIMA (+달력·가동 계획)
2021-08-22 19:45:00,17.924944653299278,ARIMA (+달력·가동 계획)
2021-08-22 20:00:00,17.990140766431296,ARIMA (+달력·가동 계획)
2021-08-22 20:15:00,18.046857269283883,ARIMA (+달력·가동 계획)
2021-08-22 20:30:00,18.10298005563849,ARIMA (+달력·가동 계획)
2021-08-22 20:45:00,18.166202972363585,ARIMA (+달력·가동 계획)
2021-08-22 21:00:00,18.243584595642176,ARIMA (+달력·가동 계획)
2021-08-22 21:15:00,18.3411913575456,ARIMA (+달력·가동 계획)
2021-08-22 21:30:00,18.46384861248417,ARIMA (+달력·가동 계획)
2021-08-22 21:45:00,18.615011500213512,ARIMA (+달력·가동 계획)
2021-08-22 22:00:00,18.796757047561343,ARIMA (+달력·가동 계획)
2021-08-22 22:15:00,19.00988866730821,ARIMA (+달력·가동 계획)
2021-08-22 22:30:00,19.25413485556438,ARIMA (+달력·가동 계획)
2021-08-22 22:45:00,19.528416179606232,ARIMA (+달력·가동 계획)
2021-08-22 23:00:00,19.831149180108497,ARIMA (+달력·가동 계획)
2021-08-22 23:15:00,20.16055300781724,ARIMA (+달력·가동 계획)
2021-08-22 23:30:00,20.51492469583119,ARIMA (+달력·가동 계획)
2021-08-22 23:45:00,20.892851937225597,ARIMA (+달력·가동 계획)
2021-08-23 00:00:00,38.85291251218053,ARIMA (+달력·가동 계획)
2021-08-23 00:15:00,41.30734732596285,ARIMA (+달력·가동 계획)
2021-08-23 00:30:00,43.410893924077705,ARIMA (+달력·가동 계획)
2021-08-23 00:45:00,45.23361189940836,ARIMA (+달력·가동 계획)
2021-08-23 01:00:00,47.02855676226804,ARIMA (+달력·가동 계획)
2021-08-23 01:15:00,49.05931648089085,ARIMA (+달력·가동 계획)
2021-08-23 01:30:00,51.473430755408366,ARIMA (+달력·가동 계획)
2021-08-23 01:45:00,54.24535024091375,ARIMA (+달력·가동 계획)
2021-08-23 02:00:00,57.18679055355661,ARIMA (+달력·가동 계획)
2021-08-23 02:15:00,60.00473308609452,ARIMA (+달력·가동 계획)
2021-08-23 02:30:00,62.38015068712664,ARIMA (+달력·가동 계획)
2021-08-23 02:45:00,64.04255569736843,ARIMA (+달력·가동 계획)
2021-08-23 03:00:00,64.82336943045156,ARIMA (+달력·가동 계획)
2021-08-23 03:15:00,64.68102983345047,ARIMA (+달력·가동 계획)
2021-08-23 03:30:00,63.6994712226166,ARIMA (+달력·가동 계획)
2021-08-23 03:45:00,62.06722096925485,ARIMA (+달력·가동 계획)
2021-08-23 04:00:00,60.0463747274223,ARIMA (+달력·가동 계획)
2021-08-23 04:15:00,57.93975706536119,ARIMA (+달력·가동 계획)
2021-08-23 04:30:00,56.06187072810077,ARIMA (+달력·가동 계획)
2021-08-23 04:45:00,54.71609191893496,ARIMA (+달력·가동 계획)
2021-08-23 05:00:00,54.17799192552526,ARIMA (+달력·가동 계획)
2021-08-23 05:15:00,54.6831890118236,ARIMA (+달력·가동 계획)
2021-08-23 05:30:00,56.41781400574759,ARIMA (+달력·가동 계획)
2021-08-23 05:45:00,59.51021803798951,ARIMA (+달력·가동 계획)
2021-08-23 06:00:00,64.02351040288247,ARIMA (+달력·가동 계획)
2021-08-23 06:15:00,69.94944963620011,ARIMA (+달력·가동 계획)
2021-08-23 06:30:00,77.20481259690038,ARIMA (+달력·가동 계획)
2021-08-23 06:45:00,85.63150300124306,ARIMA (+달력·가동 계획)
2021-08-23 07:00:00,95.0013641811514,ARIMA (+달력·가동 계획)
2021-08-23 07:15:00,105.0260722603389,ARIMA (+달력·가동 계획)
2021-08-23 07:30:00,115.37178978935238,ARIMA (+달력·가동 계획)
2021-08-23 07:45:00,125.67762492593602,ARIMA (+달력·가동 계획)
2021-08-23 08:00:00,135.57648351380814,ARIMA (+달력·가동 계획)
2021-08-23 08:15:00,144.71667150966084,ARIMA (+달력·가동 계획)
2021-08-23 08:30:00,152.782595935434,ARIMA (+달력·가동 계획)
2021-08-23 08:45:00,159.51307844586114,ARIMA (+달력·가동 계획)
2021-08-23 09:00:00,164.7160756231952,ARIMA (+달력·가동 계획)
2021-08-23 09:15:00,168.2789362769972,ARIMA (+달력·가동 계획)
2021-08-23 09:30:00,170.17367466872668,ARIMA (+달력·가동 계획)
2021-08-23 09:45:00,170.4570734881029,ARIMA (+달력·가동 계획)
2021-08-23 10:00:00,169.26573984814954,ARIMA (+달력·가동 계획)
2021-08-23 10:15:00,166.80651815265537,ARIMA (+달력·가동 계획)
2021-08-23 10:30:00,163.34291403590368,ARIMA (+달력·가동 계획)
2021-08-23 10:45:00,159.1783998097305,ARIMA (+달력·가동 계획)
2021-08-23 11:00:00,154.63764592590886,ARIMA (+달력·가동 계획)
2021-08-23 11:15:00,150.04684356120524,ARIMA (+달력·가동 계획)
2021-08-23 11:30:00,145.71433864492485,ARIMA (+달력·가동 계획)
2021-08-23 11:45:00,141.91277819721682,ARIMA (+달력·가동 계획)
2021-08-23 12:00:00,138.86387186596255,ARIMA (+달력·가동 계획)
2021-08-23 12:15:00,136.72669821945996,ARIMA (+달력·가동 계획)
2021-08-23 12:30:00,135.59024713620363,ARIMA (+달력·가동 계획)
2021-08-23 12:45:00,135.47060327282134,ARIMA (+달력·가동 계획)
2021-08-23 13:00:00,136.3128622210446,ARIMA (+달력·가동 계획)
2021-08-23 13:15:00,137.99755382170608,ARIMA (+달력·가동 계획)
2021-08-23 13:30:00,140.35104925052943,ARIMA (+달력·가동 계획)
2021-08-23 13:45:00,143.1591708474423,ARIMA (+달력·가동 계획)
2021-08-23 14:00:00,146.18302350506795,ARIMA (+달력·가동 계획)
2021-08-23 14:15:00,149.17593639046075,ARIMA (+달력·가동 계획)
2021-08-23 14:30:00,151.90035126961794,ARIMA (+달력·가동 계획)
2021-08-23 14:45:00,154.14352077107094,ARIMA (+달력·가동 계획)
2021-08-23 15:00:00,155.73098332563703,ARIMA (+달력·가동 계획)
2021-08-23 15:15:00,156.53695311332717,ARIMA (+달력·가동 계획)
2021-08-23 15:30:00,156.4909906852863,ARIMA (+달력·가동 계획)
2021-08-23 15:45:00,155.58058705749815,ARIMA (+달력·가동 계획)
2021-08-23 16:00:00,153.84958254968996,ARIMA (+달력·가동 계획)
2021-08-23 16:15:00,151.39263170585838,ARIMA (+달력·가동 계획)
2021-08-23 16:30:00,148.3461974917529,ARIMA (+달력·가동 계획)
2021-08-23 16:45:00,144.87679312423296,ARIMA (+달력·가동 계획)
2021-08-23 17:00:00,141.16737241275044,ARIMA (+달력·가동 계획)
2021-08-23 17:15:00,137.4028871185765,ARIMA (+달력·가동 계획)
2021-08-23 17:30:00,133.75607482862625,ARIMA (+달력·가동 계획)
2021-08-23 17:45:00,130.37451054021892,ARIMA (+달력·가동 계획)
2021-08-23 18:00:00,127.36985216306536,ARIMA (+달력·가동 계획)
2021-08-23 18:15:00,124.81004213457148,ARIMA (+달력·가동 계획)
2021-08-23 18:30:00,122.7150064981746,ARIMA (+달력·가동 계획)
2021-08-23 18:45:00,121.0561349411626,ARIMA (+달력·가동 계획)
2021-08-23 19:00:00,119.7595487821703,ARIMA (+달력·가동 계획)
2021-08-23 19:15:00,118.71288832736856,ARIMA (+달력·가동 계획)
2021-08-23 19:30:00,117.77509583156797,ARIMA (+달력·가동 계획)
2021-08-23 19:45:00,116.7884534720505,ARIMA (+달력·가동 계획)
2021-08-23 20:00:00,115.5919725036226,ARIMA (+달력·가동 계획)
2021-08-23 20:15:00,114.03513156497986,ARIMA (+달력·가동 계획)
2021-08-23 20:30:00,111.9909358295436,ARIMA (+달력·가동 계획)
2021-08-23 20:45:00,109.36731617522248,ARIMA (+달력·가동 계획)
2021-08-23 21:00:00,106.11600545536776,ARIMA (+달력·가동 계획)
2021-08-23 21:15:00,102.23820901897092,ARIMA (+달력·가동 계획)
2021-08-23 21:30:00,97.78661621884385,ARIMA (+달력·가동 계획)
2021-08-23 21:45:00,92.8635626388982,ARIMA (+달력·가동 계획)
2021-08-23 22:00:00,87.61543066899134,ARIMA (+달력·가동 계획)
2021-08-23 22:15:00,82.22364927051507,ARIMA (+달력·가동 계획)
2021-08-23 22:30:00,76.8929029898262,ARIMA (+달력·가동 계획)
2021-08-23 22:45:00,71.8373677854511,ARIMA (+달력·가동 계획)
2021-08-23 23:00:00,67.26594218378692,ARIMA (+달력·가동 계획)
2021-08-23 23:15:00,63.36752570232339,ARIMA (+달력·가동 계획)
2021-08-23 23:30:00,60.29740607975621,ARIMA (+달력·가동 계획)
2021-08-23 23:45:00,58.16575144821322,ARIMA (+달력·가동 계획)
2021-08-24 00:00:00,82.85488207256068,ARIMA (+달력·가동 계획)
2021-08-24 00:15:00,81.31695753081334,ARIMA (+달력·가동 계획)
2021-08-24 00:30:00,84.22555683121439,ARIMA (+달력·가동 계획)
2021-08-24 00:45:00,89.64105366362784,ARIMA (+달력·가동 계획)
2021-08-24 01:00:00,95.68253397360225,ARIMA (+달력·가동 계획)
2021-08-24 01:15:00,100.96612090472657,ARIMA (+달력·가동 계획)
2021-08-24 01:30:00,104.77192428510467,ARIMA (+달력·가동 계획)
2021-08-24 01:45:00,106.98135828475333,ARIMA (+달력·가동 계획)
2021-08-24 02:00:00,107.87559628914356,ARIMA (+달력·가동 계획)
2021-08-24 02:15:00,107.8953411039518,ARIMA (+달력·가동 계획)
2021-08-24 02:30:00,107.44146371376048,ARIMA (+달력·가동 계획)
2021-08-24 02:45:00,106.76014396519574,ARIMA (+달력·가동 계획)
2021-08-24 03:00:00,105.91929182338028,ARIMA (+달력·가동 계획)
2021-08-24 03:15:00,104.85547572837277,ARIMA (+달력·가동 계획)
2021-08-24 03:30:00,103.45695627090282,ARIMA (+달력·가동 계획)
2021-08-24 03:45:00,101.64819430721488,ARIMA (+달력·가동 계획)
2021-08-24 04:00:00,99.4504106980718,ARIMA (+달력·가동 계획)
2021-08-24 04:15:00,97.0061302060368,ARIMA (+달력·가동 계획)
2021-08-24 04:30:00,94.56834894680802,ARIMA (+달력·가동 계획)
2021-08-24 04:45:00,92.463854635759,ARIMA (+달력·가동 계획)
2021-08-24 05:00:00,91.04411109832115,ARIMA (+달력·가동 계획)
2021-08-24 05:15:00,90.63649375998396,ARIMA (+달력·가동 계획)
2021-08-24 05:30:00,91.50507078954269,ARIMA (+달력·가동 계획)
2021-08-24 05:45:00,93.82541320409784,ARIMA (+달력·가동 계획)
2021-08-24 06:00:00,97.67365370601786,ARIMA (+달력·가동 계획)
2021-08-24 06:15:00,103.02715208304674,ARIMA (+달력·가동 계획)
2021-08-24 06:30:00,109.77293980914143,ARIMA (+달력·가동 계획)
2021-08-24 06:45:00,117.72034224418928,ARIMA (+달력·가동 계획)
2021-08-24 07:00:00,126.61524817951484,ARIMA (+달력·가동 계획)
2021-08-24 07:15:00,136.15479669503307,ARIMA (+달력·가동 계획)
2021-08-24 07:30:00,146.002298306569,ARIMA (+달력·가동 계획)
2021-08-24 07:45:00,155.80274626209646,ARIMA (+달력·가동 계획)
2021-08-24 08:00:00,165.19927927645548,ARIMA (+달력·가동 계획)
2021-08-24 08:15:00,173.85057230019535,ARIMA (+달력·가동 계획)
2021-08-24 08:30:00,181.44858026460304,ARIMA (+달력·가동 계획)
2021-08-24 08:45:00,187.7355597745703,ARIMA (+달력·가동 계획)
2021-08-24 09:00:00,192.51900093486609,ARIMA (+달력·가동 계획)
2021-08-24 09:15:00,195.683083341635,ARIMA (+달력·가동 계획)
2021-08-24 09:30:00,197.19551149679293,ARIMA (+달력·가동 계획)
2021-08-24 09:45:00,197.10901271735224,ARIMA (+달력·가동 계획)
2021-08-24 10:00:00,195.55729712811652,ARIMA (+달력·가동 계획)
2021-08-24 10:15:00,192.74579066135388,ARIMA (+달력·가동 계획)
2021-08-24 10:30:00,188.93788754572495,ARIMA (+달력·가동 계획)
2021-08-24 10:45:00,184.43778884474892,ARIMA (+달력·가동 계획)
2021-08-24 11:00:00,179.57118711945822,ARIMA (+달력·가동 계획)
2021-08-24 11:15:00,174.66513349289053,ARIMA (+달력·가동 계획)
2021-08-24 11:30:00,170.02840179957477,ARIMA (+달력·가동 계획)
2021-08-24 11:45:00,165.93356636501457,ARIMA (+달력·가동 계획)
2021-08-24 12:00:00,162.6018531218401,ARIMA (+달력·가동 계획)
2021-08-24 12:15:00,160.19162116009642,ARIMA (+달력·가동 계획)
2021-08-24 12:30:00,158.7910927210435,ARIMA (+달력·가동 계획)
2021-08-24 12:45:00,158.41568237371462,ARIMA (+달력·가동 계획)
2021-08-24 13:00:00,159.00999056973166,ARIMA (+달력·가동 계획)
2021-08-24 13:15:00,160.45423604894873,ARIMA (+달력·가동 계획)
2021-08-24 13:30:00,162.5746220624144,ARIMA (+달력·가동 계획)
2021-08-24 13:45:00,165.1568815489615,ARIMA (+달력·가동 계획)
2021-08-24 14:00:00,167.96204464411693,ARIMA (+달력·가동 계획)
2021-08-24 14:15:00,170.7433341488088,ARIMA (+달력·가동 계획)
2021-08-24 14:30:00,173.26303219988569,ARIMA (+달력·가동 계획)
2021-08-24 14:45:00,175.30817971622255,ARIMA (+달력·가동 계획)
2021-08-24 15:00:00,176.7040680018915,ARIMA (+달력·가동 계획)
2021-08-24 15:15:00,177.32465157298995,ARIMA (+달력·가동 계획)
2021-08-24 15:30:00,177.0992397741812,ARIMA (+달력·가동 계획)
2021-08-24 15:45:00,176.01509486323073,ARIMA (+달력·가동 계획)
2021-08-24 16:00:00,174.1158561651456,ARIMA (+달력·가동 계획)
2021-08-24 16:15:00,171.4960028031264,ARIMA (+달력·가동 계획)
2021-08-24 16:30:00,168.2918410321277,ARIMA (+달력·가동 계획)
2021-08-24 16:45:00,164.66973775274815,ARIMA (+달력·가동 계획)
2021-08-24 17:00:00,160.812503715342,ARIMA (+달력·가동 계획)
2021-08-24 17:15:00,156.90494643132743,ARIMA (+달력·가동 계획)
2021-08-24 17:30:00,153.11965661728112,ARIMA (+달력·가동 계획)
2021-08-24 17:45:00,149.60406078723744,ARIMA (+달력·가동 계획)
2021-08-24 18:00:00,146.4696691427922,ARIMA (+달력·가동 계획)
2021-08-24 18:15:00,143.78427985375933,ARIMA (+달력·가동 계획)
2021-08-24 18:30:00,141.5676802396584,ARIMA (+달력·가동 계획)
2021-08-24 18:45:00,139.7911279177411,ARIMA (+달력·가동 계획)
2021-08-24 19:00:00,138.38061887649957,ARIMA (+달력·가동 계획)
2021-08-24 19:15:00,137.22367414821616,ARIMA (+달력·가동 계획)
2021-08-24 19:30:00,136.1791217014014,ARIMA (+달력·가동 계획)
2021-08-24 19:45:00,135.08913333255674,ARIMA (+달력·가동 계획)
2021-08-24 20:00:00,133.7926129885012,ARIMA (+달력·가동 계획)
2021-08-24 20:15:00,132.13893460587957,ARIMA (+달력·가동 계획)
2021-08-24 20:30:00,130.00100114466412,ARIMA (+달력·가동 계획)
2021-08-24 20:45:00,127.2866438858287,ARIMA (+달력·가동 계획)
2021-08-24 21:00:00,123.9474989381058,ARIMA (+달력·가동 계획)
2021-08-24 21:15:00,119.98467797840134,ARIMA (+달력·가동 계획)
2021-08-24 21:30:00,115.45077988391024,ARIMA (+달력·가동 계획)
2021-08-24 21:45:00,110.44805295770828,ARIMA (+달력·가동 계획)
2021-08-24 22:00:00,105.12279539046509,ARIMA (+달력·가동 계획)
2021-08-24 22:15:00,99.65635484202208,ARIMA (+달력·가동 계획)
2021-08-24 22:30:00,94.25333724790876,ARIMA (+달력·가동 계획)
2021-08-24 22:45:00,89.12784245693697,ARIMA (+달력·가동 계획)
2021-08-24 23:00:00,84.48869523858855,ARIMA (+달력·가동 계획)
2021-08-24 23:15:00,80.52472360548273,ARIMA (+달력·가동 계획)
2021-08-24 23:30:00,77.39114598254065,ARIMA (+달력·가동 계획)
2021-08-24 23:45:00,75.19806334264084,ARIMA (+달력·가동 계획)
2021-08-25 00:00:00,77.86795092471046,ARIMA (+달력·가동 계획)
2021-08-25 00:15:00,76.18919961927001,ARIMA (+달력·가동 계획)
2021-08-25 00:30:00,78.1467602200144,ARIMA (+달력·가동 계획)
2021-08-25 00:45:00,82.37531398165734,ARIMA (+달력·가동 계획)
2021-08-25 01:00:00,87.45387746366117,ARIMA (+달력·가동 계획)
2021-08-25 01:15:00,92.2556126280001,ARIMA (+달력·가동 계획)
2021-08-25 01:30:00,96.10779499757832,ARIMA (+달력·가동 계획)
2021-08-25 01:45:00,98.78064954162464,ARIMA (+달력·가동 계획)
2021-08-25 02:00:00,100.36411426675046,ARIMA (+달력·가동 계획)
2021-08-25 02:15:00,101.1034923772879,ARIMA (+달력·가동 계획)
2021-08-25 02:30:00,101.25390686495392,ARIMA (+달력·가동 계획)
2021-08-25 02:45:00,100.98947816151028,ARIMA (+달력·가동 계획)
2021-08-25 03:00:00,100.37664524826116,ARIMA (+달력·가동 계획)
2021-08-25 03:15:00,99.3999800658781,ARIMA (+달력·가동 계획)
2021-08-25 03:30:00,98.01726776767076,ARIMA (+달력·가동 계획)
2021-08-25 03:45:00,96.21881940236948,ARIMA (+달력·가동 계획)
2021-08-25 04:00:00,94.07151881811583,ARIMA (+달력·가동 계획)
2021-08-25 04:15:00,91.73731889002866,ARIMA (+달력·가동 계획)
2021-08-25 04:30:00,89.46525364914463,ARIMA (+달력·가동 계획)
2021-08-25 04:45:00,87.56301488302208,ARIMA (+달력·가동 계획)
2021-08-25 05:00:00,86.35763387599184,ARIMA (+달력·가동 계획)
2021-08-25 05:15:00,86.15495290468121,ARIMA (+달력·가동 계획)
2021-08-25 05:30:00,87.20534609931006,ARIMA (+달력·가동 계획)
2021-08-25 05:45:00,89.67985332631815,ARIMA (+달력·가동 계획)
2021-08-25 06:00:00,93.65769605531854,ARIMA (+달력·가동 계획)
2021-08-25 06:15:00,99.12382331681827,ARIMA (+달력·가동 계획)
2021-08-25 06:30:00,105.97397989141162,ARIMA (+달력·가동 계획)
2021-08-25 06:45:00,114.02468053031498,ARIMA (+달력·가동 계획)
2021-08-25 07:00:00,123.02604866005538,ARIMA (+달력·가동 계획)
2021-08-25 07:15:00,132.67630203218903,ARIMA (+달력·가동 계획)
2021-08-25 07:30:00,142.63738071088198,ARIMA (+달력·가동 계획)
2021-08-25 07:45:00,152.5516060283777,ARIMA (+달력·가동 계획)
2021-08-25 08:00:00,162.05928891232043,ARIMA (+달력·가동 계획)
2021-08-25 08:15:00,170.81695715397942,ARIMA (+달력·가동 계획)
2021-08-25 08:30:00,178.5154963489011,ARIMA (+달력·가동 계획)
2021-08-25 08:45:00,184.89715704125132,ARIMA (+달력·가동 계획)
2021-08-25 09:00:00,189.7701899850673,ARIMA (+달력·가동 계획)
2021-08-25 09:15:00,193.01988939382045,ARIMA (+달력·가동 계획)
2021-08-25 09:30:00,194.6150458128457,ARIMA (+달력·가동 계획)
2021-08-25 09:45:00,194.60918523212345,ARIMA (+달력·가동 계획)
2021-08-25 10:00:00,193.1364257573217,ARIMA (+달력·가동 계획)
2021-08-25 10:15:00,190.40224303939397,ARIMA (+달력·가동 계획)
2021-08-25 10:30:00,186.6698407855673,ARIMA (+달력·가동 계획)
2021-08-25 10:45:00,182.24313508705063,ARIMA (+달력·가동 계획)
2021-08-25 11:00:00,177.44756502051862,ARIMA (+달력·가동 계획)
2021-08-25 11:15:00,172.61003806179255,ARIMA (+달력·가동 계획)
2021-08-25 11:30:00,168.0393185114085,ARIMA (+달력·가동 계획)
2021-08-25 11:45:00,164.00808549696433,ARIMA (+달력·가동 계획)
2021-08-25 12:00:00,160.73773904907168,ARIMA (+달력·가동 계획)
2021-08-25 12:15:00,158.3868311826742,ARIMA (+달력·가동 계획)
2021-08-25 12:30:00,157.04375522534852,ARIMA (+달력·가동 계획)
2021-08-25 12:45:00,156.72405207684633,ARIMA (+달력·가동 계획)
2021-08-25 13:00:00,157.37239934555828,ARIMA (+달력·가동 계획)
2021-08-25 13:15:00,158.86905338643467,ARIMA (+달력·가동 계획)
2021-08-25 13:30:00,161.0402323433889,ARIMA (+달력·가동 계획)
2021-08-25 13:45:00,163.67167863498065,ARIMA (+달력·가동 계획)
2021-08-25 14:00:00,166.5244394786855,ARIMA (+달력·가동 계획)
2021-08-25 14:15:00,169.35176891195516,ARIMA (+달력·가동 계획)
2021-08-25 14:30:00,171.9159947809412,ARIMA (+달력·가동 계획)
2021-08-25 14:45:00,174.00421410354735,ARIMA (+달력·가동 계획)
2021-08-25 15:00:00,175.44177864289176,ARIMA (+달력·가동 계획)
2021-08-25 15:15:00,176.1027019848919,ARIMA (+달력·가동 계획)
2021-08-25 15:30:00,175.91634715700374,ARIMA (+달력·가동 계획)
2021-08-25 15:45:00,174.8700230171671,ARIMA (+달력·가동 계획)
2021-08-25 16:00:00,173.00740877834173,ARIMA (+달력·가동 계획)
2021-08-25 16:15:00,170.42301845651818,ARIMA (+달력·가동 계획)
2021-08-25 16:30:00,167.25319040637746,ARIMA (+달력·가동 계획)
2021-08-25 16:45:00,163.66432279330346,ARIMA (+달력·가동 계획)
2021-08-25 17:00:00,159.8392580705341,ARIMA (+달력·가동 계획)
2021-08-25 17:15:00,155.96283635575475,ARIMA (+달력·가동 계획)
2021-08-25 17:30:00,152.2076816641636,ARIMA (+달력·가동 계획)
2021-08-25 17:45:00,148.72125388605073,ARIMA (+달력·가동 계획)
2021-08-25 18:00:00,145.615095955954,ARIMA (+달력·가동 계획)
2021-08-25 18:15:00,142.95703754096743,ARIMA (+달력·가동 계획)
2021-08-25 18:30:00,140.76689588674776,ARIMA (+달력·가동 계획)
2021-08-25 18:45:00,139.0159569067448,ARIMA (+달력·가동 계획)
2021-08-25 19:00:00,137.6302434127878,ARIMA (+달력·가동 계획)
2021-08-25 19:15:00,136.49730206011958,ARIMA (+달력·가동 계획)
2021-08-25 19:30:00,135.4759855267093,ARIMA (+달력·가동 계획)
2021-08-25 19:45:00,134.40848963202333,ARIMA (+달력·가동 계획)
2021-08-25 20:00:00,133.1337417907711,ARIMA (+달력·가동 계획)
2021-08-25 20:15:00,131.50113888888708,ARIMA (+달력·가동 계획)
2021-08-25 20:30:00,129.38360628429197,ARIMA (+달력·가동 계획)
2021-08-25 20:45:00,126.68899703886416,ARIMA (+달력·가동 계획)
2021-08-25 21:00:00,123.36896836036053,ARIMA (+달력·가동 계획)
2021-08-25 21:15:00,119.42465230192522,ARIMA (+달력·가동 계획)
2021-08-25 21:30:00,114.9086673866331,ARIMA (+달력·가동 계획)
2021-08-25 21:45:00,109.923280856235,ARIMA (+달력·가동 계획)
2021-08-25 22:00:00,104.61480917651096,ARIMA (+달력·가동 계획)
2021-08-25 22:15:00,99.16461767018912,ARIMA (+달력·가동 계획)
2021-08-25 22:30:00,93.7773293713892,ARIMA (+달력·가동 계획)
2021-08-25 22:45:00,88.66706070076847,ARIMA (+달력·가동 계획)
2021-08-25 23:00:00,84.04265249788057,ARIMA (+달력·가동 계획)
2021-08-25 23:15:00,80.09294835773103,ARIMA (+달력·가동 계획)
2021-08-25 23:30:00,76.97318180710288,ARIMA (+달력·가동 계획)
2021-08-25 23:45:00,74.79346844491268,ARIMA (+달력·가동 계획)
2021-08-26 00:00:00,72.6459460157253,ARIMA (+달력·가동 계획)
2021-08-26 00:15:00,71.54433776609267,ARIMA (+달력·가동 계획)
2021-08-26 00:30:00,75.17277925071062,ARIMA (+달력·가동 계획)
2021-08-26 00:45:00,81.38231106910708,ARIMA (+달력·가동 계획)
2021-08-26 01:00:00,88.12445272414392,ARIMA (+달력·가동 계획)
2021-08-26 01:15:00,93.92184577836076,ARIMA (+달력·가동 계획)
2021-08-26 01:30:00,98.03774762713005,ARIMA (+달력·가동 계획)
2021-08-26 01:45:00,100.39453239547174,ARIMA (+달력·가동 계획)
2021-08-26 02:00:00,101.34354795791172,ARIMA (+달력·가동 계획)
2021-08-26 02:15:00,101.39717644643518,ARIMA (+달력·가동 계획)
2021-08-26 02:30:00,101.00982263199586,ARIMA (+달력·가동 계획)
2021-08-26 02:45:00,100.45427924502924,ARIMA (+달력·가동 계획)
2021-08-26 03:00:00,99.79928248426732,ARIMA (+달력·가동 계획)
2021-08-26 03:15:00,98.9641521929127,ARIMA (+달력·가동 계획)
2021-08-26 03:30:00,97.81203419630924,ARIMA (+달력·가동 계획)
2021-08-26 03:45:00,96.24360927038651,ARIMA (+달력·가동 계획)
2021-08-26 04:00:00,94.26368265462116,ARIMA (+달력·가동 계획)
2021-08-26 04:15:00,92.00793597406994,ARIMA (+달력·가동 계획)
2021-08-26 04:30:00,89.7310555476125,ARIMA (+달력·가동 계획)
2021-08-26 04:45:00,87.76703750777257,ARIMA (+달력·가동 계획)
2021-08-26 05:00:00,86.47649474811836,ARIMA (+달력·가동 계획)
2021-08-26 05:15:00,86.19488517261229,ARIMA (+달력·가동 계획)
2021-08-26 05:30:00,87.19148943055004,ARIMA (+달력·가동 계획)
2021-08-26 05:45:00,89.64373807950902,ARIMA (+달력·가동 계획)
2021-08-26 06:00:00,93.62683428781548,ARIMA (+달력·가동 계획)
2021-08-26 06:15:00,99.11555869473072,ARIMA (+달력·가동 계획)
2021-08-26 06:30:00,105.99394721426434,ARIMA (+달력·가동 계획)
2021-08-26 06:45:00,114.06888035921322,ARIMA (+달력·가동 계획)
2021-08-26 07:00:00,123.08487540280588,ARIMA (+달력·가동 계획)
2021-08-26 07:15:00,132.73884681332947,ARIMA (+달력·가동 계획)
2021-08-26 07:30:00,142.69476939818423,ARIMA (+달력·가동 계획)
2021-08-26 07:45:00,152.59877064653426,ARIMA (+달력·가동 계획)
2021-08-26 08:00:00,162.09517528952213,ARIMA (+달력·가동 계획)
2021-08-26 08:15:00,170.8435907832137,ARIMA (+달력·가동 계획)
2021-08-26 08:30:00,178.53650619421873,ARIMA (+달력·가동 계획)
2021-08-26 08:45:00,184.91631938505375,ARIMA (+달력·가동 계획)
2021-08-26 09:00:00,189.79037730473516,ARIMA (+달력·가동 계획)
2021-08-26 09:15:00,193.0425828536216,ARIMA (+달력·가동 계획)
2021-08-26 09:30:00,194.6403701284236,ARIMA (+달력·가동 계획)
2021-08-26 09:45:00,194.63629696264184,ARIMA (+달력·가동 계획)
2021-08-26 10:00:00,193.16404276837648,ARIMA (+달력·가동 계획)
2021-08-26 10:15:00,190.4291298091977,ARIMA (+달력·가동 계획)
2021-08-26 10:30:00,186.69513270553253,ARIMA (+달력·가동 계획)
2021-08-26 10:45:00,182.2664638497397,ARIMA (+달력·가동 계획)
2021-08-26 11:00:00,177.46901219372586,ARIMA (+달력·가동 계획)
2021-08-26 11:15:00,172.6299818152096,ARIMA (+달력·가동 계획)
2021-08-26 11:30:00,168.05824731206783,ARIMA (+달력·가동 계획)
2021-08-26 11:45:00,164.0264389097524,ARIMA (+달력·가동 계획)
2021-08-26 12:00:00,160.75581012626068,ARIMA (+달력·가동 계획)
2021-08-26 12:15:00,158.40473784917145,ARIMA (+달력·가동 계획)
2021-08-26 12:30:00,157.06146727209406,ARIMA (+달력·가동 계획)
2021-08-26 12:45:00,156.7414495290494,ARIMA (+달력·가동 계획)
2021-08-26 13:00:00,157.3893369489124,ARIMA (+달력·가동 계획)
2021-08-26 13:15:00,158.88541202724642,ARIMA (+달력·가동 계획)
2021-08-26 13:30:00,161.0559475886386,ARIMA (+달력·가동 계획)
2021-08-26 13:45:00,163.68674572168706,ARIMA (+달력·가동 계획)
2021-08-26 14:00:00,166.53890061206067,ARIMA (+달력·가동 계획)
2021-08-26 14:15:00,169.36569169317852,ARIMA (+달력·가동 계획)
2021-08-26 14:30:00,171.9294502728661,ARIMA (+달력·가동 계획)
2021-08-26 14:45:00,174.01726054040498,ARIMA (+달력·가동 계획)
2021-08-26 15:00:00,175.45445343912468,ARIMA (+달력·가동 계획)
2021-08-26 15:15:00,176.1150216579269,ARIMA (+달력·가동 계획)
2021-08-26 15:30:00,175.92831277075277,ARIMA (+달력·가동 계획)
2021-08-26 15:45:00,174.88162800127847,ARIMA (+달력·가동 계획)
2021-08-26 16:00:00,173.01864630082704,ARIMA (+달력·가동 계획)
2021-08-26 16:15:00,170.43388650948054,ARIMA (+달력·가동 계획)
2021-08-26 16:30:00,167.26369394090284,ARIMA (+달력·가동 계획)
2021-08-26 16:45:00,163.6744732348611,ARIMA (+달력·가동 계획)
2021-08-26 17:00:00,159.84907114845797,ARIMA (+달력·가동 계획)
2021-08-26 17:15:00,155.97232934787803,ARIMA (+달력·가동 계획)
2021-08-26 17:30:00,152.21687097827663,ARIMA (+달력·가동 계획)
2021-08-26 17:45:00,148.73015352771543,ARIMA (+달력·가동 계획)
2021-08-26 18:00:00,145.62371702616667,ARIMA (+달력·가동 계획)
2021-08-26 18:15:00,142.96538858663365,ARIMA (+달력·가동 계획)
2021-08-26 18:30:00,140.77498375187955,ARIMA (+달력·가동 계획)
2021-08-26 18:45:00,139.02378770528776,ARIMA (+달력·가동 계획)
2021-08-26 19:00:00,137.63782332705247,ARIMA (+달력·가동 계획)
2021-08-26 19:15:00,136.504637805993,ARIMA (+달력·가동 계획)
2021-08-26 19:30:00,135.4830844647673,ARIMA (+달력·가동 계획)
2021-08-26 19:45:00,134.41535960507704,ARIMA (+달력·가동 계획)
2021-08-26 20:00:00,133.14039081718266,ARIMA (+달력·가동 계획)
2021-08-26 20:15:00,131.50757484014738,ARIMA (+달력·가동 계획)
2021-08-26 20:30:00,129.38983664025872,ARIMA (+달력·가동 계획)
2021-08-26 20:45:00,126.69502876460268,ARIMA (+달력·가동 계획)
2021-08-26 21:00:00,123.374807902382,ARIMA (+달력·가동 계획)
2021-08-26 21:15:00,119.4303056701635,ARIMA (+달력·가동 계획)
2021-08-26 21:30:00,114.9141402756971,ARIMA (+달력·가동 계획)
2021-08-26 21:45:00,109.92857876306483,ARIMA (+달력·가동 계획)
2021-08-26 22:00:00,104.61993748557462,ARIMA (+달력·가동 계획)
2021-08-26 22:15:00,99.16958169484047,ARIMA (+달력·가동 계획)
2021-08-26 22:30:00,93.78213435520811,ARIMA (+달력·가동 계획)
2021-08-26 22:45:00,88.67171179223588,ARIMA (+달력·가동 계획)
2021-08-26 23:00:00,84.04715471477586,ARIMA (+달력·가동 계획)
2021-08-26 23:15:00,80.09730655534743,ARIMA (+달력·가동 계획)
2021-08-26 23:30:00,76.97740065899987,ARIMA (+달력·가동 계획)
2021-08-26 23:45:00,74.79755243885059,ARIMA (+달력·가동 계획)
2021-08-27 00:00:00,80.98418130259967,ARIMA (+달력·가동 계획)
2021-08-27 00:15:00,77.73721599040411,ARIMA (+달력·가동 계획)
2021-08-27 00:30:00,78.74845652481332,ARIMA (+달력·가동 계획)
2021-08-27 00:45:00,82.69889218083479,ARIMA (+달력·가동 계획)
2021-08-27 01:00:00,88.0208019411985,ARIMA (+달력·가동 계획)
2021-08-27 01:15:00,93.34593488796511,ARIMA (+달력·가동 계획)
2021-08-27 01:30:00,97.75922480550848,ARIMA (+달력·가동 계획)
2021-08-27 01:45:00,100.85298228902212,ARIMA (+달력·가동 계획)
2021-08-27 02:00:00,102.6317439904894,ARIMA (+달력·가동 계획)
2021-08-27 02:15:00,103.34258288430198,ARIMA (+달력·가동 계획)
2021-08-27 02:30:00,103.30244052897478,ARIMA (+달력·가동 계획)
2021-08-27 02:45:00,102.7723407089364,ARIMA (+달력·가동 계획)
2021-08-27 03:00:00,101.89969137039247,ARIMA (+달력·가동 계획)
2021-08-27 03:15:00,100.72415081435652,ARIMA (+달력·가동 계획)
2021-08-27 03:30:00,99.22580622210448,ARIMA (+달력·가동 계획)
2021-08-27 03:45:00,97.38849898806964,ARIMA (+달력·가동 계획)
2021-08-27 04:00:00,95.25438646948412,ARIMA (+달력·가동 계획)
2021-08-27 04:15:00,92.9546446309402,ARIMA (+달력·가동 계획)
2021-08-27 04:30:00,90.71158288865952,ARIMA (+달력·가동 계획)
2021-08-27 04:45:00,88.81614896215524,ARIMA (+달력·가동 계획)
2021-08-27 05:00:00,87.59004747544324,ARIMA (+달력·가동 계획)
2021-08-27 05:15:00,87.34314314544403,ARIMA (+달력·가동 계획)
2021-08-27 05:30:00,88.33523453079658,ARIMA (+달력·가동 계획)
2021-08-27 05:45:00,90.74799611398062,ARIMA (+달력·가동 계획)
2021-08-27 06:00:00,94.66925828167228,ARIMA (+달력·가동 계획)
2021-08-27 06:15:00,100.0888503738317,ARIMA (+달력·가동 계획)
2021-08-27 06:30:00,106.90348797277116,ARIMA (+달력·가동 계획)
2021-08-27 06:45:00,114.9276718241357,ARIMA (+달력·가동 계획)
2021-08-27 07:00:00,123.90797070208642,ARIMA (+달력·가동 계획)
2021-08-27 07:15:00,133.53892409016407,ARIMA (+달력·가동 계획)
2021-08-27 07:30:00,143.47968775541867,ARIMA (+달력·가동 계획)
2021-08-27 07:45:00,153.37115956125817,ARIMA (+달력·가동 계획)
2021-08-27 08:00:00,162.85354677539902,ARIMA (+달력·가동 계획)
2021-08-27 08:15:00,171.58421061144367,ARIMA (+달력·가동 계획)
2021-08-27 08:30:00,179.25528991704942,ARIMA (+달력·가동 계획)
2021-08-27 08:45:00,185.61023655784413,ARIMA (+달력·가동 계획)
2021-08-27 09:00:00,190.45813721305703,ARIMA (+달력·가동 계획)
2021-08-27 09:15:00,193.6846372793745,ARIMA (+달력·가동 계획)
2021-08-27 09:30:00,195.25844126018663,ARIMA (+달력·가동 계획)
2021-08-27 09:45:00,195.2327025109589,ARIMA (+달력·가동 계획)
2021-08-27 10:00:00,193.7410616917769,ARIMA (+달력·가동 계획)
2021-08-27 10:15:00,190.9885667809814,ARIMA (+달력·가동 계획)
2021-08-27 10:30:00,187.23813775667125,ARIMA (+달력·가동 계획)
2021-08-27 10:45:00,182.79357783952872,ARIMA (+달력·가동 계획)
2021-08-27 11:00:00,177.98035706642767,ARIMA (+달력·가동 계획)
2021-08-27 11:15:00,173.1255004671181,ARIMA (+달력·가동 계획)
2021-08-27 11:30:00,168.53791364058597,ARIMA (+달력·가동 계획)
2021-08-27 11:45:00,164.4903908858708,ARIMA (+달력·가동 계획)
2021-08-27 12:00:00,161.2043938092445,ARIMA (+달력·가동 계획)
2021-08-27 12:15:00,158.8384778682472,ARIMA (+달력·가동 계획)
2021-08-27 12:30:00,157.48099430247743,ARIMA (+달력·가동 계획)
2021-08-27 12:45:00,157.14741750973587,ARIMA (+달력·가동 계획)
2021-08-27 13:00:00,157.78235553612342,ARIMA (+달력·가동 계획)
2021-08-27 13:15:00,159.26600789273527,ARIMA (+달력·가동 계획)
2021-08-27 13:30:00,161.4245562631252,ARIMA (+달력·가동 계획)
2021-08-27 13:45:00,164.04372695648334,ARIMA (+달력·가동 계획)
2021-08-27 14:00:00,166.884566058428,ARIMA (+달력·가동 계획)
2021-08-27 14:15:00,169.7003338088831,ARIMA (+달력·가동 계획)
2021-08-27 14:30:00,172.25336442061487,ARIMA (+달력·가동 계획)
2021-08-27 14:45:00,174.3307565229505,ARIMA (+달력·가동 계획)
2021-08-27 15:00:00,175.75785669703137,ARIMA (+달력·가동 계획)
2021-08-27 15:15:00,176.4086670603102,ARIMA (+달력·가동 계획)
2021-08-27 15:30:00,176.2125350204901,ARIMA (+달력·가동 계획)
2021-08-27 15:45:00,175.15675235399036,ARIMA (+달력·가동 계획)
2021-08-27 16:00:00,173.28498207967402,ARIMA (+달력·가동 계획)
2021-08-27 16:15:00,170.69172438589746,ARIMA (+달력·가동 계획)
2021-08-27 16:30:00,167.51330664089693,ARIMA (+달력·가동 계획)
2021-08-27 16:45:00,163.9161185118775,ARIMA (+달력·가동 계획)
2021-08-27 17:00:00,160.0829956066593,ARIMA (+달력·가동 계획)
2021-08-27 17:15:00,156.19877190152974,ARIMA (+달력·가동 계획)
2021-08-27 17:30:00,152.43606519933215,ARIMA (+달력·가동 계획)
2021-08-27 17:45:00,148.94232865855892,ARIMA (+달력·가동 계획)
2021-08-27 18:00:00,145.82909785896285,ARIMA (+달력·가동 계획)
2021-08-27 18:15:00,143.16419465150295,ARIMA (+달력·가동 계획)
2021-08-27 18:30:00,140.96742830462318,ARIMA (+달력·가동 계획)
2021-08-27 18:45:00,139.21007690733632,ARIMA (+달력·가동 계획)
2021-08-27 19:00:00,137.81815583681475,ARIMA (+달력·가동 계획)
2021-08-27 19:15:00,136.67920482148008,ARIMA (+달력·가동 계획)
2021-08-27 19:30:00,135.65207012219463,ARIMA (+달력·가동 계획)
2021-08-27 19:45:00,134.5789415699217,ARIMA (+달력·가동 계획)
2021-08-27 20:00:00,133.29874090076837,ARIMA (+달력·가동 계획)
2021-08-27 20:15:00,131.66085951735064,ARIMA (+달력·가동 계획)
2021-08-27 20:30:00,129.53821740692777,ARIMA (+달력·가동 계획)
2021-08-27 20:45:00,126.83866233357496,ARIMA (+달력·가동 계획)
2021-08-27 21:00:00,123.51384627920784,ARIMA (+달력·가동 계획)
2021-08-27 21:15:00,119.56489616797234,ARIMA (+달력·가동 계획)
2021-08-27 21:30:00,115.044425525454,ARIMA (+달력·가동 계획)
2021-08-27 21:45:00,110.0546967581864,ARIMA (+달력·가동 계획)
2021-08-27 22:00:00,104.74202167745032,ARIMA (+달력·가동 계획)
2021-08-27 22:15:00,99.28776113582948,ARIMA (+달력·가동 계획)
2021-08-27 22:30:00,93.89653387277004,ARIMA (+달력·가동 계획)
2021-08-27 22:45:00,88.78245217331448,ARIMA (+달력·가동 계획)
2021-08-27 23:00:00,84.15435288204776,ARIMA (+달력·가동 계획)
2021-08-27 23:15:00,80.20107572365465,ARIMA (+달력·가동 계획)
2021-08-27 23:30:00,77.07785046811472,ARIMA (+달력·가동 계획)
2021-08-27 23:45:00,74.894789065228,ARIMA (+달력·가동 계획)
2021-08-28 00:00:00,56.58586074282255,ARIMA (+달력·가동 계획)
2021-08-28 00:15:00,52.58521708715262,ARIMA (+달력·가동 계획)
2021-08-28 00:30:00,53.4308177486832,ARIMA (+달력·가동 계획)
2021-08-28 00:45:00,57.44690302474776,ARIMA (+달력·가동 계획)
2021-08-28 01:00:00,62.59677823350401,ARIMA (+달력·가동 계획)
2021-08-28 01:15:00,67.14308393912029,ARIMA (+달력·가동 계획)
2021-08-28 01:30:00,70.02640470771495,ARIMA (+달력·가동 계획)
2021-08-28 01:45:00,70.94624448688289,ARIMA (+달력·가동 계획)
2021-08-28 02:00:00,70.21320538316587,ARIMA (+달력·가동 계획)
2021-08-28 02:15:00,68.48164230671699,ARIMA (+달력·가동 계획)
2021-08-28 02:30:00,66.47082386466124,ARIMA (+달력·가동 계획)
2021-08-28 02:45:00,64.75277413851953,ARIMA (+달력·가동 계획)
2021-08-28 03:00:00,63.6432571420976,ARIMA (+달력·가동 계획)
2021-08-28 03:15:00,63.19361644160799,ARIMA (+달력·가동 계획)
2021-08-28 03:30:00,63.254892487712645,ARIMA (+달력·가동 계획)
2021-08-28 03:45:00,63.57505748199789,ARIMA (+달력·가동 계획)
2021-08-28 04:00:00,63.89336883246408,ARIMA (+달력·가동 계획)
2021-08-28 04:15:00,64.00769292648754,ARIMA (+달력·가동 계획)
2021-08-28 04:30:00,63.80534770862988,ARIMA (+달력·가동 계획)
2021-08-28 04:45:00,63.260734038498704,ARIMA (+달력·가동 계획)
2021-08-28 05:00:00,62.4109557042882,ARIMA (+달력·가동 계획)
2021-08-28 05:15:00,61.32309908938364,ARIMA (+달력·가동 계획)
2021-08-28 05:30:00,60.0648604899512,ARIMA (+달력·가동 계획)
2021-08-28 05:45:00,58.68566784203762,ARIMA (+달력·가동 계획)
2021-08-28 06:00:00,57.21034961028253,ARIMA (+달력·가동 계획)
2021-08-28 06:15:00,55.64329949447404,ARIMA (+달력·가동 계획)
2021-08-28 06:30:00,53.97877799161556,ARIMA (+달력·가동 계획)
2021-08-28 06:45:00,52.21255898575305,ARIMA (+달력·가동 계획)
2021-08-28 07:00:00,50.35112240526459,ARIMA (+달력·가동 계획)
2021-08-28 07:15:00,48.41631747216693,ARIMA (+달력·가동 계획)
2021-08-28 07:30:00,46.44519536939546,ARIMA (+달력·가동 계획)
2021-08-28 07:45:00,44.48604826941832,ARIMA (+달력·가동 계획)
2021-08-28 08:00:00,42.59237095993426,ARIMA (+달력·가동 계획)
2021-08-28 08:15:00,40.81650228548603,ARIMA (+달력·가동 계획)
2021-08-28 08:30:00,39.20429005564002,ARIMA (+달력·가동 계획)
2021-08-28 08:45:00,37.79150273411931,ARIMA (+달력·가동 계획)
2021-08-28 09:00:00,36.602109952362525,ARIMA (+달력·가동 계획)
2021-08-28 09:15:00,35.64812187359895,ARIMA (+달력·가동 계획)
2021-08-28 09:30:00,34.93047233993096,ARIMA (+달력·가동 계획)
2021-08-28 09:45:00,34.440430926051064,ARIMA (+달력·가동 계획)
2021-08-28 10:00:00,34.16116407415132,ARIMA (+달력·가동 계획)
2021-08-28 10:15:00,34.06925050265007,ARIMA (+달력·가동 계획)
2021-08-28 10:30:00,34.13611940924917,ARIMA (+달력·가동 계획)
2021-08-28 10:45:00,34.329478840803965,ARIMA (+달력·가동 계획)
2021-08-28 11:00:00,34.61482509186185,ARIMA (+달력·가동 계획)
2021-08-28 11:15:00,34.95708656703306,ARIMA (+달력·가동 계획)
2021-08-28 11:30:00,35.32238549770184,ARIMA (+달력·가동 계획)
2021-08-28 11:45:00,35.679828570030075,ARIMA (+달력·가동 계획)
2021-08-28 12:00:00,36.003186377210696,ARIMA (+달력·가동 계획)
2021-08-28 12:15:00,36.27230383557112,ARIMA (+달력·가동 계획)
2021-08-28 12:30:00,36.47410002863542,ARIMA (+달력·가동 계획)
2021-08-28 12:45:00,36.60305852708429,ARIMA (+달력·가동 계획)
2021-08-28 13:00:00,36.66116592634313,ARIMA (+달력·가동 계획)
2021-08-28 13:15:00,36.65731478007831,ARIMA (+달력·가동 계획)
2021-08-28 13:30:00,36.60623761604592,ARIMA (+달력·가동 계획)
2021-08-28 13:45:00,36.52707566963356,ARIMA (+달력·가동 계획)
2021-08-28 14:00:00,36.441707691066064,ARIMA (+달력·가동 계획)
2021-08-28 14:15:00,36.37297194578961,ARIMA (+달력·가동 계획)
2021-08-28 14:30:00,36.34291115983481,ARIMA (+달력·가동 계획)
2021-08-28 14:45:00,36.3711587865853,ARIMA (+달력·가동 계획)
2021-08-28 15:00:00,36.473568180515954,ARIMA (+달력·가동 계획)
2021-08-28 15:15:00,36.661165800848046,ARIMA (+달력·가동 계획)
2021-08-28 15:30:00,36.93948643737515,ARIMA (+달력·가동 계획)
2021-08-28 15:45:00,37.30832326808223,ARIMA (+달력·가동 계획)
2021-08-28 16:00:00,37.76189895217689,ARIMA (+달력·가동 계획)
2021-08-28 16:15:00,38.289436868462914,ARIMA (+달력·가동 계획)
2021-08-28 16:30:00,38.8760853808579,ARIMA (+달력·가동 계획)
2021-08-28 16:45:00,39.5041243428202,ARIMA (+달력·가동 계획)
2021-08-28 17:00:00,40.154363756009104,ARIMA (+달력·가동 계획)
2021-08-28 17:15:00,40.80763123701719,ARIMA (+달력·가동 계획)
2021-08-28 17:30:00,41.44623896526698,ARIMA (+달력·가동 계획)
2021-08-28 17:45:00,42.05532272615636,ARIMA (+달력·가동 계획)
2021-08-28 18:00:00,42.623955473603885,ARIMA (+달력·가동 계획)
2021-08-28 18:15:00,43.14595478119484,ARIMA (+달력·가동 계획)
2021-08-28 18:30:00,43.62032631009936,ARIMA (+달력·가동 계획)
2021-08-28 18:45:00,44.05131223488453,ARIMA (+달력·가동 계획)
2021-08-28 19:00:00,44.448042409022015,ARIMA (+달력·가동 계획)
2021-08-28 19:15:00,44.82381480122379,ARIMA (+달력·가동 계획)
2021-08-28 19:30:00,45.19505833872004,ARIMA (+달력·가동 계획)
2021-08-28 19:45:00,45.58005390381033,ARIMA (+달력·가동 계획)
2021-08-28 20:00:00,45.997506309202585,ARIMA (+달력·가동 계획)
2021-08-28 20:15:00,46.46507049028465,ARIMA (+달력·가동 계획)
2021-08-28 20:30:00,46.99793822556816,ARIMA (+달력·가동 계획)
2021-08-28 20:45:00,47.60758725586909,ARIMA (+달력·가동 계획)
2021-08-28 21:00:00,48.30078305161482,ARIMA (+달력·가동 계획)
2021-08-28 21:15:00,49.07890549605735,ARIMA (+달력·가동 계획)
2021-08-28 21:30:00,49.93764966571119,ARIMA (+달력·가동 계획)
2021-08-28 21:45:00,50.86712330821717,ARIMA (+달력·가동 계획)
2021-08-28 22:00:00,51.85233540002681,ARIMA (+달력·가동 계획)
2021-08-28 22:15:00,52.87404229111512,ARIMA (+달력·가동 계획)
2021-08-28 22:30:00,53.90989237475755,ARIMA (+달력·가동 계획)
2021-08-28 22:45:00,54.93578876668481,ARIMA (+달력·가동 계획)
2021-08-28 23:00:00,55.92737366680128,ARIMA (+달력·가동 계획)
2021-08-28 23:15:00,56.86152904401765,ARIMA (+달력·가동 계획)
2021-08-28 23:30:00,57.717786693897175,ARIMA (+달력·가동 계획)
2021-08-28 23:45:00,58.47954671248052,ARIMA (+달력·가동 계획)
2021-08-29 00:00:00,18.77728174760812,ARIMA (+달력·가동 계획)
2021-08-29 00:15:00,23.548503122987483,ARIMA (+달력·가동 계획)
2021-08-29 00:30:00,26.959766068807618,ARIMA (+달력·가동 계획)
2021-08-29 00:45:00,28.823422416951903,ARIMA (+달력·가동 계획)
2021-08-29 01:00:00,29.394478577021264,ARIMA (+달력·가동 계획)
2021-08-29 01:15:00,29.170131948615243,ARIMA (+달력·가동 계획)
2021-08-29 01:30:00,28.685945660072576,ARIMA (+달력·가동 계획)
2021-08-29 01:45:00,28.364100852724263,ARIMA (+달력·가동 계획)
2021-08-29 02:00:00,28.43823031843048,ARIMA (+달력·가동 계획)
2021-08-29 02:15:00,28.951296829248776,ARIMA (+달력·가동 계획)
2021-08-29 02:30:00,29.804480190237143,ARIMA (+달력·가동 계획)
2021-08-29 02:45:00,30.82813028573588,ARIMA (+달력·가동 계획)
2021-08-29 03:00:00,31.848838659504803,ARIMA (+달력·가동 계획)
2021-08-29 03:15:00,32.735743537297694,ARIMA (+달력·가동 계획)
2021-08-29 03:30:00,33.42001881423423,ARIMA (+달력·가동 계획)
2021-08-29 03:45:00,33.89064750976731,ARIMA (+달력·가동 계획)
2021-08-29 04:00:00,34.17509501396603,ARIMA (+달력·가동 계획)
2021-08-29 04:15:00,34.31499990752187,ARIMA (+달력·가동 계획)
2021-08-29 04:30:00,34.34530676212423,ARIMA (+달력·가동 계획)
2021-08-29 04:45:00,34.281802774207435,ARIMA (+달력·가동 계획)
2021-08-29 05:00:00,34.11825587985378,ARIMA (+달력·가동 계획)
2021-08-29 05:15:00,33.83138811250845,ARIMA (+달력·가동 계획)
2021-08-29 05:30:00,33.39030661926877,ARIMA (+달력·가동 계획)
2021-08-29 05:45:00,32.76677802610433,ARIMA (+달력·가동 계획)
2021-08-29 06:00:00,31.94351755913336,ARIMA (+달력·가동 계획)
2021-08-29 06:15:00,30.918954716087427,ARIMA (+달력·가동 계획)
2021-08-29 06:30:00,29.70823826861502,ARIMA (+달력·가동 계획)
2021-08-29 06:45:00,28.34120961692711,ARIMA (+달력·가동 계획)
2021-08-29 07:00:00,26.85855523196741,ARIMA (+달력·가동 계획)
2021-08-29 07:15:00,25.307371879289374,ARIMA (+달력·가동 계획)
2021-08-29 07:30:00,23.737082821979524,ARIMA (+달력·가동 계획)
2021-08-29 07:45:00,22.1962109809853,ARIMA (+달력·가동 계획)
2021-08-29 08:00:00,20.730107448569782,ARIMA (+달력·가동 계획)
2021-08-29 08:15:00,19.379454436617216,ARIMA (+달력·가동 계획)
2021-08-29 08:30:00,18.179246285969093,ARIMA (+달력·가동 계획)
2021-08-29 08:45:00,17.157979351236833,ARIMA (+달력·가동 계획)
2021-08-29 09:00:00,16.336896577023296,ARIMA (+달력·가동 계획)
2021-08-29 09:15:00,15.729272200681166,ARIMA (+달력·가동 계획)
2021-08-29 09:30:00,15.33983457771578,ARIMA (+달력·가동 계획)
2021-08-29 09:45:00,15.164481265573816,ARIMA (+달력·가동 계획)
2021-08-29 10:00:00,15.190434721162127,ARIMA (+달력·가동 계획)
2021-08-29 10:15:00,15.39693231742582,ARIMA (+달력·가동 계획)
2021-08-29 10:30:00,15.75646377423082,ARIMA (+달력·가동 계획)
2021-08-29 10:45:00,16.23648656568904,ARIMA (+달력·가동 계획)
2021-08-29 11:00:00,16.801484130338935,ARIMA (+달력·가동 계획)
2021-08-29 11:15:00,17.415193027793478,ARIMA (+달력·가동 계획)
2021-08-29 11:30:00,18.04281531585618,ARIMA (+달력·가동 계획)
2021-08-29 11:45:00,18.653046764880195,ARIMA (+달력·가동 계획)
2021-08-29 12:00:00,19.21978218337366,ARIMA (+달력·가동 계획)
2021-08-29 12:15:00,19.723397800337004,ARIMA (+달력·가동 계획)
2021-08-29 12:30:00,20.151550649061623,ARIMA (+달력·가동 계획)
2021-08-29 12:45:00,20.49947203839935,ARIMA (+달력·가동 계획)
2021-08-29 13:00:00,20.76976468881349,ARIMA (+달력·가동 계획)
2021-08-29 13:15:00,20.971740816394902,ARIMA (+달력·가동 계획)
2021-08-29 13:30:00,21.120361945564145,ARIMA (+달력·가동 계획)
2021-08-29 13:45:00,21.234861007667625,ARIMA (+달력·가동 계획)
2021-08-29 14:00:00,21.337143275728085,ARIMA (+달력·가동 계획)
2021-08-29 14:15:00,21.45007420826561,ARIMA (+달력·가동 계획)
2021-08-29 14:30:00,21.5957682452922,ARIMA (+달력·가동 계획)
2021-08-29 14:45:00,21.79399192850118,ARIMA (+달력·가동 계획)
2021-08-29 15:00:00,22.060786705029702,ARIMA (+달력·가동 계획)
2021-08-29 15:15:00,22.407401394422862,ARIMA (+달력·가동 계획)
2021-08-29 15:30:00,22.83960231901964,ARIMA (+달력·가동 계획)
2021-08-29 15:45:00,23.35740202696213,ARIMA (+달력·가동 계획)
2021-08-29 16:00:00,23.95521743880101,ARIMA (+달력·가동 계획)
2021-08-29 16:15:00,24.62243748686421,ARIMA (+달력·가동 계획)
2021-08-29 16:30:00,25.34435128335965,ARIMA (+달력·가동 계획)
2021-08-29 16:45:00,26.10336273085679,ARIMA (+달력·가동 계획)
2021-08-29 17:00:00,26.880398069620764,ARIMA (+달력·가동 계획)
2021-08-29 17:15:00,27.65640042838743,ARIMA (+달력·가동 계획)
2021-08-29 17:30:00,28.413800738290387,ARIMA (+달력·가동 계획)
2021-08-29 17:45:00,29.137857548130825,ARIMA (+달력·가동 계획)
2021-08-29 18:00:00,29.817768969097024,ARIMA (+달력·가동 계획)
2021-08-29 18:15:00,30.44747731724394,ARIMA (+달력·가동 계획)
2021-08-29 18:30:00,31.02610973341853,ARIMA (+달력·가동 계획)
2021-08-29 18:45:00,31.558024530966183,ARIMA (+달력·가동 계획)
2021-08-29 19:00:00,32.05246140719984,ARIMA (+달력·가동 계획)
2021-08-29 19:15:00,32.522821992831354,ARIMA (+달력·가동 계획)
2021-08-29 19:30:00,32.98563354835563,ARIMA (+달력·가동 계획)
2021-08-29 19:45:00,33.45927112684105,ARIMA (+달력·가동 계획)
2021-08-29 20:00:00,33.96253064716802,ARIMA (+달력·가동 계획)
2021-08-29 20:15:00,34.5131558684085,ARIMA (+달력·가동 계획)
2021-08-29 20:30:00,35.12642548870063,ARIMA (+달력·가동 계획)
2021-08-29 20:45:00,35.813902285747155,ARIMA (+달력·가동 계획)
2021-08-29 21:00:00,36.58243467578495,ARIMA (+달력·가동 계획)
2021-08-29 21:15:00,37.43348310823673,ARIMA (+달력·가동 계획)
2021-08-29 21:30:00,38.36282060194223,ARIMA (+달력·가동 계획)
2021-08-29 21:45:00,39.3606300970555,ARIMA (+달력·가동 계획)
2021-08-29 22:00:00,40.41199302385839,ARIMA (+달력·가동 계획)
2021-08-29 22:15:00,41.497735571295614,ARIMA (+달력·가동 계획)
2021-08-29 22:30:00,42.59557354539604,ARIMA (+달력·가동 계획)
2021-08-29 22:45:00,43.681475250605104,ARIMA (+달력·가동 계획)
2021-08-29 23:00:00,44.73114602734484,ARIMA (+달력·가동 계획)
2021-08-29 23:15:00,45.72152906514325,ARIMA (+달력·가동 계획)
2021-08-29 23:30:00,46.63221553849837,ARIMA (+달력·가동 계획)
2021-08-29 23:45:00,47.44666311997529,ARIMA (+달력·가동 계획)
2021-08-30 00:00:00,32.07281738172033,ARIMA (+달력·가동 계획)
2021-08-30 00:15:00,35.518792900023456,ARIMA (+달력·가동 계획)
2021-08-30 00:30:00,38.77180940223949,ARIMA (+달력·가동 계획)
2021-08-30 00:45:00,41.55661716595739,ARIMA (+달력·가동 계획)
2021-08-30 01:00:00,43.92684858916332,ARIMA (+달력·가동 계획)
2021-08-30 01:15:00,46.10342476443478,ARIMA (+달력·가동 계획)
2021-08-30 01:30:00,48.31451943069541,ARIMA (+달력·가동 계획)
2021-08-30 01:45:00,50.68250578747278,ARIMA (+달력·가동 계획)
2021-08-30 02:00:00,53.1770397679359,ARIMA (+달력·가동 계획)
2021-08-30 02:15:00,55.62989812271367,ARIMA (+달력·가동 계획)
2021-08-30 02:30:00,57.79178737093302,ARIMA (+달력·가동 계획)
2021-08-30 02:45:00,59.40567591764257,ARIMA (+달력·가동 계획)
2021-08-30 03:00:00,60.2738275262694,ARIMA (+달력·가동 계획)
2021-08-30 03:15:00,60.30344430212641,ARIMA (+달력·가동 계획)
2021-08-30 03:30:00,59.52511152112547,ARIMA (+달력·가동 계획)
2021-08-30 03:45:00,58.0862080692147,ARIMA (+달력·가동 계획)
2021-08-30 04:00:00,56.22646576603055,ARIMA (+달력·가동 계획)
2021-08-30 04:15:00,54.24456972661242,ARIMA (+달력·가동 계획)
2021-08-30 04:30:00,52.46370976537353,ARIMA (+달력·가동 계획)
2021-08-30 04:45:00,51.20144964619045,ARIMA (+달력·가동 계획)
2021-08-30 05:00:00,50.74635837095398,ARIMA (+달력·가동 계획)
2021-08-30 05:15:00,51.34144825793915,ARIMA (+달력·가동 계획)
2021-08-30 05:30:00,53.17305752270655,ARIMA (+달력·가동 계획)
2021-08-30 05:45:00,56.36344525253169,ARIMA (+달력·가동 계획)
2021-08-30 06:00:00,60.96577418068768,ARIMA (+달력·가동 계획)
2021-08-30 06:15:00,66.96094170032458,ARIMA (+달력·가동 계획)
2021-08-30 06:30:00,74.25649455606434,ARIMA (+달력·가동 계획)
2021-08-30 06:45:00,82.68835531719024,ARIMA (+달력·가동 계획)
2021-08-30 07:00:00,92.02618336013688,ARIMA (+달력·가동 계획)
2021-08-30 07:15:00,101.9829178875092,ARIMA (+달력·가동 계획)
2021-08-30 07:30:00,112.22853056981914,ARIMA (+달력·가동 계획)
2021-08-30 07:45:00,122.4074139055822,ARIMA (+달력·가동 계획)
2021-08-30 08:00:00,132.15829806469677,ARIMA (+달력·가동 계획)
2021-08-30 08:15:00,141.13522685178165,ARIMA (+달력·가동 계획)
2021-08-30 08:30:00,149.02797707898847,ARIMA (+달력·가동 계획)
2021-08-30 08:45:00,155.58036726077154,ARIMA (+달력·가동 계획)
2021-08-30 09:00:00,160.60512779584928,ARIMA (+달력·가동 계획)
2021-08-30 09:15:00,163.99433677463622,ARIMA (+달력·가동 계획)
2021-08-30 09:30:00,165.72480575207206,ARIMA (+달력·가동 계획)
2021-08-30 09:45:00,165.85818283749742,ARIMA (+달력·가동 계획)
2021-08-30 10:00:00,164.53589665056774,ARIMA (+달력·가동 계획)
2021-08-30 10:15:00,161.96937848019863,ARIMA (+달력·가동 계획)
2021-08-30 10:30:00,158.42626501356878,ARIMA (+달력·가동 계획)
2021-08-30 10:45:00,154.2134978688915,ARIMA (+달력·가동 계획)
2021-08-30 11:00:00,149.65839642232655,ARIMA (+달력·가동 계획)
2021-08-30 11:15:00,145.08888278788294,ARIMA (+달력·가동 계획)
2021-08-30 11:30:00,140.81407654540837,ARIMA (+달력·가동 계획)
2021-08-30 11:45:00,137.10644655420126,ARIMA (+달력·가동 계획)
2021-08-30 12:00:00,134.18660535016176,ARIMA (+달력·가동 계획)
2021-08-30 12:15:00,132.21166044429,ARIMA (+달력·가동 계획)
2021-08-30 12:30:00,131.2678045180161,ARIMA (+달력·가동 계획)
2021-08-30 12:45:00,131.36754716644091,ARIMA (+달력·가동 계획)
2021-08-30 13:00:00,132.4516834157549,ARIMA (+달력·가동 계획)
2021-08-30 13:15:00,134.39578064984468,ARIMA (+달력·가동 계획)
2021-08-30 13:30:00,137.02066851759588,ARIMA (+달력·가동 계획)
2021-08-30 13:45:00,140.10615717805328,ARIMA (+달력·가동 계획)
2021-08-30 14:00:00,143.40700599449104,ARIMA (+달력·가동 계획)
2021-08-30 14:15:00,146.6700310814945,ARIMA (+달력·가동 계획)
2021-08-30 14:30:00,149.65118414842405,ARIMA (+달력·가동 계획)
2021-08-30 14:45:00,152.13145939223045,ARIMA (+달력·가동 계획)
2021-08-30 15:00:00,153.9305867161764,ARIMA (+달력·가동 계획)
2021-08-30 15:15:00,154.91764009277327,ARIMA (+달력·가동 계획)
2021-08-30 15:30:00,155.01791682079173,ARIMA (+달력·가동 계획)
2021-08-30 15:45:00,154.2157106036014,ARIMA (+달력·가동 계획)
2021-08-30 16:00:00,152.55289022224937,ARIMA (+달력·가동 계획)
2021-08-30 16:15:00,150.12348628650187,ARIMA (+달력·가동 계획)
2021-08-30 16:30:00,147.06476136460518,ARIMA (+달력·가동 계획)
2021-08-30 16:45:00,143.5454752968942,ARIMA (+달력·가동 계획)
2021-08-30 17:00:00,139.75224182242968,ARIMA (+달력·가동 계획)
2021-08-30 17:15:00,135.87499254713256,ARIMA (+달력·가동 계획)
2021-08-30 17:30:00,132.09261197368085,ARIMA (+달력·가동 계획)
2021-08-30 17:45:00,128.55978001789873,ARIMA (+달력·가동 계획)
2021-08-30 18:00:00,125.39595857281932,ARIMA (+달력·가동 계획)
2021-08-30 18:15:00,122.67729369985793,ARIMA (+달력·가동 계획)
2021-08-30 18:30:00,120.43198688233466,ARIMA (+달력·가동 계획)
2021-08-30 18:45:00,118.63943308841182,ARIMA (+달력·가동 계획)
2021-08-30 19:00:00,117.23314833927172,ARIMA (+달력·가동 계획)
2021-08-30 19:15:00,116.10723453006334,ARIMA (+달력·가동 계획)
2021-08-30 19:30:00,115.12587379418557,ARIMA (+달력·가동 계획)
2021-08-30 19:45:00,114.13512669484432,ARIMA (+달력·가동 계획)
2021-08-30 20:00:00,112.9761432541685,ARIMA (+달력·가동 계획)
2021-08-30 20:15:00,111.49879483906044,ARIMA (+달력·가동 계획)
2021-08-30 20:30:00,109.57470523593736,ARIMA (+달력·가동 계획)
2021-08-30 20:45:00,107.10870287702711,ARIMA (+달력·가동 계획)
2021-08-30 21:00:00,104.04783000092633,ARIMA (+달력·가동 계획)
2021-08-30 21:15:00,100.38722049186902,ARIMA (+달력·가동 계획)
2021-08-30 21:30:00,96.1723838389685,ARIMA (+달력·가동 계획)
2021-08-30 21:45:00,91.49769218505254,ARIMA (+달력·가동 계획)
2021-08-30 22:00:00,86.50114249803975,ARIMA (+달력·가동 계획)
2021-08-30 22:15:00,81.35573707657245,ARIMA (+달력·가동 계획)
2021-08-30 22:30:00,76.25807370271659,ARIMA (+달력·가동 계획)
2021-08-30 22:45:00,71.41494414697546,ARIMA (+달력·가동 계획)
2021-08-30 23:00:00,67.02889157582078,ARIMA (+달력·가동 계획)
2021-08-30 23:15:00,63.28376270212947,ARIMA (+달력·가동 계획)
2021-08-30 23:30:00,60.33130285510009,ARIMA (+달력·가동 계획)
2021-08-30 23:45:00,58.27978019695311,ARIMA (+달력·가동 계획)
2021-08-31 00:00:00,96.3337505651587,ARIMA (+달력·가동 계획)
2021-08-31 00:15:00,93.70641168392191,ARIMA (+달력·가동 계획)
2021-08-31 00:30:00,94.95720664440518,ARIMA (+달력·가동 계획)
2021-08-31 00:45:00,98.69808511889482,ARIMA (+달력·가동 계획)
2021-08-31 01:00:00,103.43949324261855,ARIMA (+달력·가동 계획)
2021-08-31 01:15:00,107.9688996634269,ARIMA (+달력·가동 계획)
2021-08-31 01:30:00,111.53618861034629,ARIMA (+달력·가동 계획)
2021-08-31 01:45:00,113.85963056896792,ARIMA (+달력·가동 계획)
2021-08-31 02:00:00,115.00952019722544,ARIMA (+달력·가동 계획)
2021-08-31 02:15:00,115.24128397690428,ARIMA (+달력·가동 계획)
2021-08-31 02:30:00,114.84081106172611,ARIMA (+달력·가동 계획)
2021-08-31 02:45:00,114.02165610793958,ARIMA (+달력·가동 계획)
2021-08-31 03:00:00,112.8870675743484,ARIMA (+달력·가동 계획)
2021-08-31 03:15:00,111.44772778853456,ARIMA (+달력·가동 계획)
2021-08-31 03:30:00,109.6731346825533,ARIMA (+달력·가동 계획)
2021-08-31 03:45:00,107.55141145769008,ARIMA (+달력·가동 계획)
2021-08-31 04:00:00,105.13689004024424,ARIMA (+달력·가동 계획)
2021-08-31 04:15:00,102.57357209663483,ARIMA (+달력·가동 계획)
2021-08-31 04:30:00,100.09197847473828,ARIMA (+달력·가동 계획)
2021-08-31 04:45:00,97.98430997686418,ARIMA (+달력·가동 계획)
2021-08-31 05:00:00,96.56693919258316,ARIMA (+달력·가동 계획)
2021-08-31 05:15:00,96.13997985456784,ARIMA (+달력·가동 계획)
2021-08-31 05:30:00,96.9518727084706,ARIMA (+달력·가동 계획)
2021-08-31 05:45:00,99.17381762687906,ARIMA (+달력·가동 계획)
2021-08-31 06:00:00,102.88565320798024,ARIMA (+달력·가동 계획)
2021-08-31 06:15:00,108.07227490231094,ARIMA (+달력·가동 계획)
2021-08-31 06:30:00,114.62827090306456,ARIMA (+달력·가동 계획)
2021-08-31 06:45:00,122.36810815692768,ARIMA (+달력·가동 계획)
2021-08-31 07:00:00,131.0396121925387,ARIMA (+달력·가동 계획)
2021-08-31 07:15:00,140.339243785403,ARIMA (+달력·가동 계획)
2021-08-31 07:30:00,149.92841390000237,ARIMA (+달력·가동 계획)
2021-08-31 07:45:00,159.45055735282898,ARIMA (+달력·가동 계획)
2021-08-31 08:00:00,168.54882350637408,ARIMA (+달력·가동 계획)
2021-08-31 08:15:00,176.88408995915523,ARIMA (+달력·가동 계획)
2021-08-31 08:30:00,184.1526932114109,ARIMA (+달력·가동 계획)
2021-08-31 08:45:00,190.10294983215465,ARIMA (+달력·가동 계획)
2021-08-31 09:00:00,194.5493368990788,ARIMA (+달력·가동 계획)
2021-08-31 09:15:00,197.3831816027204,ARIMA (+달력·가동 계획)
2021-08-31 09:30:00,198.57888768749643,ARIMA (+달력·가동 계획)
2021-08-31 09:45:00,198.19506347724536,ARIMA (+달력·가동 계획)
2021-08-31 10:00:00,196.37034714173092,ARIMA (+달력·가동 계획)
2021-08-31 10:15:00,193.3141772308672,ARIMA (+달력·가동 계획)
2021-08-31 10:30:00,189.29316771794035,ARIMA (+달력·가동 계획)
2021-08-31 10:45:00,184.61407342341977,ARIMA (+달력·가동 계획)
2021-08-31 11:00:00,179.60455169487676,ARIMA (+달력·가동 계획)
2021-08-31 11:15:00,174.5930357645194,ARIMA (+달력·가동 계획)
2021-08-31 11:30:00,169.88904277340018,ARIMA (+달력·가동 계획)
2021-08-31 11:45:00,165.76515968934228,ARIMA (+달력·가동 계획)
2021-08-31 12:00:00,162.44179939203588,ARIMA (+달력·가동 계획)
2021-08-31 12:15:00,160.07561217464726,ARIMA (+달력·가동 계획)
2021-08-31 12:30:00,158.75218843203535,ARIMA (+달력·가동 계획)
2021-08-31 12:45:00,158.4834093010626,ARIMA (+달력·가동 계획)
2021-08-31 13:00:00,159.209506973982,ARIMA (+달력·가동 계획)
2021-08-31 13:15:00,160.80560026582674,ARIMA (+달력·가동 계획)
2021-08-31 13:30:00,163.09219030117083,ARIMA (+달력·가동 계획)
2021-08-31 13:45:00,165.84885322743952,ARIMA (+달력·가동 계획)
2021-08-31 14:00:00,168.83016836264875,ARIMA (+달력·가동 계획)
2021-08-31 14:15:00,171.78278545603047,ARIMA (+달력·가동 계획)
2021-08-31 14:30:00,174.46247402759488,ARIMA (+달력·가동 계획)
2021-08-31 14:45:00,176.65001598280645,ARIMA (+달력·가동 계획)
2021-08-31 15:00:00,178.1648988311949,ARIMA (+달력·가동 계획)
2021-08-31 15:15:00,178.87593389274025,ARIMA (+달력·가동 계획)
2021-08-31 15:30:00,178.70814956372422,ARIMA (+달력·가동 계획)
2021-08-31 15:45:00,177.64557753170828,ARIMA (+달력·가동 계획)
2021-08-31 16:00:00,175.72984045284426,ARIMA (+달력·가동 계획)
2021-08-31 16:15:00,173.05474240965137,ARIMA (+달력·가동 계획)
2021-08-31 16:30:00,169.75733804579303,ARIMA (+달력·가동 계획)
2021-08-31 16:45:00,166.00619384183454,ARIMA (+달력·가동 계획)
2021-08-31 17:00:00,161.9877396179493,ARIMA (+달력·가동 계획)
2021-08-31 17:15:00,157.89172793743177,ARIMA (+달력·가동 계획)
2021-08-31 17:30:00,153.89686612525043,ARIMA (+달력·가동 계획)
2021-08-31 17:45:00,150.1576576055965,ARIMA (+달력·가동 계획)
2021-08-31 18:00:00,146.79338882936307,ARIMA (+달력·가동 계획)
2021-08-31 18:15:00,143.8800327627223,ARIMA (+달력·가동 계획)
2021-08-31 18:30:00,141.445621704244,ARIMA (+달력·가동 계획)
2021-08-31 18:45:00,139.46938664527315,ARIMA (+달력·가동 계획)
2021-08-31 19:00:00,137.88468557181926,ARIMA (+달력·가동 계획)
2021-08-31 19:15:00,136.58546839941104,ARIMA (+달력·가동 계획)
2021-08-31 19:30:00,135.4357709576513,ARIMA (+달력·가동 계획)
2021-08-31 19:45:00,134.28151252750283,ARIMA (+달력·가동 계획)
2021-08-31 20:00:00,132.9637061670944,ARIMA (+달력·가동 계획)
2021-08-31 20:15:00,131.33209001545455,ARIMA (+달력·가동 계획)
2021-08-31 20:30:00,129.2581579931657,ARIMA (+달력·가동 계획)
2021-08-31 20:45:00,126.6466118686036,ARIMA (+달력·가동 계획)
2021-08-31 21:00:00,123.44437042082272,ARIMA (+달력·가동 계획)
2021-08-31 21:15:00,119.64644736556176,ARIMA (+달력·가동 계획)
2021-08-31 21:30:00,115.29823541002234,ARIMA (+달력·가동 계획)
2021-08-31 21:45:00,110.49399335205965,ARIMA (+달력·가동 계획)
2021-08-31 22:00:00,105.37160823201098,ARIMA (+달력·가동 계획)
2021-08-31 22:15:00,100.10397575096478,ARIMA (+달력·가동 계획)
2021-08-31 22:30:00,94.8875902883792,ARIMA (+달력·가동 계획)
2021-08-31 22:45:00,89.92914325154513,ARIMA (+달력·가동 계획)
2021-08-31 23:00:00,85.43108033206916,ARIMA (+달력·가동 계획)
2021-08-31 23:15:00,81.57715352653064,ARIMA (+달력·가동 계획)
2021-08-31 23:30:00,78.51901610450773,ARIMA (+달력·가동 계획)
2021-08-31 23:45:00,76.36484674909329,ARIMA (+달력·가동 계획)
2021-09-01 00:00:00,92.00617962408823,ARIMA (+달력·가동 계획)
2021-09-01 00:15:00,88.02579512500768,ARIMA (+달력·가동 계획)
2021-09-01 00:30:00,87.89945022908091,ARIMA (+달력·가동 계획)
2021-09-01 00:45:00,90.66669101211777,ARIMA (+달력·가동 계획)
2021-09-01 01:00:00,95.02602042512024,ARIMA (+달력·가동 계획)
2021-09-01 01:15:00,99.73716346612464,ARIMA (+달력·가동 계획)
2021-09-01 01:30:00,103.8800342885439,ARIMA (+달력·가동 계획)
2021-09-01 01:45:00,106.94935815681256,ARIMA (+달력·가동 계획)
2021-09-01 02:00:00,108.8139498851314,ARIMA (+달력·가동 계획)
2021-09-01 02:15:00,109.5964215329094,ARIMA (+달력·가동 계획)
2021-09-01 02:30:00,109.532645745463,ARIMA (+달력·가동 계획)
2021-09-01 02:45:00,108.85684090488112,ARIMA (+달력·가동 계획)
2021-09-01 03:00:00,107.73648984693904,ARIMA (+달력·가동 계획)
2021-09-01 03:15:00,106.25975176118487,ARIMA (+달력·가동 계획)
2021-09-01 03:30:00,104.46231147375484,ARIMA (+달력·가동 계획)
2021-09-01 03:45:00,102.37316798103352,ARIMA (+달력·가동 계획)
2021-09-01 04:00:00,100.05919532825789,ARIMA (+달력·가동 계획)
2021-09-01 04:15:00,97.6540063509836,ARIMA (+달력·가동 계획)
2021-09-01 04:30:00,95.36461614612467,ARIMA (+달력·가동 계획)
2021-09-01 04:45:00,93.45687771613028,ARIMA (+달력·가동 계획)
2021-09-01 05:00:00,92.22584869371909,ARIMA (+달력·가동 계획)
2021-09-01 05:15:00,91.9594874241922,ARIMA (+달력·가동 계획)
2021-09-01 05:30:00,92.9036747482415,ARIMA (+달력·가동 계획)
2021-09-01 05:45:00,95.2344078440478,ARIMA (+달력·가동 계획)
2021-09-01 06:00:00,99.0401799860259,ARIMA (+달력·가동 계획)
2021-09-01 06:15:00,104.31495053306632,ARIMA (+달력·가동 계획)
2021-09-01 06:30:00,110.96028118388875,ARIMA (+달력·가동 계획)
2021-09-01 06:45:00,118.79434156129496,ARIMA (+달력·가동 계획)
2021-09-01 07:00:00,127.5654356686652,ARIMA (+달력·가동 계획)
2021-09-01 07:15:00,136.96816357579507,ARIMA (+달력·가동 계획)
2021-09-01 07:30:00,146.66096841393795,ARIMA (+달력·가동 계획)
2021-09-01 07:45:00,156.28435661297053,ARIMA (+달력·가동 계획)
2021-09-01 08:00:00,165.4793724555002,ARIMA (+달력·가동 계획)
2021-09-01 08:15:00,173.90593670737778,ARIMA (+달력·가동 계획)
2021-09-01 08:30:00,181.2604980693203,ARIMA (+달력·가동 계획)
2021-09-01 08:45:00,187.29221591311705,ARIMA (+달력·가동 계획)
2021-09-01 09:00:00,191.8167121667799,ARIMA (+달력·가동 계획)
2021-09-01 09:15:00,194.72638332488643,ARIMA (+달력·가동 계획)
2021-09-01 09:30:00,195.99638458197765,ARIMA (+달력·가동 계획)
2021-09-01 09:45:00,195.6856734918024,ARIMA (+달력·가동 계획)
2021-09-01 10:00:00,193.93288271202124,ARIMA (+달력·가동 계획)
2021-09-01 10:15:00,190.94721687183863,ARIMA (+달력·가동 계획)
2021-09-01 10:30:00,186.99497519504263,ARIMA (+달력·가동 계획)
2021-09-01 10:45:00,182.38264018620012,ARIMA (+달력·가동 계획)
2021-09-01 11:00:00,177.43771310205818,ARIMA (+달력·가동 계획)
2021-09-01 11:15:00,172.4886072841762,ARIMA (+달력·가동 계획)
2021-09-01 11:30:00,167.8449335726475,ARIMA (+달력·가동 계획)
2021-09-01 11:45:00,163.7794400852537,ARIMA (+달력·가동 계획)
2021-09-01 12:00:00,160.51271807490792,ARIMA (+달력·가동 계획)
2021-09-01 12:15:00,158.20157367392505,ARIMA (+달력·가동 계획)
2021-09-01 12:30:00,156.9317086175187,ARIMA (+달력·가동 계획)
2021-09-01 12:45:00,156.71506707897316,ARIMA (+달력·가동 계획)
2021-09-01 13:00:00,157.49190578519045,ARIMA (+달력·가동 계획)
2021-09-01 13:15:00,159.13734623564363,ARIMA (+달력·가동 계획)
2021-09-01 13:30:00,161.47188739171824,ARIMA (+달력·가동 계획)
2021-09-01 13:45:00,164.27511114512205,ARIMA (+달력·가동 계획)
2021-09-01 14:00:00,167.3016169090507,ARIMA (+달력·가동 계획)
2021-09-01 14:15:00,170.29808924975046,ARIMA (+달력·가동 계획)
2021-09-01 14:30:00,173.0203432973412,ARIMA (+달력·가동 계획)
2021-09-01 14:45:00,175.24921149893743,ARIMA (+달력·가동 계획)
2021-09-01 15:00:00,176.80423119515766,ARIMA (+달력·가동 계획)
2021-09-01 15:15:00,177.5542588377113,ARIMA (+달력·가동 계획)
2021-09-01 15:30:00,177.4243614760254,ARIMA (+달력·가동 계획)
2021-09-01 15:45:00,176.39860320319573,ARIMA (+달력·가동 계획)
2021-09-01 16:00:00,174.51863440397926,ARIMA (+달력·가동 계획)
2021-09-01 16:15:00,171.87828430331933,ARIMA (+달력·가동 계획)
2021-09-01 16:30:00,168.6146320058323,ARIMA (+달력·가동 계획)
2021-09-01 16:45:00,164.8962690497414,ARIMA (+달력·가동 계획)
2021-09-01 17:00:00,160.9096514214701,ARIMA (+달력·가동 계획)
2021-09-01 17:15:00,156.84455881049644,ARIMA (+달력·가동 계획)
2021-09-01 17:30:00,152.87972606666503,ARIMA (+달력·가동 계획)
2021-09-01 17:45:00,149.169683844852,ARIMA (+달력·가동 계획)
2021-09-01 18:00:00,145.83374493736858,ARIMA (+달력·가동 계획)
2021-09-01 18:15:00,142.9479073982967,ARIMA (+달력·가동 계획)
2021-09-01 18:30:00,140.54022725817288,ARIMA (+달력·가동 계획)
2021-09-01 18:45:00,138.58995799576343,ARIMA (+달력·가동 계획)
2021-09-01 19:00:00,137.03047907517825,ARIMA (+달력·가동 계획)
2021-09-01 19:15:00,135.75576114445565,ARIMA (+달력·가동 계획)
2021-09-01 19:30:00,134.62986023858292,ARIMA (+달력·가동 계획)
2021-09-01 19:45:00,133.49871545068132,ARIMA (+달력·가동 계획)
2021-09-01 20:00:00,132.20335930214625,ARIMA (+달력·가동 계획)
2021-09-01 20:15:00,130.59354902126228,ARIMA (+달력·가동 계획)
2021-09-01 20:30:00,128.540797181484,ARIMA (+달력·가동 계획)
2021-09-01 20:45:00,125.94982370011276,ARIMA (+달력·가동 계획)
2021-09-01 21:00:00,122.76756495191157,ARIMA (+달력·가동 계획)
2021-09-01 21:15:00,118.9890516754592,ARIMA (+달력·가동 계획)
2021-09-01 21:30:00,114.65969303779583,ARIMA (+달력·가동 계획)
2021-09-01 21:45:00,109.87376376500931,ARIMA (+달력·가동 계획)
2021-09-01 22:00:00,104.7691663356447,ARIMA (+달력·가동 계획)
2021-09-01 22:15:00,99.51881144007692,ARIMA (+달력·가동 계획)
2021-09-01 22:30:00,94.31920803139114,ARIMA (+달력·가동 계획)
2021-09-01 22:45:00,89.37706169713746,ARIMA (+달력·가동 계획)
2021-09-01 23:00:00,84.8948319277776,ARIMA (+달력·가동 계획)
2021-09-01 23:15:00,81.05628414206464,ARIMA (+달력·가동 계획)
2021-09-01 23:30:00,78.01308465651917,ARIMA (+달력·가동 계획)
2021-09-01 23:45:00,75.87342482765409,ARIMA (+달력·가동 계획)
2021-09-02 00:00:00,95.28925685133528,ARIMA (+달력·가동 계획)
2021-09-02 00:15:00,91.1075534655432,ARIMA (+달력·가동 계획)
2021-09-02 00:30:00,90.483824545458,ARIMA (+달력·가동 계획)
2021-09-02 00:45:00,92.66693447666069,ARIMA (+달력·가동 계획)
2021-09-02 01:00:00,96.52384246892194,ARIMA (+달력·가동 계획)
2021-09-02 01:15:00,100.9098031821466,ARIMA (+달력·가동 계획)
2021-09-02 01:30:00,104.9244057396535,ARIMA (+달력·가동 계획)
2021-09-02 01:45:00,108.02424281274988,ARIMA (+달력·가동 계획)
2021-09-02 02:00:00,110.01000162623012,ARIMA (+달력·가동 계획)
2021-09-02 02:15:00,110.93339326715513,ARIMA (+달력·가동 계획)
2021-09-02 02:30:00,110.97622303295036,ARIMA (+달력·가동 계획)
2021-09-02 02:45:00,110.34461389968354,ARIMA (+달력·가동 계획)
2021-09-02 03:00:00,109.20338694093851,ARIMA (+달력·가동 계획)
2021-09-02 03:15:00,107.65636862013552,ARIMA (+달력·가동 계획)
2021-09-02 03:30:00,105.76346346485984,ARIMA (+달력·가동 계획)
2021-09-02 03:45:00,103.57740112033858,ARIMA (+달력·가동 계획)
2021-09-02 04:00:00,101.1821584611607,ARIMA (+달력·가동 계획)
2021-09-02 04:15:00,98.71932178456316,ARIMA (+달력·가동 계획)
2021-09-02 04:30:00,96.39543250091585,ARIMA (+달력·가동 계획)
2021-09-02 04:45:00,94.47013172357283,ARIMA (+달력·가동 계획)
2021-09-02 05:00:00,93.22992406684814,ARIMA (+달력·가동 계획)
2021-09-02 05:15:00,92.95484875132996,ARIMA (+달력·가동 계획)
2021-09-02 05:30:00,93.8853963820661,ARIMA (+달력·가동 계획)
2021-09-02 05:45:00,96.19534744101549,ARIMA (+달력·가동 계획)
2021-09-02 06:00:00,99.97375920615453,ARIMA (+달력·가동 계획)
2021-09-02 06:15:00,105.2169275802415,ARIMA (+달력·가동 계획)
2021-09-02 06:30:00,111.82935541667332,ARIMA (+달력·가동 계획)
2021-09-02 06:45:00,119.63178852326304,ARIMA (+달력·가동 계획)
2021-09-02 07:00:00,128.37416667247524,ARIMA (+달력·가동 계획)
2021-09-02 07:15:00,137.7516353951768,ARIMA (+달력·가동 계획)
2021-09-02 07:30:00,147.42227778757714,ARIMA (+달력·가동 계획)
2021-09-02 07:45:00,157.02570269025955,ARIMA (+달력·가동 계획)
2021-09-02 08:00:00,166.20191675831524,ARIMA (+달력·가동 계획)
2021-09-02 08:15:00,174.6099758947079,ARIMA (+달력·가동 계획)
2021-09-02 08:30:00,181.9458079780225,ARIMA (+달력·가동 계획)
2021-09-02 08:45:00,187.95842341811743,ARIMA (+달력·가동 계획)
2021-09-02 09:00:00,192.4635880355727,ARIMA (+달력·가동 계획)
2021-09-02 09:15:00,195.35400291184249,ARIMA (+달력·가동 계획)
2021-09-02 09:30:00,196.6051544865156,ARIMA (+달력·가동 계획)
2021-09-02 09:45:00,196.2762583523993,ARIMA (+달력·가동 계획)
2021-09-02 10:00:00,194.5060822556052,ARIMA (+달력·가동 계획)
2021-09-02 10:15:00,191.50384112920608,ARIMA (+달력·가동 계획)
2021-09-02 10:30:00,187.5357515808464,ARIMA (+달력·가동 계획)
2021-09-02 10:45:00,182.90816736975208,ARIMA (+달력·가동 계획)
2021-09-02 11:00:00,177.94845962987608,ARIMA (+달력·가동 계획)
2021-09-02 11:15:00,172.9849416929665,ARIMA (+달력·가동 계획)
2021-09-02 11:30:00,168.32716846108823,ARIMA (+달력·가동 계획)
2021-09-02 11:45:00,164.2478742926087,ARIMA (+달력·가동 계획)
2021-09-02 12:00:00,160.96766647471725,ARIMA (+달력·가동 계획)
2021-09-02 12:15:00,158.6433805842282,ARIMA (+달력·가동 계획)
2021-09-02 12:30:00,157.36074638918817,ARIMA (+달력·가동 계획)
2021-09-02 12:45:00,157.1317248653169,ARIMA (+달력·가동 계획)
2021-09-02 13:00:00,157.89657455788063,ARIMA (+달력·가동 계획)
2021-09-02 13:15:00,159.53040524303844,ARIMA (+달력·가동 계획)
2021-09-02 13:30:00,161.8536952779702,ARIMA (+달력·가동 계획)
2021-09-02 13:45:00,164.64600272558482,ARIMA (+달력·가동 계획)
2021-09-02 14:00:00,167.66190479295324,ARIMA (+달력·가동 계획)
2021-09-02 14:15:00,170.64806846421266,ARIMA (+달력·가동 계획)
2021-09-02 14:30:00,173.36029683656034,ARIMA (+달력·가동 계획)
2021-09-02 14:45:00,175.57941511231374,ARIMA (+달력·가동 계획)
2021-09-02 15:00:00,177.1249564448331,ARIMA (+달력·가동 계획)
2021-09-02 15:15:00,177.8657742095484,ARIMA (+달력·가동 계획)
2021-09-02 15:30:00,177.72693190770772,ARIMA (+달력·가동 계획)
2021-09-02 15:45:00,176.69248869879578,ARIMA (+달력·가동 계획)
2021-09-02 16:00:00,174.80408843914924,ARIMA (+달력·가동 계획)
2021-09-02 16:15:00,172.15555256306786,ARIMA (+달력·가동 계획)
2021-09-02 16:30:00,168.88395174100577,ARIMA (+달력·가동 계획)
2021-09-02 16:45:00,165.1578690852701,ARIMA (+달력·가동 계획)
2021-09-02 17:00:00,161.16375266528755,ARIMA (+달력·가동 계획)
2021-09-02 17:15:00,157.09137502440262,ARIMA (+달력·가동 계획)
2021-09-02 17:30:00,153.1194646628724,ARIMA (+달력·가동 계획)
2021-09-02 17:45:00,149.4025465362377,ARIMA (+달력·가동 계획)
2021-09-02 18:00:00,146.05992815958234,ARIMA (+달력·가동 계획)
2021-09-02 18:15:00,143.16760250605986,ARIMA (+달력·가동 계획)
2021-09-02 18:30:00,140.75362055588977,ARIMA (+달력·가동 계획)
2021-09-02 18:45:00,138.79723068675233,ARIMA (+달력·가동 계획)
2021-09-02 19:00:00,137.23180720831826,ARIMA (+달력·가동 계획)
2021-09-02 19:15:00,135.95131561240447,ARIMA (+달력·가동 계획)
2021-09-02 19:30:00,134.8198068503361,ARIMA (+달력·가동 계획)
2021-09-02 19:45:00,133.68321507348983,ARIMA (+달력·가동 계획)
2021-09-02 20:00:00,132.38256804991903,ARIMA (+달력·가동 계획)
2021-09-02 20:15:00,130.76761846026045,ARIMA (+달력·가동 계획)
2021-09-02 20:30:00,128.70987452748915,ARIMA (+달력·가동 계획)
2021-09-02 20:45:00,126.11405199045284,ARIMA (+달력·가동 계획)
2021-09-02 21:00:00,122.92708318653472,ARIMA (+달력·가동 계획)
2021-09-02 21:15:00,119.143994930301,ARIMA (+달력·가동 계획)
2021-09-02 21:30:00,114.81019255913226,ARIMA (+달력·가동 계획)
2021-09-02 21:45:00,110.01994705498798,ARIMA (+달력·가동 계획)
2021-09-02 22:00:00,104.91115723755448,ARIMA (+달력·가동 계획)
2021-09-02 22:15:00,99.656730228543,ARIMA (+달력·가동 계획)
2021-09-02 22:30:00,94.4531715089939,ARIMA (+달력·가동 계획)
2021-09-02 22:45:00,89.50718329602348,ARIMA (+달력·가동 계획)
2021-09-02 23:00:00,85.0212218131993,ARIMA (+달력·가동 계획)
2021-09-02 23:15:00,81.17904931448756,ARIMA (+달력·가동 계획)
2021-09-02 23:30:00,78.13232904963878,ARIMA (+달력·가동 계획)
2021-09-02 23:45:00,75.98924940087609,ARIMA (+달력·가동 계획)
2021-09-03 00:00:00,87.66474251547388,ARIMA (+달력·가동 계획)
2021-09-03 00:15:00,83.25037425033508,ARIMA (+달력·가동 계획)
2021-09-03 00:30:00,84.12618911981232,ARIMA (+달력·가동 계획)
2021-09-03 00:45:00,88.6248963945643,ARIMA (+달력·가동 계획)
2021-09-03 01:00:00,94.7619532224082,ARIMA (+달력·가동 계획)
2021-09-03 01:15:00,100.81131753899967,ARIMA (+달력·가동 계획)
2021-09-03 01:30:00,105.63247904843632,ARIMA (+달력·가동 계획)
2021-09-03 01:45:00,108.7420400805172,ARIMA (+달력·가동 계획)
2021-09-03 02:00:00,110.19288846344654,ARIMA (+달력·가동 계획)
2021-09-03 02:15:00,110.35543895263032,ARIMA (+달력·가동 계획)
2021-09-03 02:30:00,109.6919624674709,ARIMA (+달력·가동 계획)
2021-09-03 02:45:00,108.58831319916528,ARIMA (+달력·가동 계획)
2021-09-03 03:00:00,107.2716421187283,ARIMA (+달력·가동 계획)
2021-09-03 03:15:00,105.8102221444248,ARIMA (+달력·가동 계획)
2021-09-03 03:30:00,104.1699596303038,ARIMA (+달력·가동 계획)
2021-09-03 03:45:00,102.29395290073047,ARIMA (+달력·가동 계획)
2021-09-03 04:00:00,100.1747329666606,ARIMA (+달력·가동 계획)
2021-09-03 04:15:00,97.89925863548918,ARIMA (+달력·가동 계획)
2021-09-03 04:30:00,95.65943524501996,ARIMA (+달력·가동 계획)
2021-09-03 04:45:00,93.73187417953604,ARIMA (+달력·가동 계획)
2021-09-03 05:00:00,92.43747770458332,ARIMA (+달력·가동 계획)
2021-09-03 05:15:00,92.09366704612049,ARIMA (+달력·가동 계획)
2021-09-03 05:30:00,92.97049578706157,ARIMA (+달력·가동 계획)
2021-09-03 05:45:00,95.2580677300686,ARIMA (+달력·가동 계획)
2021-09-03 06:00:00,99.04826974948942,ARIMA (+달력·가동 계획)
2021-09-03 06:15:00,104.33012876966193,ARIMA (+달력·가동 계획)
2021-09-03 06:30:00,110.99580662649257,ARIMA (+달력·가동 계획)
2021-09-03 06:45:00,118.85346324770384,ARIMA (+달력·가동 계획)
2021-09-03 07:00:00,127.64361899380644,ARIMA (+달력·가동 계획)
2021-09-03 07:15:00,137.05669328880612,ARIMA (+달력·가동 계획)
2021-09-03 07:30:00,146.75055263664527,ARIMA (+달력·가동 계획)
2021-09-03 07:45:00,156.367777684293,ARIMA (+달력·가동 계획)
2021-09-03 08:00:00,165.55277534147496,ARIMA (+달력·가동 계획)
2021-09-03 08:15:00,173.96883184002053,ARIMA (+달력·가동 계획)
2021-09-03 08:30:00,181.31487216212025,ARIMA (+달력·가동 계획)
2021-09-03 08:45:00,187.34125969529663,ARIMA (+달력·가동 계획)
2021-09-03 09:00:00,191.86361927664385,ARIMA (+달력·가동 계획)
2021-09-03 09:15:00,194.7735164517144,ARIMA (+달력·가동 계획)
2021-09-03 09:30:00,196.04491693267985,ARIMA (+달력·가동 계획)
2021-09-03 09:45:00,195.73565470427977,ARIMA (+달력·가동 계획)
2021-09-03 10:00:00,193.98358160069787,ARIMA (+달력·가동 계획)
2021-09-03 10:15:00,190.9975653935848,ARIMA (+달력·가동 계획)
2021-09-03 10:30:00,187.0439650934021,ARIMA (+달력·가동 계획)
2021-09-03 10:45:00,182.42958185463723,ARIMA (+달력·가동 계획)
2021-09-03 11:00:00,177.48233041797414,ARIMA (+달력·가동 계획)
2021-09-03 11:15:00,172.53099363008974,ARIMA (+달력·가동 계획)
2021-09-03 11:30:00,167.88542326710825,ARIMA (+달력·가동 계획)
2021-09-03 11:45:00,163.81845520460308,ARIMA (+달력·가동 계획)
2021-09-03 12:00:00,160.5506387638707,ARIMA (+달력·가동 계획)
2021-09-03 12:15:00,158.2386590741203,ARIMA (+달력·가동 계획)
2021-09-03 12:30:00,156.9680738248941,ARIMA (+달력·가동 계획)
2021-09-03 12:45:00,156.7507050519118,ARIMA (+달력·가동 계획)
2021-09-03 13:00:00,157.52673462522168,ARIMA (+달력·가동 계획)
2021-09-03 13:15:00,159.1712615516224,ARIMA (+달력·가동 계획)
2021-09-03 13:30:00,161.50480433539727,ARIMA (+달력·가동 계획)
2021-09-03 13:45:00,164.30698816649868,ARIMA (+달력·가동 계획)
2021-09-03 14:00:00,167.332460556792,ARIMA (+달력·가동 계획)
2021-09-03 14:15:00,170.32794456565523,ARIMA (+달력·가동 계획)
2021-09-03 14:30:00,173.04927677135424,ARIMA (+달력·가동 계획)
2021-09-03 14:45:00,175.27729338345725,ARIMA (+달력·가동 계획)
2021-09-03 15:00:00,176.83152206160756,ARIMA (+달력·가동 계획)
2021-09-03 15:15:00,177.5808026377454,ARIMA (+달력·가동 계획)
2021-09-03 15:30:00,177.4501849540979,ARIMA (+달력·가동 계획)
2021-09-03 15:45:00,176.4237198730312,ARIMA (+달력·가동 계획)
2021-09-03 16:00:00,174.54305064160437,ARIMA (+달력·가동 계획)
2021-09-03 16:15:00,171.90200529957835,ARIMA (+달력·가동 계획)
2021-09-03 16:30:00,168.6376660506144,ARIMA (+달력·가동 계획)
2021-09-03 16:45:00,164.918629530141,ARIMA (+달력·가동 계획)
2021-09-03 17:00:00,160.93135671051309,ARIMA (+달력·가동 계획)
2021-09-03 17:15:00,156.86563072708125,ARIMA (+달력·가동 계획)
2021-09-03 17:30:00,152.90018775665447,ARIMA (+달력·가동 계획)
2021-09-03 17:45:00,149.18955782566374,ARIMA (+달력·가동 계획)
2021-09-03 18:00:00,145.85305177734386,ARIMA (+달력·가동 계획)
2021-09-03 18:15:00,142.96666518946313,ARIMA (+달력·가동 계획)
2021-09-03 18:30:00,140.5584517822693,ARIMA (+달력·가동 계획)
2021-09-03 18:45:00,138.60766333051174,ARIMA (+달력·가동 계획)
2021-09-03 19:00:00,137.0476783487623,ARIMA (+달력·가동 계획)
2021-09-03 19:15:00,135.77246719641136,ARIMA (+달력·가동 계획)
2021-09-03 19:30:00,134.6460860441373,ARIMA (+달력·가동 계획)
2021-09-03 19:45:00,133.51447427194114,ARIMA (+달력·가동 계획)
2021-09-03 20:00:00,132.2186646129673,ARIMA (+달력·가동 계획)
2021-09-03 20:15:00,130.6084142980805,ARIMA (+달력·가동 계획)
2021-09-03 20:30:00,128.5552356594776,ARIMA (+달력·가동 계획)
2021-09-03 20:45:00,125.96384817268073,ARIMA (+달력·가동 계획)
2021-09-03 21:00:00,122.78118765599046,ARIMA (+달력·가동 계획)
2021-09-03 21:15:00,119.00228426936044,ARIMA (+달력·가동 계획)
2021-09-03 21:30:00,114.67254665163252,ARIMA (+달력·가동 계획)
2021-09-03 21:45:00,109.88624909060766,ARIMA (+달력·가동 계획)
2021-09-03 22:00:00,104.7812937224663,ARIMA (+달력·가동 계획)
2021-09-03 22:15:00,99.53059097228352,ARIMA (+달력·가동 계획)
2021-09-03 22:30:00,94.33064957373426,ARIMA (+달력·가동 계획)
2021-09-03 22:45:00,89.38817490931869,ARIMA (+달력·가동 계획)
2021-09-03 23:00:00,84.90562625531462,ARIMA (+달력·가동 계획)
2021-09-03 23:15:00,81.06676879539043,ARIMA (+달력·가동 계획)
2021-09-03 23:30:00,78.02326858949877,ARIMA (+달력·가동 계획)
2021-09-03 23:45:00,75.88331672336844,ARIMA (+달력·가동 계획)
2021-09-04 00:00:00,65.89760658681291,ARIMA (+달력·가동 계획)
2021-09-04 00:15:00,63.09067204760176,ARIMA (+달력·가동 계획)
2021-09-04 00:30:00,63.47852456993287,ARIMA (+달력·가동 계획)
2021-09-04 00:45:00,65.97171142364162,ARIMA (+달력·가동 계획)
2021-09-04 01:00:00,69.24295200261372,ARIMA (+달력·가동 계획)
2021-09-04 01:15:00,72.15489387036628,ARIMA (+달력·가동 계획)
2021-09-04 01:30:00,74.00641754995628,ARIMA (+달력·가동 계획)
2021-09-04 01:45:00,74.58760441646574,ARIMA (+달력·가동 계획)
2021-09-04 02:00:00,74.08717612978442,ARIMA (+달력·가동 계획)
2021-09-04 02:15:00,72.92186897195803,ARIMA (+달력·가동 계획)
2021-09-04 02:30:00,71.55662905096332,ARIMA (+달력·가동 계획)
2021-09-04 02:45:00,70.3658988228129,ARIMA (+달력·가동 계획)
2021-09-04 03:00:00,69.56006581113594,ARIMA (+달력·가동 계획)
2021-09-04 03:15:00,69.17661496399579,ARIMA (+달력·가동 계획)
2021-09-04 03:30:00,69.1186401793921,ARIMA (+달력·가동 계획)
2021-09-04 03:45:00,69.21624641669234,ARIMA (+달력·가동 계획)
2021-09-04 04:00:00,69.28789679802547,ARIMA (+달력·가동 계획)
2021-09-04 04:15:00,69.18586855587941,ARIMA (+달력·가동 계획)
2021-09-04 04:30:00,68.81907829550737,ARIMA (+달력·가동 계획)
2021-09-04 04:45:00,68.15460099056651,ARIMA (+달력·가동 계획)
2021-09-04 05:00:00,67.20441981568948,ARIMA (+달력·가동 계획)
2021-09-04 05:15:00,66.00580096219785,ARIMA (+달력·가동 계획)
2021-09-04 05:30:00,64.60272921151781,ARIMA (+달력·가동 계획)
2021-09-04 05:45:00,63.03318756700824,ARIMA (+달력·가동 계획)
2021-09-04 06:00:00,61.32394479882551,ARIMA (+달력·가동 계획)
2021-09-04 06:15:00,59.49190368835508,ARIMA (+달력·가동 계획)
2021-09-04 06:30:00,57.54950229054672,ARIMA (+달력·가동 계획)
2021-09-04 06:45:00,55.51124862861275,ARIMA (+달력·가동 계획)
2021-09-04 07:00:00,53.39896946241572,ARIMA (+달력·가동 계획)
2021-09-04 07:15:00,51.24435999253976,ARIMA (+달력·가동 계획)
2021-09-04 07:30:00,49.08851688672681,ARIMA (+달력·가동 계획)
2021-09-04 07:45:00,46.979007811175634,ARIMA (+달력·가동 계획)
2021-09-04 08:00:00,44.96551675621745,ARIMA (+달력·가동 계획)
2021-09-04 08:15:00,43.09519495754608,ARIMA (+달력·가동 계획)
2021-09-04 08:30:00,41.4086374662699,ARIMA (+달력·가동 계획)
2021-09-04 08:45:00,39.93703930965902,ARIMA (+달력·가동 계획)
2021-09-04 09:00:00,38.70070243179125,ARIMA (+달력·가동 계획)
2021-09-04 09:15:00,37.70876539473503,ARIMA (+달력·가동 계획)
2021-09-04 09:30:00,36.959858822610045,ARIMA (+달력·가동 계획)
2021-09-04 09:45:00,36.44334844394118,ARIMA (+달력·가동 계획)
2021-09-04 10:00:00,36.140879101163065,ARIMA (+달력·가동 계획)
2021-09-04 10:15:00,36.02802898558599,ARIMA (+달력·가동 계획)
2021-09-04 10:30:00,36.075979493966265,ARIMA (+달력·가동 계획)
2021-09-04 10:45:00,36.25317323333639,ARIMA (+달력·가동 계획)
2021-09-04 11:00:00,36.52695985156265,ARIMA (+달력·가동 계획)
2021-09-04 11:15:00,36.86522126923855,ARIMA (+달력·가동 계획)
2021-09-04 11:30:00,37.23793889657919,ARIMA (+달력·가동 계획)
2021-09-04 11:45:00,37.61863266411152,ARIMA (+달력·가동 계획)
2021-09-04 12:00:00,37.985579466327295,ARIMA (+달력·가동 계획)
2021-09-04 12:15:00,38.32271513616687,ARIMA (+달력·가동 계획)
2021-09-04 12:30:00,38.620140791126566,ARIMA (+달력·가동 계획)
2021-09-04 12:45:00,38.87418726770833,ARIMA (+달력·가동 계획)
2021-09-04 13:00:00,39.08703314777163,ARIMA (+달력·가동 계획)
2021-09-04 13:15:00,39.26591461080591,ARIMA (+달력·가동 계획)
2021-09-04 13:30:00,39.42200227329917,ARIMA (+달력·가동 계획)
2021-09-04 13:45:00,39.56904686961679,ARIMA (+달력·가동 계획)
2021-09-04 14:00:00,39.721910211514064,ARIMA (+달력·가동 계획)
2021-09-04 14:15:00,39.89510060737442,ARIMA (+달력·가동 계획)
2021-09-04 14:30:00,40.101424510778486,ARIMA (+달력·가동 계획)
2021-09-04 14:45:00,40.35085092387262,ARIMA (+달력·가동 계획)
2021-09-04 15:00:00,40.64966436649535,ARIMA (+달력·가동 계획)
2021-09-04 15:15:00,40.99995810163183,ARIMA (+달력·가동 계획)
2021-09-04 15:30:00,41.3994934611984,ARIMA (+달력·가동 계획)
2021-09-04 15:45:00,41.841924921998576,ARIMA (+달력·가동 계획)
2021-09-04 16:00:00,42.31736526872883,ARIMA (+달력·가동 계획)
2021-09-04 16:15:00,42.81324195690866,ARIMA (+달력·가동 계획)
2021-09-04 16:30:00,43.31537589116164,ARIMA (+달력·가동 계획)
2021-09-04 16:45:00,43.80919848920831,ARIMA (+달력·가동 계획)
2021-09-04 17:00:00,44.28101320839283,ARIMA (+달력·가동 계획)
2021-09-04 17:15:00,44.71920449279281,ARIMA (+달력·가동 계획)
2021-09-04 17:30:00,45.11530076199165,ARIMA (+달력·가동 계획)
2021-09-04 17:45:00,45.46480850214971,ARIMA (+달력·가동 계획)
2021-09-04 18:00:00,45.76775108690329,ARIMA (+달력·가동 계획)
2021-09-04 18:15:00,46.02886749357086,ARIMA (+달력·가동 계획)
2021-09-04 18:30:00,46.25745102160243,ARIMA (+달력·가동 계획)
2021-09-04 18:45:00,46.4668346233317,ARIMA (+달력·가동 계획)
2021-09-04 19:00:00,46.67355556333411,ARIMA (+달력·가동 계획)
2021-09-04 19:15:00,46.89625591592034,ARIMA (+달력·가동 계획)
2021-09-04 19:30:00,47.15439516246833,ARIMA (+달력·가동 계획)
2021-09-04 19:45:00,47.46686544370077,ARIMA (+달력·가동 계획)
2021-09-04 20:00:00,47.85060784230745,ARIMA (+달력·가동 계획)
2021-09-04 20:15:00,48.31932886891141,ARIMA (+달력·가동 계획)
2021-09-04 20:30:00,48.88241004363462,ARIMA (+달력·가동 계획)
2021-09-04 20:45:00,49.54409054221763,ARIMA (+달력·가동 계획)
2021-09-04 21:00:00,50.3029842040702,ARIMA (+달력·가동 계획)
2021-09-04 21:15:00,51.15196907123702,ARIMA (+달력·가동 계획)
2021-09-04 21:30:00,52.07846164411288,ARIMA (+달력·가동 계획)
2021-09-04 21:45:00,53.06506100722773,ARIMA (+달력·가동 계획)
2021-09-04 22:00:00,54.09052178347261,ARIMA (+달력·가동 계획)
2021-09-04 22:15:00,55.1309913574562,ARIMA (+달력·가동 계획)
2021-09-04 22:30:00,56.16142763362984,ARIMA (+달력·가동 계획)
2021-09-04 22:45:00,57.157100136809575,ARIMA (+달력·가동 계획)
2021-09-04 23:00:00,58.09507050765028,ARIMA (+달력·가동 계획)
2021-09-04 23:15:00,58.95554891949812,ARIMA (+달력·가동 계획)
2021-09-04 23:30:00,59.72303067229331,ARIMA (+달력·가동 계획)
2021-09-04 23:45:00,60.38713172562984,ARIMA (+달력·가동 계획)
2021-09-05 00:00:00,18.997665635381026,ARIMA (+달력·가동 계획)
2021-09-05 00:15:00,23.281686337636344,ARIMA (+달력·가동 계획)
2021-09-05 00:30:00,26.278385747496426,ARIMA (+달력·가동 계획)
2021-09-05 00:45:00,27.88274855863752,ARIMA (+달력·가동 계획)
2021-09-05 01:00:00,28.367138687249643,ARIMA (+달력·가동 계획)
2021-09-05 01:15:00,28.197230392314644,ARIMA (+달력·가동 계획)
2021-09-05 01:30:00,27.853233911033893,ARIMA (+달력·가동 계획)
2021-09-05 01:45:00,27.701762828107164,ARIMA (+달력·가동 계획)
2021-09-05 02:00:00,27.936398644967262,ARIMA (+달력·가동 계획)
2021-09-05 02:15:00,28.581331817802333,ARIMA (+달력·가동 계획)
2021-09-05 02:30:00,29.537552881893426,ARIMA (+달력·가동 계획)
2021-09-05 02:45:00,30.64618327305169,ARIMA (+달력·가동 계획)
2021-09-05 03:00:00,31.746886761736288,ARIMA (+달력·가동 계획)
2021-09-05 03:15:00,32.71747000153562,ARIMA (+달력·가동 계획)
2021-09-05 03:30:00,33.490118930489004,ARIMA (+달력·가동 계획)
2021-09-05 03:45:00,34.04738927491051,ARIMA (+달력·가동 계획)
2021-09-05 04:00:00,34.40554861171766,ARIMA (+달력·가동 계획)
2021-09-05 04:15:00,34.59394244407842,ARIMA (+달력·가동 계획)
2021-09-05 04:30:00,34.63748286138559,ARIMA (+달력·가동 계획)
2021-09-05 04:45:00,34.546361867533456,ARIMA (+달력·가동 계획)
2021-09-05 05:00:00,34.31390079027668,ARIMA (+달력·가동 계획)
2021-09-05 05:15:00,33.9209671801885,ARIMA (+달력·가동 계획)
2021-09-05 05:30:00,33.34406226254462,ARIMA (+달력·가동 계획)
2021-09-05 05:45:00,32.56400784422378,ARIMA (+달력·가동 계획)
2021-09-05 06:00:00,31.572839206501826,ARIMA (+달력·가동 계획)
2021-09-05 06:15:00,30.37760582413965,ARIMA (+달력·가동 계획)
2021-09-05 06:30:00,29.000883793441496,ARIMA (+달력·가동 계획)
2021-09-05 06:45:00,27.478626046726905,ARIMA (+달력·가동 계획)
2021-09-05 07:00:00,25.856393805810693,ARIMA (+달력·가동 계획)
2021-09-05 07:15:00,24.18504498601393,ARIMA (+달력·가동 계획)
2021-09-05 07:30:00,22.516716804230875,ARIMA (+달력·가동 계획)
2021-09-05 07:45:00,20.90158012834768,ARIMA (+달력·가동 계획)
2021-09-05 08:00:00,19.385496122501426,ARIMA (+달력·가동 계획)
2021-09-05 08:15:00,18.008459194842487,ARIMA (+달력·가동 계획)
2021-09-05 08:30:00,16.80359655516702,ARIMA (+달력·가동 계획)
2021-09-05 08:45:00,15.796499478209656,ARIMA (+달력·가동 계획)
2021-09-05 09:00:00,15.004741901220983,ARIMA (+달력·가동 계획)
2021-09-05 09:15:00,14.437547491917297,ARIMA (+달력·가동 계획)
2021-09-05 09:30:00,14.095654316155816,ARIMA (+달력·가동 계획)
2021-09-05 09:45:00,13.971471662932396,ARIMA (+달력·가동 계획)
2021-09-05 10:00:00,14.04962058070042,ARIMA (+달력·가동 계획)
2021-09-05 10:15:00,14.307907675685149,ARIMA (+달력·가동 계획)
2021-09-05 10:30:00,14.718718660524466,ARIMA (+달력·가동 계획)
2021-09-05 10:45:00,15.250753435899991,ARIMA (+달력·가동 계획)
2021-09-05 11:00:00,15.870973667641817,ARIMA (+달력·가동 계획)
2021-09-05 11:15:00,16.546605730559314,ARIMA (+달력·가동 계획)
2021-09-05 11:30:00,17.247038398158033,ARIMA (+달력·가동 계획)
2021-09-05 11:45:00,17.94547219077983,ARIMA (+달력·가동 계획)
2021-09-05 12:00:00,18.620209229000896,ARIMA (+달력·가동 계획)
2021-09-05 12:15:00,19.25551147288792,ARIMA (+달력·가동 계획)
2021-09-05 12:30:00,19.841995136880527,ARIMA (+달력·가동 계획)
2021-09-05 12:45:00,20.376565594776185,ARIMA (+달력·가동 계획)
2021-09-05 13:00:00,20.86192801389519,ARIMA (+달력·가동 계획)
2021-09-05 13:15:00,21.30573364022691,ARIMA (+달력·가동 계획)
2021-09-05 13:30:00,21.71944033088295,ARIMA (+달력·가동 계획)
2021-09-05 13:45:00,22.116979059755455,ARIMA (+달력·가동 계획)
2021-09-05 14:00:00,22.51332598213842,ARIMA (+달력·가동 계획)
2021-09-05 14:15:00,22.9230821872852,ARIMA (+달력·가동 계획)
2021-09-05 14:30:00,23.35916023052271,ARIMA (+달력·가동 계획)
2021-09-05 14:45:00,23.831667680573464,ARIMA (+달력·가동 계획)
2021-09-05 15:00:00,24.347063296926745,ARIMA (+달력·가동 계획)
2021-09-05 15:15:00,24.907641608405346,ARIMA (+달력·가동 계획)
2021-09-05 15:30:00,25.511377702536063,ARIMA (+달력·가동 계획)
2021-09-05 15:45:00,26.152137569144,ARIMA (+달력·가동 계획)
2021-09-05 16:00:00,26.8202323331156,ARIMA (+달력·가동 계획)
2021-09-05 16:15:00,27.50326925361916,ARIMA (+달력·가동 계획)
2021-09-05 16:30:00,28.187230454072363,ARIMA (+달력·가동 계획)
2021-09-05 16:45:00,28.857693671204167,ARIMA (+달력·가동 계획)
2021-09-05 17:00:00,29.501099114075057,ARIMA (+달력·가동 계획)
2021-09-05 17:15:00,30.10596350789539,ARIMA (+달력·가동 계획)
2021-09-05 17:30:00,30.663946699543047,ARIMA (+달력·가동 계획)
2021-09-05 17:45:00,31.17068741360963,ARIMA (+달력·가동 계획)
2021-09-05 18:00:00,31.6263419750815,ARIMA (+달력·가동 계획)
2021-09-05 18:15:00,32.03578176067082,ARIMA (+달력·가동 계획)
2021-09-05 18:30:00,32.40843020724108,ARIMA (+달력·가동 계획)
2021-09-05 18:45:00,32.75774660459772,ARIMA (+달력·가동 계획)
2021-09-05 19:00:00,33.10038977051218,ARIMA (+달력·가동 계획)
2021-09-05 19:15:00,33.45511823473334,ARIMA (+달력·가동 계획)
2021-09-05 19:30:00,33.841503096642946,ARIMA (+달력·가동 계획)
2021-09-05 19:45:00,34.27854389176981,ARIMA (+달력·가동 계획)
2021-09-05 20:00:00,34.783285595722255,ARIMA (+달력·가동 계획)
2021-09-05 20:15:00,35.369535738368285,ARIMA (+달력·가동 계획)
2021-09-05 20:30:00,36.04677440570587,ARIMA (+달력·가동 계획)
2021-09-05 20:45:00,36.81933707314982,ARIMA (+달력·가동 계획)
2021-09-05 21:00:00,37.68593161118903,ARIMA (+달력·가동 계획)
2021-09-05 21:15:00,38.63952771216243,ARIMA (+달력·가동 계획)
2021-09-05 21:30:00,39.66763100774643,ARIMA (+달력·가동 계획)
2021-09-05 21:45:00,40.752927094851046,ARIMA (+달력·가동 계획)
2021-09-05 22:00:00,41.87425446221217,ARIMA (+달력·가동 계획)
2021-09-05 22:15:00,43.00784176220862,ARIMA (+달력·가동 계획)
2021-09-05 22:30:00,44.128725675526525,ARIMA (+달력·가동 계획)
2021-09-05 22:45:00,45.21225214791773,ARIMA (+달력·가동 계획)
2021-09-05 23:00:00,46.23555702356395,ARIMA (+달력·가동 계획)
2021-09-05 23:15:00,47.17892258110243,ARIMA (+달력·가동 계획)
2021-09-05 23:30:00,48.02691421833828,ARIMA (+달력·가동 계획)
2021-09-05 23:45:00,48.76921604810688,ARIMA (+달력·가동 계획)
2021-09-06 00:00:00,33.761509308594654,ARIMA (+달력·가동 계획)
2021-09-06 00:15:00,37.76812925496026,ARIMA (+달력·가동 계획)
2021-09-06 00:30:00,41.189463686936456,ARIMA (+달력·가동 계획)
2021-09-06 00:45:00,44.50213475001063,ARIMA (+달력·가동 계획)
2021-09-06 01:00:00,47.35430331695697,ARIMA (+달력·가동 계획)
2021-09-06 01:15:00,49.89432913649064,ARIMA (+달력·가동 계획)
2021-09-06 01:30:00,52.5029607265012,ARIMA (+달력·가동 계획)
2021-09-06 01:45:00,55.24529982973559,ARIMA (+달력·가동 계획)
2021-09-06 02:00:00,58.008489980018936,ARIMA (+달력·가동 계획)
2021-09-06 02:15:00,60.57708923630357,ARIMA (+달력·가동 계획)
2021-09-06 02:30:00,62.67543768156632,ARIMA (+달력·가동 계획)
2021-09-06 02:45:00,64.06846363678827,ARIMA (+달력·가동 계획)
2021-09-06 03:00:00,64.62059945977983,ARIMA (+달력·가동 계획)
2021-09-06 03:15:00,64.31009780444313,ARIMA (+달력·가동 계획)
2021-09-06 03:30:00,63.2238425850419,ARIMA (+달력·가동 계획)
2021-09-06 03:45:00,61.536479841585646,ARIMA (+달력·가동 계획)
2021-09-06 04:00:00,59.4837054375357,ARIMA (+달력·가동 계획)
2021-09-06 04:15:00,57.338293332147714,ARIMA (+달력·가동 계획)
2021-09-06 04:30:00,55.39019529874405,ARIMA (+달력·가동 계획)
2021-09-06 04:45:00,53.929843638010325,ARIMA (+달력·가동 계획)
2021-09-06 05:00:00,53.23321052512991,ARIMA (+달력·가동 계획)
2021-09-06 05:15:00,53.54720485466525,ARIMA (+달력·가동 계획)
2021-09-06 05:30:00,55.07506327338759,ARIMA (+달력·가동 계획)
2021-09-06 05:45:00,57.96248909270489,ARIMA (+달력·가동 계획)
2021-09-06 06:00:00,62.28588816752265,ARIMA (+달력·가동 계획)
2021-09-06 06:15:00,68.04416792228989,ARIMA (+달력·가동 계획)
2021-09-06 06:30:00,75.1552658800792,ARIMA (+달력·가동 계획)
2021-09-06 06:45:00,83.45802527993537,ARIMA (+달력·가동 계획)
2021-09-06 07:00:00,92.71943811166356,ARIMA (+달력·가동 계획)
2021-09-06 07:15:00,102.64675564077136,ARIMA (+달력·가동 계획)
2021-09-06 07:30:00,112.9035791985698,ARIMA (+달력·가동 계획)
2021-09-06 07:45:00,123.12879640245188,ARIMA (+달력·가동 계획)
2021-09-06 08:00:00,132.95709693609254,ARIMA (+달력·가동 계획)
2021-09-06 08:15:00,142.0397589545978,ARIMA (+달력·가동 계획)
2021-09-06 08:30:00,150.06442200773242,ARIMA (+달력·가동 계획)
2021-09-06 08:45:00,156.77264601123306,ARIMA (+달력·가동 계획)
2021-09-06 09:00:00,161.97419669014528,ARIMA (+달력·가동 계획)
2021-09-06 09:15:00,165.55719602152791,ARIMA (+달력·가동 계획)
2021-09-06 09:30:00,167.4935275650414,ARIMA (+달력·가동 계획)
2021-09-06 09:45:00,167.83918058784894,ARIMA (+달력·가동 계획)
2021-09-06 10:00:00,166.7295363601776,ARIMA (+달력·가동 계획)
2021-09-06 10:15:00,164.36992314104293,ARIMA (+달력·가동 계획)
2021-09-06 10:30:00,161.02206978123155,ARIMA (+달력·가동 계획)
2021-09-06 10:45:00,156.98734940281395,ARIMA (+달력·가동 계획)
2021-09-06 11:00:00,152.58790567364767,ARIMA (+달력·가동 계획)
2021-09-06 11:15:00,148.14688118611988,ARIMA (+달력·가동 계획)
2021-09-06 11:30:00,143.96901249671578,ARIMA (+달력·가동 계획)
2021-09-06 11:45:00,140.32281749274765,ARIMA (+달력·가동 계획)
2021-09-06 12:00:00,137.42548159507325,ARIMA (+달력·가동 계획)
2021-09-06 12:15:00,135.43135873991608,ARIMA (+달력·가동 계획)
2021-09-06 12:30:00,134.42475447222984,ARIMA (+달력·가동 계획)
2021-09-06 12:45:00,134.41736881170894,ARIMA (+달력·가동 계획)
2021-09-06 13:00:00,135.35046534897398,ARIMA (+달력·가동 계획)
2021-09-06 13:15:00,137.10152112113482,ARIMA (+달력·가동 계획)
2021-09-06 13:30:00,139.49481997366402,ARIMA (+달력·가동 계획)
2021-09-06 13:45:00,142.315199672718,ARIMA (+달력·가동 계획)
2021-09-06 14:00:00,145.3239665803716,ARIMA (+달력·가동 계획)
2021-09-06 14:15:00,148.27586396790846,ARIMA (+달력·가동 계획)
2021-09-06 14:30:00,150.93592901302893,ARIMA (+달력·가동 계획)
2021-09-06 14:45:00,153.09510193908707,ARIMA (+달력·가동 계획)
2021-09-06 15:00:00,154.5835559184451,ARIMA (+달력·가동 계획)
2021-09-06 15:15:00,155.2808903775472,ARIMA (+달력·가동 계획)
2021-09-06 15:30:00,155.12256066806447,ARIMA (+달력·가동 계획)
2021-09-06 15:45:00,154.1021874106326,ARIMA (+달력·가동 계획)
2021-09-06 16:00:00,152.26968026000844,ARIMA (+달력·가동 계획)
2021-09-06 16:15:00,149.7254031565028,ARIMA (+달력·가동 계획)
2021-09-06 16:30:00,146.6108811721635,ARIMA (+달력·가동 계획)
2021-09-06 16:45:00,143.09678414512348,ARIMA (+달력·가동 계획)
2021-09-06 17:00:00,139.3691034698952,ARIMA (+달력·가동 계획)
2021-09-06 17:15:00,135.61455354038722,ARIMA (+달력·가동 계획)
2021-09-06 17:30:00,132.00627092602397,ARIMA (+달력·가동 계획)
2021-09-06 17:45:00,128.69085003143456,ARIMA (+달력·가동 계획)
2021-09-06 18:00:00,125.77764665355689,ARIMA (+달력·가동 계획)
2021-09-06 18:15:00,123.33110846832324,ARIMA (+달력·가동 계획)
2021-09-06 18:30:00,121.36666650109676,ARIMA (+달력·가동 계획)
2021-09-06 18:45:00,119.85046012108054,ARIMA (+달력·가동 계획)
2021-09-06 19:00:00,118.70288859925516,ARIMA (+달력·가동 계획)
2021-09-06 19:15:00,117.8057045279443,ARIMA (+달력·가동 계획)
2021-09-06 19:30:00,117.01210798790328,ARIMA (+달력·가동 계획)
2021-09-06 19:45:00,116.15908330178397,ARIMA (+달력·가동 계획)
2021-09-06 20:00:00,115.08105778223346,ARIMA (+달력·가동 계획)
2021-09-06 20:15:00,113.6238654787208,ARIMA (+달력·가동 계획)
2021-09-06 20:30:00,111.65797532799616,ARIMA (+달력·가동 계획)
2021-09-06 20:45:00,109.08999399655896,ARIMA (+달력·가동 계획)
2021-09-06 21:00:00,105.87157553018118,ARIMA (+달력·가동 계획)
2021-09-06 21:15:00,102.00505418349071,ARIMA (+달력·가동 계획)
2021-09-06 21:30:00,97.54535059646264,ARIMA (+달력·가동 계획)
2021-09-06 21:45:00,92.59796842814744,ARIMA (+달력·가동 계획)
2021-09-06 22:00:00,87.31317990904402,ARIMA (+달력·가동 계획)
2021-09-06 22:15:00,81.87677473363102,ARIMA (+달력·가동 계획)
2021-09-06 22:30:00,76.49799780282574,ARIMA (+달력·가동 계획)
2021-09-06 22:45:00,71.39550973375815,ARIMA (+달력·가동 계획)
2021-09-06 23:00:00,66.78235488588243,ARIMA (+달력·가동 계획)
2021-09-06 23:15:00,62.851003968757375,ARIMA (+달력·가동 계획)
2021-09-06 23:30:00,59.75954588613202,ARIMA (+달력·가동 계획)
2021-09-06 23:45:00,57.62003529643723,ARIMA (+달력·가동 계획)
2021-09-07 00:00:00,87.32368655246623,ARIMA (+달력·가동 계획)
2021-09-07 00:15:00,86.42954080768851,ARIMA (+달력·가동 계획)
2021-09-07 00:30:00,87.79055422973622,ARIMA (+달력·가동 계획)
2021-09-07 00:45:00,93.18952624753,ARIMA (+달력·가동 계획)
2021-09-07 01:00:00,98.96511357862354,ARIMA (+달력·가동 계획)
2021-09-07 01:15:00,103.27384495184472,ARIMA (+달력·가동 계획)
2021-09-07 01:30:00,106.31251468318436,ARIMA (+달력·가동 계획)
2021-09-07 01:45:00,108.21387217936254,ARIMA (+달력·가동 계획)
2021-09-07 02:00:00,109.32967607291346,ARIMA (+달력·가동 계획)
2021-09-07 02:15:00,110.06158883002068,ARIMA (+달력·가동 계획)
2021-09-07 02:30:00,110.5305122545768,ARIMA (+달력·가동 계획)
2021-09-07 02:45:00,110.66293234892586,ARIMA (+달력·가동 계획)
2021-09-07 03:00:00,110.30911373985909,ARIMA (+달력·가동 계획)
2021-09-07 03:15:00,109.32539376905676,ARIMA (+달력·가동 계획)
2021-09-07 03:30:00,107.65755066971911,ARIMA (+달력·가동 계획)
2021-09-07 03:45:00,105.37716157532616,ARIMA (+달력·가동 계획)
2021-09-07 04:00:00,102.67169865559994,ARIMA (+달력·가동 계획)
2021-09-07 04:15:00,99.81319592307278,ARIMA (+달력·가동 계획)
2021-09-07 04:30:00,97.11838239771028,ARIMA (+달력·가동 계획)
2021-09-07 04:45:00,94.91092583229404,ARIMA (+달력·가동 계획)
2021-09-07 05:00:00,93.49240388730937,ARIMA (+달력·가동 계획)
2021-09-07 05:15:00,93.12222983696876,ARIMA (+달력·가동 계획)
2021-09-07 05:30:00,94.00425834237991,ARIMA (+달력·가동 계획)
2021-09-07 05:45:00,96.27762214593275,ARIMA (+달력·가동 계획)
2021-09-07 06:00:00,100.01007992228143,ARIMA (+달력·가동 계획)
2021-09-07 06:15:00,105.19343900490104,ARIMA (+달력·가동 계획)
2021-09-07 06:30:00,111.74164661678503,ARIMA (+달력·가동 계획)
2021-09-07 06:45:00,119.49252344307304,ARIMA (+달력·가동 계획)
2021-09-07 07:00:00,128.21393400089732,ARIMA (+달력·가동 계획)
2021-09-07 07:15:00,137.61465153682386,ARIMA (+달력·가동 계획)
2021-09-07 07:30:00,147.35952164311337,ARIMA (+달력·가동 계획)
2021-09-07 07:45:00,157.08796426019953,ARIMA (+달력·가동 계획)
2021-09-07 08:00:00,166.43448316301732,ARIMA (+달력·가동 계획)
2021-09-07 08:15:00,175.0496932366978,ARIMA (+달력·가동 계획)
2021-09-07 08:30:00,182.6203949876297,ARIMA (+달력·가동 계획)
2021-09-07 08:45:00,188.88736868734716,ARIMA (+달력·가동 계획)
2021-09-07 09:00:00,193.65977800769207,ARIMA (+달력·가동 계획)
2021-09-07 09:15:00,196.8253319212228,ARIMA (+달력·가동 계획)
2021-09-07 09:30:00,198.3556364127506,ARIMA (+달력·가동 계획)
2021-09-07 09:45:00,198.30646559145205,ARIMA (+달력·가동 계획)
2021-09-07 10:00:00,196.812988253552,ARIMA (+달력·가동 계획)
2021-09-07 10:15:00,194.08029068353224,ARIMA (+달력·가동 계획)
2021-09-07 10:30:00,190.3698245619324,ARIMA (+달력·가동 계획)
2021-09-07 10:45:00,185.98266195422164,ARIMA (+달력·가동 계획)
2021-09-07 11:00:00,181.2406387673097,ARIMA (+달력·가동 계획)
2021-09-07 11:15:00,176.46659783925895,ARIMA (+달력·가동 계획)
2021-09-07 11:30:00,171.96499226943868,ARIMA (+달력·가동 계획)
2021-09-07 11:45:00,168.00407454741776,ARIMA (+달력·가동 계획)
2021-09-07 12:00:00,164.80078011811068,ARIMA (+달력·가동 계획)
2021-09-07 12:15:00,162.50922402264,ARIMA (+달력·가동 계획)
2021-09-07 12:30:00,161.21348006492585,ARIMA (+달력·가동 계획)
2021-09-07 12:45:00,160.92502124116018,ARIMA (+달력·가동 계획)
2021-09-07 13:00:00,161.5848880083135,ARIMA (+달력·가동 계획)
2021-09-07 13:15:00,163.07033847119425,ARIMA (+달력·가동 계획)
2021-09-07 13:30:00,165.20544254570336,ARIMA (+달력·가동 계획)
2021-09-07 13:45:00,167.77482982785966,ARIMA (+달력·가동 계획)
2021-09-07 14:00:00,170.53960469138732,ARIMA (+달력·가동 계획)
2021-09-07 14:15:00,173.2543146366866,ARIMA (+달력·가동 계획)
2021-09-07 14:30:00,175.6838070381985,ARIMA (+달력·가동 계획)
2021-09-07 14:45:00,177.61883790339158,ARIMA (+달력·가동 계획)
2021-09-07 15:00:00,178.88940139944722,ARIMA (+달력·가동 계획)
2021-09-07 15:15:00,179.37492286217778,ARIMA (+달력·가동 계획)
2021-09-07 15:30:00,179.01068826993955,ARIMA (+달력·가동 계획)
2021-09-07 15:45:00,177.7901534677456,ARIMA (+달력·가동 계획)
2021-09-07 16:00:00,175.7630678534336,ARIMA (+달력·가동 계획)
2021-09-07 16:15:00,173.0296395571706,ARIMA (+달력·가동 계획)
2021-09-07 16:30:00,169.73124220235763,ARIMA (+달력·가동 계획)
2021-09-07 16:45:00,166.03839843528894,ARIMA (+달력·가동 계획)
2021-09-07 17:00:00,162.13695659550947,ARIMA (+달력·가동 계획)
2021-09-07 17:15:00,158.21349203223576,ARIMA (+달력·가동 계획)
2021-09-07 17:30:00,154.44100615543795,ARIMA (+달력·가동 계획)
2021-09-07 17:45:00,150.9659619772673,ARIMA (+달력·가동 계획)
2021-09-07 18:00:00,147.8975875593988,ARIMA (+달력·가동 계획)
2021-09-07 18:15:00,145.3002063975691,ARIMA (+달력·가동 계획)
2021-09-07 18:30:00,143.18912879536964,ARIMA (+달력·가동 계획)
2021-09-07 18:45:00,141.5303767653856,ARIMA (+달력·가동 계획)
2021-09-07 19:00:00,140.244235495783,ARIMA (+달력·가동 계획)
2021-09-07 19:15:00,139.21234667983927,ARIMA (+달력·가동 계획)
2021-09-07 19:30:00,138.28780259437343,ARIMA (+달력·가동 계획)
2021-09-07 19:45:00,137.30748276632733,ARIMA (+달력·가동 계획)
2021-09-07 20:00:00,136.10571263619036,ARIMA (+달력·가동 계획)
2021-09-07 20:15:00,134.52822722264813,ARIMA (+달력·가동 계획)
2021-09-07 20:30:00,132.44539919344598,ARIMA (+달력·가동 계획)
2021-09-07 20:45:00,129.7637416307629,ARIMA (+달력·가동 계획)
2021-09-07 21:00:00,126.43481760597236,ARIMA (+달력·가동 계획)
2021-09-07 21:15:00,122.46087293661355,ARIMA (+달력·가동 계획)
2021-09-07 21:30:00,117.89674229227026,ARIMA (+달력·가동 계획)
2021-09-07 21:45:00,112.84784575958936,ARIMA (+달력·가동 계획)
2021-09-07 22:00:00,107.46437432779074,ARIMA (+달력·가동 계획)
2021-09-07 22:15:00,101.9320387161539,ARIMA (+달력·가동 계획)
2021-09-07 22:30:00,96.46000705322716,ARIMA (+달력·가동 계획)
2021-09-07 22:45:00,91.26686532512068,ARIMA (+달력·가동 계획)
2021-09-07 23:00:00,86.56558534186678,ARIMA (+달력·가동 계획)
2021-09-07 23:15:00,82.54856728713327,ARIMA (+달력·가동 계획)
2021-09-07 23:30:00,79.37383150587345,ARIMA (+달력·가동 계획)
2021-09-07 23:45:00,77.15336600996146,ARIMA (+달력·가동 계획)
2021-09-08 00:00:00,84.0394900578126,ARIMA (+달력·가동 계획)
2021-09-08 00:15:00,82.28919832717122,ARIMA (+달력·가동 계획)
2021-09-08 00:30:00,83.80407983601647,ARIMA (+달력·가동 계획)
2021-09-08 00:45:00,88.4042655540859,ARIMA (+달력·가동 계획)
2021-09-08 01:00:00,93.22043429440195,ARIMA (+달력·가동 계획)
2021-09-08 01:15:00,97.19064166902466,ARIMA (+달력·가동 계획)
2021-09-08 01:30:00,100.25014441506124,ARIMA (+달력·가동 계획)
2021-09-08 01:45:00,102.4115845565201,ARIMA (+달력·가동 계획)
2021-09-08 02:00:00,103.92914158512517,ARIMA (+달력·가동 계획)
2021-09-08 02:15:00,105.04071986521228,ARIMA (+달력·가동 계획)
2021-09-08 02:30:00,105.79256533248332,ARIMA (+달력·가동 계획)
2021-09-08 02:45:00,106.1078733669266,ARIMA (+달력·가동 계획)
2021-09-08 03:00:00,105.86057199701528,ARIMA (+달력·가동 계획)
2021-09-08 03:15:00,104.94588014014032,ARIMA (+달력·가동 계획)
2021-09-08 03:30:00,103.34442070622624,ARIMA (+달력·가동 계획)
2021-09-08 03:45:00,101.14672389740365,ARIMA (+달력·가동 계획)
2021-09-08 04:00:00,98.54457010431967,ARIMA (+달력·가동 계획)
2021-09-08 04:15:00,95.80461862415356,ARIMA (+달력·가동 계획)
2021-09-08 04:30:00,93.23427145818238,ARIMA (+달력·가동 계획)
2021-09-08 04:45:00,91.14883632294908,ARIMA (+달력·가동 계획)
2021-09-08 05:00:00,89.84494010328253,ARIMA (+달력·가동 계획)
2021-09-08 05:15:00,89.58065781087244,ARIMA (+달력·가동 계획)
2021-09-08 05:30:00,90.56105768251942,ARIMA (+달력·가동 계획)
2021-09-08 05:45:00,92.92757130681932,ARIMA (+달력·가동 계획)
2021-09-08 06:00:00,96.75012968477644,ARIMA (+달력·가동 계획)
2021-09-08 06:15:00,102.0219371784344,ARIMA (+달력·가동 계획)
2021-09-08 06:30:00,108.65745035974317,ARIMA (+달력·가동 계획)
2021-09-08 06:45:00,116.49434320080286,ARIMA (+달력·가동 계획)
2021-09-08 07:00:00,125.3000297918928,ARIMA (+달력·가동 계획)
2021-09-08 07:15:00,134.78283231720596,ARIMA (+달력·가동 계획)
2021-09-08 07:30:00,144.60731777370762,ARIMA (+달력·가동 계획)
2021-09-08 07:45:00,154.41284075328653,ARIMA (+달력·가동 계획)
2021-09-08 08:00:00,163.83400422509908,ARIMA (+달력·가동 계획)
2021-09-08 08:15:00,172.5216031646762,ARIMA (+달력·가동 계획)
2021-09-08 08:30:00,180.16262347530315,ARIMA (+달력·가동 계획)
2021-09-08 08:45:00,186.49799051248047,ARIMA (+달력·가동 계획)
2021-09-08 09:00:00,191.33695957385757,ARIMA (+달력·가동 계획)
2021-09-08 09:15:00,194.5672876810632,ARIMA (+달력·가동 계획)
2021-09-08 09:30:00,196.16060506545404,ARIMA (+달력·가동 계획)
2021-09-08 09:45:00,196.1727051059628,ARIMA (+달력·가동 계획)
2021-09-08 10:00:00,194.73878287663348,ARIMA (+달력·가동 계획)
2021-09-08 10:15:00,192.0639620090335,ARIMA (+달력·가동 계획)
2021-09-08 10:30:00,188.4097407732189,ARIMA (+달력·가동 계획)
2021-09-08 10:45:00,184.07724249149427,ARIMA (+달력·가동 계획)
2021-09-08 11:00:00,179.38835439117892,ARIMA (+달력·가동 계획)
2021-09-08 11:15:00,174.66596762919238,ARIMA (+달력·가동 계획)
2021-09-08 11:30:00,170.2145794773988,ARIMA (+달력·가동 계획)
2021-09-08 11:45:00,166.30248280158725,ARIMA (+달력·가동 계획)
2021-09-08 12:00:00,163.14665072643257,ARIMA (+달력·가동 계획)
2021-09-08 12:15:00,160.90123444737893,ARIMA (+달력·가동 계획)
2021-09-08 12:30:00,159.65034322659372,ARIMA (+달력·가동 계획)
2021-09-08 12:45:00,159.40548518788685,ARIMA (+달력·가동 계획)
2021-09-08 13:00:00,160.1077355719543,ARIMA (+달력·가동 계획)
2021-09-08 13:15:00,161.63438670697138,ARIMA (+달력·가동 계획)
2021-09-08 13:30:00,163.80954192058292,ARIMA (+달력·가동 계획)
2021-09-08 13:45:00,166.41786323075237,ARIMA (+달력·가동 계획)
2021-09-08 14:00:00,169.2204863753188,ARIMA (+달력·가동 계획)
2021-09-08 14:15:00,171.97198918714886,ARIMA (+달력·가동 계획)
2021-09-08 14:30:00,174.4372484209497,ARIMA (+달력·가동 계획)
2021-09-08 14:45:00,176.4070486034342,ARIMA (+달력·가동 계획)
2021-09-08 15:00:00,177.7114116349677,ARIMA (+달력·가동 계획)
2021-09-08 15:15:00,178.229789846444,ARIMA (+달력·가동 계획)
2021-09-08 15:30:00,177.89749549681972,ARIMA (+달력·가동 계획)
2021-09-08 15:45:00,176.7080100059975,ARIMA (+달력·가동 계획)
2021-09-08 16:00:00,174.71110764512932,ARIMA (+달력·가동 계획)
2021-09-08 16:15:00,172.0070207228397,ARIMA (+달력·가동 계획)
2021-09-08 16:30:00,168.73714635851397,ARIMA (+달력·가동 계획)
2021-09-08 16:45:00,165.07203002969504,ARIMA (+달력·가동 계획)
2021-09-08 17:00:00,161.19754226338367,ARIMA (+달력·가동 계획)
2021-09-08 17:15:00,157.30027997413202,ARIMA (+달력·가동 계획)
2021-09-08 17:30:00,153.55326553570137,ARIMA (+달력·가동 계획)
2021-09-08 17:45:00,150.10298234112835,ARIMA (+달력·가동 계획)
2021-09-08 18:00:00,147.05867826678198,ARIMA (+달력·가동 계획)
2021-09-08 18:15:00,144.48469607219246,ARIMA (+달력·가동 계획)
2021-09-08 18:30:00,142.3963647883282,ARIMA (+달력·가동 계획)
2021-09-08 18:45:00,140.7597246328924,ARIMA (+달력·가동 계획)
2021-09-08 19:00:00,139.49507849098742,ARIMA (+달력·가동 계획)
2021-09-08 19:15:00,138.4840852586734,ARIMA (+달력·가동 계획)
2021-09-08 19:30:00,137.57985393528176,ARIMA (+달력·가동 계획)
2021-09-08 19:45:00,136.61928030360016,ARIMA (+달력·가동 계획)
2021-09-08 20:00:00,135.43670560651265,ARIMA (+달력·가동 계획)
2021-09-08 20:15:00,133.87788022442416,ARIMA (+달력·가동 계획)
2021-09-08 20:30:00,131.81319175845962,ARIMA (+달력·가동 계획)
2021-09-08 20:45:00,129.14916780776625,ARIMA (+달력·가동 계획)
2021-09-08 21:00:00,125.83738555584084,ARIMA (+달력·가동 계획)
2021-09-08 21:15:00,121.88010453874338,ARIMA (+달력·가동 계획)
2021-09-08 21:30:00,117.33217276192131,ARIMA (+달력·가동 계획)
2021-09-08 21:45:00,112.29902327588846,ARIMA (+달력·가동 계획)
2021-09-08 22:00:00,106.93085967211366,ARIMA (+달력·가동 계획)
2021-09-08 22:15:00,101.41340492060483,ARIMA (+달력·가동 계획)
2021-09-08 22:30:00,95.95583905893508,ARIMA (+달력·가동 계획)
2021-09-08 22:45:00,90.7767596500748,ARIMA (+달력·가동 계획)
2021-09-08 23:00:00,86.08914975802085,ARIMA (+달력·가동 계획)
2021-09-08 23:15:00,82.08542050651538,ARIMA (+달력·가동 계획)
2021-09-08 23:30:00,78.92360287544852,ARIMA (+달력·가동 계획)
2021-09-08 23:45:00,76.71569521500163,ARIMA (+달력·가동 계획)
2021-09-09 00:00:00,74.95895673778102,ARIMA (+달력·가동 계획)
2021-09-09 00:15:00,74.35238615515415,ARIMA (+달력·가동 계획)
2021-09-09 00:30:00,74.81051212617626,ARIMA (+달력·가동 계획)
2021-09-09 00:45:00,79.37478538350615,ARIMA (+달력·가동 계획)
2021-09-09 01:00:00,84.91113099173663,ARIMA (+달력·가동 계획)
2021-09-09 01:15:00,89.38843109962993,ARIMA (+달력·가동 계획)
2021-09-09 01:30:00,92.91999816679665,ARIMA (+달력·가동 계획)
2021-09-09 01:45:00,95.47534635595105,ARIMA (+달력·가동 계획)
2021-09-09 02:00:00,97.21780931212976,ARIMA (+달력·가동 계획)
2021-09-09 02:15:00,98.46417621820515,ARIMA (+달력·가동 계획)
2021-09-09 02:30:00,99.32271623441154,ARIMA (+달력·가동 계획)
2021-09-09 02:45:00,99.74677355848928,ARIMA (+달력·가동 계획)
2021-09-09 03:00:00,99.63358861977986,ARIMA (+달력·가동 계획)
2021-09-09 03:15:00,98.88102342177508,ARIMA (+달력·가동 계획)
2021-09-09 03:30:00,97.45846236942066,ARIMA (+달력·가동 계획)
2021-09-09 03:45:00,95.443714214891,ARIMA (+달력·가동 계획)
2021-09-09 04:00:00,93.01842731243228,ARIMA (+달력·가동 계획)
2021-09-09 04:15:00,90.44379752278668,ARIMA (+달력·가동 계획)
2021-09-09 04:30:00,88.0266273655084,ARIMA (+달력·가동 계획)
2021-09-09 04:45:00,86.0845749883673,ARIMA (+달력·가동 계획)
2021-09-09 05:00:00,84.91751679950377,ARIMA (+달력·가동 계획)
2021-09-09 05:15:00,84.78627724677217,ARIMA (+달력·가동 계획)
2021-09-09 05:30:00,85.89749651505929,ARIMA (+달력·가동 계획)
2021-09-09 05:45:00,88.39300618363355,ARIMA (+달력·가동 계획)
2021-09-09 06:00:00,92.34237049303532,ARIMA (+달력·가동 계획)
2021-09-09 06:15:00,97.7381441247194,ARIMA (+달력·가동 계획)
2021-09-09 06:30:00,104.49422161920042,ARIMA (+달력·가동 계획)
2021-09-09 06:45:00,112.44798581763466,ARIMA (+달력·가동 계획)
2021-09-09 07:00:00,121.366843426356,ARIMA (+달력·가동 계획)
2021-09-09 07:15:00,130.9593042510511,ARIMA (+달력·가동 계획)
2021-09-09 07:30:00,140.89020101662126,ARIMA (+달력·가동 계획)
2021-09-09 07:45:00,150.7991381428928,ARIMA (+달력·가동 계획)
2021-09-09 08:00:00,160.3209031918637,ARIMA (+달력·가동 계획)
2021-09-09 08:15:00,169.1064033503731,ARIMA (+달력·가동 계획)
2021-09-09 08:30:00,176.84268377029838,ARIMA (+달력·가동 계획)
2021-09-09 08:45:00,183.27070424134223,ARIMA (+달력·가동 계획)
2021-09-09 09:00:00,188.19975341878532,ARIMA (+달력·가동 계획)
2021-09-09 09:15:00,191.51763387623717,ARIMA (+달력·가동 계획)
2021-09-09 09:30:00,193.19603643619664,ARIMA (+달력·가동 계획)
2021-09-09 09:45:00,193.29082604550237,ARIMA (+달력·가동 계획)
2021-09-09 10:00:00,191.9372736833708,ARIMA (+달력·가동 계획)
2021-09-09 10:15:00,189.34057735139413,ARIMA (+달력·가동 계획)
2021-09-09 10:30:00,185.7623047074196,ARIMA (+달력·가동 계획)
2021-09-09 10:45:00,181.5036425938691,ARIMA (+달력·가동 계획)
2021-09-09 11:00:00,176.88653678558083,ARIMA (+달력·가동 계획)
2021-09-09 11:15:00,172.233933645163,ARIMA (+달력·가동 계획)
2021-09-09 11:30:00,167.850383829174,ARIMA (+달력·가동 계획)
2021-09-09 11:45:00,164.00423272999953,ARIMA (+달력·가동 계획)
2021-09-09 12:00:00,160.91250547575493,ARIMA (+달력·가동 계획)
2021-09-09 12:15:00,158.72940461915584,ARIMA (+달력·가동 계획)
2021-09-09 12:30:00,157.53908980302572,ARIMA (+달력·가동 계획)
2021-09-09 12:45:00,157.3531182300093,ARIMA (+달력·가동 계획)
2021-09-09 13:00:00,158.11261271755723,ARIMA (+달력·가동 계획)
2021-09-09 13:15:00,159.69491161953582,ARIMA (+달력·가동 계획)
2021-09-09 13:30:00,161.92416280452673,ARIMA (+달력·가동 계획)
2021-09-09 13:45:00,164.5850714686757,ARIMA (+달력·가동 계획)
2021-09-09 14:00:00,167.43881528979225,ARIMA (+달력·가동 계획)
2021-09-09 14:15:00,170.24001289796757,ARIMA (+달력·가동 계획)
2021-09-09 14:30:00,172.75358076009806,ARIMA (+달력·가동 계획)
2021-09-09 14:45:00,174.7703420573859,ARIMA (+달력·가동 계획)
2021-09-09 15:00:00,176.1203562980615,ARIMA (+달력·가동 계획)
2021-09-09 15:15:00,176.6831123823262,ARIMA (+달력·가동 계획)
2021-09-09 15:30:00,176.3939581132632,ARIMA (+달력·가동 계획)
2021-09-09 15:45:00,175.24640945112182,ARIMA (+달력·가동 계획)
2021-09-09 16:00:00,173.29027423164754,ARIMA (+달력·가동 계획)
2021-09-09 16:15:00,170.62581738367743,ARIMA (+달력·가동 계획)
2021-09-09 16:30:00,167.3944677338971,ARIMA (+달력·가동 계획)
2021-09-09 16:45:00,163.7668015836657,ARIMA (+달력·가동 계획)
2021-09-09 17:00:00,159.928719426928,ARIMA (+달력·가동 계획)
2021-09-09 17:15:00,156.0668473123744,ARIMA (+달력·가동 계획)
2021-09-09 17:30:00,152.35423593740472,ARIMA (+달력·가동 계획)
2021-09-09 17:45:00,148.9373962295642,ARIMA (+달력·가동 계획)
2021-09-09 18:00:00,145.92560283160824,ARIMA (+달력·가동 계획)
2021-09-09 18:15:00,143.38322452222397,ARIMA (+달력·가동 계획)
2021-09-09 18:30:00,141.32561562506467,ARIMA (+달력·가동 계획)
2021-09-09 18:45:00,139.71884094451005,ARIMA (+달력·가동 계획)
2021-09-09 19:00:00,138.4832272663189,ARIMA (+달력·가동 계획)
2021-09-09 19:15:00,137.50045672057445,ARIMA (+달력·가동 계획)
2021-09-09 19:30:00,136.62366089273402,ARIMA (+달력·가동 계획)
2021-09-09 19:45:00,135.6897575219161,ARIMA (+달력·가동 계획)
2021-09-09 20:00:00,134.5331091950649,ARIMA (+달력·가동 계획)
2021-09-09 20:15:00,132.99948704138154,ARIMA (+달력·가동 계획)
2021-09-09 20:30:00,130.95929883206338,ARIMA (+달력·가동 계획)
2021-09-09 20:45:00,128.3190917737106,ARIMA (+달력·가동 계획)
2021-09-09 21:00:00,125.03046211033568,ARIMA (+달력·가동 계획)
2021-09-09 21:15:00,121.09568790684104,ARIMA (+달력·가동 계획)
2021-09-09 21:30:00,116.5696351806894,ARIMA (+달력·가동 계획)
2021-09-09 21:45:00,111.55775449201384,ARIMA (+달력·가동 계획)
2021-09-09 22:00:00,106.21026645352904,ARIMA (+달력·가동 계획)
2021-09-09 22:15:00,100.71291058174056,ARIMA (+달력·가동 계획)
2021-09-09 22:30:00,95.27488299921076,ARIMA (+달력·가동 계획)
2021-09-09 22:45:00,90.11479690525968,ARIMA (+달력·가동 계획)
2021-09-09 23:00:00,85.44565056410356,ARIMA (+달력·가동 계획)
2021-09-09 23:15:00,81.4598698757361,ARIMA (+달력·가동 계획)
2021-09-09 23:30:00,78.31550018415521,ARIMA (+달력·가동 계획)
2021-09-09 23:45:00,76.12455380300234,ARIMA (+달력·가동 계획)
2021-09-10 00:00:00,81.07897982692312,ARIMA (+달력·가동 계획)
2021-09-10 00:15:00,79.73814388630822,ARIMA (+달력·가동 계획)
2021-09-10 00:30:00,80.03581621968327,ARIMA (+달력·가동 계획)
2021-09-10 00:45:00,84.09754361019256,ARIMA (+달력·가동 계획)
2021-09-10 01:00:00,89.4185141886858,ARIMA (+달력·가동 계획)
2021-09-10 01:15:00,93.87648342694104,ARIMA (+달력·가동 계획)
2021-09-10 01:30:00,97.37639167061312,ARIMA (+달력·가동 계획)
2021-09-10 01:45:00,99.8983301555545,ARIMA (+달력·가동 계획)
2021-09-10 02:00:00,101.58110783243848,ARIMA (+달력·가동 계획)
2021-09-10 02:15:00,102.72186948270884,ARIMA (+달력·가동 계획)
2021-09-10 02:30:00,103.44858796412728,ARIMA (+달력·가동 계획)
2021-09-10 02:45:00,103.7331873301234,ARIMA (+달력·가동 계획)
2021-09-10 03:00:00,103.4848555542894,ARIMA (+달력·가동 계획)
2021-09-10 03:15:00,102.60949727843692,ARIMA (+달력·가동 계획)
2021-09-10 03:30:00,101.07780599097369,ARIMA (+달력·가동 계획)
2021-09-10 03:45:00,98.96441154442364,ARIMA (+달력·가동 계획)
2021-09-10 04:00:00,96.44674330432832,ARIMA (+달력·가동 계획)
2021-09-10 04:15:00,93.78239544099355,ARIMA (+달력·가동 계획)
2021-09-10 04:30:00,91.27606334603313,ARIMA (+달력·가동 계획)
2021-09-10 04:45:00,89.24489516531342,ARIMA (+달력·가동 계획)
2021-09-10 05:00:00,87.98930301006224,ARIMA (+달력·가동 계획)
2021-09-10 05:15:00,87.77103589681545,ARIMA (+달력·가동 계획)
2021-09-10 05:30:00,88.79755549832346,ARIMA (+달력·가동 계획)
2021-09-10 05:45:00,91.21115694604774,ARIMA (+달력·가동 계획)
2021-09-10 06:00:00,95.08148494991664,ARIMA (+달력·가동 계획)
2021-09-10 06:15:00,100.40090805029536,ARIMA (+달력·가동 계획)
2021-09-10 06:30:00,107.08302386124636,ARIMA (+달력·가동 계획)
2021-09-10 06:45:00,114.96493442137468,ARIMA (+달력·가동 계획)
2021-09-10 07:00:00,123.81384984083974,ARIMA (+달력·가동 계획)
2021-09-10 07:15:00,133.33817875958735,ARIMA (+달력·가동 계획)
2021-09-10 07:30:00,143.20272310873332,ARIMA (+달력·가동 계획)
2021-09-10 07:45:00,153.04708947524463,ARIMA (+달력·가동 계획)
2021-09-10 08:00:00,162.50606855308592,ARIMA (+달력·가동 계획)
2021-09-10 08:15:00,171.23055344916975,ARIMA (+달력·가동 계획)
2021-09-10 08:30:00,178.90755385027862,ARIMA (+달력·가동 계획)
2021-09-10 08:45:00,185.27797792677228,ARIMA (+달력·가동 계획)
2021-09-10 09:00:00,190.1510554125264,ARIMA (+달력·가동 계획)
2021-09-10 09:15:00,193.41453060534784,ARIMA (+달력·가동 계획)
2021-09-10 09:30:00,195.0400414502857,ARIMA (+달력·가동 계획)
2021-09-10 09:45:00,195.08340673261733,ARIMA (+달력·가동 계획)
2021-09-10 10:00:00,193.67985688263244,ARIMA (+달력·가동 계획)
2021-09-10 10:15:00,191.03455283442648,ARIMA (+달력·가동 계획)
2021-09-10 10:30:00,187.40902664348903,ARIMA (+달력·가동 계획)
2021-09-10 10:45:00,183.1044297301505,ARIMA (+달력·가동 계획)
2021-09-10 11:00:00,178.4426721822147,ARIMA (+달력·가동 계획)
2021-09-10 11:15:00,173.7466645855728,ARIMA (+달력·가동 계획)
2021-09-10 11:30:00,169.32092219281253,ARIMA (+달력·가동 계획)
2021-09-10 11:45:00,165.43375582774942,ARIMA (+달력·가동 계획)
2021-09-10 12:00:00,162.3021571840105,ARIMA (+달력·가동 계획)
2021-09-10 12:15:00,160.08029660977226,ARIMA (+달력·가동 계획)
2021-09-10 12:30:00,158.852302712305,ARIMA (+달력·가동 계획)
2021-09-10 12:45:00,158.62970268904917,ARIMA (+달력·가동 계획)
2021-09-10 13:00:00,159.35359023790457,ARIMA (+달력·가동 계획)
2021-09-10 13:15:00,160.90127537136846,ARIMA (+달력·가동 계획)
2021-09-10 13:30:00,163.09687833712113,ARIMA (+달력·가동 계획)
2021-09-10 13:45:00,165.72507741362844,ARIMA (+달력·가동 계획)
2021-09-10 14:00:00,168.54702406878283,ARIMA (+달력·가동 계획)
2021-09-10 14:15:00,171.31731143904273,ARIMA (+달력·가동 계획)
2021-09-10 14:30:00,173.8008312151186,ARIMA (+달력·가동 계획)
2021-09-10 14:45:00,175.78838250943593,ARIMA (+달력·가동 계획)
2021-09-10 15:00:00,177.1100014493598,ARIMA (+달력·가동 계획)
2021-09-10 15:15:00,177.64515421752446,ARIMA (+달력·가동 계획)
2021-09-10 15:30:00,177.32916653739557,ARIMA (+달력·가동 계획)
2021-09-10 15:45:00,176.1555329043933,ARIMA (+달력·가동 계획)
2021-09-10 16:00:00,174.17404028435502,ARIMA (+달력·가동 계획)
2021-09-10 16:15:00,171.4849333142457,ARIMA (+달력·가동 계획)
2021-09-10 16:30:00,168.22962109199003,ARIMA (+달력·가동 계획)
2021-09-10 16:45:00,164.57866073924004,ARIMA (+달력·가동 계획)
2021-09-10 17:00:00,160.7179341053276,ARIMA (+달력·가동 계획)
2021-09-10 17:15:00,156.83404911523175,ARIMA (+달력·가동 계획)
2021-09-10 17:30:00,153.10003884914323,ARIMA (+달력·가동 계획)
2021-09-10 17:45:00,149.66239710951442,ARIMA (+달력·가동 계획)
2021-09-10 18:00:00,146.63038189200356,ARIMA (+달력·가동 계획)
2021-09-10 18:15:00,144.0683457925238,ARIMA (+달력·가동 계획)
2021-09-10 18:30:00,141.9916274031318,ARIMA (+달력·가동 계획)
2021-09-10 18:45:00,140.3662762351574,ARIMA (+달력·가동 계획)
2021-09-10 19:00:00,139.11260420767834,ARIMA (+달력·가동 계획)
2021-09-10 19:15:00,138.1122789986673,ARIMA (+달력·가동 계획)
2021-09-10 19:30:00,137.2184181445627,ARIMA (+달력·가동 계획)
2021-09-10 19:45:00,136.2679257273645,ARIMA (+달력·가동 계획)
2021-09-10 20:00:00,135.09515105788265,ARIMA (+달력·가동 계획)
2021-09-10 20:15:00,133.54585235953084,ARIMA (+달력·가동 계획)
2021-09-10 20:30:00,131.49042485771403,ARIMA (+달력·가동 계획)
2021-09-10 20:45:00,128.835403563173,ARIMA (+달력·가동 계획)
2021-09-10 21:00:00,125.5323728642199,ARIMA (+달력·가동 계획)
2021-09-10 21:15:00,121.58359930072358,ARIMA (+달력·가동 계획)
2021-09-10 21:30:00,117.04393768655918,ARIMA (+달력·가동 계획)
2021-09-10 21:45:00,112.01882769075728,ARIMA (+달력·가동 계획)
2021-09-10 22:00:00,106.65847933870477,ARIMA (+달력·가동 계획)
2021-09-10 22:15:00,101.1486218548843,ARIMA (+달력·가동 계획)
2021-09-10 22:30:00,95.69844135690524,ARIMA (+달력·가동 계획)
2021-09-10 22:45:00,90.526541318197,ARIMA (+달력·가동 계획)
2021-09-10 23:00:00,85.8459105483628,ARIMA (+달력·가동 계획)
2021-09-10 23:15:00,81.84896575649306,ARIMA (+달력·가동 계획)
2021-09-10 23:30:00,78.69374335203591,ARIMA (+달력·가동 계획)
2021-09-10 23:45:00,76.49224696328587,ARIMA (+달력·가동 계획)
2021-09-11 00:00:00,55.69175941609065,ARIMA (+달력·가동 계획)
2021-09-11 00:15:00,58.41491940767392,ARIMA (+달력·가동 계획)
2021-09-11 00:30:00,61.37895932648196,ARIMA (+달력·가동 계획)
2021-09-11 00:45:00,64.30284958842847,ARIMA (+달력·가동 계획)
2021-09-11 01:00:00,66.3129376040804,ARIMA (+달력·가동 계획)
2021-09-11 01:15:00,67.0425717319906,ARIMA (+달력·가동 계획)
2021-09-11 01:30:00,66.9111771760071,ARIMA (+달력·가동 계획)
2021-09-11 01:45:00,66.36169293117288,ARIMA (+달력·가동 계획)
2021-09-11 02:00:00,65.74544081784174,ARIMA (+달력·가동 계획)
2021-09-11 02:15:00,65.29973740458337,ARIMA (+달력·가동 계획)
2021-09-11 02:30:00,65.08811066347772,ARIMA (+달력·가동 계획)
2021-09-11 02:45:00,65.05635335500223,ARIMA (+달력·가동 계획)
2021-09-11 03:00:00,65.1079968890098,ARIMA (+달력·가동 계획)
2021-09-11 03:15:00,65.14966624504478,ARIMA (+달력·가동 계획)
2021-09-11 03:30:00,65.1174949804709,ARIMA (+달력·가동 계획)
2021-09-11 03:45:00,64.981883835532,ARIMA (+달력·가동 계획)
2021-09-11 04:00:00,64.73625793587163,ARIMA (+달력·가동 계획)
2021-09-11 04:15:00,64.38233508260514,ARIMA (+달력·가동 계획)
2021-09-11 04:30:00,63.918732237624106,ARIMA (+달력·가동 계획)
2021-09-11 04:45:00,63.335558203835326,ARIMA (+달력·가동 계획)
2021-09-11 05:00:00,62.614994817441136,ARIMA (+달력·가동 계획)
2021-09-11 05:15:00,61.73568719024558,ARIMA (+달력·가동 계획)
2021-09-11 05:30:00,60.678316091487,ARIMA (+달력·가동 계획)
2021-09-11 05:45:00,59.43041310085144,ARIMA (+달력·가동 계획)
2021-09-11 06:00:00,57.98942178504191,ARIMA (+달력·가동 계획)
2021-09-11 06:15:00,56.3638652492016,ARIMA (+달력·가동 계획)
2021-09-11 06:30:00,54.57301769936,ARIMA (+달력·가동 계획)
2021-09-11 06:45:00,52.645640779938745,ARIMA (+달력·가동 계획)
2021-09-11 07:00:00,50.61825800061629,ARIMA (+달력·가동 계획)
2021-09-11 07:15:00,48.533251218026535,ARIMA (+달력·가동 계획)
2021-09-11 07:30:00,46.43688584669029,ARIMA (+달력·가동 계획)
2021-09-11 07:45:00,44.37726907321974,ARIMA (+달력·가동 계획)
2021-09-11 08:00:00,42.40222613529856,ARIMA (+달력·가동 계획)
2021-09-11 08:15:00,40.55711736538871,ARIMA (+달력·가동 계획)
2021-09-11 08:30:00,38.88267658676625,ARIMA (+달력·가동 계획)
2021-09-11 08:45:00,37.41299897649543,ARIMA (+달력·가동 계획)
2021-09-11 09:00:00,36.173826847721045,ARIMA (+달력·가동 계획)
2021-09-11 09:15:00,35.18127211317754,ARIMA (+달력·가동 계획)
2021-09-11 09:30:00,34.44108105794724,ARIMA (+달력·가동 계획)
2021-09-11 09:45:00,33.948500851726095,ARIMA (+달력·가동 계획)
2021-09-11 10:00:00,33.688757756266746,ARIMA (+달력·가동 계획)
2021-09-11 10:15:00,33.638111132279505,ARIMA (+달력·가동 계획)
2021-09-11 10:30:00,33.76540877658959,ARIMA (+달력·가동 계획)
2021-09-11 10:45:00,34.03403905983931,ARIMA (+달력·가동 계획)
2021-09-11 11:00:00,34.40415378045809,ARIMA (+달력·가동 계획)
2021-09-11 11:15:00,34.83502230182182,ARIMA (+달력·가동 계획)
2021-09-11 11:30:00,35.28737227593027,ARIMA (+달력·가동 계획)
2021-09-11 11:45:00,35.725575162294106,ARIMA (+달력·가동 계획)
2021-09-11 12:00:00,36.11954586916786,ARIMA (+달력·가동 계획)
2021-09-11 12:15:00,36.446244873357536,ARIMA (+달력·가동 계획)
2021-09-11 12:30:00,36.69069724638603,ARIMA (+달력·가동 계획)
2021-09-11 12:45:00,36.846474631200834,ARIMA (+달력·가동 계획)
2021-09-11 13:00:00,36.915621334775416,ARIMA (+달력·가동 계획)
2021-09-11 13:15:00,36.90804193546666,ARIMA (+달력·가동 계획)
2021-09-11 13:30:00,36.84040263924771,ARIMA (+달력·가동 계획)
2021-09-11 13:45:00,36.734629656103294,ARIMA (+달력·가동 계획)
2021-09-11 14:00:00,36.6161130113144,ARIMA (+달력·가동 계획)
2021-09-11 14:15:00,36.51174181020471,ARIMA (+달력·가동 계획)
2021-09-11 14:30:00,36.44790594052616,ARIMA (+달력·가동 계획)
2021-09-11 14:45:00,36.44859902657371,ARIMA (+달력·가동 계획)
2021-09-11 15:00:00,36.53374826262522,ARIMA (+달력·가동 계획)
2021-09-11 15:15:00,36.717879266613366,ARIMA (+달력·가동 계획)
2021-09-11 15:30:00,37.00919956772203,ARIMA (+달력·가동 계획)
2021-09-11 15:45:00,37.40915449144953,ARIMA (+달력·가동 계획)
2021-09-11 16:00:00,37.91247609369489,ARIMA (+달력·가동 계획)
2021-09-11 16:15:00,38.50771168861706,ARIMA (+달력·가동 계획)
2021-09-11 16:30:00,39.1781857338387,ARIMA (+달력·가동 계획)
2021-09-11 16:45:00,39.903319597780346,ARIMA (+달력·가동 계획)
2021-09-11 17:00:00,40.66021000000352,ARIMA (+달력·가동 계획)
2021-09-11 17:15:00,41.42535026142166,ARIMA (+달력·가동 계획)
2021-09-11 17:30:00,42.17637000839292,ARIMA (+달력·가동 계획)
2021-09-11 17:45:00,42.893669158755145,ARIMA (+달력·가동 계획)
2021-09-11 18:00:00,43.56183079638185,ARIMA (+달력·가동 계획)
2021-09-11 18:15:00,44.1707142419452,ARIMA (+달력·가동 계획)
2021-09-11 18:30:00,44.71615303902632,ARIMA (+달력·가동 계획)
2021-09-11 18:45:00,45.20021102979254,ARIMA (+달력·가동 계획)
2021-09-11 19:00:00,45.63098118859704,ARIMA (+달력·가동 계획)
2021-09-11 19:15:00,46.02194421192944,ARIMA (+달력·가동 계획)
2021-09-11 19:30:00,46.39093477986185,ARIMA (+달력·가동 계획)
2021-09-11 19:45:00,46.75879076706171,ARIMA (+달력·가동 계획)
2021-09-11 20:00:00,47.14778260608726,ARIMA (+달력·가동 계획)
2021-09-11 20:15:00,47.57993499257687,ARIMA (+달력·가동 계획)
2021-09-11 20:30:00,48.07536015891023,ARIMA (+달력·가동 계획)
2021-09-11 20:45:00,48.65072057354096,ARIMA (+달력·가동 계획)
2021-09-11 21:00:00,49.31792927685178,ARIMA (+달력·가동 계획)
2021-09-11 21:15:00,50.083178845805065,ARIMA (+달력·가동 계획)
2021-09-11 21:30:00,50.94636641884901,ARIMA (+달력·가동 계획)
2021-09-11 21:45:00,51.90095397845665,ARIMA (+달력·가동 계획)
2021-09-11 22:00:00,52.93427217274507,ARIMA (+달력·가동 계획)
2021-09-11 22:15:00,54.02824453509526,ARIMA (+달력·가동 계획)
2021-09-11 22:30:00,55.16047923940808,ARIMA (+달력·가동 계획)
2021-09-11 22:45:00,56.305649595637206,ARIMA (+달력·가동 계획)
2021-09-11 23:00:00,57.437064166837,ARIMA (+달력·가동 계획)
2021-09-11 23:15:00,58.52831410414357,ARIMA (+달력·가동 계획)
2021-09-11 23:30:00,59.55487998714289,ARIMA (+달력·가동 계획)
2021-09-11 23:45:00,60.49558350408326,ARIMA (+달력·가동 계획)
2021-09-12 00:00:00,18.332057427268477,ARIMA (+달력·가동 계획)
2021-09-12 00:15:00,23.570600058670383,ARIMA (+달력·가동 계획)
2021-09-12 00:30:00,27.13433203014395,ARIMA (+달력·가동 계획)
2021-09-12 00:45:00,29.398004128747104,ARIMA (+달력·가동 계획)
2021-09-12 01:00:00,30.313549403659817,ARIMA (+달력·가동 계획)
2021-09-12 01:15:00,30.44487957590601,ARIMA (+달력·가동 계획)
2021-09-12 01:30:00,30.42441957789732,ARIMA (+달력·가동 계획)
2021-09-12 01:45:00,30.560738204319,ARIMA (+달력·가동 계획)
2021-09-12 02:00:00,30.969124093844087,ARIMA (+달력·가동 계획)
2021-09-12 02:15:00,31.617225890145583,ARIMA (+달력·가동 계획)
2021-09-12 02:30:00,32.38160323402919,ARIMA (+달력·가동 계획)
2021-09-12 02:45:00,33.13935711095532,ARIMA (+달력·가동 계획)
2021-09-12 03:00:00,33.81007243826633,ARIMA (+달력·가동 계획)
2021-09-12 03:15:00,34.36053764964279,ARIMA (+달력·가동 계획)
2021-09-12 03:30:00,34.79344034166028,ARIMA (+달력·가동 계획)
2021-09-12 03:45:00,35.126557539422926,ARIMA (+달력·가동 계획)
2021-09-12 04:00:00,35.37399509353504,ARIMA (+달력·가동 계획)
2021-09-12 04:15:00,35.5362193808503,ARIMA (+달력·가동 계획)
2021-09-12 04:30:00,35.5985194738854,ARIMA (+달력·가동 계획)
2021-09-12 04:45:00,35.535357116814225,ARIMA (+달력·가동 계획)
2021-09-12 05:00:00,35.31733495913697,ARIMA (+달력·가동 계획)
2021-09-12 05:15:00,34.917852184822095,ARIMA (+달력·가동 계획)
2021-09-12 05:30:00,34.31785364460754,ARIMA (+달력·가동 계획)
2021-09-12 05:45:00,33.5083264643963,ARIMA (+달력·가동 계획)
2021-09-12 06:00:00,32.49095673446111,ARIMA (+달력·가동 계획)
2021-09-12 06:15:00,31.27765290534574,ARIMA (+달력·가동 계획)
2021-09-12 06:30:00,29.88956016423392,ARIMA (+달력·가동 계획)
2021-09-12 06:45:00,28.355924535876365,ARIMA (+달력·가동 계획)
2021-09-12 07:00:00,26.712902344131457,ARIMA (+달력·가동 계획)
2021-09-12 07:15:00,25.002245813881267,ARIMA (+달력·가동 계획)
2021-09-12 07:30:00,23.269750865383397,ARIMA (+달력·가동 계획)
2021-09-12 07:45:00,21.563400953647594,ARIMA (+달력·가동 계획)
2021-09-12 08:00:00,19.931231085889387,ARIMA (+달력·가동 계획)
2021-09-12 08:15:00,18.419023414114164,ARIMA (+달력·가동 계획)
2021-09-12 08:30:00,17.06800242018205,ARIMA (+달력·가동 계획)
2021-09-12 08:45:00,15.912715185219596,ARIMA (+달력·가동 계획)
2021-09-12 09:00:00,14.979266119783547,ARIMA (+달력·가동 계획)
2021-09-12 09:15:00,14.284037948092692,ARIMA (+달력·가동 계획)
2021-09-12 09:30:00,13.832983961608978,ARIMA (+달력·가동 계획)
2021-09-12 09:45:00,13.62152945302036,ARIMA (+달력·가동 계획)
2021-09-12 10:00:00,13.635077462549768,ARIMA (+달력·가동 계획)
2021-09-12 10:15:00,13.850076922164853,ARIMA (+달력·가동 계획)
2021-09-12 10:30:00,14.235579771591825,ARIMA (+달력·가동 계획)
2021-09-12 10:45:00,14.75518725542981,ARIMA (+달력·가동 계획)
2021-09-12 11:00:00,15.369264584685212,ARIMA (+달력·가동 계획)
2021-09-12 11:15:00,16.037288334174885,ARIMA (+달력·가동 계획)
2021-09-12 11:30:00,16.720183570127894,ARIMA (+달력·가동 계획)
2021-09-12 11:45:00,17.38250883005581,ARIMA (+달력·가동 계획)
2021-09-12 12:00:00,17.99435720614306,ARIMA (+달력·가동 계획)
2021-09-12 12:15:00,18.532860606504123,ARIMA (+달력·가동 계획)
2021-09-12 12:30:00,18.983210651977902,ARIMA (+달력·가동 계획)
2021-09-12 12:45:00,19.33914178639135,ARIMA (+달력·가동 계획)
2021-09-12 13:00:00,19.60285774437921,ARIMA (+달력·가동 계획)
2021-09-12 13:15:00,19.78441901644172,ARIMA (+달력·가동 계획)
2021-09-12 13:30:00,19.900643855618632,ARIMA (+달력·가동 계획)
2021-09-12 13:45:00,19.973606343129003,ARIMA (+달력·가동 계획)
2021-09-12 14:00:00,20.02884005452971,ARIMA (+달력·가동 계획)
2021-09-12 14:15:00,20.093373361000992,ARIMA (+달력·가동 계획)
2021-09-12 14:30:00,20.19373129715696,ARIMA (+달력·가동 계획)
2021-09-12 14:45:00,20.354038734994376,ARIMA (+달력·가동 계획)
2021-09-12 15:00:00,20.594350429664928,ARIMA (+달력·가동 계획)
2021-09-12 15:15:00,20.929316044049248,ARIMA (+달력·가동 계획)
2021-09-12 15:30:00,21.36726375932794,ARIMA (+달력·가동 계획)
2021-09-12 15:45:00,21.909756246513915,ARIMA (+달력·가동 계획)
2021-09-12 16:00:00,22.55163966838609,ARIMA (+달력·가동 계획)
2021-09-12 16:15:00,23.28157227218997,ARIMA (+달력·가동 계획)
2021-09-12 16:30:00,24.08298634578168,ARIMA (+달력·가동 계획)
2021-09-12 16:45:00,24.935408064348657,ARIMA (+달력·가동 계획)
2021-09-12 17:00:00,25.816036016296675,ARIMA (+달력·가동 계획)
2021-09-12 17:15:00,26.70146254100824,ARIMA (+달력·가동 계획)
2021-09-12 17:30:00,27.569413518677027,ARIMA (+달력·가동 계획)
2021-09-12 17:45:00,28.4003824379663,ARIMA (+달력·가동 계획)
2021-09-12 18:00:00,29.179043347409618,ARIMA (+달력·가동 계획)
2021-09-12 18:15:00,29.8953439987683,ARIMA (+달력·가동 계획)
2021-09-12 18:30:00,30.54520390253675,ARIMA (+달력·가동 계획)
2021-09-12 18:45:00,31.130770470832687,ARIMA (+달력·가동 계획)
2021-09-12 19:00:00,31.66021791670278,ARIMA (+달력·가동 계획)
2021-09-12 19:15:00,32.1471059085428,ARIMA (+달력·가동 계획)
2021-09-12 19:30:00,32.60934589474247,ARIMA (+달력·가동 계획)
2021-09-12 19:45:00,33.06785037644545,ARIMA (+달력·가동 계획)
2021-09-12 20:00:00,33.54496233095251,ARIMA (+달력·가동 계획)
2021-09-12 20:15:00,34.06277697526647,ARIMA (+달력·가동 계획)
2021-09-12 20:30:00,34.64147509634025,ARIMA (+달력·가동 계획)
2021-09-12 20:45:00,35.29778580528668,ARIMA (+달력·가동 계획)
2021-09-12 21:00:00,36.04368692649861,ARIMA (+달력·가동 계획)
2021-09-12 21:15:00,36.88543401405291,ARIMA (+달력·가동 계획)
2021-09-12 21:30:00,37.82298542694129,ARIMA (+달력·가동 계획)
2021-09-12 21:45:00,38.84986266056344,ARIMA (+달력·가동 계획)
2021-09-12 22:00:00,39.95345421596743,ARIMA (+달력·가동 계획)
2021-09-12 22:15:00,41.11573986578377,ARIMA (+달력·가동 계획)
2021-09-12 22:30:00,42.31438245451145,ARIMA (+달력·가동 계획)
2021-09-12 22:45:00,43.52410843782237,ARIMA (+달력·가동 계획)
2021-09-12 23:00:00,44.718278042152015,ARIMA (+달력·가동 계획)
2021-09-12 23:15:00,45.8705326410288,ARIMA (+달력·가동 계획)
2021-09-12 23:30:00,46.956401635631714,ARIMA (+달력·가동 계획)
2021-09-12 23:45:00,47.95475417406897,ARIMA (+달력·가동 계획)
2021-09-13 00:00:00,34.93461761847789,ARIMA (+달력·가동 계획)
2021-09-13 00:15:00,38.66700664437087,ARIMA (+달력·가동 계획)
2021-09-13 00:30:00,41.90740566962636,ARIMA (+달력·가동 계획)
2021-09-13 00:45:00,44.88133876324626,ARIMA (+달력·가동 계획)
2021-09-13 01:00:00,47.4712076104582,ARIMA (+달력·가동 계획)
2021-09-13 01:15:00,49.9185724469738,ARIMA (+달력·가동 계획)
2021-09-13 01:30:00,52.530198591797074,ARIMA (+달력·가동 계획)
2021-09-13 01:45:00,55.33112265399642,ARIMA (+달력·가동 계획)
2021-09-13 02:00:00,58.16880703111914,ARIMA (+달력·가동 계획)
2021-09-13 02:15:00,60.79083497216299,ARIMA (+달력·가동 계획)
2021-09-13 02:30:00,62.9109336619821,ARIMA (+달력·가동 계획)
2021-09-13 02:45:00,64.29925093916742,ARIMA (+달력·가동 계획)
2021-09-13 03:00:00,64.83103430433378,ARIMA (+달력·가동 계획)
2021-09-13 03:15:00,64.49635037361126,ARIMA (+달력·가동 계획)
2021-09-13 03:30:00,63.39029964439646,ARIMA (+달력·가동 계획)
2021-09-13 03:45:00,61.6906808133902,ARIMA (+달력·가동 계획)
2021-09-13 04:00:00,59.63254009894435,ARIMA (+달력·가동 계획)
2021-09-13 04:15:00,57.48603078310456,ARIMA (+달력·가동 계획)
2021-09-13 04:30:00,55.538198997080016,ARIMA (+달력·가동 계획)
2021-09-13 04:45:00,54.07739773641682,ARIMA (+달력·가동 계획)
2021-09-13 05:00:00,53.37868984671505,ARIMA (+달력·가동 계획)
2021-09-13 05:15:00,53.68904464347822,ARIMA (+달력·가동 계획)
2021-09-13 05:30:00,55.21229510164623,ARIMA (+달력·가동 계획)
2021-09-13 05:45:00,58.09484719149411,ARIMA (+달력·가동 계획)
2021-09-13 06:00:00,62.41363325488876,ARIMA (+달력·가동 계획)
2021-09-13 06:15:00,68.167808964058,ARIMA (+달력·가동 계획)
2021-09-13 06:30:00,75.27531657682515,ARIMA (+달력·가동 계획)
2021-09-13 06:45:00,83.57486199410229,ARIMA (+달력·가동 계획)
2021-09-13 07:00:00,92.83326363639328,ARIMA (+달력·가동 계획)
2021-09-13 07:15:00,102.75763576777013,ARIMA (+달력·가동 계획)
2021-09-13 07:30:00,113.0115087398719,ARIMA (+달력·가동 계획)
2021-09-13 07:45:00,123.23375998390752,ARIMA (+달력·가동 계획)
2021-09-13 08:00:00,133.05910643849063,ARIMA (+달력·가동 계획)
2021-09-13 08:15:00,142.1388650455405,ARIMA (+달력·가동 계획)
2021-09-13 08:30:00,150.16070698754731,ARIMA (+달력·가동 계획)
2021-09-13 08:45:00,156.86620837389202,ARIMA (+달력·가동 계획)
2021-09-13 09:00:00,162.0651361340799,ARIMA (+달력·가동 계획)
2021-09-13 09:15:00,165.6456037632054,ARIMA (+달력·가동 계획)
2021-09-13 09:30:00,167.57948295703537,ARIMA (+달력·가동 계획)
2021-09-13 09:45:00,167.92275250114818,ARIMA (+달력·가동 계획)
2021-09-13 10:00:00,166.81078685071276,ARIMA (+달력·가동 계획)
2021-09-13 10:15:00,164.4489112134309,ARIMA (+달력·가동 계획)
2021-09-13 10:30:00,161.09885396378075,ARIMA (+달력·가동 계획)
2021-09-13 10:45:00,157.0619887951412,ARIMA (+달력·가동 계획)
2021-09-13 11:00:00,152.66045978447903,ARIMA (+달력·가동 계획)
2021-09-13 11:15:00,148.21740914832415,ARIMA (+달력·가동 계획)
2021-09-13 11:30:00,144.0375722042046,ARIMA (+달력·가동 계획)
2021-09-13 11:45:00,140.3894649970077,ARIMA (+달력·가동 계획)
2021-09-13 12:00:00,137.49027086736604,ARIMA (+달력·가동 계획)
2021-09-13 12:15:00,135.49434173689497,ARIMA (+달력·가동 계획)
2021-09-13 12:30:00,134.48598136719903,ARIMA (+달력·가동 계획)
2021-09-13 12:45:00,134.4768882566818,ARIMA (+달력·가동 계획)
2021-09-13 13:00:00,135.40832467958376,ARIMA (+달력·가동 계획)
2021-09-13 13:15:00,137.1577664728098,ARIMA (+달력·가동 계획)
2021-09-13 13:30:00,139.54949632036514,ARIMA (+달력·가동 계획)
2021-09-13 13:45:00,142.36835082032675,ARIMA (+달력·가동 계획)
2021-09-13 14:00:00,145.37563514797944,ARIMA (+달력·가동 계획)
2021-09-13 14:15:00,148.32609137978588,ARIMA (+달력·가동 계획)
2021-09-13 14:30:00,150.98475551042736,ARIMA (+달력·가동 계획)
2021-09-13 14:45:00,153.14256661016074,ARIMA (+달력·가동 계획)
2021-09-13 15:00:00,154.62969673893772,ARIMA (+달력·가동 계획)
2021-09-13 15:15:00,155.32574425413148,ARIMA (+달력·가동 계획)
2021-09-13 15:30:00,155.16616347851473,ARIMA (+달력·가동 계획)
2021-09-13 15:45:00,154.1445740382845,ARIMA (+달력·가동 계획)
2021-09-13 16:00:00,152.3108846226948,ARIMA (+달력·가동 계획)
2021-09-13 16:15:00,149.76545823166705,ARIMA (+달력·가동 계획)
2021-09-13 16:30:00,146.6498190201538,ARIMA (+달력·가동 계획)
2021-09-13 16:45:00,143.13463593218063,ARIMA (+달력·가동 계획)
2021-09-13 17:00:00,139.40589949156472,ARIMA (+달력·가동 계획)
2021-09-13 17:15:00,135.65032324540053,ARIMA (+달력·가동 계획)
2021-09-13 17:30:00,132.04104294029207,ARIMA (+달력·가동 계획)
2021-09-13 17:45:00,128.72465218169276,ARIMA (+달력·가동 계획)
2021-09-13 18:00:00,125.81050599030088,ARIMA (+달력·가동 계획)
2021-09-13 18:15:00,123.3630512878608,ARIMA (+달력·가동 계획)
2021-09-13 18:30:00,121.39771836671002,ARIMA (+달력·가동 계획)
2021-09-13 18:45:00,119.88064588339832,ARIMA (+달력·가동 계획)
2021-09-13 19:00:00,118.73223241596742,ARIMA (+달력·가동 계획)
2021-09-13 19:15:00,117.83422988296986,ARIMA (+달력·가동 계획)
2021-09-13 19:30:00,117.03983771007836,ARIMA (+달력·가동 계획)
2021-09-13 19:45:00,116.18603958309616,ARIMA (+달력·가동 계획)
2021-09-13 20:00:00,115.10726219559812,ARIMA (+달력·가동 계획)
2021-09-13 20:15:00,113.64933899528606,ARIMA (+달력·가동 계획)
2021-09-13 20:30:00,111.68273833396688,ARIMA (+달력·가동 계획)
2021-09-13 20:45:00,109.11406630953913,ARIMA (+달력·가동 계획)
2021-09-13 21:00:00,105.89497641504413,ARIMA (+달력·가동 계획)
2021-09-13 21:15:00,102.02780236779408,ARIMA (+달력·가동 계획)
2021-09-13 21:30:00,97.56746428542633,ARIMA (+달력·가동 계획)
2021-09-13 21:45:00,92.61946531921326,ARIMA (+달력·가동 계획)
2021-09-13 22:00:00,87.33407720603168,ARIMA (+달력·가동 계획)
2021-09-13 22:15:00,81.89708916050328,ARIMA (+달력·가동 계획)
2021-09-13 22:30:00,76.51774561707282,ARIMA (+달력·가동 계획)
2021-09-13 22:45:00,71.41470673941063,ARIMA (+달력·가동 계획)
2021-09-13 23:00:00,66.80101644616155,ARIMA (+달력·가동 계획)
2021-09-13 23:15:00,62.86914501837193,ARIMA (+달력·가동 계획)
2021-09-13 23:30:00,59.77718094323129,ARIMA (+달력·가동 계획)
2021-09-13 23:45:00,57.63717847422977,ARIMA (+달력·가동 계획)
2021-09-14 00:00:00,95.25894220256951,ARIMA (+달력·가동 계획)
2021-09-14 00:15:00,91.89599475660825,ARIMA (+달력·가동 계획)
2021-09-14 00:30:00,92.09956605045336,ARIMA (+달력·가동 계획)
2021-09-14 00:45:00,96.23455260397684,ARIMA (+달력·가동 계획)
2021-09-14 01:00:00,101.1576012406546,ARIMA (+달력·가동 계획)
2021-09-14 01:15:00,105.36122141983026,ARIMA (+달력·가동 계획)
2021-09-14 01:30:00,108.60083928282938,ARIMA (+달력·가동 계획)
2021-09-14 01:45:00,110.77952764851416,ARIMA (+달력·가동 계획)
2021-09-14 02:00:00,112.12958522174596,ARIMA (+달력·가동 계획)
2021-09-14 02:15:00,112.95365433004444,ARIMA (+달력·가동 계획)
2021-09-14 02:30:00,113.37536969456266,ARIMA (+달력·가동 계획)
2021-09-14 02:45:00,113.37625269749188,ARIMA (+달력·가동 계획)
2021-09-14 03:00:00,112.86177680744636,ARIMA (+달력·가동 계획)
2021-09-14 03:15:00,111.73117988254054,ARIMA (+달력·가동 계획)
2021-09-14 03:30:00,109.9517200600676,ARIMA (+달력·가동 계획)
2021-09-14 03:45:00,107.59549669436988,ARIMA (+달력·가동 계획)
2021-09-14 04:00:00,104.83893619912456,ARIMA (+달력·가동 계획)
2021-09-14 04:15:00,101.94016083105775,ARIMA (+달력·가동 계획)
2021-09-14 04:30:00,99.20481102805,ARIMA (+달력·가동 계획)
2021-09-14 04:45:00,96.95084609151776,ARIMA (+달력·가동 계획)
2021-09-14 05:00:00,95.47913214089724,ARIMA (+달력·가동 계획)
2021-09-14 05:15:00,95.0514350899513,ARIMA (+달력·가동 계획)
2021-09-14 05:30:00,95.87491977014152,ARIMA (+달력·가동 계획)
2021-09-14 05:45:00,98.09145644832005,ARIMA (+달력·가동 계획)
2021-09-14 06:00:00,101.77027915361788,ARIMA (+달력·가동 계획)
2021-09-14 06:15:00,106.90343987595776,ARIMA (+달력·가동 계획)
2021-09-14 06:30:00,113.4043307570411,ARIMA (+달력·가동 계획)
2021-09-14 06:45:00,121.1099323235947,ARIMA (+달력·가동 계획)
2021-09-14 07:00:00,129.78737492121297,ARIMA (+달력·가동 계획)
2021-09-14 07:15:00,139.1449924851088,ARIMA (+달력·가동 계획)
2021-09-14 07:30:00,148.8474957558166,ARIMA (+달력·가동 계획)
2021-09-14 07:45:00,158.53437807014436,ARIMA (+달력·가동 계획)
2021-09-14 08:00:00,167.84030024251007,ARIMA (+달력·가동 계획)
2021-09-14 08:15:00,176.41601871591655,ARIMA (+달력·가동 계획)
2021-09-14 08:30:00,183.94840878031428,ARIMA (+달력·가동 계획)
2021-09-14 08:45:00,190.17825201076312,ARIMA (+달력·가동 계획)
2021-09-14 09:00:00,194.9146609767131,ARIMA (+달력·가동 계획)
2021-09-14 09:15:00,198.0452710593244,ARIMA (+달력·가동 계획)
2021-09-14 09:30:00,199.5416171085857,ARIMA (+달력·가동 계획)
2021-09-14 09:45:00,199.4594182825232,ARIMA (+달력·가동 계획)
2021-09-14 10:00:00,197.933807301285,ARIMA (+달력·가동 계획)
2021-09-14 10:15:00,195.1698487084481,ARIMA (+달력·가동 계획)
2021-09-14 10:30:00,191.42897961139784,ARIMA (+달력·가동 계획)
2021-09-14 10:45:00,187.0122583937165,ARIMA (+달력·가동 계획)
2021-09-14 11:00:00,182.2415045032528,ARIMA (+달력·가동 계획)
2021-09-14 11:15:00,177.43954059095995,ARIMA (+달력·가동 계획)
2021-09-14 11:30:00,172.9107967596285,ARIMA (+달력·가동 계획)
2021-09-14 11:45:00,168.92350136840628,ARIMA (+달력·가동 계획)
2021-09-14 12:00:00,165.69456613973256,ARIMA (+달력·가동 계획)
2021-09-14 12:15:00,163.3780837428181,ARIMA (+달력·가동 계획)
2021-09-14 12:30:00,162.05810723813332,ARIMA (+달력·가동 계획)
2021-09-14 12:45:00,161.74609030550354,ARIMA (+달력·가동 계획)
2021-09-14 13:00:00,162.38305509901514,ARIMA (+달력·가동 계획)
2021-09-14 13:15:00,163.8462420325297,ARIMA (+달력·가동 계획)
2021-09-14 13:30:00,165.95970367802823,ARIMA (+달력·가동 계획)
2021-09-14 13:45:00,168.5080525320597,ARIMA (+달력·가동 계획)
2021-09-14 14:00:00,171.2523761335182,ARIMA (+달력·가동 계획)
2021-09-14 14:15:00,173.9472054918762,ARIMA (+달력·가동 계획)
2021-09-14 14:30:00,176.35737191671802,ARIMA (+달력·가동 계획)
2021-09-14 14:45:00,178.2736158287726,ARIMA (+달력·가동 계획)
2021-09-14 15:00:00,179.52591629981788,ARIMA (+달력·가동 계획)
2021-09-14 15:15:00,179.9936840441362,ARIMA (+달력·가동 계획)
2021-09-14 15:30:00,179.61219085934582,ARIMA (+달력·가동 계획)
2021-09-14 15:45:00,178.374878815788,ARIMA (+달력·가동 계획)
2021-09-14 16:00:00,176.33148391498696,ARIMA (+달력·가동 계획)
2021-09-14 16:15:00,173.5822012511767,ARIMA (+달력·가동 계획)
2021-09-14 16:30:00,170.2683917623496,ARIMA (+달력·가동 계획)
2021-09-14 16:45:00,166.56056575463435,ARIMA (+달력·가동 계획)
2021-09-14 17:00:00,162.64455956847573,ARIMA (+달력·가동 계획)
2021-09-14 17:15:00,158.70693688971403,ARIMA (+달력·가동 계획)
2021-09-14 17:30:00,154.92068779334323,ARIMA (+달력·가동 계획)
2021-09-14 17:45:00,151.4322642759137,ARIMA (+달력·가동 계획)
2021-09-14 18:00:00,148.35088369296486,ARIMA (+달력·가동 계획)
2021-09-14 18:15:00,145.7408591336146,ARIMA (+달력·가동 계획)
2021-09-14 18:30:00,143.61749078494208,ARIMA (+달력·가동 계획)
2021-09-14 18:45:00,141.9467908244822,ARIMA (+달력·가동 계획)
2021-09-14 19:00:00,140.64903487888353,ARIMA (+달력·가동 계획)
2021-09-14 19:15:00,139.60585534602808,ARIMA (+달력·가동 계획)
2021-09-14 19:30:00,138.67033546635506,ARIMA (+달력·가동 계획)
2021-09-14 19:45:00,137.6793459824834,ARIMA (+달력·가동 계획)
2021-09-14 20:00:00,136.46720379575413,ARIMA (+달력·가동 계획)
2021-09-14 20:15:00,134.87963562407117,ARIMA (+달력·가동 계획)
2021-09-14 20:30:00,132.78700606606984,ARIMA (+달력·가동 계획)
2021-09-14 20:45:00,130.0958203599534,ARIMA (+달력·가동 계획)
2021-09-14 21:00:00,126.75763395190812,ARIMA (+달력·가동 계획)
2021-09-14 21:15:00,122.77468524693256,ARIMA (+달력·가동 계획)
2021-09-14 21:30:00,118.20180170877497,ARIMA (+달력·가동 계획)
2021-09-14 21:45:00,113.14439641919618,ARIMA (+달력·가동 계획)
2021-09-14 22:00:00,107.75265355789222,ARIMA (+달력·가동 계획)
2021-09-14 22:15:00,102.2122772245484,ARIMA (+달력·가동 계획)
2021-09-14 22:30:00,96.73242911276142,ARIMA (+달력·가동 계획)
2021-09-14 22:45:00,91.5316889531854,ARIMA (+달력·가동 계획)
2021-09-14 23:00:00,86.82302247488401,ARIMA (+달력·가동 계획)
2021-09-14 23:15:00,82.79882395017258,ARIMA (+달력·가동 계획)
2021-09-14 23:30:00,79.6171079775331,ARIMA (+달력·가동 계획)
2021-09-14 23:45:00,77.38985698264807,ARIMA (+달력·가동 계획)
2021-08-09 00:00:00,22.66568548497787,ARIMA (+기준 곡선)
2021-08-09 00:15:00,24.052977478694636,ARIMA (+기준 곡선)
2021-08-09 00:30:00,25.853188117404446,ARIMA (+기준 곡선)
2021-08-09 00:45:00,24.88150730853052,ARIMA (+기준 곡선)
2021-08-09 01:00:00,22.903552654044336,ARIMA (+기준 곡선)
2021-08-09 01:15:00,23.17590283899252,ARIMA (+기준 곡선)
2021-08-09 01:30:00,22.93898944834898,ARIMA (+기준 곡선)
2021-08-09 01:45:00,22.44719531862492,ARIMA (+기준 곡선)
2021-08-09 02:00:00,22.95710032759805,ARIMA (+기준 곡선)
2021-08-09 02:15:00,22.460268582021605,ARIMA (+기준 곡선)
2021-08-09 02:30:00,22.96641936975062,ARIMA (+기준 곡선)
2021-08-09 02:45:00,23.72261477210307,ARIMA (+기준 곡선)
2021-08-09 03:00:00,23.72462470562689,ARIMA (+기준 곡선)
2021-08-09 03:15:00,22.972669128913875,ARIMA (+기준 곡선)
2021-08-09 03:30:00,22.973703671116542,ARIMA (+기준 곡선)
2021-08-09 03:45:00,24.481240229497462,ARIMA (+기준 곡선)
2021-08-09 04:00:00,24.73290570152807,ARIMA (+기준 곡선)
2021-08-09 04:15:00,23.22649465217418,ARIMA (+기준 곡선)
2021-08-09 04:30:00,22.47337248529956,ARIMA (+기준 곡선)
2021-08-09 04:45:00,22.222437382782665,ARIMA (+기준 곡선)
2021-08-09 05:00:00,22.724843503766987,ARIMA (+기준 곡선)
2021-08-09 05:15:00,22.97607739224438,ARIMA (+기준 곡선)
2021-08-09 05:30:00,22.47388574055668,ARIMA (+기준 곡선)
2021-08-09 05:45:00,22.47393808891547,ARIMA (+기준 곡선)
2021-08-09 06:00:00,23.22737253471553,ARIMA (+기준 곡선)
2021-08-09 06:15:00,23.22739950692315,ARIMA (+기준 곡선)
2021-08-09 06:30:00,22.72515428781421,ARIMA (+기준 곡선)
2021-08-09 06:45:00,24.231961924884963,ARIMA (+기준 곡선)
2021-08-09 07:00:00,29.254617699671925,ARIMA (+기준 곡선)
2021-08-09 07:15:00,43.56916538797396,ARIMA (+기준 곡선)
2021-08-09 07:30:00,71.44485471351986,ARIMA (+기준 곡선)
2021-08-09 07:45:00,118.40659662567164,ARIMA (+기준 곡선)
2021-08-09 08:00:00,162.1036177271952,ARIMA (+기준 곡선)
2021-08-09 08:15:00,196.7598756427868,ARIMA (+기준 곡선)
2021-08-09 08:30:00,195.7553478474604,ARIMA (+기준 곡선)
2021-08-09 08:45:00,186.46345409835791,ARIMA (+기준 곡선)
2021-08-09 09:00:00,183.1987350319247,ARIMA (+기준 곡선)
2021-08-09 09:15:00,178.92948660724724,ARIMA (+기준 곡선)
2021-08-09 09:30:00,184.4543973486408,ARIMA (+기준 곡선)
2021-08-09 09:45:00,179.4317518094428,ARIMA (+기준 곡선)
2021-08-09 10:00:00,148.04021575094998,ARIMA (+기준 곡선)
2021-08-09 10:15:00,183.44986876944407,ARIMA (+기준 곡선)
2021-08-09 10:30:00,190.98383756444665,ARIMA (+기준 곡선)
2021-08-09 10:45:00,195.75535114273856,ARIMA (+기준 곡선)
2021-08-09 11:00:00,189.72817623322223,ARIMA (+기준 곡선)
2021-08-09 11:15:00,192.49063145836232,ARIMA (+기준 곡선)
2021-08-09 11:30:00,186.4634565248261,ARIMA (+기준 곡선)
2021-08-09 11:45:00,179.4317524242409,ARIMA (+기준 곡선)
2021-08-09 12:00:00,128.70302986524942,ARIMA (+기준 곡선)
2021-08-09 12:15:00,109.6169758376468,ARIMA (+기준 곡선)
2021-08-09 12:30:00,105.59885920504674,ARIMA (+기준 곡선)
2021-08-09 12:45:00,105.59885920991192,ARIMA (+기준 곡선)
2021-08-09 13:00:00,150.80267140640558,ARIMA (+기준 곡선)
2021-08-09 13:15:00,175.413635825102,ARIMA (+기준 곡선)
2021-08-09 13:30:00,182.1942076558516,ARIMA (+기준 곡선)
2021-08-09 13:45:00,174.40910666834847,ARIMA (+기준 곡선)
2021-08-09 14:00:00,174.66023895923672,ARIMA (+기준 곡선)
2021-08-09 14:15:00,181.94307536877463,ARIMA (+기준 곡선)
2021-08-09 14:30:00,182.44533994917455,ARIMA (+기준 곡선)
2021-08-09 14:45:00,178.67835560010067,ARIMA (+기준 곡선)
2021-08-09 15:00:00,140.75737981621782,ARIMA (+기준 곡선)
2021-08-09 15:15:00,140.25511523647225,ARIMA (+기준 곡선)
2021-08-09 15:30:00,182.9476045299893,ARIMA (+기준 곡선)
2021-08-09 15:45:00,187.7191180393416,ARIMA (+기준 곡선)
2021-08-09 16:00:00,175.41363583131212,ARIMA (+기준 곡선)
2021-08-09 16:15:00,166.87513797268096,ARIMA (+기준 곡선)
2021-08-09 16:30:00,172.9023129317815,ARIMA (+기준 곡선)
2021-08-09 16:45:00,170.6421223221556,ARIMA (+기준 곡선)
2021-08-09 17:00:00,127.94963302878271,ARIMA (+기준 곡선)
2021-08-09 17:15:00,109.61697586163343,ARIMA (+기준 곡선)
2021-08-09 17:30:00,146.5334224859269,ARIMA (+기준 곡선)
2021-08-09 17:45:00,168.38193171255068,ARIMA (+기준 곡선)
2021-08-09 18:00:00,173.15344522181655,ARIMA (+기준 곡선)
2021-08-09 18:15:00,164.6149473631418,ARIMA (+기준 곡선)
2021-08-09 18:30:00,165.36834423302753,ARIMA (+기준 곡선)
2021-08-09 18:45:00,158.08550782415676,ARIMA (+기준 곡선)
2021-08-09 19:00:00,158.83890469404133,ARIMA (+기준 곡선)
2021-08-09 19:15:00,164.11268278322572,ARIMA (+기준 곡선)
2021-08-09 19:30:00,155.82531721450945,ARIMA (+기준 곡선)
2021-08-09 19:45:00,126.19170699909785,ARIMA (+기준 곡선)
2021-08-09 20:00:00,110.87263731146987,ARIMA (+기준 곡선)
2021-08-09 20:15:00,114.89075395084804,ARIMA (+기준 곡선)
2021-08-09 20:30:00,125.4383101292152,ARIMA (+기준 곡선)
2021-08-09 20:45:00,122.92698722960414,ARIMA (+기준 곡선)
2021-08-09 21:00:00,119.41113517014855,ARIMA (+기준 곡선)
2021-08-09 21:15:00,122.42472264968204,ARIMA (+기준 곡선)
2021-08-09 21:30:00,118.4066060103042,ARIMA (+기준 곡선)
2021-08-09 21:45:00,110.11924044158728,ARIMA (+기준 곡선)
2021-08-09 22:00:00,97.0603613636091,ARIMA (+기준 곡선)
2021-08-09 22:15:00,109.61697586166508,ARIMA (+기준 곡선)
2021-08-09 22:30:00,114.63962166088749,ARIMA (+기준 곡선)
2021-08-09 22:45:00,114.13735708096524,ARIMA (+기준 곡선)
2021-08-09 23:00:00,113.38396021108188,ARIMA (+기준 곡선)
2021-08-09 23:15:00,112.37943105123745,ARIMA (+기준 곡선)
2021-08-09 23:30:00,101.58074258290932,ARIMA (+기준 곡선)
2021-08-09 23:45:00,81.7412916759809,ARIMA (+기준 곡선)
2021-08-10 00:00:00,67.74087759309327,ARIMA (+기준 곡선)
2021-08-10 00:15:00,64.32653080496044,ARIMA (+기준 곡선)
2021-08-10 00:30:00,62.6281330571584,ARIMA (+기준 곡선)
2021-08-10 00:45:00,61.23964424092411,ARIMA (+기준 곡선)
2021-08-10 01:00:00,83.8322378070437,ARIMA (+기준 곡선)
2021-08-10 01:15:00,97.01366617308608,ARIMA (+기준 곡선)
2021-08-10 01:30:00,100.15602476270143,ARIMA (+기준 곡선)
2021-08-10 01:45:00,98.94533659911886,ARIMA (+기준 곡선)
2021-08-10 02:00:00,98.04236169322876,ARIMA (+기준 곡선)
2021-08-10 02:15:00,100.73861840833553,ARIMA (+기준 곡선)
2021-08-10 02:30:00,101.21868789115132,ARIMA (+기준 곡선)
2021-08-10 02:45:00,96.2519358036643,ARIMA (+기준 곡선)
2021-08-10 03:00:00,83.46873856039069,ARIMA (+기준 곡선)
2021-08-10 03:15:00,98.45677716938576,ARIMA (+기준 곡선)
2021-08-10 03:30:00,102.971303805877,ARIMA (+기준 곡선)
2021-08-10 03:45:00,102.2495836457764,ARIMA (+기준 곡선)
2021-08-10 04:00:00,98.73071799252818,ARIMA (+기준 곡선)
2021-08-10 04:15:00,99.23081886307033,ARIMA (+기준 곡선)
2021-08-10 04:30:00,98.0094802780653,ARIMA (+기준 곡선)
2021-08-10 04:45:00,95.21003425263336,ARIMA (+기준 곡선)
2021-08-10 05:00:00,79.63903206878634,ARIMA (+기준 곡선)
2021-08-10 05:15:00,70.52594314206328,ARIMA (+기준 곡선)
2021-08-10 05:30:00,86.81325363795514,ARIMA (+기준 곡선)
2021-08-10 05:45:00,100.94811800174683,ARIMA (+기준 곡선)
2021-08-10 06:00:00,101.23491389320516,ARIMA (+기준 곡선)
2021-08-10 06:15:00,99.29745516552612,ARIMA (+기준 곡선)
2021-08-10 06:30:00,99.44084987248702,ARIMA (+기준 곡선)
2021-08-10 06:45:00,97.93397756263388,ARIMA (+기준 곡선)
2021-08-10 07:00:00,100.30173989847516,ARIMA (+기준 곡선)
2021-08-10 07:15:00,112.85831391366104,ARIMA (+기준 곡선)
2021-08-10 07:30:00,137.61275343670602,ARIMA (+기준 곡선)
2021-08-10 07:45:00,139.98055131202366,ARIMA (+기준 곡선)
2021-08-10 08:00:00,157.4162924711844,ARIMA (+기준 곡선)
2021-08-10 08:15:00,177.65036908647207,ARIMA (+기준 곡선)
2021-08-10 08:30:00,183.82104049676107,ARIMA (+기준 곡선)
2021-08-10 08:45:00,183.24701829650155,ARIMA (+기준 곡선)
2021-08-10 09:00:00,174.8520206286722,ARIMA (+기준 곡선)
2021-08-10 09:15:00,175.6412906868129,ARIMA (+기준 곡선)
2021-08-10 09:30:00,177.29158654425285,ARIMA (+기준 곡선)
2021-08-10 09:45:00,178.43961839970956,ARIMA (+기준 곡선)
2021-08-10 10:00:00,144.21387382691952,ARIMA (+기준 곡선)
2021-08-10 10:15:00,175.856541604569,ARIMA (+기준 곡선)
2021-08-10 10:30:00,178.51136812616917,ARIMA (+기준 곡선)
2021-08-10 10:45:00,176.71756566474508,ARIMA (+기준 곡선)
2021-08-10 11:00:00,176.3588049703745,ARIMA (+기준 곡선)
2021-08-10 11:15:00,181.38145056851047,ARIMA (+기준 곡선)
2021-08-10 11:30:00,183.3187566610124,ARIMA (+기준 곡선)
2021-08-10 11:45:00,180.0899128293321,ARIMA (+기준 곡선)
2021-08-10 12:00:00,118.3113694245258,ARIMA (+기준 곡선)
2021-08-10 12:15:00,97.9337778428682,ARIMA (+기준 곡선)
2021-08-10 12:30:00,98.22078613593304,ARIMA (+기준 곡선)
2021-08-10 12:45:00,100.51685275950032,ARIMA (+기준 곡선)
2021-08-10 13:00:00,149.81053365498184,ARIMA (+기준 곡선)
2021-08-10 13:15:00,174.13448972561514,ARIMA (+기준 곡선)
2021-08-10 13:30:00,176.78931678074548,ARIMA (+기준 곡선)
2021-08-10 13:45:00,177.21982927051954,ARIMA (+기준 곡선)
2021-08-10 14:00:00,173.2017126259001,ARIMA (+기준 곡선)
2021-08-10 14:15:00,175.28252302467263,ARIMA (+기준 곡선)
2021-08-10 14:30:00,176.64581259604662,ARIMA (+기준 곡선)
2021-08-10 14:45:00,175.35427510287946,ARIMA (+기준 곡선)
2021-08-10 15:00:00,137.68443160732005,ARIMA (+기준 곡선)
2021-08-10 15:15:00,135.46011703809418,ARIMA (+기준 곡선)
2021-08-10 15:30:00,169.61410847208938,ARIMA (+기준 곡선)
2021-08-10 15:45:00,173.20171261387645,ARIMA (+기준 곡선)
2021-08-10 16:00:00,170.25987721681963,ARIMA (+기준 곡선)
2021-08-10 16:15:00,164.37620642317967,ARIMA (+기준 곡선)
2021-08-10 16:30:00,163.658685594529,ARIMA (+기준 곡선)
2021-08-10 16:45:00,160.93210644624307,ARIMA (+기준 곡선)
2021-08-10 17:00:00,113.6474838506086,ARIMA (+기준 곡선)
2021-08-10 17:15:00,102.74116725794102,ARIMA (+기준 곡선)
2021-08-10 17:30:00,142.6353253202854,ARIMA (+기준 곡선)
2021-08-10 17:45:00,157.99027104930042,ARIMA (+기준 곡선)
2021-08-10 18:00:00,157.8467668835823,ARIMA (+기준 곡선)
2021-08-10 18:15:00,158.56428771202394,ARIMA (+기준 곡선)
2021-08-10 18:30:00,152.8241210843278,ARIMA (+기준 곡선)
2021-08-10 18:45:00,155.90946064669765,ARIMA (+기준 곡선)
2021-08-10 19:00:00,150.88681484746834,ARIMA (+기준 곡선)
2021-08-10 19:15:00,146.50993779385533,ARIMA (+기준 곡선)
2021-08-10 19:30:00,149.59527735623124,ARIMA (+기준 곡선)
2021-08-10 19:45:00,130.7244795677217,ARIMA (+기준 곡선)
2021-08-10 20:00:00,114.07799634744,ARIMA (+기준 곡선)
2021-08-10 20:15:00,119.96166714081347,ARIMA (+기준 곡선)
2021-08-10 20:30:00,118.16786506966169,ARIMA (+기준 곡선)
2021-08-10 20:45:00,115.15427759012758,ARIMA (+기준 곡선)
2021-08-10 21:00:00,113.43222760182226,ARIMA (+기준 곡선)
2021-08-10 21:15:00,111.63842553067109,ARIMA (+기준 곡선)
2021-08-10 21:30:00,112.78645885620736,ARIMA (+기준 곡선)
2021-08-10 21:45:00,113.50397968466751,ARIMA (+기준 곡선)
2021-08-10 22:00:00,95.27895064177474,ARIMA (+기준 곡선)
2021-08-10 22:15:00,105.7547547372956,ARIMA (+기준 곡선)
2021-08-10 22:30:00,106.4722755657559,ARIMA (+기준 곡선)
2021-08-10 22:45:00,104.82197766029708,ARIMA (+기준 곡선)
2021-08-10 23:00:00,104.03270474899068,ARIMA (+기준 곡선)
2021-08-10 23:15:00,103.7456964176065,ARIMA (+기준 곡선)
2021-08-10 23:30:00,100.94736518661117,ARIMA (+기준 곡선)
2021-08-10 23:45:00,83.72686530356297,ARIMA (+기준 곡선)
2021-08-11 00:00:00,67.97431942500336,ARIMA (+기준 곡선)
2021-08-11 00:15:00,66.06118321141153,ARIMA (+기준 곡선)
2021-08-11 00:30:00,65.05669888645401,ARIMA (+기준 곡선)
2021-08-11 00:45:00,64.21239663574123,ARIMA (+기준 곡선)
2021-08-11 01:00:00,87.24820004428703,ARIMA (+기준 곡선)
2021-08-11 01:15:00,100.73575642090653,ARIMA (+기준 곡선)
2021-08-11 01:30:00,104.09120445158408,ARIMA (+기준 곡선)
2021-08-11 01:45:00,103.03591212941004,ARIMA (+기준 곡선)
2021-08-11 02:00:00,102.24523231351918,ARIMA (+기준 곡선)
2021-08-11 02:15:00,105.02165852504244,ARIMA (+기준 곡선)
2021-08-11 02:30:00,105.55920510903212,ARIMA (+기준 곡선)
2021-08-11 02:45:00,100.63378215683352,ARIMA (+기준 곡선)
2021-08-11 03:00:00,87.88025445491058,ARIMA (+기준 곡선)
2021-08-11 03:15:00,102.88957903736072,ARIMA (+기준 곡선)
2021-08-11 03:30:00,107.41938546252824,ARIMA (+기준 곡선)
2021-08-11 03:45:00,106.70863480183412,ARIMA (+기준 곡선)
2021-08-11 04:00:00,103.19764287600894,ARIMA (+기준 곡선)
2021-08-11 04:15:00,103.70339534264724,ARIMA (+기준 곡선)
2021-08-11 04:30:00,102.48611356294828,ARIMA (+기준 곡선)
2021-08-11 04:45:00,99.6895795617662,ARIMA (+기준 곡선)
2021-08-11 05:00:00,84.12066763483294,ARIMA (+기준 곡선)
2021-08-11 05:15:00,75.00907910387996,ARIMA (+기준 곡선)
2021-08-11 05:30:00,91.2974665944698,ARIMA (+기준 곡선)
2021-08-11 05:45:00,105.43310403153136,ARIMA (+기준 곡선)
2021-08-11 06:00:00,105.72045483916293,ARIMA (+기준 곡선)
2021-08-11 06:15:00,103.7833944335296,ARIMA (+기준 곡선)
2021-08-11 06:30:00,103.92707505841226,ARIMA (+기준 곡선)
2021-08-11 06:45:00,102.4204079820986,ARIMA (+기준 곡선)
2021-08-11 07:00:00,104.78831763575904,ARIMA (+기준 곡선)
2021-08-11 07:15:00,117.34499739653164,ARIMA (+기준 곡선)
2021-08-11 07:30:00,142.09951282437322,ARIMA (+기준 곡선)
2021-08-11 07:45:00,144.4673651845941,ARIMA (+기준 곡선)
2021-08-11 08:00:00,161.90314545333445,ARIMA (+기준 곡선)
2021-08-11 08:15:00,182.13725014170532,ARIMA (+기준 곡선)
2021-08-11 08:30:00,188.30794170301644,ARIMA (+기준 곡선)
2021-08-11 08:45:00,187.7339339672775,ARIMA (+기준 곡선)
2021-08-11 09:00:00,179.33894668216493,ARIMA (+기준 곡선)
2021-08-11 09:15:00,180.12822419308003,ARIMA (+기준 곡선)
2021-08-11 09:30:00,181.77852540016465,ARIMA (+기준 곡선)
2021-08-11 09:45:00,182.92656109562736,ARIMA (+기준 곡선)
2021-08-11 10:00:00,148.70081927921592,ARIMA (+기준 곡선)
2021-08-11 10:15:00,180.34348903541,ARIMA (+기준 곡선)
2021-08-11 10:30:00,182.99831697722087,ARIMA (+기준 곡선)
2021-08-11 10:45:00,181.20451553523236,ARIMA (+기준 곡선)
2021-08-11 11:00:00,180.8457555726185,ARIMA (+기준 곡선)
2021-08-11 11:15:00,185.8684016960137,ARIMA (+기준 곡선)
2021-08-11 11:30:00,187.80570816554976,ARIMA (+기준 곡선)
2021-08-11 11:45:00,184.5768646045067,ARIMA (+기준 곡선)
2021-08-11 12:00:00,122.79832139396542,ARIMA (+기준 곡선)
2021-08-11 12:15:00,102.4207299517524,ARIMA (+기준 곡선)
2021-08-11 12:30:00,102.70773834491132,ARIMA (+기준 곡선)
2021-08-11 12:45:00,105.00380504032674,ARIMA (+기준 곡선)
2021-08-11 13:00:00,154.2974859873813,ARIMA (+기준 곡선)
2021-08-11 13:15:00,178.62144209503398,ARIMA (+기준 곡선)
2021-08-11 13:30:00,181.27626917673703,ARIMA (+기준 곡선)
2021-08-11 13:45:00,181.7067816855852,ARIMA (+기준 곡선)
2021-08-11 14:00:00,177.6886650546572,ARIMA (+기준 곡선)
2021-08-11 14:15:00,179.76947546325758,ARIMA (+기준 곡선)
2021-08-11 14:30:00,181.132765041686,ARIMA (+기준 곡선)
2021-08-11 14:45:00,179.8412275535826,ARIMA (+기준 곡선)
2021-08-11 15:00:00,142.171384061658,ARIMA (+기준 곡선)
2021-08-11 15:15:00,139.94706949504118,ARIMA (+기준 곡선)
2021-08-11 15:30:00,174.1010609309092,ARIMA (+기준 곡선)
2021-08-11 15:45:00,177.68866507404056,ARIMA (+기준 곡선)
2021-08-11 16:00:00,174.7468296779487,ARIMA (+기준 곡선)
2021-08-11 16:15:00,168.86315888500135,ARIMA (+기준 곡선)
2021-08-11 16:30:00,168.14563805684793,ARIMA (+기준 곡선)
2021-08-11 16:45:00,165.41905890891886,ARIMA (+기준 곡선)
2021-08-11 17:00:00,118.13443631354056,ARIMA (+기준 곡선)
2021-08-11 17:15:00,107.22811972105686,ARIMA (+기준 곡선)
2021-08-11 17:30:00,147.12227778353324,ARIMA (+기준 곡선)
2021-08-11 17:45:00,162.47722351264298,ARIMA (+기준 곡선)
2021-08-11 18:00:00,162.33371934699286,ARIMA (+기준 곡선)
2021-08-11 18:15:00,163.05124017548334,ARIMA (+기준 곡선)
2021-08-11 18:30:00,157.31107354782225,ARIMA (+기준 곡선)
2021-08-11 18:45:00,160.39641311021725,ARIMA (+기준 곡선)
2021-08-11 19:00:00,155.373767311006,ARIMA (+기준 곡선)
2021-08-11 19:15:00,150.99689025740594,ARIMA (+기준 곡선)
2021-08-11 19:30:00,154.08222981979117,ARIMA (+기준 곡선)
2021-08-11 19:45:00,135.2114320312883,ARIMA (+기준 곡선)
2021-08-11 20:00:00,118.5649488110114,ARIMA (+기준 곡선)
2021-08-11 20:15:00,124.4486196043883,ARIMA (+기준 곡선)
2021-08-11 20:30:00,122.65481753323895,ARIMA (+기준 곡선)
2021-08-11 20:45:00,119.64123005370664,ARIMA (+기준 곡선)
2021-08-11 21:00:00,117.9191800654026,ARIMA (+기준 곡선)
2021-08-11 21:15:00,116.12537799425232,ARIMA (+기준 곡선)
2021-08-11 21:30:00,117.27341131978926,ARIMA (+기준 곡선)
2021-08-11 21:45:00,117.9909321482499,ARIMA (+기준 곡선)
2021-08-11 22:00:00,99.76590310535744,ARIMA (+기준 곡선)
2021-08-11 22:15:00,110.24170720087857,ARIMA (+기준 곡선)
2021-08-11 22:30:00,110.95922802933904,ARIMA (+기준 곡선)
2021-08-11 22:45:00,109.30893012388032,ARIMA (+기준 곡선)
2021-08-11 23:00:00,108.519657212574,ARIMA (+기준 곡선)
2021-08-11 23:15:00,108.2326488811899,ARIMA (+기준 곡선)
2021-08-11 23:30:00,105.4343176501946,ARIMA (+기준 곡선)
2021-08-11 23:45:00,88.21381776714645,ARIMA (+기준 곡선)
2021-08-12 00:00:00,68.86630206876666,ARIMA (+기준 곡선)
2021-08-12 00:15:00,67.61291477120561,ARIMA (+기준 곡선)
2021-08-12 00:30:00,66.9473339401981,ARIMA (+기준 곡선)
2021-08-12 00:45:00,66.35658838325766,ARIMA (+기준 곡선)
2021-08-12 01:00:00,89.59343216935392,ARIMA (+기준 곡선)
2021-08-12 01:15:00,103.22190067441863,ARIMA (+기준 곡선)
2021-08-12 01:30:00,106.67599556715184,ARIMA (+기준 곡선)
2021-08-12 01:45:00,105.69226286882332,ARIMA (+기준 곡선)
2021-08-12 02:00:00,104.95324767609831,ARIMA (+기준 곡선)
2021-08-12 02:15:00,107.76661812150552,ARIMA (+기준 곡선)
2021-08-12 02:30:00,108.33065283419032,ARIMA (+기준 곡선)
2021-08-12 02:45:00,103.42426719292868,ARIMA (+기준 곡선)
2021-08-12 03:00:00,90.6844067977775,ARIMA (+기준 곡선)
2021-08-12 03:15:00,105.70353806656688,ARIMA (+기준 곡선)
2021-08-12 03:30:00,110.24038382926128,ARIMA (+기준 곡선)
2021-08-12 03:45:00,109.53468660532664,ARIMA (+기준 곡선)
2021-08-12 04:00:00,106.02732200481675,ARIMA (+기준 곡선)
2021-08-12 04:15:00,106.53567810931702,ARIMA (+기준 곡선)
2021-08-12 04:30:00,105.32026525262124,ARIMA (+기준 곡선)
2021-08-12 04:45:00,102.52507278509184,ARIMA (+기준 곡선)
2021-08-12 05:00:00,86.95712381535601,ARIMA (+기준 곡선)
2021-08-12 05:15:00,77.84622649953475,ARIMA (+기준 곡선)
2021-08-12 05:30:00,94.13511014898071,ARIMA (+기준 곡선)
2021-08-12 05:45:00,108.27110373185594,ARIMA (+기준 곡선)
2021-08-12 06:00:00,108.55871018291596,ARIMA (+기준 곡선)
2021-08-12 06:15:00,106.62183327961316,ARIMA (+기준 곡선)
2021-08-12 06:30:00,106.76564562354952,ARIMA (+기준 곡선)
2021-08-12 06:45:00,105.25907309593627,ARIMA (+기준 곡선)
2021-08-12 07:00:00,107.62705061720024,ARIMA (+기준 곡선)
2021-08-12 07:15:00,120.1837790937328,ARIMA (+기준 곡선)
2021-08-12 07:30:00,144.93832949002993,ARIMA (+기준 곡선)
2021-08-12 07:45:00,147.306206950811,ARIMA (+기준 곡선)
2021-08-12 08:00:00,164.7420052368791,ARIMA (+기준 곡선)
2021-08-12 08:15:00,184.9761228581924,ARIMA (+기준 곡선)
2021-08-12 08:30:00,191.14682370284464,ARIMA (+기준 곡선)
2021-08-12 08:45:00,190.5728226307418,ARIMA (+기준 곡선)
2021-08-12 09:00:00,182.17784012882592,ARIMA (+기준 곡선)
2021-08-12 09:15:00,182.96712107314735,ARIMA (+기준 곡선)
2021-08-12 09:30:00,184.617424744751,ARIMA (+기준 곡선)
2021-08-12 09:45:00,185.7654622092597,ARIMA (+기준 곡선)
2021-08-12 10:00:00,151.5397216626798,ARIMA (+기준 곡선)
2021-08-12 10:15:00,183.18239233036627,ARIMA (+기준 곡선)
2021-08-12 10:30:00,185.8372209264517,ARIMA (+기준 곡선)
2021-08-12 10:45:00,184.04341995410525,ARIMA (+기준 곡선)
2021-08-12 11:00:00,183.68466032860323,ARIMA (+기준 곡선)
2021-08-12 11:15:00,188.70730669397923,ARIMA (+기준 곡선)
2021-08-12 11:30:00,190.6446133372105,ARIMA (+기준 곡선)
2021-08-12 11:45:00,187.41576990084693,ARIMA (+기준 곡선)
2021-08-12 12:00:00,125.63722677980128,ARIMA (+기준 곡선)
2021-08-12 12:15:00,105.2596354018287,ARIMA (+기준 곡선)
2021-08-12 12:30:00,105.54664384109984,ARIMA (+기준 곡선)
2021-08-12 12:45:00,107.84271056961484,ARIMA (+기준 곡선)
2021-08-12 13:00:00,157.13639154042846,ARIMA (+기준 곡선)
2021-08-12 13:15:00,181.4603476651356,ARIMA (+기준 곡선)
2021-08-12 13:30:00,184.1151747590804,ARIMA (+기준 곡선)
2021-08-12 13:45:00,184.5456872767157,ARIMA (+기준 곡선)
2021-08-12 14:00:00,180.52757065209525,ARIMA (+기준 곡선)
2021-08-12 14:15:00,182.6083810652232,ARIMA (+기준 곡선)
2021-08-12 14:30:00,183.97167064690157,ARIMA (+기준 곡선)
2021-08-12 14:45:00,182.68013316113093,ARIMA (+기준 곡선)
2021-08-12 15:00:00,145.0102896708808,ARIMA (+기준 곡선)
2021-08-12 15:15:00,142.78597510546598,ARIMA (+기준 곡선)
2021-08-12 15:30:00,176.93996654219677,ARIMA (+기준 곡선)
2021-08-12 15:45:00,180.52757068594744,ARIMA (+기준 곡선)
2021-08-12 16:00:00,177.58573529030014,ARIMA (+기준 곡선)
2021-08-12 16:15:00,171.7020644976719,ARIMA (+기준 곡선)
2021-08-12 16:30:00,170.9845436697475,ARIMA (+기준 곡선)
2021-08-12 16:45:00,168.25796452198284,ARIMA (+기준 곡선)
2021-08-12 17:00:00,120.97334192672254,ARIMA (+기준 곡선)
2021-08-12 17:15:00,110.06702533432356,ARIMA (+기준 곡선)
2021-08-12 17:30:00,149.96118339686075,ARIMA (+기준 곡선)
2021-08-12 17:45:00,165.31612912601415,ARIMA (+기준 곡선)
2021-08-12 18:00:00,165.17262496039535,ARIMA (+기준 곡선)
2021-08-12 18:15:00,165.89014578890834,ARIMA (+기준 곡선)
2021-08-12 18:30:00,160.1499791612634,ARIMA (+기준 곡선)
2021-08-12 18:45:00,163.23531872367,ARIMA (+기준 곡선)
2021-08-12 19:00:00,158.21267292446703,ARIMA (+기준 곡선)
2021-08-12 19:15:00,153.83579587087294,ARIMA (+기준 곡선)
2021-08-12 19:30:00,156.92113543326246,ARIMA (+기준 곡선)
2021-08-12 19:45:00,138.05033764476266,ARIMA (+기준 곡선)
2021-08-12 20:00:00,121.40385442448796,ARIMA (+기준 곡선)
2021-08-12 20:15:00,127.28752521786646,ARIMA (+기준 곡선)
2021-08-12 20:30:00,125.49372314671828,ARIMA (+기준 곡선)
2021-08-12 20:45:00,122.48013566718676,ARIMA (+기준 곡선)
2021-08-12 21:00:00,120.75808567888328,ARIMA (+기준 곡선)
2021-08-12 21:15:00,118.96428360773344,ARIMA (+기준 곡선)
2021-08-12 21:30:00,120.11231693327068,ARIMA (+기준 곡선)
2021-08-12 21:45:00,120.82983776173154,ARIMA (+기준 곡선)
2021-08-12 22:00:00,102.60480871883924,ARIMA (+기준 곡선)
2021-08-12 22:15:00,113.08061281436048,ARIMA (+기준 곡선)
2021-08-12 22:30:00,113.798133642821,ARIMA (+기준 곡선)
2021-08-12 22:45:00,112.14783573736236,ARIMA (+기준 곡선)
2021-08-12 23:00:00,111.35856282605609,ARIMA (+기준 곡선)
2021-08-12 23:15:00,111.071554494672,ARIMA (+기준 곡선)
2021-08-12 23:30:00,108.27322326367675,ARIMA (+기준 곡선)
2021-08-12 23:45:00,91.0527233806286,ARIMA (+기준 곡선)
2021-08-13 00:00:00,69.0728114135025,ARIMA (+기준 곡선)
2021-08-13 00:15:00,67.55553491746448,ARIMA (+기준 곡선)
2021-08-13 00:30:00,66.84529332108283,ARIMA (+기준 곡선)
2021-08-13 00:45:00,66.37648836683519,ARIMA (+기준 곡선)
2021-08-13 01:00:00,89.66423396425161,ARIMA (+기준 곡선)
2021-08-13 01:15:00,103.30990656939755,ARIMA (+기준 곡선)
2021-08-13 01:30:00,106.78369572296478,ARIMA (+기준 곡선)
2021-08-13 01:45:00,105.81625788039374,ARIMA (+기준 곡선)
2021-08-13 02:00:00,105.0876346428668,ARIMA (+기준 곡선)
2021-08-13 02:15:00,107.90827103971644,ARIMA (+기준 곡선)
2021-08-13 02:30:00,108.477734412178,ARIMA (+기준 곡선)
2021-08-13 02:45:00,103.57525341562304,ARIMA (+기준 곡선)
2021-08-13 03:00:00,90.83816330142974,ARIMA (+기준 곡선)
2021-08-13 03:15:00,105.85928509751034,ARIMA (+기준 곡선)
2021-08-13 03:30:00,110.39756431259843,ARIMA (+기준 곡선)
2021-08-13 03:45:00,109.69289527644732,ARIMA (+기준 곡선)
2021-08-13 04:00:00,106.18626809814997,ARIMA (+기준 곡선)
2021-08-13 04:15:00,106.6951537010396,ARIMA (+기준 곡선)
2021-08-13 04:30:00,105.4801209962962,ARIMA (+기준 곡선)
2021-08-13 04:45:00,102.68520137103884,ARIMA (+기준 곡선)
2021-08-13 05:00:00,87.11744824114835,ARIMA (+기준 곡선)
2021-08-13 05:15:00,78.00669150599273,ARIMA (+기준 곡선)
2021-08-13 05:30:00,94.29567606567814,ARIMA (+기준 곡선)
2021-08-13 05:45:00,108.43174208160129,ARIMA (+기준 곡선)
2021-08-13 06:00:00,108.71940052551972,ARIMA (+기준 곡선)
2021-08-13 06:15:00,106.78256094312788,ARIMA (+기준 곡선)
2021-08-13 06:30:00,106.926400076218,ARIMA (+기준 곡선)
2021-08-13 06:45:00,105.41984677799584,ARIMA (+기준 곡선)
2021-08-13 07:00:00,107.78783810223206,ARIMA (+기준 곡선)
2021-08-13 07:15:00,120.34457648662068,ARIMA (+기준 곡선)
2021-08-13 07:30:00,145.09913399483355,ARIMA (+기준 곡선)
2021-08-13 07:45:00,147.46701656058875,ARIMA (+기준 곡선)
2021-08-13 08:00:00,164.90281851103703,ARIMA (+기준 곡선)
2021-08-13 08:15:00,185.13693876266373,ARIMA (+기준 곡선)
2021-08-13 08:30:00,191.30764149537012,ARIMA (+기준 곡선)
2021-08-13 08:45:00,190.7336417785236,ARIMA (+기준 곡선)
2021-08-13 09:00:00,182.33866024941847,ARIMA (+기준 곡선)
2021-08-13 09:15:00,183.1279418920292,ARIMA (+기준 곡선)
2021-08-13 09:30:00,184.77824606486888,ARIMA (+기준 곡선)
2021-08-13 09:45:00,185.9262838891678,ARIMA (+기준 곡선)
2021-08-13 10:00:00,151.7005436008473,ARIMA (+기준 곡선)
2021-08-13 10:15:00,183.34321445391396,ARIMA (+기준 곡선)
2021-08-13 10:30:00,185.99804318306636,ARIMA (+기준 곡선)
2021-08-13 10:45:00,184.20424230623607,ARIMA (+기준 곡선)
2021-08-13 11:00:00,183.8454827492961,ARIMA (+기준 곡선)
2021-08-13 11:15:00,188.86812916388644,ARIMA (+기준 곡선)
2021-08-13 11:30:00,190.805435842444,ARIMA (+기준 곡선)
2021-08-13 11:45:00,187.57659243143783,ARIMA (+기준 곡선)
2021-08-13 12:00:00,125.79804932859388,ARIMA (+기준 곡선)
2021-08-13 12:15:00,105.4204579636866,ARIMA (+기준 곡선)
2021-08-13 12:30:00,105.70746641233607,ARIMA (+기준 곡선)
2021-08-13 12:45:00,108.0035331475829,ARIMA (+기준 곡선)
2021-08-13 13:00:00,157.29721412322868,ARIMA (+기준 곡선)
2021-08-13 13:15:00,181.62117025140432,ARIMA (+기준 곡선)
2021-08-13 13:30:00,184.2759973478389,ARIMA (+기준 곡선)
2021-08-13 13:45:00,184.70650986726136,ARIMA (+기준 곡선)
2021-08-13 14:00:00,180.6883932439237,ARIMA (+기준 곡선)
2021-08-13 14:15:00,182.76920365797247,ARIMA (+기준 곡선)
2021-08-13 14:30:00,184.1324932403118,ARIMA (+기준 곡선)
2021-08-13 14:45:00,182.8409557550156,ARIMA (+기준 곡선)
2021-08-13 15:00:00,145.17111226510607,ARIMA (+기준 곡선)
2021-08-13 15:15:00,142.94679769993567,ARIMA (+기준 곡선)
2021-08-13 15:30:00,177.10078913684197,ARIMA (+기준 곡선)
2021-08-13 15:45:00,180.6883932807186,ARIMA (+기준 곡선)
2021-08-13 16:00:00,177.74655788516168,ARIMA (+기준 곡선)
2021-08-13 16:15:00,171.86288709259833,ARIMA (+기준 곡선)
2021-08-13 16:30:00,171.14536626472054,ARIMA (+기준 곡선)
2021-08-13 16:45:00,168.4187871169893,ARIMA (+기준 곡선)
2021-08-13 17:00:00,121.13416452175302,ARIMA (+기준 곡선)
2021-08-13 17:15:00,110.22784792937126,ARIMA (+기준 곡선)
2021-08-13 17:30:00,150.12200599192082,ARIMA (+기준 곡선)
2021-08-13 17:45:00,165.4769517210831,ARIMA (+기준 곡선)
2021-08-13 18:00:00,165.33344755547068,ARIMA (+기준 곡선)
2021-08-13 18:15:00,166.05096838398822,ARIMA (+기준 곡선)
2021-08-13 18:30:00,160.31080175634656,ARIMA (+기준 곡선)
2021-08-13 18:45:00,163.39614131875553,ARIMA (+기준 곡선)
2021-08-13 19:00:00,158.37349551955427,ARIMA (+기준 곡선)
2021-08-13 19:15:00,153.99661846596138,ARIMA (+기준 곡선)
2021-08-13 19:30:00,157.08195802835175,ARIMA (+기준 곡선)
2021-08-13 19:45:00,138.2111602398526,ARIMA (+기준 곡선)
2021-08-13 20:00:00,121.56467701957834,ARIMA (+기준 곡선)
2021-08-13 20:15:00,127.44834781295717,ARIMA (+기준 곡선)
2021-08-13 20:30:00,125.65454574180922,ARIMA (+기준 곡선)
2021-08-13 20:45:00,122.64095826227786,ARIMA (+기준 곡선)
2021-08-13 21:00:00,120.91890827397452,ARIMA (+기준 곡선)
2021-08-13 21:15:00,119.12510620282475,ARIMA (+기준 곡선)
2021-08-13 21:30:00,120.27313952836204,ARIMA (+기준 곡선)
2021-08-13 21:45:00,120.99066035682296,ARIMA (+기준 곡선)
2021-08-13 22:00:00,102.7656313139307,ARIMA (+기준 곡선)
2021-08-13 22:15:00,113.24143540945197,ARIMA (+기준 곡선)
2021-08-13 22:30:00,113.9589562379125,ARIMA (+기준 곡선)
2021-08-13 22:45:00,112.30865833245386,ARIMA (+기준 곡선)
2021-08-13 23:00:00,111.5193854211476,ARIMA (+기준 곡선)
2021-08-13 23:15:00,111.23237708976352,ARIMA (+기준 곡선)
2021-08-13 23:30:00,108.43404585876829,ARIMA (+기준 곡선)
2021-08-13 23:45:00,91.21354597572014,ARIMA (+기준 곡선)
2021-08-14 00:00:00,58.37714728119924,ARIMA (+기준 곡선)
2021-08-14 00:15:00,55.51229878750279,ARIMA (+기준 곡선)
2021-08-14 00:30:00,56.396264380507205,ARIMA (+기준 곡선)
2021-08-14 00:45:00,58.81935893800021,ARIMA (+기준 곡선)
2021-08-14 01:00:00,86.37704438168426,ARIMA (+기준 곡선)
2021-08-14 01:15:00,98.45158336596576,ARIMA (+기준 곡선)
2021-08-14 01:30:00,98.73816200487482,ARIMA (+기준 곡선)
2021-08-14 01:45:00,98.63545854808528,ARIMA (+기준 곡선)
2021-08-14 02:00:00,100.43034431178953,ARIMA (+기준 곡선)
2021-08-14 02:15:00,98.37479943951368,ARIMA (+기준 곡선)
2021-08-14 02:30:00,95.25699475780536,ARIMA (+기준 곡선)
2021-08-14 02:45:00,92.34918166224504,ARIMA (+기준 곡선)
2021-08-14 03:00:00,81.87751696207876,ARIMA (+기준 곡선)
2021-08-14 03:15:00,94.73969510959596,ARIMA (+기준 곡선)
2021-08-14 03:30:00,99.55028913096442,ARIMA (+기준 곡선)
2021-08-14 03:45:00,102.34080216805862,ARIMA (+기준 곡선)
2021-08-14 04:00:00,101.8586757285376,ARIMA (+기준 곡선)
2021-08-14 04:15:00,95.3436908162854,ARIMA (+기준 곡선)
2021-08-14 04:30:00,96.3585959440208,ARIMA (+기준 곡선)
2021-08-14 04:45:00,95.61264706587892,ARIMA (+기준 곡선)
2021-08-14 05:00:00,76.78307147190702,ARIMA (+기준 곡선)
2021-08-14 05:15:00,66.74161736973223,ARIMA (+기준 곡선)
2021-08-14 05:30:00,86.58382286280988,ARIMA (+기준 곡선)
2021-08-14 05:45:00,98.38901774853284,ARIMA (+기준 곡선)
2021-08-14 06:00:00,98.64156932412602,ARIMA (+기준 곡선)
2021-08-14 06:15:00,92.11314855678364,ARIMA (+기준 곡선)
2021-08-14 06:30:00,92.1138798371608,ARIMA (+기준 곡선)
2021-08-14 06:45:00,87.84515582507541,ARIMA (+기준 곡선)
2021-08-14 07:00:00,87.34326803378194,ARIMA (+기준 곡선)
2021-08-14 07:15:00,74.78692399679902,ARIMA (+기준 곡선)
2021-08-14 07:30:00,46.91143394964494,ARIMA (+기준 곡선)
2021-08-14 07:45:00,28.327783846284092,ARIMA (+기준 곡선)
2021-08-14 08:00:00,23.30523807600052,ARIMA (+기준 곡선)
2021-08-14 08:15:00,22.55191300747015,ARIMA (+기준 곡선)
2021-08-14 08:30:00,21.547435387053525,ARIMA (+기준 곡선)
2021-08-14 08:45:00,21.54747238235388,ARIMA (+기준 곡선)
2021-08-14 09:00:00,22.0497635177174,ARIMA (+기준 곡선)
2021-08-14 09:15:00,23.05431173921173,ARIMA (+기준 곡선)
2021-08-14 09:30:00,22.30092855189126,ARIMA (+기준 곡선)
2021-08-14 09:45:00,22.04980608335317,ARIMA (+기준 곡선)
2021-08-14 10:00:00,22.300945423188747,ARIMA (+기준 곡선)
2021-08-14 10:15:00,23.305479643474012,ARIMA (+기준 곡선)
2021-08-14 10:30:00,22.55208640600442,ARIMA (+기준 곡선)
2021-08-14 10:45:00,22.30095672341098,ARIMA (+기준 곡선)
2021-08-14 11:00:00,23.30548775483911,ARIMA (+기준 곡선)
2021-08-14 11:15:00,23.556621388233832,ARIMA (+기준 곡선)
2021-08-14 11:30:00,23.55662235255827,ARIMA (+기준 곡선)
2021-08-14 11:45:00,23.55662304475595,ARIMA (+기준 곡선)
2021-08-14 12:00:00,22.300962091813865,ARIMA (+기준 곡선)
2021-08-14 12:15:00,21.045300998659776,ARIMA (+기준 곡선)
2021-08-14 12:30:00,22.55209499443302,ARIMA (+기준 곡선)
2021-08-14 12:45:00,22.300962888234867,ARIMA (+기준 곡선)
2021-08-14 13:00:00,21.798698440218757,ARIMA (+기준 곡선)
2021-08-14 13:15:00,22.04983082486285,ARIMA (+기준 곡선)
2021-08-14 13:30:00,20.794169443021254,ARIMA (+기준 곡선)
2021-08-14 13:45:00,20.543037201845085,ARIMA (+기준 곡선)
2021-08-14 14:00:00,20.794169526824323,ARIMA (+기준 곡선)
2021-08-14 14:15:00,20.794169551960533,ARIMA (+기준 곡선)
2021-08-14 14:30:00,20.54303728004233,ARIMA (+기준 곡선)
2021-08-14 14:45:00,21.04530187291588,ARIMA (+기준 곡선)
2021-08-14 15:00:00,22.80322791194024,ARIMA (+기준 곡선)
2021-08-14 15:15:00,22.803227918613334,ARIMA (+기준 곡선)
2021-08-14 15:30:00,20.794169603714376,ARIMA (+기준 곡선)
2021-08-14 15:45:00,22.04983105695825,ARIMA (+기준 곡선)
2021-08-14 16:00:00,22.04983105942627,ARIMA (+기준 곡선)
2021-08-14 16:15:00,21.798698771236715,ARIMA (+기준 곡선)
2021-08-14 16:30:00,21.29643419258611,ARIMA (+기준 곡선)
2021-08-14 16:45:00,20.54303732361554,ARIMA (+기준 곡선)
2021-08-14 17:00:00,20.543037324270745,ARIMA (+기준 곡선)
2021-08-14 17:15:00,20.54303732474105,ARIMA (+기준 곡선)
2021-08-14 17:30:00,20.543037325078643,ARIMA (+기준 곡선)
2021-08-14 17:45:00,20.291905035359846,ARIMA (+기준 곡선)
2021-08-14 18:00:00,20.291905035533787,ARIMA (+기준 곡선)
2021-08-14 18:15:00,21.045301905542,ARIMA (+기준 곡선)
2021-08-14 18:30:00,21.296434195592745,ARIMA (+기준 곡선)
2021-08-14 18:45:00,21.798698775579314,ARIMA (+기준 곡선)
2021-08-14 19:00:00,22.30096335554773,ARIMA (+기준 곡선)
2021-08-14 19:15:00,22.803227935503116,ARIMA (+기준 곡선)
2021-08-14 19:30:00,21.29643419576019,ARIMA (+기준 곡선)
2021-08-14 19:45:00,20.54303732589392,ARIMA (+기준 곡선)
2021-08-14 20:00:00,20.291905035945053,ARIMA (+기준 곡선)
2021-08-14 20:15:00,20.040772745992737,ARIMA (+기준 곡선)
2021-08-14 20:30:00,20.79416961588241,ARIMA (+기준 곡선)
2021-08-14 20:45:00,20.794169615886943,ARIMA (+기준 곡선)
2021-08-14 21:00:00,21.296434195812434,ARIMA (+기준 곡선)
2021-08-14 21:15:00,21.04530190585365,ARIMA (+기준 곡선)
2021-08-14 21:30:00,21.04530190585533,ARIMA (+기준 곡선)
2021-08-14 21:45:00,21.045301905856533,ARIMA (+기준 곡선)
2021-08-14 22:00:00,22.300963355662997,ARIMA (+기준 곡선)
2021-08-14 22:15:00,22.55209564562473,ARIMA (+기준 곡선)
2021-08-14 22:30:00,24.058889385391893,ARIMA (+기준 곡선)
2021-08-14 22:45:00,21.547566485781022,ARIMA (+기준 곡선)
2021-08-14 23:00:00,20.794169615897893,ARIMA (+기준 곡선)
2021-08-14 23:15:00,20.29190503597582,ARIMA (+기준 곡선)
2021-08-14 23:30:00,20.543037325937057,ARIMA (+기준 곡선)
2021-08-14 23:45:00,21.04530190585938,ARIMA (+기준 곡선)
2021-08-15 00:00:00,20.26741066178687,ARIMA (+기준 곡선)
2021-08-15 00:15:00,20.54056740413469,ARIMA (+기준 곡선)
2021-08-15 00:30:00,21.34349208301474,ARIMA (+기준 곡선)
2021-08-15 00:45:00,21.53546669863488,ARIMA (+기준 곡선)
2021-08-15 01:00:00,21.76007429803228,ARIMA (+기준 곡선)
2021-08-15 01:15:00,21.97629892271761,ARIMA (+기준 곡선)
2021-08-15 01:30:00,22.58569639798197,ARIMA (+기준 곡선)
2021-08-15 01:45:00,22.79207204767944,ARIMA (+기준 곡선)
2021-08-15 02:00:00,22.19385709565237,ARIMA (+기준 곡선)
2021-08-15 02:15:00,21.192403000405957,ARIMA (+기준 곡선)
2021-08-15 02:30:00,20.59182239714741,ARIMA (+기준 곡선)
2021-08-15 02:45:00,20.794292349185472,ARIMA (+기준 곡선)
2021-08-15 03:00:00,20.79542260057803,ARIMA (+기준 곡선)
2021-08-15 03:15:00,20.997134495615544,ARIMA (+기준 곡선)
2021-08-15 03:30:00,20.997712486549243,ARIMA (+기준 곡선)
2021-08-15 03:45:00,20.5963165467909,ARIMA (+기준 곡선)
2021-08-15 04:00:00,21.802049955838324,ARIMA (+기준 곡선)
2021-08-15 04:15:00,22.4049815317186,ARIMA (+기준 곡선)
2021-08-15 04:30:00,21.400606050835563,ARIMA (+기준 곡선)
2021-08-15 04:45:00,20.79799888419197,ARIMA (+기준 곡선)
2021-08-15 05:00:00,21.601701403673697,ARIMA (+기준 곡선)
2021-08-15 05:15:00,21.60175824557765,ARIMA (+기준 곡선)
2021-08-15 05:30:00,21.199987383815632,ARIMA (+기준 곡선)
2021-08-15 05:45:00,20.597299176217174,ARIMA (+기준 곡선)
2021-08-15 06:00:00,20.195508535462334,ARIMA (+기준 곡선)
2021-08-15 06:15:00,20.5973352899359,ARIMA (+기준 곡선)
2021-08-15 06:30:00,20.597346122032725,ARIMA (+기준 곡선)
2021-08-15 06:45:00,20.39644806540758,ARIMA (+기준 곡선)
2021-08-15 07:00:00,20.195547814622003,ARIMA (+기준 곡선)
2021-08-15 07:15:00,20.798269316734544,ARIMA (+기준 곡선)
2021-08-15 07:30:00,22.204613016195136,ARIMA (+기준 곡선)
2021-08-15 07:45:00,21.400991752498083,ARIMA (+기준 곡선)
2021-08-15 08:00:00,20.59736990630176,ARIMA (+기준 곡선)
2021-08-15 08:15:00,22.4055234575798,ARIMA (+기준 곡선)
2021-08-15 08:30:00,21.20008922919453,ARIMA (+기준 곡선)
2021-08-15 08:45:00,20.59737228128096,ARIMA (+기준 곡선)
2021-08-15 09:00:00,20.5973726746336,ARIMA (+기준 곡선)
2021-08-15 09:15:00,21.601902116828885,ARIMA (+기준 곡선)
2021-08-15 09:30:00,20.798278991626358,ARIMA (+기준 곡선)
2021-08-15 09:45:00,20.39646747316845,ARIMA (+기준 곡선)
2021-08-15 10:00:00,20.59737340956365,ARIMA (+기준 곡선)
2021-08-15 10:15:00,20.39646765255257,ARIMA (+기준 곡선)
2021-08-15 10:30:00,20.99918520226441,ARIMA (+기준 곡선)
2021-08-15 10:45:00,21.20009107285496,ARIMA (+기준 곡선)
2021-08-15 11:00:00,22.00371442845338,ARIMA (+기준 곡선)
2021-08-15 11:15:00,23.61096110410416,ARIMA (+기준 곡선)
2021-08-15 11:30:00,23.00824362248154,ARIMA (+기준 곡선)
2021-08-15 11:45:00,21.601902808952453,ARIMA (+기준 곡선)
2021-08-15 12:00:00,21.601902816312247,ARIMA (+기준 곡선)
2021-08-15 12:15:00,21.20009115765736,ARIMA (+기준 곡선)
2021-08-15 12:30:00,21.802808657356145,ARIMA (+기준 곡선)
2021-08-15 12:45:00,21.20009116417145,ARIMA (+기준 곡선)
2021-08-15 13:00:00,21.200091166125308,ARIMA (+기준 곡선)
2021-08-15 13:15:00,21.40099699949669,ARIMA (+기준 곡선)
2021-08-15 13:30:00,20.999185336565624,ARIMA (+기준 곡선)
2021-08-15 13:45:00,20.79827950531936,ARIMA (+기준 곡선)
2021-08-15 14:00:00,21.400997001744745,ARIMA (+기준 곡선)
2021-08-15 14:15:00,21.601902834085973,ARIMA (+기준 곡선)
2021-08-15 14:30:00,23.209149490104394,ARIMA (+기준 곡선)
2021-08-15 14:45:00,23.610961154234023,ARIMA (+기준 곡선)
2021-08-15 15:00:00,22.204620330589467,ARIMA (+기준 곡선)
2021-08-15 15:15:00,22.20462033068831,ARIMA (+기준 곡선)
2021-08-15 15:30:00,21.601902834852574,ARIMA (+기준 곡선)
2021-08-15 15:45:00,21.40099700293461,ARIMA (+기준 곡선)
2021-08-15 16:00:00,22.00371449887785,ARIMA (+기준 곡선)
2021-08-15 16:15:00,21.8028086669352,ARIMA (+기준 곡선)
2021-08-15 16:30:00,21.400997003016244,ARIMA (+기준 곡선)
2021-08-15 16:45:00,22.003714498936453,ARIMA (+기준 곡선)
2021-08-15 17:00:00,20.79827950713279,ARIMA (+기준 곡선)
2021-08-15 17:15:00,20.99918533910865,ARIMA (+기준 곡선)
2021-08-15 17:30:00,20.798279507144755,ARIMA (+기준 곡선)
2021-08-15 17:45:00,22.003714498961717,ARIMA (+기준 곡선)
2021-08-15 18:00:00,22.606431994870977,ARIMA (+기준 곡선)
2021-08-15 18:15:00,23.20914949077951,ARIMA (+기준 곡선)
2021-08-15 18:30:00,20.5973736751852,ARIMA (+기준 곡선)
2021-08-15 18:45:00,20.59737367518615,ARIMA (+기준 곡선)
2021-08-15 19:00:00,20.59737367518684,ARIMA (+기준 곡선)
2021-08-15 19:15:00,20.597373675187328,ARIMA (+기준 곡선)
2021-08-15 19:30:00,20.79827950715658,ARIMA (+기준 곡선)
2021-08-15 19:45:00,21.400997003063512,ARIMA (+기준 곡선)
2021-08-15 20:00:00,20.597373675188116,ARIMA (+기준 곡선)
2021-08-15 20:15:00,20.798279507157144,ARIMA (+기준 곡선)
2021-08-15 20:30:00,20.195562011250548,ARIMA (+기준 곡선)
2021-08-15 20:45:00,20.798279507157304,ARIMA (+기준 곡선)
2021-08-15 21:00:00,22.40552616290851,ARIMA (+기준 곡선)
2021-08-15 21:15:00,23.209149490784124,ARIMA (+기준 곡선)
2021-08-15 21:30:00,22.606431994877465,ARIMA (+기준 곡선)
2021-08-15 21:45:00,22.405526162908583,ARIMA (+기준 곡선)
2021-08-15 22:00:00,20.79827950715744,ARIMA (+기준 곡선)
2021-08-15 22:15:00,20.999185339126345,ARIMA (+기준 곡선)
2021-08-15 22:30:00,21.40099700306414,ARIMA (+기준 곡선)
2021-08-15 22:45:00,21.20009117109525,ARIMA (+기준 곡선)
2021-08-15 23:00:00,21.40099700306415,ARIMA (+기준 곡선)
2021-08-15 23:15:00,21.40099700306415,ARIMA (+기준 곡선)
2021-08-15 23:30:00,20.396467843219675,ARIMA (+기준 곡선)
2021-08-15 23:45:00,20.79827950715747,ARIMA (+기준 곡선)
2021-08-16 00:00:00,22.213830962845677,ARIMA (+기준 곡선)
2021-08-16 00:15:00,23.03463631532142,ARIMA (+기준 곡선)
2021-08-16 00:30:00,24.373184889100614,ARIMA (+기준 곡선)
2021-08-16 00:45:00,23.534214404468926,ARIMA (+기준 곡선)
2021-08-16 01:00:00,21.89292390380961,ARIMA (+기준 곡선)
2021-08-16 01:15:00,22.868683760334324,ARIMA (+기준 곡선)
2021-08-16 01:30:00,22.44876681820139,ARIMA (+기준 곡선)
2021-08-16 01:45:00,21.43204008391944,ARIMA (+기준 곡선)
2021-08-16 02:00:00,21.823218624847303,ARIMA (+기준 곡선)
2021-08-16 02:15:00,21.21397102693349,ARIMA (+기준 곡선)
2021-08-16 02:30:00,21.609890522656794,ARIMA (+기준 곡선)
2021-08-16 02:45:00,22.207882880058044,ARIMA (+기준 곡선)
2021-08-16 03:00:00,22.405663915366038,ARIMA (+기준 곡선)
2021-08-16 03:15:00,21.80169051063783,ARIMA (+기준 곡선)
2021-08-16 03:30:00,21.80017322448361,ARIMA (+기준 곡선)
2021-08-16 03:45:00,23.40411601798128,ARIMA (+기준 곡선)
2021-08-16 04:00:00,23.00204527937559,ARIMA (+기준 곡선)
2021-08-16 04:15:00,21.998299124916432,ARIMA (+기준 곡선)
2021-08-16 04:30:00,21.39597488974993,ARIMA (+기준 곡선)
2021-08-16 04:45:00,21.395660773001985,ARIMA (+기준 곡선)
2021-08-16 05:00:00,22.398587893154403,ARIMA (+기준 곡선)
2021-08-16 05:15:00,21.59589551119682,ARIMA (+기준 곡선)
2021-08-16 05:30:00,20.993879606414914,ARIMA (+기준 곡선)
2021-08-16 05:45:00,21.194421778873,ARIMA (+기준 곡선)
2021-08-16 06:00:00,21.796250570691875,ARIMA (+기준 곡선)
2021-08-16 06:15:00,21.79620311746291,ARIMA (+기준 곡선)
2021-08-16 06:30:00,21.39490594322372,ARIMA (+기준 곡선)
2021-08-16 06:45:00,22.59866830075333,ARIMA (+기준 곡선)
2021-08-16 07:00:00,28.015694194352527,ARIMA (+기준 곡선)
2021-08-16 07:15:00,43.66491993149094,ARIMA (+기준 곡선)
2021-08-16 07:30:00,74.76275723123003,ARIMA (+기준 곡선)
2021-08-16 07:45:00,116.29342331678248,ARIMA (+기준 곡선)
2021-08-16 08:00:00,160.43229787229038,ARIMA (+기준 곡선)
2021-08-16 08:15:00,194.7402415252293,ARIMA (+기준 곡선)
2021-08-16 08:30:00,198.75286417412477,ARIMA (+기준 곡선)
2021-08-16 08:45:00,189.9250861832973,ARIMA (+기준 곡선)
2021-08-16 09:00:00,185.10993417711612,ARIMA (+기준 곡선)
2021-08-16 09:15:00,179.49225748487964,ARIMA (+기준 곡선)
2021-08-16 09:30:00,183.7055134014988,ARIMA (+기준 곡선)
2021-08-16 09:45:00,181.69920010712733,ARIMA (+기준 곡선)
2021-08-16 10:00:00,151.0026151069763,ARIMA (+기준 곡선)
2021-08-16 10:15:00,186.1130873577341,ARIMA (+기준 곡선)
2021-08-16 10:30:00,189.1225562099508,ARIMA (+기준 곡선)
2021-08-16 10:45:00,190.3263436769065,ARIMA (+기준 곡선)
2021-08-16 11:00:00,189.32318719871347,ARIMA (+기준 곡선)
2021-08-16 11:15:00,191.12886855741783,ARIMA (+기준 곡선)
2021-08-16 11:30:00,185.1099303410397,ARIMA (+기준 곡선)
2021-08-16 11:45:00,179.29162341360365,ARIMA (+기준 곡선)
2021-08-16 12:00:00,130.93948688565823,ARIMA (+기준 곡선)
2021-08-16 12:15:00,111.47825350025568,ARIMA (+기준 곡선)
2021-08-16 12:30:00,108.46878440582392,ARIMA (+기준 곡선)
2021-08-16 12:45:00,108.87004693618024,ARIMA (+기준 곡선)
2021-08-16 13:00:00,151.80513908314214,ARIMA (+기준 곡선)
2021-08-16 13:15:00,175.0783666002527,ARIMA (+기준 곡선)
2021-08-16 13:30:00,182.90298619376347,ARIMA (+기준 곡선)
2021-08-16 13:45:00,178.68972948307683,ARIMA (+기준 곡선)
2021-08-16 14:00:00,177.08467930627472,ARIMA (+기준 곡선)
2021-08-16 14:15:00,180.29477965244084,ARIMA (+기준 곡선)
2021-08-16 14:30:00,182.30109236858627,ARIMA (+기준 곡선)
2021-08-16 14:45:00,177.08467930177594,ARIMA (+기준 곡선)
2021-08-16 15:00:00,141.57294419954252,ARIMA (+기준 곡선)
2021-08-16 15:15:00,142.9773631012961,ARIMA (+기준 곡선)
2021-08-16 15:30:00,180.6960421917013,ARIMA (+기준 곡선)
2021-08-16 15:45:00,185.9124552571522,ARIMA (+기준 곡선)
2021-08-16 16:00:00,177.68657311478674,ARIMA (+기준 곡선)
2021-08-16 16:15:00,170.6644786030385,ARIMA (+기준 곡선)
2021-08-16 16:30:00,174.07521022283603,ARIMA (+기준 곡선)
2021-08-16 16:45:00,170.26321605931724,ARIMA (+기준 곡선)
2021-08-16 17:00:00,135.3533747730735,ARIMA (+기준 곡선)
2021-08-16 17:15:00,118.90161048873566,ARIMA (+기준 곡선)
2021-08-16 17:30:00,144.18115073042023,ARIMA (+기준 곡선)
2021-08-16 17:45:00,157.2221833947742,ARIMA (+기준 곡선)
2021-08-16 18:00:00,158.2253397535549,ARIMA (+기준 곡선)
2021-08-16 18:15:00,150.80198269843444,ARIMA (+기준 곡선)
2021-08-16 18:30:00,150.60135142666536,ARIMA (+기준 곡선)
2021-08-16 18:45:00,144.3817820021089,ARIMA (+기준 곡선)
2021-08-16 19:00:00,145.1843070891426,ARIMA (+기준 곡선)
2021-08-16 19:15:00,149.19693252433223,ARIMA (+기준 곡선)
2021-08-16 19:30:00,142.37546928450098,ARIMA (+기준 곡선)
2021-08-16 19:45:00,118.09908540157969,ARIMA (+기준 곡선)
2021-08-16 20:00:00,107.8668905418354,ARIMA (+기준 곡선)
2021-08-16 20:15:00,113.48456615110496,ARIMA (+기준 곡선)
2021-08-16 20:30:00,121.50981702149078,ARIMA (+기준 곡선)
2021-08-16 20:45:00,120.10539811917256,ARIMA (+기준 곡선)
2021-08-16 21:00:00,117.89845412981586,ARIMA (+기준 곡선)
2021-08-16 21:15:00,120.90792320621053,ARIMA (+기준 곡선)
2021-08-16 21:30:00,116.09277268397838,ARIMA (+기준 곡선)
2021-08-16 21:45:00,110.27446580294796,ARIMA (+기준 곡선)
2021-08-16 22:00:00,98.03595822560834,ARIMA (+기준 곡선)
2021-08-16 22:15:00,108.4687843571108,ARIMA (+기준 곡선)
2021-08-16 22:30:00,112.48140979230402,ARIMA (+기준 곡선)
2021-08-16 22:45:00,112.8826723358233,ARIMA (+기준 곡선)
2021-08-16 23:00:00,111.4782534335056,ARIMA (+기준 곡선)
2021-08-16 23:15:00,109.87320325942828,ARIMA (+기준 곡선)
2021-08-16 23:30:00,101.04542730200303,ARIMA (+기준 곡선)
2021-08-16 23:45:00,79.77851249547865,ARIMA (+기준 곡선)
2021-08-17 00:00:00,71.05546216158851,ARIMA (+기준 곡선)
2021-08-17 00:15:00,62.47428659105157,ARIMA (+기준 곡선)
2021-08-17 00:30:00,58.36930737705634,ARIMA (+기준 곡선)
2021-08-17 00:45:00,54.749074783357045,ARIMA (+기준 곡선)
2021-08-17 01:00:00,77.60052763667802,ARIMA (+기준 곡선)
2021-08-17 01:15:00,87.91256195572551,ARIMA (+기준 곡선)
2021-08-17 01:30:00,89.72386770414278,ARIMA (+기준 곡선)
2021-08-17 01:45:00,87.94229668350864,ARIMA (+기준 곡선)
2021-08-17 02:00:00,87.42330462607242,ARIMA (+기준 곡선)
2021-08-17 02:15:00,90.52647021290409,ARIMA (+기준 곡선)
2021-08-17 02:30:00,89.80879201458515,ARIMA (+기준 곡선)
2021-08-17 02:45:00,86.08416172863414,ARIMA (+기준 곡선)
2021-08-17 03:00:00,73.76387369990312,ARIMA (+기준 곡선)
2021-08-17 03:15:00,88.44849985232536,ARIMA (+기준 곡선)
2021-08-17 03:30:00,91.56381386857066,ARIMA (+기준 곡선)
2021-08-17 03:45:00,90.51588390826596,ARIMA (+기준 곡선)
2021-08-17 04:00:00,88.42116509575425,ARIMA (+기준 곡선)
2021-08-17 04:15:00,88.45305047515686,ARIMA (+기준 곡선)
2021-08-17 04:30:00,87.43249195353982,ARIMA (+기준 곡선)
2021-08-17 04:45:00,84.41032296710944,ARIMA (+기준 곡선)
2021-08-17 05:00:00,67.23593483428716,ARIMA (+기준 곡선)
2021-08-17 05:15:00,58.479418337854895,ARIMA (+기준 곡선)
2021-08-17 05:30:00,75.80679484302647,ARIMA (+기준 곡선)
2021-08-17 05:45:00,88.78849427120804,ARIMA (+기준 곡선)
2021-08-17 06:00:00,90.569254424275,ARIMA (+기준 곡선)
2021-08-17 06:15:00,89.3969867823545,ARIMA (+기준 곡선)
2021-08-17 06:30:00,89.00547028406025,ARIMA (+기준 곡선)
2021-08-17 06:45:00,88.44713939525926,ARIMA (+기준 곡선)
2021-08-17 07:00:00,90.39697550789704,ARIMA (+기준 곡선)
2021-08-17 07:15:00,101.76553670873152,ARIMA (+기준 곡선)
2021-08-17 07:30:00,125.89662307978462,ARIMA (+기준 곡선)
2021-08-17 07:45:00,129.24018777523506,ARIMA (+기준 곡선)
2021-08-17 08:00:00,147.74263798736715,ARIMA (+기준 곡선)
2021-08-17 08:15:00,169.25461443061937,ARIMA (+기준 곡선)
2021-08-17 08:30:00,175.38490174970372,ARIMA (+기준 곡선)
2021-08-17 08:45:00,173.32277591186468,ARIMA (+기준 곡선)
2021-08-17 09:00:00,164.29430868590535,ARIMA (+기준 곡선)
2021-08-17 09:15:00,163.7369558128555,ARIMA (+기준 곡선)
2021-08-17 09:30:00,165.63177475923658,ARIMA (+기준 곡선)
2021-08-17 09:45:00,166.9135623428645,ARIMA (+기준 곡선)
2021-08-17 10:00:00,133.58646184913792,ARIMA (+기준 곡선)
2021-08-17 10:15:00,166.13330018168836,ARIMA (+기준 곡선)
2021-08-17 10:30:00,168.13960383564995,ARIMA (+기준 곡선)
2021-08-17 10:45:00,165.74316814178107,ARIMA (+기준 곡선)
2021-08-17 11:00:00,164.18269786757682,ARIMA (+기준 곡선)
2021-08-17 11:15:00,169.3099379563991,ARIMA (+기준 곡선)
2021-08-17 11:30:00,172.65378991482547,ARIMA (+기준 곡선)
2021-08-17 11:45:00,170.59174441219793,ARIMA (+기준 곡선)
2021-08-17 12:00:00,108.00593243571554,ARIMA (+기준 곡선)
2021-08-17 12:15:00,86.99537881052638,ARIMA (+기준 곡선)
2021-08-17 12:30:00,87.38549444304473,ARIMA (+기준 곡선)
2021-08-17 12:45:00,89.33607571963238,ARIMA (+기준 곡선)
2021-08-17 13:00:00,138.99231509176647,ARIMA (+기준 곡선)
2021-08-17 13:15:00,161.6747946989365,ARIMA (+기준 곡선)
2021-08-17 13:30:00,167.02496173901284,ARIMA (+기준 곡선)
2021-08-17 13:45:00,167.6937324939235,ARIMA (+기준 곡선)
2021-08-17 14:00:00,165.0186487602965,ARIMA (+기준 곡선)
2021-08-17 14:15:00,163.73683777699074,ARIMA (+기준 곡선)
2021-08-17 14:30:00,164.12695408007315,ARIMA (+기준 곡선)
2021-08-17 14:45:00,163.12379767845647,ARIMA (+기준 곡선)
2021-08-17 15:00:00,124.05643056289586,ARIMA (+기준 곡선)
2021-08-17 15:15:00,124.39081599302406,ARIMA (+기준 곡선)
2021-08-17 15:30:00,158.72105581081297,ARIMA (+기준 곡선)
2021-08-17 15:45:00,162.8451430515051,ARIMA (+기준 곡선)
2021-08-17 16:00:00,159.6684812397802,ARIMA (+기준 곡선)
2021-08-17 16:15:00,154.09539035109876,ARIMA (+기준 곡선)
2021-08-17 16:30:00,153.14796489640196,ARIMA (+기준 곡선)
2021-08-17 16:45:00,150.86299763124958,ARIMA (+기준 곡선)
2021-08-17 17:00:00,104.21622694461357,ARIMA (+기준 곡선)
2021-08-17 17:15:00,91.78823427544404,ARIMA (+기준 곡선)
2021-08-17 17:30:00,132.1931431701485,ARIMA (+기준 곡선)
2021-08-17 17:45:00,147.2404885511461,ARIMA (+기준 곡선)
2021-08-17 18:00:00,148.91241581509678,ARIMA (+기준 곡선)
2021-08-17 18:15:00,149.24680126750914,ARIMA (+기준 곡선)
2021-08-17 18:30:00,144.39821219960413,ARIMA (+기준 곡선)
2021-08-17 18:45:00,145.84721582870225,ARIMA (+기준 곡선)
2021-08-17 19:00:00,141.2772813050854,ARIMA (+기준 곡선)
2021-08-17 19:15:00,137.32038677856664,ARIMA (+기준 곡선)
2021-08-17 19:30:00,137.32038677845892,ARIMA (+기준 곡선)
2021-08-17 19:45:00,118.4276086876786,ARIMA (+기준 곡선)
2021-08-17 20:00:00,101.81979785862684,ARIMA (+기준 곡선)
2021-08-17 20:15:00,108.22885237312975,ARIMA (+기준 곡선)
2021-08-17 20:30:00,107.33715783194516,ARIMA (+기준 곡선)
2021-08-17 20:45:00,104.88499784374918,ARIMA (+기준 곡선)
2021-08-17 21:00:00,101.59687422322727,ARIMA (+기준 곡선)
2021-08-17 21:15:00,98.810328782109,ARIMA (+기준 곡선)
2021-08-17 21:30:00,99.70202332325437,ARIMA (+기준 곡선)
2021-08-17 21:45:00,100.92810331733487,ARIMA (+기준 곡선)
2021-08-17 22:00:00,84.43175430598012,ARIMA (+기준 곡선)
2021-08-17 22:15:00,93.90600880573864,ARIMA (+기준 곡선)
2021-08-17 22:30:00,95.18781970864518,ARIMA (+기준 곡선)
2021-08-17 22:45:00,93.73881607926802,ARIMA (+기준 곡선)
2021-08-17 23:00:00,92.62419790282414,ARIMA (+기준 곡선)
2021-08-17 23:15:00,90.89653972933718,ARIMA (+기준 곡선)
2021-08-17 23:30:00,88.83449610291773,ARIMA (+기준 곡선)
2021-08-17 23:45:00,70.22037255632615,ARIMA (+기준 곡선)
2021-08-18 00:00:00,71.34379821422844,ARIMA (+기준 곡선)
2021-08-18 00:15:00,64.57969508463992,ARIMA (+기준 곡선)
2021-08-18 00:30:00,61.49682769118192,ARIMA (+기준 곡선)
2021-08-18 00:45:00,58.97004605486223,ARIMA (+기준 곡선)
2021-08-18 01:00:00,82.63840276499629,ARIMA (+기준 곡선)
2021-08-18 01:15:00,93.4992813366874,ARIMA (+기준 곡선)
2021-08-18 01:30:00,95.71153437917552,ARIMA (+기준 곡선)
2021-08-18 01:45:00,94.22882850651004,ARIMA (+기준 곡선)
2021-08-18 02:00:00,93.92750362142266,ARIMA (+기준 곡선)
2021-08-18 02:15:00,97.18871567232496,ARIMA (+기준 곡선)
2021-08-18 02:30:00,96.58648576385995,ARIMA (+기준 곡선)
2021-08-18 02:45:00,92.94620817772696,ARIMA (+기준 곡선)
2021-08-18 03:00:00,80.68745906048264,ARIMA (+기준 곡선)
2021-08-18 03:15:00,95.41698344456178,ARIMA (+기준 곡선)
2021-08-18 03:30:00,98.56506704865176,ARIMA (+기준 곡선)
2021-08-18 03:45:00,97.54105327022184,ARIMA (+기준 곡선)
2021-08-18 04:00:00,95.46378761518054,ARIMA (+기준 곡선)
2021-08-18 04:15:00,95.5084099211386,ARIMA (+기준 곡선)
2021-08-18 04:30:00,94.4971467167832,ARIMA (+기준 곡선)
2021-08-18 04:45:00,91.48176134111472,ARIMA (+기준 곡선)
2021-08-18 05:00:00,74.31232378322204,ARIMA (+기준 곡선)
2021-08-18 05:15:00,65.55942014767646,ARIMA (+기준 곡선)
2021-08-18 05:30:00,82.88943327114104,ARIMA (+기준 곡선)
2021-08-18 05:45:00,95.87305686749444,ARIMA (+기준 곡선)
2021-08-18 06:00:00,97.65522125205528,ARIMA (+기준 곡선)
2021-08-18 06:15:00,96.48397839915216,ARIMA (+기준 곡선)
2021-08-18 06:30:00,96.09320977794964,ARIMA (+기준 곡선)
2021-08-18 06:45:00,95.53542467965822,ARIMA (+기준 곡선)
2021-08-18 07:00:00,97.48565910277,ARIMA (+기준 곡선)
2021-08-18 07:15:00,108.85451098516218,ARIMA (+기준 곡선)
2021-08-18 07:30:00,132.9858094916561,ARIMA (+기준 곡선)
2021-08-18 07:45:00,136.32952900066093,ARIMA (+기준 곡선)
2021-08-18 08:00:00,154.83209219361572,ARIMA (+기준 곡선)
2021-08-18 08:15:00,176.344151088733,ARIMA (+기준 곡선)
2021-08-18 08:30:00,182.47449858006516,ARIMA (+기준 곡선)
2021-08-18 08:45:00,180.41241665511268,ARIMA (+기준 곡선)
2021-08-18 09:00:00,171.3839814761797,ARIMA (+기준 곡선)
2021-08-18 09:15:00,170.82665199061307,ARIMA (+기준 곡선)
2021-08-18 09:30:00,172.72148800486073,ARIMA (+기준 곡선)
2021-08-18 09:45:00,174.00328804438516,ARIMA (+기준 곡선)
2021-08-18 10:00:00,140.67619664080215,ARIMA (+기준 곡선)
2021-08-18 10:15:00,173.2230416072155,ARIMA (+기준 곡선)
2021-08-18 10:30:00,175.22935010247988,ARIMA (+기준 곡선)
2021-08-18 10:45:00,172.83291794172777,ARIMA (+기준 곡선)
2021-08-18 11:00:00,171.27245024594404,ARIMA (+기준 곡선)
2021-08-18 11:15:00,176.39969221646248,ARIMA (+기준 곡선)
2021-08-18 11:30:00,179.74354554812507,ARIMA (+기준 곡선)
2021-08-18 11:45:00,177.6815010476666,ARIMA (+기준 곡선)
2021-08-18 12:00:00,115.09568980255357,ARIMA (+기준 곡선)
2021-08-18 12:15:00,94.0851367111078,ARIMA (+기준 곡선)
2021-08-18 12:30:00,94.4752527331448,ARIMA (+기준 곡선)
2021-08-18 12:45:00,96.42583429399784,ARIMA (+기준 곡선)
2021-08-18 13:00:00,146.08207387358496,ARIMA (+기준 곡선)
2021-08-18 13:15:00,168.76455363215138,ARIMA (+기준 곡선)
2021-08-18 13:30:00,174.1147207827147,ARIMA (+기준 곡선)
2021-08-18 13:45:00,174.7834916182573,ARIMA (+기준 곡선)
2021-08-18 14:00:00,172.10840794347436,ARIMA (+기준 곡선)
2021-08-18 14:15:00,170.8265970031122,ARIMA (+기준 곡선)
2021-08-18 14:30:00,171.2167133375343,ARIMA (+기준 곡선)
2021-08-18 14:45:00,170.21355695878884,ARIMA (+기준 곡선)
2021-08-18 15:00:00,131.1461898599194,ARIMA (+기준 곡선)
2021-08-18 15:15:00,131.48057530222854,ARIMA (+기준 곡선)
2021-08-18 15:30:00,165.81081512890697,ARIMA (+기준 곡선)
2021-08-18 15:45:00,169.9349023760865,ARIMA (+기준 곡선)
2021-08-18 16:00:00,166.75824056909605,ARIMA (+기준 곡선)
2021-08-18 16:15:00,161.18514968386975,ARIMA (+기준 곡선)
2021-08-18 16:30:00,160.23772423169447,ARIMA (+기준 곡선)
2021-08-18 16:45:00,157.95275696838226,ARIMA (+기준 곡선)
2021-08-18 17:00:00,111.30598628308915,ARIMA (+기준 곡선)
2021-08-18 17:15:00,98.87799361489968,ARIMA (+기준 곡선)
2021-08-18 17:30:00,139.28290251031933,ARIMA (+기준 곡선)
2021-08-18 17:45:00,154.33024789183892,ARIMA (+기준 곡선)
2021-08-18 18:00:00,156.00217515617055,ARIMA (+기준 곡선)
2021-08-18 18:15:00,156.33656060886088,ARIMA (+기준 곡선)
2021-08-18 18:30:00,151.48797154115874,ARIMA (+기준 곡선)
2021-08-18 18:45:00,152.9369751704049,ARIMA (+기준 곡선)
2021-08-18 19:00:00,148.36704064689613,ARIMA (+기준 곡선)
2021-08-18 19:15:00,144.4101461204562,ARIMA (+기준 곡선)
2021-08-18 19:30:00,144.41014612040604,ARIMA (+기준 곡선)
2021-08-18 19:45:00,125.51736802966772,ARIMA (+기준 곡선)
2021-08-18 20:00:00,108.90955720064656,ARIMA (+기준 곡선)
2021-08-18 20:15:00,115.31861171517188,ARIMA (+기준 곡선)
2021-08-18 20:30:00,114.4269171740036,ARIMA (+기준 곡선)
2021-08-18 20:45:00,111.97475718581951,ARIMA (+기준 곡선)
2021-08-18 21:00:00,108.68663356530634,ARIMA (+기준 곡선)
2021-08-18 21:15:00,105.90008812419438,ARIMA (+기준 곡선)
2021-08-18 21:30:00,106.7917826653444,ARIMA (+기준 곡선)
2021-08-18 21:45:00,108.01786265942827,ARIMA (+기준 곡선)
2021-08-18 22:00:00,91.52151364807598,ARIMA (+기준 곡선)
2021-08-18 22:15:00,100.99576814783632,ARIMA (+기준 곡선)
2021-08-18 22:30:00,102.27757905074417,ARIMA (+기준 곡선)
2021-08-18 22:45:00,100.82857542136796,ARIMA (+기준 곡선)
2021-08-18 23:00:00,99.71395724492476,ARIMA (+기준 곡선)
2021-08-18 23:15:00,97.98629907143832,ARIMA (+기준 곡선)
2021-08-18 23:30:00,95.92425544501924,ARIMA (+기준 곡선)
2021-08-18 23:45:00,77.31013189842794,ARIMA (+기준 곡선)
2021-08-19 00:00:00,78.74638012224098,ARIMA (+기준 곡선)
2021-08-19 00:15:00,71.50576892696652,ARIMA (+기준 곡선)
2021-08-19 00:30:00,68.34167505264286,ARIMA (+기준 곡선)
2021-08-19 00:45:00,65.64762760569772,ARIMA (+기준 곡선)
2021-08-19 01:00:00,89.16518552343132,ARIMA (+기준 곡선)
2021-08-19 01:15:00,99.93212777077594,ARIMA (+기준 곡선)
2021-08-19 01:30:00,102.0786483170106,ARIMA (+기준 곡선)
2021-08-19 01:45:00,100.54565755715991,ARIMA (+기준 곡선)
2021-08-19 02:00:00,100.20740364357324,ARIMA (+기준 곡선)
2021-08-19 02:15:00,103.4419870378297,ARIMA (+기준 곡선)
2021-08-19 02:30:00,102.82033483106852,ARIMA (+기준 곡선)
2021-08-19 02:45:00,99.16583972540978,ARIMA (+기준 곡선)
2021-08-19 03:00:00,86.89671608232987,ARIMA (+기준 곡선)
2021-08-19 03:15:00,101.618674965642,ARIMA (+기준 곡선)
2021-08-19 03:30:00,104.76123685650848,ARIMA (+기준 곡선)
2021-08-19 03:45:00,103.73319268347272,ARIMA (+기준 곡선)
2021-08-19 04:00:00,101.65298581425728,ARIMA (+기준 곡선)
2021-08-19 04:15:00,101.69546175130368,ARIMA (+기준 곡선)
2021-08-19 04:30:00,100.6826321356661,ARIMA (+기준 곡선)
2021-08-19 04:45:00,97.66610360381485,ARIMA (+기준 곡선)
2021-08-19 05:00:00,80.4958317894891,ARIMA (+기준 곡선)
2021-08-19 05:15:00,71.74231932616063,ARIMA (+기준 곡선)
2021-08-19 05:30:00,89.07188813488237,ARIMA (+기준 곡선)
2021-08-19 05:45:00,102.05518747626348,ARIMA (+기준 곡선)
2021-08-19 06:00:00,103.83711522404047,ARIMA (+기준 곡선)
2021-08-19 06:15:00,102.66569967684862,ARIMA (+기준 곡선)
2021-08-19 06:30:00,102.2748050256961,ARIMA (+기준 곡선)
2021-08-19 06:45:00,101.71692795246334,ARIMA (+기준 곡선)
2021-08-19 07:00:00,103.6670952535176,ARIMA (+기준 곡선)
2021-08-19 07:15:00,115.03589815114668,ARIMA (+기준 곡선)
2021-08-19 07:30:00,139.16716090922773,ARIMA (+기준 곡선)
2021-08-19 07:45:00,142.5108543295279,ARIMA (+기준 곡선)
2021-08-19 08:00:00,161.01339848330147,ARIMA (+기준 곡선)
2021-08-19 08:15:00,182.5254434838837,ARIMA (+기준 곡선)
2021-08-19 08:30:00,188.6557808351735,ARIMA (+기준 곡선)
2021-08-19 08:45:00,186.59369151015628,ARIMA (+기준 곡선)
2021-08-19 09:00:00,177.56525093075686,ARIMA (+기준 곡선)
2021-08-19 09:15:00,177.0079175040034,ARIMA (+기준 곡선)
2021-08-19 09:30:00,178.9027506420266,ARIMA (+기준 곡선)
2021-08-19 09:45:00,180.1845485825216,ARIMA (+기준 곡선)
2021-08-19 10:00:00,146.85745564709552,ARIMA (+기준 곡선)
2021-08-19 10:15:00,179.40429949559066,ARIMA (+기준 곡선)
2021-08-19 10:30:00,181.4106071750136,ARIMA (+기준 곡선)
2021-08-19 10:45:00,179.0141744188715,ARIMA (+기준 곡선)
2021-08-19 11:00:00,177.45370628858026,ARIMA (+기준 곡선)
2021-08-19 11:15:00,182.58094794200105,ARIMA (+기준 곡선)
2021-08-19 11:30:00,185.92480104225007,ARIMA (+기준 곡선)
2021-08-19 11:45:00,183.8627563729092,ARIMA (+기준 곡선)
2021-08-19 12:00:00,121.276945004548,ARIMA (+기준 곡선)
2021-08-19 12:15:00,100.26639182315742,ARIMA (+기준 곡선)
2021-08-19 12:30:00,100.65650777955396,ARIMA (+기준 곡선)
2021-08-19 12:45:00,102.60708929250346,ARIMA (+기준 곡선)
2021-08-19 13:00:00,152.26332883713124,ARIMA (+기준 곡선)
2021-08-19 13:15:00,174.9458085701848,ARIMA (+기준 곡선)
2021-08-19 13:30:00,180.2959757021292,ARIMA (+기준 곡선)
2021-08-19 13:45:00,180.96474652408395,ARIMA (+기준 곡선)
2021-08-19 14:00:00,178.2896628393848,ARIMA (+기준 곡선)
2021-08-19 14:15:00,177.00785189178592,ARIMA (+기준 곡선)
2021-08-19 14:30:00,177.39796822092674,ARIMA (+기준 곡선)
2021-08-19 14:45:00,176.3948118383271,ARIMA (+기준 곡선)
2021-08-19 15:00:00,137.32744473664488,ARIMA (+기준 곡선)
2021-08-19 15:15:00,137.66183017690136,ARIMA (+기준 곡선)
2021-08-19 15:30:00,171.99207000208173,ARIMA (+기준 곡선)
2021-08-19 15:45:00,176.11615724816804,ARIMA (+기준 곡선)
2021-08-19 16:00:00,172.93949544037974,ARIMA (+기준 곡선)
2021-08-19 16:15:00,167.3664045545712,ARIMA (+기준 곡선)
2021-08-19 16:30:00,166.418979101971,ARIMA (+기준 곡선)
2021-08-19 16:45:00,164.1340118383487,ARIMA (+기준 곡선)
2021-08-19 17:00:00,117.4872411528293,ARIMA (+기준 곡선)
2021-08-19 17:15:00,105.05924848447464,ARIMA (+기준 곡선)
2021-08-19 17:30:00,145.4641573797738,ARIMA (+기준 곡선)
2021-08-19 17:45:00,160.5115027612054,ARIMA (+기준 곡선)
2021-08-19 18:00:00,162.18343002547283,ARIMA (+기준 곡선)
2021-08-19 18:15:00,162.51781547811635,ARIMA (+기준 곡선)
2021-08-19 18:30:00,157.66922641038,ARIMA (+기준 곡선)
2021-08-19 18:45:00,159.11823003960123,ARIMA (+기준 곡선)
2021-08-19 19:00:00,154.54829551607423,ARIMA (+기준 곡선)
2021-08-19 19:15:00,150.59140098962104,ARIMA (+기준 곡선)
2021-08-19 19:30:00,150.59140098956115,ARIMA (+기준 곡선)
2021-08-19 19:45:00,131.69862289881576,ARIMA (+기준 곡선)
2021-08-19 20:00:00,115.09081206978944,ARIMA (+기준 곡선)
2021-08-19 20:15:00,121.499866584311,ARIMA (+기준 곡선)
2021-08-19 20:30:00,120.60817204313996,ARIMA (+기준 곡선)
2021-08-19 20:45:00,118.15601205495388,ARIMA (+기준 곡선)
2021-08-19 21:00:00,114.86788843443922,ARIMA (+기준 곡선)
2021-08-19 21:15:00,112.0813429933262,ARIMA (+기준 곡선)
2021-08-19 21:30:00,112.97303753447544,ARIMA (+기준 곡선)
2021-08-19 21:45:00,114.19911752855874,ARIMA (+기준 곡선)
2021-08-19 22:00:00,97.70276851720604,ARIMA (+기준 곡선)
2021-08-19 22:15:00,107.17702301696607,ARIMA (+기준 곡선)
2021-08-19 22:30:00,108.45883391987368,ARIMA (+기준 곡선)
2021-08-19 22:45:00,107.00983029049732,ARIMA (+기준 곡선)
2021-08-19 23:00:00,105.89521211405402,ARIMA (+기준 곡선)
2021-08-19 23:15:00,104.16755394056749,ARIMA (+기준 곡선)
2021-08-19 23:30:00,102.10551031414836,ARIMA (+기준 곡선)
2021-08-19 23:45:00,83.491386767557,ARIMA (+기준 곡선)
2021-08-20 00:00:00,82.49168792115547,ARIMA (+기준 곡선)
2021-08-20 00:15:00,74.90661289606655,ARIMA (+기준 곡선)
2021-08-20 00:30:00,71.71942839326715,ARIMA (+기준 곡선)
2021-08-20 00:45:00,68.91858196090887,ARIMA (+기준 곡선)
2021-08-20 01:00:00,92.33343241123032,ARIMA (+기준 곡선)
2021-08-20 01:15:00,103.03889429003944,ARIMA (+기준 곡선)
2021-08-20 01:30:00,105.14300485598348,ARIMA (+기준 곡선)
2021-08-20 01:45:00,103.57712275577052,ARIMA (+기준 곡선)
2021-08-20 02:00:00,103.21465862088688,ARIMA (+기준 곡선)
2021-08-20 02:15:00,106.43184426473346,ARIMA (+기준 곡선)
2021-08-20 02:30:00,105.7975061523978,ARIMA (+기준 곡선)
2021-08-20 02:45:00,102.13371645412118,ARIMA (+기준 곡선)
2021-08-20 03:00:00,89.85781057668306,ARIMA (+기준 곡선)
2021-08-20 03:15:00,104.5748246859141,ARIMA (+기준 곡선)
2021-08-20 03:30:00,107.7137775406791,ARIMA (+기준 곡선)
2021-08-20 03:45:00,106.68309892886349,ARIMA (+기준 곡선)
2021-08-20 04:00:00,104.60096957407696,ARIMA (+기준 곡선)
2021-08-20 04:15:00,104.6420425831341,ARIMA (+기준 곡선)
2021-08-20 04:30:00,103.62818911287422,ARIMA (+기준 곡선)
2021-08-20 04:45:00,100.61091337684668,ARIMA (+기준 곡선)
2021-08-20 05:00:00,83.44009626589335,ARIMA (+기준 곡선)
2021-08-20 05:15:00,74.68618585354089,ARIMA (+기준 곡선)
2021-08-20 05:30:00,92.01546424405169,ARIMA (+기준 곡선)
2021-08-20 05:45:00,104.99855164206994,ARIMA (+기준 곡선)
2021-08-20 06:00:00,106.78032471653292,ARIMA (+기준 곡선)
2021-08-20 06:15:00,105.60879629087437,ARIMA (+기준 곡선)
2021-08-20 06:30:00,105.21781926254556,ARIMA (+기준 곡선)
2021-08-20 06:45:00,104.65988207157103,ARIMA (+기준 곡선)
2021-08-20 07:00:00,106.61000549951773,ARIMA (+기준 곡선)
2021-08-20 07:15:00,117.97877637915067,ARIMA (+기준 곡선)
2021-08-20 07:30:00,142.11001577093424,ARIMA (+기준 곡선)
2021-08-20 07:45:00,145.45369213882884,ARIMA (+기준 곡선)
2021-08-20 08:00:00,163.9562238479892,ARIMA (+기준 곡선)
2021-08-20 08:15:00,185.46825976666227,ARIMA (+기준 곡선)
2021-08-20 08:30:00,191.59859049009845,ARIMA (+기준 곡선)
2021-08-20 08:45:00,189.536496328164,ARIMA (+기준 곡선)
2021-08-20 09:00:00,180.50805221884823,ARIMA (+기준 곡선)
2021-08-20 09:15:00,179.95071621600997,ARIMA (+기준 곡선)
2021-08-20 09:30:00,181.8455474740416,ARIMA (+기준 곡선)
2021-08-20 09:45:00,183.12734404254437,ARIMA (+기준 곡선)
2021-08-20 10:00:00,149.80025010585695,ARIMA (+기준 곡선)
2021-08-20 10:15:00,182.3470932236453,ARIMA (+기준 곡선)
2021-08-20 10:30:00,184.35340036980836,ARIMA (+기준 곡선)
2021-08-20 10:45:00,181.95696722450043,ARIMA (+기준 곡선)
2021-08-20 11:00:00,180.3964988102013,ARIMA (+기준 곡선)
2021-08-20 11:15:00,185.52374025635697,ARIMA (+기준 곡선)
2021-08-20 11:30:00,188.8675932053468,ARIMA (+기준 곡선)
2021-08-20 11:45:00,186.80554842561887,ARIMA (+기준 곡선)
2021-08-20 12:00:00,124.2197369766989,ARIMA (+기준 곡선)
2021-08-20 12:15:00,103.20918373651756,ARIMA (+기준 곡선)
2021-08-20 12:30:00,103.59929965000936,ARIMA (+기준 곡선)
2021-08-20 12:45:00,105.5498811316476,ARIMA (+기준 곡선)
2021-08-20 13:00:00,155.20612065342485,ARIMA (+기준 곡선)
2021-08-20 13:15:00,177.8886003698024,ARIMA (+기준 곡선)
2021-08-20 13:30:00,183.23876748957687,ARIMA (+기준 곡선)
2021-08-20 13:45:00,183.90753830265015,ARIMA (+기준 곡선)
2021-08-20 14:00:00,181.23245461146945,ARIMA (+기준 곡선)
2021-08-20 14:15:00,179.95064365914044,ARIMA (+기준 곡선)
2021-08-20 14:30:00,180.34075998482925,ARIMA (+기준 곡선)
2021-08-20 14:45:00,179.3376035997104,ARIMA (+기준 곡선)
2021-08-20 15:00:00,140.27023649618968,ARIMA (+기준 곡선)
2021-08-20 15:15:00,140.60462193510443,ARIMA (+기준 곡선)
2021-08-20 15:30:00,174.93486175930568,ARIMA (+기준 곡선)
2021-08-20 15:45:00,179.0589490046774,ARIMA (+기준 곡선)
2021-08-20 16:00:00,175.8822871963676,ARIMA (+기준 곡선)
2021-08-20 16:15:00,170.3091963101785,ARIMA (+기준 곡선)
2021-08-20 16:30:00,169.36177085730054,ARIMA (+기준 곡선)
2021-08-20 16:45:00,167.07680359347555,ARIMA (+기준 곡선)
2021-08-20 17:00:00,120.43003290780824,ARIMA (+기준 곡선)
2021-08-20 17:15:00,108.00204023934565,ARIMA (+기준 곡선)
2021-08-20 17:30:00,148.406949134566,ARIMA (+기준 곡선)
2021-08-20 17:45:00,163.45429451594012,ARIMA (+기준 곡선)
2021-08-20 18:00:00,165.1262217801656,ARIMA (+기준 곡선)
2021-08-20 18:15:00,165.46060723277847,ARIMA (+기준 곡선)
2021-08-20 18:30:00,160.6120181650198,ARIMA (+기준 곡선)
2021-08-20 18:45:00,162.06102179422473,ARIMA (+기준 곡선)
2021-08-20 19:00:00,157.49108727068582,ARIMA (+기준 곡선)
2021-08-20 19:15:00,153.53419274422393,ARIMA (+기준 곡선)
2021-08-20 19:30:00,153.5341927441577,ARIMA (+기준 곡선)
2021-08-20 19:45:00,134.6414146534077,ARIMA (+기준 곡선)
2021-08-20 20:00:00,118.033603824378,ARIMA (+기준 곡선)
2021-08-20 20:15:00,124.44265833889708,ARIMA (+기준 곡선)
2021-08-20 20:30:00,123.55096379772424,ARIMA (+기준 곡선)
2021-08-20 20:45:00,121.09880380953688,ARIMA (+기준 곡선)
2021-08-20 21:00:00,117.81068018902126,ARIMA (+기준 곡선)
2021-08-20 21:15:00,115.02413474790752,ARIMA (+기준 곡선)
2021-08-20 21:30:00,115.91582928905623,ARIMA (+기준 곡선)
2021-08-20 21:45:00,117.1419092831392,ARIMA (+기준 곡선)
2021-08-20 22:00:00,100.6455602717862,ARIMA (+기준 곡선)
2021-08-20 22:15:00,110.11981477154605,ARIMA (+기준 곡선)
2021-08-20 22:30:00,111.40162567445353,ARIMA (+기준 곡선)
2021-08-20 22:45:00,109.95262204507704,ARIMA (+기준 곡선)
2021-08-20 23:00:00,108.83800386863366,ARIMA (+기준 곡선)
2021-08-20 23:15:00,107.11034569514707,ARIMA (+기준 곡선)
2021-08-20 23:30:00,105.04830206872788,ARIMA (+기준 곡선)
2021-08-20 23:45:00,86.43417852213652,ARIMA (+기준 곡선)
2021-08-21 00:00:00,64.79312149157902,ARIMA (+기준 곡선)
2021-08-21 00:15:00,57.62540255279364,ARIMA (+기준 곡선)
2021-08-21 00:30:00,57.03105070817059,ARIMA (+기준 곡선)
2021-08-21 00:45:00,57.33383388584193,ARIMA (+기준 곡선)
2021-08-21 01:00:00,83.11341929975386,ARIMA (+기준 곡선)
2021-08-21 01:15:00,94.47128887595136,ARIMA (+기준 곡선)
2021-08-21 01:30:00,96.4248109344012,ARIMA (+기준 곡선)
2021-08-21 01:45:00,95.58400247552191,ARIMA (+기준 곡선)
2021-08-21 02:00:00,97.56180175693316,ARIMA (+기준 곡선)
2021-08-21 02:15:00,95.73531485837609,ARIMA (+기준 곡선)
2021-08-21 02:30:00,93.11200091815203,ARIMA (+기준 곡선)
2021-08-21 02:45:00,89.89087025771539,ARIMA (+기준 곡선)
2021-08-21 03:00:00,78.44682820230179,ARIMA (+기준 곡선)
2021-08-21 03:15:00,88.07124877199846,ARIMA (+기준 곡선)
2021-08-21 03:30:00,92.68147775335405,ARIMA (+기준 곡선)
2021-08-21 03:45:00,96.49034069067028,ARIMA (+기준 곡선)
2021-08-21 04:00:00,96.48805541751696,ARIMA (+기준 곡선)
2021-08-21 04:15:00,90.46744954528064,ARIMA (+기준 곡선)
2021-08-21 04:30:00,91.67002011385242,ARIMA (+기준 곡선)
2021-08-21 04:45:00,90.8666068249658,ARIMA (+기준 곡선)
2021-08-21 05:00:00,72.40788162362604,ARIMA (+기준 곡선)
2021-08-21 05:15:00,63.579632620062455,ARIMA (+기준 곡선)
2021-08-21 05:30:00,81.43547058422955,ARIMA (+기준 곡선)
2021-08-21 05:45:00,91.86804477695398,ARIMA (+기준 곡선)
2021-08-21 06:00:00,92.06849218721032,ARIMA (+기준 곡선)
2021-08-21 06:15:00,86.45068239833955,ARIMA (+기준 곡선)
2021-08-21 06:30:00,85.04616557357869,ARIMA (+기준 곡선)
2021-08-21 06:45:00,81.43473121943713,ARIMA (+기준 곡선)
2021-08-21 07:00:00,79.82962889302466,ARIMA (+기준 곡선)
2021-08-21 07:15:00,67.99234579914118,ARIMA (+기준 곡선)
2021-08-21 07:30:00,40.90709633587086,ARIMA (+기준 곡선)
2021-08-21 07:45:00,23.65278669420085,ARIMA (+기준 곡선)
2021-08-21 08:00:00,18.83762137895176,ARIMA (+기준 곡선)
2021-08-21 08:15:00,17.433191680891746,ARIMA (+기준 곡선)
2021-08-21 08:30:00,16.430027443507733,ARIMA (+기준 곡선)
2021-08-21 08:45:00,16.430021693823235,ARIMA (+기준 곡선)
2021-08-21 09:00:00,17.031911313060817,ARIMA (+기준 곡선)
2021-08-21 09:15:00,17.63380206612596,ARIMA (+기준 곡선)
2021-08-21 09:30:00,17.03190601608502,ARIMA (+기준 곡선)
2021-08-21 09:45:00,17.232535656945863,ARIMA (+기준 곡선)
2021-08-21 10:00:00,17.03190319497846,ARIMA (+기준 곡선)
2021-08-21 10:15:00,17.83442741341973,ARIMA (+기준 곡선)
2021-08-21 10:30:00,17.23253296425019,ARIMA (+기준 곡선)
2021-08-21 10:45:00,16.83126995812618,ARIMA (+기준 곡선)
2021-08-21 11:00:00,17.63379470756224,ARIMA (+기준 곡선)
2021-08-21 11:15:00,18.0350570047038,ARIMA (+기준 곡선)
2021-08-21 11:30:00,18.63695064017965,ARIMA (+기준 곡선)
2021-08-21 11:45:00,19.03821305248109,ARIMA (+기준 곡선)
2021-08-21 12:00:00,17.433162782642757,ARIMA (+기준 곡선)
2021-08-21 12:15:00,16.22937508219968,ARIMA (+기준 곡선)
2021-08-21 12:30:00,17.43316266175648,ARIMA (+기준 곡선)
2021-08-21 12:45:00,17.03190008101718,ARIMA (+기준 곡선)
2021-08-21 13:00:00,16.43000623857556,ARIMA (+기준 곡선)
2021-08-21 13:15:00,16.831268762271975,ARIMA (+기준 곡선)
2021-08-21 13:30:00,15.82811238900716,ARIMA (+기준 곡선)
2021-08-21 13:45:00,15.627481106690045,ARIMA (+기준 곡선)
2021-08-21 14:00:00,15.828112370745028,ARIMA (+기준 곡선)
2021-08-21 14:15:00,15.828112365122257,ARIMA (+기준 곡선)
2021-08-21 14:30:00,15.828112361018832,ARIMA (+기준 곡선)
2021-08-21 14:45:00,16.229374901543537,ARIMA (+기준 곡선)
2021-08-21 15:00:00,17.63379380167575,ARIMA (+기준 곡선)
2021-08-21 15:15:00,17.63379380008085,ARIMA (+기준 곡선)
2021-08-21 15:30:00,16.83126871187826,ARIMA (+기준 곡선)
2021-08-21 15:45:00,17.23253125454816,ARIMA (+기준 곡선)
2021-08-21 16:00:00,17.031899982168596,ARIMA (+기준 곡선)
2021-08-21 16:15:00,16.63063743819687,ARIMA (+기준 곡선)
2021-08-21 16:30:00,16.43000616610706,ARIMA (+기준 곡선)
2021-08-21 16:45:00,15.82811235058713,ARIMA (+기준 곡선)
2021-08-21 17:00:00,15.828112350411295,ARIMA (+기준 곡선)
2021-08-21 17:15:00,15.627481078523308,ARIMA (+기준 곡선)
2021-08-21 17:30:00,15.426849806669996,ARIMA (+기준 곡선)
2021-08-21 17:45:00,15.62748107836132,ARIMA (+기준 곡선)
2021-08-21 18:00:00,16.028743621830774,ARIMA (+기준 곡선)
2021-08-21 18:15:00,16.028743621794376,ARIMA (+기준 곡선)
2021-08-21 18:30:00,16.229374893527474,ARIMA (+기준 곡선)
2021-08-21 18:45:00,16.630637437027413,ARIMA (+기준 곡선)
2021-08-21 19:00:00,18.03505633933092,ARIMA (+기준 곡선)
2021-08-21 19:15:00,17.633793795801264,ARIMA (+기준 곡선)
2021-08-21 19:30:00,16.229374893476084,ARIMA (+기준 곡선)
2021-08-21 19:45:00,15.627481078191591,ARIMA (+기준 곡선)
2021-08-21 20:00:00,15.426849806427914,ARIMA (+기준 곡선)
2021-08-21 20:15:00,15.226218534665325,ARIMA (+기준 곡선)
2021-08-21 20:30:00,16.028743621701842,ARIMA (+기준 곡선)
2021-08-21 20:45:00,16.028743621700286,ARIMA (+기준 곡선)
2021-08-21 21:00:00,16.430006165218472,ARIMA (+기준 곡선)
2021-08-21 21:15:00,16.229374893457976,ARIMA (+기준 곡선)
2021-08-21 21:30:00,16.22937489345737,ARIMA (+기준 곡선)
2021-08-21 21:45:00,16.430006165216593,ARIMA (+기준 곡선)
2021-08-21 22:00:00,17.232531252254926,ARIMA (+기준 곡선)
2021-08-21 22:15:00,18.035056339293348,ARIMA (+기준 곡선)
2021-08-21 22:30:00,19.038212698091492,ARIMA (+기준 곡선)
2021-08-21 22:45:00,16.430006165215737,ARIMA (+기준 곡선)
2021-08-21 23:00:00,16.028743621696318,ARIMA (+기준 곡선)
2021-08-21 23:15:00,15.426849806417255,ARIMA (+기준 곡선)
2021-08-21 23:30:00,15.82811234993654,ARIMA (+기준 곡선)
2021-08-21 23:45:00,16.02874362169617,ARIMA (+기준 곡선)
2021-08-22 00:00:00,21.988173975555707,ARIMA (+기준 곡선)
2021-08-22 00:15:00,21.627606857239968,ARIMA (+기준 곡선)
2021-08-22 00:30:00,22.333204046691424,ARIMA (+기준 곡선)
2021-08-22 00:45:00,22.408458091528157,ARIMA (+기준 곡선)
2021-08-22 01:00:00,22.32353234009397,ARIMA (+기준 곡선)
2021-08-22 01:15:00,22.42942278921057,ARIMA (+기준 곡선)
2021-08-22 01:30:00,23.055782377131145,ARIMA (+기준 곡선)
2021-08-22 01:45:00,24.194946989710843,ARIMA (+기준 곡선)
2021-08-22 02:00:00,23.001545361251093,ARIMA (+기준 곡선)
2021-08-22 02:15:00,21.814422002672504,ARIMA (+기준 곡선)
2021-08-22 02:30:00,20.966252816498297,ARIMA (+기준 곡선)
2021-08-22 02:45:00,21.29172206700849,ARIMA (+기준 곡선)
2021-08-22 03:00:00,21.28521089244719,ARIMA (+기준 곡선)
2021-08-22 03:15:00,21.447653277612908,ARIMA (+기준 곡선)
2021-08-22 03:30:00,21.44418701991228,ARIMA (+기준 곡선)
2021-08-22 03:45:00,21.27446444711128,ARIMA (+기준 곡선)
2021-08-22 04:00:00,22.275774508717596,ARIMA (+기준 곡선)
2021-08-22 04:15:00,22.77600531769824,ARIMA (+기준 곡선)
2021-08-22 04:30:00,21.93905839742428,ARIMA (+기준 곡선)
2021-08-22 04:45:00,21.436762623330672,ARIMA (+기준 곡선)
2021-08-22 05:00:00,22.60658801743002,ARIMA (+기준 곡선)
2021-08-22 05:15:00,22.606205835377654,ARIMA (+기준 곡선)
2021-08-22 05:30:00,21.602770565330395,ARIMA (+기준 곡선)
2021-08-22 05:45:00,21.10098884021843,ARIMA (+기준 곡선)
2021-08-22 06:00:00,20.93364756886844,ARIMA (+기준 곡선)
2021-08-22 06:15:00,21.26792461577981,ARIMA (+기준 곡선)
2021-08-22 06:30:00,21.100652776074742,ARIMA (+기준 곡선)
2021-08-22 06:45:00,20.933402313843292,ARIMA (+기준 곡선)
2021-08-22 07:00:00,20.76616745260244,ARIMA (+기준 곡선)
2021-08-22 07:15:00,21.10052215615104,ARIMA (+기준 곡선)
2021-08-22 07:30:00,22.270848800934075,ARIMA (+기준 곡선)
2021-08-22 07:45:00,21.76925424477712,ARIMA (+기준 곡선)
2021-08-22 08:00:00,21.26766411384325,ARIMA (+기준 곡선)
2021-08-22 08:15:00,22.605197203507156,ARIMA (+기준 곡선)
2021-08-22 08:30:00,22.103612658862183,ARIMA (+기준 곡선)
2021-08-22 08:45:00,21.93641528712613,ARIMA (+기준 곡선)
2021-08-22 09:00:00,21.60202644413885,ARIMA (+기준 곡선)
2021-08-22 09:15:00,22.103602149522416,ARIMA (+기준 곡선)
2021-08-22 09:30:00,21.60202216462038,ARIMA (+기준 곡선)
2021-08-22 09:45:00,20.933249941123435,ARIMA (+기준 곡선)
2021-08-22 10:00:00,21.10044170600038,ARIMA (+기준 곡선)
2021-08-22 10:15:00,20.93324827777912,ARIMA (+기준 곡선)
2021-08-22 10:30:00,21.267633218580748,ARIMA (+기준 곡선)
2021-08-22 10:45:00,21.602018297767188,ARIMA (+기준 곡선)
2021-08-22 11:00:00,22.270788930877757,ARIMA (+기준 곡선)
2021-08-22 11:15:00,23.60833054355598,ARIMA (+기준 곡선)
2021-08-22 11:30:00,23.27394494535713,ARIMA (+기준 곡선)
2021-08-22 11:45:00,22.103595754079223,ARIMA (+기준 곡선)
2021-08-22 12:00:00,21.93640295024585,ARIMA (+기준 곡선)
2021-08-22 12:15:00,21.76921016731809,ARIMA (+기준 곡선)
2021-08-22 12:30:00,22.939559211378054,ARIMA (+기준 곡선)
2021-08-22 12:45:00,22.103595548975463,ARIMA (+기준 곡선)
2021-08-22 13:00:00,21.76921007409753,ARIMA (+기준 곡선)
2021-08-22 13:15:00,21.76921005808225,ARIMA (+기준 곡선)
2021-08-22 13:30:00,21.43482459346175,ARIMA (+기준 곡선)
2021-08-22 13:45:00,21.434824584932205,ARIMA (+기준 곡선)
2021-08-22 14:00:00,21.769210031640227,ARIMA (+기준 곡선)
2021-08-22 14:15:00,22.10359548003027,ARIMA (+기준 곡선)
2021-08-22 14:30:00,23.441137288446136,ARIMA (+기준 곡선)
2021-08-22 14:45:00,23.608330012493116,ARIMA (+기준 곡선)
2021-08-22 15:00:00,22.43798092546276,ARIMA (+기준 곡선)
2021-08-22 15:15:00,22.43798092417421,ARIMA (+기준 곡선)
2021-08-22 15:30:00,21.936402743834684,ARIMA (+기준 곡선)
2021-08-22 15:45:00,21.76921001668203,ARIMA (+기준 곡선)
2021-08-22 16:00:00,22.939559101445912,ARIMA (+기준 곡선)
2021-08-22 16:15:00,22.605173648147645,ARIMA (+기준 곡선)
2021-08-22 16:30:00,21.76921001554897,ARIMA (+기준 곡선)
2021-08-22 16:45:00,22.270788194753475,ARIMA (+기준 곡선)
2021-08-22 17:00:00,21.434824562279484,ARIMA (+기준 곡선)
2021-08-22 17:15:00,21.602017288642195,ARIMA (+기준 곡선)
2021-08-22 17:30:00,21.26763183563376,ARIMA (+기준 곡선)
2021-08-22 17:45:00,22.43798092084325,ARIMA (+기준 곡선)
2021-08-22 18:00:00,22.77236637373573,ARIMA (+기준 곡선)
2021-08-22 18:15:00,23.1067518266391,ARIMA (+기준 곡선)
2021-08-22 18:30:00,21.100439109021,ARIMA (+기준 곡선)
2021-08-22 18:45:00,21.100439109005336,ARIMA (+기준 곡선)
2021-08-22 19:00:00,21.100439108993907,ARIMA (+기준 곡선)
2021-08-22 19:15:00,21.26763183545195,ARIMA (+기준 곡선)
2021-08-22 19:30:00,21.93640274131141,ARIMA (+기준 곡선)
2021-08-22 19:45:00,22.270788194239746,ARIMA (+기준 곡선)
2021-08-22 20:00:00,21.26763183543818,ARIMA (+기준 곡선)
2021-08-22 20:15:00,21.26763183543581,ARIMA (+기준 곡선)
2021-08-22 20:30:00,20.766053656034927,ARIMA (+기준 곡선)
2021-08-22 20:45:00,21.434824561899216,ARIMA (+기준 곡선)
2021-08-22 21:00:00,22.772366373629385,ARIMA (+기준 곡선)
2021-08-22 21:15:00,23.441137279494264,ARIMA (+기준 곡선)
2021-08-22 21:30:00,22.939559100094613,ARIMA (+기준 곡선)
2021-08-22 21:45:00,22.772366373627868,ARIMA (+기준 곡선)
2021-08-22 22:00:00,21.43482456189652,ARIMA (+기준 곡선)
2021-08-22 22:15:00,21.602017288362717,ARIMA (+기준 곡선)
2021-08-22 22:30:00,21.936402741295343,ARIMA (+기준 곡선)
2021-08-22 22:45:00,22.103595467761632,ARIMA (+기준 곡선)
2021-08-22 23:00:00,22.43798092069433,ARIMA (+기준 곡선)
2021-08-22 23:15:00,22.103595467761505,ARIMA (+기준 곡선)
2021-08-22 23:30:00,20.93324638249676,ARIMA (+기준 곡선)
2021-08-22 23:45:00,21.43482456189589,ARIMA (+기준 곡선)
2021-08-23 00:00:00,24.393416875071917,ARIMA (+기준 곡선)
2021-08-23 00:15:00,24.08994721683837,ARIMA (+기준 곡선)
2021-08-23 00:30:00,24.86619219815267,ARIMA (+기준 곡선)
2021-08-23 00:45:00,23.859613470681385,ARIMA (+기준 곡선)
2021-08-23 01:00:00,22.25542241652636,ARIMA (+기준 곡선)
2021-08-23 01:15:00,23.52500469482966,ARIMA (+기준 곡선)
2021-08-23 01:30:00,22.795652167124715,ARIMA (+기준 곡선)
2021-08-23 01:45:00,21.905577256325707,ARIMA (+기준 곡선)
2021-08-23 02:00:00,22.02580766586708,ARIMA (+기준 곡선)
2021-08-23 02:15:00,21.64779533293632,ARIMA (+기준 곡선)
2021-08-23 02:30:00,22.781417219426544,ARIMA (+기준 곡선)
2021-08-23 02:45:00,22.91335049457115,ARIMA (+기준 곡선)
2021-08-23 03:00:00,22.54586581976639,ARIMA (+기준 곡선)
2021-08-23 03:15:00,22.01373830085546,ARIMA (+기준 곡선)
2021-08-23 03:30:00,21.98683022252324,ARIMA (+기준 곡선)
2021-08-23 03:45:00,23.302557358813537,ARIMA (+기준 곡선)
2021-08-23 04:00:00,22.94516629513887,ARIMA (+기준 곡선)
2021-08-23 04:15:00,22.254702874651095,ARIMA (+기준 곡선)
2021-08-23 04:30:00,21.73358019890084,ARIMA (+기준 곡선)
2021-08-23 04:45:00,21.716697112772568,ARIMA (+기준 곡선)
2021-08-23 05:00:00,22.37143679939857,ARIMA (+기준 곡선)
2021-08-23 05:15:00,21.85483540581296,ARIMA (+기준 곡선)
2021-08-23 05:30:00,21.339481142435748,ARIMA (+기준 곡선)
2021-08-23 05:45:00,21.495383039184933,ARIMA (+기준 곡선)
2021-08-23 06:00:00,22.154909962550214,ARIMA (+기준 곡선)
2021-08-23 06:15:00,22.64784975368028,ARIMA (+기준 곡선)
2021-08-23 06:30:00,21.6338784184519,ARIMA (+기준 곡선)
2021-08-23 06:45:00,22.46351967816702,ARIMA (+기준 곡선)
2021-08-23 07:00:00,27.482124006581,ARIMA (+기준 곡선)
2021-08-23 07:15:00,41.54799820830526,ARIMA (+기준 곡선)
2021-08-23 07:30:00,73.03758491961575,ARIMA (+기준 곡선)
2021-08-23 07:45:00,117.59505125535868,ARIMA (+기준 곡선)
2021-08-23 08:00:00,159.47252842115043,ARIMA (+기준 곡선)
2021-08-23 08:15:00,192.80642240962945,ARIMA (+기준 곡선)
2021-08-23 08:30:00,196.487912305338,ARIMA (+기준 곡선)
2021-08-23 08:45:00,189.28032282289905,ARIMA (+기준 곡선)
2021-08-23 09:00:00,185.4236716683189,ARIMA (+기준 곡선)
2021-08-23 09:15:00,181.7348585765876,ARIMA (+기준 곡선)
2021-08-23 09:30:00,184.57999646143867,ARIMA (+기준 곡선)
2021-08-23 09:45:00,180.2215996251067,ARIMA (+기준 곡선)
2021-08-23 10:00:00,145.5405041021954,ARIMA (+기준 곡선)
2021-08-23 10:15:00,180.71963440537,ARIMA (+기준 곡선)
2021-08-23 10:30:00,183.23060628419023,ARIMA (+기준 곡선)
2021-08-23 10:45:00,185.2391642179289,ARIMA (+기준 곡선)
2021-08-23 11:00:00,184.23234240236096,ARIMA (+기준 곡선)
2021-08-23 11:15:00,185.06849681402065,ARIMA (+기준 곡선)
2021-08-23 11:30:00,180.8788840865784,ARIMA (+기준 곡선)
2021-08-23 11:45:00,175.68421258129183,ARIMA (+기준 곡선)
2021-08-23 12:00:00,127.26690929435838,ARIMA (+기준 곡선)
2021-08-23 12:15:00,108.33498819704474,ARIMA (+기준 곡선)
2021-08-23 12:30:00,105.31850962081256,ARIMA (+기준 곡선)
2021-08-23 12:45:00,107.6630748523056,ARIMA (+기준 곡선)
2021-08-23 13:00:00,153.062928429509,ARIMA (+기준 곡선)
2021-08-23 13:15:00,172.32816995870652,ARIMA (+기준 곡선)
2021-08-23 13:30:00,177.52095390109648,ARIMA (+기준 곡선)
2021-08-23 13:45:00,174.16976492514354,ARIMA (+기준 곡선)
2021-08-23 14:00:00,173.49910849769913,ARIMA (+기준 곡선)
2021-08-23 14:15:00,173.66614985754836,ARIMA (+기준 곡선)
2021-08-23 14:30:00,177.18383488662715,ARIMA (+기준 곡선)
2021-08-23 14:45:00,171.9899990823764,ARIMA (+기준 곡선)
2021-08-23 15:00:00,136.97585781339126,ARIMA (+기준 곡선)
2021-08-23 15:15:00,143.8442516191815,ARIMA (+기준 곡선)
2021-08-23 15:30:00,174.33440661726328,ARIMA (+기준 곡선)
2021-08-23 15:45:00,177.34966746730544,ARIMA (+기준 곡선)
2021-08-23 16:00:00,167.96773252933144,ARIMA (+기준 곡선)
2021-08-23 16:15:00,163.44419049354113,ARIMA (+기준 곡선)
2021-08-23 16:30:00,163.77903934407666,ARIMA (+기준 곡선)
2021-08-23 16:45:00,161.09836683245214,ARIMA (+기준 곡선)
2021-08-23 17:00:00,130.6077299881568,ARIMA (+기준 곡선)
2021-08-23 17:15:00,115.86492956658812,ARIMA (+기준 곡선)
2021-08-23 17:30:00,136.9735652313964,ARIMA (+기준 곡선)
2021-08-23 17:45:00,147.19276327171656,ARIMA (+기준 곡선)
2021-08-23 18:00:00,147.86276260543775,ARIMA (+기준 곡선)
2021-08-23 18:15:00,141.3289823056119,ARIMA (+기준 곡선)
2021-08-23 18:30:00,140.99382211735448,ARIMA (+기준 곡선)
2021-08-23 18:45:00,135.4652405733568,ARIMA (+기준 곡선)
2021-08-23 19:00:00,137.14045752878528,ARIMA (+기준 곡선)
2021-08-23 19:15:00,140.15592195382374,ARIMA (+기준 곡선)
2021-08-23 19:30:00,133.11959259368982,ARIMA (+기준 곡선)
2021-08-23 19:45:00,112.68086867304716,ARIMA (+기준 곡선)
2021-08-23 20:00:00,105.9796110655863,ARIMA (+기준 곡선)
2021-08-23 20:15:00,111.67557920323222,ARIMA (+기준 곡선)
2021-08-23 20:30:00,117.3715519835982,ARIMA (+기준 곡선)
2021-08-23 20:45:00,117.37150869535958,ARIMA (+기준 곡선)
2021-08-23 21:00:00,117.3714692601403,ARIMA (+기준 곡선)
2021-08-23 21:15:00,120.38697349279788,ARIMA (+기준 곡선)
2021-08-23 21:30:00,115.36104050227424,ARIMA (+기준 곡선)
2021-08-23 21:45:00,110.1675804160085,ARIMA (+기준 곡선)
2021-08-23 22:00:00,96.26256252759188,ARIMA (+기준 곡선)
2021-08-23 22:15:00,107.65457838055168,ARIMA (+기준 곡선)
2021-08-23 22:30:00,109.83244595367252,ARIMA (+기준 곡선)
2021-08-23 22:45:00,110.6700754629826,ARIMA (+기준 곡선)
2021-08-23 23:00:00,108.82722665976463,ARIMA (+기준 곡선)
2021-08-23 23:15:00,108.82720961804698,ARIMA (+기준 곡선)
2021-08-23 23:30:00,101.4558737074314,ARIMA (+기준 곡선)
2021-08-23 23:45:00,80.68213847728722,ARIMA (+기준 곡선)
2021-08-24 00:00:00,70.80622885751679,ARIMA (+기준 곡선)
2021-08-24 00:15:00,68.761832611417,ARIMA (+기준 곡선)
2021-08-24 00:30:00,67.51256182734667,ARIMA (+기준 곡선)
2021-08-24 00:45:00,66.30584022847776,ARIMA (+기준 곡선)
2021-08-24 01:00:00,90.07333660927048,ARIMA (+기준 곡선)
2021-08-24 01:15:00,101.82540823532098,ARIMA (+기준 곡선)
2021-08-24 01:30:00,105.00927914600052,ARIMA (+기준 곡선)
2021-08-24 01:45:00,104.29241359544864,ARIMA (+기준 곡선)
2021-08-24 02:00:00,104.33818724457784,ARIMA (+기준 곡선)
2021-08-24 02:15:00,107.02158521957963,ARIMA (+기준 곡선)
2021-08-24 02:30:00,106.72397234105476,ARIMA (+기준 곡선)
2021-08-24 02:45:00,104.17742143961274,ARIMA (+기준 곡선)
2021-08-24 03:00:00,90.88450531700532,ARIMA (+기준 곡선)
2021-08-24 03:15:00,105.54547970180224,ARIMA (+기준 곡선)
2021-08-24 03:30:00,109.23321047539017,ARIMA (+기준 곡선)
2021-08-24 03:45:00,107.88807855821396,ARIMA (+기준 곡선)
2021-08-24 04:00:00,105.53142396970048,ARIMA (+기준 곡선)
2021-08-24 04:15:00,105.9103914807437,ARIMA (+기준 곡선)
2021-08-24 04:30:00,104.54787516020228,ARIMA (+기준 곡선)
2021-08-24 04:45:00,102.12969356389672,ARIMA (+기준 곡선)
2021-08-24 05:00:00,84.67513277612265,ARIMA (+기준 곡선)
2021-08-24 05:15:00,76.26321288215794,ARIMA (+기준 곡선)
2021-08-24 05:30:00,94.34786901169068,ARIMA (+기준 곡선)
2021-08-24 05:45:00,107.03780218378849,ARIMA (+기준 곡선)
2021-08-24 06:00:00,108.57636606321891,ARIMA (+기준 곡선)
2021-08-24 06:15:00,108.10182892876156,ARIMA (+기준 곡선)
2021-08-24 06:30:00,107.48772484250324,ARIMA (+기준 곡선)
2021-08-24 06:45:00,106.64289604885148,ARIMA (+기준 곡선)
2021-08-24 07:00:00,107.98911514166352,ARIMA (+기준 곡선)
2021-08-24 07:15:00,120.66456704499276,ARIMA (+기준 곡선)
2021-08-24 07:30:00,145.3547698233095,ARIMA (+기준 곡선)
2021-08-24 07:45:00,146.42167468423838,ARIMA (+기준 곡선)
2021-08-24 08:00:00,165.85453327302605,ARIMA (+기준 곡선)
2021-08-24 08:15:00,186.2912717169142,ARIMA (+기준 곡선)
2021-08-24 08:30:00,191.05515487174625,ARIMA (+기준 곡선)
2021-08-24 08:45:00,188.14203858370664,ARIMA (+기준 곡선)
2021-08-24 09:00:00,179.79082901374724,ARIMA (+기준 곡선)
2021-08-24 09:15:00,180.34827440773623,ARIMA (+기준 곡선)
2021-08-24 09:30:00,182.86957410951385,ARIMA (+기준 곡선)
2021-08-24 09:45:00,184.1108105619728,ARIMA (+기준 곡선)
2021-08-24 10:00:00,150.12437813808475,ARIMA (+기준 곡선)
2021-08-24 10:15:00,181.29127235262024,ARIMA (+기준 곡선)
2021-08-24 10:30:00,183.53583318027572,ARIMA (+기준 곡선)
2021-08-24 10:45:00,182.99279200020777,ARIMA (+기준 곡선)
2021-08-24 11:00:00,182.22083450635023,ARIMA (+기준 곡선)
2021-08-24 11:15:00,187.4795325310828,ARIMA (+기준 곡선)
2021-08-24 11:30:00,190.1335134330265,ARIMA (+기준 곡선)
2021-08-24 11:45:00,187.0302014922709,ARIMA (+기준 곡선)
2021-08-24 12:00:00,124.89508530002873,ARIMA (+기준 곡선)
2021-08-24 12:15:00,104.4746487147064,ARIMA (+기준 곡선)
2021-08-24 12:30:00,104.43168666143453,ARIMA (+기준 곡선)
2021-08-24 12:45:00,112.24716220887912,ARIMA (+기준 곡선)
2021-08-24 13:00:00,160.26961866209027,ARIMA (+기준 곡선)
2021-08-24 13:15:00,179.5528621015086,ARIMA (+기준 곡선)
2021-08-24 13:30:00,183.5297711661794,ARIMA (+기준 곡선)
2021-08-24 13:45:00,184.71942285086456,ARIMA (+기준 곡선)
2021-08-24 14:00:00,182.80200202407892,ARIMA (+기준 곡선)
2021-08-24 14:15:00,180.33616238005968,ARIMA (+기준 곡선)
2021-08-24 14:30:00,182.3021265327843,ARIMA (+기준 곡선)
2021-08-24 14:45:00,181.61795536544227,ARIMA (+기준 곡선)
2021-08-24 15:00:00,141.73165721731692,ARIMA (+기준 곡선)
2021-08-24 15:15:00,149.0887259518533,ARIMA (+기준 곡선)
2021-08-24 15:30:00,177.78293872161987,ARIMA (+기준 곡선)
2021-08-24 15:45:00,180.6165308076494,ARIMA (+기준 곡선)
2021-08-24 16:00:00,178.1500103469883,ARIMA (+기준 곡선)
2021-08-24 16:15:00,172.89633390372546,ARIMA (+기준 곡선)
2021-08-24 16:30:00,170.3839976272044,ARIMA (+기준 곡선)
2021-08-24 16:45:00,167.78022670761587,ARIMA (+기준 곡선)
2021-08-24 17:00:00,121.77090374152093,ARIMA (+기준 곡선)
2021-08-24 17:15:00,109.25230718344174,ARIMA (+기준 곡선)
2021-08-24 17:30:00,150.69356214062006,ARIMA (+기준 곡선)
2021-08-24 17:45:00,165.7716480864143,ARIMA (+기준 곡선)
2021-08-24 18:00:00,165.95475897052043,ARIMA (+기준 곡선)
2021-08-24 18:15:00,166.00076861665178,ARIMA (+기준 곡선)
2021-08-24 18:30:00,163.3967296731064,ARIMA (+기준 곡선)
2021-08-24 18:45:00,163.57975495679767,ARIMA (+기준 곡선)
2021-08-24 19:00:00,158.69116636344236,ARIMA (+기준 곡선)
2021-08-24 19:15:00,154.25945628399242,ARIMA (+기준 곡선)
2021-08-24 19:30:00,154.16827683625877,ARIMA (+기준 곡선)
2021-08-24 19:45:00,135.25279855214202,ARIMA (+기준 곡선)
2021-08-24 20:00:00,119.9468141945585,ARIMA (+기준 곡선)
2021-08-24 20:15:00,126.89184618654107,ARIMA (+기준 곡선)
2021-08-24 20:30:00,126.98336432364444,ARIMA (+기준 곡선)
2021-08-24 20:45:00,123.69380998886584,ARIMA (+기준 곡선)
2021-08-24 21:00:00,120.58700446306062,ARIMA (+기준 곡선)
2021-08-24 21:15:00,118.21122877186866,ARIMA (+기준 곡선)
2021-08-24 21:30:00,119.30788396696306,ARIMA (+기준 곡선)
2021-08-24 21:45:00,120.17608068204149,ARIMA (+기준 곡선)
2021-08-24 22:00:00,102.76826872637108,ARIMA (+기준 곡선)
2021-08-24 22:15:00,114.32791125893084,ARIMA (+기준 곡선)
2021-08-24 22:30:00,115.15039682742852,ARIMA (+기준 곡선)
2021-08-24 22:45:00,113.09440641297049,ARIMA (+기준 곡선)
2021-08-24 23:00:00,111.860830728357,ARIMA (+기준 곡선)
2021-08-24 23:15:00,110.39880019151332,ARIMA (+기준 곡선)
2021-08-24 23:30:00,107.74882518305296,ARIMA (+기준 곡선)
2021-08-24 23:45:00,90.20390537814144,ARIMA (+기준 곡선)
2021-08-25 00:00:00,70.90719069006084,ARIMA (+기준 곡선)
2021-08-25 00:15:00,68.74421597651718,ARIMA (+기준 곡선)
2021-08-25 00:30:00,67.45223186769894,ARIMA (+기준 곡선)
2021-08-25 00:45:00,66.22612313724603,ARIMA (+기준 곡선)
2021-08-25 01:00:00,89.98179472626333,ARIMA (+기준 곡선)
2021-08-25 01:15:00,101.72483893024976,ARIMA (+기준 곡선)
2021-08-25 01:30:00,104.90100755530378,ARIMA (+기준 곡선)
2021-08-25 01:45:00,104.17728122365192,ARIMA (+기준 곡선)
2021-08-25 02:00:00,104.2168513756238,ARIMA (+기준 곡선)
2021-08-25 02:15:00,106.89461195295742,ARIMA (+기준 곡선)
2021-08-25 02:30:00,106.59186761887622,ARIMA (+기준 곡선)
2021-08-25 02:45:00,104.04064325024171,ARIMA (+기준 곡선)
2021-08-25 03:00:00,90.7434700108604,ARIMA (+기준 곡선)
2021-08-25 03:15:00,105.4005663095818,ARIMA (+기준 곡선)
2021-08-25 03:30:00,109.0847642128264,ARIMA (+기준 곡선)
2021-08-25 03:45:00,107.73641389059304,ARIMA (+기준 곡선)
2021-08-25 04:00:00,105.37682736526529,ARIMA (+기준 곡선)
2021-08-25 04:15:00,105.7531239075561,ARIMA (+기준 곡선)
2021-08-25 04:30:00,104.38817435733634,ARIMA (+기준 곡선)
2021-08-25 04:45:00,101.96777610945196,ARIMA (+기준 곡선)
2021-08-25 05:00:00,84.51119597086034,ARIMA (+기준 곡선)
2021-08-25 05:15:00,76.09743646538634,ARIMA (+기준 곡선)
2021-08-25 05:30:00,94.18041672439448,ARIMA (+기준 곡선)
2021-08-25 05:45:00,106.86882319261848,ARIMA (+기준 곡선)
2021-08-25 06:00:00,108.40599625773194,ARIMA (+기준 곡선)
2021-08-25 06:15:00,107.93019210319451,ARIMA (+기준 곡선)
2021-08-25 06:30:00,107.31493377235893,ARIMA (+기준 곡선)
2021-08-25 06:45:00,106.46905347165912,ARIMA (+기준 곡선)
2021-08-25 07:00:00,107.81431465044336,ARIMA (+기준 곡선)
2021-08-25 07:15:00,120.48889390219468,ARIMA (+기준 곡선)
2021-08-25 07:30:00,145.17830170230434,ARIMA (+기준 곡선)
2021-08-25 07:45:00,146.24448234480994,ARIMA (+기준 곡선)
2021-08-25 08:00:00,165.67668117673898,ARIMA (+기준 곡선)
2021-08-25 08:15:00,186.11281858770877,ARIMA (+기준 곡선)
2021-08-25 08:30:00,190.8761542066352,ARIMA (+기준 곡선)
2021-08-25 08:45:00,187.96253911801648,ARIMA (+기준 곡선)
2021-08-25 09:00:00,179.61087514494793,ARIMA (+기준 곡선)
2021-08-25 09:15:00,180.16790658154756,ARIMA (+기준 곡선)
2021-08-25 09:30:00,182.6888291716444,ARIMA (+기준 곡선)
2021-08-25 09:45:00,183.9297220785517,ARIMA (+기준 곡선)
2021-08-25 10:00:00,149.94297668757142,ARIMA (+기준 곡선)
2021-08-25 10:15:00,181.10958579173283,ARIMA (+기준 곡선)
2021-08-25 10:30:00,183.35388688624883,ARIMA (+기준 곡선)
2021-08-25 10:45:00,182.8106090914874,ARIMA (+기준 곡선)
2021-08-25 11:00:00,182.03843604364528,ARIMA (+기준 곡선)
2021-08-25 11:15:00,187.2969377005209,ARIMA (+기준 곡선)
2021-08-25 11:30:00,189.9507397130077,ARIMA (+기준 곡선)
2021-08-25 11:45:00,186.8472648054697,ARIMA (+기준 곡선)
2021-08-25 12:00:00,124.71200015186716,ARIMA (+기준 곡선)
2021-08-25 12:15:00,104.29142831950108,ARIMA (+기준 곡선)
2021-08-25 12:30:00,104.24834305731616,ARIMA (+기준 곡선)
2021-08-25 12:45:00,112.06370636248305,ARIMA (+기준 곡선)
2021-08-25 13:00:00,160.08606056392844,ARIMA (+기준 곡선)
2021-08-25 13:15:00,179.36921085285292,ARIMA (+기준 곡선)
2021-08-25 13:30:00,183.34603505821164,ARIMA (+기준 곡선)
2021-08-25 13:45:00,184.53560943678124,ARIMA (+기준 곡선)
2021-08-25 14:00:00,182.6181181847781,ARIMA (+기준 곡선)
2021-08-25 14:15:00,180.1522143839813,ARIMA (+기준 곡선)
2021-08-25 14:30:00,182.11812009042416,ARIMA (+기준 곡선)
2021-08-25 14:45:00,181.4338956790138,ARIMA (+기준 곡선)
2021-08-25 15:00:00,141.54754902599245,ARIMA (+기준 곡선)
2021-08-25 15:15:00,148.90457357297882,ARIMA (+기준 곡선)
2021-08-25 15:30:00,177.59874608826104,ARIMA (+기준 곡선)
2021-08-25 15:45:00,180.4323015027958,ARIMA (+기준 곡선)
2021-08-25 16:00:00,177.96574763471307,ARIMA (+기준 곡선)
2021-08-25 16:15:00,172.71204075757169,ARIMA (+기준 곡선)
2021-08-25 16:30:00,170.19967675604465,ARIMA (+기준 곡선)
2021-08-25 16:45:00,167.59588057921016,ARIMA (+기준 곡선)
2021-08-25 17:00:00,121.58653460397775,ARIMA (+기준 곡선)
2021-08-25 17:15:00,109.06791708476896,ARIMA (+기준 곡선)
2021-08-25 17:30:00,150.50915294653544,ARIMA (+기준 곡선)
2021-08-25 17:45:00,165.58722149657103,ARIMA (+기준 곡선)
2021-08-25 18:00:00,165.77031653328814,ARIMA (+기준 곡선)
2021-08-25 18:15:00,165.81631174258212,ARIMA (+기준 곡선)
2021-08-25 18:30:00,163.21225964719997,ARIMA (+기준 곡선)
2021-08-25 18:45:00,163.3952729496792,ARIMA (+기준 곡선)
2021-08-25 19:00:00,158.50667344154104,ARIMA (+기준 곡선)
2021-08-25 19:15:00,154.07495341881622,ARIMA (+기준 곡선)
2021-08-25 19:30:00,153.98376491284327,ARIMA (+기준 곡선)
2021-08-25 19:45:00,135.06827837674714,ARIMA (+기준 곡선)
2021-08-25 20:00:00,119.76228650168017,ARIMA (+기준 곡선)
2021-08-25 20:15:00,126.70731164529892,ARIMA (+기준 곡선)
2021-08-25 20:30:00,126.79882354360072,ARIMA (+기준 곡선)
2021-08-25 20:45:00,123.50926352532667,ARIMA (+기준 곡선)
2021-08-25 21:00:00,120.4024528219052,ARIMA (+기준 곡선)
2021-08-25 21:15:00,118.0266724139486,ARIMA (+기준 곡선)
2021-08-25 21:30:00,119.1233233121103,ARIMA (+기준 곡선)
2021-08-25 21:45:00,119.99151611271937,ARIMA (+기준 곡선)
2021-08-25 22:00:00,102.58370059100054,ARIMA (+기준 곡선)
2021-08-25 22:15:00,114.14333987492029,ARIMA (+기준 곡선)
2021-08-25 22:30:00,114.9658224839344,ARIMA (+기준 곡선)
2021-08-25 22:45:00,112.90982937341184,ARIMA (+기준 곡선)
2021-08-25 23:00:00,111.67625123270643,ARIMA (+기준 곡선)
2021-08-25 23:15:00,110.21421845838375,ARIMA (+기준 곡선)
2021-08-25 23:30:00,107.56424141159896,ARIMA (+기준 곡선)
2021-08-25 23:45:00,90.01931974979111,ARIMA (+기준 곡선)
2021-08-26 00:00:00,68.61341893476148,ARIMA (+기준 곡선)
2021-08-26 00:15:00,67.76179842350328,ARIMA (+기준 곡선)
2021-08-26 00:30:00,66.7976285376999,ARIMA (+기준 곡선)
2021-08-26 00:45:00,65.61102408722233,ARIMA (+기준 곡선)
2021-08-26 01:00:00,89.32521740782907,ARIMA (+기준 곡선)
2021-08-26 01:15:00,101.00731702551204,ARIMA (+기준 곡선)
2021-08-26 01:30:00,104.121042591038,ARIMA (+기준 곡선)
2021-08-26 01:45:00,103.33836154153316,ARIMA (+기준 곡선)
2021-08-26 02:00:00,103.3236057403278,ARIMA (+기준 곡선)
2021-08-26 02:15:00,105.9516908748678,ARIMA (+기준 곡선)
2021-08-26 02:30:00,105.6036373398385,ARIMA (+기준 곡선)
2021-08-26 02:45:00,103.01112014282056,ARIMA (+기준 곡선)
2021-08-26 03:00:00,89.67632454458105,ARIMA (+기준 곡선)
2021-08-26 03:15:00,104.29914571534906,ARIMA (+기준 곡선)
2021-08-26 03:30:00,107.95211882529674,ARIMA (+기준 곡선)
2021-08-26 03:45:00,106.57532284843226,ARIMA (+기준 곡선)
2021-08-26 04:00:00,104.18982253284484,ARIMA (+기준 곡선)
2021-08-26 04:15:00,104.54251181957324,ARIMA (+기준 곡선)
2021-08-26 04:30:00,103.15605625566424,ARIMA (+기준 곡선)
2021-08-26 04:45:00,100.7160662101387,ARIMA (+기준 곡선)
2021-08-26 05:00:00,83.24163810927575,ARIMA (+기준 곡선)
2021-08-26 05:15:00,74.81161926102502,ARIMA (+기준 곡선)
2021-08-26 05:30:00,92.87978739624656,ARIMA (+기준 곡선)
2021-08-26 05:45:00,105.55470014496404,ARIMA (+기준 곡선)
2021-08-26 06:00:00,107.0795805457258,ARIMA (+기준 곡선)
2021-08-26 06:15:00,106.59257787792676,ARIMA (+기준 곡선)
2021-08-26 06:30:00,105.96711779621948,ARIMA (+기준 곡선)
2021-08-26 06:45:00,105.11194378675542,ARIMA (+기준 곡선)
2021-08-26 07:00:00,106.44873847545568,ARIMA (+기준 곡선)
2021-08-26 07:15:00,119.11560482634466,ARIMA (+기준 곡선)
2021-08-26 07:30:00,143.7979862389995,ARIMA (+기준 곡선)
2021-08-26 07:45:00,144.8577659019585,ARIMA (+기준 곡선)
2021-08-26 08:00:00,164.284133495656,ARIMA (+기준 곡선)
2021-08-26 08:15:00,184.7149586979137,ARIMA (+기준 곡선)
2021-08-26 08:30:00,189.4734549396308,ARIMA (+기준 곡선)
2021-08-26 08:45:00,186.5554312193026,ARIMA (+기준 곡선)
2021-08-26 09:00:00,178.19975102003218,ARIMA (+기준 곡선)
2021-08-26 09:15:00,178.75312370852856,ARIMA (+기준 곡선)
2021-08-26 09:30:00,181.2707132100468,ARIMA (+기준 곡선)
2021-08-26 09:45:00,182.508569701448,ARIMA (+기준 곡선)
2021-08-26 10:00:00,148.5190581616218,ARIMA (+기준 곡선)
2021-08-26 10:15:00,179.6831473275789,ARIMA (+기준 곡선)
2021-08-26 10:30:00,181.9251527797028,ARIMA (+기준 곡선)
2021-08-26 10:45:00,181.37978367413723,ARIMA (+기준 곡선)
2021-08-26 11:00:00,180.60570545983956,ARIMA (+기준 곡선)
2021-08-26 11:15:00,185.8624715261868,ARIMA (+기준 곡선)
2021-08-26 11:30:00,188.5146924303808,ARIMA (+기준 곡선)
2021-08-26 11:45:00,185.4097771465601,ARIMA (+기준 곡선)
2021-08-26 12:00:00,123.2732003223457,ARIMA (+기준 곡선)
2021-08-26 12:15:00,102.85143311364976,ARIMA (+기준 곡선)
2021-08-26 12:30:00,102.8072588737381,ARIMA (+기준 곡선)
2021-08-26 12:45:00,110.62163012940576,ARIMA (+기준 곡선)
2021-08-26 13:00:00,158.64308058214752,ARIMA (+기준 곡선)
2021-08-26 13:15:00,177.92540756364633,ARIMA (+기준 곡선)
2021-08-26 13:30:00,181.9014817429033,ARIMA (+기준 곡선)
2021-08-26 13:45:00,183.09037285403733,ARIMA (+기준 곡선)
2021-08-26 14:00:00,181.1722591511791,ARIMA (+기준 곡선)
2021-08-26 14:15:00,178.70578830291765,ARIMA (+기준 곡선)
2021-08-26 14:30:00,180.6711774339159,ARIMA (+기준 곡선)
2021-08-26 14:45:00,179.98648242664433,ARIMA (+기준 곡선)
2021-08-26 15:00:00,140.09970706477344,ARIMA (+기준 곡선)
2021-08-26 15:15:00,147.45634106162365,ARIMA (+기준 곡선)
2021-08-26 15:30:00,176.15015778903484,ARIMA (+기준 곡선)
2021-08-26 15:45:00,178.98338908382811,ARIMA (+기준 곡선)
2021-08-26 16:00:00,176.5165399454021,ARIMA (+기준 곡선)
2021-08-26 16:15:00,171.26256407947517,ARIMA (+기준 곡선)
2021-08-26 16:30:00,168.74995503143944,ARIMA (+기준 곡선)
2021-08-26 16:45:00,166.145935619308,ARIMA (+기준 곡선)
2021-08-26 17:00:00,120.136386278608,ARIMA (+기준 곡선)
2021-08-26 17:15:00,107.61758349517822,ARIMA (+기준 곡선)
2021-08-26 17:30:00,149.05865058280622,ARIMA (+기준 곡선)
2021-08-26 17:45:00,164.13656538102902,ARIMA (+기준 곡선)
2021-08-26 18:00:00,164.319520351145,ARIMA (+기준 곡선)
2021-08-26 18:15:00,164.36538796095,ARIMA (+기준 곡선)
2021-08-26 18:30:00,161.76121962351252,ARIMA (+기준 곡선)
2021-08-26 18:45:00,161.94412703046245,ARIMA (+기준 곡선)
2021-08-26 19:00:00,157.05543105239266,ARIMA (+기준 곡선)
2021-08-26 19:15:00,152.62362314637605,ARIMA (+기준 곡선)
2021-08-26 19:30:00,152.53235457946752,ARIMA (+기준 곡선)
2021-08-26 19:45:00,133.61679510853617,ARIMA (+기준 곡선)
2021-08-26 20:00:00,118.31073679045114,ARIMA (+기준 곡선)
2021-08-26 20:15:00,125.2557014050424,ARIMA (+기준 곡선)
2021-08-26 20:30:00,125.34715816191208,ARIMA (+기준 곡선)
2021-08-26 20:45:00,122.05754791025971,ARIMA (+기준 곡선)
2021-08-26 21:00:00,118.95069144465542,ARIMA (+기준 곡선)
2021-08-26 21:15:00,116.57486934773728,ARIMA (+기준 곡선)
2021-08-26 21:30:00,117.67148226760764,ARIMA (+기준 곡선)
2021-08-26 21:45:00,118.53964047031448,ARIMA (+기준 곡선)
2021-08-26 22:00:00,101.1317934301993,ARIMA (+기준 곡선)
2021-08-26 22:15:00,112.69140400112656,ARIMA (+기준 곡선)
2021-08-26 22:30:00,113.51386045284734,ARIMA (+기준 곡선)
2021-08-26 22:45:00,111.45784351325182,ARIMA (+기준 곡선)
2021-08-26 23:00:00,110.22424366446243,ARIMA (+기준 곡선)
2021-08-26 23:15:00,108.76219111425884,ARIMA (+기준 곡선)
2021-08-26 23:30:00,106.1121960518138,ARIMA (+기준 곡선)
2021-08-26 23:45:00,88.56725797789181,ARIMA (+기준 곡선)
2021-08-27 00:00:00,74.55514124534844,ARIMA (+기준 곡선)
2021-08-27 00:15:00,71.62224877844353,ARIMA (+기준 곡선)
2021-08-27 00:30:00,69.99628655891104,ARIMA (+기준 곡선)
2021-08-27 00:45:00,68.57576240340487,ARIMA (+기준 곡선)
2021-08-27 01:00:00,92.18715813770056,ARIMA (+기준 곡선)
2021-08-27 01:15:00,103.80858412941984,ARIMA (+기준 곡선)
2021-08-27 01:30:00,106.8768940050801,ARIMA (+기준 곡선)
2021-08-27 01:45:00,106.05578649548016,ARIMA (+기준 곡선)
2021-08-27 02:00:00,106.00690546231272,ARIMA (+기준 곡선)
2021-08-27 02:15:00,108.60416615490374,ARIMA (+기준 곡선)
2021-08-27 02:30:00,108.22811054304904,ARIMA (+기준 곡선)
2021-08-27 02:45:00,105.6101072265992,ARIMA (+기준 곡선)
2021-08-27 03:00:00,92.25210102501082,ARIMA (+기준 곡선)
2021-08-27 03:15:00,106.85377963578364,ARIMA (+기준 곡선)
2021-08-27 03:30:00,110.4874926811752,ARIMA (+기준 곡선)
2021-08-27 03:45:00,109.09315113636332,ARIMA (+기준 곡선)
2021-08-27 04:00:00,106.69166701295906,ARIMA (+기준 곡선)
2021-08-27 04:15:00,107.02979520274612,ARIMA (+기준 곡선)
2021-08-27 04:30:00,105.630074607694,ARIMA (+기준 곡선)
2021-08-27 04:45:00,103.1780002324856,ARIMA (+기준 곡선)
2021-08-27 05:00:00,85.6925634099319,ARIMA (+기준 곡선)
2021-08-27 05:15:00,77.25251570945981,ARIMA (+기준 곡선)
2021-08-27 05:30:00,95.31154764516543,ARIMA (+기준 곡선)
2021-08-27 05:45:00,107.97813739340408,ARIMA (+기준 곡선)
2021-08-27 06:00:00,109.49543561112384,ARIMA (+기준 곡선)
2021-08-27 06:15:00,109.00152563869987,ARIMA (+기준 곡선)
2021-08-27 06:30:00,108.3697730608972,ARIMA (+기준 곡선)
2021-08-27 06:45:00,107.50886664070823,ARIMA (+기준 곡선)
2021-08-27 07:00:00,108.84043915171922,ARIMA (+기준 곡선)
2021-08-27 07:15:00,121.50254814289912,ARIMA (+기준 곡선)
2021-08-27 07:30:00,146.18059564109373,ARIMA (+기준 곡선)
2021-08-27 07:45:00,147.23642714463293,ARIMA (+기준 곡선)
2021-08-27 08:00:00,166.65919799849,ARIMA (+기준 곡선)
2021-08-27 08:15:00,187.086746601172,ARIMA (+기준 곡선)
2021-08-27 08:30:00,191.842257888387,ARIMA (+기준 곡선)
2021-08-27 08:45:00,188.9215148997523,ARIMA (+기준 곡선)
2021-08-27 09:00:00,180.56335747005247,ARIMA (+기준 곡선)
2021-08-27 09:15:00,181.1144734225785,ARIMA (+기준 곡선)
2021-08-27 09:30:00,183.6300070567137,ARIMA (+기준 곡선)
2021-08-27 09:45:00,184.86599067031625,ARIMA (+기준 곡선)
2021-08-27 10:00:00,150.8747729546551,ARIMA (+기준 곡선)
2021-08-27 10:15:00,182.0373078088563,ARIMA (+기준 곡선)
2021-08-27 10:30:00,184.27789729611592,ARIMA (+기준 곡선)
2021-08-27 10:45:00,183.73123825853435,ARIMA (+기준 곡선)
2021-08-27 11:00:00,182.95598492707947,ARIMA (+기준 곡선)
2021-08-27 11:15:00,188.21168047163496,ARIMA (+기준 곡선)
2021-08-27 11:30:00,190.86292613953043,ARIMA (+기준 곡선)
2021-08-27 11:45:00,187.75712242368968,ARIMA (+기준 곡선)
2021-08-27 12:00:00,125.61973624541884,ARIMA (+기준 곡선)
2021-08-27 12:15:00,105.19723172202248,ARIMA (+기준 곡선)
2021-08-27 12:30:00,105.15238579465446,ARIMA (+기준 곡선)
2021-08-27 12:45:00,112.96614514873008,ARIMA (+기준 곡선)
2021-08-27 13:00:00,160.98703816429656,ARIMA (+기준 곡선)
2021-08-27 13:15:00,180.26885732524315,ARIMA (+기준 곡선)
2021-08-27 13:30:00,184.24446888427184,ARIMA (+기준 곡선)
2021-08-27 13:45:00,185.43293855229052,ARIMA (+기준 곡선)
2021-08-27 14:00:00,183.51444091831848,ARIMA (+기준 곡선)
2021-08-27 14:15:00,181.0476203120593,ARIMA (+기준 곡선)
2021-08-27 14:30:00,183.0126908164798,ARIMA (+기준 곡선)
2021-08-27 14:45:00,182.32770554309053,ARIMA (+기준 곡선)
2021-08-27 15:00:00,142.44066575124137,ARIMA (+기준 곡선)
2021-08-27 15:15:00,149.7970588546177,ARIMA (+기준 곡선)
2021-08-27 15:30:00,178.49065613011155,ARIMA (+기준 곡선)
2021-08-27 15:45:00,181.3236875060641,ARIMA (+기준 곡선)
2021-08-27 16:00:00,178.85665624326495,ARIMA (+기준 곡선)
2021-08-27 16:15:00,173.6025144635744,ARIMA (+기준 곡선)
2021-08-27 16:30:00,171.08975426950323,ARIMA (+기준 곡선)
2021-08-27 16:45:00,168.48559716461176,ARIMA (+기준 곡선)
2021-08-27 17:00:00,122.47592238697192,ARIMA (+기준 곡선)
2021-08-27 17:15:00,109.9570053315508,ARIMA (+기준 곡선)
2021-08-27 17:30:00,151.3979683183611,ARIMA (+기준 곡선)
2021-08-27 17:45:00,166.47578828161946,ARIMA (+기준 곡선)
2021-08-27 18:00:00,166.65865685788486,ARIMA (+기준 곡선)
2021-08-27 18:15:00,166.7044457636226,ARIMA (+기준 곡선)
2021-08-27 18:30:00,164.1002057274455,ARIMA (+기준 곡선)
2021-08-27 18:45:00,164.28304781745004,ARIMA (+기준 곡선)
2021-08-27 19:00:00,159.39429233619543,ARIMA (+기준 곡선)
2021-08-27 19:15:00,154.96243022328065,ARIMA (+기준 곡선)
2021-08-27 19:30:00,154.87111227434633,ARIMA (+기준 곡선)
2021-08-27 19:45:00,135.95550781680714,ARIMA (+기준 곡선)
2021-08-27 20:00:00,120.64940851630286,ARIMA (+기준 곡선)
2021-08-27 20:15:00,127.59433579625674,ARIMA (+기준 곡선)
2021-08-27 20:30:00,127.68575854158756,ARIMA (+기준 곡선)
2021-08-27 20:45:00,124.39611730571092,ARIMA (+기준 곡선)
2021-08-27 21:00:00,121.28923261374035,ARIMA (+기준 곡선)
2021-08-27 21:15:00,118.91338480284128,ARIMA (+기준 곡선)
2021-08-27 21:30:00,120.00997429749243,ARIMA (+기준 곡선)
2021-08-27 21:45:00,120.87811116002274,ARIMA (+기준 곡선)
2021-08-27 22:00:00,103.47024467918722,ARIMA (+기준 곡선)
2021-08-27 22:15:00,115.02983753978263,ARIMA (+기준 곡선)
2021-08-27 22:30:00,115.85227785754093,ARIMA (+기준 곡선)
2021-08-27 22:45:00,113.796246220042,ARIMA (+기준 곡선)
2021-08-27 23:00:00,112.56263298158692,ARIMA (+기준 곡선)
2021-08-27 23:15:00,111.10056823351114,ARIMA (+기준 곡선)
2021-08-27 23:30:00,108.45056205890768,ARIMA (+기준 곡선)
2021-08-27 23:45:00,90.90561386190336,ARIMA (+기준 곡선)
2021-08-28 00:00:00,60.8343378320502,ARIMA (+기준 곡선)
2021-08-28 00:15:00,56.50099761002799,ARIMA (+기준 곡선)
2021-08-28 00:30:00,56.87763530122727,ARIMA (+기준 곡선)
2021-08-28 00:45:00,57.45437117423108,ARIMA (+기준 곡선)
2021-08-28 01:00:00,84.0683281522979,ARIMA (+기준 곡선)
2021-08-28 01:15:00,94.5638632269308,ARIMA (+기준 곡선)
2021-08-28 01:30:00,95.32619737977238,ARIMA (+기준 곡선)
2021-08-28 01:45:00,96.07829461334298,ARIMA (+기준 곡선)
2021-08-28 02:00:00,97.82766864973892,ARIMA (+기준 곡선)
2021-08-28 02:15:00,97.05731801044683,ARIMA (+기준 곡선)
2021-08-28 02:30:00,95.44327290142267,ARIMA (+기준 곡선)
2021-08-28 02:45:00,93.32116934917504,ARIMA (+기준 곡선)
2021-08-28 03:00:00,79.96958488908139,ARIMA (+기준 곡선)
2021-08-28 03:15:00,89.06249708025501,ARIMA (+기준 곡선)
2021-08-28 03:30:00,93.29291822983656,ARIMA (+기준 곡선)
2021-08-28 03:45:00,97.85464569806048,ARIMA (+기준 곡선)
2021-08-28 04:00:00,98.39223345866677,ARIMA (+기준 곡선)
2021-08-28 04:15:00,92.7280957889795,ARIMA (+기준 곡선)
2021-08-28 04:30:00,94.76750069555332,ARIMA (+기준 곡선)
2021-08-28 04:45:00,93.62125020155324,ARIMA (+기준 곡선)
2021-08-28 05:00:00,75.88717371402156,ARIMA (+기준 곡선)
2021-08-28 05:15:00,67.03004219187774,ARIMA (+기준 곡선)
2021-08-28 05:30:00,84.64069752331844,ARIMA (+기준 곡선)
2021-08-28 05:45:00,95.54837194231092,ARIMA (+기준 곡선)
2021-08-28 06:00:00,94.05720363583328,ARIMA (+기준 곡선)
2021-08-28 06:15:00,89.88407749092727,ARIMA (+기준 곡선)
2021-08-28 06:30:00,88.22255530700828,ARIMA (+기준 곡선)
2021-08-28 06:45:00,83.71179662408885,ARIMA (+기준 곡선)
2021-08-28 07:00:00,82.88558093960617,ARIMA (+기준 곡선)
2021-08-28 07:15:00,72.00654697440714,ARIMA (+기준 곡선)
2021-08-28 07:30:00,44.54111497534733,ARIMA (+기준 곡선)
2021-08-28 07:45:00,25.78639879187493,ARIMA (+기준 곡선)
2021-08-28 08:00:00,20.600843858368048,ARIMA (+기준 곡선)
2021-08-28 08:15:00,18.597658119726077,ARIMA (+기준 곡선)
2021-08-28 08:30:00,17.766543863153785,ARIMA (+기준 곡선)
2021-08-28 08:45:00,18.10755792760962,ARIMA (+기준 곡선)
2021-08-28 09:00:00,18.28051202276675,ARIMA (+기준 곡선)
2021-08-28 09:15:00,18.62051333712887,ARIMA (+기준 곡선)
2021-08-28 09:30:00,18.28995479921434,ARIMA (+기준 곡선)
2021-08-28 09:45:00,18.46158561784448,ARIMA (+기준 곡선)
2021-08-28 10:00:00,18.29779141218046,ARIMA (+기준 곡선)
2021-08-28 10:15:00,18.971314732281005,ARIMA (+기준 곡선)
2021-08-28 10:30:00,18.63935507862796,ARIMA (+기준 곡선)
2021-08-28 10:45:00,18.139589457601414,ARIMA (+기준 곡선)
2021-08-28 11:00:00,18.81228250198848,ARIMA (+기준 곡선)
2021-08-28 11:15:00,19.65227653555249,ARIMA (+기준 곡선)
2021-08-28 11:30:00,20.492061934206717,ARIMA (+기준 곡선)
2021-08-28 11:45:00,20.15894720685253,ARIMA (+기준 곡선)
2021-08-28 12:00:00,18.82047927961736,ARIMA (+기준 곡선)
2021-08-28 12:15:00,17.816913634210554,ARIMA (+기준 곡선)
2021-08-28 12:30:00,18.823564398115543,ARIMA (+기준 곡선)
2021-08-28 12:45:00,18.489844186139067,ARIMA (+기준 곡선)
2021-08-28 13:00:00,17.820944702602404,ARIMA (+기준 곡선)
2021-08-28 13:15:00,18.157116632259687,ARIMA (+기준 곡선)
2021-08-28 13:30:00,17.320479530964086,ARIMA (+기준 곡선)
2021-08-28 13:45:00,17.153872304284217,ARIMA (+기준 곡선)
2021-08-28 14:00:00,17.322242959728584,ARIMA (+기준 곡선)
2021-08-28 14:15:00,17.49053879050903,ARIMA (+기준 곡선)
2021-08-28 14:30:00,17.4912364478863,ARIMA (+기준 곡선)
2021-08-28 14:45:00,18.497052060459595,ARIMA (+기준 곡선)
2021-08-28 15:00:00,19.16775108528605,ARIMA (+기준 곡선)
2021-08-28 15:15:00,18.83321852252439,ARIMA (+기준 곡선)
2021-08-28 15:30:00,18.163578994292777,ARIMA (+기준 곡선)
2021-08-28 15:45:00,18.66660675825895,ARIMA (+기준 곡선)
2021-08-28 16:00:00,18.49947552480223,ARIMA (+기준 곡선)
2021-08-28 16:15:00,17.997248779435978,ARIMA (+기준 곡선)
2021-08-28 16:30:00,17.830049716528404,ARIMA (+기준 곡선)
2021-08-28 16:45:00,17.495291187873246,ARIMA (+기준 곡선)
2021-08-28 17:00:00,17.495565841692354,ARIMA (+기준 곡선)
2021-08-28 17:15:00,17.328286040231553,ARIMA (+기준 곡선)
2021-08-28 17:30:00,17.1609839682044,ARIMA (+기준 곡선)
2021-08-28 17:45:00,17.32872162541395,ARIMA (+기준 곡선)
2021-08-28 18:00:00,18.33409084399176,ARIMA (+기준 곡선)
2021-08-28 18:15:00,18.50179318136217,ARIMA (+기준 곡선)
2021-08-28 18:30:00,18.166890153727977,ARIMA (+기준 곡선)
2021-08-28 18:45:00,18.334563178966423,ARIMA (+기준 곡선)
2021-08-28 19:00:00,19.17234350959801,ARIMA (+기준 곡선)
2021-08-28 19:15:00,18.66987217346564,ARIMA (+기준 곡선)
2021-08-28 19:30:00,17.664800246602937,ARIMA (+기준 곡선)
2021-08-28 19:45:00,17.162308721936366,ARIMA (+기준 곡선)
2021-08-28 20:00:00,16.99486844732554,ARIMA (+기준 곡선)
2021-08-28 20:15:00,16.99495019438304,ARIMA (+기준 곡선)
2021-08-28 20:30:00,17.49761469156253,ARIMA (+기준 곡선)
2021-08-28 20:45:00,17.66521254266973,ARIMA (+기준 곡선)
2021-08-28 21:00:00,18.16786437276922,ARIMA (+기준 곡선)
2021-08-28 21:15:00,18.00039066673936,ARIMA (+기준 곡선)
2021-08-28 21:30:00,18.000441958056864,ARIMA (+기준 곡선)
2021-08-28 21:45:00,18.16801869278048,ARIMA (+기준 곡선)
2021-08-28 22:00:00,19.005711303567413,ARIMA (+기준 곡선)
2021-08-28 22:15:00,20.17846014307001,ARIMA (+기준 곡선)
2021-08-28 22:30:00,20.513555487155063,ARIMA (+기준 곡선)
2021-08-28 22:45:00,18.16816754660383,ARIMA (+기준 곡선)
2021-08-28 23:00:00,17.665606838004326,ARIMA (+기준 곡선)
2021-08-28 23:15:00,17.163043519881395,ARIMA (+기준 곡선)
2021-08-28 23:30:00,17.49812786834048,ARIMA (+기준 곡선)
2021-08-28 23:45:00,17.833210051141478,ARIMA (+기준 곡선)
2021-08-29 00:00:00,22.67988871729532,ARIMA (+기준 곡선)
2021-08-29 00:15:00,23.04395865727523,ARIMA (+기준 곡선)
2021-08-29 00:30:00,23.96207111172584,ARIMA (+기준 곡선)
2021-08-29 00:45:00,24.39225643389646,ARIMA (+기준 곡선)
2021-08-29 01:00:00,24.510764685680368,ARIMA (+기준 곡선)
2021-08-29 01:15:00,24.6152104855296,ARIMA (+기준 곡선)
2021-08-29 01:30:00,25.28369776747097,ARIMA (+기준 곡선)
2021-08-29 01:45:00,26.94867546317236,ARIMA (+기준 곡선)
2021-08-29 02:00:00,26.1648055884612,ARIMA (+기준 곡선)
2021-08-29 02:15:00,24.656004778054765,ARIMA (+기준 곡선)
2021-08-29 02:30:00,23.858882392357074,ARIMA (+기준 곡선)
2021-08-29 02:45:00,24.348394320547957,ARIMA (+기준 곡선)
2021-08-29 03:00:00,24.401887428691317,ARIMA (+기준 곡선)
2021-08-29 03:15:00,24.737813274377928,ARIMA (+기준 곡선)
2021-08-29 03:30:00,24.495012931923675,ARIMA (+기준 곡선)
2021-08-29 03:45:00,24.248261131692548,ARIMA (+기준 곡선)
2021-08-29 04:00:00,25.290283954236667,ARIMA (+기준 곡선)
2021-08-29 04:15:00,25.61104170501377,ARIMA (+기준 곡선)
2021-08-29 04:30:00,25.06722912211332,ARIMA (+기준 곡선)
2021-08-29 04:45:00,24.664292165178008,ARIMA (+기준 곡선)
2021-08-29 05:00:00,25.69484742635575,ARIMA (+기준 곡선)
2021-08-29 05:15:00,25.574366876373908,ARIMA (+기준 곡선)
2021-08-29 05:30:00,25.308231603075765,ARIMA (+기준 곡선)
2021-08-29 05:45:00,25.040221898229856,ARIMA (+기준 곡선)
2021-08-29 06:00:00,24.339713150982032,ARIMA (+기준 곡선)
2021-08-29 06:15:00,24.642828855117248,ARIMA (+기준 곡선)
2021-08-29 06:30:00,24.51373596858196,ARIMA (+기준 곡선)
2021-08-29 06:45:00,24.3833520798974,ARIMA (+기준 곡선)
2021-08-29 07:00:00,24.108194948801465,ARIMA (+기준 곡선)
2021-08-29 07:15:00,24.54995215966341,ARIMA (+기준 곡선)
2021-08-29 07:30:00,25.56512192665392,ARIMA (+기준 곡선)
2021-08-29 07:45:00,25.14343102085881,ARIMA (+기준 곡선)
2021-08-29 08:00:00,24.720930089563566,ARIMA (+기준 곡선)
2021-08-29 08:15:00,25.733662735606877,ARIMA (+기준 곡선)
2021-08-29 08:30:00,25.30975163324048,ARIMA (+기준 곡선)
2021-08-29 08:45:00,25.31601957276136,ARIMA (+기준 곡선)
2021-08-29 09:00:00,25.46532676302649,ARIMA (+기준 곡선)
2021-08-29 09:15:00,26.188514312936626,ARIMA (+기준 곡선)
2021-08-29 09:30:00,25.04447590399272,ARIMA (+기준 곡선)
2021-08-29 09:45:00,24.474404303789758,ARIMA (+기준 곡선)
2021-08-29 10:00:00,24.62193420582127,ARIMA (+기준 곡선)
2021-08-29 10:15:00,24.48191975895068,ARIMA (+기준 곡선)
2021-08-29 10:30:00,24.772377872283787,ARIMA (+기준 곡선)
2021-08-29 10:45:00,25.0625454786932,ARIMA (+기준 곡선)
2021-08-29 11:00:00,25.783239886867587,ARIMA (+기준 곡선)
2021-08-29 11:15:00,26.79088750246553,ARIMA (+기준 곡선)
2021-08-29 11:30:00,26.50594113074121,ARIMA (+기준 곡선)
2021-08-29 11:45:00,25.35921177209152,ARIMA (+기준 곡선)
2021-08-29 12:00:00,25.361077340952324,ARIMA (+기준 곡선)
2021-08-29 12:15:00,25.21917970803488,ARIMA (+기준 곡선)
2021-08-29 12:30:00,26.36950515703719,ARIMA (+기준 곡선)
2021-08-29 12:45:00,25.796526994586788,ARIMA (+기준 곡선)
2021-08-29 13:00:00,25.797811892620896,ARIMA (+기준 곡선)
2021-08-29 13:15:00,25.511788123119427,ARIMA (+기준 곡선)
2021-08-29 13:30:00,24.938465865694088,ARIMA (+기준 곡선)
2021-08-29 13:45:00,24.939437296116168,ARIMA (+기준 곡선)
2021-08-29 14:00:00,25.371113712130487,ARIMA (+기준 곡선)
2021-08-29 14:15:00,25.51551705804065,ARIMA (+기준 곡선)
2021-08-29 14:30:00,26.8086258487044,ARIMA (+기준 곡선)
2021-08-29 14:45:00,26.95289206526073,ARIMA (+기준 곡선)
2021-08-29 15:00:00,25.94832152629333,ARIMA (+기준 곡선)
2021-08-29 15:15:00,25.948876788060424,ARIMA (+기준 곡선)
2021-08-29 15:30:00,25.37499402534681,ARIMA (+기준 곡선)
2021-08-29 15:45:00,25.37545484019165,ARIMA (+기준 곡선)
2021-08-29 16:00:00,26.381054691220967,ARIMA (+기준 곡선)
2021-08-29 16:15:00,26.23783997366516,ARIMA (+기준 곡선)
2021-08-29 16:30:00,25.9509940659825,ARIMA (+기준 곡선)
2021-08-29 16:45:00,25.95131144911462,ARIMA (+기준 곡선)
2021-08-29 17:00:00,24.94642052986082,ARIMA (+기준 곡선)
2021-08-29 17:15:00,25.09028107826843,ARIMA (+기준 곡선)
2021-08-29 17:30:00,24.803326730907656,ARIMA (+기준 곡선)
2021-08-29 17:45:00,25.80872537901307,ARIMA (+기준 곡선)
2021-08-29 18:00:00,26.096118818410776,ARIMA (+기준 곡선)
2021-08-29 18:15:00,26.383494532784088,ARIMA (+기준 곡선)
2021-08-29 18:30:00,24.6604939946042,ARIMA (+기준 곡선)
2021-08-29 18:45:00,24.66064455078966,ARIMA (+기준 곡선)
2021-08-29 19:00:00,24.660781706201305,ARIMA (+기준 곡선)
2021-08-29 19:15:00,24.660906653621332,ARIMA (+기준 곡선)
2021-08-29 19:30:00,25.379006231523505,ARIMA (+기준 곡선)
2021-08-29 19:45:00,25.66630422682964,ARIMA (+기준 곡선)
2021-08-29 20:00:00,25.23560724058349,ARIMA (+기준 곡선)
2021-08-29 20:15:00,25.379290447652437,ARIMA (+기준 곡선)
2021-08-29 20:30:00,24.517785942344588,ARIMA (+기준 곡선)
2021-08-29 20:45:00,25.092245962766025,ARIMA (+기준 곡선)
2021-08-29 21:00:00,26.097491077413864,ARIMA (+기준 곡선)
2021-08-29 21:15:00,26.6719389498739,ARIMA (+기준 곡선)
2021-08-29 21:30:00,26.241201494113163,ARIMA (+기준 곡선)
2021-08-29 21:45:00,26.24125068342473,ARIMA (+기준 곡선)
2021-08-29 22:00:00,25.092518291496777,ARIMA (+기준 곡선)
2021-08-29 22:15:00,25.09255911398145,ARIMA (+기준 곡선)
2021-08-29 22:30:00,25.666984904407137,ARIMA (+기준 곡선)
2021-08-29 22:45:00,25.523421632843554,ARIMA (+기준 곡선)
2021-08-29 23:00:00,25.810646796895053,ARIMA (+기준 곡선)
2021-08-29 23:15:00,25.37988346199189,ARIMA (+기준 곡선)
2021-08-29 23:30:00,24.37472902302065,ARIMA (+기준 곡선)
2021-08-29 23:45:00,25.52352955979729,ARIMA (+기준 곡선)
2021-08-30 00:00:00,20.682260668176443,ARIMA (+기준 곡선)
2021-08-30 00:15:00,21.52937446381588,ARIMA (+기준 곡선)
2021-08-30 00:30:00,22.852953123239544,ARIMA (+기준 곡선)
2021-08-30 00:45:00,22.090992754192733,ARIMA (+기준 곡선)
2021-08-30 01:00:00,20.89860605502615,ARIMA (+기준 곡선)
2021-08-30 01:15:00,22.25898428892952,ARIMA (+기준 곡선)
2021-08-30 01:30:00,21.73200547321493,ARIMA (+기준 곡선)
2021-08-30 01:45:00,21.04819673188976,ARIMA (+기준 곡선)
2021-08-30 02:00:00,21.21515901182461,ARIMA (+기준 곡선)
2021-08-30 02:15:00,20.80186428272778,ARIMA (+기준 곡선)
2021-08-30 02:30:00,21.960229830124263,ARIMA (+기준 곡선)
2021-08-30 02:45:00,22.11187735785119,ARIMA (+기준 곡선)
2021-08-30 03:00:00,21.68778903737423,ARIMA (+기준 곡선)
2021-08-30 03:15:00,21.97860786798176,ARIMA (+기준 곡선)
2021-08-30 03:30:00,21.69490099247523,ARIMA (+기준 곡선)
2021-08-30 03:45:00,22.413617549480836,ARIMA (+기준 곡선)
2021-08-30 04:00:00,22.12843878399347,ARIMA (+기준 곡선)
2021-08-30 04:15:00,21.55617556349302,ARIMA (+기준 곡선)
2021-08-30 04:30:00,21.126933661092007,ARIMA (+기준 곡선)
2021-08-30 04:45:00,21.127455383676075,ARIMA (+기준 곡선)
2021-08-30 05:00:00,21.70113039297964,ARIMA (+기준 곡선)
2021-08-30 05:15:00,21.27141194798986,ARIMA (+기준 곡선)
2021-08-30 05:30:00,20.84161710907757,ARIMA (+기준 곡선)
2021-08-30 05:45:00,20.985074206349328,ARIMA (+기준 곡선)
2021-08-30 06:00:00,21.558472560805363,ARIMA (+기준 곡선)
2021-08-30 06:15:00,21.845190892620643,ARIMA (+기준 곡선)
2021-08-30 06:30:00,20.98527815510212,ARIMA (+기준 곡선)
2021-08-30 06:45:00,21.701943315458447,ARIMA (+기준 곡선)
2021-08-30 07:00:00,27.005046689322032,ARIMA (+기준 곡선)
2021-08-30 07:15:00,41.33771236555887,ARIMA (+기준 곡선)
2021-08-30 07:30:00,71.4362875044245,ARIMA (+기준 곡선)
2021-08-30 07:45:00,113.28763169788992,ARIMA (+기준 곡선)
2021-08-30 08:00:00,157.71885037336494,ARIMA (+기준 곡선)
2021-08-30 08:15:00,187.81741803643064,ARIMA (+기준 곡선)
2021-08-30 08:30:00,192.2605422215936,ARIMA (+기준 곡선)
2021-08-30 08:45:00,187.38744350226708,ARIMA (+기준 곡선)
2021-08-30 09:00:00,184.95089456741448,ARIMA (+기준 곡선)
2021-08-30 09:15:00,178.64452989253326,ARIMA (+기준 곡선)
2021-08-30 09:30:00,183.5176313858001,ARIMA (+기준 곡선)
2021-08-30 09:45:00,180.2211225555188,ARIMA (+기준 곡선)
2021-08-30 10:00:00,144.6761526093107,ARIMA (+기준 곡선)
2021-08-30 10:15:00,180.0777966817437,ARIMA (+기준 곡선)
2021-08-30 10:30:00,182.37102075416232,ARIMA (+기준 곡선)
2021-08-30 10:45:00,182.65767386891875,ARIMA (+기준 곡선)
2021-08-30 11:00:00,181.7977150006482,ARIMA (+기준 곡선)
2021-08-30 11:15:00,184.5209184353351,ARIMA (+기준 곡선)
2021-08-30 11:30:00,181.65438861714543,ARIMA (+기준 곡선)
2021-08-30 11:45:00,176.78128788111744,ARIMA (+기준 곡선)
2021-08-30 12:00:00,126.18703581080264,ARIMA (+기준 곡선)
2021-08-30 12:15:00,106.40797976784468,ARIMA (+기준 곡선)
2021-08-30 12:30:00,104.40140887467938,ARIMA (+기준 곡선)
2021-08-30 12:45:00,111.13775406225318,ARIMA (+기준 곡선)
2021-08-30 13:00:00,156.8589053928249,ARIMA (+기준 곡선)
2021-08-30 13:15:00,172.91147263317222,ARIMA (+기준 곡선)
2021-08-30 13:30:00,176.63796145873724,ARIMA (+기준 곡선)
2021-08-30 13:45:00,176.2079819812071,ARIMA (+기준 곡선)
2021-08-30 14:00:00,173.9147580917287,ARIMA (+기준 곡선)
2021-08-30 14:15:00,174.4880640654622,ARIMA (+기준 곡선)
2021-08-30 14:30:00,177.21126743662245,ARIMA (+기준 곡선)
2021-08-30 14:45:00,173.91475809395348,ARIMA (+기준 곡선)
2021-08-30 15:00:00,138.36978778531213,ARIMA (+기준 곡선)
2021-08-30 15:15:00,149.40592776053555,ARIMA (+기준 곡선)
2021-08-30 15:30:00,175.0613700401924,ARIMA (+기준 곡선)
2021-08-30 15:45:00,179.3611648357619,ARIMA (+기준 곡선)
2021-08-30 16:00:00,168.03837187451717,ARIMA (+기준 곡선)
2021-08-30 16:15:00,164.0252300654999,ARIMA (+기준 곡선)
2021-08-30 16:30:00,165.0285155178147,ARIMA (+기준 곡선)
2021-08-30 16:45:00,160.87204721558442,ARIMA (+기준 곡선)
2021-08-30 17:00:00,129.05356572932632,ARIMA (+기준 곡선)
2021-08-30 17:15:00,115.00756939756066,ARIMA (+기준 곡선)
2021-08-30 17:30:00,138.79976726569146,ARIMA (+기준 곡선)
2021-08-30 17:45:00,150.83919269294063,ARIMA (+기준 곡선)
2021-08-30 18:00:00,151.69915165203486,ARIMA (+기준 곡선)
2021-08-30 18:15:00,144.10284751342232,ARIMA (+기준 곡선)
2021-08-30 18:30:00,141.37964414297767,ARIMA (+기준 곡선)
2021-08-30 18:45:00,134.2133194839075,ARIMA (+기준 곡선)
2021-08-30 19:00:00,136.50654337481197,ARIMA (+기준 곡선)
2021-08-30 19:15:00,138.36978778617174,ARIMA (+기준 곡선)
2021-08-30 19:30:00,132.9233810452776,ARIMA (+기준 곡선)
2021-08-30 19:45:00,111.56773356124302,ARIMA (+기준 곡선)
2021-08-30 20:00:00,104.54473539535265,ARIMA (+기준 곡선)
2021-08-30 20:15:00,111.99771304078794,ARIMA (+기준 곡선)
2021-08-30 20:30:00,116.58416082259431,ARIMA (+기준 곡선)
2021-08-30 20:45:00,116.29750783623156,ARIMA (+기준 곡선)
2021-08-30 21:00:00,115.8675283566873,ARIMA (+기준 곡선)
2021-08-30 21:15:00,119.307364193042,ARIMA (+기준 곡선)
2021-08-30 21:30:00,113.8609574521472,ARIMA (+기준 곡선)
2021-08-30 21:45:00,109.1311831771596,ARIMA (+기준 곡선)
2021-08-30 22:00:00,96.37512528401116,ARIMA (+기준 곡선)
2021-08-30 22:15:00,107.55459175216376,ARIMA (+기준 곡선)
2021-08-30 22:30:00,109.41783616352257,ARIMA (+기준 곡선)
2021-08-30 22:45:00,110.42112161579266,ARIMA (+기준 곡선)
2021-08-30 23:00:00,107.98457123170812,ARIMA (+기준 곡선)
2021-08-30 23:15:00,107.12461227261946,ARIMA (+기준 곡선)
2021-08-30 23:30:00,100.67492007945452,ARIMA (+기준 곡선)
2021-08-30 23:45:00,79.31927259541943,ARIMA (+기준 곡선)
2021-08-31 00:00:00,82.15828909004176,ARIMA (+기준 곡선)
2021-08-31 00:15:00,78.31424409315832,ARIMA (+기준 곡선)
2021-08-31 00:30:00,76.5235449052394,ARIMA (+기준 곡선)
2021-08-31 00:45:00,74.4364050574685,ARIMA (+기준 곡선)
2021-08-31 01:00:00,97.7722263532685,ARIMA (+기준 곡선)
2021-08-31 01:15:00,109.9696293862195,ARIMA (+기준 곡선)
2021-08-31 01:30:00,112.96674467187994,ARIMA (+기준 곡선)
2021-08-31 01:45:00,111.7709093106062,ARIMA (+기준 곡선)
2021-08-31 02:00:00,112.47709950710548,ARIMA (+기준 곡선)
2021-08-31 02:15:00,114.50339973871075,ARIMA (+기준 곡선)
2021-08-31 02:30:00,113.71828281006304,ARIMA (+기준 곡선)
2021-08-31 02:45:00,111.89517619608068,ARIMA (+기준 곡선)
2021-08-31 03:00:00,97.49519055898816,ARIMA (+기준 곡선)
2021-08-31 03:15:00,111.11198492342682,ARIMA (+기준 곡선)
2021-08-31 03:30:00,114.96742515646974,ARIMA (+기준 곡선)
2021-08-31 03:45:00,114.00035773251126,ARIMA (+기준 곡선)
2021-08-31 04:00:00,112.14646222602964,ARIMA (+기준 곡선)
2021-08-31 04:15:00,112.99421044664992,ARIMA (+기준 곡선)
2021-08-31 04:30:00,111.48844361302888,ARIMA (+기준 곡선)
2021-08-31 04:45:00,108.40081823364082,ARIMA (+기준 곡선)
2021-08-31 05:00:00,90.4184362903935,ARIMA (+기준 곡선)
2021-08-31 05:15:00,82.16032845522214,ARIMA (+기준 곡선)
2021-08-31 05:30:00,99.91055343721744,ARIMA (+기준 곡선)
2021-08-31 05:45:00,112.83735210938389,ARIMA (+기준 곡선)
2021-08-31 06:00:00,113.87912042250797,ARIMA (+기준 곡선)
2021-08-31 06:15:00,113.06870018028886,ARIMA (+기준 곡선)
2021-08-31 06:30:00,112.45124119262316,ARIMA (+기준 곡선)
2021-08-31 06:45:00,112.87567094003646,ARIMA (+기준 곡선)
2021-08-31 07:00:00,114.30339701920155,ARIMA (+기준 곡선)
2021-08-31 07:15:00,127.30750139699484,ARIMA (+기준 곡선)
2021-08-31 07:30:00,151.3477511931163,ARIMA (+기준 곡선)
2021-08-31 07:45:00,151.73362090718354,ARIMA (+기준 곡선)
2021-08-31 08:00:00,171.22050483988113,ARIMA (+기준 곡선)
2021-08-31 08:15:00,191.7106761512857,ARIMA (+기준 곡선)
2021-08-31 08:30:00,196.14828158901796,ARIMA (+기준 곡선)
2021-08-31 08:45:00,193.7172414327598,ARIMA (+기준 곡선)
2021-08-31 09:00:00,185.42084085270025,ARIMA (+기준 곡선)
2021-08-31 09:15:00,186.7328283554772,ARIMA (+기준 곡선)
2021-08-31 09:30:00,187.4659976692138,ARIMA (+기준 곡선)
2021-08-31 09:45:00,189.2410405785161,ARIMA (+기준 곡선)
2021-08-31 10:00:00,156.09403233908787,ARIMA (+기준 곡선)
2021-08-31 10:15:00,186.81000204757555,ARIMA (+기준 곡선)
2021-08-31 10:30:00,188.7008090396953,ARIMA (+기준 곡선)
2021-08-31 10:45:00,188.58504518767623,ARIMA (+기준 곡선)
2021-08-31 11:00:00,187.54317173013249,ARIMA (+기준 곡선)
2021-08-31 11:15:00,191.7878408782328,ARIMA (+기준 곡선)
2021-08-31 11:30:00,194.1802907512109,ARIMA (+기준 곡선)
2021-08-31 11:45:00,191.2476101618759,ARIMA (+기준 곡선)
2021-08-31 12:00:00,129.58414272342472,ARIMA (+기준 곡선)
2021-08-31 12:15:00,109.28690624767542,ARIMA (+기준 곡선)
2021-08-31 12:30:00,109.0939667246898,ARIMA (+기준 곡선)
2021-08-31 12:45:00,119.93716718046048,ARIMA (+기준 곡선)
2021-08-31 13:00:00,167.43887454877773,ARIMA (+기준 곡선)
2021-08-31 13:15:00,184.37896352676103,ARIMA (+기준 곡선)
2021-08-31 13:30:00,188.1991658225518,ARIMA (+기준 곡선)
2021-08-31 13:45:00,189.6655060966564,ARIMA (+기준 곡선)
2021-08-31 14:00:00,187.9676384065793,ARIMA (+기준 곡선)
2021-08-31 14:15:00,184.8806062446024,ARIMA (+기준 곡선)
2021-08-31 14:30:00,187.19588036441525,ARIMA (+기준 곡선)
2021-08-31 14:45:00,187.0415287558004,ARIMA (+기준 곡선)
2021-08-31 15:00:00,147.8748082148504,ARIMA (+기준 곡선)
2021-08-31 15:15:00,159.45117881768013,ARIMA (+기준 곡선)
2021-08-31 15:30:00,184.147436104126,ARIMA (+기준 곡선)
2021-08-31 15:45:00,186.6556497346577,ARIMA (+기준 곡선)
2021-08-31 16:00:00,183.4914417697043,ARIMA (+기준 곡선)
2021-08-31 16:15:00,177.97337178214693,ARIMA (+기준 곡선)
2021-08-31 16:30:00,175.04069122930662,ARIMA (+기준 곡선)
2021-08-31 16:45:00,172.686829206637,ARIMA (+기준 곡선)
2021-08-31 17:00:00,128.19497818863348,ARIMA (+기준 곡선)
2021-08-31 17:15:00,115.49955842719764,ARIMA (+기준 곡선)
2021-08-31 17:30:00,156.71143777428,ARIMA (+기준 곡선)
2021-08-31 17:45:00,171.10472522414594,ARIMA (+기준 곡선)
2021-08-31 18:00:00,170.52590669398373,ARIMA (+기준 곡선)
2021-08-31 18:15:00,169.63838494774032,ARIMA (+기준 곡선)
2021-08-31 18:30:00,167.51605033716575,ARIMA (+기준 곡선)
2021-08-31 18:45:00,167.97910516128815,ARIMA (+기준 곡선)
2021-08-31 19:00:00,163.69584803813345,ARIMA (+기준 곡선)
2021-08-31 19:15:00,158.83377238482336,ARIMA (+기준 곡선)
2021-08-31 19:30:00,158.48648126672904,ARIMA (+기준 곡선)
2021-08-31 19:45:00,139.076766555503,ARIMA (+기준 곡선)
2021-08-31 20:00:00,123.95030896743027,ARIMA (+기준 곡선)
2021-08-31 20:15:00,130.47166440718567,ARIMA (+기준 곡선)
2021-08-31 20:30:00,130.626016015227,ARIMA (+기준 곡선)
2021-08-31 20:45:00,128.5036814046555,ARIMA (+기준 곡선)
2021-08-31 21:00:00,125.41664924382432,ARIMA (+기준 곡선)
2021-08-31 21:15:00,124.72206700763724,ARIMA (+기준 곡선)
2021-08-31 21:30:00,125.14653392975148,ARIMA (+기준 곡선)
2021-08-31 21:45:00,124.76065490964756,ARIMA (+기준 곡선)
2021-08-31 22:00:00,108.66949977131549,ARIMA (+기준 곡선)
2021-08-31 22:15:00,119.24258492216194,ARIMA (+기준 곡선)
2021-08-31 22:30:00,119.31976072618272,ARIMA (+기준 곡선)
2021-08-31 22:45:00,118.12353576386064,ARIMA (+기준 곡선)
2021-08-31 23:00:00,116.81154709550744,ARIMA (+기준 곡선)
2021-08-31 23:15:00,115.84684954524772,ARIMA (+기준 곡선)
2021-08-31 23:30:00,113.76310283668673,ARIMA (+기준 곡선)
2021-08-31 23:45:00,94.8550308515963,ARIMA (+기준 곡선)
2021-09-01 00:00:00,84.40515517416118,ARIMA (+기준 곡선)
2021-09-01 00:15:00,78.88362196604642,ARIMA (+기준 곡선)
2021-09-01 00:30:00,76.08078276846845,ARIMA (+기준 곡선)
2021-09-01 00:45:00,73.44799410219615,ARIMA (+기준 곡선)
2021-09-01 01:00:00,96.36573042491072,ARIMA (+기준 곡선)
2021-09-01 01:15:00,108.2489661463586,ARIMA (+기준 곡선)
2021-09-01 01:30:00,111.02893252008504,ARIMA (+기준 곡선)
2021-09-01 01:45:00,109.68139120460089,ARIMA (+기준 곡선)
2021-09-01 02:00:00,110.27953824620266,ARIMA (+기준 곡선)
2021-09-01 02:15:00,112.22923474727232,ARIMA (+기준 곡선)
2021-09-01 02:30:00,111.390033190558,ARIMA (+기준 곡선)
2021-09-01 02:45:00,109.52868545623755,ARIMA (+기준 곡선)
2021-09-01 03:00:00,95.10163718156484,ARIMA (+기준 곡선)
2021-09-01 03:15:00,108.69928803213278,ARIMA (+기준 곡선)
2021-09-01 03:30:00,112.54118890043216,ARIMA (+기준 곡선)
2021-09-01 03:45:00,111.56454452896182,ARIMA (+기준 곡선)
2021-09-01 04:00:00,109.70387464845372,ARIMA (+기준 곡선)
2021-09-01 04:15:00,110.54683108281436,ARIMA (+기준 곡선)
2021-09-01 04:30:00,109.03767484171335,ARIMA (+기준 곡선)
2021-09-01 04:45:00,105.9476519898428,ARIMA (+기준 곡선)
2021-09-01 05:00:00,87.96357421149865,ARIMA (+기준 곡선)
2021-09-01 05:15:00,79.70426684180806,ARIMA (+기준 곡선)
2021-09-01 05:30:00,97.45364334318462,ARIMA (+기준 곡선)
2021-09-01 05:45:00,110.37984184946647,ARIMA (+기준 곡선)
2021-09-01 06:00:00,111.42118564014828,ARIMA (+기준 곡선)
2021-09-01 06:15:00,110.61046511547468,ARIMA (+기준 곡선)
2021-09-01 06:30:00,109.99279372548148,ARIMA (+기준 곡선)
2021-09-01 06:45:00,110.4170732318497,ARIMA (+기준 곡선)
2021-09-01 07:00:00,111.84469303924416,ARIMA (+기준 곡선)
2021-09-01 07:15:00,124.8487222465727,ARIMA (+기준 곡선)
2021-09-01 07:30:00,148.88891887148276,ARIMA (+기준 곡선)
2021-09-01 07:45:00,149.27475097532985,ARIMA (+기준 곡선)
2021-09-01 08:00:00,168.7616083047469,ARIMA (+기준 곡선)
2021-09-01 08:15:00,189.25176079853924,ARIMA (+기준 곡선)
2021-09-01 08:30:00,193.68935292578783,ARIMA (+기준 곡선)
2021-09-01 08:45:00,191.2583033544684,ARIMA (+기준 곡선)
2021-09-01 09:00:00,182.9618961147424,ARIMA (+기준 곡선)
2021-09-01 09:15:00,184.27387890685895,ARIMA (+기준 곡선)
2021-09-01 09:30:00,185.00704488854865,ARIMA (+기준 곡선)
2021-09-01 09:45:00,186.7820854409549,ARIMA (+기준 곡선)
2021-09-01 10:00:00,153.63507553439553,ARIMA (+기준 곡선)
2021-09-01 10:15:00,184.3510440636517,ARIMA (+기준 곡선)
2021-09-01 10:30:00,186.24185022165167,ARIMA (+기준 곡선)
2021-09-01 10:45:00,186.12608577962493,ARIMA (+기준 곡선)
2021-09-01 11:00:00,185.084211904744,ARIMA (+기준 곡선)
2021-09-01 11:15:00,189.32888075764436,ARIMA (+기준 곡선)
2021-09-01 11:30:00,191.7213304218152,ARIMA (+기준 곡선)
2021-09-01 11:45:00,188.78864968478203,ARIMA (+기준 곡선)
2021-09-01 12:00:00,127.12518214185778,ARIMA (+기준 곡선)
2021-09-01 12:15:00,106.8279455922103,ARIMA (+기준 곡선)
2021-09-01 12:30:00,106.63500601695344,ARIMA (+기준 곡선)
2021-09-01 12:45:00,117.47820643575048,ARIMA (+기준 곡선)
2021-09-01 13:00:00,164.9799137779147,ARIMA (+기준 곡선)
2021-09-01 13:15:00,181.9200027373989,ARIMA (+기준 곡선)
2021-09-01 13:30:00,185.74020502010447,ARIMA (+기준 곡선)
2021-09-01 13:45:00,187.20654528495336,ARIMA (+기준 곡선)
2021-09-01 14:00:00,185.50867758832936,ARIMA (+기준 곡선)
2021-09-01 14:15:00,182.4216454217215,ARIMA (+기준 곡선)
2021-09-01 14:30:00,184.7369195382587,ARIMA (+기준 곡선)
2021-09-01 14:45:00,184.5825679273268,ARIMA (+기준 곡선)
2021-09-01 15:00:00,145.4158473847379,ARIMA (+기준 곡선)
2021-09-01 15:15:00,156.99221798640838,ARIMA (+기준 곡선)
2021-09-01 15:30:00,181.6884752720342,ARIMA (+기준 곡선)
2021-09-01 15:45:00,184.19668890198597,ARIMA (+기준 곡선)
2021-09-01 16:00:00,181.03248093662225,ARIMA (+기준 곡선)
2021-09-01 16:15:00,175.51441094877467,ARIMA (+기준 곡선)
2021-09-01 16:30:00,172.5817303957291,ARIMA (+기준 곡선)
2021-09-01 16:45:00,170.22786837291426,ARIMA (+기준 곡선)
2021-09-01 17:00:00,125.73601735480806,ARIMA (+기준 곡선)
2021-09-01 17:15:00,113.04059759329957,ARIMA (+기준 곡선)
2021-09-01 17:30:00,154.25247694033052,ARIMA (+기준 곡선)
2021-09-01 17:45:00,168.64576439016014,ARIMA (+기준 곡선)
2021-09-01 18:00:00,168.06694585997224,ARIMA (+기준 곡선)
2021-09-01 18:15:00,167.1794241137106,ARIMA (+기준 곡선)
2021-09-01 18:30:00,165.0570895031232,ARIMA (+기준 곡선)
2021-09-01 18:45:00,165.5201443272365,ARIMA (+기준 곡선)
2021-09-01 19:00:00,161.23688720407534,ARIMA (+기준 곡선)
2021-09-01 19:15:00,156.3748115507607,ARIMA (+기준 곡선)
2021-09-01 19:30:00,156.02752043266318,ARIMA (+기준 곡선)
2021-09-01 19:45:00,136.61780572143485,ARIMA (+기준 곡선)
2021-09-01 20:00:00,121.49134813336052,ARIMA (+기준 곡선)
2021-09-01 20:15:00,128.01270357311478,ARIMA (+기준 곡선)
2021-09-01 20:30:00,128.16705518115532,ARIMA (+기준 곡선)
2021-09-01 20:45:00,126.04472057058322,ARIMA (+기준 곡선)
2021-09-01 21:00:00,122.95768840975164,ARIMA (+기준 곡선)
2021-09-01 21:15:00,122.26310617356428,ARIMA (+기준 곡선)
2021-09-01 21:30:00,122.68757309567832,ARIMA (+기준 곡선)
2021-09-01 21:45:00,122.30169407557425,ARIMA (+기준 곡선)
2021-09-01 22:00:00,106.21053893724206,ARIMA (+기준 곡선)
2021-09-01 22:15:00,116.78362408808844,ARIMA (+기준 곡선)
2021-09-01 22:30:00,116.86079989210916,ARIMA (+기준 곡선)
2021-09-01 22:45:00,115.66457492978708,ARIMA (+기준 곡선)
2021-09-01 23:00:00,114.35258626143384,ARIMA (+기준 곡선)
2021-09-01 23:15:00,113.3878887111741,ARIMA (+기준 곡선)
2021-09-01 23:30:00,111.30414200261308,ARIMA (+기준 곡선)
2021-09-01 23:45:00,92.39607001752266,ARIMA (+기준 곡선)
2021-09-02 00:00:00,87.20034743572057,ARIMA (+기준 곡선)
2021-09-02 00:15:00,80.80241029684562,ARIMA (+기준 곡선)
2021-09-02 00:30:00,78.30488357031693,ARIMA (+기준 곡선)
2021-09-02 00:45:00,75.91597673877926,ARIMA (+기준 곡선)
2021-09-02 01:00:00,98.89284275926872,ARIMA (+기준 곡선)
2021-09-02 01:15:00,110.8219238421809,ARIMA (+기준 곡선)
2021-09-02 01:30:00,113.6477270923656,ARIMA (+기준 곡선)
2021-09-02 01:45:00,112.33124972732504,ARIMA (+기준 곡선)
2021-09-02 02:00:00,112.9498413794846,ARIMA (+기준 곡선)
2021-09-02 02:15:00,114.91426256492394,ARIMA (+기준 곡선)
2021-09-02 02:30:00,114.08564349806346,ARIMA (+기준 곡선)
2021-09-02 02:45:00,112.23173855940954,ARIMA (+기준 곡선)
2021-09-02 03:00:00,97.80993751488133,ARIMA (+기준 곡선)
2021-09-02 03:15:00,111.41130622387855,ARIMA (+기준 곡선)
2021-09-02 03:30:00,115.2558385745132,ARIMA (+기준 곡선)
2021-09-02 03:45:00,114.2810546942586,ARIMA (+기준 곡선)
2021-09-02 04:00:00,112.42170067013376,ARIMA (+기준 곡선)
2021-09-02 04:15:00,113.26558797871922,ARIMA (+기준 곡선)
2021-09-02 04:30:00,111.75709019413635,ARIMA (+기준 곡선)
2021-09-02 04:45:00,108.66753308166491,ARIMA (+기준 곡선)
2021-09-02 05:00:00,90.68378473996364,ARIMA (+기준 곡선)
2021-09-02 05:15:00,82.42471039633689,ARIMA (+기준 곡선)
2021-09-02 05:30:00,100.1742517267092,ARIMA (+기준 곡선)
2021-09-02 05:45:00,113.10056682322184,ARIMA (+기준 곡선)
2021-09-02 06:00:00,114.14199308306964,ARIMA (+기준 곡선)
2021-09-02 06:15:00,113.33133089230736,ARIMA (+기준 곡선)
2021-09-02 06:30:00,112.71370076432336,ARIMA (+기준 곡선)
2021-09-02 06:45:00,113.13800945703268,ARIMA (+기준 곡선)
2021-09-02 07:00:00,114.5656499091467,ARIMA (+기준 곡선)
2021-09-02 07:15:00,127.56969371934848,ARIMA (+기준 곡선)
2021-09-02 07:30:00,151.609900673481,ARIMA (+기준 곡선)
2021-09-02 07:45:00,151.99574008361884,ARIMA (+기준 곡선)
2021-09-02 08:00:00,171.48260258108067,ARIMA (+기준 곡선)
2021-09-02 08:15:00,191.9727587304471,ARIMA (+기준 곡선)
2021-09-02 08:30:00,196.4103534434361,ARIMA (+기준 곡선)
2021-09-02 08:45:00,193.9793057011188,ARIMA (+기준 곡선)
2021-09-02 09:00:00,185.6828997551225,ARIMA (+기준 곡선)
2021-09-02 09:15:00,186.9948834623482,ARIMA (+기준 곡선)
2021-09-02 09:30:00,187.7280500913328,ARIMA (+기준 곡선)
2021-09-02 09:45:00,189.50309110159776,ARIMA (+기준 곡선)
2021-09-02 10:00:00,156.35608151890102,ARIMA (+기준 곡선)
2021-09-02 10:15:00,187.0720502772388,ARIMA (+기준 곡선)
2021-09-02 10:30:00,188.9628565972777,ARIMA (+기준 곡선)
2021-09-02 10:45:00,188.8470922698679,ARIMA (+기준 곡선)
2021-09-02 11:00:00,187.80521847606036,ARIMA (+기준 곡선)
2021-09-02 11:15:00,192.0498873863072,ARIMA (+기준 곡선)
2021-09-02 11:30:00,194.44233709104168,ARIMA (+기준 곡선)
2021-09-02 11:45:00,191.50965638270088,ARIMA (+기준 곡선)
2021-09-02 12:00:00,129.84618886007192,ARIMA (+기준 곡선)
2021-09-02 12:15:00,109.54895232478016,ARIMA (+기준 곡선)
2021-09-02 12:30:00,109.35601275967768,ARIMA (+기준 곡선)
2021-09-02 12:45:00,120.19921318565734,ARIMA (+기준 곡선)
2021-09-02 13:00:00,167.70092053290216,ARIMA (+기준 곡선)
2021-09-02 13:15:00,184.6410094959801,ARIMA (+기준 곡선)
2021-09-02 13:30:00,188.4612117812276,ARIMA (+기준 곡선)
2021-09-02 13:45:00,189.9275520478745,ARIMA (+기준 곡선)
2021-09-02 14:00:00,188.2296843525224,ARIMA (+기준 곡선)
2021-09-02 14:15:00,185.14265218681413,ARIMA (+기준 곡선)
2021-09-02 14:30:00,187.45792630398765,ARIMA (+기준 곡선)
2021-09-02 14:45:00,187.30357469350588,ARIMA (+기준 곡선)
2021-09-02 15:00:00,148.13685415123535,ARIMA (+기준 곡선)
2021-09-02 15:15:00,159.71322475313104,ARIMA (+기준 곡선)
2021-09-02 15:30:00,184.40948203891617,ARIMA (+기준 곡선)
2021-09-02 15:45:00,186.91769566898057,ARIMA (+기준 곡선)
2021-09-02 16:00:00,183.75348770369655,ARIMA (+기준 곡선)
2021-09-02 16:15:00,178.23541771590538,ARIMA (+기준 곡선)
2021-09-02 16:30:00,175.30273716289966,ARIMA (+기준 곡선)
2021-09-02 16:45:00,172.94887514011305,ARIMA (+기준 곡선)
2021-09-02 17:00:00,128.4570241220268,ARIMA (+기준 곡선)
2021-09-02 17:15:00,115.76160436053244,ARIMA (+기준 곡선)
2021-09-02 17:30:00,156.97348370757337,ARIMA (+기준 곡선)
2021-09-02 17:45:00,171.36677115741003,ARIMA (+기준 곡선)
2021-09-02 18:00:00,170.78795262722713,ARIMA (+기준 곡선)
2021-09-02 18:15:00,169.90043088096903,ARIMA (+기준 곡선)
2021-09-02 18:30:00,167.7780962703841,ARIMA (+기준 곡선)
2021-09-02 18:45:00,168.2411510944992,ARIMA (+기준 곡선)
2021-09-02 19:00:00,163.95789397133927,ARIMA (+기준 곡선)
2021-09-02 19:15:00,159.09581831802555,ARIMA (+기준 곡선)
2021-09-02 19:30:00,158.74852719992862,ARIMA (+기준 곡선)
2021-09-02 19:45:00,139.33881248870074,ARIMA (+기준 곡선)
2021-09-02 20:00:00,124.21235490062674,ARIMA (+기준 곡선)
2021-09-02 20:15:00,130.7337103403812,ARIMA (+기준 곡선)
2021-09-02 20:30:00,130.8880619484219,ARIMA (+기준 곡선)
2021-09-02 20:45:00,128.76572733784994,ARIMA (+기준 곡선)
2021-09-02 21:00:00,125.6786951770184,ARIMA (+기준 곡선)
2021-09-02 21:15:00,124.98411294083112,ARIMA (+기준 곡선)
2021-09-02 21:30:00,125.4085798629452,ARIMA (+기준 곡선)
2021-09-02 21:45:00,125.02270084284116,ARIMA (+기준 곡선)
2021-09-02 22:00:00,108.93154570450898,ARIMA (+기준 곡선)
2021-09-02 22:15:00,119.5046308553554,ARIMA (+기준 곡선)
2021-09-02 22:30:00,119.58180665937611,ARIMA (+기준 곡선)
2021-09-02 22:45:00,118.38558169705402,ARIMA (+기준 곡선)
2021-09-02 23:00:00,117.0735930287008,ARIMA (+기준 곡선)
2021-09-02 23:15:00,116.10889547844106,ARIMA (+기준 곡선)
2021-09-02 23:30:00,114.02514876988003,ARIMA (+기준 곡선)
2021-09-02 23:45:00,95.11707678478965,ARIMA (+기준 곡선)
2021-09-03 00:00:00,83.8132163979319,ARIMA (+기준 곡선)
2021-09-03 00:15:00,80.0584866557902,ARIMA (+기준 곡선)
2021-09-03 00:30:00,77.68837227696474,ARIMA (+기준 곡선)
2021-09-03 00:45:00,75.3219582317727,ARIMA (+기준 곡선)
2021-09-03 01:00:00,98.52921001555714,ARIMA (+기준 곡선)
2021-09-03 01:15:00,110.61543314932608,ARIMA (+기준 곡선)
2021-09-03 01:30:00,113.52690844777136,ARIMA (+기준 곡선)
2021-09-03 01:45:00,112.27339238058482,ARIMA (+기준 곡선)
2021-09-03 02:00:00,112.93943766821708,ARIMA (+기준 곡선)
2021-09-03 02:15:00,114.93694986006626,ARIMA (+기준 곡선)
2021-09-03 02:30:00,114.13141649559756,ARIMA (+기준 곡선)
2021-09-03 02:45:00,112.29391921509624,ARIMA (+기준 곡선)
2021-09-03 03:00:00,97.88375759767688,ARIMA (+기준 곡선)
2021-09-03 03:15:00,111.49334774442062,ARIMA (+기준 곡선)
2021-09-03 03:30:00,115.34369216651618,ARIMA (+기준 곡선)
2021-09-03 03:45:00,114.37302102253832,ARIMA (+기준 곡선)
2021-09-03 04:00:00,112.51657640073348,ARIMA (+기준 곡선)
2021-09-03 04:15:00,113.3625214373936,ARIMA (+기준 곡선)
2021-09-03 04:30:00,111.85547914859336,ARIMA (+기준 곡선)
2021-09-03 04:45:00,108.76695159628429,ARIMA (+기준 곡선)
2021-09-03 05:00:00,90.78393150631248,ARIMA (+기준 곡선)
2021-09-03 05:15:00,82.52537228224371,ARIMA (+기준 곡선)
2021-09-03 05:30:00,100.27527797832924,ARIMA (+기준 곡선)
2021-09-03 05:45:00,113.20185080633264,ARIMA (+기준 곡선)
2021-09-03 06:00:00,114.24345937039536,ARIMA (+기준 곡선)
2021-09-03 06:15:00,113.43292613097884,ARIMA (+기준 곡선)
2021-09-03 06:30:00,112.81538721567892,ARIMA (+기준 곡선)
2021-09-03 06:45:00,113.23976042693673,ARIMA (+기준 곡선)
2021-09-03 07:00:00,114.66744651571538,ARIMA (+기준 곡선)
2021-09-03 07:15:00,127.67152260663693,ARIMA (+기준 곡선)
2021-09-03 07:30:00,151.71175239427183,ARIMA (+기준 곡선)
2021-09-03 07:45:00,152.0976079555003,ARIMA (+기준 곡선)
2021-09-03 08:00:00,171.58448187730357,ARIMA (+기준 곡선)
2021-09-03 08:15:00,192.07464610758413,ARIMA (+기준 곡선)
2021-09-03 08:30:00,196.51224653654137,ARIMA (+기준 곡선)
2021-09-03 08:45:00,194.08120283736736,ARIMA (+기준 곡선)
2021-09-03 09:00:00,185.78479975125532,ARIMA (+기준 곡선)
2021-09-03 09:15:00,187.0967854813967,ARIMA (+기준 곡선)
2021-09-03 09:30:00,187.829953541274,ARIMA (+기준 곡선)
2021-09-03 09:45:00,189.6049955636693,ARIMA (+기준 곡선)
2021-09-03 10:00:00,156.45798669689455,ARIMA (+기준 곡선)
2021-09-03 10:15:00,187.17395596163388,ARIMA (+기준 곡선)
2021-09-03 10:30:00,189.06476263987184,ARIMA (+기준 곡선)
2021-09-03 10:45:00,188.94899856583115,ARIMA (+기준 곡선)
2021-09-03 11:00:00,187.90712495124217,ARIMA (+기준 곡선)
2021-09-03 11:15:00,192.15179398825785,ARIMA (+기준 곡선)
2021-09-03 11:30:00,194.54424378266117,ARIMA (+기준 곡선)
2021-09-03 11:45:00,191.61156313774688,ARIMA (+기준 곡선)
2021-09-03 12:00:00,129.94809565998216,ARIMA (+기준 곡선)
2021-09-03 12:15:00,109.65085915642474,ARIMA (+기준 곡선)
2021-09-03 12:30:00,109.4579196137693,ARIMA (+기준 곡선)
2021-09-03 12:45:00,120.30112005562668,ARIMA (+기준 곡선)
2021-09-03 13:00:00,167.8028274141025,ARIMA (+기준 곡선)
2021-09-03 13:15:00,184.7429163851245,ARIMA (+기준 곡선)
2021-09-03 13:30:00,188.5631186759913,ARIMA (+기준 곡선)
2021-09-03 13:45:00,190.0294589466129,ARIMA (+기준 곡선)
2021-09-03 14:00:00,188.33159125407224,ARIMA (+기준 곡선)
2021-09-03 14:15:00,185.24455909035268,ARIMA (+기준 곡선)
2021-09-03 14:30:00,187.55983320893287,ARIMA (+기준 곡선)
2021-09-03 14:45:00,187.4054815994461,ARIMA (+기준 곡선)
2021-09-03 15:00:00,148.2387610578794,ARIMA (+기준 곡선)
2021-09-03 15:15:00,159.8151316602729,ARIMA (+기준 곡선)
2021-09-03 15:30:00,184.51138894641016,ARIMA (+기준 곡선)
2021-09-03 15:45:00,187.01960257672368,ARIMA (+기준 곡선)
2021-09-03 16:00:00,183.85539461161585,ARIMA (+기준 곡선)
2021-09-03 16:15:00,178.33732462394926,ARIMA (+기준 곡선)
2021-09-03 16:30:00,175.4046440710317,ARIMA (+기준 곡선)
2021-09-03 16:45:00,173.05078204830744,ARIMA (+기준 곡선)
2021-09-03 17:00:00,128.55893103026528,ARIMA (+기준 곡선)
2021-09-03 17:15:00,115.86351126880211,ARIMA (+기준 곡선)
2021-09-03 17:30:00,157.07539061586513,ARIMA (+기준 곡선)
2021-09-03 17:45:00,171.4686780657174,ARIMA (+기준 곡선)
2021-09-03 18:00:00,170.88985953554553,ARIMA (+기준 곡선)
2021-09-03 18:15:00,170.00233778929527,ARIMA (+기준 곡선)
2021-09-03 18:30:00,167.88000317871587,ARIMA (+기준 곡선)
2021-09-03 18:45:00,168.34305800283485,ARIMA (+기준 곡선)
2021-09-03 19:00:00,164.0598008796777,ARIMA (+기준 곡선)
2021-09-03 19:15:00,159.19772522636592,ARIMA (+기준 곡선)
2021-09-03 19:30:00,158.85043410827038,ARIMA (+기준 곡선)
2021-09-03 19:45:00,139.44071939704347,ARIMA (+기준 곡선)
2021-09-03 20:00:00,124.31426180897016,ARIMA (+기준 곡선)
2021-09-03 20:15:00,130.8356172487251,ARIMA (+기준 곡선)
2021-09-03 20:30:00,130.98996885676615,ARIMA (+기준 곡선)
2021-09-03 20:45:00,128.86763424619443,ARIMA (+기준 곡선)
2021-09-03 21:00:00,125.78060208536309,ARIMA (+기준 곡선)
2021-09-03 21:15:00,125.08601984917593,ARIMA (+기준 곡선)
2021-09-03 21:30:00,125.51048677129008,ARIMA (+기준 곡선)
2021-09-03 21:45:00,125.12460775118608,ARIMA (+기준 곡선)
2021-09-03 22:00:00,109.03345261285398,ARIMA (+기준 곡선)
2021-09-03 22:15:00,119.6065377637004,ARIMA (+기준 곡선)
2021-09-03 22:30:00,119.68371356772116,ARIMA (+기준 곡선)
2021-09-03 22:45:00,118.4874886053991,ARIMA (+기준 곡선)
2021-09-03 23:00:00,117.17549993704586,ARIMA (+기준 곡선)
2021-09-03 23:15:00,116.21080238678614,ARIMA (+기준 곡선)
2021-09-03 23:30:00,114.12705567822512,ARIMA (+기준 곡선)
2021-09-03 23:45:00,95.21898369313472,ARIMA (+기준 곡선)
2021-09-04 00:00:00,67.45686334393413,ARIMA (+기준 곡선)
2021-09-04 00:15:00,61.00759216170951,ARIMA (+기준 곡선)
2021-09-04 00:30:00,60.39847968961491,ARIMA (+기준 곡선)
2021-09-04 00:45:00,60.308075061561,ARIMA (+기준 곡선)
2021-09-04 01:00:00,85.96437489918767,ARIMA (+기준 곡선)
2021-09-04 01:15:00,97.18713239213515,ARIMA (+기준 곡선)
2021-09-04 01:30:00,98.12907817325755,ARIMA (+기준 곡선)
2021-09-04 01:45:00,98.08498725656504,ARIMA (+기준 곡선)
2021-09-04 02:00:00,100.05928084248532,ARIMA (+기준 곡선)
2021-09-04 02:15:00,100.46658498192905,ARIMA (+기준 곡선)
2021-09-04 02:30:00,97.72746366994092,ARIMA (+기준 곡선)
2021-09-04 02:45:00,94.70632120603962,ARIMA (+기준 곡선)
2021-09-04 03:00:00,82.94555274579876,ARIMA (+기준 곡선)
2021-09-04 03:15:00,91.96946995413587,ARIMA (+기준 곡선)
2021-09-04 03:30:00,93.82871785640836,ARIMA (+기준 곡선)
2021-09-04 03:45:00,98.55566466037052,ARIMA (+기준 곡선)
2021-09-04 04:00:00,99.27029701974676,ARIMA (+기준 곡선)
2021-09-04 04:15:00,94.68243455579588,ARIMA (+기준 곡선)
2021-09-04 04:30:00,96.1146988330398,ARIMA (+기준 곡선)
2021-09-04 04:45:00,93.3907876479312,ARIMA (+기준 곡선)
2021-09-04 05:00:00,75.33114883970562,ARIMA (+기준 곡선)
2021-09-04 05:15:00,67.87781705253886,ARIMA (+기준 곡선)
2021-09-04 05:30:00,85.65005170776716,ARIMA (+기준 곡선)
2021-09-04 05:45:00,96.972667480352,ARIMA (+기준 곡선)
2021-09-04 06:00:00,95.1092977359976,ARIMA (+기준 곡선)
2021-09-04 06:15:00,91.23939376684936,ARIMA (+기준 곡선)
2021-09-04 06:30:00,88.65945418143241,ARIMA (+기준 곡선)
2021-09-04 06:45:00,85.07624749579843,ARIMA (+기준 곡선)
2021-09-04 07:00:00,84.2162571617883,ARIMA (+기준 곡선)
2021-09-04 07:15:00,73.7534009667499,ARIMA (+기준 곡선)
2021-09-04 07:30:00,44.80143364620819,ARIMA (+기준 곡선)
2021-09-04 07:45:00,27.17226388111686,ARIMA (+기준 곡선)
2021-09-04 08:00:00,22.442481751965957,ARIMA (+기준 곡선)
2021-09-04 08:15:00,20.72255827821069,ARIMA (+기준 곡선)
2021-09-04 08:30:00,20.005921882611013,ARIMA (+기준 곡선)
2021-09-04 08:45:00,20.43589858251962,ARIMA (+기준 곡선)
2021-09-04 09:00:00,20.579223109548543,ARIMA (+기준 곡선)
2021-09-04 09:15:00,20.86587470516957,ARIMA (+기준 곡선)
2021-09-04 09:30:00,20.57922073507685,ARIMA (+기준 곡선)
2021-09-04 09:45:00,20.722546532425067,ARIMA (+기준 곡선)
2021-09-04 10:00:00,20.72254604023314,ARIMA (+기준 곡선)
2021-09-04 10:15:00,21.15252517162956,ARIMA (+기준 곡선)
2021-09-04 10:30:00,21.58250440491431,ARIMA (+기준 곡선)
2021-09-04 10:45:00,20.86587176481741,ARIMA (+기준 곡선)
2021-09-04 11:00:00,21.009198134787205,ARIMA (+기준 곡선)
2021-09-04 11:15:00,21.725830513541677,ARIMA (+기준 곡선)
2021-09-04 11:30:00,22.87244239734644,ARIMA (+기준 곡선)
2021-09-04 11:45:00,22.299136381015323,ARIMA (+기준 곡선)
2021-09-04 12:00:00,21.29585089790133,ARIMA (+기준 곡선)
2021-09-04 12:15:00,20.435891916995505,ARIMA (+기준 곡선)
2021-09-04 12:30:00,21.29585086065197,ARIMA (+기준 곡선)
2021-09-04 12:45:00,21.00919786337325,ARIMA (+기준 곡선)
2021-09-04 13:00:00,20.43589188292625,ARIMA (+기준 곡선)
2021-09-04 13:15:00,20.579218370646142,ARIMA (+기준 곡선)
2021-09-04 13:30:00,19.862585900875743,ARIMA (+기준 곡선)
2021-09-04 13:45:00,20.292565377687488,ARIMA (+기준 곡선)
2021-09-04 14:00:00,20.43589186893606,ARIMA (+기준 곡선)
2021-09-04 14:15:00,20.005912388024527,ARIMA (+기준 곡선)
2021-09-04 14:30:00,20.00591238705745,ARIMA (+기준 곡선)
2021-09-04 14:45:00,20.86587134546205,ARIMA (+기준 곡선)
2021-09-04 15:00:00,21.439177317703965,ARIMA (+기준 곡선)
2021-09-04 15:15:00,21.152524330998823,ARIMA (+기준 곡선)
2021-09-04 15:30:00,20.7225448512124,ARIMA (+기준 곡선)
2021-09-04 15:45:00,21.15252433058549,ARIMA (+기준 곡선)
2021-09-04 16:00:00,21.00919783728292,ARIMA (+기준 곡선)
2021-09-04 16:15:00,21.869156796285903,ARIMA (+기준 곡선)
2021-09-04 16:30:00,22.442462768951074,ARIMA (+기준 곡선)
2021-09-04 16:45:00,21.29585082345666,ARIMA (+기준 곡선)
2021-09-04 17:00:00,21.439177316607783,ARIMA (+기준 곡선)
2021-09-04 17:15:00,20.43589186431623,ARIMA (+기준 곡선)
2021-09-04 17:30:00,17.593249749535765,ARIMA (+기준 곡선)
2021-09-04 17:45:00,17.76046399157005,ARIMA (+기준 곡선)
2021-09-04 18:00:00,18.76374944383256,ARIMA (+기준 곡선)
2021-09-04 18:15:00,18.93096368587221,ARIMA (+기준 곡선)
2021-09-04 18:30:00,18.59653520177838,ARIMA (+기준 곡선)
2021-09-04 18:45:00,18.763749443820707,ARIMA (+기준 곡선)
2021-09-04 19:00:00,19.599820654043896,ARIMA (+기준 곡선)
2021-09-04 19:15:00,19.0981779279075,ARIMA (+기준 곡선)
2021-09-04 19:30:00,18.09489247563645,ARIMA (+기준 곡선)
2021-09-04 19:45:00,17.59324974950072,ARIMA (+기준 곡선)
2021-09-04 20:00:00,17.426035507455225,ARIMA (+기준 곡선)
2021-09-04 20:15:00,17.42603550745489,ARIMA (+기준 곡선)
2021-09-04 20:30:00,17.927678233589706,ARIMA (+기준 곡선)
2021-09-04 20:45:00,18.094892475634555,ARIMA (+기준 곡선)
2021-09-04 21:00:00,18.59653520176949,ARIMA (+기준 곡선)
2021-09-04 21:15:00,18.429320959724382,ARIMA (+기준 곡선)
2021-09-04 21:30:00,18.429320959724325,ARIMA (+기준 곡선)
2021-09-04 21:45:00,18.596535201769303,ARIMA (+기준 곡선)
2021-09-04 22:00:00,19.43260641199436,ARIMA (+기준 곡선)
2021-09-04 22:15:00,20.60310610630946,ARIMA (+기준 곡선)
2021-09-04 22:30:00,20.93753459039948,ARIMA (+기준 곡선)
2021-09-04 22:45:00,18.59653520176923,ARIMA (+기준 곡선)
2021-09-04 23:00:00,18.09489247563417,ARIMA (+기준 곡선)
2021-09-04 23:15:00,17.59324974949911,ARIMA (+기준 곡선)
2021-09-04 23:30:00,17.927678233589138,ARIMA (+기준 곡선)
2021-09-04 23:45:00,18.262106717679167,ARIMA (+기준 곡선)
2021-09-05 00:00:00,23.199801814596952,ARIMA (+기준 곡선)
2021-09-05 00:15:00,23.854659619302765,ARIMA (+기준 곡선)
2021-09-05 00:30:00,24.89682714810844,ARIMA (+기준 곡선)
2021-09-05 00:45:00,25.419878510780595,ARIMA (+기준 곡선)
2021-09-05 01:00:00,25.60329317004153,ARIMA (+기준 곡선)
2021-09-05 01:15:00,25.731234929121293,ARIMA (+기준 곡선)
2021-09-05 01:30:00,26.39320308497857,ARIMA (+기준 곡선)
2021-09-05 01:45:00,28.03284506753721,ARIMA (+기준 곡선)
2021-09-05 02:00:00,27.217683924314805,ARIMA (+기준 곡선)
2021-09-05 02:15:00,25.67272634330229,ARIMA (+기준 곡선)
2021-09-05 02:30:00,24.83512275432562,ARIMA (+기준 곡선)
2021-09-05 02:45:00,25.280922915252138,ARIMA (+기준 곡선)
2021-09-05 03:00:00,25.292115516808387,ARIMA (+기준 곡선)
2021-09-05 03:15:00,25.586684429801952,ARIMA (+기준 곡선)
2021-09-05 03:30:00,25.305630540966725,ARIMA (+기준 곡선)
2021-09-05 03:45:00,25.02293817005881,ARIMA (+기준 곡선)
2021-09-05 04:00:00,26.02902514234888,ARIMA (+기준 곡선)
2021-09-05 04:15:00,26.317659743329923,ARIMA (+기준 곡선)
2021-09-05 04:30:00,25.745755449241848,ARIMA (+기준 곡선)
2021-09-05 04:45:00,25.316767437713228,ARIMA (+기준 곡선)
2021-09-05 05:00:00,26.32075419663413,ARIMA (+기준 곡선)
2021-09-05 05:15:00,26.177923766707828,ARIMA (+기준 곡선)
2021-09-05 05:30:00,25.89162166664808,ARIMA (+기준 곡선)
2021-09-05 05:45:00,25.605216876860656,ARIMA (+기준 곡선)
2021-09-05 06:00:00,24.88875997075904,ARIMA (+기준 곡선)
2021-09-05 06:15:00,25.17553713790682,ARIMA (+기준 곡선)
2021-09-05 06:30:00,25.032298482985453,ARIMA (+기준 곡선)
2021-09-05 06:45:00,24.889034121476826,ARIMA (+기준 곡선)
2021-09-05 07:00:00,24.60242508344276,ARIMA (+기준 곡선)
2021-09-05 07:15:00,25.03243564947683,ARIMA (+기준 곡선)
2021-09-05 07:30:00,26.03574309052039,ARIMA (+기준 곡선)
2021-09-05 07:45:00,25.605779164554537,ARIMA (+기준 곡선)
2021-09-05 08:00:00,25.175810686706317,ARIMA (+기준 곡선)
2021-09-05 08:15:00,26.17910392093588,ARIMA (+기준 곡선)
2021-09-05 08:30:00,25.74912994589673,ARIMA (+기준 곡선)
2021-09-05 08:45:00,25.74913383946329,ARIMA (+기준 곡선)
2021-09-05 09:00:00,25.892463086727098,ARIMA (+기준 곡선)
2021-09-05 09:15:00,26.60909750071188,ARIMA (+기준 곡선)
2021-09-05 09:30:00,25.462486933217008,ARIMA (+기준 곡선)
2021-09-05 09:45:00,24.88918193517758,ARIMA (+기준 곡선)
2021-09-05 10:00:00,25.032509117795414,ARIMA (+기준 곡선)
2021-09-05 10:15:00,24.88918311228114,ARIMA (+기준 곡선)
2021-09-05 10:30:00,25.175836443591404,ARIMA (+기준 곡선)
2021-09-05 10:45:00,25.46248967394999,ARIMA (+기준 곡선)
2021-09-05 11:00:00,26.179122312445557,ARIMA (+기준 곡선)
2021-09-05 11:15:00,27.18240788679461,ARIMA (+기준 곡선)
2021-09-05 11:30:00,29.027736572857247,ARIMA (+기준 곡선)
2021-09-05 11:45:00,26.01788027712699,ARIMA (+기준 곡선)
2021-09-05 12:00:00,25.76705895726394,ARIMA (+기준 곡선)
2021-09-05 12:15:00,25.641648306290517,ARIMA (+기준 곡선)
2021-09-05 12:30:00,26.394112417109696,ARIMA (+기준 곡선)
2021-09-05 12:45:00,25.64164834319744,ARIMA (+기준 곡선)
2021-09-05 13:00:00,25.64164835401293,ARIMA (+기준 곡선)
2021-09-05 13:15:00,25.39082699859565,ARIMA (+기준 곡선)
2021-09-05 13:30:00,24.88918427787193,ARIMA (+기준 곡선)
2021-09-05 13:45:00,24.889184281699595,ARIMA (+기준 곡선)
2021-09-05 14:00:00,25.516237692075883,ARIMA (+기준 곡선)
2021-09-05 14:15:00,25.76705905705851,ARIMA (+기준 곡선)
2021-09-05 14:30:00,26.895755192217013,ARIMA (+기준 곡선)
2021-09-05 14:45:00,26.895755193175205,ARIMA (+기준 곡선)
2021-09-05 15:00:00,26.017880423116623,ARIMA (+기준 곡선)
2021-09-05 15:15:00,26.01788042359604,ARIMA (+기준 곡선)
2021-09-05 15:30:00,25.5162376978001,ARIMA (+기준 곡선)
2021-09-05 15:45:00,25.51623769803997,ARIMA (+기준 곡선)
2021-09-05 16:00:00,26.394112468945973,ARIMA (+기준 곡선)
2021-09-05 16:15:00,26.268701787532223,ARIMA (+기준 곡선)
2021-09-05 16:30:00,26.017880424549585,ARIMA (+기준 곡선)
2021-09-05 16:45:00,26.26870178767716,ARIMA (+기준 곡선)
2021-09-05 17:00:00,25.767059061584572,ARIMA (+기준 곡선)
2021-09-05 17:15:00,25.76705906161462,ARIMA (+기준 곡선)
2021-09-05 17:30:00,25.641648380102108,ARIMA (+기준 곡선)
2021-09-05 17:45:00,26.51952315085348,ARIMA (+기준 곡선)
2021-09-05 18:00:00,26.64493383239788,ARIMA (+기준 곡선)
2021-09-05 18:15:00,26.89575519547293,ARIMA (+기준 곡선)
2021-09-05 18:30:00,25.265416335539324,ARIMA (+기준 곡선)
2021-09-05 18:45:00,24.8891842909418,ARIMA (+기준 곡선)
2021-09-05 19:00:00,24.7637736094107,ARIMA (+기준 곡선)
2021-09-05 19:15:00,24.88918429094634,ARIMA (+기준 곡선)
2021-09-05 19:30:00,25.51623769861649,ARIMA (+기준 곡선)
2021-09-05 19:45:00,25.6416483801512,ARIMA (+기준 곡선)
2021-09-05 20:00:00,25.26541633555057,ARIMA (+기준 곡선)
2021-09-05 20:15:00,25.390827017084806,ARIMA (+기준 곡선)
2021-09-05 20:30:00,24.63836292788256,ARIMA (+기준 곡선)
2021-09-05 20:45:00,25.14000565401785,ARIMA (+기준 곡선)
2021-09-05 21:00:00,26.01788042475436,ARIMA (+기준 곡선)
2021-09-05 21:15:00,26.51952315088953,ARIMA (+기준 곡선)
2021-09-05 21:30:00,26.143291106288324,ARIMA (+기준 곡선)
2021-09-05 21:45:00,26.268701787822145,ARIMA (+기준 곡선)
2021-09-05 22:00:00,25.14000565401832,ARIMA (+기준 곡선)
2021-09-05 22:15:00,25.6416483801534,ARIMA (+기준 곡선)
2021-09-05 22:30:00,26.017880424754708,ARIMA (+기준 곡선)
2021-09-05 22:45:00,25.516237698619676,ARIMA (+기준 곡선)
2021-09-05 23:00:00,25.641648380153445,ARIMA (+기준 곡선)
2021-09-05 23:15:00,25.265416335552167,ARIMA (+기준 곡선)
2021-09-05 23:30:00,24.638362927883357,ARIMA (+기준 곡선)
2021-09-05 23:45:00,25.5162376986197,ARIMA (+기준 곡선)
2021-09-06 00:00:00,22.33062038824893,ARIMA (+기준 곡선)
2021-09-06 00:15:00,22.88059425280172,ARIMA (+기준 곡선)
2021-09-06 00:30:00,23.95179358686195,ARIMA (+기준 곡선)
2021-09-06 00:45:00,23.24130896063368,ARIMA (+기준 곡선)
2021-09-06 01:00:00,22.15405980186721,ARIMA (+기준 곡선)
2021-09-06 01:15:00,23.30956843945409,ARIMA (+기준 곡선)
2021-09-06 01:30:00,22.825687151232515,ARIMA (+기준 곡선)
2021-09-06 01:45:00,22.58691832056257,ARIMA (+기준 곡선)
2021-09-06 02:00:00,22.84576130533472,ARIMA (+기준 곡선)
2021-09-06 02:15:00,22.09926861278371,ARIMA (+기준 곡선)
2021-09-06 02:30:00,22.980358105289813,ARIMA (+기준 곡선)
2021-09-06 02:45:00,23.10822706702017,ARIMA (+기준 곡선)
2021-09-06 03:00:00,22.73393508307128,ARIMA (+기준 곡선)
2021-09-06 03:15:00,23.11110742882873,ARIMA (+기준 곡선)
2021-09-06 03:30:00,22.610550399337995,ARIMA (+기준 곡선)
2021-09-06 03:45:00,23.237766250265167,ARIMA (+기준 곡선)
2021-09-06 04:00:00,22.987455599882765,ARIMA (+기준 곡선)
2021-09-06 04:15:00,22.48635559557742,ARIMA (+기준 곡선)
2021-09-06 04:30:00,22.235849173342537,ARIMA (+기준 곡선)
2021-09-06 04:45:00,22.235961824059466,ARIMA (+기준 곡선)
2021-09-06 05:00:00,22.737383479872797,ARIMA (+기준 곡선)
2021-09-06 05:15:00,22.236089892455915,ARIMA (+기준 곡선)
2021-09-06 05:30:00,21.86011595925816,ARIMA (+기준 곡선)
2021-09-06 05:45:00,22.11081237341808,ARIMA (+기준 곡선)
2021-09-06 06:00:00,23.11351910694781,ARIMA (+기준 곡선)
2021-09-06 06:15:00,22.988193686137507,ARIMA (+기준 곡선)
2021-09-06 06:30:00,22.11084677210059,ARIMA (+기준 곡선)
2021-09-06 06:45:00,22.6121970993697,ARIMA (+기준 곡선)
2021-09-06 07:00:00,28.503007979176857,ARIMA (+기준 곡선)
2021-09-06 07:15:00,42.164670192012416,ARIMA (+기준 곡선)
2021-09-06 07:30:00,71.11736385893933,ARIMA (+기준 곡선)
2021-09-06 07:45:00,110.34763604009665,ARIMA (+기준 곡선)
2021-09-06 08:00:00,155.8447243543509,ARIMA (+기준 곡선)
2021-09-06 08:15:00,187.4294798664391,ARIMA (+기준 곡선)
2021-09-06 08:30:00,191.5655790677436,ARIMA (+기준 곡선)
2021-09-06 08:45:00,188.05616206527984,ARIMA (+기준 곡선)
2021-09-06 09:00:00,183.9200633436491,ARIMA (+기준 곡선)
2021-09-06 09:15:00,177.2772379839147,ARIMA (+기준 곡선)
2021-09-06 09:30:00,184.296072503678,ARIMA (+기준 곡선)
2021-09-06 09:45:00,180.66131899595783,ARIMA (+기준 곡선)
2021-09-06 10:00:00,147.07118272923535,ARIMA (+기준 곡선)
2021-09-06 10:15:00,181.2880006967221,ARIMA (+기준 곡선)
2021-09-06 10:30:00,184.04539995972857,ARIMA (+기준 곡선)
2021-09-06 10:45:00,181.6640097096621,ARIMA (+기준 곡선)
2021-09-06 11:00:00,181.0373280690136,ARIMA (+기준 곡선)
2021-09-06 11:15:00,184.9227542872012,ARIMA (+기준 곡선)
2021-09-06 11:30:00,180.2853100998116,ARIMA (+기준 곡선)
2021-09-06 11:45:00,178.40526515981716,ARIMA (+기준 곡선)
2021-09-06 12:00:00,127.14270640709526,ARIMA (+기준 곡선)
2021-09-06 12:15:00,107.21423002197174,ARIMA (+기준 곡선)
2021-09-06 12:30:00,104.58216710370516,ARIMA (+기준 곡선)
2021-09-06 12:45:00,115.23575510928424,ARIMA (+기준 곡선)
2021-09-06 13:00:00,159.60481574274812,ARIMA (+기준 곡선)
2021-09-06 13:15:00,174.64517527961664,ARIMA (+기준 곡선)
2021-09-06 13:30:00,176.90122921025363,ARIMA (+기준 곡선)
2021-09-06 13:45:00,176.7758928808743,ARIMA (+기준 곡선)
2021-09-06 14:00:00,173.89315730307624,ARIMA (+기준 곡선)
2021-09-06 14:15:00,175.52252958625775,ARIMA (+기준 곡선)
2021-09-06 14:30:00,178.029256175731,ARIMA (+기준 곡선)
2021-09-06 14:45:00,174.89584793894514,ARIMA (+기준 곡선)
2021-09-06 15:00:00,139.9270120162094,ARIMA (+기준 곡선)
2021-09-06 15:15:00,150.0792547034681,ARIMA (+기준 곡선)
2021-09-06 15:30:00,176.2745475631679,ARIMA (+기준 곡선)
2021-09-06 15:45:00,180.28531010628305,ARIMA (+기준 곡선)
2021-09-06 16:00:00,169.63172210114726,ARIMA (+기준 곡선)
2021-09-06 16:15:00,166.49831386434366,ARIMA (+기준 곡선)
2021-09-06 16:30:00,166.37297753487277,ARIMA (+기준 곡선)
2021-09-06 16:45:00,163.11423296859593,ARIMA (+기준 곡선)
2021-09-06 17:00:00,130.0254419879308,ARIMA (+기준 곡선)
2021-09-06 17:15:00,116.23844574598716,ARIMA (+기준 곡선)
2021-09-06 17:30:00,140.80436632254228,ARIMA (+기준 곡선)
2021-09-06 17:45:00,154.71669889395872,ARIMA (+기준 곡선)
2021-09-06 18:00:00,155.46871687079218,ARIMA (+기준 곡선)
2021-09-06 18:15:00,147.94853710245914,ARIMA (+기준 곡선)
2021-09-06 18:30:00,145.4418105130148,ARIMA (+기준 곡선)
2021-09-06 18:45:00,139.801675686765,ARIMA (+기준 곡선)
2021-09-06 19:00:00,140.929702652015,ARIMA (+기준 곡선)
2021-09-06 19:15:00,141.05503898148723,ARIMA (+기준 곡선)
2021-09-06 19:30:00,134.28687718998745,ARIMA (+기준 곡선)
2021-09-06 19:45:00,114.85974612179356,ARIMA (+기준 곡선)
2021-09-06 20:00:00,107.33956635346048,ARIMA (+기준 곡선)
2021-09-06 20:15:00,115.48642776915467,ARIMA (+기준 곡선)
2021-09-06 20:30:00,119.74786297121013,ARIMA (+기준 곡선)
2021-09-06 20:45:00,119.37185398279344,ARIMA (+기준 곡선)
2021-09-06 21:00:00,119.24651765332123,ARIMA (+기준 곡선)
2021-09-06 21:15:00,122.50526221959892,ARIMA (+기준 곡선)
2021-09-06 21:30:00,116.238445745988,ARIMA (+기준 곡선)
2021-09-06 21:45:00,112.3530195323492,ARIMA (+기준 곡선)
2021-09-06 22:00:00,98.31535063146072,ARIMA (+기준 곡선)
2021-09-06 22:15:00,109.84629294290484,ARIMA (+기준 곡선)
2021-09-06 22:30:00,112.3530195323492,ARIMA (+기준 곡선)
2021-09-06 22:45:00,112.9797011797103,ARIMA (+기준 곡선)
2021-09-06 23:00:00,110.09696560184928,ARIMA (+기준 곡선)
2021-09-06 23:15:00,108.34225698923822,ARIMA (+기준 곡선)
2021-09-06 23:30:00,103.07813115140505,ARIMA (+기준 곡선)
2021-09-06 23:45:00,81.77095514112789,ARIMA (+기준 곡선)
2021-09-07 00:00:00,74.10490184230808,ARIMA (+기준 곡선)
2021-09-07 00:15:00,71.09551175298702,ARIMA (+기준 곡선)
2021-09-07 00:30:00,69.05089826693342,ARIMA (+기준 곡선)
2021-09-07 00:45:00,67.28113774552668,ARIMA (+기준 곡선)
2021-09-07 01:00:00,91.42586574903648,ARIMA (+기준 곡선)
2021-09-07 01:15:00,103.1964243282644,ARIMA (+기준 곡선)
2021-09-07 01:30:00,106.93848907510052,ARIMA (+기준 곡선)
2021-09-07 01:45:00,105.8351952180584,ARIMA (+기준 곡선)
2021-09-07 02:00:00,106.87153092914264,ARIMA (+기준 곡선)
2021-09-07 02:15:00,108.342221597892,ARIMA (+기준 곡선)
2021-09-07 02:30:00,106.87162341265292,ARIMA (+기준 곡선)
2021-09-07 02:45:00,104.69914555421578,ARIMA (+기준 곡선)
2021-09-07 03:00:00,90.46095417027284,ARIMA (+기준 곡선)
2021-09-07 03:15:00,104.09755648332596,ARIMA (+기준 곡선)
2021-09-07 03:30:00,107.77409512395164,ARIMA (+기준 곡선)
2021-09-07 03:45:00,107.13906209469366,ARIMA (+기준 곡선)
2021-09-07 04:00:00,106.23664350371943,ARIMA (+기준 곡선)
2021-09-07 04:15:00,106.5708757260088,ARIMA (+기준 곡선)
2021-09-07 04:30:00,105.2673792606708,ARIMA (+기준 곡선)
2021-09-07 04:45:00,102.1256161919338,ARIMA (+기준 곡선)
2021-09-07 05:00:00,83.54241703463367,ARIMA (+기준 곡선)
2021-09-07 05:15:00,74.91927799091415,ARIMA (+기준 곡선)
2021-09-07 05:30:00,93.60274712487492,ARIMA (+기준 곡선)
2021-09-07 05:45:00,106.37034141514408,ARIMA (+기준 곡선)
2021-09-07 06:00:00,107.5401472888226,ARIMA (+기준 곡선)
2021-09-07 06:15:00,106.9051099755704,ARIMA (+기준 곡선)
2021-09-07 06:30:00,106.06953450634252,ARIMA (+기준 곡선)
2021-09-07 06:45:00,106.43718778051785,ARIMA (+기준 곡선)
2021-09-07 07:00:00,107.94122376200669,ARIMA (+기준 곡선)
2021-09-07 07:15:00,119.7395502618453,ARIMA (+기준 곡선)
2021-09-07 07:30:00,144.57285502071713,ARIMA (+기준 곡선)
2021-09-07 07:45:00,144.33889388102682,ARIMA (+기준 곡선)
2021-09-07 08:00:00,162.5210174156637,ARIMA (+기준 곡선)
2021-09-07 08:15:00,183.17644451666112,ARIMA (+기준 곡선)
2021-09-07 08:30:00,187.62170633797,ARIMA (+기준 곡선)
2021-09-07 08:45:00,185.04813370796617,ARIMA (+기준 곡선)
2021-09-07 09:00:00,176.82607049582583,ARIMA (+기준 곡선)
2021-09-07 09:15:00,178.09614530198272,ARIMA (+기준 곡선)
2021-09-07 09:30:00,180.4691798072249,ARIMA (+기준 곡선)
2021-09-07 09:45:00,182.54140712155052,ARIMA (+기준 곡선)
2021-09-07 10:00:00,149.8202693742642,ARIMA (+기준 곡선)
2021-09-07 10:15:00,180.13494959612166,ARIMA (+기준 곡선)
2021-09-07 10:30:00,181.30475533798216,ARIMA (+기준 곡선)
2021-09-07 10:45:00,181.47187044402628,ARIMA (+기준 곡선)
2021-09-07 11:00:00,180.23521865995545,ARIMA (+기준 곡선)
2021-09-07 11:15:00,183.54409775805928,ARIMA (+기준 곡선)
2021-09-07 11:30:00,185.51605600844744,ARIMA (+기준 곡선)
2021-09-07 11:45:00,182.70852222828685,ARIMA (+기준 곡선)
2021-09-07 12:00:00,121.8786236577817,ARIMA (+기준 곡선)
2021-09-07 12:15:00,101.69111885746422,ARIMA (+기준 곡선)
2021-09-07 12:30:00,101.72454187866214,ARIMA (+기준 곡선)
2021-09-07 12:45:00,114.99348129212464,ARIMA (+기준 곡선)
2021-09-07 13:00:00,160.7830203259776,ARIMA (+기준 곡선)
2021-09-07 13:15:00,177.0600316467714,ARIMA (+기준 곡선)
2021-09-07 13:30:00,180.4023337660317,ARIMA (+기준 곡선)
2021-09-07 13:45:00,182.17375388923975,ARIMA (+기준 곡선)
2021-09-07 14:00:00,181.5052934653885,ARIMA (+기준 곡선)
2021-09-07 14:15:00,178.59749062163337,ARIMA (+기준 곡선)
2021-09-07 14:30:00,180.40233376603356,ARIMA (+기준 곡선)
2021-09-07 14:45:00,180.0681035541078,ARIMA (+기준 곡선)
2021-09-07 15:00:00,141.36424501308676,ARIMA (+기준 곡선)
2021-09-07 15:15:00,154.26553119342722,ARIMA (+기준 곡선)
2021-09-07 15:30:00,176.1576100745748,ARIMA (+기준 곡선)
2021-09-07 15:45:00,178.06272228255256,ARIMA (+기준 곡선)
2021-09-07 16:00:00,175.5225726719156,ARIMA (+기준 곡선)
2021-09-07 16:15:00,171.27784898045647,ARIMA (+기준 곡선)
2021-09-07 16:30:00,168.00239290358255,ARIMA (+기준 곡선)
2021-09-07 16:45:00,165.09459005982706,ARIMA (+기준 곡선)
2021-09-07 17:00:00,121.8117776154209,ARIMA (+기준 곡선)
2021-09-07 17:15:00,108.27545403242128,ARIMA (+기준 곡선)
2021-09-07 17:30:00,149.18523197215345,ARIMA (+기준 곡선)
2021-09-07 17:45:00,163.42343900019745,ARIMA (+기준 곡선)
2021-09-07 18:00:00,162.68813253396044,ARIMA (+기준 곡선)
2021-09-07 18:15:00,161.51832679221977,ARIMA (+기준 곡선)
2021-09-07 18:30:00,160.21482896570868,ARIMA (+기준 곡선)
2021-09-07 18:45:00,160.21482896570868,ARIMA (+기준 곡선)
2021-09-07 19:00:00,156.8725268464495,ARIMA (+기준 곡선)
2021-09-07 19:15:00,150.856383031783,ARIMA (+기준 곡선)
2021-09-07 19:30:00,152.22672690067927,ARIMA (+기준 곡선)
2021-09-07 19:45:00,132.77452856659093,ARIMA (+기준 곡선)
2021-09-07 20:00:00,117.8344380935025,ARIMA (+기준 곡선)
2021-09-07 20:15:00,124.55246535321342,ARIMA (+기준 곡선)
2021-09-07 20:30:00,124.95354160752451,ARIMA (+기준 곡선)
2021-09-07 20:45:00,122.51366106046532,ARIMA (+기준 곡선)
2021-09-07 21:00:00,119.60585821670983,ARIMA (+기준 곡선)
2021-09-07 21:15:00,118.60316758093212,ARIMA (+기준 곡선)
2021-09-07 21:30:00,118.9708208140506,ARIMA (+기준 곡선)
2021-09-07 21:45:00,118.1686683054284,ARIMA (+기준 곡선)
2021-09-07 22:00:00,101.4905807303252,ARIMA (+기준 곡선)
2021-09-07 22:15:00,112.88783095699893,ARIMA (+기준 곡선)
2021-09-07 22:30:00,112.6538698086508,ARIMA (+기준 곡선)
2021-09-07 22:45:00,112.18594751195452,ARIMA (+기준 곡선)
2021-09-07 23:00:00,110.34768134636197,ARIMA (+기준 곡선)
2021-09-07 23:15:00,110.2474122827842,ARIMA (+기준 곡선)
2021-09-07 23:30:00,107.4064554814139,ARIMA (+기준 곡선)
2021-09-07 23:45:00,88.89010174071814,ARIMA (+기준 곡선)
2021-09-08 00:00:00,77.56894344061506,ARIMA (+기준 곡선)
2021-09-08 00:15:00,74.1541572021741,ARIMA (+기준 곡선)
2021-09-08 00:30:00,72.24648666156412,ARIMA (+기준 곡선)
2021-09-08 00:45:00,70.64851511145858,ARIMA (+기준 곡선)
2021-09-08 01:00:00,94.8678829137963,ARIMA (+기준 곡선)
2021-09-08 01:15:00,106.68372340103372,ARIMA (+기준 곡선)
2021-09-08 01:30:00,110.4605826996645,ARIMA (+기준 곡선)
2021-09-08 01:45:00,109.38116032987963,ARIMA (+기준 곡선)
2021-09-08 02:00:00,110.43327925876036,ARIMA (+기준 곡선)
2021-09-08 02:15:00,111.91465718039586,ARIMA (+기준 곡선)
2021-09-08 02:30:00,110.4513379302117,ARIMA (+기준 곡선)
2021-09-08 02:45:00,108.28379166219052,ARIMA (+기준 곡선)
2021-09-08 03:00:00,94.04893883558364,ARIMA (+기준 곡선)
2021-09-08 03:15:00,107.68780377706864,ARIMA (+기준 곡선)
2021-09-08 03:30:00,111.36587598719558,ARIMA (+기준 곡선)
2021-09-08 03:45:00,110.73188214595288,ARIMA (+기준 곡선)
2021-09-08 04:00:00,109.83016773646987,ARIMA (+기준 곡선)
2021-09-08 04:15:00,110.16487715290698,ARIMA (+기준 곡선)
2021-09-08 04:30:00,108.861704060929,ARIMA (+기준 곡선)
2021-09-08 04:45:00,105.72016012602757,ARIMA (+기준 곡선)
2021-09-08 05:00:00,87.13710946487747,ARIMA (+기준 곡선)
2021-09-08 05:15:00,78.51407104982012,ARIMA (+기준 곡선)
2021-09-08 05:30:00,97.1976083749348,ARIMA (+기준 곡선)
2021-09-08 05:45:00,109.96524887502017,ARIMA (+기준 곡선)
2021-09-08 06:00:00,111.13508606283844,ARIMA (+기준 곡선)
2021-09-08 06:15:00,110.5000699696534,ARIMA (+기준 곡선)
2021-09-08 06:30:00,109.66450888023104,ARIMA (+기준 곡선)
2021-09-08 06:45:00,110.03217189889982,ARIMA (+기준 곡선)
2021-09-08 07:00:00,111.536214483757,ARIMA (+기준 곡선)
2021-09-08 07:15:00,123.33454545837658,ARIMA (+기준 곡선)
2021-09-08 07:30:00,148.16785324958943,ARIMA (+기준 곡선)
2021-09-08 07:45:00,147.93389416476887,ARIMA (+기준 곡선)
2021-09-08 08:00:00,166.11601909189082,ARIMA (+기준 곡선)
2021-09-08 08:15:00,186.77144713650756,ARIMA (+기준 곡선)
2021-09-08 08:30:00,191.21670959726129,ARIMA (+기준 곡선)
2021-09-08 08:45:00,188.643137400578,ARIMA (+기준 곡선)
2021-09-08 09:00:00,180.4210744820779,ARIMA (+기준 곡선)
2021-09-08 09:15:00,181.69114948722049,ARIMA (+기준 곡선)
2021-09-08 09:30:00,184.0641841273055,ARIMA (+기준 곡선)
2021-09-08 09:45:00,186.13641153300765,ARIMA (+기준 곡선)
2021-09-08 10:00:00,153.4152738476427,ARIMA (+기준 곡선)
2021-09-08 10:15:00,183.72995411146124,ARIMA (+기준 곡선)
2021-09-08 10:30:00,184.89975988175675,ARIMA (+기준 곡선)
2021-09-08 10:45:00,185.06687500706988,ARIMA (+기준 곡선)
2021-09-08 11:00:00,183.8302232360567,ARIMA (+기준 곡선)
2021-09-08 11:15:00,187.13910234300909,ARIMA (+기준 곡선)
2021-09-08 11:30:00,189.11106059939345,ARIMA (+기준 곡선)
2021-09-08 11:45:00,186.30352682329624,ARIMA (+기준 곡선)
2021-09-08 12:00:00,125.47362825554464,ARIMA (+기준 곡선)
2021-09-08 12:15:00,105.28612345709308,ARIMA (+기준 곡선)
2021-09-08 12:30:00,105.31954647955546,ARIMA (+기준 곡선)
2021-09-08 12:45:00,118.5884858938748,ARIMA (+기준 곡선)
2021-09-08 13:00:00,164.37802492830843,ARIMA (+기준 곡선)
2021-09-08 13:15:00,180.65503624949568,ARIMA (+기준 곡선)
2021-09-08 13:30:00,183.99733836902263,ARIMA (+기준 곡선)
2021-09-08 13:45:00,185.76875849241145,ARIMA (+기준 곡선)
2021-09-08 14:00:00,185.10029806868252,ARIMA (+기준 곡선)
2021-09-08 14:15:00,182.1924952250104,ARIMA (+기준 곡선)
2021-09-08 14:30:00,183.99733836946683,ARIMA (+기준 곡선)
2021-09-08 14:45:00,183.6631081575792,ARIMA (+기준 곡선)
2021-09-08 15:00:00,144.95924961658395,ARIMA (+기준 곡선)
2021-09-08 15:15:00,157.86053579694192,ARIMA (+기준 곡선)
2021-09-08 15:30:00,179.75261467810134,ARIMA (+기준 곡선)
2021-09-08 15:45:00,181.65772688608715,ARIMA (+기준 곡선)
2021-09-08 16:00:00,179.11757727545566,ARIMA (+기준 곡선)
2021-09-08 16:15:00,174.8728535840002,ARIMA (+기준 곡선)
2021-09-08 16:30:00,171.59739750712876,ARIMA (+기준 곡선)
2021-09-08 16:45:00,168.68959466337498,ARIMA (+기준 곡선)
2021-09-08 17:00:00,125.40678221896998,ARIMA (+기준 곡선)
2021-09-08 17:15:00,111.87045863597116,ARIMA (+기준 곡선)
2021-09-08 17:30:00,152.78023657570384,ARIMA (+기준 곡선)
2021-09-08 17:45:00,167.0184436037482,ARIMA (+기준 곡선)
2021-09-08 18:00:00,166.28313713751143,ARIMA (+기준 곡선)
2021-09-08 18:15:00,165.11333139577093,ARIMA (+기준 곡선)
2021-09-08 18:30:00,163.80983356925995,ARIMA (+기준 곡선)
2021-09-08 18:45:00,163.80983356926,ARIMA (+기준 곡선)
2021-09-08 19:00:00,160.46753145000088,ARIMA (+기준 곡선)
2021-09-08 19:15:00,154.4513876353344,ARIMA (+기준 곡선)
2021-09-08 19:30:00,155.8217315042307,ARIMA (+기준 곡선)
2021-09-08 19:45:00,136.3695331701424,ARIMA (+기준 곡선)
2021-09-08 20:00:00,121.42944269705396,ARIMA (+기준 곡선)
2021-09-08 20:15:00,128.1474699567649,ARIMA (+기준 곡선)
2021-09-08 20:30:00,128.548546211076,ARIMA (+기준 곡선)
2021-09-08 20:45:00,126.1086656640168,ARIMA (+기준 곡선)
2021-09-08 21:00:00,123.20086282026134,ARIMA (+기준 곡선)
2021-09-08 21:15:00,122.1981721844836,ARIMA (+기준 곡선)
2021-09-08 21:30:00,122.5658254176021,ARIMA (+기준 곡선)
2021-09-08 21:45:00,121.7636729089799,ARIMA (+기준 곡선)
2021-09-08 22:00:00,105.08558533387668,ARIMA (+기준 곡선)
2021-09-08 22:15:00,116.4828355605504,ARIMA (+기준 곡선)
2021-09-08 22:30:00,116.24887441220228,ARIMA (+기준 곡선)
2021-09-08 22:45:00,115.780952115506,ARIMA (+기준 곡선)
2021-09-08 23:00:00,113.94268594991344,ARIMA (+기준 곡선)
2021-09-08 23:15:00,113.84241688633568,ARIMA (+기준 곡선)
2021-09-08 23:30:00,111.0014600849654,ARIMA (+기준 곡선)
2021-09-08 23:45:00,92.48510634426962,ARIMA (+기준 곡선)
2021-09-09 00:00:00,69.05496427278962,ARIMA (+기준 곡선)
2021-09-09 00:15:00,66.22971503165427,ARIMA (+기준 곡선)
2021-09-09 00:30:00,64.28373035441834,ARIMA (+기준 곡선)
2021-09-09 00:45:00,62.5315604557717,ARIMA (+기준 곡선)
2021-09-09 01:00:00,86.69297400786283,ARIMA (+기준 곡선)
2021-09-09 01:15:00,98.47915819648988,ARIMA (+기준 곡선)
2021-09-09 01:30:00,102.2311655978595,ARIMA (+기준 곡선)
2021-09-09 01:45:00,101.13424155802387,ARIMA (+기준 곡선)
2021-09-09 02:00:00,102.1749709840997,ARIMA (+기준 곡선)
2021-09-09 02:15:00,103.64866933101032,ARIMA (+기준 곡선)
2021-09-09 02:30:00,102.18010073087692,ARIMA (+기준 곡선)
2021-09-09 02:45:00,100.00899583801548,ARIMA (+기준 곡선)
2021-09-09 03:00:00,85.77173575111803,ARIMA (+기준 곡선)
2021-09-09 03:15:00,99.40896933579228,ARIMA (+기준 곡선)
2021-09-09 03:30:00,103.08593566642324,ARIMA (+기준 곡선)
2021-09-09 03:45:00,102.4511924498937,ARIMA (+기준 곡선)
2021-09-09 04:00:00,101.54897025994752,ARIMA (+기준 곡선)
2021-09-09 04:15:00,101.88333557431328,ARIMA (+기준 곡선)
2021-09-09 04:30:00,100.57992929812124,ARIMA (+기준 곡선)
2021-09-09 04:45:00,97.4382273461532,ARIMA (+기준 곡선)
2021-09-09 05:00:00,78.8550696047904,ARIMA (+기준 곡선)
2021-09-09 05:15:00,70.23195862663144,ARIMA (+기준 곡선)
2021-09-09 05:30:00,88.91544677924757,ARIMA (+기준 곡선)
2021-09-09 05:45:00,101.68305395753325,ARIMA (+기준 곡선)
2021-09-09 06:00:00,102.85286856479324,ARIMA (+기준 곡선)
2021-09-09 06:15:00,102.2178371698635,ARIMA (+기준 곡선)
2021-09-09 06:30:00,101.3822657111943,ARIMA (+기준 곡선)
2021-09-09 06:45:00,101.7499217031298,ARIMA (+기준 곡선)
2021-09-09 07:00:00,103.25395952631231,ARIMA (+기준 곡선)
2021-09-09 07:15:00,115.05228727417698,ARIMA (+기준 곡선)
2021-09-09 07:30:00,139.88559287877524,ARIMA (+기준 곡선)
2021-09-09 07:45:00,139.65163231219253,ARIMA (+기준 곡선)
2021-09-09 08:00:00,157.83375623519652,ARIMA (+기준 곡선)
2021-09-09 08:15:00,178.48918359937136,ARIMA (+기준 곡선)
2021-09-09 08:30:00,182.9344455990228,ARIMA (+기준 곡선)
2021-09-09 08:45:00,180.36087308987305,ARIMA (+기준 곡선)
2021-09-09 09:00:00,172.13880995962955,ARIMA (+기준 곡선)
2021-09-09 09:15:00,173.40888482128398,ARIMA (+기준 곡선)
2021-09-09 09:30:00,175.7819193641341,ARIMA (+기준 곡선)
2021-09-09 09:45:00,177.85414670394488,ARIMA (+기준 곡선)
2021-09-09 10:00:00,145.13300897392855,ARIMA (+기준 곡선)
2021-09-09 10:15:00,175.44768920748902,ARIMA (+기준 곡선)
2021-09-09 10:30:00,176.61749495728012,ARIMA (+기준 곡선)
2021-09-09 10:45:00,176.7846100686984,ARIMA (+기준 곡선)
2021-09-09 11:00:00,175.54795828826937,ARIMA (+기준 곡선)
2021-09-09 11:15:00,178.8568373888411,ARIMA (+기준 곡선)
2021-09-09 11:30:00,180.8287956409016,ARIMA (+기준 곡선)
2021-09-09 11:45:00,178.0212618618743,ARIMA (+기준 곡선)
2021-09-09 12:00:00,117.19136329213713,ARIMA (+기준 곡선)
2021-09-09 12:15:00,97.00385849234006,ARIMA (+기준 곡선)
2021-09-09 12:30:00,97.03728151389063,ARIMA (+기준 곡선)
2021-09-09 12:45:00,110.30622092759212,ARIMA (+기준 곡선)
2021-09-09 13:00:00,156.09575996160703,ARIMA (+기준 곡선)
2021-09-09 13:15:00,172.37277128251054,ARIMA (+기준 곡선)
2021-09-09 13:30:00,175.71507340184522,ARIMA (+기준 곡선)
2021-09-09 13:45:00,177.4864935251037,ARIMA (+기준 곡선)
2021-09-09 14:00:00,176.81803310128657,ARIMA (+기준 곡선)
2021-09-09 14:15:00,173.9102302575546,ARIMA (+기준 곡선)
2021-09-09 14:30:00,175.71507340197044,ARIMA (+기준 곡선)
2021-09-09 14:45:00,175.38084319005532,ARIMA (+기준 곡선)
2021-09-09 15:00:00,136.67698464904151,ARIMA (+기준 곡선)
2021-09-09 15:15:00,149.57827082938684,ARIMA (+기준 곡선)
2021-09-09 15:30:00,171.4703497105377,ARIMA (+기준 곡선)
2021-09-09 15:45:00,173.37546191851771,ARIMA (+기준 곡선)
2021-09-09 16:00:00,170.83531230788228,ARIMA (+기준 곡선)
2021-09-09 16:15:00,166.59058861642418,ARIMA (+기준 곡선)
2021-09-09 16:30:00,163.31513253955094,ARIMA (+기준 곡선)
2021-09-09 16:45:00,160.40732969579594,ARIMA (+기준 곡선)
2021-09-09 17:00:00,117.1245172513901,ARIMA (+기준 곡선)
2021-09-09 17:15:00,103.5881936683907,ARIMA (+기준 곡선)
2021-09-09 17:30:00,144.497971608123,ARIMA (+기준 곡선)
2021-09-09 17:45:00,158.73617863616712,ARIMA (+기준 곡선)
2021-09-09 18:00:00,158.00087216993018,ARIMA (+기준 곡선)
2021-09-09 18:15:00,156.83106642818956,ARIMA (+기준 곡선)
2021-09-09 18:30:00,155.5275686016785,ARIMA (+기준 곡선)
2021-09-09 18:45:00,155.52756860167852,ARIMA (+기준 곡선)
2021-09-09 19:00:00,152.18526648241934,ARIMA (+기준 곡선)
2021-09-09 19:15:00,146.16912266775287,ARIMA (+기준 곡선)
2021-09-09 19:30:00,147.53946653664914,ARIMA (+기준 곡선)
2021-09-09 19:45:00,128.0872682025608,ARIMA (+기준 곡선)
2021-09-09 20:00:00,113.14717772947236,ARIMA (+기준 곡선)
2021-09-09 20:15:00,119.86520498918328,ARIMA (+기준 곡선)
2021-09-09 20:30:00,120.26628124349438,ARIMA (+기준 곡선)
2021-09-09 20:45:00,117.8264006964352,ARIMA (+기준 곡선)
2021-09-09 21:00:00,114.91859785267972,ARIMA (+기준 곡선)
2021-09-09 21:15:00,113.91590721690196,ARIMA (+기준 곡선)
2021-09-09 21:30:00,114.28356045002047,ARIMA (+기준 곡선)
2021-09-09 21:45:00,113.48140794139827,ARIMA (+기준 곡선)
2021-09-09 22:00:00,96.80332036629504,ARIMA (+기준 곡선)
2021-09-09 22:15:00,108.2005705929688,ARIMA (+기준 곡선)
2021-09-09 22:30:00,107.96660944462066,ARIMA (+기준 곡선)
2021-09-09 22:45:00,107.49868714792436,ARIMA (+기준 곡선)
2021-09-09 23:00:00,105.66042098233184,ARIMA (+기준 곡선)
2021-09-09 23:15:00,105.56015191875406,ARIMA (+기준 곡선)
2021-09-09 23:30:00,102.71919511738376,ARIMA (+기준 곡선)
2021-09-09 23:45:00,84.202841376688,ARIMA (+기준 곡선)
2021-09-10 00:00:00,76.06796125542832,ARIMA (+기준 곡선)
2021-09-10 00:15:00,72.50364068383811,ARIMA (+기준 곡선)
2021-09-10 00:30:00,70.33896425391714,ARIMA (+기준 곡선)
2021-09-10 00:45:00,68.43161237586922,ARIMA (+기준 곡선)
2021-09-10 01:00:00,92.4621541663718,ARIMA (+기준 곡선)
2021-09-10 01:15:00,104.16152519913102,ARIMA (+기준 곡선)
2021-09-10 01:30:00,107.85698783972892,ARIMA (+기준 곡선)
2021-09-10 01:45:00,106.7214642896262,ARIMA (+기준 곡선)
2021-09-10 02:00:00,107.73583928982065,ARIMA (+기준 곡선)
2021-09-10 02:15:00,109.19171397252713,ARIMA (+기준 곡선)
2021-09-10 02:30:00,107.71108367642675,ARIMA (+기준 곡선)
2021-09-10 02:45:00,105.53180109854809,ARIMA (+기준 곡선)
2021-09-10 03:00:00,91.28899806065814,ARIMA (+기준 곡선)
2021-09-10 03:15:00,104.9224758960814,ARIMA (+기준 곡선)
2021-09-10 03:30:00,108.59689724052237,ARIMA (+기준 곡선)
2021-09-10 03:45:00,107.9604293655118,ARIMA (+기준 곡선)
2021-09-10 04:00:00,107.0570384512976,ARIMA (+기준 곡선)
2021-09-10 04:15:00,107.39061178271145,ARIMA (+기준 곡선)
2021-09-10 04:30:00,106.0866688187191,ARIMA (+기준 곡선)
2021-09-10 04:45:00,102.94460317914108,ARIMA (+기준 곡선)
2021-09-10 05:00:00,84.36119898438638,ARIMA (+기준 곡선)
2021-09-10 05:15:00,75.73792099681485,ARIMA (+기준 곡선)
2021-09-10 05:30:00,94.42129597529026,ARIMA (+기준 곡선)
2021-09-10 05:45:00,107.18882646097184,ARIMA (+기준 곡선)
2021-09-10 06:00:00,108.35858909739136,ARIMA (+기준 곡선)
2021-09-10 06:15:00,107.72352248435594,ARIMA (+기준 곡선)
2021-09-10 06:30:00,106.8879271600926,ARIMA (+기준 곡선)
2021-09-10 06:45:00,107.2555669794779,ARIMA (+기준 곡선)
2021-09-10 07:00:00,108.7595938433112,ARIMA (+기준 곡선)
2021-09-10 07:15:00,120.55791416455897,ARIMA (+기준 곡선)
2021-09-10 07:30:00,145.39121473650084,ARIMA (+기준 곡선)
2021-09-10 07:45:00,145.15725075953213,ARIMA (+기준 곡선)
2021-09-10 08:00:00,163.3393723714837,ARIMA (+기준 곡선)
2021-09-10 08:15:00,183.99479816957097,ARIMA (+기준 곡선)
2021-09-10 08:30:00,188.4400591079612,ARIMA (+기준 곡선)
2021-09-10 08:45:00,185.86648587964632,ARIMA (+기준 곡선)
2021-09-10 09:00:00,177.64442226205978,ARIMA (+기준 곡선)
2021-09-10 09:15:00,178.91449679346553,ARIMA (+기준 곡선)
2021-09-10 09:30:00,181.2875311125222,ARIMA (+기준 곡선)
2021-09-10 09:45:00,183.3597583006791,ARIMA (+기준 곡선)
2021-09-10 10:00:00,150.6386204678943,ARIMA (+기준 곡선)
2021-09-10 10:15:00,180.9533006318136,ARIMA (+기준 곡선)
2021-09-10 10:30:00,182.12310633441223,ARIMA (+기준 곡선)
2021-09-10 10:45:00,182.29022141385056,ARIMA (+기준 곡선)
2021-09-10 11:00:00,181.0535696117502,ARIMA (+기준 곡선)
2021-09-10 11:15:00,184.36244869763635,ARIMA (+기준 곡선)
2021-09-10 11:30:00,186.33440693974515,ARIMA (+기준 곡선)
2021-09-10 11:45:00,183.5268731539741,ARIMA (+기준 곡선)
2021-09-10 12:00:00,122.69697457966696,ARIMA (+기준 곡선)
2021-09-10 12:15:00,102.50946977677306,ARIMA (+기준 곡선)
2021-09-10 12:30:00,102.54289279622508,ARIMA (+기준 곡선)
2021-09-10 12:45:00,115.81183220850446,ARIMA (+기준 곡선)
2021-09-10 13:00:00,161.60137124155568,ARIMA (+기준 곡선)
2021-09-10 13:15:00,177.87838256180618,ARIMA (+기준 곡선)
2021-09-10 13:30:00,181.2206846806983,ARIMA (+기준 곡선)
2021-09-10 13:45:00,182.9921048036569,ARIMA (+기준 곡선)
2021-09-10 14:00:00,182.32364437963653,ARIMA (+기준 곡선)
2021-09-10 14:15:00,179.41584153576684,ARIMA (+기준 곡선)
2021-09-10 14:30:00,181.2206846800894,ARIMA (+기준 곡선)
2021-09-10 14:45:00,180.88645446811103,ARIMA (+기준 곡선)
2021-09-10 15:00:00,142.18259592705436,ARIMA (+기준 곡선)
2021-09-10 15:15:00,155.08388210737067,ARIMA (+기준 곡선)
2021-09-10 15:30:00,176.97596098850184,ARIMA (+기준 곡선)
2021-09-10 15:45:00,178.88107319646852,ARIMA (+기준 곡선)
2021-09-10 16:00:00,176.34092358582404,ARIMA (+기준 곡선)
2021-09-10 16:15:00,172.09619989435984,ARIMA (+기준 곡선)
2021-09-10 16:30:00,168.82074381748245,ARIMA (+기준 곡선)
2021-09-10 16:45:00,165.9129409737246,ARIMA (+기준 곡선)
2021-09-10 17:00:00,122.63012852931688,ARIMA (+기준 곡선)
2021-09-10 17:15:00,109.09380494631618,ARIMA (+기준 곡선)
2021-09-10 17:30:00,150.00358288604764,ARIMA (+기준 곡선)
2021-09-10 17:45:00,164.24178991409113,ARIMA (+기준 곡선)
2021-09-10 18:00:00,163.5064834478538,ARIMA (+기준 곡선)
2021-09-10 18:15:00,162.3366777061129,ARIMA (+기준 곡선)
2021-09-10 18:30:00,161.03317987960165,ARIMA (+기준 곡선)
2021-09-10 18:45:00,161.03317987960156,ARIMA (+기준 곡선)
2021-09-10 19:00:00,157.6908777603423,ARIMA (+기준 곡선)
2021-09-10 19:15:00,151.67473394567577,ARIMA (+기준 곡선)
2021-09-10 19:30:00,153.04507781457198,ARIMA (+기준 곡선)
2021-09-10 19:45:00,133.59287948048365,ARIMA (+기준 곡선)
2021-09-10 20:00:00,118.65278900739516,ARIMA (+기준 곡선)
2021-09-10 20:15:00,125.37081626710608,ARIMA (+기준 곡선)
2021-09-10 20:30:00,125.77189252141716,ARIMA (+기준 곡선)
2021-09-10 20:45:00,123.33201197435798,ARIMA (+기준 곡선)
2021-09-10 21:00:00,120.42420913060248,ARIMA (+기준 곡선)
2021-09-10 21:15:00,119.42151849482477,ARIMA (+기준 곡선)
2021-09-10 21:30:00,119.78917172794326,ARIMA (+기준 곡선)
2021-09-10 21:45:00,118.98701921932106,ARIMA (+기준 곡선)
2021-09-10 22:00:00,102.30893164421784,ARIMA (+기준 곡선)
2021-09-10 22:15:00,113.70618187089156,ARIMA (+기준 곡선)
2021-09-10 22:30:00,113.47222072254344,ARIMA (+기준 곡선)
2021-09-10 22:45:00,113.00429842584715,ARIMA (+기준 곡선)
2021-09-10 23:00:00,111.1660322602546,ARIMA (+기준 곡선)
2021-09-10 23:15:00,111.06576319667684,ARIMA (+기준 곡선)
2021-09-10 23:30:00,108.22480639530654,ARIMA (+기준 곡선)
2021-09-10 23:45:00,89.70845265461078,ARIMA (+기준 곡선)
2021-09-11 00:00:00,56.36948197414926,ARIMA (+기준 곡선)
2021-09-11 00:15:00,53.11292272516136,ARIMA (+기준 곡선)
2021-09-11 00:30:00,53.83095631341591,ARIMA (+기준 곡선)
2021-09-11 00:45:00,54.78742826006456,ARIMA (+기준 곡선)
2021-09-11 01:00:00,81.82693899763692,ARIMA (+기준 곡선)
2021-09-11 01:15:00,95.2165055308094,ARIMA (+기준 곡선)
2021-09-11 01:30:00,96.17006519535276,ARIMA (+기준 곡선)
2021-09-11 01:45:00,95.890817213765,ARIMA (+기준 곡선)
2021-09-11 02:00:00,96.91849507104864,ARIMA (+기준 곡선)
2021-09-11 02:15:00,97.64699801911132,ARIMA (+기준 곡선)
2021-09-11 02:30:00,95.33462598011604,ARIMA (+기준 곡선)
2021-09-11 02:45:00,93.25068197633824,ARIMA (+기준 곡선)
2021-09-11 03:00:00,81.25008863293442,ARIMA (+기준 곡선)
2021-09-11 03:15:00,90.42111814256188,ARIMA (+기준 곡선)
2021-09-11 03:30:00,91.43836319096742,ARIMA (+기준 곡선)
2021-09-11 03:45:00,95.45898856126593,ARIMA (+기준 곡선)
2021-09-11 04:00:00,97.0950443841036,ARIMA (+기준 곡선)
2021-09-11 04:15:00,93.96616525629857,ARIMA (+기준 곡선)
2021-09-11 04:30:00,94.84658872071348,ARIMA (+기준 곡선)
2021-09-11 04:45:00,92.34194195009933,ARIMA (+기준 곡선)
2021-09-11 05:00:00,73.41756559151906,ARIMA (+기준 곡선)
2021-09-11 05:15:00,65.6476682403476,ARIMA (+기준 곡선)
2021-09-11 05:30:00,83.57141056342488,ARIMA (+기준 곡선)
2021-09-11 05:45:00,95.10279145656352,ARIMA (+기준 곡선)
2021-09-11 06:00:00,93.7243890378106,ARIMA (+기준 곡선)
2021-09-11 06:15:00,91.46853650895596,ARIMA (+기준 곡선)
2021-09-11 06:30:00,88.5859374111759,ARIMA (+기준 곡선)
2021-09-11 06:45:00,85.07661267185405,ARIMA (+기준 곡선)
2021-09-11 07:00:00,82.94595774401417,ARIMA (+기준 곡선)
2021-09-11 07:15:00,72.16707587996873,ARIMA (+기준 곡선)
2021-09-11 07:30:00,43.5904215405355,ARIMA (+기준 곡선)
2021-09-11 07:45:00,25.918018587913867,ARIMA (+기준 곡선)
2021-09-11 08:00:00,21.405923943120428,ARIMA (+기준 곡선)
2021-09-11 08:15:00,19.149878968599577,ARIMA (+기준 곡선)
2021-09-11 08:30:00,18.52320339026909,ARIMA (+기준 곡선)
2021-09-11 08:45:00,18.899216491372048,ARIMA (+기준 곡선)
2021-09-11 09:00:00,19.149891937283584,ARIMA (+기준 곡선)
2021-09-11 09:15:00,19.2752301553476,ARIMA (+기준 곡선)
2021-09-11 09:30:00,19.024558776209798,ARIMA (+기준 곡선)
2021-09-11 09:45:00,19.275232302416818,ARIMA (+기준 곡선)
2021-09-11 10:00:00,19.275232890118414,ARIMA (+기준 곡선)
2021-09-11 10:15:00,19.651242276791805,ARIMA (+기준 곡선)
2021-09-11 10:30:00,20.52859685297652,ARIMA (+기준 곡선)
2021-09-11 10:45:00,19.651242729554955,ARIMA (+기준 곡선)
2021-09-11 11:00:00,19.52590652401429,ARIMA (+기준 곡선)
2021-09-11 11:15:00,20.15258825535776,ARIMA (+기준 곡선)
2021-09-11 11:30:00,21.155278948046277,ARIMA (+기준 곡선)
2021-09-11 11:45:00,20.65393366872305,ARIMA (+기준 곡선)
2021-09-11 12:00:00,19.9019157180238,ARIMA (+기준 곡선)
2021-09-11 12:15:00,19.27523408837249,ARIMA (+기준 곡선)
2021-09-11 12:30:00,19.90191574773464,ARIMA (+기준 곡선)
2021-09-11 12:45:00,19.525906767450508,ARIMA (+기준 곡선)
2021-09-11 13:00:00,19.024561455072657,ARIMA (+기준 곡선)
2021-09-11 13:15:00,19.149897788279425,ARIMA (+기준 곡선)
2021-09-11 13:30:00,18.64855247292127,ARIMA (+기준 곡선)
2021-09-11 13:45:00,19.525906780941742,ARIMA (+기준 곡선)
2021-09-11 14:00:00,19.400570452631666,ARIMA (+기준 곡선)
2021-09-11 14:15:00,18.899225135530315,ARIMA (+기준 곡선)
2021-09-11 14:30:00,18.77388880659176,ARIMA (+기준 곡선)
2021-09-11 14:45:00,19.525906783786716,ARIMA (+기준 곡선)
2021-09-11 15:00:00,20.02725210192065,ARIMA (+기준 곡선)
2021-09-11 15:15:00,19.776579443142285,ARIMA (+기준 곡선)
2021-09-11 15:30:00,19.400570454838164,ARIMA (+기준 곡선)
2021-09-11 15:45:00,19.77657944333108,ARIMA (+기준 곡선)
2021-09-11 16:00:00,19.65124311391054,ARIMA (+기준 곡선)
2021-09-11 16:15:00,20.403261090778877,ARIMA (+기준 곡선)
2021-09-11 16:30:00,21.15527906763592,ARIMA (+기준 곡선)
2021-09-11 16:45:00,21.155279067652,ARIMA (+기준 곡선)
2021-09-11 17:00:00,20.904606408718458,ARIMA (+기준 곡선)
2021-09-11 17:15:00,19.400570455059217,ARIMA (+기준 곡선)
2021-09-11 17:30:00,16.858033485770648,ARIMA (+기준 곡선)
2021-09-11 17:45:00,16.714791966377216,ARIMA (+기준 곡선)
2021-09-11 18:00:00,17.287758043966797,ARIMA (+기준 곡선)
2021-09-11 18:15:00,16.85803348577789,ARIMA (+기준 곡선)
2021-09-11 18:30:00,16.42830892758848,ARIMA (+기준 곡선)
2021-09-11 18:45:00,16.571550446986016,ARIMA (+기준 곡선)
2021-09-11 19:00:00,17.43099956336743,ARIMA (+기준 곡선)
2021-09-11 19:15:00,16.714791966383657,ARIMA (+기준 곡선)
2021-09-11 19:30:00,15.712101330606128,ARIMA (+기준 곡선)
2021-09-11 19:45:00,15.425618291812636,ARIMA (+기준 곡선)
2021-09-11 20:00:00,15.139135253019091,ARIMA (+기준 곡선)
2021-09-11 20:15:00,15.568859811209627,ARIMA (+기준 곡선)
2021-09-11 20:30:00,16.28506740819378,ARIMA (+기준 곡선)
2021-09-11 20:45:00,16.14182588879699,ARIMA (+기준 곡선)
2021-09-11 21:00:00,16.141825888797012,ARIMA (+기준 곡선)
2021-09-11 21:15:00,16.141825888797026,ARIMA (+기준 곡선)
2021-09-11 21:30:00,16.141825888797037,ARIMA (+기준 곡선)
2021-09-11 21:45:00,16.141825888797044,ARIMA (+기준 곡선)
2021-09-11 22:00:00,16.858033485781156,ARIMA (+기준 곡선)
2021-09-11 22:15:00,18.00396564095573,ARIMA (+기준 곡선)
2021-09-11 22:30:00,18.29044867974937,ARIMA (+기준 곡선)
2021-09-11 22:45:00,16.285067408193875,ARIMA (+기준 곡선)
2021-09-11 23:00:00,15.712101330606592,ARIMA (+기준 곡선)
2021-09-11 23:15:00,15.28237677241613,ARIMA (+기준 곡선)
2021-09-11 23:30:00,15.712101330606597,ARIMA (+기준 곡선)
2021-09-11 23:45:00,15.998584369400236,ARIMA (+기준 곡선)
2021-09-12 00:00:00,21.84571809963369,ARIMA (+기준 곡선)
2021-09-12 00:15:00,21.699492247672048,ARIMA (+기준 곡선)
2021-09-12 00:30:00,22.39666636471256,ARIMA (+기준 곡선)
2021-09-12 00:45:00,22.28068413629747,ARIMA (+기준 곡선)
2021-09-12 01:00:00,21.94292833590065,ARIMA (+기준 곡선)
2021-09-12 01:15:00,21.883756798358103,ARIMA (+기준 곡선)
2021-09-12 01:30:00,22.345795603774423,ARIMA (+기준 곡선)
2021-09-12 01:45:00,23.69783608079753,ARIMA (+기준 곡선)
2021-09-12 02:00:00,22.92768056300923,ARIMA (+기준 곡선)
2021-09-12 02:15:00,21.536695571943383,ARIMA (+기준 곡선)
2021-09-12 02:30:00,20.77635877598666,ARIMA (+기준 곡선)
2021-09-12 02:45:00,21.1467296883712,ARIMA (+기준 곡선)
2021-09-12 03:00:00,21.14290848947385,ARIMA (+기준 곡선)
2021-09-12 03:15:00,21.39099180984595,ARIMA (+기준 곡선)
2021-09-12 03:30:00,21.13856452820032,ARIMA (+기준 곡선)
2021-09-12 03:45:00,20.88670283537303,ARIMA (+기준 곡선)
2021-09-12 04:00:00,21.88858771714716,ARIMA (+기준 곡선)
2021-09-12 04:15:00,22.640059675000774,ARIMA (+기준 곡선)
2021-09-12 04:30:00,21.88767168799253,ARIMA (+기준 곡선)
2021-09-12 04:45:00,21.13540297316569,ARIMA (+기준 곡선)
2021-09-12 05:00:00,22.01258736653152,ARIMA (+기준 곡선)
2021-09-12 05:15:00,21.88713589535259,ARIMA (+기준 곡선)
2021-09-12 05:30:00,21.6363852104855,ARIMA (+기준 곡선)
2021-09-12 05:45:00,21.385659677174196,ARIMA (+기준 곡선)
2021-09-12 06:00:00,20.758942199431143,ARIMA (+기준 곡선)
2021-09-12 06:15:00,21.00959057787184,ARIMA (+기준 곡선)
2021-09-12 06:30:00,20.884237794685404,ARIMA (+기준 곡선)
2021-09-12 06:45:00,20.758890315332827,ARIMA (+기준 곡선)
2021-09-12 07:00:00,20.5082101006578,ARIMA (+기준 곡선)
2021-09-12 07:15:00,20.88421396892402,ARIMA (+기준 곡선)
2021-09-12 07:30:00,21.7615648055531,ARIMA (+기준 곡선)
2021-09-12 07:45:00,21.38555346590579,ARIMA (+기준 곡선)
2021-09-12 08:00:00,21.38555187259135,ARIMA (+기준 곡선)
2021-09-12 08:15:00,22.51357775812976,ARIMA (+기준 곡선)
2021-09-12 08:30:00,21.63622272015632,ARIMA (+기준 곡선)
2021-09-12 08:45:00,21.636222224340635,ARIMA (+기준 곡선)
2021-09-12 09:00:00,21.636221888350505,ARIMA (+기준 곡선)
2021-09-12 09:15:00,22.26290330802746,ARIMA (+기준 곡선)
2021-09-12 09:30:00,21.260212517959264,ARIMA (+기준 곡선)
2021-09-12 09:45:00,20.88420342498749,ARIMA (+기준 곡선)
2021-09-12 10:00:00,20.884203354135582,ARIMA (+기준 곡선)
2021-09-12 10:15:00,20.75886697665048,ARIMA (+기준 곡선)
2021-09-12 10:30:00,21.00953960305893,ARIMA (+기준 곡선)
2021-09-12 10:45:00,21.260212239955305,ARIMA (+기준 곡선)
2021-09-12 11:00:00,21.886893872375506,ARIMA (+기준 곡선)
2021-09-12 11:15:00,22.76424816855632,ARIMA (+기준 곡선)
2021-09-12 11:30:00,24.435399221324875,ARIMA (+기준 곡선)
2021-09-12 11:45:00,21.76155752126816,ARIMA (+기준 곡선)
2021-09-12 12:00:00,21.98437765940144,ARIMA (+기준 곡선)
2021-09-12 12:15:00,21.872967586624423,ARIMA (+기준 곡선)
2021-09-12 12:30:00,22.09578772646155,ARIMA (+기준 곡선)
2021-09-12 12:45:00,21.42732730162928,ARIMA (+기준 곡선)
2021-09-12 13:00:00,21.538737371606853,ARIMA (+기준 곡선)
2021-09-12 13:15:00,21.204507159230708,ARIMA (+기준 곡선)
2021-09-12 13:30:00,20.75886687635772,ARIMA (+기준 곡선)
2021-09-12 13:45:00,20.75886687615097,ARIMA (+기준 곡선)
2021-09-12 14:00:00,21.427327299862704,ARIMA (+기준 곡선)
2021-09-12 14:15:00,21.650147441051704,ARIMA (+기준 곡선)
2021-09-12 14:30:00,22.652838076765114,ARIMA (+기준 곡선)
2021-09-12 14:45:00,22.652838076721515,ARIMA (+기준 곡선)
2021-09-12 15:00:00,21.872967582198168,ARIMA (+기준 곡선)
2021-09-12 15:15:00,21.87296758217815,ARIMA (+기준 곡선)
2021-09-12 15:30:00,21.42732729959669,ARIMA (+기준 곡선)
2021-09-12 15:45:00,21.98437765279736,ARIMA (+기준 곡선)
2021-09-12 16:00:00,22.43001793535901,ARIMA (+기준 곡선)
2021-09-12 16:15:00,22.09578772342888,ARIMA (+기준 곡선)
2021-09-12 16:30:00,21.872967582142078,ARIMA (+기준 곡선)
2021-09-12 16:45:00,21.984377652782104,ARIMA (+기준 곡선)
2021-09-12 17:00:00,21.538737370212903,ARIMA (+기준 곡선)
2021-09-12 17:15:00,21.650147440853985,ARIMA (+기준 곡선)
2021-09-12 17:30:00,21.42732729956944,ARIMA (+기준 곡선)
2021-09-12 17:45:00,22.31860786470481,ARIMA (+기준 곡선)
2021-09-12 18:00:00,22.31860786470453,ARIMA (+기준 곡선)
2021-09-12 18:15:00,22.541428005988287,ARIMA (+기준 곡선)
2021-09-12 18:30:00,21.09309708764252,ARIMA (+기준 곡선)
2021-09-12 18:45:00,20.75886687571652,ARIMA (+기준 곡선)
2021-09-12 19:00:00,20.758866875716457,ARIMA (+기준 곡선)
2021-09-12 19:15:00,20.981687017000365,ARIMA (+기준 곡선)
2021-09-12 19:30:00,21.87296758213612,ARIMA (+기준 곡선)
2021-09-12 19:45:00,21.53873737021018,ARIMA (+기준 곡선)
2021-09-12 20:00:00,21.20450715828425,ARIMA (+기준 곡선)
2021-09-12 20:15:00,21.315917228926217,ARIMA (+기준 곡선)
2021-09-12 20:30:00,20.647456805074377,ARIMA (+기준 곡선)
2021-09-12 20:45:00,21.09309708764226,ARIMA (+기준 곡선)
2021-09-12 21:00:00,21.76155751149409,ARIMA (+기준 곡선)
2021-09-12 21:15:00,22.318607864703957,ARIMA (+기준 곡선)
2021-09-12 21:30:00,21.98437765277803,ARIMA (+기준 곡선)
2021-09-12 21:45:00,21.98437765277803,ARIMA (+기준 곡선)
2021-09-12 22:00:00,21.093097087642253,ARIMA (+기준 곡선)
2021-09-12 22:15:00,21.427327299568173,ARIMA (+기준 곡선)
2021-09-12 22:30:00,21.87296758213606,ARIMA (+기준 곡선)
2021-09-12 22:45:00,21.87296758213606,ARIMA (+기준 곡선)
2021-09-12 23:00:00,21.65014744085212,ARIMA (+기준 곡선)
2021-09-12 23:15:00,21.204507158284223,ARIMA (+기준 곡선)
2021-09-12 23:30:00,20.647456805074366,ARIMA (+기준 곡선)
2021-09-12 23:45:00,21.3159172289262,ARIMA (+기준 곡선)
2021-09-13 00:00:00,23.0443920060351,ARIMA (+기준 곡선)
2021-09-13 00:15:00,23.29413239637567,ARIMA (+기준 곡선)
2021-09-13 00:30:00,24.318489638319004,ARIMA (+기준 곡선)
2021-09-13 00:45:00,23.578596779830757,ARIMA (+기준 곡선)
2021-09-13 01:00:00,22.456850009636664,ARIMA (+기준 곡선)
2021-09-13 01:15:00,23.58946127034977,ARIMA (+기준 곡선)
2021-09-13 01:30:00,23.091385584298543,ARIMA (+기준 곡선)
2021-09-13 01:45:00,22.8428904839695,ARIMA (+기준 곡선)
2021-09-13 02:00:00,23.095025532948217,ARIMA (+기준 곡선)
2021-09-13 02:15:00,22.34400269666614,ARIMA (+기준 곡선)
2021-09-13 02:30:00,23.222032384946203,ARIMA (+기준 곡선)
2021-09-13 02:45:00,23.34782595588665,ARIMA (+기준 곡선)
2021-09-13 03:00:00,22.972126743848577,ARIMA (+기준 곡선)
2021-09-13 03:15:00,23.348345696027582,ARIMA (+기준 곡선)
2021-09-13 03:30:00,22.84714266509763,ARIMA (+기준 곡선)
2021-09-13 03:45:00,23.473920729163535,ARIMA (+기준 곡선)
2021-09-13 04:00:00,23.223313406885374,ARIMA (+기준 곡선)
2021-09-13 04:15:00,22.722012364873542,ARIMA (+기준 곡선)
2021-09-13 04:30:00,22.471369709536056,ARIMA (+기준 곡선)
2021-09-13 04:45:00,22.47139004148119,ARIMA (+기준 곡선)
2021-09-13 05:00:00,22.972749137340056,ARIMA (+기준 곡선)
2021-09-13 05:15:00,22.471413156113417,ARIMA (+기준 곡선)
2021-09-13 05:30:00,22.095410494697493,ARIMA (+기준 곡선)
2021-09-13 05:45:00,22.34608744114172,ARIMA (+기준 곡선)
2021-09-13 06:00:00,23.348780982349183,ARIMA (+기준 곡선)
2021-09-13 06:15:00,23.223446621745136,ARIMA (+기준 곡선)
2021-09-13 06:30:00,22.346093649645614,ARIMA (+기준 곡선)
2021-09-13 06:45:00,22.847439871660885,ARIMA (+기준 곡선)
2021-09-13 07:00:00,28.738247969537564,ARIMA (+기준 곡선)
2021-09-13 07:15:00,42.3999082971944,ARIMA (+기준 곡선)
2021-09-13 07:30:00,71.35260068662755,ARIMA (+기준 곡선)
2021-09-13 07:45:00,110.5828720020896,ARIMA (+기준 곡선)
2021-09-13 08:00:00,156.07995972970434,ARIMA (+기준 곡선)
2021-09-13 08:15:00,187.6647148442556,ARIMA (+기준 곡선)
2021-09-13 08:30:00,191.80081377616855,ARIMA (+기준 곡선)
2021-09-13 08:45:00,188.2913965911514,ARIMA (+기준 곡선)
2021-09-13 09:00:00,184.15529774581307,ARIMA (+기준 곡선)
2021-09-13 09:15:00,177.51247230224803,ARIMA (+기준 곡선)
2021-09-13 09:30:00,184.53130676520345,ARIMA (+기준 곡선)
2021-09-13 09:45:00,180.89655321898732,ARIMA (+기준 곡선)
2021-09-13 10:00:00,147.306416926178,ARIMA (+기준 곡선)
2021-09-13 10:15:00,181.523234875987,ARIMA (+기준 곡선)
2021-09-13 10:30:00,184.28063412701408,ARIMA (+기준 곡선)
2021-09-13 10:45:00,181.89924386882976,ARIMA (+기준 곡선)
2021-09-13 11:00:00,181.27256222268025,ARIMA (+기준 곡선)
2021-09-13 11:15:00,185.15798843714,ARIMA (+기준 곡선)
2021-09-13 11:30:00,180.52054424722425,ARIMA (+기준 곡선)
2021-09-13 11:45:00,178.64049930551798,ARIMA (+기준 곡선)
2021-09-13 12:00:00,127.37794055163604,ARIMA (+기준 곡선)
2021-09-13 12:15:00,107.44946416572644,ARIMA (+기준 곡선)
2021-09-13 12:30:00,104.81740124692716,ARIMA (+기준 곡선)
2021-09-13 12:45:00,115.47098925214524,ARIMA (+기준 곡선)
2021-09-13 13:00:00,159.8400498853645,ARIMA (+기준 곡선)
2021-09-13 13:15:00,174.88040942206726,ARIMA (+기준 곡선)
2021-09-13 13:30:00,177.1364633525919,ARIMA (+기준 곡선)
2021-09-13 13:45:00,177.01112702313645,ARIMA (+기준 곡선)
2021-09-13 14:00:00,174.1283914452868,ARIMA (+기준 곡선)
2021-09-13 14:15:00,175.75776372843336,ARIMA (+기준 곡선)
2021-09-13 14:30:00,178.26449031788292,ARIMA (+기준 곡선)
2021-09-13 14:45:00,175.13108208108102,ARIMA (+기준 곡선)
2021-09-13 15:00:00,140.1622461583344,ARIMA (+기준 곡선)
2021-09-13 15:15:00,150.31448884558574,ARIMA (+기준 곡선)
2021-09-13 15:30:00,176.50978170528057,ARIMA (+기준 곡선)
2021-09-13 15:45:00,180.52054424839227,ARIMA (+기준 곡선)
2021-09-13 16:00:00,169.8669562432542,ARIMA (+기준 곡선)
2021-09-13 16:15:00,166.73354800644907,ARIMA (+기준 곡선)
2021-09-13 16:30:00,166.60821167697708,ARIMA (+기준 곡선)
2021-09-13 16:45:00,163.34946711069955,ARIMA (+기준 곡선)
2021-09-13 17:00:00,130.26067613003394,ARIMA (+기준 곡선)
2021-09-13 17:15:00,116.47367988808996,ARIMA (+기준 곡선)
2021-09-13 17:30:00,141.03960046464485,ARIMA (+기준 곡선)
2021-09-13 17:45:00,154.95193303606118,ARIMA (+기준 곡선)
2021-09-13 18:00:00,155.7039510128945,ARIMA (+기준 곡선)
2021-09-13 18:15:00,148.1837712445614,ARIMA (+기준 곡선)
2021-09-13 18:30:00,145.67704465511702,ARIMA (+기준 곡선)
2021-09-13 18:45:00,140.0369098288672,ARIMA (+기준 곡선)
2021-09-13 19:00:00,141.16493679411718,ARIMA (+기준 곡선)
2021-09-13 19:15:00,141.2902731235894,ARIMA (+기준 곡선)
2021-09-13 19:30:00,134.5221113320896,ARIMA (+기준 곡선)
2021-09-13 19:45:00,115.0949802638957,ARIMA (+기준 곡선)
2021-09-13 20:00:00,107.5748004955626,ARIMA (+기준 곡선)
2021-09-13 20:15:00,115.7216619112568,ARIMA (+기준 곡선)
2021-09-13 20:30:00,119.98309711331224,ARIMA (+기준 곡선)
2021-09-13 20:45:00,119.60708812489558,ARIMA (+기준 곡선)
2021-09-13 21:00:00,119.48175179542336,ARIMA (+기준 곡선)
2021-09-13 21:15:00,122.74049636170103,ARIMA (+기준 곡선)
2021-09-13 21:30:00,116.47367988809012,ARIMA (+기준 곡선)
2021-09-13 21:45:00,112.58825367445134,ARIMA (+기준 곡선)
2021-09-13 22:00:00,98.55058477356285,ARIMA (+기준 곡선)
2021-09-13 22:15:00,110.08152708500695,ARIMA (+기준 곡선)
2021-09-13 22:30:00,112.58825367445134,ARIMA (+기준 곡선)
2021-09-13 22:45:00,113.21493532181243,ARIMA (+기준 곡선)
2021-09-13 23:00:00,110.3321997439514,ARIMA (+기준 곡선)
2021-09-13 23:15:00,108.57749113134034,ARIMA (+기준 곡선)
2021-09-13 23:30:00,103.31336529350716,ARIMA (+기준 곡선)
2021-09-13 23:45:00,82.00618928323,ARIMA (+기준 곡선)
2021-09-14 00:00:00,81.60159985859119,ARIMA (+기준 곡선)
2021-09-14 00:15:00,77.60517308292684,ARIMA (+기준 곡선)
2021-09-14 00:30:00,75.40689519923248,ARIMA (+기준 곡선)
2021-09-14 00:45:00,73.56804333298987,ARIMA (+기준 곡선)
2021-09-14 01:00:00,97.61671775041825,ARIMA (+기준 곡선)
2021-09-14 01:15:00,109.32130103568454,ARIMA (+기준 곡선)
2021-09-14 01:30:00,113.02324479396992,ARIMA (+기준 곡선)
2021-09-14 01:45:00,111.89262556955492,ARIMA (+기준 곡선)
2021-09-14 02:00:00,112.91002729218542,ARIMA (+기준 곡선)
2021-09-14 02:15:00,114.36791989920872,ARIMA (+기준 곡선)
2021-09-14 02:30:00,112.88868602394967,ARIMA (+기준 곡선)
2021-09-14 02:45:00,110.7103514085702,ARIMA (+기준 곡선)
2021-09-14 03:00:00,96.46818800411113,ARIMA (+기준 곡선)
2021-09-14 03:15:00,110.1020992647,ARIMA (+기준 곡선)
2021-09-14 03:30:00,113.77681457565308,ARIMA (+기준 곡선)
2021-09-14 03:45:00,113.14054589737688,ARIMA (+기준 곡선)
2021-09-14 04:00:00,112.2372899459852,ARIMA (+기준 곡선)
2021-09-14 04:15:00,112.57095473715724,ARIMA (+기준 곡선)
2021-09-14 04:30:00,111.26707375302166,ARIMA (+기준 곡선)
2021-09-14 04:45:00,108.12505011388774,ARIMA (+기준 곡선)
2021-09-14 05:00:00,89.54167438061306,ARIMA (+기준 곡선)
2021-09-14 05:15:00,80.91841568003422,ARIMA (+기준 곡선)
2021-09-14 05:30:00,99.60180372837918,ARIMA (+기준 곡선)
2021-09-14 05:45:00,112.36934307087056,ARIMA (+기준 곡선)
2021-09-14 06:00:00,113.53911170911738,ARIMA (+기준 곡선)
2021-09-14 06:15:00,112.90404916322824,ARIMA (+기준 곡선)
2021-09-14 06:30:00,112.06845659507184,ARIMA (+기준 곡선)
2021-09-14 06:45:00,112.4360982821365,ARIMA (+기준 곡선)
2021-09-14 07:00:00,113.94012641160506,ARIMA (+기준 곡선)
2021-09-14 07:15:00,125.73844759051217,ARIMA (+기준 곡선)
2021-09-14 07:30:00,150.571748743648,ARIMA (+기준 곡선)
2021-09-14 07:45:00,150.3377851605261,ARIMA (+기준 곡선)
2021-09-14 08:00:00,168.51990703936846,ARIMA (+기준 곡선)
2021-09-14 08:15:00,189.17533301831463,ARIMA (+기준 곡선)
2021-09-14 08:30:00,193.62059407926407,ARIMA (+기준 곡선)
2021-09-14 08:45:00,191.0470209340017,ARIMA (+기준 곡선)
2021-09-14 09:00:00,182.8249573726957,ARIMA (+기준 곡선)
2021-09-14 09:15:00,184.09503194224007,ARIMA (+기준 곡선)
2021-09-14 09:30:00,186.46806628714145,ARIMA (+기준 곡선)
2021-09-14 09:45:00,188.540293492812,ARIMA (+기준 곡선)
2021-09-14 10:00:00,155.81915567189534,ARIMA (+기준 곡선)
2021-09-14 10:15:00,186.13383584385716,ARIMA (+기준 곡선)
2021-09-14 10:30:00,187.3036415519058,ARIMA (+기준 곡선)
2021-09-14 10:45:00,187.47075663503728,ARIMA (+기준 곡선)
2021-09-14 11:00:00,186.23410483543964,ARIMA (+기준 곡선)
2021-09-14 11:15:00,189.5429839230217,ARIMA (+기준 곡선)
2021-09-14 11:30:00,191.5149421662798,ARIMA (+기준 곡선)
2021-09-14 11:45:00,188.70740838128756,ARIMA (+기준 곡선)
2021-09-14 12:00:00,127.87750980750818,ARIMA (+기준 곡선)
2021-09-14 12:15:00,107.69000500497192,ARIMA (+기준 곡선)
2021-09-14 12:30:00,107.72342802466628,ARIMA (+기준 곡선)
2021-09-14 12:45:00,120.99236743710988,ARIMA (+기준 곡선)
2021-09-14 13:00:00,166.78190647027242,ARIMA (+기준 곡선)
2021-09-14 13:15:00,183.05891779059831,ARIMA (+기준 곡선)
2021-09-14 13:30:00,186.40121990954157,ARIMA (+기준 곡선)
2021-09-14 13:45:00,188.1726400325348,ARIMA (+기준 곡선)
2021-09-14 14:00:00,187.50417960853787,ARIMA (+기준 곡선)
2021-09-14 14:15:00,184.5963767646841,ARIMA (+기준 곡선)
2021-09-14 14:30:00,186.4012199090174,ARIMA (+기준 곡선)
2021-09-14 14:45:00,186.0669896970464,ARIMA (+기준 곡선)
2021-09-14 15:00:00,147.36313115599464,ARIMA (+기준 곡선)
2021-09-14 15:15:00,160.2644173363143,ARIMA (+기준 곡선)
2021-09-14 15:30:00,182.1564962174477,ARIMA (+기준 곡선)
2021-09-14 15:45:00,184.06160842541595,ARIMA (+기준 곡선)
2021-09-14 16:00:00,181.52145881477253,ARIMA (+기준 곡선)
2021-09-14 16:15:00,177.27673512330904,ARIMA (+기준 곡선)
2021-09-14 16:30:00,174.0012790464321,ARIMA (+기준 곡선)
2021-09-14 16:45:00,171.09347620267462,ARIMA (+기준 곡선)
2021-09-14 17:00:00,127.8106637582671,ARIMA (+기준 곡선)
2021-09-14 17:15:00,114.27434017526656,ARIMA (+기준 곡선)
2021-09-14 17:30:00,155.1841181149981,ARIMA (+기준 곡선)
2021-09-14 17:45:00,169.4223251430417,ARIMA (+기준 곡선)
2021-09-14 18:00:00,168.6870186768044,ARIMA (+기준 곡선)
2021-09-14 18:15:00,167.51721293506353,ARIMA (+기준 곡선)
2021-09-14 18:30:00,166.2137151085523,ARIMA (+기준 곡선)
2021-09-14 18:45:00,166.2137151085522,ARIMA (+기준 곡선)
2021-09-14 19:00:00,162.87141298929296,ARIMA (+기준 곡선)
2021-09-14 19:15:00,156.8552691746264,ARIMA (+기준 곡선)
2021-09-14 19:30:00,158.22561304352266,ARIMA (+기준 곡선)
2021-09-14 19:45:00,138.77341470943432,ARIMA (+기준 곡선)
2021-09-14 20:00:00,123.83332423634586,ARIMA (+기준 곡선)
2021-09-14 20:15:00,130.55135149605675,ARIMA (+기준 곡선)
2021-09-14 20:30:00,130.95242775036786,ARIMA (+기준 곡선)
2021-09-14 20:45:00,128.51254720330866,ARIMA (+기준 곡선)
2021-09-14 21:00:00,125.60474435955318,ARIMA (+기준 곡선)
2021-09-14 21:15:00,124.60205372377544,ARIMA (+기준 곡선)
2021-09-14 21:30:00,124.96970695689394,ARIMA (+기준 곡선)
2021-09-14 21:45:00,124.16755444827174,ARIMA (+기준 곡선)
2021-09-14 22:00:00,107.48946687316852,ARIMA (+기준 곡선)
2021-09-14 22:15:00,118.88671709984226,ARIMA (+기준 곡선)
2021-09-14 22:30:00,118.65275595149411,ARIMA (+기준 곡선)
2021-09-14 22:45:00,118.18483365479784,ARIMA (+기준 곡선)
2021-09-14 23:00:00,116.3465674892053,ARIMA (+기준 곡선)
2021-09-14 23:15:00,116.24629842562751,ARIMA (+기준 곡선)
2021-09-14 23:30:00,113.40534162425725,ARIMA (+기준 곡선)
2021-09-14 23:45:00,94.88898788356148,ARIMA (+기준 곡선)
2021-08-09 00:00:00,16.628609,NHITS
2021-08-09 00:15:00,20.486015,NHITS
2021-08-09 00:30:00,27.846752,NHITS
2021-08-09 00:45:00,23.16679,NHITS
2021-08-09 01:00:00,23.732464,NHITS
2021-08-09 01:15:00,24.34549,NHITS
2021-08-09 01:30:00,20.619617,NHITS
2021-08-09 01:45:00,29.026962,NHITS
2021-08-09 02:00:00,35.933086,NHITS
2021-08-09 02:15:00,40.619686,NHITS
2021-08-09 02:30:00,37.724648,NHITS
2021-08-09 02:45:00,33.72748,NHITS
2021-08-09 03:00:00,34.00303,NHITS
2021-08-09 03:15:00,32.912067,NHITS
2021-08-09 03:30:00,32.607456,NHITS
2021-08-09 03:45:00,33.413647,NHITS
2021-08-09 04:00:00,25.313812,NHITS
2021-08-09 04:15:00,23.964123,NHITS
2021-08-09 04:30:00,23.603516,NHITS
2021-08-09 04:45:00,23.24532,NHITS
2021-08-09 05:00:00,23.36742,NHITS
2021-08-09 05:15:00,30.31799,NHITS
2021-08-09 05:30:00,26.642101,NHITS
2021-08-09 05:45:00,24.766613,NHITS
2021-08-09 06:00:00,19.46561,NHITS
2021-08-09 06:15:00,18.408264,NHITS
2021-08-09 06:30:00,20.193653,NHITS
2021-08-09 06:45:00,32.420776,NHITS
2021-08-09 07:00:00,41.927574,NHITS
2021-08-09 07:15:00,52.694862,NHITS
2021-08-09 07:30:00,60.15133,NHITS
2021-08-09 07:45:00,64.60349,NHITS
2021-08-09 08:00:00,65.36666,NHITS
2021-08-09 08:15:00,65.37207,NHITS
2021-08-09 08:30:00,60.903004,NHITS
2021-08-09 08:45:00,66.398254,NHITS
2021-08-09 09:00:00,71.87746,NHITS
2021-08-09 09:15:00,77.70869,NHITS
2021-08-09 09:30:00,76.89393,NHITS
2021-08-09 09:45:00,74.02702,NHITS
2021-08-09 10:00:00,71.34666,NHITS
2021-08-09 10:15:00,66.07473,NHITS
2021-08-09 10:30:00,61.21735,NHITS
2021-08-09 10:45:00,65.05209,NHITS
2021-08-09 11:00:00,72.09087,NHITS
2021-08-09 11:15:00,63.963936,NHITS
2021-08-09 11:30:00,50.20151,NHITS
2021-08-09 11:45:00,40.76871,NHITS
2021-08-09 12:00:00,38.778145,NHITS
2021-08-09 12:15:00,46.593994,NHITS
2021-08-09 12:30:00,63.22353,NHITS
2021-08-09 12:45:00,69.07067,NHITS
2021-08-09 13:00:00,71.241196,NHITS
2021-08-09 13:15:00,61.81133,NHITS
2021-08-09 13:30:00,56.8628,NHITS
2021-08-09 13:45:00,56.49959,NHITS
2021-08-09 14:00:00,60.700554,NHITS
2021-08-09 14:15:00,61.895515,NHITS
2021-08-09 14:30:00,59.164738,NHITS
2021-08-09 14:45:00,58.293762,NHITS
2021-08-09 15:00:00,60.34173,NHITS
2021-08-09 15:15:00,63.640392,NHITS
2021-08-09 15:30:00,67.088615,NHITS
2021-08-09 15:45:00,66.18994,NHITS
2021-08-09 16:00:00,59.74225,NHITS
2021-08-09 16:15:00,61.413944,NHITS
2021-08-09 16:30:00,51.725018,NHITS
2021-08-09 16:45:00,45.89399,NHITS
2021-08-09 17:00:00,53.214783,NHITS
2021-08-09 17:15:00,56.1064,NHITS
2021-08-09 17:30:00,61.514114,NHITS
2021-08-09 17:45:00,60.018166,NHITS
2021-08-09 18:00:00,55.912064,NHITS
2021-08-09 18:15:00,56.299084,NHITS
2021-08-09 18:30:00,55.096443,NHITS
2021-08-09 18:45:00,58.483654,NHITS
2021-08-09 19:00:00,64.39975,NHITS
2021-08-09 19:15:00,63.065353,NHITS
2021-08-09 19:30:00,60.271652,NHITS
2021-08-09 19:45:00,53.722034,NHITS
2021-08-09 20:00:00,51.57286,NHITS
2021-08-09 20:15:00,48.23554,NHITS
2021-08-09 20:30:00,45.875675,NHITS
2021-08-09 20:45:00,44.38948,NHITS
2021-08-09 21:00:00,46.066273,NHITS
2021-08-09 21:15:00,46.37437,NHITS
2021-08-09 21:30:00,43.364574,NHITS
2021-08-09 21:45:00,42.55023,NHITS
2021-08-09 22:00:00,43.78184,NHITS
2021-08-09 22:15:00,44.775642,NHITS
2021-08-09 22:30:00,47.944103,NHITS
2021-08-09 22:45:00,47.582497,NHITS
2021-08-09 23:00:00,43.364197,NHITS
2021-08-09 23:15:00,36.295074,NHITS
2021-08-09 23:30:00,22.793861,NHITS
2021-08-09 23:45:00,20.589672,NHITS
2021-08-10 00:00:00,60.555946,NHITS
2021-08-10 00:15:00,63.943474,NHITS
2021-08-10 00:30:00,73.8662,NHITS
2021-08-10 00:45:00,70.31146,NHITS
2021-08-10 01:00:00,81.29663,NHITS
2021-08-10 01:15:00,86.2016,NHITS
2021-08-10 01:30:00,79.63207,NHITS
2021-08-10 01:45:00,90.298195,NHITS
2021-08-10 02:00:00,97.78284,NHITS
2021-08-10 02:15:00,106.785034,NHITS
2021-08-10 02:30:00,101.85263,NHITS
2021-08-10 02:45:00,95.454025,NHITS
2021-08-10 03:00:00,99.86917,NHITS
2021-08-10 03:15:00,100.30992,NHITS
2021-08-10 03:30:00,99.26192,NHITS
2021-08-10 03:45:00,97.5995,NHITS
2021-08-10 04:00:00,89.25397,NHITS
2021-08-10 04:15:00,88.63424,NHITS
2021-08-10 04:30:00,85.69876,NHITS
2021-08-10 04:45:00,79.64905,NHITS
2021-08-10 05:00:00,78.80321,NHITS
2021-08-10 05:15:00,82.92528,NHITS
2021-08-10 05:30:00,80.94618,NHITS
2021-08-10 05:45:00,84.949104,NHITS
2021-08-10 06:00:00,82.33278,NHITS
2021-08-10 06:15:00,84.97283,NHITS
2021-08-10 06:30:00,83.48178,NHITS
2021-08-10 06:45:00,97.04051,NHITS
2021-08-10 07:00:00,101.371346,NHITS
2021-08-10 07:15:00,109.86558,NHITS
2021-08-10 07:30:00,120.81125,NHITS
2021-08-10 07:45:00,129.02654,NHITS
2021-08-10 08:00:00,140.80849,NHITS
2021-08-10 08:15:00,146.49762,NHITS
2021-08-10 08:30:00,147.2962,NHITS
2021-08-10 08:45:00,153.91629,NHITS
2021-08-10 09:00:00,160.83342,NHITS
2021-08-10 09:15:00,162.15283,NHITS
2021-08-10 09:30:00,164.509,NHITS
2021-08-10 09:45:00,157.89577,NHITS
2021-08-10 10:00:00,151.17993,NHITS
2021-08-10 10:15:00,146.39087,NHITS
2021-08-10 10:30:00,148.61188,NHITS
2021-08-10 10:45:00,156.45866,NHITS
2021-08-10 11:00:00,169.66861,NHITS
2021-08-10 11:15:00,166.25458,NHITS
2021-08-10 11:30:00,154.78343,NHITS
2021-08-10 11:45:00,131.7269,NHITS
2021-08-10 12:00:00,111.42972,NHITS
2021-08-10 12:15:00,105.20823,NHITS
2021-08-10 12:30:00,122.27443,NHITS
2021-08-10 12:45:00,130.51953,NHITS
2021-08-10 13:00:00,139.46179,NHITS
2021-08-10 13:15:00,140.28073,NHITS
2021-08-10 13:30:00,135.54974,NHITS
2021-08-10 13:45:00,145.1576,NHITS
2021-08-10 14:00:00,157.1806,NHITS
2021-08-10 14:15:00,164.21397,NHITS
2021-08-10 14:30:00,155.84982,NHITS
2021-08-10 14:45:00,147.65024,NHITS
2021-08-10 15:00:00,144.2352,NHITS
2021-08-10 15:15:00,145.8429,NHITS
2021-08-10 15:30:00,153.68074,NHITS
2021-08-10 15:45:00,153.79434,NHITS
2021-08-10 16:00:00,143.30162,NHITS
2021-08-10 16:15:00,150.23111,NHITS
2021-08-10 16:30:00,135.7646,NHITS
2021-08-10 16:45:00,124.637924,NHITS
2021-08-10 17:00:00,123.52835,NHITS
2021-08-10 17:15:00,119.72801,NHITS
2021-08-10 17:30:00,122.28228,NHITS
2021-08-10 17:45:00,124.3582,NHITS
2021-08-10 18:00:00,126.115204,NHITS
2021-08-10 18:15:00,133.91241,NHITS
2021-08-10 18:30:00,134.87947,NHITS
2021-08-10 18:45:00,139.9998,NHITS
2021-08-10 19:00:00,148.47672,NHITS
2021-08-10 19:15:00,145.70248,NHITS
2021-08-10 19:30:00,135.38512,NHITS
2021-08-10 19:45:00,126.938,NHITS
2021-08-10 20:00:00,117.37019,NHITS
2021-08-10 20:15:00,109.662125,NHITS
2021-08-10 20:30:00,111.749504,NHITS
2021-08-10 20:45:00,109.22075,NHITS
2021-08-10 21:00:00,107.78142,NHITS
2021-08-10 21:15:00,109.41777,NHITS
2021-08-10 21:30:00,103.98068,NHITS
2021-08-10 21:45:00,103.82083,NHITS
2021-08-10 22:00:00,104.230896,NHITS
2021-08-10 22:15:00,102.16361,NHITS
2021-08-10 22:30:00,106.72188,NHITS
2021-08-10 22:45:00,104.15675,NHITS
2021-08-10 23:00:00,104.638565,NHITS
2021-08-10 23:15:00,98.36495,NHITS
2021-08-10 23:30:00,81.085724,NHITS
2021-08-10 23:45:00,74.96283,NHITS
2021-08-11 00:00:00,65.75883,NHITS
2021-08-11 00:15:00,57.129715,NHITS
2021-08-11 00:30:00,58.332546,NHITS
2021-08-11 00:45:00,55.598827,NHITS
2021-08-11 01:00:00,70.35576,NHITS
2021-08-11 01:15:00,83.985596,NHITS
2021-08-11 01:30:00,85.73776,NHITS
2021-08-11 01:45:00,98.20187,NHITS
2021-08-11 02:00:00,98.599594,NHITS
2021-08-11 02:15:00,101.47867,NHITS
2021-08-11 02:30:00,96.69695,NHITS
2021-08-11 02:45:00,89.64537,NHITS
2021-08-11 03:00:00,89.317505,NHITS
2021-08-11 03:15:00,89.83188,NHITS
2021-08-11 03:30:00,88.4195,NHITS
2021-08-11 03:45:00,87.98752,NHITS
2021-08-11 04:00:00,84.602684,NHITS
2021-08-11 04:15:00,84.15316,NHITS
2021-08-11 04:30:00,85.40042,NHITS
2021-08-11 04:45:00,79.14444,NHITS
2021-08-11 05:00:00,76.119385,NHITS
2021-08-11 05:15:00,74.06382,NHITS
2021-08-11 05:30:00,69.29518,NHITS
2021-08-11 05:45:00,78.5027,NHITS
2021-08-11 06:00:00,86.71275,NHITS
2021-08-11 06:15:00,90.10815,NHITS
2021-08-11 06:30:00,90.75463,NHITS
2021-08-11 06:45:00,96.80728,NHITS
2021-08-11 07:00:00,99.36243,NHITS
2021-08-11 07:15:00,106.35997,NHITS
2021-08-11 07:30:00,114.244095,NHITS
2021-08-11 07:45:00,133.57999,NHITS
2021-08-11 08:00:00,146.77753,NHITS
2021-08-11 08:15:00,155.48495,NHITS
2021-08-11 08:30:00,160.95432,NHITS
2021-08-11 08:45:00,163.59317,NHITS
2021-08-11 09:00:00,167.61197,NHITS
2021-08-11 09:15:00,161.72737,NHITS
2021-08-11 09:30:00,164.50757,NHITS
2021-08-11 09:45:00,166.36256,NHITS
2021-08-11 10:00:00,161.1661,NHITS
2021-08-11 10:15:00,159.75244,NHITS
2021-08-11 10:30:00,159.01242,NHITS
2021-08-11 10:45:00,163.19376,NHITS
2021-08-11 11:00:00,172.41586,NHITS
2021-08-11 11:15:00,171.43631,NHITS
2021-08-11 11:30:00,175.71042,NHITS
2021-08-11 11:45:00,160.30971,NHITS
2021-08-11 12:00:00,134.4972,NHITS
2021-08-11 12:15:00,108.951775,NHITS
2021-08-11 12:30:00,107.5012,NHITS
2021-08-11 12:45:00,112.82747,NHITS
2021-08-11 13:00:00,137.53238,NHITS
2021-08-11 13:15:00,155.24097,NHITS
2021-08-11 13:30:00,164.49962,NHITS
2021-08-11 13:45:00,168.61795,NHITS
2021-08-11 14:00:00,173.91632,NHITS
2021-08-11 14:15:00,181.8099,NHITS
2021-08-11 14:30:00,178.1553,NHITS
2021-08-11 14:45:00,164.90222,NHITS
2021-08-11 15:00:00,153.5213,NHITS
2021-08-11 15:15:00,141.36714,NHITS
2021-08-11 15:30:00,148.02788,NHITS
2021-08-11 15:45:00,159.06975,NHITS
2021-08-11 16:00:00,155.07591,NHITS
2021-08-11 16:15:00,160.2519,NHITS
2021-08-11 16:30:00,147.17615,NHITS
2021-08-11 16:45:00,131.68628,NHITS
2021-08-11 17:00:00,122.904724,NHITS
2021-08-11 17:15:00,114.21896,NHITS
2021-08-11 17:30:00,114.37813,NHITS
2021-08-11 17:45:00,128.36888,NHITS
2021-08-11 18:00:00,138.97546,NHITS
2021-08-11 18:15:00,146.1598,NHITS
2021-08-11 18:30:00,141.8274,NHITS
2021-08-11 18:45:00,139.99513,NHITS
2021-08-11 19:00:00,145.31906,NHITS
2021-08-11 19:15:00,144.37299,NHITS
2021-08-11 19:30:00,129.70688,NHITS
2021-08-11 19:45:00,124.500916,NHITS
2021-08-11 20:00:00,110.63104,NHITS
2021-08-11 20:15:00,99.87103,NHITS
2021-08-11 20:30:00,104.186775,NHITS
2021-08-11 20:45:00,103.75826,NHITS
2021-08-11 21:00:00,104.788956,NHITS
2021-08-11 21:15:00,103.72938,NHITS
2021-08-11 21:30:00,99.291916,NHITS
2021-08-11 21:45:00,100.6727,NHITS
2021-08-11 22:00:00,97.63353,NHITS
2021-08-11 22:15:00,92.17981,NHITS
2021-08-11 22:30:00,93.34844,NHITS
2021-08-11 22:45:00,91.35417,NHITS
2021-08-11 23:00:00,93.08934,NHITS
2021-08-11 23:15:00,87.99677,NHITS
2021-08-11 23:30:00,81.28568,NHITS
2021-08-11 23:45:00,76.50736,NHITS
2021-08-12 00:00:00,66.09188,NHITS
2021-08-12 00:15:00,52.078934,NHITS
2021-08-12 00:30:00,52.708336,NHITS
2021-08-12 00:45:00,51.920387,NHITS
2021-08-12 01:00:00,63.79802,NHITS
2021-08-12 01:15:00,78.72136,NHITS
2021-08-12 01:30:00,84.94642,NHITS
2021-08-12 01:45:00,94.89453,NHITS
2021-08-12 02:00:00,92.30349,NHITS
2021-08-12 02:15:00,94.257065,NHITS
2021-08-12 02:30:00,94.72864,NHITS
2021-08-12 02:45:00,89.79271,NHITS
2021-08-12 03:00:00,82.87694,NHITS
2021-08-12 03:15:00,77.88496,NHITS
2021-08-12 03:30:00,76.45076,NHITS
2021-08-12 03:45:00,79.3637,NHITS
2021-08-12 04:00:00,76.3842,NHITS
2021-08-12 04:15:00,80.22839,NHITS
2021-08-12 04:30:00,85.96331,NHITS
2021-08-12 04:45:00,79.43093,NHITS
2021-08-12 05:00:00,73.513565,NHITS
2021-08-12 05:15:00,64.86538,NHITS
2021-08-12 05:30:00,59.51274,NHITS
2021-08-12 05:45:00,71.221085,NHITS
2021-08-12 06:00:00,82.60418,NHITS
2021-08-12 06:15:00,89.98278,NHITS
2021-08-12 06:30:00,96.44918,NHITS
2021-08-12 06:45:00,96.67859,NHITS
2021-08-12 07:00:00,99.357025,NHITS
2021-08-12 07:15:00,101.35184,NHITS
2021-08-12 07:30:00,106.06845,NHITS
2021-08-12 07:45:00,125.703186,NHITS
2021-08-12 08:00:00,137.36662,NHITS
2021-08-12 08:15:00,145.63799,NHITS
2021-08-12 08:30:00,151.49533,NHITS
2021-08-12 08:45:00,147.30608,NHITS
2021-08-12 09:00:00,151.29674,NHITS
2021-08-12 09:15:00,143.11565,NHITS
2021-08-12 09:30:00,149.33112,NHITS
2021-08-12 09:45:00,153.2268,NHITS
2021-08-12 10:00:00,153.78189,NHITS
2021-08-12 10:15:00,149.92258,NHITS
2021-08-12 10:30:00,141.57535,NHITS
2021-08-12 10:45:00,134.1676,NHITS
2021-08-12 11:00:00,138.15144,NHITS
2021-08-12 11:15:00,142.22113,NHITS
2021-08-12 11:30:00,154.11978,NHITS
2021-08-12 11:45:00,151.73355,NHITS
2021-08-12 12:00:00,131.95679,NHITS
2021-08-12 12:15:00,98.63361,NHITS
2021-08-12 12:30:00,84.244995,NHITS
2021-08-12 12:45:00,82.94621,NHITS
2021-08-12 13:00:00,109.143196,NHITS
2021-08-12 13:15:00,138.49203,NHITS
2021-08-12 13:30:00,150.69894,NHITS
2021-08-12 13:45:00,150.72198,NHITS
2021-08-12 14:00:00,153.69432,NHITS
2021-08-12 14:15:00,158.97293,NHITS
2021-08-12 14:30:00,166.35611,NHITS
2021-08-12 14:45:00,155.21199,NHITS
2021-08-12 15:00:00,148.25992,NHITS
2021-08-12 15:15:00,127.924255,NHITS
2021-08-12 15:30:00,125.08402,NHITS
2021-08-12 15:45:00,143.07855,NHITS
2021-08-12 16:00:00,146.5253,NHITS
2021-08-12 16:15:00,154.5665,NHITS
2021-08-12 16:30:00,148.54512,NHITS
2021-08-12 16:45:00,135.0485,NHITS
2021-08-12 17:00:00,120.38922,NHITS
2021-08-12 17:15:00,106.884415,NHITS
2021-08-12 17:30:00,106.240685,NHITS
2021-08-12 17:45:00,126.29438,NHITS
2021-08-12 18:00:00,136.62024,NHITS
2021-08-12 18:15:00,141.81514,NHITS
2021-08-12 18:30:00,132.99051,NHITS
2021-08-12 18:45:00,127.61432,NHITS
2021-08-12 19:00:00,126.76802,NHITS
2021-08-12 19:15:00,122.69733,NHITS
2021-08-12 19:30:00,111.213806,NHITS
2021-08-12 19:45:00,106.34406,NHITS
2021-08-12 20:00:00,92.495514,NHITS
2021-08-12 20:15:00,77.9501,NHITS
2021-08-12 20:30:00,83.59286,NHITS
2021-08-12 20:45:00,83.67012,NHITS
2021-08-12 21:00:00,86.405846,NHITS
2021-08-12 21:15:00,84.07203,NHITS
2021-08-12 21:30:00,85.767426,NHITS
2021-08-12 21:45:00,88.5861,NHITS
2021-08-12 22:00:00,83.65397,NHITS
2021-08-12 22:15:00,78.223045,NHITS
2021-08-12 22:30:00,77.67116,NHITS
2021-08-12 22:45:00,76.68848,NHITS
2021-08-12 23:00:00,72.451324,NHITS
2021-08-12 23:15:00,72.16258,NHITS
2021-08-12 23:30:00,68.85105,NHITS
2021-08-12 23:45:00,68.93622,NHITS
2021-08-13 00:00:00,71.74359,NHITS
2021-08-13 00:15:00,62.666794,NHITS
2021-08-13 00:30:00,62.202408,NHITS
2021-08-13 00:45:00,62.494835,NHITS
2021-08-13 01:00:00,65.695526,NHITS
2021-08-13 01:15:00,77.360466,NHITS
2021-08-13 01:30:00,87.28657,NHITS
2021-08-13 01:45:00,93.64007,NHITS
2021-08-13 02:00:00,88.73164,NHITS
2021-08-13 02:15:00,89.55283,NHITS
2021-08-13 02:30:00,87.77844,NHITS
2021-08-13 02:45:00,82.54918,NHITS
2021-08-13 03:00:00,74.4029,NHITS
2021-08-13 03:15:00,69.65089,NHITS
2021-08-13 03:30:00,67.23481,NHITS
2021-08-13 03:45:00,73.42169,NHITS
2021-08-13 04:00:00,73.44797,NHITS
2021-08-13 04:15:00,81.28392,NHITS
2021-08-13 04:30:00,84.407776,NHITS
2021-08-13 04:45:00,82.1952,NHITS
2021-08-13 05:00:00,81.41097,NHITS
2021-08-13 05:15:00,75.72842,NHITS
2021-08-13 05:30:00,73.24299,NHITS
2021-08-13 05:45:00,82.162346,NHITS
2021-08-13 06:00:00,89.51139,NHITS
2021-08-13 06:15:00,93.81677,NHITS
2021-08-13 06:30:00,96.39756,NHITS
2021-08-13 06:45:00,90.12825,NHITS
2021-08-13 07:00:00,85.25879,NHITS
2021-08-13 07:15:00,84.89066,NHITS
2021-08-13 07:30:00,84.96691,NHITS
2021-08-13 07:45:00,92.796455,NHITS
2021-08-13 08:00:00,99.98207,NHITS
2021-08-13 08:15:00,102.40889,NHITS
2021-08-13 08:30:00,107.84374,NHITS
2021-08-13 08:45:00,105.18416,NHITS
2021-08-13 09:00:00,104.257645,NHITS
2021-08-13 09:15:00,98.378204,NHITS
2021-08-13 09:30:00,102.805824,NHITS
2021-08-13 09:45:00,104.99283,NHITS
2021-08-13 10:00:00,103.68526,NHITS
2021-08-13 10:15:00,99.97185,NHITS
2021-08-13 10:30:00,92.23801,NHITS
2021-08-13 10:45:00,89.828125,NHITS
2021-08-13 11:00:00,91.29598,NHITS
2021-08-13 11:15:00,94.84244,NHITS
2021-08-13 11:30:00,100.44813,NHITS
2021-08-13 11:45:00,104.800156,NHITS
2021-08-13 12:00:00,97.16598,NHITS
2021-08-13 12:15:00,74.801346,NHITS
2021-08-13 12:30:00,66.88139,NHITS
2021-08-13 12:45:00,59.925385,NHITS
2021-08-13 13:00:00,70.67276,NHITS
2021-08-13 13:15:00,93.923676,NHITS
2021-08-13 13:30:00,104.14613,NHITS
2021-08-13 13:45:00,105.545425,NHITS
2021-08-13 14:00:00,102.41911,NHITS
2021-08-13 14:15:00,104.13606,NHITS
2021-08-13 14:30:00,110.472,NHITS
2021-08-13 14:45:00,108.37608,NHITS
2021-08-13 15:00:00,108.01879,NHITS
2021-08-13 15:15:00,95.48793,NHITS
2021-08-13 15:30:00,92.393074,NHITS
2021-08-13 15:45:00,102.08316,NHITS
2021-08-13 16:00:00,110.52998,NHITS
2021-08-13 16:15:00,115.82704,NHITS
2021-08-13 16:30:00,111.65759,NHITS
2021-08-13 16:45:00,105.44515,NHITS
2021-08-13 17:00:00,95.91115,NHITS
2021-08-13 17:15:00,86.49937,NHITS
2021-08-13 17:30:00,84.87573,NHITS
2021-08-13 17:45:00,94.98178,NHITS
2021-08-13 18:00:00,97.090485,NHITS
2021-08-13 18:15:00,99.65298,NHITS
2021-08-13 18:30:00,95.43615,NHITS
2021-08-13 18:45:00,90.56894,NHITS
2021-08-13 19:00:00,85.45238,NHITS
2021-08-13 19:15:00,80.38849,NHITS
2021-08-13 19:30:00,75.59557,NHITS
2021-08-13 19:45:00,72.64824,NHITS
2021-08-13 20:00:00,64.334335,NHITS
2021-08-13 20:15:00,58.18448,NHITS
2021-08-13 20:30:00,57.35742,NHITS
2021-08-13 20:45:00,57.206078,NHITS
2021-08-13 21:00:00,60.491573,NHITS
2021-08-13 21:15:00,60.70529,NHITS
2021-08-13 21:30:00,59.64254,NHITS
2021-08-13 21:45:00,63.346283,NHITS
2021-08-13 22:00:00,60.608116,NHITS
2021-08-13 22:15:00,58.569717,NHITS
2021-08-13 22:30:00,59.196083,NHITS
2021-08-13 22:45:00,58.651245,NHITS
2021-08-13 23:00:00,46.422726,NHITS
2021-08-13 23:15:00,46.37995,NHITS
2021-08-13 23:30:00,42.915245,NHITS
2021-08-13 23:45:00,44.419525,NHITS
2021-08-14 00:00:00,68.98468,NHITS
2021-08-14 00:15:00,72.56785,NHITS
2021-08-14 00:30:00,77.05428,NHITS
2021-08-14 00:45:00,82.52749,NHITS
2021-08-14 01:00:00,89.21466,NHITS
2021-08-14 01:15:00,95.151665,NHITS
2021-08-14 01:30:00,98.2059,NHITS
2021-08-14 01:45:00,95.527565,NHITS
2021-08-14 02:00:00,95.28301,NHITS
2021-08-14 02:15:00,95.99701,NHITS
2021-08-14 02:30:00,91.29079,NHITS
2021-08-14 02:45:00,91.032845,NHITS
2021-08-14 03:00:00,92.455376,NHITS
2021-08-14 03:15:00,89.45316,NHITS
2021-08-14 03:30:00,89.79129,NHITS
2021-08-14 03:45:00,89.17537,NHITS
2021-08-14 04:00:00,90.19294,NHITS
2021-08-14 04:15:00,85.920074,NHITS
2021-08-14 04:30:00,85.777054,NHITS
2021-08-14 04:45:00,85.46386,NHITS
2021-08-14 05:00:00,83.55777,NHITS
2021-08-14 05:15:00,90.31554,NHITS
2021-08-14 05:30:00,94.64023,NHITS
2021-08-14 05:45:00,94.50461,NHITS
2021-08-14 06:00:00,93.97551,NHITS
2021-08-14 06:15:00,91.216675,NHITS
2021-08-14 06:30:00,84.683495,NHITS
2021-08-14 06:45:00,73.07561,NHITS
2021-08-14 07:00:00,61.116028,NHITS
2021-08-14 07:15:00,48.62902,NHITS
2021-08-14 07:30:00,38.687366,NHITS
2021-08-14 07:45:00,32.146202,NHITS
2021-08-14 08:00:00,25.99862,NHITS
2021-08-14 08:15:00,22.149952,NHITS
2021-08-14 08:30:00,20.846844,NHITS
2021-08-14 08:45:00,22.257286,NHITS
2021-08-14 09:00:00,25.362137,NHITS
2021-08-14 09:15:00,27.747341,NHITS
2021-08-14 09:30:00,28.789894,NHITS
2021-08-14 09:45:00,26.586731,NHITS
2021-08-14 10:00:00,25.146397,NHITS
2021-08-14 10:15:00,26.655972,NHITS
2021-08-14 10:30:00,24.700054,NHITS
2021-08-14 10:45:00,27.062496,NHITS
2021-08-14 11:00:00,25.11182,NHITS
2021-08-14 11:15:00,28.924618,NHITS
2021-08-14 11:30:00,27.768429,NHITS
2021-08-14 11:45:00,28.847382,NHITS
2021-08-14 12:00:00,25.804878,NHITS
2021-08-14 12:15:00,25.774368,NHITS
2021-08-14 12:30:00,26.522789,NHITS
2021-08-14 12:45:00,26.613922,NHITS
2021-08-14 13:00:00,26.213745,NHITS
2021-08-14 13:15:00,26.675465,NHITS
2021-08-14 13:30:00,26.76857,NHITS
2021-08-14 13:45:00,26.129562,NHITS
2021-08-14 14:00:00,25.598969,NHITS
2021-08-14 14:15:00,26.570065,NHITS
2021-08-14 14:30:00,29.059929,NHITS
2021-08-14 14:45:00,27.67788,NHITS
2021-08-14 15:00:00,28.852978,NHITS
2021-08-14 15:15:00,27.953476,NHITS
2021-08-14 15:30:00,28.796524,NHITS
2021-08-14 15:45:00,26.63245,NHITS
2021-08-14 16:00:00,28.812004,NHITS
2021-08-14 16:15:00,29.696224,NHITS
2021-08-14 16:30:00,29.75534,NHITS
2021-08-14 16:45:00,28.3984,NHITS
2021-08-14 17:00:00,30.02073,NHITS
2021-08-14 17:15:00,27.638046,NHITS
2021-08-14 17:30:00,28.41587,NHITS
2021-08-14 17:45:00,28.527462,NHITS
2021-08-14 18:00:00,27.3274,NHITS
2021-08-14 18:15:00,26.72454,NHITS
2021-08-14 18:30:00,27.852943,NHITS
2021-08-14 18:45:00,29.583591,NHITS
2021-08-14 19:00:00,28.743183,NHITS
2021-08-14 19:15:00,27.146778,NHITS
2021-08-14 19:30:00,27.595127,NHITS
2021-08-14 19:45:00,28.077393,NHITS
2021-08-14 20:00:00,27.297066,NHITS
2021-08-14 20:15:00,28.715767,NHITS
2021-08-14 20:30:00,30.751656,NHITS
2021-08-14 20:45:00,30.476986,NHITS
2021-08-14 21:00:00,31.50124,NHITS
2021-08-14 21:15:00,31.714062,NHITS
2021-08-14 21:30:00,30.808407,NHITS
2021-08-14 21:45:00,30.21669,NHITS
2021-08-14 22:00:00,30.507175,NHITS
2021-08-14 22:15:00,31.355045,NHITS
2021-08-14 22:30:00,29.384037,NHITS
2021-08-14 22:45:00,28.501106,NHITS
2021-08-14 23:00:00,29.709068,NHITS
2021-08-14 23:15:00,26.32132,NHITS
2021-08-14 23:30:00,28.2961,NHITS
2021-08-14 23:45:00,28.970108,NHITS
2021-08-15 00:00:00,20.785007,NHITS
2021-08-15 00:15:00,20.756008,NHITS
2021-08-15 00:30:00,21.07042,NHITS
2021-08-15 00:45:00,21.112534,NHITS
2021-08-15 01:00:00,21.540104,NHITS
2021-08-15 01:15:00,21.564568,NHITS
2021-08-15 01:30:00,21.80019,NHITS
2021-08-15 01:45:00,22.249771,NHITS
2021-08-15 02:00:00,21.877228,NHITS
2021-08-15 02:15:00,21.480053,NHITS
2021-08-15 02:30:00,21.401085,NHITS
2021-08-15 02:45:00,21.240719,NHITS
2021-08-15 03:00:00,21.277866,NHITS
2021-08-15 03:15:00,21.524185,NHITS
2021-08-15 03:30:00,21.730385,NHITS
2021-08-15 03:45:00,21.776527,NHITS
2021-08-15 04:00:00,21.65421,NHITS
2021-08-15 04:15:00,21.445301,NHITS
2021-08-15 04:30:00,21.24134,NHITS
2021-08-15 04:45:00,21.279484,NHITS
2021-08-15 05:00:00,20.987125,NHITS
2021-08-15 05:15:00,21.45958,NHITS
2021-08-15 05:30:00,21.235485,NHITS
2021-08-15 05:45:00,21.378647,NHITS
2021-08-15 06:00:00,21.383343,NHITS
2021-08-15 06:15:00,21.084332,NHITS
2021-08-15 06:30:00,21.46045,NHITS
2021-08-15 06:45:00,21.601532,NHITS
2021-08-15 07:00:00,20.820282,NHITS
2021-08-15 07:15:00,21.001842,NHITS
2021-08-15 07:30:00,20.88628,NHITS
2021-08-15 07:45:00,20.874397,NHITS
2021-08-15 08:00:00,21.19806,NHITS
2021-08-15 08:15:00,21.472782,NHITS
2021-08-15 08:30:00,20.865192,NHITS
2021-08-15 08:45:00,20.85424,NHITS
2021-08-15 09:00:00,21.421268,NHITS
2021-08-15 09:15:00,21.043156,NHITS
2021-08-15 09:30:00,20.858482,NHITS
2021-08-15 09:45:00,21.050175,NHITS
2021-08-15 10:00:00,21.290962,NHITS
2021-08-15 10:15:00,21.039963,NHITS
2021-08-15 10:30:00,20.78424,NHITS
2021-08-15 10:45:00,20.7089,NHITS
2021-08-15 11:00:00,20.962612,NHITS
2021-08-15 11:15:00,21.36184,NHITS
2021-08-15 11:30:00,21.758884,NHITS
2021-08-15 11:45:00,21.607456,NHITS
2021-08-15 12:00:00,21.470951,NHITS
2021-08-15 12:15:00,21.191868,NHITS
2021-08-15 12:30:00,21.41917,NHITS
2021-08-15 12:45:00,21.688889,NHITS
2021-08-15 13:00:00,21.487858,NHITS
2021-08-15 13:15:00,21.24516,NHITS
2021-08-15 13:30:00,20.861412,NHITS
2021-08-15 13:45:00,21.257915,NHITS
2021-08-15 14:00:00,21.425655,NHITS
2021-08-15 14:15:00,21.85186,NHITS
2021-08-15 14:30:00,21.74931,NHITS
2021-08-15 14:45:00,21.921932,NHITS
2021-08-15 15:00:00,22.341774,NHITS
2021-08-15 15:15:00,22.523888,NHITS
2021-08-15 15:30:00,22.38932,NHITS
2021-08-15 15:45:00,22.019394,NHITS
2021-08-15 16:00:00,22.108189,NHITS
2021-08-15 16:15:00,21.998764,NHITS
2021-08-15 16:30:00,21.77369,NHITS
2021-08-15 16:45:00,21.724648,NHITS
2021-08-15 17:00:00,21.500908,NHITS
2021-08-15 17:15:00,21.28199,NHITS
2021-08-15 17:30:00,21.233078,NHITS
2021-08-15 17:45:00,20.80761,NHITS
2021-08-15 18:00:00,21.039608,NHITS
2021-08-15 18:15:00,20.657711,NHITS
2021-08-15 18:30:00,20.4659,NHITS
2021-08-15 18:45:00,20.275326,NHITS
2021-08-15 19:00:00,21.154968,NHITS
2021-08-15 19:15:00,20.782848,NHITS
2021-08-15 19:30:00,20.703865,NHITS
2021-08-15 19:45:00,20.619267,NHITS
2021-08-15 20:00:00,21.021278,NHITS
2021-08-15 20:15:00,21.475914,NHITS
2021-08-15 20:30:00,21.448586,NHITS
2021-08-15 20:45:00,21.251091,NHITS
2021-08-15 21:00:00,20.82618,NHITS
2021-08-15 21:15:00,21.377777,NHITS
2021-08-15 21:30:00,21.475494,NHITS
2021-08-15 21:45:00,21.674404,NHITS
2021-08-15 22:00:00,21.31968,NHITS
2021-08-15 22:15:00,21.633472,NHITS
2021-08-15 22:30:00,21.88308,NHITS
2021-08-15 22:45:00,21.71135,NHITS
2021-08-15 23:00:00,21.395802,NHITS
2021-08-15 23:15:00,20.954464,NHITS
2021-08-15 23:30:00,21.587807,NHITS
2021-08-15 23:45:00,21.56276,NHITS
2021-08-16 00:00:00,18.057304,NHITS
2021-08-16 00:15:00,18.1147,NHITS
2021-08-16 00:30:00,21.646152,NHITS
2021-08-16 00:45:00,20.36417,NHITS
2021-08-16 01:00:00,22.223064,NHITS
2021-08-16 01:15:00,26.577393,NHITS
2021-08-16 01:30:00,24.83281,NHITS
2021-08-16 01:45:00,24.978489,NHITS
2021-08-16 02:00:00,26.761684,NHITS
2021-08-16 02:15:00,27.119762,NHITS
2021-08-16 02:30:00,22.282604,NHITS
2021-08-16 02:45:00,18.881592,NHITS
2021-08-16 03:00:00,21.570553,NHITS
2021-08-16 03:15:00,19.411705,NHITS
2021-08-16 03:30:00,28.753876,NHITS
2021-08-16 03:45:00,29.31503,NHITS
2021-08-16 04:00:00,28.862808,NHITS
2021-08-16 04:15:00,24.559544,NHITS
2021-08-16 04:30:00,22.098919,NHITS
2021-08-16 04:45:00,19.250175,NHITS
2021-08-16 05:00:00,20.620426,NHITS
2021-08-16 05:15:00,23.849709,NHITS
2021-08-16 05:30:00,26.029018,NHITS
2021-08-16 05:45:00,23.424118,NHITS
2021-08-16 06:00:00,24.607456,NHITS
2021-08-16 06:15:00,20.030907,NHITS
2021-08-16 06:30:00,20.081192,NHITS
2021-08-16 06:45:00,19.711754,NHITS
2021-08-16 07:00:00,39.039017,NHITS
2021-08-16 07:15:00,54.758774,NHITS
2021-08-16 07:30:00,82.35097,NHITS
2021-08-16 07:45:00,122.86079,NHITS
2021-08-16 08:00:00,160.48322,NHITS
2021-08-16 08:15:00,183.11226,NHITS
2021-08-16 08:30:00,199.34097,NHITS
2021-08-16 08:45:00,198.20113,NHITS
2021-08-16 09:00:00,197.57611,NHITS
2021-08-16 09:15:00,194.14545,NHITS
2021-08-16 09:30:00,184.81848,NHITS
2021-08-16 09:45:00,176.85464,NHITS
2021-08-16 10:00:00,182.48563,NHITS
2021-08-16 10:15:00,185.32684,NHITS
2021-08-16 10:30:00,192.38629,NHITS
2021-08-16 10:45:00,197.71695,NHITS
2021-08-16 11:00:00,200.60205,NHITS
2021-08-16 11:15:00,197.24518,NHITS
2021-08-16 11:30:00,184.3129,NHITS
2021-08-16 11:45:00,157.17117,NHITS
2021-08-16 12:00:00,127.186386,NHITS
2021-08-16 12:15:00,111.64487,NHITS
2021-08-16 12:30:00,104.80059,NHITS
2021-08-16 12:45:00,120.06629,NHITS
2021-08-16 13:00:00,153.27014,NHITS
2021-08-16 13:15:00,166.8191,NHITS
2021-08-16 13:30:00,183.19385,NHITS
2021-08-16 13:45:00,185.88286,NHITS
2021-08-16 14:00:00,190.20459,NHITS
2021-08-16 14:15:00,188.18188,NHITS
2021-08-16 14:30:00,171.53362,NHITS
2021-08-16 14:45:00,165.30984,NHITS
2021-08-16 15:00:00,155.86841,NHITS
2021-08-16 15:15:00,152.86215,NHITS
2021-08-16 15:30:00,167.85104,NHITS
2021-08-16 15:45:00,174.85501,NHITS
2021-08-16 16:00:00,181.34143,NHITS
2021-08-16 16:15:00,186.23495,NHITS
2021-08-16 16:30:00,172.15192,NHITS
2021-08-16 16:45:00,152.03107,NHITS
2021-08-16 17:00:00,144.44438,NHITS
2021-08-16 17:15:00,137.23398,NHITS
2021-08-16 17:30:00,143.96233,NHITS
2021-08-16 17:45:00,157.23532,NHITS
2021-08-16 18:00:00,168.47151,NHITS
2021-08-16 18:15:00,167.71611,NHITS
2021-08-16 18:30:00,168.54434,NHITS
2021-08-16 18:45:00,162.4044,NHITS
2021-08-16 19:00:00,160.62433,NHITS
2021-08-16 19:15:00,154.70746,NHITS
2021-08-16 19:30:00,139.42325,NHITS
2021-08-16 19:45:00,125.06772,NHITS
2021-08-16 20:00:00,114.9876,NHITS
2021-08-16 20:15:00,112.32357,NHITS
2021-08-16 20:30:00,110.51642,NHITS
2021-08-16 20:45:00,113.929,NHITS
2021-08-16 21:00:00,118.024506,NHITS
2021-08-16 21:15:00,112.70918,NHITS
2021-08-16 21:30:00,114.90697,NHITS
2021-08-16 21:45:00,109.501366,NHITS
2021-08-16 22:00:00,110.26006,NHITS
2021-08-16 22:15:00,107.8976,NHITS
2021-08-16 22:30:00,107.53678,NHITS
2021-08-16 22:45:00,112.42832,NHITS
2021-08-16 23:00:00,114.60724,NHITS
2021-08-16 23:15:00,111.79687,NHITS
2021-08-16 23:30:00,102.840256,NHITS
2021-08-16 23:45:00,83.201126,NHITS
2021-08-17 00:00:00,71.94357,NHITS
2021-08-17 00:15:00,70.19312,NHITS
2021-08-17 00:30:00,76.60596,NHITS
2021-08-17 00:45:00,81.11413,NHITS
2021-08-17 01:00:00,97.04073,NHITS
2021-08-17 01:15:00,104.98135,NHITS
2021-08-17 01:30:00,105.93746,NHITS
2021-08-17 01:45:00,107.79215,NHITS
2021-08-17 02:00:00,112.290794,NHITS
2021-08-17 02:15:00,108.90535,NHITS
2021-08-17 02:30:00,103.90532,NHITS
2021-08-17 02:45:00,95.999916,NHITS
2021-08-17 03:00:00,104.087715,NHITS
2021-08-17 03:15:00,110.2086,NHITS
2021-08-17 03:30:00,116.89067,NHITS
2021-08-17 03:45:00,117.62818,NHITS
2021-08-17 04:00:00,118.105385,NHITS
2021-08-17 04:15:00,114.8398,NHITS
2021-08-17 04:30:00,101.534744,NHITS
2021-08-17 04:45:00,94.764824,NHITS
2021-08-17 05:00:00,85.35273,NHITS
2021-08-17 05:15:00,89.09869,NHITS
2021-08-17 05:30:00,96.77001,NHITS
2021-08-17 05:45:00,105.77167,NHITS
2021-08-17 06:00:00,107.18481,NHITS
2021-08-17 06:15:00,107.455826,NHITS
2021-08-17 06:30:00,107.647446,NHITS
2021-08-17 06:45:00,107.341675,NHITS
2021-08-17 07:00:00,114.1867,NHITS
2021-08-17 07:15:00,128.97244,NHITS
2021-08-17 07:30:00,147.41377,NHITS
2021-08-17 07:45:00,166.87589,NHITS
2021-08-17 08:00:00,188.6571,NHITS
2021-08-17 08:15:00,197.70538,NHITS
2021-08-17 08:30:00,199.39908,NHITS
2021-08-17 08:45:00,203.04404,NHITS
2021-08-17 09:00:00,197.44885,NHITS
2021-08-17 09:15:00,203.13635,NHITS
2021-08-17 09:30:00,194.5885,NHITS
2021-08-17 09:45:00,180.0322,NHITS
2021-08-17 10:00:00,187.26239,NHITS
2021-08-17 10:15:00,188.16525,NHITS
2021-08-17 10:30:00,193.27446,NHITS
2021-08-17 10:45:00,204.76855,NHITS
2021-08-17 11:00:00,208.06998,NHITS
2021-08-17 11:15:00,206.9288,NHITS
2021-08-17 11:30:00,185.37961,NHITS
2021-08-17 11:45:00,156.87732,NHITS
2021-08-17 12:00:00,125.60578,NHITS
2021-08-17 12:15:00,110.71173,NHITS
2021-08-17 12:30:00,114.96223,NHITS
2021-08-17 12:45:00,140.28363,NHITS
2021-08-17 13:00:00,170.88345,NHITS
2021-08-17 13:15:00,190.66956,NHITS
2021-08-17 13:30:00,194.34378,NHITS
2021-08-17 13:45:00,201.05048,NHITS
2021-08-17 14:00:00,207.84676,NHITS
2021-08-17 14:15:00,204.89725,NHITS
2021-08-17 14:30:00,181.89853,NHITS
2021-08-17 14:45:00,168.01569,NHITS
2021-08-17 15:00:00,165.16125,NHITS
2021-08-17 15:15:00,165.96536,NHITS
2021-08-17 15:30:00,185.4533,NHITS
2021-08-17 15:45:00,191.41714,NHITS
2021-08-17 16:00:00,192.15404,NHITS
2021-08-17 16:15:00,188.47241,NHITS
2021-08-17 16:30:00,172.48004,NHITS
2021-08-17 16:45:00,150.24248,NHITS
2021-08-17 17:00:00,140.28075,NHITS
2021-08-17 17:15:00,141.97455,NHITS
2021-08-17 17:30:00,158.72537,NHITS
2021-08-17 17:45:00,166.04553,NHITS
2021-08-17 18:00:00,180.9237,NHITS
2021-08-17 18:15:00,178.46753,NHITS
2021-08-17 18:30:00,183.5726,NHITS
2021-08-17 18:45:00,179.4432,NHITS
2021-08-17 19:00:00,179.86638,NHITS
2021-08-17 19:15:00,174.4046,NHITS
2021-08-17 19:30:00,154.98552,NHITS
2021-08-17 19:45:00,142.79909,NHITS
2021-08-17 20:00:00,132.39491,NHITS
2021-08-17 20:15:00,138.58577,NHITS
2021-08-17 20:30:00,136.51788,NHITS
2021-08-17 20:45:00,135.92656,NHITS
2021-08-17 21:00:00,135.60825,NHITS
2021-08-17 21:15:00,134.03795,NHITS
2021-08-17 21:30:00,135.47781,NHITS
2021-08-17 21:45:00,130.13304,NHITS
2021-08-17 22:00:00,126.07561,NHITS
2021-08-17 22:15:00,120.57495,NHITS
2021-08-17 22:30:00,122.88571,NHITS
2021-08-17 22:45:00,130.86215,NHITS
2021-08-17 23:00:00,126.473885,NHITS
2021-08-17 23:15:00,122.10939,NHITS
2021-08-17 23:30:00,108.371765,NHITS
2021-08-17 23:45:00,85.575935,NHITS
2021-08-18 00:00:00,66.76046,NHITS
2021-08-18 00:15:00,62.44239,NHITS
2021-08-18 00:30:00,63.24096,NHITS
2021-08-18 00:45:00,65.906,NHITS
2021-08-18 01:00:00,80.22251,NHITS
2021-08-18 01:15:00,90.38701,NHITS
2021-08-18 01:30:00,99.19873,NHITS
2021-08-18 01:45:00,104.05608,NHITS
2021-08-18 02:00:00,105.27551,NHITS
2021-08-18 02:15:00,102.59939,NHITS
2021-08-18 02:30:00,93.74777,NHITS
2021-08-18 02:45:00,83.56028,NHITS
2021-08-18 03:00:00,82.2205,NHITS
2021-08-18 03:15:00,85.03257,NHITS
2021-08-18 03:30:00,93.67684,NHITS
2021-08-18 03:45:00,96.42914,NHITS
2021-08-18 04:00:00,95.24455,NHITS
2021-08-18 04:15:00,96.616875,NHITS
2021-08-18 04:30:00,93.920944,NHITS
2021-08-18 04:45:00,88.31638,NHITS
2021-08-18 05:00:00,75.48033,NHITS
2021-08-18 05:15:00,76.77979,NHITS
2021-08-18 05:30:00,79.030914,NHITS
2021-08-18 05:45:00,84.31344,NHITS
2021-08-18 06:00:00,87.11881,NHITS
2021-08-18 06:15:00,90.58655,NHITS
2021-08-18 06:30:00,95.1133,NHITS
2021-08-18 06:45:00,98.02116,NHITS
2021-08-18 07:00:00,100.92905,NHITS
2021-08-18 07:15:00,111.34041,NHITS
2021-08-18 07:30:00,123.45184,NHITS
2021-08-18 07:45:00,141.90854,NHITS
2021-08-18 08:00:00,163.11562,NHITS
2021-08-18 08:15:00,177.22763,NHITS
2021-08-18 08:30:00,184.24768,NHITS
2021-08-18 08:45:00,190.36063,NHITS
2021-08-18 09:00:00,186.49255,NHITS
2021-08-18 09:15:00,189.07901,NHITS
2021-08-18 09:30:00,178.4387,NHITS
2021-08-18 09:45:00,160.52583,NHITS
2021-08-18 10:00:00,160.97026,NHITS
2021-08-18 10:15:00,158.3985,NHITS
2021-08-18 10:30:00,166.56738,NHITS
2021-08-18 10:45:00,175.92287,NHITS
2021-08-18 11:00:00,174.2286,NHITS
2021-08-18 11:15:00,177.53177,NHITS
2021-08-18 11:30:00,167.36787,NHITS
2021-08-18 11:45:00,147.34273,NHITS
2021-08-18 12:00:00,121.24526,NHITS
2021-08-18 12:15:00,99.01293,NHITS
2021-08-18 12:30:00,85.83895,NHITS
2021-08-18 12:45:00,105.7475,NHITS
2021-08-18 13:00:00,133.64261,NHITS
2021-08-18 13:15:00,160.00076,NHITS
2021-08-18 13:30:00,169.79433,NHITS
2021-08-18 13:45:00,180.41681,NHITS
2021-08-18 14:00:00,194.3512,NHITS
2021-08-18 14:15:00,190.80676,NHITS
2021-08-18 14:30:00,164.7254,NHITS
2021-08-18 14:45:00,146.41776,NHITS
2021-08-18 15:00:00,136.85332,NHITS
2021-08-18 15:15:00,132.63301,NHITS
2021-08-18 15:30:00,148.83252,NHITS
2021-08-18 15:45:00,155.0101,NHITS
2021-08-18 16:00:00,160.3627,NHITS
2021-08-18 16:15:00,158.69785,NHITS
2021-08-18 16:30:00,154.72867,NHITS
2021-08-18 16:45:00,131.01094,NHITS
2021-08-18 17:00:00,118.75061,NHITS
2021-08-18 17:15:00,112.340416,NHITS
2021-08-18 17:30:00,125.31604,NHITS
2021-08-18 17:45:00,133.45601,NHITS
2021-08-18 18:00:00,146.66385,NHITS
2021-08-18 18:15:00,149.28336,NHITS
2021-08-18 18:30:00,157.06458,NHITS
2021-08-18 18:45:00,154.57494,NHITS
2021-08-18 19:00:00,151.70311,NHITS
2021-08-18 19:15:00,143.99184,NHITS
2021-08-18 19:30:00,122.773605,NHITS
2021-08-18 19:45:00,111.01325,NHITS
2021-08-18 20:00:00,104.42309,NHITS
2021-08-18 20:15:00,106.43833,NHITS
2021-08-18 20:30:00,104.91888,NHITS
2021-08-18 20:45:00,105.17573,NHITS
2021-08-18 21:00:00,104.22731,NHITS
2021-08-18 21:15:00,103.97812,NHITS
2021-08-18 21:30:00,103.75824,NHITS
2021-08-18 21:45:00,97.7961,NHITS
2021-08-18 22:00:00,91.05158,NHITS
2021-08-18 22:15:00,86.979126,NHITS
2021-08-18 22:30:00,92.53311,NHITS
2021-08-18 22:45:00,97.65709,NHITS
2021-08-18 23:00:00,94.514984,NHITS
2021-08-18 23:15:00,93.65793,NHITS
2021-08-18 23:30:00,86.25398,NHITS
2021-08-18 23:45:00,71.77963,NHITS
2021-08-19 00:00:00,80.71002,NHITS
2021-08-19 00:15:00,74.56035,NHITS
2021-08-19 00:30:00,70.9519,NHITS
2021-08-19 00:45:00,76.21559,NHITS
2021-08-19 01:00:00,89.69551,NHITS
2021-08-19 01:15:00,101.10625,NHITS
2021-08-19 01:30:00,110.21348,NHITS
2021-08-19 01:45:00,113.05001,NHITS
2021-08-19 02:00:00,113.841774,NHITS
2021-08-19 02:15:00,112.18996,NHITS
2021-08-19 02:30:00,107.73213,NHITS
2021-08-19 02:45:00,99.839005,NHITS
2021-08-19 03:00:00,99.90262,NHITS
2021-08-19 03:15:00,102.03056,NHITS
2021-08-19 03:30:00,109.199814,NHITS
2021-08-19 03:45:00,110.68182,NHITS
2021-08-19 04:00:00,110.4849,NHITS
2021-08-19 04:15:00,111.839485,NHITS
2021-08-19 04:30:00,105.14278,NHITS
2021-08-19 04:45:00,100.50226,NHITS
2021-08-19 05:00:00,89.23076,NHITS
2021-08-19 05:15:00,89.609535,NHITS
2021-08-19 05:30:00,93.06846,NHITS
2021-08-19 05:45:00,100.58569,NHITS
2021-08-19 06:00:00,106.158905,NHITS
2021-08-19 06:15:00,109.217186,NHITS
2021-08-19 06:30:00,112.954636,NHITS
2021-08-19 06:45:00,112.83237,NHITS
2021-08-19 07:00:00,111.65717,NHITS
2021-08-19 07:15:00,123.95375,NHITS
2021-08-19 07:30:00,136.65306,NHITS
2021-08-19 07:45:00,154.63654,NHITS
2021-08-19 08:00:00,175.87566,NHITS
2021-08-19 08:15:00,189.58728,NHITS
2021-08-19 08:30:00,197.04846,NHITS
2021-08-19 08:45:00,200.20224,NHITS
2021-08-19 09:00:00,196.73758,NHITS
2021-08-19 09:15:00,198.37445,NHITS
2021-08-19 09:30:00,189.26389,NHITS
2021-08-19 09:45:00,178.60446,NHITS
2021-08-19 10:00:00,181.18784,NHITS
2021-08-19 10:15:00,176.03107,NHITS
2021-08-19 10:30:00,179.78299,NHITS
2021-08-19 10:45:00,187.83267,NHITS
2021-08-19 11:00:00,192.30164,NHITS
2021-08-19 11:15:00,198.80069,NHITS
2021-08-19 11:30:00,189.2022,NHITS
2021-08-19 11:45:00,167.09604,NHITS
2021-08-19 12:00:00,139.78001,NHITS
2021-08-19 12:15:00,114.22641,NHITS
2021-08-19 12:30:00,103.37294,NHITS
2021-08-19 12:45:00,119.55786,NHITS
2021-08-19 13:00:00,144.90633,NHITS
2021-08-19 13:15:00,170.28798,NHITS
2021-08-19 13:30:00,181.01135,NHITS
2021-08-19 13:45:00,187.79898,NHITS
2021-08-19 14:00:00,197.7355,NHITS
2021-08-19 14:15:00,194.9342,NHITS
2021-08-19 14:30:00,176.23407,NHITS
2021-08-19 14:45:00,161.55148,NHITS
2021-08-19 15:00:00,152.05695,NHITS
2021-08-19 15:15:00,146.81085,NHITS
2021-08-19 15:30:00,158.62775,NHITS
2021-08-19 15:45:00,167.75586,NHITS
2021-08-19 16:00:00,175.85199,NHITS
2021-08-19 16:15:00,174.91597,NHITS
2021-08-19 16:30:00,167.48758,NHITS
2021-08-19 16:45:00,144.55997,NHITS
2021-08-19 17:00:00,128.0004,NHITS
2021-08-19 17:15:00,122.38077,NHITS
2021-08-19 17:30:00,134.30305,NHITS
2021-08-19 17:45:00,145.40996,NHITS
2021-08-19 18:00:00,159.54387,NHITS
2021-08-19 18:15:00,161.13492,NHITS
2021-08-19 18:30:00,167.37619,NHITS
2021-08-19 18:45:00,164.36176,NHITS
2021-08-19 19:00:00,163.83316,NHITS
2021-08-19 19:15:00,158.08054,NHITS
2021-08-19 19:30:00,145.52115,NHITS
2021-08-19 19:45:00,133.74579,NHITS
2021-08-19 20:00:00,127.802444,NHITS
2021-08-19 20:15:00,126.42757,NHITS
2021-08-19 20:30:00,122.48941,NHITS
2021-08-19 20:45:00,121.801285,NHITS
2021-08-19 21:00:00,123.924644,NHITS
2021-08-19 21:15:00,123.836914,NHITS
2021-08-19 21:30:00,123.29912,NHITS
2021-08-19 21:45:00,118.48754,NHITS
2021-08-19 22:00:00,115.88405,NHITS
2021-08-19 22:15:00,111.00303,NHITS
2021-08-19 22:30:00,113.88931,NHITS
2021-08-19 22:45:00,117.588554,NHITS
2021-08-19 23:00:00,114.97905,NHITS
2021-08-19 23:15:00,116.29494,NHITS
2021-08-19 23:30:00,109.207146,NHITS
2021-08-19 23:45:00,95.51748,NHITS
2021-08-20 00:00:00,84.73986,NHITS
2021-08-20 00:15:00,73.93702,NHITS
2021-08-20 00:30:00,72.07166,NHITS
2021-08-20 00:45:00,74.340576,NHITS
2021-08-20 01:00:00,89.11334,NHITS
2021-08-20 01:15:00,102.179825,NHITS
2021-08-20 01:30:00,107.989395,NHITS
2021-08-20 01:45:00,108.07339,NHITS
2021-08-20 02:00:00,108.92584,NHITS
2021-08-20 02:15:00,109.279366,NHITS
2021-08-20 02:30:00,105.855255,NHITS
2021-08-20 02:45:00,98.18745,NHITS
2021-08-20 03:00:00,97.32247,NHITS
2021-08-20 03:15:00,99.432175,NHITS
2021-08-20 03:30:00,102.71138,NHITS
2021-08-20 03:45:00,104.56375,NHITS
2021-08-20 04:00:00,103.17316,NHITS
2021-08-20 04:15:00,105.36971,NHITS
2021-08-20 04:30:00,98.465775,NHITS
2021-08-20 04:45:00,95.182014,NHITS
2021-08-20 05:00:00,85.68153,NHITS
2021-08-20 05:15:00,87.64755,NHITS
2021-08-20 05:30:00,88.51352,NHITS
2021-08-20 05:45:00,92.776794,NHITS
2021-08-20 06:00:00,102.86955,NHITS
2021-08-20 06:15:00,106.08691,NHITS
2021-08-20 06:30:00,108.17734,NHITS
2021-08-20 06:45:00,107.68352,NHITS
2021-08-20 07:00:00,109.8573,NHITS
2021-08-20 07:15:00,120.588844,NHITS
2021-08-20 07:30:00,134.59743,NHITS
2021-08-20 07:45:00,153.75327,NHITS
2021-08-20 08:00:00,171.2953,NHITS
2021-08-20 08:15:00,184.31723,NHITS
2021-08-20 08:30:00,189.65707,NHITS
2021-08-20 08:45:00,187.89487,NHITS
2021-08-20 09:00:00,179.98224,NHITS
2021-08-20 09:15:00,181.21597,NHITS
2021-08-20 09:30:00,175.47615,NHITS
2021-08-20 09:45:00,166.96982,NHITS
2021-08-20 10:00:00,166.8693,NHITS
2021-08-20 10:15:00,162.02054,NHITS
2021-08-20 10:30:00,167.19583,NHITS
2021-08-20 10:45:00,173.21115,NHITS
2021-08-20 11:00:00,176.02792,NHITS
2021-08-20 11:15:00,179.18231,NHITS
2021-08-20 11:30:00,174.22551,NHITS
2021-08-20 11:45:00,157.95914,NHITS
2021-08-20 12:00:00,134.96051,NHITS
2021-08-20 12:15:00,109.0798,NHITS
2021-08-20 12:30:00,99.37178,NHITS
2021-08-20 12:45:00,112.60415,NHITS
2021-08-20 13:00:00,136.38783,NHITS
2021-08-20 13:15:00,162.22412,NHITS
2021-08-20 13:30:00,175.9602,NHITS
2021-08-20 13:45:00,183.32928,NHITS
2021-08-20 14:00:00,195.42728,NHITS
2021-08-20 14:15:00,191.70854,NHITS
2021-08-20 14:30:00,178.586,NHITS
2021-08-20 14:45:00,169.89978,NHITS
2021-08-20 15:00:00,166.49747,NHITS
2021-08-20 15:15:00,161.07341,NHITS
2021-08-20 15:30:00,172.66412,NHITS
2021-08-20 15:45:00,181.54219,NHITS
2021-08-20 16:00:00,187.77914,NHITS
2021-08-20 16:15:00,185.74704,NHITS
2021-08-20 16:30:00,177.17036,NHITS
2021-08-20 16:45:00,158.21121,NHITS
2021-08-20 17:00:00,147.64984,NHITS
2021-08-20 17:15:00,139.31526,NHITS
2021-08-20 17:30:00,142.61162,NHITS
2021-08-20 17:45:00,153.86281,NHITS
2021-08-20 18:00:00,168.9981,NHITS
2021-08-20 18:15:00,168.4464,NHITS
2021-08-20 18:30:00,168.98523,NHITS
2021-08-20 18:45:00,161.56143,NHITS
2021-08-20 19:00:00,157.24754,NHITS
2021-08-20 19:15:00,145.51523,NHITS
2021-08-20 19:30:00,132.92972,NHITS
2021-08-20 19:45:00,120.01877,NHITS
2021-08-20 20:00:00,111.48445,NHITS
2021-08-20 20:15:00,109.02622,NHITS
2021-08-20 20:30:00,102.477516,NHITS
2021-08-20 20:45:00,102.32446,NHITS
2021-08-20 21:00:00,102.163536,NHITS
2021-08-20 21:15:00,103.319534,NHITS
2021-08-20 21:30:00,104.81554,NHITS
2021-08-20 21:45:00,102.11867,NHITS
2021-08-20 22:00:00,100.31834,NHITS
2021-08-20 22:15:00,96.24771,NHITS
2021-08-20 22:30:00,98.938354,NHITS
2021-08-20 22:45:00,100.48855,NHITS
2021-08-20 23:00:00,98.197365,NHITS
2021-08-20 23:15:00,101.03536,NHITS
2021-08-20 23:30:00,97.28002,NHITS
2021-08-20 23:45:00,83.67713,NHITS
2021-08-21 00:00:00,77.0289,NHITS
2021-08-21 00:15:00,80.96,NHITS
2021-08-21 00:30:00,85.71193,NHITS
2021-08-21 00:45:00,87.38288,NHITS
2021-08-21 01:00:00,86.612816,NHITS
2021-08-21 01:15:00,91.092445,NHITS
2021-08-21 01:30:00,101.018745,NHITS
2021-08-21 01:45:00,103.20122,NHITS
2021-08-21 02:00:00,102.46513,NHITS
2021-08-21 02:15:00,101.87954,NHITS
2021-08-21 02:30:00,97.44525,NHITS
2021-08-21 02:45:00,99.10509,NHITS
2021-08-21 03:00:00,97.96144,NHITS
2021-08-21 03:15:00,97.91123,NHITS
2021-08-21 03:30:00,98.69492,NHITS
2021-08-21 03:45:00,98.637794,NHITS
2021-08-21 04:00:00,100.378845,NHITS
2021-08-21 04:15:00,98.36205,NHITS
2021-08-21 04:30:00,95.8236,NHITS
2021-08-21 04:45:00,91.31282,NHITS
2021-08-21 05:00:00,93.27415,NHITS
2021-08-21 05:15:00,93.83988,NHITS
2021-08-21 05:30:00,95.74179,NHITS
2021-08-21 05:45:00,96.98432,NHITS
2021-08-21 06:00:00,99.61005,NHITS
2021-08-21 06:15:00,98.92968,NHITS
2021-08-21 06:30:00,93.75966,NHITS
2021-08-21 06:45:00,86.66037,NHITS
2021-08-21 07:00:00,73.56215,NHITS
2021-08-21 07:15:00,63.284996,NHITS
2021-08-21 07:30:00,53.802895,NHITS
2021-08-21 07:45:00,46.285736,NHITS
2021-08-21 08:00:00,39.82792,NHITS
2021-08-21 08:15:00,32.90941,NHITS
2021-08-21 08:30:00,33.365433,NHITS
2021-08-21 08:45:00,30.351871,NHITS
2021-08-21 09:00:00,26.063324,NHITS
2021-08-21 09:15:00,27.25058,NHITS
2021-08-21 09:30:00,29.757698,NHITS
2021-08-21 09:45:00,29.572018,NHITS
2021-08-21 10:00:00,29.091675,NHITS
2021-08-21 10:15:00,30.198334,NHITS
2021-08-21 10:30:00,29.351017,NHITS
2021-08-21 10:45:00,29.60365,NHITS
2021-08-21 11:00:00,31.983562,NHITS
2021-08-21 11:15:00,32.01994,NHITS
2021-08-21 11:30:00,33.13846,NHITS
2021-08-21 11:45:00,34.87545,NHITS
2021-08-21 12:00:00,34.001175,NHITS
2021-08-21 12:15:00,35.78776,NHITS
2021-08-21 12:30:00,31.266392,NHITS
2021-08-21 12:45:00,30.173454,NHITS
2021-08-21 13:00:00,30.001343,NHITS
2021-08-21 13:15:00,28.511635,NHITS
2021-08-21 13:30:00,28.404964,NHITS
2021-08-21 13:45:00,30.628284,NHITS
2021-08-21 14:00:00,27.738728,NHITS
2021-08-21 14:15:00,29.772266,NHITS
2021-08-21 14:30:00,30.950356,NHITS
2021-08-21 14:45:00,30.822567,NHITS
2021-08-21 15:00:00,27.906208,NHITS
2021-08-21 15:15:00,27.603893,NHITS
2021-08-21 15:30:00,28.013222,NHITS
2021-08-21 15:45:00,29.570847,NHITS
2021-08-21 16:00:00,28.357239,NHITS
2021-08-21 16:15:00,28.295582,NHITS
2021-08-21 16:30:00,24.964027,NHITS
2021-08-21 16:45:00,26.880268,NHITS
2021-08-21 17:00:00,27.784283,NHITS
2021-08-21 17:15:00,31.35476,NHITS
2021-08-21 17:30:00,29.942883,NHITS
2021-08-21 17:45:00,30.016861,NHITS
2021-08-21 18:00:00,28.442776,NHITS
2021-08-21 18:15:00,29.21645,NHITS
2021-08-21 18:30:00,28.801968,NHITS
2021-08-21 18:45:00,30.967815,NHITS
2021-08-21 19:00:00,32.608135,NHITS
2021-08-21 19:15:00,30.341236,NHITS
2021-08-21 19:30:00,32.30364,NHITS
2021-08-21 19:45:00,31.837605,NHITS
2021-08-21 20:00:00,28.24532,NHITS
2021-08-21 20:15:00,29.733398,NHITS
2021-08-21 20:30:00,28.048645,NHITS
2021-08-21 20:45:00,29.84055,NHITS
2021-08-21 21:00:00,27.008793,NHITS
2021-08-21 21:15:00,29.119701,NHITS
2021-08-21 21:30:00,30.546051,NHITS
2021-08-21 21:45:00,29.230328,NHITS
2021-08-21 22:00:00,30.981262,NHITS
2021-08-21 22:15:00,29.176907,NHITS
2021-08-21 22:30:00,29.788258,NHITS
2021-08-21 22:45:00,28.309402,NHITS
2021-08-21 23:00:00,28.27069,NHITS
2021-08-21 23:15:00,27.304737,NHITS
2021-08-21 23:30:00,28.694859,NHITS
2021-08-21 23:45:00,25.936031,NHITS
2021-08-22 00:00:00,23.224155,NHITS
2021-08-22 00:15:00,23.175575,NHITS
2021-08-22 00:30:00,23.278042,NHITS
2021-08-22 00:45:00,23.171688,NHITS
2021-08-22 01:00:00,23.19868,NHITS
2021-08-22 01:15:00,23.091133,NHITS
2021-08-22 01:30:00,22.96915,NHITS
2021-08-22 01:45:00,23.10567,NHITS
2021-08-22 02:00:00,23.131031,NHITS
2021-08-22 02:15:00,23.0938,NHITS
2021-08-22 02:30:00,23.147911,NHITS
2021-08-22 02:45:00,23.065807,NHITS
2021-08-22 03:00:00,22.979069,NHITS
2021-08-22 03:15:00,23.081821,NHITS
2021-08-22 03:30:00,23.067753,NHITS
2021-08-22 03:45:00,23.177044,NHITS
2021-08-22 04:00:00,23.098019,NHITS
2021-08-22 04:15:00,23.036316,NHITS
2021-08-22 04:30:00,22.894802,NHITS
2021-08-22 04:45:00,22.928314,NHITS
2021-08-22 05:00:00,22.815376,NHITS
2021-08-22 05:15:00,22.889053,NHITS
2021-08-22 05:30:00,22.727257,NHITS
2021-08-22 05:45:00,22.750069,NHITS
2021-08-22 06:00:00,22.883053,NHITS
2021-08-22 06:15:00,23.02832,NHITS
2021-08-22 06:30:00,22.914131,NHITS
2021-08-22 06:45:00,23.073116,NHITS
2021-08-22 07:00:00,22.83527,NHITS
2021-08-22 07:15:00,22.787067,NHITS
2021-08-22 07:30:00,22.80664,NHITS
2021-08-22 07:45:00,23.032413,NHITS
2021-08-22 08:00:00,23.05761,NHITS
2021-08-22 08:15:00,23.076569,NHITS
2021-08-22 08:30:00,22.884228,NHITS
2021-08-22 08:45:00,22.938847,NHITS
2021-08-22 09:00:00,23.123611,NHITS
2021-08-22 09:15:00,23.234226,NHITS
2021-08-22 09:30:00,23.1661,NHITS
2021-08-22 09:45:00,23.046982,NHITS
2021-08-22 10:00:00,22.854809,NHITS
2021-08-22 10:15:00,22.624489,NHITS
2021-08-22 10:30:00,22.717102,NHITS
2021-08-22 10:45:00,22.7233,NHITS
2021-08-22 11:00:00,22.868076,NHITS
2021-08-22 11:15:00,23.01516,NHITS
2021-08-22 11:30:00,23.288582,NHITS
2021-08-22 11:45:00,23.42273,NHITS
2021-08-22 12:00:00,23.264462,NHITS
2021-08-22 12:15:00,23.292568,NHITS
2021-08-22 12:30:00,23.174885,NHITS
2021-08-22 12:45:00,23.122738,NHITS
2021-08-22 13:00:00,23.162773,NHITS
2021-08-22 13:15:00,23.257927,NHITS
2021-08-22 13:30:00,23.075504,NHITS
2021-08-22 13:45:00,23.21614,NHITS
2021-08-22 14:00:00,23.270477,NHITS
2021-08-22 14:15:00,23.40128,NHITS
2021-08-22 14:30:00,23.292408,NHITS
2021-08-22 14:45:00,23.445827,NHITS
2021-08-22 15:00:00,23.503246,NHITS
2021-08-22 15:15:00,23.678059,NHITS
2021-08-22 15:30:00,23.681602,NHITS
2021-08-22 15:45:00,23.595806,NHITS
2021-08-22 16:00:00,23.466057,NHITS
2021-08-22 16:15:00,23.307632,NHITS
2021-08-22 16:30:00,23.296127,NHITS
2021-08-22 16:45:00,23.118214,NHITS
2021-08-22 17:00:00,22.792023,NHITS
2021-08-22 17:15:00,22.537605,NHITS
2021-08-22 17:30:00,22.501488,NHITS
2021-08-22 17:45:00,22.69151,NHITS
2021-08-22 18:00:00,22.804096,NHITS
2021-08-22 18:15:00,22.88012,NHITS
2021-08-22 18:30:00,23.139061,NHITS
2021-08-22 18:45:00,22.914955,NHITS
2021-08-22 19:00:00,22.965157,NHITS
2021-08-22 19:15:00,22.938637,NHITS
2021-08-22 19:30:00,22.91175,NHITS
2021-08-22 19:45:00,23.007118,NHITS
2021-08-22 20:00:00,22.989403,NHITS
2021-08-22 20:15:00,23.065125,NHITS
2021-08-22 20:30:00,22.988655,NHITS
2021-08-22 20:45:00,22.94582,NHITS
2021-08-22 21:00:00,22.908829,NHITS
2021-08-22 21:15:00,23.00375,NHITS
2021-08-22 21:30:00,23.083694,NHITS
2021-08-22 21:45:00,23.301426,NHITS
2021-08-22 22:00:00,23.167267,NHITS
2021-08-22 22:15:00,23.176811,NHITS
2021-08-22 22:30:00,23.198986,NHITS
2021-08-22 22:45:00,23.182446,NHITS
2021-08-22 23:00:00,23.137287,NHITS
2021-08-22 23:15:00,23.076363,NHITS
2021-08-22 23:30:00,22.975979,NHITS
2021-08-22 23:45:00,23.042973,NHITS
2021-08-23 00:00:00,22.450119,NHITS
2021-08-23 00:15:00,21.163948,NHITS
2021-08-23 00:30:00,19.957092,NHITS
2021-08-23 00:45:00,22.446205,NHITS
2021-08-23 01:00:00,24.13433,NHITS
2021-08-23 01:15:00,26.75719,NHITS
2021-08-23 01:30:00,24.901333,NHITS
2021-08-23 01:45:00,23.85846,NHITS
2021-08-23 02:00:00,22.339622,NHITS
2021-08-23 02:15:00,20.088722,NHITS
2021-08-23 02:30:00,21.016449,NHITS
2021-08-23 02:45:00,23.428959,NHITS
2021-08-23 03:00:00,27.896214,NHITS
2021-08-23 03:15:00,32.129463,NHITS
2021-08-23 03:30:00,33.84779,NHITS
2021-08-23 03:45:00,29.964664,NHITS
2021-08-23 04:00:00,28.328522,NHITS
2021-08-23 04:15:00,28.148129,NHITS
2021-08-23 04:30:00,23.71103,NHITS
2021-08-23 04:45:00,18.900566,NHITS
2021-08-23 05:00:00,17.630882,NHITS
2021-08-23 05:15:00,17.886765,NHITS
2021-08-23 05:30:00,24.445564,NHITS
2021-08-23 05:45:00,31.272797,NHITS
2021-08-23 06:00:00,30.377926,NHITS
2021-08-23 06:15:00,29.151154,NHITS
2021-08-23 06:30:00,27.550678,NHITS
2021-08-23 06:45:00,34.526688,NHITS
2021-08-23 07:00:00,46.15398,NHITS
2021-08-23 07:15:00,57.277,NHITS
2021-08-23 07:30:00,78.50156,NHITS
2021-08-23 07:45:00,114.02432,NHITS
2021-08-23 08:00:00,143.93756,NHITS
2021-08-23 08:15:00,166.81685,NHITS
2021-08-23 08:30:00,186.92804,NHITS
2021-08-23 08:45:00,195.24033,NHITS
2021-08-23 09:00:00,198.39514,NHITS
2021-08-23 09:15:00,190.20085,NHITS
2021-08-23 09:30:00,184.57529,NHITS
2021-08-23 09:45:00,171.58252,NHITS
2021-08-23 10:00:00,173.97101,NHITS
2021-08-23 10:15:00,176.72287,NHITS
2021-08-23 10:30:00,178.18665,NHITS
2021-08-23 10:45:00,185.75171,NHITS
2021-08-23 11:00:00,191.43091,NHITS
2021-08-23 11:15:00,194.02766,NHITS
2021-08-23 11:30:00,173.82309,NHITS
2021-08-23 11:45:00,157.05632,NHITS
2021-08-23 12:00:00,137.28319,NHITS
2021-08-23 12:15:00,115.49577,NHITS
2021-08-23 12:30:00,111.8812,NHITS
2021-08-23 12:45:00,119.329605,NHITS
2021-08-23 13:00:00,139.04442,NHITS
2021-08-23 13:15:00,154.38148,NHITS
2021-08-23 13:30:00,165.5665,NHITS
2021-08-23 13:45:00,174.14514,NHITS
2021-08-23 14:00:00,181.70294,NHITS
2021-08-23 14:15:00,178.11606,NHITS
2021-08-23 14:30:00,168.00668,NHITS
2021-08-23 14:45:00,165.49765,NHITS
2021-08-23 15:00:00,166.7327,NHITS
2021-08-23 15:15:00,175.07658,NHITS
2021-08-23 15:30:00,172.74829,NHITS
2021-08-23 15:45:00,180.34448,NHITS
2021-08-23 16:00:00,183.73163,NHITS
2021-08-23 16:15:00,180.97203,NHITS
2021-08-23 16:30:00,171.08981,NHITS
2021-08-23 16:45:00,163.20782,NHITS
2021-08-23 17:00:00,160.1102,NHITS
2021-08-23 17:15:00,148.88905,NHITS
2021-08-23 17:30:00,148.3259,NHITS
2021-08-23 17:45:00,154.12212,NHITS
2021-08-23 18:00:00,158.93268,NHITS
2021-08-23 18:15:00,165.94318,NHITS
2021-08-23 18:30:00,163.86966,NHITS
2021-08-23 18:45:00,167.43002,NHITS
2021-08-23 19:00:00,157.1529,NHITS
2021-08-23 19:15:00,143.97275,NHITS
2021-08-23 19:30:00,137.9455,NHITS
2021-08-23 19:45:00,130.65276,NHITS
2021-08-23 20:00:00,124.49292,NHITS
2021-08-23 20:15:00,121.63405,NHITS
2021-08-23 20:30:00,120.2914,NHITS
2021-08-23 20:45:00,119.22523,NHITS
2021-08-23 21:00:00,123.1061,NHITS
2021-08-23 21:15:00,121.430084,NHITS
2021-08-23 21:30:00,114.889465,NHITS
2021-08-23 21:45:00,110.8352,NHITS
2021-08-23 22:00:00,108.725174,NHITS
2021-08-23 22:15:00,107.83575,NHITS
2021-08-23 22:30:00,107.88779,NHITS
2021-08-23 22:45:00,107.90908,NHITS
2021-08-23 23:00:00,107.46395,NHITS
2021-08-23 23:15:00,106.14642,NHITS
2021-08-23 23:30:00,101.44375,NHITS
2021-08-23 23:45:00,95.05037,NHITS
2021-08-24 00:00:00,59.932976,NHITS
2021-08-24 00:15:00,60.262985,NHITS
2021-08-24 00:30:00,61.94523,NHITS
2021-08-24 00:45:00,69.41503,NHITS
2021-08-24 01:00:00,87.51016,NHITS
2021-08-24 01:15:00,94.12625,NHITS
2021-08-24 01:30:00,92.57422,NHITS
2021-08-24 01:45:00,93.52819,NHITS
2021-08-24 02:00:00,94.0791,NHITS
2021-08-24 02:15:00,93.819145,NHITS
2021-08-24 02:30:00,87.70512,NHITS
2021-08-24 02:45:00,91.084984,NHITS
2021-08-24 03:00:00,99.313644,NHITS
2021-08-24 03:15:00,107.15935,NHITS
2021-08-24 03:30:00,108.46446,NHITS
2021-08-24 03:45:00,108.20471,NHITS
2021-08-24 04:00:00,102.613335,NHITS
2021-08-24 04:15:00,98.95115,NHITS
2021-08-24 04:30:00,87.575005,NHITS
2021-08-24 04:45:00,79.65899,NHITS
2021-08-24 05:00:00,71.55329,NHITS
2021-08-24 05:15:00,73.66536,NHITS
2021-08-24 05:30:00,89.23283,NHITS
2021-08-24 05:45:00,100.0863,NHITS
2021-08-24 06:00:00,103.77347,NHITS
2021-08-24 06:15:00,106.69444,NHITS
2021-08-24 06:30:00,96.65111,NHITS
2021-08-24 06:45:00,95.97716,NHITS
2021-08-24 07:00:00,101.19212,NHITS
2021-08-24 07:15:00,115.53526,NHITS
2021-08-24 07:30:00,131.36166,NHITS
2021-08-24 07:45:00,155.59013,NHITS
2021-08-24 08:00:00,180.32849,NHITS
2021-08-24 08:15:00,191.43198,NHITS
2021-08-24 08:30:00,196.35431,NHITS
2021-08-24 08:45:00,192.82089,NHITS
2021-08-24 09:00:00,190.47867,NHITS
2021-08-24 09:15:00,180.09827,NHITS
2021-08-24 09:30:00,175.854,NHITS
2021-08-24 09:45:00,165.85999,NHITS
2021-08-24 10:00:00,169.82214,NHITS
2021-08-24 10:15:00,177.19229,NHITS
2021-08-24 10:30:00,184.19266,NHITS
2021-08-24 10:45:00,189.85355,NHITS
2021-08-24 11:00:00,197.8298,NHITS
2021-08-24 11:15:00,194.06836,NHITS
2021-08-24 11:30:00,172.55096,NHITS
2021-08-24 11:45:00,146.19766,NHITS
2021-08-24 12:00:00,112.24672,NHITS
2021-08-24 12:15:00,92.816574,NHITS
2021-08-24 12:30:00,100.17764,NHITS
2021-08-24 12:45:00,128.02383,NHITS
2021-08-24 13:00:00,157.27231,NHITS
2021-08-24 13:15:00,180.82805,NHITS
2021-08-24 13:30:00,194.85854,NHITS
2021-08-24 13:45:00,192.79468,NHITS
2021-08-24 14:00:00,191.6983,NHITS
2021-08-24 14:15:00,180.25943,NHITS
2021-08-24 14:30:00,157.79274,NHITS
2021-08-24 14:45:00,146.35307,NHITS
2021-08-24 15:00:00,157.76791,NHITS
2021-08-24 15:15:00,171.98085,NHITS
2021-08-24 15:30:00,179.53703,NHITS
2021-08-24 15:45:00,182.17554,NHITS
2021-08-24 16:00:00,181.96397,NHITS
2021-08-24 16:15:00,172.48164,NHITS
2021-08-24 16:30:00,149.78426,NHITS
2021-08-24 16:45:00,139.14113,NHITS
2021-08-24 17:00:00,133.63101,NHITS
2021-08-24 17:15:00,129.99426,NHITS
2021-08-24 17:30:00,142.22832,NHITS
2021-08-24 17:45:00,156.31786,NHITS
2021-08-24 18:00:00,169.30557,NHITS
2021-08-24 18:15:00,175.59775,NHITS
2021-08-24 18:30:00,167.16519,NHITS
2021-08-24 18:45:00,168.07675,NHITS
2021-08-24 19:00:00,165.24487,NHITS
2021-08-24 19:15:00,151.93817,NHITS
2021-08-24 19:30:00,140.26553,NHITS
2021-08-24 19:45:00,137.0251,NHITS
2021-08-24 20:00:00,133.76447,NHITS
2021-08-24 20:15:00,133.8081,NHITS
2021-08-24 20:30:00,139.82205,NHITS
2021-08-24 20:45:00,134.76395,NHITS
2021-08-24 21:00:00,133.43315,NHITS
2021-08-24 21:15:00,127.93266,NHITS
2021-08-24 21:30:00,123.89293,NHITS
2021-08-24 21:45:00,116.93143,NHITS
2021-08-24 22:00:00,110.213486,NHITS
2021-08-24 22:15:00,112.06387,NHITS
2021-08-24 22:30:00,113.94182,NHITS
2021-08-24 22:45:00,115.712814,NHITS
2021-08-24 23:00:00,117.01917,NHITS
2021-08-24 23:15:00,113.37494,NHITS
2021-08-24 23:30:00,103.278206,NHITS
2021-08-24 23:45:00,87.09704,NHITS
2021-08-25 00:00:00,69.124214,NHITS
2021-08-25 00:15:00,56.13854,NHITS
2021-08-25 00:30:00,56.915718,NHITS
2021-08-25 00:45:00,60.902214,NHITS
2021-08-25 01:00:00,77.77416,NHITS
2021-08-25 01:15:00,87.67333,NHITS
2021-08-25 01:30:00,96.11683,NHITS
2021-08-25 01:45:00,97.21907,NHITS
2021-08-25 02:00:00,93.3253,NHITS
2021-08-25 02:15:00,86.11841,NHITS
2021-08-25 02:30:00,87.04796,NHITS
2021-08-25 02:45:00,86.4346,NHITS
2021-08-25 03:00:00,84.15558,NHITS
2021-08-25 03:15:00,86.605896,NHITS
2021-08-25 03:30:00,88.82358,NHITS
2021-08-25 03:45:00,93.26843,NHITS
2021-08-25 04:00:00,99.1631,NHITS
2021-08-25 04:15:00,98.06634,NHITS
2021-08-25 04:30:00,88.52664,NHITS
2021-08-25 04:45:00,81.90651,NHITS
2021-08-25 05:00:00,67.91551,NHITS
2021-08-25 05:15:00,63.25563,NHITS
2021-08-25 05:30:00,72.06113,NHITS
2021-08-25 05:45:00,87.1184,NHITS
2021-08-25 06:00:00,94.61346,NHITS
2021-08-25 06:15:00,100.15083,NHITS
2021-08-25 06:30:00,99.80011,NHITS
2021-08-25 06:45:00,96.476654,NHITS
2021-08-25 07:00:00,100.134796,NHITS
2021-08-25 07:15:00,102.71653,NHITS
2021-08-25 07:30:00,115.96836,NHITS
2021-08-25 07:45:00,139.13147,NHITS
2021-08-25 08:00:00,160.30652,NHITS
2021-08-25 08:15:00,177.0086,NHITS
2021-08-25 08:30:00,191.13809,NHITS
2021-08-25 08:45:00,191.6086,NHITS
2021-08-25 09:00:00,183.68585,NHITS
2021-08-25 09:15:00,174.99503,NHITS
2021-08-25 09:30:00,169.0329,NHITS
2021-08-25 09:45:00,161.37024,NHITS
2021-08-25 10:00:00,159.9408,NHITS
2021-08-25 10:15:00,161.48495,NHITS
2021-08-25 10:30:00,163.08194,NHITS
2021-08-25 10:45:00,164.7085,NHITS
2021-08-25 11:00:00,168.84836,NHITS
2021-08-25 11:15:00,178.21027,NHITS
2021-08-25 11:30:00,175.07959,NHITS
2021-08-25 11:45:00,160.79335,NHITS
2021-08-25 12:00:00,134.14957,NHITS
2021-08-25 12:15:00,96.018456,NHITS
2021-08-25 12:30:00,85.33425,NHITS
2021-08-25 12:45:00,97.70759,NHITS
2021-08-25 13:00:00,129.17976,NHITS
2021-08-25 13:15:00,158.67911,NHITS
2021-08-25 13:30:00,171.8416,NHITS
2021-08-25 13:45:00,183.14557,NHITS
2021-08-25 14:00:00,184.99597,NHITS
2021-08-25 14:15:00,175.13507,NHITS
2021-08-25 14:30:00,164.45715,NHITS
2021-08-25 14:45:00,146.5071,NHITS
2021-08-25 15:00:00,145.40561,NHITS
2021-08-25 15:15:00,140.71628,NHITS
2021-08-25 15:30:00,147.08015,NHITS
2021-08-25 15:45:00,156.6881,NHITS
2021-08-25 16:00:00,157.71518,NHITS
2021-08-25 16:15:00,160.57265,NHITS
2021-08-25 16:30:00,147.89696,NHITS
2021-08-25 16:45:00,132.85635,NHITS
2021-08-25 17:00:00,122.834366,NHITS
2021-08-25 17:15:00,112.71984,NHITS
2021-08-25 17:30:00,122.435104,NHITS
2021-08-25 17:45:00,134.55165,NHITS
2021-08-25 18:00:00,142.50749,NHITS
2021-08-25 18:15:00,151.46468,NHITS
2021-08-25 18:30:00,145.25043,NHITS
2021-08-25 18:45:00,145.11862,NHITS
2021-08-25 19:00:00,143.97005,NHITS
2021-08-25 19:15:00,130.0426,NHITS
2021-08-25 19:30:00,119.05089,NHITS
2021-08-25 19:45:00,118.04519,NHITS
2021-08-25 20:00:00,111.55873,NHITS
2021-08-25 20:15:00,103.45149,NHITS
2021-08-25 20:30:00,108.6424,NHITS
2021-08-25 20:45:00,106.32074,NHITS
2021-08-25 21:00:00,109.54477,NHITS
2021-08-25 21:15:00,106.570595,NHITS
2021-08-25 21:30:00,101.936806,NHITS
2021-08-25 21:45:00,96.38068,NHITS
2021-08-25 22:00:00,85.70129,NHITS
2021-08-25 22:15:00,89.8195,NHITS
2021-08-25 22:30:00,89.89027,NHITS
2021-08-25 22:45:00,92.141335,NHITS
2021-08-25 23:00:00,93.583435,NHITS
2021-08-25 23:15:00,90.51242,NHITS
2021-08-25 23:30:00,85.64173,NHITS
2021-08-25 23:45:00,76.20868,NHITS
2021-08-26 00:00:00,65.120705,NHITS
2021-08-26 00:15:00,59.740143,NHITS
2021-08-26 00:30:00,59.18267,NHITS
2021-08-26 00:45:00,63.489212,NHITS
2021-08-26 01:00:00,82.479126,NHITS
2021-08-26 01:15:00,93.665146,NHITS
2021-08-26 01:30:00,95.738495,NHITS
2021-08-26 01:45:00,94.866196,NHITS
2021-08-26 02:00:00,92.86362,NHITS
2021-08-26 02:15:00,89.077896,NHITS
2021-08-26 02:30:00,87.27141,NHITS
2021-08-26 02:45:00,86.13322,NHITS
2021-08-26 03:00:00,87.685295,NHITS
2021-08-26 03:15:00,94.95707,NHITS
2021-08-26 03:30:00,96.429634,NHITS
2021-08-26 03:45:00,97.524055,NHITS
2021-08-26 04:00:00,101.6728,NHITS
2021-08-26 04:15:00,100.27186,NHITS
2021-08-26 04:30:00,91.44172,NHITS
2021-08-26 04:45:00,82.26615,NHITS
2021-08-26 05:00:00,71.07992,NHITS
2021-08-26 05:15:00,68.7383,NHITS
2021-08-26 05:30:00,81.339134,NHITS
2021-08-26 05:45:00,94.155624,NHITS
2021-08-26 06:00:00,102.12876,NHITS
2021-08-26 06:15:00,105.638824,NHITS
2021-08-26 06:30:00,98.519966,NHITS
2021-08-26 06:45:00,96.913445,NHITS
2021-08-26 07:00:00,99.026,NHITS
2021-08-26 07:15:00,108.75699,NHITS
2021-08-26 07:30:00,124.30187,NHITS
2021-08-26 07:45:00,146.369,NHITS
2021-08-26 08:00:00,168.38412,NHITS
2021-08-26 08:15:00,185.61937,NHITS
2021-08-26 08:30:00,194.77435,NHITS
2021-08-26 08:45:00,192.69656,NHITS
2021-08-26 09:00:00,186.60419,NHITS
2021-08-26 09:15:00,175.94852,NHITS
2021-08-26 09:30:00,171.08026,NHITS
2021-08-26 09:45:00,165.34232,NHITS
2021-08-26 10:00:00,164.51471,NHITS
2021-08-26 10:15:00,170.6706,NHITS
2021-08-26 10:30:00,171.0598,NHITS
2021-08-26 10:45:00,175.11797,NHITS
2021-08-26 11:00:00,179.30511,NHITS
2021-08-26 11:15:00,183.34564,NHITS
2021-08-26 11:30:00,176.2908,NHITS
2021-08-26 11:45:00,159.06808,NHITS
2021-08-26 12:00:00,127.109055,NHITS
2021-08-26 12:15:00,100.51383,NHITS
2021-08-26 12:30:00,93.01262,NHITS
2021-08-26 12:45:00,110.757,NHITS
2021-08-26 13:00:00,141.69778,NHITS
2021-08-26 13:15:00,167.96951,NHITS
2021-08-26 13:30:00,176.63086,NHITS
2021-08-26 13:45:00,183.4639,NHITS
2021-08-26 14:00:00,181.42514,NHITS
2021-08-26 14:15:00,173.62766,NHITS
2021-08-26 14:30:00,157.99918,NHITS
2021-08-26 14:45:00,140.37595,NHITS
2021-08-26 15:00:00,143.90424,NHITS
2021-08-26 15:15:00,149.7036,NHITS
2021-08-26 15:30:00,159.26567,NHITS
2021-08-26 15:45:00,166.71713,NHITS
2021-08-26 16:00:00,164.8035,NHITS
2021-08-26 16:15:00,162.88408,NHITS
2021-08-26 16:30:00,146.00806,NHITS
2021-08-26 16:45:00,131.20264,NHITS
2021-08-26 17:00:00,121.368774,NHITS
2021-08-26 17:15:00,115.414444,NHITS
2021-08-26 17:30:00,128.40448,NHITS
2021-08-26 17:45:00,141.34802,NHITS
2021-08-26 18:00:00,153.56859,NHITS
2021-08-26 18:15:00,160.51068,NHITS
2021-08-26 18:30:00,151.49988,NHITS
2021-08-26 18:45:00,153.76999,NHITS
2021-08-26 19:00:00,152.15115,NHITS
2021-08-26 19:15:00,143.42026,NHITS
2021-08-26 19:30:00,133.42241,NHITS
2021-08-26 19:45:00,131.26953,NHITS
2021-08-26 20:00:00,126.80139,NHITS
2021-08-26 20:15:00,117.44803,NHITS
2021-08-26 20:30:00,121.86069,NHITS
2021-08-26 20:45:00,119.28566,NHITS
2021-08-26 21:00:00,122.11439,NHITS
2021-08-26 21:15:00,116.35061,NHITS
2021-08-26 21:30:00,114.00339,NHITS
2021-08-26 21:45:00,106.31858,NHITS
2021-08-26 22:00:00,99.657,NHITS
2021-08-26 22:15:00,103.24452,NHITS
2021-08-26 22:30:00,101.203316,NHITS
2021-08-26 22:45:00,104.932655,NHITS
2021-08-26 23:00:00,104.3148,NHITS
2021-08-26 23:15:00,105.23707,NHITS
2021-08-26 23:30:00,97.64601,NHITS
2021-08-26 23:45:00,86.510056,NHITS
2021-08-27 00:00:00,69.89189,NHITS
2021-08-27 00:15:00,60.377758,NHITS
2021-08-27 00:30:00,55.901817,NHITS
2021-08-27 00:45:00,60.430294,NHITS
2021-08-27 01:00:00,70.76847,NHITS
2021-08-27 01:15:00,84.352684,NHITS
2021-08-27 01:30:00,94.04177,NHITS
2021-08-27 01:45:00,92.66524,NHITS
2021-08-27 02:00:00,95.21203,NHITS
2021-08-27 02:15:00,84.690254,NHITS
2021-08-27 02:30:00,90.45686,NHITS
2021-08-27 02:45:00,88.923996,NHITS
2021-08-27 03:00:00,86.7834,NHITS
2021-08-27 03:15:00,87.62316,NHITS
2021-08-27 03:30:00,89.12142,NHITS
2021-08-27 03:45:00,96.30734,NHITS
2021-08-27 04:00:00,100.78456,NHITS
2021-08-27 04:15:00,99.2454,NHITS
2021-08-27 04:30:00,89.71038,NHITS
2021-08-27 04:45:00,84.41854,NHITS
2021-08-27 05:00:00,72.80544,NHITS
2021-08-27 05:15:00,65.28945,NHITS
2021-08-27 05:30:00,74.99981,NHITS
2021-08-27 05:45:00,86.343735,NHITS
2021-08-27 06:00:00,95.75521,NHITS
2021-08-27 06:15:00,101.328545,NHITS
2021-08-27 06:30:00,101.61944,NHITS
2021-08-27 06:45:00,98.572075,NHITS
2021-08-27 07:00:00,101.93562,NHITS
2021-08-27 07:15:00,102.83214,NHITS
2021-08-27 07:30:00,117.61885,NHITS
2021-08-27 07:45:00,137.96146,NHITS
2021-08-27 08:00:00,160.76779,NHITS
2021-08-27 08:15:00,175.78188,NHITS
2021-08-27 08:30:00,191.55643,NHITS
2021-08-27 08:45:00,182.97757,NHITS
2021-08-27 09:00:00,174.33992,NHITS
2021-08-27 09:15:00,164.3497,NHITS
2021-08-27 09:30:00,164.20561,NHITS
2021-08-27 09:45:00,160.62592,NHITS
2021-08-27 10:00:00,159.03964,NHITS
2021-08-27 10:15:00,156.69623,NHITS
2021-08-27 10:30:00,158.8999,NHITS
2021-08-27 10:45:00,159.3533,NHITS
2021-08-27 11:00:00,162.38002,NHITS
2021-08-27 11:15:00,169.86346,NHITS
2021-08-27 11:30:00,170.89288,NHITS
2021-08-27 11:45:00,161.41104,NHITS
2021-08-27 12:00:00,133.17894,NHITS
2021-08-27 12:15:00,94.59117,NHITS
2021-08-27 12:30:00,82.29105,NHITS
2021-08-27 12:45:00,100.54203,NHITS
2021-08-27 13:00:00,125.18724,NHITS
2021-08-27 13:15:00,162.15576,NHITS
2021-08-27 13:30:00,170.58554,NHITS
2021-08-27 13:45:00,189.7757,NHITS
2021-08-27 14:00:00,187.42558,NHITS
2021-08-27 14:15:00,177.4332,NHITS
2021-08-27 14:30:00,162.82964,NHITS
2021-08-27 14:45:00,161.46437,NHITS
2021-08-27 15:00:00,151.19116,NHITS
2021-08-27 15:15:00,143.3231,NHITS
2021-08-27 15:30:00,152.80212,NHITS
2021-08-27 15:45:00,172.28223,NHITS
2021-08-27 16:00:00,177.38052,NHITS
2021-08-27 16:15:00,178.17776,NHITS
2021-08-27 16:30:00,164.31622,NHITS
2021-08-27 16:45:00,153.1901,NHITS
2021-08-27 17:00:00,137.79027,NHITS
2021-08-27 17:15:00,128.44096,NHITS
2021-08-27 17:30:00,130.93915,NHITS
2021-08-27 17:45:00,147.47281,NHITS
2021-08-27 18:00:00,154.25824,NHITS
2021-08-27 18:15:00,156.2163,NHITS
2021-08-27 18:30:00,152.46936,NHITS
2021-08-27 18:45:00,142.81804,NHITS
2021-08-27 19:00:00,136.73483,NHITS
2021-08-27 19:15:00,125.526306,NHITS
2021-08-27 19:30:00,114.539375,NHITS
2021-08-27 19:45:00,110.66667,NHITS
2021-08-27 20:00:00,99.687965,NHITS
2021-08-27 20:15:00,88.956665,NHITS
2021-08-27 20:30:00,96.47886,NHITS
2021-08-27 20:45:00,98.24778,NHITS
2021-08-27 21:00:00,96.80571,NHITS
2021-08-27 21:15:00,95.03255,NHITS
2021-08-27 21:30:00,96.923805,NHITS
2021-08-27 21:45:00,89.06443,NHITS
2021-08-27 22:00:00,82.19218,NHITS
2021-08-27 22:15:00,84.03972,NHITS
2021-08-27 22:30:00,87.06467,NHITS
2021-08-27 22:45:00,90.476746,NHITS
2021-08-27 23:00:00,90.21539,NHITS
2021-08-27 23:15:00,89.73007,NHITS
2021-08-27 23:30:00,85.73254,NHITS
2021-08-27 23:45:00,74.56902,NHITS
2021-08-28 00:00:00,67.04513,NHITS
2021-08-28 00:15:00,71.614426,NHITS
2021-08-28 00:30:00,77.037125,NHITS
2021-08-28 00:45:00,83.01537,NHITS
2021-08-28 01:00:00,87.41586,NHITS
2021-08-28 01:15:00,90.07111,NHITS
2021-08-28 01:30:00,94.76144,NHITS
2021-08-28 01:45:00,97.77858,NHITS
2021-08-28 02:00:00,98.05107,NHITS
2021-08-28 02:15:00,96.79,NHITS
2021-08-28 02:30:00,95.16626,NHITS
2021-08-28 02:45:00,95.57971,NHITS
2021-08-28 03:00:00,95.23971,NHITS
2021-08-28 03:15:00,96.06017,NHITS
2021-08-28 03:30:00,97.37554,NHITS
2021-08-28 03:45:00,100.78732,NHITS
2021-08-28 04:00:00,100.102295,NHITS
2021-08-28 04:15:00,97.338455,NHITS
2021-08-28 04:30:00,95.38692,NHITS
2021-08-28 04:45:00,93.29486,NHITS
2021-08-28 05:00:00,92.81527,NHITS
2021-08-28 05:15:00,91.74034,NHITS
2021-08-28 05:30:00,88.38619,NHITS
2021-08-28 05:45:00,91.84076,NHITS
2021-08-28 06:00:00,92.916046,NHITS
2021-08-28 06:15:00,94.348625,NHITS
2021-08-28 06:30:00,89.79876,NHITS
2021-08-28 06:45:00,82.452484,NHITS
2021-08-28 07:00:00,71.210625,NHITS
2021-08-28 07:15:00,63.664455,NHITS
2021-08-28 07:30:00,54.717583,NHITS
2021-08-28 07:45:00,46.323288,NHITS
2021-08-28 08:00:00,37.106697,NHITS
2021-08-28 08:15:00,29.977165,NHITS
2021-08-28 08:30:00,26.455166,NHITS
2021-08-28 08:45:00,27.330055,NHITS
2021-08-28 09:00:00,27.185856,NHITS
2021-08-28 09:15:00,27.138046,NHITS
2021-08-28 09:30:00,25.888695,NHITS
2021-08-28 09:45:00,25.251171,NHITS
2021-08-28 10:00:00,23.468243,NHITS
2021-08-28 10:15:00,22.706425,NHITS
2021-08-28 10:30:00,24.314053,NHITS
2021-08-28 10:45:00,26.250233,NHITS
2021-08-28 11:00:00,28.00734,NHITS
2021-08-28 11:15:00,28.248775,NHITS
2021-08-28 11:30:00,27.926846,NHITS
2021-08-28 11:45:00,27.542885,NHITS
2021-08-28 12:00:00,26.188457,NHITS
2021-08-28 12:15:00,24.703384,NHITS
2021-08-28 12:30:00,23.381527,NHITS
2021-08-28 12:45:00,21.638588,NHITS
2021-08-28 13:00:00,24.427738,NHITS
2021-08-28 13:15:00,24.80164,NHITS
2021-08-28 13:30:00,24.529476,NHITS
2021-08-28 13:45:00,23.974445,NHITS
2021-08-28 14:00:00,22.219284,NHITS
2021-08-28 14:15:00,21.92237,NHITS
2021-08-28 14:30:00,21.28666,NHITS
2021-08-28 14:45:00,20.850029,NHITS
2021-08-28 15:00:00,21.537224,NHITS
2021-08-28 15:15:00,21.535637,NHITS
2021-08-28 15:30:00,19.62455,NHITS
2021-08-28 15:45:00,21.770103,NHITS
2021-08-28 16:00:00,24.083233,NHITS
2021-08-28 16:15:00,24.300484,NHITS
2021-08-28 16:30:00,21.336418,NHITS
2021-08-28 16:45:00,19.991585,NHITS
2021-08-28 17:00:00,20.76149,NHITS
2021-08-28 17:15:00,20.71315,NHITS
2021-08-28 17:30:00,21.815994,NHITS
2021-08-28 17:45:00,21.483505,NHITS
2021-08-28 18:00:00,21.093094,NHITS
2021-08-28 18:15:00,22.288754,NHITS
2021-08-28 18:30:00,22.09533,NHITS
2021-08-28 18:45:00,24.061497,NHITS
2021-08-28 19:00:00,22.934128,NHITS
2021-08-28 19:15:00,21.287674,NHITS
2021-08-28 19:30:00,22.400726,NHITS
2021-08-28 19:45:00,22.457115,NHITS
2021-08-28 20:00:00,21.591713,NHITS
2021-08-28 20:15:00,22.21811,NHITS
2021-08-28 20:30:00,22.78582,NHITS
2021-08-28 20:45:00,22.815857,NHITS
2021-08-28 21:00:00,21.80909,NHITS
2021-08-28 21:15:00,21.094757,NHITS
2021-08-28 21:30:00,21.673111,NHITS
2021-08-28 21:45:00,21.727371,NHITS
2021-08-28 22:00:00,22.850662,NHITS
2021-08-28 22:15:00,24.00375,NHITS
2021-08-28 22:30:00,23.784264,NHITS
2021-08-28 22:45:00,24.509483,NHITS
2021-08-28 23:00:00,24.898579,NHITS
2021-08-28 23:15:00,26.585197,NHITS
2021-08-28 23:30:00,24.062622,NHITS
2021-08-28 23:45:00,21.977783,NHITS
2021-08-29 00:00:00,23.09111,NHITS
2021-08-29 00:15:00,22.63092,NHITS
2021-08-29 00:30:00,22.873074,NHITS
2021-08-29 00:45:00,22.769852,NHITS
2021-08-29 01:00:00,22.848381,NHITS
2021-08-29 01:15:00,22.74075,NHITS
2021-08-29 01:30:00,22.895744,NHITS
2021-08-29 01:45:00,23.23357,NHITS
2021-08-29 02:00:00,23.005444,NHITS
2021-08-29 02:15:00,22.882889,NHITS
2021-08-29 02:30:00,23.265663,NHITS
2021-08-29 02:45:00,22.801563,NHITS
2021-08-29 03:00:00,22.717636,NHITS
2021-08-29 03:15:00,23.048546,NHITS
2021-08-29 03:30:00,22.574547,NHITS
2021-08-29 03:45:00,22.930191,NHITS
2021-08-29 04:00:00,23.053356,NHITS
2021-08-29 04:15:00,23.185558,NHITS
2021-08-29 04:30:00,22.906315,NHITS
2021-08-29 04:45:00,22.836231,NHITS
2021-08-29 05:00:00,23.153717,NHITS
2021-08-29 05:15:00,23.181427,NHITS
2021-08-29 05:30:00,23.038673,NHITS
2021-08-29 05:45:00,22.932613,NHITS
2021-08-29 06:00:00,22.840916,NHITS
2021-08-29 06:15:00,22.794594,NHITS
2021-08-29 06:30:00,22.691563,NHITS
2021-08-29 06:45:00,22.81282,NHITS
2021-08-29 07:00:00,22.360775,NHITS
2021-08-29 07:15:00,22.336964,NHITS
2021-08-29 07:30:00,22.153957,NHITS
2021-08-29 07:45:00,22.173153,NHITS
2021-08-29 08:00:00,22.646591,NHITS
2021-08-29 08:15:00,22.62326,NHITS
2021-08-29 08:30:00,22.590603,NHITS
2021-08-29 08:45:00,22.778728,NHITS
2021-08-29 09:00:00,22.865707,NHITS
2021-08-29 09:15:00,22.939262,NHITS
2021-08-29 09:30:00,23.466106,NHITS
2021-08-29 09:45:00,22.846859,NHITS
2021-08-29 10:00:00,23.006603,NHITS
2021-08-29 10:15:00,22.556309,NHITS
2021-08-29 10:30:00,22.43105,NHITS
2021-08-29 10:45:00,22.156776,NHITS
2021-08-29 11:00:00,22.713425,NHITS
2021-08-29 11:15:00,22.729164,NHITS
2021-08-29 11:30:00,22.753239,NHITS
2021-08-29 11:45:00,22.79361,NHITS
2021-08-29 12:00:00,23.2999,NHITS
2021-08-29 12:15:00,23.405315,NHITS
2021-08-29 12:30:00,23.405472,NHITS
2021-08-29 12:45:00,23.423191,NHITS
2021-08-29 13:00:00,23.136738,NHITS
2021-08-29 13:15:00,22.83353,NHITS
2021-08-29 13:30:00,22.867054,NHITS
2021-08-29 13:45:00,22.778877,NHITS
2021-08-29 14:00:00,22.968376,NHITS
2021-08-29 14:15:00,22.983215,NHITS
2021-08-29 14:30:00,23.007595,NHITS
2021-08-29 14:45:00,22.946144,NHITS
2021-08-29 15:00:00,23.437183,NHITS
2021-08-29 15:15:00,23.561905,NHITS
2021-08-29 15:30:00,23.216244,NHITS
2021-08-29 15:45:00,23.259258,NHITS
2021-08-29 16:00:00,23.554165,NHITS
2021-08-29 16:15:00,23.22403,NHITS
2021-08-29 16:30:00,22.903812,NHITS
2021-08-29 16:45:00,22.602211,NHITS
2021-08-29 17:00:00,22.779354,NHITS
2021-08-29 17:15:00,22.293472,NHITS
2021-08-29 17:30:00,22.78965,NHITS
2021-08-29 17:45:00,22.314068,NHITS
2021-08-29 18:00:00,22.920223,NHITS
2021-08-29 18:15:00,22.448067,NHITS
2021-08-29 18:30:00,22.951351,NHITS
2021-08-29 18:45:00,22.900826,NHITS
2021-08-29 19:00:00,22.918339,NHITS
2021-08-29 19:15:00,22.963223,NHITS
2021-08-29 19:30:00,23.418507,NHITS
2021-08-29 19:45:00,23.168201,NHITS
2021-08-29 20:00:00,23.10696,NHITS
2021-08-29 20:15:00,22.953522,NHITS
2021-08-29 20:30:00,22.842724,NHITS
2021-08-29 20:45:00,22.984367,NHITS
2021-08-29 21:00:00,23.223461,NHITS
2021-08-29 21:15:00,23.319149,NHITS
2021-08-29 21:30:00,23.174583,NHITS
2021-08-29 21:45:00,23.28931,NHITS
2021-08-29 22:00:00,23.4831,NHITS
2021-08-29 22:15:00,23.232471,NHITS
2021-08-29 22:30:00,23.17495,NHITS
2021-08-29 22:45:00,22.879665,NHITS
2021-08-29 23:00:00,22.818684,NHITS
2021-08-29 23:15:00,23.36705,NHITS
2021-08-29 23:30:00,23.432083,NHITS
2021-08-29 23:45:00,23.642498,NHITS
2021-08-30 00:00:00,20.648293,NHITS
2021-08-30 00:15:00,20.548523,NHITS
2021-08-30 00:30:00,19.217133,NHITS
2021-08-30 00:45:00,21.00187,NHITS
2021-08-30 01:00:00,23.366058,NHITS
2021-08-30 01:15:00,24.011429,NHITS
2021-08-30 01:30:00,22.935104,NHITS
2021-08-30 01:45:00,24.793633,NHITS
2021-08-30 02:00:00,26.554077,NHITS
2021-08-30 02:15:00,24.560036,NHITS
2021-08-30 02:30:00,20.196877,NHITS
2021-08-30 02:45:00,18.251038,NHITS
2021-08-30 03:00:00,20.89785,NHITS
2021-08-30 03:15:00,23.797089,NHITS
2021-08-30 03:30:00,20.7612,NHITS
2021-08-30 03:45:00,22.124557,NHITS
2021-08-30 04:00:00,26.706917,NHITS
2021-08-30 04:15:00,24.044136,NHITS
2021-08-30 04:30:00,21.064415,NHITS
2021-08-30 04:45:00,18.408363,NHITS
2021-08-30 05:00:00,17.983139,NHITS
2021-08-30 05:15:00,18.806404,NHITS
2021-08-30 05:30:00,21.796295,NHITS
2021-08-30 05:45:00,22.451645,NHITS
2021-08-30 06:00:00,23.078644,NHITS
2021-08-30 06:15:00,22.051147,NHITS
2021-08-30 06:30:00,18.93116,NHITS
2021-08-30 06:45:00,24.800568,NHITS
2021-08-30 07:00:00,41.394073,NHITS
2021-08-30 07:15:00,66.76672,NHITS
2021-08-30 07:30:00,98.83852,NHITS
2021-08-30 07:45:00,133.38083,NHITS
2021-08-30 08:00:00,164.02036,NHITS
2021-08-30 08:15:00,182.95648,NHITS
2021-08-30 08:30:00,190.7179,NHITS
2021-08-30 08:45:00,196.78027,NHITS
2021-08-30 09:00:00,197.35805,NHITS
2021-08-30 09:15:00,198.0463,NHITS
2021-08-30 09:30:00,189.01083,NHITS
2021-08-30 09:45:00,185.76913,NHITS
2021-08-30 10:00:00,191.63885,NHITS
2021-08-30 10:15:00,196.15889,NHITS
2021-08-30 10:30:00,204.02371,NHITS
2021-08-30 10:45:00,208.38562,NHITS
2021-08-30 11:00:00,206.02286,NHITS
2021-08-30 11:15:00,191.41885,NHITS
2021-08-30 11:30:00,165.18893,NHITS
2021-08-30 11:45:00,145.65623,NHITS
2021-08-30 12:00:00,117.50367,NHITS
2021-08-30 12:15:00,109.15403,NHITS
2021-08-30 12:30:00,118.27204,NHITS
2021-08-30 12:45:00,132.572,NHITS
2021-08-30 13:00:00,157.2929,NHITS
2021-08-30 13:15:00,168.05948,NHITS
2021-08-30 13:30:00,173.64874,NHITS
2021-08-30 13:45:00,180.48277,NHITS
2021-08-30 14:00:00,182.16373,NHITS
2021-08-30 14:15:00,178.25189,NHITS
2021-08-30 14:30:00,162.36043,NHITS
2021-08-30 14:45:00,154.3614,NHITS
2021-08-30 15:00:00,157.72313,NHITS
2021-08-30 15:15:00,161.80766,NHITS
2021-08-30 15:30:00,172.1305,NHITS
2021-08-30 15:45:00,179.27878,NHITS
2021-08-30 16:00:00,177.61688,NHITS
2021-08-30 16:15:00,171.26839,NHITS
2021-08-30 16:30:00,158.15814,NHITS
2021-08-30 16:45:00,143.75557,NHITS
2021-08-30 17:00:00,135.69157,NHITS
2021-08-30 17:15:00,141.01138,NHITS
2021-08-30 17:30:00,154.67813,NHITS
2021-08-30 17:45:00,160.62482,NHITS
2021-08-30 18:00:00,160.36765,NHITS
2021-08-30 18:15:00,164.17981,NHITS
2021-08-30 18:30:00,162.78802,NHITS
2021-08-30 18:45:00,154.98691,NHITS
2021-08-30 19:00:00,151.49896,NHITS
2021-08-30 19:15:00,144.03093,NHITS
2021-08-30 19:30:00,127.865295,NHITS
2021-08-30 19:45:00,123.673904,NHITS
2021-08-30 20:00:00,122.63678,NHITS
2021-08-30 20:15:00,118.942184,NHITS
2021-08-30 20:30:00,116.76841,NHITS
2021-08-30 20:45:00,116.57014,NHITS
2021-08-30 21:00:00,117.86726,NHITS
2021-08-30 21:15:00,116.4676,NHITS
2021-08-30 21:30:00,113.70274,NHITS
2021-08-30 21:45:00,113.35702,NHITS
2021-08-30 22:00:00,113.560455,NHITS
2021-08-30 22:15:00,113.49097,NHITS
2021-08-30 22:30:00,114.271194,NHITS
2021-08-30 22:45:00,113.70203,NHITS
2021-08-30 23:00:00,116.345116,NHITS
2021-08-30 23:15:00,109.25276,NHITS
2021-08-30 23:30:00,90.22123,NHITS
2021-08-30 23:45:00,80.34999,NHITS
2021-08-31 00:00:00,73.85754,NHITS
2021-08-31 00:15:00,71.79743,NHITS
2021-08-31 00:30:00,71.62587,NHITS
2021-08-31 00:45:00,81.49189,NHITS
2021-08-31 01:00:00,96.4019,NHITS
2021-08-31 01:15:00,106.462875,NHITS
2021-08-31 01:30:00,109.245255,NHITS
2021-08-31 01:45:00,112.267334,NHITS
2021-08-31 02:00:00,113.34489,NHITS
2021-08-31 02:15:00,112.10619,NHITS
2021-08-31 02:30:00,104.941635,NHITS
2021-08-31 02:45:00,102.541336,NHITS
2021-08-31 03:00:00,104.7416,NHITS
2021-08-31 03:15:00,109.24403,NHITS
2021-08-31 03:30:00,109.38327,NHITS
2021-08-31 03:45:00,116.77855,NHITS
2021-08-31 04:00:00,119.21212,NHITS
2021-08-31 04:15:00,117.922745,NHITS
2021-08-31 04:30:00,107.251945,NHITS
2021-08-31 04:45:00,98.20358,NHITS
2021-08-31 05:00:00,91.79152,NHITS
2021-08-31 05:15:00,90.9193,NHITS
2021-08-31 05:30:00,96.06067,NHITS
2021-08-31 05:45:00,103.38107,NHITS
2021-08-31 06:00:00,114.52652,NHITS
2021-08-31 06:15:00,116.40218,NHITS
2021-08-31 06:30:00,113.79854,NHITS
2021-08-31 06:45:00,114.805595,NHITS
2021-08-31 07:00:00,117.24676,NHITS
2021-08-31 07:15:00,129.74481,NHITS
2021-08-31 07:30:00,146.09163,NHITS
2021-08-31 07:45:00,166.25266,NHITS
2021-08-31 08:00:00,184.57903,NHITS
2021-08-31 08:15:00,196.95729,NHITS
2021-08-31 08:30:00,201.22183,NHITS
2021-08-31 08:45:00,202.19484,NHITS
2021-08-31 09:00:00,199.53873,NHITS
2021-08-31 09:15:00,195.83447,NHITS
2021-08-31 09:30:00,185.67712,NHITS
2021-08-31 09:45:00,181.49141,NHITS
2021-08-31 10:00:00,187.15479,NHITS
2021-08-31 10:15:00,188.36623,NHITS
2021-08-31 10:30:00,193.507,NHITS
2021-08-31 10:45:00,202.25461,NHITS
2021-08-31 11:00:00,210.60773,NHITS
2021-08-31 11:15:00,204.75566,NHITS
2021-08-31 11:30:00,189.26178,NHITS
2021-08-31 11:45:00,167.162,NHITS
2021-08-31 12:00:00,128.57706,NHITS
2021-08-31 12:15:00,113.277855,NHITS
2021-08-31 12:30:00,118.10465,NHITS
2021-08-31 12:45:00,132.50409,NHITS
2021-08-31 13:00:00,160.85983,NHITS
2021-08-31 13:15:00,178.76866,NHITS
2021-08-31 13:30:00,192.9219,NHITS
2021-08-31 13:45:00,198.45715,NHITS
2021-08-31 14:00:00,201.11266,NHITS
2021-08-31 14:15:00,197.90356,NHITS
2021-08-31 14:30:00,177.91843,NHITS
2021-08-31 14:45:00,169.66974,NHITS
2021-08-31 15:00:00,168.53271,NHITS
2021-08-31 15:15:00,169.74236,NHITS
2021-08-31 15:30:00,181.66904,NHITS
2021-08-31 15:45:00,190.03394,NHITS
2021-08-31 16:00:00,192.70494,NHITS
2021-08-31 16:15:00,186.44653,NHITS
2021-08-31 16:30:00,171.00665,NHITS
2021-08-31 16:45:00,154.10165,NHITS
2021-08-31 17:00:00,141.63394,NHITS
2021-08-31 17:15:00,142.64499,NHITS
2021-08-31 17:30:00,152.18411,NHITS
2021-08-31 17:45:00,165.7448,NHITS
2021-08-31 18:00:00,171.70692,NHITS
2021-08-31 18:15:00,179.93991,NHITS
2021-08-31 18:30:00,183.69698,NHITS
2021-08-31 18:45:00,180.371,NHITS
2021-08-31 19:00:00,179.87753,NHITS
2021-08-31 19:15:00,171.7545,NHITS
2021-08-31 19:30:00,156.56946,NHITS
2021-08-31 19:45:00,146.16414,NHITS
2021-08-31 20:00:00,141.38173,NHITS
2021-08-31 20:15:00,138.77908,NHITS
2021-08-31 20:30:00,136.48529,NHITS
2021-08-31 20:45:00,136.77989,NHITS
2021-08-31 21:00:00,140.26648,NHITS
2021-08-31 21:15:00,136.90533,NHITS
2021-08-31 21:30:00,131.33911,NHITS
2021-08-31 21:45:00,129.34055,NHITS
2021-08-31 22:00:00,129.79733,NHITS
2021-08-31 22:15:00,129.6597,NHITS
2021-08-31 22:30:00,127.30797,NHITS
2021-08-31 22:45:00,129.2446,NHITS
2021-08-31 23:00:00,133.38312,NHITS
2021-08-31 23:15:00,128.00403,NHITS
2021-08-31 23:30:00,107.87963,NHITS
2021-08-31 23:45:00,97.95035,NHITS
2021-09-01 00:00:00,83.40362,NHITS
2021-09-01 00:15:00,79.684685,NHITS
2021-09-01 00:30:00,73.481895,NHITS
2021-09-01 00:45:00,79.28001,NHITS
2021-09-01 01:00:00,97.43157,NHITS
2021-09-01 01:15:00,108.77414,NHITS
2021-09-01 01:30:00,113.261345,NHITS
2021-09-01 01:45:00,115.62367,NHITS
2021-09-01 02:00:00,116.72511,NHITS
2021-09-01 02:15:00,114.58452,NHITS
2021-09-01 02:30:00,109.24381,NHITS
2021-09-01 02:45:00,106.27594,NHITS
2021-09-01 03:00:00,106.27065,NHITS
2021-09-01 03:15:00,107.6998,NHITS
2021-09-01 03:30:00,111.36688,NHITS
2021-09-01 03:45:00,115.47637,NHITS
2021-09-01 04:00:00,114.31113,NHITS
2021-09-01 04:15:00,112.76781,NHITS
2021-09-01 04:30:00,106.02355,NHITS
2021-09-01 04:45:00,97.16986,NHITS
2021-09-01 05:00:00,89.43759,NHITS
2021-09-01 05:15:00,85.36707,NHITS
2021-09-01 05:30:00,89.82248,NHITS
2021-09-01 05:45:00,98.6686,NHITS
2021-09-01 06:00:00,114.060005,NHITS
2021-09-01 06:15:00,118.39347,NHITS
2021-09-01 06:30:00,115.872444,NHITS
2021-09-01 06:45:00,116.56216,NHITS
2021-09-01 07:00:00,114.56936,NHITS
2021-09-01 07:15:00,126.99314,NHITS
2021-09-01 07:30:00,143.2801,NHITS
2021-09-01 07:45:00,162.27583,NHITS
2021-09-01 08:00:00,182.50122,NHITS
2021-09-01 08:15:00,194.66205,NHITS
2021-09-01 08:30:00,202.70837,NHITS
2021-09-01 08:45:00,202.55475,NHITS
2021-09-01 09:00:00,193.24976,NHITS
2021-09-01 09:15:00,189.24069,NHITS
2021-09-01 09:30:00,184.03473,NHITS
2021-09-01 09:45:00,178.3899,NHITS
2021-09-01 10:00:00,181.13446,NHITS
2021-09-01 10:15:00,180.19925,NHITS
2021-09-01 10:30:00,185.83746,NHITS
2021-09-01 10:45:00,194.9363,NHITS
2021-09-01 11:00:00,202.56683,NHITS
2021-09-01 11:15:00,199.08429,NHITS
2021-09-01 11:30:00,193.90213,NHITS
2021-09-01 11:45:00,172.30316,NHITS
2021-09-01 12:00:00,134.12456,NHITS
2021-09-01 12:15:00,114.53383,NHITS
2021-09-01 12:30:00,110.55222,NHITS
2021-09-01 12:45:00,122.72659,NHITS
2021-09-01 13:00:00,152.61969,NHITS
2021-09-01 13:15:00,174.70984,NHITS
2021-09-01 13:30:00,193.83975,NHITS
2021-09-01 13:45:00,202.91956,NHITS
2021-09-01 14:00:00,200.1148,NHITS
2021-09-01 14:15:00,197.17532,NHITS
2021-09-01 14:30:00,180.34766,NHITS
2021-09-01 14:45:00,170.10603,NHITS
2021-09-01 15:00:00,166.24908,NHITS
2021-09-01 15:15:00,167.81778,NHITS
2021-09-01 15:30:00,177.5944,NHITS
2021-09-01 15:45:00,189.27121,NHITS
2021-09-01 16:00:00,194.16339,NHITS
2021-09-01 16:15:00,190.02585,NHITS
2021-09-01 16:30:00,173.78975,NHITS
2021-09-01 16:45:00,155.01285,NHITS
2021-09-01 17:00:00,138.6529,NHITS
2021-09-01 17:15:00,134.71591,NHITS
2021-09-01 17:30:00,144.61269,NHITS
2021-09-01 17:45:00,159.99849,NHITS
2021-09-01 18:00:00,171.12271,NHITS
2021-09-01 18:15:00,179.04126,NHITS
2021-09-01 18:30:00,180.46115,NHITS
2021-09-01 18:45:00,176.80637,NHITS
2021-09-01 19:00:00,173.61389,NHITS
2021-09-01 19:15:00,164.69482,NHITS
2021-09-01 19:30:00,149.40182,NHITS
2021-09-01 19:45:00,136.4719,NHITS
2021-09-01 20:00:00,130.16928,NHITS
2021-09-01 20:15:00,125.94961,NHITS
2021-09-01 20:30:00,122.82703,NHITS
2021-09-01 20:45:00,124.823616,NHITS
2021-09-01 21:00:00,125.71237,NHITS
2021-09-01 21:15:00,123.4774,NHITS
2021-09-01 21:30:00,120.15018,NHITS
2021-09-01 21:45:00,116.729805,NHITS
2021-09-01 22:00:00,117.340645,NHITS
2021-09-01 22:15:00,116.90934,NHITS
2021-09-01 22:30:00,116.54107,NHITS
2021-09-01 22:45:00,120.74672,NHITS
2021-09-01 23:00:00,125.95627,NHITS
2021-09-01 23:15:00,123.33388,NHITS
2021-09-01 23:30:00,104.58167,NHITS
2021-09-01 23:45:00,95.09805,NHITS
2021-09-02 00:00:00,85.70882,NHITS
2021-09-02 00:15:00,81.044586,NHITS
2021-09-02 00:30:00,74.22187,NHITS
2021-09-02 00:45:00,77.60268,NHITS
2021-09-02 01:00:00,91.77914,NHITS
2021-09-02 01:15:00,102.72341,NHITS
2021-09-02 01:30:00,109.71674,NHITS
2021-09-02 01:45:00,114.369064,NHITS
2021-09-02 02:00:00,117.89593,NHITS
2021-09-02 02:15:00,116.949585,NHITS
2021-09-02 02:30:00,113.53759,NHITS
2021-09-02 02:45:00,112.904236,NHITS
2021-09-02 03:00:00,110.4182,NHITS
2021-09-02 03:15:00,110.110985,NHITS
2021-09-02 03:30:00,109.88683,NHITS
2021-09-02 03:45:00,114.18257,NHITS
2021-09-02 04:00:00,115.53721,NHITS
2021-09-02 04:15:00,115.306274,NHITS
2021-09-02 04:30:00,113.67753,NHITS
2021-09-02 04:45:00,106.0374,NHITS
2021-09-02 05:00:00,94.9783,NHITS
2021-09-02 05:15:00,87.12124,NHITS
2021-09-02 05:30:00,86.3048,NHITS
2021-09-02 05:45:00,90.95957,NHITS
2021-09-02 06:00:00,108.748474,NHITS
2021-09-02 06:15:00,119.419556,NHITS
2021-09-02 06:30:00,125.90128,NHITS
2021-09-02 06:45:00,130.87173,NHITS
2021-09-02 07:00:00,126.5432,NHITS
2021-09-02 07:15:00,129.83441,NHITS
2021-09-02 07:30:00,136.46733,NHITS
2021-09-02 07:45:00,150.5605,NHITS
2021-09-02 08:00:00,172.10924,NHITS
2021-09-02 08:15:00,187.56612,NHITS
2021-09-02 08:30:00,197.12372,NHITS
2021-09-02 08:45:00,199.21266,NHITS
2021-09-02 09:00:00,195.53615,NHITS
2021-09-02 09:15:00,191.8334,NHITS
2021-09-02 09:30:00,184.63254,NHITS
2021-09-02 09:45:00,180.34952,NHITS
2021-09-02 10:00:00,177.97443,NHITS
2021-09-02 10:15:00,177.43906,NHITS
2021-09-02 10:30:00,172.59753,NHITS
2021-09-02 10:45:00,174.31955,NHITS
2021-09-02 11:00:00,179.888,NHITS
2021-09-02 11:15:00,182.52975,NHITS
2021-09-02 11:30:00,189.73341,NHITS
2021-09-02 11:45:00,181.23616,NHITS
2021-09-02 12:00:00,154.9842,NHITS
2021-09-02 12:15:00,131.77957,NHITS
2021-09-02 12:30:00,113.264175,NHITS
2021-09-02 12:45:00,111.84286,NHITS
2021-09-02 13:00:00,133.3752,NHITS
2021-09-02 13:15:00,154.37659,NHITS
2021-09-02 13:30:00,177.01611,NHITS
2021-09-02 13:45:00,190.0854,NHITS
2021-09-02 14:00:00,195.87518,NHITS
2021-09-02 14:15:00,194.93552,NHITS
2021-09-02 14:30:00,178.20377,NHITS
2021-09-02 14:45:00,170.91739,NHITS
2021-09-02 15:00:00,159.53125,NHITS
2021-09-02 15:15:00,156.9013,NHITS
2021-09-02 15:30:00,163.84215,NHITS
2021-09-02 15:45:00,167.48123,NHITS
2021-09-02 16:00:00,174.10706,NHITS
2021-09-02 16:15:00,176.1101,NHITS
2021-09-02 16:30:00,171.75098,NHITS
2021-09-02 16:45:00,159.10254,NHITS
2021-09-02 17:00:00,137.74007,NHITS
2021-09-02 17:15:00,130.40446,NHITS
2021-09-02 17:30:00,135.6178,NHITS
2021-09-02 17:45:00,146.61354,NHITS
2021-09-02 18:00:00,160.50903,NHITS
2021-09-02 18:15:00,172.21658,NHITS
2021-09-02 18:30:00,176.90286,NHITS
2021-09-02 18:45:00,173.91718,NHITS
2021-09-02 19:00:00,169.5523,NHITS
2021-09-02 19:15:00,159.12938,NHITS
2021-09-02 19:30:00,148.72638,NHITS
2021-09-02 19:45:00,139.13992,NHITS
2021-09-02 20:00:00,135.7393,NHITS
2021-09-02 20:15:00,130.78455,NHITS
2021-09-02 20:30:00,126.12747,NHITS
2021-09-02 20:45:00,127.12207,NHITS
2021-09-02 21:00:00,128.89551,NHITS
2021-09-02 21:15:00,129.44534,NHITS
2021-09-02 21:30:00,128.81792,NHITS
2021-09-02 21:45:00,130.39633,NHITS
2021-09-02 22:00:00,126.80426,NHITS
2021-09-02 22:15:00,125.55795,NHITS
2021-09-02 22:30:00,121.03733,NHITS
2021-09-02 22:45:00,119.804245,NHITS
2021-09-02 23:00:00,121.09298,NHITS
2021-09-02 23:15:00,117.630135,NHITS
2021-09-02 23:30:00,109.05742,NHITS
2021-09-02 23:45:00,106.61242,NHITS
2021-09-03 00:00:00,84.32602,NHITS
2021-09-03 00:15:00,78.68221,NHITS
2021-09-03 00:30:00,70.15592,NHITS
2021-09-03 00:45:00,71.59573,NHITS
2021-09-03 01:00:00,85.97212,NHITS
2021-09-03 01:15:00,94.797325,NHITS
2021-09-03 01:30:00,100.46548,NHITS
2021-09-03 01:45:00,103.34323,NHITS
2021-09-03 02:00:00,104.28768,NHITS
2021-09-03 02:15:00,105.19933,NHITS
2021-09-03 02:30:00,103.659065,NHITS
2021-09-03 02:45:00,103.91852,NHITS
2021-09-03 03:00:00,104.4013,NHITS
2021-09-03 03:15:00,103.490425,NHITS
2021-09-03 03:30:00,103.503815,NHITS
2021-09-03 03:45:00,104.75639,NHITS
2021-09-03 04:00:00,101.845116,NHITS
2021-09-03 04:15:00,99.9426,NHITS
2021-09-03 04:30:00,97.11162,NHITS
2021-09-03 04:45:00,90.565575,NHITS
2021-09-03 05:00:00,85.24488,NHITS
2021-09-03 05:15:00,84.446686,NHITS
2021-09-03 05:30:00,86.26444,NHITS
2021-09-03 05:45:00,94.29684,NHITS
2021-09-03 06:00:00,105.088104,NHITS
2021-09-03 06:15:00,110.02234,NHITS
2021-09-03 06:30:00,106.47654,NHITS
2021-09-03 06:45:00,108.59336,NHITS
2021-09-03 07:00:00,106.549484,NHITS
2021-09-03 07:15:00,117.07965,NHITS
2021-09-03 07:30:00,132.18018,NHITS
2021-09-03 07:45:00,147.80371,NHITS
2021-09-03 08:00:00,163.9862,NHITS
2021-09-03 08:15:00,174.45674,NHITS
2021-09-03 08:30:00,178.89595,NHITS
2021-09-03 08:45:00,178.7974,NHITS
2021-09-03 09:00:00,172.8863,NHITS
2021-09-03 09:15:00,173.02835,NHITS
2021-09-03 09:30:00,168.71405,NHITS
2021-09-03 09:45:00,161.95229,NHITS
2021-09-03 10:00:00,161.48923,NHITS
2021-09-03 10:15:00,159.92502,NHITS
2021-09-03 10:30:00,165.70886,NHITS
2021-09-03 10:45:00,171.76062,NHITS
2021-09-03 11:00:00,178.07756,NHITS
2021-09-03 11:15:00,177.11148,NHITS
2021-09-03 11:30:00,174.34917,NHITS
2021-09-03 11:45:00,160.4113,NHITS
2021-09-03 12:00:00,127.80681,NHITS
2021-09-03 12:15:00,109.53108,NHITS
2021-09-03 12:30:00,104.85726,NHITS
2021-09-03 12:45:00,114.443565,NHITS
2021-09-03 13:00:00,138.23518,NHITS
2021-09-03 13:15:00,152.9073,NHITS
2021-09-03 13:30:00,167.32169,NHITS
2021-09-03 13:45:00,175.45872,NHITS
2021-09-03 14:00:00,174.09085,NHITS
2021-09-03 14:15:00,176.32242,NHITS
2021-09-03 14:30:00,172.0331,NHITS
2021-09-03 14:45:00,165.0777,NHITS
2021-09-03 15:00:00,162.24289,NHITS
2021-09-03 15:15:00,161.05629,NHITS
2021-09-03 15:30:00,168.21182,NHITS
2021-09-03 15:45:00,178.89496,NHITS
2021-09-03 16:00:00,183.88156,NHITS
2021-09-03 16:15:00,179.24924,NHITS
2021-09-03 16:30:00,164.96039,NHITS
2021-09-03 16:45:00,152.5072,NHITS
2021-09-03 17:00:00,139.89166,NHITS
2021-09-03 17:15:00,135.39493,NHITS
2021-09-03 17:30:00,145.89114,NHITS
2021-09-03 17:45:00,153.72656,NHITS
2021-09-03 18:00:00,160.36957,NHITS
2021-09-03 18:15:00,161.8381,NHITS
2021-09-03 18:30:00,162.98972,NHITS
2021-09-03 18:45:00,156.9211,NHITS
2021-09-03 19:00:00,151.18256,NHITS
2021-09-03 19:15:00,144.0163,NHITS
2021-09-03 19:30:00,133.33852,NHITS
2021-09-03 19:45:00,123.52788,NHITS
2021-09-03 20:00:00,116.94768,NHITS
2021-09-03 20:15:00,109.56611,NHITS
2021-09-03 20:30:00,105.877365,NHITS
2021-09-03 20:45:00,106.89999,NHITS
2021-09-03 21:00:00,105.385414,NHITS
2021-09-03 21:15:00,105.59858,NHITS
2021-09-03 21:30:00,102.05832,NHITS
2021-09-03 21:45:00,100.93794,NHITS
2021-09-03 22:00:00,103.36444,NHITS
2021-09-03 22:15:00,103.743904,NHITS
2021-09-03 22:30:00,103.94908,NHITS
2021-09-03 22:45:00,107.881645,NHITS
2021-09-03 23:00:00,110.31972,NHITS
2021-09-03 23:15:00,107.48697,NHITS
2021-09-03 23:30:00,94.73802,NHITS
2021-09-03 23:45:00,85.85585,NHITS
2021-09-04 00:00:00,70.488335,NHITS
2021-09-04 00:15:00,77.40939,NHITS
2021-09-04 00:30:00,85.31823,NHITS
2021-09-04 00:45:00,91.57273,NHITS
2021-09-04 01:00:00,95.7546,NHITS
2021-09-04 01:15:00,100.23724,NHITS
2021-09-04 01:30:00,106.29904,NHITS
2021-09-04 01:45:00,108.08439,NHITS
2021-09-04 02:00:00,107.08328,NHITS
2021-09-04 02:15:00,106.73047,NHITS
2021-09-04 02:30:00,106.787766,NHITS
2021-09-04 02:45:00,106.38692,NHITS
2021-09-04 03:00:00,106.060074,NHITS
2021-09-04 03:15:00,103.98274,NHITS
2021-09-04 03:30:00,104.89803,NHITS
2021-09-04 03:45:00,107.6362,NHITS
2021-09-04 04:00:00,107.21952,NHITS
2021-09-04 04:15:00,104.942635,NHITS
2021-09-04 04:30:00,102.37407,NHITS
2021-09-04 04:45:00,100.07625,NHITS
2021-09-04 05:00:00,98.96646,NHITS
2021-09-04 05:15:00,99.32474,NHITS
2021-09-04 05:30:00,101.21616,NHITS
2021-09-04 05:45:00,101.99325,NHITS
2021-09-04 06:00:00,104.31785,NHITS
2021-09-04 06:15:00,103.56273,NHITS
2021-09-04 06:30:00,99.81455,NHITS
2021-09-04 06:45:00,93.11424,NHITS
2021-09-04 07:00:00,80.46197,NHITS
2021-09-04 07:15:00,71.21713,NHITS
2021-09-04 07:30:00,59.005836,NHITS
2021-09-04 07:45:00,47.479996,NHITS
2021-09-04 08:00:00,39.265095,NHITS
2021-09-04 08:15:00,32.94958,NHITS
2021-09-04 08:30:00,28.449387,NHITS
2021-09-04 08:45:00,28.972351,NHITS
2021-09-04 09:00:00,28.918999,NHITS
2021-09-04 09:15:00,29.330112,NHITS
2021-09-04 09:30:00,28.494457,NHITS
2021-09-04 09:45:00,28.707603,NHITS
2021-09-04 10:00:00,29.600811,NHITS
2021-09-04 10:15:00,30.072533,NHITS
2021-09-04 10:30:00,30.929794,NHITS
2021-09-04 10:45:00,30.628094,NHITS
2021-09-04 11:00:00,31.696892,NHITS
2021-09-04 11:15:00,31.372963,NHITS
2021-09-04 11:30:00,32.24807,NHITS
2021-09-04 11:45:00,30.593056,NHITS
2021-09-04 12:00:00,31.350674,NHITS
2021-09-04 12:15:00,30.980797,NHITS
2021-09-04 12:30:00,30.502697,NHITS
2021-09-04 12:45:00,30.660965,NHITS
2021-09-04 13:00:00,29.625103,NHITS
2021-09-04 13:15:00,29.15115,NHITS
2021-09-04 13:30:00,27.982903,NHITS
2021-09-04 13:45:00,27.029137,NHITS
2021-09-04 14:00:00,29.75898,NHITS
2021-09-04 14:15:00,30.431736,NHITS
2021-09-04 14:30:00,30.076202,NHITS
2021-09-04 14:45:00,28.10759,NHITS
2021-09-04 15:00:00,28.313732,NHITS
2021-09-04 15:15:00,28.0778,NHITS
2021-09-04 15:30:00,27.036316,NHITS
2021-09-04 15:45:00,28.848854,NHITS
2021-09-04 16:00:00,30.461441,NHITS
2021-09-04 16:15:00,30.91272,NHITS
2021-09-04 16:30:00,30.50333,NHITS
2021-09-04 16:45:00,28.975636,NHITS
2021-09-04 17:00:00,26.81358,NHITS
2021-09-04 17:15:00,26.786163,NHITS
2021-09-04 17:30:00,27.210415,NHITS
2021-09-04 17:45:00,28.277573,NHITS
2021-09-04 18:00:00,29.331375,NHITS
2021-09-04 18:15:00,29.446976,NHITS
2021-09-04 18:30:00,28.664772,NHITS
2021-09-04 18:45:00,29.640293,NHITS
2021-09-04 19:00:00,28.99778,NHITS
2021-09-04 19:15:00,30.234734,NHITS
2021-09-04 19:30:00,29.960598,NHITS
2021-09-04 19:45:00,28.800247,NHITS
2021-09-04 20:00:00,25.452953,NHITS
2021-09-04 20:15:00,24.65406,NHITS
2021-09-04 20:30:00,28.00961,NHITS
2021-09-04 20:45:00,28.754768,NHITS
2021-09-04 21:00:00,27.146652,NHITS
2021-09-04 21:15:00,27.014782,NHITS
2021-09-04 21:30:00,29.593494,NHITS
2021-09-04 21:45:00,29.37695,NHITS
2021-09-04 22:00:00,29.355545,NHITS
2021-09-04 22:15:00,28.653702,NHITS
2021-09-04 22:30:00,28.6764,NHITS
2021-09-04 22:45:00,27.970402,NHITS
2021-09-04 23:00:00,26.488071,NHITS
2021-09-04 23:15:00,26.12474,NHITS
2021-09-04 23:30:00,26.131348,NHITS
2021-09-04 23:45:00,24.990929,NHITS
2021-09-05 00:00:00,23.524498,NHITS
2021-09-05 00:15:00,23.28009,NHITS
2021-09-05 00:30:00,23.17215,NHITS
2021-09-05 00:45:00,23.014374,NHITS
2021-09-05 01:00:00,22.981712,NHITS
2021-09-05 01:15:00,23.0401,NHITS
2021-09-05 01:30:00,23.166534,NHITS
2021-09-05 01:45:00,23.31041,NHITS
2021-09-05 02:00:00,23.09578,NHITS
2021-09-05 02:15:00,22.961945,NHITS
2021-09-05 02:30:00,22.746948,NHITS
2021-09-05 02:45:00,22.824066,NHITS
2021-09-05 03:00:00,22.885368,NHITS
2021-09-05 03:15:00,22.83406,NHITS
2021-09-05 03:30:00,22.849426,NHITS
2021-09-05 03:45:00,22.845634,NHITS
2021-09-05 04:00:00,22.707748,NHITS
2021-09-05 04:15:00,22.745224,NHITS
2021-09-05 04:30:00,22.815674,NHITS
2021-09-05 04:45:00,22.75795,NHITS
2021-09-05 05:00:00,22.92492,NHITS
2021-09-05 05:15:00,22.975662,NHITS
2021-09-05 05:30:00,22.761978,NHITS
2021-09-05 05:45:00,22.820297,NHITS
2021-09-05 06:00:00,22.667862,NHITS
2021-09-05 06:15:00,22.629105,NHITS
2021-09-05 06:30:00,22.566406,NHITS
2021-09-05 06:45:00,22.629105,NHITS
2021-09-05 07:00:00,22.451218,NHITS
2021-09-05 07:15:00,22.732964,NHITS
2021-09-05 07:30:00,22.537918,NHITS
2021-09-05 07:45:00,22.594048,NHITS
2021-09-05 08:00:00,22.405235,NHITS
2021-09-05 08:15:00,22.47268,NHITS
2021-09-05 08:30:00,22.834976,NHITS
2021-09-05 08:45:00,22.881653,NHITS
2021-09-05 09:00:00,22.743118,NHITS
2021-09-05 09:15:00,22.776772,NHITS
2021-09-05 09:30:00,23.04155,NHITS
2021-09-05 09:45:00,23.054176,NHITS
2021-09-05 10:00:00,22.763016,NHITS
2021-09-05 10:15:00,22.778015,NHITS
2021-09-05 10:30:00,22.917679,NHITS
2021-09-05 10:45:00,22.987724,NHITS
2021-09-05 11:00:00,23.324165,NHITS
2021-09-05 11:15:00,23.336327,NHITS
2021-09-05 11:30:00,23.243011,NHITS
2021-09-05 11:45:00,23.046852,NHITS
2021-09-05 12:00:00,23.183235,NHITS
2021-09-05 12:15:00,23.120888,NHITS
2021-09-05 12:30:00,23.263992,NHITS
2021-09-05 12:45:00,23.299324,NHITS
2021-09-05 13:00:00,23.211937,NHITS
2021-09-05 13:15:00,23.014114,NHITS
2021-09-05 13:30:00,23.156418,NHITS
2021-09-05 13:45:00,23.25415,NHITS
2021-09-05 14:00:00,23.329765,NHITS
2021-09-05 14:15:00,23.420753,NHITS
2021-09-05 14:30:00,23.177948,NHITS
2021-09-05 14:45:00,23.264488,NHITS
2021-09-05 15:00:00,23.375587,NHITS
2021-09-05 15:15:00,23.645271,NHITS
2021-09-05 15:30:00,23.567497,NHITS
2021-09-05 15:45:00,23.497162,NHITS
2021-09-05 16:00:00,23.419441,NHITS
2021-09-05 16:15:00,23.294533,NHITS
2021-09-05 16:30:00,23.423134,NHITS
2021-09-05 16:45:00,23.450432,NHITS
2021-09-05 17:00:00,23.371552,NHITS
2021-09-05 17:15:00,23.158928,NHITS
2021-09-05 17:30:00,23.044128,NHITS
2021-09-05 17:45:00,23.07817,NHITS
2021-09-05 18:00:00,23.131271,NHITS
2021-09-05 18:15:00,23.10804,NHITS
2021-09-05 18:30:00,23.023788,NHITS
2021-09-05 18:45:00,23.054901,NHITS
2021-09-05 19:00:00,23.247307,NHITS
2021-09-05 19:15:00,23.261711,NHITS
2021-09-05 19:30:00,23.254852,NHITS
2021-09-05 19:45:00,23.25576,NHITS
2021-09-05 20:00:00,23.21379,NHITS
2021-09-05 20:15:00,23.145836,NHITS
2021-09-05 20:30:00,22.952576,NHITS
2021-09-05 20:45:00,22.985756,NHITS
2021-09-05 21:00:00,22.783829,NHITS
2021-09-05 21:15:00,22.86956,NHITS
2021-09-05 21:30:00,23.038788,NHITS
2021-09-05 21:45:00,23.1221,NHITS
2021-09-05 22:00:00,23.180756,NHITS
2021-09-05 22:15:00,23.102608,NHITS
2021-09-05 22:30:00,23.024307,NHITS
2021-09-05 22:45:00,22.69992,NHITS
2021-09-05 23:00:00,22.729973,NHITS
2021-09-05 23:15:00,22.73288,NHITS
2021-09-05 23:30:00,22.625237,NHITS
2021-09-05 23:45:00,22.614761,NHITS
2021-09-06 00:00:00,18.81343,NHITS
2021-09-06 00:15:00,18.335121,NHITS
2021-09-06 00:30:00,17.765198,NHITS
2021-09-06 00:45:00,16.089928,NHITS
2021-09-06 01:00:00,18.744377,NHITS
2021-09-06 01:15:00,19.576431,NHITS
2021-09-06 01:30:00,21.932083,NHITS
2021-09-06 01:45:00,19.207565,NHITS
2021-09-06 02:00:00,16.099968,NHITS
2021-09-06 02:15:00,16.810883,NHITS
2021-09-06 02:30:00,18.826096,NHITS
2021-09-06 02:45:00,19.60418,NHITS
2021-09-06 03:00:00,18.386047,NHITS
2021-09-06 03:15:00,19.447937,NHITS
2021-09-06 03:30:00,21.969345,NHITS
2021-09-06 03:45:00,23.011345,NHITS
2021-09-06 04:00:00,21.332336,NHITS
2021-09-06 04:15:00,21.255684,NHITS
2021-09-06 04:30:00,19.770973,NHITS
2021-09-06 04:45:00,16.0234,NHITS
2021-09-06 05:00:00,13.341164,NHITS
2021-09-06 05:15:00,14.153572,NHITS
2021-09-06 05:30:00,20.402115,NHITS
2021-09-06 05:45:00,20.955887,NHITS
2021-09-06 06:00:00,19.883522,NHITS
2021-09-06 06:15:00,18.621773,NHITS
2021-09-06 06:30:00,20.788612,NHITS
2021-09-06 06:45:00,26.492447,NHITS
2021-09-06 07:00:00,36.58482,NHITS
2021-09-06 07:15:00,53.22908,NHITS
2021-09-06 07:30:00,80.01745,NHITS
2021-09-06 07:45:00,107.54648,NHITS
2021-09-06 08:00:00,135.59004,NHITS
2021-09-06 08:15:00,162.90204,NHITS
2021-09-06 08:30:00,185.34859,NHITS
2021-09-06 08:45:00,193.41956,NHITS
2021-09-06 09:00:00,187.7672,NHITS
2021-09-06 09:15:00,179.94061,NHITS
2021-09-06 09:30:00,174.25449,NHITS
2021-09-06 09:45:00,169.72511,NHITS
2021-09-06 10:00:00,171.6965,NHITS
2021-09-06 10:15:00,171.8443,NHITS
2021-09-06 10:30:00,174.60542,NHITS
2021-09-06 10:45:00,180.34244,NHITS
2021-09-06 11:00:00,183.24469,NHITS
2021-09-06 11:15:00,177.96613,NHITS
2021-09-06 11:30:00,164.24045,NHITS
2021-09-06 11:45:00,148.69357,NHITS
2021-09-06 12:00:00,124.3414,NHITS
2021-09-06 12:15:00,105.32806,NHITS
2021-09-06 12:30:00,110.11081,NHITS
2021-09-06 12:45:00,123.31109,NHITS
2021-09-06 13:00:00,143.88428,NHITS
2021-09-06 13:15:00,162.26697,NHITS
2021-09-06 13:30:00,164.84827,NHITS
2021-09-06 13:45:00,169.40631,NHITS
2021-09-06 14:00:00,179.49594,NHITS
2021-09-06 14:15:00,174.03632,NHITS
2021-09-06 14:30:00,171.15317,NHITS
2021-09-06 14:45:00,163.08075,NHITS
2021-09-06 15:00:00,154.96637,NHITS
2021-09-06 15:15:00,161.07755,NHITS
2021-09-06 15:30:00,172.69669,NHITS
2021-09-06 15:45:00,172.29028,NHITS
2021-09-06 16:00:00,170.44159,NHITS
2021-09-06 16:15:00,164.94965,NHITS
2021-09-06 16:30:00,154.26245,NHITS
2021-09-06 16:45:00,144.51132,NHITS
2021-09-06 17:00:00,128.45918,NHITS
2021-09-06 17:15:00,127.947754,NHITS
2021-09-06 17:30:00,134.95267,NHITS
2021-09-06 17:45:00,137.9933,NHITS
2021-09-06 18:00:00,139.90839,NHITS
2021-09-06 18:15:00,142.14203,NHITS
2021-09-06 18:30:00,140.76776,NHITS
2021-09-06 18:45:00,149.49243,NHITS
2021-09-06 19:00:00,140.3555,NHITS
2021-09-06 19:15:00,131.17677,NHITS
2021-09-06 19:30:00,120.306244,NHITS
2021-09-06 19:45:00,117.23902,NHITS
2021-09-06 20:00:00,110.99118,NHITS
2021-09-06 20:15:00,108.15213,NHITS
2021-09-06 20:30:00,103.033134,NHITS
2021-09-06 20:45:00,102.883995,NHITS
2021-09-06 21:00:00,105.18471,NHITS
2021-09-06 21:15:00,107.95419,NHITS
2021-09-06 21:30:00,108.676155,NHITS
2021-09-06 21:45:00,102.87625,NHITS
2021-09-06 22:00:00,99.19257,NHITS
2021-09-06 22:15:00,96.17539,NHITS
2021-09-06 22:30:00,98.47719,NHITS
2021-09-06 22:45:00,101.08044,NHITS
2021-09-06 23:00:00,99.78856,NHITS
2021-09-06 23:15:00,96.32315,NHITS
2021-09-06 23:30:00,86.33689,NHITS
2021-09-06 23:45:00,75.41375,NHITS
2021-09-07 00:00:00,65.37633,NHITS
2021-09-07 00:15:00,61.74689,NHITS
2021-09-07 00:30:00,60.481308,NHITS
2021-09-07 00:45:00,66.98395,NHITS
2021-09-07 01:00:00,81.02923,NHITS
2021-09-07 01:15:00,92.770164,NHITS
2021-09-07 01:30:00,98.17988,NHITS
2021-09-07 01:45:00,97.33516,NHITS
2021-09-07 02:00:00,100.217834,NHITS
2021-09-07 02:15:00,98.65319,NHITS
2021-09-07 02:30:00,98.18546,NHITS
2021-09-07 02:45:00,93.97572,NHITS
2021-09-07 03:00:00,97.064285,NHITS
2021-09-07 03:15:00,96.16552,NHITS
2021-09-07 03:30:00,98.85712,NHITS
2021-09-07 03:45:00,100.37934,NHITS
2021-09-07 04:00:00,104.75532,NHITS
2021-09-07 04:15:00,100.30172,NHITS
2021-09-07 04:30:00,88.55018,NHITS
2021-09-07 04:45:00,82.52057,NHITS
2021-09-07 05:00:00,70.935356,NHITS
2021-09-07 05:15:00,73.93101,NHITS
2021-09-07 05:30:00,85.84024,NHITS
2021-09-07 05:45:00,94.862755,NHITS
2021-09-07 06:00:00,96.99232,NHITS
2021-09-07 06:15:00,97.978096,NHITS
2021-09-07 06:30:00,96.99556,NHITS
2021-09-07 06:45:00,103.04254,NHITS
2021-09-07 07:00:00,105.85571,NHITS
2021-09-07 07:15:00,121.39386,NHITS
2021-09-07 07:30:00,130.80624,NHITS
2021-09-07 07:45:00,148.85568,NHITS
2021-09-07 08:00:00,170.44019,NHITS
2021-09-07 08:15:00,186.07547,NHITS
2021-09-07 08:30:00,189.14676,NHITS
2021-09-07 08:45:00,189.40042,NHITS
2021-09-07 09:00:00,181.14053,NHITS
2021-09-07 09:15:00,178.02771,NHITS
2021-09-07 09:30:00,171.73325,NHITS
2021-09-07 09:45:00,165.56937,NHITS
2021-09-07 10:00:00,164.80185,NHITS
2021-09-07 10:15:00,169.18805,NHITS
2021-09-07 10:30:00,171.94885,NHITS
2021-09-07 10:45:00,180.4443,NHITS
2021-09-07 11:00:00,185.31668,NHITS
2021-09-07 11:15:00,186.30103,NHITS
2021-09-07 11:30:00,176.31061,NHITS
2021-09-07 11:45:00,151.00423,NHITS
2021-09-07 12:00:00,115.82202,NHITS
2021-09-07 12:15:00,98.889,NHITS
2021-09-07 12:30:00,107.38619,NHITS
2021-09-07 12:45:00,125.9434,NHITS
2021-09-07 13:00:00,150.78479,NHITS
2021-09-07 13:15:00,165.56598,NHITS
2021-09-07 13:30:00,175.0751,NHITS
2021-09-07 13:45:00,181.72705,NHITS
2021-09-07 14:00:00,181.71805,NHITS
2021-09-07 14:15:00,177.2381,NHITS
2021-09-07 14:30:00,169.54631,NHITS
2021-09-07 14:45:00,163.11942,NHITS
2021-09-07 15:00:00,152.81042,NHITS
2021-09-07 15:15:00,163.53726,NHITS
2021-09-07 15:30:00,175.0654,NHITS
2021-09-07 15:45:00,173.42517,NHITS
2021-09-07 16:00:00,174.43326,NHITS
2021-09-07 16:15:00,168.56076,NHITS
2021-09-07 16:30:00,154.12096,NHITS
2021-09-07 16:45:00,140.14313,NHITS
2021-09-07 17:00:00,119.04344,NHITS
2021-09-07 17:15:00,122.37239,NHITS
2021-09-07 17:30:00,136.33113,NHITS
2021-09-07 17:45:00,148.20114,NHITS
2021-09-07 18:00:00,160.66292,NHITS
2021-09-07 18:15:00,163.69766,NHITS
2021-09-07 18:30:00,163.45041,NHITS
2021-09-07 18:45:00,163.47458,NHITS
2021-09-07 19:00:00,160.54439,NHITS
2021-09-07 19:15:00,149.36118,NHITS
2021-09-07 19:30:00,137.65036,NHITS
2021-09-07 19:45:00,129.60098,NHITS
2021-09-07 20:00:00,123.39806,NHITS
2021-09-07 20:15:00,118.55926,NHITS
2021-09-07 20:30:00,116.61404,NHITS
2021-09-07 20:45:00,118.07146,NHITS
2021-09-07 21:00:00,116.761246,NHITS
2021-09-07 21:15:00,117.70114,NHITS
2021-09-07 21:30:00,118.1179,NHITS
2021-09-07 21:45:00,113.24306,NHITS
2021-09-07 22:00:00,108.662094,NHITS
2021-09-07 22:15:00,107.67231,NHITS
2021-09-07 22:30:00,111.7734,NHITS
2021-09-07 22:45:00,105.787926,NHITS
2021-09-07 23:00:00,110.09434,NHITS
2021-09-07 23:15:00,106.41424,NHITS
2021-09-07 23:30:00,101.33297,NHITS
2021-09-07 23:45:00,85.941414,NHITS
2021-09-08 00:00:00,75.743385,NHITS
2021-09-08 00:15:00,68.92479,NHITS
2021-09-08 00:30:00,63.536495,NHITS
2021-09-08 00:45:00,69.341385,NHITS
2021-09-08 01:00:00,84.31356,NHITS
2021-09-08 01:15:00,96.25686,NHITS
2021-09-08 01:30:00,104.526825,NHITS
2021-09-08 01:45:00,104.78786,NHITS
2021-09-08 02:00:00,106.0505,NHITS
2021-09-08 02:15:00,102.10159,NHITS
2021-09-08 02:30:00,99.63971,NHITS
2021-09-08 02:45:00,98.447426,NHITS
2021-09-08 03:00:00,96.74882,NHITS
2021-09-08 03:15:00,95.62582,NHITS
2021-09-08 03:30:00,99.21676,NHITS
2021-09-08 03:45:00,100.12061,NHITS
2021-09-08 04:00:00,104.24242,NHITS
2021-09-08 04:15:00,102.371826,NHITS
2021-09-08 04:30:00,97.14399,NHITS
2021-09-08 04:45:00,90.71566,NHITS
2021-09-08 05:00:00,76.04862,NHITS
2021-09-08 05:15:00,75.75387,NHITS
2021-09-08 05:30:00,87.72935,NHITS
2021-09-08 05:45:00,98.88205,NHITS
2021-09-08 06:00:00,98.45252,NHITS
2021-09-08 06:15:00,100.337326,NHITS
2021-09-08 06:30:00,98.333435,NHITS
2021-09-08 06:45:00,102.92866,NHITS
2021-09-08 07:00:00,104.31434,NHITS
2021-09-08 07:15:00,117.643,NHITS
2021-09-08 07:30:00,126.909744,NHITS
2021-09-08 07:45:00,141.58524,NHITS
2021-09-08 08:00:00,162.02644,NHITS
2021-09-08 08:15:00,178.27505,NHITS
2021-09-08 08:30:00,187.79193,NHITS
2021-09-08 08:45:00,190.10553,NHITS
2021-09-08 09:00:00,181.21165,NHITS
2021-09-08 09:15:00,175.61273,NHITS
2021-09-08 09:30:00,169.35149,NHITS
2021-09-08 09:45:00,165.55222,NHITS
2021-09-08 10:00:00,165.00531,NHITS
2021-09-08 10:15:00,169.89302,NHITS
2021-09-08 10:30:00,173.28702,NHITS
2021-09-08 10:45:00,182.12015,NHITS
2021-09-08 11:00:00,181.9903,NHITS
2021-09-08 11:15:00,187.83957,NHITS
2021-09-08 11:30:00,180.98103,NHITS
2021-09-08 11:45:00,159.01126,NHITS
2021-09-08 12:00:00,124.374504,NHITS
2021-09-08 12:15:00,99.79325,NHITS
2021-09-08 12:30:00,104.93793,NHITS
2021-09-08 12:45:00,120.80717,NHITS
2021-09-08 13:00:00,148.34218,NHITS
2021-09-08 13:15:00,166.84267,NHITS
2021-09-08 13:30:00,180.59592,NHITS
2021-09-08 13:45:00,189.14354,NHITS
2021-09-08 14:00:00,188.5093,NHITS
2021-09-08 14:15:00,182.18823,NHITS
2021-09-08 14:30:00,171.54819,NHITS
2021-09-08 14:45:00,166.83826,NHITS
2021-09-08 15:00:00,153.75117,NHITS
2021-09-08 15:15:00,164.13658,NHITS
2021-09-08 15:30:00,173.87213,NHITS
2021-09-08 15:45:00,175.37714,NHITS
2021-09-08 16:00:00,178.18918,NHITS
2021-09-08 16:15:00,172.9521,NHITS
2021-09-08 16:30:00,161.67178,NHITS
2021-09-08 16:45:00,145.47821,NHITS
2021-09-08 17:00:00,122.16592,NHITS
2021-09-08 17:15:00,124.943184,NHITS
2021-09-08 17:30:00,142.19504,NHITS
2021-09-08 17:45:00,151.99397,NHITS
2021-09-08 18:00:00,166.72626,NHITS
2021-09-08 18:15:00,167.53119,NHITS
2021-09-08 18:30:00,168.97296,NHITS
2021-09-08 18:45:00,168.76648,NHITS
2021-09-08 19:00:00,160.9863,NHITS
2021-09-08 19:15:00,146.75668,NHITS
2021-09-08 19:30:00,134.56886,NHITS
2021-09-08 19:45:00,124.92682,NHITS
2021-09-08 20:00:00,116.1701,NHITS
2021-09-08 20:15:00,110.71094,NHITS
2021-09-08 20:30:00,111.30554,NHITS
2021-09-08 20:45:00,114.521935,NHITS
2021-09-08 21:00:00,111.64108,NHITS
2021-09-08 21:15:00,113.18423,NHITS
2021-09-08 21:30:00,113.73437,NHITS
2021-09-08 21:45:00,108.89513,NHITS
2021-09-08 22:00:00,103.9598,NHITS
2021-09-08 22:15:00,101.90445,NHITS
2021-09-08 22:30:00,106.43038,NHITS
2021-09-08 22:45:00,104.15044,NHITS
2021-09-08 23:00:00,110.62567,NHITS
2021-09-08 23:15:00,106.99115,NHITS
2021-09-08 23:30:00,103.62692,NHITS
2021-09-08 23:45:00,86.93726,NHITS
2021-09-09 00:00:00,66.41168,NHITS
2021-09-09 00:15:00,62.094185,NHITS
2021-09-09 00:30:00,55.720036,NHITS
2021-09-09 00:45:00,61.865314,NHITS
2021-09-09 01:00:00,77.386566,NHITS
2021-09-09 01:15:00,88.03233,NHITS
2021-09-09 01:30:00,95.54897,NHITS
2021-09-09 01:45:00,96.540085,NHITS
2021-09-09 02:00:00,97.012115,NHITS
2021-09-09 02:15:00,94.12633,NHITS
2021-09-09 02:30:00,93.19307,NHITS
2021-09-09 02:45:00,92.451126,NHITS
2021-09-09 03:00:00,90.81685,NHITS
2021-09-09 03:15:00,89.285255,NHITS
2021-09-09 03:30:00,95.59111,NHITS
2021-09-09 03:45:00,95.31466,NHITS
2021-09-09 04:00:00,101.054054,NHITS
2021-09-09 04:15:00,98.2162,NHITS
2021-09-09 04:30:00,92.42751,NHITS
2021-09-09 04:45:00,85.883125,NHITS
2021-09-09 05:00:00,72.7631,NHITS
2021-09-09 05:15:00,73.81314,NHITS
2021-09-09 05:30:00,83.92307,NHITS
2021-09-09 05:45:00,94.71358,NHITS
2021-09-09 06:00:00,93.35748,NHITS
2021-09-09 06:15:00,94.96524,NHITS
2021-09-09 06:30:00,92.82651,NHITS
2021-09-09 06:45:00,94.207405,NHITS
2021-09-09 07:00:00,98.06,NHITS
2021-09-09 07:15:00,110.2335,NHITS
2021-09-09 07:30:00,119.65901,NHITS
2021-09-09 07:45:00,134.68773,NHITS
2021-09-09 08:00:00,157.08057,NHITS
2021-09-09 08:15:00,172.63953,NHITS
2021-09-09 08:30:00,180.84027,NHITS
2021-09-09 08:45:00,183.78186,NHITS
2021-09-09 09:00:00,175.26343,NHITS
2021-09-09 09:15:00,169.05573,NHITS
2021-09-09 09:30:00,163.02303,NHITS
2021-09-09 09:45:00,160.52698,NHITS
2021-09-09 10:00:00,161.11118,NHITS
2021-09-09 10:15:00,169.83826,NHITS
2021-09-09 10:30:00,174.20508,NHITS
2021-09-09 10:45:00,183.41519,NHITS
2021-09-09 11:00:00,184.14737,NHITS
2021-09-09 11:15:00,187.00122,NHITS
2021-09-09 11:30:00,175.75768,NHITS
2021-09-09 11:45:00,153.06181,NHITS
2021-09-09 12:00:00,118.974945,NHITS
2021-09-09 12:15:00,96.32579,NHITS
2021-09-09 12:30:00,102.96326,NHITS
2021-09-09 12:45:00,116.85095,NHITS
2021-09-09 13:00:00,140.86707,NHITS
2021-09-09 13:15:00,155.26071,NHITS
2021-09-09 13:30:00,165.95334,NHITS
2021-09-09 13:45:00,174.30334,NHITS
2021-09-09 14:00:00,174.2297,NHITS
2021-09-09 14:15:00,169.49387,NHITS
2021-09-09 14:30:00,161.34644,NHITS
2021-09-09 14:45:00,158.12668,NHITS
2021-09-09 15:00:00,149.29305,NHITS
2021-09-09 15:15:00,161.21848,NHITS
2021-09-09 15:30:00,168.86806,NHITS
2021-09-09 15:45:00,169.47278,NHITS
2021-09-09 16:00:00,171.44608,NHITS
2021-09-09 16:15:00,167.07639,NHITS
2021-09-09 16:30:00,152.78003,NHITS
2021-09-09 16:45:00,135.02502,NHITS
2021-09-09 17:00:00,112.66942,NHITS
2021-09-09 17:15:00,114.68071,NHITS
2021-09-09 17:30:00,129.06654,NHITS
2021-09-09 17:45:00,139.19043,NHITS
2021-09-09 18:00:00,152.27924,NHITS
2021-09-09 18:15:00,155.31541,NHITS
2021-09-09 18:30:00,156.55026,NHITS
2021-09-09 18:45:00,159.85748,NHITS
2021-09-09 19:00:00,154.86417,NHITS
2021-09-09 19:15:00,144.39398,NHITS
2021-09-09 19:30:00,130.65225,NHITS
2021-09-09 19:45:00,124.686485,NHITS
2021-09-09 20:00:00,118.27518,NHITS
2021-09-09 20:15:00,113.89566,NHITS
2021-09-09 20:30:00,113.65137,NHITS
2021-09-09 20:45:00,115.38608,NHITS
2021-09-09 21:00:00,112.440834,NHITS
2021-09-09 21:15:00,112.93524,NHITS
2021-09-09 21:30:00,111.24731,NHITS
2021-09-09 21:45:00,105.72451,NHITS
2021-09-09 22:00:00,101.60938,NHITS
2021-09-09 22:15:00,103.15727,NHITS
2021-09-09 22:30:00,107.336945,NHITS
2021-09-09 22:45:00,104.722595,NHITS
2021-09-09 23:00:00,110.692474,NHITS
2021-09-09 23:15:00,105.75368,NHITS
2021-09-09 23:30:00,102.247154,NHITS
2021-09-09 23:45:00,86.333206,NHITS
2021-09-10 00:00:00,74.30677,NHITS
2021-09-10 00:15:00,66.93002,NHITS
2021-09-10 00:30:00,59.182747,NHITS
2021-09-10 00:45:00,61.10064,NHITS
2021-09-10 01:00:00,79.71458,NHITS
2021-09-10 01:15:00,89.31165,NHITS
2021-09-10 01:30:00,97.06453,NHITS
2021-09-10 01:45:00,98.01987,NHITS
2021-09-10 02:00:00,97.50754,NHITS
2021-09-10 02:15:00,95.07333,NHITS
2021-09-10 02:30:00,92.0105,NHITS
2021-09-10 02:45:00,93.38642,NHITS
2021-09-10 03:00:00,93.108864,NHITS
2021-09-10 03:15:00,90.65443,NHITS
2021-09-10 03:30:00,94.920845,NHITS
2021-09-10 03:45:00,94.02849,NHITS
2021-09-10 04:00:00,95.021385,NHITS
2021-09-10 04:15:00,93.364395,NHITS
2021-09-10 04:30:00,92.4713,NHITS
2021-09-10 04:45:00,89.24017,NHITS
2021-09-10 05:00:00,73.934494,NHITS
2021-09-10 05:15:00,70.012024,NHITS
2021-09-10 05:30:00,81.10152,NHITS
2021-09-10 05:45:00,91.12248,NHITS
2021-09-10 06:00:00,92.95774,NHITS
2021-09-10 06:15:00,96.49918,NHITS
2021-09-10 06:30:00,93.14322,NHITS
2021-09-10 06:45:00,94.221954,NHITS
2021-09-10 07:00:00,97.76352,NHITS
2021-09-10 07:15:00,108.15921,NHITS
2021-09-10 07:30:00,117.41092,NHITS
2021-09-10 07:45:00,130.50494,NHITS
2021-09-10 08:00:00,153.56644,NHITS
2021-09-10 08:15:00,170.40163,NHITS
2021-09-10 08:30:00,180.485,NHITS
2021-09-10 08:45:00,180.82776,NHITS
2021-09-10 09:00:00,170.32352,NHITS
2021-09-10 09:15:00,162.36798,NHITS
2021-09-10 09:30:00,159.58145,NHITS
2021-09-10 09:45:00,158.25648,NHITS
2021-09-10 10:00:00,156.73485,NHITS
2021-09-10 10:15:00,160.16495,NHITS
2021-09-10 10:30:00,163.43259,NHITS
2021-09-10 10:45:00,168.53683,NHITS
2021-09-10 11:00:00,167.42717,NHITS
2021-09-10 11:15:00,173.68312,NHITS
2021-09-10 11:30:00,169.51208,NHITS
2021-09-10 11:45:00,157.2706,NHITS
2021-09-10 12:00:00,126.03024,NHITS
2021-09-10 12:15:00,98.35651,NHITS
2021-09-10 12:30:00,96.456436,NHITS
2021-09-10 12:45:00,108.28459,NHITS
2021-09-10 13:00:00,134.51555,NHITS
2021-09-10 13:15:00,153.57455,NHITS
2021-09-10 13:30:00,166.12144,NHITS
2021-09-10 13:45:00,173.64832,NHITS
2021-09-10 14:00:00,168.71806,NHITS
2021-09-10 14:15:00,169.31238,NHITS
2021-09-10 14:30:00,164.62634,NHITS
2021-09-10 14:45:00,162.46515,NHITS
2021-09-10 15:00:00,151.87953,NHITS
2021-09-10 15:15:00,160.99065,NHITS
2021-09-10 15:30:00,166.79303,NHITS
2021-09-10 15:45:00,168.95985,NHITS
2021-09-10 16:00:00,167.58711,NHITS
2021-09-10 16:15:00,166.05087,NHITS
2021-09-10 16:30:00,161.07346,NHITS
2021-09-10 16:45:00,147.43484,NHITS
2021-09-10 17:00:00,123.31398,NHITS
2021-09-10 17:15:00,119.500015,NHITS
2021-09-10 17:30:00,136.50539,NHITS
2021-09-10 17:45:00,143.80272,NHITS
2021-09-10 18:00:00,157.34561,NHITS
2021-09-10 18:15:00,158.47449,NHITS
2021-09-10 18:30:00,159.40318,NHITS
2021-09-10 18:45:00,156.8903,NHITS
2021-09-10 19:00:00,144.08067,NHITS
2021-09-10 19:15:00,132.07335,NHITS
2021-09-10 19:30:00,120.074814,NHITS
2021-09-10 19:45:00,110.451935,NHITS
2021-09-10 20:00:00,103.62198,NHITS
2021-09-10 20:15:00,94.864555,NHITS
2021-09-10 20:30:00,95.64782,NHITS
2021-09-10 20:45:00,99.32201,NHITS
2021-09-10 21:00:00,98.79834,NHITS
2021-09-10 21:15:00,100.49863,NHITS
2021-09-10 21:30:00,99.43765,NHITS
2021-09-10 21:45:00,93.99188,NHITS
2021-09-10 22:00:00,90.50774,NHITS
2021-09-10 22:15:00,89.178955,NHITS
2021-09-10 22:30:00,94.93305,NHITS
2021-09-10 22:45:00,89.78499,NHITS
2021-09-10 23:00:00,100.31857,NHITS
2021-09-10 23:15:00,93.87165,NHITS
2021-09-10 23:30:00,90.89622,NHITS
2021-09-10 23:45:00,80.51066,NHITS
2021-09-11 00:00:00,62.32739,NHITS
2021-09-11 00:15:00,64.49684,NHITS
2021-09-11 00:30:00,66.646,NHITS
2021-09-11 00:45:00,71.03135,NHITS
2021-09-11 01:00:00,73.62545,NHITS
2021-09-11 01:15:00,81.95986,NHITS
2021-09-11 01:30:00,89.63037,NHITS
2021-09-11 01:45:00,92.811905,NHITS
2021-09-11 02:00:00,94.90482,NHITS
2021-09-11 02:15:00,94.64269,NHITS
2021-09-11 02:30:00,93.100044,NHITS
2021-09-11 02:45:00,91.68223,NHITS
2021-09-11 03:00:00,91.13008,NHITS
2021-09-11 03:15:00,92.59693,NHITS
2021-09-11 03:30:00,94.237976,NHITS
2021-09-11 03:45:00,92.99491,NHITS
2021-09-11 04:00:00,90.686,NHITS
2021-09-11 04:15:00,86.001816,NHITS
2021-09-11 04:30:00,84.208084,NHITS
2021-09-11 04:45:00,83.75959,NHITS
2021-09-11 05:00:00,86.90351,NHITS
2021-09-11 05:15:00,86.64303,NHITS
2021-09-11 05:30:00,82.65233,NHITS
2021-09-11 05:45:00,81.24377,NHITS
2021-09-11 06:00:00,85.805725,NHITS
2021-09-11 06:15:00,84.91028,NHITS
2021-09-11 06:30:00,76.81161,NHITS
2021-09-11 06:45:00,67.93382,NHITS
2021-09-11 07:00:00,60.511,NHITS
2021-09-11 07:15:00,55.249653,NHITS
2021-09-11 07:30:00,45.255566,NHITS
2021-09-11 07:45:00,36.279163,NHITS
2021-09-11 08:00:00,28.325283,NHITS
2021-09-11 08:15:00,19.642113,NHITS
2021-09-11 08:30:00,15.057892,NHITS
2021-09-11 08:45:00,10.301796,NHITS
2021-09-11 09:00:00,10.467705,NHITS
2021-09-11 09:15:00,9.458778,NHITS
2021-09-11 09:30:00,11.532013,NHITS
2021-09-11 09:45:00,11.830093,NHITS
2021-09-11 10:00:00,9.699028,NHITS
2021-09-11 10:15:00,10.95681,NHITS
2021-09-11 10:30:00,11.667976,NHITS
2021-09-11 10:45:00,14.801994,NHITS
2021-09-11 11:00:00,18.651016,NHITS
2021-09-11 11:15:00,19.115921,NHITS
2021-09-11 11:30:00,17.281143,NHITS
2021-09-11 11:45:00,17.407425,NHITS
2021-09-11 12:00:00,14.662788,NHITS
2021-09-11 12:15:00,13.722221,NHITS
2021-09-11 12:30:00,13.845306,NHITS
2021-09-11 12:45:00,14.166267,NHITS
2021-09-11 13:00:00,15.082596,NHITS
2021-09-11 13:15:00,17.36699,NHITS
2021-09-11 13:30:00,18.237968,NHITS
2021-09-11 13:45:00,17.85617,NHITS
2021-09-11 14:00:00,15.251938,NHITS
2021-09-11 14:15:00,13.347191,NHITS
2021-09-11 14:30:00,12.527672,NHITS
2021-09-11 14:45:00,14.4530945,NHITS
2021-09-11 15:00:00,14.910011,NHITS
2021-09-11 15:15:00,14.157997,NHITS
2021-09-11 15:30:00,12.149452,NHITS
2021-09-11 15:45:00,13.892616,NHITS
2021-09-11 16:00:00,15.585342,NHITS
2021-09-11 16:15:00,14.053078,NHITS
2021-09-11 16:30:00,10.991035,NHITS
2021-09-11 16:45:00,10.93853,NHITS
2021-09-11 17:00:00,11.943718,NHITS
2021-09-11 17:15:00,12.03495,NHITS
2021-09-11 17:30:00,10.548996,NHITS
2021-09-11 17:45:00,10.359489,NHITS
2021-09-11 18:00:00,12.054497,NHITS
2021-09-11 18:15:00,12.64386,NHITS
2021-09-11 18:30:00,13.138496,NHITS
2021-09-11 18:45:00,13.346123,NHITS
2021-09-11 19:00:00,14.095612,NHITS
2021-09-11 19:15:00,12.895546,NHITS
2021-09-11 19:30:00,12.363785,NHITS
2021-09-11 19:45:00,12.213219,NHITS
2021-09-11 20:00:00,9.961891,NHITS
2021-09-11 20:15:00,12.092796,NHITS
2021-09-11 20:30:00,12.753334,NHITS
2021-09-11 20:45:00,11.910988,NHITS
2021-09-11 21:00:00,12.791084,NHITS
2021-09-11 21:15:00,12.628372,NHITS
2021-09-11 21:30:00,12.324036,NHITS
2021-09-11 21:45:00,13.356178,NHITS
2021-09-11 22:00:00,12.677628,NHITS
2021-09-11 22:15:00,10.198677,NHITS
2021-09-11 22:30:00,8.4789505,NHITS
2021-09-11 22:45:00,7.535965,NHITS
2021-09-11 23:00:00,9.919052,NHITS
2021-09-11 23:15:00,11.1237335,NHITS
2021-09-11 23:30:00,13.840485,NHITS
2021-09-11 23:45:00,15.590668,NHITS
2021-09-12 00:00:00,23.126518,NHITS
2021-09-12 00:15:00,22.948769,NHITS
2021-09-12 00:30:00,23.251274,NHITS
2021-09-12 00:45:00,23.062546,NHITS
2021-09-12 01:00:00,23.150604,NHITS
2021-09-12 01:15:00,23.059196,NHITS
2021-09-12 01:30:00,22.977913,NHITS
2021-09-12 01:45:00,22.816788,NHITS
2021-09-12 02:00:00,22.954025,NHITS
2021-09-12 02:15:00,22.974731,NHITS
2021-09-12 02:30:00,23.017632,NHITS
2021-09-12 02:45:00,23.10334,NHITS
2021-09-12 03:00:00,23.057281,NHITS
2021-09-12 03:15:00,22.918396,NHITS
2021-09-12 03:30:00,22.756157,NHITS
2021-09-12 03:45:00,22.939857,NHITS
2021-09-12 04:00:00,22.763382,NHITS
2021-09-12 04:15:00,22.85231,NHITS
2021-09-12 04:30:00,23.01513,NHITS
2021-09-12 04:45:00,22.750237,NHITS
2021-09-12 05:00:00,22.722649,NHITS
2021-09-12 05:15:00,22.789772,NHITS
2021-09-12 05:30:00,22.782295,NHITS
2021-09-12 05:45:00,22.758049,NHITS
2021-09-12 06:00:00,22.927505,NHITS
2021-09-12 06:15:00,22.729233,NHITS
2021-09-12 06:30:00,22.51809,NHITS
2021-09-12 06:45:00,22.845146,NHITS
2021-09-12 07:00:00,22.615768,NHITS
2021-09-12 07:15:00,22.755997,NHITS
2021-09-12 07:30:00,22.38681,NHITS
2021-09-12 07:45:00,22.447708,NHITS
2021-09-12 08:00:00,22.492287,NHITS
2021-09-12 08:15:00,22.435043,NHITS
2021-09-12 08:30:00,22.42405,NHITS
2021-09-12 08:45:00,22.419136,NHITS
2021-09-12 09:00:00,22.628426,NHITS
2021-09-12 09:15:00,22.42369,NHITS
2021-09-12 09:30:00,22.587631,NHITS
2021-09-12 09:45:00,22.636986,NHITS
2021-09-12 10:00:00,22.691734,NHITS
2021-09-12 10:15:00,22.736626,NHITS
2021-09-12 10:30:00,22.835548,NHITS
2021-09-12 10:45:00,22.738503,NHITS
2021-09-12 11:00:00,22.89293,NHITS
2021-09-12 11:15:00,22.463509,NHITS
2021-09-12 11:30:00,22.71743,NHITS
2021-09-12 11:45:00,22.89428,NHITS
2021-09-12 12:00:00,22.981682,NHITS
2021-09-12 12:15:00,22.8545,NHITS
2021-09-12 12:30:00,22.843971,NHITS
2021-09-12 12:45:00,22.971588,NHITS
2021-09-12 13:00:00,22.815254,NHITS
2021-09-12 13:15:00,22.993454,NHITS
2021-09-12 13:30:00,22.706894,NHITS
2021-09-12 13:45:00,23.057709,NHITS
2021-09-12 14:00:00,23.011574,NHITS
2021-09-12 14:15:00,23.06221,NHITS
2021-09-12 14:30:00,23.044937,NHITS
2021-09-12 14:45:00,23.125107,NHITS
2021-09-12 15:00:00,23.348213,NHITS
2021-09-12 15:15:00,23.531715,NHITS
2021-09-12 15:30:00,23.464584,NHITS
2021-09-12 15:45:00,23.227005,NHITS
2021-09-12 16:00:00,23.046883,NHITS
2021-09-12 16:15:00,23.00496,NHITS
2021-09-12 16:30:00,22.923485,NHITS
2021-09-12 16:45:00,22.985558,NHITS
2021-09-12 17:00:00,22.908607,NHITS
2021-09-12 17:15:00,22.753067,NHITS
2021-09-12 17:30:00,22.586983,NHITS
2021-09-12 17:45:00,22.654686,NHITS
2021-09-12 18:00:00,22.690872,NHITS
2021-09-12 18:15:00,22.530472,NHITS
2021-09-12 18:30:00,22.43901,NHITS
2021-09-12 18:45:00,22.348183,NHITS
2021-09-12 19:00:00,22.535904,NHITS
2021-09-12 19:15:00,22.336472,NHITS
2021-09-12 19:30:00,22.374687,NHITS
2021-09-12 19:45:00,22.45182,NHITS
2021-09-12 20:00:00,22.488144,NHITS
2021-09-12 20:15:00,22.6391,NHITS
2021-09-12 20:30:00,22.565842,NHITS
2021-09-12 20:45:00,22.787292,NHITS
2021-09-12 21:00:00,22.694115,NHITS
2021-09-12 21:15:00,22.63736,NHITS
2021-09-12 21:30:00,22.553162,NHITS
2021-09-12 21:45:00,22.741562,NHITS
2021-09-12 22:00:00,23.054474,NHITS
2021-09-12 22:15:00,23.140022,NHITS
2021-09-12 22:30:00,23.217522,NHITS
2021-09-12 22:45:00,22.97499,NHITS
2021-09-12 23:00:00,22.766228,NHITS
2021-09-12 23:15:00,22.830254,NHITS
2021-09-12 23:30:00,22.70597,NHITS
2021-09-12 23:45:00,22.709068,NHITS
2021-09-13 00:00:00,19.449219,NHITS
2021-09-13 00:15:00,19.04908,NHITS
2021-09-13 00:30:00,18.473503,NHITS
2021-09-13 00:45:00,16.860382,NHITS
2021-09-13 01:00:00,19.172012,NHITS
2021-09-13 01:15:00,20.064873,NHITS
2021-09-13 01:30:00,22.438766,NHITS
2021-09-13 01:45:00,19.711754,NHITS
2021-09-13 02:00:00,16.683174,NHITS
2021-09-13 02:15:00,17.349892,NHITS
2021-09-13 02:30:00,19.242676,NHITS
2021-09-13 02:45:00,20.055984,NHITS
2021-09-13 03:00:00,19.071014,NHITS
2021-09-13 03:15:00,20.243317,NHITS
2021-09-13 03:30:00,22.934898,NHITS
2021-09-13 03:45:00,23.84925,NHITS
2021-09-13 04:00:00,22.825012,NHITS
2021-09-13 04:15:00,22.867027,NHITS
2021-09-13 04:30:00,20.879448,NHITS
2021-09-13 04:45:00,16.577065,NHITS
2021-09-13 05:00:00,14.138618,NHITS
2021-09-13 05:15:00,14.617744,NHITS
2021-09-13 05:30:00,20.756378,NHITS
2021-09-13 05:45:00,21.312592,NHITS
2021-09-13 06:00:00,20.360786,NHITS
2021-09-13 06:15:00,19.088722,NHITS
2021-09-13 06:30:00,21.271454,NHITS
2021-09-13 06:45:00,27.812035,NHITS
2021-09-13 07:00:00,38.744835,NHITS
2021-09-13 07:15:00,56.551537,NHITS
2021-09-13 07:30:00,84.11067,NHITS
2021-09-13 07:45:00,112.25608,NHITS
2021-09-13 08:00:00,141.0994,NHITS
2021-09-13 08:15:00,168.76491,NHITS
2021-09-13 08:30:00,191.15547,NHITS
2021-09-13 08:45:00,198.43622,NHITS
2021-09-13 09:00:00,192.10214,NHITS
2021-09-13 09:15:00,184.07568,NHITS
2021-09-13 09:30:00,178.22067,NHITS
2021-09-13 09:45:00,173.42746,NHITS
2021-09-13 10:00:00,175.375,NHITS
2021-09-13 10:15:00,175.1177,NHITS
2021-09-13 10:30:00,177.97049,NHITS
2021-09-13 10:45:00,184.04437,NHITS
2021-09-13 11:00:00,187.25845,NHITS
2021-09-13 11:15:00,181.66457,NHITS
2021-09-13 11:30:00,167.16832,NHITS
2021-09-13 11:45:00,150.45761,NHITS
2021-09-13 12:00:00,125.93068,NHITS
2021-09-13 12:15:00,106.75551,NHITS
2021-09-13 12:30:00,112.60689,NHITS
2021-09-13 12:45:00,126.74104,NHITS
2021-09-13 13:00:00,147.65881,NHITS
2021-09-13 13:15:00,165.97156,NHITS
2021-09-13 13:30:00,168.40085,NHITS
2021-09-13 13:45:00,172.53409,NHITS
2021-09-13 14:00:00,182.43134,NHITS
2021-09-13 14:15:00,177.03256,NHITS
2021-09-13 14:30:00,174.21085,NHITS
2021-09-13 14:45:00,166.19608,NHITS
2021-09-13 15:00:00,158.14288,NHITS
2021-09-13 15:15:00,164.56155,NHITS
2021-09-13 15:30:00,176.04016,NHITS
2021-09-13 15:45:00,175.98259,NHITS
2021-09-13 16:00:00,174.26312,NHITS
2021-09-13 16:15:00,168.38411,NHITS
2021-09-13 16:30:00,157.14316,NHITS
2021-09-13 16:45:00,147.09265,NHITS
2021-09-13 17:00:00,131.06699,NHITS
2021-09-13 17:15:00,130.48116,NHITS
2021-09-13 17:30:00,137.97221,NHITS
2021-09-13 17:45:00,141.27568,NHITS
2021-09-13 18:00:00,142.88849,NHITS
2021-09-13 18:15:00,144.82959,NHITS
2021-09-13 18:30:00,142.84213,NHITS
2021-09-13 18:45:00,151.28296,NHITS
2021-09-13 19:00:00,141.91179,NHITS
2021-09-13 19:15:00,132.60086,NHITS
2021-09-13 19:30:00,122.54142,NHITS
2021-09-13 19:45:00,119.18708,NHITS
2021-09-13 20:00:00,112.43053,NHITS
2021-09-13 20:15:00,109.42717,NHITS
2021-09-13 20:30:00,104.85188,NHITS
2021-09-13 20:45:00,104.9643,NHITS
2021-09-13 21:00:00,107.30184,NHITS
2021-09-13 21:15:00,110.18994,NHITS
2021-09-13 21:30:00,110.627625,NHITS
2021-09-13 21:45:00,104.23455,NHITS
2021-09-13 22:00:00,100.16179,NHITS
2021-09-13 22:15:00,96.84679,NHITS
2021-09-13 22:30:00,99.26472,NHITS
2021-09-13 22:45:00,102.07793,NHITS
2021-09-13 23:00:00,100.74023,NHITS
2021-09-13 23:15:00,96.91877,NHITS
2021-09-13 23:30:00,86.32975,NHITS
2021-09-13 23:45:00,74.982315,NHITS
2021-09-14 00:00:00,72.45262,NHITS
2021-09-14 00:15:00,67.84089,NHITS
2021-09-14 00:30:00,64.88822,NHITS
2021-09-14 00:45:00,71.13654,NHITS
2021-09-14 01:00:00,86.034996,NHITS
2021-09-14 01:15:00,98.95989,NHITS
2021-09-14 01:30:00,105.62792,NHITS
2021-09-14 01:45:00,105.74737,NHITS
2021-09-14 02:00:00,108.67149,NHITS
2021-09-14 02:15:00,107.19954,NHITS
2021-09-14 02:30:00,106.63545,NHITS
2021-09-14 02:45:00,101.79283,NHITS
2021-09-14 03:00:00,104.275276,NHITS
2021-09-14 03:15:00,102.89122,NHITS
2021-09-14 03:30:00,104.908646,NHITS
2021-09-14 03:45:00,106.6985,NHITS
2021-09-14 04:00:00,111.49171,NHITS
2021-09-14 04:15:00,107.97778,NHITS
2021-09-14 04:30:00,97.21778,NHITS
2021-09-14 04:45:00,90.79851,NHITS
2021-09-14 05:00:00,77.49635,NHITS
2021-09-14 05:15:00,79.226494,NHITS
2021-09-14 05:30:00,90.82437,NHITS
2021-09-14 05:45:00,100.225586,NHITS
2021-09-14 06:00:00,103.57438,NHITS
2021-09-14 06:15:00,105.950005,NHITS
2021-09-14 06:30:00,106.143684,NHITS
2021-09-14 06:45:00,112.27479,NHITS
2021-09-14 07:00:00,114.62161,NHITS
2021-09-14 07:15:00,129.24481,NHITS
2021-09-14 07:30:00,138.3052,NHITS
2021-09-14 07:45:00,156.55792,NHITS
2021-09-14 08:00:00,178.965,NHITS
2021-09-14 08:15:00,195.7233,NHITS
2021-09-14 08:30:00,200.65796,NHITS
2021-09-14 08:45:00,201.39656,NHITS
2021-09-14 09:00:00,192.60907,NHITS
2021-09-14 09:15:00,189.5677,NHITS
2021-09-14 09:30:00,183.09581,NHITS
2021-09-14 09:45:00,176.29022,NHITS
2021-09-14 10:00:00,174.67554,NHITS
2021-09-14 10:15:00,178.14853,NHITS
2021-09-14 10:30:00,180.46097,NHITS
2021-09-14 10:45:00,189.35187,NHITS
2021-09-14 11:00:00,194.2049,NHITS
2021-09-14 11:15:00,196.91107,NHITS
2021-09-14 11:30:00,188.76854,NHITS
2021-09-14 11:45:00,163.86462,NHITS
2021-09-14 12:00:00,127.84153,NHITS
2021-09-14 12:15:00,108.343,NHITS
2021-09-14 12:30:00,113.148315,NHITS
2021-09-14 12:45:00,130.24225,NHITS
2021-09-14 13:00:00,155.33344,NHITS
2021-09-14 13:15:00,171.42206,NHITS
2021-09-14 13:30:00,183.67148,NHITS
2021-09-14 13:45:00,192.89136,NHITS
2021-09-14 14:00:00,195.08447,NHITS
2021-09-14 14:15:00,191.52332,NHITS
2021-09-14 14:30:00,182.67624,NHITS
2021-09-14 14:45:00,174.23425,NHITS
2021-09-14 15:00:00,161.69704,NHITS
2021-09-14 15:15:00,171.12155,NHITS
2021-09-14 15:30:00,182.69409,NHITS
2021-09-14 15:45:00,182.08424,NHITS
2021-09-14 16:00:00,184.50006,NHITS
2021-09-14 16:15:00,180.00015,NHITS
2021-09-14 16:30:00,166.07735,NHITS
2021-09-14 16:45:00,151.44717,NHITS
2021-09-14 17:00:00,129.08028,NHITS
2021-09-14 17:15:00,131.54684,NHITS
2021-09-14 17:30:00,144.57831,NHITS
2021-09-14 17:45:00,156.52142,NHITS
2021-09-14 18:00:00,169.48193,NHITS
2021-09-14 18:15:00,173.04385,NHITS
2021-09-14 18:30:00,173.85873,NHITS
2021-09-14 18:45:00,174.50525,NHITS
2021-09-14 19:00:00,171.89154,NHITS
2021-09-14 19:15:00,160.75607,NHITS
2021-09-14 19:30:00,147.65536,NHITS
2021-09-14 19:45:00,138.04088,NHITS
2021-09-14 20:00:00,130.64606,NHITS
2021-09-14 20:15:00,124.677,NHITS
2021-09-14 20:30:00,122.43959,NHITS
2021-09-14 20:45:00,124.23019,NHITS
2021-09-14 21:00:00,123.06567,NHITS
2021-09-14 21:15:00,124.54977,NHITS
2021-09-14 21:30:00,125.47962,NHITS
2021-09-14 21:45:00,120.52898,NHITS
2021-09-14 22:00:00,115.08914,NHITS
2021-09-14 22:15:00,113.693,NHITS
2021-09-14 22:30:00,117.286705,NHITS
2021-09-14 22:45:00,111.28677,NHITS
2021-09-14 23:00:00,115.97268,NHITS
2021-09-14 23:15:00,112.27931,NHITS
2021-09-14 23:30:00,107.35435,NHITS
2021-09-14 23:45:00,92.15802,NHITS
2021-08-09 00:00:00,35.560886,TFT
2021-08-09 00:15:00,37.903946,TFT
2021-08-09 00:30:00,42.050014,TFT
2021-08-09 00:45:00,47.838768,TFT
2021-08-09 01:00:00,54.641495,TFT
2021-08-09 01:15:00,61.4906,TFT
2021-08-09 01:30:00,67.54714,TFT
2021-08-09 01:45:00,72.44435,TFT
2021-08-09 02:00:00,76.18608,TFT
2021-08-09 02:15:00,78.93245,TFT
2021-08-09 02:30:00,80.86753,TFT
2021-08-09 02:45:00,82.14275,TFT
2021-08-09 03:00:00,82.864365,TFT
2021-08-09 03:15:00,83.09616,TFT
2021-08-09 03:30:00,82.86449,TFT
2021-08-09 03:45:00,82.16072,TFT
2021-08-09 04:00:00,80.93982,TFT
2021-08-09 04:15:00,79.11225,TFT
2021-08-09 04:30:00,76.52907,TFT
2021-08-09 04:45:00,72.9661,TFT
2021-08-09 05:00:00,68.1146,TFT
2021-08-09 05:15:00,61.64525,TFT
2021-08-09 05:30:00,53.505737,TFT
2021-08-09 05:45:00,44.543373,TFT
2021-08-09 06:00:00,36.68992,TFT
2021-08-09 06:15:00,31.558048,TFT
2021-08-09 06:30:00,29.361546,TFT
2021-08-09 06:45:00,30.088352,TFT
2021-08-09 07:00:00,35.00065,TFT
2021-08-09 07:15:00,48.112682,TFT
2021-08-09 07:30:00,78.75095,TFT
2021-08-09 07:45:00,136.34517,TFT
2021-08-09 08:00:00,185.3821,TFT
2021-08-09 08:15:00,195.62004,TFT
2021-08-09 08:30:00,194.74425,TFT
2021-08-09 08:45:00,192.09082,TFT
2021-08-09 09:00:00,189.50642,TFT
2021-08-09 09:15:00,187.43112,TFT
2021-08-09 09:30:00,185.85739,TFT
2021-08-09 09:45:00,184.65051,TFT
2021-08-09 10:00:00,183.67194,TFT
2021-08-09 10:15:00,182.80789,TFT
2021-08-09 10:30:00,181.9701,TFT
2021-08-09 10:45:00,181.09439,TFT
2021-08-09 11:00:00,180.14444,TFT
2021-08-09 11:15:00,179.1213,TFT
2021-08-09 11:30:00,178.06967,TFT
2021-08-09 11:45:00,177.06374,TFT
2021-08-09 12:00:00,176.17278,TFT
2021-08-09 12:15:00,175.43198,TFT
2021-08-09 12:30:00,174.83923,TFT
2021-08-09 12:45:00,174.37015,TFT
2021-08-09 13:00:00,173.99408,TFT
2021-08-09 13:15:00,173.68333,TFT
2021-08-09 13:30:00,173.41599,TFT
2021-08-09 13:45:00,173.17575,TFT
2021-08-09 14:00:00,172.95064,TFT
2021-08-09 14:15:00,172.73161,TFT
2021-08-09 14:30:00,172.51157,TFT
2021-08-09 14:45:00,172.28448,TFT
2021-08-09 15:00:00,172.04486,TFT
2021-08-09 15:15:00,171.78705,TFT
2021-08-09 15:30:00,171.50497,TFT
2021-08-09 15:45:00,171.19144,TFT
2021-08-09 16:00:00,170.8377,TFT
2021-08-09 16:15:00,170.43301,TFT
2021-08-09 16:30:00,169.96426,TFT
2021-08-09 16:45:00,169.41684,TFT
2021-08-09 17:00:00,168.77469,TFT
2021-08-09 17:15:00,168.02106,TFT
2021-08-09 17:30:00,167.1377,TFT
2021-08-09 17:45:00,166.10161,TFT
2021-08-09 18:00:00,164.88078,TFT
2021-08-09 18:15:00,163.43103,TFT
2021-08-09 18:30:00,161.69385,TFT
2021-08-09 18:45:00,159.5989,TFT
2021-08-09 19:00:00,157.07144,TFT
2021-08-09 19:15:00,154.04793,TFT
2021-08-09 19:30:00,150.50189,TFT
2021-08-09 19:45:00,146.47021,TFT
2021-08-09 20:00:00,142.06427,TFT
2021-08-09 20:15:00,137.4624,TFT
2021-08-09 20:30:00,132.87088,TFT
2021-08-09 20:45:00,128.4758,TFT
2021-08-09 21:00:00,124.40702,TFT
2021-08-09 21:15:00,120.72927,TFT
2021-08-09 21:30:00,117.45534,TFT
2021-08-09 21:45:00,114.56465,TFT
2021-08-09 22:00:00,112.01994,TFT
2021-08-09 22:15:00,109.7794,TFT
2021-08-09 22:30:00,107.8044,TFT
2021-08-09 22:45:00,106.06438,TFT
2021-08-09 23:00:00,104.54011,TFT
2021-08-09 23:15:00,103.226524,TFT
2021-08-09 23:30:00,102.13489,TFT
2021-08-09 23:45:00,101.29213,TFT
2021-08-10 00:00:00,107.56672,TFT
2021-08-10 00:15:00,106.82915,TFT
2021-08-10 00:30:00,106.516335,TFT
2021-08-10 00:45:00,106.50229,TFT
2021-08-10 01:00:00,106.66306,TFT
2021-08-10 01:15:00,106.89772,TFT
2021-08-10 01:30:00,107.137856,TFT
2021-08-10 01:45:00,107.346115,TFT
2021-08-10 02:00:00,107.506996,TFT
2021-08-10 02:15:00,107.617386,TFT
2021-08-10 02:30:00,107.6797,TFT
2021-08-10 02:45:00,107.69849,TFT
2021-08-10 03:00:00,107.67848,TFT
2021-08-10 03:15:00,107.62395,TFT
2021-08-10 03:30:00,107.53836,TFT
2021-08-10 03:45:00,107.42433,TFT
2021-08-10 04:00:00,107.28379,TFT
2021-08-10 04:15:00,107.117325,TFT
2021-08-10 04:30:00,106.92331,TFT
2021-08-10 04:45:00,106.69998,TFT
2021-08-10 05:00:00,106.44472,TFT
2021-08-10 05:15:00,106.15399,TFT
2021-08-10 05:30:00,105.82504,TFT
2021-08-10 05:45:00,105.46475,TFT
2021-08-10 06:00:00,105.112686,TFT
2021-08-10 06:15:00,104.92851,TFT
2021-08-10 06:30:00,105.42407,TFT
2021-08-10 06:45:00,107.8414,TFT
2021-08-10 07:00:00,114.283005,TFT
2021-08-10 07:15:00,126.564835,TFT
2021-08-10 07:30:00,144.27914,TFT
2021-08-10 07:45:00,163.37503,TFT
2021-08-10 08:00:00,178.34,TFT
2021-08-10 08:15:00,186.8547,TFT
2021-08-10 08:30:00,190.21127,TFT
2021-08-10 08:45:00,190.54869,TFT
2021-08-10 09:00:00,189.41159,TFT
2021-08-10 09:15:00,187.69751,TFT
2021-08-10 09:30:00,185.89566,TFT
2021-08-10 09:45:00,184.24757,TFT
2021-08-10 10:00:00,182.84128,TFT
2021-08-10 10:15:00,181.67793,TFT
2021-08-10 10:30:00,180.71947,TFT
2021-08-10 10:45:00,179.91794,TFT
2021-08-10 11:00:00,179.23166,TFT
2021-08-10 11:15:00,178.6333,TFT
2021-08-10 11:30:00,178.11145,TFT
2021-08-10 11:45:00,177.6654,TFT
2021-08-10 12:00:00,177.29523,TFT
2021-08-10 12:15:00,176.99512,TFT
2021-08-10 12:30:00,176.75362,TFT
2021-08-10 12:45:00,176.55678,TFT
2021-08-10 13:00:00,176.39165,TFT
2021-08-10 13:15:00,176.24757,TFT
2021-08-10 13:30:00,176.11646,TFT
2021-08-10 13:45:00,175.99219,TFT
2021-08-10 14:00:00,175.87015,TFT
2021-08-10 14:15:00,175.74655,TFT
2021-08-10 14:30:00,175.61792,TFT
2021-08-10 14:45:00,175.48056,TFT
2021-08-10 15:00:00,175.33017,TFT
2021-08-10 15:15:00,175.1611,TFT
2021-08-10 15:30:00,174.96576,TFT
2021-08-10 15:45:00,174.73349,TFT
2021-08-10 16:00:00,174.4495,TFT
2021-08-10 16:15:00,174.09398,TFT
2021-08-10 16:30:00,173.64175,TFT
2021-08-10 16:45:00,173.06409,TFT
2021-08-10 17:00:00,172.3331,TFT
2021-08-10 17:15:00,171.4273,TFT
2021-08-10 17:30:00,170.33492,TFT
2021-08-10 17:45:00,169.04999,TFT
2021-08-10 18:00:00,167.564,TFT
2021-08-10 18:15:00,165.85893,TFT
2021-08-10 18:30:00,163.90656,TFT
2021-08-10 18:45:00,161.67642,TFT
2021-08-10 19:00:00,159.14452,TFT
2021-08-10 19:15:00,156.30338,TFT
2021-08-10 19:30:00,153.16916,TFT
2021-08-10 19:45:00,149.78467,TFT
2021-08-10 20:00:00,146.21747,TFT
2021-08-10 20:15:00,142.55287,TFT
2021-08-10 20:30:00,138.88089,TFT
2021-08-10 20:45:00,135.28258,TFT
2021-08-10 21:00:00,131.82306,TFT
2021-08-10 21:15:00,128.5479,TFT
2021-08-10 21:30:00,125.48384,TFT
2021-08-10 21:45:00,122.64208,TFT
2021-08-10 22:00:00,120.02203,TFT
2021-08-10 22:15:00,117.61647,TFT
2021-08-10 22:30:00,115.41512,TFT
2021-08-10 22:45:00,113.40882,TFT
2021-08-10 23:00:00,111.59347,TFT
2021-08-10 23:15:00,109.9733,TFT
2021-08-10 23:30:00,108.56455,TFT
2021-08-10 23:45:00,107.396324,TFT
2021-08-11 00:00:00,102.52254,TFT
2021-08-11 00:15:00,101.97957,TFT
2021-08-11 00:30:00,102.029755,TFT
2021-08-11 00:45:00,102.43874,TFT
2021-08-11 01:00:00,103.03264,TFT
2021-08-11 01:15:00,103.680435,TFT
2021-08-11 01:30:00,104.29815,TFT
2021-08-11 01:45:00,104.844025,TFT
2021-08-11 02:00:00,105.30508,TFT
2021-08-11 02:15:00,105.6833,TFT
2021-08-11 02:30:00,105.98709,TFT
2021-08-11 02:45:00,106.22656,TFT
2021-08-11 03:00:00,106.41138,TFT
2021-08-11 03:15:00,106.54985,TFT
2021-08-11 03:30:00,106.64871,TFT
2021-08-11 03:45:00,106.712944,TFT
2021-08-11 04:00:00,106.74604,TFT
2021-08-11 04:15:00,106.74934,TFT
2021-08-11 04:30:00,106.721214,TFT
2021-08-11 04:45:00,106.659615,TFT
2021-08-11 05:00:00,106.56181,TFT
2021-08-11 05:15:00,106.42667,TFT
2021-08-11 05:30:00,106.260956,TFT
2021-08-11 05:45:00,106.09711,TFT
2021-08-11 06:00:00,106.02483,TFT
2021-08-11 06:15:00,106.26634,TFT
2021-08-11 06:30:00,107.29216,TFT
2021-08-11 06:45:00,109.93128,TFT
2021-08-11 07:00:00,115.38051,TFT
2021-08-11 07:15:00,124.71795,TFT
2021-08-11 07:30:00,138.16061,TFT
2021-08-11 07:45:00,154.24263,TFT
2021-08-11 08:00:00,169.79767,TFT
2021-08-11 08:15:00,181.70726,TFT
2021-08-11 08:30:00,188.86987,TFT
2021-08-11 08:45:00,192.08032,TFT
2021-08-11 09:00:00,192.698,TFT
2021-08-11 09:15:00,191.84116,TFT
2021-08-11 09:30:00,190.25397,TFT
2021-08-11 09:45:00,188.39615,TFT
2021-08-11 10:00:00,186.53827,TFT
2021-08-11 10:15:00,184.82234,TFT
2021-08-11 10:30:00,183.30438,TFT
2021-08-11 10:45:00,181.98904,TFT
2021-08-11 11:00:00,180.85785,TFT
2021-08-11 11:15:00,179.88914,TFT
2021-08-11 11:30:00,179.06815,TFT
2021-08-11 11:45:00,178.38603,TFT
2021-08-11 12:00:00,177.83252,TFT
2021-08-11 12:15:00,177.39108,TFT
2021-08-11 12:30:00,177.04056,TFT
2021-08-11 12:45:00,176.75922,TFT
2021-08-11 13:00:00,176.52814,TFT
2021-08-11 13:15:00,176.33223,TFT
2021-08-11 13:30:00,176.16013,TFT
2021-08-11 13:45:00,176.0033,TFT
2021-08-11 14:00:00,175.85515,TFT
2021-08-11 14:15:00,175.71025,TFT
2021-08-11 14:30:00,175.5636,TFT
2021-08-11 14:45:00,175.4099,TFT
2021-08-11 15:00:00,175.24298,TFT
2021-08-11 15:15:00,175.05478,TFT
2021-08-11 15:30:00,174.8342,TFT
2021-08-11 15:45:00,174.5657,TFT
2021-08-11 16:00:00,174.22754,TFT
2021-08-11 16:15:00,173.79031,TFT
2021-08-11 16:30:00,173.21652,TFT
2021-08-11 16:45:00,172.46375,TFT
2021-08-11 17:00:00,171.49219,TFT
2021-08-11 17:15:00,170.27533,TFT
2021-08-11 17:30:00,168.80649,TFT
2021-08-11 17:45:00,167.09407,TFT
2021-08-11 18:00:00,165.14806,TFT
2021-08-11 18:15:00,162.96777,TFT
2021-08-11 18:30:00,160.5436,TFT
2021-08-11 18:45:00,157.86536,TFT
2021-08-11 19:00:00,154.93082,TFT
2021-08-11 19:15:00,151.75426,TFT
2021-08-11 19:30:00,148.37042,TFT
2021-08-11 19:45:00,144.83377,TFT
2021-08-11 20:00:00,141.21149,TFT
2021-08-11 20:15:00,137.57593,TFT
2021-08-11 20:30:00,133.99478,TFT
2021-08-11 20:45:00,130.525,TFT
2021-08-11 21:00:00,127.21039,TFT
2021-08-11 21:15:00,124.08033,TFT
2021-08-11 21:30:00,121.14992,TFT
2021-08-11 21:45:00,118.4232,TFT
2021-08-11 22:00:00,115.89682,TFT
2021-08-11 22:15:00,113.563736,TFT
2021-08-11 22:30:00,111.4165,TFT
2021-08-11 22:45:00,109.450966,TFT
2021-08-11 23:00:00,107.6702,TFT
2021-08-11 23:15:00,106.08759,TFT
2021-08-11 23:30:00,104.730835,TFT
2021-08-11 23:45:00,103.6434,TFT
2021-08-12 00:00:00,100.24165,TFT
2021-08-12 00:15:00,100.37587,TFT
2021-08-12 00:30:00,100.87121,TFT
2021-08-12 00:45:00,101.629486,TFT
2021-08-12 01:00:00,102.52248,TFT
2021-08-12 01:15:00,103.43713,TFT
2021-08-12 01:30:00,104.29694,TFT
2021-08-12 01:45:00,105.063034,TFT
2021-08-12 02:00:00,105.7231,TFT
2021-08-12 02:15:00,106.27951,TFT
2021-08-12 02:30:00,106.740906,TFT
2021-08-12 02:45:00,107.117874,TFT
2021-08-12 03:00:00,107.420975,TFT
2021-08-12 03:15:00,107.65994,TFT
2021-08-12 03:30:00,107.84334,TFT
2021-08-12 03:45:00,107.97863,TFT
2021-08-12 04:00:00,108.07193,TFT
2021-08-12 04:15:00,108.127716,TFT
2021-08-12 04:30:00,108.14817,TFT
2021-08-12 04:45:00,108.13631,TFT
2021-08-12 05:00:00,108.09675,TFT
2021-08-12 05:15:00,108.03962,TFT
2021-08-12 05:30:00,107.98896,TFT
2021-08-12 05:45:00,107.999985,TFT
2021-08-12 06:00:00,108.19721,TFT
2021-08-12 06:15:00,108.843155,TFT
2021-08-12 06:30:00,110.419785,TFT
2021-08-12 06:45:00,113.70154,TFT
2021-08-12 07:00:00,119.706024,TFT
2021-08-12 07:15:00,129.28632,TFT
2021-08-12 07:30:00,142.49812,TFT
2021-08-12 07:45:00,157.87262,TFT
2021-08-12 08:00:00,172.4451,TFT
2021-08-12 08:15:00,183.36572,TFT
2021-08-12 08:30:00,189.69347,TFT
2021-08-12 08:45:00,192.25333,TFT
2021-08-12 09:00:00,192.39029,TFT
2021-08-12 09:15:00,191.21797,TFT
2021-08-12 09:30:00,189.47313,TFT
2021-08-12 09:45:00,187.59396,TFT
2021-08-12 10:00:00,185.81381,TFT
2021-08-12 10:15:00,184.23267,TFT
2021-08-12 10:30:00,182.87067,TFT
2021-08-12 10:45:00,181.70772,TFT
2021-08-12 11:00:00,180.71149,TFT
2021-08-12 11:15:00,179.85464,TFT
2021-08-12 11:30:00,179.12207,TFT
2021-08-12 11:45:00,178.50781,TFT
2021-08-12 12:00:00,178.00558,TFT
2021-08-12 12:15:00,177.60246,TFT
2021-08-12 12:30:00,177.27988,TFT
2021-08-12 12:45:00,177.01785,TFT
2021-08-12 13:00:00,176.79861,TFT
2021-08-12 13:15:00,176.60791,TFT
2021-08-12 13:30:00,176.43509,TFT
2021-08-12 13:45:00,176.27228,TFT
2021-08-12 14:00:00,176.11362,TFT
2021-08-12 14:15:00,175.95433,TFT
2021-08-12 14:30:00,175.79036,TFT
2021-08-12 14:45:00,175.61745,TFT
2021-08-12 15:00:00,175.43079,TFT
2021-08-12 15:15:00,175.22409,TFT
2021-08-12 15:30:00,174.98875,TFT
2021-08-12 15:45:00,174.71254,TFT
2021-08-12 16:00:00,174.37805,TFT
2021-08-12 16:15:00,173.96095,TFT
2021-08-12 16:30:00,173.4291,TFT
2021-08-12 16:45:00,172.74323,TFT
2021-08-12 17:00:00,171.86087,TFT
2021-08-12 17:15:00,170.7431,TFT
2021-08-12 17:30:00,169.36009,TFT
2021-08-12 17:45:00,167.69025,TFT
2021-08-12 18:00:00,165.71382,TFT
2021-08-12 18:15:00,163.40681,TFT
2021-08-12 18:30:00,160.74399,TFT
2021-08-12 18:45:00,157.71167,TFT
2021-08-12 19:00:00,154.31895,TFT
2021-08-12 19:15:00,150.60745,TFT
2021-08-12 19:30:00,146.65268,TFT
2021-08-12 19:45:00,142.55647,TFT
2021-08-12 20:00:00,138.43362,TFT
2021-08-12 20:15:00,134.39156,TFT
2021-08-12 20:30:00,130.51688,TFT
2021-08-12 20:45:00,126.870224,TFT
2021-08-12 21:00:00,123.486435,TFT
2021-08-12 21:15:00,120.37896,TFT
2021-08-12 21:30:00,117.54541,TFT
2021-08-12 21:45:00,114.97391,TFT
2021-08-12 22:00:00,112.646835,TFT
2021-08-12 22:15:00,110.545685,TFT
2021-08-12 22:30:00,108.653984,TFT
2021-08-12 22:45:00,106.96078,TFT
2021-08-12 23:00:00,105.464386,TFT
2021-08-12 23:15:00,104.17505,TFT
2021-08-12 23:30:00,103.11877,TFT
2021-08-12 23:45:00,102.33795,TFT
2021-08-13 00:00:00,98.89321,TFT
2021-08-13 00:15:00,98.85701,TFT
2021-08-13 00:30:00,99.19306,TFT
2021-08-13 00:45:00,99.836235,TFT
2021-08-13 01:00:00,100.65102,TFT
2021-08-13 01:15:00,101.51223,TFT
2021-08-13 01:30:00,102.32937,TFT
2021-08-13 01:45:00,103.05149,TFT
2021-08-13 02:00:00,103.658226,TFT
2021-08-13 02:15:00,104.14766,TFT
2021-08-13 02:30:00,104.52715,TFT
2021-08-13 02:45:00,104.80789,TFT
2021-08-13 03:00:00,105.00147,TFT
2021-08-13 03:15:00,105.11863,TFT
2021-08-13 03:30:00,105.16867,TFT
2021-08-13 03:45:00,105.15925,TFT
2021-08-13 04:00:00,105.096725,TFT
2021-08-13 04:15:00,104.98621,TFT
2021-08-13 04:30:00,104.83183,TFT
2021-08-13 04:45:00,104.64032,TFT
2021-08-13 05:00:00,104.42354,TFT
2021-08-13 05:15:00,104.20471,TFT
2021-08-13 05:30:00,104.030716,TFT
2021-08-13 05:45:00,103.99392,TFT
2021-08-13 06:00:00,104.26943,TFT
2021-08-13 06:15:00,105.174805,TFT
2021-08-13 06:30:00,107.23483,TFT
2021-08-13 06:45:00,111.22042,TFT
2021-08-13 07:00:00,118.12205,TFT
2021-08-13 07:15:00,128.86578,TFT
2021-08-13 07:30:00,143.5848,TFT
2021-08-13 07:45:00,160.40579,TFT
2021-08-13 08:00:00,175.23581,TFT
2021-08-13 08:15:00,184.64444,TFT
2021-08-13 08:30:00,188.61374,TFT
2021-08-13 08:45:00,189.19458,TFT
2021-08-13 09:00:00,188.25049,TFT
2021-08-13 09:15:00,186.82468,TFT
2021-08-13 09:30:00,185.36923,TFT
2021-08-13 09:45:00,184.03561,TFT
2021-08-13 10:00:00,182.84421,TFT
2021-08-13 10:15:00,181.7641,TFT
2021-08-13 10:30:00,180.74826,TFT
2021-08-13 10:45:00,179.75122,TFT
2021-08-13 11:00:00,178.74242,TFT
2021-08-13 11:15:00,177.71832,TFT
2021-08-13 11:30:00,176.70773,TFT
2021-08-13 11:45:00,175.76175,TFT
2021-08-13 12:00:00,174.92783,TFT
2021-08-13 12:15:00,174.22977,TFT
2021-08-13 12:30:00,173.66582,TFT
2021-08-13 12:45:00,173.21875,TFT
2021-08-13 13:00:00,172.8668,TFT
2021-08-13 13:15:00,172.58946,TFT
2021-08-13 13:30:00,172.36983,TFT
2021-08-13 13:45:00,172.19458,TFT
2021-08-13 14:00:00,172.05295,TFT
2021-08-13 14:15:00,171.9358,TFT
2021-08-13 14:30:00,171.8347,TFT
2021-08-13 14:45:00,171.7414,TFT
2021-08-13 15:00:00,171.64731,TFT
2021-08-13 15:15:00,171.54291,TFT
2021-08-13 15:30:00,171.4173,TFT
2021-08-13 15:45:00,171.25722,TFT
2021-08-13 16:00:00,171.04611,TFT
2021-08-13 16:15:00,170.76279,TFT
2021-08-13 16:30:00,170.37971,TFT
2021-08-13 16:45:00,169.8617,TFT
2021-08-13 17:00:00,169.16437,TFT
2021-08-13 17:15:00,168.23276,TFT
2021-08-13 17:30:00,166.99887,TFT
2021-08-13 17:45:00,165.37833,TFT
2021-08-13 18:00:00,163.2695,TFT
2021-08-13 18:15:00,160.56198,TFT
2021-08-13 18:30:00,157.16266,TFT
2021-08-13 18:45:00,153.03894,TFT
2021-08-13 19:00:00,148.26233,TFT
2021-08-13 19:15:00,143.02382,TFT
2021-08-13 19:30:00,137.59457,TFT
2021-08-13 19:45:00,132.2573,TFT
2021-08-13 20:00:00,127.239075,TFT
2021-08-13 20:15:00,122.68215,TFT
2021-08-13 20:30:00,118.64595,TFT
2021-08-13 20:45:00,115.12935,TFT
2021-08-13 21:00:00,112.09572,TFT
2021-08-13 21:15:00,109.49095,TFT
2021-08-13 21:30:00,107.25693,TFT
2021-08-13 21:45:00,105.33865,TFT
2021-08-13 22:00:00,103.68809,TFT
2021-08-13 22:15:00,102.265884,TFT
2021-08-13 22:30:00,101.042336,TFT
2021-08-13 22:45:00,99.99817,TFT
2021-08-13 23:00:00,99.12602,TFT
2021-08-13 23:15:00,98.43237,TFT
2021-08-13 23:30:00,97.9392,TFT
2021-08-13 23:45:00,97.683014,TFT
2021-08-14 00:00:00,64.9318,TFT
2021-08-14 00:15:00,71.930405,TFT
2021-08-14 00:30:00,78.590416,TFT
2021-08-14 00:45:00,84.00451,TFT
2021-08-14 01:00:00,88.09123,TFT
2021-08-14 01:15:00,91.170334,TFT
2021-08-14 01:30:00,93.53327,TFT
2021-08-14 01:45:00,95.368484,TFT
2021-08-14 02:00:00,96.79752,TFT
2021-08-14 02:15:00,97.9072,TFT
2021-08-14 02:30:00,98.76332,TFT
2021-08-14 02:45:00,99.41614,TFT
2021-08-14 03:00:00,99.90368,TFT
2021-08-14 03:15:00,100.25416,TFT
2021-08-14 03:30:00,100.48807,TFT
2021-08-14 03:45:00,100.61967,TFT
2021-08-14 04:00:00,100.658066,TFT
2021-08-14 04:15:00,100.607574,TFT
2021-08-14 04:30:00,100.46779,TFT
2021-08-14 04:45:00,100.23402,TFT
2021-08-14 05:00:00,99.89644,TFT
2021-08-14 05:15:00,99.43861,TFT
2021-08-14 05:30:00,98.83548,TFT
2021-08-14 05:45:00,98.04946,TFT
2021-08-14 06:00:00,97.022675,TFT
2021-08-14 06:15:00,95.66167,TFT
2021-08-14 06:30:00,93.804535,TFT
2021-08-14 06:45:00,91.13946,TFT
2021-08-14 07:00:00,86.91282,TFT
2021-08-14 07:15:00,78.64815,TFT
2021-08-14 07:30:00,59.700584,TFT
2021-08-14 07:45:00,36.20659,TFT
2021-08-14 08:00:00,27.198822,TFT
2021-08-14 08:15:00,25.30621,TFT
2021-08-14 08:30:00,24.895615,TFT
2021-08-14 08:45:00,24.746082,TFT
2021-08-14 09:00:00,24.682518,TFT
2021-08-14 09:15:00,24.684742,TFT
2021-08-14 09:30:00,24.737217,TFT
2021-08-14 09:45:00,24.816395,TFT
2021-08-14 10:00:00,24.897598,TFT
2021-08-14 10:15:00,24.960842,TFT
2021-08-14 10:30:00,24.994896,TFT
2021-08-14 10:45:00,25.000858,TFT
2021-08-14 11:00:00,24.993656,TFT
2021-08-14 11:15:00,24.996479,TFT
2021-08-14 11:30:00,25.027355,TFT
2021-08-14 11:45:00,25.078785,TFT
2021-08-14 12:00:00,25.109768,TFT
2021-08-14 12:15:00,25.059013,TFT
2021-08-14 12:30:00,24.879005,TFT
2021-08-14 12:45:00,24.573559,TFT
2021-08-14 13:00:00,24.21199,TFT
2021-08-14 13:15:00,23.893612,TFT
2021-08-14 13:30:00,23.686398,TFT
2021-08-14 13:45:00,23.600384,TFT
2021-08-14 14:00:00,23.606983,TFT
2021-08-14 14:15:00,23.66808,TFT
2021-08-14 14:30:00,23.751453,TFT
2021-08-14 14:45:00,23.834484,TFT
2021-08-14 15:00:00,23.90242,TFT
2021-08-14 15:15:00,23.946125,TFT
2021-08-14 15:30:00,23.960274,TFT
2021-08-14 15:45:00,23.942245,TFT
2021-08-14 16:00:00,23.89161,TFT
2021-08-14 16:15:00,23.810093,TFT
2021-08-14 16:30:00,23.701778,TFT
2021-08-14 16:45:00,23.573284,TFT
2021-08-14 17:00:00,23.433353,TFT
2021-08-14 17:15:00,23.29171,TFT
2021-08-14 17:30:00,23.157066,TFT
2021-08-14 17:45:00,23.035587,TFT
2021-08-14 18:00:00,22.931004,TFT
2021-08-14 18:15:00,22.845867,TFT
2021-08-14 18:30:00,22.782642,TFT
2021-08-14 18:45:00,22.74382,TFT
2021-08-14 19:00:00,22.731133,TFT
2021-08-14 19:15:00,22.744835,TFT
2021-08-14 19:30:00,22.783104,TFT
2021-08-14 19:45:00,22.84169,TFT
2021-08-14 20:00:00,22.914253,TFT
2021-08-14 20:15:00,22.99319,TFT
2021-08-14 20:30:00,23.07048,TFT
2021-08-14 20:45:00,23.139378,TFT
2021-08-14 21:00:00,23.195683,TFT
2021-08-14 21:15:00,23.23846,TFT
2021-08-14 21:30:00,23.27016,TFT
2021-08-14 21:45:00,23.296288,TFT
2021-08-14 22:00:00,23.324589,TFT
2021-08-14 22:15:00,23.363304,TFT
2021-08-14 22:30:00,23.420921,TFT
2021-08-14 22:45:00,23.507847,TFT
2021-08-14 23:00:00,23.641235,TFT
2021-08-14 23:15:00,23.855453,TFT
2021-08-14 23:30:00,24.225506,TFT
2021-08-14 23:45:00,24.92215,TFT
2021-08-15 00:00:00,22.751,TFT
2021-08-15 00:15:00,22.791965,TFT
2021-08-15 00:30:00,22.904285,TFT
2021-08-15 00:45:00,23.031715,TFT
2021-08-15 01:00:00,23.164509,TFT
2021-08-15 01:15:00,23.295273,TFT
2021-08-15 01:30:00,23.415638,TFT
2021-08-15 01:45:00,23.52061,TFT
2021-08-15 02:00:00,23.609215,TFT
2021-08-15 02:15:00,23.682545,TFT
2021-08-15 02:30:00,23.741837,TFT
2021-08-15 02:45:00,23.787529,TFT
2021-08-15 03:00:00,23.819183,TFT
2021-08-15 03:15:00,23.835781,TFT
2021-08-15 03:30:00,23.836224,TFT
2021-08-15 03:45:00,23.819435,TFT
2021-08-15 04:00:00,23.78468,TFT
2021-08-15 04:15:00,23.731339,TFT
2021-08-15 04:30:00,23.65886,TFT
2021-08-15 04:45:00,23.56754,TFT
2021-08-15 05:00:00,23.4585,TFT
2021-08-15 05:15:00,23.33432,TFT
2021-08-15 05:30:00,23.200119,TFT
2021-08-15 05:45:00,23.06443,TFT
2021-08-15 06:00:00,22.940067,TFT
2021-08-15 06:15:00,22.844006,TFT
2021-08-15 06:30:00,22.79459,TFT
2021-08-15 06:45:00,22.805626,TFT
2021-08-15 07:00:00,22.879257,TFT
2021-08-15 07:15:00,23.003536,TFT
2021-08-15 07:30:00,23.156868,TFT
2021-08-15 07:45:00,23.315636,TFT
2021-08-15 08:00:00,23.460785,TFT
2021-08-15 08:15:00,23.58062,TFT
2021-08-15 08:30:00,23.670715,TFT
2021-08-15 08:45:00,23.73219,TFT
2021-08-15 09:00:00,23.769897,TFT
2021-08-15 09:15:00,23.790707,TFT
2021-08-15 09:30:00,23.802319,TFT
2021-08-15 09:45:00,23.812355,TFT
2021-08-15 10:00:00,23.82751,TFT
2021-08-15 10:15:00,23.852612,TFT
2021-08-15 10:30:00,23.889294,TFT
2021-08-15 10:45:00,23.934261,TFT
2021-08-15 11:00:00,23.977879,TFT
2021-08-15 11:15:00,24.00689,TFT
2021-08-15 11:30:00,24.007591,TFT
2021-08-15 11:45:00,23.963352,TFT
2021-08-15 12:00:00,23.86309,TFT
2021-08-15 12:15:00,23.724957,TFT
2021-08-15 12:30:00,23.603436,TFT
2021-08-15 12:45:00,23.55235,TFT
2021-08-15 13:00:00,23.588139,TFT
2021-08-15 13:15:00,23.693363,TFT
2021-08-15 13:30:00,23.838943,TFT
2021-08-15 13:45:00,23.998562,TFT
2021-08-15 14:00:00,24.152645,TFT
2021-08-15 14:15:00,24.287888,TFT
2021-08-15 14:30:00,24.395538,TFT
2021-08-15 14:45:00,24.470215,TFT
2021-08-15 15:00:00,24.508846,TFT
2021-08-15 15:15:00,24.510193,TFT
2021-08-15 15:30:00,24.474564,TFT
2021-08-15 15:45:00,24.403755,TFT
2021-08-15 16:00:00,24.301361,TFT
2021-08-15 16:15:00,24.173069,TFT
2021-08-15 16:30:00,24.027283,TFT
2021-08-15 16:45:00,23.875263,TFT
2021-08-15 17:00:00,23.730118,TFT
2021-08-15 17:15:00,23.604275,TFT
2021-08-15 17:30:00,23.506077,TFT
2021-08-15 17:45:00,23.43755,TFT
2021-08-15 18:00:00,23.394913,TFT
2021-08-15 18:15:00,23.37159,TFT
2021-08-15 18:30:00,23.36105,TFT
2021-08-15 18:45:00,23.358261,TFT
2021-08-15 19:00:00,23.35968,TFT
2021-08-15 19:15:00,23.362965,TFT
2021-08-15 19:30:00,23.366478,TFT
2021-08-15 19:45:00,23.368877,TFT
2021-08-15 20:00:00,23.369053,TFT
2021-08-15 20:15:00,23.366177,TFT
2021-08-15 20:30:00,23.35939,TFT
2021-08-15 20:45:00,23.347836,TFT
2021-08-15 21:00:00,23.330795,TFT
2021-08-15 21:15:00,23.307652,TFT
2021-08-15 21:30:00,23.277866,TFT
2021-08-15 21:45:00,23.241116,TFT
2021-08-15 22:00:00,23.197205,TFT
2021-08-15 22:15:00,23.146236,TFT
2021-08-15 22:30:00,23.08873,TFT
2021-08-15 22:45:00,23.025944,TFT
2021-08-15 23:00:00,22.960144,TFT
2021-08-15 23:15:00,22.895275,TFT
2021-08-15 23:30:00,22.837467,TFT
2021-08-15 23:45:00,22.795227,TFT
2021-08-16 00:00:00,28.25763,TFT
2021-08-16 00:15:00,27.504768,TFT
2021-08-16 00:30:00,26.792667,TFT
2021-08-16 00:45:00,26.102879,TFT
2021-08-16 01:00:00,25.477386,TFT
2021-08-16 01:15:00,24.941662,TFT
2021-08-16 01:30:00,24.507431,TFT
2021-08-16 01:45:00,24.176834,TFT
2021-08-16 02:00:00,23.943825,TFT
2021-08-16 02:15:00,23.793491,TFT
2021-08-16 02:30:00,23.702297,TFT
2021-08-16 02:45:00,23.6417,TFT
2021-08-16 03:00:00,23.5825,TFT
2021-08-16 03:15:00,23.499546,TFT
2021-08-16 03:30:00,23.376434,TFT
2021-08-16 03:45:00,23.208492,TFT
2021-08-16 04:00:00,23.004211,TFT
2021-08-16 04:15:00,22.784256,TFT
2021-08-16 04:30:00,22.580898,TFT
2021-08-16 04:45:00,22.432041,TFT
2021-08-16 05:00:00,22.374287,TFT
2021-08-16 05:15:00,22.436691,TFT
2021-08-16 05:30:00,22.634933,TFT
2021-08-16 05:45:00,22.973385,TFT
2021-08-16 06:00:00,23.472446,TFT
2021-08-16 06:15:00,24.2369,TFT
2021-08-16 06:30:00,25.566456,TFT
2021-08-16 06:45:00,28.119255,TFT
2021-08-16 07:00:00,33.258213,TFT
2021-08-16 07:15:00,44.202408,TFT
2021-08-16 07:30:00,69.41364,TFT
2021-08-16 07:45:00,121.16336,TFT
2021-08-16 08:00:00,176.4926,TFT
2021-08-16 08:15:00,191.53554,TFT
2021-08-16 08:30:00,191.87025,TFT
2021-08-16 08:45:00,190.26462,TFT
2021-08-16 09:00:00,188.65735,TFT
2021-08-16 09:15:00,187.26479,TFT
2021-08-16 09:30:00,186.05475,TFT
2021-08-16 09:45:00,184.96988,TFT
2021-08-16 10:00:00,183.96057,TFT
2021-08-16 10:15:00,182.98615,TFT
2021-08-16 10:30:00,182.0127,TFT
2021-08-16 10:45:00,181.01273,TFT
2021-08-16 11:00:00,179.9691,TFT
2021-08-16 11:15:00,178.88235,TFT
2021-08-16 11:30:00,177.77731,TFT
2021-08-16 11:45:00,176.70169,TFT
2021-08-16 12:00:00,175.71194,TFT
2021-08-16 12:15:00,174.854,TFT
2021-08-16 12:30:00,174.14986,TFT
2021-08-16 12:45:00,173.59662,TFT
2021-08-16 13:00:00,173.17567,TFT
2021-08-16 13:15:00,172.86194,TFT
2021-08-16 13:30:00,172.63026,TFT
2021-08-16 13:45:00,172.4585,TFT
2021-08-16 14:00:00,172.32825,TFT
2021-08-16 14:15:00,172.22458,TFT
2021-08-16 14:30:00,172.13544,TFT
2021-08-16 14:45:00,172.05072,TFT
2021-08-16 15:00:00,171.96164,TFT
2021-08-16 15:15:00,171.86005,TFT
2021-08-16 15:30:00,171.73763,TFT
2021-08-16 15:45:00,171.58534,TFT
2021-08-16 16:00:00,171.3924,TFT
2021-08-16 16:15:00,171.14539,TFT
2021-08-16 16:30:00,170.82697,TFT
2021-08-16 16:45:00,170.41501,TFT
2021-08-16 17:00:00,169.88184,TFT
2021-08-16 17:15:00,169.19505,TFT
2021-08-16 17:30:00,168.3198,TFT
2021-08-16 17:45:00,167.22118,TFT
2021-08-16 18:00:00,165.86334,TFT
2021-08-16 18:15:00,164.20381,TFT
2021-08-16 18:30:00,162.18674,TFT
2021-08-16 18:45:00,159.7413,TFT
2021-08-16 19:00:00,156.78879,TFT
2021-08-16 19:15:00,153.26285,TFT
2021-08-16 19:30:00,149.14005,TFT
2021-08-16 19:45:00,144.47278,TFT
2021-08-16 20:00:00,139.406,TFT
2021-08-16 20:15:00,134.16129,TFT
2021-08-16 20:30:00,128.99225,TFT
2021-08-16 20:45:00,124.12094,TFT
2021-08-16 21:00:00,119.69886,TFT
2021-08-16 21:15:00,115.7964,TFT
2021-08-16 21:30:00,112.419106,TFT
2021-08-16 21:45:00,109.53141,TFT
2021-08-16 22:00:00,107.07863,TFT
2021-08-16 22:15:00,105.00287,TFT
2021-08-16 22:30:00,103.25152,TFT
2021-08-16 22:45:00,101.78208,TFT
2021-08-16 23:00:00,100.56502,TFT
2021-08-16 23:15:00,99.58364,TFT
2021-08-16 23:30:00,98.83211,TFT
2021-08-16 23:45:00,98.30995,TFT
2021-08-17 00:00:00,107.98047,TFT
2021-08-17 00:15:00,106.27484,TFT
2021-08-17 00:30:00,105.36388,TFT
2021-08-17 00:45:00,104.88841,TFT
2021-08-17 01:00:00,104.659485,TFT
2021-08-17 01:15:00,104.56414,TFT
2021-08-17 01:30:00,104.53198,TFT
2021-08-17 01:45:00,104.52078,TFT
2021-08-17 02:00:00,104.507324,TFT
2021-08-17 02:15:00,104.48039,TFT
2021-08-17 02:30:00,104.43584,TFT
2021-08-17 02:45:00,104.37326,TFT
2021-08-17 03:00:00,104.29413,TFT
2021-08-17 03:15:00,104.200554,TFT
2021-08-17 03:30:00,104.09453,TFT
2021-08-17 03:45:00,103.977455,TFT
2021-08-17 04:00:00,103.84927,TFT
2021-08-17 04:15:00,103.707405,TFT
2021-08-17 04:30:00,103.547775,TFT
2021-08-17 04:45:00,103.363205,TFT
2021-08-17 05:00:00,103.1424,TFT
2021-08-17 05:15:00,102.868965,TFT
2021-08-17 05:30:00,102.51835,TFT
2021-08-17 05:45:00,102.04276,TFT
2021-08-17 06:00:00,101.300476,TFT
2021-08-17 06:15:00,99.82133,TFT
2021-08-17 06:30:00,97.3005,TFT
2021-08-17 06:45:00,96.78919,TFT
2021-08-17 07:00:00,102.40306,TFT
2021-08-17 07:15:00,115.29906,TFT
2021-08-17 07:30:00,134.44733,TFT
2021-08-17 07:45:00,155.82507,TFT
2021-08-17 08:00:00,173.38385,TFT
2021-08-17 08:15:00,183.92184,TFT
2021-08-17 08:30:00,188.54086,TFT
2021-08-17 08:45:00,189.6849,TFT
2021-08-17 09:00:00,189.14679,TFT
2021-08-17 09:15:00,187.91121,TFT
2021-08-17 09:30:00,186.46317,TFT
2021-08-17 09:45:00,185.02585,TFT
2021-08-17 10:00:00,183.69203,TFT
2021-08-17 10:15:00,182.49077,TFT
2021-08-17 10:30:00,181.41995,TFT
2021-08-17 10:45:00,180.46365,TFT
2021-08-17 11:00:00,179.60246,TFT
2021-08-17 11:15:00,178.82022,TFT
2021-08-17 11:30:00,178.108,TFT
2021-08-17 11:45:00,177.46475,TFT
2021-08-17 12:00:00,176.89395,TFT
2021-08-17 12:15:00,176.39908,TFT
2021-08-17 12:30:00,175.97986,TFT
2021-08-17 12:45:00,175.6313,TFT
2021-08-17 13:00:00,175.34521,TFT
2021-08-17 13:15:00,175.112,TFT
2021-08-17 13:30:00,174.92227,TFT
2021-08-17 13:45:00,174.76764,TFT
2021-08-17 14:00:00,174.64082,TFT
2021-08-17 14:15:00,174.53568,TFT
2021-08-17 14:30:00,174.44676,TFT
2021-08-17 14:45:00,174.36902,TFT
2021-08-17 15:00:00,174.29745,TFT
2021-08-17 15:15:00,174.2264,TFT
2021-08-17 15:30:00,174.14896,TFT
2021-08-17 15:45:00,174.05573,TFT
2021-08-17 16:00:00,173.9336,TFT
2021-08-17 16:15:00,173.76367,TFT
2021-08-17 16:30:00,173.51912,TFT
2021-08-17 16:45:00,173.16306,TFT
2021-08-17 17:00:00,172.64865,TFT
2021-08-17 17:15:00,171.9231,TFT
2021-08-17 17:30:00,170.93741,TFT
2021-08-17 17:45:00,169.65842,TFT
2021-08-17 18:00:00,168.07423,TFT
2021-08-17 18:15:00,166.18698,TFT
2021-08-17 18:30:00,164.00084,TFT
2021-08-17 18:45:00,161.51474,TFT
2021-08-17 19:00:00,158.72491,TFT
2021-08-17 19:15:00,155.63397,TFT
2021-08-17 19:30:00,152.26053,TFT
2021-08-17 19:45:00,148.64594,TFT
2021-08-17 20:00:00,144.85428,TFT
2021-08-17 20:15:00,140.96849,TFT
2021-08-17 20:30:00,137.07925,TFT
2021-08-17 20:45:00,133.27188,TFT
2021-08-17 21:00:00,129.61899,TFT
2021-08-17 21:15:00,126.174835,TFT
2021-08-17 21:30:00,122.97444,TFT
2021-08-17 21:45:00,120.03581,TFT
2021-08-17 22:00:00,117.36364,TFT
2021-08-17 22:15:00,114.95383,TFT
2021-08-17 22:30:00,112.79801,TFT
2021-08-17 22:45:00,110.887474,TFT
2021-08-17 23:00:00,109.21651,TFT
2021-08-17 23:15:00,107.78502,TFT
2021-08-17 23:30:00,106.59826,TFT
2021-08-17 23:45:00,105.66367,TFT
2021-08-18 00:00:00,102.44812,TFT
2021-08-18 00:15:00,102.01227,TFT
2021-08-18 00:30:00,101.91316,TFT
2021-08-18 00:45:00,102.05672,TFT
2021-08-18 01:00:00,102.35716,TFT
2021-08-18 01:15:00,102.7339,TFT
2021-08-18 01:30:00,103.12547,TFT
2021-08-18 01:45:00,103.49211,TFT
2021-08-18 02:00:00,103.811966,TFT
2021-08-18 02:15:00,104.0756,TFT
2021-08-18 02:30:00,104.281334,TFT
2021-08-18 02:45:00,104.4319,TFT
2021-08-18 03:00:00,104.53211,TFT
2021-08-18 03:15:00,104.5876,TFT
2021-08-18 03:30:00,104.60382,TFT
2021-08-18 03:45:00,104.58551,TFT
2021-08-18 04:00:00,104.53609,TFT
2021-08-18 04:15:00,104.456635,TFT
2021-08-18 04:30:00,104.34784,TFT
2021-08-18 04:45:00,104.210205,TFT
2021-08-18 05:00:00,104.04652,TFT
2021-08-18 05:15:00,103.868614,TFT
2021-08-18 05:30:00,103.71089,TFT
2021-08-18 05:45:00,103.651215,TFT
2021-08-18 06:00:00,103.82063,TFT
2021-08-18 06:15:00,104.357086,TFT
2021-08-18 06:30:00,105.38524,TFT
2021-08-18 06:45:00,107.37088,TFT
2021-08-18 07:00:00,111.82147,TFT
2021-08-18 07:15:00,120.88725,TFT
2021-08-18 07:30:00,135.44193,TFT
2021-08-18 07:45:00,153.6128,TFT
2021-08-18 08:00:00,170.89987,TFT
2021-08-18 08:15:00,183.268,TFT
2021-08-18 08:30:00,190.04283,TFT
2021-08-18 08:45:00,192.70453,TFT
2021-08-18 09:00:00,192.92331,TFT
2021-08-18 09:15:00,191.89589,TFT
2021-08-18 09:30:00,190.34076,TFT
2021-08-18 09:45:00,188.64438,TFT
2021-08-18 10:00:00,186.99542,TFT
2021-08-18 10:15:00,185.47424,TFT
2021-08-18 10:30:00,184.10388,TFT
2021-08-18 10:45:00,182.87909,TFT
2021-08-18 11:00:00,181.78284,TFT
2021-08-18 11:15:00,180.79727,TFT
2021-08-18 11:30:00,179.91034,TFT
2021-08-18 11:45:00,179.1179,TFT
2021-08-18 12:00:00,178.4206,TFT
2021-08-18 12:15:00,177.819,TFT
2021-08-18 12:30:00,177.30978,TFT
2021-08-18 12:45:00,176.8847,TFT
2021-08-18 13:00:00,176.53229,TFT
2021-08-18 13:15:00,176.24007,TFT
2021-08-18 13:30:00,175.99626,TFT
2021-08-18 13:45:00,175.79056,TFT
2021-08-18 14:00:00,175.61426,TFT
2021-08-18 14:15:00,175.45998,TFT
2021-08-18 14:30:00,175.32141,TFT
2021-08-18 14:45:00,175.19266,TFT
2021-08-18 15:00:00,175.06784,TFT
2021-08-18 15:15:00,174.94012,TFT
2021-08-18 15:30:00,174.80096,TFT
2021-08-18 15:45:00,174.63861,TFT
2021-08-18 16:00:00,174.43622,TFT
2021-08-18 16:15:00,174.16937,TFT
2021-08-18 16:30:00,173.80275,TFT
2021-08-18 16:45:00,173.2876,TFT
2021-08-18 17:00:00,172.56108,TFT
2021-08-18 17:15:00,171.552,TFT
2021-08-18 17:30:00,170.19437,TFT
2021-08-18 17:45:00,168.44553,TFT
2021-08-18 18:00:00,166.29622,TFT
2021-08-18 18:15:00,163.76453,TFT
2021-08-18 18:30:00,160.88052,TFT
2021-08-18 18:45:00,157.67697,TFT
2021-08-18 19:00:00,154.18991,TFT
2021-08-18 19:15:00,150.46619,TFT
2021-08-18 19:30:00,146.56819,TFT
2021-08-18 19:45:00,142.5733,TFT
2021-08-18 20:00:00,138.5676,TFT
2021-08-18 20:15:00,134.63705,TFT
2021-08-18 20:30:00,130.85768,TFT
2021-08-18 20:45:00,127.28854,TFT
2021-08-18 21:00:00,123.96869,TFT
2021-08-18 21:15:00,120.91843,TFT
2021-08-18 21:30:00,118.143036,TFT
2021-08-18 21:45:00,115.63692,TFT
2021-08-18 22:00:00,113.38794,TFT
2021-08-18 22:15:00,111.38133,TFT
2021-08-18 22:30:00,109.603386,TFT
2021-08-18 22:45:00,108.04474,TFT
2021-08-18 23:00:00,106.700676,TFT
2021-08-18 23:15:00,105.57366,TFT
2021-08-18 23:30:00,104.67303,TFT
2021-08-18 23:45:00,104.01134,TFT
2021-08-19 00:00:00,105.74586,TFT
2021-08-19 00:15:00,105.23651,TFT
2021-08-19 00:30:00,105.12427,TFT
2021-08-19 00:45:00,105.26961,TFT
2021-08-19 01:00:00,105.57717,TFT
2021-08-19 01:15:00,105.9651,TFT
2021-08-19 01:30:00,106.3716,TFT
2021-08-19 01:45:00,106.75612,TFT
2021-08-19 02:00:00,107.09572,TFT
2021-08-19 02:15:00,107.37984,TFT
2021-08-19 02:30:00,107.60579,TFT
2021-08-19 02:45:00,107.77542,TFT
2021-08-19 03:00:00,107.892914,TFT
2021-08-19 03:15:00,107.96345,TFT
2021-08-19 03:30:00,107.99215,TFT
2021-08-19 03:45:00,107.983635,TFT
2021-08-19 04:00:00,107.94133,TFT
2021-08-19 04:15:00,107.86636,TFT
2021-08-19 04:30:00,107.759125,TFT
2021-08-19 04:45:00,107.61921,TFT
2021-08-19 05:00:00,107.44623,TFT
2021-08-19 05:15:00,107.24272,TFT
2021-08-19 05:30:00,107.02228,TFT
2021-08-19 05:45:00,106.82724,TFT
2021-08-19 06:00:00,106.76876,TFT
2021-08-19 06:15:00,107.097435,TFT
2021-08-19 06:30:00,108.30193,TFT
2021-08-19 06:45:00,111.15354,TFT
2021-08-19 07:00:00,116.576324,TFT
2021-08-19 07:15:00,125.39768,TFT
2021-08-19 07:30:00,137.88551,TFT
2021-08-19 07:45:00,153.10771,TFT
2021-08-19 08:00:00,168.57825,TFT
2021-08-19 08:15:00,181.16904,TFT
2021-08-19 08:30:00,189.09,TFT
2021-08-19 08:45:00,192.66307,TFT
2021-08-19 09:00:00,193.30225,TFT
2021-08-19 09:15:00,192.3731,TFT
2021-08-19 09:30:00,190.78143,TFT
2021-08-19 09:45:00,189.01935,TFT
2021-08-19 10:00:00,187.31738,TFT
2021-08-19 10:15:00,185.76459,TFT
2021-08-19 10:30:00,184.37976,TFT
2021-08-19 10:45:00,183.14941,TFT
2021-08-19 11:00:00,182.04837,TFT
2021-08-19 11:15:00,181.05215,TFT
2021-08-19 11:30:00,180.1448,TFT
2021-08-19 11:45:00,179.32114,TFT
2021-08-19 12:00:00,178.58331,TFT
2021-08-19 12:15:00,177.93483,TFT
2021-08-19 12:30:00,177.3753,TFT
2021-08-19 12:45:00,176.89865,TFT
2021-08-19 13:00:00,176.49448,TFT
2021-08-19 13:15:00,176.15056,TFT
2021-08-19 13:30:00,175.8548,TFT
2021-08-19 13:45:00,175.59633,TFT
2021-08-19 14:00:00,175.36584,TFT
2021-08-19 14:15:00,175.1553,TFT
2021-08-19 14:30:00,174.95764,TFT
2021-08-19 14:45:00,174.7663,TFT
2021-08-19 15:00:00,174.57455,TFT
2021-08-19 15:15:00,174.37485,TFT
2021-08-19 15:30:00,174.15771,TFT
2021-08-19 15:45:00,173.91049,TFT
2021-08-19 16:00:00,173.61542,TFT
2021-08-19 16:15:00,173.24709,TFT
2021-08-19 16:30:00,172.76929,TFT
2021-08-19 16:45:00,172.13208,TFT
2021-08-19 17:00:00,171.27083,TFT
2021-08-19 17:15:00,170.11102,TFT
2021-08-19 17:30:00,168.58081,TFT
2021-08-19 17:45:00,166.62881,TFT
2021-08-19 18:00:00,164.23624,TFT
2021-08-19 18:15:00,161.4151,TFT
2021-08-19 18:30:00,158.19745,TFT
2021-08-19 18:45:00,154.63132,TFT
2021-08-19 19:00:00,150.78078,TFT
2021-08-19 19:15:00,146.72893,TFT
2021-08-19 19:30:00,142.57697,TFT
2021-08-19 19:45:00,138.43463,TFT
2021-08-19 20:00:00,134.40599,TFT
2021-08-19 20:15:00,130.57707,TFT
2021-08-19 20:30:00,127.00961,TFT
2021-08-19 20:45:00,123.738815,TFT
2021-08-19 21:00:00,120.77733,TFT
2021-08-19 21:15:00,118.12097,TFT
2021-08-19 21:30:00,115.754486,TFT
2021-08-19 21:45:00,113.65671,TFT
2021-08-19 22:00:00,111.80484,TFT
2021-08-19 22:15:00,110.17726,TFT
2021-08-19 22:30:00,108.75595,TFT
2021-08-19 22:45:00,107.52882,TFT
2021-08-19 23:00:00,106.49155,TFT
2021-08-19 23:15:00,105.64768,TFT
2021-08-19 23:30:00,105.008156,TFT
2021-08-19 23:45:00,104.587105,TFT
2021-08-20 00:00:00,102.71538,TFT
2021-08-20 00:15:00,101.92905,TFT
2021-08-20 00:30:00,101.64425,TFT
2021-08-20 00:45:00,101.65799,TFT
2021-08-20 01:00:00,101.85081,TFT
2021-08-20 01:15:00,102.13311,TFT
2021-08-20 01:30:00,102.44067,TFT
2021-08-20 01:45:00,102.73219,TFT
2021-08-20 02:00:00,102.98419,TFT
2021-08-20 02:15:00,103.18526,TFT
2021-08-20 02:30:00,103.331314,TFT
2021-08-20 02:45:00,103.42263,TFT
2021-08-20 03:00:00,103.4613,TFT
2021-08-20 03:15:00,103.45024,TFT
2021-08-20 03:30:00,103.39232,TFT
2021-08-20 03:45:00,103.29002,TFT
2021-08-20 04:00:00,103.14458,TFT
2021-08-20 04:15:00,102.95514,TFT
2021-08-20 04:30:00,102.72041,TFT
2021-08-20 04:45:00,102.43891,TFT
2021-08-20 05:00:00,102.11077,TFT
2021-08-20 05:15:00,101.74269,TFT
2021-08-20 05:30:00,101.35904,TFT
2021-08-20 05:45:00,101.02512,TFT
2021-08-20 06:00:00,100.89136,TFT
2021-08-20 06:15:00,101.26139,TFT
2021-08-20 06:30:00,102.67937,TFT
2021-08-20 06:45:00,105.992165,TFT
2021-08-20 07:00:00,112.31223,TFT
2021-08-20 07:15:00,122.80061,TFT
2021-08-20 07:30:00,138.03752,TFT
2021-08-20 07:45:00,156.6087,TFT
2021-08-20 08:00:00,174.09583,TFT
2021-08-20 08:15:00,185.73302,TFT
2021-08-20 08:30:00,190.66008,TFT
2021-08-20 08:45:00,191.19281,TFT
2021-08-20 09:00:00,189.74805,TFT
2021-08-20 09:15:00,187.72195,TFT
2021-08-20 09:30:00,185.72418,TFT
2021-08-20 09:45:00,183.96194,TFT
2021-08-20 10:00:00,182.46725,TFT
2021-08-20 10:15:00,181.20355,TFT
2021-08-20 10:30:00,180.11322,TFT
2021-08-20 10:45:00,179.13916,TFT
2021-08-20 11:00:00,178.2352,TFT
2021-08-20 11:15:00,177.37112,TFT
2021-08-20 11:30:00,176.53549,TFT
2021-08-20 11:45:00,175.73453,TFT
2021-08-20 12:00:00,174.98544,TFT
2021-08-20 12:15:00,174.307,TFT
2021-08-20 12:30:00,173.7114,TFT
2021-08-20 12:45:00,173.20082,TFT
2021-08-20 13:00:00,172.76971,TFT
2021-08-20 13:15:00,172.4078,TFT
2021-08-20 13:30:00,172.10356,TFT
2021-08-20 13:45:00,171.84573,TFT
2021-08-20 14:00:00,171.62408,TFT
2021-08-20 14:15:00,171.42952,TFT
2021-08-20 14:30:00,171.25371,TFT
2021-08-20 14:45:00,171.08865,TFT
2021-08-20 15:00:00,170.92615,TFT
2021-08-20 15:15:00,170.75732,TFT
2021-08-20 15:30:00,170.57156,TFT
2021-08-20 15:45:00,170.35562,TFT
2021-08-20 16:00:00,170.09207,TFT
2021-08-20 16:15:00,169.75719,TFT
2021-08-20 16:30:00,169.31844,TFT
2021-08-20 16:45:00,168.73178,TFT
2021-08-20 17:00:00,167.94011,TFT
2021-08-20 17:15:00,166.87524,TFT
2021-08-20 17:30:00,165.46529,TFT
2021-08-20 17:45:00,163.64629,TFT
2021-08-20 18:00:00,161.37204,TFT
2021-08-20 18:15:00,158.61736,TFT
2021-08-20 18:30:00,155.37927,TFT
2021-08-20 18:45:00,151.67914,TFT
2021-08-20 19:00:00,147.57237,TFT
2021-08-20 19:15:00,143.15776,TFT
2021-08-20 19:30:00,138.57306,TFT
2021-08-20 19:45:00,133.97559,TFT
2021-08-20 20:00:00,129.51376,TFT
2021-08-20 20:15:00,125.307495,TFT
2021-08-20 20:30:00,121.43681,TFT
2021-08-20 20:45:00,117.941284,TFT
2021-08-20 21:00:00,114.82771,TFT
2021-08-20 21:15:00,112.080246,TFT
2021-08-20 21:30:00,109.66997,TFT
2021-08-20 21:45:00,107.563126,TFT
2021-08-20 22:00:00,105.72594,TFT
2021-08-20 22:15:00,104.128006,TFT
2021-08-20 22:30:00,102.744965,TFT
2021-08-20 22:45:00,101.56053,TFT
2021-08-20 23:00:00,100.56769,TFT
2021-08-20 23:15:00,99.76932,TFT
2021-08-20 23:30:00,99.17688,TFT
2021-08-20 23:45:00,98.80552,TFT
2021-08-21 00:00:00,68.2927,TFT
2021-08-21 00:15:00,71.71155,TFT
2021-08-21 00:30:00,76.176895,TFT
2021-08-21 00:45:00,80.73824,TFT
2021-08-21 01:00:00,84.73787,TFT
2021-08-21 01:15:00,88.02833,TFT
2021-08-21 01:30:00,90.67148,TFT
2021-08-21 01:45:00,92.77662,TFT
2021-08-21 02:00:00,94.446495,TFT
2021-08-21 02:15:00,95.76635,TFT
2021-08-21 02:30:00,96.804054,TFT
2021-08-21 02:45:00,97.61274,TFT
2021-08-21 03:00:00,98.23377,TFT
2021-08-21 03:15:00,98.699234,TFT
2021-08-21 03:30:00,99.03381,TFT
2021-08-21 03:45:00,99.25615,TFT
2021-08-21 04:00:00,99.37966,TFT
2021-08-21 04:15:00,99.41304,TFT
2021-08-21 04:30:00,99.36127,TFT
2021-08-21 04:45:00,99.22563,TFT
2021-08-21 05:00:00,99.00382,TFT
2021-08-21 05:15:00,98.689674,TFT
2021-08-21 05:30:00,98.271095,TFT
2021-08-21 05:45:00,97.72292,TFT
2021-08-21 06:00:00,96.989105,TFT
2021-08-21 06:15:00,95.94055,TFT
2021-08-21 06:30:00,94.28916,TFT
2021-08-21 06:45:00,91.39877,TFT
2021-08-21 07:00:00,85.762596,TFT
2021-08-21 07:15:00,73.52096,TFT
2021-08-21 07:30:00,50.450737,TFT
2021-08-21 07:45:00,32.17484,TFT
2021-08-21 08:00:00,26.098862,TFT
2021-08-21 08:15:00,24.085838,TFT
2021-08-21 08:30:00,23.289005,TFT
2021-08-21 08:45:00,23.03305,TFT
2021-08-21 09:00:00,23.089222,TFT
2021-08-21 09:15:00,23.338623,TFT
2021-08-21 09:30:00,23.695393,TFT
2021-08-21 09:45:00,24.08942,TFT
2021-08-21 10:00:00,24.462109,TFT
2021-08-21 10:15:00,24.764442,TFT
2021-08-21 10:30:00,24.960438,TFT
2021-08-21 10:45:00,25.034382,TFT
2021-08-21 11:00:00,24.998234,TFT
2021-08-21 11:15:00,24.89669,TFT
2021-08-21 11:30:00,24.794731,TFT
2021-08-21 11:45:00,24.734539,TFT
2021-08-21 12:00:00,24.70905,TFT
2021-08-21 12:15:00,24.667973,TFT
2021-08-21 12:30:00,24.546822,TFT
2021-08-21 12:45:00,24.31673,TFT
2021-08-21 13:00:00,24.02818,TFT
2021-08-21 13:15:00,23.783112,TFT
2021-08-21 13:30:00,23.654,TFT
2021-08-21 13:45:00,23.64576,TFT
2021-08-21 14:00:00,23.721863,TFT
2021-08-21 14:15:00,23.839317,TFT
2021-08-21 14:30:00,23.964386,TFT
2021-08-21 14:45:00,24.074665,TFT
2021-08-21 15:00:00,24.15649,TFT
2021-08-21 15:15:00,24.202225,TFT
2021-08-21 15:30:00,24.20811,TFT
2021-08-21 15:45:00,24.173122,TFT
2021-08-21 16:00:00,24.098186,TFT
2021-08-21 16:15:00,23.985832,TFT
2021-08-21 16:30:00,23.840027,TFT
2021-08-21 16:45:00,23.666252,TFT
2021-08-21 17:00:00,23.471539,TFT
2021-08-21 17:15:00,23.26447,TFT
2021-08-21 17:30:00,23.05455,TFT
2021-08-21 17:45:00,22.851154,TFT
2021-08-21 18:00:00,22.662312,TFT
2021-08-21 18:15:00,22.49419,TFT
2021-08-21 18:30:00,22.351467,TFT
2021-08-21 18:45:00,22.238102,TFT
2021-08-21 19:00:00,22.157623,TFT
2021-08-21 19:15:00,22.11288,TFT
2021-08-21 19:30:00,22.105537,TFT
2021-08-21 19:45:00,22.13554,TFT
2021-08-21 20:00:00,22.201088,TFT
2021-08-21 20:15:00,22.2989,TFT
2021-08-21 20:30:00,22.424915,TFT
2021-08-21 20:45:00,22.575531,TFT
2021-08-21 21:00:00,22.748577,TFT
2021-08-21 21:15:00,22.944687,TFT
2021-08-21 21:30:00,23.168156,TFT
2021-08-21 21:45:00,23.42786,TFT
2021-08-21 22:00:00,23.735443,TFT
2021-08-21 22:15:00,24.10432,TFT
2021-08-21 22:30:00,24.550476,TFT
2021-08-21 22:45:00,25.095154,TFT
2021-08-21 23:00:00,25.774658,TFT
2021-08-21 23:15:00,26.660046,TFT
2021-08-21 23:30:00,27.88728,TFT
2021-08-21 23:45:00,29.701927,TFT
2021-08-22 00:00:00,21.484768,TFT
2021-08-22 00:15:00,21.776897,TFT
2021-08-22 00:30:00,22.001926,TFT
2021-08-22 00:45:00,22.180683,TFT
2021-08-22 01:00:00,22.336079,TFT
2021-08-22 01:15:00,22.472301,TFT
2021-08-22 01:30:00,22.588306,TFT
2021-08-22 01:45:00,22.682716,TFT
2021-08-22 02:00:00,22.755299,TFT
2021-08-22 02:15:00,22.806934,TFT
2021-08-22 02:30:00,22.839127,TFT
2021-08-22 02:45:00,22.853626,TFT
2021-08-22 03:00:00,22.852188,TFT
2021-08-22 03:15:00,22.836239,TFT
2021-08-22 03:30:00,22.806973,TFT
2021-08-22 03:45:00,22.765255,TFT
2021-08-22 04:00:00,22.711498,TFT
2021-08-22 04:15:00,22.645546,TFT
2021-08-22 04:30:00,22.567295,TFT
2021-08-22 04:45:00,22.476696,TFT
2021-08-22 05:00:00,22.37407,TFT
2021-08-22 05:15:00,22.260921,TFT
2021-08-22 05:30:00,22.140812,TFT
2021-08-22 05:45:00,22.02,TFT
2021-08-22 06:00:00,21.908524,TFT
2021-08-22 06:15:00,21.819626,TFT
2021-08-22 06:30:00,21.765839,TFT
2021-08-22 06:45:00,21.75378,TFT
2021-08-22 07:00:00,21.782341,TFT
2021-08-22 07:15:00,21.844738,TFT
2021-08-22 07:30:00,21.931423,TFT
2021-08-22 07:45:00,22.032742,TFT
2021-08-22 08:00:00,22.140469,TFT
2021-08-22 08:15:00,22.248547,TFT
2021-08-22 08:30:00,22.352695,TFT
2021-08-22 08:45:00,22.450134,TFT
2021-08-22 09:00:00,22.53955,TFT
2021-08-22 09:15:00,22.621227,TFT
2021-08-22 09:30:00,22.696865,TFT
2021-08-22 09:45:00,22.768757,TFT
2021-08-22 10:00:00,22.837147,TFT
2021-08-22 10:15:00,22.89811,TFT
2021-08-22 10:30:00,22.942902,TFT
2021-08-22 10:45:00,22.962013,TFT
2021-08-22 11:00:00,22.9528,TFT
2021-08-22 11:15:00,22.925362,TFT
2021-08-22 11:30:00,22.897938,TFT
2021-08-22 11:45:00,22.88567,TFT
2021-08-22 12:00:00,22.886742,TFT
2021-08-22 12:15:00,22.89283,TFT
2021-08-22 12:30:00,22.913708,TFT
2021-08-22 12:45:00,22.978146,TFT
2021-08-22 13:00:00,23.09925,TFT
2021-08-22 13:15:00,23.260593,TFT
2021-08-22 13:30:00,23.434624,TFT
2021-08-22 13:45:00,23.59811,TFT
2021-08-22 14:00:00,23.736816,TFT
2021-08-22 14:15:00,23.844818,TFT
2021-08-22 14:30:00,23.921825,TFT
2021-08-22 14:45:00,23.970146,TFT
2021-08-22 15:00:00,23.992283,TFT
2021-08-22 15:15:00,23.989906,TFT
2021-08-22 15:30:00,23.963879,TFT
2021-08-22 15:45:00,23.914776,TFT
2021-08-22 16:00:00,23.843636,TFT
2021-08-22 16:15:00,23.752487,TFT
2021-08-22 16:30:00,23.644905,TFT
2021-08-22 16:45:00,23.526573,TFT
2021-08-22 17:00:00,23.405415,TFT
2021-08-22 17:15:00,23.291,TFT
2021-08-22 17:30:00,23.193096,TFT
2021-08-22 17:45:00,23.118431,TFT
2021-08-22 18:00:00,23.06831,TFT
2021-08-22 18:15:00,23.038471,TFT
2021-08-22 18:30:00,23.021774,TFT
2021-08-22 18:45:00,23.011272,TFT
2021-08-22 19:00:00,23.001877,TFT
2021-08-22 19:15:00,22.990173,TFT
2021-08-22 19:30:00,22.974373,TFT
2021-08-22 19:45:00,22.953594,TFT
2021-08-22 20:00:00,22.92759,TFT
2021-08-22 20:15:00,22.896393,TFT
2021-08-22 20:30:00,22.860226,TFT
2021-08-22 20:45:00,22.819157,TFT
2021-08-22 21:00:00,22.773228,TFT
2021-08-22 21:15:00,22.72247,TFT
2021-08-22 21:30:00,22.667,TFT
2021-08-22 21:45:00,22.60704,TFT
2021-08-22 22:00:00,22.543037,TFT
2021-08-22 22:15:00,22.475803,TFT
2021-08-22 22:30:00,22.406536,TFT
2021-08-22 22:45:00,22.337158,TFT
2021-08-22 23:00:00,22.270561,TFT
2021-08-22 23:15:00,22.210888,TFT
2021-08-22 23:30:00,22.163494,TFT
2021-08-22 23:45:00,22.134369,TFT
2021-08-23 00:00:00,28.146408,TFT
2021-08-23 00:15:00,27.510063,TFT
2021-08-23 00:30:00,26.95369,TFT
2021-08-23 00:45:00,26.37841,TFT
2021-08-23 01:00:00,25.831985,TFT
2021-08-23 01:15:00,25.349854,TFT
2021-08-23 01:30:00,24.940979,TFT
2021-08-23 01:45:00,24.601238,TFT
2021-08-23 02:00:00,24.322308,TFT
2021-08-23 02:15:00,24.095264,TFT
2021-08-23 02:30:00,23.910404,TFT
2021-08-23 02:45:00,23.757698,TFT
2021-08-23 03:00:00,23.626812,TFT
2021-08-23 03:15:00,23.508118,TFT
2021-08-23 03:30:00,23.394024,TFT
2021-08-23 03:45:00,23.280396,TFT
2021-08-23 04:00:00,23.168037,TFT
2021-08-23 04:15:00,23.062527,TFT
2021-08-23 04:30:00,22.974617,TFT
2021-08-23 04:45:00,22.919918,TFT
2021-08-23 05:00:00,22.915272,TFT
2021-08-23 05:15:00,22.975342,TFT
2021-08-23 05:30:00,23.112225,TFT
2021-08-23 05:45:00,23.342243,TFT
2021-08-23 06:00:00,23.719368,TFT
2021-08-23 06:15:00,24.402485,TFT
2021-08-23 06:30:00,25.768143,TFT
2021-08-23 06:45:00,28.594517,TFT
2021-08-23 07:00:00,34.44641,TFT
2021-08-23 07:15:00,46.805824,TFT
2021-08-23 07:30:00,74.320496,TFT
2021-08-23 07:45:00,127.67224,TFT
2021-08-23 08:00:00,179.18866,TFT
2021-08-23 08:15:00,194.70229,TFT
2021-08-23 08:30:00,195.74725,TFT
2021-08-23 08:45:00,193.9094,TFT
2021-08-23 09:00:00,191.8002,TFT
2021-08-23 09:15:00,189.965,TFT
2021-08-23 09:30:00,188.45222,TFT
2021-08-23 09:45:00,187.1882,TFT
2021-08-23 10:00:00,186.08804,TFT
2021-08-23 10:15:00,185.0814,TFT
2021-08-23 10:30:00,184.11426,TFT
2021-08-23 10:45:00,183.14856,TFT
2021-08-23 11:00:00,182.16489,TFT
2021-08-23 11:15:00,181.16681,TFT
2021-08-23 11:30:00,180.18158,TFT
2021-08-23 11:45:00,179.2521,TFT
2021-08-23 12:00:00,178.42009,TFT
2021-08-23 12:15:00,177.71051,TFT
2021-08-23 12:30:00,177.12608,TFT
2021-08-23 12:45:00,176.65253,TFT
2021-08-23 13:00:00,176.26712,TFT
2021-08-23 13:15:00,175.94635,TFT
2021-08-23 13:30:00,175.66946,TFT
2021-08-23 13:45:00,175.41945,TFT
2021-08-23 14:00:00,175.1828,TFT
2021-08-23 14:15:00,174.94878,TFT
2021-08-23 14:30:00,174.70862,TFT
2021-08-23 14:45:00,174.45471,TFT
2021-08-23 15:00:00,174.17993,TFT
2021-08-23 15:15:00,173.87708,TFT
2021-08-23 15:30:00,173.53812,TFT
2021-08-23 15:45:00,173.1535,TFT
2021-08-23 16:00:00,172.71133,TFT
2021-08-23 16:15:00,172.19666,TFT
2021-08-23 16:30:00,171.59055,TFT
2021-08-23 16:45:00,170.86995,TFT
2021-08-23 17:00:00,170.00836,TFT
2021-08-23 17:15:00,168.97772,TFT
2021-08-23 17:30:00,167.75085,TFT
2021-08-23 17:45:00,166.30258,TFT
2021-08-23 18:00:00,164.60799,TFT
2021-08-23 18:15:00,162.63968,TFT
2021-08-23 18:30:00,160.3656,TFT
2021-08-23 18:45:00,157.75142,TFT
2021-08-23 19:00:00,154.76912,TFT
2021-08-23 19:15:00,151.40842,TFT
2021-08-23 19:30:00,147.68884,TFT
2021-08-23 19:45:00,143.66867,TFT
2021-08-23 20:00:00,139.44621,TFT
2021-08-23 20:15:00,135.14609,TFT
2021-08-23 20:30:00,130.90207,TFT
2021-08-23 20:45:00,126.83731,TFT
2021-08-23 21:00:00,123.045,TFT
2021-08-23 21:15:00,119.58306,TFT
2021-08-23 21:30:00,116.47559,TFT
2021-08-23 21:45:00,113.72029,TFT
2021-08-23 22:00:00,111.298584,TFT
2021-08-23 22:15:00,109.18494,TFT
2021-08-23 22:30:00,107.3532,TFT
2021-08-23 22:45:00,105.78214,TFT
2021-08-23 23:00:00,104.459076,TFT
2021-08-23 23:15:00,103.381134,TFT
2021-08-23 23:30:00,102.55457,TFT
2021-08-23 23:45:00,101.99074,TFT
2021-08-24 00:00:00,106.318756,TFT
2021-08-24 00:15:00,104.91824,TFT
2021-08-24 00:30:00,104.37727,TFT
2021-08-24 00:45:00,104.23865,TFT
2021-08-24 01:00:00,104.29427,TFT
2021-08-24 01:15:00,104.43841,TFT
2021-08-24 01:30:00,104.60967,TFT
2021-08-24 01:45:00,104.77213,TFT
2021-08-24 02:00:00,104.907104,TFT
2021-08-24 02:15:00,105.007034,TFT
2021-08-24 02:30:00,105.07113,TFT
2021-08-24 02:45:00,105.10203,TFT
2021-08-24 03:00:00,105.1042,TFT
2021-08-24 03:15:00,105.082565,TFT
2021-08-24 03:30:00,105.04202,TFT
2021-08-24 03:45:00,104.98697,TFT
2021-08-24 04:00:00,104.92093,TFT
2021-08-24 04:15:00,104.845215,TFT
2021-08-24 04:30:00,104.75903,TFT
2021-08-24 04:45:00,104.66031,TFT
2021-08-24 05:00:00,104.54432,TFT
2021-08-24 05:15:00,104.40387,TFT
2021-08-24 05:30:00,104.231445,TFT
2021-08-24 05:45:00,104.02606,TFT
2021-08-24 06:00:00,103.82353,TFT
2021-08-24 06:15:00,103.787704,TFT
2021-08-24 06:30:00,104.44597,TFT
2021-08-24 06:45:00,106.99906,TFT
2021-08-24 07:00:00,113.394516,TFT
2021-08-24 07:15:00,125.398254,TFT
2021-08-24 07:30:00,142.66316,TFT
2021-08-24 07:45:00,161.29614,TFT
2021-08-24 08:00:00,175.97227,TFT
2021-08-24 08:15:00,184.42438,TFT
2021-08-24 08:30:00,187.90884,TFT
2021-08-24 08:45:00,188.5261,TFT
2021-08-24 09:00:00,187.78122,TFT
2021-08-24 09:15:00,186.51181,TFT
2021-08-24 09:30:00,185.13074,TFT
2021-08-24 09:45:00,183.81877,TFT
2021-08-24 10:00:00,182.63835,TFT
2021-08-24 10:15:00,181.59613,TFT
2021-08-24 10:30:00,180.67575,TFT
2021-08-24 10:45:00,179.85495,TFT
2021-08-24 11:00:00,179.11455,TFT
2021-08-24 11:15:00,178.44312,TFT
2021-08-24 11:30:00,177.83798,TFT
2021-08-24 11:45:00,177.30232,TFT
2021-08-24 12:00:00,176.8396,TFT
2021-08-24 12:15:00,176.4494,TFT
2021-08-24 12:30:00,176.12613,TFT
2021-08-24 12:45:00,175.86029,TFT
2021-08-24 13:00:00,175.64093,TFT
2021-08-24 13:15:00,175.45778,TFT
2021-08-24 13:30:00,175.30197,TFT
2021-08-24 13:45:00,175.16635,TFT
2021-08-24 14:00:00,175.04532,TFT
2021-08-24 14:15:00,174.93427,TFT
2021-08-24 14:30:00,174.82939,TFT
2021-08-24 14:45:00,174.72705,TFT
2021-08-24 15:00:00,174.6235,TFT
2021-08-24 15:15:00,174.51434,TFT
2021-08-24 15:30:00,174.39359,TFT
2021-08-24 15:45:00,174.25305,TFT
2021-08-24 16:00:00,174.08096,TFT
2021-08-24 16:15:00,173.86073,TFT
2021-08-24 16:30:00,173.56964,TFT
2021-08-24 16:45:00,173.1785,TFT
2021-08-24 17:00:00,172.65314,TFT
2021-08-24 17:15:00,171.95868,TFT
2021-08-24 17:30:00,171.06503,TFT
2021-08-24 17:45:00,169.9503,TFT
2021-08-24 18:00:00,168.59827,TFT
2021-08-24 18:15:00,166.9915,TFT
2021-08-24 18:30:00,165.10536,TFT
2021-08-24 18:45:00,162.90778,TFT
2021-08-24 19:00:00,160.36383,TFT
2021-08-24 19:15:00,157.4485,TFT
2021-08-24 19:30:00,154.15814,TFT
2021-08-24 19:45:00,150.52072,TFT
2021-08-24 20:00:00,146.60062,TFT
2021-08-24 20:15:00,142.4947,TFT
2021-08-24 20:30:00,138.31763,TFT
2021-08-24 20:45:00,134.18236,TFT
2021-08-24 21:00:00,130.18622,TFT
2021-08-24 21:15:00,126.403145,TFT
2021-08-24 21:30:00,122.8813,TFT
2021-08-24 21:45:00,119.64566,TFT
2021-08-24 22:00:00,116.703094,TFT
2021-08-24 22:15:00,114.0491,TFT
2021-08-24 22:30:00,111.67382,TFT
2021-08-24 22:45:00,109.56659,TFT
2021-08-24 23:00:00,107.71995,TFT
2021-08-24 23:15:00,106.13322,TFT
2021-08-24 23:30:00,104.813805,TFT
2021-08-24 23:45:00,103.774796,TFT
2021-08-25 00:00:00,100.831985,TFT
2021-08-25 00:15:00,100.61228,TFT
2021-08-25 00:30:00,100.81381,TFT
2021-08-25 00:45:00,101.27958,TFT
2021-08-25 01:00:00,101.90978,TFT
2021-08-25 01:15:00,102.6221,TFT
2021-08-25 01:30:00,103.34929,TFT
2021-08-25 01:45:00,104.04361,TFT
2021-08-25 02:00:00,104.676285,TFT
2021-08-25 02:15:00,105.23353,TFT
2021-08-25 02:30:00,105.71175,TFT
2021-08-25 02:45:00,106.11365,TFT
2021-08-25 03:00:00,106.44549,TFT
2021-08-25 03:15:00,106.71514,TFT
2021-08-25 03:30:00,106.93095,TFT
2021-08-25 03:45:00,107.10072,TFT
2021-08-25 04:00:00,107.23106,TFT
2021-08-25 04:15:00,107.32576,TFT
2021-08-25 04:30:00,107.38644,TFT
2021-08-25 04:45:00,107.41344,TFT
2021-08-25 05:00:00,107.40582,TFT
2021-08-25 05:15:00,107.36463,TFT
2021-08-25 05:30:00,107.3021,TFT
2021-08-25 05:45:00,107.263176,TFT
2021-08-25 06:00:00,107.36892,TFT
2021-08-25 06:15:00,107.89105,TFT
2021-08-25 06:30:00,109.344246,TFT
2021-08-25 06:45:00,112.553535,TFT
2021-08-25 07:00:00,118.596466,TFT
2021-08-25 07:15:00,128.44522,TFT
2021-08-25 07:30:00,142.2572,TFT
2021-08-25 07:45:00,158.37401,TFT
2021-08-25 08:00:00,173.35687,TFT
2021-08-25 08:15:00,184.1331,TFT
2021-08-25 08:30:00,190.02986,TFT
2021-08-25 08:45:00,192.21788,TFT
2021-08-25 09:00:00,192.19315,TFT
2021-08-25 09:15:00,191.0618,TFT
2021-08-25 09:30:00,189.48824,TFT
2021-08-25 09:45:00,187.82858,TFT
2021-08-25 10:00:00,186.25256,TFT
2021-08-25 10:15:00,184.82489,TFT
2021-08-25 10:30:00,183.55588,TFT
2021-08-25 10:45:00,182.43213,TFT
2021-08-25 11:00:00,181.43445,TFT
2021-08-25 11:15:00,180.54764,TFT
2021-08-25 11:30:00,179.76407,TFT
2021-08-25 11:45:00,179.08162,TFT
2021-08-25 12:00:00,178.49857,TFT
2021-08-25 12:15:00,178.00946,TFT
2021-08-25 12:30:00,177.60405,TFT
2021-08-25 12:45:00,177.26881,TFT
2021-08-25 13:00:00,176.98956,TFT
2021-08-25 13:15:00,176.7533,TFT
2021-08-25 13:30:00,176.54926,TFT
2021-08-25 13:45:00,176.36876,TFT
2021-08-25 14:00:00,176.20506,TFT
2021-08-25 14:15:00,176.05264,TFT
2021-08-25 14:30:00,175.90692,TFT
2021-08-25 14:45:00,175.76355,TFT
2021-08-25 15:00:00,175.61798,TFT
2021-08-25 15:15:00,175.46469,TFT
2021-08-25 15:30:00,175.2962,TFT
2021-08-25 15:45:00,175.10205,TFT
2021-08-25 16:00:00,174.86694,TFT
2021-08-25 16:15:00,174.569,TFT
2021-08-25 16:30:00,174.1776,TFT
2021-08-25 16:45:00,173.6524,TFT
2021-08-25 17:00:00,172.94489,TFT
2021-08-25 17:15:00,172.00377,TFT
2021-08-25 17:30:00,170.78357,TFT
2021-08-25 17:45:00,169.25128,TFT
2021-08-25 18:00:00,167.38634,TFT
2021-08-25 18:15:00,165.17441,TFT
2021-08-25 18:30:00,162.60263,TFT
2021-08-25 18:45:00,159.66003,TFT
2021-08-25 19:00:00,156.35068,TFT
2021-08-25 19:15:00,152.70058,TFT
2021-08-25 19:30:00,148.76517,TFT
2021-08-25 19:45:00,144.6297,TFT
2021-08-25 20:00:00,140.40038,TFT
2021-08-25 20:15:00,136.18964,TFT
2021-08-25 20:30:00,132.09932,TFT
2021-08-25 20:45:00,128.2108,TFT
2021-08-25 21:00:00,124.58017,TFT
2021-08-25 21:15:00,121.23848,TFT
2021-08-25 21:30:00,118.196976,TFT
2021-08-25 21:45:00,115.45251,TFT
2021-08-25 22:00:00,112.99375,TFT
2021-08-25 22:15:00,110.80573,TFT
2021-08-25 22:30:00,108.8738,TFT
2021-08-25 22:45:00,107.18656,TFT
2021-08-25 23:00:00,105.73888,TFT
2021-08-25 23:15:00,104.53422,TFT
2021-08-25 23:30:00,103.58531,TFT
2021-08-25 23:45:00,102.91141,TFT
2021-08-26 00:00:00,101.20846,TFT
2021-08-26 00:15:00,101.32109,TFT
2021-08-26 00:30:00,101.788124,TFT
2021-08-26 00:45:00,102.49039,TFT
2021-08-26 01:00:00,103.33179,TFT
2021-08-26 01:15:00,104.22655,TFT
2021-08-26 01:30:00,105.10538,TFT
2021-08-26 01:45:00,105.92058,TFT
2021-08-26 02:00:00,106.64504,TFT
2021-08-26 02:15:00,107.267555,TFT
2021-08-26 02:30:00,107.78749,TFT
2021-08-26 02:45:00,108.21042,TFT
2021-08-26 03:00:00,108.54512,TFT
2021-08-26 03:15:00,108.80136,TFT
2021-08-26 03:30:00,108.98877,TFT
2021-08-26 03:45:00,109.115776,TFT
2021-08-26 04:00:00,109.189,TFT
2021-08-26 04:15:00,109.211914,TFT
2021-08-26 04:30:00,109.18524,TFT
2021-08-26 04:45:00,109.10869,TFT
2021-08-26 05:00:00,108.981064,TFT
2021-08-26 05:15:00,108.80429,TFT
2021-08-26 05:30:00,108.59378,TFT
2021-08-26 05:45:00,108.400505,TFT
2021-08-26 06:00:00,108.35604,TFT
2021-08-26 06:15:00,108.743546,TFT
2021-08-26 06:30:00,110.070854,TFT
2021-08-26 06:45:00,113.11809,TFT
2021-08-26 07:00:00,118.84721,TFT
2021-08-26 07:15:00,128.1026,TFT
2021-08-26 07:30:00,141.09445,TFT
2021-08-26 07:45:00,156.61945,TFT
2021-08-26 08:00:00,171.79416,TFT
2021-08-26 08:15:00,183.44681,TFT
2021-08-26 08:30:00,190.2755,TFT
2021-08-26 08:45:00,193.05336,TFT
2021-08-26 09:00:00,193.27194,TFT
2021-08-26 09:15:00,192.1731,TFT
2021-08-26 09:30:00,190.54077,TFT
2021-08-26 09:45:00,188.80069,TFT
2021-08-26 10:00:00,187.15369,TFT
2021-08-26 10:15:00,185.67365,TFT
2021-08-26 10:30:00,184.36967,TFT
2021-08-26 10:45:00,183.22316,TFT
2021-08-26 11:00:00,182.20926,TFT
2021-08-26 11:15:00,181.30804,TFT
2021-08-26 11:30:00,180.5088,TFT
2021-08-26 11:45:00,179.80807,TFT
2021-08-26 12:00:00,179.20401,TFT
2021-08-26 12:15:00,178.69168,TFT
2021-08-26 12:30:00,178.26132,TFT
2021-08-26 12:45:00,177.89981,TFT
2021-08-26 13:00:00,177.5929,TFT
2021-08-26 13:15:00,177.32742,TFT
2021-08-26 13:30:00,177.09232,TFT
2021-08-26 13:45:00,176.87863,TFT
2021-08-26 14:00:00,176.67917,TFT
2021-08-26 14:15:00,176.48813,TFT
2021-08-26 14:30:00,176.30055,TFT
2021-08-26 14:45:00,176.11176,TFT
2021-08-26 15:00:00,175.91666,TFT
2021-08-26 15:15:00,175.70929,TFT
2021-08-26 15:30:00,175.48163,TFT
2021-08-26 15:45:00,175.22253,TFT
2021-08-26 16:00:00,174.91599,TFT
2021-08-26 16:15:00,174.5391,TFT
2021-08-26 16:30:00,174.05959,TFT
2021-08-26 16:45:00,173.4342,TFT
2021-08-26 17:00:00,172.60883,TFT
2021-08-26 17:15:00,171.52243,TFT
2021-08-26 17:30:00,170.11467,TFT
2021-08-26 17:45:00,168.33368,TFT
2021-08-26 18:00:00,166.13971,TFT
2021-08-26 18:15:00,163.5053,TFT
2021-08-26 18:30:00,160.41693,TFT
2021-08-26 18:45:00,156.88416,TFT
2021-08-26 19:00:00,152.9508,TFT
2021-08-26 19:15:00,148.7007,TFT
2021-08-26 19:30:00,144.25464,TFT
2021-08-26 19:45:00,139.75577,TFT
2021-08-26 20:00:00,135.34256,TFT
2021-08-26 20:15:00,131.13055,TFT
2021-08-26 20:30:00,127.203,TFT
2021-08-26 20:45:00,123.60861,TFT
2021-08-26 21:00:00,120.36635,TFT
2021-08-26 21:15:00,117.4731,TFT
2021-08-26 21:30:00,114.91229,TFT
2021-08-26 21:45:00,112.65968,TFT
2021-08-26 22:00:00,110.68829,TFT
2021-08-26 22:15:00,108.972496,TFT
2021-08-26 22:30:00,107.49075,TFT
2021-08-26 22:45:00,106.22804,TFT
2021-08-26 23:00:00,105.17738,TFT
2021-08-26 23:15:00,104.34105,TFT
2021-08-26 23:30:00,103.730644,TFT
2021-08-26 23:45:00,103.36392,TFT
2021-08-27 00:00:00,104.152084,TFT
2021-08-27 00:15:00,103.219925,TFT
2021-08-27 00:30:00,102.979965,TFT
2021-08-27 00:45:00,103.14975,TFT
2021-08-27 01:00:00,103.54698,TFT
2021-08-27 01:15:00,104.046005,TFT
2021-08-27 01:30:00,104.56096,TFT
2021-08-27 01:45:00,105.03879,TFT
2021-08-27 02:00:00,105.45115,TFT
2021-08-27 02:15:00,105.78641,TFT
2021-08-27 02:30:00,106.04248,TFT
2021-08-27 02:45:00,106.222435,TFT
2021-08-27 03:00:00,106.331635,TFT
2021-08-27 03:15:00,106.37589,TFT
2021-08-27 03:30:00,106.360695,TFT
2021-08-27 03:45:00,106.29071,TFT
2021-08-27 04:00:00,106.16967,TFT
2021-08-27 04:15:00,105.99944,TFT
2021-08-27 04:30:00,105.78124,TFT
2021-08-27 04:45:00,105.517975,TFT
2021-08-27 05:00:00,105.216385,TFT
2021-08-27 05:15:00,104.89345,TFT
2021-08-27 05:30:00,104.58957,TFT
2021-08-27 05:45:00,104.3931,TFT
2021-08-27 06:00:00,104.48477,TFT
2021-08-27 06:15:00,105.20351,TFT
2021-08-27 06:30:00,107.11623,TFT
2021-08-27 06:45:00,111.06576,TFT
2021-08-27 07:00:00,118.16851,TFT
2021-08-27 07:15:00,129.53127,TFT
2021-08-27 07:30:00,145.43199,TFT
2021-08-27 07:45:00,163.75458,TFT
2021-08-27 08:00:00,179.59062,TFT
2021-08-27 08:15:00,189.00623,TFT
2021-08-27 08:30:00,192.3472,TFT
2021-08-27 08:45:00,192.14917,TFT
2021-08-27 09:00:00,190.48862,TFT
2021-08-27 09:15:00,188.47165,TFT
2021-08-27 09:30:00,186.56912,TFT
2021-08-27 09:45:00,184.93126,TFT
2021-08-27 10:00:00,183.56558,TFT
2021-08-27 10:15:00,182.42609,TFT
2021-08-27 10:30:00,181.45477,TFT
2021-08-27 10:45:00,180.59933,TFT
2021-08-27 11:00:00,179.82039,TFT
2021-08-27 11:15:00,179.09488,TFT
2021-08-27 11:30:00,178.41576,TFT
2021-08-27 11:45:00,177.7883,TFT
2021-08-27 12:00:00,177.22221,TFT
2021-08-27 12:15:00,176.72453,TFT
2021-08-27 12:30:00,176.29602,TFT
2021-08-27 12:45:00,175.9314,TFT
2021-08-27 13:00:00,175.62161,TFT
2021-08-27 13:15:00,175.35669,TFT
2021-08-27 13:30:00,175.1272,TFT
2021-08-27 13:45:00,174.92499,TFT
2021-08-27 14:00:00,174.74303,TFT
2021-08-27 14:15:00,174.5752,TFT
2021-08-27 14:30:00,174.41595,TFT
2021-08-27 14:45:00,174.25989,TFT
2021-08-27 15:00:00,174.10115,TFT
2021-08-27 15:15:00,173.93307,TFT
2021-08-27 15:30:00,173.74731,TFT
2021-08-27 15:45:00,173.53296,TFT
2021-08-27 16:00:00,173.2753,TFT
2021-08-27 16:15:00,172.95413,TFT
2021-08-27 16:30:00,172.54181,TFT
2021-08-27 16:45:00,172.00125,TFT
2021-08-27 17:00:00,171.28467,TFT
2021-08-27 17:15:00,170.3342,TFT
2021-08-27 17:30:00,169.08383,TFT
2021-08-27 17:45:00,167.4627,TFT
2021-08-27 18:00:00,165.39755,TFT
2021-08-27 18:15:00,162.81766,TFT
2021-08-27 18:30:00,159.66669,TFT
2021-08-27 18:45:00,155.9221,TFT
2021-08-27 19:00:00,151.62292,TFT
2021-08-27 19:15:00,146.88391,TFT
2021-08-27 19:30:00,141.88687,TFT
2021-08-27 19:45:00,136.84537,TFT
2021-08-27 20:00:00,131.95891,TFT
2021-08-27 20:15:00,127.38252,TFT
2021-08-27 20:30:00,123.21314,TFT
2021-08-27 20:45:00,119.49368,TFT
2021-08-27 21:00:00,116.22673,TFT
2021-08-27 21:15:00,113.38869,TFT
2021-08-27 21:30:00,110.941635,TFT
2021-08-27 21:45:00,108.841705,TFT
2021-08-27 22:00:00,107.04534,TFT
2021-08-27 22:15:00,105.51376,TFT
2021-08-27 22:30:00,104.21546,TFT
2021-08-27 22:45:00,103.12787,TFT
2021-08-27 23:00:00,102.238434,TFT
2021-08-27 23:15:00,101.54512,TFT
2021-08-27 23:30:00,101.05595,TFT
2021-08-27 23:45:00,100.78552,TFT
2021-08-28 00:00:00,61.687576,TFT
2021-08-28 00:15:00,70.0791,TFT
2021-08-28 00:30:00,76.371254,TFT
2021-08-28 00:45:00,80.98171,TFT
2021-08-28 01:00:00,84.28254,TFT
2021-08-28 01:15:00,87.22409,TFT
2021-08-28 01:30:00,90.11494,TFT
2021-08-28 01:45:00,92.63522,TFT
2021-08-28 02:00:00,94.66299,TFT
2021-08-28 02:15:00,96.23953,TFT
2021-08-28 02:30:00,97.44389,TFT
2021-08-28 02:45:00,98.34818,TFT
2021-08-28 03:00:00,99.009155,TFT
2021-08-28 03:15:00,99.46949,TFT
2021-08-28 03:30:00,99.76031,TFT
2021-08-28 03:45:00,99.90375,TFT
2021-08-28 04:00:00,99.91467,TFT
2021-08-28 04:15:00,99.801575,TFT
2021-08-28 04:30:00,99.56777,TFT
2021-08-28 04:45:00,99.2123,TFT
2021-08-28 05:00:00,98.729935,TFT
2021-08-28 05:15:00,98.11102,TFT
2021-08-28 05:30:00,97.34023,TFT
2021-08-28 05:45:00,96.391716,TFT
2021-08-28 06:00:00,95.21683,TFT
2021-08-28 06:15:00,93.71512,TFT
2021-08-28 06:30:00,91.67578,TFT
2021-08-28 06:45:00,88.65417,TFT
2021-08-28 07:00:00,83.6358,TFT
2021-08-28 07:15:00,73.71986,TFT
2021-08-28 07:30:00,52.365288,TFT
2021-08-28 07:45:00,31.961205,TFT
2021-08-28 08:00:00,25.911396,TFT
2021-08-28 08:15:00,24.076645,TFT
2021-08-28 08:30:00,23.318691,TFT
2021-08-28 08:45:00,23.033524,TFT
2021-08-28 09:00:00,23.018383,TFT
2021-08-28 09:15:00,23.161213,TFT
2021-08-28 09:30:00,23.381504,TFT
2021-08-28 09:45:00,23.61636,TFT
2021-08-28 10:00:00,23.817848,TFT
2021-08-28 10:15:00,23.954918,TFT
2021-08-28 10:30:00,24.017925,TFT
2021-08-28 10:45:00,24.019424,TFT
2021-08-28 11:00:00,23.99327,TFT
2021-08-28 11:15:00,23.97713,TFT
2021-08-28 11:30:00,23.992966,TFT
2021-08-28 11:45:00,24.02689,TFT
2021-08-28 12:00:00,24.023014,TFT
2021-08-28 12:15:00,23.906761,TFT
2021-08-28 12:30:00,23.636974,TFT
2021-08-28 12:45:00,23.26411,TFT
2021-08-28 13:00:00,22.918346,TFT
2021-08-28 13:15:00,22.710701,TFT
2021-08-28 13:30:00,22.66417,TFT
2021-08-28 13:45:00,22.737568,TFT
2021-08-28 14:00:00,22.875633,TFT
2021-08-28 14:15:00,23.034264,TFT
2021-08-28 14:30:00,23.18451,TFT
2021-08-28 14:45:00,23.309208,TFT
2021-08-28 15:00:00,23.398773,TFT
2021-08-28 15:15:00,23.448566,TFT
2021-08-28 15:30:00,23.457016,TFT
2021-08-28 15:45:00,23.424583,TFT
2021-08-28 16:00:00,23.353394,TFT
2021-08-28 16:15:00,23.246967,TFT
2021-08-28 16:30:00,23.110233,TFT
2021-08-28 16:45:00,22.949654,TFT
2021-08-28 17:00:00,22.773056,TFT
2021-08-28 17:15:00,22.589241,TFT
2021-08-28 17:30:00,22.40715,TFT
2021-08-28 17:45:00,22.234734,TFT
2021-08-28 18:00:00,22.078255,TFT
2021-08-28 18:15:00,21.942429,TFT
2021-08-28 18:30:00,21.831017,TFT
2021-08-28 18:45:00,21.7473,TFT
2021-08-28 19:00:00,21.694168,TFT
2021-08-28 19:15:00,21.673325,TFT
2021-08-28 19:30:00,21.684944,TFT
2021-08-28 19:45:00,21.727104,TFT
2021-08-28 20:00:00,21.795845,TFT
2021-08-28 20:15:00,21.885597,TFT
2021-08-28 20:30:00,21.989693,TFT
2021-08-28 20:45:00,22.101048,TFT
2021-08-28 21:00:00,22.213501,TFT
2021-08-28 21:15:00,22.322483,TFT
2021-08-28 21:30:00,22.425224,TFT
2021-08-28 21:45:00,22.52174,TFT
2021-08-28 22:00:00,22.613712,TFT
2021-08-28 22:15:00,22.7047,TFT
2021-08-28 22:30:00,22.800812,TFT
2021-08-28 22:45:00,22.911537,TFT
2021-08-28 23:00:00,23.052994,TFT
2021-08-28 23:15:00,23.253777,TFT
2021-08-28 23:30:00,23.568886,TFT
2021-08-28 23:45:00,24.106544,TFT
2021-08-29 00:00:00,20.731293,TFT
2021-08-29 00:15:00,20.93605,TFT
2021-08-29 00:30:00,21.196999,TFT
2021-08-29 00:45:00,21.429901,TFT
2021-08-29 01:00:00,21.639465,TFT
2021-08-29 01:15:00,21.829056,TFT
2021-08-29 01:30:00,21.997154,TFT
2021-08-29 01:45:00,22.141304,TFT
2021-08-29 02:00:00,22.26036,TFT
2021-08-29 02:15:00,22.354786,TFT
2021-08-29 02:30:00,22.426167,TFT
2021-08-29 02:45:00,22.476627,TFT
2021-08-29 03:00:00,22.508408,TFT
2021-08-29 03:15:00,22.523556,TFT
2021-08-29 03:30:00,22.523823,TFT
2021-08-29 03:45:00,22.510586,TFT
2021-08-29 04:00:00,22.484928,TFT
2021-08-29 04:15:00,22.447403,TFT
2021-08-29 04:30:00,22.398392,TFT
2021-08-29 04:45:00,22.338634,TFT
2021-08-29 05:00:00,22.269203,TFT
2021-08-29 05:15:00,22.19225,TFT
2021-08-29 05:30:00,22.111534,TFT
2021-08-29 05:45:00,22.032883,TFT
2021-08-29 06:00:00,21.964973,TFT
2021-08-29 06:15:00,21.918373,TFT
2021-08-29 06:30:00,21.902985,TFT
2021-08-29 06:45:00,21.923996,TFT
2021-08-29 07:00:00,21.979439,TFT
2021-08-29 07:15:00,22.06129,TFT
2021-08-29 07:30:00,22.157925,TFT
2021-08-29 07:45:00,22.257324,TFT
2021-08-29 08:00:00,22.349262,TFT
2021-08-29 08:15:00,22.42633,TFT
2021-08-29 08:30:00,22.48405,TFT
2021-08-29 08:45:00,22.52074,TFT
2021-08-29 09:00:00,22.537483,TFT
2021-08-29 09:15:00,22.53823,TFT
2021-08-29 09:30:00,22.529663,TFT
2021-08-29 09:45:00,22.520126,TFT
2021-08-29 10:00:00,22.516914,TFT
2021-08-29 10:15:00,22.523445,TFT
2021-08-29 10:30:00,22.537468,TFT
2021-08-29 10:45:00,22.553062,TFT
2021-08-29 11:00:00,22.56572,TFT
2021-08-29 11:15:00,22.576317,TFT
2021-08-29 11:30:00,22.586296,TFT
2021-08-29 11:45:00,22.591457,TFT
2021-08-29 12:00:00,22.58403,TFT
2021-08-29 12:15:00,22.578297,TFT
2021-08-29 12:30:00,22.615505,TFT
2021-08-29 12:45:00,22.723625,TFT
2021-08-29 13:00:00,22.889725,TFT
2021-08-29 13:15:00,23.07919,TFT
2021-08-29 13:30:00,23.259716,TFT
2021-08-29 13:45:00,23.409512,TFT
2021-08-29 14:00:00,23.517178,TFT
2021-08-29 14:15:00,23.579594,TFT
2021-08-29 14:30:00,23.599625,TFT
2021-08-29 14:45:00,23.583607,TFT
2021-08-29 15:00:00,23.539024,TFT
2021-08-29 15:15:00,23.47277,TFT
2021-08-29 15:30:00,23.390259,TFT
2021-08-29 15:45:00,23.295647,TFT
2021-08-29 16:00:00,23.192211,TFT
2021-08-29 16:15:00,23.083252,TFT
2021-08-29 16:30:00,22.972683,TFT
2021-08-29 16:45:00,22.865479,TFT
2021-08-29 17:00:00,22.767555,TFT
2021-08-29 17:15:00,22.685036,TFT
2021-08-29 17:30:00,22.622639,TFT
2021-08-29 17:45:00,22.582153,TFT
2021-08-29 18:00:00,22.561619,TFT
2021-08-29 18:15:00,22.556488,TFT
2021-08-29 18:30:00,22.561176,TFT
2021-08-29 18:45:00,22.570763,TFT
2021-08-29 19:00:00,22.581493,TFT
2021-08-29 19:15:00,22.590595,TFT
2021-08-29 19:30:00,22.596214,TFT
2021-08-29 19:45:00,22.597153,TFT
2021-08-29 20:00:00,22.59256,TFT
2021-08-29 20:15:00,22.582035,TFT
2021-08-29 20:30:00,22.565285,TFT
2021-08-29 20:45:00,22.54198,TFT
2021-08-29 21:00:00,22.511917,TFT
2021-08-29 21:15:00,22.4749,TFT
2021-08-29 21:30:00,22.430851,TFT
2021-08-29 21:45:00,22.37981,TFT
2021-08-29 22:00:00,22.322033,TFT
2021-08-29 22:15:00,22.257915,TFT
2021-08-29 22:30:00,22.188316,TFT
2021-08-29 22:45:00,22.114716,TFT
2021-08-29 23:00:00,22.039665,TFT
2021-08-29 23:15:00,21.966904,TFT
2021-08-29 23:30:00,21.901764,TFT
2021-08-29 23:45:00,21.851059,TFT
2021-08-30 00:00:00,26.32462,TFT
2021-08-30 00:15:00,25.629555,TFT
2021-08-30 00:30:00,25.199738,TFT
2021-08-30 00:45:00,24.79438,TFT
2021-08-30 01:00:00,24.42147,TFT
2021-08-30 01:15:00,24.097275,TFT
2021-08-30 01:30:00,23.821457,TFT
2021-08-30 01:45:00,23.585434,TFT
2021-08-30 02:00:00,23.378838,TFT
2021-08-30 02:15:00,23.192146,TFT
2021-08-30 02:30:00,23.016586,TFT
2021-08-30 02:45:00,22.844177,TFT
2021-08-30 03:00:00,22.6678,TFT
2021-08-30 03:15:00,22.481499,TFT
2021-08-30 03:30:00,22.281189,TFT
2021-08-30 03:45:00,22.065712,TFT
2021-08-30 04:00:00,21.837738,TFT
2021-08-30 04:15:00,21.604294,TFT
2021-08-30 04:30:00,21.376549,TFT
2021-08-30 04:45:00,21.172066,TFT
2021-08-30 05:00:00,21.013474,TFT
2021-08-30 05:15:00,20.927422,TFT
2021-08-30 05:30:00,20.944855,TFT
2021-08-30 05:45:00,21.10608,TFT
2021-08-30 06:00:00,21.485016,TFT
2021-08-30 06:15:00,22.241043,TFT
2021-08-30 06:30:00,23.71389,TFT
2021-08-30 06:45:00,26.589634,TFT
2021-08-30 07:00:00,32.27022,TFT
2021-08-30 07:15:00,43.87369,TFT
2021-08-30 07:30:00,68.916046,TFT
2021-08-30 07:45:00,117.31243,TFT
2021-08-30 08:00:00,169.47107,TFT
2021-08-30 08:15:00,190.22896,TFT
2021-08-30 08:30:00,193.81879,TFT
2021-08-30 08:45:00,193.02339,TFT
2021-08-30 09:00:00,191.2284,TFT
2021-08-30 09:15:00,189.24895,TFT
2021-08-30 09:30:00,187.28496,TFT
2021-08-30 09:45:00,185.36156,TFT
2021-08-30 10:00:00,183.44992,TFT
2021-08-30 10:15:00,181.50684,TFT
2021-08-30 10:30:00,179.49394,TFT
2021-08-30 10:45:00,177.39648,TFT
2021-08-30 11:00:00,175.24597,TFT
2021-08-30 11:15:00,173.13629,TFT
2021-08-30 11:30:00,171.20923,TFT
2021-08-30 11:45:00,169.61102,TFT
2021-08-30 12:00:00,168.43393,TFT
2021-08-30 12:15:00,167.68448,TFT
2021-08-30 12:30:00,167.29684,TFT
2021-08-30 12:45:00,167.17084,TFT
2021-08-30 13:00:00,167.20651,TFT
2021-08-30 13:15:00,167.32246,TFT
2021-08-30 13:30:00,167.4596,TFT
2021-08-30 13:45:00,167.57758,TFT
2021-08-30 14:00:00,167.64954,TFT
2021-08-30 14:15:00,167.65784,TFT
2021-08-30 14:30:00,167.5898,TFT
2021-08-30 14:45:00,167.43512,TFT
2021-08-30 15:00:00,167.18433,TFT
2021-08-30 15:15:00,166.82727,TFT
2021-08-30 15:30:00,166.35223,TFT
2021-08-30 15:45:00,165.74529,TFT
2021-08-30 16:00:00,164.9902,TFT
2021-08-30 16:15:00,164.06857,TFT
2021-08-30 16:30:00,162.96152,TFT
2021-08-30 16:45:00,161.65256,TFT
2021-08-30 17:00:00,160.13179,TFT
2021-08-30 17:15:00,158.39859,TFT
2021-08-30 17:30:00,156.4614,TFT
2021-08-30 17:45:00,154.33215,TFT
2021-08-30 18:00:00,152.01929,TFT
2021-08-30 18:15:00,149.52728,TFT
2021-08-30 18:30:00,146.86234,TFT
2021-08-30 18:45:00,144.03995,TFT
2021-08-30 19:00:00,141.08493,TFT
2021-08-30 19:15:00,138.03024,TFT
2021-08-30 19:30:00,134.9102,TFT
2021-08-30 19:45:00,131.75616,TFT
2021-08-30 20:00:00,128.59274,TFT
2021-08-30 20:15:00,125.44167,TFT
2021-08-30 20:30:00,122.32617,TFT
2021-08-30 20:45:00,119.27171,TFT
2021-08-30 21:00:00,116.32136,TFT
2021-08-30 21:15:00,113.525024,TFT
2021-08-30 21:30:00,110.92511,TFT
2021-08-30 21:45:00,108.54802,TFT
2021-08-30 22:00:00,106.40402,TFT
2021-08-30 22:15:00,104.4919,TFT
2021-08-30 22:30:00,102.80335,TFT
2021-08-30 22:45:00,101.33095,TFT
2021-08-30 23:00:00,100.07259,TFT
2021-08-30 23:15:00,99.03465,TFT
2021-08-30 23:30:00,98.2324,TFT
2021-08-30 23:45:00,97.68718,TFT
2021-08-31 00:00:00,105.93054,TFT
2021-08-31 00:15:00,103.34765,TFT
2021-08-31 00:30:00,102.0045,TFT
2021-08-31 00:45:00,101.32738,TFT
2021-08-31 01:00:00,101.01922,TFT
2021-08-31 01:15:00,100.913345,TFT
2021-08-31 01:30:00,100.90602,TFT
2021-08-31 01:45:00,100.93222,TFT
2021-08-31 02:00:00,100.95343,TFT
2021-08-31 02:15:00,100.948746,TFT
2021-08-31 02:30:00,100.908104,TFT
2021-08-31 02:45:00,100.82764,TFT
2021-08-31 03:00:00,100.70679,TFT
2021-08-31 03:15:00,100.54651,TFT
2021-08-31 03:30:00,100.34832,TFT
2021-08-31 03:45:00,100.11371,TFT
2021-08-31 04:00:00,99.84438,TFT
2021-08-31 04:15:00,99.54138,TFT
2021-08-31 04:30:00,99.2044,TFT
2021-08-31 04:45:00,98.83567,TFT
2021-08-31 05:00:00,98.440094,TFT
2021-08-31 05:15:00,98.028694,TFT
2021-08-31 05:30:00,97.6255,TFT
2021-08-31 05:45:00,97.28022,TFT
2021-08-31 06:00:00,97.10305,TFT
2021-08-31 06:15:00,97.352844,TFT
2021-08-31 06:30:00,98.674774,TFT
2021-08-31 06:45:00,102.48543,TFT
2021-08-31 07:00:00,110.82155,TFT
2021-08-31 07:15:00,124.76677,TFT
2021-08-31 07:30:00,142.64934,TFT
2021-08-31 07:45:00,159.94308,TFT
2021-08-31 08:00:00,172.55365,TFT
2021-08-31 08:15:00,179.78853,TFT
2021-08-31 08:30:00,183.14667,TFT
2021-08-31 08:45:00,184.25565,TFT
2021-08-31 09:00:00,184.19858,TFT
2021-08-31 09:15:00,183.59146,TFT
2021-08-31 09:30:00,182.76135,TFT
2021-08-31 09:45:00,181.87263,TFT
2021-08-31 10:00:00,181.00116,TFT
2021-08-31 10:15:00,180.1759,TFT
2021-08-31 10:30:00,179.40292,TFT
2021-08-31 10:45:00,178.67969,TFT
2021-08-31 11:00:00,178.00385,TFT
2021-08-31 11:15:00,177.37836,TFT
2021-08-31 11:30:00,176.81172,TFT
2021-08-31 11:45:00,176.31406,TFT
2021-08-31 12:00:00,175.89105,TFT
2021-08-31 12:15:00,175.5409,TFT
2021-08-31 12:30:00,175.25494,TFT
2021-08-31 12:45:00,175.02081,TFT
2021-08-31 13:00:00,174.82544,TFT
2021-08-31 13:15:00,174.6573,TFT
2021-08-31 13:30:00,174.50703,TFT
2021-08-31 13:45:00,174.3673,TFT
2021-08-31 14:00:00,174.23244,TFT
2021-08-31 14:15:00,174.09789,TFT
2021-08-31 14:30:00,173.9598,TFT
2021-08-31 14:45:00,173.81444,TFT
2021-08-31 15:00:00,173.65775,TFT
2021-08-31 15:15:00,173.48479,TFT
2021-08-31 15:30:00,173.289,TFT
2021-08-31 15:45:00,173.06155,TFT
2021-08-31 16:00:00,172.79028,TFT
2021-08-31 16:15:00,172.45895,TFT
2021-08-31 16:30:00,172.04666,TFT
2021-08-31 16:45:00,171.52899,TFT
2021-08-31 17:00:00,170.8808,TFT
2021-08-31 17:15:00,170.08102,TFT
2021-08-31 17:30:00,169.11633,TFT
2021-08-31 17:45:00,167.97945,TFT
2021-08-31 18:00:00,166.66205,TFT
2021-08-31 18:15:00,165.14594,TFT
2021-08-31 18:30:00,163.39969,TFT
2021-08-31 18:45:00,161.38083,TFT
2021-08-31 19:00:00,159.04155,TFT
2021-08-31 19:15:00,156.33954,TFT
2021-08-31 19:30:00,153.25078,TFT
2021-08-31 19:45:00,149.78009,TFT
2021-08-31 20:00:00,145.96866,TFT
2021-08-31 20:15:00,141.89551,TFT
2021-08-31 20:30:00,137.66751,TFT
2021-08-31 20:45:00,133.40141,TFT
2021-08-31 21:00:00,129.20888,TFT
2021-08-31 21:15:00,125.18303,TFT
2021-08-31 21:30:00,121.390976,TFT
2021-08-31 21:45:00,117.87315,TFT
2021-08-31 22:00:00,114.64752,TFT
2021-08-31 22:15:00,111.71542,TFT
2021-08-31 22:30:00,109.06843,TFT
2021-08-31 22:45:00,106.69505,TFT
2021-08-31 23:00:00,104.58575,TFT
2021-08-31 23:15:00,102.736595,TFT
2021-08-31 23:30:00,101.15219,TFT
2021-08-31 23:45:00,99.84498,TFT
2021-09-01 00:00:00,104.878426,TFT
2021-09-01 00:15:00,102.62012,TFT
2021-09-01 00:30:00,101.58601,TFT
2021-09-01 00:45:00,101.2841,TFT
2021-09-01 01:00:00,101.41154,TFT
2021-09-01 01:15:00,101.7738,TFT
2021-09-01 01:30:00,102.24129,TFT
2021-09-01 01:45:00,102.73088,TFT
2021-09-01 02:00:00,103.19301,TFT
2021-09-01 02:15:00,103.60104,TFT
2021-09-01 02:30:00,103.94294,TFT
2021-09-01 02:45:00,104.21517,TFT
2021-09-01 03:00:00,104.41856,TFT
2021-09-01 03:15:00,104.55588,TFT
2021-09-01 03:30:00,104.63016,TFT
2021-09-01 03:45:00,104.64349,TFT
2021-09-01 04:00:00,104.59633,TFT
2021-09-01 04:15:00,104.48652,TFT
2021-09-01 04:30:00,104.30828,TFT
2021-09-01 04:45:00,104.05623,TFT
2021-09-01 05:00:00,103.72707,TFT
2021-09-01 05:15:00,103.32721,TFT
2021-09-01 05:30:00,102.88915,TFT
2021-09-01 05:45:00,102.501854,TFT
2021-09-01 06:00:00,102.361855,TFT
2021-09-01 06:15:00,102.8418,TFT
2021-09-01 06:30:00,104.55193,TFT
2021-09-01 06:45:00,108.39447,TFT
2021-09-01 07:00:00,115.44164,TFT
2021-09-01 07:15:00,126.377556,TFT
2021-09-01 07:30:00,140.6725,TFT
2021-09-01 07:45:00,156.069,TFT
2021-09-01 08:00:00,169.48737,TFT
2021-09-01 08:15:00,178.99413,TFT
2021-09-01 08:30:00,184.56528,TFT
2021-09-01 08:45:00,187.20901,TFT
2021-09-01 09:00:00,188.00507,TFT
2021-09-01 09:15:00,187.74826,TFT
2021-09-01 09:30:00,186.94385,TFT
2021-09-01 09:45:00,185.89075,TFT
2021-09-01 10:00:00,184.75647,TFT
2021-09-01 10:15:00,183.6289,TFT
2021-09-01 10:30:00,182.5502,TFT
2021-09-01 10:45:00,181.53899,TFT
2021-09-01 11:00:00,180.60455,TFT
2021-09-01 11:15:00,179.75519,TFT
2021-09-01 11:30:00,179.00064,TFT
2021-09-01 11:45:00,178.34886,TFT
2021-09-01 12:00:00,177.80121,TFT
2021-09-01 12:15:00,177.3504,TFT
2021-09-01 12:30:00,176.98239,TFT
2021-09-01 12:45:00,176.68002,TFT
2021-09-01 13:00:00,176.42647,TFT
2021-09-01 13:15:00,176.20737,TFT
2021-09-01 13:30:00,176.01125,TFT
2021-09-01 13:45:00,175.82918,TFT
2021-09-01 14:00:00,175.6543,TFT
2021-09-01 14:15:00,175.48096,TFT
2021-09-01 14:30:00,175.30432,TFT
2021-09-01 14:45:00,175.11955,TFT
2021-09-01 15:00:00,174.92126,TFT
2021-09-01 15:15:00,174.70265,TFT
2021-09-01 15:30:00,174.45462,TFT
2021-09-01 15:45:00,174.16443,TFT
2021-09-01 16:00:00,173.81436,TFT
2021-09-01 16:15:00,173.3798,TFT
2021-09-01 16:30:00,172.82861,TFT
2021-09-01 16:45:00,172.12177,TFT
2021-09-01 17:00:00,171.21773,TFT
2021-09-01 17:15:00,170.0812,TFT
2021-09-01 17:30:00,168.6909,TFT
2021-09-01 17:45:00,167.04086,TFT
2021-09-01 18:00:00,165.13095,TFT
2021-09-01 18:15:00,162.95515,TFT
2021-09-01 18:30:00,160.4961,TFT
2021-09-01 18:45:00,157.72906,TFT
2021-09-01 19:00:00,154.63632,TFT
2021-09-01 19:15:00,151.21892,TFT
2021-09-01 19:30:00,147.50446,TFT
2021-09-01 19:45:00,143.55095,TFT
2021-09-01 20:00:00,139.44366,TFT
2021-09-01 20:15:00,135.28491,TFT
2021-09-01 20:30:00,131.17755,TFT
2021-09-01 20:45:00,127.21286,TFT
2021-09-01 21:00:00,123.46243,TFT
2021-09-01 21:15:00,119.972855,TFT
2021-09-01 21:30:00,116.768456,TFT
2021-09-01 21:45:00,113.85566,TFT
2021-09-01 22:00:00,111.22844,TFT
2021-09-01 22:15:00,108.873726,TFT
2021-09-01 22:30:00,106.77663,TFT
2021-09-01 22:45:00,104.92486,TFT
2021-09-01 23:00:00,103.311714,TFT
2021-09-01 23:15:00,101.93871,TFT
2021-09-01 23:30:00,100.817444,TFT
2021-09-01 23:45:00,99.96838,TFT
2021-09-02 00:00:00,103.444885,TFT
2021-09-02 00:15:00,101.83181,TFT
2021-09-02 00:30:00,101.31285,TFT
2021-09-02 00:45:00,101.458885,TFT
2021-09-02 01:00:00,101.98958,TFT
2021-09-02 01:15:00,102.711685,TFT
2021-09-02 01:30:00,103.49216,TFT
2021-09-02 01:45:00,104.24558,TFT
2021-09-02 02:00:00,104.923065,TFT
2021-09-02 02:15:00,105.50105,TFT
2021-09-02 02:30:00,105.97204,TFT
2021-09-02 02:45:00,106.33752,TFT
2021-09-02 03:00:00,106.60337,TFT
2021-09-02 03:15:00,106.77681,TFT
2021-09-02 03:30:00,106.86458,TFT
2021-09-02 03:45:00,106.87172,TFT
2021-09-02 04:00:00,106.801094,TFT
2021-09-02 04:15:00,106.65261,TFT
2021-09-02 04:30:00,106.422165,TFT
2021-09-02 04:45:00,106.10606,TFT
2021-09-02 05:00:00,105.70349,TFT
2021-09-02 05:15:00,105.22421,TFT
2021-09-02 05:30:00,104.70498,TFT
2021-09-02 05:45:00,104.2403,TFT
2021-09-02 06:00:00,104.03311,TFT
2021-09-02 06:15:00,104.45918,TFT
2021-09-02 06:30:00,106.12283,TFT
2021-09-02 06:45:00,109.85004,TFT
2021-09-02 07:00:00,116.49656,TFT
2021-09-02 07:15:00,126.57459,TFT
2021-09-02 07:30:00,139.74942,TFT
2021-09-02 07:45:00,154.42474,TFT
2021-09-02 08:00:00,168.08194,TFT
2021-09-02 08:15:00,178.59486,TFT
2021-09-02 08:30:00,185.30383,TFT
2021-09-02 08:45:00,188.80038,TFT
2021-09-02 09:00:00,190.08551,TFT
2021-09-02 09:15:00,190.03473,TFT
2021-09-02 09:30:00,189.25864,TFT
2021-09-02 09:45:00,188.13797,TFT
2021-09-02 10:00:00,186.8928,TFT
2021-09-02 10:15:00,185.64093,TFT
2021-09-02 10:30:00,184.43985,TFT
2021-09-02 10:45:00,183.31464,TFT
2021-09-02 11:00:00,182.27618,TFT
2021-09-02 11:15:00,181.33206,TFT
2021-09-02 11:30:00,180.49045,TFT
2021-09-02 11:45:00,179.75833,TFT
2021-09-02 12:00:00,179.13638,TFT
2021-09-02 12:15:00,178.617,TFT
2021-09-02 12:30:00,178.18578,TFT
2021-09-02 12:45:00,177.82481,TFT
2021-09-02 13:00:00,177.51642,TFT
2021-09-02 13:15:00,177.24529,TFT
2021-09-02 13:30:00,176.99895,TFT
2021-09-02 13:45:00,176.76765,TFT
2021-09-02 14:00:00,176.54381,TFT
2021-09-02 14:15:00,176.3212,TFT
2021-09-02 14:30:00,176.09433,TFT
2021-09-02 14:45:00,175.8579,TFT
2021-09-02 15:00:00,175.60593,TFT
2021-09-02 15:15:00,175.331,TFT
2021-09-02 15:30:00,175.02318,TFT
2021-09-02 15:45:00,174.66869,TFT
2021-09-02 16:00:00,174.24808,TFT
2021-09-02 16:15:00,173.73419,TFT
2021-09-02 16:30:00,173.09067,TFT
2021-09-02 16:45:00,172.27182,TFT
2021-09-02 17:00:00,171.22626,TFT
2021-09-02 17:15:00,169.90485,TFT
2021-09-02 17:30:00,168.2699,TFT
2021-09-02 17:45:00,166.29887,TFT
2021-09-02 18:00:00,163.97873,TFT
2021-09-02 18:15:00,161.29706,TFT
2021-09-02 18:30:00,158.23984,TFT
2021-09-02 18:45:00,154.80035,TFT
2021-09-02 19:00:00,150.9962,TFT
2021-09-02 19:15:00,146.87851,TFT
2021-09-02 19:30:00,142.53737,TFT
2021-09-02 19:45:00,138.09308,TFT
2021-09-02 20:00:00,133.67564,TFT
2021-09-02 20:15:00,129.40656,TFT
2021-09-02 20:30:00,125.38199,TFT
2021-09-02 20:45:00,121.66672,TFT
2021-09-02 21:00:00,118.29449,TFT
2021-09-02 21:15:00,115.27374,TFT
2021-09-02 21:30:00,112.593704,TFT
2021-09-02 21:45:00,110.23222,TFT
2021-09-02 22:00:00,108.16237,TFT
2021-09-02 22:15:00,106.35725,TFT
2021-09-02 22:30:00,104.79307,TFT
2021-09-02 22:45:00,103.452354,TFT
2021-09-02 23:00:00,102.32629,TFT
2021-09-02 23:15:00,101.4166,TFT
2021-09-02 23:30:00,100.735725,TFT
2021-09-02 23:45:00,100.304665,TFT
2021-09-03 00:00:00,104.58343,TFT
2021-09-03 00:15:00,102.876076,TFT
2021-09-03 00:30:00,102.22229,TFT
2021-09-03 00:45:00,102.19495,TFT
2021-09-03 01:00:00,102.52493,TFT
2021-09-03 01:15:00,103.03127,TFT
2021-09-03 01:30:00,103.59151,TFT
2021-09-03 01:45:00,104.12824,TFT
2021-09-03 02:00:00,104.597015,TFT
2021-09-03 02:15:00,104.97587,TFT
2021-09-03 02:30:00,105.25675,TFT
2021-09-03 02:45:00,105.43935,TFT
2021-09-03 03:00:00,105.527,TFT
2021-09-03 03:15:00,105.52418,TFT
2021-09-03 03:30:00,105.435,TFT
2021-09-03 03:45:00,105.26224,TFT
2021-09-03 04:00:00,105.00723,TFT
2021-09-03 04:15:00,104.66939,TFT
2021-09-03 04:30:00,104.246,TFT
2021-09-03 04:45:00,103.73714,TFT
2021-09-03 05:00:00,103.14926,TFT
2021-09-03 05:15:00,102.50461,TFT
2021-09-03 05:30:00,101.85931,TFT
2021-09-03 05:45:00,101.33433,TFT
2021-09-03 06:00:00,101.165184,TFT
2021-09-03 06:15:00,101.76,TFT
2021-09-03 06:30:00,103.75394,TFT
2021-09-03 06:45:00,108.00312,TFT
2021-09-03 07:00:00,115.49125,TFT
2021-09-03 07:15:00,126.968094,TFT
2021-09-03 07:30:00,142.23175,TFT
2021-09-03 07:45:00,159.19629,TFT
2021-09-03 08:00:00,174.16257,TFT
2021-09-03 08:15:00,184.29893,TFT
2021-09-03 08:30:00,189.45798,TFT
2021-09-03 08:45:00,191.14941,TFT
2021-09-03 09:00:00,190.93402,TFT
2021-09-03 09:15:00,189.84912,TFT
2021-09-03 09:30:00,188.46597,TFT
2021-09-03 09:45:00,187.0632,TFT
2021-09-03 10:00:00,185.75671,TFT
2021-09-03 10:15:00,184.57858,TFT
2021-09-03 10:30:00,183.52194,TFT
2021-09-03 10:45:00,182.56596,TFT
2021-09-03 11:00:00,181.69003,TFT
2021-09-03 11:15:00,180.88168,TFT
2021-09-03 11:30:00,180.13896,TFT
2021-09-03 11:45:00,179.4671,TFT
2021-09-03 12:00:00,178.87184,TFT
2021-09-03 12:15:00,178.35417,TFT
2021-09-03 12:30:00,177.90901,TFT
2021-09-03 12:45:00,177.52663,TFT
2021-09-03 13:00:00,177.19531,TFT
2021-09-03 13:15:00,176.90387,TFT
2021-09-03 13:30:00,176.64252,TFT
2021-09-03 13:45:00,176.40298,TFT
2021-09-03 14:00:00,176.17845,TFT
2021-09-03 14:15:00,175.96283,TFT
2021-09-03 14:30:00,175.75043,TFT
2021-09-03 14:45:00,175.53546,TFT
2021-09-03 15:00:00,175.31143,TFT
2021-09-03 15:15:00,175.07045,TFT
2021-09-03 15:30:00,174.80252,TFT
2021-09-03 15:45:00,174.4944,TFT
2021-09-03 16:00:00,174.12825,TFT
2021-09-03 16:15:00,173.67998,TFT
2021-09-03 16:30:00,173.11752,TFT
2021-09-03 16:45:00,172.40002,TFT
2021-09-03 17:00:00,171.47845,TFT
2021-09-03 17:15:00,170.29898,TFT
2021-09-03 17:30:00,168.80696,TFT
2021-09-03 17:45:00,166.94884,TFT
2021-09-03 18:00:00,164.67024,TFT
2021-09-03 18:15:00,161.9159,TFT
2021-09-03 18:30:00,158.63782,TFT
2021-09-03 18:45:00,154.81203,TFT
2021-09-03 19:00:00,150.46735,TFT
2021-09-03 19:15:00,145.70392,TFT
2021-09-03 19:30:00,140.688,TFT
2021-09-03 19:45:00,135.6249,TFT
2021-09-03 20:00:00,130.71584,TFT
2021-09-03 20:15:00,126.12439,TFT
2021-09-03 20:30:00,121.955925,TFT
2021-09-03 20:45:00,118.25807,TFT
2021-09-03 21:00:00,115.03264,TFT
2021-09-03 21:15:00,112.25147,TFT
2021-09-03 21:30:00,109.87025,TFT
2021-09-03 21:45:00,107.839386,TFT
2021-09-03 22:00:00,106.110634,TFT
2021-09-03 22:15:00,104.64149,TFT
2021-09-03 22:30:00,103.39752,TFT
2021-09-03 22:45:00,102.353714,TFT
2021-09-03 23:00:00,101.49535,TFT
2021-09-03 23:15:00,100.81861,TFT
2021-09-03 23:30:00,100.33029,TFT
2021-09-03 23:45:00,100.04529,TFT
2021-09-04 00:00:00,64.83445,TFT
2021-09-04 00:15:00,70.031815,TFT
2021-09-04 00:30:00,73.957146,TFT
2021-09-04 00:45:00,78.277466,TFT
2021-09-04 01:00:00,83.05242,TFT
2021-09-04 01:15:00,87.244606,TFT
2021-09-04 01:30:00,90.57818,TFT
2021-09-04 01:45:00,93.15233,TFT
2021-09-04 02:00:00,95.124695,TFT
2021-09-04 02:15:00,96.626785,TFT
2021-09-04 02:30:00,97.757805,TFT
2021-09-04 02:45:00,98.5915,TFT
2021-09-04 03:00:00,99.1826,TFT
2021-09-04 03:15:00,99.57148,TFT
2021-09-04 03:30:00,99.78749,TFT
2021-09-04 03:45:00,99.851326,TFT
2021-09-04 04:00:00,99.7767,TFT
2021-09-04 04:15:00,99.57112,TFT
2021-09-04 04:30:00,99.236275,TFT
2021-09-04 04:45:00,98.7695,TFT
2021-09-04 05:00:00,98.16322,TFT
2021-09-04 05:15:00,97.40418,TFT
2021-09-04 05:30:00,96.47058,TFT
2021-09-04 05:45:00,95.32396,TFT
2021-09-04 06:00:00,93.889725,TFT
2021-09-04 06:15:00,92.01125,TFT
2021-09-04 06:30:00,89.352196,TFT
2021-09-04 06:45:00,85.1748,TFT
2021-09-04 07:00:00,77.66967,TFT
2021-09-04 07:15:00,62.26087,TFT
2021-09-04 07:30:00,38.792435,TFT
2021-09-04 07:45:00,26.746716,TFT
2021-09-04 08:00:00,23.372711,TFT
2021-09-04 08:15:00,22.188004,TFT
2021-09-04 08:30:00,21.70691,TFT
2021-09-04 08:45:00,21.547829,TFT
2021-09-04 09:00:00,21.566154,TFT
2021-09-04 09:15:00,21.685593,TFT
2021-09-04 09:30:00,21.854347,TFT
2021-09-04 09:45:00,22.034302,TFT
2021-09-04 10:00:00,22.198975,TFT
2021-09-04 10:15:00,22.33368,TFT
2021-09-04 10:30:00,22.436012,TFT
2021-09-04 10:45:00,22.51458,TFT
2021-09-04 11:00:00,22.584229,TFT
2021-09-04 11:15:00,22.659859,TFT
2021-09-04 11:30:00,22.74685,TFT
2021-09-04 11:45:00,22.828186,TFT
2021-09-04 12:00:00,22.862404,TFT
2021-09-04 12:15:00,22.801086,TFT
2021-09-04 12:30:00,22.619621,TFT
2021-09-04 12:45:00,22.347374,TFT
2021-09-04 13:00:00,22.06134,TFT
2021-09-04 13:15:00,21.842926,TFT
2021-09-04 13:30:00,21.734009,TFT
2021-09-04 13:45:00,21.73053,TFT
2021-09-04 14:00:00,21.80355,TFT
2021-09-04 14:15:00,21.920189,TFT
2021-09-04 14:30:00,22.05349,TFT
2021-09-04 14:45:00,22.184563,TFT
2021-09-04 15:00:00,22.301048,TFT
2021-09-04 15:15:00,22.395432,TFT
2021-09-04 15:30:00,22.463364,TFT
2021-09-04 15:45:00,22.502693,TFT
2021-09-04 16:00:00,22.512932,TFT
2021-09-04 16:15:00,22.494904,TFT
2021-09-04 16:30:00,22.450813,TFT
2021-09-04 16:45:00,22.384499,TFT
2021-09-04 17:00:00,22.301369,TFT
2021-09-04 17:15:00,22.207878,TFT
2021-09-04 17:30:00,22.110298,TFT
2021-09-04 17:45:00,22.01332,TFT
2021-09-04 18:00:00,21.919441,TFT
2021-09-04 18:15:00,21.829582,TFT
2021-09-04 18:30:00,21.744614,TFT
2021-09-04 18:45:00,21.666222,TFT
2021-09-04 19:00:00,21.597237,TFT
2021-09-04 19:15:00,21.541092,TFT
2021-09-04 19:30:00,21.501495,TFT
2021-09-04 19:45:00,21.48191,TFT
2021-09-04 20:00:00,21.48516,TFT
2021-09-04 20:15:00,21.51307,TFT
2021-09-04 20:30:00,21.566124,TFT
2021-09-04 20:45:00,21.643402,TFT
2021-09-04 21:00:00,21.74327,TFT
2021-09-04 21:15:00,21.8638,TFT
2021-09-04 21:30:00,22.003853,TFT
2021-09-04 21:45:00,22.16349,TFT
2021-09-04 22:00:00,22.345345,TFT
2021-09-04 22:15:00,22.553764,TFT
2021-09-04 22:30:00,22.79663,TFT
2021-09-04 22:45:00,23.088219,TFT
2021-09-04 23:00:00,23.452278,TFT
2021-09-04 23:15:00,23.92839,TFT
2021-09-04 23:30:00,24.58648,TFT
2021-09-04 23:45:00,25.553349,TFT
2021-09-05 00:00:00,21.93264,TFT
2021-09-05 00:15:00,21.240555,TFT
2021-09-05 00:30:00,21.188644,TFT
2021-09-05 00:45:00,21.284645,TFT
2021-09-05 01:00:00,21.419563,TFT
2021-09-05 01:15:00,21.566315,TFT
2021-09-05 01:30:00,21.709862,TFT
2021-09-05 01:45:00,21.840149,TFT
2021-09-05 02:00:00,21.951477,TFT
2021-09-05 02:15:00,22.041664,TFT
2021-09-05 02:30:00,22.110855,TFT
2021-09-05 02:45:00,22.160454,TFT
2021-09-05 03:00:00,22.192375,TFT
2021-09-05 03:15:00,22.208572,TFT
2021-09-05 03:30:00,22.210777,TFT
2021-09-05 03:45:00,22.200462,TFT
2021-09-05 04:00:00,22.178886,TFT
2021-09-05 04:15:00,22.146965,TFT
2021-09-05 04:30:00,22.105385,TFT
2021-09-05 04:45:00,22.05526,TFT
2021-09-05 05:00:00,21.998276,TFT
2021-09-05 05:15:00,21.93731,TFT
2021-09-05 05:30:00,21.877037,TFT
2021-09-05 05:45:00,21.824318,TFT
2021-09-05 06:00:00,21.788773,TFT
2021-09-05 06:15:00,21.781563,TFT
2021-09-05 06:30:00,21.811844,TFT
2021-09-05 06:45:00,21.882347,TFT
2021-09-05 07:00:00,21.98655,TFT
2021-09-05 07:15:00,22.11103,TFT
2021-09-05 07:30:00,22.239899,TFT
2021-09-05 07:45:00,22.358986,TFT
2021-09-05 08:00:00,22.45781,TFT
2021-09-05 08:15:00,22.529892,TFT
2021-09-05 08:30:00,22.571945,TFT
2021-09-05 08:45:00,22.583038,TFT
2021-09-05 09:00:00,22.564499,TFT
2021-09-05 09:15:00,22.519684,TFT
2021-09-05 09:30:00,22.454323,TFT
2021-09-05 09:45:00,22.376328,TFT
2021-09-05 10:00:00,22.295181,TFT
2021-09-05 10:15:00,22.219978,TFT
2021-09-05 10:30:00,22.157852,TFT
2021-09-05 10:45:00,22.112663,TFT
2021-09-05 11:00:00,22.08493,TFT
2021-09-05 11:15:00,22.07267,TFT
2021-09-05 11:30:00,22.076698,TFT
2021-09-05 11:45:00,22.10183,TFT
2021-09-05 12:00:00,22.15509,TFT
2021-09-05 12:15:00,22.243782,TFT
2021-09-05 12:30:00,22.368202,TFT
2021-09-05 12:45:00,22.517532,TFT
2021-09-05 13:00:00,22.673729,TFT
2021-09-05 13:15:00,22.818588,TFT
2021-09-05 13:30:00,22.938957,TFT
2021-09-05 13:45:00,23.028175,TFT
2021-09-05 14:00:00,23.085052,TFT
2021-09-05 14:15:00,23.111824,TFT
2021-09-05 14:30:00,23.112297,TFT
2021-09-05 14:45:00,23.090324,TFT
2021-09-05 15:00:00,23.049232,TFT
2021-09-05 15:15:00,22.991661,TFT
2021-09-05 15:30:00,22.919876,TFT
2021-09-05 15:45:00,22.836006,TFT
2021-09-05 16:00:00,22.742401,TFT
2021-09-05 16:15:00,22.6419,TFT
2021-09-05 16:30:00,22.538406,TFT
2021-09-05 16:45:00,22.436981,TFT
2021-09-05 17:00:00,22.344093,TFT
2021-09-05 17:15:00,22.266693,TFT
2021-09-05 17:30:00,22.210518,TFT
2021-09-05 17:45:00,22.178001,TFT
2021-09-05 18:00:00,22.16742,TFT
2021-09-05 18:15:00,22.17408,TFT
2021-09-05 18:30:00,22.192184,TFT
2021-09-05 18:45:00,22.216522,TFT
2021-09-05 19:00:00,22.243027,TFT
2021-09-05 19:15:00,22.2686,TFT
2021-09-05 19:30:00,22.291107,TFT
2021-09-05 19:45:00,22.308914,TFT
2021-09-05 20:00:00,22.320877,TFT
2021-09-05 20:15:00,22.326294,TFT
2021-09-05 20:30:00,22.324608,TFT
2021-09-05 20:45:00,22.315376,TFT
2021-09-05 21:00:00,22.29824,TFT
2021-09-05 21:15:00,22.273064,TFT
2021-09-05 21:30:00,22.239761,TFT
2021-09-05 21:45:00,22.198357,TFT
2021-09-05 22:00:00,22.149025,TFT
2021-09-05 22:15:00,22.092072,TFT
2021-09-05 22:30:00,22.028229,TFT
2021-09-05 22:45:00,21.958725,TFT
2021-09-05 23:00:00,21.88559,TFT
2021-09-05 23:15:00,21.811913,TFT
2021-09-05 23:30:00,21.74224,TFT
2021-09-05 23:45:00,21.68261,TFT
2021-09-06 00:00:00,25.839203,TFT
2021-09-06 00:15:00,25.098976,TFT
2021-09-06 00:30:00,24.859428,TFT
2021-09-06 00:45:00,24.680283,TFT
2021-09-06 01:00:00,24.511757,TFT
2021-09-06 01:15:00,24.366066,TFT
2021-09-06 01:30:00,24.247063,TFT
2021-09-06 01:45:00,24.150063,TFT
2021-09-06 02:00:00,24.068214,TFT
2021-09-06 02:15:00,23.995506,TFT
2021-09-06 02:30:00,23.926384,TFT
2021-09-06 02:45:00,23.855171,TFT
2021-09-06 03:00:00,23.775848,TFT
2021-09-06 03:15:00,23.682251,TFT
2021-09-06 03:30:00,23.56842,TFT
2021-09-06 03:45:00,23.429344,TFT
2021-09-06 04:00:00,23.261978,TFT
2021-09-06 04:15:00,23.066452,TFT
2021-09-06 04:30:00,22.847054,TFT
2021-09-06 04:45:00,22.614166,TFT
2021-09-06 05:00:00,22.388084,TFT
2021-09-06 05:15:00,22.20118,TFT
2021-09-06 05:30:00,22.102943,TFT
2021-09-06 05:45:00,22.167908,TFT
2021-09-06 06:00:00,22.511986,TFT
2021-09-06 06:15:00,23.327942,TFT
2021-09-06 06:30:00,24.956017,TFT
2021-09-06 06:45:00,28.06393,TFT
2021-09-06 07:00:00,34.179867,TFT
2021-09-06 07:15:00,47.43758,TFT
2021-09-06 07:30:00,74.29887,TFT
2021-09-06 07:45:00,116.3637,TFT
2021-09-06 08:00:00,164.06458,TFT
2021-09-06 08:15:00,186.92513,TFT
2021-09-06 08:30:00,191.10501,TFT
2021-09-06 08:45:00,190.24133,TFT
2021-09-06 09:00:00,188.54887,TFT
2021-09-06 09:15:00,186.90451,TFT
2021-09-06 09:30:00,185.40137,TFT
2021-09-06 09:45:00,183.97711,TFT
2021-09-06 10:00:00,182.56607,TFT
2021-09-06 10:15:00,181.12766,TFT
2021-09-06 10:30:00,179.64473,TFT
2021-09-06 10:45:00,178.12247,TFT
2021-09-06 11:00:00,176.5946,TFT
2021-09-06 11:15:00,175.12836,TFT
2021-09-06 11:30:00,173.81412,TFT
2021-09-06 11:45:00,172.73764,TFT
2021-09-06 12:00:00,171.94595,TFT
2021-09-06 12:15:00,171.43271,TFT
2021-09-06 12:30:00,171.1502,TFT
2021-09-06 12:45:00,171.03218,TFT
2021-09-06 13:00:00,171.01457,TFT
2021-09-06 13:15:00,171.04597,TFT
2021-09-06 13:30:00,171.08878,TFT
2021-09-06 13:45:00,171.11644,TFT
2021-09-06 14:00:00,171.11057,TFT
2021-09-06 14:15:00,171.05768,TFT
2021-09-06 14:30:00,170.94687,TFT
2021-09-06 14:45:00,170.76819,TFT
2021-09-06 15:00:00,170.5112,TFT
2021-09-06 15:15:00,170.16402,TFT
2021-09-06 15:30:00,169.71234,TFT
2021-09-06 15:45:00,169.13873,TFT
2021-09-06 16:00:00,168.42209,TFT
2021-09-06 16:15:00,167.5384,TFT
2021-09-06 16:30:00,166.46295,TFT
2021-09-06 16:45:00,165.17477,TFT
2021-09-06 17:00:00,163.66206,TFT
2021-09-06 17:15:00,161.9241,TFT
2021-09-06 17:30:00,159.96744,TFT
2021-09-06 17:45:00,157.79709,TFT
2021-09-06 18:00:00,155.41081,TFT
2021-09-06 18:15:00,152.80273,TFT
2021-09-06 18:30:00,149.97247,TFT
2021-09-06 18:45:00,146.93384,TFT
2021-09-06 19:00:00,143.71985,TFT
2021-09-06 19:15:00,140.37836,TFT
2021-09-06 19:30:00,136.96523,TFT
2021-09-06 19:45:00,133.54083,TFT
2021-09-06 20:00:00,130.16345,TFT
2021-09-06 20:15:00,126.88453,TFT
2021-09-06 20:30:00,123.73938,TFT
2021-09-06 20:45:00,120.76639,TFT
2021-09-06 21:00:00,117.99901,TFT
2021-09-06 21:15:00,115.458755,TFT
2021-09-06 21:30:00,113.15351,TFT
2021-09-06 21:45:00,111.07909,TFT
2021-09-06 22:00:00,109.22183,TFT
2021-09-06 22:15:00,107.56398,TFT
2021-09-06 22:30:00,106.090195,TFT
2021-09-06 22:45:00,104.79068,TFT
2021-09-06 23:00:00,103.6642,TFT
2021-09-06 23:15:00,102.72056,TFT
2021-09-06 23:30:00,101.98216,TFT
2021-09-06 23:45:00,101.48102,TFT
2021-09-07 00:00:00,103.77307,TFT
2021-09-07 00:15:00,102.48344,TFT
2021-09-07 00:30:00,101.92692,TFT
2021-09-07 00:45:00,101.76129,TFT
2021-09-07 01:00:00,101.81589,TFT
2021-09-07 01:15:00,101.98241,TFT
2021-09-07 01:30:00,102.18435,TFT
2021-09-07 01:45:00,102.37068,TFT
2021-09-07 02:00:00,102.51139,TFT
2021-09-07 02:15:00,102.591095,TFT
2021-09-07 02:30:00,102.603584,TFT
2021-09-07 02:45:00,102.547516,TFT
2021-09-07 03:00:00,102.42363,TFT
2021-09-07 03:15:00,102.233185,TFT
2021-09-07 03:30:00,101.977005,TFT
2021-09-07 03:45:00,101.65499,TFT
2021-09-07 04:00:00,101.26595,TFT
2021-09-07 04:15:00,100.80782,TFT
2021-09-07 04:30:00,100.27689,TFT
2021-09-07 04:45:00,99.66878,TFT
2021-09-07 05:00:00,98.98312,TFT
2021-09-07 05:15:00,98.228035,TFT
2021-09-07 05:30:00,97.432526,TFT
2021-09-07 05:45:00,96.670074,TFT
2021-09-07 06:00:00,96.10566,TFT
2021-09-07 06:15:00,96.08415,TFT
2021-09-07 06:30:00,97.26918,TFT
2021-09-07 06:45:00,100.774284,TFT
2021-09-07 07:00:00,108.05144,TFT
2021-09-07 07:15:00,120.15812,TFT
2021-09-07 07:30:00,136.37112,TFT
2021-09-07 07:45:00,153.4627,TFT
2021-09-07 08:00:00,167.448,TFT
2021-09-07 08:15:00,176.47763,TFT
2021-09-07 08:30:00,181.17532,TFT
2021-09-07 08:45:00,183.00868,TFT
2021-09-07 09:00:00,183.2159,TFT
2021-09-07 09:15:00,182.5998,TFT
2021-09-07 09:30:00,181.62175,TFT
2021-09-07 09:45:00,180.52481,TFT
2021-09-07 10:00:00,179.4267,TFT
2021-09-07 10:15:00,178.37953,TFT
2021-09-07 10:30:00,177.40396,TFT
2021-09-07 10:45:00,176.50757,TFT
2021-09-07 11:00:00,175.69507,TFT
2021-09-07 11:15:00,174.97311,TFT
2021-09-07 11:30:00,174.35004,TFT
2021-09-07 11:45:00,173.8314,TFT
2021-09-07 12:00:00,173.41483,TFT
2021-09-07 12:15:00,173.08902,TFT
2021-09-07 12:30:00,172.83684,TFT
2021-09-07 12:45:00,172.6396,TFT
2021-09-07 13:00:00,172.48015,TFT
2021-09-07 13:15:00,172.34454,TFT
2021-09-07 13:30:00,172.22202,TFT
2021-09-07 13:45:00,172.10446,TFT
2021-09-07 14:00:00,171.9856,TFT
2021-09-07 14:15:00,171.86047,TFT
2021-09-07 14:30:00,171.72476,TFT
2021-09-07 14:45:00,171.57411,TFT
2021-09-07 15:00:00,171.4036,TFT
2021-09-07 15:15:00,171.20697,TFT
2021-09-07 15:30:00,170.97598,TFT
2021-09-07 15:45:00,170.6992,TFT
2021-09-07 16:00:00,170.36145,TFT
2021-09-07 16:15:00,169.94315,TFT
2021-09-07 16:30:00,169.42152,TFT
2021-09-07 16:45:00,168.77437,TFT
2021-09-07 17:00:00,167.98607,TFT
2021-09-07 17:15:00,167.0527,TFT
2021-09-07 17:30:00,165.98051,TFT
2021-09-07 17:45:00,164.77501,TFT
2021-09-07 18:00:00,163.42853,TFT
2021-09-07 18:15:00,161.91435,TFT
2021-09-07 18:30:00,160.18927,TFT
2021-09-07 18:45:00,158.20209,TFT
2021-09-07 19:00:00,155.90117,TFT
2021-09-07 19:15:00,153.24748,TFT
2021-09-07 19:30:00,150.2274,TFT
2021-09-07 19:45:00,146.86115,TFT
2021-09-07 20:00:00,143.20874,TFT
2021-09-07 20:15:00,139.36101,TFT
2021-09-07 20:30:00,135.42802,TFT
2021-09-07 20:45:00,131.5209,TFT
2021-09-07 21:00:00,127.7349,TFT
2021-09-07 21:15:00,124.139694,TFT
2021-09-07 21:30:00,120.77771,TFT
2021-09-07 21:45:00,117.6677,TFT
2021-09-07 22:00:00,114.810844,TFT
2021-09-07 22:15:00,112.19794,TFT
2021-09-07 22:30:00,109.81567,TFT
2021-09-07 22:45:00,107.65113,TFT
2021-09-07 23:00:00,105.69646,TFT
2021-09-07 23:15:00,103.95262,TFT
2021-09-07 23:30:00,102.43127,TFT
2021-09-07 23:45:00,101.15527,TFT
2021-09-08 00:00:00,101.60819,TFT
2021-09-08 00:15:00,100.65184,TFT
2021-09-08 00:30:00,100.43227,TFT
2021-09-08 00:45:00,100.6696,TFT
2021-09-08 01:00:00,101.178894,TFT
2021-09-08 01:15:00,101.82658,TFT
2021-09-08 01:30:00,102.51384,TFT
2021-09-08 01:45:00,103.173035,TFT
2021-09-08 02:00:00,103.76305,TFT
2021-09-08 02:15:00,104.26259,TFT
2021-09-08 02:30:00,104.66306,TFT
2021-09-08 02:45:00,104.96321,TFT
2021-09-08 03:00:00,105.16571,TFT
2021-09-08 03:15:00,105.27468,TFT
2021-09-08 03:30:00,105.29417,TFT
2021-09-08 03:45:00,105.227234,TFT
2021-09-08 04:00:00,105.07542,TFT
2021-09-08 04:15:00,104.83811,TFT
2021-09-08 04:30:00,104.511925,TFT
2021-09-08 04:45:00,104.09217,TFT
2021-09-08 05:00:00,103.57865,TFT
2021-09-08 05:15:00,102.981255,TFT
2021-09-08 05:30:00,102.33566,TFT
2021-09-08 05:45:00,101.73162,TFT
2021-09-08 06:00:00,101.36308,TFT
2021-09-08 06:15:00,101.59781,TFT
2021-09-08 06:30:00,103.03494,TFT
2021-09-08 06:45:00,106.49875,TFT
2021-09-08 07:00:00,112.928375,TFT
2021-09-08 07:15:00,122.96558,TFT
2021-09-08 07:30:00,136.32219,TFT
2021-09-08 07:45:00,151.28618,TFT
2021-09-08 08:00:00,165.1313,TFT
2021-09-08 08:15:00,175.64578,TFT
2021-09-08 08:30:00,182.25186,TFT
2021-09-08 08:45:00,185.63498,TFT
2021-09-08 09:00:00,186.83041,TFT
2021-09-08 09:15:00,186.71329,TFT
2021-09-08 09:30:00,185.8848,TFT
2021-09-08 09:45:00,184.71826,TFT
2021-09-08 10:00:00,183.42854,TFT
2021-09-08 10:15:00,182.13135,TFT
2021-09-08 10:30:00,180.8861,TFT
2021-09-08 10:45:00,179.72375,TFT
2021-09-08 11:00:00,178.66351,TFT
2021-09-08 11:15:00,177.72083,TFT
2021-09-08 11:30:00,176.90826,TFT
2021-09-08 11:45:00,176.2319,TFT
2021-09-08 12:00:00,175.68651,TFT
2021-09-08 12:15:00,175.25633,TFT
2021-09-08 12:30:00,174.91933,TFT
2021-09-08 12:45:00,174.65228,TFT
2021-09-08 13:00:00,174.43439,TFT
2021-09-08 13:15:00,174.2489,TFT
2021-09-08 13:30:00,174.08292,TFT
2021-09-08 13:45:00,173.92665,TFT
2021-09-08 14:00:00,173.77264,TFT
2021-09-08 14:15:00,173.61488,TFT
2021-09-08 14:30:00,173.44806,TFT
2021-09-08 14:45:00,173.2668,TFT
2021-09-08 15:00:00,173.06506,TFT
2021-09-08 15:15:00,172.83508,TFT
2021-09-08 15:30:00,172.56635,TFT
2021-09-08 15:45:00,172.24434,TFT
2021-09-08 16:00:00,171.84918,TFT
2021-09-08 16:15:00,171.35474,TFT
2021-09-08 16:30:00,170.72931,TFT
2021-09-08 16:45:00,169.9403,TFT
2021-09-08 17:00:00,168.96193,TFT
2021-09-08 17:15:00,167.78348,TFT
2021-09-08 17:30:00,166.40958,TFT
2021-09-08 17:45:00,164.84845,TFT
2021-09-08 18:00:00,163.09583,TFT
2021-09-08 18:15:00,161.12936,TFT
2021-09-08 18:30:00,158.91113,TFT
2021-09-08 18:45:00,156.39917,TFT
2021-09-08 19:00:00,153.56183,TFT
2021-09-08 19:15:00,150.39224,TFT
2021-09-08 19:30:00,146.91594,TFT
2021-09-08 19:45:00,143.19328,TFT
2021-09-08 20:00:00,139.31412,TFT
2021-09-08 20:15:00,135.38483,TFT
2021-09-08 20:30:00,131.5114,TFT
2021-09-08 20:45:00,127.78342,TFT
2021-09-08 21:00:00,124.264984,TFT
2021-09-08 21:15:00,120.99516,TFT
2021-09-08 21:30:00,117.99075,TFT
2021-09-08 21:45:00,115.25212,TFT
2021-09-08 22:00:00,112.76923,TFT
2021-09-08 22:15:00,110.52704,TFT
2021-09-08 22:30:00,108.50999,TFT
2021-09-08 22:45:00,106.70585,TFT
2021-09-08 23:00:00,105.10956,TFT
2021-09-08 23:15:00,103.72494,TFT
2021-09-08 23:30:00,102.56708,TFT
2021-09-08 23:45:00,101.66206,TFT
2021-09-09 00:00:00,100.73484,TFT
2021-09-09 00:15:00,100.26999,TFT
2021-09-09 00:30:00,100.46195,TFT
2021-09-09 00:45:00,101.0883,TFT
2021-09-09 01:00:00,101.969345,TFT
2021-09-09 01:15:00,102.9604,TFT
2021-09-09 01:30:00,103.95047,TFT
2021-09-09 01:45:00,104.864075,TFT
2021-09-09 02:00:00,105.65771,TFT
2021-09-09 02:15:00,106.31235,TFT
2021-09-09 02:30:00,106.8248,TFT
2021-09-09 02:45:00,107.20082,TFT
2021-09-09 03:00:00,107.450195,TFT
2021-09-09 03:15:00,107.58355,TFT
2021-09-09 03:30:00,107.61044,TFT
2021-09-09 03:45:00,107.53832,TFT
2021-09-09 04:00:00,107.372116,TFT
2021-09-09 04:15:00,107.11432,TFT
2021-09-09 04:30:00,106.76479,TFT
2021-09-09 04:45:00,106.322426,TFT
2021-09-09 05:00:00,105.79091,TFT
2021-09-09 05:15:00,105.18577,TFT
2021-09-09 05:30:00,104.549416,TFT
2021-09-09 05:45:00,103.97844,TFT
2021-09-09 06:00:00,103.66935,TFT
2021-09-09 06:15:00,103.97752,TFT
2021-09-09 06:30:00,105.46654,TFT
2021-09-09 06:45:00,108.90527,TFT
2021-09-09 07:00:00,115.15035,TFT
2021-09-09 07:15:00,124.79696,TFT
2021-09-09 07:30:00,137.68703,TFT
2021-09-09 07:45:00,152.43445,TFT
2021-09-09 08:00:00,166.5816,TFT
2021-09-09 08:15:00,177.78146,TFT
2021-09-09 08:30:00,185.06448,TFT
2021-09-09 08:45:00,188.86586,TFT
2021-09-09 09:00:00,190.20816,TFT
2021-09-09 09:15:00,190.05835,TFT
2021-09-09 09:30:00,189.11307,TFT
2021-09-09 09:45:00,187.80945,TFT
2021-09-09 10:00:00,186.39401,TFT
2021-09-09 10:15:00,184.99194,TFT
2021-09-09 10:30:00,183.66107,TFT
2021-09-09 10:45:00,182.42728,TFT
2021-09-09 11:00:00,181.3046,TFT
2021-09-09 11:15:00,180.30464,TFT
2021-09-09 11:30:00,179.4378,TFT
2021-09-09 11:45:00,178.70929,TFT
2021-09-09 12:00:00,178.11404,TFT
2021-09-09 12:15:00,177.6365,TFT
2021-09-09 12:30:00,177.2544,TFT
2021-09-09 12:45:00,176.94391,TFT
2021-09-09 13:00:00,176.6833,TFT
2021-09-09 13:15:00,176.45496,TFT
2021-09-09 13:30:00,176.24512,TFT
2021-09-09 13:45:00,176.04346,TFT
2021-09-09 14:00:00,175.8421,TFT
2021-09-09 14:15:00,175.63492,TFT
2021-09-09 14:30:00,175.41655,TFT
2021-09-09 14:45:00,175.18192,TFT
2021-09-09 15:00:00,174.92531,TFT
2021-09-09 15:15:00,174.63953,TFT
2021-09-09 15:30:00,174.31491,TFT
2021-09-09 15:45:00,173.93793,TFT
2021-09-09 16:00:00,173.48973,TFT
2021-09-09 16:15:00,172.94482,TFT
2021-09-09 16:30:00,172.27104,TFT
2021-09-09 16:45:00,171.4321,TFT
2021-09-09 17:00:00,170.3934,TFT
2021-09-09 17:15:00,169.12912,TFT
2021-09-09 17:30:00,167.62262,TFT
2021-09-09 17:45:00,165.85883,TFT
2021-09-09 18:00:00,163.81244,TFT
2021-09-09 18:15:00,161.44315,TFT
2021-09-09 18:30:00,158.70279,TFT
2021-09-09 18:45:00,155.55138,TFT
2021-09-09 19:00:00,151.97824,TFT
2021-09-09 19:15:00,148.02234,TFT
2021-09-09 19:30:00,143.77856,TFT
2021-09-09 19:45:00,139.38507,TFT
2021-09-09 20:00:00,134.99712,TFT
2021-09-09 20:15:00,130.75897,TFT
2021-09-09 20:30:00,126.78012,TFT
2021-09-09 20:45:00,123.12806,TFT
2021-09-09 21:00:00,119.83264,TFT
2021-09-09 21:15:00,116.895096,TFT
2021-09-09 21:30:00,114.29861,TFT
2021-09-09 21:45:00,112.01634,TFT
2021-09-09 22:00:00,110.01805,TFT
2021-09-09 22:15:00,108.27452,TFT
2021-09-09 22:30:00,106.76034,TFT
2021-09-09 22:45:00,105.45626,TFT
2021-09-09 23:00:00,104.351654,TFT
2021-09-09 23:15:00,103.446365,TFT
2021-09-09 23:30:00,102.75165,TFT
2021-09-09 23:45:00,102.28918,TFT
2021-09-10 00:00:00,103.70189,TFT
2021-09-10 00:15:00,102.433105,TFT
2021-09-10 00:30:00,102.1278,TFT
2021-09-10 00:45:00,102.39382,TFT
2021-09-10 01:00:00,102.97422,TFT
2021-09-10 01:15:00,103.69004,TFT
2021-09-10 01:30:00,104.41717,TFT
2021-09-10 01:45:00,105.0777,TFT
2021-09-10 02:00:00,105.62976,TFT
2021-09-10 02:15:00,106.05625,TFT
2021-09-10 02:30:00,106.35479,TFT
2021-09-10 02:45:00,106.53045,TFT
2021-09-10 03:00:00,106.591064,TFT
2021-09-10 03:15:00,106.544525,TFT
2021-09-10 03:30:00,106.39741,TFT
2021-09-10 03:45:00,106.15425,TFT
2021-09-10 04:00:00,105.81766,TFT
2021-09-10 04:15:00,105.38846,TFT
2021-09-10 04:30:00,104.86594,TFT
2021-09-10 04:45:00,104.25006,TFT
2021-09-10 05:00:00,103.54758,TFT
2021-09-10 05:15:00,102.77927,TFT
2021-09-10 05:30:00,101.995476,TFT
2021-09-10 05:45:00,101.30234,TFT
2021-09-10 06:00:00,100.90514,TFT
2021-09-10 06:15:00,101.16378,TFT
2021-09-10 06:30:00,102.643814,TFT
2021-09-10 06:45:00,106.137665,TFT
2021-09-10 07:00:00,112.61095,TFT
2021-09-10 07:15:00,122.94887,TFT
2021-09-10 07:30:00,137.37604,TFT
2021-09-10 07:45:00,154.4478,TFT
2021-09-10 08:00:00,170.60855,TFT
2021-09-10 08:15:00,182.20277,TFT
2021-09-10 08:30:00,188.26431,TFT
2021-09-10 08:45:00,190.2208,TFT
2021-09-10 09:00:00,189.88988,TFT
2021-09-10 09:15:00,188.52675,TFT
2021-09-10 09:30:00,186.82118,TFT
2021-09-10 09:45:00,185.10298,TFT
2021-09-10 10:00:00,183.50493,TFT
2021-09-10 10:15:00,182.06293,TFT
2021-09-10 10:30:00,180.7702,TFT
2021-09-10 10:45:00,179.60529,TFT
2021-09-10 11:00:00,178.54744,TFT
2021-09-10 11:15:00,177.58575,TFT
2021-09-10 11:30:00,176.72102,TFT
2021-09-10 11:45:00,175.96053,TFT
2021-09-10 12:00:00,175.3091,TFT
2021-09-10 12:15:00,174.76355,TFT
2021-09-10 12:30:00,174.31274,TFT
2021-09-10 12:45:00,173.94109,TFT
2021-09-10 13:00:00,173.6323,TFT
2021-09-10 13:15:00,173.37196,TFT
2021-09-10 13:30:00,173.1482,TFT
2021-09-10 13:45:00,172.95126,TFT
2021-09-10 14:00:00,172.77322,TFT
2021-09-10 14:15:00,172.6071,TFT
2021-09-10 14:30:00,172.44632,TFT
2021-09-10 14:45:00,172.28407,TFT
2021-09-10 15:00:00,172.1127,TFT
2021-09-10 15:15:00,171.9231,TFT
2021-09-10 15:30:00,171.70383,TFT
2021-09-10 15:45:00,171.44028,TFT
2021-09-10 16:00:00,171.11343,TFT
2021-09-10 16:15:00,170.69894,TFT
2021-09-10 16:30:00,170.16666,TFT
2021-09-10 16:45:00,169.48145,TFT
2021-09-10 17:00:00,168.60564,TFT
2021-09-10 17:15:00,167.50105,TFT
2021-09-10 17:30:00,166.1268,TFT
2021-09-10 17:45:00,164.43239,TFT
2021-09-10 18:00:00,162.35071,TFT
2021-09-10 18:15:00,159.79889,TFT
2021-09-10 18:30:00,156.69394,TFT
2021-09-10 18:45:00,152.98137,TFT
2021-09-10 19:00:00,148.67152,TFT
2021-09-10 19:15:00,143.87576,TFT
2021-09-10 19:30:00,138.80173,TFT
2021-09-10 19:45:00,133.70592,TFT
2021-09-10 20:00:00,128.8301,TFT
2021-09-10 20:15:00,124.35101,TFT
2021-09-10 20:30:00,120.36351,TFT
2021-09-10 20:45:00,116.894485,TFT
2021-09-10 21:00:00,113.92519,TFT
2021-09-10 21:15:00,111.41139,TFT
2021-09-10 21:30:00,109.298256,TFT
2021-09-10 21:45:00,107.52905,TFT
2021-09-10 22:00:00,106.05021,TFT
2021-09-10 22:15:00,104.815285,TFT
2021-09-10 22:30:00,103.78703,TFT
2021-09-10 22:45:00,102.93839,TFT
2021-09-10 23:00:00,102.25343,TFT
2021-09-10 23:15:00,101.72781,TFT
2021-09-10 23:30:00,101.36893,TFT
2021-09-10 23:45:00,101.19381,TFT
2021-09-11 00:00:00,70.786514,TFT
2021-09-11 00:15:00,75.41368,TFT
2021-09-11 00:30:00,80.59612,TFT
2021-09-11 00:45:00,85.20155,TFT
2021-09-11 01:00:00,88.99557,TFT
2021-09-11 01:15:00,92.05902,TFT
2021-09-11 01:30:00,94.521866,TFT
2021-09-11 01:45:00,96.49755,TFT
2021-09-11 02:00:00,98.071915,TFT
2021-09-11 02:15:00,99.31138,TFT
2021-09-11 02:30:00,100.269554,TFT
2021-09-11 02:45:00,100.99025,TFT
2021-09-11 03:00:00,101.5093,TFT
2021-09-11 03:15:00,101.85548,TFT
2021-09-11 03:30:00,102.051476,TFT
2021-09-11 03:45:00,102.11471,TFT
2021-09-11 04:00:00,102.058014,TFT
2021-09-11 04:15:00,101.89025,TFT
2021-09-11 04:30:00,101.61648,TFT
2021-09-11 04:45:00,101.238495,TFT
2021-09-11 05:00:00,100.75603,TFT
2021-09-11 05:15:00,100.16666,TFT
2021-09-11 05:30:00,99.46559,TFT
2021-09-11 05:45:00,98.64331,TFT
2021-09-11 06:00:00,97.67844,TFT
2021-09-11 06:15:00,96.51779,TFT
2021-09-11 06:30:00,95.031815,TFT
2021-09-11 06:45:00,92.92824,TFT
2021-09-11 07:00:00,89.57386,TFT
2021-09-11 07:15:00,83.404686,TFT
2021-09-11 07:30:00,69.237724,TFT
2021-09-11 07:45:00,42.338722,TFT
2021-09-11 08:00:00,28.781788,TFT
2021-09-11 08:15:00,25.660378,TFT
2021-09-11 08:30:00,24.682587,TFT
2021-09-11 08:45:00,24.238289,TFT
2021-09-11 09:00:00,24.00859,TFT
2021-09-11 09:15:00,23.902924,TFT
2021-09-11 09:30:00,23.873215,TFT
2021-09-11 09:45:00,23.882095,TFT
2021-09-11 10:00:00,23.9002,TFT
2021-09-11 10:15:00,23.909134,TFT
2021-09-11 10:30:00,23.90371,TFT
2021-09-11 10:45:00,23.89228,TFT
2021-09-11 11:00:00,23.89161,TFT
2021-09-11 11:15:00,23.92183,TFT
2021-09-11 11:30:00,23.992493,TFT
2021-09-11 11:45:00,24.090363,TFT
2021-09-11 12:00:00,24.176132,TFT
2021-09-11 12:15:00,24.198273,TFT
2021-09-11 12:30:00,24.118095,TFT
2021-09-11 12:45:00,23.933876,TFT
2021-09-11 13:00:00,23.687721,TFT
2021-09-11 13:15:00,23.446854,TFT
2021-09-11 13:30:00,23.267662,TFT
2021-09-11 13:45:00,23.17321,TFT
2021-09-11 14:00:00,23.15599,TFT
2021-09-11 14:15:00,23.193611,TFT
2021-09-11 14:30:00,23.26168,TFT
2021-09-11 14:45:00,23.340088,TFT
2021-09-11 15:00:00,23.414276,TFT
2021-09-11 15:15:00,23.474518,TFT
2021-09-11 15:30:00,23.514778,TFT
2021-09-11 15:45:00,23.531784,TFT
2021-09-11 16:00:00,23.52443,TFT
2021-09-11 16:15:00,23.493637,TFT
2021-09-11 16:30:00,23.442574,TFT
2021-09-11 16:45:00,23.376732,TFT
2021-09-11 17:00:00,23.303413,TFT
2021-09-11 17:15:00,23.230057,TFT
2021-09-11 17:30:00,23.161789,TFT
2021-09-11 17:45:00,23.100037,TFT
2021-09-11 18:00:00,23.043373,TFT
2021-09-11 18:15:00,22.98967,TFT
2021-09-11 18:30:00,22.938004,TFT
2021-09-11 18:45:00,22.889229,TFT
2021-09-11 19:00:00,22.845802,TFT
2021-09-11 19:15:00,22.811096,TFT
2021-09-11 19:30:00,22.788948,TFT
2021-09-11 19:45:00,22.783142,TFT
2021-09-11 20:00:00,22.79712,TFT
2021-09-11 20:15:00,22.833443,TFT
2021-09-11 20:30:00,22.893532,TFT
2021-09-11 20:45:00,22.977783,TFT
2021-09-11 21:00:00,23.086548,TFT
2021-09-11 21:15:00,23.220871,TFT
2021-09-11 21:30:00,23.383339,TFT
2021-09-11 21:45:00,23.578903,TFT
2021-09-11 22:00:00,23.814247,TFT
2021-09-11 22:15:00,24.099121,TFT
2021-09-11 22:30:00,24.447731,TFT
2021-09-11 22:45:00,24.880692,TFT
2021-09-11 23:00:00,25.429344,TFT
2021-09-11 23:15:00,26.145874,TFT
2021-09-11 23:30:00,27.121979,TFT
2021-09-11 23:45:00,28.521011,TFT
2021-09-12 00:00:00,21.906822,TFT
2021-09-12 00:15:00,21.478783,TFT
2021-09-12 00:30:00,21.58818,TFT
2021-09-12 00:45:00,21.767738,TFT
2021-09-12 01:00:00,21.939018,TFT
2021-09-12 01:15:00,22.092163,TFT
2021-09-12 01:30:00,22.225899,TFT
2021-09-12 01:45:00,22.339561,TFT
2021-09-12 02:00:00,22.432861,TFT
2021-09-12 02:15:00,22.506264,TFT
2021-09-12 02:30:00,22.560951,TFT
2021-09-12 02:45:00,22.598434,TFT
2021-09-12 03:00:00,22.620346,TFT
2021-09-12 03:15:00,22.628235,TFT
2021-09-12 03:30:00,22.623451,TFT
2021-09-12 03:45:00,22.607147,TFT
2021-09-12 04:00:00,22.580276,TFT
2021-09-12 04:15:00,22.54361,TFT
2021-09-12 04:30:00,22.497765,TFT
2021-09-12 04:45:00,22.443428,TFT
2021-09-12 05:00:00,22.381912,TFT
2021-09-12 05:15:00,22.315483,TFT
2021-09-12 05:30:00,22.248016,TFT
2021-09-12 05:45:00,22.185715,TFT
2021-09-12 06:00:00,22.137886,TFT
2021-09-12 06:15:00,22.11686,TFT
2021-09-12 06:30:00,22.135246,TFT
2021-09-12 06:45:00,22.200653,TFT
2021-09-12 07:00:00,22.310265,TFT
2021-09-12 07:15:00,22.450317,TFT
2021-09-12 07:30:00,22.601059,TFT
2021-09-12 07:45:00,22.743088,TFT
2021-09-12 08:00:00,22.861946,TFT
2021-09-12 08:15:00,22.948975,TFT
2021-09-12 08:30:00,23.000267,TFT
2021-09-12 08:45:00,23.015114,TFT
2021-09-12 09:00:00,22.995178,TFT
2021-09-12 09:15:00,22.944275,TFT
2021-09-12 09:30:00,22.868568,TFT
2021-09-12 09:45:00,22.776459,TFT
2021-09-12 10:00:00,22.677956,TFT
2021-09-12 10:15:00,22.583488,TFT
2021-09-12 10:30:00,22.50238,TFT
2021-09-12 10:45:00,22.44114,TFT
2021-09-12 11:00:00,22.403923,TFT
2021-09-12 11:15:00,22.392776,TFT
2021-09-12 11:30:00,22.410156,TFT
2021-09-12 11:45:00,22.457802,TFT
2021-09-12 12:00:00,22.535645,TFT
2021-09-12 12:15:00,22.644249,TFT
2021-09-12 12:30:00,22.783043,TFT
2021-09-12 12:45:00,22.944382,TFT
2021-09-12 13:00:00,23.113754,TFT
2021-09-12 13:15:00,23.27472,TFT
2021-09-12 13:30:00,23.414139,TFT
2021-09-12 13:45:00,23.524323,TFT
2021-09-12 14:00:00,23.602394,TFT
2021-09-12 14:15:00,23.648788,TFT
2021-09-12 14:30:00,23.665451,TFT
2021-09-12 14:45:00,23.654854,TFT
2021-09-12 15:00:00,23.619492,TFT
2021-09-12 15:15:00,23.561882,TFT
2021-09-12 15:30:00,23.48455,TFT
2021-09-12 15:45:00,23.390335,TFT
2021-09-12 16:00:00,23.282532,TFT
2021-09-12 16:15:00,23.165367,TFT
2021-09-12 16:30:00,23.044388,TFT
2021-09-12 16:45:00,22.92698,TFT
2021-09-12 17:00:00,22.8219,TFT
2021-09-12 17:15:00,22.737495,TFT
2021-09-12 17:30:00,22.679138,TFT
2021-09-12 17:45:00,22.647163,TFT
2021-09-12 18:00:00,22.637512,TFT
2021-09-12 18:15:00,22.644012,TFT
2021-09-12 18:30:00,22.660599,TFT
2021-09-12 18:45:00,22.682388,TFT
2021-09-12 19:00:00,22.705795,TFT
2021-09-12 19:15:00,22.728127,TFT
2021-09-12 19:30:00,22.747406,TFT
2021-09-12 19:45:00,22.762169,TFT
2021-09-12 20:00:00,22.771423,TFT
2021-09-12 20:15:00,22.774384,TFT
2021-09-12 20:30:00,22.770432,TFT
2021-09-12 20:45:00,22.759071,TFT
2021-09-12 21:00:00,22.739967,TFT
2021-09-12 21:15:00,22.712936,TFT
2021-09-12 21:30:00,22.67781,TFT
2021-09-12 21:45:00,22.634499,TFT
2021-09-12 22:00:00,22.582993,TFT
2021-09-12 22:15:00,22.523468,TFT
2021-09-12 22:30:00,22.456352,TFT
2021-09-12 22:45:00,22.382568,TFT
2021-09-12 23:00:00,22.303818,TFT
2021-09-12 23:15:00,22.223,TFT
2021-09-12 23:30:00,22.144463,TFT
2021-09-12 23:45:00,22.07441,TFT
2021-09-13 00:00:00,25.839333,TFT
2021-09-13 00:15:00,25.095718,TFT
2021-09-13 00:30:00,24.85006,TFT
2021-09-13 00:45:00,24.6624,TFT
2021-09-13 01:00:00,24.482971,TFT
2021-09-13 01:15:00,24.32409,TFT
2021-09-13 01:30:00,24.190025,TFT
2021-09-13 01:45:00,24.077003,TFT
2021-09-13 02:00:00,23.979515,TFT
2021-09-13 02:15:00,23.893501,TFT
2021-09-13 02:30:00,23.815353,TFT
2021-09-13 02:45:00,23.741455,TFT
2021-09-13 03:00:00,23.667465,TFT
2021-09-13 03:15:00,23.588043,TFT
2021-09-13 03:30:00,23.496864,TFT
2021-09-13 03:45:00,23.387161,TFT
2021-09-13 04:00:00,23.253136,TFT
2021-09-13 04:15:00,23.091743,TFT
2021-09-13 04:30:00,22.904243,TFT
2021-09-13 04:45:00,22.698914,TFT
2021-09-13 05:00:00,22.494873,TFT
2021-09-13 05:15:00,22.32444,TFT
2021-09-13 05:30:00,22.23748,TFT
2021-09-13 05:45:00,22.308945,TFT
2021-09-13 06:00:00,22.655197,TFT
2021-09-13 06:15:00,23.471085,TFT
2021-09-13 06:30:00,25.104706,TFT
2021-09-13 06:45:00,28.246876,TFT
2021-09-13 07:00:00,34.492558,TFT
2021-09-13 07:15:00,48.009212,TFT
2021-09-13 07:30:00,74.549065,TFT
2021-09-13 07:45:00,116.23871,TFT
2021-09-13 08:00:00,163.95093,TFT
2021-09-13 08:15:00,186.88524,TFT
2021-09-13 08:30:00,191.09583,TFT
2021-09-13 08:45:00,190.24521,TFT
2021-09-13 09:00:00,188.55994,TFT
2021-09-13 09:15:00,186.92027,TFT
2021-09-13 09:30:00,185.4207,TFT
2021-09-13 09:45:00,183.99954,TFT
2021-09-13 10:00:00,182.59158,TFT
2021-09-13 10:15:00,181.15652,TFT
2021-09-13 10:30:00,179.6774,TFT
2021-09-13 10:45:00,178.15958,TFT
2021-09-13 11:00:00,176.63692,TFT
2021-09-13 11:15:00,175.1765,TFT
2021-09-13 11:30:00,173.86838,TFT
2021-09-13 11:45:00,172.79773,TFT
2021-09-13 12:00:00,172.01103,TFT
2021-09-13 12:15:00,171.5015,TFT
2021-09-13 12:30:00,171.22137,TFT
2021-09-13 12:45:00,171.10455,TFT
2021-09-13 13:00:00,171.08722,TFT
2021-09-13 13:15:00,171.11823,TFT
2021-09-13 13:30:00,171.16017,TFT
2021-09-13 13:45:00,171.1867,TFT
2021-09-13 14:00:00,171.17953,TFT
2021-09-13 14:15:00,171.1253,TFT
2021-09-13 14:30:00,171.01317,TFT
2021-09-13 14:45:00,170.83325,TFT
2021-09-13 15:00:00,170.5752,TFT
2021-09-13 15:15:00,170.22717,TFT
2021-09-13 15:30:00,169.77496,TFT
2021-09-13 15:45:00,169.20123,TFT
2021-09-13 16:00:00,168.485,TFT
2021-09-13 16:15:00,167.60243,TFT
2021-09-13 16:30:00,166.52896,TFT
2021-09-13 16:45:00,165.24393,TFT
2021-09-13 17:00:00,163.73557,TFT
2021-09-13 17:15:00,162.00327,TFT
2021-09-13 17:30:00,160.05356,TFT
2021-09-13 17:45:00,157.89148,TFT
2021-09-13 18:00:00,155.51486,TFT
2021-09-13 18:15:00,152.91812,TFT
2021-09-13 18:30:00,150.10124,TFT
2021-09-13 18:45:00,147.07852,TFT
2021-09-13 19:00:00,143.88358,TFT
2021-09-13 19:15:00,140.56468,TFT
2021-09-13 19:30:00,137.1778,TFT
2021-09-13 19:45:00,133.78278,TFT
2021-09-13 20:00:00,130.43558,TFT
2021-09-13 20:15:00,127.18437,TFT
2021-09-13 20:30:00,124.06194,TFT
2021-09-13 20:45:00,121.10628,TFT
2021-09-13 21:00:00,118.35191,TFT
2021-09-13 21:15:00,115.82205,TFT
2021-09-13 21:30:00,113.52618,TFT
2021-09-13 21:45:00,111.46104,TFT
2021-09-13 22:00:00,109.61344,TFT
2021-09-13 22:15:00,107.96576,TFT
2021-09-13 22:30:00,106.50235,TFT
2021-09-13 22:45:00,105.21285,TFT
2021-09-13 23:00:00,104.09505,TFT
2021-09-13 23:15:00,103.157364,TFT
2021-09-13 23:30:00,102.420364,TFT
2021-09-13 23:45:00,101.91418,TFT
2021-09-14 00:00:00,106.33273,TFT
2021-09-14 00:15:00,104.79293,TFT
2021-09-14 00:30:00,104.0833,TFT
2021-09-14 00:45:00,103.818695,TFT
2021-09-14 01:00:00,103.80366,TFT
2021-09-14 01:15:00,103.91819,TFT
2021-09-14 01:30:00,104.08072,TFT
2021-09-14 01:45:00,104.238045,TFT
2021-09-14 02:00:00,104.35904,TFT
2021-09-14 02:15:00,104.42766,TFT
2021-09-14 02:30:00,104.43725,TFT
2021-09-14 02:45:00,104.386154,TFT
2021-09-14 03:00:00,104.275154,TFT
2021-09-14 03:15:00,104.10572,TFT
2021-09-14 03:30:00,103.87937,TFT
2021-09-14 03:45:00,103.59704,TFT
2021-09-14 04:00:00,103.259186,TFT
2021-09-14 04:15:00,102.866135,TFT
2021-09-14 04:30:00,102.417656,TFT
2021-09-14 04:45:00,101.91432,TFT
2021-09-14 05:00:00,101.362854,TFT
2021-09-14 05:15:00,100.78146,TFT
2021-09-14 05:30:00,100.21325,TFT
2021-09-14 05:45:00,99.75068,TFT
2021-09-14 06:00:00,99.5809,TFT
2021-09-14 06:15:00,100.06361,TFT
2021-09-14 06:30:00,101.84717,TFT
2021-09-14 06:45:00,105.97064,TFT
2021-09-14 07:00:00,113.76163,TFT
2021-09-14 07:15:00,126.123,TFT
2021-09-14 07:30:00,142.16444,TFT
2021-09-14 07:45:00,158.63155,TFT
2021-09-14 08:00:00,171.7969,TFT
2021-09-14 08:15:00,180.14304,TFT
2021-09-14 08:30:00,184.4049,TFT
2021-09-14 08:45:00,185.99788,TFT
2021-09-14 09:00:00,186.08438,TFT
2021-09-14 09:15:00,185.41295,TFT
2021-09-14 09:30:00,184.41342,TFT
2021-09-14 09:45:00,183.3122,TFT
2021-09-14 10:00:00,182.21844,TFT
2021-09-14 10:15:00,181.18018,TFT
2021-09-14 10:30:00,180.21571,TFT
2021-09-14 10:45:00,179.33124,TFT
2021-09-14 11:00:00,178.53012,TFT
2021-09-14 11:15:00,177.81749,TFT
2021-09-14 11:30:00,177.20032,TFT
2021-09-14 11:45:00,176.68329,TFT
2021-09-14 12:00:00,176.264,TFT
2021-09-14 12:15:00,175.93195,TFT
2021-09-14 12:30:00,175.67114,TFT
2021-09-14 12:45:00,175.46396,TFT
2021-09-14 13:00:00,175.29416,TFT
2021-09-14 13:15:00,175.14845,TFT
2021-09-14 13:30:00,175.01639,TFT
2021-09-14 13:45:00,174.8901,TFT
2021-09-14 14:00:00,174.76343,TFT
2021-09-14 14:15:00,174.63141,TFT
2021-09-14 14:30:00,174.48962,TFT
2021-09-14 14:45:00,174.33372,TFT
2021-09-14 15:00:00,174.1586,TFT
2021-09-14 15:15:00,173.95792,TFT
2021-09-14 15:30:00,173.72307,TFT
2021-09-14 15:45:00,173.44238,TFT
2021-09-14 16:00:00,173.10005,TFT
2021-09-14 16:15:00,172.67566,TFT
2021-09-14 16:30:00,172.14523,TFT
2021-09-14 16:45:00,171.48486,TFT
2021-09-14 17:00:00,170.67712,TFT
2021-09-14 17:15:00,169.71674,TFT
2021-09-14 17:30:00,168.6091,TFT
2021-09-14 17:45:00,167.35995,TFT
2021-09-14 18:00:00,165.96211,TFT
2021-09-14 18:15:00,164.3893,TFT
2021-09-14 18:30:00,162.59967,TFT
2021-09-14 18:45:00,160.5427,TFT
2021-09-14 19:00:00,158.16803,TFT
2021-09-14 19:15:00,155.43846,TFT
2021-09-14 19:30:00,152.34283,TFT
2021-09-14 19:45:00,148.90425,TFT
2021-09-14 20:00:00,145.18457,TFT
2021-09-14 20:15:00,141.27844,TFT
2021-09-14 20:30:00,137.29758,TFT
2021-09-14 20:45:00,133.35344,TFT
2021-09-14 21:00:00,129.54073,TFT
2021-09-14 21:15:00,125.92796,TFT
2021-09-14 21:30:00,122.556175,TFT
2021-09-14 21:45:00,119.44272,TFT
2021-09-14 22:00:00,116.587524,TFT
2021-09-14 22:15:00,113.980225,TFT
2021-09-14 22:30:00,111.60649,TFT
2021-09-14 22:45:00,109.45245,TFT
2021-09-14 23:00:00,107.509155,TFT
2021-09-14 23:15:00,105.77636,TFT
2021-09-14 23:30:00,104.264275,TFT
2021-09-14 23:45:00,102.994125,TFT
