발행시각,대상시각,예측,모델
2021-08-09 00:00:00,2021-08-09 00:00:00,34.06530761969172,ARIMA (+달력·가동 계획)
2021-08-09 00:00:00,2021-08-09 00:15:00,34.08311217262912,ARIMA (+달력·가동 계획)
2021-08-09 00:00:00,2021-08-09 00:30:00,34.94335424150101,ARIMA (+달력·가동 계획)
2021-08-09 00:00:00,2021-08-09 00:45:00,36.52348771394954,ARIMA (+달력·가동 계획)
2021-08-09 01:00:00,2021-08-09 01:00:00,23.132827465899645,ARIMA (+달력·가동 계획)
2021-08-09 01:00:00,2021-08-09 01:15:00,25.617305369915243,ARIMA (+달력·가동 계획)
2021-08-09 01:00:00,2021-08-09 01:30:00,28.23199799532413,ARIMA (+달력·가동 계획)
2021-08-09 01:00:00,2021-08-09 01:45:00,30.7503004928026,ARIMA (+달력·가동 계획)
2021-08-09 02:00:00,2021-08-09 02:00:00,23.206112095350345,ARIMA (+달력·가동 계획)
2021-08-09 02:00:00,2021-08-09 02:15:00,24.91067381836413,ARIMA (+달력·가동 계획)
2021-08-09 02:00:00,2021-08-09 02:30:00,25.964978158936617,ARIMA (+달력·가동 계획)
2021-08-09 02:00:00,2021-08-09 02:45:00,26.27275352936901,ARIMA (+달력·가동 계획)
2021-08-09 03:00:00,2021-08-09 03:00:00,19.525903233779268,ARIMA (+달력·가동 계획)
2021-08-09 03:00:00,2021-08-09 03:15:00,18.30007224489566,ARIMA (+달력·가동 계획)
2021-08-09 03:00:00,2021-08-09 03:30:00,16.418342873025452,ARIMA (+달력·가동 계획)
2021-08-09 03:00:00,2021-08-09 03:45:00,14.038020010762928,ARIMA (+달력·가동 계획)
2021-08-09 04:00:00,2021-08-09 04:00:00,20.33136982257481,ARIMA (+달력·가동 계획)
2021-08-09 04:00:00,2021-08-09 04:15:00,17.625427901471554,ARIMA (+달력·가동 계획)
2021-08-09 04:00:00,2021-08-09 04:30:00,15.158557708509669,ARIMA (+달력·가동 계획)
2021-08-09 04:00:00,2021-08-09 04:45:00,13.21510779796398,ARIMA (+달력·가동 계획)
2021-08-09 05:00:00,2021-08-09 05:00:00,20.85386125539569,ARIMA (+달력·가동 계획)
2021-08-09 05:00:00,2021-08-09 05:15:00,20.750227247178728,ARIMA (+달력·가동 계획)
2021-08-09 05:00:00,2021-08-09 05:30:00,21.888724935048597,ARIMA (+달력·가동 계획)
2021-08-09 05:00:00,2021-08-09 05:45:00,24.409028785119855,ARIMA (+달력·가동 계획)
2021-08-09 06:00:00,2021-08-09 06:00:00,23.970894428196672,ARIMA (+달력·가동 계획)
2021-08-09 06:00:00,2021-08-09 06:15:00,29.383536648063377,ARIMA (+달력·가동 계획)
2021-08-09 06:00:00,2021-08-09 06:30:00,36.14940817292536,ARIMA (+달력·가동 계획)
2021-08-09 06:00:00,2021-08-09 06:45:00,44.10314553626122,ARIMA (+달력·가동 계획)
2021-08-09 07:00:00,2021-08-09 07:00:00,28.906983173237283,ARIMA (+달력·가동 계획)
2021-08-09 07:00:00,2021-08-09 07:15:00,38.47525416370766,ARIMA (+달력·가동 계획)
2021-08-09 07:00:00,2021-08-09 07:30:00,48.37105851537791,ARIMA (+달력·가동 계획)
2021-08-09 07:00:00,2021-08-09 07:45:00,58.237067374909216,ARIMA (+달력·가동 계획)
2021-08-09 08:00:00,2021-08-09 08:00:00,121.47509559499689,ARIMA (+달력·가동 계획)
2021-08-09 08:00:00,2021-08-09 08:15:00,130.21449998420377,ARIMA (+달력·가동 계획)
2021-08-09 08:00:00,2021-08-09 08:30:00,137.90900262866418,ARIMA (+달력·가동 계획)
2021-08-09 08:00:00,2021-08-09 08:45:00,144.30209835032235,ARIMA (+달력·가동 계획)
2021-08-09 09:00:00,2021-08-09 09:00:00,212.90188158407855,ARIMA (+달력·가동 계획)
2021-08-09 09:00:00,2021-08-09 09:15:00,216.19943192406933,ARIMA (+달력·가동 계획)
2021-08-09 09:00:00,2021-08-09 09:30:00,217.86161600230108,ARIMA (+달력·가동 계획)
2021-08-09 09:00:00,2021-08-09 09:45:00,217.93996634491225,ARIMA (+달력·가동 계획)
2021-08-09 10:00:00,2021-08-09 10:00:00,193.62420126655425,ARIMA (+달력·가동 계획)
2021-08-09 10:00:00,2021-08-09 10:15:00,190.99308986619295,ARIMA (+달력·가동 계획)
2021-08-09 10:00:00,2021-08-09 10:30:00,187.361672644659,ARIMA (+달력·가동 계획)
2021-08-09 10:00:00,2021-08-09 10:45:00,183.0250159970957,ARIMA (+달력·가동 계획)
2021-08-09 11:00:00,2021-08-09 11:00:00,168.2750312432589,ARIMA (+달력·가동 계획)
2021-08-09 11:00:00,2021-08-09 11:15:00,163.4814155688918,ARIMA (+달력·가동 계획)
2021-08-09 11:00:00,2021-08-09 11:30:00,158.9227168625946,ARIMA (+달력·가동 계획)
2021-08-09 11:00:00,2021-08-09 11:45:00,154.86901669968543,ARIMA (+달력·가동 계획)
2021-08-09 12:00:00,2021-08-09 12:00:00,179.67303904581246,ARIMA (+달력·가동 계획)
2021-08-09 12:00:00,2021-08-09 12:15:00,177.23476678244805,ARIMA (+달력·가동 계획)
2021-08-09 12:00:00,2021-08-09 12:30:00,175.7799513177052,ARIMA (+달력·가동 계획)
2021-08-09 12:00:00,2021-08-09 12:45:00,175.3332270166295,ARIMA (+달력·가동 계획)
2021-08-09 13:00:00,2021-08-09 13:00:00,126.51743537017472,ARIMA (+달력·가동 계획)
2021-08-09 13:00:00,2021-08-09 13:15:00,127.89240687185836,ARIMA (+달력·가동 계획)
2021-08-09 13:00:00,2021-08-09 13:30:00,129.965285902705,ARIMA (+달력·가동 계획)
2021-08-09 13:00:00,2021-08-09 13:45:00,132.53620452746935,ARIMA (+달력·가동 계획)
2021-08-09 14:00:00,2021-08-09 14:00:00,202.84377184333607,ARIMA (+달력·가동 계획)
2021-08-09 14:00:00,2021-08-09 14:15:00,205.72592005544,ARIMA (+달력·가동 계획)
2021-08-09 14:00:00,2021-08-09 14:30:00,208.41871204817863,ARIMA (+달력·가동 계획)
2021-08-09 14:00:00,2021-08-09 14:45:00,210.71612348116903,ARIMA (+달력·가동 계획)
2021-08-09 15:00:00,2021-08-09 15:00:00,176.73062586349047,ARIMA (+달력·가동 계획)
2021-08-09 15:00:00,2021-08-09 15:15:00,177.76771713969157,ARIMA (+달력·가동 계획)
2021-08-09 15:00:00,2021-08-09 15:30:00,178.0357357278633,ARIMA (+달력·가동 계획)
2021-08-09 15:00:00,2021-08-09 15:45:00,177.51307283728823,ARIMA (+달력·가동 계획)
2021-08-09 16:00:00,2021-08-09 16:00:00,181.71777630391887,ARIMA (+달력·가동 계획)
2021-08-09 16:00:00,2021-08-09 16:15:00,179.75491679916612,ARIMA (+달력·가동 계획)
2021-08-09 16:00:00,2021-08-09 16:30:00,177.22995057045063,ARIMA (+달력·가동 계획)
2021-08-09 16:00:00,2021-08-09 16:45:00,174.29020790256106,ARIMA (+달력·가동 계획)
2021-08-09 17:00:00,2021-08-09 17:00:00,169.80905145344832,ARIMA (+달력·가동 계획)
2021-08-09 17:00:00,2021-08-09 17:15:00,166.53334412953717,ARIMA (+달력·가동 계획)
2021-08-09 17:00:00,2021-08-09 17:30:00,163.3290322552619,ARIMA (+달력·가동 계획)
2021-08-09 17:00:00,2021-08-09 17:45:00,160.3299700889167,ARIMA (+달력·가동 계획)
2021-08-09 18:00:00,2021-08-09 18:00:00,114.30776752095312,ARIMA (+달력·가동 계획)
2021-08-09 18:00:00,2021-08-09 18:15:00,111.98444079776708,ARIMA (+달력·가동 계획)
2021-08-09 18:00:00,2021-08-09 18:30:00,110.0486109223246,ARIMA (+달력·가동 계획)
2021-08-09 18:00:00,2021-08-09 18:45:00,108.4749129464224,ARIMA (+달력·가동 계획)
2021-08-09 19:00:00,2021-08-09 19:00:00,92.72215375203083,ARIMA (+달력·가동 계획)
2021-08-09 19:00:00,2021-08-09 19:15:00,91.63926021351556,ARIMA (+달력·가동 계획)
2021-08-09 19:00:00,2021-08-09 19:30:00,90.6248586099978,ARIMA (+달력·가동 계획)
2021-08-09 19:00:00,2021-08-09 19:45:00,89.53804739751537,ARIMA (+달력·가동 계획)
2021-08-09 20:00:00,2021-08-09 20:00:00,88.69777378001052,ARIMA (+달력·가동 계획)
2021-08-09 20:00:00,2021-08-09 20:15:00,87.0476385270867,ARIMA (+달력·가동 계획)
2021-08-09 20:00:00,2021-08-09 20:30:00,84.93954570017456,ARIMA (+달력·가동 계획)
2021-08-09 20:00:00,2021-08-09 20:45:00,82.29623338557883,ARIMA (+달력·가동 계획)
2021-08-09 21:00:00,2021-08-09 21:00:00,109.784942871003,ARIMA (+달력·가동 계획)
2021-08-09 21:00:00,2021-08-09 21:15:00,106.00728445744114,ARIMA (+달력·가동 계획)
2021-08-09 21:00:00,2021-08-09 21:30:00,101.72334290935927,ARIMA (+달력·가동 계획)
2021-08-09 21:00:00,2021-08-09 21:45:00,97.0345297607793,ARIMA (+달력·가동 계획)
2021-08-09 22:00:00,2021-08-09 22:00:00,110.04725284560956,ARIMA (+달력·가동 계획)
2021-08-09 22:00:00,2021-08-09 22:15:00,105.00233881417242,ARIMA (+달력·가동 계획)
2021-08-09 22:00:00,2021-08-09 22:30:00,100.05661805297568,ARIMA (+달력·가동 계획)
2021-08-09 22:00:00,2021-08-09 22:45:00,95.40804850968264,ARIMA (+달력·가동 계획)
2021-08-09 23:00:00,2021-08-09 23:00:00,107.83930273420329,ARIMA (+달력·가동 계획)
2021-08-09 23:00:00,2021-08-09 23:15:00,104.3362806692977,ARIMA (+달력·가동 계획)
2021-08-09 23:00:00,2021-08-09 23:30:00,101.62728741114093,ARIMA (+달력·가동 계획)
2021-08-09 23:00:00,2021-08-09 23:45:00,99.80477567983873,ARIMA (+달력·가동 계획)
2021-08-10 00:00:00,2021-08-10 00:00:00,77.02461573667433,ARIMA (+달력·가동 계획)
2021-08-10 00:00:00,2021-08-10 00:15:00,77.04242028961173,ARIMA (+달력·가동 계획)
2021-08-10 00:00:00,2021-08-10 00:30:00,77.90266235848362,ARIMA (+달력·가동 계획)
2021-08-10 00:00:00,2021-08-10 00:45:00,79.48279583093216,ARIMA (+달력·가동 계획)
2021-08-10 01:00:00,2021-08-10 01:00:00,69.13282746589965,ARIMA (+달력·가동 계획)
2021-08-10 01:00:00,2021-08-10 01:15:00,71.61730536991524,ARIMA (+달력·가동 계획)
2021-08-10 01:00:00,2021-08-10 01:30:00,74.23199799532412,ARIMA (+달력·가동 계획)
2021-08-10 01:00:00,2021-08-10 01:45:00,76.75030049280261,ARIMA (+달력·가동 계획)
2021-08-10 02:00:00,2021-08-10 02:00:00,95.20611209535032,ARIMA (+달력·가동 계획)
2021-08-10 02:00:00,2021-08-10 02:15:00,96.91067381836412,ARIMA (+달력·가동 계획)
2021-08-10 02:00:00,2021-08-10 02:30:00,97.9649781589366,ARIMA (+달력·가동 계획)
2021-08-10 02:00:00,2021-08-10 02:45:00,98.272753529369,ARIMA (+달력·가동 계획)
2021-08-10 03:00:00,2021-08-10 03:00:00,96.52590323377926,ARIMA (+달력·가동 계획)
2021-08-10 03:00:00,2021-08-10 03:15:00,95.30007224489566,ARIMA (+달력·가동 계획)
2021-08-10 03:00:00,2021-08-10 03:30:00,93.41834287302544,ARIMA (+달력·가동 계획)
2021-08-10 03:00:00,2021-08-10 03:45:00,91.03802001076292,ARIMA (+달력·가동 계획)
2021-08-10 04:00:00,2021-08-10 04:00:00,96.33136982257484,ARIMA (+달력·가동 계획)
2021-08-10 04:00:00,2021-08-10 04:15:00,93.62542790147155,ARIMA (+달력·가동 계획)
2021-08-10 04:00:00,2021-08-10 04:30:00,91.15855770850968,ARIMA (+달력·가동 계획)
2021-08-10 04:00:00,2021-08-10 04:45:00,89.21510779796398,ARIMA (+달력·가동 계획)
2021-08-10 05:00:00,2021-08-10 05:00:00,96.8538612553957,ARIMA (+달력·가동 계획)
2021-08-10 05:00:00,2021-08-10 05:15:00,96.75022724717874,ARIMA (+달력·가동 계획)
2021-08-10 05:00:00,2021-08-10 05:30:00,97.8887249350486,ARIMA (+달력·가동 계획)
2021-08-10 05:00:00,2021-08-10 05:45:00,100.40902878511989,ARIMA (+달력·가동 계획)
2021-08-10 06:00:00,2021-08-10 06:00:00,102.97089442819669,ARIMA (+달력·가동 계획)
2021-08-10 06:00:00,2021-08-10 06:15:00,108.3835366480634,ARIMA (+달력·가동 계획)
2021-08-10 06:00:00,2021-08-10 06:30:00,115.14940817292536,ARIMA (+달력·가동 계획)
2021-08-10 06:00:00,2021-08-10 06:45:00,123.10314553626124,ARIMA (+달력·가동 계획)
2021-08-10 07:00:00,2021-08-10 07:00:00,113.90698317323728,ARIMA (+달력·가동 계획)
2021-08-10 07:00:00,2021-08-10 07:15:00,123.47525416370766,ARIMA (+달력·가동 계획)
2021-08-10 07:00:00,2021-08-10 07:30:00,133.3710585153779,ARIMA (+달력·가동 계획)
2021-08-10 07:00:00,2021-08-10 07:45:00,143.2370673749092,ARIMA (+달력·가동 계획)
2021-08-10 08:00:00,2021-08-10 08:00:00,141.47509559499687,ARIMA (+달력·가동 계획)
2021-08-10 08:00:00,2021-08-10 08:15:00,150.21449998420377,ARIMA (+달력·가동 계획)
2021-08-10 08:00:00,2021-08-10 08:30:00,157.90900262866418,ARIMA (+달력·가동 계획)
2021-08-10 08:00:00,2021-08-10 08:45:00,164.30209835032235,ARIMA (+달력·가동 계획)
2021-08-10 09:00:00,2021-08-10 09:00:00,194.90188158407855,ARIMA (+달력·가동 계획)
2021-08-10 09:00:00,2021-08-10 09:15:00,198.1994319240693,ARIMA (+달력·가동 계획)
2021-08-10 09:00:00,2021-08-10 09:30:00,199.86161600230105,ARIMA (+달력·가동 계획)
2021-08-10 09:00:00,2021-08-10 09:45:00,199.9399663449122,ARIMA (+달력·가동 계획)
2021-08-10 10:00:00,2021-08-10 10:00:00,188.62420126655425,ARIMA (+달력·가동 계획)
2021-08-10 10:00:00,2021-08-10 10:15:00,185.99308986619295,ARIMA (+달력·가동 계획)
2021-08-10 10:00:00,2021-08-10 10:30:00,182.36167264465905,ARIMA (+달력·가동 계획)
2021-08-10 10:00:00,2021-08-10 10:45:00,178.0250159970957,ARIMA (+달력·가동 계획)
2021-08-10 11:00:00,2021-08-10 11:00:00,181.2750312432589,ARIMA (+달력·가동 계획)
2021-08-10 11:00:00,2021-08-10 11:15:00,176.48141556889183,ARIMA (+달력·가동 계획)
2021-08-10 11:00:00,2021-08-10 11:30:00,171.92271686259463,ARIMA (+달력·가동 계획)
2021-08-10 11:00:00,2021-08-10 11:45:00,167.86901669968546,ARIMA (+달력·가동 계획)
2021-08-10 12:00:00,2021-08-10 12:00:00,181.67303904581243,ARIMA (+달력·가동 계획)
2021-08-10 12:00:00,2021-08-10 12:15:00,179.23476678244802,ARIMA (+달력·가동 계획)
2021-08-10 12:00:00,2021-08-10 12:30:00,177.77995131770518,ARIMA (+달력·가동 계획)
2021-08-10 12:00:00,2021-08-10 12:45:00,177.33322701662948,ARIMA (+달력·가동 계획)
2021-08-10 13:00:00,2021-08-10 13:00:00,110.51743537017474,ARIMA (+달력·가동 계획)
2021-08-10 13:00:00,2021-08-10 13:15:00,111.89240687185838,ARIMA (+달력·가동 계획)
2021-08-10 13:00:00,2021-08-10 13:30:00,113.96528590270502,ARIMA (+달력·가동 계획)
2021-08-10 13:00:00,2021-08-10 13:45:00,116.53620452746938,ARIMA (+달력·가동 계획)
2021-08-10 14:00:00,2021-08-10 14:00:00,192.84377184333604,ARIMA (+달력·가동 계획)
2021-08-10 14:00:00,2021-08-10 14:15:00,195.72592005544,ARIMA (+달력·가동 계획)
2021-08-10 14:00:00,2021-08-10 14:30:00,198.41871204817863,ARIMA (+달력·가동 계획)
2021-08-10 14:00:00,2021-08-10 14:45:00,200.716123481169,ARIMA (+달력·가동 계획)
2021-08-10 15:00:00,2021-08-10 15:00:00,166.73062586349047,ARIMA (+달력·가동 계획)
2021-08-10 15:00:00,2021-08-10 15:15:00,167.76771713969157,ARIMA (+달력·가동 계획)
2021-08-10 15:00:00,2021-08-10 15:30:00,168.0357357278633,ARIMA (+달력·가동 계획)
2021-08-10 15:00:00,2021-08-10 15:45:00,167.51307283728826,ARIMA (+달력·가동 계획)
2021-08-10 16:00:00,2021-08-10 16:00:00,179.7177763039189,ARIMA (+달력·가동 계획)
2021-08-10 16:00:00,2021-08-10 16:15:00,177.75491679916615,ARIMA (+달력·가동 계획)
2021-08-10 16:00:00,2021-08-10 16:30:00,175.22995057045063,ARIMA (+달력·가동 계획)
2021-08-10 16:00:00,2021-08-10 16:45:00,172.29020790256106,ARIMA (+달력·가동 계획)
2021-08-10 17:00:00,2021-08-10 17:00:00,157.80905145344835,ARIMA (+달력·가동 계획)
2021-08-10 17:00:00,2021-08-10 17:15:00,154.5333441295372,ARIMA (+달력·가동 계획)
2021-08-10 17:00:00,2021-08-10 17:30:00,151.3290322552619,ARIMA (+달력·가동 계획)
2021-08-10 17:00:00,2021-08-10 17:45:00,148.3299700889167,ARIMA (+달력·가동 계획)
2021-08-10 18:00:00,2021-08-10 18:00:00,153.30776752095312,ARIMA (+달력·가동 계획)
2021-08-10 18:00:00,2021-08-10 18:15:00,150.9844407977671,ARIMA (+달력·가동 계획)
2021-08-10 18:00:00,2021-08-10 18:30:00,149.0486109223246,ARIMA (+달력·가동 계획)
2021-08-10 18:00:00,2021-08-10 18:45:00,147.4749129464224,ARIMA (+달력·가동 계획)
2021-08-10 19:00:00,2021-08-10 19:00:00,166.72215375203083,ARIMA (+달력·가동 계획)
2021-08-10 19:00:00,2021-08-10 19:15:00,165.63926021351557,ARIMA (+달력·가동 계획)
2021-08-10 19:00:00,2021-08-10 19:30:00,164.62485860999777,ARIMA (+달력·가동 계획)
2021-08-10 19:00:00,2021-08-10 19:45:00,163.53804739751536,ARIMA (+달력·가동 계획)
2021-08-10 20:00:00,2021-08-10 20:00:00,137.69777378001055,ARIMA (+달력·가동 계획)
2021-08-10 20:00:00,2021-08-10 20:15:00,136.04763852708672,ARIMA (+달력·가동 계획)
2021-08-10 20:00:00,2021-08-10 20:30:00,133.9395457001746,ARIMA (+달력·가동 계획)
2021-08-10 20:00:00,2021-08-10 20:45:00,131.29623338557883,ARIMA (+달력·가동 계획)
2021-08-10 21:00:00,2021-08-10 21:00:00,129.784942871003,ARIMA (+달력·가동 계획)
2021-08-10 21:00:00,2021-08-10 21:15:00,126.00728445744116,ARIMA (+달력·가동 계획)
2021-08-10 21:00:00,2021-08-10 21:30:00,121.7233429093593,ARIMA (+달력·가동 계획)
2021-08-10 21:00:00,2021-08-10 21:45:00,117.03452976077932,ARIMA (+달력·가동 계획)
2021-08-10 22:00:00,2021-08-10 22:00:00,117.04725284560952,ARIMA (+달력·가동 계획)
2021-08-10 22:00:00,2021-08-10 22:15:00,112.0023388141724,ARIMA (+달력·가동 계획)
2021-08-10 22:00:00,2021-08-10 22:30:00,107.05661805297568,ARIMA (+달력·가동 계획)
2021-08-10 22:00:00,2021-08-10 22:45:00,102.40804850968264,ARIMA (+달력·가동 계획)
2021-08-10 23:00:00,2021-08-10 23:00:00,101.83930273420329,ARIMA (+달력·가동 계획)
2021-08-10 23:00:00,2021-08-10 23:15:00,98.33628066929772,ARIMA (+달력·가동 계획)
2021-08-10 23:00:00,2021-08-10 23:30:00,95.62728741114094,ARIMA (+달력·가동 계획)
2021-08-10 23:00:00,2021-08-10 23:45:00,93.80477567983873,ARIMA (+달력·가동 계획)
2021-08-11 00:00:00,2021-08-11 00:00:00,83.1049454526865,ARIMA (+달력·가동 계획)
2021-08-11 00:00:00,2021-08-11 00:15:00,83.12275000562389,ARIMA (+달력·가동 계획)
2021-08-11 00:00:00,2021-08-11 00:30:00,83.98299207449578,ARIMA (+달력·가동 계획)
2021-08-11 00:00:00,2021-08-11 00:45:00,85.56312554694432,ARIMA (+달력·가동 계획)
2021-08-11 01:00:00,2021-08-11 01:00:00,68.13282746589965,ARIMA (+달력·가동 계획)
2021-08-11 01:00:00,2021-08-11 01:15:00,70.61730536991524,ARIMA (+달력·가동 계획)
2021-08-11 01:00:00,2021-08-11 01:30:00,73.23199799532412,ARIMA (+달력·가동 계획)
2021-08-11 01:00:00,2021-08-11 01:45:00,75.75030049280261,ARIMA (+달력·가동 계획)
2021-08-11 02:00:00,2021-08-11 02:00:00,92.20611209535032,ARIMA (+달력·가동 계획)
2021-08-11 02:00:00,2021-08-11 02:15:00,93.91067381836412,ARIMA (+달력·가동 계획)
2021-08-11 02:00:00,2021-08-11 02:30:00,94.9649781589366,ARIMA (+달력·가동 계획)
2021-08-11 02:00:00,2021-08-11 02:45:00,95.272753529369,ARIMA (+달력·가동 계획)
2021-08-11 03:00:00,2021-08-11 03:00:00,109.52590323377926,ARIMA (+달력·가동 계획)
2021-08-11 03:00:00,2021-08-11 03:15:00,108.30007224489566,ARIMA (+달력·가동 계획)
2021-08-11 03:00:00,2021-08-11 03:30:00,106.41834287302544,ARIMA (+달력·가동 계획)
2021-08-11 03:00:00,2021-08-11 03:45:00,104.03802001076292,ARIMA (+달력·가동 계획)
2021-08-11 04:00:00,2021-08-11 04:00:00,102.33136982257484,ARIMA (+달력·가동 계획)
2021-08-11 04:00:00,2021-08-11 04:15:00,99.62542790147155,ARIMA (+달력·가동 계획)
2021-08-11 04:00:00,2021-08-11 04:30:00,97.15855770850968,ARIMA (+달력·가동 계획)
2021-08-11 04:00:00,2021-08-11 04:45:00,95.21510779796398,ARIMA (+달력·가동 계획)
2021-08-11 05:00:00,2021-08-11 05:00:00,111.8538612553957,ARIMA (+달력·가동 계획)
2021-08-11 05:00:00,2021-08-11 05:15:00,111.75022724717874,ARIMA (+달력·가동 계획)
2021-08-11 05:00:00,2021-08-11 05:30:00,112.8887249350486,ARIMA (+달력·가동 계획)
2021-08-11 05:00:00,2021-08-11 05:45:00,115.40902878511989,ARIMA (+달력·가동 계획)
2021-08-11 06:00:00,2021-08-11 06:00:00,108.97089442819669,ARIMA (+달력·가동 계획)
2021-08-11 06:00:00,2021-08-11 06:15:00,114.3835366480634,ARIMA (+달력·가동 계획)
2021-08-11 06:00:00,2021-08-11 06:30:00,121.14940817292536,ARIMA (+달력·가동 계획)
2021-08-11 06:00:00,2021-08-11 06:45:00,129.10314553626122,ARIMA (+달력·가동 계획)
2021-08-11 07:00:00,2021-08-11 07:00:00,137.90698317323728,ARIMA (+달력·가동 계획)
2021-08-11 07:00:00,2021-08-11 07:15:00,147.47525416370763,ARIMA (+달력·가동 계획)
2021-08-11 07:00:00,2021-08-11 07:30:00,157.3710585153779,ARIMA (+달력·가동 계획)
2021-08-11 07:00:00,2021-08-11 07:45:00,167.2370673749092,ARIMA (+달력·가동 계획)
2021-08-11 08:00:00,2021-08-11 08:00:00,159.47509559499687,ARIMA (+달력·가동 계획)
2021-08-11 08:00:00,2021-08-11 08:15:00,168.21449998420377,ARIMA (+달력·가동 계획)
2021-08-11 08:00:00,2021-08-11 08:30:00,175.90900262866418,ARIMA (+달력·가동 계획)
2021-08-11 08:00:00,2021-08-11 08:45:00,182.30209835032235,ARIMA (+달력·가동 계획)
2021-08-11 09:00:00,2021-08-11 09:00:00,216.90188158407855,ARIMA (+달력·가동 계획)
2021-08-11 09:00:00,2021-08-11 09:15:00,220.1994319240693,ARIMA (+달력·가동 계획)
2021-08-11 09:00:00,2021-08-11 09:30:00,221.86161600230105,ARIMA (+달력·가동 계획)
2021-08-11 09:00:00,2021-08-11 09:45:00,221.9399663449122,ARIMA (+달력·가동 계획)
2021-08-11 10:00:00,2021-08-11 10:00:00,187.62420126655425,ARIMA (+달력·가동 계획)
2021-08-11 10:00:00,2021-08-11 10:15:00,184.99308986619295,ARIMA (+달력·가동 계획)
2021-08-11 10:00:00,2021-08-11 10:30:00,181.36167264465905,ARIMA (+달력·가동 계획)
2021-08-11 10:00:00,2021-08-11 10:45:00,177.0250159970957,ARIMA (+달력·가동 계획)
2021-08-11 11:00:00,2021-08-11 11:00:00,178.27503124325892,ARIMA (+달력·가동 계획)
2021-08-11 11:00:00,2021-08-11 11:15:00,173.48141556889183,ARIMA (+달력·가동 계획)
2021-08-11 11:00:00,2021-08-11 11:30:00,168.92271686259463,ARIMA (+달력·가동 계획)
2021-08-11 11:00:00,2021-08-11 11:45:00,164.86901669968546,ARIMA (+달력·가동 계획)
2021-08-11 12:00:00,2021-08-11 12:00:00,188.67303904581243,ARIMA (+달력·가동 계획)
2021-08-11 12:00:00,2021-08-11 12:15:00,186.234766782448,ARIMA (+달력·가동 계획)
2021-08-11 12:00:00,2021-08-11 12:30:00,184.7799513177052,ARIMA (+달력·가동 계획)
2021-08-11 12:00:00,2021-08-11 12:45:00,184.33322701662948,ARIMA (+달력·가동 계획)
2021-08-11 13:00:00,2021-08-11 13:00:00,107.51743537017474,ARIMA (+달력·가동 계획)
2021-08-11 13:00:00,2021-08-11 13:15:00,108.89240687185838,ARIMA (+달력·가동 계획)
2021-08-11 13:00:00,2021-08-11 13:30:00,110.96528590270502,ARIMA (+달력·가동 계획)
2021-08-11 13:00:00,2021-08-11 13:45:00,113.53620452746938,ARIMA (+달력·가동 계획)
2021-08-11 14:00:00,2021-08-11 14:00:00,207.84377184333604,ARIMA (+달력·가동 계획)
2021-08-11 14:00:00,2021-08-11 14:15:00,210.72592005544,ARIMA (+달력·가동 계획)
2021-08-11 14:00:00,2021-08-11 14:30:00,213.41871204817863,ARIMA (+달력·가동 계획)
2021-08-11 14:00:00,2021-08-11 14:45:00,215.716123481169,ARIMA (+달력·가동 계획)
2021-08-11 15:00:00,2021-08-11 15:00:00,178.73062586349047,ARIMA (+달력·가동 계획)
2021-08-11 15:00:00,2021-08-11 15:15:00,179.76771713969157,ARIMA (+달력·가동 계획)
2021-08-11 15:00:00,2021-08-11 15:30:00,180.0357357278633,ARIMA (+달력·가동 계획)
2021-08-11 15:00:00,2021-08-11 15:45:00,179.51307283728826,ARIMA (+달력·가동 계획)
2021-08-11 16:00:00,2021-08-11 16:00:00,162.7177763039189,ARIMA (+달력·가동 계획)
2021-08-11 16:00:00,2021-08-11 16:15:00,160.75491679916615,ARIMA (+달력·가동 계획)
2021-08-11 16:00:00,2021-08-11 16:30:00,158.22995057045063,ARIMA (+달력·가동 계획)
2021-08-11 16:00:00,2021-08-11 16:45:00,155.29020790256106,ARIMA (+달력·가동 계획)
2021-08-11 17:00:00,2021-08-11 17:00:00,183.80905145344835,ARIMA (+달력·가동 계획)
2021-08-11 17:00:00,2021-08-11 17:15:00,180.5333441295372,ARIMA (+달력·가동 계획)
2021-08-11 17:00:00,2021-08-11 17:30:00,177.3290322552619,ARIMA (+달력·가동 계획)
2021-08-11 17:00:00,2021-08-11 17:45:00,174.3299700889167,ARIMA (+달력·가동 계획)
2021-08-11 18:00:00,2021-08-11 18:00:00,174.30776752095312,ARIMA (+달력·가동 계획)
2021-08-11 18:00:00,2021-08-11 18:15:00,171.9844407977671,ARIMA (+달력·가동 계획)
2021-08-11 18:00:00,2021-08-11 18:30:00,170.0486109223246,ARIMA (+달력·가동 계획)
2021-08-11 18:00:00,2021-08-11 18:45:00,168.4749129464224,ARIMA (+달력·가동 계획)
2021-08-11 19:00:00,2021-08-11 19:00:00,170.72215375203083,ARIMA (+달력·가동 계획)
2021-08-11 19:00:00,2021-08-11 19:15:00,169.63926021351557,ARIMA (+달력·가동 계획)
2021-08-11 19:00:00,2021-08-11 19:30:00,168.62485860999777,ARIMA (+달력·가동 계획)
2021-08-11 19:00:00,2021-08-11 19:45:00,167.53804739751536,ARIMA (+달력·가동 계획)
2021-08-11 20:00:00,2021-08-11 20:00:00,135.69777378001055,ARIMA (+달력·가동 계획)
2021-08-11 20:00:00,2021-08-11 20:15:00,134.04763852708672,ARIMA (+달력·가동 계획)
2021-08-11 20:00:00,2021-08-11 20:30:00,131.9395457001746,ARIMA (+달력·가동 계획)
2021-08-11 20:00:00,2021-08-11 20:45:00,129.29623338557883,ARIMA (+달력·가동 계획)
2021-08-11 21:00:00,2021-08-11 21:00:00,117.784942871003,ARIMA (+달력·가동 계획)
2021-08-11 21:00:00,2021-08-11 21:15:00,114.00728445744112,ARIMA (+달력·가동 계획)
2021-08-11 21:00:00,2021-08-11 21:30:00,109.72334290935927,ARIMA (+달력·가동 계획)
2021-08-11 21:00:00,2021-08-11 21:45:00,105.0345297607793,ARIMA (+달력·가동 계획)
2021-08-11 22:00:00,2021-08-11 22:00:00,110.04725284560952,ARIMA (+달력·가동 계획)
2021-08-11 22:00:00,2021-08-11 22:15:00,105.0023388141724,ARIMA (+달력·가동 계획)
2021-08-11 22:00:00,2021-08-11 22:30:00,100.05661805297568,ARIMA (+달력·가동 계획)
2021-08-11 22:00:00,2021-08-11 22:45:00,95.40804850968264,ARIMA (+달력·가동 계획)
2021-08-11 23:00:00,2021-08-11 23:00:00,99.83930273420329,ARIMA (+달력·가동 계획)
2021-08-11 23:00:00,2021-08-11 23:15:00,96.33628066929772,ARIMA (+달력·가동 계획)
2021-08-11 23:00:00,2021-08-11 23:30:00,93.62728741114094,ARIMA (+달력·가동 계획)
2021-08-11 23:00:00,2021-08-11 23:45:00,91.80477567983873,ARIMA (+달력·가동 계획)
2021-08-12 00:00:00,2021-08-12 00:00:00,83.1049454526865,ARIMA (+달력·가동 계획)
2021-08-12 00:00:00,2021-08-12 00:15:00,83.12275000562389,ARIMA (+달력·가동 계획)
2021-08-12 00:00:00,2021-08-12 00:30:00,83.98299207449578,ARIMA (+달력·가동 계획)
2021-08-12 00:00:00,2021-08-12 00:45:00,85.56312554694432,ARIMA (+달력·가동 계획)
2021-08-12 01:00:00,2021-08-12 01:00:00,71.13282746589965,ARIMA (+달력·가동 계획)
2021-08-12 01:00:00,2021-08-12 01:15:00,73.61730536991524,ARIMA (+달력·가동 계획)
2021-08-12 01:00:00,2021-08-12 01:30:00,76.23199799532412,ARIMA (+달력·가동 계획)
2021-08-12 01:00:00,2021-08-12 01:45:00,78.75030049280261,ARIMA (+달력·가동 계획)
2021-08-12 02:00:00,2021-08-12 02:00:00,117.20611209535032,ARIMA (+달력·가동 계획)
2021-08-12 02:00:00,2021-08-12 02:15:00,118.91067381836412,ARIMA (+달력·가동 계획)
2021-08-12 02:00:00,2021-08-12 02:30:00,119.9649781589366,ARIMA (+달력·가동 계획)
2021-08-12 02:00:00,2021-08-12 02:45:00,120.272753529369,ARIMA (+달력·가동 계획)
2021-08-12 03:00:00,2021-08-12 03:00:00,102.52590323377926,ARIMA (+달력·가동 계획)
2021-08-12 03:00:00,2021-08-12 03:15:00,101.30007224489566,ARIMA (+달력·가동 계획)
2021-08-12 03:00:00,2021-08-12 03:30:00,99.41834287302544,ARIMA (+달력·가동 계획)
2021-08-12 03:00:00,2021-08-12 03:45:00,97.03802001076292,ARIMA (+달력·가동 계획)
2021-08-12 04:00:00,2021-08-12 04:00:00,107.33136982257484,ARIMA (+달력·가동 계획)
2021-08-12 04:00:00,2021-08-12 04:15:00,104.62542790147155,ARIMA (+달력·가동 계획)
2021-08-12 04:00:00,2021-08-12 04:30:00,102.15855770850968,ARIMA (+달력·가동 계획)
2021-08-12 04:00:00,2021-08-12 04:45:00,100.21510779796398,ARIMA (+달력·가동 계획)
2021-08-12 05:00:00,2021-08-12 05:00:00,93.8538612553957,ARIMA (+달력·가동 계획)
2021-08-12 05:00:00,2021-08-12 05:15:00,93.75022724717874,ARIMA (+달력·가동 계획)
2021-08-12 05:00:00,2021-08-12 05:30:00,94.8887249350486,ARIMA (+달력·가동 계획)
2021-08-12 05:00:00,2021-08-12 05:45:00,97.40902878511989,ARIMA (+달력·가동 계획)
2021-08-12 06:00:00,2021-08-12 06:00:00,106.97089442819669,ARIMA (+달력·가동 계획)
2021-08-12 06:00:00,2021-08-12 06:15:00,112.3835366480634,ARIMA (+달력·가동 계획)
2021-08-12 06:00:00,2021-08-12 06:30:00,119.14940817292536,ARIMA (+달력·가동 계획)
2021-08-12 06:00:00,2021-08-12 06:45:00,127.10314553626124,ARIMA (+달력·가동 계획)
2021-08-12 07:00:00,2021-08-12 07:00:00,122.90698317323726,ARIMA (+달력·가동 계획)
2021-08-12 07:00:00,2021-08-12 07:15:00,132.47525416370763,ARIMA (+달력·가동 계획)
2021-08-12 07:00:00,2021-08-12 07:30:00,142.3710585153779,ARIMA (+달력·가동 계획)
2021-08-12 07:00:00,2021-08-12 07:45:00,152.2370673749092,ARIMA (+달력·가동 계획)
2021-08-12 08:00:00,2021-08-12 08:00:00,158.47509559499687,ARIMA (+달력·가동 계획)
2021-08-12 08:00:00,2021-08-12 08:15:00,167.21449998420377,ARIMA (+달력·가동 계획)
2021-08-12 08:00:00,2021-08-12 08:30:00,174.90900262866418,ARIMA (+달력·가동 계획)
2021-08-12 08:00:00,2021-08-12 08:45:00,181.30209835032235,ARIMA (+달력·가동 계획)
2021-08-12 09:00:00,2021-08-12 09:00:00,200.90188158407855,ARIMA (+달력·가동 계획)
2021-08-12 09:00:00,2021-08-12 09:15:00,204.1994319240693,ARIMA (+달력·가동 계획)
2021-08-12 09:00:00,2021-08-12 09:30:00,205.86161600230105,ARIMA (+달력·가동 계획)
2021-08-12 09:00:00,2021-08-12 09:45:00,205.9399663449122,ARIMA (+달력·가동 계획)
2021-08-12 10:00:00,2021-08-12 10:00:00,168.62420126655422,ARIMA (+달력·가동 계획)
2021-08-12 10:00:00,2021-08-12 10:15:00,165.99308986619295,ARIMA (+달력·가동 계획)
2021-08-12 10:00:00,2021-08-12 10:30:00,162.36167264465902,ARIMA (+달력·가동 계획)
2021-08-12 10:00:00,2021-08-12 10:45:00,158.0250159970957,ARIMA (+달력·가동 계획)
2021-08-12 11:00:00,2021-08-12 11:00:00,179.27503124325892,ARIMA (+달력·가동 계획)
2021-08-12 11:00:00,2021-08-12 11:15:00,174.48141556889183,ARIMA (+달력·가동 계획)
2021-08-12 11:00:00,2021-08-12 11:30:00,169.92271686259463,ARIMA (+달력·가동 계획)
2021-08-12 11:00:00,2021-08-12 11:45:00,165.86901669968546,ARIMA (+달력·가동 계획)
2021-08-12 12:00:00,2021-08-12 12:00:00,195.67303904581243,ARIMA (+달력·가동 계획)
2021-08-12 12:00:00,2021-08-12 12:15:00,193.234766782448,ARIMA (+달력·가동 계획)
2021-08-12 12:00:00,2021-08-12 12:30:00,191.7799513177052,ARIMA (+달력·가동 계획)
2021-08-12 12:00:00,2021-08-12 12:45:00,191.33322701662948,ARIMA (+달력·가동 계획)
2021-08-12 13:00:00,2021-08-12 13:00:00,111.51743537017474,ARIMA (+달력·가동 계획)
2021-08-12 13:00:00,2021-08-12 13:15:00,112.89240687185838,ARIMA (+달력·가동 계획)
2021-08-12 13:00:00,2021-08-12 13:30:00,114.96528590270502,ARIMA (+달력·가동 계획)
2021-08-12 13:00:00,2021-08-12 13:45:00,117.53620452746938,ARIMA (+달력·가동 계획)
2021-08-12 14:00:00,2021-08-12 14:00:00,193.84377184333604,ARIMA (+달력·가동 계획)
2021-08-12 14:00:00,2021-08-12 14:15:00,196.72592005544,ARIMA (+달력·가동 계획)
2021-08-12 14:00:00,2021-08-12 14:30:00,199.41871204817863,ARIMA (+달력·가동 계획)
2021-08-12 14:00:00,2021-08-12 14:45:00,201.716123481169,ARIMA (+달력·가동 계획)
2021-08-12 15:00:00,2021-08-12 15:00:00,183.73062586349047,ARIMA (+달력·가동 계획)
2021-08-12 15:00:00,2021-08-12 15:15:00,184.7677171396916,ARIMA (+달력·가동 계획)
2021-08-12 15:00:00,2021-08-12 15:30:00,185.0357357278633,ARIMA (+달력·가동 계획)
2021-08-12 15:00:00,2021-08-12 15:45:00,184.51307283728823,ARIMA (+달력·가동 계획)
2021-08-12 16:00:00,2021-08-12 16:00:00,195.7177763039189,ARIMA (+달력·가동 계획)
2021-08-12 16:00:00,2021-08-12 16:15:00,193.75491679916612,ARIMA (+달력·가동 계획)
2021-08-12 16:00:00,2021-08-12 16:30:00,191.22995057045063,ARIMA (+달력·가동 계획)
2021-08-12 16:00:00,2021-08-12 16:45:00,188.29020790256104,ARIMA (+달력·가동 계획)
2021-08-12 17:00:00,2021-08-12 17:00:00,162.80905145344835,ARIMA (+달력·가동 계획)
2021-08-12 17:00:00,2021-08-12 17:15:00,159.5333441295372,ARIMA (+달력·가동 계획)
2021-08-12 17:00:00,2021-08-12 17:30:00,156.3290322552619,ARIMA (+달력·가동 계획)
2021-08-12 17:00:00,2021-08-12 17:45:00,153.3299700889167,ARIMA (+달력·가동 계획)
2021-08-12 18:00:00,2021-08-12 18:00:00,157.30776752095312,ARIMA (+달력·가동 계획)
2021-08-12 18:00:00,2021-08-12 18:15:00,154.9844407977671,ARIMA (+달력·가동 계획)
2021-08-12 18:00:00,2021-08-12 18:30:00,153.0486109223246,ARIMA (+달력·가동 계획)
2021-08-12 18:00:00,2021-08-12 18:45:00,151.4749129464224,ARIMA (+달력·가동 계획)
2021-08-12 19:00:00,2021-08-12 19:00:00,159.72215375203083,ARIMA (+달력·가동 계획)
2021-08-12 19:00:00,2021-08-12 19:15:00,158.63926021351557,ARIMA (+달력·가동 계획)
2021-08-12 19:00:00,2021-08-12 19:30:00,157.62485860999777,ARIMA (+달력·가동 계획)
2021-08-12 19:00:00,2021-08-12 19:45:00,156.53804739751536,ARIMA (+달력·가동 계획)
2021-08-12 20:00:00,2021-08-12 20:00:00,134.69777378001055,ARIMA (+달력·가동 계획)
2021-08-12 20:00:00,2021-08-12 20:15:00,133.04763852708672,ARIMA (+달력·가동 계획)
2021-08-12 20:00:00,2021-08-12 20:30:00,130.9395457001746,ARIMA (+달력·가동 계획)
2021-08-12 20:00:00,2021-08-12 20:45:00,128.29623338557883,ARIMA (+달력·가동 계획)
2021-08-12 21:00:00,2021-08-12 21:00:00,123.784942871003,ARIMA (+달력·가동 계획)
2021-08-12 21:00:00,2021-08-12 21:15:00,120.00728445744112,ARIMA (+달력·가동 계획)
2021-08-12 21:00:00,2021-08-12 21:30:00,115.72334290935927,ARIMA (+달력·가동 계획)
2021-08-12 21:00:00,2021-08-12 21:45:00,111.0345297607793,ARIMA (+달력·가동 계획)
2021-08-12 22:00:00,2021-08-12 22:00:00,105.04725284560952,ARIMA (+달력·가동 계획)
2021-08-12 22:00:00,2021-08-12 22:15:00,100.0023388141724,ARIMA (+달력·가동 계획)
2021-08-12 22:00:00,2021-08-12 22:30:00,95.05661805297568,ARIMA (+달력·가동 계획)
2021-08-12 22:00:00,2021-08-12 22:45:00,90.40804850968264,ARIMA (+달력·가동 계획)
2021-08-12 23:00:00,2021-08-12 23:00:00,117.83930273420329,ARIMA (+달력·가동 계획)
2021-08-12 23:00:00,2021-08-12 23:15:00,114.33628066929772,ARIMA (+달력·가동 계획)
2021-08-12 23:00:00,2021-08-12 23:30:00,111.62728741114094,ARIMA (+달력·가동 계획)
2021-08-12 23:00:00,2021-08-12 23:45:00,109.80477567983873,ARIMA (+달력·가동 계획)
2021-08-13 00:00:00,2021-08-13 00:00:00,82.1049454526865,ARIMA (+달력·가동 계획)
2021-08-13 00:00:00,2021-08-13 00:15:00,82.12275000562389,ARIMA (+달력·가동 계획)
2021-08-13 00:00:00,2021-08-13 00:30:00,82.98299207449578,ARIMA (+달력·가동 계획)
2021-08-13 00:00:00,2021-08-13 00:45:00,84.56312554694432,ARIMA (+달력·가동 계획)
2021-08-13 01:00:00,2021-08-13 01:00:00,69.13282746589965,ARIMA (+달력·가동 계획)
2021-08-13 01:00:00,2021-08-13 01:15:00,71.61730536991524,ARIMA (+달력·가동 계획)
2021-08-13 01:00:00,2021-08-13 01:30:00,74.23199799532412,ARIMA (+달력·가동 계획)
2021-08-13 01:00:00,2021-08-13 01:45:00,76.75030049280261,ARIMA (+달력·가동 계획)
2021-08-13 02:00:00,2021-08-13 02:00:00,107.20611209535032,ARIMA (+달력·가동 계획)
2021-08-13 02:00:00,2021-08-13 02:15:00,108.91067381836412,ARIMA (+달력·가동 계획)
2021-08-13 02:00:00,2021-08-13 02:30:00,109.9649781589366,ARIMA (+달력·가동 계획)
2021-08-13 02:00:00,2021-08-13 02:45:00,110.272753529369,ARIMA (+달력·가동 계획)
2021-08-13 03:00:00,2021-08-13 03:00:00,114.52590323377926,ARIMA (+달력·가동 계획)
2021-08-13 03:00:00,2021-08-13 03:15:00,113.30007224489566,ARIMA (+달력·가동 계획)
2021-08-13 03:00:00,2021-08-13 03:30:00,111.41834287302544,ARIMA (+달력·가동 계획)
2021-08-13 03:00:00,2021-08-13 03:45:00,109.03802001076292,ARIMA (+달력·가동 계획)
2021-08-13 04:00:00,2021-08-13 04:00:00,109.33136982257484,ARIMA (+달력·가동 계획)
2021-08-13 04:00:00,2021-08-13 04:15:00,106.62542790147155,ARIMA (+달력·가동 계획)
2021-08-13 04:00:00,2021-08-13 04:30:00,104.15855770850968,ARIMA (+달력·가동 계획)
2021-08-13 04:00:00,2021-08-13 04:45:00,102.21510779796398,ARIMA (+달력·가동 계획)
2021-08-13 05:00:00,2021-08-13 05:00:00,108.8538612553957,ARIMA (+달력·가동 계획)
2021-08-13 05:00:00,2021-08-13 05:15:00,108.75022724717874,ARIMA (+달력·가동 계획)
2021-08-13 05:00:00,2021-08-13 05:30:00,109.8887249350486,ARIMA (+달력·가동 계획)
2021-08-13 05:00:00,2021-08-13 05:45:00,112.40902878511989,ARIMA (+달력·가동 계획)
2021-08-13 06:00:00,2021-08-13 06:00:00,111.97089442819669,ARIMA (+달력·가동 계획)
2021-08-13 06:00:00,2021-08-13 06:15:00,117.3835366480634,ARIMA (+달력·가동 계획)
2021-08-13 06:00:00,2021-08-13 06:30:00,124.14940817292536,ARIMA (+달력·가동 계획)
2021-08-13 06:00:00,2021-08-13 06:45:00,132.10314553626122,ARIMA (+달력·가동 계획)
2021-08-13 07:00:00,2021-08-13 07:00:00,111.90698317323728,ARIMA (+달력·가동 계획)
2021-08-13 07:00:00,2021-08-13 07:15:00,121.47525416370766,ARIMA (+달력·가동 계획)
2021-08-13 07:00:00,2021-08-13 07:30:00,131.3710585153779,ARIMA (+달력·가동 계획)
2021-08-13 07:00:00,2021-08-13 07:45:00,141.2370673749092,ARIMA (+달력·가동 계획)
2021-08-13 08:00:00,2021-08-13 08:00:00,175.47509559499687,ARIMA (+달력·가동 계획)
2021-08-13 08:00:00,2021-08-13 08:15:00,184.21449998420377,ARIMA (+달력·가동 계획)
2021-08-13 08:00:00,2021-08-13 08:30:00,191.90900262866415,ARIMA (+달력·가동 계획)
2021-08-13 08:00:00,2021-08-13 08:45:00,198.30209835032235,ARIMA (+달력·가동 계획)
2021-08-13 09:00:00,2021-08-13 09:00:00,191.90188158407855,ARIMA (+달력·가동 계획)
2021-08-13 09:00:00,2021-08-13 09:15:00,195.1994319240693,ARIMA (+달력·가동 계획)
2021-08-13 09:00:00,2021-08-13 09:30:00,196.86161600230105,ARIMA (+달력·가동 계획)
2021-08-13 09:00:00,2021-08-13 09:45:00,196.9399663449122,ARIMA (+달력·가동 계획)
2021-08-13 10:00:00,2021-08-13 10:00:00,186.62420126655425,ARIMA (+달력·가동 계획)
2021-08-13 10:00:00,2021-08-13 10:15:00,183.99308986619295,ARIMA (+달력·가동 계획)
2021-08-13 10:00:00,2021-08-13 10:30:00,180.36167264465905,ARIMA (+달력·가동 계획)
2021-08-13 10:00:00,2021-08-13 10:45:00,176.0250159970957,ARIMA (+달력·가동 계획)
2021-08-13 11:00:00,2021-08-13 11:00:00,182.2750312432589,ARIMA (+달력·가동 계획)
2021-08-13 11:00:00,2021-08-13 11:15:00,177.48141556889183,ARIMA (+달력·가동 계획)
2021-08-13 11:00:00,2021-08-13 11:30:00,172.92271686259463,ARIMA (+달력·가동 계획)
2021-08-13 11:00:00,2021-08-13 11:45:00,168.86901669968546,ARIMA (+달력·가동 계획)
2021-08-13 12:00:00,2021-08-13 12:00:00,200.67303904581243,ARIMA (+달력·가동 계획)
2021-08-13 12:00:00,2021-08-13 12:15:00,198.234766782448,ARIMA (+달력·가동 계획)
2021-08-13 12:00:00,2021-08-13 12:30:00,196.7799513177052,ARIMA (+달력·가동 계획)
2021-08-13 12:00:00,2021-08-13 12:45:00,196.33322701662948,ARIMA (+달력·가동 계획)
2021-08-13 13:00:00,2021-08-13 13:00:00,103.51743537017474,ARIMA (+달력·가동 계획)
2021-08-13 13:00:00,2021-08-13 13:15:00,104.89240687185838,ARIMA (+달력·가동 계획)
2021-08-13 13:00:00,2021-08-13 13:30:00,106.96528590270502,ARIMA (+달력·가동 계획)
2021-08-13 13:00:00,2021-08-13 13:45:00,109.53620452746938,ARIMA (+달력·가동 계획)
2021-08-13 14:00:00,2021-08-13 14:00:00,184.84377184333604,ARIMA (+달력·가동 계획)
2021-08-13 14:00:00,2021-08-13 14:15:00,187.72592005544,ARIMA (+달력·가동 계획)
2021-08-13 14:00:00,2021-08-13 14:30:00,190.41871204817863,ARIMA (+달력·가동 계획)
2021-08-13 14:00:00,2021-08-13 14:45:00,192.716123481169,ARIMA (+달력·가동 계획)
2021-08-13 15:00:00,2021-08-13 15:00:00,189.73062586349047,ARIMA (+달력·가동 계획)
2021-08-13 15:00:00,2021-08-13 15:15:00,190.7677171396916,ARIMA (+달력·가동 계획)
2021-08-13 15:00:00,2021-08-13 15:30:00,191.0357357278633,ARIMA (+달력·가동 계획)
2021-08-13 15:00:00,2021-08-13 15:45:00,190.51307283728823,ARIMA (+달력·가동 계획)
2021-08-13 16:00:00,2021-08-13 16:00:00,193.7177763039189,ARIMA (+달력·가동 계획)
2021-08-13 16:00:00,2021-08-13 16:15:00,191.75491679916612,ARIMA (+달력·가동 계획)
2021-08-13 16:00:00,2021-08-13 16:30:00,189.22995057045063,ARIMA (+달력·가동 계획)
2021-08-13 16:00:00,2021-08-13 16:45:00,186.29020790256104,ARIMA (+달력·가동 계획)
2021-08-13 17:00:00,2021-08-13 17:00:00,175.80905145344835,ARIMA (+달력·가동 계획)
2021-08-13 17:00:00,2021-08-13 17:15:00,172.5333441295372,ARIMA (+달력·가동 계획)
2021-08-13 17:00:00,2021-08-13 17:30:00,169.3290322552619,ARIMA (+달력·가동 계획)
2021-08-13 17:00:00,2021-08-13 17:45:00,166.3299700889167,ARIMA (+달력·가동 계획)
2021-08-13 18:00:00,2021-08-13 18:00:00,173.30776752095312,ARIMA (+달력·가동 계획)
2021-08-13 18:00:00,2021-08-13 18:15:00,170.9844407977671,ARIMA (+달력·가동 계획)
2021-08-13 18:00:00,2021-08-13 18:30:00,169.0486109223246,ARIMA (+달력·가동 계획)
2021-08-13 18:00:00,2021-08-13 18:45:00,167.4749129464224,ARIMA (+달력·가동 계획)
2021-08-13 19:00:00,2021-08-13 19:00:00,170.72215375203083,ARIMA (+달력·가동 계획)
2021-08-13 19:00:00,2021-08-13 19:15:00,169.63926021351557,ARIMA (+달력·가동 계획)
2021-08-13 19:00:00,2021-08-13 19:30:00,168.62485860999777,ARIMA (+달력·가동 계획)
2021-08-13 19:00:00,2021-08-13 19:45:00,167.53804739751536,ARIMA (+달력·가동 계획)
2021-08-13 20:00:00,2021-08-13 20:00:00,118.69777378001052,ARIMA (+달력·가동 계획)
2021-08-13 20:00:00,2021-08-13 20:15:00,117.0476385270867,ARIMA (+달력·가동 계획)
2021-08-13 20:00:00,2021-08-13 20:30:00,114.93954570017456,ARIMA (+달력·가동 계획)
2021-08-13 20:00:00,2021-08-13 20:45:00,112.29623338557882,ARIMA (+달력·가동 계획)
2021-08-13 21:00:00,2021-08-13 21:00:00,121.784942871003,ARIMA (+달력·가동 계획)
2021-08-13 21:00:00,2021-08-13 21:15:00,118.00728445744112,ARIMA (+달력·가동 계획)
2021-08-13 21:00:00,2021-08-13 21:30:00,113.72334290935927,ARIMA (+달력·가동 계획)
2021-08-13 21:00:00,2021-08-13 21:45:00,109.0345297607793,ARIMA (+달력·가동 계획)
2021-08-13 22:00:00,2021-08-13 22:00:00,106.04725284560952,ARIMA (+달력·가동 계획)
2021-08-13 22:00:00,2021-08-13 22:15:00,101.0023388141724,ARIMA (+달력·가동 계획)
2021-08-13 22:00:00,2021-08-13 22:30:00,96.05661805297568,ARIMA (+달력·가동 계획)
2021-08-13 22:00:00,2021-08-13 22:45:00,91.40804850968264,ARIMA (+달력·가동 계획)
2021-08-13 23:00:00,2021-08-13 23:00:00,113.83930273420329,ARIMA (+달력·가동 계획)
2021-08-13 23:00:00,2021-08-13 23:15:00,110.33628066929772,ARIMA (+달력·가동 계획)
2021-08-13 23:00:00,2021-08-13 23:30:00,107.62728741114094,ARIMA (+달력·가동 계획)
2021-08-13 23:00:00,2021-08-13 23:45:00,105.80477567983873,ARIMA (+달력·가동 계획)
2021-08-14 00:00:00,2021-08-14 00:00:00,58.56254595968454,ARIMA (+달력·가동 계획)
2021-08-14 00:00:00,2021-08-14 00:15:00,58.88065611584191,ARIMA (+달력·가동 계획)
2021-08-14 00:00:00,2021-08-14 00:30:00,59.22619403577535,ARIMA (+달력·가동 계획)
2021-08-14 00:00:00,2021-08-14 00:45:00,59.60112909136853,ARIMA (+달력·가동 계획)
2021-08-14 01:00:00,2021-08-14 01:00:00,59.40585707697052,ARIMA (+달력·가동 계획)
2021-08-14 01:00:00,2021-08-14 01:15:00,59.84329474603248,ARIMA (+달력·가동 계획)
2021-08-14 01:00:00,2021-08-14 01:30:00,60.311663074600816,ARIMA (+달력·가동 계획)
2021-08-14 01:00:00,2021-08-14 01:45:00,60.80857777406966,ARIMA (+달력·가동 계획)
2021-08-14 02:00:00,2021-08-14 02:00:00,104.52097138199017,ARIMA (+달력·가동 계획)
2021-08-14 02:00:00,2021-08-14 02:15:00,105.05912552682108,ARIMA (+달력·가동 계획)
2021-08-14 02:00:00,2021-08-14 02:30:00,105.60505111802136,ARIMA (+달력·가동 계획)
2021-08-14 02:00:00,2021-08-14 02:45:00,106.1467987437902,ARIMA (+달력·가동 계획)
2021-08-14 03:00:00,2021-08-14 03:00:00,104.52325174028796,ARIMA (+달력·가동 계획)
2021-08-14 03:00:00,2021-08-14 03:15:00,105.01166809663304,ARIMA (+달력·가동 계획)
2021-08-14 03:00:00,2021-08-14 03:30:00,105.44740747206012,ARIMA (+달력·가동 계획)
2021-08-14 03:00:00,2021-08-14 03:45:00,105.81180125687732,ARIMA (+달력·가동 계획)
2021-08-14 04:00:00,2021-08-14 04:00:00,98.27435469588217,ARIMA (+달력·가동 계획)
2021-08-14 04:00:00,2021-08-14 04:15:00,98.44084223155058,ARIMA (+달력·가동 계획)
2021-08-14 04:00:00,2021-08-14 04:30:00,98.48343143530334,ARIMA (+달력·가동 계획)
2021-08-14 04:00:00,2021-08-14 04:45:00,98.3888081572276,ARIMA (+달력·가동 계획)
2021-08-14 05:00:00,2021-08-14 05:00:00,96.7584210776121,ARIMA (+달력·가동 계획)
2021-08-14 05:00:00,2021-08-14 05:15:00,96.36444846956552,ARIMA (+달력·가동 계획)
2021-08-14 05:00:00,2021-08-14 05:30:00,95.817514477499,ARIMA (+달력·가동 계획)
2021-08-14 05:00:00,2021-08-14 05:45:00,95.12227684218684,ARIMA (+달력·가동 계획)
2021-08-14 06:00:00,2021-08-14 06:00:00,90.16645638132806,ARIMA (+달력·가동 계획)
2021-08-14 06:00:00,2021-08-14 06:15:00,89.2098007031061,ARIMA (+달력·가동 계획)
2021-08-14 06:00:00,2021-08-14 06:30:00,88.15001829553924,ARIMA (+달력·가동 계획)
2021-08-14 06:00:00,2021-08-14 06:45:00,87.01123182199424,ARIMA (+달력·가동 계획)
2021-08-14 07:00:00,2021-08-14 07:00:00,79.80959287764752,ARIMA (+달력·가동 계획)
2021-08-14 07:00:00,2021-08-14 07:15:00,78.59715036644559,ARIMA (+달력·가동 계획)
2021-08-14 07:00:00,2021-08-14 07:30:00,77.39326984666592,ARIMA (+달력·가동 계획)
2021-08-14 07:00:00,2021-08-14 07:45:00,76.22830029342647,ARIMA (+달력·가동 계획)
2021-08-14 08:00:00,2021-08-14 08:00:00,28.902775727576014,ARIMA (+달력·가동 계획)
2021-08-14 08:00:00,2021-08-14 08:15:00,27.89941076019926,ARIMA (+달력·가동 계획)
2021-08-14 08:00:00,2021-08-14 08:30:00,27.012217568020688,ARIMA (+달력·가동 계획)
2021-08-14 08:00:00,2021-08-14 08:45:00,26.258807509712213,ARIMA (+달력·가동 계획)
2021-08-14 09:00:00,2021-08-14 09:00:00,20.392612998045777,ARIMA (+달력·가동 계획)
2021-08-14 09:00:00,2021-08-14 09:15:00,19.937711316389425,ARIMA (+달력·가동 계획)
2021-08-14 09:00:00,2021-08-14 09:30:00,19.635857570427163,ARIMA (+달력·가동 계획)
2021-08-14 09:00:00,2021-08-14 09:45:00,19.48188116665888,ARIMA (+달력·가동 계획)
2021-08-14 10:00:00,2021-08-14 10:00:00,22.98344004343282,ARIMA (+달력·가동 계획)
2021-08-14 10:00:00,2021-08-14 10:15:00,23.08923734619411,ARIMA (+달력·가동 계획)
2021-08-14 10:00:00,2021-08-14 10:30:00,23.298634454064143,ARIMA (+달력·가동 계획)
2021-08-14 10:00:00,2021-08-14 10:45:00,23.590231404870664,ARIMA (+달력·가동 계획)
2021-08-14 11:00:00,2021-08-14 11:00:00,20.3509055055214,ARIMA (+달력·가동 계획)
2021-08-14 11:00:00,2021-08-14 11:15:00,20.73791887160489,ARIMA (+달력·가동 계획)
2021-08-14 11:00:00,2021-08-14 11:30:00,21.13867747408949,ARIMA (+달력·가동 계획)
2021-08-14 11:00:00,2021-08-14 11:45:00,21.532707981031564,ARIMA (+달력·가동 계획)
2021-08-14 12:00:00,2021-08-14 12:00:00,26.36961852163301,ARIMA (+달력·가동 계획)
2021-08-14 12:00:00,2021-08-14 12:15:00,26.700635001981794,ARIMA (+달력·가동 계획)
2021-08-14 12:00:00,2021-08-14 12:30:00,26.98282977135065,ARIMA (+달력·가동 계획)
2021-08-14 12:00:00,2021-08-14 12:45:00,27.210184440479708,ARIMA (+달력·가동 계획)
2021-08-14 13:00:00,2021-08-14 13:00:00,21.170679883981933,ARIMA (+달력·가동 계획)
2021-08-14 13:00:00,2021-08-14 13:15:00,21.286779951977365,ARIMA (+달력·가동 계획)
2021-08-14 13:00:00,2021-08-14 13:30:00,21.353859988990763,ARIMA (+달력·가동 계획)
2021-08-14 13:00:00,2021-08-14 13:45:00,21.380306395779755,ARIMA (+달력·가동 계획)
2021-08-14 14:00:00,2021-08-14 14:00:00,20.99626075233101,ARIMA (+달력·가동 계획)
2021-08-14 14:00:00,2021-08-14 14:15:00,20.974005978643103,ARIMA (+달력·가동 계획)
2021-08-14 14:00:00,2021-08-14 14:30:00,20.945269095507243,ARIMA (+달력·가동 계획)
2021-08-14 14:00:00,2021-08-14 14:45:00,20.92162239170061,ARIMA (+달력·가동 계획)
2021-08-14 15:00:00,2021-08-14 15:00:00,21.99181414118432,ARIMA (+달력·가동 계획)
2021-08-14 15:00:00,2021-08-14 15:15:00,22.007643652644106,ARIMA (+달력·가동 계획)
2021-08-14 15:00:00,2021-08-14 15:30:00,22.053770589557004,ARIMA (+달력·가동 계획)
2021-08-14 15:00:00,2021-08-14 15:45:00,22.133927032434087,ARIMA (+달력·가동 계획)
2021-08-14 16:00:00,2021-08-14 16:00:00,23.11527752453144,ARIMA (+달력·가동 계획)
2021-08-14 16:00:00,2021-08-14 16:15:00,23.26421923955529,ARIMA (+달력·가동 계획)
2021-08-14 16:00:00,2021-08-14 16:30:00,23.443078198270516,ARIMA (+달력·가동 계획)
2021-08-14 16:00:00,2021-08-14 16:45:00,23.646215728991905,ARIMA (+달력·가동 계획)
2021-08-14 17:00:00,2021-08-14 17:00:00,22.2203894152442,ARIMA (+달력·가동 계획)
2021-08-14 17:00:00,2021-08-14 17:15:00,22.450185120719283,ARIMA (+달력·가동 계획)
2021-08-14 17:00:00,2021-08-14 17:30:00,22.681314645733664,ARIMA (+달력·가동 계획)
2021-08-14 17:00:00,2021-08-14 17:45:00,22.90605163233883,ARIMA (+달력·가동 계획)
2021-08-14 18:00:00,2021-08-14 18:00:00,22.21147958882501,ARIMA (+달력·가동 계획)
2021-08-14 18:00:00,2021-08-14 18:15:00,22.404123597221805,ARIMA (+달력·가동 계획)
2021-08-14 18:00:00,2021-08-14 18:30:00,22.57395090167601,ARIMA (+달력·가동 계획)
2021-08-14 18:00:00,2021-08-14 18:45:00,22.71875788035532,ARIMA (+달력·가동 계획)
2021-08-14 19:00:00,2021-08-14 19:00:00,21.11940604546072,ARIMA (+달력·가동 계획)
2021-08-14 19:00:00,2021-08-14 19:15:00,21.214769270230853,ARIMA (+달력·가동 계획)
2021-08-14 19:00:00,2021-08-14 19:30:00,21.28898686691257,ARIMA (+달력·가동 계획)
2021-08-14 19:00:00,2021-08-14 19:45:00,21.34620248834501,ARIMA (+달력·가동 계획)
2021-08-14 20:00:00,2021-08-14 20:00:00,21.04524644982702,ARIMA (+달력·가동 계획)
2021-08-14 20:00:00,2021-08-14 20:15:00,21.084055530005337,ARIMA (+달력·가동 계획)
2021-08-14 20:00:00,2021-08-14 20:30:00,21.122067870413623,ARIMA (+달력·가동 계획)
2021-08-14 20:00:00,2021-08-14 20:45:00,21.1646739513542,ARIMA (+달력·가동 계획)
2021-08-14 21:00:00,2021-08-14 21:00:00,22.052039548145476,ARIMA (+달력·가동 계획)
2021-08-14 21:00:00,2021-08-14 21:15:00,22.117580395315983,ARIMA (+달력·가동 계획)
2021-08-14 21:00:00,2021-08-14 21:30:00,22.19979024274864,ARIMA (+달력·가동 계획)
2021-08-14 21:00:00,2021-08-14 21:45:00,22.30090618896608,ARIMA (+달력·가동 계획)
2021-08-14 22:00:00,2021-08-14 22:00:00,23.12139185209295,ARIMA (+달력·가동 계획)
2021-08-14 22:00:00,2021-08-14 22:15:00,23.2637068480138,ARIMA (+달력·가동 계획)
2021-08-14 22:00:00,2021-08-14 22:30:00,23.427076135192003,ARIMA (+달력·가동 계획)
2021-08-14 22:00:00,2021-08-14 22:45:00,23.611357757288992,ARIMA (+달력·가동 계획)
2021-08-14 23:00:00,2021-08-14 23:00:00,21.20502968989809,ARIMA (+달력·가동 계획)
2021-08-14 23:00:00,2021-08-14 23:15:00,21.430849742441552,ARIMA (+달력·가동 계획)
2021-08-14 23:00:00,2021-08-14 23:30:00,21.67788775071493,ARIMA (+달력·가동 계획)
2021-08-14 23:00:00,2021-08-14 23:45:00,21.94706094788556,ARIMA (+달력·가동 계획)
2021-08-15 00:00:00,2021-08-15 00:00:00,20.06254603441101,ARIMA (+달력·가동 계획)
2021-08-15 00:00:00,2021-08-15 00:15:00,20.38065619056838,ARIMA (+달력·가동 계획)
2021-08-15 00:00:00,2021-08-15 00:30:00,20.726194110501822,ARIMA (+달력·가동 계획)
2021-08-15 00:00:00,2021-08-15 00:45:00,21.101129166095006,ARIMA (+달력·가동 계획)
2021-08-15 01:00:00,2021-08-15 01:00:00,22.405857076970506,ARIMA (+달력·가동 계획)
2021-08-15 01:00:00,2021-08-15 01:15:00,22.843294746032463,ARIMA (+달력·가동 계획)
2021-08-15 01:00:00,2021-08-15 01:30:00,23.3116630746008,ARIMA (+달력·가동 계획)
2021-08-15 01:00:00,2021-08-15 01:45:00,23.808577774069647,ARIMA (+달력·가동 계획)
2021-08-15 02:00:00,2021-08-15 02:00:00,28.520971381990183,ARIMA (+달력·가동 계획)
2021-08-15 02:00:00,2021-08-15 02:15:00,29.059125526821084,ARIMA (+달력·가동 계획)
2021-08-15 02:00:00,2021-08-15 02:30:00,29.60505111802137,ARIMA (+달력·가동 계획)
2021-08-15 02:00:00,2021-08-15 02:45:00,30.1467987437902,ARIMA (+달력·가동 계획)
2021-08-15 03:00:00,2021-08-15 03:00:00,21.523251740287947,ARIMA (+달력·가동 계획)
2021-08-15 03:00:00,2021-08-15 03:15:00,22.011668096633024,ARIMA (+달력·가동 계획)
2021-08-15 03:00:00,2021-08-15 03:30:00,22.44740747206012,ARIMA (+달력·가동 계획)
2021-08-15 03:00:00,2021-08-15 03:45:00,22.81180125687732,ARIMA (+달력·가동 계획)
2021-08-15 04:00:00,2021-08-15 04:00:00,22.274354695882145,ARIMA (+달력·가동 계획)
2021-08-15 04:00:00,2021-08-15 04:15:00,22.440842231550576,ARIMA (+달력·가동 계획)
2021-08-15 04:00:00,2021-08-15 04:30:00,22.483431435303338,ARIMA (+달력·가동 계획)
2021-08-15 04:00:00,2021-08-15 04:45:00,22.388808157227608,ARIMA (+달력·가동 계획)
2021-08-15 05:00:00,2021-08-15 05:00:00,21.7584210776121,ARIMA (+달력·가동 계획)
2021-08-15 05:00:00,2021-08-15 05:15:00,21.36444846956552,ARIMA (+달력·가동 계획)
2021-08-15 05:00:00,2021-08-15 05:30:00,20.81751447749901,ARIMA (+달력·가동 계획)
2021-08-15 05:00:00,2021-08-15 05:45:00,20.122276842186835,ARIMA (+달력·가동 계획)
2021-08-15 06:00:00,2021-08-15 06:00:00,20.166456381328068,ARIMA (+달력·가동 계획)
2021-08-15 06:00:00,2021-08-15 06:15:00,19.20980070310611,ARIMA (+달력·가동 계획)
2021-08-15 06:00:00,2021-08-15 06:30:00,18.15001829553925,ARIMA (+달력·가동 계획)
2021-08-15 06:00:00,2021-08-15 06:45:00,17.011231821994258,ARIMA (+달력·가동 계획)
2021-08-15 07:00:00,2021-08-15 07:00:00,19.80959287764752,ARIMA (+달력·가동 계획)
2021-08-15 07:00:00,2021-08-15 07:15:00,18.597150366445582,ARIMA (+달력·가동 계획)
2021-08-15 07:00:00,2021-08-15 07:30:00,17.393269846665916,ARIMA (+달력·가동 계획)
2021-08-15 07:00:00,2021-08-15 07:45:00,16.22830029342647,ARIMA (+달력·가동 계획)
2021-08-15 08:00:00,2021-08-15 08:00:00,19.902775727576028,ARIMA (+달력·가동 계획)
2021-08-15 08:00:00,2021-08-15 08:15:00,18.89941076019926,ARIMA (+달력·가동 계획)
2021-08-15 08:00:00,2021-08-15 08:30:00,18.012217568020674,ARIMA (+달력·가동 계획)
2021-08-15 08:00:00,2021-08-15 08:45:00,17.258807509712213,ARIMA (+달력·가동 계획)
2021-08-15 09:00:00,2021-08-15 09:00:00,25.39261299804579,ARIMA (+달력·가동 계획)
2021-08-15 09:00:00,2021-08-15 09:15:00,24.93771131638944,ARIMA (+달력·가동 계획)
2021-08-15 09:00:00,2021-08-15 09:30:00,24.635857570427163,ARIMA (+달력·가동 계획)
2021-08-15 09:00:00,2021-08-15 09:45:00,24.481881166658862,ARIMA (+달력·가동 계획)
2021-08-15 10:00:00,2021-08-15 10:00:00,20.98344004343282,ARIMA (+달력·가동 계획)
2021-08-15 10:00:00,2021-08-15 10:15:00,21.08923734619411,ARIMA (+달력·가동 계획)
2021-08-15 10:00:00,2021-08-15 10:30:00,21.298634454064143,ARIMA (+달력·가동 계획)
2021-08-15 10:00:00,2021-08-15 10:45:00,21.59023140487065,ARIMA (+달력·가동 계획)
2021-08-15 11:00:00,2021-08-15 11:00:00,21.35090550552141,ARIMA (+달력·가동 계획)
2021-08-15 11:00:00,2021-08-15 11:15:00,21.737918871604904,ARIMA (+달력·가동 계획)
2021-08-15 11:00:00,2021-08-15 11:30:00,22.138677474089505,ARIMA (+달력·가동 계획)
2021-08-15 11:00:00,2021-08-15 11:45:00,22.532707981031574,ARIMA (+달력·가동 계획)
2021-08-15 12:00:00,2021-08-15 12:00:00,22.36961852163301,ARIMA (+달력·가동 계획)
2021-08-15 12:00:00,2021-08-15 12:15:00,22.700635001981794,ARIMA (+달력·가동 계획)
2021-08-15 12:00:00,2021-08-15 12:30:00,22.98282977135065,ARIMA (+달력·가동 계획)
2021-08-15 12:00:00,2021-08-15 12:45:00,23.210184440479708,ARIMA (+달력·가동 계획)
2021-08-15 13:00:00,2021-08-15 13:00:00,24.170679883981933,ARIMA (+달력·가동 계획)
2021-08-15 13:00:00,2021-08-15 13:15:00,24.286779951977365,ARIMA (+달력·가동 계획)
2021-08-15 13:00:00,2021-08-15 13:30:00,24.353859988990763,ARIMA (+달력·가동 계획)
2021-08-15 13:00:00,2021-08-15 13:45:00,24.380306395779755,ARIMA (+달력·가동 계획)
2021-08-15 14:00:00,2021-08-15 14:00:00,21.99626075233101,ARIMA (+달력·가동 계획)
2021-08-15 14:00:00,2021-08-15 14:15:00,21.974005978643103,ARIMA (+달력·가동 계획)
2021-08-15 14:00:00,2021-08-15 14:30:00,21.945269095507243,ARIMA (+달력·가동 계획)
2021-08-15 14:00:00,2021-08-15 14:45:00,21.92162239170061,ARIMA (+달력·가동 계획)
2021-08-15 15:00:00,2021-08-15 15:00:00,20.99181414118432,ARIMA (+달력·가동 계획)
2021-08-15 15:00:00,2021-08-15 15:15:00,21.007643652644106,ARIMA (+달력·가동 계획)
2021-08-15 15:00:00,2021-08-15 15:30:00,21.053770589557004,ARIMA (+달력·가동 계획)
2021-08-15 15:00:00,2021-08-15 15:45:00,21.1339270324341,ARIMA (+달력·가동 계획)
2021-08-15 16:00:00,2021-08-15 16:00:00,21.11527752453144,ARIMA (+달력·가동 계획)
2021-08-15 16:00:00,2021-08-15 16:15:00,21.264219239555302,ARIMA (+달력·가동 계획)
2021-08-15 16:00:00,2021-08-15 16:30:00,21.443078198270516,ARIMA (+달력·가동 계획)
2021-08-15 16:00:00,2021-08-15 16:45:00,21.64621572899189,ARIMA (+달력·가동 계획)
2021-08-15 17:00:00,2021-08-15 17:00:00,21.2203894152442,ARIMA (+달력·가동 계획)
2021-08-15 17:00:00,2021-08-15 17:15:00,21.45018512071927,ARIMA (+달력·가동 계획)
2021-08-15 17:00:00,2021-08-15 17:30:00,21.68131464573365,ARIMA (+달력·가동 계획)
2021-08-15 17:00:00,2021-08-15 17:45:00,21.906051632338816,ARIMA (+달력·가동 계획)
2021-08-15 18:00:00,2021-08-15 18:00:00,22.21147958882501,ARIMA (+달력·가동 계획)
2021-08-15 18:00:00,2021-08-15 18:15:00,22.4041235972218,ARIMA (+달력·가동 계획)
2021-08-15 18:00:00,2021-08-15 18:30:00,22.57395090167601,ARIMA (+달력·가동 계획)
2021-08-15 18:00:00,2021-08-15 18:45:00,22.718757880355327,ARIMA (+달력·가동 계획)
2021-08-15 19:00:00,2021-08-15 19:00:00,21.11940604546072,ARIMA (+달력·가동 계획)
2021-08-15 19:00:00,2021-08-15 19:15:00,21.21476927023085,ARIMA (+달력·가동 계획)
2021-08-15 19:00:00,2021-08-15 19:30:00,21.28898686691257,ARIMA (+달력·가동 계획)
2021-08-15 19:00:00,2021-08-15 19:45:00,21.34620248834501,ARIMA (+달력·가동 계획)
2021-08-15 20:00:00,2021-08-15 20:00:00,24.045246449827037,ARIMA (+달력·가동 계획)
2021-08-15 20:00:00,2021-08-15 20:15:00,24.08405553000536,ARIMA (+달력·가동 계획)
2021-08-15 20:00:00,2021-08-15 20:30:00,24.122067870413623,ARIMA (+달력·가동 계획)
2021-08-15 20:00:00,2021-08-15 20:45:00,24.16467395135421,ARIMA (+달력·가동 계획)
2021-08-15 21:00:00,2021-08-15 21:00:00,22.052039548145476,ARIMA (+달력·가동 계획)
2021-08-15 21:00:00,2021-08-15 21:15:00,22.117580395315983,ARIMA (+달력·가동 계획)
2021-08-15 21:00:00,2021-08-15 21:30:00,22.19979024274864,ARIMA (+달력·가동 계획)
2021-08-15 21:00:00,2021-08-15 21:45:00,22.30090618896608,ARIMA (+달력·가동 계획)
2021-08-15 22:00:00,2021-08-15 22:00:00,22.12139185209293,ARIMA (+달력·가동 계획)
2021-08-15 22:00:00,2021-08-15 22:15:00,22.263706848013783,ARIMA (+달력·가동 계획)
2021-08-15 22:00:00,2021-08-15 22:30:00,22.42707613519199,ARIMA (+달력·가동 계획)
2021-08-15 22:00:00,2021-08-15 22:45:00,22.611357757288975,ARIMA (+달력·가동 계획)
2021-08-15 23:00:00,2021-08-15 23:00:00,24.205029689898105,ARIMA (+달력·가동 계획)
2021-08-15 23:00:00,2021-08-15 23:15:00,24.430849742441566,ARIMA (+달력·가동 계획)
2021-08-15 23:00:00,2021-08-15 23:30:00,24.677887750714945,ARIMA (+달력·가동 계획)
2021-08-15 23:00:00,2021-08-15 23:45:00,24.94706094788557,ARIMA (+달력·가동 계획)
2021-08-16 00:00:00,2021-08-16 00:00:00,29.681032695642777,ARIMA (+달력·가동 계획)
2021-08-16 00:00:00,2021-08-16 00:15:00,29.632115371872167,ARIMA (+달력·가동 계획)
2021-08-16 00:00:00,2021-08-16 00:30:00,30.4328141732758,ARIMA (+달력·가동 계획)
2021-08-16 00:00:00,2021-08-16 00:45:00,31.964317978363155,ARIMA (+달력·가동 계획)
2021-08-16 01:00:00,2021-08-16 01:00:00,22.672277051907194,ARIMA (+달력·가동 계획)
2021-08-16 01:00:00,2021-08-16 01:15:00,25.13773888662095,ARIMA (+달력·가동 계획)
2021-08-16 01:00:00,2021-08-16 01:30:00,27.750114864451696,ARIMA (+달력·가동 계획)
2021-08-16 01:00:00,2021-08-16 01:45:00,30.282689327669097,ARIMA (+달력·가동 계획)
2021-08-16 02:00:00,2021-08-16 02:00:00,22.933830087150582,ARIMA (+달력·가동 계획)
2021-08-16 02:00:00,2021-08-16 02:15:00,24.68188314742288,ARIMA (+달력·가동 계획)
2021-08-16 02:00:00,2021-08-16 02:30:00,25.790924703552328,ARIMA (+달력·가동 계획)
2021-08-16 02:00:00,2021-08-16 02:45:00,26.161891368654736,ARIMA (+달력·가동 계획)
2021-08-16 03:00:00,2021-08-16 03:00:00,23.032483113379868,ARIMA (+달력·가동 계획)
2021-08-16 03:00:00,2021-08-16 03:15:00,21.878239035913296,ARIMA (+달력·가동 계획)
2021-08-16 03:00:00,2021-08-16 03:30:00,20.06857431412063,ARIMA (+달력·가동 계획)
2021-08-16 03:00:00,2021-08-16 03:45:00,17.75900989866048,ARIMA (+달력·가동 계획)
2021-08-16 04:00:00,2021-08-16 04:00:00,18.76955675264069,ARIMA (+달력·가동 계획)
2021-08-16 04:00:00,2021-08-16 04:15:00,16.129276354928713,ARIMA (+달력·가동 계획)
2021-08-16 04:00:00,2021-08-16 04:30:00,13.725806553531145,ARIMA (+달력·가동 계획)
2021-08-16 04:00:00,2021-08-16 04:45:00,11.844631962862984,ARIMA (+달력·가동 계획)
2021-08-16 05:00:00,2021-08-16 05:00:00,21.19912972145017,ARIMA (+달력·가동 계획)
2021-08-16 05:00:00,2021-08-16 05:15:00,21.16095692025109,ARIMA (+달력·가동 계획)
2021-08-16 05:00:00,2021-08-16 05:30:00,22.36973227311808,ARIMA (+달력·가동 계획)
2021-08-16 05:00:00,2021-08-16 05:45:00,24.967220688748437,ARIMA (+달력·가동 계획)
2021-08-16 06:00:00,2021-08-16 06:00:00,25.630237645430263,ARIMA (+달력·가동 계획)
2021-08-16 06:00:00,2021-08-16 06:15:00,31.138525856521127,ARIMA (+달력·가동 계획)
2021-08-16 06:00:00,2021-08-16 06:30:00,38.01026420211821,ARIMA (+달력·가동 계획)
2021-08-16 06:00:00,2021-08-16 06:45:00,46.07960622998343,ARIMA (+달력·가동 계획)
2021-08-16 07:00:00,2021-08-16 07:00:00,28.72747052365224,ARIMA (+달력·가동 계획)
2021-08-16 07:00:00,2021-08-16 07:15:00,38.42557144848478,ARIMA (+달력·가동 계획)
2021-08-16 07:00:00,2021-08-16 07:30:00,48.45389656715927,ARIMA (+달력·가동 계획)
2021-08-16 07:00:00,2021-08-16 07:45:00,58.45118961540518,ARIMA (+달력·가동 계획)
2021-08-16 08:00:00,2021-08-16 08:00:00,139.74639103091567,ARIMA (+달력·가동 계획)
2021-08-16 08:00:00,2021-08-16 08:15:00,148.6012101639655,ARIMA (+달력·가동 계획)
2021-08-16 08:00:00,2021-08-16 08:30:00,156.39639896969385,ARIMA (+달력·가동 계획)
2021-08-16 08:00:00,2021-08-16 08:45:00,162.87137430666792,ARIMA (+달력·가동 계획)
2021-08-16 09:00:00,2021-08-16 09:00:00,187.2588567999023,ARIMA (+달력·가동 계획)
2021-08-16 09:00:00,2021-08-16 09:15:00,190.5915765296777,ARIMA (+달력·가동 계획)
2021-08-16 09:00:00,2021-08-16 09:30:00,192.26320682000025,ARIMA (+달력·가동 계획)
2021-08-16 09:00:00,2021-08-16 09:45:00,192.3254375136574,ARIMA (+달력·가동 계획)
2021-08-16 10:00:00,2021-08-16 10:00:00,165.86651441960328,ARIMA (+달력·가동 계획)
2021-08-16 10:00:00,2021-08-16 10:15:00,163.174167465587,ARIMA (+달력·가동 계획)
2021-08-16 10:00:00,2021-08-16 10:30:00,159.46456094815576,ARIMA (+달력·가동 계획)
2021-08-16 10:00:00,2021-08-16 10:45:00,155.03793325045615,ARIMA (+달력·가동 계획)
2021-08-16 11:00:00,2021-08-16 11:00:00,154.23769919422006,ARIMA (+달력·가동 계획)
2021-08-16 11:00:00,2021-08-16 11:15:00,149.34867025972886,ARIMA (+달력·가동 계획)
2021-08-16 11:00:00,2021-08-16 11:30:00,144.70130142232972,ARIMA (+달력·가동 계획)
2021-08-16 11:00:00,2021-08-16 11:45:00,140.57160296679248,ARIMA (+달력·가동 계획)
2021-08-16 12:00:00,2021-08-16 12:00:00,151.6861742371865,ARIMA (+달력·가동 계획)
2021-08-16 12:00:00,2021-08-16 12:15:00,149.2116186017028,ARIMA (+달력·가동 계획)
2021-08-16 12:00:00,2021-08-16 12:30:00,147.74505230426962,ARIMA (+달력·가동 계획)
2021-08-16 12:00:00,2021-08-16 12:45:00,147.3121585302002,ARIMA (+달력·가동 계획)
2021-08-16 13:00:00,2021-08-16 13:00:00,102.83888651743914,ARIMA (+달력·가동 계획)
2021-08-16 13:00:00,2021-08-16 13:15:00,104.27514943036516,ARIMA (+달력·가동 계획)
2021-08-16 13:00:00,2021-08-16 13:30:00,106.42787068217912,ARIMA (+달력·가동 계획)
2021-08-16 13:00:00,2021-08-16 13:45:00,109.09178287140918,ARIMA (+달력·가동 계획)
2021-08-16 14:00:00,2021-08-16 14:00:00,151.9028204699192,ARIMA (+달력·가동 계획)
2021-08-16 14:00:00,2021-08-16 14:15:00,154.8839856426421,ARIMA (+달력·가동 계획)
2021-08-16 14:00:00,2021-08-16 14:30:00,157.66760367911564,ARIMA (+달력·가동 계획)
2021-08-16 14:00:00,2021-08-16 14:45:00,160.0402036705246,ARIMA (+달력·가동 계획)
2021-08-16 15:00:00,2021-08-16 15:00:00,144.05816916925238,ARIMA (+달력·가동 계획)
2021-08-16 15:00:00,2021-08-16 15:15:00,145.11956026214312,ARIMA (+달력·가동 계획)
2021-08-16 15:00:00,2021-08-16 15:30:00,145.3789839680799,ARIMA (+달력·가동 계획)
2021-08-16 15:00:00,2021-08-16 15:45:00,144.81196550364092,ARIMA (+달력·가동 계획)
2021-08-16 16:00:00,2021-08-16 16:00:00,129.72477221912425,ARIMA (+달력·가동 계획)
2021-08-16 16:00:00,2021-08-16 16:15:00,127.64487402667643,ARIMA (+달력·가동 계획)
2021-08-16 16:00:00,2021-08-16 16:30:00,124.96975846303836,ARIMA (+달력·가동 계획)
2021-08-16 16:00:00,2021-08-16 16:45:00,121.85128784190906,ARIMA (+달력·가동 계획)
2021-08-16 17:00:00,2021-08-16 17:00:00,111.2058458874648,ARIMA (+달력·가동 계획)
2021-08-16 17:00:00,2021-08-16 17:15:00,107.7135227606042,ARIMA (+달력·가동 계획)
2021-08-16 17:00:00,2021-08-16 17:30:00,104.28521894895256,ARIMA (+달력·가동 계획)
2021-08-16 17:00:00,2021-08-16 17:45:00,101.06307610193274,ARIMA (+달력·가동 계획)
2021-08-16 18:00:00,2021-08-16 18:00:00,91.83003474209636,ARIMA (+달력·가동 계획)
2021-08-16 18:00:00,2021-08-16 18:15:00,89.3093012944157,ARIMA (+달력·가동 계획)
2021-08-16 18:00:00,2021-08-16 18:30:00,87.19924023156415,ARIMA (+달력·가동 계획)
2021-08-16 18:00:00,2021-08-16 18:45:00,85.47970327363808,ARIMA (+달력·가동 계획)
2021-08-16 19:00:00,2021-08-16 19:00:00,87.52117666205505,ARIMA (+달력·가동 계획)
2021-08-16 19:00:00,2021-08-16 19:15:00,86.35830257614789,ARIMA (+달력·가동 계획)
2021-08-16 19:00:00,2021-08-16 19:30:00,85.29780246821284,ARIMA (+달력·가동 계획)
2021-08-16 19:00:00,2021-08-16 19:45:00,84.19703970576751,ARIMA (+달력·가동 계획)
2021-08-16 20:00:00,2021-08-16 20:00:00,82.94788233605902,ARIMA (+달력·가동 계획)
2021-08-16 20:00:00,2021-08-16 20:15:00,81.33671475242329,ARIMA (+달력·가동 계획)
2021-08-16 20:00:00,2021-08-16 20:30:00,79.28597880776017,ARIMA (+달력·가동 계획)
2021-08-16 20:00:00,2021-08-16 20:45:00,76.71203865156556,ARIMA (+달력·가동 계획)
2021-08-16 21:00:00,2021-08-16 21:00:00,100.76711591306989,ARIMA (+달력·가동 계획)
2021-08-16 21:00:00,2021-08-16 21:15:00,97.06316736371438,ARIMA (+달력·가동 계획)
2021-08-16 21:00:00,2021-08-16 21:30:00,92.84596830253184,ARIMA (+달력·가동 계획)
2021-08-16 21:00:00,2021-08-16 21:45:00,88.21190538781667,ARIMA (+달력·가동 계획)
2021-08-16 22:00:00,2021-08-16 22:00:00,103.65205314330824,ARIMA (+달력·가동 계획)
2021-08-16 22:00:00,2021-08-16 22:15:00,98.62762710091914,ARIMA (+달력·가동 계획)
2021-08-16 22:00:00,2021-08-16 22:30:00,93.6828967430018,ARIMA (+달력·가동 계획)
2021-08-16 22:00:00,2021-08-16 22:45:00,89.01615271425092,ARIMA (+달력·가동 계획)
2021-08-16 23:00:00,2021-08-16 23:00:00,95.41457785159211,ARIMA (+달력·가동 계획)
2021-08-16 23:00:00,2021-08-16 23:15:00,91.8612329317337,ARIMA (+달력·가동 계획)
2021-08-16 23:00:00,2021-08-16 23:30:00,89.09101777424931,ARIMA (+달력·가동 계획)
2021-08-16 23:00:00,2021-08-16 23:45:00,87.20076882388503,ARIMA (+달력·가동 계획)
2021-08-17 00:00:00,2021-08-17 00:00:00,81.81579164407538,ARIMA (+달력·가동 계획)
2021-08-17 00:00:00,2021-08-17 00:15:00,81.76687432030477,ARIMA (+달력·가동 계획)
2021-08-17 00:00:00,2021-08-17 00:30:00,82.5675731217084,ARIMA (+달력·가동 계획)
2021-08-17 00:00:00,2021-08-17 00:45:00,84.09907692679576,ARIMA (+달력·가동 계획)
2021-08-17 01:00:00,2021-08-17 01:00:00,73.38611486050539,ARIMA (+달력·가동 계획)
2021-08-17 01:00:00,2021-08-17 01:15:00,75.85157669521915,ARIMA (+달력·가동 계획)
2021-08-17 01:00:00,2021-08-17 01:30:00,78.4639526730499,ARIMA (+달력·가동 계획)
2021-08-17 01:00:00,2021-08-17 01:45:00,80.9965271362673,ARIMA (+달력·가동 계획)
2021-08-17 02:00:00,2021-08-17 02:00:00,101.6924976493115,ARIMA (+달력·가동 계획)
2021-08-17 02:00:00,2021-08-17 02:15:00,103.44055070958382,ARIMA (+달력·가동 계획)
2021-08-17 02:00:00,2021-08-17 02:30:00,104.54959226571324,ARIMA (+달력·가동 계획)
2021-08-17 02:00:00,2021-08-17 02:45:00,104.92055893081566,ARIMA (+달력·가동 계획)
2021-08-17 03:00:00,2021-08-17 03:00:00,96.83306578878404,ARIMA (+달력·가동 계획)
2021-08-17 03:00:00,2021-08-17 03:15:00,95.67882171131748,ARIMA (+달력·가동 계획)
2021-08-17 03:00:00,2021-08-17 03:30:00,93.8691569895248,ARIMA (+달력·가동 계획)
2021-08-17 03:00:00,2021-08-17 03:45:00,91.55959257406464,ARIMA (+달력·가동 계획)
2021-08-17 04:00:00,2021-08-17 04:00:00,88.44745690388373,ARIMA (+달력·가동 계획)
2021-08-17 04:00:00,2021-08-17 04:15:00,85.80717650617177,ARIMA (+달력·가동 계획)
2021-08-17 04:00:00,2021-08-17 04:30:00,83.4037067047742,ARIMA (+달력·가동 계획)
2021-08-17 04:00:00,2021-08-17 04:45:00,81.52253211410604,ARIMA (+달력·가동 계획)
2021-08-17 05:00:00,2021-08-17 05:00:00,92.42458269552549,ARIMA (+달력·가동 계획)
2021-08-17 05:00:00,2021-08-17 05:15:00,92.3864098943264,ARIMA (+달력·가동 계획)
2021-08-17 05:00:00,2021-08-17 05:30:00,93.59518524719336,ARIMA (+달력·가동 계획)
2021-08-17 05:00:00,2021-08-17 05:45:00,96.19267366282374,ARIMA (+달력·가동 계획)
2021-08-17 06:00:00,2021-08-17 06:00:00,108.63584701612716,ARIMA (+달력·가동 계획)
2021-08-17 06:00:00,2021-08-17 06:15:00,114.14413522721804,ARIMA (+달력·가동 계획)
2021-08-17 06:00:00,2021-08-17 06:30:00,121.01587357281512,ARIMA (+달력·가동 계획)
2021-08-17 06:00:00,2021-08-17 06:45:00,129.08521560068033,ARIMA (+달력·가동 계획)
2021-08-17 07:00:00,2021-08-17 07:00:00,104.23392095919874,ARIMA (+달력·가동 계획)
2021-08-17 07:00:00,2021-08-17 07:15:00,113.93202188403129,ARIMA (+달력·가동 계획)
2021-08-17 07:00:00,2021-08-17 07:30:00,123.96034700270576,ARIMA (+달력·가동 계획)
2021-08-17 07:00:00,2021-08-17 07:45:00,133.95764005095168,ARIMA (+달력·가동 계획)
2021-08-17 08:00:00,2021-08-17 08:00:00,142.71361497202105,ARIMA (+달력·가동 계획)
2021-08-17 08:00:00,2021-08-17 08:15:00,151.56843410507088,ARIMA (+달력·가동 계획)
2021-08-17 08:00:00,2021-08-17 08:30:00,159.3636229107992,ARIMA (+달력·가동 계획)
2021-08-17 08:00:00,2021-08-17 08:45:00,165.8385982477733,ARIMA (+달력·가동 계획)
2021-08-17 09:00:00,2021-08-17 09:00:00,165.07013967651417,ARIMA (+달력·가동 계획)
2021-08-17 09:00:00,2021-08-17 09:15:00,168.40285940628956,ARIMA (+달력·가동 계획)
2021-08-17 09:00:00,2021-08-17 09:30:00,170.0744896966121,ARIMA (+달력·가동 계획)
2021-08-17 09:00:00,2021-08-17 09:45:00,170.13672039026926,ARIMA (+달력·가동 계획)
2021-08-17 10:00:00,2021-08-17 10:00:00,163.54276243628516,ARIMA (+달력·가동 계획)
2021-08-17 10:00:00,2021-08-17 10:15:00,160.85041548226886,ARIMA (+달력·가동 계획)
2021-08-17 10:00:00,2021-08-17 10:30:00,157.14080896483762,ARIMA (+달력·가동 계획)
2021-08-17 10:00:00,2021-08-17 10:45:00,152.71418126713803,ARIMA (+달력·가동 계획)
2021-08-17 11:00:00,2021-08-17 11:00:00,161.56616040757092,ARIMA (+달력·가동 계획)
2021-08-17 11:00:00,2021-08-17 11:15:00,156.67713147307975,ARIMA (+달력·가동 계획)
2021-08-17 11:00:00,2021-08-17 11:30:00,152.0297626356806,ARIMA (+달력·가동 계획)
2021-08-17 11:00:00,2021-08-17 11:45:00,147.90006418014335,ARIMA (+달력·가동 계획)
2021-08-17 12:00:00,2021-08-17 12:00:00,170.48226617402207,ARIMA (+달력·가동 계획)
2021-08-17 12:00:00,2021-08-17 12:15:00,168.0077105385384,ARIMA (+달력·가동 계획)
2021-08-17 12:00:00,2021-08-17 12:30:00,166.5411442411052,ARIMA (+달력·가동 계획)
2021-08-17 12:00:00,2021-08-17 12:45:00,166.10825046703582,ARIMA (+달력·가동 계획)
2021-08-17 13:00:00,2021-08-17 13:00:00,140.72853962499258,ARIMA (+달력·가동 계획)
2021-08-17 13:00:00,2021-08-17 13:15:00,142.1648025379186,ARIMA (+달력·가동 계획)
2021-08-17 13:00:00,2021-08-17 13:30:00,144.31752378973255,ARIMA (+달력·가동 계획)
2021-08-17 13:00:00,2021-08-17 13:45:00,146.98143597896262,ARIMA (+달력·가동 계획)
2021-08-17 14:00:00,2021-08-17 14:00:00,164.38210653576292,ARIMA (+달력·가동 계획)
2021-08-17 14:00:00,2021-08-17 14:15:00,167.3632717084858,ARIMA (+달력·가동 계획)
2021-08-17 14:00:00,2021-08-17 14:30:00,170.14688974495934,ARIMA (+달력·가동 계획)
2021-08-17 14:00:00,2021-08-17 14:45:00,172.5194897363683,ARIMA (+달력·가동 계획)
2021-08-17 15:00:00,2021-08-17 15:00:00,156.0273602424039,ARIMA (+달력·가동 계획)
2021-08-17 15:00:00,2021-08-17 15:15:00,157.08875133529466,ARIMA (+달력·가동 계획)
2021-08-17 15:00:00,2021-08-17 15:30:00,157.3481750412314,ARIMA (+달력·가동 계획)
2021-08-17 15:00:00,2021-08-17 15:45:00,156.78115657679243,ARIMA (+달력·가동 계획)
2021-08-17 16:00:00,2021-08-17 16:00:00,168.4604407142753,ARIMA (+달력·가동 계획)
2021-08-17 16:00:00,2021-08-17 16:15:00,166.3805425218275,ARIMA (+달력·가동 계획)
2021-08-17 16:00:00,2021-08-17 16:30:00,163.70542695818943,ARIMA (+달력·가동 계획)
2021-08-17 16:00:00,2021-08-17 16:45:00,160.58695633706012,ARIMA (+달력·가동 계획)
2021-08-17 17:00:00,2021-08-17 17:00:00,143.12497901919525,ARIMA (+달력·가동 계획)
2021-08-17 17:00:00,2021-08-17 17:15:00,139.63265589233467,ARIMA (+달력·가동 계획)
2021-08-17 17:00:00,2021-08-17 17:30:00,136.20435208068304,ARIMA (+달력·가동 계획)
2021-08-17 17:00:00,2021-08-17 17:45:00,132.9822092336632,ARIMA (+달력·가동 계획)
2021-08-17 18:00:00,2021-08-17 18:00:00,134.3224518496212,ARIMA (+달력·가동 계획)
2021-08-17 18:00:00,2021-08-17 18:15:00,131.80171840194055,ARIMA (+달력·가동 계획)
2021-08-17 18:00:00,2021-08-17 18:30:00,129.69165733908898,ARIMA (+달력·가동 계획)
2021-08-17 18:00:00,2021-08-17 18:45:00,127.97212038116294,ARIMA (+달력·가동 계획)
2021-08-17 19:00:00,2021-08-17 19:00:00,157.45972946803047,ARIMA (+달력·가동 계획)
2021-08-17 19:00:00,2021-08-17 19:15:00,156.2968553821233,ARIMA (+달력·가동 계획)
2021-08-17 19:00:00,2021-08-17 19:30:00,155.23635527418827,ARIMA (+달력·가동 계획)
2021-08-17 19:00:00,2021-08-17 19:45:00,154.13559251174294,ARIMA (+달력·가동 계획)
2021-08-17 20:00:00,2021-08-17 20:00:00,123.76958757465582,ARIMA (+달력·가동 계획)
2021-08-17 20:00:00,2021-08-17 20:15:00,122.15841999102008,ARIMA (+달력·가동 계획)
2021-08-17 20:00:00,2021-08-17 20:30:00,120.10768404635697,ARIMA (+달력·가동 계획)
2021-08-17 20:00:00,2021-08-17 20:45:00,117.53374389016236,ARIMA (+달력·가동 계획)
2021-08-17 21:00:00,2021-08-17 21:00:00,110.85201890144492,ARIMA (+달력·가동 계획)
2021-08-17 21:00:00,2021-08-17 21:15:00,107.14807035208943,ARIMA (+달력·가동 계획)
2021-08-17 21:00:00,2021-08-17 21:30:00,102.9308712909069,ARIMA (+달력·가동 계획)
2021-08-17 21:00:00,2021-08-17 21:45:00,98.2968083761917,ARIMA (+달력·가동 계획)
2021-08-17 22:00:00,2021-08-17 22:00:00,106.05180789350716,ARIMA (+달력·가동 계획)
2021-08-17 22:00:00,2021-08-17 22:15:00,101.02738185111808,ARIMA (+달력·가동 계획)
2021-08-17 22:00:00,2021-08-17 22:30:00,96.08265149320071,ARIMA (+달력·가동 계획)
2021-08-17 22:00:00,2021-08-17 22:45:00,91.41590746444984,ARIMA (+달력·가동 계획)
2021-08-17 23:00:00,2021-08-17 23:00:00,113.36775773080409,ARIMA (+달력·가동 계획)
2021-08-17 23:00:00,2021-08-17 23:15:00,109.81441281094564,ARIMA (+달력·가동 계획)
2021-08-17 23:00:00,2021-08-17 23:30:00,107.04419765346128,ARIMA (+달력·가동 계획)
2021-08-17 23:00:00,2021-08-17 23:45:00,105.153948703097,ARIMA (+달력·가동 계획)
2021-08-18 00:00:00,2021-08-18 00:00:00,84.4743507245301,ARIMA (+달력·가동 계획)
2021-08-18 00:00:00,2021-08-18 00:15:00,84.42543340075949,ARIMA (+달력·가동 계획)
2021-08-18 00:00:00,2021-08-18 00:30:00,85.22613220216313,ARIMA (+달력·가동 계획)
2021-08-18 00:00:00,2021-08-18 00:45:00,86.75763600725048,ARIMA (+달력·가동 계획)
2021-08-18 01:00:00,2021-08-18 01:00:00,66.8210277251122,ARIMA (+달력·가동 계획)
2021-08-18 01:00:00,2021-08-18 01:15:00,69.28648955982597,ARIMA (+달력·가동 계획)
2021-08-18 01:00:00,2021-08-18 01:30:00,71.89886553765672,ARIMA (+달력·가동 계획)
2021-08-18 01:00:00,2021-08-18 01:45:00,74.43144000087412,ARIMA (+달력·가동 계획)
2021-08-18 02:00:00,2021-08-18 02:00:00,108.28466092061043,ARIMA (+달력·가동 계획)
2021-08-18 02:00:00,2021-08-18 02:15:00,110.03271398088276,ARIMA (+달력·가동 계획)
2021-08-18 02:00:00,2021-08-18 02:30:00,111.1417555370122,ARIMA (+달력·가동 계획)
2021-08-18 02:00:00,2021-08-18 02:45:00,111.5127222021146,ARIMA (+달력·가동 계획)
2021-08-18 03:00:00,2021-08-18 03:00:00,100.92148347807202,ARIMA (+달력·가동 계획)
2021-08-18 03:00:00,2021-08-18 03:15:00,99.76723940060546,ARIMA (+달력·가동 계획)
2021-08-18 03:00:00,2021-08-18 03:30:00,97.9575746788128,ARIMA (+달력·가동 계획)
2021-08-18 03:00:00,2021-08-18 03:45:00,95.64801026335265,ARIMA (+달력·가동 계획)
2021-08-18 04:00:00,2021-08-18 04:00:00,99.02841973026084,ARIMA (+달력·가동 계획)
2021-08-18 04:00:00,2021-08-18 04:15:00,96.38813933254887,ARIMA (+달력·가동 계획)
2021-08-18 04:00:00,2021-08-18 04:30:00,93.98466953115133,ARIMA (+달력·가동 계획)
2021-08-18 04:00:00,2021-08-18 04:45:00,92.10349494048316,ARIMA (+달력·가동 계획)
2021-08-18 05:00:00,2021-08-18 05:00:00,90.98880666778408,ARIMA (+달력·가동 계획)
2021-08-18 05:00:00,2021-08-18 05:15:00,90.950633866585,ARIMA (+달력·가동 계획)
2021-08-18 05:00:00,2021-08-18 05:30:00,92.159409219452,ARIMA (+달력·가동 계획)
2021-08-18 05:00:00,2021-08-18 05:45:00,94.75689763508235,ARIMA (+달력·가동 계획)
2021-08-18 06:00:00,2021-08-18 06:00:00,103.67534302846444,ARIMA (+달력·가동 계획)
2021-08-18 06:00:00,2021-08-18 06:15:00,109.18363123955533,ARIMA (+달력·가동 계획)
2021-08-18 06:00:00,2021-08-18 06:30:00,116.0553695851524,ARIMA (+달력·가동 계획)
2021-08-18 06:00:00,2021-08-18 06:45:00,124.12471161301762,ARIMA (+달력·가동 계획)
2021-08-18 07:00:00,2021-08-18 07:00:00,115.29987311065052,ARIMA (+달력·가동 계획)
2021-08-18 07:00:00,2021-08-18 07:15:00,124.99797403548308,ARIMA (+달력·가동 계획)
2021-08-18 07:00:00,2021-08-18 07:30:00,135.02629915415756,ARIMA (+달력·가동 계획)
2021-08-18 07:00:00,2021-08-18 07:45:00,145.02359220240345,ARIMA (+달력·가동 계획)
2021-08-18 08:00:00,2021-08-18 08:00:00,135.40475794175697,ARIMA (+달력·가동 계획)
2021-08-18 08:00:00,2021-08-18 08:15:00,144.2595770748068,ARIMA (+달력·가동 계획)
2021-08-18 08:00:00,2021-08-18 08:30:00,152.05476588053511,ARIMA (+달력·가동 계획)
2021-08-18 08:00:00,2021-08-18 08:45:00,158.5297412175092,ARIMA (+달력·가동 계획)
2021-08-18 09:00:00,2021-08-18 09:00:00,174.1279665441569,ARIMA (+달력·가동 계획)
2021-08-18 09:00:00,2021-08-18 09:15:00,177.46068627393228,ARIMA (+달력·가동 계획)
2021-08-18 09:00:00,2021-08-18 09:30:00,179.13231656425478,ARIMA (+달력·가동 계획)
2021-08-18 09:00:00,2021-08-18 09:45:00,179.19454725791198,ARIMA (+달력·가동 계획)
2021-08-18 10:00:00,2021-08-18 10:00:00,170.19096454591218,ARIMA (+달력·가동 계획)
2021-08-18 10:00:00,2021-08-18 10:15:00,167.4986175918959,ARIMA (+달력·가동 계획)
2021-08-18 10:00:00,2021-08-18 10:30:00,163.78901107446467,ARIMA (+달력·가동 계획)
2021-08-18 10:00:00,2021-08-18 10:45:00,159.36238337676505,ARIMA (+달력·가동 계획)
2021-08-18 11:00:00,2021-08-18 11:00:00,173.69776890089946,ARIMA (+달력·가동 계획)
2021-08-18 11:00:00,2021-08-18 11:15:00,168.80873996640827,ARIMA (+달력·가동 계획)
2021-08-18 11:00:00,2021-08-18 11:30:00,164.16137112900913,ARIMA (+달력·가동 계획)
2021-08-18 11:00:00,2021-08-18 11:45:00,160.0316726734719,ARIMA (+달력·가동 계획)
2021-08-18 12:00:00,2021-08-18 12:00:00,156.22967434267846,ARIMA (+달력·가동 계획)
2021-08-18 12:00:00,2021-08-18 12:15:00,153.75511870719478,ARIMA (+달력·가동 계획)
2021-08-18 12:00:00,2021-08-18 12:30:00,152.28855240976162,ARIMA (+달력·가동 계획)
2021-08-18 12:00:00,2021-08-18 12:45:00,151.8556586356922,ARIMA (+달력·가동 계획)
2021-08-18 13:00:00,2021-08-18 13:00:00,126.43295346417976,ARIMA (+달력·가동 계획)
2021-08-18 13:00:00,2021-08-18 13:15:00,127.8692163771058,ARIMA (+달력·가동 계획)
2021-08-18 13:00:00,2021-08-18 13:30:00,130.02193762891974,ARIMA (+달력·가동 계획)
2021-08-18 13:00:00,2021-08-18 13:45:00,132.68584981814982,ARIMA (+달력·가동 계획)
2021-08-18 14:00:00,2021-08-18 14:00:00,180.60040152475773,ARIMA (+달력·가동 계획)
2021-08-18 14:00:00,2021-08-18 14:15:00,183.58156669748064,ARIMA (+달력·가동 계획)
2021-08-18 14:00:00,2021-08-18 14:30:00,186.36518473395412,ARIMA (+달력·가동 계획)
2021-08-18 14:00:00,2021-08-18 14:45:00,188.73778472536316,ARIMA (+달력·가동 계획)
2021-08-18 15:00:00,2021-08-18 15:00:00,187.00037674811048,ARIMA (+달력·가동 계획)
2021-08-18 15:00:00,2021-08-18 15:15:00,188.06176784100128,ARIMA (+달력·가동 계획)
2021-08-18 15:00:00,2021-08-18 15:30:00,188.321191546938,ARIMA (+달력·가동 계획)
2021-08-18 15:00:00,2021-08-18 15:45:00,187.75417308249905,ARIMA (+달력·가동 계획)
2021-08-18 16:00:00,2021-08-18 16:00:00,175.6460210670849,ARIMA (+달력·가동 계획)
2021-08-18 16:00:00,2021-08-18 16:15:00,173.56612287463707,ARIMA (+달력·가동 계획)
2021-08-18 16:00:00,2021-08-18 16:30:00,170.891007310999,ARIMA (+달력·가동 계획)
2021-08-18 16:00:00,2021-08-18 16:45:00,167.7725366898697,ARIMA (+달력·가동 계획)
2021-08-18 17:00:00,2021-08-18 17:00:00,150.59234850065798,ARIMA (+달력·가동 계획)
2021-08-18 17:00:00,2021-08-18 17:15:00,147.1000253737974,ARIMA (+달력·가동 계획)
2021-08-18 17:00:00,2021-08-18 17:30:00,143.67172156214576,ARIMA (+달력·가동 계획)
2021-08-18 17:00:00,2021-08-18 17:45:00,140.44957871512594,ARIMA (+달력·가동 계획)
2021-08-18 18:00:00,2021-08-18 18:00:00,186.2209646107762,ARIMA (+달력·가동 계획)
2021-08-18 18:00:00,2021-08-18 18:15:00,183.7002311630956,ARIMA (+달력·가동 계획)
2021-08-18 18:00:00,2021-08-18 18:30:00,181.590170100244,ARIMA (+달력·가동 계획)
2021-08-18 18:00:00,2021-08-18 18:45:00,179.87063314231796,ARIMA (+달력·가동 계획)
2021-08-18 19:00:00,2021-08-18 19:00:00,140.65266103942923,ARIMA (+달력·가동 계획)
2021-08-18 19:00:00,2021-08-18 19:15:00,139.48978695352207,ARIMA (+달력·가동 계획)
2021-08-18 19:00:00,2021-08-18 19:30:00,138.42928684558703,ARIMA (+달력·가동 계획)
2021-08-18 19:00:00,2021-08-18 19:45:00,137.3285240831417,ARIMA (+달력·가동 계획)
2021-08-18 20:00:00,2021-08-18 20:00:00,118.99329817774225,ARIMA (+달력·가동 계획)
2021-08-18 20:00:00,2021-08-18 20:15:00,117.38213059410651,ARIMA (+달력·가동 계획)
2021-08-18 20:00:00,2021-08-18 20:30:00,115.3313946494434,ARIMA (+달력·가동 계획)
2021-08-18 20:00:00,2021-08-18 20:45:00,112.7574544932488,ARIMA (+달력·가동 계획)
2021-08-18 21:00:00,2021-08-18 21:00:00,115.0902582480336,ARIMA (+달력·가동 계획)
2021-08-18 21:00:00,2021-08-18 21:15:00,111.3863096986781,ARIMA (+달력·가동 계획)
2021-08-18 21:00:00,2021-08-18 21:30:00,107.16911063749556,ARIMA (+달력·가동 계획)
2021-08-18 21:00:00,2021-08-18 21:45:00,102.53504772278038,ARIMA (+달력·가동 계획)
2021-08-18 22:00:00,2021-08-18 22:00:00,120.15574750718228,ARIMA (+달력·가동 계획)
2021-08-18 22:00:00,2021-08-18 22:15:00,115.13132146479316,ARIMA (+달력·가동 계획)
2021-08-18 22:00:00,2021-08-18 22:30:00,110.18659110687582,ARIMA (+달력·가동 계획)
2021-08-18 22:00:00,2021-08-18 22:45:00,105.51984707812493,ARIMA (+달력·가동 계획)
2021-08-18 23:00:00,2021-08-18 23:00:00,97.39441339811084,ARIMA (+달력·가동 계획)
2021-08-18 23:00:00,2021-08-18 23:15:00,93.8410684782524,ARIMA (+달력·가동 계획)
2021-08-18 23:00:00,2021-08-18 23:30:00,91.07085332076802,ARIMA (+달력·가동 계획)
2021-08-18 23:00:00,2021-08-18 23:45:00,89.18060437040374,ARIMA (+달력·가동 계획)
2021-08-19 00:00:00,2021-08-19 00:00:00,93.51987425332815,ARIMA (+달력·가동 계획)
2021-08-19 00:00:00,2021-08-19 00:15:00,93.47095692955756,ARIMA (+달력·가동 계획)
2021-08-19 00:00:00,2021-08-19 00:30:00,94.2716557309612,ARIMA (+달력·가동 계획)
2021-08-19 00:00:00,2021-08-19 00:45:00,95.80315953604855,ARIMA (+달력·가동 계획)
2021-08-19 01:00:00,2021-08-19 01:00:00,66.45943413648948,ARIMA (+달력·가동 계획)
2021-08-19 01:00:00,2021-08-19 01:15:00,68.92489597120323,ARIMA (+달력·가동 계획)
2021-08-19 01:00:00,2021-08-19 01:30:00,71.53727194903396,ARIMA (+달력·가동 계획)
2021-08-19 01:00:00,2021-08-19 01:45:00,74.06984641225137,ARIMA (+달력·가동 계획)
2021-08-19 02:00:00,2021-08-19 02:00:00,116.35980370516612,ARIMA (+달력·가동 계획)
2021-08-19 02:00:00,2021-08-19 02:15:00,118.10785676543844,ARIMA (+달력·가동 계획)
2021-08-19 02:00:00,2021-08-19 02:30:00,119.21689832156788,ARIMA (+달력·가동 계획)
2021-08-19 02:00:00,2021-08-19 02:45:00,119.58786498667028,ARIMA (+달력·가동 계획)
2021-08-19 03:00:00,2021-08-19 03:00:00,114.84469719109154,ARIMA (+달력·가동 계획)
2021-08-19 03:00:00,2021-08-19 03:15:00,113.69045311362498,ARIMA (+달력·가동 계획)
2021-08-19 03:00:00,2021-08-19 03:30:00,111.88078839183233,ARIMA (+달력·가동 계획)
2021-08-19 03:00:00,2021-08-19 03:45:00,109.57122397637217,ARIMA (+달력·가동 계획)
2021-08-19 04:00:00,2021-08-19 04:00:00,108.35983726351552,ARIMA (+달력·가동 계획)
2021-08-19 04:00:00,2021-08-19 04:15:00,105.71955686580355,ARIMA (+달력·가동 계획)
2021-08-19 04:00:00,2021-08-19 04:30:00,103.31608706440598,ARIMA (+달력·가동 계획)
2021-08-19 04:00:00,2021-08-19 04:45:00,101.43491247373782,ARIMA (+달력·가동 계획)
2021-08-19 05:00:00,2021-08-19 05:00:00,96.88174866961027,ARIMA (+달력·가동 계획)
2021-08-19 05:00:00,2021-08-19 05:15:00,96.8435758684112,ARIMA (+달력·가동 계획)
2021-08-19 05:00:00,2021-08-19 05:30:00,98.05235122127816,ARIMA (+달력·가동 계획)
2021-08-19 05:00:00,2021-08-19 05:45:00,100.64983963690854,ARIMA (+달력·가동 계획)
2021-08-19 06:00:00,2021-08-19 06:00:00,110.55526645591743,ARIMA (+달력·가동 계획)
2021-08-19 06:00:00,2021-08-19 06:15:00,116.06355466700828,ARIMA (+달력·가동 계획)
2021-08-19 06:00:00,2021-08-19 06:30:00,122.93529301260536,ARIMA (+달력·가동 계획)
2021-08-19 06:00:00,2021-08-19 06:45:00,131.0046350404706,ARIMA (+달력·가동 계획)
2021-08-19 07:00:00,2021-08-19 07:00:00,102.74175085691112,ARIMA (+달력·가동 계획)
2021-08-19 07:00:00,2021-08-19 07:15:00,112.43985178174366,ARIMA (+달력·가동 계획)
2021-08-19 07:00:00,2021-08-19 07:30:00,122.46817690041814,ARIMA (+달력·가동 계획)
2021-08-19 07:00:00,2021-08-19 07:45:00,132.46546994866404,ARIMA (+달력·가동 계획)
2021-08-19 08:00:00,2021-08-19 08:00:00,150.53765579305082,ARIMA (+달력·가동 계획)
2021-08-19 08:00:00,2021-08-19 08:15:00,159.39247492610065,ARIMA (+달력·가동 계획)
2021-08-19 08:00:00,2021-08-19 08:30:00,167.18766373182896,ARIMA (+달력·가동 계획)
2021-08-19 08:00:00,2021-08-19 08:45:00,173.66263906880306,ARIMA (+달력·가동 계획)
2021-08-19 09:00:00,2021-08-19 09:00:00,160.01509343853928,ARIMA (+달력·가동 계획)
2021-08-19 09:00:00,2021-08-19 09:15:00,163.3478131683147,ARIMA (+달력·가동 계획)
2021-08-19 09:00:00,2021-08-19 09:30:00,165.0194434586372,ARIMA (+달력·가동 계획)
2021-08-19 09:00:00,2021-08-19 09:45:00,165.0816741522944,ARIMA (+달력·가동 계획)
2021-08-19 10:00:00,2021-08-19 10:00:00,176.82739860961576,ARIMA (+달력·가동 계획)
2021-08-19 10:00:00,2021-08-19 10:15:00,174.13505165559948,ARIMA (+달력·가동 계획)
2021-08-19 10:00:00,2021-08-19 10:30:00,170.42544513816824,ARIMA (+달력·가동 계획)
2021-08-19 10:00:00,2021-08-19 10:45:00,165.99881744046863,ARIMA (+달력·가동 계획)
2021-08-19 11:00:00,2021-08-19 11:00:00,175.28063688586184,ARIMA (+달력·가동 계획)
2021-08-19 11:00:00,2021-08-19 11:15:00,170.39160795137064,ARIMA (+달력·가동 계획)
2021-08-19 11:00:00,2021-08-19 11:30:00,165.7442391139715,ARIMA (+달력·가동 계획)
2021-08-19 11:00:00,2021-08-19 11:45:00,161.6145406584343,ARIMA (+달력·가동 계획)
2021-08-19 12:00:00,2021-08-19 12:00:00,164.47041393404317,ARIMA (+달력·가동 계획)
2021-08-19 12:00:00,2021-08-19 12:15:00,161.99585829855948,ARIMA (+달력·가동 계획)
2021-08-19 12:00:00,2021-08-19 12:30:00,160.5292920011263,ARIMA (+달력·가동 계획)
2021-08-19 12:00:00,2021-08-19 12:45:00,160.0963982270569,ARIMA (+달력·가동 계획)
2021-08-19 13:00:00,2021-08-19 13:00:00,126.42628570087986,ARIMA (+달력·가동 계획)
2021-08-19 13:00:00,2021-08-19 13:15:00,127.86254861380588,ARIMA (+달력·가동 계획)
2021-08-19 13:00:00,2021-08-19 13:30:00,130.0152698656198,ARIMA (+달력·가동 계획)
2021-08-19 13:00:00,2021-08-19 13:45:00,132.6791820548499,ARIMA (+달력·가동 계획)
2021-08-19 14:00:00,2021-08-19 14:00:00,176.2802247989504,ARIMA (+달력·가동 계획)
2021-08-19 14:00:00,2021-08-19 14:15:00,179.26138997167328,ARIMA (+달력·가동 계획)
2021-08-19 14:00:00,2021-08-19 14:30:00,182.0450080081468,ARIMA (+달력·가동 계획)
2021-08-19 14:00:00,2021-08-19 14:45:00,184.4176079995558,ARIMA (+달력·가동 계획)
2021-08-19 15:00:00,2021-08-19 15:00:00,187.5921506639288,ARIMA (+달력·가동 계획)
2021-08-19 15:00:00,2021-08-19 15:15:00,188.6535417568196,ARIMA (+달력·가동 계획)
2021-08-19 15:00:00,2021-08-19 15:30:00,188.91296546275632,ARIMA (+달력·가동 계획)
2021-08-19 15:00:00,2021-08-19 15:45:00,188.34594699831732,ARIMA (+달력·가동 계획)
2021-08-19 16:00:00,2021-08-19 16:00:00,168.42767400163848,ARIMA (+달력·가동 계획)
2021-08-19 16:00:00,2021-08-19 16:15:00,166.3477758091907,ARIMA (+달력·가동 계획)
2021-08-19 16:00:00,2021-08-19 16:30:00,163.67266024555258,ARIMA (+달력·가동 계획)
2021-08-19 16:00:00,2021-08-19 16:45:00,160.5541896244233,ARIMA (+달력·가동 계획)
2021-08-19 17:00:00,2021-08-19 17:00:00,154.80810522659863,ARIMA (+달력·가동 계획)
2021-08-19 17:00:00,2021-08-19 17:15:00,151.31578209973804,ARIMA (+달력·가동 계획)
2021-08-19 17:00:00,2021-08-19 17:30:00,147.88747828808638,ARIMA (+달력·가동 계획)
2021-08-19 17:00:00,2021-08-19 17:45:00,144.6653354410666,ARIMA (+달력·가동 계획)
2021-08-19 18:00:00,2021-08-19 18:00:00,153.93546432821273,ARIMA (+달력·가동 계획)
2021-08-19 18:00:00,2021-08-19 18:15:00,151.4147308805321,ARIMA (+달력·가동 계획)
2021-08-19 18:00:00,2021-08-19 18:30:00,149.30466981768052,ARIMA (+달력·가동 계획)
2021-08-19 18:00:00,2021-08-19 18:45:00,147.58513285975448,ARIMA (+달력·가동 계획)
2021-08-19 19:00:00,2021-08-19 19:00:00,153.66512960856377,ARIMA (+달력·가동 계획)
2021-08-19 19:00:00,2021-08-19 19:15:00,152.50225552265658,ARIMA (+달력·가동 계획)
2021-08-19 19:00:00,2021-08-19 19:30:00,151.44175541472154,ARIMA (+달력·가동 계획)
2021-08-19 19:00:00,2021-08-19 19:45:00,150.3409926522762,ARIMA (+달력·가동 계획)
2021-08-19 20:00:00,2021-08-19 20:00:00,130.20802503330947,ARIMA (+달력·가동 계획)
2021-08-19 20:00:00,2021-08-19 20:15:00,128.5968574496737,ARIMA (+달력·가동 계획)
2021-08-19 20:00:00,2021-08-19 20:30:00,126.5461215050106,ARIMA (+달력·가동 계획)
2021-08-19 20:00:00,2021-08-19 20:45:00,123.972181348816,ARIMA (+달력·가동 계획)
2021-08-19 21:00:00,2021-08-19 21:00:00,124.1092596925526,ARIMA (+달력·가동 계획)
2021-08-19 21:00:00,2021-08-19 21:15:00,120.40531114319712,ARIMA (+달력·가동 계획)
2021-08-19 21:00:00,2021-08-19 21:30:00,116.18811208201458,ARIMA (+달력·가동 계획)
2021-08-19 21:00:00,2021-08-19 21:45:00,111.5540491672994,ARIMA (+달력·가동 계획)
2021-08-19 22:00:00,2021-08-19 22:00:00,118.63206513861692,ARIMA (+달력·가동 계획)
2021-08-19 22:00:00,2021-08-19 22:15:00,113.6076390962278,ARIMA (+달력·가동 계획)
2021-08-19 22:00:00,2021-08-19 22:30:00,108.66290873831048,ARIMA (+달력·가동 계획)
2021-08-19 22:00:00,2021-08-19 22:45:00,103.99616470955958,ARIMA (+달력·가동 계획)
2021-08-19 23:00:00,2021-08-19 23:00:00,109.94412409146156,ARIMA (+달력·가동 계획)
2021-08-19 23:00:00,2021-08-19 23:15:00,106.39077917160311,ARIMA (+달력·가동 계획)
2021-08-19 23:00:00,2021-08-19 23:30:00,103.62056401411876,ARIMA (+달력·가동 계획)
2021-08-19 23:00:00,2021-08-19 23:45:00,101.73031506375447,ARIMA (+달력·가동 계획)
2021-08-20 00:00:00,2021-08-20 00:00:00,98.4047217057101,ARIMA (+달력·가동 계획)
2021-08-20 00:00:00,2021-08-20 00:15:00,98.35580438193948,ARIMA (+달력·가동 계획)
2021-08-20 00:00:00,2021-08-20 00:30:00,99.15650318334312,ARIMA (+달력·가동 계획)
2021-08-20 00:00:00,2021-08-20 00:45:00,100.68800698843047,ARIMA (+달력·가동 계획)
2021-08-20 01:00:00,2021-08-20 01:00:00,69.59838288346396,ARIMA (+달력·가동 계획)
2021-08-20 01:00:00,2021-08-20 01:15:00,72.06384471817772,ARIMA (+달력·가동 계획)
2021-08-20 01:00:00,2021-08-20 01:30:00,74.67622069600847,ARIMA (+달력·가동 계획)
2021-08-20 01:00:00,2021-08-20 01:45:00,77.20879515922587,ARIMA (+달력·가동 계획)
2021-08-20 02:00:00,2021-08-20 02:00:00,100.1499020870078,ARIMA (+달력·가동 계획)
2021-08-20 02:00:00,2021-08-20 02:15:00,101.8979551472801,ARIMA (+달력·가동 계획)
2021-08-20 02:00:00,2021-08-20 02:30:00,103.00699670340953,ARIMA (+달력·가동 계획)
2021-08-20 02:00:00,2021-08-20 02:45:00,103.37796336851194,ARIMA (+달력·가동 계획)
2021-08-20 03:00:00,2021-08-20 03:00:00,106.6848469535469,ARIMA (+달력·가동 계획)
2021-08-20 03:00:00,2021-08-20 03:15:00,105.53060287608034,ARIMA (+달력·가동 계획)
2021-08-20 03:00:00,2021-08-20 03:30:00,103.72093815428768,ARIMA (+달력·가동 계획)
2021-08-20 03:00:00,2021-08-20 03:45:00,101.4113737388275,ARIMA (+달력·가동 계획)
2021-08-20 04:00:00,2021-08-20 04:00:00,101.54301209351117,ARIMA (+달력·가동 계획)
2021-08-20 04:00:00,2021-08-20 04:15:00,98.9027316957992,ARIMA (+달력·가동 계획)
2021-08-20 04:00:00,2021-08-20 04:30:00,96.4992618944016,ARIMA (+달력·가동 계획)
2021-08-20 04:00:00,2021-08-20 04:45:00,94.61808730373346,ARIMA (+달력·가동 계획)
2021-08-20 05:00:00,2021-08-20 05:00:00,102.9593165257803,ARIMA (+달력·가동 계획)
2021-08-20 05:00:00,2021-08-20 05:15:00,102.9211437245812,ARIMA (+달력·가동 계획)
2021-08-20 05:00:00,2021-08-20 05:30:00,104.1299190774482,ARIMA (+달력·가동 계획)
2021-08-20 05:00:00,2021-08-20 05:45:00,106.72740749307856,ARIMA (+달력·가동 계획)
2021-08-20 06:00:00,2021-08-20 06:00:00,107.76709964655136,ARIMA (+달력·가동 계획)
2021-08-20 06:00:00,2021-08-20 06:15:00,113.27538785764224,ARIMA (+달력·가동 계획)
2021-08-20 06:00:00,2021-08-20 06:30:00,120.14712620323932,ARIMA (+달력·가동 계획)
2021-08-20 06:00:00,2021-08-20 06:45:00,128.21646823110456,ARIMA (+달력·가동 계획)
2021-08-20 07:00:00,2021-08-20 07:00:00,113.42200409155237,ARIMA (+달력·가동 계획)
2021-08-20 07:00:00,2021-08-20 07:15:00,123.12010501638493,ARIMA (+달력·가동 계획)
2021-08-20 07:00:00,2021-08-20 07:30:00,133.1484301350594,ARIMA (+달력·가동 계획)
2021-08-20 07:00:00,2021-08-20 07:45:00,143.1457231833053,ARIMA (+달력·가동 계획)
2021-08-20 08:00:00,2021-08-20 08:00:00,136.752313333615,ARIMA (+달력·가동 계획)
2021-08-20 08:00:00,2021-08-20 08:15:00,145.60713246666484,ARIMA (+달력·가동 계획)
2021-08-20 08:00:00,2021-08-20 08:30:00,153.40232127239315,ARIMA (+달력·가동 계획)
2021-08-20 08:00:00,2021-08-20 08:45:00,159.87729660936725,ARIMA (+달력·가동 계획)
2021-08-20 09:00:00,2021-08-20 09:00:00,176.3087961052907,ARIMA (+달력·가동 계획)
2021-08-20 09:00:00,2021-08-20 09:15:00,179.64151583506612,ARIMA (+달력·가동 계획)
2021-08-20 09:00:00,2021-08-20 09:30:00,181.3131461253886,ARIMA (+달력·가동 계획)
2021-08-20 09:00:00,2021-08-20 09:45:00,181.3753768190458,ARIMA (+달력·가동 계획)
2021-08-20 10:00:00,2021-08-20 10:00:00,174.07168992094947,ARIMA (+달력·가동 계획)
2021-08-20 10:00:00,2021-08-20 10:15:00,171.3793429669332,ARIMA (+달력·가동 계획)
2021-08-20 10:00:00,2021-08-20 10:30:00,167.66973644950195,ARIMA (+달력·가동 계획)
2021-08-20 10:00:00,2021-08-20 10:45:00,163.24310875180234,ARIMA (+달력·가동 계획)
2021-08-20 11:00:00,2021-08-20 11:00:00,164.93144014162027,ARIMA (+달력·가동 계획)
2021-08-20 11:00:00,2021-08-20 11:15:00,160.0424112071291,ARIMA (+달력·가동 계획)
2021-08-20 11:00:00,2021-08-20 11:30:00,155.39504236972996,ARIMA (+달력·가동 계획)
2021-08-20 11:00:00,2021-08-20 11:45:00,151.26534391419273,ARIMA (+달력·가동 계획)
2021-08-20 12:00:00,2021-08-20 12:00:00,179.3228343037067,ARIMA (+달력·가동 계획)
2021-08-20 12:00:00,2021-08-20 12:15:00,176.84827866822303,ARIMA (+달력·가동 계획)
2021-08-20 12:00:00,2021-08-20 12:30:00,175.38171237078984,ARIMA (+달력·가동 계획)
2021-08-20 12:00:00,2021-08-20 12:45:00,174.94881859672046,ARIMA (+달력·가동 계획)
2021-08-20 13:00:00,2021-08-20 13:00:00,141.67206250282345,ARIMA (+달력·가동 계획)
2021-08-20 13:00:00,2021-08-20 13:15:00,143.10832541574945,ARIMA (+달력·가동 계획)
2021-08-20 13:00:00,2021-08-20 13:30:00,145.2610466675634,ARIMA (+달력·가동 계획)
2021-08-20 13:00:00,2021-08-20 13:45:00,147.92495885679347,ARIMA (+달력·가동 계획)
2021-08-20 14:00:00,2021-08-20 14:00:00,179.61400947357566,ARIMA (+달력·가동 계획)
2021-08-20 14:00:00,2021-08-20 14:15:00,182.59517464629857,ARIMA (+달력·가동 계획)
2021-08-20 14:00:00,2021-08-20 14:30:00,185.3787926827721,ARIMA (+달력·가동 계획)
2021-08-20 14:00:00,2021-08-20 14:45:00,187.75139267418103,ARIMA (+달력·가동 계획)
2021-08-20 15:00:00,2021-08-20 15:00:00,176.25469503977354,ARIMA (+달력·가동 계획)
2021-08-20 15:00:00,2021-08-20 15:15:00,177.3160861326643,ARIMA (+달력·가동 계획)
2021-08-20 15:00:00,2021-08-20 15:30:00,177.57550983860105,ARIMA (+달력·가동 계획)
2021-08-20 15:00:00,2021-08-20 15:45:00,177.00849137416208,ARIMA (+달력·가동 계획)
2021-08-20 16:00:00,2021-08-20 16:00:00,165.98167746004978,ARIMA (+달력·가동 계획)
2021-08-20 16:00:00,2021-08-20 16:15:00,163.90177926760197,ARIMA (+달력·가동 계획)
2021-08-20 16:00:00,2021-08-20 16:30:00,161.22666370396388,ARIMA (+달력·가동 계획)
2021-08-20 16:00:00,2021-08-20 16:45:00,158.1081930828346,ARIMA (+달력·가동 계획)
2021-08-20 17:00:00,2021-08-20 17:00:00,157.11822719874073,ARIMA (+달력·가동 계획)
2021-08-20 17:00:00,2021-08-20 17:15:00,153.62590407188014,ARIMA (+달력·가동 계획)
2021-08-20 17:00:00,2021-08-20 17:30:00,150.19760026022848,ARIMA (+달력·가동 계획)
2021-08-20 17:00:00,2021-08-20 17:45:00,146.9754574132087,ARIMA (+달력·가동 계획)
2021-08-20 18:00:00,2021-08-20 18:00:00,160.62786238497165,ARIMA (+달력·가동 계획)
2021-08-20 18:00:00,2021-08-20 18:15:00,158.107128937291,ARIMA (+달력·가동 계획)
2021-08-20 18:00:00,2021-08-20 18:30:00,155.99706787443944,ARIMA (+달력·가동 계획)
2021-08-20 18:00:00,2021-08-20 18:45:00,154.2775309165134,ARIMA (+달력·가동 계획)
2021-08-20 19:00:00,2021-08-20 19:00:00,155.68048787906554,ARIMA (+달력·가동 계획)
2021-08-20 19:00:00,2021-08-20 19:15:00,154.51761379315838,ARIMA (+달력·가동 계획)
2021-08-20 19:00:00,2021-08-20 19:30:00,153.45711368522333,ARIMA (+달력·가동 계획)
2021-08-20 19:00:00,2021-08-20 19:45:00,152.356350922778,ARIMA (+달력·가동 계획)
2021-08-20 20:00:00,2021-08-20 20:00:00,97.83558054819922,ARIMA (+달력·가동 계획)
2021-08-20 20:00:00,2021-08-20 20:15:00,96.2244129645635,ARIMA (+달력·가동 계획)
2021-08-20 20:00:00,2021-08-20 20:30:00,94.17367701990035,ARIMA (+달력·가동 계획)
2021-08-20 20:00:00,2021-08-20 20:45:00,91.59973686370576,ARIMA (+달력·가동 계획)
2021-08-20 21:00:00,2021-08-20 21:00:00,112.57685587778111,ARIMA (+달력·가동 계획)
2021-08-20 21:00:00,2021-08-20 21:15:00,108.87290732842564,ARIMA (+달력·가동 계획)
2021-08-20 21:00:00,2021-08-20 21:30:00,104.6557082672431,ARIMA (+달력·가동 계획)
2021-08-20 21:00:00,2021-08-20 21:45:00,100.02164535252793,ARIMA (+달력·가동 계획)
2021-08-20 22:00:00,2021-08-20 22:00:00,110.57892131907192,ARIMA (+달력·가동 계획)
2021-08-20 22:00:00,2021-08-20 22:15:00,105.5544952766828,ARIMA (+달력·가동 계획)
2021-08-20 22:00:00,2021-08-20 22:30:00,100.60976491876548,ARIMA (+달력·가동 계획)
2021-08-20 22:00:00,2021-08-20 22:45:00,95.94302089001458,ARIMA (+달력·가동 계획)
2021-08-20 23:00:00,2021-08-20 23:00:00,109.65439373124153,ARIMA (+달력·가동 계획)
2021-08-20 23:00:00,2021-08-20 23:15:00,106.1010488113831,ARIMA (+달력·가동 계획)
2021-08-20 23:00:00,2021-08-20 23:30:00,103.33083365389872,ARIMA (+달력·가동 계획)
2021-08-20 23:00:00,2021-08-20 23:45:00,101.44058470353444,ARIMA (+달력·가동 계획)
2021-08-21 00:00:00,2021-08-21 00:00:00,73.80438747340787,ARIMA (+달력·가동 계획)
2021-08-21 00:00:00,2021-08-21 00:15:00,74.22686991235143,ARIMA (+달력·가동 계획)
2021-08-21 00:00:00,2021-08-21 00:30:00,74.67112686421088,ARIMA (+달력·가동 계획)
2021-08-21 00:00:00,2021-08-21 00:45:00,75.13707087639844,ARIMA (+달력·가동 계획)
2021-08-21 01:00:00,2021-08-21 01:00:00,63.38023108162991,ARIMA (+달력·가동 계획)
2021-08-21 01:00:00,2021-08-21 01:15:00,63.888230068503454,ARIMA (+달력·가동 계획)
2021-08-21 01:00:00,2021-08-21 01:30:00,64.41507632695863,ARIMA (+달력·가동 계획)
2021-08-21 01:00:00,2021-08-21 01:45:00,64.95759041695013,ARIMA (+달력·가동 계획)
2021-08-21 02:00:00,2021-08-21 02:00:00,101.12357021518626,ARIMA (+달력·가동 계획)
2021-08-21 02:00:00,2021-08-21 02:15:00,101.68037113144308,ARIMA (+달력·가동 계획)
2021-08-21 02:00:00,2021-08-21 02:30:00,102.23134979600158,ARIMA (+달력·가동 계획)
2021-08-21 02:00:00,2021-08-21 02:45:00,102.76470498931477,ARIMA (+달력·가동 계획)
2021-08-21 03:00:00,2021-08-21 03:00:00,109.89280643523335,ARIMA (+달력·가동 계획)
2021-08-21 03:00:00,2021-08-21 03:15:00,110.34671788680322,ARIMA (+달력·가동 계획)
2021-08-21 03:00:00,2021-08-21 03:30:00,110.7353314801878,ARIMA (+달력·가동 계획)
2021-08-21 03:00:00,2021-08-21 03:45:00,111.04024462091876,ARIMA (+달력·가동 계획)
2021-08-21 04:00:00,2021-08-21 04:00:00,103.61058645570792,ARIMA (+달력·가동 계획)
2021-08-21 04:00:00,2021-08-21 04:15:00,103.69355169790832,ARIMA (+달력·가동 계획)
2021-08-21 04:00:00,2021-08-21 04:30:00,103.6409058669233,ARIMA (+달력·가동 계획)
2021-08-21 04:00:00,2021-08-21 04:45:00,103.43958168861153,ARIMA (+달력·가동 계획)
2021-08-21 05:00:00,2021-08-21 05:00:00,102.90391223978366,ARIMA (+달력·가동 계획)
2021-08-21 05:00:00,2021-08-21 05:15:00,102.38148350743324,ARIMA (+달력·가동 계획)
2021-08-21 05:00:00,2021-08-21 05:30:00,101.69617037047335,ARIMA (+달력·가동 계획)
2021-08-21 05:00:00,2021-08-21 05:45:00,100.85360517478732,ARIMA (+달력·가동 계획)
2021-08-21 06:00:00,2021-08-21 06:00:00,110.94210514393627,ARIMA (+달력·가동 계획)
2021-08-21 06:00:00,2021-08-21 06:15:00,109.82441387947688,ARIMA (+달력·가동 계획)
2021-08-21 06:00:00,2021-08-21 06:30:00,108.59951168275782,ARIMA (+달력·가동 계획)
2021-08-21 06:00:00,2021-08-21 06:45:00,107.29380114437129,ARIMA (+달력·가동 계획)
2021-08-21 07:00:00,2021-08-21 07:00:00,88.33786958283659,ARIMA (+달력·가동 계획)
2021-08-21 07:00:00,2021-08-21 07:15:00,86.9627636882235,ARIMA (+달력·가동 계획)
2021-08-21 07:00:00,2021-08-21 07:30:00,85.60260228027595,ARIMA (+달력·가동 계획)
2021-08-21 07:00:00,2021-08-21 07:45:00,84.29060923433119,ARIMA (+달력·가동 계획)
2021-08-21 08:00:00,2021-08-21 08:00:00,28.154045348130214,ARIMA (+달력·가동 계획)
2021-08-21 08:00:00,2021-08-21 08:15:00,27.03019118366059,ARIMA (+달력·가동 계획)
2021-08-21 08:00:00,2021-08-21 08:30:00,26.039168273454838,ARIMA (+달력·가동 계획)
2021-08-21 08:00:00,2021-08-21 08:45:00,25.200241732079817,ARIMA (+달력·가동 계획)
2021-08-21 09:00:00,2021-08-21 09:00:00,22.789613130875367,ARIMA (+달력·가동 계획)
2021-08-21 09:00:00,2021-08-21 09:15:00,22.288397312093394,ARIMA (+달력·가동 계획)
2021-08-21 09:00:00,2021-08-21 09:30:00,21.95978325040835,ARIMA (+달력·가동 계획)
2021-08-21 09:00:00,2021-08-21 09:45:00,21.797649092058137,ARIMA (+달력·가동 계획)
2021-08-21 10:00:00,2021-08-21 10:00:00,20.976689339206416,ARIMA (+달력·가동 계획)
2021-08-21 10:00:00,2021-08-21 10:15:00,21.106115636375904,ARIMA (+달력·가동 계획)
2021-08-21 10:00:00,2021-08-21 10:30:00,21.35124739483381,ARIMA (+달력·가동 계획)
2021-08-21 10:00:00,2021-08-21 10:45:00,21.687637401769408,ARIMA (+달력·가동 계획)
2021-08-21 11:00:00,2021-08-21 11:00:00,21.1322598633288,ARIMA (+달력·가동 계획)
2021-08-21 11:00:00,2021-08-21 11:15:00,21.572370655256904,ARIMA (+달력·가동 계획)
2021-08-21 11:00:00,2021-08-21 11:30:00,22.025550176588283,ARIMA (+달력·가동 계획)
2021-08-21 11:00:00,2021-08-21 11:45:00,22.468430748047357,ARIMA (+달력·가동 계획)
2021-08-21 12:00:00,2021-08-21 12:00:00,21.567561419706838,ARIMA (+달력·가동 계획)
2021-08-21 12:00:00,2021-08-21 12:15:00,21.933445680141205,ARIMA (+달력·가동 계획)
2021-08-21 12:00:00,2021-08-21 12:30:00,22.24129196434136,ARIMA (+달력·가동 계획)
2021-08-21 12:00:00,2021-08-21 12:45:00,22.48450972207555,ARIMA (+달력·가동 계획)
2021-08-21 13:00:00,2021-08-21 13:00:00,22.14012161983113,ARIMA (+달력·가동 계획)
2021-08-21 13:00:00,2021-08-21 13:15:00,22.25360754343074,ARIMA (+달력·가동 계획)
2021-08-21 13:00:00,2021-08-21 13:30:00,22.310685616710003,ARIMA (+달력·가동 계획)
2021-08-21 13:00:00,2021-08-21 13:45:00,22.32169742568864,ARIMA (+달력·가동 계획)
2021-08-21 14:00:00,2021-08-21 14:00:00,20.97819007179151,ARIMA (+달력·가동 계획)
2021-08-21 14:00:00,2021-08-21 14:15:00,20.936888051109484,ARIMA (+달력·가동 계획)
2021-08-21 14:00:00,2021-08-21 14:30:00,20.891225826044767,ARIMA (+달력·가동 계획)
2021-08-21 14:00:00,2021-08-21 14:45:00,20.855321072877352,ARIMA (+달력·가동 계획)
2021-08-21 15:00:00,2021-08-21 15:00:00,26.726319061258927,ARIMA (+달력·가동 계획)
2021-08-21 15:00:00,2021-08-21 15:15:00,26.745706779680862,ARIMA (+달력·가동 계획)
2021-08-21 15:00:00,2021-08-21 15:30:00,26.805641143191004,ARIMA (+달력·가동 계획)
2021-08-21 15:00:00,2021-08-21 15:45:00,26.910659274282345,ARIMA (+달력·가동 계획)
2021-08-21 16:00:00,2021-08-21 16:00:00,22.308258653810064,ARIMA (+달력·가동 계획)
2021-08-21 16:00:00,2021-08-21 16:15:00,22.50406437384876,ARIMA (+달력·가동 계획)
2021-08-21 16:00:00,2021-08-21 16:30:00,22.73950709262533,ARIMA (+달력·가동 계획)
2021-08-21 16:00:00,2021-08-21 16:45:00,23.007373125665254,ARIMA (+달력·가동 계획)
2021-08-21 17:00:00,2021-08-21 17:00:00,22.42553800189397,ARIMA (+달력·가동 계획)
2021-08-21 17:00:00,2021-08-21 17:15:00,22.730090880649783,ARIMA (+달력·가동 계획)
2021-08-21 17:00:00,2021-08-21 17:30:00,23.037436492621715,ARIMA (+달력·가동 계획)
2021-08-21 17:00:00,2021-08-21 17:45:00,23.33744705995845,ARIMA (+달력·가동 계획)
2021-08-21 18:00:00,2021-08-21 18:00:00,22.237758744002623,ARIMA (+달력·가동 계획)
2021-08-21 18:00:00,2021-08-21 18:15:00,22.497393195970872,ARIMA (+달력·가동 계획)
2021-08-21 18:00:00,2021-08-21 18:30:00,22.72760100648208,ARIMA (+달력·가동 계획)
2021-08-21 18:00:00,2021-08-21 18:45:00,22.92518977374537,ARIMA (+달력·가동 계획)
2021-08-21 19:00:00,2021-08-21 19:00:00,23.05353958451385,ARIMA (+달력·가동 계획)
2021-08-21 19:00:00,2021-08-21 19:15:00,23.1858316894983,ARIMA (+달력·가동 계획)
2021-08-21 19:00:00,2021-08-21 19:30:00,23.289893931205825,ARIMA (+달력·가동 계획)
2021-08-21 19:00:00,2021-08-21 19:45:00,23.371147892474823,ARIMA (+달력·가동 계획)
2021-08-21 20:00:00,2021-08-21 20:00:00,21.01609759694003,ARIMA (+달력·가동 계획)
2021-08-21 20:00:00,2021-08-21 20:15:00,21.072814099792616,ARIMA (+달력·가동 계획)
2021-08-21 20:00:00,2021-08-21 20:30:00,21.128936886147223,ARIMA (+달력·가동 계획)
2021-08-21 20:00:00,2021-08-21 20:45:00,21.19215980287232,ARIMA (+달력·가동 계획)
2021-08-21 21:00:00,2021-08-21 21:00:00,22.288743771265857,ARIMA (+달력·가동 계획)
2021-08-21 21:00:00,2021-08-21 21:15:00,22.38635053316928,ARIMA (+달력·가동 계획)
2021-08-21 21:00:00,2021-08-21 21:30:00,22.50900778810785,ARIMA (+달력·가동 계획)
2021-08-21 21:00:00,2021-08-21 21:45:00,22.660170675837197,ARIMA (+달력·가동 계획)
2021-08-21 22:00:00,2021-08-21 22:00:00,23.15691089005702,ARIMA (+달력·가동 계획)
2021-08-21 22:00:00,2021-08-21 22:15:00,23.370042509803888,ARIMA (+달력·가동 계획)
2021-08-21 22:00:00,2021-08-21 22:30:00,23.614288698060054,ARIMA (+달력·가동 계획)
2021-08-21 22:00:00,2021-08-21 22:45:00,23.88857002210191,ARIMA (+달력·가동 계획)
2021-08-21 23:00:00,2021-08-21 23:00:00,23.194172992035437,ARIMA (+달력·가동 계획)
2021-08-21 23:00:00,2021-08-21 23:15:00,23.52357681974418,ARIMA (+달력·가동 계획)
2021-08-21 23:00:00,2021-08-21 23:30:00,23.877948507758127,ARIMA (+달력·가동 계획)
2021-08-21 23:00:00,2021-08-21 23:45:00,24.25587574915253,ARIMA (+달력·가동 계획)
2021-08-22 00:00:00,2021-08-22 00:00:00,21.29333787696612,ARIMA (+달력·가동 계획)
2021-08-22 00:00:00,2021-08-22 00:15:00,21.71582031590968,ARIMA (+달력·가동 계획)
2021-08-22 00:00:00,2021-08-22 00:30:00,22.160077267769125,ARIMA (+달력·가동 계획)
2021-08-22 00:00:00,2021-08-22 00:45:00,22.626021279956696,ARIMA (+달력·가동 계획)
2021-08-22 01:00:00,2021-08-22 01:00:00,23.59604728111392,ARIMA (+달력·가동 계획)
2021-08-22 01:00:00,2021-08-22 01:15:00,24.104046267987464,ARIMA (+달력·가동 계획)
2021-08-22 01:00:00,2021-08-22 01:30:00,24.63089252644264,ARIMA (+달력·가동 계획)
2021-08-22 01:00:00,2021-08-22 01:45:00,25.173406616434136,ARIMA (+달력·가동 계획)
2021-08-22 02:00:00,2021-08-22 02:00:00,27.19193173873641,ARIMA (+달력·가동 계획)
2021-08-22 02:00:00,2021-08-22 02:15:00,27.74873265499324,ARIMA (+달력·가동 계획)
2021-08-22 02:00:00,2021-08-22 02:30:00,28.29971131955173,ARIMA (+달력·가동 계획)
2021-08-22 02:00:00,2021-08-22 02:45:00,28.833066512864924,ARIMA (+달력·가동 계획)
2021-08-22 03:00:00,2021-08-22 03:00:00,23.61077693095741,ARIMA (+달력·가동 계획)
2021-08-22 03:00:00,2021-08-22 03:15:00,24.064688382527255,ARIMA (+달력·가동 계획)
2021-08-22 03:00:00,2021-08-22 03:30:00,24.45330197591185,ARIMA (+달력·가동 계획)
2021-08-22 03:00:00,2021-08-22 03:45:00,24.75821511664281,ARIMA (+달력·가동 계획)
2021-08-22 04:00:00,2021-08-22 04:00:00,21.048292171469868,ARIMA (+달력·가동 계획)
2021-08-22 04:00:00,2021-08-22 04:15:00,21.13125741367029,ARIMA (+달력·가동 계획)
2021-08-22 04:00:00,2021-08-22 04:30:00,21.078611582685248,ARIMA (+달력·가동 계획)
2021-08-22 04:00:00,2021-08-22 04:45:00,20.87728740437348,ARIMA (+달력·가동 계획)
2021-08-22 05:00:00,2021-08-22 05:00:00,21.634755530407865,ARIMA (+달력·가동 계획)
2021-08-22 05:00:00,2021-08-22 05:15:00,21.11232679805744,ARIMA (+달력·가동 계획)
2021-08-22 05:00:00,2021-08-22 05:30:00,20.42701366109756,ARIMA (+달력·가동 계획)
2021-08-22 05:00:00,2021-08-22 05:45:00,19.584448465411512,ARIMA (+달력·가동 계획)
2021-08-22 06:00:00,2021-08-22 06:00:00,25.188345852153915,ARIMA (+달력·가동 계획)
2021-08-22 06:00:00,2021-08-22 06:15:00,24.07065458769452,ARIMA (+달력·가동 계획)
2021-08-22 06:00:00,2021-08-22 06:30:00,22.845752390975456,ARIMA (+달력·가동 계획)
2021-08-22 06:00:00,2021-08-22 06:45:00,21.54004185258892,ARIMA (+달력·가동 계획)
2021-08-22 07:00:00,2021-08-22 07:00:00,20.850855583666245,ARIMA (+달력·가동 계획)
2021-08-22 07:00:00,2021-08-22 07:15:00,19.47574968905316,ARIMA (+달력·가동 계획)
2021-08-22 07:00:00,2021-08-22 07:30:00,18.1155882811056,ARIMA (+달력·가동 계획)
2021-08-22 07:00:00,2021-08-22 07:45:00,16.80359523516084,ARIMA (+달력·가동 계획)
2021-08-22 08:00:00,2021-08-22 08:00:00,20.975783057560665,ARIMA (+달력·가동 계획)
2021-08-22 08:00:00,2021-08-22 08:15:00,19.851928893091028,ARIMA (+달력·가동 계획)
2021-08-22 08:00:00,2021-08-22 08:30:00,18.86090598288527,ARIMA (+달력·가동 계획)
2021-08-22 08:00:00,2021-08-22 08:45:00,18.02197944151025,ARIMA (+달력·가동 계획)
2021-08-22 09:00:00,2021-08-22 09:00:00,21.62815320923021,ARIMA (+달력·가동 계획)
2021-08-22 09:00:00,2021-08-22 09:15:00,21.126937390448237,ARIMA (+달력·가동 계획)
2021-08-22 09:00:00,2021-08-22 09:30:00,20.79832332876319,ARIMA (+달력·가동 계획)
2021-08-22 09:00:00,2021-08-22 09:45:00,20.63618917041299,ARIMA (+달력·가동 계획)
2021-08-22 10:00:00,2021-08-22 10:00:00,22.18815812800001,ARIMA (+달력·가동 계획)
2021-08-22 10:00:00,2021-08-22 10:15:00,22.3175844251695,ARIMA (+달력·가동 계획)
2021-08-22 10:00:00,2021-08-22 10:30:00,22.5627161836274,ARIMA (+달력·가동 계획)
2021-08-22 10:00:00,2021-08-22 10:45:00,22.899106190563018,ARIMA (+달력·가동 계획)
2021-08-22 11:00:00,2021-08-22 11:00:00,22.34779135036649,ARIMA (+달력·가동 계획)
2021-08-22 11:00:00,2021-08-22 11:15:00,22.78790214229461,ARIMA (+달력·가동 계획)
2021-08-22 11:00:00,2021-08-22 11:30:00,23.24108166362599,ARIMA (+달력·가동 계획)
2021-08-22 11:00:00,2021-08-22 11:45:00,23.683962235085065,ARIMA (+달력·가동 계획)
2021-08-22 12:00:00,2021-08-22 12:00:00,21.15525879598792,ARIMA (+달력·가동 계획)
2021-08-22 12:00:00,2021-08-22 12:15:00,21.52114305642229,ARIMA (+달력·가동 계획)
2021-08-22 12:00:00,2021-08-22 12:30:00,21.82898934062244,ARIMA (+달력·가동 계획)
2021-08-22 12:00:00,2021-08-22 12:45:00,22.072207098356643,ARIMA (+달력·가동 계획)
2021-08-22 13:00:00,2021-08-22 13:00:00,24.28862545152533,ARIMA (+달력·가동 계획)
2021-08-22 13:00:00,2021-08-22 13:15:00,24.402111375124942,ARIMA (+달력·가동 계획)
2021-08-22 13:00:00,2021-08-22 13:30:00,24.459189448404203,ARIMA (+달력·가동 계획)
2021-08-22 13:00:00,2021-08-22 13:45:00,24.47020125738284,ARIMA (+달력·가동 계획)
2021-08-22 14:00:00,2021-08-22 14:00:00,22.02931129270172,ARIMA (+달력·가동 계획)
2021-08-22 14:00:00,2021-08-22 14:15:00,21.98800927201968,ARIMA (+달력·가동 계획)
2021-08-22 14:00:00,2021-08-22 14:30:00,21.942347046954996,ARIMA (+달력·가동 계획)
2021-08-22 14:00:00,2021-08-22 14:45:00,21.906442293787578,ARIMA (+달력·가동 계획)
2021-08-22 15:00:00,2021-08-22 15:00:00,22.95150914270414,ARIMA (+달력·가동 계획)
2021-08-22 15:00:00,2021-08-22 15:15:00,22.970896861126064,ARIMA (+달력·가동 계획)
2021-08-22 15:00:00,2021-08-22 15:30:00,23.0308312246362,ARIMA (+달력·가동 계획)
2021-08-22 15:00:00,2021-08-22 15:45:00,23.13584935572753,ARIMA (+달력·가동 계획)
2021-08-22 16:00:00,2021-08-22 16:00:00,23.34935854207957,ARIMA (+달력·가동 계획)
2021-08-22 16:00:00,2021-08-22 16:15:00,23.54516426211828,ARIMA (+달력·가동 계획)
2021-08-22 16:00:00,2021-08-22 16:30:00,23.780606980894845,ARIMA (+달력·가동 계획)
2021-08-22 16:00:00,2021-08-22 16:45:00,24.04847301393478,ARIMA (+달력·가동 계획)
2021-08-22 17:00:00,2021-08-22 17:00:00,23.609641270544145,ARIMA (+달력·가동 계획)
2021-08-22 17:00:00,2021-08-22 17:15:00,23.914194149299973,ARIMA (+달력·가동 계획)
2021-08-22 17:00:00,2021-08-22 17:30:00,24.22153976127189,ARIMA (+달력·가동 계획)
2021-08-22 17:00:00,2021-08-22 17:45:00,24.52155032860865,ARIMA (+달력·가동 계획)
2021-08-22 18:00:00,2021-08-22 18:00:00,22.23906160432968,ARIMA (+달력·가동 계획)
2021-08-22 18:00:00,2021-08-22 18:15:00,22.498696056297923,ARIMA (+달력·가동 계획)
2021-08-22 18:00:00,2021-08-22 18:30:00,22.72890386680912,ARIMA (+달력·가동 계획)
2021-08-22 18:00:00,2021-08-22 18:45:00,22.92649263407241,ARIMA (+달력·가동 계획)
2021-08-22 19:00:00,2021-08-22 19:00:00,22.13451703927587,ARIMA (+달력·가동 계획)
2021-08-22 19:00:00,2021-08-22 19:15:00,22.26680914426032,ARIMA (+달력·가동 계획)
2021-08-22 19:00:00,2021-08-22 19:30:00,22.370871385967845,ARIMA (+달력·가동 계획)
2021-08-22 19:00:00,2021-08-22 19:45:00,22.452125347236844,ARIMA (+달력·가동 계획)
2021-08-22 20:00:00,2021-08-22 20:00:00,22.013986110208226,ARIMA (+달력·가동 계획)
2021-08-22 20:00:00,2021-08-22 20:15:00,22.07070261306081,ARIMA (+달력·가동 계획)
2021-08-22 20:00:00,2021-08-22 20:30:00,22.126825399415416,ARIMA (+달력·가동 계획)
2021-08-22 20:00:00,2021-08-22 20:45:00,22.190048316140512,ARIMA (+달력·가동 계획)
2021-08-22 21:00:00,2021-08-22 21:00:00,23.1696537463024,ARIMA (+달력·가동 계획)
2021-08-22 21:00:00,2021-08-22 21:15:00,23.267260508205823,ARIMA (+달력·가동 계획)
2021-08-22 21:00:00,2021-08-22 21:30:00,23.3899177631444,ARIMA (+달력·가동 계획)
2021-08-22 21:00:00,2021-08-22 21:45:00,23.541080650873734,ARIMA (+달력·가동 계획)
2021-08-22 22:00:00,2021-08-22 22:00:00,23.34110858918088,ARIMA (+달력·가동 계획)
2021-08-22 22:00:00,2021-08-22 22:15:00,23.554240208927745,ARIMA (+달력·가동 계획)
2021-08-22 22:00:00,2021-08-22 22:30:00,23.798486397183915,ARIMA (+달력·가동 계획)
2021-08-22 22:00:00,2021-08-22 22:45:00,24.07276772122577,ARIMA (+달력·가동 계획)
2021-08-22 23:00:00,2021-08-22 23:00:00,21.82332925362576,ARIMA (+달력·가동 계획)
2021-08-22 23:00:00,2021-08-22 23:15:00,22.152733081334503,ARIMA (+달력·가동 계획)
2021-08-22 23:00:00,2021-08-22 23:30:00,22.50710476934845,ARIMA (+달력·가동 계획)
2021-08-22 23:00:00,2021-08-22 23:45:00,22.88503201074285,ARIMA (+달력·가동 계획)
2021-08-23 00:00:00,2021-08-23 00:00:00,38.85291251218053,ARIMA (+달력·가동 계획)
2021-08-23 00:00:00,2021-08-23 00:15:00,41.30734732596285,ARIMA (+달력·가동 계획)
2021-08-23 00:00:00,2021-08-23 00:30:00,43.410893924077705,ARIMA (+달력·가동 계획)
2021-08-23 00:00:00,2021-08-23 00:45:00,45.23361189940836,ARIMA (+달력·가동 계획)
2021-08-23 01:00:00,2021-08-23 01:00:00,30.27506722192889,ARIMA (+달력·가동 계획)
2021-08-23 01:00:00,2021-08-23 01:15:00,38.59454351537659,ARIMA (+달력·가동 계획)
2021-08-23 01:00:00,2021-08-23 01:30:00,45.56211379109081,ARIMA (+달력·가동 계획)
2021-08-23 01:00:00,2021-08-23 01:45:00,50.54332587085426,ARIMA (+달력·가동 계획)
2021-08-23 02:00:00,2021-08-23 02:00:00,32.829179813353306,ARIMA (+달력·가동 계획)
2021-08-23 02:00:00,2021-08-23 02:15:00,41.68596612298993,ARIMA (+달력·가동 계획)
2021-08-23 02:00:00,2021-08-23 02:30:00,48.05783385650217,ARIMA (+달력·가동 계획)
2021-08-23 02:00:00,2021-08-23 02:45:00,51.38856931360664,ARIMA (+달력·가동 계획)
2021-08-23 03:00:00,2021-08-23 03:00:00,31.088057972726283,ARIMA (+달력·가동 계획)
2021-08-23 03:00:00,2021-08-23 03:15:00,37.34640377024584,ARIMA (+달력·가동 계획)
2021-08-23 03:00:00,2021-08-23 03:30:00,40.66421550420492,ARIMA (+달력·가동 계획)
2021-08-23 03:00:00,2021-08-23 03:45:00,40.95674118504811,ARIMA (+달력·가동 계획)
2021-08-23 04:00:00,2021-08-23 04:00:00,24.71628791455288,ARIMA (+달력·가동 계획)
2021-08-23 04:00:00,2021-08-23 04:15:00,26.52839902290905,ARIMA (+달력·가동 계획)
2021-08-23 04:00:00,2021-08-23 04:30:00,27.23176389097131,ARIMA (+달력·가동 계획)
2021-08-23 04:00:00,2021-08-23 04:45:00,27.1194292526362,ARIMA (+달력·가동 계획)
2021-08-23 05:00:00,2021-08-23 05:00:00,23.23641238836631,ARIMA (+달력·가동 계획)
2021-08-23 05:00:00,2021-08-23 05:15:00,24.90625011443234,ARIMA (+달력·가동 계획)
2021-08-23 05:00:00,2021-08-23 05:30:00,27.337150966705718,ARIMA (+달력·가동 계획)
2021-08-23 05:00:00,2021-08-23 05:45:00,30.87296552267169,ARIMA (+달력·가동 계획)
2021-08-23 06:00:00,2021-08-23 06:00:00,28.67227341635271,ARIMA (+달력·가동 계획)
2021-08-23 06:00:00,2021-08-23 06:15:00,37.37594804338038,ARIMA (+달력·가동 계획)
2021-08-23 06:00:00,2021-08-23 06:30:00,47.35552569868777,ARIMA (+달력·가동 계획)
2021-08-23 06:00:00,2021-08-23 06:45:00,57.99198843251205,ARIMA (+달력·가동 계획)
2021-08-23 07:00:00,2021-08-23 07:00:00,40.095496123805965,ARIMA (+달력·가동 계획)
2021-08-23 07:00:00,2021-08-23 07:15:00,60.69721450963959,ARIMA (+달력·가동 계획)
2021-08-23 07:00:00,2021-08-23 07:30:00,79.71981379346408,ARIMA (+달력·가동 계획)
2021-08-23 07:00:00,2021-08-23 07:45:00,95.39067450336856,ARIMA (+달력·가동 계획)
2021-08-23 08:00:00,2021-08-23 08:00:00,107.40796530215464,ARIMA (+달력·가동 계획)
2021-08-23 08:00:00,2021-08-23 08:15:00,117.44631082501088,ARIMA (+달력·가동 계획)
2021-08-23 08:00:00,2021-08-23 08:30:00,123.3025468547329,ARIMA (+달력·가동 계획)
2021-08-23 08:00:00,2021-08-23 08:45:00,126.58337573525831,ARIMA (+달력·가동 계획)
2021-08-23 09:00:00,2021-08-23 09:00:00,167.59155606566569,ARIMA (+달력·가동 계획)
2021-08-23 09:00:00,2021-08-23 09:15:00,154.86925684107854,ARIMA (+달력·가동 계획)
2021-08-23 09:00:00,2021-08-23 09:30:00,146.55114524027337,ARIMA (+달력·가동 계획)
2021-08-23 09:00:00,2021-08-23 09:45:00,143.66200759111075,ARIMA (+달력·가동 계획)
2021-08-23 10:00:00,2021-08-23 10:00:00,176.76565418340977,ARIMA (+달력·가동 계획)
2021-08-23 10:00:00,2021-08-23 10:15:00,169.42937176679314,ARIMA (+달력·가동 계획)
2021-08-23 10:00:00,2021-08-23 10:30:00,163.8379639171997,ARIMA (+달력·가동 계획)
2021-08-23 10:00:00,2021-08-23 10:45:00,159.9636679951507,ARIMA (+달력·가동 계획)
2021-08-23 11:00:00,2021-08-23 11:00:00,165.48234366332926,ARIMA (+달력·가동 계획)
2021-08-23 11:00:00,2021-08-23 11:15:00,158.9804467696448,ARIMA (+달력·가동 계획)
2021-08-23 11:00:00,2021-08-23 11:30:00,153.21988818393334,ARIMA (+달력·가동 계획)
2021-08-23 11:00:00,2021-08-23 11:45:00,148.63577155855378,ARIMA (+달력·가동 계획)
2021-08-23 12:00:00,2021-08-23 12:00:00,174.0151954991717,ARIMA (+달력·가동 계획)
2021-08-23 12:00:00,2021-08-23 12:15:00,161.07020043753724,ARIMA (+달력·가동 계획)
2021-08-23 12:00:00,2021-08-23 12:30:00,151.9184838214071,ARIMA (+달력·가동 계획)
2021-08-23 12:00:00,2021-08-23 12:45:00,147.6829216500622,ARIMA (+달력·가동 계획)
2021-08-23 13:00:00,2021-08-23 13:00:00,149.2950952626463,ARIMA (+달력·가동 계획)
2021-08-23 13:00:00,2021-08-23 13:15:00,158.23787765361297,ARIMA (+달력·가동 계획)
2021-08-23 13:00:00,2021-08-23 13:30:00,162.225270819876,ARIMA (+달력·가동 계획)
2021-08-23 13:00:00,2021-08-23 13:45:00,162.25757328763868,ARIMA (+달력·가동 계획)
2021-08-23 14:00:00,2021-08-23 14:00:00,184.0362106669184,ARIMA (+달력·가동 계획)
2021-08-23 14:00:00,2021-08-23 14:15:00,174.21246195648197,ARIMA (+달력·가동 계획)
2021-08-23 14:00:00,2021-08-23 14:30:00,166.8053013805595,ARIMA (+달력·가동 계획)
2021-08-23 14:00:00,2021-08-23 14:45:00,163.32713133824177,ARIMA (+달력·가동 계획)
2021-08-23 15:00:00,2021-08-23 15:00:00,185.17630942186315,ARIMA (+달력·가동 계획)
2021-08-23 15:00:00,2021-08-23 15:15:00,181.0550231965397,ARIMA (+달력·가동 계획)
2021-08-23 15:00:00,2021-08-23 15:30:00,178.19796651594848,ARIMA (+달력·가동 계획)
2021-08-23 15:00:00,2021-08-23 15:45:00,176.47096800888335,ARIMA (+달력·가동 계획)
2021-08-23 16:00:00,2021-08-23 16:00:00,192.4831319331334,ARIMA (+달력·가동 계획)
2021-08-23 16:00:00,2021-08-23 16:15:00,185.9842926679376,ARIMA (+달력·가동 계획)
2021-08-23 16:00:00,2021-08-23 16:30:00,178.17247861439128,ARIMA (+달력·가동 계획)
2021-08-23 16:00:00,2021-08-23 16:45:00,170.48060540416327,ARIMA (+달력·가동 계획)
2021-08-23 17:00:00,2021-08-23 17:00:00,159.38463854352025,ARIMA (+달력·가동 계획)
2021-08-23 17:00:00,2021-08-23 17:15:00,155.5293881502655,ARIMA (+달력·가동 계획)
2021-08-23 17:00:00,2021-08-23 17:30:00,152.20859199835795,ARIMA (+달력·가동 계획)
2021-08-23 17:00:00,2021-08-23 17:45:00,149.1867587594216,ARIMA (+달력·가동 계획)
2021-08-23 18:00:00,2021-08-23 18:00:00,174.79187051588144,ARIMA (+달력·가동 계획)
2021-08-23 18:00:00,2021-08-23 18:15:00,165.7328969110901,ARIMA (+달력·가동 계획)
2021-08-23 18:00:00,2021-08-23 18:30:00,153.63564936891504,ARIMA (+달력·가동 계획)
2021-08-23 18:00:00,2021-08-23 18:45:00,142.05216515936024,ARIMA (+달력·가동 계획)
2021-08-23 19:00:00,2021-08-23 19:00:00,124.08114652754824,ARIMA (+달력·가동 계획)
2021-08-23 19:00:00,2021-08-23 19:15:00,122.06857967626917,ARIMA (+달력·가동 계획)
2021-08-23 19:00:00,2021-08-23 19:30:00,123.52698831619378,ARIMA (+달력·가동 계획)
2021-08-23 19:00:00,2021-08-23 19:45:00,126.50098529665274,ARIMA (+달력·가동 계획)
2021-08-23 20:00:00,2021-08-23 20:00:00,110.59506834651256,ARIMA (+달력·가동 계획)
2021-08-23 20:00:00,2021-08-23 20:15:00,114.93419014767498,ARIMA (+달력·가동 계획)
2021-08-23 20:00:00,2021-08-23 20:30:00,119.27472511761974,ARIMA (+달력·가동 계획)
2021-08-23 20:00:00,2021-08-23 20:45:00,121.57945816561012,ARIMA (+달력·가동 계획)
2021-08-23 21:00:00,2021-08-23 21:00:00,114.38518797734618,ARIMA (+달력·가동 계획)
2021-08-23 21:00:00,2021-08-23 21:15:00,112.26372365032488,ARIMA (+달력·가동 계획)
2021-08-23 21:00:00,2021-08-23 21:30:00,107.7445373700798,ARIMA (+달력·가동 계획)
2021-08-23 21:00:00,2021-08-23 21:45:00,101.46038981092326,ARIMA (+달력·가동 계획)
2021-08-23 22:00:00,2021-08-23 22:00:00,98.8846330930263,ARIMA (+달력·가동 계획)
2021-08-23 22:00:00,2021-08-23 22:15:00,90.23396789438314,ARIMA (+달력·가동 계획)
2021-08-23 22:00:00,2021-08-23 22:30:00,82.19136181009412,ARIMA (+달력·가동 계획)
2021-08-23 22:00:00,2021-08-23 22:45:00,75.47776874860642,ARIMA (+달력·가동 계획)
2021-08-23 23:00:00,2021-08-23 23:00:00,99.07128328936788,ARIMA (+달력·가동 계획)
2021-08-23 23:00:00,2021-08-23 23:15:00,85.41710705292952,ARIMA (+달력·가동 계획)
2021-08-23 23:00:00,2021-08-23 23:30:00,74.76569495787115,ARIMA (+달력·가동 계획)
2021-08-23 23:00:00,2021-08-23 23:45:00,68.43547554572542,ARIMA (+달력·가동 계획)
2021-08-24 00:00:00,2021-08-24 00:00:00,82.85488207256068,ARIMA (+달력·가동 계획)
2021-08-24 00:00:00,2021-08-24 00:15:00,81.31695753081334,ARIMA (+달력·가동 계획)
2021-08-24 00:00:00,2021-08-24 00:30:00,84.22555683121439,ARIMA (+달력·가동 계획)
2021-08-24 00:00:00,2021-08-24 00:45:00,89.64105366362784,ARIMA (+달력·가동 계획)
2021-08-24 01:00:00,2021-08-24 01:00:00,76.4743877633735,ARIMA (+달력·가동 계획)
2021-08-24 01:00:00,2021-08-24 01:15:00,88.46279702861231,ARIMA (+달력·가동 계획)
2021-08-24 01:00:00,2021-08-24 01:30:00,97.45490433791988,ARIMA (+달력·가동 계획)
2021-08-24 01:00:00,2021-08-24 01:45:00,102.49354501723624,ARIMA (+달력·가동 계획)
2021-08-24 02:00:00,2021-08-24 02:00:00,107.29528636436116,ARIMA (+달력·가동 계획)
2021-08-24 02:00:00,2021-08-24 02:15:00,103.7367235579311,ARIMA (+달력·가동 계획)
2021-08-24 02:00:00,2021-08-24 02:30:00,100.7194536866454,ARIMA (+달력·가동 계획)
2021-08-24 02:00:00,2021-08-24 02:45:00,98.9063149425866,ARIMA (+달력·가동 계획)
2021-08-24 03:00:00,2021-08-24 03:00:00,105.17791174235508,ARIMA (+달력·가동 계획)
2021-08-24 03:00:00,2021-08-24 03:15:00,102.91760789082768,ARIMA (+달력·가동 계획)
2021-08-24 03:00:00,2021-08-24 03:30:00,101.18959091957556,ARIMA (+달력·가동 계획)
2021-08-24 03:00:00,2021-08-24 03:45:00,99.74255654693894,ARIMA (+달력·가동 계획)
2021-08-24 04:00:00,2021-08-24 04:00:00,101.3228754754526,ARIMA (+달력·가동 계획)
2021-08-24 04:00:00,2021-08-24 04:15:00,97.62668161756508,ARIMA (+달력·가동 계획)
2021-08-24 04:00:00,2021-08-24 04:30:00,94.42227499479166,ARIMA (+달력·가동 계획)
2021-08-24 04:00:00,2021-08-24 04:45:00,92.0854687232296,ARIMA (+달력·가동 계획)
2021-08-24 05:00:00,2021-08-24 05:00:00,97.86744954246156,ARIMA (+달력·가동 계획)
2021-08-24 05:00:00,2021-08-24 05:15:00,94.71256560489743,ARIMA (+달력·가동 계획)
2021-08-24 05:00:00,2021-08-24 05:30:00,94.18909051644653,ARIMA (+달력·가동 계획)
2021-08-24 05:00:00,2021-08-24 05:45:00,96.3809318768368,ARIMA (+달력·가동 계획)
2021-08-24 06:00:00,2021-08-24 06:00:00,111.710343208408,ARIMA (+달력·가동 계획)
2021-08-24 06:00:00,2021-08-24 06:15:00,116.11476063616117,ARIMA (+달력·가동 계획)
2021-08-24 06:00:00,2021-08-24 06:30:00,120.16516375705882,ARIMA (+달력·가동 계획)
2021-08-24 06:00:00,2021-08-24 06:45:00,124.88102454855586,ARIMA (+달력·가동 계획)
2021-08-24 07:00:00,2021-08-24 07:00:00,125.1440473834751,ARIMA (+달력·가동 계획)
2021-08-24 07:00:00,2021-08-24 07:15:00,136.20808519165266,ARIMA (+달력·가동 계획)
2021-08-24 07:00:00,2021-08-24 07:30:00,147.3534716819855,ARIMA (+달력·가동 계획)
2021-08-24 07:00:00,2021-08-24 07:45:00,157.93772879662248,ARIMA (+달력·가동 계획)
2021-08-24 08:00:00,2021-08-24 08:00:00,157.55299655592344,ARIMA (+달력·가동 계획)
2021-08-24 08:00:00,2021-08-24 08:15:00,169.07046918326844,ARIMA (+달력·가동 계획)
2021-08-24 08:00:00,2021-08-24 08:30:00,178.60737172641987,ARIMA (+달력·가동 계획)
2021-08-24 08:00:00,2021-08-24 08:45:00,185.7112125877829,ARIMA (+달력·가동 계획)
2021-08-24 09:00:00,2021-08-24 09:00:00,191.0311001544426,ARIMA (+달력·가동 계획)
2021-08-24 09:00:00,2021-08-24 09:15:00,191.21063936269016,ARIMA (+달력·가동 계획)
2021-08-24 09:00:00,2021-08-24 09:30:00,191.7705300409224,ARIMA (+달력·가동 계획)
2021-08-24 09:00:00,2021-08-24 09:45:00,192.4011360758368,ARIMA (+달력·가동 계획)
2021-08-24 10:00:00,2021-08-24 10:00:00,185.44222215693276,ARIMA (+달력·가동 계획)
2021-08-24 10:00:00,2021-08-24 10:15:00,188.1373299471172,ARIMA (+달력·가동 계획)
2021-08-24 10:00:00,2021-08-24 10:30:00,188.0625142001064,ARIMA (+달력·가동 계획)
2021-08-24 10:00:00,2021-08-24 10:45:00,185.10365736145195,ARIMA (+달력·가동 계획)
2021-08-24 11:00:00,2021-08-24 11:00:00,172.41678757326892,ARIMA (+달력·가동 계획)
2021-08-24 11:00:00,2021-08-24 11:15:00,168.63025782816018,ARIMA (+달력·가동 계획)
2021-08-24 11:00:00,2021-08-24 11:30:00,163.40816801187566,ARIMA (+달력·가동 계획)
2021-08-24 11:00:00,2021-08-24 11:45:00,157.79660646479087,ARIMA (+달력·가동 계획)
2021-08-24 12:00:00,2021-08-24 12:00:00,168.49418053830462,ARIMA (+달력·가동 계획)
2021-08-24 12:00:00,2021-08-24 12:15:00,158.52031858886704,ARIMA (+달력·가동 계획)
2021-08-24 12:00:00,2021-08-24 12:30:00,152.02134546991752,ARIMA (+달력·가동 계획)
2021-08-24 12:00:00,2021-08-24 12:45:00,149.6383315270466,ARIMA (+달력·가동 계획)
2021-08-24 13:00:00,2021-08-24 13:00:00,144.82037483706327,ARIMA (+달력·가동 계획)
2021-08-24 13:00:00,2021-08-24 13:15:00,155.9022519544306,ARIMA (+달력·가동 계획)
2021-08-24 13:00:00,2021-08-24 13:30:00,162.01476001507132,ARIMA (+달력·가동 계획)
2021-08-24 13:00:00,2021-08-24 13:45:00,163.7216590004191,ARIMA (+달력·가동 계획)
2021-08-24 14:00:00,2021-08-24 14:00:00,173.55829802660483,ARIMA (+달력·가동 계획)
2021-08-24 14:00:00,2021-08-24 14:15:00,167.0291078505834,ARIMA (+달력·가동 계획)
2021-08-24 14:00:00,2021-08-24 14:30:00,162.73912879196303,ARIMA (+달력·가동 계획)
2021-08-24 14:00:00,2021-08-24 14:45:00,161.58327163806837,ARIMA (+달력·가동 계획)
2021-08-24 15:00:00,2021-08-24 15:00:00,183.31988856731647,ARIMA (+달력·가동 계획)
2021-08-24 15:00:00,2021-08-24 15:15:00,179.72940479994486,ARIMA (+달력·가동 계획)
2021-08-24 15:00:00,2021-08-24 15:30:00,177.66202500738774,ARIMA (+달력·가동 계획)
2021-08-24 15:00:00,2021-08-24 15:45:00,176.82067169328846,ARIMA (+달력·가동 계획)
2021-08-24 16:00:00,2021-08-24 16:00:00,198.86685010776228,ARIMA (+달력·가동 계획)
2021-08-24 16:00:00,2021-08-24 16:15:00,192.04642258977407,ARIMA (+달력·가동 계획)
2021-08-24 16:00:00,2021-08-24 16:30:00,182.93161088163976,ARIMA (+달력·가동 계획)
2021-08-24 16:00:00,2021-08-24 16:45:00,173.7179365356597,ARIMA (+달력·가동 계획)
2021-08-24 17:00:00,2021-08-24 17:00:00,167.76339669581404,ARIMA (+달력·가동 계획)
2021-08-24 17:00:00,2021-08-24 17:15:00,161.79343756310067,ARIMA (+달력·가동 계획)
2021-08-24 17:00:00,2021-08-24 17:30:00,157.34548343650053,ARIMA (+달력·가동 계획)
2021-08-24 17:00:00,2021-08-24 17:45:00,154.25069551388304,ARIMA (+달력·가동 계획)
2021-08-24 18:00:00,2021-08-24 18:00:00,159.01915952941326,ARIMA (+달력·가동 계획)
2021-08-24 18:00:00,2021-08-24 18:15:00,157.05748618897184,ARIMA (+달력·가동 계획)
2021-08-24 18:00:00,2021-08-24 18:30:00,152.277255796109,ARIMA (+달력·가동 계획)
2021-08-24 18:00:00,2021-08-24 18:45:00,146.32663758457954,ARIMA (+달력·가동 계획)
2021-08-24 19:00:00,2021-08-24 19:00:00,150.31634340053049,ARIMA (+달력·가동 계획)
2021-08-24 19:00:00,2021-08-24 19:15:00,143.91574262679842,ARIMA (+달력·가동 계획)
2021-08-24 19:00:00,2021-08-24 19:30:00,138.33215502982404,ARIMA (+달력·가동 계획)
2021-08-24 19:00:00,2021-08-24 19:45:00,134.3828168280418,ARIMA (+달력·가동 계획)
2021-08-24 20:00:00,2021-08-24 20:00:00,137.33183757974714,ARIMA (+달력·가동 계획)
2021-08-24 20:00:00,2021-08-24 20:15:00,134.235359880392,ARIMA (+달력·가동 계획)
2021-08-24 20:00:00,2021-08-24 20:30:00,132.32255369923078,ARIMA (+달력·가동 계획)
2021-08-24 20:00:00,2021-08-24 20:45:00,130.8739566528486,ARIMA (+달력·가동 계획)
2021-08-24 21:00:00,2021-08-24 21:00:00,121.4376649538248,ARIMA (+달력·가동 계획)
2021-08-24 21:00:00,2021-08-24 21:15:00,121.47542281434806,ARIMA (+달력·가동 계획)
2021-08-24 21:00:00,2021-08-24 21:30:00,119.32822955032935,ARIMA (+달력·가동 계획)
2021-08-24 21:00:00,2021-08-24 21:45:00,114.9500700191788,ARIMA (+달력·가동 계획)
2021-08-24 22:00:00,2021-08-24 22:00:00,112.19806986783172,ARIMA (+달력·가동 계획)
2021-08-24 22:00:00,2021-08-24 22:15:00,104.2056760638949,ARIMA (+달력·가동 계획)
2021-08-24 22:00:00,2021-08-24 22:30:00,96.21363175676996,ARIMA (+달력·가동 계획)
2021-08-24 22:00:00,2021-08-24 22:45:00,89.1382998770438,ARIMA (+달력·가동 계획)
2021-08-24 23:00:00,2021-08-24 23:00:00,98.74138567224864,ARIMA (+달력·가동 계획)
2021-08-24 23:00:00,2021-08-24 23:15:00,89.41706473316589,ARIMA (+달력·가동 계획)
2021-08-24 23:00:00,2021-08-24 23:30:00,82.46698595291507,ARIMA (+달력·가동 계획)
2021-08-24 23:00:00,2021-08-24 23:45:00,78.4812549758756,ARIMA (+달력·가동 계획)
2021-08-25 00:00:00,2021-08-25 00:00:00,77.86795092471046,ARIMA (+달력·가동 계획)
2021-08-25 00:00:00,2021-08-25 00:15:00,76.18919961927001,ARIMA (+달력·가동 계획)
2021-08-25 00:00:00,2021-08-25 00:30:00,78.1467602200144,ARIMA (+달력·가동 계획)
2021-08-25 00:00:00,2021-08-25 00:45:00,82.37531398165734,ARIMA (+달력·가동 계획)
2021-08-25 01:00:00,2021-08-25 01:00:00,75.12764074020117,ARIMA (+달력·가동 계획)
2021-08-25 01:00:00,2021-08-25 01:15:00,82.9527259214667,ARIMA (+달력·가동 계획)
2021-08-25 01:00:00,2021-08-25 01:30:00,90.41984093159638,ARIMA (+달력·가동 계획)
2021-08-25 01:00:00,2021-08-25 01:45:00,96.17901299553694,ARIMA (+달력·가동 계획)
2021-08-25 02:00:00,2021-08-25 02:00:00,105.83923947025065,ARIMA (+달력·가동 계획)
2021-08-25 02:00:00,2021-08-25 02:15:00,103.50671025402664,ARIMA (+달력·가동 계획)
2021-08-25 02:00:00,2021-08-25 02:30:00,101.8452542066042,ARIMA (+달력·가동 계획)
2021-08-25 02:00:00,2021-08-25 02:45:00,101.09975191093436,ARIMA (+달력·가동 계획)
2021-08-25 03:00:00,2021-08-25 03:00:00,108.29168016664856,ARIMA (+달력·가동 계획)
2021-08-25 03:00:00,2021-08-25 03:15:00,106.34037670463437,ARIMA (+달력·가동 계획)
2021-08-25 03:00:00,2021-08-25 03:30:00,104.26756875191484,ARIMA (+달력·가동 계획)
2021-08-25 03:00:00,2021-08-25 03:45:00,102.10278372844054,ARIMA (+달력·가동 계획)
2021-08-25 04:00:00,2021-08-25 04:00:00,105.03068486177509,ARIMA (+달력·가동 계획)
2021-08-25 04:00:00,2021-08-25 04:15:00,102.04530068006753,ARIMA (+달력·가동 계획)
2021-08-25 04:00:00,2021-08-25 04:30:00,97.97945123827223,ARIMA (+달력·가동 계획)
2021-08-25 04:00:00,2021-08-25 04:45:00,93.92604028196894,ARIMA (+달력·가동 계획)
2021-08-25 05:00:00,2021-08-25 05:00:00,100.53842344082788,ARIMA (+달력·가동 계획)
2021-08-25 05:00:00,2021-08-25 05:15:00,95.55028756531809,ARIMA (+달력·가동 계획)
2021-08-25 05:00:00,2021-08-25 05:30:00,93.34193449009727,ARIMA (+달력·가동 계획)
2021-08-25 05:00:00,2021-08-25 05:45:00,94.41044881800332,ARIMA (+달력·가동 계획)
2021-08-25 06:00:00,2021-08-25 06:00:00,111.93156183473376,ARIMA (+달력·가동 계획)
2021-08-25 06:00:00,2021-08-25 06:15:00,116.046151577217,ARIMA (+달력·가동 계획)
2021-08-25 06:00:00,2021-08-25 06:30:00,120.2142150097213,ARIMA (+달력·가동 계획)
2021-08-25 06:00:00,2021-08-25 06:45:00,125.28951891419544,ARIMA (+달력·가동 계획)
2021-08-25 07:00:00,2021-08-25 07:00:00,119.13223618922989,ARIMA (+달력·가동 계획)
2021-08-25 07:00:00,2021-08-25 07:15:00,131.78802970086875,ARIMA (+달력·가동 계획)
2021-08-25 07:00:00,2021-08-25 07:30:00,144.5395069922062,ARIMA (+달력·가동 계획)
2021-08-25 07:00:00,2021-08-25 07:45:00,156.33039723971152,ARIMA (+달력·가동 계획)
2021-08-25 08:00:00,2021-08-25 08:00:00,158.39336318145675,ARIMA (+달력·가동 계획)
2021-08-25 08:00:00,2021-08-25 08:15:00,167.14352549265115,ARIMA (+달력·가동 계획)
2021-08-25 08:00:00,2021-08-25 08:30:00,175.61222898706168,ARIMA (+달력·가동 계획)
2021-08-25 08:00:00,2021-08-25 08:45:00,183.104042006302,ARIMA (+달력·가동 계획)
2021-08-25 09:00:00,2021-08-25 09:00:00,183.78521332157737,ARIMA (+달력·가동 계획)
2021-08-25 09:00:00,2021-08-25 09:15:00,188.18300804376247,ARIMA (+달력·가동 계획)
2021-08-25 09:00:00,2021-08-25 09:30:00,191.48897426714447,ARIMA (+달력·가동 계획)
2021-08-25 09:00:00,2021-08-25 09:45:00,193.1375606825042,ARIMA (+달력·가동 계획)
2021-08-25 10:00:00,2021-08-25 10:00:00,185.93202790091524,ARIMA (+달력·가동 계획)
2021-08-25 10:00:00,2021-08-25 10:15:00,187.259828240434,ARIMA (+달력·가동 계획)
2021-08-25 10:00:00,2021-08-25 10:30:00,184.9456024900544,ARIMA (+달력·가동 계획)
2021-08-25 10:00:00,2021-08-25 10:45:00,179.79193740428695,ARIMA (+달력·가동 계획)
2021-08-25 11:00:00,2021-08-25 11:00:00,182.2824040640916,ARIMA (+달력·가동 계획)
2021-08-25 11:00:00,2021-08-25 11:15:00,172.7106422689197,ARIMA (+달력·가동 계획)
2021-08-25 11:00:00,2021-08-25 11:30:00,162.7913783558654,ARIMA (+달력·가동 계획)
2021-08-25 11:00:00,2021-08-25 11:45:00,154.48656097898325,ARIMA (+달력·가동 계획)
2021-08-25 12:00:00,2021-08-25 12:00:00,168.5111337378911,ARIMA (+달력·가동 계획)
2021-08-25 12:00:00,2021-08-25 12:15:00,159.5511341694354,ARIMA (+달력·가동 계획)
2021-08-25 12:00:00,2021-08-25 12:30:00,153.10930539640776,ARIMA (+달력·가동 계획)
2021-08-25 12:00:00,2021-08-25 12:45:00,150.11549310255543,ARIMA (+달력·가동 계획)
2021-08-25 13:00:00,2021-08-25 13:00:00,135.3395149949542,ARIMA (+달력·가동 계획)
2021-08-25 13:00:00,2021-08-25 13:15:00,147.8515084836634,ARIMA (+달력·가동 계획)
2021-08-25 13:00:00,2021-08-25 13:30:00,155.6899293701706,ARIMA (+달력·가동 계획)
2021-08-25 13:00:00,2021-08-25 13:45:00,158.91034225412363,ARIMA (+달력·가동 계획)
2021-08-25 14:00:00,2021-08-25 14:00:00,170.78906457785357,ARIMA (+달력·가동 계획)
2021-08-25 14:00:00,2021-08-25 14:15:00,164.59601022933742,ARIMA (+달력·가동 계획)
2021-08-25 14:00:00,2021-08-25 14:30:00,160.6432293251112,ARIMA (+달력·가동 계획)
2021-08-25 14:00:00,2021-08-25 14:45:00,159.752325901463,ARIMA (+달력·가동 계획)
2021-08-25 15:00:00,2021-08-25 15:00:00,180.70843908654248,ARIMA (+달력·가동 계획)
2021-08-25 15:00:00,2021-08-25 15:15:00,177.6362497124362,ARIMA (+달력·가동 계획)
2021-08-25 15:00:00,2021-08-25 15:30:00,175.38027461344447,ARIMA (+달력·가동 계획)
2021-08-25 15:00:00,2021-08-25 15:45:00,173.94557961891982,ARIMA (+달력·가동 계획)
2021-08-25 16:00:00,2021-08-25 16:00:00,179.30947414818587,ARIMA (+달력·가동 계획)
2021-08-25 16:00:00,2021-08-25 16:15:00,176.36290863282403,ARIMA (+달력·가동 계획)
2021-08-25 16:00:00,2021-08-25 16:30:00,171.84612633245968,ARIMA (+달력·가동 계획)
2021-08-25 16:00:00,2021-08-25 16:45:00,166.5721643682527,ARIMA (+달력·가동 계획)
2021-08-25 17:00:00,2021-08-25 17:00:00,159.517359052341,ARIMA (+달력·가동 계획)
2021-08-25 17:00:00,2021-08-25 17:15:00,157.53006135281603,ARIMA (+달력·가동 계획)
2021-08-25 17:00:00,2021-08-25 17:30:00,154.16392217996523,ARIMA (+달력·가동 계획)
2021-08-25 17:00:00,2021-08-25 17:45:00,149.9362705133279,ARIMA (+달력·가동 계획)
2021-08-25 18:00:00,2021-08-25 18:00:00,171.9366004660295,ARIMA (+달력·가동 계획)
2021-08-25 18:00:00,2021-08-25 18:15:00,162.03208463074316,ARIMA (+달력·가동 계획)
2021-08-25 18:00:00,2021-08-25 18:30:00,150.1583632276627,ARIMA (+달력·가동 계획)
2021-08-25 18:00:00,2021-08-25 18:45:00,139.61704719611555,ARIMA (+달력·가동 계획)
2021-08-25 19:00:00,2021-08-25 19:00:00,153.17147619209285,ARIMA (+달력·가동 계획)
2021-08-25 19:00:00,2021-08-25 19:15:00,143.34949184773177,ARIMA (+달력·가동 계획)
2021-08-25 19:00:00,2021-08-25 19:30:00,137.10329879207674,ARIMA (+달력·가동 계획)
2021-08-25 19:00:00,2021-08-25 19:45:00,134.53532639783631,ARIMA (+달력·가동 계획)
2021-08-25 20:00:00,2021-08-25 20:00:00,116.0972144374698,ARIMA (+달력·가동 계획)
2021-08-25 20:00:00,2021-08-25 20:15:00,121.50717917290793,ARIMA (+달력·가동 계획)
2021-08-25 20:00:00,2021-08-25 20:30:00,127.75816610677084,ARIMA (+달력·가동 계획)
2021-08-25 20:00:00,2021-08-25 20:45:00,132.07989886187468,ARIMA (+달력·가동 계획)
2021-08-25 21:00:00,2021-08-25 21:00:00,129.01827509340853,ARIMA (+달력·가동 계획)
2021-08-25 21:00:00,2021-08-25 21:15:00,128.72598685874266,ARIMA (+달력·가동 계획)
2021-08-25 21:00:00,2021-08-25 21:30:00,123.64644513560292,ARIMA (+달력·가동 계획)
2021-08-25 21:00:00,2021-08-25 21:45:00,115.3404193936014,ARIMA (+달력·가동 계획)
2021-08-25 22:00:00,2021-08-25 22:00:00,107.42406752138834,ARIMA (+달력·가동 계획)
2021-08-25 22:00:00,2021-08-25 22:15:00,97.55744901530974,ARIMA (+달력·가동 계획)
2021-08-25 22:00:00,2021-08-25 22:30:00,88.85880056277152,ARIMA (+달력·가동 계획)
2021-08-25 22:00:00,2021-08-25 22:45:00,82.11563506344632,ARIMA (+달력·가동 계획)
2021-08-25 23:00:00,2021-08-25 23:00:00,103.64496262788478,ARIMA (+달력·가동 계획)
2021-08-25 23:00:00,2021-08-25 23:15:00,92.96602409409448,ARIMA (+달력·가동 계획)
2021-08-25 23:00:00,2021-08-25 23:30:00,84.15041283041845,ARIMA (+달력·가동 계획)
2021-08-25 23:00:00,2021-08-25 23:45:00,78.44446901711777,ARIMA (+달력·가동 계획)
2021-08-26 00:00:00,2021-08-26 00:00:00,72.6459460157253,ARIMA (+달력·가동 계획)
2021-08-26 00:00:00,2021-08-26 00:15:00,71.54433776609267,ARIMA (+달력·가동 계획)
2021-08-26 00:00:00,2021-08-26 00:30:00,75.17277925071062,ARIMA (+달력·가동 계획)
2021-08-26 00:00:00,2021-08-26 00:45:00,81.38231106910708,ARIMA (+달력·가동 계획)
2021-08-26 01:00:00,2021-08-26 01:00:00,77.13812940197968,ARIMA (+달력·가동 계획)
2021-08-26 01:00:00,2021-08-26 01:15:00,85.78084765346833,ARIMA (+달력·가동 계획)
2021-08-26 01:00:00,2021-08-26 01:30:00,93.01879823083824,ARIMA (+달력·가동 계획)
2021-08-26 01:00:00,2021-08-26 01:45:00,97.8845601000281,ARIMA (+달력·가동 계획)
2021-08-26 02:00:00,2021-08-26 02:00:00,102.7571389366245,ARIMA (+달력·가동 계획)
2021-08-26 02:00:00,2021-08-26 02:15:00,100.6255293065867,ARIMA (+달력·가동 계획)
2021-08-26 02:00:00,2021-08-26 02:30:00,99.32581231187376,ARIMA (+달력·가동 계획)
2021-08-26 02:00:00,2021-08-26 02:45:00,98.9742242174378,ARIMA (+달력·가동 계획)
2021-08-26 03:00:00,2021-08-26 03:00:00,113.56395105818918,ARIMA (+달력·가동 계획)
2021-08-26 03:00:00,2021-08-26 03:15:00,108.93595591982424,ARIMA (+달력·가동 계획)
2021-08-26 03:00:00,2021-08-26 03:30:00,104.9205513605468,ARIMA (+달력·가동 계획)
2021-08-26 03:00:00,2021-08-26 03:45:00,101.82512385926717,ARIMA (+달력·가동 계획)
2021-08-26 04:00:00,2021-08-26 04:00:00,101.79972575727568,ARIMA (+달력·가동 계획)
2021-08-26 04:00:00,2021-08-26 04:15:00,99.71318467445992,ARIMA (+달력·가동 계획)
2021-08-26 04:00:00,2021-08-26 04:30:00,97.0832766484572,ARIMA (+달력·가동 계획)
2021-08-26 04:00:00,2021-08-26 04:45:00,94.44721601097363,ARIMA (+달력·가동 계획)
2021-08-26 05:00:00,2021-08-26 05:00:00,98.008646297081,ARIMA (+달력·가동 계획)
2021-08-26 05:00:00,2021-08-26 05:15:00,94.09132857913886,ARIMA (+달력·가동 계획)
2021-08-26 05:00:00,2021-08-26 05:30:00,93.0812233480578,ARIMA (+달력·가동 계획)
2021-08-26 05:00:00,2021-08-26 05:45:00,95.11264582660328,ARIMA (+달력·가동 계획)
2021-08-26 06:00:00,2021-08-26 06:00:00,112.2663735132816,ARIMA (+달력·가동 계획)
2021-08-26 06:00:00,2021-08-26 06:15:00,115.85013198646378,ARIMA (+달력·가동 계획)
2021-08-26 06:00:00,2021-08-26 06:30:00,119.7225741621134,ARIMA (+달력·가동 계획)
2021-08-26 06:00:00,2021-08-26 06:45:00,124.74435587313066,ARIMA (+달력·가동 계획)
2021-08-26 07:00:00,2021-08-26 07:00:00,122.85637437940714,ARIMA (+달력·가동 계획)
2021-08-26 07:00:00,2021-08-26 07:15:00,135.45633539239077,ARIMA (+달력·가동 계획)
2021-08-26 07:00:00,2021-08-26 07:30:00,147.61116990673776,ARIMA (+달력·가동 계획)
2021-08-26 07:00:00,2021-08-26 07:45:00,158.57640791074772,ARIMA (+달력·가동 계획)
2021-08-26 08:00:00,2021-08-26 08:00:00,156.35088369272137,ARIMA (+달력·가동 계획)
2021-08-26 08:00:00,2021-08-26 08:15:00,167.26624147691476,ARIMA (+달력·가동 계획)
2021-08-26 08:00:00,2021-08-26 08:30:00,176.78232560706633,ARIMA (+달력·가동 계획)
2021-08-26 08:00:00,2021-08-26 08:45:00,184.27743612416944,ARIMA (+달력·가동 계획)
2021-08-26 09:00:00,2021-08-26 09:00:00,197.9402021366233,ARIMA (+달력·가동 계획)
2021-08-26 09:00:00,2021-08-26 09:15:00,197.95128206362577,ARIMA (+달력·가동 계획)
2021-08-26 09:00:00,2021-08-26 09:30:00,196.9335499353049,ARIMA (+달력·가동 계획)
2021-08-26 09:00:00,2021-08-26 09:45:00,195.42041790896167,ARIMA (+달력·가동 계획)
2021-08-26 10:00:00,2021-08-26 10:00:00,191.2452416592765,ARIMA (+달력·가동 계획)
2021-08-26 10:00:00,2021-08-26 10:15:00,190.06465188275152,ARIMA (+달력·가동 계획)
2021-08-26 10:00:00,2021-08-26 10:30:00,188.03138457710085,ARIMA (+달력·가동 계획)
2021-08-26 10:00:00,2021-08-26 10:45:00,184.93159073225883,ARIMA (+달력·가동 계획)
2021-08-26 11:00:00,2021-08-26 11:00:00,189.8187657466438,ARIMA (+달력·가동 계획)
2021-08-26 11:00:00,2021-08-26 11:15:00,183.1398766002197,ARIMA (+달력·가동 계획)
2021-08-26 11:00:00,2021-08-26 11:30:00,174.81088092765,ARIMA (+달력·가동 계획)
2021-08-26 11:00:00,2021-08-26 11:45:00,166.6883561202894,ARIMA (+달력·가동 계획)
2021-08-26 12:00:00,2021-08-26 12:00:00,177.1792883768273,ARIMA (+달력·가동 계획)
2021-08-26 12:00:00,2021-08-26 12:15:00,168.1694052923002,ARIMA (+달력·가동 계획)
2021-08-26 12:00:00,2021-08-26 12:30:00,161.80666520740692,ARIMA (+달력·가동 계획)
2021-08-26 12:00:00,2021-08-26 12:45:00,158.88259038634126,ARIMA (+달력·가동 계획)
2021-08-26 13:00:00,2021-08-26 13:00:00,144.77769649564226,ARIMA (+달력·가동 계획)
2021-08-26 13:00:00,2021-08-26 13:15:00,158.08254159011832,ARIMA (+달력·가동 계획)
2021-08-26 13:00:00,2021-08-26 13:30:00,165.3059134822367,ARIMA (+달력·가동 계획)
2021-08-26 13:00:00,2021-08-26 13:45:00,167.04808422255422,ARIMA (+달력·가동 계획)
2021-08-26 14:00:00,2021-08-26 14:00:00,188.95428328710452,ARIMA (+달력·가동 계획)
2021-08-26 14:00:00,2021-08-26 14:15:00,177.36404189560812,ARIMA (+달력·가동 계획)
2021-08-26 14:00:00,2021-08-26 14:30:00,168.30999326120363,ARIMA (+달력·가동 계획)
2021-08-26 14:00:00,2021-08-26 14:45:00,163.82704863515534,ARIMA (+달력·가동 계획)
2021-08-26 15:00:00,2021-08-26 15:00:00,185.0109314648532,ARIMA (+달력·가동 계획)
2021-08-26 15:00:00,2021-08-26 15:15:00,181.33554243551288,ARIMA (+달력·가동 계획)
2021-08-26 15:00:00,2021-08-26 15:30:00,179.34298839424366,ARIMA (+달력·가동 계획)
2021-08-26 15:00:00,2021-08-26 15:45:00,178.64921740079205,ARIMA (+달력·가동 계획)
2021-08-26 16:00:00,2021-08-26 16:00:00,188.0387036594973,ARIMA (+달력·가동 계획)
2021-08-26 16:00:00,2021-08-26 16:15:00,182.66697076912607,ARIMA (+달력·가동 계획)
2021-08-26 16:00:00,2021-08-26 16:30:00,177.5658492704773,ARIMA (+달력·가동 계획)
2021-08-26 16:00:00,2021-08-26 16:45:00,173.05359180755752,ARIMA (+달력·가동 계획)
2021-08-26 17:00:00,2021-08-26 17:00:00,156.55949173599018,ARIMA (+달력·가동 계획)
2021-08-26 17:00:00,2021-08-26 17:15:00,156.68563459143212,ARIMA (+달력·가동 계획)
2021-08-26 17:00:00,2021-08-26 17:30:00,156.9348258753009,ARIMA (+달력·가동 계획)
2021-08-26 17:00:00,2021-08-26 17:45:00,156.33308965196235,ARIMA (+달력·가동 계획)
2021-08-26 18:00:00,2021-08-26 18:00:00,164.9896260797871,ARIMA (+달력·가동 계획)
2021-08-26 18:00:00,2021-08-26 18:15:00,161.98117583367443,ARIMA (+달력·가동 계획)
2021-08-26 18:00:00,2021-08-26 18:30:00,154.36582855035456,ARIMA (+달력·가동 계획)
2021-08-26 18:00:00,2021-08-26 18:45:00,145.1247098756442,ARIMA (+달력·가동 계획)
2021-08-26 19:00:00,2021-08-26 19:00:00,156.0740700759836,ARIMA (+달력·가동 계획)
2021-08-26 19:00:00,2021-08-26 19:15:00,145.0033699521528,ARIMA (+달력·가동 계획)
2021-08-26 19:00:00,2021-08-26 19:30:00,136.3848371304165,ARIMA (+달력·가동 계획)
2021-08-26 19:00:00,2021-08-26 19:45:00,131.33528895795203,ARIMA (+달력·가동 계획)
2021-08-26 20:00:00,2021-08-26 20:00:00,121.70267229466984,ARIMA (+달력·가동 계획)
2021-08-26 20:00:00,2021-08-26 20:15:00,120.84393712699747,ARIMA (+달력·가동 계획)
2021-08-26 20:00:00,2021-08-26 20:30:00,123.95216638580966,ARIMA (+달력·가동 계획)
2021-08-26 20:00:00,2021-08-26 20:45:00,128.11315279800894,ARIMA (+달력·가동 계획)
2021-08-26 21:00:00,2021-08-26 21:00:00,126.57188964145608,ARIMA (+달력·가동 계획)
2021-08-26 21:00:00,2021-08-26 21:15:00,128.70978428014823,ARIMA (+달력·가동 계획)
2021-08-26 21:00:00,2021-08-26 21:30:00,126.66655658825854,ARIMA (+달력·가동 계획)
2021-08-26 21:00:00,2021-08-26 21:45:00,120.95928977200506,ARIMA (+달력·가동 계획)
2021-08-26 22:00:00,2021-08-26 22:00:00,112.92848947409664,ARIMA (+달력·가동 계획)
2021-08-26 22:00:00,2021-08-26 22:15:00,103.8813469271482,ARIMA (+달력·가동 계획)
2021-08-26 22:00:00,2021-08-26 22:30:00,95.26630310813904,ARIMA (+달력·가동 계획)
2021-08-26 22:00:00,2021-08-26 22:45:00,88.0344304409287,ARIMA (+달력·가동 계획)
2021-08-26 23:00:00,2021-08-26 23:00:00,99.37961154495147,ARIMA (+달력·가동 계획)
2021-08-26 23:00:00,2021-08-26 23:15:00,90.37608548619976,ARIMA (+달력·가동 계획)
2021-08-26 23:00:00,2021-08-26 23:30:00,83.43862082631072,ARIMA (+달력·가동 계획)
2021-08-26 23:00:00,2021-08-26 23:45:00,79.24657054242773,ARIMA (+달력·가동 계획)
2021-08-27 00:00:00,2021-08-27 00:00:00,80.98418130259967,ARIMA (+달력·가동 계획)
2021-08-27 00:00:00,2021-08-27 00:15:00,77.73721599040411,ARIMA (+달력·가동 계획)
2021-08-27 00:00:00,2021-08-27 00:30:00,78.74845652481332,ARIMA (+달력·가동 계획)
2021-08-27 00:00:00,2021-08-27 00:45:00,82.69889218083479,ARIMA (+달력·가동 계획)
2021-08-27 01:00:00,2021-08-27 01:00:00,75.40943451436085,ARIMA (+달력·가동 계획)
2021-08-27 01:00:00,2021-08-27 01:15:00,84.69875092657462,ARIMA (+달력·가동 계획)
2021-08-27 01:00:00,2021-08-27 01:30:00,92.670466508047,ARIMA (+달력·가동 계획)
2021-08-27 01:00:00,2021-08-27 01:45:00,98.13364075674106,ARIMA (+달력·가동 계획)
2021-08-27 02:00:00,2021-08-27 02:00:00,104.0444701131496,ARIMA (+달력·가동 계획)
2021-08-27 02:00:00,2021-08-27 02:15:00,101.7773698212376,ARIMA (+달력·가동 계획)
2021-08-27 02:00:00,2021-08-27 02:30:00,100.08456369157332,ARIMA (+달력·가동 계획)
2021-08-27 02:00:00,2021-08-27 02:45:00,99.26623262579427,ARIMA (+달력·가동 계획)
2021-08-27 03:00:00,2021-08-27 03:00:00,107.20641424249436,ARIMA (+달력·가동 계획)
2021-08-27 03:00:00,2021-08-27 03:15:00,103.91933899201663,ARIMA (+달력·가동 계획)
2021-08-27 03:00:00,2021-08-27 03:30:00,101.39577410649194,ARIMA (+달력·가동 계획)
2021-08-27 03:00:00,2021-08-27 03:45:00,99.52147935932491,ARIMA (+달력·가동 계획)
2021-08-27 04:00:00,2021-08-27 04:00:00,111.35103624659097,ARIMA (+달력·가동 계획)
2021-08-27 04:00:00,2021-08-27 04:15:00,106.37156042713204,ARIMA (+달력·가동 계획)
2021-08-27 04:00:00,2021-08-27 04:30:00,100.60099851937348,ARIMA (+달력·가동 계획)
2021-08-27 04:00:00,2021-08-27 04:45:00,95.4747710424491,ARIMA (+달력·가동 계획)
2021-08-27 05:00:00,2021-08-27 05:00:00,94.32566820660082,ARIMA (+달력·가동 계획)
2021-08-27 05:00:00,2021-08-27 05:15:00,91.3623738541878,ARIMA (+달력·가동 계획)
2021-08-27 05:00:00,2021-08-27 05:30:00,91.50061489061812,ARIMA (+달력·가동 계획)
2021-08-27 05:00:00,2021-08-27 05:45:00,94.5148160652938,ARIMA (+달력·가동 계획)
2021-08-27 06:00:00,2021-08-27 06:00:00,110.55869956481013,ARIMA (+달력·가동 계획)
2021-08-27 06:00:00,2021-08-27 06:15:00,115.5765252865833,ARIMA (+달력·가동 계획)
2021-08-27 06:00:00,2021-08-27 06:30:00,119.9215331877824,ARIMA (+달력·가동 계획)
2021-08-27 06:00:00,2021-08-27 06:45:00,124.6402927355933,ARIMA (+달력·가동 계획)
2021-08-27 07:00:00,2021-08-27 07:00:00,115.06960530223326,ARIMA (+달력·가동 계획)
2021-08-27 07:00:00,2021-08-27 07:15:00,128.5679564742741,ARIMA (+달력·가동 계획)
2021-08-27 07:00:00,2021-08-27 07:30:00,141.89862192947564,ARIMA (+달력·가동 계획)
2021-08-27 07:00:00,2021-08-27 07:45:00,153.95808549414883,ARIMA (+달력·가동 계획)
2021-08-27 08:00:00,2021-08-27 08:00:00,148.44032717174747,ARIMA (+달력·가동 계획)
2021-08-27 08:00:00,2021-08-27 08:15:00,161.27331407865802,ARIMA (+달력·가동 계획)
2021-08-27 08:00:00,2021-08-27 08:30:00,172.12569394011425,ARIMA (+달력·가동 계획)
2021-08-27 08:00:00,2021-08-27 08:45:00,180.2458004344136,ARIMA (+달력·가동 계획)
2021-08-27 09:00:00,2021-08-27 09:00:00,185.5352762146946,ARIMA (+달력·가동 계획)
2021-08-27 09:00:00,2021-08-27 09:15:00,186.1203151628004,ARIMA (+달력·가동 계획)
2021-08-27 09:00:00,2021-08-27 09:30:00,186.9537093117296,ARIMA (+달력·가동 계획)
2021-08-27 09:00:00,2021-08-27 09:45:00,187.73668079485185,ARIMA (+달력·가동 계획)
2021-08-27 10:00:00,2021-08-27 10:00:00,174.4969337958509,ARIMA (+달력·가동 계획)
2021-08-27 10:00:00,2021-08-27 10:15:00,178.4561284207531,ARIMA (+달력·가동 계획)
2021-08-27 10:00:00,2021-08-27 10:30:00,180.20059981364756,ARIMA (+달력·가동 계획)
2021-08-27 10:00:00,2021-08-27 10:45:00,179.01103870311576,ARIMA (+달력·가동 계획)
2021-08-27 11:00:00,2021-08-27 11:00:00,173.46448820717214,ARIMA (+달력·가동 계획)
2021-08-27 11:00:00,2021-08-27 11:15:00,168.19093516624594,ARIMA (+달력·가동 계획)
2021-08-27 11:00:00,2021-08-27 11:30:00,161.5272631362253,ARIMA (+달력·가동 계획)
2021-08-27 11:00:00,2021-08-27 11:45:00,154.90971885969105,ARIMA (+달력·가동 계획)
2021-08-27 12:00:00,2021-08-27 12:00:00,159.34300646405322,ARIMA (+달력·가동 계획)
2021-08-27 12:00:00,2021-08-27 12:15:00,152.4323687287735,ARIMA (+달력·가동 계획)
2021-08-27 12:00:00,2021-08-27 12:30:00,148.36670124338235,ARIMA (+달력·가동 계획)
2021-08-27 12:00:00,2021-08-27 12:45:00,147.36848516188977,ARIMA (+달력·가동 계획)
2021-08-27 13:00:00,2021-08-27 13:00:00,141.05026413578253,ARIMA (+달력·가동 계획)
2021-08-27 13:00:00,2021-08-27 13:15:00,152.39871867712174,ARIMA (+달력·가동 계획)
2021-08-27 13:00:00,2021-08-27 13:30:00,158.0883769304058,ARIMA (+달력·가동 계획)
2021-08-27 13:00:00,2021-08-27 13:45:00,159.0567428626917,ARIMA (+달력·가동 계획)
2021-08-27 14:00:00,2021-08-27 14:00:00,160.6946481166954,ARIMA (+달력·가동 계획)
2021-08-27 14:00:00,2021-08-27 14:15:00,156.09459045425206,ARIMA (+달력·가동 계획)
2021-08-27 14:00:00,2021-08-27 14:30:00,154.51251601791606,ARIMA (+달력·가동 계획)
2021-08-27 14:00:00,2021-08-27 14:45:00,155.928287986921,ARIMA (+달력·가동 계획)
2021-08-27 15:00:00,2021-08-27 15:00:00,161.8488865692331,ARIMA (+달력·가동 계획)
2021-08-27 15:00:00,2021-08-27 15:15:00,164.29593689571095,ARIMA (+달력·가동 계획)
2021-08-27 15:00:00,2021-08-27 15:30:00,167.11183372484217,ARIMA (+달력·가동 계획)
2021-08-27 15:00:00,2021-08-27 15:45:00,169.15106786391007,ARIMA (+달력·가동 계획)
2021-08-27 16:00:00,2021-08-27 16:00:00,161.1311946398608,ARIMA (+달력·가동 계획)
2021-08-27 16:00:00,2021-08-27 16:15:00,160.81020493284285,ARIMA (+달력·가동 계획)
2021-08-27 16:00:00,2021-08-27 16:30:00,159.5570130376143,ARIMA (+달력·가동 계획)
2021-08-27 16:00:00,2021-08-27 16:45:00,157.2007339894595,ARIMA (+달력·가동 계획)
2021-08-27 17:00:00,2021-08-27 17:00:00,158.60789590710553,ARIMA (+달력·가동 계획)
2021-08-27 17:00:00,2021-08-27 17:15:00,154.08586549506407,ARIMA (+달력·가동 계획)
2021-08-27 17:00:00,2021-08-27 17:30:00,148.4780157332974,ARIMA (+달력·가동 계획)
2021-08-27 17:00:00,2021-08-27 17:45:00,142.85923390361148,ARIMA (+달력·가동 계획)
2021-08-27 18:00:00,2021-08-27 18:00:00,157.76299355145525,ARIMA (+달력·가동 계획)
2021-08-27 18:00:00,2021-08-27 18:15:00,149.08458679536375,ARIMA (+달력·가동 계획)
2021-08-27 18:00:00,2021-08-27 18:30:00,139.8307208653128,ARIMA (+달력·가동 계획)
2021-08-27 18:00:00,2021-08-27 18:45:00,132.22822140647705,ARIMA (+달력·가동 계획)
2021-08-27 19:00:00,2021-08-27 19:00:00,131.76038680519213,ARIMA (+달력·가동 계획)
2021-08-27 19:00:00,2021-08-27 19:15:00,129.2731795831571,ARIMA (+달력·가동 계획)
2021-08-27 19:00:00,2021-08-27 19:30:00,128.33316758177028,ARIMA (+달력·가동 계획)
2021-08-27 19:00:00,2021-08-27 19:45:00,128.3515102780534,ARIMA (+달력·가동 계획)
2021-08-27 20:00:00,2021-08-27 20:00:00,110.67293273187964,ARIMA (+달력·가동 계획)
2021-08-27 20:00:00,2021-08-27 20:15:00,114.85982018204784,ARIMA (+달력·가동 계획)
2021-08-27 20:00:00,2021-08-27 20:30:00,119.0654944251312,ARIMA (+달력·가동 계획)
2021-08-27 20:00:00,2021-08-27 20:45:00,121.41558229437352,ARIMA (+달력·가동 계획)
2021-08-27 21:00:00,2021-08-27 21:00:00,111.58817181135862,ARIMA (+달력·가동 계획)
2021-08-27 21:00:00,2021-08-27 21:15:00,111.60069856982513,ARIMA (+달력·가동 계획)
2021-08-27 21:00:00,2021-08-27 21:30:00,108.72949418579952,ARIMA (+달력·가동 계획)
2021-08-27 21:00:00,2021-08-27 21:45:00,103.44391955402143,ARIMA (+달력·가동 계획)
2021-08-27 22:00:00,2021-08-27 22:00:00,90.38936302334056,ARIMA (+달력·가동 계획)
2021-08-27 22:00:00,2021-08-27 22:15:00,84.30008622282982,ARIMA (+달력·가동 계획)
2021-08-27 22:00:00,2021-08-27 22:30:00,79.01959486637936,ARIMA (+달력·가동 계획)
2021-08-27 22:00:00,2021-08-27 22:45:00,74.61553958661887,ARIMA (+달력·가동 계획)
2021-08-27 23:00:00,2021-08-27 23:00:00,94.6112328907097,ARIMA (+달력·가동 계획)
2021-08-27 23:00:00,2021-08-27 23:15:00,83.33392991057028,ARIMA (+달력·가동 계획)
2021-08-27 23:00:00,2021-08-27 23:30:00,73.78453317870482,ARIMA (+달력·가동 계획)
2021-08-27 23:00:00,2021-08-27 23:45:00,67.54076986187334,ARIMA (+달력·가동 계획)
2021-08-28 00:00:00,2021-08-28 00:00:00,56.58586074282255,ARIMA (+달력·가동 계획)
2021-08-28 00:00:00,2021-08-28 00:15:00,52.58521708715262,ARIMA (+달력·가동 계획)
2021-08-28 00:00:00,2021-08-28 00:30:00,53.4308177486832,ARIMA (+달력·가동 계획)
2021-08-28 00:00:00,2021-08-28 00:45:00,57.44690302474776,ARIMA (+달력·가동 계획)
2021-08-28 01:00:00,2021-08-28 01:00:00,68.9592915073668,ARIMA (+달력·가동 계획)
2021-08-28 01:00:00,2021-08-28 01:15:00,70.00998528688578,ARIMA (+달력·가동 계획)
2021-08-28 01:00:00,2021-08-28 01:30:00,71.45555613434665,ARIMA (+달력·가동 계획)
2021-08-28 01:00:00,2021-08-28 01:45:00,72.69667987305134,ARIMA (+달력·가동 계획)
2021-08-28 02:00:00,2021-08-28 02:00:00,96.12243731823278,ARIMA (+달력·가동 계획)
2021-08-28 02:00:00,2021-08-28 02:15:00,86.22610036041567,ARIMA (+달력·가동 계획)
2021-08-28 02:00:00,2021-08-28 02:30:00,79.43158918610368,ARIMA (+달력·가동 계획)
2021-08-28 02:00:00,2021-08-28 02:45:00,76.38200549706818,ARIMA (+달력·가동 계획)
2021-08-28 03:00:00,2021-08-28 03:00:00,93.10405520443476,ARIMA (+달력·가동 계획)
2021-08-28 03:00:00,2021-08-28 03:15:00,87.67407878794343,ARIMA (+달력·가동 계획)
2021-08-28 03:00:00,2021-08-28 03:30:00,85.77470524447517,ARIMA (+달력·가동 계획)
2021-08-28 03:00:00,2021-08-28 03:45:00,86.49973415776573,ARIMA (+달력·가동 계획)
2021-08-28 04:00:00,2021-08-28 04:00:00,100.40374956184364,ARIMA (+달력·가동 계획)
2021-08-28 04:00:00,2021-08-28 04:15:00,97.9830861058052,ARIMA (+달력·가동 계획)
2021-08-28 04:00:00,2021-08-28 04:30:00,95.8928987433751,ARIMA (+달력·가동 계획)
2021-08-28 04:00:00,2021-08-28 04:45:00,94.12911086281385,ARIMA (+달력·가동 계획)
2021-08-28 05:00:00,2021-08-28 05:00:00,89.58618510056226,ARIMA (+달력·가동 계획)
2021-08-28 05:00:00,2021-08-28 05:15:00,87.78047109798209,ARIMA (+달력·가동 계획)
2021-08-28 05:00:00,2021-08-28 05:30:00,87.01187349176571,ARIMA (+달력·가동 계획)
2021-08-28 05:00:00,2021-08-28 05:45:00,86.57049964938321,ARIMA (+달력·가동 계획)
2021-08-28 06:00:00,2021-08-28 06:00:00,104.82232787028066,ARIMA (+달력·가동 계획)
2021-08-28 06:00:00,2021-08-28 06:15:00,98.50271606123374,ARIMA (+달력·가동 계획)
2021-08-28 06:00:00,2021-08-28 06:30:00,90.2766384998896,ARIMA (+달력·가동 계획)
2021-08-28 06:00:00,2021-08-28 06:45:00,82.19096532652553,ARIMA (+달력·가동 계획)
2021-08-28 07:00:00,2021-08-28 07:00:00,86.76391448584377,ARIMA (+달력·가동 계획)
2021-08-28 07:00:00,2021-08-28 07:15:00,79.21522021805777,ARIMA (+달력·가동 계획)
2021-08-28 07:00:00,2021-08-28 07:30:00,73.39149237126999,ARIMA (+달력·가동 계획)
2021-08-28 07:00:00,2021-08-28 07:45:00,69.57161549975568,ARIMA (+달력·가동 계획)
2021-08-28 08:00:00,2021-08-28 08:00:00,40.7571466092345,ARIMA (+달력·가동 계획)
2021-08-28 08:00:00,2021-08-28 08:15:00,48.30835367607554,ARIMA (+달력·가동 계획)
2021-08-28 08:00:00,2021-08-28 08:30:00,55.91417843268358,ARIMA (+달력·가동 계획)
2021-08-28 08:00:00,2021-08-28 08:45:00,61.01584406506278,ARIMA (+달력·가동 계획)
2021-08-28 09:00:00,2021-08-28 09:00:00,43.713626816163845,ARIMA (+달력·가동 계획)
2021-08-28 09:00:00,2021-08-28 09:15:00,48.755133566746,ARIMA (+달력·가동 계획)
2021-08-28 09:00:00,2021-08-28 09:30:00,50.34832361577773,ARIMA (+달력·가동 계획)
2021-08-28 09:00:00,2021-08-28 09:45:00,48.93616433204903,ARIMA (+달력·가동 계획)
2021-08-28 10:00:00,2021-08-28 10:00:00,36.90879589643705,ARIMA (+달력·가동 계획)
2021-08-28 10:00:00,2021-08-28 10:15:00,36.85851363662459,ARIMA (+달력·가동 계획)
2021-08-28 10:00:00,2021-08-28 10:30:00,36.16109973133727,ARIMA (+달력·가동 계획)
2021-08-28 10:00:00,2021-08-28 10:45:00,35.23715950151855,ARIMA (+달력·가동 계획)
2021-08-28 11:00:00,2021-08-28 11:00:00,37.266588014129184,ARIMA (+달력·가동 계획)
2021-08-28 11:00:00,2021-08-28 11:15:00,35.78761832901116,ARIMA (+달력·가동 계획)
2021-08-28 11:00:00,2021-08-28 11:30:00,34.94865181309436,ARIMA (+달력·가동 계획)
2021-08-28 11:00:00,2021-08-28 11:45:00,34.84468351985418,ARIMA (+달력·가동 계획)
2021-08-28 12:00:00,2021-08-28 12:00:00,36.74200188076893,ARIMA (+달력·가동 계획)
2021-08-28 12:00:00,2021-08-28 12:15:00,36.84611725484319,ARIMA (+달력·가동 계획)
2021-08-28 12:00:00,2021-08-28 12:30:00,37.20239910130772,ARIMA (+달력·가동 계획)
2021-08-28 12:00:00,2021-08-28 12:45:00,37.6526956278955,ARIMA (+달력·가동 계획)
2021-08-28 13:00:00,2021-08-28 13:00:00,38.15338729173227,ARIMA (+달력·가동 계획)
2021-08-28 13:00:00,2021-08-28 13:15:00,38.27923199481536,ARIMA (+달력·가동 계획)
2021-08-28 13:00:00,2021-08-28 13:30:00,38.33206587787208,ARIMA (+달력·가동 계획)
2021-08-28 13:00:00,2021-08-28 13:45:00,38.29662171705473,ARIMA (+달력·가동 계획)
2021-08-28 14:00:00,2021-08-28 14:00:00,40.92287826470611,ARIMA (+달력·가동 계획)
2021-08-28 14:00:00,2021-08-28 14:15:00,40.26359767877341,ARIMA (+달력·가동 계획)
2021-08-28 14:00:00,2021-08-28 14:30:00,39.36632248397639,ARIMA (+달력·가동 계획)
2021-08-28 14:00:00,2021-08-28 14:45:00,38.54932795005582,ARIMA (+달력·가동 계획)
2021-08-28 15:00:00,2021-08-28 15:00:00,37.16847754824365,ARIMA (+달력·가동 계획)
2021-08-28 15:00:00,2021-08-28 15:15:00,37.551704064059926,ARIMA (+달력·가동 계획)
2021-08-28 15:00:00,2021-08-28 15:30:00,38.05232937913064,ARIMA (+달력·가동 계획)
2021-08-28 15:00:00,2021-08-28 15:45:00,38.59187330361645,ARIMA (+달력·가동 계획)
2021-08-28 16:00:00,2021-08-28 16:00:00,38.63298868629664,ARIMA (+달력·가동 계획)
2021-08-28 16:00:00,2021-08-28 16:15:00,39.28280914272143,ARIMA (+달력·가동 계획)
2021-08-28 16:00:00,2021-08-28 16:30:00,39.9118106081272,ARIMA (+달력·가동 계획)
2021-08-28 16:00:00,2021-08-28 16:45:00,40.50814409039923,ARIMA (+달력·가동 계획)
2021-08-28 17:00:00,2021-08-28 17:00:00,43.88059605160671,ARIMA (+달력·가동 계획)
2021-08-28 17:00:00,2021-08-28 17:15:00,42.456807402151945,ARIMA (+달력·가동 계획)
2021-08-28 17:00:00,2021-08-28 17:30:00,42.0301225633711,ARIMA (+달력·가동 계획)
2021-08-28 17:00:00,2021-08-28 17:45:00,42.53646423089957,ARIMA (+달력·가동 계획)
2021-08-28 18:00:00,2021-08-28 18:00:00,28.100113507170896,ARIMA (+달력·가동 계획)
2021-08-28 18:00:00,2021-08-28 18:15:00,35.097248488837025,ARIMA (+달력·가동 계획)
2021-08-28 18:00:00,2021-08-28 18:30:00,41.22761696377764,ARIMA (+달력·가동 계획)
2021-08-28 18:00:00,2021-08-28 18:45:00,45.25866648534748,ARIMA (+달력·가동 계획)
2021-08-28 19:00:00,2021-08-28 19:00:00,30.320932617307268,ARIMA (+달력·가동 계획)
2021-08-28 19:00:00,2021-08-28 19:15:00,35.89862946526639,ARIMA (+달력·가동 계획)
2021-08-28 19:00:00,2021-08-28 19:30:00,39.21141192872443,ARIMA (+달력·가동 계획)
2021-08-28 19:00:00,2021-08-28 19:45:00,40.27621656698696,ARIMA (+달력·가동 계획)
2021-08-28 20:00:00,2021-08-28 20:00:00,26.473200360172022,ARIMA (+달력·가동 계획)
2021-08-28 20:00:00,2021-08-28 20:15:00,30.13466620561958,ARIMA (+달력·가동 계획)
2021-08-28 20:00:00,2021-08-28 20:30:00,32.67277073214255,ARIMA (+달력·가동 계획)
2021-08-28 20:00:00,2021-08-28 20:45:00,34.070667648442765,ARIMA (+달력·가동 계획)
2021-08-28 21:00:00,2021-08-28 21:00:00,26.304189166484235,ARIMA (+달력·가동 계획)
2021-08-28 21:00:00,2021-08-28 21:15:00,29.60518678196679,ARIMA (+달력·가동 계획)
2021-08-28 21:00:00,2021-08-28 21:30:00,32.19018815672044,ARIMA (+달력·가동 계획)
2021-08-28 21:00:00,2021-08-28 21:45:00,33.997155581610144,ARIMA (+달력·가동 계획)
2021-08-28 22:00:00,2021-08-28 22:00:00,27.12229750819587,ARIMA (+달력·가동 계획)
2021-08-28 22:00:00,2021-08-28 22:15:00,30.931684209282583,ARIMA (+달력·가동 계획)
2021-08-28 22:00:00,2021-08-28 22:30:00,34.06885033815645,ARIMA (+달력·가동 계획)
2021-08-28 22:00:00,2021-08-28 22:45:00,36.33822870135421,ARIMA (+달력·가동 계획)
2021-08-28 23:00:00,2021-08-28 23:00:00,27.47137300174623,ARIMA (+달력·가동 계획)
2021-08-28 23:00:00,2021-08-28 23:15:00,31.821381588652574,ARIMA (+달력·가동 계획)
2021-08-28 23:00:00,2021-08-28 23:30:00,35.45619760673897,ARIMA (+달력·가동 계획)
2021-08-28 23:00:00,2021-08-28 23:45:00,38.00976769942464,ARIMA (+달력·가동 계획)
2021-08-29 00:00:00,2021-08-29 00:00:00,18.77728174760812,ARIMA (+달력·가동 계획)
2021-08-29 00:00:00,2021-08-29 00:15:00,23.548503122987483,ARIMA (+달력·가동 계획)
2021-08-29 00:00:00,2021-08-29 00:30:00,26.959766068807618,ARIMA (+달력·가동 계획)
2021-08-29 00:00:00,2021-08-29 00:45:00,28.823422416951903,ARIMA (+달력·가동 계획)
2021-08-29 01:00:00,2021-08-29 01:00:00,24.831027554319988,ARIMA (+달력·가동 계획)
2021-08-29 01:00:00,2021-08-29 01:15:00,26.152949929682222,ARIMA (+달력·가동 계획)
2021-08-29 01:00:00,2021-08-29 01:30:00,27.11233278431721,ARIMA (+달력·가동 계획)
2021-08-29 01:00:00,2021-08-29 01:45:00,27.78910631370613,ARIMA (+달력·가동 계획)
2021-08-29 02:00:00,2021-08-29 02:00:00,26.726447852714152,ARIMA (+달력·가동 계획)
2021-08-29 02:00:00,2021-08-29 02:15:00,27.930755835972576,ARIMA (+달력·가동 계획)
2021-08-29 02:00:00,2021-08-29 02:30:00,28.843443056911067,ARIMA (+달력·가동 계획)
2021-08-29 02:00:00,2021-08-29 02:45:00,29.494098232200127,ARIMA (+달력·가동 계획)
2021-08-29 03:00:00,2021-08-29 03:00:00,24.86935534945375,ARIMA (+달력·가동 계획)
2021-08-29 03:00:00,2021-08-29 03:15:00,27.214546694410107,ARIMA (+달력·가동 계획)
2021-08-29 03:00:00,2021-08-29 03:30:00,29.03683307042524,ARIMA (+달력·가동 계획)
2021-08-29 03:00:00,2021-08-29 03:45:00,30.16081799142778,ARIMA (+달력·가동 계획)
2021-08-29 04:00:00,2021-08-29 04:00:00,24.599102129005384,ARIMA (+달력·가동 계획)
2021-08-29 04:00:00,2021-08-29 04:15:00,26.74159596033789,ARIMA (+달력·가동 계획)
2021-08-29 04:00:00,2021-08-29 04:30:00,28.185569045475567,ARIMA (+달력·가동 계획)
2021-08-29 04:00:00,2021-08-29 04:45:00,28.81137090186317,ARIMA (+달력·가동 계획)
2021-08-29 05:00:00,2021-08-29 05:00:00,23.89404088356765,ARIMA (+달력·가동 계획)
2021-08-29 05:00:00,2021-08-29 05:15:00,25.001483420473885,ARIMA (+달력·가동 계획)
2021-08-29 05:00:00,2021-08-29 05:30:00,25.49664534049368,ARIMA (+달력·가동 계획)
2021-08-29 05:00:00,2021-08-29 05:45:00,25.31666060366104,ARIMA (+달력·가동 계획)
2021-08-29 06:00:00,2021-08-29 06:00:00,22.653504141138587,ARIMA (+달력·가동 계획)
2021-08-29 06:00:00,2021-08-29 06:15:00,22.19983848661452,ARIMA (+달력·가동 계획)
2021-08-29 06:00:00,2021-08-29 06:30:00,21.352121691497054,ARIMA (+달력·가동 계획)
2021-08-29 06:00:00,2021-08-29 06:45:00,20.182191662811444,ARIMA (+달력·가동 계획)
2021-08-29 07:00:00,2021-08-29 07:00:00,20.35213495718154,ARIMA (+달력·가동 계획)
2021-08-29 07:00:00,2021-08-29 07:15:00,18.425451561253503,ARIMA (+달력·가동 계획)
2021-08-29 07:00:00,2021-08-29 07:30:00,16.49871111578355,ARIMA (+달력·가동 계획)
2021-08-29 07:00:00,2021-08-29 07:45:00,14.772539031312853,ARIMA (+달력·가동 계획)
2021-08-29 08:00:00,2021-08-29 08:00:00,19.37689097162524,ARIMA (+달력·가동 계획)
2021-08-29 08:00:00,2021-08-29 08:15:00,16.12981546044808,ARIMA (+달력·가동 계획)
2021-08-29 08:00:00,2021-08-29 08:30:00,13.555800016774851,ARIMA (+달력·가동 계획)
2021-08-29 08:00:00,2021-08-29 08:45:00,11.922397084236744,ARIMA (+달력·가동 계획)
2021-08-29 09:00:00,2021-08-29 09:00:00,19.333031167807547,ARIMA (+달력·가동 계획)
2021-08-29 09:00:00,2021-08-29 09:15:00,16.36350994416507,ARIMA (+달력·가동 계획)
2021-08-29 09:00:00,2021-08-29 09:30:00,14.47322374113923,ARIMA (+달력·가동 계획)
2021-08-29 09:00:00,2021-08-29 09:45:00,13.788209908270357,ARIMA (+달력·가동 계획)
2021-08-29 10:00:00,2021-08-29 10:00:00,19.904749496630416,ARIMA (+달력·가동 계획)
2021-08-29 10:00:00,2021-08-29 10:15:00,18.597491770450745,ARIMA (+달력·가동 계획)
2021-08-29 10:00:00,2021-08-29 10:30:00,18.23250650451442,ARIMA (+달력·가동 계획)
2021-08-29 10:00:00,2021-08-29 10:45:00,18.69277849884385,ARIMA (+달력·가동 계획)
2021-08-29 11:00:00,2021-08-29 11:00:00,22.39198985030414,ARIMA (+달력·가동 계획)
2021-08-29 11:00:00,2021-08-29 11:15:00,22.520518232670213,ARIMA (+달력·가동 계획)
2021-08-29 11:00:00,2021-08-29 11:30:00,22.92427661178573,ARIMA (+달력·가동 계획)
2021-08-29 11:00:00,2021-08-29 11:45:00,23.50477489345527,ARIMA (+달력·가동 계획)
2021-08-29 12:00:00,2021-08-29 12:00:00,22.840181850065093,ARIMA (+달력·가동 계획)
2021-08-29 12:00:00,2021-08-29 12:15:00,22.09022506091533,ARIMA (+달력·가동 계획)
2021-08-29 12:00:00,2021-08-29 12:30:00,22.57289629416673,ARIMA (+달력·가동 계획)
2021-08-29 12:00:00,2021-08-29 12:45:00,23.819226726156185,ARIMA (+달력·가동 계획)
2021-08-29 13:00:00,2021-08-29 13:00:00,21.053557556960435,ARIMA (+달력·가동 계획)
2021-08-29 13:00:00,2021-08-29 13:15:00,23.432834560956287,ARIMA (+달력·가동 계획)
2021-08-29 13:00:00,2021-08-29 13:30:00,25.415150589727432,ARIMA (+달력·가동 계획)
2021-08-29 13:00:00,2021-08-29 13:45:00,26.600778256557174,ARIMA (+달력·가동 계획)
2021-08-29 14:00:00,2021-08-29 14:00:00,21.238297656223047,ARIMA (+달력·가동 계획)
2021-08-29 14:00:00,2021-08-29 14:15:00,22.95253560118569,ARIMA (+달력·가동 계획)
2021-08-29 14:00:00,2021-08-29 14:30:00,23.895176518175184,ARIMA (+달력·가동 계획)
2021-08-29 14:00:00,2021-08-29 14:45:00,24.114849129936918,ARIMA (+달력·가동 계획)
2021-08-29 15:00:00,2021-08-29 15:00:00,21.35368760098981,ARIMA (+달력·가동 계획)
2021-08-29 15:00:00,2021-08-29 15:15:00,21.73418469332712,ARIMA (+달력·가동 계획)
2021-08-29 15:00:00,2021-08-29 15:30:00,22.16127369248916,ARIMA (+달력·가동 계획)
2021-08-29 15:00:00,2021-08-29 15:45:00,22.65495315079662,ARIMA (+달력·가동 계획)
2021-08-29 16:00:00,2021-08-29 16:00:00,21.93982431036081,ARIMA (+달력·가동 계획)
2021-08-29 16:00:00,2021-08-29 16:15:00,23.028764802042385,ARIMA (+달력·가동 계획)
2021-08-29 16:00:00,2021-08-29 16:30:00,24.12591267560481,ARIMA (+달력·가동 계획)
2021-08-29 16:00:00,2021-08-29 16:45:00,25.138148568639437,ARIMA (+달력·가동 계획)
2021-08-29 17:00:00,2021-08-29 17:00:00,24.669750915352488,ARIMA (+달력·가동 계획)
2021-08-29 17:00:00,2021-08-29 17:15:00,26.09336743345455,ARIMA (+달력·가동 계획)
2021-08-29 17:00:00,2021-08-29 17:30:00,27.172329154383878,ARIMA (+달력·가동 계획)
2021-08-29 17:00:00,2021-08-29 17:45:00,27.922668505579573,ARIMA (+달력·가동 계획)
2021-08-29 18:00:00,2021-08-29 18:00:00,26.896949239995035,ARIMA (+달력·가동 계획)
2021-08-29 18:00:00,2021-08-29 18:15:00,27.80564532975344,ARIMA (+달력·가동 계획)
2021-08-29 18:00:00,2021-08-29 18:30:00,28.652347897844937,ARIMA (+달력·가동 계획)
2021-08-29 18:00:00,2021-08-29 18:45:00,29.39307021588625,ARIMA (+달력·가동 계획)
2021-08-29 19:00:00,2021-08-29 19:00:00,23.2511578799048,ARIMA (+달력·가동 계획)
2021-08-29 19:00:00,2021-08-29 19:15:00,25.900909998548,ARIMA (+달력·가동 계획)
2021-08-29 19:00:00,2021-08-29 19:30:00,28.296227491810583,ARIMA (+달력·가동 계획)
2021-08-29 19:00:00,2021-08-29 19:45:00,30.0553568040238,ARIMA (+달력·가동 계획)
2021-08-29 20:00:00,2021-08-29 20:00:00,23.34508246655707,ARIMA (+달력·가동 계획)
2021-08-29 20:00:00,2021-08-29 20:15:00,26.439705416043527,ARIMA (+달력·가동 계획)
2021-08-29 20:00:00,2021-08-29 20:30:00,28.779825756536823,ARIMA (+달력·가동 계획)
2021-08-29 20:00:00,2021-08-29 20:45:00,30.23348134213292,ARIMA (+달력·가동 계획)
2021-08-29 21:00:00,2021-08-29 21:00:00,23.36713680043692,ARIMA (+달력·가동 계획)
2021-08-29 21:00:00,2021-08-29 21:15:00,26.470840971004144,ARIMA (+달력·가동 계획)
2021-08-29 21:00:00,2021-08-29 21:30:00,28.90675095608978,ARIMA (+달력·가동 계획)
2021-08-29 21:00:00,2021-08-29 21:45:00,30.584373476513942,ARIMA (+달력·가동 계획)
2021-08-29 22:00:00,2021-08-29 22:00:00,24.66633011696476,ARIMA (+달력·가동 계획)
2021-08-29 22:00:00,2021-08-29 22:15:00,28.029365348057137,ARIMA (+달력·가동 계획)
2021-08-29 22:00:00,2021-08-29 22:30:00,30.6788562952682,ARIMA (+달력·가동 계획)
2021-08-29 22:00:00,2021-08-29 22:45:00,32.5123739535319,ARIMA (+달력·가동 계획)
2021-08-29 23:00:00,2021-08-29 23:00:00,23.70070966227353,ARIMA (+달력·가동 계획)
2021-08-29 23:00:00,2021-08-29 23:15:00,27.59604583933165,ARIMA (+달력·가동 계획)
2021-08-29 23:00:00,2021-08-29 23:30:00,30.954445834730542,ARIMA (+달력·가동 계획)
2021-08-29 23:00:00,2021-08-29 23:45:00,33.383593780966336,ARIMA (+달력·가동 계획)
2021-08-30 00:00:00,2021-08-30 00:00:00,32.07281738172033,ARIMA (+달력·가동 계획)
2021-08-30 00:00:00,2021-08-30 00:15:00,35.518792900023456,ARIMA (+달력·가동 계획)
2021-08-30 00:00:00,2021-08-30 00:30:00,38.77180940223949,ARIMA (+달력·가동 계획)
2021-08-30 00:00:00,2021-08-30 00:45:00,41.55661716595739,ARIMA (+달력·가동 계획)
2021-08-30 01:00:00,2021-08-30 01:00:00,28.22268511868268,ARIMA (+달력·가동 계획)
2021-08-30 01:00:00,2021-08-30 01:15:00,36.19924965916425,ARIMA (+달력·가동 계획)
2021-08-30 01:00:00,2021-08-30 01:30:00,42.70807573276073,ARIMA (+달력·가동 계획)
2021-08-30 01:00:00,2021-08-30 01:45:00,47.26202410902711,ARIMA (+달력·가동 계획)
2021-08-30 02:00:00,2021-08-30 02:00:00,32.32633592437147,ARIMA (+달력·가동 계획)
2021-08-30 02:00:00,2021-08-30 02:15:00,40.29729929382539,ARIMA (+달력·가동 계획)
2021-08-30 02:00:00,2021-08-30 02:30:00,45.741857018505584,ARIMA (+달력·가동 계획)
2021-08-30 02:00:00,2021-08-30 02:45:00,48.35170633420576,ARIMA (+달력·가동 계획)
2021-08-30 03:00:00,2021-08-30 03:00:00,27.776078087078787,ARIMA (+달력·가동 계획)
2021-08-30 03:00:00,2021-08-30 03:15:00,33.98126115620078,ARIMA (+달력·가동 계획)
2021-08-30 03:00:00,2021-08-30 03:30:00,37.44315033446493,ARIMA (+달력·가동 계획)
2021-08-30 03:00:00,2021-08-30 03:45:00,37.98140197453387,ARIMA (+달력·가동 계획)
2021-08-30 04:00:00,2021-08-30 04:00:00,22.53851145749949,ARIMA (+달력·가동 계획)
2021-08-30 04:00:00,2021-08-30 04:15:00,24.730358366022287,ARIMA (+달력·가동 계획)
2021-08-30 04:00:00,2021-08-30 04:30:00,25.412951110353205,ARIMA (+달력·가동 계획)
2021-08-30 04:00:00,2021-08-30 04:45:00,25.01275641043849,ARIMA (+달력·가동 계획)
2021-08-30 05:00:00,2021-08-30 05:00:00,20.954605467041887,ARIMA (+달력·가동 계획)
2021-08-30 05:00:00,2021-08-30 05:15:00,22.240840716979363,ARIMA (+달력·가동 계획)
2021-08-30 05:00:00,2021-08-30 05:30:00,24.31684153903594,ARIMA (+달력·가동 계획)
2021-08-30 05:00:00,2021-08-30 05:45:00,27.6048276414384,ARIMA (+달력·가동 계획)
2021-08-30 06:00:00,2021-08-30 06:00:00,26.474160873554556,ARIMA (+달력·가동 계획)
2021-08-30 06:00:00,2021-08-30 06:15:00,34.88717004561652,ARIMA (+달력·가동 계획)
2021-08-30 06:00:00,2021-08-30 06:30:00,44.5688578351222,ARIMA (+달력·가동 계획)
2021-08-30 06:00:00,2021-08-30 06:45:00,54.95642200954334,ARIMA (+달력·가동 계획)
2021-08-30 07:00:00,2021-08-30 07:00:00,37.43236437723925,ARIMA (+달력·가동 계획)
2021-08-30 07:00:00,2021-08-30 07:15:00,57.60896677954258,ARIMA (+달력·가동 계획)
2021-08-30 07:00:00,2021-08-30 07:30:00,76.45182244253758,ARIMA (+달력·가동 계획)
2021-08-30 07:00:00,2021-08-30 07:45:00,92.12097565034274,ARIMA (+달력·가동 계획)
2021-08-30 08:00:00,2021-08-30 08:00:00,96.89549757048476,ARIMA (+달력·가동 계획)
2021-08-30 08:00:00,2021-08-30 08:15:00,109.1686207600806,ARIMA (+달력·가동 계획)
2021-08-30 08:00:00,2021-08-30 08:30:00,117.13223499159815,ARIMA (+달력·가동 계획)
2021-08-30 08:00:00,2021-08-30 08:45:00,121.80677096752058,ARIMA (+달력·가동 계획)
2021-08-30 09:00:00,2021-08-30 09:00:00,166.61328067870704,ARIMA (+달력·가동 계획)
2021-08-30 09:00:00,2021-08-30 09:15:00,151.07737872005262,ARIMA (+달력·가동 계획)
2021-08-30 09:00:00,2021-08-30 09:30:00,140.68696319186265,ARIMA (+달력·가동 계획)
2021-08-30 09:00:00,2021-08-30 09:45:00,136.6942838965276,ARIMA (+달력·가동 계획)
2021-08-30 10:00:00,2021-08-30 10:00:00,165.87398054743002,ARIMA (+달력·가동 계획)
2021-08-30 10:00:00,2021-08-30 10:15:00,159.45775089408122,ARIMA (+달력·가동 계획)
2021-08-30 10:00:00,2021-08-30 10:30:00,155.09683652208943,ARIMA (+달력·가동 계획)
2021-08-30 10:00:00,2021-08-30 10:45:00,152.35071170291044,ARIMA (+달력·가동 계획)
2021-08-30 11:00:00,2021-08-30 11:00:00,156.5149551244597,ARIMA (+달력·가동 계획)
2021-08-30 11:00:00,2021-08-30 11:15:00,149.7999328233135,ARIMA (+달력·가동 계획)
2021-08-30 11:00:00,2021-08-30 11:30:00,145.11597216215335,ARIMA (+달력·가동 계획)
2021-08-30 11:00:00,2021-08-30 11:45:00,142.24460657015877,ARIMA (+달력·가동 계획)
2021-08-30 12:00:00,2021-08-30 12:00:00,170.69952964183034,ARIMA (+달력·가동 계획)
2021-08-30 12:00:00,2021-08-30 12:15:00,160.66576972851212,ARIMA (+달력·가동 계획)
2021-08-30 12:00:00,2021-08-30 12:30:00,152.45968262507782,ARIMA (+달력·가동 계획)
2021-08-30 12:00:00,2021-08-30 12:45:00,147.60365294081333,ARIMA (+달력·가동 계획)
2021-08-30 13:00:00,2021-08-30 13:00:00,146.49731132486338,ARIMA (+달력·가동 계획)
2021-08-30 13:00:00,2021-08-30 13:15:00,154.5861491961952,ARIMA (+달력·가동 계획)
2021-08-30 13:00:00,2021-08-30 13:30:00,158.02091104836637,ARIMA (+달력·가동 계획)
2021-08-30 13:00:00,2021-08-30 13:45:00,157.94896109792688,ARIMA (+달력·가동 계획)
2021-08-30 14:00:00,2021-08-30 14:00:00,164.5569310174131,ARIMA (+달력·가동 계획)
2021-08-30 14:00:00,2021-08-30 14:15:00,159.20805247699724,ARIMA (+달력·가동 계획)
2021-08-30 14:00:00,2021-08-30 14:30:00,156.53418441857576,ARIMA (+달력·가동 계획)
2021-08-30 14:00:00,2021-08-30 14:45:00,156.8019615064127,ARIMA (+달력·가동 계획)
2021-08-30 15:00:00,2021-08-30 15:00:00,169.72893732465363,ARIMA (+달력·가동 계획)
2021-08-30 15:00:00,2021-08-30 15:15:00,168.61939204377964,ARIMA (+달력·가동 계획)
2021-08-30 15:00:00,2021-08-30 15:30:00,168.40555601633437,ARIMA (+달력·가동 계획)
2021-08-30 15:00:00,2021-08-30 15:45:00,168.47148547824656,ARIMA (+달력·가동 계획)
2021-08-30 16:00:00,2021-08-30 16:00:00,177.01761221188363,ARIMA (+달력·가동 계획)
2021-08-30 16:00:00,2021-08-30 16:15:00,173.37295010955435,ARIMA (+달력·가동 계획)
2021-08-30 16:00:00,2021-08-30 16:30:00,167.29560202696982,ARIMA (+달력·가동 계획)
2021-08-30 16:00:00,2021-08-30 16:45:00,160.19230921268385,ARIMA (+달력·가동 계획)
2021-08-30 17:00:00,2021-08-30 17:00:00,161.47038820148316,ARIMA (+달력·가동 계획)
2021-08-30 17:00:00,2021-08-30 17:15:00,153.50331297282767,ARIMA (+달력·가동 계획)
2021-08-30 17:00:00,2021-08-30 17:30:00,146.34668547764093,ARIMA (+달력·가동 계획)
2021-08-30 17:00:00,2021-08-30 17:45:00,140.71043795003013,ARIMA (+달력·가동 계획)
2021-08-30 18:00:00,2021-08-30 18:00:00,168.40285288542808,ARIMA (+달력·가동 계획)
2021-08-30 18:00:00,2021-08-30 18:15:00,158.98251778387646,ARIMA (+달력·가동 계획)
2021-08-30 18:00:00,2021-08-30 18:30:00,147.32061054030913,ARIMA (+달력·가동 계획)
2021-08-30 18:00:00,2021-08-30 18:45:00,136.58277309410437,ARIMA (+달력·가동 계획)
2021-08-30 19:00:00,2021-08-30 19:00:00,155.38085741193038,ARIMA (+달력·가동 계획)
2021-08-30 19:00:00,2021-08-30 19:15:00,143.08681366258463,ARIMA (+달력·가동 계획)
2021-08-30 19:00:00,2021-08-30 19:30:00,134.40545649321592,ARIMA (+달력·가동 계획)
2021-08-30 19:00:00,2021-08-30 19:45:00,129.95114163671053,ARIMA (+달력·가동 계획)
2021-08-30 20:00:00,2021-08-30 20:00:00,126.69934244164732,ARIMA (+달력·가동 계획)
2021-08-30 20:00:00,2021-08-30 20:15:00,128.16944716073314,ARIMA (+달력·가동 계획)
2021-08-30 20:00:00,2021-08-30 20:30:00,130.36286329164534,ARIMA (+달력·가동 계획)
2021-08-30 20:00:00,2021-08-30 20:45:00,131.54973727751738,ARIMA (+달력·가동 계획)
2021-08-30 21:00:00,2021-08-30 21:00:00,130.00410139596045,ARIMA (+달력·가동 계획)
2021-08-30 21:00:00,2021-08-30 21:15:00,126.63301044919582,ARIMA (+달력·가동 계획)
2021-08-30 21:00:00,2021-08-30 21:30:00,121.23587518811102,ARIMA (+달력·가동 계획)
2021-08-30 21:00:00,2021-08-30 21:45:00,114.51184454527916,ARIMA (+달력·가동 계획)
2021-08-30 22:00:00,2021-08-30 22:00:00,115.89452147256496,ARIMA (+달력·가동 계획)
2021-08-30 22:00:00,2021-08-30 22:15:00,106.30412481137937,ARIMA (+달력·가동 계획)
2021-08-30 22:00:00,2021-08-30 22:30:00,97.52762447443511,ARIMA (+달력·가동 계획)
2021-08-30 22:00:00,2021-08-30 22:45:00,90.33828024236988,ARIMA (+달력·가동 계획)
2021-08-30 23:00:00,2021-08-30 23:00:00,108.85721897132144,ARIMA (+달력·가동 계획)
2021-08-30 23:00:00,2021-08-30 23:15:00,96.71418163260722,ARIMA (+달력·가동 계획)
2021-08-30 23:00:00,2021-08-30 23:30:00,86.91111735212645,ARIMA (+달력·가동 계획)
2021-08-30 23:00:00,2021-08-30 23:45:00,80.67065383252704,ARIMA (+달력·가동 계획)
2021-08-31 00:00:00,2021-08-31 00:00:00,96.3337505651587,ARIMA (+달력·가동 계획)
2021-08-31 00:00:00,2021-08-31 00:15:00,93.70641168392191,ARIMA (+달력·가동 계획)
2021-08-31 00:00:00,2021-08-31 00:30:00,94.95720664440518,ARIMA (+달력·가동 계획)
2021-08-31 00:00:00,2021-08-31 00:45:00,98.69808511889482,ARIMA (+달력·가동 계획)
2021-08-31 01:00:00,2021-08-31 01:00:00,83.37546840546884,ARIMA (+달력·가동 계획)
2021-08-31 01:00:00,2021-08-31 01:15:00,95.28982983000448,ARIMA (+달력·가동 계획)
2021-08-31 01:00:00,2021-08-31 01:30:00,104.20704773848573,ARIMA (+달력·가동 계획)
2021-08-31 01:00:00,2021-08-31 01:45:00,109.143192037195,ARIMA (+달력·가동 계획)
2021-08-31 02:00:00,2021-08-31 02:00:00,109.28706169877324,ARIMA (+달력·가동 계획)
2021-08-31 02:00:00,2021-08-31 02:15:00,107.48192898078582,ARIMA (+달력·가동 계획)
2021-08-31 02:00:00,2021-08-31 02:30:00,105.5278089080814,ARIMA (+달력·가동 계획)
2021-08-31 02:00:00,2021-08-31 02:45:00,103.96421020305584,ARIMA (+달력·가동 계획)
2021-08-31 03:00:00,2021-08-31 03:00:00,100.67721892788298,ARIMA (+달력·가동 계획)
2021-08-31 03:00:00,2021-08-31 03:15:00,100.31670537660452,ARIMA (+달력·가동 계획)
2021-08-31 03:00:00,2021-08-31 03:30:00,100.27181992011168,ARIMA (+달력·가동 계획)
2021-08-31 03:00:00,2021-08-31 03:45:00,99.92958342908,ARIMA (+달력·가동 계획)
2021-08-31 04:00:00,2021-08-31 04:00:00,104.94570808228772,ARIMA (+달력·가동 계획)
2021-08-31 04:00:00,2021-08-31 04:15:00,101.27003407524406,ARIMA (+달력·가동 계획)
2021-08-31 04:00:00,2021-08-31 04:30:00,96.99007215334932,ARIMA (+달력·가동 계획)
2021-08-31 04:00:00,2021-08-31 04:45:00,93.12376133123053,ARIMA (+달력·가동 계획)
2021-08-31 05:00:00,2021-08-31 05:00:00,98.72176697427344,ARIMA (+달력·가동 계획)
2021-08-31 05:00:00,2021-08-31 05:15:00,94.55249673438476,ARIMA (+달력·가동 계획)
2021-08-31 05:00:00,2021-08-31 05:30:00,93.38238579267949,ARIMA (+달력·가동 계획)
2021-08-31 05:00:00,2021-08-31 05:45:00,95.3618148243672,ARIMA (+달력·가동 계획)
2021-08-31 06:00:00,2021-08-31 06:00:00,118.0214778120538,ARIMA (+달력·가동 계획)
2021-08-31 06:00:00,2021-08-31 06:15:00,120.57016601311804,ARIMA (+달력·가동 계획)
2021-08-31 06:00:00,2021-08-31 06:30:00,123.10979634410188,ARIMA (+달력·가동 계획)
2021-08-31 06:00:00,2021-08-31 06:45:00,126.9085053530468,ARIMA (+달력·가동 계획)
2021-08-31 07:00:00,2021-08-31 07:00:00,120.33097921478588,ARIMA (+달력·가동 계획)
2021-08-31 07:00:00,2021-08-31 07:15:00,132.3700346926243,ARIMA (+달력·가동 계획)
2021-08-31 07:00:00,2021-08-31 07:30:00,145.4314282047123,ARIMA (+달력·가동 계획)
2021-08-31 07:00:00,2021-08-31 07:45:00,158.0302108647838,ARIMA (+달력·가동 계획)
2021-08-31 08:00:00,2021-08-31 08:00:00,157.8781178170181,ARIMA (+달력·가동 계획)
2021-08-31 08:00:00,2021-08-31 08:15:00,170.4219910985329,ARIMA (+달력·가동 계획)
2021-08-31 08:00:00,2021-08-31 08:30:00,179.77116578797168,ARIMA (+달력·가동 계획)
2021-08-31 08:00:00,2021-08-31 08:45:00,185.84901813387785,ARIMA (+달력·가동 계획)
2021-08-31 09:00:00,2021-08-31 09:00:00,163.20759887904143,ARIMA (+달력·가동 계획)
2021-08-31 09:00:00,2021-08-31 09:15:00,170.9364234720187,ARIMA (+달력·가동 계획)
2021-08-31 09:00:00,2021-08-31 09:30:00,178.03670176540749,ARIMA (+달력·가동 계획)
2021-08-31 09:00:00,2021-08-31 09:45:00,182.8233403338652,ARIMA (+달력·가동 계획)
2021-08-31 10:00:00,2021-08-31 10:00:00,187.5698426206076,ARIMA (+달력·가동 계획)
2021-08-31 10:00:00,2021-08-31 10:15:00,185.5693927017271,ARIMA (+달력·가동 계획)
2021-08-31 10:00:00,2021-08-31 10:30:00,180.1337718387354,ARIMA (+달력·가동 계획)
2021-08-31 10:00:00,2021-08-31 10:45:00,172.8221518418326,ARIMA (+달력·가동 계획)
2021-08-31 11:00:00,2021-08-31 11:00:00,168.98862263491262,ARIMA (+달력·가동 계획)
2021-08-31 11:00:00,2021-08-31 11:15:00,160.58388587133206,ARIMA (+달력·가동 계획)
2021-08-31 11:00:00,2021-08-31 11:30:00,153.2316508396266,ARIMA (+달력·가동 계획)
2021-08-31 11:00:00,2021-08-31 11:45:00,147.79176165759043,ARIMA (+달력·가동 계획)
2021-08-31 12:00:00,2021-08-31 12:00:00,153.7607722715285,ARIMA (+달력·가동 계획)
2021-08-31 12:00:00,2021-08-31 12:15:00,149.91294038042344,ARIMA (+달력·가동 계획)
2021-08-31 12:00:00,2021-08-31 12:30:00,147.87136559151523,ARIMA (+달력·가동 계획)
2021-08-31 12:00:00,2021-08-31 12:45:00,147.67211791794975,ARIMA (+달력·가동 계획)
2021-08-31 13:00:00,2021-08-31 13:00:00,147.33218164341258,ARIMA (+달력·가동 계획)
2021-08-31 13:00:00,2021-08-31 13:15:00,154.78862662220297,ARIMA (+달력·가동 계획)
2021-08-31 13:00:00,2021-08-31 13:30:00,157.55382563603047,ARIMA (+달력·가동 계획)
2021-08-31 13:00:00,2021-08-31 13:45:00,157.07973922291646,ARIMA (+달력·가동 계획)
2021-08-31 14:00:00,2021-08-31 14:00:00,165.07843078129892,ARIMA (+달력·가동 계획)
2021-08-31 14:00:00,2021-08-31 14:15:00,158.96627502392784,ARIMA (+달력·가동 계획)
2021-08-31 14:00:00,2021-08-31 14:30:00,156.32643527647085,ARIMA (+달력·가동 계획)
2021-08-31 14:00:00,2021-08-31 14:45:00,157.2685753512646,ARIMA (+달력·가동 계획)
2021-08-31 15:00:00,2021-08-31 15:00:00,174.86149437323124,ARIMA (+달력·가동 계획)
2021-08-31 15:00:00,2021-08-31 15:15:00,173.0308536655694,ARIMA (+달력·가동 계획)
2021-08-31 15:00:00,2021-08-31 15:30:00,173.13701708147582,ARIMA (+달력·가동 계획)
2021-08-31 15:00:00,2021-08-31 15:45:00,174.21392616794154,ARIMA (+달력·가동 계획)
2021-08-31 16:00:00,2021-08-31 16:00:00,170.62737912088195,ARIMA (+달력·가동 계획)
2021-08-31 16:00:00,2021-08-31 16:15:00,171.82610902105134,ARIMA (+달력·가동 계획)
2021-08-31 16:00:00,2021-08-31 16:30:00,170.257759335669,ARIMA (+달력·가동 계획)
2021-08-31 16:00:00,2021-08-31 16:45:00,166.32782708733265,ARIMA (+달력·가동 계획)
2021-08-31 17:00:00,2021-08-31 17:00:00,148.4929401249402,ARIMA (+달력·가동 계획)
2021-08-31 17:00:00,2021-08-31 17:15:00,146.0797325091677,ARIMA (+달력·가동 계획)
2021-08-31 17:00:00,2021-08-31 17:30:00,144.19875459750887,ARIMA (+달력·가동 계획)
2021-08-31 17:00:00,2021-08-31 17:45:00,142.37529926254095,ARIMA (+달력·가동 계획)
2021-08-31 18:00:00,2021-08-31 18:00:00,141.79144718000234,ARIMA (+달력·가동 계획)
2021-08-31 18:00:00,2021-08-31 18:15:00,140.89272030327882,ARIMA (+달력·가동 계획)
2021-08-31 18:00:00,2021-08-31 18:30:00,137.17129401264205,ARIMA (+달력·가동 계획)
2021-08-31 18:00:00,2021-08-31 18:45:00,132.05930484955823,ARIMA (+달력·가동 계획)
2021-08-31 19:00:00,2021-08-31 19:00:00,134.21929869843086,ARIMA (+달력·가동 계획)
2021-08-31 19:00:00,2021-08-31 19:15:00,126.19370339800852,ARIMA (+달력·가동 계획)
2021-08-31 19:00:00,2021-08-31 19:30:00,121.8480016540404,ARIMA (+달력·가동 계획)
2021-08-31 19:00:00,2021-08-31 19:45:00,120.82804009823477,ARIMA (+달력·가동 계획)
2021-08-31 20:00:00,2021-08-31 20:00:00,146.79326231592768,ARIMA (+달력·가동 계획)
2021-08-31 20:00:00,2021-08-31 20:15:00,139.6044183804648,ARIMA (+달력·가동 계획)
2021-08-31 20:00:00,2021-08-31 20:30:00,133.6114000404593,ARIMA (+달력·가동 계획)
2021-08-31 20:00:00,2021-08-31 20:45:00,129.1928817808717,ARIMA (+달력·가동 계획)
2021-08-31 21:00:00,2021-08-31 21:00:00,130.7081098028732,ARIMA (+달력·가동 계획)
2021-08-31 21:00:00,2021-08-31 21:15:00,125.14232139084558,ARIMA (+달력·가동 계획)
2021-08-31 21:00:00,2021-08-31 21:30:00,121.01809147758289,ARIMA (+달력·가동 계획)
2021-08-31 21:00:00,2021-08-31 21:45:00,117.67620120202665,ARIMA (+달력·가동 계획)
2021-08-31 22:00:00,2021-08-31 22:00:00,122.87637231872075,ARIMA (+달력·가동 계획)
2021-08-31 22:00:00,2021-08-31 22:15:00,116.03612750647268,ARIMA (+달력·가동 계획)
2021-08-31 22:00:00,2021-08-31 22:30:00,109.15955326806572,ARIMA (+달력·가동 계획)
2021-08-31 22:00:00,2021-08-31 22:45:00,102.81502131956448,ARIMA (+달력·가동 계획)
2021-08-31 23:00:00,2021-08-31 23:00:00,102.78898176580913,ARIMA (+달력·가동 계획)
2021-08-31 23:00:00,2021-08-31 23:15:00,95.15885374122526,ARIMA (+달력·가동 계획)
2021-08-31 23:00:00,2021-08-31 23:30:00,89.85626461065158,ARIMA (+달력·가동 계획)
2021-08-31 23:00:00,2021-08-31 23:45:00,86.99984593643094,ARIMA (+달력·가동 계획)
2021-09-01 00:00:00,2021-09-01 00:00:00,92.00617962408823,ARIMA (+달력·가동 계획)
2021-09-01 00:00:00,2021-09-01 00:15:00,88.02579512500768,ARIMA (+달력·가동 계획)
2021-09-01 00:00:00,2021-09-01 00:30:00,87.89945022908091,ARIMA (+달력·가동 계획)
2021-09-01 00:00:00,2021-09-01 00:45:00,90.66669101211777,ARIMA (+달력·가동 계획)
2021-09-01 01:00:00,2021-09-01 01:00:00,78.18213549736524,ARIMA (+달력·가동 계획)
2021-09-01 01:00:00,2021-09-01 01:15:00,88.97292807870548,ARIMA (+달력·가동 계획)
2021-09-01 01:00:00,2021-09-01 01:30:00,97.83365647396546,ARIMA (+달력·가동 계획)
2021-09-01 01:00:00,2021-09-01 01:45:00,103.4952956695176,ARIMA (+달력·가동 계획)
2021-09-01 02:00:00,2021-09-01 02:00:00,111.20793281793377,ARIMA (+달력·가동 계획)
2021-09-01 02:00:00,2021-09-01 02:15:00,107.68692786410392,ARIMA (+달력·가동 계획)
2021-09-01 02:00:00,2021-09-01 02:30:00,104.71621914241216,ARIMA (+달력·가동 계획)
2021-09-01 02:00:00,2021-09-01 02:45:00,102.8833914237756,ARIMA (+달력·가동 계획)
2021-09-01 03:00:00,2021-09-01 03:00:00,102.34205665289622,ARIMA (+달력·가동 계획)
2021-09-01 03:00:00,2021-09-01 03:15:00,101.42911753035402,ARIMA (+달력·가동 계획)
2021-09-01 03:00:00,2021-09-01 03:30:00,101.49734835094765,ARIMA (+달력·가동 계획)
2021-09-01 03:00:00,2021-09-01 03:45:00,101.677035902358,ARIMA (+달력·가동 계획)
2021-09-01 04:00:00,2021-09-01 04:00:00,98.79571379553116,ARIMA (+달력·가동 계획)
2021-09-01 04:00:00,2021-09-01 04:15:00,97.91219731214532,ARIMA (+달력·가동 계획)
2021-09-01 04:00:00,2021-09-01 04:30:00,96.34195918460644,ARIMA (+달력·가동 계획)
2021-09-01 04:00:00,2021-09-01 04:45:00,94.41431645699006,ARIMA (+달력·가동 계획)
2021-09-01 05:00:00,2021-09-01 05:00:00,106.3142151887424,ARIMA (+달력·가동 계획)
2021-09-01 05:00:00,2021-09-01 05:15:00,100.00391237422818,ARIMA (+달력·가동 계획)
2021-09-01 05:00:00,2021-09-01 05:30:00,96.72671164518624,ARIMA (+달력·가동 계획)
2021-09-01 05:00:00,2021-09-01 05:45:00,97.1567574244366,ARIMA (+달력·가동 계획)
2021-09-01 06:00:00,2021-09-01 06:00:00,116.61505222834111,ARIMA (+달력·가동 계획)
2021-09-01 06:00:00,2021-09-01 06:15:00,120.03760718198345,ARIMA (+달력·가동 계획)
2021-09-01 06:00:00,2021-09-01 06:30:00,123.41155543403872,ARIMA (+달력·가동 계획)
2021-09-01 06:00:00,2021-09-01 06:45:00,127.79383004979994,ARIMA (+달력·가동 계획)
2021-09-01 07:00:00,2021-09-01 07:00:00,124.1880872411788,ARIMA (+달력·가동 계획)
2021-09-01 07:00:00,2021-09-01 07:15:00,134.88544798510452,ARIMA (+달력·가동 계획)
2021-09-01 07:00:00,2021-09-01 07:30:00,146.80890721291527,ARIMA (+달력·가동 계획)
2021-09-01 07:00:00,2021-09-01 07:45:00,158.69906970553677,ARIMA (+달력·가동 계획)
2021-09-01 08:00:00,2021-09-01 08:00:00,150.89082457130715,ARIMA (+달력·가동 계획)
2021-09-01 08:00:00,2021-09-01 08:15:00,165.78406139292483,ARIMA (+달력·가동 계획)
2021-09-01 08:00:00,2021-09-01 08:30:00,177.7932784253109,ARIMA (+달력·가동 계획)
2021-09-01 08:00:00,2021-09-01 08:45:00,186.04814834293916,ARIMA (+달력·가동 계획)
2021-09-01 09:00:00,2021-09-01 09:00:00,198.29943432624,ARIMA (+달력·가동 계획)
2021-09-01 09:00:00,2021-09-01 09:15:00,196.035386280764,ARIMA (+달력·가동 계획)
2021-09-01 09:00:00,2021-09-01 09:30:00,192.8584843160594,ARIMA (+달력·가동 계획)
2021-09-01 09:00:00,2021-09-01 09:45:00,189.79648283324173,ARIMA (+달력·가동 계획)
2021-09-01 10:00:00,2021-09-01 10:00:00,182.98158271080587,ARIMA (+달력·가동 계획)
2021-09-01 10:00:00,2021-09-01 10:15:00,182.23637807778405,ARIMA (+달력·가동 계획)
2021-09-01 10:00:00,2021-09-01 10:30:00,180.3358298407913,ARIMA (+달력·가동 계획)
2021-09-01 10:00:00,2021-09-01 10:45:00,177.1531106442963,ARIMA (+달력·가동 계획)
2021-09-01 11:00:00,2021-09-01 11:00:00,186.65971652971635,ARIMA (+달력·가동 계획)
2021-09-01 11:00:00,2021-09-01 11:15:00,176.42251492965732,ARIMA (+달력·가동 계획)
2021-09-01 11:00:00,2021-09-01 11:30:00,166.59228845461843,ARIMA (+달력·가동 계획)
2021-09-01 11:00:00,2021-09-01 11:45:00,158.79713525567956,ARIMA (+달력·가동 계획)
2021-09-01 12:00:00,2021-09-01 12:00:00,153.2369463504617,ARIMA (+달력·가동 계획)
2021-09-01 12:00:00,2021-09-01 12:15:00,149.9894838770112,ARIMA (+달력·가동 계획)
2021-09-01 12:00:00,2021-09-01 12:30:00,149.81853538650526,ARIMA (+달력·가동 계획)
2021-09-01 12:00:00,2021-09-01 12:45:00,151.83318016372357,ARIMA (+달력·가동 계획)
2021-09-01 13:00:00,2021-09-01 13:00:00,151.740927864556,ARIMA (+달력·가동 계획)
2021-09-01 13:00:00,2021-09-01 13:15:00,160.55229737845175,ARIMA (+달력·가동 계획)
2021-09-01 13:00:00,2021-09-01 13:30:00,164.23217855816426,ARIMA (+달력·가동 계획)
2021-09-01 13:00:00,2021-09-01 13:45:00,164.0824194831222,ARIMA (+달력·가동 계획)
2021-09-01 14:00:00,2021-09-01 14:00:00,181.16553543792605,ARIMA (+달력·가동 계획)
2021-09-01 14:00:00,2021-09-01 14:15:00,172.3728677524759,ARIMA (+달력·가동 계획)
2021-09-01 14:00:00,2021-09-01 14:30:00,166.47310899307695,ARIMA (+달력·가동 계획)
2021-09-01 14:00:00,2021-09-01 14:45:00,164.5548787353561,ARIMA (+달력·가동 계획)
2021-09-01 15:00:00,2021-09-01 15:00:00,177.18162726563685,ARIMA (+달력·가동 계획)
2021-09-01 15:00:00,2021-09-01 15:15:00,176.6700699707372,ARIMA (+달력·가동 계획)
2021-09-01 15:00:00,2021-09-01 15:30:00,177.71626739046627,ARIMA (+달력·가동 계획)
2021-09-01 15:00:00,2021-09-01 15:45:00,179.19325681180422,ARIMA (+달력·가동 계획)
2021-09-01 16:00:00,2021-09-01 16:00:00,183.2295345216504,ARIMA (+달력·가동 계획)
2021-09-01 16:00:00,2021-09-01 16:15:00,181.9057008706777,ARIMA (+달력·가동 계획)
2021-09-01 16:00:00,2021-09-01 16:30:00,178.32499064461834,ARIMA (+달력·가동 계획)
2021-09-01 16:00:00,2021-09-01 16:45:00,173.2000886279861,ARIMA (+달력·가동 계획)
2021-09-01 17:00:00,2021-09-01 17:00:00,159.04675173048085,ARIMA (+달력·가동 계획)
2021-09-01 17:00:00,2021-09-01 17:15:00,154.46262676018645,ARIMA (+달력·가동 계획)
2021-09-01 17:00:00,2021-09-01 17:30:00,151.1096767237802,ARIMA (+달력·가동 계획)
2021-09-01 17:00:00,2021-09-01 17:45:00,148.62384009691735,ARIMA (+달력·가동 계획)
2021-09-01 18:00:00,2021-09-01 18:00:00,177.9878840736145,ARIMA (+달력·가동 계획)
2021-09-01 18:00:00,2021-09-01 18:15:00,168.64628448225156,ARIMA (+달력·가동 계획)
2021-09-01 18:00:00,2021-09-01 18:30:00,156.0653506925193,ARIMA (+달력·가동 계획)
2021-09-01 18:00:00,2021-09-01 18:45:00,144.02544031914192,ARIMA (+달력·가동 계획)
2021-09-01 19:00:00,2021-09-01 19:00:00,156.2915465128655,ARIMA (+달력·가동 계획)
2021-09-01 19:00:00,2021-09-01 19:15:00,146.13965057889286,ARIMA (+달력·가동 계획)
2021-09-01 19:00:00,2021-09-01 19:30:00,138.6010534434579,ARIMA (+달력·가동 계획)
2021-09-01 19:00:00,2021-09-01 19:45:00,134.39169904356888,ARIMA (+달력·가동 계획)
2021-09-01 20:00:00,2021-09-01 20:00:00,128.6723256708094,ARIMA (+달력·가동 계획)
2021-09-01 20:00:00,2021-09-01 20:15:00,128.4399139346272,ARIMA (+달력·가동 계획)
2021-09-01 20:00:00,2021-09-01 20:30:00,130.38425278094778,ARIMA (+달력·가동 계획)
2021-09-01 20:00:00,2021-09-01 20:45:00,132.47776724803094,ARIMA (+달력·가동 계획)
2021-09-01 21:00:00,2021-09-01 21:00:00,139.20518922225972,ARIMA (+달력·가동 계획)
2021-09-01 21:00:00,2021-09-01 21:15:00,136.0022380247377,ARIMA (+달력·가동 계획)
2021-09-01 21:00:00,2021-09-01 21:30:00,130.07270459661058,ARIMA (+달력·가동 계획)
2021-09-01 21:00:00,2021-09-01 21:45:00,122.52988850441042,ARIMA (+달력·가동 계획)
2021-09-01 22:00:00,2021-09-01 22:00:00,117.71103512160872,ARIMA (+달력·가동 계획)
2021-09-01 22:00:00,2021-09-01 22:15:00,109.2360996263934,ARIMA (+달력·가동 계획)
2021-09-01 22:00:00,2021-09-01 22:30:00,101.56842895584823,ARIMA (+달력·가동 계획)
2021-09-01 22:00:00,2021-09-01 22:45:00,95.2688479559581,ARIMA (+달력·가동 계획)
2021-09-01 23:00:00,2021-09-01 23:00:00,111.23525604042923,ARIMA (+달력·가동 계획)
2021-09-01 23:00:00,2021-09-01 23:15:00,100.63126103906664,ARIMA (+달력·가동 계획)
2021-09-01 23:00:00,2021-09-01 23:30:00,92.14761565241427,ARIMA (+달력·가동 계획)
2021-09-01 23:00:00,2021-09-01 23:45:00,86.79900501472117,ARIMA (+달력·가동 계획)
2021-09-02 00:00:00,2021-09-02 00:00:00,95.28925685133528,ARIMA (+달력·가동 계획)
2021-09-02 00:00:00,2021-09-02 00:15:00,91.1075534655432,ARIMA (+달력·가동 계획)
2021-09-02 00:00:00,2021-09-02 00:30:00,90.483824545458,ARIMA (+달력·가동 계획)
2021-09-02 00:00:00,2021-09-02 00:45:00,92.66693447666069,ARIMA (+달력·가동 계획)
2021-09-02 01:00:00,2021-09-02 01:00:00,82.69345402005928,ARIMA (+달력·가동 계획)
2021-09-02 01:00:00,2021-09-02 01:15:00,92.0761663816594,ARIMA (+달력·가동 계획)
2021-09-02 01:00:00,2021-09-02 01:30:00,99.933918463934,ARIMA (+달력·가동 계획)
2021-09-02 01:00:00,2021-09-02 01:45:00,105.11611403805594,ARIMA (+달력·가동 계획)
2021-09-02 02:00:00,2021-09-02 02:00:00,113.18959742055132,ARIMA (+달력·가동 계획)
2021-09-02 02:00:00,2021-09-02 02:15:00,109.87766203439378,ARIMA (+달력·가동 계획)
2021-09-02 02:00:00,2021-09-02 02:30:00,107.19694416647174,ARIMA (+달력·가동 계획)
2021-09-02 02:00:00,2021-09-02 02:45:00,105.61266769977044,ARIMA (+달력·가동 계획)
2021-09-02 03:00:00,2021-09-02 03:00:00,107.18035934578946,ARIMA (+달력·가동 계획)
2021-09-02 03:00:00,2021-09-02 03:15:00,106.190067876173,ARIMA (+달력·가동 계획)
2021-09-02 03:00:00,2021-09-02 03:30:00,105.54875867484182,ARIMA (+달력·가동 계획)
2021-09-02 03:00:00,2021-09-02 03:45:00,104.75108196932732,ARIMA (+달력·가동 계획)
2021-09-02 04:00:00,2021-09-02 04:00:00,114.87001270900784,ARIMA (+달력·가동 계획)
2021-09-02 04:00:00,2021-09-02 04:15:00,109.42398736305532,ARIMA (+달력·가동 계획)
2021-09-02 04:00:00,2021-09-02 04:30:00,103.31469120077357,ARIMA (+달력·가동 계획)
2021-09-02 04:00:00,2021-09-02 04:45:00,98.01770305265538,ARIMA (+달력·가동 계획)
2021-09-02 05:00:00,2021-09-02 05:00:00,104.78679096331452,ARIMA (+달력·가동 계획)
2021-09-02 05:00:00,2021-09-02 05:15:00,100.32449845118072,ARIMA (+달력·가동 계획)
2021-09-02 05:00:00,2021-09-02 05:30:00,98.65434751365063,ARIMA (+달력·가동 계획)
2021-09-02 05:00:00,2021-09-02 05:45:00,100.08726129659446,ARIMA (+달력·가동 계획)
2021-09-02 06:00:00,2021-09-02 06:00:00,113.2362946609712,ARIMA (+달력·가동 계획)
2021-09-02 06:00:00,2021-09-02 06:15:00,117.95925548826544,ARIMA (+달력·가동 계획)
2021-09-02 06:00:00,2021-09-02 06:30:00,122.76099148582874,ARIMA (+달력·가동 계획)
2021-09-02 06:00:00,2021-09-02 06:45:00,128.28215169547008,ARIMA (+달력·가동 계획)
2021-09-02 07:00:00,2021-09-02 07:00:00,126.22059967236969,ARIMA (+달력·가동 계획)
2021-09-02 07:00:00,2021-09-02 07:15:00,137.20526324642168,ARIMA (+달력·가동 계획)
2021-09-02 07:00:00,2021-09-02 07:30:00,148.8201930579283,ARIMA (+달력·가동 계획)
2021-09-02 07:00:00,2021-09-02 07:45:00,160.06734901119563,ARIMA (+달력·가동 계획)
2021-09-02 08:00:00,2021-09-02 08:00:00,161.20593756639607,ARIMA (+달력·가동 계획)
2021-09-02 08:00:00,2021-09-02 08:15:00,171.4392343801028,ARIMA (+달력·가동 계획)
2021-09-02 08:00:00,2021-09-02 08:30:00,180.67478759550363,ARIMA (+달력·가동 계획)
2021-09-02 08:00:00,2021-09-02 08:45:00,188.1418311201873,ARIMA (+달력·가동 계획)
2021-09-02 09:00:00,2021-09-02 09:00:00,179.55522776351296,ARIMA (+달력·가동 계획)
2021-09-02 09:00:00,2021-09-02 09:15:00,186.7934163248112,ARIMA (+달력·가동 계획)
2021-09-02 09:00:00,2021-09-02 09:30:00,191.50181538239423,ARIMA (+달력·가동 계획)
2021-09-02 09:00:00,2021-09-02 09:45:00,193.1499954280238,ARIMA (+달력·가동 계획)
2021-09-02 10:00:00,2021-09-02 10:00:00,197.00817633851403,ARIMA (+달력·가동 계획)
2021-09-02 10:00:00,2021-09-02 10:15:00,192.15552680275968,ARIMA (+달력·가동 계획)
2021-09-02 10:00:00,2021-09-02 10:30:00,185.0538236003929,ARIMA (+달력·가동 계획)
2021-09-02 10:00:00,2021-09-02 10:45:00,177.28050303425383,ARIMA (+달력·가동 계획)
2021-09-02 11:00:00,2021-09-02 11:00:00,181.85578195308204,ARIMA (+달력·가동 계획)
2021-09-02 11:00:00,2021-09-02 11:15:00,173.53182525858463,ARIMA (+달력·가동 계획)
2021-09-02 11:00:00,2021-09-02 11:30:00,164.93763544436138,ARIMA (+달력·가동 계획)
2021-09-02 11:00:00,2021-09-02 11:45:00,157.6063984461307,ARIMA (+달력·가동 계획)
2021-09-02 12:00:00,2021-09-02 12:00:00,176.92455630298736,ARIMA (+달력·가동 계획)
2021-09-02 12:00:00,2021-09-02 12:15:00,166.23947598575407,ARIMA (+달력·가동 계획)
2021-09-02 12:00:00,2021-09-02 12:30:00,158.3805064953388,ARIMA (+달력·가동 계획)
2021-09-02 12:00:00,2021-09-02 12:45:00,154.51761065822726,ARIMA (+달력·가동 계획)
2021-09-02 13:00:00,2021-09-02 13:00:00,141.0479910024493,ARIMA (+달력·가동 계획)
2021-09-02 13:00:00,2021-09-02 13:15:00,154.52869339353813,ARIMA (+달력·가동 계획)
2021-09-02 13:00:00,2021-09-02 13:30:00,162.5995175065508,ARIMA (+달력·가동 계획)
2021-09-02 13:00:00,2021-09-02 13:45:00,165.4981555054798,ARIMA (+달력·가동 계획)
2021-09-02 14:00:00,2021-09-02 14:00:00,177.56090761370683,ARIMA (+달력·가동 계획)
2021-09-02 14:00:00,2021-09-02 14:15:00,170.92285657546714,ARIMA (+달력·가동 계획)
2021-09-02 14:00:00,2021-09-02 14:30:00,165.78030691625852,ARIMA (+달력·가동 계획)
2021-09-02 14:00:00,2021-09-02 14:45:00,163.4821824044034,ARIMA (+달력·가동 계획)
2021-09-02 15:00:00,2021-09-02 15:00:00,183.1136379709385,ARIMA (+달력·가동 계획)
2021-09-02 15:00:00,2021-09-02 15:15:00,178.51082475346053,ARIMA (+달력·가동 계획)
2021-09-02 15:00:00,2021-09-02 15:30:00,176.52391157545685,ARIMA (+달력·가동 계획)
2021-09-02 15:00:00,2021-09-02 15:45:00,176.4958572897932,ARIMA (+달력·가동 계획)
2021-09-02 16:00:00,2021-09-02 16:00:00,177.57262926145472,ARIMA (+달력·가동 계획)
2021-09-02 16:00:00,2021-09-02 16:15:00,177.7037832577711,ARIMA (+달력·가동 계획)
2021-09-02 16:00:00,2021-09-02 16:30:00,175.97186783024625,ARIMA (+달력·가동 계획)
2021-09-02 16:00:00,2021-09-02 16:45:00,172.48725900905978,ARIMA (+달력·가동 계획)
2021-09-02 17:00:00,2021-09-02 17:00:00,165.31466803571098,ARIMA (+달력·가동 계획)
2021-09-02 17:00:00,2021-09-02 17:15:00,161.0772388635686,ARIMA (+달력·가동 계획)
2021-09-02 17:00:00,2021-09-02 17:30:00,156.63481767345408,ARIMA (+달력·가동 계획)
2021-09-02 17:00:00,2021-09-02 17:45:00,152.34010396061785,ARIMA (+달력·가동 계획)
2021-09-02 18:00:00,2021-09-02 18:00:00,155.64713411904646,ARIMA (+달력·가동 계획)
2021-09-02 18:00:00,2021-09-02 18:15:00,153.2930885852007,ARIMA (+달력·가동 계획)
2021-09-02 18:00:00,2021-09-02 18:30:00,147.52630778911688,ARIMA (+달력·가동 계획)
2021-09-02 18:00:00,2021-09-02 18:45:00,140.4368445760958,ARIMA (+달력·가동 계획)
2021-09-02 19:00:00,2021-09-02 19:00:00,155.42192868728753,ARIMA (+달력·가동 계획)
2021-09-02 19:00:00,2021-09-02 19:15:00,143.56863346309152,ARIMA (+달력·가동 계획)
2021-09-02 19:00:00,2021-09-02 19:30:00,134.24038790088198,ARIMA (+달력·가동 계획)
2021-09-02 19:00:00,2021-09-02 19:45:00,128.69088986159684,ARIMA (+달력·가동 계획)
2021-09-02 20:00:00,2021-09-02 20:00:00,139.22116147048726,ARIMA (+달력·가동 계획)
2021-09-02 20:00:00,2021-09-02 20:15:00,133.3272065979744,ARIMA (+달력·가동 계획)
2021-09-02 20:00:00,2021-09-02 20:30:00,130.9365273657605,ARIMA (+달력·가동 계획)
2021-09-02 20:00:00,2021-09-02 20:45:00,130.73673074073866,ARIMA (+달력·가동 계획)
2021-09-02 21:00:00,2021-09-02 21:00:00,130.10025173273215,ARIMA (+달력·가동 계획)
2021-09-02 21:00:00,2021-09-02 21:15:00,128.7318945541419,ARIMA (+달력·가동 계획)
2021-09-02 21:00:00,2021-09-02 21:30:00,126.18388236721968,ARIMA (+달력·가동 계획)
2021-09-02 21:00:00,2021-09-02 21:45:00,122.1947485669052,ARIMA (+달력·가동 계획)
2021-09-02 22:00:00,2021-09-02 22:00:00,123.77953722674624,ARIMA (+달력·가동 계획)
2021-09-02 22:00:00,2021-09-02 22:15:00,116.02752181021404,ARIMA (+달력·가동 계획)
2021-09-02 22:00:00,2021-09-02 22:30:00,107.93287486013904,ARIMA (+달력·가동 계획)
2021-09-02 22:00:00,2021-09-02 22:45:00,100.49717507145174,ARIMA (+달력·가동 계획)
2021-09-02 23:00:00,2021-09-02 23:00:00,120.58606091199552,ARIMA (+달력·가동 계획)
2021-09-02 23:00:00,2021-09-02 23:15:00,109.44197024095664,ARIMA (+달력·가동 계획)
2021-09-02 23:00:00,2021-09-02 23:30:00,98.5481763594963,ARIMA (+달력·가동 계획)
2021-09-02 23:00:00,2021-09-02 23:45:00,90.12232374427242,ARIMA (+달력·가동 계획)
2021-09-03 00:00:00,2021-09-03 00:00:00,87.66474251547388,ARIMA (+달력·가동 계획)
2021-09-03 00:00:00,2021-09-03 00:15:00,83.25037425033508,ARIMA (+달력·가동 계획)
2021-09-03 00:00:00,2021-09-03 00:30:00,84.12618911981232,ARIMA (+달력·가동 계획)
2021-09-03 00:00:00,2021-09-03 00:45:00,88.6248963945643,ARIMA (+달력·가동 계획)
2021-09-03 01:00:00,2021-09-03 01:00:00,79.67467555901337,ARIMA (+달력·가동 계획)
2021-09-03 01:00:00,2021-09-03 01:15:00,91.15055391704308,ARIMA (+달력·가동 계획)
2021-09-03 01:00:00,2021-09-03 01:30:00,99.95393586079848,ARIMA (+달력·가동 계획)
2021-09-03 01:00:00,2021-09-03 01:45:00,105.05741686506478,ARIMA (+달력·가동 계획)
2021-09-03 02:00:00,2021-09-03 02:00:00,115.93602017696637,ARIMA (+달력·가동 계획)
2021-09-03 02:00:00,2021-09-03 02:15:00,111.17089237245928,ARIMA (+달력·가동 계획)
2021-09-03 02:00:00,2021-09-03 02:30:00,106.60570287226224,ARIMA (+달력·가동 계획)
2021-09-03 02:00:00,2021-09-03 02:45:00,103.35205745004131,ARIMA (+달력·가동 계획)
2021-09-03 03:00:00,2021-09-03 03:00:00,101.32677516023398,ARIMA (+달력·가동 계획)
2021-09-03 03:00:00,2021-09-03 03:15:00,100.43312125494676,ARIMA (+달력·가동 계획)
2021-09-03 03:00:00,2021-09-03 03:30:00,100.54634768331988,ARIMA (+달력·가동 계획)
2021-09-03 03:00:00,2021-09-03 03:45:00,100.78359981649167,ARIMA (+달력·가동 계획)
2021-09-03 04:00:00,2021-09-03 04:00:00,110.05532973265512,ARIMA (+달력·가동 계획)
2021-09-03 04:00:00,2021-09-03 04:15:00,105.15469020528748,ARIMA (+달력·가동 계획)
2021-09-03 04:00:00,2021-09-03 04:30:00,100.39406931934352,ARIMA (+달력·가동 계획)
2021-09-03 04:00:00,2021-09-03 04:45:00,96.6502860598047,ARIMA (+달력·가동 계획)
2021-09-03 05:00:00,2021-09-03 05:00:00,98.75779168365602,ARIMA (+달력·가동 계획)
2021-09-03 05:00:00,2021-09-03 05:15:00,96.36307167297156,ARIMA (+달력·가동 계획)
2021-09-03 05:00:00,2021-09-03 05:30:00,96.3058681981085,ARIMA (+달력·가동 계획)
2021-09-03 05:00:00,2021-09-03 05:45:00,98.63455307298229,ARIMA (+달력·가동 계획)
2021-09-03 06:00:00,2021-09-03 06:00:00,114.8883966725974,ARIMA (+달력·가동 계획)
2021-09-03 06:00:00,2021-09-03 06:15:00,117.89307711699414,ARIMA (+달력·가동 계획)
2021-09-03 06:00:00,2021-09-03 06:30:00,121.18447163458686,ARIMA (+달력·가동 계획)
2021-09-03 06:00:00,2021-09-03 06:45:00,125.74885685619884,ARIMA (+달력·가동 계획)
2021-09-03 07:00:00,2021-09-03 07:00:00,113.79556327679752,ARIMA (+달력·가동 계획)
2021-09-03 07:00:00,2021-09-03 07:15:00,128.401135345287,ARIMA (+달력·가동 계획)
2021-09-03 07:00:00,2021-09-03 07:30:00,143.4454275472234,ARIMA (+달력·가동 계획)
2021-09-03 07:00:00,2021-09-03 07:45:00,157.12195251084674,ARIMA (+달력·가동 계획)
2021-09-03 08:00:00,2021-09-03 08:00:00,156.18921670501638,ARIMA (+달력·가동 계획)
2021-09-03 08:00:00,2021-09-03 08:15:00,167.657771489744,ARIMA (+달력·가동 계획)
2021-09-03 08:00:00,2021-09-03 08:30:00,177.32512658084272,ARIMA (+달력·가동 계획)
2021-09-03 08:00:00,2021-09-03 08:45:00,184.59353099202173,ARIMA (+달력·가동 계획)
2021-09-03 09:00:00,2021-09-03 09:00:00,182.19322564215128,ARIMA (+달력·가동 계획)
2021-09-03 09:00:00,2021-09-03 09:15:00,186.11716121734105,ARIMA (+달력·가동 계획)
2021-09-03 09:00:00,2021-09-03 09:30:00,188.4297912666219,ARIMA (+달력·가동 계획)
2021-09-03 09:00:00,2021-09-03 09:45:00,188.9610302081583,ARIMA (+달력·가동 계획)
2021-09-03 10:00:00,2021-09-03 10:00:00,182.19249044619485,ARIMA (+달력·가동 계획)
2021-09-03 10:00:00,2021-09-03 10:15:00,183.1181912784871,ARIMA (+달력·가동 계획)
2021-09-03 10:00:00,2021-09-03 10:30:00,180.72711848679384,ARIMA (+달력·가동 계획)
2021-09-03 10:00:00,2021-09-03 10:45:00,175.72578671088075,ARIMA (+달력·가동 계획)
2021-09-03 11:00:00,2021-09-03 11:00:00,166.8263089928859,ARIMA (+달력·가동 계획)
2021-09-03 11:00:00,2021-09-03 11:15:00,162.0035704546152,ARIMA (+달력·가동 계획)
2021-09-03 11:00:00,2021-09-03 11:30:00,155.75115956520887,ARIMA (+달력·가동 계획)
2021-09-03 11:00:00,2021-09-03 11:45:00,149.42801523122438,ARIMA (+달력·가동 계획)
2021-09-03 12:00:00,2021-09-03 12:00:00,175.0864290467076,ARIMA (+달력·가동 계획)
2021-09-03 12:00:00,2021-09-03 12:15:00,161.10749994551674,ARIMA (+달력·가동 계획)
2021-09-03 12:00:00,2021-09-03 12:30:00,151.23593241677304,ARIMA (+달력·가동 계획)
2021-09-03 12:00:00,2021-09-03 12:45:00,146.8125943480246,ARIMA (+달력·가동 계획)
2021-09-03 13:00:00,2021-09-03 13:00:00,138.39689314647777,ARIMA (+달력·가동 계획)
2021-09-03 13:00:00,2021-09-03 13:15:00,151.53550360579246,ARIMA (+달력·가동 계획)
2021-09-03 13:00:00,2021-09-03 13:30:00,159.5860007241224,ARIMA (+달력·가동 계획)
2021-09-03 13:00:00,2021-09-03 13:45:00,162.70927198972544,ARIMA (+달력·가동 계획)
2021-09-03 14:00:00,2021-09-03 14:00:00,170.75890655690776,ARIMA (+달력·가동 계획)
2021-09-03 14:00:00,2021-09-03 14:15:00,165.05732936696367,ARIMA (+달력·가동 계획)
2021-09-03 14:00:00,2021-09-03 14:30:00,161.14408612586598,ARIMA (+달력·가동 계획)
2021-09-03 14:00:00,2021-09-03 14:45:00,159.98080875877812,ARIMA (+달력·가동 계획)
2021-09-03 15:00:00,2021-09-03 15:00:00,174.0897927357864,ARIMA (+달력·가동 계획)
2021-09-03 15:00:00,2021-09-03 15:15:00,171.88879351519083,ARIMA (+달력·가동 계획)
2021-09-03 15:00:00,2021-09-03 15:30:00,171.32859414459296,ARIMA (+달력·가동 계획)
2021-09-03 15:00:00,2021-09-03 15:45:00,171.73070682209945,ARIMA (+달력·가동 계획)
2021-09-03 16:00:00,2021-09-03 16:00:00,156.99993059594607,ARIMA (+달력·가동 계획)
2021-09-03 16:00:00,2021-09-03 16:15:00,161.2457390354949,ARIMA (+달력·가동 계획)
2021-09-03 16:00:00,2021-09-03 16:30:00,163.12227137013605,ARIMA (+달력·가동 계획)
2021-09-03 16:00:00,2021-09-03 16:45:00,162.0433430735823,ARIMA (+달력·가동 계획)
2021-09-03 17:00:00,2021-09-03 17:00:00,161.77099577406415,ARIMA (+달력·가동 계획)
2021-09-03 17:00:00,2021-09-03 17:15:00,156.06811581190792,ARIMA (+달력·가동 계획)
2021-09-03 17:00:00,2021-09-03 17:30:00,149.29374714919052,ARIMA (+달력·가동 계획)
2021-09-03 17:00:00,2021-09-03 17:45:00,142.75931729919452,ARIMA (+달력·가동 계획)
2021-09-03 18:00:00,2021-09-03 18:00:00,164.02317166323297,ARIMA (+달력·가동 계획)
2021-09-03 18:00:00,2021-09-03 18:15:00,154.00877156662312,ARIMA (+달력·가동 계획)
2021-09-03 18:00:00,2021-09-03 18:30:00,143.2618517454189,ARIMA (+달력·가동 계획)
2021-09-03 18:00:00,2021-09-03 18:45:00,134.35363879579936,ARIMA (+달력·가동 계획)
2021-09-03 19:00:00,2021-09-03 19:00:00,139.70765215884356,ARIMA (+달력·가동 계획)
2021-09-03 19:00:00,2021-09-03 19:15:00,133.69882039917655,ARIMA (+달력·가동 계획)
2021-09-03 19:00:00,2021-09-03 19:30:00,130.45911967992444,ARIMA (+달력·가동 계획)
2021-09-03 19:00:00,2021-09-03 19:45:00,129.57241024197577,ARIMA (+달력·가동 계획)
2021-09-03 20:00:00,2021-09-03 20:00:00,116.67770281870716,ARIMA (+달력·가동 계획)
2021-09-03 20:00:00,2021-09-03 20:15:00,118.81511297975852,ARIMA (+달력·가동 계획)
2021-09-03 20:00:00,2021-09-03 20:30:00,122.81766451699964,ARIMA (+달력·가동 계획)
2021-09-03 20:00:00,2021-09-03 20:45:00,126.26974551473252,ARIMA (+달력·가동 계획)
2021-09-03 21:00:00,2021-09-03 21:00:00,117.58106903253784,ARIMA (+달력·가동 계획)
2021-09-03 21:00:00,2021-09-03 21:15:00,119.04240415618769,ARIMA (+달력·가동 계획)
2021-09-03 21:00:00,2021-09-03 21:30:00,117.53338100584828,ARIMA (+달력·가동 계획)
2021-09-03 21:00:00,2021-09-03 21:45:00,113.16676573206956,ARIMA (+달력·가동 계획)
2021-09-03 22:00:00,2021-09-03 22:00:00,99.68313350632543,ARIMA (+달력·가동 계획)
2021-09-03 22:00:00,2021-09-03 22:15:00,94.5522669708747,ARIMA (+달력·가동 계획)
2021-09-03 22:00:00,2021-09-03 22:30:00,89.02807698148818,ARIMA (+달력·가동 계획)
2021-09-03 22:00:00,2021-09-03 22:45:00,83.58876167772641,ARIMA (+달력·가동 계획)
2021-09-03 23:00:00,2021-09-03 23:00:00,107.3062344134644,ARIMA (+달력·가동 계획)
2021-09-03 23:00:00,2021-09-03 23:15:00,93.87400448484912,ARIMA (+달력·가동 계획)
2021-09-03 23:00:00,2021-09-03 23:30:00,82.08643061710197,ARIMA (+달력·가동 계획)
2021-09-03 23:00:00,2021-09-03 23:45:00,74.06837373872004,ARIMA (+달력·가동 계획)
2021-09-04 00:00:00,2021-09-04 00:00:00,65.89760658681291,ARIMA (+달력·가동 계획)
2021-09-04 00:00:00,2021-09-04 00:15:00,63.09067204760176,ARIMA (+달력·가동 계획)
2021-09-04 00:00:00,2021-09-04 00:30:00,63.47852456993287,ARIMA (+달력·가동 계획)
2021-09-04 00:00:00,2021-09-04 00:45:00,65.97171142364162,ARIMA (+달력·가동 계획)
2021-09-04 01:00:00,2021-09-04 01:00:00,64.06373547751683,ARIMA (+달력·가동 계획)
2021-09-04 01:00:00,2021-09-04 01:15:00,68.46896855725139,ARIMA (+달력·가동 계획)
2021-09-04 01:00:00,2021-09-04 01:30:00,71.91665120505156,ARIMA (+달력·가동 계획)
2021-09-04 01:00:00,2021-09-04 01:45:00,73.7547444975956,ARIMA (+달력·가동 계획)
2021-09-04 02:00:00,2021-09-04 02:00:00,96.0091660425904,ARIMA (+달력·가동 계획)
2021-09-04 02:00:00,2021-09-04 02:15:00,85.08211872948641,ARIMA (+달력·가동 계획)
2021-09-04 02:00:00,2021-09-04 02:30:00,77.62240181160841,ARIMA (+달력·가동 계획)
2021-09-04 02:00:00,2021-09-04 02:45:00,74.38114446476925,ARIMA (+달력·가동 계획)
2021-09-04 03:00:00,2021-09-04 03:00:00,99.54148662971258,ARIMA (+달력·가동 계획)
2021-09-04 03:00:00,2021-09-04 03:15:00,93.43221024086552,ARIMA (+달력·가동 계획)
2021-09-04 03:00:00,2021-09-04 03:30:00,89.61083910529605,ARIMA (+달력·가동 계획)
2021-09-04 03:00:00,2021-09-04 03:45:00,88.1116437609686,ARIMA (+달력·가동 계획)
2021-09-04 04:00:00,2021-09-04 04:00:00,94.71005879396628,ARIMA (+달력·가동 계획)
2021-09-04 04:00:00,2021-09-04 04:15:00,93.11650441568509,ARIMA (+달력·가동 계획)
2021-09-04 04:00:00,2021-09-04 04:30:00,92.05902268039884,ARIMA (+달력·가동 계획)
2021-09-04 04:00:00,2021-09-04 04:45:00,91.25038383976324,ARIMA (+달력·가동 계획)
2021-09-04 05:00:00,2021-09-04 05:00:00,101.80270452094604,ARIMA (+달력·가동 계획)
2021-09-04 05:00:00,2021-09-04 05:15:00,95.95040993744487,ARIMA (+달력·가동 계획)
2021-09-04 05:00:00,2021-09-04 05:30:00,91.30331720051474,ARIMA (+달력·가동 계획)
2021-09-04 05:00:00,2021-09-04 05:45:00,88.09888550065493,ARIMA (+달력·가동 계획)
2021-09-04 06:00:00,2021-09-04 06:00:00,103.12250309744684,ARIMA (+달력·가동 계획)
2021-09-04 06:00:00,2021-09-04 06:15:00,97.97362555043571,ARIMA (+달력·가동 계획)
2021-09-04 06:00:00,2021-09-04 06:30:00,91.18386866316438,ARIMA (+달력·가동 계획)
2021-09-04 06:00:00,2021-09-04 06:45:00,84.30109799436565,ARIMA (+달력·가동 계획)
2021-09-04 07:00:00,2021-09-04 07:00:00,95.89635258089052,ARIMA (+달력·가동 계획)
2021-09-04 07:00:00,2021-09-04 07:15:00,85.02746639904706,ARIMA (+달력·가동 계획)
2021-09-04 07:00:00,2021-09-04 07:30:00,77.07788209574585,ARIMA (+달력·가동 계획)
2021-09-04 07:00:00,2021-09-04 07:45:00,72.46935089486364,ARIMA (+달력·가동 계획)
2021-09-04 08:00:00,2021-09-04 08:00:00,43.92362086889167,ARIMA (+달력·가동 계획)
2021-09-04 08:00:00,2021-09-04 08:15:00,52.07255744314239,ARIMA (+달력·가동 계획)
2021-09-04 08:00:00,2021-09-04 08:30:00,60.42216518636809,ARIMA (+달력·가동 계획)
2021-09-04 08:00:00,2021-09-04 08:45:00,66.18537086862872,ARIMA (+달력·가동 계획)
2021-09-04 09:00:00,2021-09-04 09:00:00,41.86753735084855,ARIMA (+달력·가동 계획)
2021-09-04 09:00:00,2021-09-04 09:15:00,49.85271778121148,ARIMA (+달력·가동 계획)
2021-09-04 09:00:00,2021-09-04 09:30:00,53.49630239472594,ARIMA (+달력·가동 계획)
2021-09-04 09:00:00,2021-09-04 09:45:00,52.99152786137645,ARIMA (+달력·가동 계획)
2021-09-04 10:00:00,2021-09-04 10:00:00,35.1167121706782,ARIMA (+달력·가동 계획)
2021-09-04 10:00:00,2021-09-04 10:15:00,36.517138331262025,ARIMA (+달력·가동 계획)
2021-09-04 10:00:00,2021-09-04 10:30:00,36.3888368223678,ARIMA (+달력·가동 계획)
2021-09-04 10:00:00,2021-09-04 10:45:00,35.296512461170266,ARIMA (+달력·가동 계획)
2021-09-04 11:00:00,2021-09-04 11:00:00,33.14263792918134,ARIMA (+달력·가동 계획)
2021-09-04 11:00:00,2021-09-04 11:15:00,32.33535531980201,ARIMA (+달력·가동 계획)
2021-09-04 11:00:00,2021-09-04 11:30:00,31.89179737042938,ARIMA (+달력·가동 계획)
2021-09-04 11:00:00,2021-09-04 11:45:00,31.9355621993209,ARIMA (+달력·가동 계획)
2021-09-04 12:00:00,2021-09-04 12:00:00,32.50709912286182,ARIMA (+달력·가동 계획)
2021-09-04 12:00:00,2021-09-04 12:15:00,33.248051606012815,ARIMA (+달력·가동 계획)
2021-09-04 12:00:00,2021-09-04 12:30:00,34.05800236815303,ARIMA (+달력·가동 계획)
2021-09-04 12:00:00,2021-09-04 12:45:00,34.79613863774654,ARIMA (+달력·가동 계획)
2021-09-04 13:00:00,2021-09-04 13:00:00,32.93275865594366,ARIMA (+달력·가동 계획)
2021-09-04 13:00:00,2021-09-04 13:15:00,34.00718947879445,ARIMA (+달력·가동 계획)
2021-09-04 13:00:00,2021-09-04 13:30:00,34.97891046152644,ARIMA (+달력·가동 계획)
2021-09-04 13:00:00,2021-09-04 13:45:00,35.70463639911569,ARIMA (+달력·가동 계획)
2021-09-04 14:00:00,2021-09-04 14:00:00,37.74225660809349,ARIMA (+달력·가동 계획)
2021-09-04 14:00:00,2021-09-04 14:15:00,37.7938270427978,ARIMA (+달력·가동 계획)
2021-09-04 14:00:00,2021-09-04 14:30:00,37.448010530581726,ARIMA (+달력·가동 계획)
2021-09-04 14:00:00,2021-09-04 14:45:00,37.02232220314404,ARIMA (+달력·가동 계획)
2021-09-04 15:00:00,2021-09-04 15:00:00,34.03435607213949,ARIMA (+달력·가동 계획)
2021-09-04 15:00:00,2021-09-04 15:15:00,35.225848003339145,ARIMA (+달력·가동 계획)
2021-09-04 15:00:00,2021-09-04 15:30:00,36.35790228129169,ARIMA (+달력·가동 계획)
2021-09-04 15:00:00,2021-09-04 15:45:00,37.303172583305006,ARIMA (+달력·가동 계획)
2021-09-04 16:00:00,2021-09-04 16:00:00,34.757639515339775,ARIMA (+달력·가동 계획)
2021-09-04 16:00:00,2021-09-04 16:15:00,36.44430649155962,ARIMA (+달력·가동 계획)
2021-09-04 16:00:00,2021-09-04 16:30:00,37.80741063634195,ARIMA (+달력·가동 계획)
2021-09-04 16:00:00,2021-09-04 16:45:00,38.75299123666916,ARIMA (+달력·가동 계획)
2021-09-04 17:00:00,2021-09-04 17:00:00,43.8015815222661,ARIMA (+달력·가동 계획)
2021-09-04 17:00:00,2021-09-04 17:15:00,43.32429449706755,ARIMA (+달력·가동 계획)
2021-09-04 17:00:00,2021-09-04 17:30:00,42.22034221735808,ARIMA (+달력·가동 계획)
2021-09-04 17:00:00,2021-09-04 17:45:00,41.096951606815445,ARIMA (+달력·가동 계획)
2021-09-04 18:00:00,2021-09-04 18:00:00,33.10910275923518,ARIMA (+달력·가동 계획)
2021-09-04 18:00:00,2021-09-04 18:15:00,35.73099669426192,ARIMA (+달력·가동 계획)
2021-09-04 18:00:00,2021-09-04 18:30:00,38.14432732203327,ARIMA (+달력·가동 계획)
2021-09-04 18:00:00,2021-09-04 18:45:00,39.90061810098136,ARIMA (+달력·가동 계획)
2021-09-04 19:00:00,2021-09-04 19:00:00,29.18747618325509,ARIMA (+달력·가동 계획)
2021-09-04 19:00:00,2021-09-04 19:15:00,33.82957118764246,ARIMA (+달력·가동 계획)
2021-09-04 19:00:00,2021-09-04 19:30:00,37.053229119548455,ARIMA (+달력·가동 계획)
2021-09-04 19:00:00,2021-09-04 19:45:00,38.64035649272702,ARIMA (+달력·가동 계획)
2021-09-04 20:00:00,2021-09-04 20:00:00,27.579554200142336,ARIMA (+달력·가동 계획)
2021-09-04 20:00:00,2021-09-04 20:15:00,31.40980456490305,ARIMA (+달력·가동 계획)
2021-09-04 20:00:00,2021-09-04 20:30:00,34.00718494724978,ARIMA (+달력·가동 계획)
2021-09-04 20:00:00,2021-09-04 20:45:00,35.38141954068215,ARIMA (+달력·가동 계획)
2021-09-04 21:00:00,2021-09-04 21:00:00,27.96663264627448,ARIMA (+달력·가동 계획)
2021-09-04 21:00:00,2021-09-04 21:15:00,30.756781791672957,ARIMA (+달력·가동 계획)
2021-09-04 21:00:00,2021-09-04 21:30:00,33.083617243656406,ARIMA (+달력·가동 계획)
2021-09-04 21:00:00,2021-09-04 21:45:00,34.8782208068509,ARIMA (+달력·가동 계획)
2021-09-04 22:00:00,2021-09-04 22:00:00,26.57809783755419,ARIMA (+달력·가동 계획)
2021-09-04 22:00:00,2021-09-04 22:15:00,31.08297344935132,ARIMA (+달력·가동 계획)
2021-09-04 22:00:00,2021-09-04 22:30:00,34.779820321042905,ARIMA (+달력·가동 계획)
2021-09-04 22:00:00,2021-09-04 22:45:00,37.357874003207314,ARIMA (+달력·가동 계획)
2021-09-04 23:00:00,2021-09-04 23:00:00,28.10928806503483,ARIMA (+달력·가동 계획)
2021-09-04 23:00:00,2021-09-04 23:15:00,32.7166422611088,ARIMA (+달력·가동 계획)
2021-09-04 23:00:00,2021-09-04 23:30:00,36.148121925048585,ARIMA (+달력·가동 계획)
2021-09-04 23:00:00,2021-09-04 23:45:00,38.21763742848236,ARIMA (+달력·가동 계획)
2021-09-05 00:00:00,2021-09-05 00:00:00,18.997665635381026,ARIMA (+달력·가동 계획)
2021-09-05 00:00:00,2021-09-05 00:15:00,23.281686337636344,ARIMA (+달력·가동 계획)
2021-09-05 00:00:00,2021-09-05 00:30:00,26.278385747496426,ARIMA (+달력·가동 계획)
2021-09-05 00:00:00,2021-09-05 00:45:00,27.88274855863752,ARIMA (+달력·가동 계획)
2021-09-05 01:00:00,2021-09-05 01:00:00,24.79209639891169,ARIMA (+달력·가동 계획)
2021-09-05 01:00:00,2021-09-05 01:15:00,25.535011540494462,ARIMA (+달력·가동 계획)
2021-09-05 01:00:00,2021-09-05 01:30:00,26.28883910210298,ARIMA (+달력·가동 계획)
2021-09-05 01:00:00,2021-09-05 01:45:00,27.0797587265098,ARIMA (+달력·가동 계획)
2021-09-05 02:00:00,2021-09-05 02:00:00,24.17830385998153,ARIMA (+달력·가동 계획)
2021-09-05 02:00:00,2021-09-05 02:15:00,26.3809007577227,ARIMA (+달력·가동 계획)
2021-09-05 02:00:00,2021-09-05 02:30:00,28.23739448290932,ARIMA (+달력·가동 계획)
2021-09-05 02:00:00,2021-09-05 02:45:00,29.57410458344403,ARIMA (+달력·가동 계획)
2021-09-05 03:00:00,2021-09-05 03:00:00,24.72374396232738,ARIMA (+달력·가동 계획)
2021-09-05 03:00:00,2021-09-05 03:15:00,27.19650948156465,ARIMA (+달력·가동 계획)
2021-09-05 03:00:00,2021-09-05 03:30:00,29.032459246434108,ARIMA (+달력·가동 계획)
2021-09-05 03:00:00,2021-09-05 03:45:00,30.10860641600817,ARIMA (+달력·가동 계획)
2021-09-05 04:00:00,2021-09-05 04:00:00,24.525264177968005,ARIMA (+달력·가동 계획)
2021-09-05 04:00:00,2021-09-05 04:15:00,26.654299388530617,ARIMA (+달력·가동 계획)
2021-09-05 04:00:00,2021-09-05 04:30:00,28.03026507992344,ARIMA (+달력·가동 계획)
2021-09-05 04:00:00,2021-09-05 04:45:00,28.55787436850045,ARIMA (+달력·가동 계획)
2021-09-05 05:00:00,2021-09-05 05:00:00,22.829828659141928,ARIMA (+달력·가동 계획)
2021-09-05 05:00:00,2021-09-05 05:15:00,23.686839348078905,ARIMA (+달력·가동 계획)
2021-09-05 05:00:00,2021-09-05 05:30:00,24.23159537458705,ARIMA (+달력·가동 계획)
2021-09-05 05:00:00,2021-09-05 05:45:00,24.25775525376128,ARIMA (+달력·가동 계획)
2021-09-05 06:00:00,2021-09-05 06:00:00,22.096751086198427,ARIMA (+달력·가동 계획)
2021-09-05 06:00:00,2021-09-05 06:15:00,21.66941172864108,ARIMA (+달력·가동 계획)
2021-09-05 06:00:00,2021-09-05 06:30:00,20.70700605667194,ARIMA (+달력·가동 계획)
2021-09-05 06:00:00,2021-09-05 06:45:00,19.31375716424545,ARIMA (+달력·가동 계획)
2021-09-05 07:00:00,2021-09-05 07:00:00,19.88970797429404,ARIMA (+달력·가동 계획)
2021-09-05 07:00:00,2021-09-05 07:15:00,17.47239984469225,ARIMA (+달력·가동 계획)
2021-09-05 07:00:00,2021-09-05 07:30:00,15.13372826970532,ARIMA (+달력·가동 계획)
2021-09-05 07:00:00,2021-09-05 07:45:00,13.133441849629474,ARIMA (+달력·가동 계획)
2021-09-05 08:00:00,2021-09-05 08:00:00,18.33456362759127,ARIMA (+달력·가동 계획)
2021-09-05 08:00:00,2021-09-05 08:15:00,14.872324471586484,ARIMA (+달력·가동 계획)
2021-09-05 08:00:00,2021-09-05 08:30:00,12.20367941548388,ARIMA (+달력·가동 계획)
2021-09-05 08:00:00,2021-09-05 08:45:00,10.575380854578032,ARIMA (+달력·가동 계획)
2021-09-05 09:00:00,2021-09-05 09:00:00,18.78479874236993,ARIMA (+달력·가동 계획)
2021-09-05 09:00:00,2021-09-05 09:15:00,15.504394979851735,ARIMA (+달력·가동 계획)
2021-09-05 09:00:00,2021-09-05 09:30:00,13.640866637030818,ARIMA (+달력·가동 계획)
2021-09-05 09:00:00,2021-09-05 09:45:00,13.20549797398668,ARIMA (+달력·가동 계획)
2021-09-05 10:00:00,2021-09-05 10:00:00,21.11174366141028,ARIMA (+달력·가동 계획)
2021-09-05 10:00:00,2021-09-05 10:15:00,19.763103139922745,ARIMA (+달력·가동 계획)
2021-09-05 10:00:00,2021-09-05 10:30:00,19.194906769023085,ARIMA (+달력·가동 계획)
2021-09-05 10:00:00,2021-09-05 10:45:00,19.397107081885068,ARIMA (+달력·가동 계획)
2021-09-05 11:00:00,2021-09-05 11:00:00,21.98998250772596,ARIMA (+달력·가동 계획)
2021-09-05 11:00:00,2021-09-05 11:15:00,22.34424344671674,ARIMA (+달력·가동 계획)
2021-09-05 11:00:00,2021-09-05 11:30:00,22.972739057347276,ARIMA (+달력·가동 계획)
2021-09-05 11:00:00,2021-09-05 11:45:00,23.74287346328881,ARIMA (+달력·가동 계획)
2021-09-05 12:00:00,2021-09-05 12:00:00,23.101477761338405,ARIMA (+달력·가동 계획)
2021-09-05 12:00:00,2021-09-05 12:15:00,24.23545419116372,ARIMA (+달력·가동 계획)
2021-09-05 12:00:00,2021-09-05 12:30:00,25.198664442920016,ARIMA (+달력·가동 계획)
2021-09-05 12:00:00,2021-09-05 12:45:00,25.88701544314551,ARIMA (+달력·가동 계획)
2021-09-05 13:00:00,2021-09-05 13:00:00,23.045232652180857,ARIMA (+달력·가동 계획)
2021-09-05 13:00:00,2021-09-05 13:15:00,24.287561147677803,ARIMA (+달력·가동 계획)
2021-09-05 13:00:00,2021-09-05 13:30:00,25.42555721644977,ARIMA (+달력·가동 계획)
2021-09-05 13:00:00,2021-09-05 13:45:00,26.27668914162912,ARIMA (+달력·가동 계획)
2021-09-05 14:00:00,2021-09-05 14:00:00,23.54187026639837,ARIMA (+달력·가동 계획)
2021-09-05 14:00:00,2021-09-05 14:15:00,24.940120618366336,ARIMA (+달력·가동 계획)
2021-09-05 14:00:00,2021-09-05 14:30:00,25.980814977368414,ARIMA (+달력·가동 계획)
2021-09-05 14:00:00,2021-09-05 14:45:00,26.618773977677904,ARIMA (+달력·가동 계획)
2021-09-05 15:00:00,2021-09-05 15:00:00,24.20893544180189,ARIMA (+달력·가동 계획)
2021-09-05 15:00:00,2021-09-05 15:15:00,25.341166582823888,ARIMA (+달력·가동 계획)
2021-09-05 15:00:00,2021-09-05 15:30:00,26.279192843240416,ARIMA (+달력·가동 계획)
2021-09-05 15:00:00,2021-09-05 15:45:00,26.99968986946777,ARIMA (+달력·가동 계획)
2021-09-05 16:00:00,2021-09-05 16:00:00,29.07582644730256,ARIMA (+달력·가동 계획)
2021-09-05 16:00:00,2021-09-05 16:15:00,29.49241089409373,ARIMA (+달력·가동 계획)
2021-09-05 16:00:00,2021-09-05 16:30:00,29.511659806177903,ARIMA (+달력·가동 계획)
2021-09-05 16:00:00,2021-09-05 16:45:00,29.41589761036636,ARIMA (+달력·가동 계획)
2021-09-05 17:00:00,2021-09-05 17:00:00,24.103594609611235,ARIMA (+달력·가동 계획)
2021-09-05 17:00:00,2021-09-05 17:15:00,26.343658492531468,ARIMA (+달력·가동 계획)
2021-09-05 17:00:00,2021-09-05 17:30:00,28.248485977498557,ARIMA (+달력·가동 계획)
2021-09-05 17:00:00,2021-09-05 17:45:00,29.56812330206435,ARIMA (+달력·가동 계획)
2021-09-05 18:00:00,2021-09-05 18:00:00,25.440989322173696,ARIMA (+달력·가동 계획)
2021-09-05 18:00:00,2021-09-05 18:15:00,27.465561777149603,ARIMA (+달력·가동 계획)
2021-09-05 18:00:00,2021-09-05 18:30:00,28.809301555447973,ARIMA (+달력·가동 계획)
2021-09-05 18:00:00,2021-09-05 18:45:00,29.46512751732338,ARIMA (+달력·가동 계획)
2021-09-05 19:00:00,2021-09-05 19:00:00,24.206705421039192,ARIMA (+달력·가동 계획)
2021-09-05 19:00:00,2021-09-05 19:15:00,26.139791951817852,ARIMA (+달력·가동 계획)
2021-09-05 19:00:00,2021-09-05 19:30:00,27.548010378942536,ARIMA (+달력·가동 계획)
2021-09-05 19:00:00,2021-09-05 19:45:00,28.40819860280633,ARIMA (+달력·가동 계획)
2021-09-05 20:00:00,2021-09-05 20:00:00,24.210085794556957,ARIMA (+달력·가동 계획)
2021-09-05 20:00:00,2021-09-05 20:15:00,25.72929856149168,ARIMA (+달력·가동 계획)
2021-09-05 20:00:00,2021-09-05 20:30:00,27.3179001323488,ARIMA (+달력·가동 계획)
2021-09-05 20:00:00,2021-09-05 20:45:00,28.81122387239366,ARIMA (+달력·가동 계획)
2021-09-05 21:00:00,2021-09-05 21:00:00,25.672454307786783,ARIMA (+달력·가동 계획)
2021-09-05 21:00:00,2021-09-05 21:15:00,28.38385076027154,ARIMA (+달력·가동 계획)
2021-09-05 21:00:00,2021-09-05 21:30:00,30.74787223835278,ARIMA (+달력·가동 계획)
2021-09-05 21:00:00,2021-09-05 21:45:00,32.59749645141403,ARIMA (+달력·가동 계획)
2021-09-05 22:00:00,2021-09-05 22:00:00,25.846618550651847,ARIMA (+달력·가동 계획)
2021-09-05 22:00:00,2021-09-05 22:15:00,29.639666545334627,ARIMA (+달력·가동 계획)
2021-09-05 22:00:00,2021-09-05 22:30:00,32.770053399851065,ARIMA (+달력·가동 계획)
2021-09-05 22:00:00,2021-09-05 22:45:00,34.97732297361278,ARIMA (+달력·가동 계획)
2021-09-05 23:00:00,2021-09-05 23:00:00,30.97594699474404,ARIMA (+달력·가동 계획)
2021-09-05 23:00:00,2021-09-05 23:15:00,34.00911396857249,ARIMA (+달력·가동 계획)
2021-09-05 23:00:00,2021-09-05 23:30:00,35.9101864853452,ARIMA (+달력·가동 계획)
2021-09-05 23:00:00,2021-09-05 23:45:00,36.81940583161793,ARIMA (+달력·가동 계획)
2021-09-06 00:00:00,2021-09-06 00:00:00,33.761509308594654,ARIMA (+달력·가동 계획)
2021-09-06 00:00:00,2021-09-06 00:15:00,37.76812925496026,ARIMA (+달력·가동 계획)
2021-09-06 00:00:00,2021-09-06 00:30:00,41.189463686936456,ARIMA (+달력·가동 계획)
2021-09-06 00:00:00,2021-09-06 00:45:00,44.50213475001063,ARIMA (+달력·가동 계획)
2021-09-06 01:00:00,2021-09-06 01:00:00,30.816142848983382,ARIMA (+달력·가동 계획)
2021-09-06 01:00:00,2021-09-06 01:15:00,39.4356413867278,ARIMA (+달력·가동 계획)
2021-09-06 01:00:00,2021-09-06 01:30:00,45.74437172393448,ARIMA (+달력·가동 계획)
2021-09-06 01:00:00,2021-09-06 01:45:00,50.64526518011013,ARIMA (+달력·가동 계획)
2021-09-06 02:00:00,2021-09-06 02:00:00,31.921031725011986,ARIMA (+달력·가동 계획)
2021-09-06 02:00:00,2021-09-06 02:15:00,41.48983561059573,ARIMA (+달력·가동 계획)
2021-09-06 02:00:00,2021-09-06 02:30:00,47.75752636374816,ARIMA (+달력·가동 계획)
2021-09-06 02:00:00,2021-09-06 02:45:00,51.54751318035522,ARIMA (+달력·가동 계획)
2021-09-06 03:00:00,2021-09-06 03:00:00,29.93346746033096,ARIMA (+달력·가동 계획)
2021-09-06 03:00:00,2021-09-06 03:15:00,36.63875997058906,ARIMA (+달력·가동 계획)
2021-09-06 03:00:00,2021-09-06 03:30:00,39.928100739885735,ARIMA (+달력·가동 계획)
2021-09-06 03:00:00,2021-09-06 03:45:00,41.156835444726255,ARIMA (+달력·가동 계획)
2021-09-06 04:00:00,2021-09-06 04:00:00,25.867327666923707,ARIMA (+달력·가동 계획)
2021-09-06 04:00:00,2021-09-06 04:15:00,28.496992673066597,ARIMA (+달력·가동 계획)
2021-09-06 04:00:00,2021-09-06 04:30:00,29.158444886932344,ARIMA (+달력·가동 계획)
2021-09-06 04:00:00,2021-09-06 04:45:00,28.977369035628087,ARIMA (+달력·가동 계획)
2021-09-06 05:00:00,2021-09-06 05:00:00,23.487127791021926,ARIMA (+달력·가동 계획)
2021-09-06 05:00:00,2021-09-06 05:15:00,25.418792184888662,ARIMA (+달력·가동 계획)
2021-09-06 05:00:00,2021-09-06 05:30:00,27.904245373128468,ARIMA (+달력·가동 계획)
2021-09-06 05:00:00,2021-09-06 05:45:00,31.45999769165917,ARIMA (+달력·가동 계획)
2021-09-06 06:00:00,2021-09-06 06:00:00,30.52564572722467,ARIMA (+달력·가동 계획)
2021-09-06 06:00:00,2021-09-06 06:15:00,38.723768957415245,ARIMA (+달력·가동 계획)
2021-09-06 06:00:00,2021-09-06 06:30:00,47.80442670064846,ARIMA (+달력·가동 계획)
2021-09-06 06:00:00,2021-09-06 06:45:00,57.67433526299827,ARIMA (+달력·가동 계획)
2021-09-06 07:00:00,2021-09-06 07:00:00,41.49726200011867,ARIMA (+달력·가동 계획)
2021-09-06 07:00:00,2021-09-06 07:15:00,61.16551993127978,ARIMA (+달력·가동 계획)
2021-09-06 07:00:00,2021-09-06 07:30:00,78.38454440519928,ARIMA (+달력·가동 계획)
2021-09-06 07:00:00,2021-09-06 07:45:00,93.32488358548716,ARIMA (+달력·가동 계획)
2021-09-06 08:00:00,2021-09-06 08:00:00,96.98195560245372,ARIMA (+달력·가동 계획)
2021-09-06 08:00:00,2021-09-06 08:15:00,109.6578849544048,ARIMA (+달력·가동 계획)
2021-09-06 08:00:00,2021-09-06 08:30:00,118.19473721344929,ARIMA (+달력·가동 계획)
2021-09-06 08:00:00,2021-09-06 08:45:00,123.86287445074242,ARIMA (+달력·가동 계획)
2021-09-06 09:00:00,2021-09-06 09:00:00,160.47938914668543,ARIMA (+달력·가동 계획)
2021-09-06 09:00:00,2021-09-06 09:15:00,150.08563862760158,ARIMA (+달력·가동 계획)
2021-09-06 09:00:00,2021-09-06 09:30:00,145.87925246775606,ARIMA (+달력·가동 계획)
2021-09-06 09:00:00,2021-09-06 09:45:00,145.80318853674845,ARIMA (+달력·가동 계획)
2021-09-06 10:00:00,2021-09-06 10:00:00,164.83577149113526,ARIMA (+달력·가동 계획)
2021-09-06 10:00:00,2021-09-06 10:15:00,162.44306939209864,ARIMA (+달력·가동 계획)
2021-09-06 10:00:00,2021-09-06 10:30:00,159.36175658342273,ARIMA (+달력·가동 계획)
2021-09-06 10:00:00,2021-09-06 10:45:00,153.81051125900072,ARIMA (+달력·가동 계획)
2021-09-06 11:00:00,2021-09-06 11:00:00,167.99331432550957,ARIMA (+달력·가동 계획)
2021-09-06 11:00:00,2021-09-06 11:15:00,154.28739722563992,ARIMA (+달력·가동 계획)
2021-09-06 11:00:00,2021-09-06 11:30:00,144.7955455850227,ARIMA (+달력·가동 계획)
2021-09-06 11:00:00,2021-09-06 11:45:00,138.88832201804098,ARIMA (+달력·가동 계획)
2021-09-06 12:00:00,2021-09-06 12:00:00,160.57133261850862,ARIMA (+달력·가동 계획)
2021-09-06 12:00:00,2021-09-06 12:15:00,150.1425086680694,ARIMA (+달력·가동 계획)
2021-09-06 12:00:00,2021-09-06 12:30:00,144.61519948372953,ARIMA (+달력·가동 계획)
2021-09-06 12:00:00,2021-09-06 12:45:00,142.59542504764863,ARIMA (+달력·가동 계획)
2021-09-06 13:00:00,2021-09-06 13:00:00,139.553993183317,ARIMA (+달력·가동 계획)
2021-09-06 13:00:00,2021-09-06 13:15:00,146.98515314576971,ARIMA (+달력·가동 계획)
2021-09-06 13:00:00,2021-09-06 13:30:00,151.88509860601374,ARIMA (+달력·가동 계획)
2021-09-06 13:00:00,2021-09-06 13:45:00,151.5967151096814,ARIMA (+달력·가동 계획)
2021-09-06 14:00:00,2021-09-06 14:00:00,155.78168795911336,ARIMA (+달력·가동 계획)
2021-09-06 14:00:00,2021-09-06 14:15:00,152.03691528353173,ARIMA (+달력·가동 계획)
2021-09-06 14:00:00,2021-09-06 14:30:00,151.40908628211875,ARIMA (+달력·가동 계획)
2021-09-06 14:00:00,2021-09-06 14:45:00,153.0967315400551,ARIMA (+달력·가동 계획)
2021-09-06 15:00:00,2021-09-06 15:00:00,162.86059228129116,ARIMA (+달력·가동 계획)
2021-09-06 15:00:00,2021-09-06 15:15:00,162.3772125937738,ARIMA (+달력·가동 계획)
2021-09-06 15:00:00,2021-09-06 15:30:00,162.49049701810608,ARIMA (+달력·가동 계획)
2021-09-06 15:00:00,2021-09-06 15:45:00,161.52152283529455,ARIMA (+달력·가동 계획)
2021-09-06 16:00:00,2021-09-06 16:00:00,166.06444545403545,ARIMA (+달력·가동 계획)
2021-09-06 16:00:00,2021-09-06 16:15:00,161.28670073496914,ARIMA (+달력·가동 계획)
2021-09-06 16:00:00,2021-09-06 16:30:00,154.41628850890163,ARIMA (+달력·가동 계획)
2021-09-06 16:00:00,2021-09-06 16:45:00,148.65340869368288,ARIMA (+달력·가동 계획)
2021-09-06 17:00:00,2021-09-06 17:00:00,141.88014439792124,ARIMA (+달력·가동 계획)
2021-09-06 17:00:00,2021-09-06 17:15:00,139.7961642580271,ARIMA (+달력·가동 계획)
2021-09-06 17:00:00,2021-09-06 17:30:00,136.4645579508606,ARIMA (+달력·가동 계획)
2021-09-06 17:00:00,2021-09-06 17:45:00,132.60359434295503,ARIMA (+달력·가동 계획)
2021-09-06 18:00:00,2021-09-06 18:00:00,139.2074414355596,ARIMA (+달력·가동 계획)
2021-09-06 18:00:00,2021-09-06 18:15:00,135.67514365001705,ARIMA (+달력·가동 계획)
2021-09-06 18:00:00,2021-09-06 18:30:00,127.48531390478858,ARIMA (+달력·가동 계획)
2021-09-06 18:00:00,2021-09-06 18:45:00,120.69606624509318,ARIMA (+달력·가동 계획)
2021-09-06 19:00:00,2021-09-06 19:00:00,141.83372884699995,ARIMA (+달력·가동 계획)
2021-09-06 19:00:00,2021-09-06 19:15:00,131.96617865558244,ARIMA (+달력·가동 계획)
2021-09-06 19:00:00,2021-09-06 19:30:00,126.66238408559292,ARIMA (+달력·가동 계획)
2021-09-06 19:00:00,2021-09-06 19:45:00,123.55128601757944,ARIMA (+달력·가동 계획)
2021-09-06 20:00:00,2021-09-06 20:00:00,117.28177249041067,ARIMA (+달력·가동 계획)
2021-09-06 20:00:00,2021-09-06 20:15:00,118.83725894996282,ARIMA (+달력·가동 계획)
2021-09-06 20:00:00,2021-09-06 20:30:00,118.90538835329473,ARIMA (+달력·가동 계획)
2021-09-06 20:00:00,2021-09-06 20:45:00,118.92023632268666,ARIMA (+달력·가동 계획)
2021-09-06 21:00:00,2021-09-06 21:00:00,115.6800320995116,ARIMA (+달력·가동 계획)
2021-09-06 21:00:00,2021-09-06 21:15:00,111.99024107478576,ARIMA (+달력·가동 계획)
2021-09-06 21:00:00,2021-09-06 21:30:00,108.02357579574524,ARIMA (+달력·가동 계획)
2021-09-06 21:00:00,2021-09-06 21:45:00,103.18665885991638,ARIMA (+달력·가동 계획)
2021-09-06 22:00:00,2021-09-06 22:00:00,112.007172225633,ARIMA (+달력·가동 계획)
2021-09-06 22:00:00,2021-09-06 22:15:00,100.7103514279824,ARIMA (+달력·가동 계획)
2021-09-06 22:00:00,2021-09-06 22:30:00,92.54715473544002,ARIMA (+달력·가동 계획)
2021-09-06 22:00:00,2021-09-06 22:45:00,84.77236589509171,ARIMA (+달력·가동 계획)
2021-09-06 23:00:00,2021-09-06 23:00:00,102.77717966038996,ARIMA (+달력·가동 계획)
2021-09-06 23:00:00,2021-09-06 23:15:00,90.3073676556008,ARIMA (+달력·가동 계획)
2021-09-06 23:00:00,2021-09-06 23:30:00,81.76111545230175,ARIMA (+달력·가동 계획)
2021-09-06 23:00:00,2021-09-06 23:45:00,75.78108116168436,ARIMA (+달력·가동 계획)
2021-09-07 00:00:00,2021-09-07 00:00:00,87.32368655246623,ARIMA (+달력·가동 계획)
2021-09-07 00:00:00,2021-09-07 00:15:00,86.42954080768851,ARIMA (+달력·가동 계획)
2021-09-07 00:00:00,2021-09-07 00:30:00,87.79055422973622,ARIMA (+달력·가동 계획)
2021-09-07 00:00:00,2021-09-07 00:45:00,93.18952624753,ARIMA (+달력·가동 계획)
2021-09-07 01:00:00,2021-09-07 01:00:00,82.43926961800193,ARIMA (+달력·가동 계획)
2021-09-07 01:00:00,2021-09-07 01:15:00,92.80641542615712,ARIMA (+달력·가동 계획)
2021-09-07 01:00:00,2021-09-07 01:30:00,99.41534789381495,ARIMA (+달력·가동 계획)
2021-09-07 01:00:00,2021-09-07 01:45:00,103.5097143090554,ARIMA (+달력·가동 계획)
2021-09-07 02:00:00,2021-09-07 02:00:00,117.45297900365928,ARIMA (+달력·가동 계획)
2021-09-07 02:00:00,2021-09-07 02:15:00,112.73876598610434,ARIMA (+달력·가동 계획)
2021-09-07 02:00:00,2021-09-07 02:30:00,109.30977929858214,ARIMA (+달력·가동 계획)
2021-09-07 02:00:00,2021-09-07 02:45:00,107.17609732583466,ARIMA (+달력·가동 계획)
2021-09-07 03:00:00,2021-09-07 03:00:00,110.89500588700076,ARIMA (+달력·가동 계획)
2021-09-07 03:00:00,2021-09-07 03:15:00,109.87058095689449,ARIMA (+달력·가동 계획)
2021-09-07 03:00:00,2021-09-07 03:30:00,108.4735308586958,ARIMA (+달력·가동 계획)
2021-09-07 03:00:00,2021-09-07 03:45:00,105.85752189445397,ARIMA (+달력·가동 계획)
2021-09-07 04:00:00,2021-09-07 04:00:00,100.57858248780973,ARIMA (+달력·가동 계획)
2021-09-07 04:00:00,2021-09-07 04:15:00,97.17572356867528,ARIMA (+달력·가동 계획)
2021-09-07 04:00:00,2021-09-07 04:30:00,94.621193780566,ARIMA (+달력·가동 계획)
2021-09-07 04:00:00,2021-09-07 04:45:00,93.78957283531106,ARIMA (+달력·가동 계획)
2021-09-07 05:00:00,2021-09-07 05:00:00,112.34923835552468,ARIMA (+달력·가동 계획)
2021-09-07 05:00:00,2021-09-07 05:15:00,106.53351768686689,ARIMA (+달력·가동 계획)
2021-09-07 05:00:00,2021-09-07 05:30:00,101.55294059981564,ARIMA (+달력·가동 계획)
2021-09-07 05:00:00,2021-09-07 05:45:00,99.77991267032723,ARIMA (+달력·가동 계획)
2021-09-07 06:00:00,2021-09-07 06:00:00,118.35200593375174,ARIMA (+달력·가동 계획)
2021-09-07 06:00:00,2021-09-07 06:15:00,120.74394492553635,ARIMA (+달력·가동 계획)
2021-09-07 06:00:00,2021-09-07 06:30:00,122.78863097544796,ARIMA (+달력·가동 계획)
2021-09-07 06:00:00,2021-09-07 06:45:00,126.0527357326444,ARIMA (+달력·가동 계획)
2021-09-07 07:00:00,2021-09-07 07:00:00,131.47062980624014,ARIMA (+달력·가동 계획)
2021-09-07 07:00:00,2021-09-07 07:15:00,141.3196470521713,ARIMA (+달력·가동 계획)
2021-09-07 07:00:00,2021-09-07 07:30:00,150.9690821288069,ARIMA (+달력·가동 계획)
2021-09-07 07:00:00,2021-09-07 07:45:00,160.7522813125902,ARIMA (+달력·가동 계획)
2021-09-07 08:00:00,2021-09-07 08:00:00,151.4649511397481,ARIMA (+달력·가동 계획)
2021-09-07 08:00:00,2021-09-07 08:15:00,166.39417639582354,ARIMA (+달력·가동 계획)
2021-09-07 08:00:00,2021-09-07 08:30:00,176.295233108364,ARIMA (+달력·가동 계획)
2021-09-07 08:00:00,2021-09-07 08:45:00,186.34145262123712,ARIMA (+달력·가동 계획)
2021-09-07 09:00:00,2021-09-07 09:00:00,199.46240754586057,ARIMA (+달력·가동 계획)
2021-09-07 09:00:00,2021-09-07 09:15:00,201.05457687748884,ARIMA (+달력·가동 계획)
2021-09-07 09:00:00,2021-09-07 09:30:00,201.19279677841408,ARIMA (+달력·가동 계획)
2021-09-07 09:00:00,2021-09-07 09:45:00,199.38408814769423,ARIMA (+달력·가동 계획)
2021-09-07 10:00:00,2021-09-07 10:00:00,175.8292771078405,ARIMA (+달력·가동 계획)
2021-09-07 10:00:00,2021-09-07 10:15:00,180.3602335165157,ARIMA (+달력·가동 계획)
2021-09-07 10:00:00,2021-09-07 10:30:00,180.9796006824628,ARIMA (+달력·가동 계획)
2021-09-07 10:00:00,2021-09-07 10:45:00,178.8269284136918,ARIMA (+달력·가동 계획)
2021-09-07 11:00:00,2021-09-07 11:00:00,177.4523709145097,ARIMA (+달력·가동 계획)
2021-09-07 11:00:00,2021-09-07 11:15:00,170.92315283090477,ARIMA (+달력·가동 계획)
2021-09-07 11:00:00,2021-09-07 11:30:00,162.7846849062959,ARIMA (+달력·가동 계획)
2021-09-07 11:00:00,2021-09-07 11:45:00,155.50986420486743,ARIMA (+달력·가동 계획)
2021-09-07 12:00:00,2021-09-07 12:00:00,174.66949299004813,ARIMA (+달력·가동 계획)
2021-09-07 12:00:00,2021-09-07 12:15:00,164.09495267453758,ARIMA (+달력·가동 계획)
2021-09-07 12:00:00,2021-09-07 12:30:00,157.1959685254714,ARIMA (+달력·가동 계획)
2021-09-07 12:00:00,2021-09-07 12:45:00,152.75400833567355,ARIMA (+달력·가동 계획)
2021-09-07 13:00:00,2021-09-07 13:00:00,155.22058920903902,ARIMA (+달력·가동 계획)
2021-09-07 13:00:00,2021-09-07 13:15:00,160.09775410465744,ARIMA (+달력·가동 계획)
2021-09-07 13:00:00,2021-09-07 13:30:00,162.97414225260778,ARIMA (+달력·가동 계획)
2021-09-07 13:00:00,2021-09-07 13:45:00,160.76932800946295,ARIMA (+달력·가동 계획)
2021-09-07 14:00:00,2021-09-07 14:00:00,152.48676256475522,ARIMA (+달력·가동 계획)
2021-09-07 14:00:00,2021-09-07 14:15:00,151.94884367710887,ARIMA (+달력·가동 계획)
2021-09-07 14:00:00,2021-09-07 14:30:00,155.13483796680748,ARIMA (+달력·가동 계획)
2021-09-07 14:00:00,2021-09-07 14:45:00,161.50917232276012,ARIMA (+달력·가동 계획)
2021-09-07 15:00:00,2021-09-07 15:00:00,182.6026305674605,ARIMA (+달력·가동 계획)
2021-09-07 15:00:00,2021-09-07 15:15:00,181.1768554010875,ARIMA (+달력·가동 계획)
2021-09-07 15:00:00,2021-09-07 15:30:00,178.46286087977035,ARIMA (+달력·가동 계획)
2021-09-07 15:00:00,2021-09-07 15:45:00,176.22941893394318,ARIMA (+달력·가동 계획)
2021-09-07 16:00:00,2021-09-07 16:00:00,172.91458333992298,ARIMA (+달력·가동 계획)
2021-09-07 16:00:00,2021-09-07 16:15:00,171.8642824924316,ARIMA (+달력·가동 계획)
2021-09-07 16:00:00,2021-09-07 16:30:00,168.17212293177604,ARIMA (+달력·가동 계획)
2021-09-07 16:00:00,2021-09-07 16:45:00,164.35399283715137,ARIMA (+달력·가동 계획)
2021-09-07 17:00:00,2021-09-07 17:00:00,151.05523825099104,ARIMA (+달력·가동 계획)
2021-09-07 17:00:00,2021-09-07 17:15:00,149.44170732208218,ARIMA (+달력·가동 계획)
2021-09-07 17:00:00,2021-09-07 17:30:00,147.14115284978007,ARIMA (+달력·가동 계획)
2021-09-07 17:00:00,2021-09-07 17:45:00,145.04889767318167,ARIMA (+달력·가동 계획)
2021-09-07 18:00:00,2021-09-07 18:00:00,157.70501861963146,ARIMA (+달력·가동 계획)
2021-09-07 18:00:00,2021-09-07 18:15:00,153.02546647025855,ARIMA (+달력·가동 계획)
2021-09-07 18:00:00,2021-09-07 18:30:00,144.87215202835694,ARIMA (+달력·가동 계획)
2021-09-07 18:00:00,2021-09-07 18:45:00,136.36722718506198,ARIMA (+달력·가동 계획)
2021-09-07 19:00:00,2021-09-07 19:00:00,143.6763439071264,ARIMA (+달력·가동 계획)
2021-09-07 19:00:00,2021-09-07 19:15:00,137.18213842000844,ARIMA (+달력·가동 계획)
2021-09-07 19:00:00,2021-09-07 19:30:00,134.95569281207992,ARIMA (+달력·가동 계획)
2021-09-07 19:00:00,2021-09-07 19:45:00,133.57516632523632,ARIMA (+달력·가동 계획)
2021-09-07 20:00:00,2021-09-07 20:00:00,138.29972939168874,ARIMA (+달력·가동 계획)
2021-09-07 20:00:00,2021-09-07 20:15:00,135.8400725763917,ARIMA (+달력·가동 계획)
2021-09-07 20:00:00,2021-09-07 20:30:00,132.9537771193075,ARIMA (+달력·가동 계획)
2021-09-07 20:00:00,2021-09-07 20:45:00,130.8763379154343,ARIMA (+달력·가동 계획)
2021-09-07 21:00:00,2021-09-07 21:00:00,139.33199206126244,ARIMA (+달력·가동 계획)
2021-09-07 21:00:00,2021-09-07 21:15:00,133.115558659537,ARIMA (+달력·가동 계획)
2021-09-07 21:00:00,2021-09-07 21:30:00,126.001549992278,ARIMA (+달력·가동 계획)
2021-09-07 21:00:00,2021-09-07 21:45:00,118.46085984466724,ARIMA (+달력·가동 계획)
2021-09-07 22:00:00,2021-09-07 22:00:00,122.97042061533035,ARIMA (+달력·가동 계획)
2021-09-07 22:00:00,2021-09-07 22:15:00,113.0059798113756,ARIMA (+달력·가동 계획)
2021-09-07 22:00:00,2021-09-07 22:30:00,104.9944628601582,ARIMA (+달력·가동 계획)
2021-09-07 22:00:00,2021-09-07 22:45:00,97.6795328127736,ARIMA (+달력·가동 계획)
2021-09-07 23:00:00,2021-09-07 23:00:00,104.865086289119,ARIMA (+달력·가동 계획)
2021-09-07 23:00:00,2021-09-07 23:15:00,95.9928442198088,ARIMA (+달력·가동 계획)
2021-09-07 23:00:00,2021-09-07 23:30:00,88.76397018231391,ARIMA (+달력·가동 계획)
2021-09-07 23:00:00,2021-09-07 23:45:00,84.80535239516425,ARIMA (+달력·가동 계획)
2021-09-08 00:00:00,2021-09-08 00:00:00,84.0394900578126,ARIMA (+달력·가동 계획)
2021-09-08 00:00:00,2021-09-08 00:15:00,82.28919832717122,ARIMA (+달력·가동 계획)
2021-09-08 00:00:00,2021-09-08 00:30:00,83.80407983601647,ARIMA (+달력·가동 계획)
2021-09-08 00:00:00,2021-09-08 00:45:00,88.4042655540859,ARIMA (+달력·가동 계획)
2021-09-08 01:00:00,2021-09-08 01:00:00,79.21684740019555,ARIMA (+달력·가동 계획)
2021-09-08 01:00:00,2021-09-08 01:15:00,88.17843033186914,ARIMA (+달력·가동 계획)
2021-09-08 01:00:00,2021-09-08 01:30:00,94.59639443136122,ARIMA (+달력·가동 계획)
2021-09-08 01:00:00,2021-09-08 01:45:00,98.8780862219644,ARIMA (+달력·가동 계획)
2021-09-08 02:00:00,2021-09-08 02:00:00,109.86412682338288,ARIMA (+달력·가동 계획)
2021-09-08 02:00:00,2021-09-08 02:15:00,106.1765922492458,ARIMA (+달력·가동 계획)
2021-09-08 02:00:00,2021-09-08 02:30:00,104.45683549497164,ARIMA (+달력·가동 계획)
2021-09-08 02:00:00,2021-09-08 02:45:00,104.24712782354123,ARIMA (+달력·가동 계획)
2021-09-08 03:00:00,2021-09-08 03:00:00,111.47366359868356,ARIMA (+달력·가동 계획)
2021-09-08 03:00:00,2021-09-08 03:15:00,109.37845222823915,ARIMA (+달력·가동 계획)
2021-09-08 03:00:00,2021-09-08 03:30:00,106.3593844992641,ARIMA (+달력·가동 계획)
2021-09-08 03:00:00,2021-09-08 03:45:00,104.28434542881796,ARIMA (+달력·가동 계획)
2021-09-08 04:00:00,2021-09-08 04:00:00,117.83007027627036,ARIMA (+달력·가동 계획)
2021-09-08 04:00:00,2021-09-08 04:15:00,111.0263139364813,ARIMA (+달력·가동 계획)
2021-09-08 04:00:00,2021-09-08 04:30:00,104.08078096836746,ARIMA (+달력·가동 계획)
2021-09-08 04:00:00,2021-09-08 04:45:00,98.80241207578445,ARIMA (+달력·가동 계획)
2021-09-08 05:00:00,2021-09-08 05:00:00,105.23321930736329,ARIMA (+달력·가동 계획)
2021-09-08 05:00:00,2021-09-08 05:15:00,101.86743800692444,ARIMA (+달력·가동 계획)
2021-09-08 05:00:00,2021-09-08 05:30:00,100.49849785058616,ARIMA (+달력·가동 계획)
2021-09-08 05:00:00,2021-09-08 05:45:00,101.83882182604276,ARIMA (+달력·가동 계획)
2021-09-08 06:00:00,2021-09-08 06:00:00,111.12564320679668,ARIMA (+달력·가동 계획)
2021-09-08 06:00:00,2021-09-08 06:15:00,116.65431030517412,ARIMA (+달력·가동 계획)
2021-09-08 06:00:00,2021-09-08 06:30:00,120.69342981824532,ARIMA (+달력·가동 계획)
2021-09-08 06:00:00,2021-09-08 06:45:00,126.05658367407682,ARIMA (+달력·가동 계획)
2021-09-08 07:00:00,2021-09-08 07:00:00,126.4887911351185,ARIMA (+달력·가동 계획)
2021-09-08 07:00:00,2021-09-08 07:15:00,137.58042471879318,ARIMA (+달력·가동 계획)
2021-09-08 07:00:00,2021-09-08 07:30:00,148.6308341067274,ARIMA (+달력·가동 계획)
2021-09-08 07:00:00,2021-09-08 07:45:00,160.4242139603987,ARIMA (+달력·가동 계획)
2021-09-08 08:00:00,2021-09-08 08:00:00,144.71772428207424,ARIMA (+달력·가동 계획)
2021-09-08 08:00:00,2021-09-08 08:15:00,161.9345637318235,ARIMA (+달력·가동 계획)
2021-09-08 08:00:00,2021-09-08 08:30:00,173.72825806608444,ARIMA (+달력·가동 계획)
2021-09-08 08:00:00,2021-09-08 08:45:00,185.39530671117495,ARIMA (+달력·가동 계획)
2021-09-08 09:00:00,2021-09-08 09:00:00,181.52644611135213,ARIMA (+달력·가동 계획)
2021-09-08 09:00:00,2021-09-08 09:15:00,187.3418782282729,ARIMA (+달력·가동 계획)
2021-09-08 09:00:00,2021-09-08 09:30:00,190.991684176474,ARIMA (+달력·가동 계획)
2021-09-08 09:00:00,2021-09-08 09:45:00,193.7083020039991,ARIMA (+달력·가동 계획)
2021-09-08 10:00:00,2021-09-08 10:00:00,167.6472569395062,ARIMA (+달력·가동 계획)
2021-09-08 10:00:00,2021-09-08 10:15:00,174.49888505050686,ARIMA (+달력·가동 계획)
2021-09-08 10:00:00,2021-09-08 10:30:00,176.2553933998342,ARIMA (+달력·가동 계획)
2021-09-08 10:00:00,2021-09-08 10:45:00,174.68563626228666,ARIMA (+달력·가동 계획)
2021-09-08 11:00:00,2021-09-08 11:00:00,162.56571927289892,ARIMA (+달력·가동 계획)
2021-09-08 11:00:00,2021-09-08 11:15:00,158.89759340110749,ARIMA (+달력·가동 계획)
2021-09-08 11:00:00,2021-09-08 11:30:00,153.7547878423948,ARIMA (+달력·가동 계획)
2021-09-08 11:00:00,2021-09-08 11:45:00,148.6999501156917,ARIMA (+달력·가동 계획)
2021-09-08 12:00:00,2021-09-08 12:00:00,125.3102556138941,ARIMA (+달력·가동 계획)
2021-09-08 12:00:00,2021-09-08 12:15:00,127.73097917920362,ARIMA (+달력·가동 계획)
2021-09-08 12:00:00,2021-09-08 12:30:00,129.36401999228303,ARIMA (+달력·가동 계획)
2021-09-08 12:00:00,2021-09-08 12:45:00,134.72624543535449,ARIMA (+달력·가동 계획)
2021-09-08 13:00:00,2021-09-08 13:00:00,94.39261263976384,ARIMA (+달력·가동 계획)
2021-09-08 13:00:00,2021-09-08 13:15:00,113.3111917299062,ARIMA (+달력·가동 계획)
2021-09-08 13:00:00,2021-09-08 13:30:00,131.8907523591392,ARIMA (+달력·가동 계획)
2021-09-08 13:00:00,2021-09-08 13:45:00,141.26345442206534,ARIMA (+달력·가동 계획)
2021-09-08 14:00:00,2021-09-08 14:00:00,155.40852831710464,ARIMA (+달력·가동 계획)
2021-09-08 14:00:00,2021-09-08 14:15:00,148.27887797050232,ARIMA (+달력·가동 계획)
2021-09-08 14:00:00,2021-09-08 14:30:00,144.83911240009922,ARIMA (+달력·가동 계획)
2021-09-08 14:00:00,2021-09-08 14:45:00,144.28835964631656,ARIMA (+달력·가동 계획)
2021-09-08 15:00:00,2021-09-08 15:00:00,151.9405428710915,ARIMA (+달력·가동 계획)
2021-09-08 15:00:00,2021-09-08 15:15:00,153.09949541793986,ARIMA (+달력·가동 계획)
2021-09-08 15:00:00,2021-09-08 15:30:00,155.42017364259766,ARIMA (+달력·가동 계획)
2021-09-08 15:00:00,2021-09-08 15:45:00,157.3584989474451,ARIMA (+달력·가동 계획)
2021-09-08 16:00:00,2021-09-08 16:00:00,181.57573909542472,ARIMA (+달력·가동 계획)
2021-09-08 16:00:00,2021-09-08 16:15:00,171.4756188409212,ARIMA (+달력·가동 계획)
2021-09-08 16:00:00,2021-09-08 16:30:00,162.25997738588745,ARIMA (+달력·가동 계획)
2021-09-08 16:00:00,2021-09-08 16:45:00,154.61483787944832,ARIMA (+달력·가동 계획)
2021-09-08 17:00:00,2021-09-08 17:00:00,158.9012888153563,ARIMA (+달력·가동 계획)
2021-09-08 17:00:00,2021-09-08 17:15:00,152.82836447621284,ARIMA (+달력·가동 계획)
2021-09-08 17:00:00,2021-09-08 17:30:00,147.67223891889017,ARIMA (+달력·가동 계획)
2021-09-08 17:00:00,2021-09-08 17:45:00,143.0472665156002,ARIMA (+달력·가동 계획)
2021-09-08 18:00:00,2021-09-08 18:00:00,173.1868396677579,ARIMA (+달력·가동 계획)
2021-09-08 18:00:00,2021-09-08 18:15:00,163.66228906617653,ARIMA (+달력·가동 계획)
2021-09-08 18:00:00,2021-09-08 18:30:00,150.90103067197788,ARIMA (+달력·가동 계획)
2021-09-08 18:00:00,2021-09-08 18:45:00,139.1371958475154,ARIMA (+달력·가동 계획)
2021-09-08 19:00:00,2021-09-08 19:00:00,156.68107526757527,ARIMA (+달력·가동 계획)
2021-09-08 19:00:00,2021-09-08 19:15:00,147.03202315454504,ARIMA (+달력·가동 계획)
2021-09-08 19:00:00,2021-09-08 19:30:00,143.01881424828474,ARIMA (+달력·가동 계획)
2021-09-08 19:00:00,2021-09-08 19:45:00,140.0013684545347,ARIMA (+달력·가동 계획)
2021-09-08 20:00:00,2021-09-08 20:00:00,116.27982571031056,ARIMA (+달력·가동 계획)
2021-09-08 20:00:00,2021-09-08 20:15:00,121.65684866805712,ARIMA (+달력·가동 계획)
2021-09-08 20:00:00,2021-09-08 20:30:00,125.06922398861678,ARIMA (+달력·가동 계획)
2021-09-08 20:00:00,2021-09-08 20:45:00,129.53709701177831,ARIMA (+달력·가동 계획)
2021-09-08 21:00:00,2021-09-08 21:00:00,113.11291248093416,ARIMA (+달력·가동 계획)
2021-09-08 21:00:00,2021-09-08 21:15:00,117.5388735039529,ARIMA (+달력·가동 계획)
2021-09-08 21:00:00,2021-09-08 21:30:00,115.15640381269095,ARIMA (+달력·가동 계획)
2021-09-08 21:00:00,2021-09-08 21:45:00,110.29517718748156,ARIMA (+달력·가동 계획)
2021-09-08 22:00:00,2021-09-08 22:00:00,113.1077777991368,ARIMA (+달력·가동 계획)
2021-09-08 22:00:00,2021-09-08 22:15:00,102.33782711419786,ARIMA (+달력·가동 계획)
2021-09-08 22:00:00,2021-09-08 22:30:00,92.81790620987546,ARIMA (+달력·가동 계획)
2021-09-08 22:00:00,2021-09-08 22:45:00,85.50179298717418,ARIMA (+달력·가동 계획)
2021-09-08 23:00:00,2021-09-08 23:00:00,95.10868146684857,ARIMA (+달력·가동 계획)
2021-09-08 23:00:00,2021-09-08 23:15:00,86.864823383749,ARIMA (+달력·가동 계획)
2021-09-08 23:00:00,2021-09-08 23:30:00,79.53699572954392,ARIMA (+달력·가동 계획)
2021-09-08 23:00:00,2021-09-08 23:45:00,75.84034184790467,ARIMA (+달력·가동 계획)
2021-09-09 00:00:00,2021-09-09 00:00:00,74.95895673778102,ARIMA (+달력·가동 계획)
2021-09-09 00:00:00,2021-09-09 00:15:00,74.35238615515415,ARIMA (+달력·가동 계획)
2021-09-09 00:00:00,2021-09-09 00:30:00,74.81051212617626,ARIMA (+달력·가동 계획)
2021-09-09 00:00:00,2021-09-09 00:45:00,79.37478538350615,ARIMA (+달력·가동 계획)
2021-09-09 01:00:00,2021-09-09 01:00:00,75.06085448735024,ARIMA (+달력·가동 계획)
2021-09-09 01:00:00,2021-09-09 01:15:00,82.90966630408695,ARIMA (+달력·가동 계획)
2021-09-09 01:00:00,2021-09-09 01:30:00,89.04837714495463,ARIMA (+달력·가동 계획)
2021-09-09 01:00:00,2021-09-09 01:45:00,93.517613629039,ARIMA (+달력·가동 계획)
2021-09-09 02:00:00,2021-09-09 02:00:00,98.37290190684816,ARIMA (+달력·가동 계획)
2021-09-09 02:00:00,2021-09-09 02:15:00,97.79485530285142,ARIMA (+달력·가동 계획)
2021-09-09 02:00:00,2021-09-09 02:30:00,98.7787152180312,ARIMA (+달력·가동 계획)
2021-09-09 02:00:00,2021-09-09 02:45:00,99.53286523713162,ARIMA (+달력·가동 계획)
2021-09-09 03:00:00,2021-09-09 03:00:00,109.30424005678655,ARIMA (+달력·가동 계획)
2021-09-09 03:00:00,2021-09-09 03:15:00,104.86426058705293,ARIMA (+달력·가동 계획)
2021-09-09 03:00:00,2021-09-09 03:30:00,101.64828880711038,ARIMA (+달력·가동 계획)
2021-09-09 03:00:00,2021-09-09 03:45:00,98.91848254532988,ARIMA (+달력·가동 계획)
2021-09-09 04:00:00,2021-09-09 04:00:00,110.94241845438916,ARIMA (+달력·가동 계획)
2021-09-09 04:00:00,2021-09-09 04:15:00,104.2841597654836,ARIMA (+달력·가동 계획)
2021-09-09 04:00:00,2021-09-09 04:30:00,98.41699346509762,ARIMA (+달력·가동 계획)
2021-09-09 04:00:00,2021-09-09 04:45:00,93.73473059884851,ARIMA (+달력·가동 계획)
2021-09-09 05:00:00,2021-09-09 05:00:00,93.35668832551508,ARIMA (+달력·가동 계획)
2021-09-09 05:00:00,2021-09-09 05:15:00,91.93860922560084,ARIMA (+달력·가동 계획)
2021-09-09 05:00:00,2021-09-09 05:30:00,93.15262636575358,ARIMA (+달력·가동 계획)
2021-09-09 05:00:00,2021-09-09 05:45:00,96.63743735412878,ARIMA (+달력·가동 계획)
2021-09-09 06:00:00,2021-09-09 06:00:00,111.8746530263496,ARIMA (+달력·가동 계획)
2021-09-09 06:00:00,2021-09-09 06:15:00,115.47344915246929,ARIMA (+달력·가동 계획)
2021-09-09 06:00:00,2021-09-09 06:30:00,118.53925482334144,ARIMA (+달력·가동 계획)
2021-09-09 06:00:00,2021-09-09 06:45:00,122.78242226113,ARIMA (+달력·가동 계획)
2021-09-09 07:00:00,2021-09-09 07:00:00,125.0865369271601,ARIMA (+달력·가동 계획)
2021-09-09 07:00:00,2021-09-09 07:15:00,135.2169375220318,ARIMA (+달력·가동 계획)
2021-09-09 07:00:00,2021-09-09 07:30:00,146.40479338676406,ARIMA (+달력·가동 계획)
2021-09-09 07:00:00,2021-09-09 07:45:00,158.2624578240731,ARIMA (+달력·가동 계획)
2021-09-09 08:00:00,2021-09-09 08:00:00,158.11044327153235,ARIMA (+달력·가동 계획)
2021-09-09 08:00:00,2021-09-09 08:15:00,170.6058275794685,ARIMA (+달력·가동 계획)
2021-09-09 08:00:00,2021-09-09 08:30:00,179.7177612397548,ARIMA (+달력·가동 계획)
2021-09-09 08:00:00,2021-09-09 08:45:00,188.26356253614125,ARIMA (+달력·가동 계획)
2021-09-09 09:00:00,2021-09-09 09:00:00,193.7410083668669,ARIMA (+달력·가동 계획)
2021-09-09 09:00:00,2021-09-09 09:15:00,197.2801310516128,ARIMA (+달력·가동 계획)
2021-09-09 09:00:00,2021-09-09 09:30:00,198.3907811227623,ARIMA (+달력·가동 계획)
2021-09-09 09:00:00,2021-09-09 09:45:00,197.6433431701106,ARIMA (+달력·가동 계획)
2021-09-09 10:00:00,2021-09-09 10:00:00,173.37300607507396,ARIMA (+달력·가동 계획)
2021-09-09 10:00:00,2021-09-09 10:15:00,178.22051052027643,ARIMA (+달력·가동 계획)
2021-09-09 10:00:00,2021-09-09 10:30:00,179.82268913315747,ARIMA (+달력·가동 계획)
2021-09-09 10:00:00,2021-09-09 10:45:00,178.27582379002016,ARIMA (+달력·가동 계획)
2021-09-09 11:00:00,2021-09-09 11:00:00,172.75077646791038,ARIMA (+달력·가동 계획)
2021-09-09 11:00:00,2021-09-09 11:15:00,167.55501143725036,ARIMA (+달력·가동 계획)
2021-09-09 11:00:00,2021-09-09 11:30:00,160.8248188683372,ARIMA (+달력·가동 계획)
2021-09-09 11:00:00,2021-09-09 11:45:00,153.88761811377336,ARIMA (+달력·가동 계획)
2021-09-09 12:00:00,2021-09-09 12:00:00,163.26017880564413,ARIMA (+달력·가동 계획)
2021-09-09 12:00:00,2021-09-09 12:15:00,154.80840411639014,ARIMA (+달력·가동 계획)
2021-09-09 12:00:00,2021-09-09 12:30:00,147.80836719804145,ARIMA (+달력·가동 계획)
2021-09-09 12:00:00,2021-09-09 12:45:00,145.709419504721,ARIMA (+달력·가동 계획)
2021-09-09 13:00:00,2021-09-09 13:00:00,145.3993168834237,ARIMA (+달력·가동 계획)
2021-09-09 13:00:00,2021-09-09 13:15:00,153.19784675188572,ARIMA (+달력·가동 계획)
2021-09-09 13:00:00,2021-09-09 13:30:00,158.43678406411863,ARIMA (+달력·가동 계획)
2021-09-09 13:00:00,2021-09-09 13:45:00,157.85750622510912,ARIMA (+달력·가동 계획)
2021-09-09 14:00:00,2021-09-09 14:00:00,160.4596401936044,ARIMA (+달력·가동 계획)
2021-09-09 14:00:00,2021-09-09 14:15:00,156.80577714244905,ARIMA (+달력·가동 계획)
2021-09-09 14:00:00,2021-09-09 14:30:00,157.3499879339277,ARIMA (+달력·가동 계획)
2021-09-09 14:00:00,2021-09-09 14:45:00,160.31065460809194,ARIMA (+달력·가동 계획)
2021-09-09 15:00:00,2021-09-09 15:00:00,164.71700795908086,ARIMA (+달력·가동 계획)
2021-09-09 15:00:00,2021-09-09 15:15:00,167.42367116291788,ARIMA (+달력·가동 계획)
2021-09-09 15:00:00,2021-09-09 15:30:00,168.5247693561065,ARIMA (+달력·가동 계획)
2021-09-09 15:00:00,2021-09-09 15:45:00,168.80286824267904,ARIMA (+달력·가동 계획)
2021-09-09 16:00:00,2021-09-09 16:00:00,182.9460885712461,ARIMA (+달력·가동 계획)
2021-09-09 16:00:00,2021-09-09 16:15:00,174.7416532939998,ARIMA (+달력·가동 계획)
2021-09-09 16:00:00,2021-09-09 16:30:00,166.6730358307723,ARIMA (+달력·가동 계획)
2021-09-09 16:00:00,2021-09-09 16:45:00,160.2646086037484,ARIMA (+달력·가동 계획)
2021-09-09 17:00:00,2021-09-09 17:00:00,167.10162197018064,ARIMA (+달력·가동 계획)
2021-09-09 17:00:00,2021-09-09 17:15:00,161.0571562881237,ARIMA (+달력·가동 계획)
2021-09-09 17:00:00,2021-09-09 17:30:00,156.03474763800995,ARIMA (+달력·가동 계획)
2021-09-09 17:00:00,2021-09-09 17:45:00,149.37559905774137,ARIMA (+달력·가동 계획)
2021-09-09 18:00:00,2021-09-09 18:00:00,162.57511667044133,ARIMA (+달력·가동 계획)
2021-09-09 18:00:00,2021-09-09 18:15:00,156.14373271890676,ARIMA (+달력·가동 계획)
2021-09-09 18:00:00,2021-09-09 18:30:00,146.6707581403747,ARIMA (+달력·가동 계획)
2021-09-09 18:00:00,2021-09-09 18:45:00,137.58476891653785,ARIMA (+달력·가동 계획)
2021-09-09 19:00:00,2021-09-09 19:00:00,160.00121363079208,ARIMA (+달력·가동 계획)
2021-09-09 19:00:00,2021-09-09 19:15:00,149.8359005704927,ARIMA (+달력·가동 계획)
2021-09-09 19:00:00,2021-09-09 19:30:00,144.3753724168365,ARIMA (+달력·가동 계획)
2021-09-09 19:00:00,2021-09-09 19:45:00,139.40574632585555,ARIMA (+달력·가동 계획)
2021-09-09 20:00:00,2021-09-09 20:00:00,123.02846191959614,ARIMA (+달력·가동 계획)
2021-09-09 20:00:00,2021-09-09 20:15:00,127.5155726468276,ARIMA (+달력·가동 계획)
2021-09-09 20:00:00,2021-09-09 20:30:00,129.1591181534413,ARIMA (+달력·가동 계획)
2021-09-09 20:00:00,2021-09-09 20:45:00,130.1837424815347,ARIMA (+달력·가동 계획)
2021-09-09 21:00:00,2021-09-09 21:00:00,132.2405213615116,ARIMA (+달력·가동 계획)
2021-09-09 21:00:00,2021-09-09 21:15:00,127.0413042205875,ARIMA (+달력·가동 계획)
2021-09-09 21:00:00,2021-09-09 21:30:00,121.15656732980663,ARIMA (+달력·가동 계획)
2021-09-09 21:00:00,2021-09-09 21:45:00,114.75244711356706,ARIMA (+달력·가동 계획)
2021-09-09 22:00:00,2021-09-09 22:00:00,124.4336165163295,ARIMA (+달력·가동 계획)
2021-09-09 22:00:00,2021-09-09 22:15:00,113.7372765447745,ARIMA (+달력·가동 계획)
2021-09-09 22:00:00,2021-09-09 22:30:00,103.77952999216598,ARIMA (+달력·가동 계획)
2021-09-09 22:00:00,2021-09-09 22:45:00,94.75090087891849,ARIMA (+달력·가동 계획)
2021-09-09 23:00:00,2021-09-09 23:00:00,95.58186008508544,ARIMA (+달력·가동 계획)
2021-09-09 23:00:00,2021-09-09 23:15:00,88.96848944997367,ARIMA (+달력·가동 계획)
2021-09-09 23:00:00,2021-09-09 23:30:00,84.70149577721423,ARIMA (+달력·가동 계획)
2021-09-09 23:00:00,2021-09-09 23:45:00,82.15588680478281,ARIMA (+달력·가동 계획)
2021-09-10 00:00:00,2021-09-10 00:00:00,81.07897982692312,ARIMA (+달력·가동 계획)
2021-09-10 00:00:00,2021-09-10 00:15:00,79.73814388630822,ARIMA (+달력·가동 계획)
2021-09-10 00:00:00,2021-09-10 00:30:00,80.03581621968327,ARIMA (+달력·가동 계획)
2021-09-10 00:00:00,2021-09-10 00:45:00,84.09754361019256,ARIMA (+달력·가동 계획)
2021-09-10 01:00:00,2021-09-10 01:00:00,79.99744570661487,ARIMA (+달력·가동 계획)
2021-09-10 01:00:00,2021-09-10 01:15:00,87.53673629638449,ARIMA (+달력·가동 계획)
2021-09-10 01:00:00,2021-09-10 01:30:00,93.4595951998212,ARIMA (+달력·가동 계획)
2021-09-10 01:00:00,2021-09-10 01:45:00,97.89974517672516,ARIMA (+달력·가동 계획)
2021-09-10 02:00:00,2021-09-10 02:00:00,108.33583403247808,ARIMA (+달력·가동 계획)
2021-09-10 02:00:00,2021-09-10 02:15:00,106.01368155124356,ARIMA (+달력·가동 계획)
2021-09-10 02:00:00,2021-09-10 02:30:00,105.06342517165334,ARIMA (+달력·가동 계획)
2021-09-10 02:00:00,2021-09-10 02:45:00,104.33352858526776,ARIMA (+달력·가동 계획)
2021-09-10 03:00:00,2021-09-10 03:00:00,94.08262672359704,ARIMA (+달력·가동 계획)
2021-09-10 03:00:00,2021-09-10 03:15:00,96.06317466114798,ARIMA (+달력·가동 계획)
2021-09-10 03:00:00,2021-09-10 03:30:00,97.03376207163188,ARIMA (+달력·가동 계획)
2021-09-10 03:00:00,2021-09-10 03:45:00,98.63743800289764,ARIMA (+달력·가동 계획)
2021-09-10 04:00:00,2021-09-10 04:00:00,109.51720912859142,ARIMA (+달력·가동 계획)
2021-09-10 04:00:00,2021-09-10 04:15:00,103.49774995959436,ARIMA (+달력·가동 계획)
2021-09-10 04:00:00,2021-09-10 04:30:00,97.26818856540864,ARIMA (+달력·가동 계획)
2021-09-10 04:00:00,2021-09-10 04:45:00,93.15113051696908,ARIMA (+달력·가동 계획)
2021-09-10 05:00:00,2021-09-10 05:00:00,91.4722457377766,ARIMA (+달력·가동 계획)
2021-09-10 05:00:00,2021-09-10 05:15:00,90.8465503831276,ARIMA (+달력·가동 계획)
2021-09-10 05:00:00,2021-09-10 05:30:00,92.44402926924246,ARIMA (+달력·가동 계획)
2021-09-10 05:00:00,2021-09-10 05:45:00,96.25760084895025,ARIMA (+달력·가동 계획)
2021-09-10 06:00:00,2021-09-10 06:00:00,110.7957346787888,ARIMA (+달력·가동 계획)
2021-09-10 06:00:00,2021-09-10 06:15:00,114.593052067381,ARIMA (+달력·가동 계획)
2021-09-10 06:00:00,2021-09-10 06:30:00,118.47728025816632,ARIMA (+달력·가동 계획)
2021-09-10 06:00:00,2021-09-10 06:45:00,123.0957843214806,ARIMA (+달력·가동 계획)
2021-09-10 07:00:00,2021-09-10 07:00:00,118.2519645016488,ARIMA (+달력·가동 계획)
2021-09-10 07:00:00,2021-09-10 07:15:00,131.02710530886307,ARIMA (+달력·가동 계획)
2021-09-10 07:00:00,2021-09-10 07:30:00,144.39346369353757,ARIMA (+달력·가동 계획)
2021-09-10 07:00:00,2021-09-10 07:45:00,156.9326462189945,ARIMA (+달력·가동 계획)
2021-09-10 08:00:00,2021-09-10 08:00:00,157.9880463135415,ARIMA (+달력·가동 계획)
2021-09-10 08:00:00,2021-09-10 08:15:00,170.82854973788469,ARIMA (+달력·가동 계획)
2021-09-10 08:00:00,2021-09-10 08:30:00,178.3111899565929,ARIMA (+달력·가동 계획)
2021-09-10 08:00:00,2021-09-10 08:45:00,184.8692282390104,ARIMA (+달력·가동 계획)
2021-09-10 09:00:00,2021-09-10 09:00:00,199.5657879785948,ARIMA (+달력·가동 계획)
2021-09-10 09:00:00,2021-09-10 09:15:00,198.3893309981534,ARIMA (+달력·가동 계획)
2021-09-10 09:00:00,2021-09-10 09:30:00,199.91061019830863,ARIMA (+달력·가동 계획)
2021-09-10 09:00:00,2021-09-10 09:45:00,198.88882841431496,ARIMA (+달력·가동 계획)
2021-09-10 10:00:00,2021-09-10 10:00:00,206.05488760531543,ARIMA (+달력·가동 계획)
2021-09-10 10:00:00,2021-09-10 10:15:00,201.59023298063272,ARIMA (+달력·가동 계획)
2021-09-10 10:00:00,2021-09-10 10:30:00,195.8001085427898,ARIMA (+달력·가동 계획)
2021-09-10 10:00:00,2021-09-10 10:45:00,186.9923611019568,ARIMA (+달력·가동 계획)
2021-09-10 11:00:00,2021-09-10 11:00:00,172.11826312721234,ARIMA (+달력·가동 계획)
2021-09-10 11:00:00,2021-09-10 11:15:00,168.47538462818122,ARIMA (+달력·가동 계획)
2021-09-10 11:00:00,2021-09-10 11:30:00,164.46577547825166,ARIMA (+달력·가동 계획)
2021-09-10 11:00:00,2021-09-10 11:45:00,160.29170058546808,ARIMA (+달력·가동 계획)
2021-09-10 12:00:00,2021-09-10 12:00:00,178.71134552024574,ARIMA (+달력·가동 계획)
2021-09-10 12:00:00,2021-09-10 12:15:00,167.61535182510312,ARIMA (+달력·가동 계획)
2021-09-10 12:00:00,2021-09-10 12:30:00,160.71749047742648,ARIMA (+달력·가동 계획)
2021-09-10 12:00:00,2021-09-10 12:45:00,156.44489284043993,ARIMA (+달력·가동 계획)
2021-09-10 13:00:00,2021-09-10 13:00:00,141.88841668299085,ARIMA (+달력·가동 계획)
2021-09-10 13:00:00,2021-09-10 13:15:00,152.26737886290738,ARIMA (+달력·가동 계획)
2021-09-10 13:00:00,2021-09-10 13:30:00,158.89525176974155,ARIMA (+달력·가동 계획)
2021-09-10 13:00:00,2021-09-10 13:45:00,160.5581154414128,ARIMA (+달력·가동 계획)
2021-09-10 14:00:00,2021-09-10 14:00:00,181.70798861754196,ARIMA (+달력·가동 계획)
2021-09-10 14:00:00,2021-09-10 14:15:00,172.82895868422096,ARIMA (+달력·가동 계획)
2021-09-10 14:00:00,2021-09-10 14:30:00,168.55428540896642,ARIMA (+달력·가동 계획)
2021-09-10 14:00:00,2021-09-10 14:45:00,167.57841874762144,ARIMA (+달력·가동 계획)
2021-09-10 15:00:00,2021-09-10 15:00:00,166.02538704677872,ARIMA (+달력·가동 계획)
2021-09-10 15:00:00,2021-09-10 15:15:00,170.4517151923469,ARIMA (+달력·가동 계획)
2021-09-10 15:00:00,2021-09-10 15:30:00,173.05803984332994,ARIMA (+달력·가동 계획)
2021-09-10 15:00:00,2021-09-10 15:45:00,174.93441012765328,ARIMA (+달력·가동 계획)
2021-09-10 16:00:00,2021-09-10 16:00:00,173.9987780803787,ARIMA (+달력·가동 계획)
2021-09-10 16:00:00,2021-09-10 16:15:00,172.0817279984548,ARIMA (+달력·가동 계획)
2021-09-10 16:00:00,2021-09-10 16:30:00,166.21667152290246,ARIMA (+달력·가동 계획)
2021-09-10 16:00:00,2021-09-10 16:45:00,162.15952474892612,ARIMA (+달력·가동 계획)
2021-09-10 17:00:00,2021-09-10 17:00:00,165.80153498781382,ARIMA (+달력·가동 계획)
2021-09-10 17:00:00,2021-09-10 17:15:00,160.20321749073733,ARIMA (+달력·가동 계획)
2021-09-10 17:00:00,2021-09-10 17:30:00,156.1833674699696,ARIMA (+달력·가동 계획)
2021-09-10 17:00:00,2021-09-10 17:45:00,150.89271943295543,ARIMA (+달력·가동 계획)
2021-09-10 18:00:00,2021-09-10 18:00:00,154.12556018791324,ARIMA (+달력·가동 계획)
2021-09-10 18:00:00,2021-09-10 18:15:00,150.8568106052517,ARIMA (+달력·가동 계획)
2021-09-10 18:00:00,2021-09-10 18:30:00,144.20270721050238,ARIMA (+달력·가동 계획)
2021-09-10 18:00:00,2021-09-10 18:45:00,137.46991051515303,ARIMA (+달력·가동 계획)
2021-09-10 19:00:00,2021-09-10 19:00:00,154.70284129015087,ARIMA (+달력·가동 계획)
2021-09-10 19:00:00,2021-09-10 19:15:00,146.05532738904537,ARIMA (+달력·가동 계획)
2021-09-10 19:00:00,2021-09-10 19:30:00,140.36395372408202,ARIMA (+달력·가동 계획)
2021-09-10 19:00:00,2021-09-10 19:45:00,136.01592690668164,ARIMA (+달력·가동 계획)
2021-09-10 20:00:00,2021-09-10 20:00:00,127.71002619568918,ARIMA (+달력·가동 계획)
2021-09-10 20:00:00,2021-09-10 20:15:00,129.2294704302422,ARIMA (+달력·가동 계획)
2021-09-10 20:00:00,2021-09-10 20:30:00,128.67836928249616,ARIMA (+달력·가동 계획)
2021-09-10 20:00:00,2021-09-10 20:45:00,128.47425597763927,ARIMA (+달력·가동 계획)
2021-09-10 21:00:00,2021-09-10 21:00:00,123.80837611602333,ARIMA (+달력·가동 계획)
2021-09-10 21:00:00,2021-09-10 21:15:00,121.68275546100728,ARIMA (+달력·가동 계획)
2021-09-10 21:00:00,2021-09-10 21:30:00,118.1934998156892,ARIMA (+달력·가동 계획)
2021-09-10 21:00:00,2021-09-10 21:45:00,112.34700303696935,ARIMA (+달력·가동 계획)
2021-09-10 22:00:00,2021-09-10 22:00:00,102.45032799507548,ARIMA (+달력·가동 계획)
2021-09-10 22:00:00,2021-09-10 22:15:00,95.82707150569593,ARIMA (+달력·가동 계획)
2021-09-10 22:00:00,2021-09-10 22:30:00,90.8000264998375,ARIMA (+달력·가동 계획)
2021-09-10 22:00:00,2021-09-10 22:45:00,86.23470103729412,ARIMA (+달력·가동 계획)
2021-09-10 23:00:00,2021-09-10 23:00:00,97.6160282677524,ARIMA (+달력·가동 계획)
2021-09-10 23:00:00,2021-09-10 23:15:00,88.47757381504759,ARIMA (+달력·가동 계획)
2021-09-10 23:00:00,2021-09-10 23:30:00,80.58098482205962,ARIMA (+달력·가동 계획)
2021-09-10 23:00:00,2021-09-10 23:45:00,75.48621944303923,ARIMA (+달력·가동 계획)
2021-09-11 00:00:00,2021-09-11 00:00:00,55.69175941609065,ARIMA (+달력·가동 계획)
2021-09-11 00:00:00,2021-09-11 00:15:00,58.41491940767392,ARIMA (+달력·가동 계획)
2021-09-11 00:00:00,2021-09-11 00:30:00,61.37895932648196,ARIMA (+달력·가동 계획)
2021-09-11 00:00:00,2021-09-11 00:45:00,64.30284958842847,ARIMA (+달력·가동 계획)
2021-09-11 01:00:00,2021-09-11 01:00:00,57.16248296260248,ARIMA (+달력·가동 계획)
2021-09-11 01:00:00,2021-09-11 01:15:00,60.66560057477534,ARIMA (+달력·가동 계획)
2021-09-11 01:00:00,2021-09-11 01:30:00,63.42620028522888,ARIMA (+달력·가동 계획)
2021-09-11 01:00:00,2021-09-11 01:45:00,65.2813069032838,ARIMA (+달력·가동 계획)
2021-09-11 02:00:00,2021-09-11 02:00:00,94.46861902207384,ARIMA (+달력·가동 계획)
2021-09-11 02:00:00,2021-09-11 02:15:00,82.75358442528878,ARIMA (+달력·가동 계획)
2021-09-11 02:00:00,2021-09-11 02:30:00,75.30748497553625,ARIMA (+달력·가동 계획)
2021-09-11 02:00:00,2021-09-11 02:45:00,71.80781723841926,ARIMA (+달력·가동 계획)
2021-09-11 03:00:00,2021-09-11 03:00:00,88.29152542742904,ARIMA (+달력·가동 계획)
2021-09-11 03:00:00,2021-09-11 03:15:00,84.092649863514,ARIMA (+달력·가동 계획)
2021-09-11 03:00:00,2021-09-11 03:30:00,82.21121321171184,ARIMA (+달력·가동 계획)
2021-09-11 03:00:00,2021-09-11 03:45:00,81.09560379733308,ARIMA (+달력·가동 계획)
2021-09-11 04:00:00,2021-09-11 04:00:00,94.83248360923648,ARIMA (+달력·가동 계획)
2021-09-11 04:00:00,2021-09-11 04:15:00,89.53837667548589,ARIMA (+달력·가동 계획)
2021-09-11 04:00:00,2021-09-11 04:30:00,84.27932871536598,ARIMA (+달력·가동 계획)
2021-09-11 04:00:00,2021-09-11 04:45:00,81.556160821878,ARIMA (+달력·가동 계획)
2021-09-11 05:00:00,2021-09-11 05:00:00,83.53210984851653,ARIMA (+달력·가동 계획)
2021-09-11 05:00:00,2021-09-11 05:15:00,81.97577667236419,ARIMA (+달력·가동 계획)
2021-09-11 05:00:00,2021-09-11 05:30:00,80.795501754872,ARIMA (+달력·가동 계획)
2021-09-11 05:00:00,2021-09-11 05:45:00,79.46546098177578,ARIMA (+달력·가동 계획)
2021-09-11 06:00:00,2021-09-11 06:00:00,92.7827584061382,ARIMA (+달력·가동 계획)
2021-09-11 06:00:00,2021-09-11 06:15:00,87.15670365696593,ARIMA (+달력·가동 계획)
2021-09-11 06:00:00,2021-09-11 06:30:00,79.96965880632382,ARIMA (+달력·가동 계획)
2021-09-11 06:00:00,2021-09-11 06:45:00,73.02402683801661,ARIMA (+달력·가동 계획)
2021-09-11 07:00:00,2021-09-11 07:00:00,71.9145368672774,ARIMA (+달력·가동 계획)
2021-09-11 07:00:00,2021-09-11 07:15:00,68.56447569744356,ARIMA (+달력·가동 계획)
2021-09-11 07:00:00,2021-09-11 07:30:00,65.65415785533091,ARIMA (+달력·가동 계획)
2021-09-11 07:00:00,2021-09-11 07:45:00,63.280144423881154,ARIMA (+달력·가동 계획)
2021-09-11 08:00:00,2021-09-11 08:00:00,31.96323008459674,ARIMA (+달력·가동 계획)
2021-09-11 08:00:00,2021-09-11 08:15:00,39.98182300083853,ARIMA (+달력·가동 계획)
2021-09-11 08:00:00,2021-09-11 08:30:00,45.73458970053402,ARIMA (+달력·가동 계획)
2021-09-11 08:00:00,2021-09-11 08:45:00,49.61753819746978,ARIMA (+달력·가동 계획)
2021-09-11 09:00:00,2021-09-11 09:00:00,29.000379352624577,ARIMA (+달력·가동 계획)
2021-09-11 09:00:00,2021-09-11 09:15:00,34.34840638239964,ARIMA (+달력·가동 계획)
2021-09-11 09:00:00,2021-09-11 09:30:00,36.27290441930852,ARIMA (+달력·가동 계획)
2021-09-11 09:00:00,2021-09-11 09:45:00,36.525193091933865,ARIMA (+달력·가동 계획)
2021-09-11 10:00:00,2021-09-11 10:00:00,25.4207893006362,ARIMA (+달력·가동 계획)
2021-09-11 10:00:00,2021-09-11 10:15:00,27.57393911939996,ARIMA (+달력·가동 계획)
2021-09-11 10:00:00,2021-09-11 10:30:00,28.62825531900544,ARIMA (+달력·가동 계획)
2021-09-11 10:00:00,2021-09-11 10:45:00,29.194401599211847,ARIMA (+달력·가동 계획)
2021-09-11 11:00:00,2021-09-11 11:00:00,23.83877700650964,ARIMA (+달력·가동 계획)
2021-09-11 11:00:00,2021-09-11 11:15:00,25.96433797663097,ARIMA (+달력·가동 계획)
2021-09-11 11:00:00,2021-09-11 11:30:00,27.33393561503879,ARIMA (+달력·가동 계획)
2021-09-11 11:00:00,2021-09-11 11:45:00,28.41489181090137,ARIMA (+달력·가동 계획)
2021-09-11 12:00:00,2021-09-11 12:00:00,24.963407719944332,ARIMA (+달력·가동 계획)
2021-09-11 12:00:00,2021-09-11 12:15:00,26.72384008214188,ARIMA (+달력·가동 계획)
2021-09-11 12:00:00,2021-09-11 12:30:00,27.88101632178996,ARIMA (+달력·가동 계획)
2021-09-11 12:00:00,2021-09-11 12:45:00,28.6527831445998,ARIMA (+달력·가동 계획)
2021-09-11 13:00:00,2021-09-11 13:00:00,24.4056417372894,ARIMA (+달력·가동 계획)
2021-09-11 13:00:00,2021-09-11 13:15:00,26.041045719668183,ARIMA (+달력·가동 계획)
2021-09-11 13:00:00,2021-09-11 13:30:00,26.658941115124406,ARIMA (+달력·가동 계획)
2021-09-11 13:00:00,2021-09-11 13:45:00,27.389162605343596,ARIMA (+달력·가동 계획)
2021-09-11 14:00:00,2021-09-11 14:00:00,24.857501803322407,ARIMA (+달력·가동 계획)
2021-09-11 14:00:00,2021-09-11 14:15:00,25.98164832279364,ARIMA (+달력·가동 계획)
2021-09-11 14:00:00,2021-09-11 14:30:00,26.795951455072284,ARIMA (+달력·가동 계획)
2021-09-11 14:00:00,2021-09-11 14:45:00,27.399745673902537,ARIMA (+달력·가동 계획)
2021-09-11 15:00:00,2021-09-11 15:00:00,24.22465388971283,ARIMA (+달력·가동 계획)
2021-09-11 15:00:00,2021-09-11 15:15:00,25.669752234588604,ARIMA (+달력·가동 계획)
2021-09-11 15:00:00,2021-09-11 15:30:00,26.64328290717218,ARIMA (+달력·가동 계획)
2021-09-11 15:00:00,2021-09-11 15:45:00,27.60055370079691,ARIMA (+달력·가동 계획)
2021-09-11 16:00:00,2021-09-11 16:00:00,25.65549460580317,ARIMA (+달력·가동 계획)
2021-09-11 16:00:00,2021-09-11 16:15:00,27.33668193568876,ARIMA (+달력·가동 계획)
2021-09-11 16:00:00,2021-09-11 16:30:00,28.757569816257305,ARIMA (+달력·가동 계획)
2021-09-11 16:00:00,2021-09-11 16:45:00,30.061864946940094,ARIMA (+달력·가동 계획)
2021-09-11 17:00:00,2021-09-11 17:00:00,25.600460922429143,ARIMA (+달력·가동 계획)
2021-09-11 17:00:00,2021-09-11 17:15:00,28.426409972750584,ARIMA (+달력·가동 계획)
2021-09-11 17:00:00,2021-09-11 17:30:00,30.532768401359185,ARIMA (+달력·가동 계획)
2021-09-11 17:00:00,2021-09-11 17:45:00,32.279149429409244,ARIMA (+달력·가동 계획)
2021-09-11 18:00:00,2021-09-11 18:00:00,26.20784118113434,ARIMA (+달력·가동 계획)
2021-09-11 18:00:00,2021-09-11 18:15:00,29.48261352811953,ARIMA (+달력·가동 계획)
2021-09-11 18:00:00,2021-09-11 18:30:00,31.764293280024088,ARIMA (+달력·가동 계획)
2021-09-11 18:00:00,2021-09-11 18:45:00,33.340079284368905,ARIMA (+달력·가동 계획)
2021-09-11 19:00:00,2021-09-11 19:00:00,24.983204242133525,ARIMA (+달력·가동 계획)
2021-09-11 19:00:00,2021-09-11 19:15:00,28.602384337026564,ARIMA (+달력·가동 계획)
2021-09-11 19:00:00,2021-09-11 19:30:00,30.94781671854489,ARIMA (+달력·가동 계획)
2021-09-11 19:00:00,2021-09-11 19:45:00,32.723091634929006,ARIMA (+달력·가동 계획)
2021-09-11 20:00:00,2021-09-11 20:00:00,26.99865302864376,ARIMA (+달력·가동 계획)
2021-09-11 20:00:00,2021-09-11 20:15:00,29.530384915855343,ARIMA (+달력·가동 계획)
2021-09-11 20:00:00,2021-09-11 20:30:00,31.663814674400157,ARIMA (+달력·가동 계획)
2021-09-11 20:00:00,2021-09-11 20:45:00,33.54544140875232,ARIMA (+달력·가동 계획)
2021-09-11 21:00:00,2021-09-11 21:00:00,28.15764560154671,ARIMA (+달력·가동 계획)
2021-09-11 21:00:00,2021-09-11 21:15:00,31.44578074642746,ARIMA (+달력·가동 계획)
2021-09-11 21:00:00,2021-09-11 21:30:00,34.07730955436804,ARIMA (+달력·가동 계획)
2021-09-11 21:00:00,2021-09-11 21:45:00,36.00970441163754,ARIMA (+달력·가동 계획)
2021-09-11 22:00:00,2021-09-11 22:00:00,27.40863011827064,ARIMA (+달력·가동 계획)
2021-09-11 22:00:00,2021-09-11 22:15:00,32.014065997356795,ARIMA (+달력·가동 계획)
2021-09-11 22:00:00,2021-09-11 22:30:00,35.449905275431135,ARIMA (+달력·가동 계획)
2021-09-11 22:00:00,2021-09-11 22:45:00,38.09042852688489,ARIMA (+달력·가동 계획)
2021-09-11 23:00:00,2021-09-11 23:00:00,28.026067710677857,ARIMA (+달력·가동 계획)
2021-09-11 23:00:00,2021-09-11 23:15:00,33.358886325575924,ARIMA (+달력·가동 계획)
2021-09-11 23:00:00,2021-09-11 23:30:00,37.0258631882124,ARIMA (+달력·가동 계획)
2021-09-11 23:00:00,2021-09-11 23:45:00,39.76299245604673,ARIMA (+달력·가동 계획)
2021-09-12 00:00:00,2021-09-12 00:00:00,18.332057427268477,ARIMA (+달력·가동 계획)
2021-09-12 00:00:00,2021-09-12 00:15:00,23.570600058670383,ARIMA (+달력·가동 계획)
2021-09-12 00:00:00,2021-09-12 00:30:00,27.13433203014395,ARIMA (+달력·가동 계획)
2021-09-12 00:00:00,2021-09-12 00:45:00,29.398004128747104,ARIMA (+달력·가동 계획)
2021-09-12 01:00:00,2021-09-12 01:00:00,23.75386483947287,ARIMA (+달력·가동 계획)
2021-09-12 01:00:00,2021-09-12 01:15:00,26.030881772504223,ARIMA (+달력·가동 계획)
2021-09-12 01:00:00,2021-09-12 01:30:00,27.872080956868334,ARIMA (+달력·가동 계획)
2021-09-12 01:00:00,2021-09-12 01:45:00,29.429100443342826,ARIMA (+달력·가동 계획)
2021-09-12 02:00:00,2021-09-12 02:00:00,26.39476904613985,ARIMA (+달력·가동 계획)
2021-09-12 02:00:00,2021-09-12 02:15:00,28.524576673930422,ARIMA (+달력·가동 계획)
2021-09-12 02:00:00,2021-09-12 02:30:00,29.893684827023083,ARIMA (+달력·가동 계획)
2021-09-12 02:00:00,2021-09-12 02:45:00,30.76001683480732,ARIMA (+달력·가동 계획)
2021-09-12 03:00:00,2021-09-12 03:00:00,25.302583949423543,ARIMA (+달력·가동 계획)
2021-09-12 03:00:00,2021-09-12 03:15:00,27.743939626566156,ARIMA (+달력·가동 계획)
2021-09-12 03:00:00,2021-09-12 03:30:00,29.592251870909717,ARIMA (+달력·가동 계획)
2021-09-12 03:00:00,2021-09-12 03:45:00,30.67536343645717,ARIMA (+달력·가동 계획)
2021-09-12 04:00:00,2021-09-12 04:00:00,24.4406921765342,ARIMA (+달력·가동 계획)
2021-09-12 04:00:00,2021-09-12 04:15:00,26.778224031762377,ARIMA (+달력·가동 계획)
2021-09-12 04:00:00,2021-09-12 04:30:00,28.11555044968114,ARIMA (+달력·가동 계획)
2021-09-12 04:00:00,2021-09-12 04:45:00,28.887643741139467,ARIMA (+달력·가동 계획)
2021-09-12 05:00:00,2021-09-12 05:00:00,24.43964741909189,ARIMA (+달력·가동 계획)
2021-09-12 05:00:00,2021-09-12 05:15:00,25.523083268701235,ARIMA (+달력·가동 계획)
2021-09-12 05:00:00,2021-09-12 05:30:00,25.818719893840505,ARIMA (+달력·가동 계획)
2021-09-12 05:00:00,2021-09-12 05:45:00,25.5317555706175,ARIMA (+달력·가동 계획)
2021-09-12 06:00:00,2021-09-12 06:00:00,22.919789924367507,ARIMA (+달력·가동 계획)
2021-09-12 06:00:00,2021-09-12 06:15:00,22.36047696473689,ARIMA (+달력·가동 계획)
2021-09-12 06:00:00,2021-09-12 06:30:00,21.342162691959327,ARIMA (+달력·가동 계획)
2021-09-12 06:00:00,2021-09-12 06:45:00,20.000473016454176,ARIMA (+달력·가동 계획)
2021-09-12 07:00:00,2021-09-12 07:00:00,21.047342666666765,ARIMA (+달력·가동 계획)
2021-09-12 07:00:00,2021-09-12 07:15:00,18.55104843290172,ARIMA (+달력·가동 계획)
2021-09-12 07:00:00,2021-09-12 07:30:00,16.268902487272477,ARIMA (+달력·가동 계획)
2021-09-12 07:00:00,2021-09-12 07:45:00,14.22587890911064,ARIMA (+달력·가동 계획)
2021-09-12 08:00:00,2021-09-12 08:00:00,19.322646969393457,ARIMA (+달력·가동 계획)
2021-09-12 08:00:00,2021-09-12 08:15:00,15.79089263770638,ARIMA (+달력·가동 계획)
2021-09-12 08:00:00,2021-09-12 08:30:00,13.140652437371347,ARIMA (+달력·가동 계획)
2021-09-12 08:00:00,2021-09-12 08:45:00,11.226162479355828,ARIMA (+달력·가동 계획)
2021-09-12 09:00:00,2021-09-12 09:00:00,18.855956277436487,ARIMA (+달력·가동 계획)
2021-09-12 09:00:00,2021-09-12 09:15:00,15.423694436497764,ARIMA (+달력·가동 계획)
2021-09-12 09:00:00,2021-09-12 09:30:00,13.774321797193764,ARIMA (+달력·가동 계획)
2021-09-12 09:00:00,2021-09-12 09:45:00,13.028672048776862,ARIMA (+달력·가동 계획)
2021-09-12 10:00:00,2021-09-12 10:00:00,19.514283487952262,ARIMA (+달력·가동 계획)
2021-09-12 10:00:00,2021-09-12 10:15:00,17.929784209268355,ARIMA (+달력·가동 계획)
2021-09-12 10:00:00,2021-09-12 10:30:00,17.38730855477252,ARIMA (+달력·가동 계획)
2021-09-12 10:00:00,2021-09-12 10:45:00,17.581349890088223,ARIMA (+달력·가동 계획)
2021-09-12 11:00:00,2021-09-12 11:00:00,21.80474215330067,ARIMA (+달력·가동 계획)
2021-09-12 11:00:00,2021-09-12 11:15:00,21.57811531536957,ARIMA (+달력·가동 계획)
2021-09-12 11:00:00,2021-09-12 11:30:00,21.655747703218,ARIMA (+달력·가동 계획)
2021-09-12 11:00:00,2021-09-12 11:45:00,22.111919157350183,ARIMA (+달력·가동 계획)
2021-09-12 12:00:00,2021-09-12 12:00:00,22.641451483942337,ARIMA (+달력·가동 계획)
2021-09-12 12:00:00,2021-09-12 12:15:00,23.312708883241577,ARIMA (+달력·가동 계획)
2021-09-12 12:00:00,2021-09-12 12:30:00,23.97664882488837,ARIMA (+달력·가동 계획)
2021-09-12 12:00:00,2021-09-12 12:45:00,24.477625283865397,ARIMA (+달력·가동 계획)
2021-09-12 13:00:00,2021-09-12 13:00:00,22.53235350404164,ARIMA (+달력·가동 계획)
2021-09-12 13:00:00,2021-09-12 13:15:00,23.28635140564857,ARIMA (+달력·가동 계획)
2021-09-12 13:00:00,2021-09-12 13:30:00,23.724877410036918,ARIMA (+달력·가동 계획)
2021-09-12 13:00:00,2021-09-12 13:45:00,24.03489435828086,ARIMA (+달력·가동 계획)
2021-09-12 14:00:00,2021-09-12 14:00:00,23.24458990650015,ARIMA (+달력·가동 계획)
2021-09-12 14:00:00,2021-09-12 14:15:00,23.446228666298712,ARIMA (+달력·가동 계획)
2021-09-12 14:00:00,2021-09-12 14:30:00,23.564769003769943,ARIMA (+달력·가동 계획)
2021-09-12 14:00:00,2021-09-12 14:45:00,23.66943900687745,ARIMA (+달력·가동 계획)
2021-09-12 15:00:00,2021-09-12 15:00:00,27.12551096268775,ARIMA (+달력·가동 계획)
2021-09-12 15:00:00,2021-09-12 15:15:00,26.31855815509299,ARIMA (+달력·가동 계획)
2021-09-12 15:00:00,2021-09-12 15:30:00,25.585867137092013,ARIMA (+달력·가동 계획)
2021-09-12 15:00:00,2021-09-12 15:45:00,25.27213124890761,ARIMA (+달력·가동 계획)
2021-09-12 16:00:00,2021-09-12 16:00:00,24.328704257154936,ARIMA (+달력·가동 계획)
2021-09-12 16:00:00,2021-09-12 16:15:00,25.5598116563361,ARIMA (+달력·가동 계획)
2021-09-12 16:00:00,2021-09-12 16:30:00,26.706024802937318,ARIMA (+달력·가동 계획)
2021-09-12 16:00:00,2021-09-12 16:45:00,27.7630872935569,ARIMA (+달력·가동 계획)
2021-09-12 17:00:00,2021-09-12 17:00:00,24.74858131843185,ARIMA (+달력·가동 계획)
2021-09-12 17:00:00,2021-09-12 17:15:00,26.749492086626027,ARIMA (+달력·가동 계획)
2021-09-12 17:00:00,2021-09-12 17:30:00,28.288613234320717,ARIMA (+달력·가동 계획)
2021-09-12 17:00:00,2021-09-12 17:45:00,29.632802022318938,ARIMA (+달력·가동 계획)
2021-09-12 18:00:00,2021-09-12 18:00:00,25.451197154005285,ARIMA (+달력·가동 계획)
2021-09-12 18:00:00,2021-09-12 18:15:00,27.842412266535995,ARIMA (+달력·가동 계획)
2021-09-12 18:00:00,2021-09-12 18:30:00,29.48499696946061,ARIMA (+달력·가동 계획)
2021-09-12 18:00:00,2021-09-12 18:45:00,30.622223118094343,ARIMA (+달력·가동 계획)
2021-09-12 19:00:00,2021-09-12 19:00:00,25.070946249961736,ARIMA (+달력·가동 계획)
2021-09-12 19:00:00,2021-09-12 19:15:00,27.587802149722265,ARIMA (+달력·가동 계획)
2021-09-12 19:00:00,2021-09-12 19:30:00,29.06758578805072,ARIMA (+달력·가동 계획)
2021-09-12 19:00:00,2021-09-12 19:45:00,30.136567676904686,ARIMA (+달력·가동 계획)
2021-09-12 20:00:00,2021-09-12 20:00:00,26.41461049425361,ARIMA (+달력·가동 계획)
2021-09-12 20:00:00,2021-09-12 20:15:00,28.34398982835125,ARIMA (+달력·가동 계획)
2021-09-12 20:00:00,2021-09-12 20:30:00,29.706699509496545,ARIMA (+달력·가동 계획)
2021-09-12 20:00:00,2021-09-12 20:45:00,30.71035004190246,ARIMA (+달력·가동 계획)
2021-09-12 21:00:00,2021-09-12 21:00:00,25.408071586250937,ARIMA (+달력·가동 계획)
2021-09-12 21:00:00,2021-09-12 21:15:00,28.25412327827967,ARIMA (+달력·가동 계획)
2021-09-12 21:00:00,2021-09-12 21:30:00,30.340459531674423,ARIMA (+달력·가동 계획)
2021-09-12 21:00:00,2021-09-12 21:45:00,32.16507984982951,ARIMA (+달력·가동 계획)
2021-09-12 22:00:00,2021-09-12 22:00:00,30.886902514349533,ARIMA (+달력·가동 계획)
2021-09-12 22:00:00,2021-09-12 22:15:00,33.0651983596028,ARIMA (+달력·가동 계획)
2021-09-12 22:00:00,2021-09-12 22:30:00,34.810860176347425,ARIMA (+달력·가동 계획)
2021-09-12 22:00:00,2021-09-12 22:45:00,36.12770536309079,ARIMA (+달력·가동 계획)
2021-09-12 23:00:00,2021-09-12 23:00:00,27.876144841528816,ARIMA (+달력·가동 계획)
2021-09-12 23:00:00,2021-09-12 23:15:00,32.30537913572465,ARIMA (+달력·가동 계획)
2021-09-12 23:00:00,2021-09-12 23:30:00,35.46135409616787,ARIMA (+달력·가동 계획)
2021-09-12 23:00:00,2021-09-12 23:45:00,37.75191281250672,ARIMA (+달력·가동 계획)
2021-09-13 00:00:00,2021-09-13 00:00:00,34.93461761847789,ARIMA (+달력·가동 계획)
2021-09-13 00:00:00,2021-09-13 00:15:00,38.66700664437087,ARIMA (+달력·가동 계획)
2021-09-13 00:00:00,2021-09-13 00:30:00,41.90740566962636,ARIMA (+달력·가동 계획)
2021-09-13 00:00:00,2021-09-13 00:45:00,44.88133876324626,ARIMA (+달력·가동 계획)
2021-09-13 01:00:00,2021-09-13 01:00:00,31.646950782575487,ARIMA (+달력·가동 계획)
2021-09-13 01:00:00,2021-09-13 01:15:00,39.94171708912256,ARIMA (+달력·가동 계획)
2021-09-13 01:00:00,2021-09-13 01:30:00,46.21021691604746,ARIMA (+달력·가동 계획)
2021-09-13 01:00:00,2021-09-13 01:45:00,51.01685648219917,ARIMA (+달력·가동 계획)
2021-09-13 02:00:00,2021-09-13 02:00:00,32.73375605831404,ARIMA (+달력·가동 계획)
2021-09-13 02:00:00,2021-09-13 02:15:00,42.18947018480755,ARIMA (+달력·가동 계획)
2021-09-13 02:00:00,2021-09-13 02:30:00,48.27361527337332,ARIMA (+달력·가동 계획)
2021-09-13 02:00:00,2021-09-13 02:45:00,51.93113711399512,ARIMA (+달력·가동 계획)
2021-09-13 03:00:00,2021-09-13 03:00:00,31.37875428091128,ARIMA (+달력·가동 계획)
2021-09-13 03:00:00,2021-09-13 03:15:00,38.07277162215055,ARIMA (+달력·가동 계획)
2021-09-13 03:00:00,2021-09-13 03:30:00,41.27239178357368,ARIMA (+달력·가동 계획)
2021-09-13 03:00:00,2021-09-13 03:45:00,41.90398632566996,ARIMA (+달력·가동 계획)
2021-09-13 04:00:00,2021-09-13 04:00:00,28.36815043758554,ARIMA (+달력·가동 계획)
2021-09-13 04:00:00,2021-09-13 04:15:00,30.038821406508237,ARIMA (+달력·가동 계획)
2021-09-13 04:00:00,2021-09-13 04:30:00,30.14427762133203,ARIMA (+달력·가동 계획)
2021-09-13 04:00:00,2021-09-13 04:45:00,29.471382252667095,ARIMA (+달력·가동 계획)
2021-09-13 05:00:00,2021-09-13 05:00:00,23.8115504366522,ARIMA (+달력·가동 계획)
2021-09-13 05:00:00,2021-09-13 05:15:00,25.865601768641447,ARIMA (+달력·가동 계획)
2021-09-13 05:00:00,2021-09-13 05:30:00,28.618238129835333,ARIMA (+달력·가동 계획)
2021-09-13 05:00:00,2021-09-13 05:45:00,32.30974795644195,ARIMA (+달력·가동 계획)
2021-09-13 06:00:00,2021-09-13 06:00:00,28.64763422222039,ARIMA (+달력·가동 계획)
2021-09-13 06:00:00,2021-09-13 06:15:00,37.75928903081724,ARIMA (+달력·가동 계획)
2021-09-13 06:00:00,2021-09-13 06:30:00,47.40227939110672,ARIMA (+달력·가동 계획)
2021-09-13 06:00:00,2021-09-13 06:45:00,57.88617387243515,ARIMA (+달력·가동 계획)
2021-09-13 07:00:00,2021-09-13 07:00:00,41.96472754095026,ARIMA (+달력·가동 계획)
2021-09-13 07:00:00,2021-09-13 07:15:00,61.59832562276112,ARIMA (+달력·가동 계획)
2021-09-13 07:00:00,2021-09-13 07:30:00,78.66043274800974,ARIMA (+달력·가동 계획)
2021-09-13 07:00:00,2021-09-13 07:45:00,93.50377219449442,ARIMA (+달력·가동 계획)
2021-09-13 08:00:00,2021-09-13 08:00:00,121.99113752768592,ARIMA (+달력·가동 계획)
2021-09-13 08:00:00,2021-09-13 08:15:00,126.7052105251599,ARIMA (+달력·가동 계획)
2021-09-13 08:00:00,2021-09-13 08:30:00,128.62470285217236,ARIMA (+달력·가동 계획)
2021-09-13 08:00:00,2021-09-13 08:45:00,129.02846830351382,ARIMA (+달력·가동 계획)
2021-09-13 09:00:00,2021-09-13 09:00:00,179.1813481054944,ARIMA (+달력·가동 계획)
2021-09-13 09:00:00,2021-09-13 09:15:00,163.94055675459896,ARIMA (+달력·가동 계획)
2021-09-13 09:00:00,2021-09-13 09:30:00,157.11640573070616,ARIMA (+달력·가동 계획)
2021-09-13 09:00:00,2021-09-13 09:45:00,154.81407305774852,ARIMA (+달력·가동 계획)
2021-09-13 10:00:00,2021-09-13 10:00:00,168.2384029507496,ARIMA (+달력·가동 계획)
2021-09-13 10:00:00,2021-09-13 10:15:00,165.38411816815494,ARIMA (+달력·가동 계획)
2021-09-13 10:00:00,2021-09-13 10:30:00,163.192440260848,ARIMA (+달력·가동 계획)
2021-09-13 10:00:00,2021-09-13 10:45:00,161.2305705517508,ARIMA (+달력·가동 계획)
2021-09-13 11:00:00,2021-09-13 11:00:00,169.92331014922792,ARIMA (+달력·가동 계획)
2021-09-13 11:00:00,2021-09-13 11:15:00,161.20571580610135,ARIMA (+달력·가동 계획)
2021-09-13 11:00:00,2021-09-13 11:30:00,152.924398119145,ARIMA (+달력·가동 계획)
2021-09-13 11:00:00,2021-09-13 11:45:00,147.94235618920155,ARIMA (+달력·가동 계획)
2021-09-13 12:00:00,2021-09-13 12:00:00,179.54077246987842,ARIMA (+달력·가동 계획)
2021-09-13 12:00:00,2021-09-13 12:15:00,166.46902664425934,ARIMA (+달력·가동 계획)
2021-09-13 12:00:00,2021-09-13 12:30:00,158.03363666964455,ARIMA (+달력·가동 계획)
2021-09-13 12:00:00,2021-09-13 12:45:00,152.47628027564627,ARIMA (+달력·가동 계획)
2021-09-13 13:00:00,2021-09-13 13:00:00,143.44933351654217,ARIMA (+달력·가동 계획)
2021-09-13 13:00:00,2021-09-13 13:15:00,151.75129474901934,ARIMA (+달력·가동 계획)
2021-09-13 13:00:00,2021-09-13 13:30:00,157.0521235136051,ARIMA (+달력·가동 계획)
2021-09-13 13:00:00,2021-09-13 13:45:00,157.3803411439576,ARIMA (+달력·가동 계획)
2021-09-13 14:00:00,2021-09-13 14:00:00,175.89977996994892,ARIMA (+달력·가동 계획)
2021-09-13 14:00:00,2021-09-13 14:15:00,167.12914350004726,ARIMA (+달력·가동 계획)
2021-09-13 14:00:00,2021-09-13 14:30:00,163.1713047998717,ARIMA (+달력·가동 계획)
2021-09-13 14:00:00,2021-09-13 14:45:00,163.0328021176664,ARIMA (+달력·가동 계획)
2021-09-13 15:00:00,2021-09-13 15:00:00,181.2073199541967,ARIMA (+달력·가동 계획)
2021-09-13 15:00:00,2021-09-13 15:15:00,178.61218316601628,ARIMA (+달력·가동 계획)
2021-09-13 15:00:00,2021-09-13 15:30:00,177.05349628845838,ARIMA (+달력·가동 계획)
2021-09-13 15:00:00,2021-09-13 15:45:00,175.09478657734184,ARIMA (+달력·가동 계획)
2021-09-13 16:00:00,2021-09-13 16:00:00,168.46045941462648,ARIMA (+달력·가동 계획)
2021-09-13 16:00:00,2021-09-13 16:15:00,166.78132274673845,ARIMA (+달력·가동 계획)
2021-09-13 16:00:00,2021-09-13 16:30:00,163.90043600948587,ARIMA (+달력·가동 계획)
2021-09-13 16:00:00,2021-09-13 16:45:00,160.54045961441764,ARIMA (+달력·가동 계획)
2021-09-13 17:00:00,2021-09-13 17:00:00,172.02263555820264,ARIMA (+달력·가동 계획)
2021-09-13 17:00:00,2021-09-13 17:15:00,162.42014497825335,ARIMA (+달력·가동 계획)
2021-09-13 17:00:00,2021-09-13 17:30:00,153.17933379244295,ARIMA (+달력·가동 계획)
2021-09-13 17:00:00,2021-09-13 17:45:00,145.8506804575182,ARIMA (+달력·가동 계획)
2021-09-13 18:00:00,2021-09-13 18:00:00,155.84052142730562,ARIMA (+달력·가동 계획)
2021-09-13 18:00:00,2021-09-13 18:15:00,153.46487448514603,ARIMA (+달력·가동 계획)
2021-09-13 18:00:00,2021-09-13 18:30:00,144.86858626699373,ARIMA (+달력·가동 계획)
2021-09-13 18:00:00,2021-09-13 18:45:00,135.76763909763787,ARIMA (+달력·가동 계획)
2021-09-13 19:00:00,2021-09-13 19:00:00,131.85334266671595,ARIMA (+달력·가동 계획)
2021-09-13 19:00:00,2021-09-13 19:15:00,129.08067247585453,ARIMA (+달력·가동 계획)
2021-09-13 19:00:00,2021-09-13 19:30:00,128.73093672805004,ARIMA (+달력·가동 계획)
2021-09-13 19:00:00,2021-09-13 19:45:00,128.06200742137543,ARIMA (+달력·가동 계획)
2021-09-13 20:00:00,2021-09-13 20:00:00,115.6234551070648,ARIMA (+달력·가동 계획)
2021-09-13 20:00:00,2021-09-13 20:15:00,116.18149746139328,ARIMA (+달력·가동 계획)
2021-09-13 20:00:00,2021-09-13 20:30:00,117.44361007467928,ARIMA (+달력·가동 계획)
2021-09-13 20:00:00,2021-09-13 20:45:00,119.88402608697906,ARIMA (+달력·가동 계획)
2021-09-13 21:00:00,2021-09-13 21:00:00,125.8710285190422,ARIMA (+달력·가동 계획)
2021-09-13 21:00:00,2021-09-13 21:15:00,121.12033887778188,ARIMA (+달력·가동 계획)
2021-09-13 21:00:00,2021-09-13 21:30:00,114.904595513331,ARIMA (+달력·가동 계획)
2021-09-13 21:00:00,2021-09-13 21:45:00,107.80741280379358,ARIMA (+달력·가동 계획)
2021-09-13 22:00:00,2021-09-13 22:00:00,106.90641187191754,ARIMA (+달력·가동 계획)
2021-09-13 22:00:00,2021-09-13 22:15:00,97.56185725294418,ARIMA (+달력·가동 계획)
2021-09-13 22:00:00,2021-09-13 22:30:00,90.08759981589743,ARIMA (+달력·가동 계획)
2021-09-13 22:00:00,2021-09-13 22:45:00,84.2792319907957,ARIMA (+달력·가동 계획)
2021-09-13 23:00:00,2021-09-13 23:00:00,100.6655327272378,ARIMA (+달력·가동 계획)
2021-09-13 23:00:00,2021-09-13 23:15:00,89.87103397312242,ARIMA (+달력·가동 계획)
2021-09-13 23:00:00,2021-09-13 23:30:00,80.20624616944636,ARIMA (+달력·가동 계획)
2021-09-13 23:00:00,2021-09-13 23:45:00,74.4980700861766,ARIMA (+달력·가동 계획)
2021-09-14 00:00:00,2021-09-14 00:00:00,95.25894220256951,ARIMA (+달력·가동 계획)
2021-09-14 00:00:00,2021-09-14 00:15:00,91.89599475660825,ARIMA (+달력·가동 계획)
2021-09-14 00:00:00,2021-09-14 00:30:00,92.09956605045336,ARIMA (+달력·가동 계획)
2021-09-14 00:00:00,2021-09-14 00:45:00,96.23455260397684,ARIMA (+달력·가동 계획)
2021-09-14 01:00:00,2021-09-14 01:00:00,79.49035591167744,ARIMA (+달력·가동 계획)
2021-09-14 01:00:00,2021-09-14 01:15:00,91.70047033832375,ARIMA (+달력·가동 계획)
2021-09-14 01:00:00,2021-09-14 01:30:00,99.18495433397166,ARIMA (+달력·가동 계획)
2021-09-14 01:00:00,2021-09-14 01:45:00,104.07096460518156,ARIMA (+달력·가동 계획)
2021-09-14 02:00:00,2021-09-14 02:00:00,111.00040972173626,ARIMA (+달력·가동 계획)
2021-09-14 02:00:00,2021-09-14 02:15:00,107.64157902479504,ARIMA (+달력·가동 계획)
2021-09-14 02:00:00,2021-09-14 02:30:00,106.43973425429078,ARIMA (+달력·가동 계획)
2021-09-14 02:00:00,2021-09-14 02:45:00,106.49189109574328,ARIMA (+달력·가동 계획)
2021-09-14 03:00:00,2021-09-14 03:00:00,109.0857252303001,ARIMA (+달력·가동 계획)
2021-09-14 03:00:00,2021-09-14 03:15:00,108.26882652521049,ARIMA (+달력·가동 계획)
2021-09-14 03:00:00,2021-09-14 03:30:00,107.08467084579854,ARIMA (+달력·가동 계획)
2021-09-14 03:00:00,2021-09-14 03:45:00,105.1427289859465,ARIMA (+달력·가동 계획)
2021-09-14 04:00:00,2021-09-14 04:00:00,113.30797169284294,ARIMA (+달력·가동 계획)
2021-09-14 04:00:00,2021-09-14 04:15:00,107.18366674949652,ARIMA (+달력·가동 계획)
2021-09-14 04:00:00,2021-09-14 04:30:00,101.93997735051526,ARIMA (+달력·가동 계획)
2021-09-14 04:00:00,2021-09-14 04:45:00,96.83740450029607,ARIMA (+달력·가동 계획)
2021-09-14 05:00:00,2021-09-14 05:00:00,99.65710002961043,ARIMA (+달력·가동 계획)
2021-09-14 05:00:00,2021-09-14 05:15:00,96.19961835387942,ARIMA (+달력·가동 계획)
2021-09-14 05:00:00,2021-09-14 05:30:00,95.79423963241472,ARIMA (+달력·가동 계획)
2021-09-14 05:00:00,2021-09-14 05:45:00,98.01443054169052,ARIMA (+달력·가동 계획)
2021-09-14 06:00:00,2021-09-14 06:00:00,117.29309823173412,ARIMA (+달력·가동 계획)
2021-09-14 06:00:00,2021-09-14 06:15:00,120.19944798088976,ARIMA (+달력·가동 계획)
2021-09-14 06:00:00,2021-09-14 06:30:00,122.37332940251652,ARIMA (+달력·가동 계획)
2021-09-14 06:00:00,2021-09-14 06:45:00,125.34353239844508,ARIMA (+달력·가동 계획)
2021-09-14 07:00:00,2021-09-14 07:00:00,124.2969947344685,ARIMA (+달력·가동 계획)
2021-09-14 07:00:00,2021-09-14 07:15:00,135.67965709786247,ARIMA (+달력·가동 계획)
2021-09-14 07:00:00,2021-09-14 07:30:00,148.34380986421323,ARIMA (+달력·가동 계획)
2021-09-14 07:00:00,2021-09-14 07:45:00,159.4533863985598,ARIMA (+달력·가동 계획)
2021-09-14 08:00:00,2021-09-14 08:00:00,164.41787032948886,ARIMA (+달력·가동 계획)
2021-09-14 08:00:00,2021-09-14 08:15:00,173.88868420678514,ARIMA (+달력·가동 계획)
2021-09-14 08:00:00,2021-09-14 08:30:00,180.491928916633,ARIMA (+달력·가동 계획)
2021-09-14 08:00:00,2021-09-14 08:45:00,186.91328922390065,ARIMA (+달력·가동 계획)
2021-09-14 09:00:00,2021-09-14 09:00:00,177.37815096251228,ARIMA (+달력·가동 계획)
2021-09-14 09:00:00,2021-09-14 09:15:00,185.3814308087821,ARIMA (+달력·가동 계획)
2021-09-14 09:00:00,2021-09-14 09:30:00,189.82889650056947,ARIMA (+달력·가동 계획)
2021-09-14 09:00:00,2021-09-14 09:45:00,193.3962242943417,ARIMA (+달력·가동 계획)
2021-09-14 10:00:00,2021-09-14 10:00:00,186.02243329163343,ARIMA (+달력·가동 계획)
2021-09-14 10:00:00,2021-09-14 10:15:00,187.78623120211904,ARIMA (+달력·가동 계획)
2021-09-14 10:00:00,2021-09-14 10:30:00,185.75520080767876,ARIMA (+달력·가동 계획)
2021-09-14 10:00:00,2021-09-14 10:45:00,180.0501308456398,ARIMA (+달력·가동 계획)
2021-09-14 11:00:00,2021-09-14 11:00:00,152.2727118053215,ARIMA (+달력·가동 계획)
2021-09-14 11:00:00,2021-09-14 11:15:00,153.7489199139747,ARIMA (+달력·가동 계획)
2021-09-14 11:00:00,2021-09-14 11:30:00,151.1028529201152,ARIMA (+달력·가동 계획)
2021-09-14 11:00:00,2021-09-14 11:45:00,148.50435323153977,ARIMA (+달력·가동 계획)
2021-09-14 12:00:00,2021-09-14 12:00:00,168.71469932094453,ARIMA (+달력·가동 계획)
2021-09-14 12:00:00,2021-09-14 12:15:00,158.0859297439626,ARIMA (+달력·가동 계획)
2021-09-14 12:00:00,2021-09-14 12:30:00,149.8638884906425,ARIMA (+달력·가동 계획)
2021-09-14 12:00:00,2021-09-14 12:45:00,145.5546043349575,ARIMA (+달력·가동 계획)
2021-09-14 13:00:00,2021-09-14 13:00:00,136.1062209829886,ARIMA (+달력·가동 계획)
2021-09-14 13:00:00,2021-09-14 13:15:00,145.0589342708872,ARIMA (+달력·가동 계획)
2021-09-14 13:00:00,2021-09-14 13:30:00,151.96839818846283,ARIMA (+달력·가동 계획)
2021-09-14 13:00:00,2021-09-14 13:45:00,154.46866478791176,ARIMA (+달력·가동 계획)
2021-09-14 14:00:00,2021-09-14 14:00:00,169.5861217145178,ARIMA (+달력·가동 계획)
2021-09-14 14:00:00,2021-09-14 14:15:00,163.98082637005407,ARIMA (+달력·가동 계획)
2021-09-14 14:00:00,2021-09-14 14:30:00,162.1396866198865,ARIMA (+달력·가동 계획)
2021-09-14 14:00:00,2021-09-14 14:45:00,162.0801697725903,ARIMA (+달력·가동 계획)
2021-09-14 15:00:00,2021-09-14 15:00:00,160.64651392586748,ARIMA (+달력·가동 계획)
2021-09-14 15:00:00,2021-09-14 15:15:00,163.79923917722917,ARIMA (+달력·가동 계획)
2021-09-14 15:00:00,2021-09-14 15:30:00,166.2848084198699,ARIMA (+달력·가동 계획)
2021-09-14 15:00:00,2021-09-14 15:45:00,166.96913172454444,ARIMA (+달력·가동 계획)
2021-09-14 16:00:00,2021-09-14 16:00:00,167.71095302699342,ARIMA (+달력·가동 계획)
2021-09-14 16:00:00,2021-09-14 16:15:00,163.4666118569354,ARIMA (+달력·가동 계획)
2021-09-14 16:00:00,2021-09-14 16:30:00,157.54846399387148,ARIMA (+달력·가동 계획)
2021-09-14 16:00:00,2021-09-14 16:45:00,153.21888358435635,ARIMA (+달력·가동 계획)
2021-09-14 17:00:00,2021-09-14 17:00:00,150.1444247563166,ARIMA (+달력·가동 계획)
2021-09-14 17:00:00,2021-09-14 17:15:00,146.28747629644684,ARIMA (+달력·가동 계획)
2021-09-14 17:00:00,2021-09-14 17:30:00,143.26709700339666,ARIMA (+달력·가동 계획)
2021-09-14 17:00:00,2021-09-14 17:45:00,140.50230100518937,ARIMA (+달력·가동 계획)
2021-09-14 18:00:00,2021-09-14 18:00:00,144.74547950108865,ARIMA (+달력·가동 계획)
2021-09-14 18:00:00,2021-09-14 18:15:00,143.8718152888223,ARIMA (+달력·가동 계획)
2021-09-14 18:00:00,2021-09-14 18:30:00,137.79546340670666,ARIMA (+달력·가동 계획)
2021-09-14 18:00:00,2021-09-14 18:45:00,130.53880840584702,ARIMA (+달력·가동 계획)
2021-09-14 19:00:00,2021-09-14 19:00:00,155.06869861753083,ARIMA (+달력·가동 계획)
2021-09-14 19:00:00,2021-09-14 19:15:00,142.06498500220275,ARIMA (+달력·가동 계획)
2021-09-14 19:00:00,2021-09-14 19:30:00,136.1861715152711,ARIMA (+달력·가동 계획)
2021-09-14 19:00:00,2021-09-14 19:45:00,131.81000786395742,ARIMA (+달력·가동 계획)
2021-09-14 20:00:00,2021-09-14 20:00:00,128.23341148710952,ARIMA (+달력·가동 계획)
2021-09-14 20:00:00,2021-09-14 20:15:00,128.35392753928411,ARIMA (+달력·가동 계획)
2021-09-14 20:00:00,2021-09-14 20:30:00,125.97234899139174,ARIMA (+달력·가동 계획)
2021-09-14 20:00:00,2021-09-14 20:45:00,126.35865547840922,ARIMA (+달력·가동 계획)
2021-09-14 21:00:00,2021-09-14 21:00:00,130.49528057145264,ARIMA (+달력·가동 계획)
2021-09-14 21:00:00,2021-09-14 21:15:00,127.25398921673133,ARIMA (+달력·가동 계획)
2021-09-14 21:00:00,2021-09-14 21:30:00,122.40265523745008,ARIMA (+달력·가동 계획)
2021-09-14 21:00:00,2021-09-14 21:45:00,116.4267077763228,ARIMA (+달력·가동 계획)
2021-09-14 22:00:00,2021-09-14 22:00:00,116.32607464909276,ARIMA (+달력·가동 계획)
2021-09-14 22:00:00,2021-09-14 22:15:00,107.76338365972596,ARIMA (+달력·가동 계획)
2021-09-14 22:00:00,2021-09-14 22:30:00,100.65599038479732,ARIMA (+달력·가동 계획)
2021-09-14 22:00:00,2021-09-14 22:45:00,94.25447660436922,ARIMA (+달력·가동 계획)
2021-09-14 23:00:00,2021-09-14 23:00:00,104.77955412263437,ARIMA (+달력·가동 계획)
2021-09-14 23:00:00,2021-09-14 23:15:00,95.97850738408984,ARIMA (+달력·가동 계획)
2021-09-14 23:00:00,2021-09-14 23:30:00,87.77855564079034,ARIMA (+달력·가동 계획)
2021-09-14 23:00:00,2021-09-14 23:45:00,82.59986776523421,ARIMA (+달력·가동 계획)
2021-08-09 00:00:00,2021-08-09 00:00:00,22.66568548497787,ARIMA (+기준 곡선)
2021-08-09 00:00:00,2021-08-09 00:15:00,24.052977478694636,ARIMA (+기준 곡선)
2021-08-09 00:00:00,2021-08-09 00:30:00,25.853188117404446,ARIMA (+기준 곡선)
2021-08-09 00:00:00,2021-08-09 00:45:00,24.88150730853052,ARIMA (+기준 곡선)
2021-08-09 01:00:00,2021-08-09 01:00:00,20.29514386011588,ARIMA (+기준 곡선)
2021-08-09 01:00:00,2021-08-09 01:15:00,21.088006678182456,ARIMA (+기준 곡선)
2021-08-09 01:00:00,2021-08-09 01:30:00,21.17756731825393,ARIMA (+기준 곡선)
2021-08-09 01:00:00,2021-08-09 01:45:00,20.983277622746552,ARIMA (+기준 곡선)
2021-08-09 02:00:00,2021-08-09 02:00:00,22.013120166825114,ARIMA (+기준 곡선)
2021-08-09 02:00:00,2021-08-09 02:15:00,21.94367993224839,ARIMA (+기준 곡선)
2021-08-09 02:00:00,2021-08-09 02:30:00,22.40726835530597,ARIMA (+기준 곡선)
2021-08-09 02:00:00,2021-08-09 02:45:00,23.15727589611576,ARIMA (+기준 곡선)
2021-08-09 03:00:00,2021-08-09 03:00:00,21.04948354738344,ARIMA (+기준 곡선)
2021-08-09 03:00:00,2021-08-09 03:15:00,20.95213926501033,ARIMA (+기준 곡선)
2021-08-09 03:00:00,2021-08-09 03:30:00,21.195891510709,ARIMA (+기준 곡선)
2021-08-09 03:00:00,2021-08-09 03:45:00,22.914377752725432,ARIMA (+기준 곡선)
2021-08-09 04:00:00,2021-08-09 04:00:00,23.422077000259552,ARIMA (+기준 곡선)
2021-08-09 04:00:00,2021-08-09 04:15:00,21.982511195529963,ARIMA (+기준 곡선)
2021-08-09 04:00:00,2021-08-09 04:30:00,21.310053578677884,ARIMA (+기준 곡선)
2021-08-09 04:00:00,2021-08-09 04:45:00,21.122076206071075,ARIMA (+기준 곡선)
2021-08-09 05:00:00,2021-08-09 05:00:00,22.10584132577224,ARIMA (+기준 곡선)
2021-08-09 05:00:00,2021-08-09 05:15:00,22.093471895391115,ARIMA (+기준 곡선)
2021-08-09 05:00:00,2021-08-09 05:30:00,21.59267147247368,ARIMA (+기준 곡선)
2021-08-09 05:00:00,2021-08-09 05:45:00,21.57192151476992,ARIMA (+기준 곡선)
2021-08-09 06:00:00,2021-08-09 06:00:00,21.20197204081972,ARIMA (+기준 곡선)
2021-08-09 06:00:00,2021-08-09 06:15:00,21.34831572332516,ARIMA (+기준 곡선)
2021-08-09 06:00:00,2021-08-09 06:30:00,21.008371293170157,ARIMA (+기준 곡선)
2021-08-09 06:00:00,2021-08-09 06:45:00,22.65221290561328,ARIMA (+기준 곡선)
2021-08-09 07:00:00,2021-08-09 07:00:00,25.916093592870563,ARIMA (+기준 곡선)
2021-08-09 07:00:00,2021-08-09 07:15:00,40.9564554933616,ARIMA (+기준 곡선)
2021-08-09 07:00:00,2021-08-09 07:30:00,69.05090396486966,ARIMA (+기준 곡선)
2021-08-09 07:00:00,2021-08-09 07:45:00,116.18669562823158,ARIMA (+기준 곡선)
2021-08-09 08:00:00,2021-08-09 08:00:00,156.65171781425713,ARIMA (+기준 곡선)
2021-08-09 08:00:00,2021-08-09 08:15:00,195.73994639163223,ARIMA (+기준 곡선)
2021-08-09 08:00:00,2021-08-09 08:30:00,194.5271851358733,ARIMA (+기준 곡선)
2021-08-09 08:00:00,2021-08-09 08:45:00,184.860132288476,ARIMA (+기준 곡선)
2021-08-09 09:00:00,2021-08-09 09:00:00,195.09283313328507,ARIMA (+기준 곡선)
2021-08-09 09:00:00,2021-08-09 09:15:00,187.33792184745136,ARIMA (+기준 곡선)
2021-08-09 09:00:00,2021-08-09 09:30:00,191.70433363894423,ARIMA (+기준 곡선)
2021-08-09 09:00:00,2021-08-09 09:45:00,185.207162827386,ARIMA (+기준 곡선)
2021-08-09 10:00:00,2021-08-09 10:00:00,159.3381733336255,ARIMA (+기준 곡선)
2021-08-09 10:00:00,2021-08-09 10:15:00,190.22385898914408,ARIMA (+기준 곡선)
2021-08-09 10:00:00,2021-08-09 10:30:00,196.8939052774523,ARIMA (+기준 곡선)
2021-08-09 10:00:00,2021-08-09 10:45:00,201.02898067737587,ARIMA (+기준 곡선)
2021-08-09 11:00:00,2021-08-09 11:00:00,177.93746240933612,ARIMA (+기준 곡선)
2021-08-09 11:00:00,2021-08-09 11:15:00,186.4848484542952,ARIMA (+기준 곡선)
2021-08-09 11:00:00,2021-08-09 11:30:00,181.28378883581,ARIMA (+기준 곡선)
2021-08-09 11:00:00,2021-08-09 11:45:00,175.48125378592286,ARIMA (+기준 곡선)
2021-08-09 12:00:00,2021-08-09 12:00:00,131.3837085336273,ARIMA (+기준 곡선)
2021-08-09 12:00:00,2021-08-09 12:15:00,111.27666342997465,ARIMA (+기준 곡선)
2021-08-09 12:00:00,2021-08-09 12:30:00,107.33977932775566,ARIMA (+기준 곡선)
2021-08-09 12:00:00,2021-08-09 12:45:00,107.37549476879448,ARIMA (+기준 곡선)
2021-08-09 13:00:00,2021-08-09 13:00:00,165.13390701902426,ARIMA (+기준 곡선)
2021-08-09 13:00:00,2021-08-09 13:15:00,186.3613660829845,ARIMA (+기준 곡선)
2021-08-09 13:00:00,2021-08-09 13:30:00,191.73499814327909,ARIMA (+기준 곡선)
2021-08-09 13:00:00,2021-08-09 13:45:00,182.6950254267265,ARIMA (+기준 곡선)
2021-08-09 14:00:00,2021-08-09 14:00:00,192.30281353057052,ARIMA (+기준 곡선)
2021-08-09 14:00:00,2021-08-09 14:15:00,193.81955164645143,ARIMA (+기준 곡선)
2021-08-09 14:00:00,2021-08-09 14:30:00,193.27193072050196,ARIMA (+기준 곡선)
2021-08-09 14:00:00,2021-08-09 14:45:00,188.45784262490665,ARIMA (+기준 곡선)
2021-08-09 15:00:00,2021-08-09 15:00:00,139.08685459841644,ARIMA (+기준 곡선)
2021-08-09 15:00:00,2021-08-09 15:15:00,141.19827949792204,ARIMA (+기준 곡선)
2021-08-09 15:00:00,2021-08-09 15:30:00,184.5804740017027,ARIMA (+기준 곡선)
2021-08-09 15:00:00,2021-08-09 15:45:00,189.7887500008404,ARIMA (+기준 곡선)
2021-08-09 16:00:00,2021-08-09 16:00:00,176.24109403034925,ARIMA (+기준 곡선)
2021-08-09 16:00:00,2021-08-09 16:15:00,168.32767023422576,ARIMA (+기준 곡선)
2021-08-09 16:00:00,2021-08-09 16:30:00,174.5447759733794,ARIMA (+기준 곡선)
2021-08-09 16:00:00,2021-08-09 16:45:00,172.9458017742675,ARIMA (+기준 곡선)
2021-08-09 17:00:00,2021-08-09 17:00:00,132.9702396510292,ARIMA (+기준 곡선)
2021-08-09 17:00:00,2021-08-09 17:15:00,115.50421843317856,ARIMA (+기준 곡선)
2021-08-09 17:00:00,2021-08-09 17:30:00,151.9218472726398,ARIMA (+기준 곡선)
2021-08-09 17:00:00,2021-08-09 17:45:00,173.6775672902479,ARIMA (+기준 곡선)
2021-08-09 18:00:00,2021-08-09 18:00:00,148.0161793743574,ARIMA (+기준 곡선)
2021-08-09 18:00:00,2021-08-09 18:15:00,153.0021282651957,ARIMA (+기준 곡선)
2021-08-09 18:00:00,2021-08-09 18:30:00,155.393092930775,ARIMA (+기준 곡선)
2021-08-09 18:00:00,2021-08-09 18:45:00,150.86703730060364,ARIMA (+기준 곡선)
2021-08-09 19:00:00,2021-08-09 19:00:00,114.43839147038976,ARIMA (+기준 곡선)
2021-08-09 19:00:00,2021-08-09 19:15:00,130.99155129712136,ARIMA (+기준 곡선)
2021-08-09 19:00:00,2021-08-09 19:30:00,128.7143062198374,ARIMA (+기준 곡선)
2021-08-09 19:00:00,2021-08-09 19:45:00,104.02339847118974,ARIMA (+기준 곡선)
2021-08-09 20:00:00,2021-08-09 20:00:00,80.99629581684339,ARIMA (+기준 곡선)
2021-08-09 20:00:00,2021-08-09 20:15:00,87.61591899349503,ARIMA (+기준 곡선)
2021-08-09 20:00:00,2021-08-09 20:30:00,102.12551182135584,ARIMA (+기준 곡선)
2021-08-09 20:00:00,2021-08-09 20:45:00,102.54052706038166,ARIMA (+기준 곡선)
2021-08-09 21:00:00,2021-08-09 21:00:00,110.2887074505638,ARIMA (+기준 곡선)
2021-08-09 21:00:00,2021-08-09 21:15:00,112.0276327535586,ARIMA (+기준 곡선)
2021-08-09 21:00:00,2021-08-09 21:30:00,107.74501378018648,ARIMA (+기준 곡선)
2021-08-09 21:00:00,2021-08-09 21:45:00,99.47975698999984,ARIMA (+기준 곡선)
2021-08-09 22:00:00,2021-08-09 22:00:00,97.17585549179896,ARIMA (+기준 곡선)
2021-08-09 22:00:00,2021-08-09 22:15:00,105.38819421627848,ARIMA (+기준 곡선)
2021-08-09 22:00:00,2021-08-09 22:30:00,109.40494963703549,ARIMA (+기준 곡선)
2021-08-09 22:00:00,2021-08-09 22:45:00,108.1112514366476,ARIMA (+기준 곡선)
2021-08-09 23:00:00,2021-08-09 23:00:00,109.53033010328036,ARIMA (+기준 곡선)
2021-08-09 23:00:00,2021-08-09 23:15:00,106.57173616553068,ARIMA (+기준 곡선)
2021-08-09 23:00:00,2021-08-09 23:30:00,95.1775815568605,ARIMA (+기준 곡선)
2021-08-09 23:00:00,2021-08-09 23:45:00,74.93912740733563,ARIMA (+기준 곡선)
2021-08-10 00:00:00,2021-08-10 00:00:00,67.74087759309327,ARIMA (+기준 곡선)
2021-08-10 00:00:00,2021-08-10 00:15:00,64.32653080496044,ARIMA (+기준 곡선)
2021-08-10 00:00:00,2021-08-10 00:30:00,62.6281330571584,ARIMA (+기준 곡선)
2021-08-10 00:00:00,2021-08-10 00:45:00,61.23964424092411,ARIMA (+기준 곡선)
2021-08-10 01:00:00,2021-08-10 01:00:00,87.79512805773385,ARIMA (+기준 곡선)
2021-08-10 01:00:00,2021-08-10 01:15:00,99.82792822982424,ARIMA (+기준 곡선)
2021-08-10 01:00:00,2021-08-10 01:30:00,102.54779807134632,ARIMA (+기준 곡선)
2021-08-10 01:00:00,2021-08-10 01:45:00,100.973398350359,ARIMA (+기준 곡선)
2021-08-10 02:00:00,2021-08-10 02:00:00,95.14141984501458,ARIMA (+기준 곡선)
2021-08-10 02:00:00,2021-08-10 02:15:00,99.36618030615782,ARIMA (+기준 곡선)
2021-08-10 02:00:00,2021-08-10 02:30:00,100.14978510133037,ARIMA (+기준 곡선)
2021-08-10 02:00:00,2021-08-10 02:45:00,95.57639178240724,ARIMA (+기준 곡선)
2021-08-10 03:00:00,2021-08-10 03:00:00,83.99628621310553,ARIMA (+기준 곡선)
2021-08-10 03:00:00,2021-08-10 03:15:00,98.0638156278256,ARIMA (+기준 곡선)
2021-08-10 03:00:00,2021-08-10 03:30:00,102.87620503375776,ARIMA (+기준 곡선)
2021-08-10 03:00:00,2021-08-10 03:45:00,102.38785653990315,ARIMA (+기준 곡선)
2021-08-10 04:00:00,2021-08-10 04:00:00,96.97454185318466,ARIMA (+기준 곡선)
2021-08-10 04:00:00,2021-08-10 04:15:00,98.57456078139128,ARIMA (+기준 곡선)
2021-08-10 04:00:00,2021-08-10 04:30:00,97.46066226742008,ARIMA (+기준 곡선)
2021-08-10 04:00:00,2021-08-10 04:45:00,94.800979978848,ARIMA (+기준 곡선)
2021-08-10 05:00:00,2021-08-10 05:00:00,81.88529747362958,ARIMA (+기준 곡선)
2021-08-10 05:00:00,2021-08-10 05:15:00,72.36774720122037,ARIMA (+기준 곡선)
2021-08-10 05:00:00,2021-08-10 05:30:00,88.42561924337807,ARIMA (+기준 곡선)
2021-08-10 05:00:00,2021-08-10 05:45:00,102.3919403743035,ARIMA (+기준 곡선)
2021-08-10 06:00:00,2021-08-10 06:00:00,100.07158692220489,ARIMA (+기준 곡선)
2021-08-10 06:00:00,2021-08-10 06:15:00,99.39222968037018,ARIMA (+기준 곡선)
2021-08-10 06:00:00,2021-08-10 06:30:00,99.59841997821094,ARIMA (+기준 곡선)
2021-08-10 06:00:00,2021-08-10 06:45:00,98.1155082331676,ARIMA (+기준 곡선)
2021-08-10 07:00:00,2021-08-10 07:00:00,105.4639366943973,ARIMA (+기준 곡선)
2021-08-10 07:00:00,2021-08-10 07:15:00,115.65107216293704,ARIMA (+기준 곡선)
2021-08-10 07:00:00,2021-08-10 07:30:00,140.10197242618784,ARIMA (+기준 곡선)
2021-08-10 07:00:00,2021-08-10 07:45:00,142.2643086895718,ARIMA (+기준 곡선)
2021-08-10 08:00:00,2021-08-10 08:00:00,154.1115106999709,ARIMA (+기준 곡선)
2021-08-10 08:00:00,2021-08-10 08:15:00,176.53850402622842,ARIMA (+기준 곡선)
2021-08-10 08:00:00,2021-08-10 08:30:00,182.8072860320346,ARIMA (+기준 곡선)
2021-08-10 08:00:00,2021-08-10 08:45:00,182.62139472038143,ARIMA (+기준 곡선)
2021-08-10 09:00:00,2021-08-10 09:00:00,180.2704464542332,ARIMA (+기준 곡선)
2021-08-10 09:00:00,2021-08-10 09:15:00,180.5618398754361,ARIMA (+기준 곡선)
2021-08-10 09:00:00,2021-08-10 09:30:00,181.5354751465057,ARIMA (+기준 곡선)
2021-08-10 09:00:00,2021-08-10 09:45:00,182.1605890587061,ARIMA (+기준 곡선)
2021-08-10 10:00:00,2021-08-10 10:00:00,151.2072483996586,ARIMA (+기준 곡선)
2021-08-10 10:00:00,2021-08-10 10:15:00,182.1983273155849,ARIMA (+기준 곡선)
2021-08-10 10:00:00,2021-08-10 10:30:00,184.36477666605663,ARIMA (+기준 곡선)
2021-08-10 10:00:00,2021-08-10 10:45:00,181.83149614932813,ARIMA (+기준 곡선)
2021-08-10 11:00:00,2021-08-10 11:00:00,182.8464435117417,ARIMA (+기준 곡선)
2021-08-10 11:00:00,2021-08-10 11:15:00,187.4654323012251,ARIMA (+기준 곡선)
2021-08-10 11:00:00,2021-08-10 11:30:00,188.9226465753282,ARIMA (+기준 곡선)
2021-08-10 11:00:00,2021-08-10 11:45:00,185.1293251081995,ARIMA (+기준 곡선)
2021-08-10 12:00:00,2021-08-10 12:00:00,123.70360588165984,ARIMA (+기준 곡선)
2021-08-10 12:00:00,2021-08-10 12:15:00,102.15255502194896,ARIMA (+기준 곡선)
2021-08-10 12:00:00,2021-08-10 12:30:00,102.232935932065,ARIMA (+기준 곡선)
2021-08-10 12:00:00,2021-08-10 12:45:00,104.54459281388768,ARIMA (+기준 곡선)
2021-08-10 13:00:00,2021-08-10 13:00:00,157.1518281935971,ARIMA (+기준 곡선)
2021-08-10 13:00:00,2021-08-10 13:15:00,179.51240167620998,ARIMA (+기준 곡선)
2021-08-10 13:00:00,2021-08-10 13:30:00,181.941465691122,ARIMA (+기준 곡선)
2021-08-10 13:00:00,2021-08-10 13:45:00,182.15740688503337,ARIMA (+기준 곡선)
2021-08-10 14:00:00,2021-08-10 14:00:00,183.56462597750743,ARIMA (+기준 곡선)
2021-08-10 14:00:00,2021-08-10 14:15:00,183.66161863269892,ARIMA (+기준 곡선)
2021-08-10 14:00:00,2021-08-10 14:30:00,184.2595620632392,ARIMA (+기준 곡선)
2021-08-10 14:00:00,2021-08-10 14:45:00,182.3911640513171,ARIMA (+기준 곡선)
2021-08-10 15:00:00,2021-08-10 15:00:00,132.71098302097226,ARIMA (+기준 곡선)
2021-08-10 15:00:00,2021-08-10 15:15:00,132.64176395839132,ARIMA (+기준 곡선)
2021-08-10 15:00:00,2021-08-10 15:30:00,167.953853043856,ARIMA (+기준 곡선)
2021-08-10 15:00:00,2021-08-10 15:45:00,172.6649374916829,ARIMA (+기준 곡선)
2021-08-10 16:00:00,2021-08-10 16:00:00,176.73605417435385,ARIMA (+기준 곡선)
2021-08-10 16:00:00,2021-08-10 16:15:00,168.66444565412635,ARIMA (+기준 곡선)
2021-08-10 16:00:00,2021-08-10 16:30:00,167.80694846842536,ARIMA (+기준 곡선)
2021-08-10 16:00:00,2021-08-10 16:45:00,165.02418895753345,ARIMA (+기준 곡선)
2021-08-10 17:00:00,2021-08-10 17:00:00,117.32665334980769,ARIMA (+기준 곡선)
2021-08-10 17:00:00,2021-08-10 17:15:00,105.16556211451424,ARIMA (+기준 곡선)
2021-08-10 17:00:00,2021-08-10 17:30:00,144.930618108481,ARIMA (+기준 곡선)
2021-08-10 17:00:00,2021-08-10 17:45:00,160.68990061005067,ARIMA (+기준 곡선)
2021-08-10 18:00:00,2021-08-10 18:00:00,157.5755883242879,ARIMA (+기준 곡선)
2021-08-10 18:00:00,2021-08-10 18:15:00,158.0500459535504,ARIMA (+기준 곡선)
2021-08-10 18:00:00,2021-08-10 18:30:00,152.9478043791111,ARIMA (+기준 곡선)
2021-08-10 18:00:00,2021-08-10 18:45:00,156.6313253367564,ARIMA (+기준 곡선)
2021-08-10 19:00:00,2021-08-10 19:00:00,159.6281234461245,ARIMA (+기준 곡선)
2021-08-10 19:00:00,2021-08-10 19:15:00,153.50291195007898,ARIMA (+기준 곡선)
2021-08-10 19:00:00,2021-08-10 19:30:00,155.8652737335198,ARIMA (+기준 곡선)
2021-08-10 19:00:00,2021-08-10 19:45:00,136.32581520865804,ARIMA (+기준 곡선)
2021-08-10 20:00:00,2021-08-10 20:00:00,121.71255331897288,ARIMA (+기준 곡선)
2021-08-10 20:00:00,2021-08-10 20:15:00,126.90137245526024,ARIMA (+기준 곡선)
2021-08-10 20:00:00,2021-08-10 20:30:00,124.39288055580248,ARIMA (+기준 곡선)
2021-08-10 20:00:00,2021-08-10 20:45:00,120.92237291210988,ARIMA (+기준 곡선)
2021-08-10 21:00:00,2021-08-10 21:00:00,127.30777661925484,ARIMA (+기준 곡선)
2021-08-10 21:00:00,2021-08-10 21:15:00,122.42352736388077,ARIMA (+기준 곡선)
2021-08-10 21:00:00,2021-08-10 21:30:00,122.50333080514872,ARIMA (+기준 곡선)
2021-08-10 21:00:00,2021-08-10 21:45:00,122.37724729972165,ARIMA (+기준 곡선)
2021-08-10 22:00:00,2021-08-10 22:00:00,103.12611537167346,ARIMA (+기준 곡선)
2021-08-10 22:00:00,2021-08-10 22:15:00,112.86950246271442,ARIMA (+기준 곡선)
2021-08-10 22:00:00,2021-08-10 22:30:00,113.32099584185583,ARIMA (+기준 곡선)
2021-08-10 22:00:00,2021-08-10 22:45:00,111.49399687701008,ARIMA (+기준 곡선)
2021-08-10 23:00:00,2021-08-10 23:00:00,107.65200315256232,ARIMA (+기준 곡선)
2021-08-10 23:00:00,2021-08-10 23:15:00,107.44655823604498,ARIMA (+기준 곡선)
2021-08-10 23:00:00,2021-08-10 23:30:00,104.89703747304912,ARIMA (+기준 곡선)
2021-08-10 23:00:00,2021-08-10 23:45:00,88.0851788380116,ARIMA (+기준 곡선)
2021-08-11 00:00:00,2021-08-11 00:00:00,67.97431942500336,ARIMA (+기준 곡선)
2021-08-11 00:00:00,2021-08-11 00:15:00,66.06118321141153,ARIMA (+기준 곡선)
2021-08-11 00:00:00,2021-08-11 00:30:00,65.05669888645401,ARIMA (+기준 곡선)
2021-08-11 00:00:00,2021-08-11 00:45:00,64.21239663574123,ARIMA (+기준 곡선)
2021-08-11 01:00:00,2021-08-11 01:00:00,89.88178966855467,ARIMA (+기준 곡선)
2021-08-11 01:00:00,2021-08-11 01:15:00,103.9722774009115,ARIMA (+기준 곡선)
2021-08-11 01:00:00,2021-08-11 01:30:00,106.65686016834036,ARIMA (+기준 곡선)
2021-08-11 01:00:00,2021-08-11 01:45:00,105.22874829201638,ARIMA (+기준 곡선)
2021-08-11 02:00:00,2021-08-11 02:00:00,95.66683237913271,ARIMA (+기준 곡선)
2021-08-11 02:00:00,2021-08-11 02:15:00,101.1938976765562,ARIMA (+기준 곡선)
2021-08-11 02:00:00,2021-08-11 02:30:00,102.40104593036124,ARIMA (+기준 곡선)
2021-08-11 02:00:00,2021-08-11 02:45:00,98.36455613638468,ARIMA (+기준 곡선)
2021-08-11 03:00:00,2021-08-11 03:00:00,95.19695887100907,ARIMA (+기준 곡선)
2021-08-11 03:00:00,2021-08-11 03:15:00,107.87887112549048,ARIMA (+기준 곡선)
2021-08-11 03:00:00,2021-08-11 03:30:00,111.7600019209984,ARIMA (+기준 곡선)
2021-08-11 03:00:00,2021-08-11 03:45:00,110.6109848501445,ARIMA (+기준 곡선)
2021-08-11 04:00:00,2021-08-11 04:00:00,104.24217755878126,ARIMA (+기준 곡선)
2021-08-11 04:00:00,2021-08-11 04:15:00,104.50395145327238,ARIMA (+기준 곡선)
2021-08-11 04:00:00,2021-08-11 04:30:00,103.3156497884931,ARIMA (+기준 곡선)
2021-08-11 04:00:00,2021-08-11 04:45:00,100.85037995738392,ARIMA (+기준 곡선)
2021-08-11 05:00:00,2021-08-11 05:00:00,93.3725708040779,ARIMA (+기준 곡선)
2021-08-11 05:00:00,2021-08-11 05:15:00,82.42544444129996,ARIMA (+기준 곡선)
2021-08-11 05:00:00,2021-08-11 05:30:00,97.87304878162712,ARIMA (+기준 곡선)
2021-08-11 05:00:00,2021-08-11 05:45:00,111.19807272817953,ARIMA (+기준 곡선)
2021-08-11 06:00:00,2021-08-11 06:00:00,106.62066635380702,ARIMA (+기준 곡선)
2021-08-11 06:00:00,2021-08-11 06:15:00,105.35479469257352,ARIMA (+기준 곡선)
2021-08-11 06:00:00,2021-08-11 06:30:00,105.68848120673258,ARIMA (+기준 곡선)
2021-08-11 06:00:00,2021-08-11 06:45:00,104.38932575006908,ARIMA (+기준 곡선)
2021-08-11 07:00:00,2021-08-11 07:00:00,123.13803242572357,ARIMA (+기준 곡선)
2021-08-11 07:00:00,2021-08-11 07:15:00,131.02842209609497,ARIMA (+기준 곡선)
2021-08-11 07:00:00,2021-08-11 07:30:00,154.23195496458004,ARIMA (+기준 곡선)
2021-08-11 07:00:00,2021-08-11 07:45:00,155.1256315855381,ARIMA (+기준 곡선)
2021-08-11 08:00:00,2021-08-11 08:00:00,167.43468213964428,ARIMA (+기준 곡선)
2021-08-11 08:00:00,2021-08-11 08:15:00,186.82464981048344,ARIMA (+기준 곡선)
2021-08-11 08:00:00,2021-08-11 08:30:00,193.07389149166696,ARIMA (+기준 곡선)
2021-08-11 08:00:00,2021-08-11 08:45:00,192.6147540353696,ARIMA (+기준 곡선)
2021-08-11 09:00:00,2021-08-11 09:00:00,197.6551911745209,ARIMA (+기준 곡선)
2021-08-11 09:00:00,2021-08-11 09:15:00,195.8052866068262,ARIMA (+기준 곡선)
2021-08-11 09:00:00,2021-08-11 09:30:00,195.70723368795188,ARIMA (+기준 곡선)
2021-08-11 09:00:00,2021-08-11 09:45:00,195.34313709734323,ARIMA (+기준 곡선)
2021-08-11 10:00:00,2021-08-11 10:00:00,154.5126872173058,ARIMA (+기준 곡선)
2021-08-11 10:00:00,2021-08-11 10:15:00,184.12263724741783,ARIMA (+기준 곡선)
2021-08-11 10:00:00,2021-08-11 10:30:00,187.5520641616027,ARIMA (+기준 곡선)
2021-08-11 10:00:00,2021-08-11 10:45:00,186.37011309387216,ARIMA (+기준 곡선)
2021-08-11 11:00:00,2021-08-11 11:00:00,184.67262789495655,ARIMA (+기준 곡선)
2021-08-11 11:00:00,2021-08-11 11:15:00,191.23679659149255,ARIMA (+기준 곡선)
2021-08-11 11:00:00,2021-08-11 11:30:00,193.20021997397865,ARIMA (+기준 곡선)
2021-08-11 11:00:00,2021-08-11 11:45:00,190.0835235959686,ARIMA (+기준 곡선)
2021-08-11 12:00:00,2021-08-11 12:00:00,128.31016216194533,ARIMA (+기준 곡선)
2021-08-11 12:00:00,2021-08-11 12:15:00,107.41221734805288,ARIMA (+기준 곡선)
2021-08-11 12:00:00,2021-08-11 12:30:00,108.08541474439072,ARIMA (+기준 곡선)
2021-08-11 12:00:00,2021-08-11 12:45:00,110.45753974877212,ARIMA (+기준 곡선)
2021-08-11 13:00:00,2021-08-11 13:00:00,157.3192520900238,ARIMA (+기준 곡선)
2021-08-11 13:00:00,2021-08-11 13:15:00,182.72080432993585,ARIMA (+기준 곡선)
2021-08-11 13:00:00,2021-08-11 13:30:00,185.6109138403204,ARIMA (+기준 곡선)
2021-08-11 13:00:00,2021-08-11 13:45:00,186.21220678564495,ARIMA (+기준 곡선)
2021-08-11 14:00:00,2021-08-11 14:00:00,192.6773289886353,ARIMA (+기준 곡선)
2021-08-11 14:00:00,2021-08-11 14:15:00,191.1392756855144,ARIMA (+기준 곡선)
2021-08-11 14:00:00,2021-08-11 14:30:00,191.9339356896945,ARIMA (+기준 곡선)
2021-08-11 14:00:00,2021-08-11 14:45:00,189.6869117918852,ARIMA (+기준 곡선)
2021-08-11 15:00:00,2021-08-11 15:00:00,143.33988869427102,ARIMA (+기준 곡선)
2021-08-11 15:00:00,2021-08-11 15:15:00,142.47101009778365,ARIMA (+기준 곡선)
2021-08-11 15:00:00,2021-08-11 15:30:00,177.1814250755007,ARIMA (+기준 곡선)
2021-08-11 15:00:00,2021-08-11 15:45:00,181.43587116293364,ARIMA (+기준 곡선)
2021-08-11 16:00:00,2021-08-11 16:00:00,167.04986994107733,ARIMA (+기준 곡선)
2021-08-11 16:00:00,2021-08-11 16:15:00,166.59392279267237,ARIMA (+기준 곡선)
2021-08-11 16:00:00,2021-08-11 16:30:00,166.9981441535159,ARIMA (+기준 곡선)
2021-08-11 16:00:00,2021-08-11 16:45:00,165.1807482189679,ARIMA (+기준 곡선)
2021-08-11 17:00:00,2021-08-11 17:00:00,132.6487005147876,ARIMA (+기준 곡선)
2021-08-11 17:00:00,2021-08-11 17:15:00,118.6699563626349,ARIMA (+기준 곡선)
2021-08-11 17:00:00,2021-08-11 17:30:00,157.71958449880174,ARIMA (+기준 곡선)
2021-08-11 17:00:00,2021-08-11 17:45:00,172.03735609139636,ARIMA (+기준 곡선)
2021-08-11 18:00:00,2021-08-11 18:00:00,173.440815339847,ARIMA (+기준 곡선)
2021-08-11 18:00:00,2021-08-11 18:15:00,173.72667387884508,ARIMA (+기준 곡선)
2021-08-11 18:00:00,2021-08-11 18:30:00,167.30825420405372,ARIMA (+기준 곡선)
2021-08-11 18:00:00,2021-08-11 18:45:00,169.6421485083048,ARIMA (+기준 곡선)
2021-08-11 19:00:00,2021-08-11 19:00:00,166.3657862308304,ARIMA (+기준 곡선)
2021-08-11 19:00:00,2021-08-11 19:15:00,161.610700898022,ARIMA (+기준 곡선)
2021-08-11 19:00:00,2021-08-11 19:30:00,164.18000555721056,ARIMA (+기준 곡선)
2021-08-11 19:00:00,2021-08-11 19:45:00,144.9536996446517,ARIMA (+기준 곡선)
2021-08-11 20:00:00,2021-08-11 20:00:00,123.24600732400329,ARIMA (+기준 곡선)
2021-08-11 20:00:00,2021-08-11 20:15:00,128.85625723423885,ARIMA (+기준 곡선)
2021-08-11 20:00:00,2021-08-11 20:30:00,127.72036015087164,ARIMA (+기준 곡선)
2021-08-11 20:00:00,2021-08-11 20:45:00,125.44508486360562,ARIMA (+기준 곡선)
2021-08-11 21:00:00,2021-08-11 21:00:00,120.94124950966952,ARIMA (+기준 곡선)
2021-08-11 21:00:00,2021-08-11 21:15:00,120.79003995391528,ARIMA (+기준 곡선)
2021-08-11 21:00:00,2021-08-11 21:30:00,122.39973958395775,ARIMA (+기준 곡선)
2021-08-11 21:00:00,2021-08-11 21:45:00,123.45212816207312,ARIMA (+기준 곡선)
2021-08-11 22:00:00,2021-08-11 22:00:00,98.7403722631366,ARIMA (+기준 곡선)
2021-08-11 22:00:00,2021-08-11 22:15:00,109.74622247253733,ARIMA (+기준 곡선)
2021-08-11 22:00:00,2021-08-11 22:30:00,111.84332334526852,ARIMA (+기준 곡선)
2021-08-11 22:00:00,2021-08-11 22:45:00,111.216532193864,ARIMA (+기준 곡선)
2021-08-11 23:00:00,2021-08-11 23:00:00,107.12520821650422,ARIMA (+기준 곡선)
2021-08-11 23:00:00,2021-08-11 23:15:00,109.2593557049302,ARIMA (+기준 곡선)
2021-08-11 23:00:00,2021-08-11 23:30:00,106.97600957740448,ARIMA (+기준 곡선)
2021-08-11 23:00:00,2021-08-11 23:45:00,90.3027894805091,ARIMA (+기준 곡선)
2021-08-12 00:00:00,2021-08-12 00:00:00,68.86630206876666,ARIMA (+기준 곡선)
2021-08-12 00:00:00,2021-08-12 00:15:00,67.61291477120561,ARIMA (+기준 곡선)
2021-08-12 00:00:00,2021-08-12 00:30:00,66.9473339401981,ARIMA (+기준 곡선)
2021-08-12 00:00:00,2021-08-12 00:45:00,66.35658838325766,ARIMA (+기준 곡선)
2021-08-12 01:00:00,2021-08-12 01:00:00,92.1753992193152,ARIMA (+기준 곡선)
2021-08-12 01:00:00,2021-08-12 01:15:00,105.94121103740255,ARIMA (+기준 곡선)
2021-08-12 01:00:00,2021-08-12 01:30:00,108.90736128371678,ARIMA (+기준 곡선)
2021-08-12 01:00:00,2021-08-12 01:45:00,107.60381557433296,ARIMA (+기준 곡선)
2021-08-12 02:00:00,2021-08-12 02:00:00,110.71381966496315,ARIMA (+기준 곡선)
2021-08-12 02:00:00,2021-08-12 02:15:00,111.74317698160876,ARIMA (+기준 곡선)
2021-08-12 02:00:00,2021-08-12 02:30:00,112.01238818553576,ARIMA (+기준 곡선)
2021-08-12 02:00:00,2021-08-12 02:45:00,106.68439696349957,ARIMA (+기준 곡선)
2021-08-12 03:00:00,2021-08-12 03:00:00,90.98593321743924,ARIMA (+기준 곡선)
2021-08-12 03:00:00,2021-08-12 03:15:00,106.55913032729886,ARIMA (+기준 곡선)
2021-08-12 03:00:00,2021-08-12 03:30:00,111.15874783857124,ARIMA (+기준 곡선)
2021-08-12 03:00:00,2021-08-12 03:45:00,110.52598685591644,ARIMA (+기준 곡선)
2021-08-12 04:00:00,2021-08-12 04:00:00,107.3599050486972,ARIMA (+기준 곡선)
2021-08-12 04:00:00,2021-08-12 04:15:00,107.49498183882449,ARIMA (+기준 곡선)
2021-08-12 04:00:00,2021-08-12 04:30:00,106.26913800408973,ARIMA (+기준 곡선)
2021-08-12 04:00:00,2021-08-12 04:45:00,103.58945225832518,ARIMA (+기준 곡선)
2021-08-12 05:00:00,2021-08-12 05:00:00,82.73859615525735,ARIMA (+기준 곡선)
2021-08-12 05:00:00,2021-08-12 05:15:00,76.47350446076054,ARIMA (+기준 곡선)
2021-08-12 05:00:00,2021-08-12 05:30:00,93.06964460360052,ARIMA (+기준 곡선)
2021-08-12 05:00:00,2021-08-12 05:45:00,107.52585259270344,ARIMA (+기준 곡선)
2021-08-12 06:00:00,2021-08-12 06:00:00,104.62924034315824,ARIMA (+기준 곡선)
2021-08-12 06:00:00,2021-08-12 06:15:00,105.32926346493586,ARIMA (+기준 곡선)
2021-08-12 06:00:00,2021-08-12 06:30:00,105.81251013427276,ARIMA (+기준 곡선)
2021-08-12 06:00:00,2021-08-12 06:45:00,104.45258104043236,ARIMA (+기준 곡선)
2021-08-12 07:00:00,2021-08-12 07:00:00,114.52299450359185,ARIMA (+기준 곡선)
2021-08-12 07:00:00,2021-08-12 07:15:00,125.11112948125148,ARIMA (+기준 곡선)
2021-08-12 07:00:00,2021-08-12 07:30:00,149.16494029998466,ARIMA (+기준 곡선)
2021-08-12 07:00:00,2021-08-12 07:45:00,151.05594890711276,ARIMA (+기준 곡선)
2021-08-12 08:00:00,2021-08-12 08:00:00,165.6280520949847,ARIMA (+기준 곡선)
2021-08-12 08:00:00,2021-08-12 08:15:00,185.63661820172624,ARIMA (+기준 곡선)
2021-08-12 08:00:00,2021-08-12 08:30:00,192.11898825310303,ARIMA (+기준 곡선)
2021-08-12 08:00:00,2021-08-12 08:45:00,191.6695989691749,ARIMA (+기준 곡선)
2021-08-12 09:00:00,2021-08-12 09:00:00,187.0137627106493,ARIMA (+기준 곡선)
2021-08-12 09:00:00,2021-08-12 09:15:00,186.5751307979383,ARIMA (+기준 곡선)
2021-08-12 09:00:00,2021-08-12 09:30:00,187.7857221281304,ARIMA (+기준 곡선)
2021-08-12 09:00:00,2021-08-12 09:45:00,188.6944657257636,ARIMA (+기준 곡선)
2021-08-12 10:00:00,2021-08-12 10:00:00,142.07912934946097,ARIMA (+기준 곡선)
2021-08-12 10:00:00,2021-08-12 10:15:00,178.00871681437934,ARIMA (+기준 곡선)
2021-08-12 10:00:00,2021-08-12 10:30:00,181.63468503744085,ARIMA (+기준 곡선)
2021-08-12 10:00:00,2021-08-12 10:45:00,180.77976741947975,ARIMA (+기준 곡선)
2021-08-12 11:00:00,2021-08-12 11:00:00,184.80191784944893,ARIMA (+기준 곡선)
2021-08-12 11:00:00,2021-08-12 11:15:00,188.97897395260145,ARIMA (+기준 곡선)
2021-08-12 11:00:00,2021-08-12 11:30:00,191.02679325936967,ARIMA (+기준 곡선)
2021-08-12 11:00:00,2021-08-12 11:45:00,188.05686675254145,ARIMA (+기준 곡선)
2021-08-12 12:00:00,2021-08-12 12:00:00,131.87825497506833,ARIMA (+기준 곡선)
2021-08-12 12:00:00,2021-08-12 12:15:00,109.30862081318315,ARIMA (+기준 곡선)
2021-08-12 12:00:00,2021-08-12 12:30:00,109.32196096992024,ARIMA (+기준 곡선)
2021-08-12 12:00:00,2021-08-12 12:45:00,111.04969931066913,ARIMA (+기준 곡선)
2021-08-12 13:00:00,2021-08-12 13:00:00,159.99333805579673,ARIMA (+기준 곡선)
2021-08-12 13:00:00,2021-08-12 13:15:00,185.04422489106125,ARIMA (+기준 곡선)
2021-08-12 13:00:00,2021-08-12 13:30:00,187.1800839408834,ARIMA (+기준 곡선)
2021-08-12 13:00:00,2021-08-12 13:45:00,187.1997249667852,ARIMA (+기준 곡선)
2021-08-12 14:00:00,2021-08-12 14:00:00,181.2893799910974,ARIMA (+기준 곡선)
2021-08-12 14:00:00,2021-08-12 14:15:00,183.04518310964104,ARIMA (+기준 곡선)
2021-08-12 14:00:00,2021-08-12 14:30:00,185.14227591490808,ARIMA (+기준 곡선)
2021-08-12 14:00:00,2021-08-12 14:45:00,183.722959261015,ARIMA (+기준 곡선)
2021-08-12 15:00:00,2021-08-12 15:00:00,143.0911496149583,ARIMA (+기준 곡선)
2021-08-12 15:00:00,2021-08-12 15:15:00,142.85237480865587,ARIMA (+기준 곡선)
2021-08-12 15:00:00,2021-08-12 15:30:00,177.29723299440067,ARIMA (+기준 곡선)
2021-08-12 15:00:00,2021-08-12 15:45:00,180.77682517427863,ARIMA (+기준 곡선)
2021-08-12 16:00:00,2021-08-12 16:00:00,188.4646908010821,ARIMA (+기준 곡선)
2021-08-12 16:00:00,2021-08-12 16:15:00,178.8639994327925,ARIMA (+기준 곡선)
2021-08-12 16:00:00,2021-08-12 16:30:00,177.180462364157,ARIMA (+기준 곡선)
2021-08-12 16:00:00,2021-08-12 16:45:00,173.54942019723043,ARIMA (+기준 곡선)
2021-08-12 17:00:00,2021-08-12 17:00:00,118.66441036048607,ARIMA (+기준 곡선)
2021-08-12 17:00:00,2021-08-12 17:15:00,109.54959826298943,ARIMA (+기준 곡선)
2021-08-12 17:00:00,2021-08-12 17:30:00,149.78119144820377,ARIMA (+기준 곡선)
2021-08-12 17:00:00,2021-08-12 17:45:00,165.1991565444236,ARIMA (+기준 곡선)
2021-08-12 18:00:00,2021-08-12 18:00:00,161.62608893673655,ARIMA (+기준 곡선)
2021-08-12 18:00:00,2021-08-12 18:15:00,163.92899710661632,ARIMA (+기준 곡선)
2021-08-12 18:00:00,2021-08-12 18:30:00,158.67415261508813,ARIMA (+기준 곡선)
2021-08-12 18:00:00,2021-08-12 18:45:00,162.12487225104138,ARIMA (+기준 곡선)
2021-08-12 19:00:00,2021-08-12 19:00:00,156.96652124245648,ARIMA (+기준 곡선)
2021-08-12 19:00:00,2021-08-12 19:15:00,155.52865357874083,ARIMA (+기준 곡선)
2021-08-12 19:00:00,2021-08-12 19:30:00,158.3190982798346,ARIMA (+기준 곡선)
2021-08-12 19:00:00,2021-08-12 19:45:00,139.14035949134706,ARIMA (+기준 곡선)
2021-08-12 20:00:00,2021-08-12 20:00:00,124.0055844367666,ARIMA (+기준 곡선)
2021-08-12 20:00:00,2021-08-12 20:15:00,129.93961512775627,ARIMA (+기준 곡선)
2021-08-12 20:00:00,2021-08-12 20:30:00,127.58418937935514,ARIMA (+기준 곡선)
2021-08-12 20:00:00,2021-08-12 20:45:00,124.71552369854936,ARIMA (+기준 곡선)
2021-08-12 21:00:00,2021-08-12 21:00:00,123.90652962686396,ARIMA (+기준 곡선)
2021-08-12 21:00:00,2021-08-12 21:15:00,121.53809789068856,ARIMA (+기준 곡선)
2021-08-12 21:00:00,2021-08-12 21:30:00,122.75960541520472,ARIMA (+기준 곡선)
2021-08-12 21:00:00,2021-08-12 21:45:00,123.42128326353624,ARIMA (+기준 곡선)
2021-08-12 22:00:00,2021-08-12 22:00:00,95.70445681989986,ARIMA (+기준 곡선)
2021-08-12 22:00:00,2021-08-12 22:15:00,108.97071709614424,ARIMA (+기준 곡선)
2021-08-12 22:00:00,2021-08-12 22:30:00,110.60533885252616,ARIMA (+기준 곡선)
2021-08-12 22:00:00,2021-08-12 22:45:00,109.72417887808436,ARIMA (+기준 곡선)
2021-08-12 23:00:00,2021-08-12 23:00:00,117.2513847680382,ARIMA (+기준 곡선)
2021-08-12 23:00:00,2021-08-12 23:15:00,115.40049632979571,ARIMA (+기준 곡선)
2021-08-12 23:00:00,2021-08-12 23:30:00,112.22687104718386,ARIMA (+기준 곡선)
2021-08-12 23:00:00,2021-08-12 23:45:00,94.47356005211974,ARIMA (+기준 곡선)
2021-08-13 00:00:00,2021-08-13 00:00:00,69.0728114135025,ARIMA (+기준 곡선)
2021-08-13 00:00:00,2021-08-13 00:15:00,67.55553491746448,ARIMA (+기준 곡선)
2021-08-13 00:00:00,2021-08-13 00:30:00,66.84529332108283,ARIMA (+기준 곡선)
2021-08-13 00:00:00,2021-08-13 00:45:00,66.37648836683519,ARIMA (+기준 곡선)
2021-08-13 01:00:00,2021-08-13 01:00:00,90.57059628008597,ARIMA (+기준 곡선)
2021-08-13 01:00:00,2021-08-13 01:15:00,104.26722669990716,ARIMA (+기준 곡선)
2021-08-13 01:00:00,2021-08-13 01:30:00,107.58680115022965,ARIMA (+기준 곡선)
2021-08-13 01:00:00,2021-08-13 01:45:00,106.5499869964707,ARIMA (+기준 곡선)
2021-08-13 02:00:00,2021-08-13 02:00:00,104.37347974362125,ARIMA (+기준 곡선)
2021-08-13 02:00:00,2021-08-13 02:15:00,107.26594293169248,ARIMA (+기준 곡선)
2021-08-13 02:00:00,2021-08-13 02:30:00,108.08210452740389,ARIMA (+기준 곡선)
2021-08-13 02:00:00,2021-08-13 02:45:00,103.33781133207737,ARIMA (+기준 곡선)
2021-08-13 03:00:00,2021-08-13 03:00:00,99.62799674454364,ARIMA (+기준 곡선)
2021-08-13 03:00:00,2021-08-13 03:15:00,110.87327918453173,ARIMA (+기준 곡선)
2021-08-13 03:00:00,2021-08-13 03:30:00,114.65642739878427,ARIMA (+기준 곡선)
2021-08-13 03:00:00,2021-08-13 03:45:00,113.49871806790762,ARIMA (+기준 곡선)
2021-08-13 04:00:00,2021-08-13 04:00:00,108.79975545710296,ARIMA (+기준 곡선)
2021-08-13 04:00:00,2021-08-13 04:15:00,110.01401084159424,ARIMA (+기준 곡선)
2021-08-13 04:00:00,2021-08-13 04:30:00,108.43274554986614,ARIMA (+기준 곡선)
2021-08-13 04:00:00,2021-08-13 04:45:00,105.38814415378116,ARIMA (+기준 곡선)
2021-08-13 05:00:00,2021-08-13 05:00:00,92.72697273360836,ARIMA (+기준 곡선)
2021-08-13 05:00:00,2021-08-13 05:15:00,81.8631089712831,ARIMA (+기준 곡선)
2021-08-13 05:00:00,2021-08-13 05:30:00,98.03210647349084,ARIMA (+기준 곡선)
2021-08-13 05:00:00,2021-08-13 05:45:00,112.04929632801002,ARIMA (+기준 곡선)
2021-08-13 06:00:00,2021-08-13 06:00:00,107.98736415196892,ARIMA (+기준 곡선)
2021-08-13 06:00:00,2021-08-13 06:15:00,107.0696335918012,ARIMA (+기준 곡선)
2021-08-13 06:00:00,2021-08-13 06:30:00,107.64056186663902,ARIMA (+기준 곡선)
2021-08-13 06:00:00,2021-08-13 06:45:00,106.28662683957548,ARIMA (+기준 곡선)
2021-08-13 07:00:00,2021-08-13 07:00:00,107.86922015900656,ARIMA (+기준 곡선)
2021-08-13 07:00:00,2021-08-13 07:15:00,121.19532851702404,ARIMA (+기준 곡선)
2021-08-13 07:00:00,2021-08-13 07:30:00,145.96396244467118,ARIMA (+기준 곡선)
2021-08-13 07:00:00,2021-08-13 07:45:00,148.5473680748593,ARIMA (+기준 곡선)
2021-08-13 08:00:00,2021-08-13 08:00:00,177.66230901603913,ARIMA (+기준 곡선)
2021-08-13 08:00:00,2021-08-13 08:15:00,193.03758866788985,ARIMA (+기준 곡선)
2021-08-13 08:00:00,2021-08-13 08:30:00,198.42679993932725,ARIMA (+기준 곡선)
2021-08-13 08:00:00,2021-08-13 08:45:00,197.1331620466771,ARIMA (+기준 곡선)
2021-08-13 09:00:00,2021-08-13 09:00:00,181.69852188493127,ARIMA (+기준 곡선)
2021-08-13 09:00:00,2021-08-13 09:15:00,185.9128121179047,ARIMA (+기준 곡선)
2021-08-13 09:00:00,2021-08-13 09:30:00,187.36781207622832,ARIMA (+기준 곡선)
2021-08-13 09:00:00,2021-08-13 09:45:00,188.4562923989229,ARIMA (+기준 곡선)
2021-08-13 10:00:00,2021-08-13 10:00:00,154.87484673020177,ARIMA (+기준 곡선)
2021-08-13 10:00:00,2021-08-13 10:15:00,186.79308032524483,ARIMA (+기준 곡선)
2021-08-13 10:00:00,2021-08-13 10:30:00,189.4096318044338,ARIMA (+기준 곡선)
2021-08-13 10:00:00,2021-08-13 10:45:00,187.68804465683587,ARIMA (+기준 곡선)
2021-08-13 11:00:00,2021-08-13 11:00:00,188.2690289679555,ARIMA (+기준 곡선)
2021-08-13 11:00:00,2021-08-13 11:15:00,193.86346279042928,ARIMA (+기준 곡선)
2021-08-13 11:00:00,2021-08-13 11:30:00,195.36431168269013,ARIMA (+기준 곡선)
2021-08-13 11:00:00,2021-08-13 11:45:00,191.9939215998082,ARIMA (+기준 곡선)
2021-08-13 12:00:00,2021-08-13 12:00:00,137.20119634842754,ARIMA (+기준 곡선)
2021-08-13 12:00:00,2021-08-13 12:15:00,114.4546375213042,ARIMA (+기준 곡선)
2021-08-13 12:00:00,2021-08-13 12:30:00,114.119271583071,ARIMA (+기준 곡선)
2021-08-13 12:00:00,2021-08-13 12:45:00,115.67925497138704,ARIMA (+기준 곡선)
2021-08-13 13:00:00,2021-08-13 13:00:00,155.38714074522323,ARIMA (+기준 곡선)
2021-08-13 13:00:00,2021-08-13 13:15:00,181.59292823196412,ARIMA (+기준 곡선)
2021-08-13 13:00:00,2021-08-13 13:30:00,185.0328233843846,ARIMA (+기준 곡선)
2021-08-13 13:00:00,2021-08-13 13:45:00,186.13267426015685,ARIMA (+기준 곡선)
2021-08-13 14:00:00,2021-08-13 14:00:00,181.06071167238545,ARIMA (+기준 곡선)
2021-08-13 14:00:00,2021-08-13 14:15:00,185.63579135018415,ARIMA (+기준 곡선)
2021-08-13 14:00:00,2021-08-13 14:30:00,186.97536539561293,ARIMA (+기준 곡선)
2021-08-13 14:00:00,2021-08-13 14:45:00,185.8021634718775,ARIMA (+기준 곡선)
2021-08-13 15:00:00,2021-08-13 15:00:00,151.5420075076155,ARIMA (+기준 곡선)
2021-08-13 15:00:00,2021-08-13 15:15:00,147.35533472030068,ARIMA (+기준 곡선)
2021-08-13 15:00:00,2021-08-13 15:30:00,181.51092812182577,ARIMA (+기준 곡선)
2021-08-13 15:00:00,2021-08-13 15:45:00,185.3831146918616,ARIMA (+기준 곡선)
2021-08-13 16:00:00,2021-08-13 16:00:00,188.62480124578627,ARIMA (+기준 곡선)
2021-08-13 16:00:00,2021-08-13 16:15:00,180.12112446272567,ARIMA (+기준 곡선)
2021-08-13 16:00:00,2021-08-13 16:30:00,178.84110580891243,ARIMA (+기준 곡선)
2021-08-13 16:00:00,2021-08-13 16:45:00,175.60481338164675,ARIMA (+기준 곡선)
2021-08-13 17:00:00,2021-08-13 17:00:00,130.6025075904521,ARIMA (+기준 곡선)
2021-08-13 17:00:00,2021-08-13 17:15:00,118.30639427848922,ARIMA (+기준 곡선)
2021-08-13 17:00:00,2021-08-13 17:30:00,157.61092426542973,ARIMA (+기준 곡선)
2021-08-13 17:00:00,2021-08-13 17:45:00,172.59063454852446,ARIMA (+기준 곡선)
2021-08-13 18:00:00,2021-08-13 18:00:00,174.42925196227876,ARIMA (+기준 곡선)
2021-08-13 18:00:00,2021-08-13 18:15:00,174.82907749757868,ARIMA (+기준 곡선)
2021-08-13 18:00:00,2021-08-13 18:30:00,168.53880747597813,ARIMA (+기준 곡선)
2021-08-13 18:00:00,2021-08-13 18:45:00,171.15562446612344,ARIMA (+기준 곡선)
2021-08-13 19:00:00,2021-08-13 19:00:00,165.96069761223978,ARIMA (+기준 곡선)
2021-08-13 19:00:00,2021-08-13 19:15:00,162.30872775219564,ARIMA (+기준 곡선)
2021-08-13 19:00:00,2021-08-13 19:30:00,165.05945250249763,ARIMA (+기준 곡선)
2021-08-13 19:00:00,2021-08-13 19:45:00,145.81568865278703,ARIMA (+기준 곡선)
2021-08-13 20:00:00,2021-08-13 20:00:00,112.17465599308328,ARIMA (+기준 곡선)
2021-08-13 20:00:00,2021-08-13 20:15:00,122.85163456011917,ARIMA (+기준 곡선)
2021-08-13 20:00:00,2021-08-13 20:30:00,122.78827626181776,ARIMA (+기준 곡선)
2021-08-13 20:00:00,2021-08-13 20:45:00,121.41329958066952,ARIMA (+기준 곡선)
2021-08-13 21:00:00,2021-08-13 21:00:00,122.22670869177122,ARIMA (+기준 곡선)
2021-08-13 21:00:00,2021-08-13 21:15:00,120.4621505689227,ARIMA (+기준 곡선)
2021-08-13 21:00:00,2021-08-13 21:30:00,122.35334369456308,ARIMA (+기준 곡선)
2021-08-13 21:00:00,2021-08-13 21:45:00,123.41691875639214,ARIMA (+기준 곡선)
2021-08-13 22:00:00,2021-08-13 22:00:00,97.0424937923812,ARIMA (+기준 곡선)
2021-08-13 22:00:00,2021-08-13 22:15:00,109.61971937293788,ARIMA (+기준 곡선)
2021-08-13 22:00:00,2021-08-13 22:30:00,111.4416994329012,ARIMA (+기준 곡선)
2021-08-13 22:00:00,2021-08-13 22:45:00,110.76690712545918,ARIMA (+기준 곡선)
2021-08-13 23:00:00,2021-08-13 23:00:00,114.01929783419148,ARIMA (+기준 곡선)
2021-08-13 23:00:00,2021-08-13 23:15:00,113.10005903481596,ARIMA (+기준 곡선)
2021-08-13 23:00:00,2021-08-13 23:30:00,110.5504606846168,ARIMA (+기준 곡선)
2021-08-13 23:00:00,2021-08-13 23:45:00,93.19283592881756,ARIMA (+기준 곡선)
2021-08-14 00:00:00,2021-08-14 00:00:00,58.37714728119924,ARIMA (+기준 곡선)
2021-08-14 00:00:00,2021-08-14 00:15:00,55.51229878750279,ARIMA (+기준 곡선)
2021-08-14 00:00:00,2021-08-14 00:30:00,56.396264380507205,ARIMA (+기준 곡선)
2021-08-14 00:00:00,2021-08-14 00:45:00,58.81935893800021,ARIMA (+기준 곡선)
2021-08-14 01:00:00,2021-08-14 01:00:00,86.94396931806106,ARIMA (+기준 곡선)
2021-08-14 01:00:00,2021-08-14 01:15:00,99.51089490526152,ARIMA (+기준 곡선)
2021-08-14 01:00:00,2021-08-14 01:30:00,99.59980336705046,ARIMA (+기준 곡선)
2021-08-14 01:00:00,2021-08-14 01:45:00,99.37716840231708,ARIMA (+기준 곡선)
2021-08-14 02:00:00,2021-08-14 02:00:00,103.18202381505462,ARIMA (+기준 곡선)
2021-08-14 02:00:00,2021-08-14 02:15:00,100.8004395994012,ARIMA (+기준 곡선)
2021-08-14 02:00:00,2021-08-14 02:30:00,97.4830417222961,ARIMA (+기준 곡선)
2021-08-14 02:00:00,2021-08-14 02:45:00,94.19796467158584,ARIMA (+기준 곡선)
2021-08-14 03:00:00,2021-08-14 03:00:00,90.12010181929205,ARIMA (+기준 곡선)
2021-08-14 03:00:00,2021-08-14 03:15:00,101.2884943541181,ARIMA (+기준 곡선)
2021-08-14 03:00:00,2021-08-14 03:30:00,105.20015334601162,ARIMA (+기준 곡선)
2021-08-14 03:00:00,2021-08-14 03:45:00,107.20234738360382,ARIMA (+기준 곡선)
2021-08-14 04:00:00,2021-08-14 04:00:00,99.23435757133328,ARIMA (+기준 곡선)
2021-08-14 04:00:00,2021-08-14 04:15:00,93.28762468129771,ARIMA (+기준 곡선)
2021-08-14 04:00:00,2021-08-14 04:30:00,95.07652536337385,ARIMA (+기준 곡선)
2021-08-14 04:00:00,2021-08-14 04:45:00,94.94910605816852,ARIMA (+기준 곡선)
2021-08-14 05:00:00,2021-08-14 05:00:00,77.98946309044584,ARIMA (+기준 곡선)
2021-08-14 05:00:00,2021-08-14 05:15:00,67.96103329833788,ARIMA (+기준 곡선)
2021-08-14 05:00:00,2021-08-14 05:30:00,87.79838258619888,ARIMA (+기준 곡선)
2021-08-14 05:00:00,2021-08-14 05:45:00,99.58021110223125,ARIMA (+기준 곡선)
2021-08-14 06:00:00,2021-08-14 06:00:00,95.31408936269092,ARIMA (+기준 곡선)
2021-08-14 06:00:00,2021-08-14 06:15:00,90.7862509283091,ARIMA (+기준 곡선)
2021-08-14 06:00:00,2021-08-14 06:30:00,90.98105404482092,ARIMA (+기준 곡선)
2021-08-14 06:00:00,2021-08-14 06:45:00,87.1094275762156,ARIMA (+기준 곡선)
2021-08-14 07:00:00,2021-08-14 07:00:00,83.38471872939681,ARIMA (+기준 곡선)
2021-08-14 07:00:00,2021-08-14 07:15:00,71.61304116060955,ARIMA (+기준 곡선)
2021-08-14 07:00:00,2021-08-14 07:30:00,44.34645214119567,ARIMA (+기준 곡선)
2021-08-14 07:00:00,2021-08-14 07:45:00,26.3870095314864,ARIMA (+기준 곡선)
2021-08-14 08:00:00,2021-08-14 08:00:00,23.543315272422188,ARIMA (+기준 곡선)
2021-08-14 08:00:00,2021-08-14 08:15:00,21.797988626937123,ARIMA (+기준 곡선)
2021-08-14 08:00:00,2021-08-14 08:30:00,20.994607655383007,ARIMA (+기준 곡선)
2021-08-14 08:00:00,2021-08-14 08:45:00,21.043989803850383,ARIMA (+기준 곡선)
2021-08-14 09:00:00,2021-08-14 09:00:00,21.47555754788628,ARIMA (+기준 곡선)
2021-08-14 09:00:00,2021-08-14 09:15:00,22.46401572175626,ARIMA (+기준 곡선)
2021-08-14 09:00:00,2021-08-14 09:30:00,21.70275445950924,ARIMA (+기준 곡선)
2021-08-14 09:00:00,2021-08-14 09:45:00,21.445156174825925,ARIMA (+기준 곡선)
2021-08-14 10:00:00,2021-08-14 10:00:00,22.584200153237926,ARIMA (+기준 곡선)
2021-08-14 10:00:00,2021-08-14 10:15:00,23.079009517599804,ARIMA (+기준 곡선)
2021-08-14 10:00:00,2021-08-14 10:30:00,22.30253543227522,ARIMA (+기준 곡선)
2021-08-14 10:00:00,2021-08-14 10:45:00,22.005878017178706,ARIMA (+기준 곡선)
2021-08-14 11:00:00,2021-08-14 11:00:00,21.43333707130756,ARIMA (+기준 곡선)
2021-08-14 11:00:00,2021-08-14 11:15:00,22.089578908580133,ARIMA (+기준 곡선)
2021-08-14 11:00:00,2021-08-14 11:30:00,22.22700978749244,ARIMA (+기준 곡선)
2021-08-14 11:00:00,2021-08-14 11:45:00,22.326194761767145,ARIMA (+기준 곡선)
2021-08-14 12:00:00,2021-08-14 12:00:00,23.30687382781163,ARIMA (+기준 곡선)
2021-08-14 12:00:00,2021-08-14 12:15:00,21.32360561282487,ARIMA (+기준 곡선)
2021-08-14 12:00:00,2021-08-14 12:30:00,22.70594672009771,ARIMA (+기준 곡선)
2021-08-14 12:00:00,2021-08-14 12:45:00,22.28124128543042,ARIMA (+기준 곡선)
2021-08-14 13:00:00,2021-08-14 13:00:00,20.889800797129837,ARIMA (+기준 곡선)
2021-08-14 13:00:00,2021-08-14 13:15:00,21.281796447899417,ARIMA (+기준 곡선)
2021-08-14 13:00:00,2021-08-14 13:30:00,20.00265350337056,ARIMA (+기준 곡선)
2021-08-14 13:00:00,2021-08-14 13:45:00,19.76778949018445,ARIMA (+기준 곡선)
2021-08-14 14:00:00,2021-08-14 14:00:00,20.743702151307517,ARIMA (+기준 곡선)
2021-08-14 14:00:00,2021-08-14 14:15:00,20.54358879246884,ARIMA (+기준 곡선)
2021-08-14 14:00:00,2021-08-14 14:30:00,20.235095005967327,ARIMA (+기준 곡선)
2021-08-14 14:00:00,2021-08-14 14:45:00,20.66330745202809,ARIMA (+기준 곡선)
2021-08-14 15:00:00,2021-08-14 15:00:00,23.1750723941598,ARIMA (+기준 곡선)
2021-08-14 15:00:00,2021-08-14 15:15:00,22.986892715109704,ARIMA (+기준 곡선)
2021-08-14 15:00:00,2021-08-14 15:30:00,20.853303619051022,ARIMA (+기준 곡선)
2021-08-14 15:00:00,2021-08-14 15:45:00,21.984281549323825,ARIMA (+기준 곡선)
2021-08-14 16:00:00,2021-08-14 16:00:00,22.088768639649288,ARIMA (+기준 곡선)
2021-08-14 16:00:00,2021-08-14 16:15:00,22.249009283532725,ARIMA (+기준 곡선)
2021-08-14 16:00:00,2021-08-14 16:30:00,21.61864880966256,ARIMA (+기준 곡선)
2021-08-14 16:00:00,2021-08-14 16:45:00,20.656188178165557,ARIMA (+기준 곡선)
2021-08-14 17:00:00,2021-08-14 17:00:00,21.28323287697038,ARIMA (+기준 곡선)
2021-08-14 17:00:00,2021-08-14 17:15:00,20.940257332576383,ARIMA (+기준 곡선)
2021-08-14 17:00:00,2021-08-14 17:30:00,20.864441014650687,ARIMA (+기준 곡선)
2021-08-14 17:00:00,2021-08-14 17:45:00,20.516672312550885,ARIMA (+기준 곡선)
2021-08-14 18:00:00,2021-08-14 18:00:00,21.46984982348189,ARIMA (+기준 곡선)
2021-08-14 18:00:00,2021-08-14 18:15:00,21.6109872089863,ARIMA (+기준 곡선)
2021-08-14 18:00:00,2021-08-14 18:30:00,21.76473851740523,ARIMA (+기준 곡선)
2021-08-14 18:00:00,2021-08-14 18:45:00,22.19808591074348,ARIMA (+기준 곡선)
2021-08-14 19:00:00,2021-08-14 19:00:00,21.81742569644132,ARIMA (+기준 곡선)
2021-08-14 19:00:00,2021-08-14 19:15:00,22.52766569704381,ARIMA (+기준 곡선)
2021-08-14 19:00:00,2021-08-14 19:30:00,21.071377251963654,ARIMA (+기준 곡선)
2021-08-14 19:00:00,2021-08-14 19:45:00,20.36662376788444,ARIMA (+기준 곡선)
2021-08-14 20:00:00,2021-08-14 20:00:00,20.56234775460389,ARIMA (+기준 곡선)
2021-08-14 20:00:00,2021-08-14 20:15:00,20.19057125964082,ARIMA (+기준 곡선)
2021-08-14 20:00:00,2021-08-14 20:30:00,20.964323614938987,ARIMA (+기준 곡선)
2021-08-14 20:00:00,2021-08-14 20:45:00,20.96648938252157,ARIMA (+기준 곡선)
2021-08-14 21:00:00,2021-08-14 21:00:00,22.16668340210974,ARIMA (+기준 곡선)
2021-08-14 21:00:00,2021-08-14 21:15:00,21.733880884697072,ARIMA (+기준 곡선)
2021-08-14 21:00:00,2021-08-14 21:30:00,21.647624979226325,ARIMA (+기준 곡선)
2021-08-14 21:00:00,2021-08-14 21:45:00,21.57257333075227,ARIMA (+기준 곡선)
2021-08-14 22:00:00,2021-08-14 22:00:00,23.71146897253889,ARIMA (+기준 곡선)
2021-08-14 22:00:00,2021-08-14 22:15:00,23.546735171681966,ARIMA (+기준 곡선)
2021-08-14 22:00:00,2021-08-14 22:30:00,24.945322521407384,ARIMA (+기준 곡선)
2021-08-14 22:00:00,2021-08-14 22:45:00,22.341447532101544,ARIMA (+기준 곡선)
2021-08-14 23:00:00,2021-08-14 23:00:00,20.83747283290102,ARIMA (+기준 곡선)
2021-08-14 23:00:00,2021-08-14 23:15:00,20.47203304211849,ARIMA (+기준 곡선)
2021-08-14 23:00:00,2021-08-14 23:30:00,20.70936459158932,ARIMA (+기준 곡선)
2021-08-14 23:00:00,2021-08-14 23:45:00,21.25545496836608,ARIMA (+기준 곡선)
2021-08-15 00:00:00,2021-08-15 00:00:00,20.26741066178687,ARIMA (+기준 곡선)
2021-08-15 00:00:00,2021-08-15 00:15:00,20.54056740413469,ARIMA (+기준 곡선)
2021-08-15 00:00:00,2021-08-15 00:30:00,21.34349208301474,ARIMA (+기준 곡선)
2021-08-15 00:00:00,2021-08-15 00:45:00,21.53546669863488,ARIMA (+기준 곡선)
2021-08-15 01:00:00,2021-08-15 01:00:00,22.08408985250244,ARIMA (+기준 곡선)
2021-08-15 01:00:00,2021-08-15 01:15:00,22.249343974804205,ARIMA (+기준 곡선)
2021-08-15 01:00:00,2021-08-15 01:30:00,22.81767250992439,ARIMA (+기준 곡선)
2021-08-15 01:00:00,2021-08-15 01:45:00,22.987581500484804,ARIMA (+기준 곡선)
2021-08-15 02:00:00,2021-08-15 02:00:00,25.540041727981016,ARIMA (+기준 곡선)
2021-08-15 02:00:00,2021-08-15 02:15:00,22.971261490987597,ARIMA (+기준 곡선)
2021-08-15 02:00:00,2021-08-15 02:30:00,22.164331261923728,ARIMA (+기준 곡선)
2021-08-15 02:00:00,2021-08-15 02:45:00,22.16308410450703,ARIMA (+기준 곡선)
2021-08-15 03:00:00,2021-08-15 03:00:00,21.134722633019,ARIMA (+기준 곡선)
2021-08-15 03:00:00,2021-08-15 03:15:00,21.207099008526946,ARIMA (+기준 곡선)
2021-08-15 03:00:00,2021-08-15 03:30:00,21.20221906524632,ARIMA (+기준 곡선)
2021-08-15 03:00:00,2021-08-15 03:45:00,20.82187019788332,ARIMA (+기준 곡선)
2021-08-15 04:00:00,2021-08-15 04:00:00,22.786034045231577,ARIMA (+기준 곡선)
2021-08-15 04:00:00,2021-08-15 04:15:00,23.018682399054345,ARIMA (+기준 곡선)
2021-08-15 04:00:00,2021-08-15 04:30:00,21.967462202438156,ARIMA (+기준 곡선)
2021-08-15 04:00:00,2021-08-15 04:45:00,21.32005956467085,ARIMA (+기준 곡선)
2021-08-15 05:00:00,2021-08-15 05:00:00,22.37176810019184,ARIMA (+기준 곡선)
2021-08-15 05:00:00,2021-08-15 05:15:00,22.16405844072473,ARIMA (+기준 곡선)
2021-08-15 05:00:00,2021-08-15 05:30:00,21.731803165053424,ARIMA (+기준 곡선)
2021-08-15 05:00:00,2021-08-15 05:45:00,21.080389850760508,ARIMA (+기준 곡선)
2021-08-15 06:00:00,2021-08-15 06:00:00,20.99551258587532,ARIMA (+기준 곡선)
2021-08-15 06:00:00,2021-08-15 06:15:00,21.21185960613959,ARIMA (+기준 곡선)
2021-08-15 06:00:00,2021-08-15 06:30:00,21.130082924076007,ARIMA (+기준 곡선)
2021-08-15 06:00:00,2021-08-15 06:45:00,20.935500957579027,ARIMA (+기준 곡선)
2021-08-15 07:00:00,2021-08-15 07:00:00,20.881927525080517,ARIMA (+기준 곡선)
2021-08-15 07:00:00,2021-08-15 07:15:00,21.41337573001336,ARIMA (+기준 곡선)
2021-08-15 07:00:00,2021-08-15 07:30:00,22.790497411425555,ARIMA (+기준 곡선)
2021-08-15 07:00:00,2021-08-15 07:45:00,21.98320900137521,ARIMA (+기준 곡선)
2021-08-15 08:00:00,2021-08-15 08:00:00,20.54273770482972,ARIMA (+기준 곡선)
2021-08-15 08:00:00,2021-08-15 08:15:00,22.273687415029396,ARIMA (+기준 곡선)
2021-08-15 08:00:00,2021-08-15 08:30:00,21.18588693210042,ARIMA (+기준 곡선)
2021-08-15 08:00:00,2021-08-15 08:45:00,20.699154752729854,ARIMA (+기준 곡선)
2021-08-15 09:00:00,2021-08-15 09:00:00,23.900032073832627,ARIMA (+기준 곡선)
2021-08-15 09:00:00,2021-08-15 09:15:00,23.84773730081645,ARIMA (+기준 곡선)
2021-08-15 09:00:00,2021-08-15 09:30:00,22.83201359636109,ARIMA (+기준 곡선)
2021-08-15 09:00:00,2021-08-15 09:45:00,22.15737524631518,ARIMA (+기준 곡선)
2021-08-15 10:00:00,2021-08-15 10:00:00,21.10030650304675,ARIMA (+기준 곡선)
2021-08-15 10:00:00,2021-08-15 10:15:00,21.15525333099448,ARIMA (+기준 곡선)
2021-08-15 10:00:00,2021-08-15 10:30:00,21.75372217805192,ARIMA (+기준 곡선)
2021-08-15 10:00:00,2021-08-15 10:45:00,21.921152586378053,ARIMA (+기준 곡선)
2021-08-15 11:00:00,2021-08-15 11:00:00,22.224720194085176,ARIMA (+기준 곡선)
2021-08-15 11:00:00,2021-08-15 11:15:00,23.859004009767368,ARIMA (+기준 곡선)
2021-08-15 11:00:00,2021-08-15 11:30:00,23.32534626631915,ARIMA (+기준 곡선)
2021-08-15 11:00:00,2021-08-15 11:45:00,22.004678480991835,ARIMA (+기준 곡선)
2021-08-15 12:00:00,2021-08-15 12:00:00,21.78068531621956,ARIMA (+기준 곡선)
2021-08-15 12:00:00,2021-08-15 12:15:00,21.303704663721,ARIMA (+기준 곡선)
2021-08-15 12:00:00,2021-08-15 12:30:00,22.02730013981074,ARIMA (+기준 곡선)
2021-08-15 12:00:00,2021-08-15 12:45:00,21.481984002684843,ARIMA (+기준 곡선)
2021-08-15 13:00:00,2021-08-15 13:00:00,22.9625834893249,ARIMA (+기준 곡선)
2021-08-15 13:00:00,2021-08-15 13:15:00,22.993119986741952,ARIMA (+기준 곡선)
2021-08-15 13:00:00,2021-08-15 13:30:00,22.41789758185673,ARIMA (+기준 곡선)
2021-08-15 13:00:00,2021-08-15 13:45:00,22.01204640014981,ARIMA (+기준 곡선)
2021-08-15 14:00:00,2021-08-15 14:00:00,22.31764793919537,ARIMA (+기준 곡선)
2021-08-15 14:00:00,2021-08-15 14:15:00,22.290459358873942,ARIMA (+기준 곡선)
2021-08-15 14:00:00,2021-08-15 14:30:00,23.907006562676816,ARIMA (+기준 곡선)
2021-08-15 14:00:00,2021-08-15 14:45:00,24.302041615903235,ARIMA (+기준 곡선)
2021-08-15 15:00:00,2021-08-15 15:00:00,20.780883594850312,ARIMA (+기준 곡선)
2021-08-15 15:00:00,2021-08-15 15:15:00,21.455190372482903,ARIMA (+기준 곡선)
2021-08-15 15:00:00,2021-08-15 15:30:00,21.027448142793137,ARIMA (+기준 곡선)
2021-08-15 15:00:00,2021-08-15 15:45:00,21.008884177211225,ARIMA (+기준 곡선)
2021-08-15 16:00:00,2021-08-15 16:00:00,21.72593433996777,ARIMA (+기준 곡선)
2021-08-15 16:00:00,2021-08-15 16:15:00,21.650020258561703,ARIMA (+기준 곡선)
2021-08-15 16:00:00,2021-08-15 16:30:00,21.337473979237657,ARIMA (+기준 곡선)
2021-08-15 16:00:00,2021-08-15 16:45:00,21.99887177870039,ARIMA (+기준 곡선)
2021-08-15 17:00:00,2021-08-15 17:00:00,20.52278727405564,ARIMA (+기준 곡선)
2021-08-15 17:00:00,2021-08-15 17:15:00,20.94485074212936,ARIMA (+기준 곡선)
2021-08-15 17:00:00,2021-08-15 17:30:00,20.759448443431577,ARIMA (+기준 곡선)
2021-08-15 17:00:00,2021-08-15 17:45:00,22.03492497004563,ARIMA (+기준 곡선)
2021-08-15 18:00:00,2021-08-15 18:00:00,22.807772651451444,ARIMA (+기준 곡선)
2021-08-15 18:00:00,2021-08-15 18:15:00,23.46835961505292,ARIMA (+기준 곡선)
2021-08-15 18:00:00,2021-08-15 18:30:00,20.854402747629443,ARIMA (+기준 곡선)
2021-08-15 18:00:00,2021-08-15 18:45:00,20.870413184812936,ARIMA (+기준 곡선)
2021-08-15 19:00:00,2021-08-15 19:00:00,20.52255969455851,ARIMA (+기준 곡선)
2021-08-15 19:00:00,2021-08-15 19:15:00,20.61247829881728,ARIMA (+기준 곡선)
2021-08-15 19:00:00,2021-08-15 19:30:00,20.906619089333464,ARIMA (+기준 곡선)
2021-08-15 19:00:00,2021-08-15 19:45:00,21.50906003256892,ARIMA (+기준 곡선)
2021-08-15 20:00:00,2021-08-15 20:00:00,22.24109115741274,ARIMA (+기준 곡선)
2021-08-15 20:00:00,2021-08-15 20:15:00,22.274764284289148,ARIMA (+기준 곡선)
2021-08-15 20:00:00,2021-08-15 20:30:00,21.47218201141014,ARIMA (+기준 곡선)
2021-08-15 20:00:00,2021-08-15 20:45:00,21.86208435216441,ARIMA (+기준 곡선)
2021-08-15 21:00:00,2021-08-15 21:00:00,23.29978303436441,ARIMA (+기준 곡선)
2021-08-15 21:00:00,2021-08-15 21:15:00,23.94600955686812,ARIMA (+기준 곡선)
2021-08-15 21:00:00,2021-08-15 21:30:00,23.31231843684543,ARIMA (+기준 곡선)
2021-08-15 21:00:00,2021-08-15 21:45:00,23.071726330103218,ARIMA (+기준 곡선)
2021-08-15 22:00:00,2021-08-15 22:00:00,20.56100462538028,ARIMA (+기준 곡선)
2021-08-15 22:00:00,2021-08-15 22:15:00,20.91481766588713,ARIMA (+기준 곡선)
2021-08-15 22:00:00,2021-08-15 22:30:00,21.419661732421982,ARIMA (+기준 곡선)
2021-08-15 22:00:00,2021-08-15 22:45:00,21.288588847425324,ARIMA (+기준 곡선)
2021-08-15 23:00:00,2021-08-15 23:00:00,23.42531566079388,ARIMA (+기준 곡선)
2021-08-15 23:00:00,2021-08-15 23:15:00,22.7287684678003,ARIMA (+기준 곡선)
2021-08-15 23:00:00,2021-08-15 23:30:00,21.58852132058877,ARIMA (+기준 곡선)
2021-08-15 23:00:00,2021-08-15 23:45:00,21.878049731187048,ARIMA (+기준 곡선)
2021-08-16 00:00:00,2021-08-16 00:00:00,22.213830962845677,ARIMA (+기준 곡선)
2021-08-16 00:00:00,2021-08-16 00:15:00,23.03463631532142,ARIMA (+기준 곡선)
2021-08-16 00:00:00,2021-08-16 00:30:00,24.373184889100614,ARIMA (+기준 곡선)
2021-08-16 00:00:00,2021-08-16 00:45:00,23.534214404468926,ARIMA (+기준 곡선)
2021-08-16 01:00:00,2021-08-16 01:00:00,20.230156282318905,ARIMA (+기준 곡선)
2021-08-16 01:00:00,2021-08-16 01:15:00,21.672501256296574,ARIMA (+기준 곡선)
2021-08-16 01:00:00,2021-08-16 01:30:00,21.47220692855113,ARIMA (+기준 곡선)
2021-08-16 01:00:00,2021-08-16 01:45:00,20.64571400251196,ARIMA (+기준 곡선)
2021-08-16 02:00:00,2021-08-16 02:00:00,21.610481192579336,ARIMA (+기준 곡선)
2021-08-16 02:00:00,2021-08-16 02:15:00,20.90537146335278,ARIMA (+기준 곡선)
2021-08-16 02:00:00,2021-08-16 02:30:00,21.316542643424185,ARIMA (+기준 곡선)
2021-08-16 02:00:00,2021-08-16 02:45:00,21.95439186674142,ARIMA (+기준 곡선)
2021-08-16 03:00:00,2021-08-16 03:00:00,23.19687732898657,ARIMA (+기준 곡선)
2021-08-16 03:00:00,2021-08-16 03:15:00,22.59846411230556,ARIMA (+기준 곡선)
2021-08-16 03:00:00,2021-08-16 03:30:00,22.436707469462856,ARIMA (+기준 곡선)
2021-08-16 03:00:00,2021-08-16 03:45:00,23.836104963352568,ARIMA (+기준 곡선)
2021-08-16 04:00:00,2021-08-16 04:00:00,21.294039210649217,ARIMA (+기준 곡선)
2021-08-16 04:00:00,2021-08-16 04:15:00,20.896253188370608,ARIMA (+기준 곡선)
2021-08-16 04:00:00,2021-08-16 04:30:00,20.482205129012527,ARIMA (+기준 곡선)
2021-08-16 04:00:00,2021-08-16 04:45:00,20.621957941459385,ARIMA (+기준 곡선)
2021-08-16 05:00:00,2021-08-16 05:00:00,22.7007663856607,ARIMA (+기준 곡선)
2021-08-16 05:00:00,2021-08-16 05:15:00,21.75455995487949,ARIMA (+기준 곡선)
2021-08-16 05:00:00,2021-08-16 05:30:00,21.08321595861079,ARIMA (+기준 곡선)
2021-08-16 05:00:00,2021-08-16 05:45:00,21.22075231422377,ARIMA (+기준 곡선)
2021-08-16 06:00:00,2021-08-16 06:00:00,22.25055235963076,ARIMA (+기준 곡선)
2021-08-16 06:00:00,2021-08-16 06:15:00,22.091776056025704,ARIMA (+기준 곡선)
2021-08-16 06:00:00,2021-08-16 06:30:00,21.59582995937591,ARIMA (+기준 곡선)
2021-08-16 06:00:00,2021-08-16 06:45:00,22.716245542282007,ARIMA (+기준 곡선)
2021-08-16 07:00:00,2021-08-16 07:00:00,27.270556409567117,ARIMA (+기준 곡선)
2021-08-16 07:00:00,2021-08-16 07:15:00,43.33462042485515,ARIMA (+기준 곡선)
2021-08-16 07:00:00,2021-08-16 07:30:00,74.4211022236564,ARIMA (+기준 곡선)
2021-08-16 07:00:00,2021-08-16 07:45:00,115.99049848479218,ARIMA (+기준 곡선)
2021-08-16 08:00:00,2021-08-16 08:00:00,163.8438879532472,ARIMA (+기준 곡선)
2021-08-16 08:00:00,2021-08-16 08:15:00,195.26983653633556,ARIMA (+기준 곡선)
2021-08-16 08:00:00,2021-08-16 08:30:00,199.2516247617466,ARIMA (+기준 곡선)
2021-08-16 08:00:00,2021-08-16 08:45:00,190.43374940255347,ARIMA (+기준 곡선)
2021-08-16 09:00:00,2021-08-16 09:00:00,179.9550454401947,ARIMA (+기준 곡선)
2021-08-16 09:00:00,2021-08-16 09:15:00,174.46240718671353,ARIMA (+기준 곡선)
2021-08-16 09:00:00,2021-08-16 09:30:00,179.55634155478575,ARIMA (+기준 곡선)
2021-08-16 09:00:00,2021-08-16 09:45:00,178.29897217026826,ARIMA (+기준 곡선)
2021-08-16 10:00:00,2021-08-16 10:00:00,143.45375900756335,ARIMA (+기준 곡선)
2021-08-16 10:00:00,2021-08-16 10:15:00,181.76903015704224,ARIMA (+기준 곡선)
2021-08-16 10:00:00,2021-08-16 10:30:00,185.1990144751401,ARIMA (+기준 곡선)
2021-08-16 10:00:00,2021-08-16 10:45:00,186.8047218493206,ARIMA (+기준 곡선)
2021-08-16 11:00:00,2021-08-16 11:00:00,165.19579275368218,ARIMA (+기준 곡선)
2021-08-16 11:00:00,2021-08-16 11:15:00,172.43437705163467,ARIMA (+기준 곡선)
2021-08-16 11:00:00,2021-08-16 11:30:00,169.7025010498456,ARIMA (+기준 곡선)
2021-08-16 11:00:00,2021-08-16 11:45:00,166.49492004379036,ARIMA (+기준 곡선)
2021-08-16 12:00:00,2021-08-16 12:00:00,111.03721717082828,ARIMA (+기준 곡선)
2021-08-16 12:00:00,2021-08-16 12:15:00,95.2412058149547,ARIMA (+기준 곡선)
2021-08-16 12:00:00,2021-08-16 12:30:00,94.66519467854732,ARIMA (+기준 곡선)
2021-08-16 12:00:00,2021-08-16 12:45:00,96.79591238279416,ARIMA (+기준 곡선)
2021-08-16 13:00:00,2021-08-16 13:00:00,143.30727943794057,ARIMA (+기준 곡선)
2021-08-16 13:00:00,2021-08-16 13:15:00,165.81213855969972,ARIMA (+기준 곡선)
2021-08-16 13:00:00,2021-08-16 13:30:00,174.21491457238986,ARIMA (+기준 곡선)
2021-08-16 13:00:00,2021-08-16 13:45:00,170.4914103947924,ARIMA (+기준 곡선)
2021-08-16 14:00:00,2021-08-16 14:00:00,155.46580949046108,ARIMA (+기준 곡선)
2021-08-16 14:00:00,2021-08-16 14:15:00,162.0765386442884,ARIMA (+기준 곡선)
2021-08-16 14:00:00,2021-08-16 14:30:00,166.15164370004928,ARIMA (+기준 곡선)
2021-08-16 14:00:00,2021-08-16 14:45:00,162.80109530625404,ARIMA (+기준 곡선)
2021-08-16 15:00:00,2021-08-16 15:00:00,114.5824340646394,ARIMA (+기준 곡선)
2021-08-16 15:00:00,2021-08-16 15:15:00,120.91082883813988,ARIMA (+기준 곡선)
2021-08-16 15:00:00,2021-08-16 15:30:00,161.40518505843968,ARIMA (+기준 곡선)
2021-08-16 15:00:00,2021-08-16 15:45:00,168.6344366401572,ARIMA (+기준 곡선)
2021-08-16 16:00:00,2021-08-16 16:00:00,141.11214605097655,ARIMA (+기준 곡선)
2021-08-16 16:00:00,2021-08-16 16:15:00,142.59571850920676,ARIMA (+기준 곡선)
2021-08-16 16:00:00,2021-08-16 16:30:00,148.88624663606828,ARIMA (+기준 곡선)
2021-08-16 16:00:00,2021-08-16 16:45:00,147.93205883554177,ARIMA (+기준 곡선)
2021-08-16 17:00:00,2021-08-16 17:00:00,92.60830052397486,ARIMA (+기준 곡선)
2021-08-16 17:00:00,2021-08-16 17:15:00,83.4734219825833,ARIMA (+기준 곡선)
2021-08-16 17:00:00,2021-08-16 17:30:00,113.02719282063325,ARIMA (+기준 곡선)
2021-08-16 17:00:00,2021-08-16 17:45:00,129.68863465774837,ARIMA (+기준 곡선)
2021-08-16 18:00:00,2021-08-16 18:00:00,112.39496837934988,ARIMA (+기준 곡선)
2021-08-16 18:00:00,2021-08-16 18:15:00,114.96790879889252,ARIMA (+기준 곡선)
2021-08-16 18:00:00,2021-08-16 18:30:00,118.35527631734742,ARIMA (+기준 곡선)
2021-08-16 18:00:00,2021-08-16 18:45:00,115.24411137559188,ARIMA (+기준 곡선)
2021-08-16 19:00:00,2021-08-16 19:00:00,100.39942363985962,ARIMA (+기준 곡선)
2021-08-16 19:00:00,2021-08-16 19:15:00,111.04368322785444,ARIMA (+기준 곡선)
2021-08-16 19:00:00,2021-08-16 19:30:00,108.13153868244522,ARIMA (+기준 곡선)
2021-08-16 19:00:00,2021-08-16 19:45:00,86.91187394279292,ARIMA (+기준 곡선)
2021-08-16 20:00:00,2021-08-16 20:00:00,76.96779860902429,ARIMA (+기준 곡선)
2021-08-16 20:00:00,2021-08-16 20:15:00,82.5662692474786,ARIMA (+기준 곡선)
2021-08-16 20:00:00,2021-08-16 20:30:00,92.55378139974792,ARIMA (+기준 곡선)
2021-08-16 20:00:00,2021-08-16 20:45:00,92.77210903278902,ARIMA (+기준 곡선)
2021-08-16 21:00:00,2021-08-16 21:00:00,99.6776612053553,ARIMA (+기준 곡선)
2021-08-16 21:00:00,2021-08-16 21:15:00,100.51313072136418,ARIMA (+기준 곡선)
2021-08-16 21:00:00,2021-08-16 21:30:00,95.07028253349024,ARIMA (+기준 곡선)
2021-08-16 21:00:00,2021-08-16 21:45:00,89.01224339934946,ARIMA (+기준 곡선)
2021-08-16 22:00:00,2021-08-16 22:00:00,90.03092318736971,ARIMA (+기준 곡선)
2021-08-16 22:00:00,2021-08-16 22:15:00,96.18541281128526,ARIMA (+기준 곡선)
2021-08-16 22:00:00,2021-08-16 22:30:00,98.21282258069908,ARIMA (+기준 곡선)
2021-08-16 22:00:00,2021-08-16 22:45:00,97.10790407550562,ARIMA (+기준 곡선)
2021-08-16 23:00:00,2021-08-16 23:00:00,95.91943882564138,ARIMA (+기준 곡선)
2021-08-16 23:00:00,2021-08-16 23:15:00,92.56727417233304,ARIMA (+기준 곡선)
2021-08-16 23:00:00,2021-08-16 23:30:00,82.88351800277266,ARIMA (+기준 곡선)
2021-08-16 23:00:00,2021-08-16 23:45:00,61.132551487238736,ARIMA (+기준 곡선)
2021-08-17 00:00:00,2021-08-17 00:00:00,71.05546216158851,ARIMA (+기준 곡선)
2021-08-17 00:00:00,2021-08-17 00:15:00,62.47428659105157,ARIMA (+기준 곡선)
2021-08-17 00:00:00,2021-08-17 00:30:00,58.36930737705634,ARIMA (+기준 곡선)
2021-08-17 00:00:00,2021-08-17 00:45:00,54.749074783357045,ARIMA (+기준 곡선)
2021-08-17 01:00:00,2021-08-17 01:00:00,88.59239510896737,ARIMA (+기준 곡선)
2021-08-17 01:00:00,2021-08-17 01:15:00,95.20787664096324,ARIMA (+기준 곡선)
2021-08-17 01:00:00,2021-08-17 01:30:00,95.65281631552924,ARIMA (+기준 곡선)
2021-08-17 01:00:00,2021-08-17 01:45:00,92.7731364869009,ARIMA (+기준 곡선)
2021-08-17 02:00:00,2021-08-17 02:00:00,95.8935920982112,ARIMA (+기준 곡선)
2021-08-17 02:00:00,2021-08-17 02:15:00,96.75281835588338,ARIMA (+기준 곡선)
2021-08-17 02:00:00,2021-08-17 02:30:00,95.02354903004893,ARIMA (+기준 곡선)
2021-08-17 02:00:00,2021-08-17 02:45:00,90.47235264168138,ARIMA (+기준 곡선)
2021-08-17 03:00:00,2021-08-17 03:00:00,82.10422987266338,ARIMA (+기준 곡선)
2021-08-17 03:00:00,2021-08-17 03:15:00,94.8907560575729,ARIMA (+기준 곡선)
2021-08-17 03:00:00,2021-08-17 03:30:00,97.12203719849236,ARIMA (+기준 곡선)
2021-08-17 03:00:00,2021-08-17 03:45:00,95.30356341969429,ARIMA (+기준 곡선)
2021-08-17 04:00:00,2021-08-17 04:00:00,90.1761853968818,ARIMA (+기준 곡선)
2021-08-17 04:00:00,2021-08-17 04:15:00,90.99716310570204,ARIMA (+기준 곡선)
2021-08-17 04:00:00,2021-08-17 04:30:00,89.90312484521705,ARIMA (+기준 곡선)
2021-08-17 04:00:00,2021-08-17 04:45:00,86.78886983133114,ARIMA (+기준 곡선)
2021-08-17 05:00:00,2021-08-17 05:00:00,74.34072492536545,ARIMA (+기준 곡선)
2021-08-17 05:00:00,2021-08-17 05:15:00,64.39962629093668,ARIMA (+기준 곡선)
2021-08-17 05:00:00,2021-08-17 05:30:00,81.05893246701362,ARIMA (+기준 곡선)
2021-08-17 05:00:00,2021-08-17 05:45:00,93.45744503810803,ARIMA (+기준 곡선)
2021-08-17 06:00:00,2021-08-17 06:00:00,101.63985715849596,ARIMA (+기준 곡선)
2021-08-17 06:00:00,2021-08-17 06:15:00,98.15124229912811,ARIMA (+기준 곡선)
2021-08-17 06:00:00,2021-08-17 06:30:00,96.58659881619188,ARIMA (+기준 곡선)
2021-08-17 06:00:00,2021-08-17 06:45:00,95.14341559705008,ARIMA (+기준 곡선)
2021-08-17 07:00:00,2021-08-17 07:00:00,96.4651345295654,ARIMA (+기준 곡선)
2021-08-17 07:00:00,2021-08-17 07:15:00,106.76131386699944,ARIMA (+기준 곡선)
2021-08-17 07:00:00,2021-08-17 07:30:00,130.6511500549655,ARIMA (+기준 곡선)
2021-08-17 07:00:00,2021-08-17 07:45:00,133.78376220078832,ARIMA (+기준 곡선)
2021-08-17 08:00:00,2021-08-17 08:00:00,154.41258606234862,ARIMA (+기준 곡선)
2021-08-17 08:00:00,2021-08-17 08:15:00,176.46089463880432,ARIMA (+기준 곡선)
2021-08-17 08:00:00,2021-08-17 08:30:00,181.8488068573501,ARIMA (+기준 곡선)
2021-08-17 08:00:00,2021-08-17 08:45:00,179.13802688530552,ARIMA (+기준 곡선)
2021-08-17 09:00:00,2021-08-17 09:00:00,158.54927085775995,ARIMA (+기준 곡선)
2021-08-17 09:00:00,2021-08-17 09:15:00,161.1789111238083,ARIMA (+기준 곡선)
2021-08-17 09:00:00,2021-08-17 09:30:00,164.331680790681,ARIMA (+기준 곡선)
2021-08-17 09:00:00,2021-08-17 09:45:00,166.71475496301397,ARIMA (+기준 곡선)
2021-08-17 10:00:00,2021-08-17 10:00:00,133.1245216270251,ARIMA (+기준 곡선)
2021-08-17 10:00:00,2021-08-17 10:15:00,167.319082670071,ARIMA (+기준 곡선)
2021-08-17 10:00:00,2021-08-17 10:30:00,169.87463140819835,ARIMA (+기준 곡선)
2021-08-17 10:00:00,2021-08-17 10:45:00,167.74429063706725,ARIMA (+기준 곡선)
2021-08-17 11:00:00,2021-08-17 11:00:00,164.30613305863153,ARIMA (+기준 곡선)
2021-08-17 11:00:00,2021-08-17 11:15:00,169.6350261127885,ARIMA (+기준 곡선)
2021-08-17 11:00:00,2021-08-17 11:30:00,173.56055909386205,ARIMA (+기준 곡선)
2021-08-17 11:00:00,2021-08-17 11:45:00,171.95340793661873,ARIMA (+기준 곡선)
2021-08-17 12:00:00,2021-08-17 12:00:00,110.29636150179628,ARIMA (+기준 곡선)
2021-08-17 12:00:00,2021-08-17 12:15:00,88.91419094743829,ARIMA (+기준 곡선)
2021-08-17 12:00:00,2021-08-17 12:30:00,89.46007317809895,ARIMA (+기준 곡선)
2021-08-17 12:00:00,2021-08-17 12:45:00,91.53591111370297,ARIMA (+기준 곡선)
2021-08-17 13:00:00,2021-08-17 13:00:00,170.5677789434694,ARIMA (+기준 곡선)
2021-08-17 13:00:00,2021-08-17 13:15:00,181.84960165947965,ARIMA (+기준 곡선)
2021-08-17 13:00:00,2021-08-17 13:30:00,183.83825732517843,ARIMA (+기준 곡선)
2021-08-17 13:00:00,2021-08-17 13:45:00,181.9933403787048,ARIMA (+기준 곡선)
2021-08-17 14:00:00,2021-08-17 14:00:00,162.8059040636876,ARIMA (+기준 곡선)
2021-08-17 14:00:00,2021-08-17 14:15:00,163.3806241927326,ARIMA (+기준 곡선)
2021-08-17 14:00:00,2021-08-17 14:30:00,164.54379026038646,ARIMA (+기준 곡선)
2021-08-17 14:00:00,2021-08-17 14:45:00,164.23152349490238,ARIMA (+기준 곡선)
2021-08-17 15:00:00,2021-08-17 15:00:00,119.84490570829902,ARIMA (+기준 곡선)
2021-08-17 15:00:00,2021-08-17 15:15:00,122.90412633639808,ARIMA (+기준 곡선)
2021-08-17 15:00:00,2021-08-17 15:30:00,158.21793839493063,ARIMA (+기준 곡선)
2021-08-17 15:00:00,2021-08-17 15:45:00,163.04223437677433,ARIMA (+기준 곡선)
2021-08-17 16:00:00,2021-08-17 16:00:00,167.13110522017917,ARIMA (+기준 곡선)
2021-08-17 16:00:00,2021-08-17 16:15:00,159.82916814209733,ARIMA (+기준 곡선)
2021-08-17 16:00:00,2021-08-17 16:30:00,157.99679435201494,ARIMA (+기준 곡선)
2021-08-17 16:00:00,2021-08-17 16:45:00,155.49601781753088,ARIMA (+기준 곡선)
2021-08-17 17:00:00,2021-08-17 17:00:00,102.26789356628036,ARIMA (+기준 곡선)
2021-08-17 17:00:00,2021-08-17 17:15:00,91.54604352095524,ARIMA (+기준 곡선)
2021-08-17 17:00:00,2021-08-17 17:30:00,132.6595939411794,ARIMA (+기준 곡선)
2021-08-17 17:00:00,2021-08-17 17:45:00,148.21619150190827,ARIMA (+기준 곡선)
2021-08-17 18:00:00,2021-08-17 18:00:00,142.20961315196968,ARIMA (+기준 곡선)
2021-08-17 18:00:00,2021-08-17 18:15:00,145.14233783233453,ARIMA (+기준 곡선)
2021-08-17 18:00:00,2021-08-17 18:30:00,141.53902212828018,ARIMA (+기준 곡선)
2021-08-17 18:00:00,2021-08-17 18:45:00,144.1286228229253,ARIMA (+기준 곡선)
2021-08-17 19:00:00,2021-08-17 19:00:00,149.27470736077615,ARIMA (+기준 곡선)
2021-08-17 19:00:00,2021-08-17 19:15:00,143.36931550552072,ARIMA (+기준 곡선)
2021-08-17 19:00:00,2021-08-17 19:30:00,142.67951519217803,ARIMA (+기준 곡선)
2021-08-17 19:00:00,2021-08-17 19:45:00,123.09417527623332,ARIMA (+기준 곡선)
2021-08-17 20:00:00,2021-08-17 20:00:00,108.59860012183536,ARIMA (+기준 곡선)
2021-08-17 20:00:00,2021-08-17 20:15:00,113.01065423682184,ARIMA (+기준 곡선)
2021-08-17 20:00:00,2021-08-17 20:30:00,111.61028419423153,ARIMA (+기준 곡선)
2021-08-17 20:00:00,2021-08-17 20:45:00,108.8197233917604,ARIMA (+기준 곡선)
2021-08-17 21:00:00,2021-08-17 21:00:00,109.54901098461386,ARIMA (+기준 곡선)
2021-08-17 21:00:00,2021-08-17 21:15:00,106.3491796755684,ARIMA (+기준 곡선)
2021-08-17 21:00:00,2021-08-17 21:30:00,106.31698258138496,ARIMA (+기준 곡선)
2021-08-17 21:00:00,2021-08-17 21:45:00,106.65557029580972,ARIMA (+기준 곡선)
2021-08-17 22:00:00,2021-08-17 22:00:00,93.38188258363908,ARIMA (+기준 곡선)
2021-08-17 22:00:00,2021-08-17 22:15:00,102.54045545135304,ARIMA (+기준 곡선)
2021-08-17 22:00:00,2021-08-17 22:30:00,102.80647720244608,ARIMA (+기준 곡선)
2021-08-17 22:00:00,2021-08-17 22:45:00,100.50092408165168,ARIMA (+기준 곡선)
2021-08-17 23:00:00,2021-08-17 23:00:00,110.18684443646195,ARIMA (+기준 곡선)
2021-08-17 23:00:00,2021-08-17 23:15:00,104.876226591176,ARIMA (+기준 곡선)
2021-08-17 23:00:00,2021-08-17 23:30:00,100.96416329569328,ARIMA (+기준 곡선)
2021-08-17 23:00:00,2021-08-17 23:45:00,80.87625518473267,ARIMA (+기준 곡선)
2021-08-18 00:00:00,2021-08-18 00:00:00,71.34379821422844,ARIMA (+기준 곡선)
2021-08-18 00:00:00,2021-08-18 00:15:00,64.57969508463992,ARIMA (+기준 곡선)
2021-08-18 00:00:00,2021-08-18 00:30:00,61.49682769118192,ARIMA (+기준 곡선)
2021-08-18 00:00:00,2021-08-18 00:45:00,58.97004605486223,ARIMA (+기준 곡선)
2021-08-18 01:00:00,2021-08-18 01:00:00,86.41453181279586,ARIMA (+기준 곡선)
2021-08-18 01:00:00,2021-08-18 01:15:00,95.9436590255428,ARIMA (+기준 곡선)
2021-08-18 01:00:00,2021-08-18 01:30:00,97.70890896822128,ARIMA (+기준 곡선)
2021-08-18 01:00:00,2021-08-18 01:45:00,95.82601400903133,ARIMA (+기준 곡선)
2021-08-18 02:00:00,2021-08-18 02:00:00,101.43107120357982,ARIMA (+기준 곡선)
2021-08-18 02:00:00,2021-08-18 02:15:00,101.6565127982266,ARIMA (+기준 곡선)
2021-08-18 02:00:00,2021-08-18 02:30:00,100.23201729247842,ARIMA (+기준 곡선)
2021-08-18 02:00:00,2021-08-18 02:45:00,95.99214440726334,ARIMA (+기준 곡선)
2021-08-18 03:00:00,2021-08-18 03:00:00,86.89520059900137,ARIMA (+기준 곡선)
2021-08-18 03:00:00,2021-08-18 03:15:00,100.0163088733773,ARIMA (+기준 곡선)
2021-08-18 03:00:00,2021-08-18 03:30:00,102.40169552272334,ARIMA (+기준 곡선)
2021-08-18 03:00:00,2021-08-18 03:45:00,100.73347100965182,ARIMA (+기준 곡선)
2021-08-18 04:00:00,2021-08-18 04:00:00,97.25746429318284,ARIMA (+기준 곡선)
2021-08-18 04:00:00,2021-08-18 04:15:00,96.59742168102105,ARIMA (+기준 곡선)
2021-08-18 04:00:00,2021-08-18 04:30:00,95.65154822790652,ARIMA (+기준 곡선)
2021-08-18 04:00:00,2021-08-18 04:45:00,92.5802937652328,ARIMA (+기준 곡선)
2021-08-18 05:00:00,2021-08-18 05:00:00,75.12311893889049,ARIMA (+기준 곡선)
2021-08-18 05:00:00,2021-08-18 05:15:00,66.64522098004582,ARIMA (+기준 곡선)
2021-08-18 05:00:00,2021-08-18 05:30:00,83.9317762228211,ARIMA (+기준 곡선)
2021-08-18 05:00:00,2021-08-18 05:45:00,96.79366704734726,ARIMA (+기준 곡선)
2021-08-18 06:00:00,2021-08-18 06:00:00,99.72010753439106,ARIMA (+기준 곡선)
2021-08-18 06:00:00,2021-08-18 06:15:00,98.09546463083576,ARIMA (+기준 곡선)
2021-08-18 06:00:00,2021-08-18 06:30:00,97.5057475727615,ARIMA (+기준 곡선)
2021-08-18 06:00:00,2021-08-18 06:45:00,96.848828714279,ARIMA (+기준 곡선)
2021-08-18 07:00:00,2021-08-18 07:00:00,105.11503323968331,ARIMA (+기준 곡선)
2021-08-18 07:00:00,2021-08-18 07:15:00,114.14110464557211,ARIMA (+기준 곡선)
2021-08-18 07:00:00,2021-08-18 07:30:00,137.48559447955088,ARIMA (+기준 곡선)
2021-08-18 07:00:00,2021-08-18 07:45:00,140.13757674910417,ARIMA (+기준 곡선)
2021-08-18 08:00:00,2021-08-18 08:00:00,151.22802482450476,ARIMA (+기준 곡선)
2021-08-18 08:00:00,2021-08-18 08:15:00,176.07148313244508,ARIMA (+기준 곡선)
2021-08-18 08:00:00,2021-08-18 08:30:00,182.4981348030923,ARIMA (+기준 곡선)
2021-08-18 08:00:00,2021-08-18 08:45:00,180.50886285792532,ARIMA (+기준 곡선)
2021-08-18 09:00:00,2021-08-18 09:00:00,164.45676923099214,ARIMA (+기준 곡선)
2021-08-18 09:00:00,2021-08-18 09:15:00,166.2109165833475,ARIMA (+기준 곡선)
2021-08-18 09:00:00,2021-08-18 09:30:00,169.3409620722635,ARIMA (+기준 곡선)
2021-08-18 09:00:00,2021-08-18 09:45:00,171.48596724669272,ARIMA (+기준 곡선)
2021-08-18 10:00:00,2021-08-18 10:00:00,138.99043276443652,ARIMA (+기준 곡선)
2021-08-18 10:00:00,2021-08-18 10:15:00,171.5277748549051,ARIMA (+기준 곡선)
2021-08-18 10:00:00,2021-08-18 10:30:00,173.87854735648807,ARIMA (+기준 곡선)
2021-08-18 10:00:00,2021-08-18 10:45:00,171.93768663664443,ARIMA (+기준 곡선)
2021-08-18 11:00:00,2021-08-18 11:00:00,172.84812474847544,ARIMA (+기준 곡선)
2021-08-18 11:00:00,2021-08-18 11:15:00,176.21132782551138,ARIMA (+기준 곡선)
2021-08-18 11:00:00,2021-08-18 11:30:00,179.71780556125643,ARIMA (+기준 곡선)
2021-08-18 11:00:00,2021-08-18 11:45:00,177.76498292734397,ARIMA (+기준 곡선)
2021-08-18 12:00:00,2021-08-18 12:00:00,104.18756615186854,ARIMA (+기준 곡선)
2021-08-18 12:00:00,2021-08-18 12:15:00,88.014182447559,ARIMA (+기준 곡선)
2021-08-18 12:00:00,2021-08-18 12:30:00,89.56615292029886,ARIMA (+기준 곡선)
2021-08-18 12:00:00,2021-08-18 12:45:00,92.2341218398806,ARIMA (+기준 곡선)
2021-08-18 13:00:00,2021-08-18 13:00:00,162.2278060151166,ARIMA (+기준 곡선)
2021-08-18 13:00:00,2021-08-18 13:15:00,177.07874778725633,ARIMA (+기준 곡선)
2021-08-18 13:00:00,2021-08-18 13:30:00,180.76123498828665,ARIMA (+기준 곡선)
2021-08-18 13:00:00,2021-08-18 13:45:00,180.2832409189633,ARIMA (+기준 곡선)
2021-08-18 14:00:00,2021-08-18 14:00:00,174.14503686471932,ARIMA (+기준 곡선)
2021-08-18 14:00:00,2021-08-18 14:15:00,171.75663935831798,ARIMA (+기준 곡선)
2021-08-18 14:00:00,2021-08-18 14:30:00,171.9399683435068,ARIMA (+기준 곡선)
2021-08-18 14:00:00,2021-08-18 14:45:00,170.87834715866475,ARIMA (+기준 곡선)
2021-08-18 15:00:00,2021-08-18 15:00:00,141.12501666403742,ARIMA (+기준 곡선)
2021-08-18 15:00:00,2021-08-18 15:15:00,138.25529532551582,ARIMA (+기준 곡선)
2021-08-18 15:00:00,2021-08-18 15:30:00,171.35181010961713,ARIMA (+기준 곡선)
2021-08-18 15:00:00,2021-08-18 15:45:00,174.46693670249311,ARIMA (+기준 곡선)
2021-08-18 16:00:00,2021-08-18 16:00:00,175.78483992484712,ARIMA (+기준 곡선)
2021-08-18 16:00:00,2021-08-18 16:15:00,169.19070102118076,ARIMA (+기준 곡선)
2021-08-18 16:00:00,2021-08-18 16:30:00,166.4955453309334,ARIMA (+기준 곡선)
2021-08-18 16:00:00,2021-08-18 16:45:00,163.225776508912,ARIMA (+기준 곡선)
2021-08-18 17:00:00,2021-08-18 17:00:00,110.32450960371816,ARIMA (+기준 곡선)
2021-08-18 17:00:00,2021-08-18 17:15:00,98.23799971544064,ARIMA (+기준 곡선)
2021-08-18 17:00:00,2021-08-18 17:30:00,139.04388514745622,ARIMA (+기준 곡선)
2021-08-18 17:00:00,2021-08-18 17:45:00,154.81095288057753,ARIMA (+기준 곡선)
2021-08-18 18:00:00,2021-08-18 18:00:00,176.86857254560186,ARIMA (+기준 곡선)
2021-08-18 18:00:00,2021-08-18 18:15:00,171.02043537142708,ARIMA (+기준 곡선)
2021-08-18 18:00:00,2021-08-18 18:30:00,164.05116375513157,ARIMA (+기준 곡선)
2021-08-18 18:00:00,2021-08-18 18:45:00,163.5789505721293,ARIMA (+기준 곡선)
2021-08-18 19:00:00,2021-08-18 19:00:00,144.3975989746816,ARIMA (+기준 곡선)
2021-08-18 19:00:00,2021-08-18 19:15:00,145.59409166594514,ARIMA (+기준 곡선)
2021-08-18 19:00:00,2021-08-18 19:30:00,146.10696233815952,ARIMA (+기준 곡선)
2021-08-18 19:00:00,2021-08-18 19:45:00,127.29523453593627,ARIMA (+기준 곡선)
2021-08-18 20:00:00,2021-08-18 20:00:00,109.9081513927111,ARIMA (+기준 곡선)
2021-08-18 20:00:00,2021-08-18 20:15:00,117.1248023265009,ARIMA (+기준 곡선)
2021-08-18 20:00:00,2021-08-18 20:30:00,116.45367470520792,ARIMA (+기준 곡선)
2021-08-18 20:00:00,2021-08-18 20:45:00,114.4187559670454,ARIMA (+기준 곡선)
2021-08-18 21:00:00,2021-08-18 21:00:00,114.40575832021491,ARIMA (+기준 곡선)
2021-08-18 21:00:00,2021-08-18 21:15:00,111.07376850880236,ARIMA (+기준 곡선)
2021-08-18 21:00:00,2021-08-18 21:30:00,111.67175885982292,ARIMA (+기준 곡선)
2021-08-18 21:00:00,2021-08-18 21:45:00,112.71982578329848,ARIMA (+기준 곡선)
2021-08-18 22:00:00,2021-08-18 22:00:00,102.84838186097818,ARIMA (+기준 곡선)
2021-08-18 22:00:00,2021-08-18 22:15:00,109.58743534033664,ARIMA (+기준 곡선)
2021-08-18 22:00:00,2021-08-18 22:30:00,110.01926969038628,ARIMA (+기준 곡선)
2021-08-18 22:00:00,2021-08-18 22:45:00,107.88820712054162,ARIMA (+기준 곡선)
2021-08-18 23:00:00,2021-08-18 23:00:00,103.80711714042629,ARIMA (+기준 곡선)
2021-08-18 23:00:00,2021-08-18 23:15:00,103.565222816592,ARIMA (+기준 곡선)
2021-08-18 23:00:00,2021-08-18 23:30:00,101.11067812154612,ARIMA (+기준 곡선)
2021-08-18 23:00:00,2021-08-18 23:45:00,82.29019711084479,ARIMA (+기준 곡선)
2021-08-19 00:00:00,2021-08-19 00:00:00,78.74638012224098,ARIMA (+기준 곡선)
2021-08-19 00:00:00,2021-08-19 00:15:00,71.50576892696652,ARIMA (+기준 곡선)
2021-08-19 00:00:00,2021-08-19 00:30:00,68.34167505264286,ARIMA (+기준 곡선)
2021-08-19 00:00:00,2021-08-19 00:45:00,65.64762760569772,ARIMA (+기준 곡선)
2021-08-19 01:00:00,2021-08-19 01:00:00,88.89341903173467,ARIMA (+기준 곡선)
2021-08-19 01:00:00,2021-08-19 01:15:00,99.7603777130771,ARIMA (+기준 곡선)
2021-08-19 01:00:00,2021-08-19 01:30:00,101.91107670405376,ARIMA (+기준 곡선)
2021-08-19 01:00:00,2021-08-19 01:45:00,100.40852793580082,ARIMA (+기준 곡선)
2021-08-19 02:00:00,2021-08-19 02:00:00,108.9059026929486,ARIMA (+기준 곡선)
2021-08-19 02:00:00,2021-08-19 02:15:00,109.14191517747696,ARIMA (+기준 곡선)
2021-08-19 02:00:00,2021-08-19 02:30:00,107.47065691277923,ARIMA (+기준 곡선)
2021-08-19 02:00:00,2021-08-19 02:45:00,102.91718427081618,ARIMA (+기준 곡선)
2021-08-19 03:00:00,2021-08-19 03:00:00,97.03281949361494,ARIMA (+기준 곡선)
2021-08-19 03:00:00,2021-08-19 03:15:00,107.48601168628588,ARIMA (+기준 곡선)
2021-08-19 03:00:00,2021-08-19 03:30:00,109.61852800712956,ARIMA (+기준 곡선)
2021-08-19 03:00:00,2021-08-19 03:45:00,107.93193051208586,ARIMA (+기준 곡선)
2021-08-19 04:00:00,2021-08-19 04:00:00,107.47147313397652,ARIMA (+기준 곡선)
2021-08-19 04:00:00,2021-08-19 04:15:00,106.8732016754589,ARIMA (+기준 곡선)
2021-08-19 04:00:00,2021-08-19 04:30:00,105.06838307218555,ARIMA (+기준 곡선)
2021-08-19 04:00:00,2021-08-19 04:45:00,101.3416976999097,ARIMA (+기준 곡선)
2021-08-19 05:00:00,2021-08-19 05:00:00,81.85475705440962,ARIMA (+기준 곡선)
2021-08-19 05:00:00,2021-08-19 05:15:00,73.2043087219393,ARIMA (+기준 곡선)
2021-08-19 05:00:00,2021-08-19 05:30:00,90.51437421970184,ARIMA (+기준 곡선)
2021-08-19 05:00:00,2021-08-19 05:45:00,103.5749439720723,ARIMA (+기준 곡선)
2021-08-19 06:00:00,2021-08-19 06:00:00,106.2850245764754,ARIMA (+기준 곡선)
2021-08-19 06:00:00,2021-08-19 06:15:00,105.21573202823684,ARIMA (+기준 곡선)
2021-08-19 06:00:00,2021-08-19 06:30:00,104.7352947272276,ARIMA (+기준 곡선)
2021-08-19 06:00:00,2021-08-19 06:45:00,103.96355593755528,ARIMA (+기준 곡선)
2021-08-19 07:00:00,2021-08-19 07:00:00,102.03434793016493,ARIMA (+기준 곡선)
2021-08-19 07:00:00,2021-08-19 07:15:00,115.72114800217976,ARIMA (+기준 곡선)
2021-08-19 07:00:00,2021-08-19 07:30:00,139.92442953676235,ARIMA (+기준 곡선)
2021-08-19 07:00:00,2021-08-19 07:45:00,143.4117200521165,ARIMA (+기준 곡선)
2021-08-19 08:00:00,2021-08-19 08:00:00,161.73957573785452,ARIMA (+기준 곡선)
2021-08-19 08:00:00,2021-08-19 08:15:00,183.79677804478985,ARIMA (+기준 곡선)
2021-08-19 08:00:00,2021-08-19 08:30:00,190.04336494838464,ARIMA (+기준 곡선)
2021-08-19 08:00:00,2021-08-19 08:45:00,188.034066668731,ARIMA (+기준 곡선)
2021-08-19 09:00:00,2021-08-19 09:00:00,160.3433494466969,ARIMA (+기준 곡선)
2021-08-19 09:00:00,2021-08-19 09:15:00,166.7443017030868,ARIMA (+기준 곡선)
2021-08-19 09:00:00,2021-08-19 09:30:00,170.83278600852233,ARIMA (+기준 곡선)
2021-08-19 09:00:00,2021-08-19 09:45:00,173.97463893162103,ARIMA (+기준 곡선)
2021-08-19 10:00:00,2021-08-19 10:00:00,145.59318402385605,ARIMA (+기준 곡선)
2021-08-19 10:00:00,2021-08-19 10:15:00,179.15117564484817,ARIMA (+기준 곡선)
2021-08-19 10:00:00,2021-08-19 10:30:00,181.4250046854353,ARIMA (+기준 곡선)
2021-08-19 10:00:00,2021-08-19 10:45:00,179.1108265043286,ARIMA (+기준 곡선)
2021-08-19 11:00:00,2021-08-19 11:00:00,176.15769670992285,ARIMA (+기준 곡선)
2021-08-19 11:00:00,2021-08-19 11:15:00,180.20988674898436,ARIMA (+기준 곡선)
2021-08-19 11:00:00,2021-08-19 11:30:00,184.1677984551406,ARIMA (+기준 곡선)
2021-08-19 11:00:00,2021-08-19 11:45:00,182.6799384643785,ARIMA (+기준 곡선)
2021-08-19 12:00:00,2021-08-19 12:00:00,111.77022907448588,ARIMA (+기준 곡선)
2021-08-19 12:00:00,2021-08-19 12:15:00,93.85526222113936,ARIMA (+기준 곡선)
2021-08-19 12:00:00,2021-08-19 12:30:00,95.2770303753994,ARIMA (+기준 곡선)
2021-08-19 12:00:00,2021-08-19 12:45:00,98.26117070266962,ARIMA (+기준 곡선)
2021-08-19 13:00:00,2021-08-19 13:00:00,164.5412022823975,ARIMA (+기준 곡선)
2021-08-19 13:00:00,2021-08-19 13:15:00,180.54081133459985,ARIMA (+기준 곡선)
2021-08-19 13:00:00,2021-08-19 13:30:00,184.69073583801068,ARIMA (+기준 곡선)
2021-08-19 13:00:00,2021-08-19 13:45:00,184.6484237435241,ARIMA (+기준 곡선)
2021-08-19 14:00:00,2021-08-19 14:00:00,172.709272897016,ARIMA (+기준 곡선)
2021-08-19 14:00:00,2021-08-19 14:15:00,171.95413699743187,ARIMA (+기준 곡선)
2021-08-19 14:00:00,2021-08-19 14:30:00,173.20654480254586,ARIMA (+기준 곡선)
2021-08-19 14:00:00,2021-08-19 14:45:00,173.0612431990031,ARIMA (+기준 곡선)
2021-08-19 15:00:00,2021-08-19 15:00:00,141.7679602208162,ARIMA (+기준 곡선)
2021-08-19 15:00:00,2021-08-19 15:15:00,139.10905367318725,ARIMA (+기준 곡선)
2021-08-19 15:00:00,2021-08-19 15:30:00,173.0744916230156,ARIMA (+기준 곡선)
2021-08-19 15:00:00,2021-08-19 15:45:00,176.9108475351599,ARIMA (+기준 곡선)
2021-08-19 16:00:00,2021-08-19 16:00:00,173.14246428399252,ARIMA (+기준 곡선)
2021-08-19 16:00:00,2021-08-19 16:15:00,169.2119375146173,ARIMA (+기준 곡선)
2021-08-19 16:00:00,2021-08-19 16:30:00,167.32314275601476,ARIMA (+기준 곡선)
2021-08-19 16:00:00,2021-08-19 16:45:00,164.68373005132366,ARIMA (+기준 곡선)
2021-08-19 17:00:00,2021-08-19 17:00:00,114.2982144608042,ARIMA (+기준 곡선)
2021-08-19 17:00:00,2021-08-19 17:15:00,103.37531128259732,ARIMA (+기준 곡선)
2021-08-19 17:00:00,2021-08-19 17:30:00,144.06112608901472,ARIMA (+기준 곡선)
2021-08-19 17:00:00,2021-08-19 17:45:00,159.35255159831488,ARIMA (+기준 곡선)
2021-08-19 18:00:00,2021-08-19 18:00:00,158.43705497047142,ARIMA (+기준 곡선)
2021-08-19 18:00:00,2021-08-19 18:15:00,159.81865459318252,ARIMA (+기준 곡선)
2021-08-19 18:00:00,2021-08-19 18:30:00,155.5101733566201,ARIMA (+기준 곡선)
2021-08-19 18:00:00,2021-08-19 18:45:00,157.39917363567406,ARIMA (+기준 곡선)
2021-08-19 19:00:00,2021-08-19 19:00:00,149.66149227460247,ARIMA (+기준 곡선)
2021-08-19 19:00:00,2021-08-19 19:15:00,146.8726557298962,ARIMA (+기준 곡선)
2021-08-19 19:00:00,2021-08-19 19:30:00,147.77384945252845,ARIMA (+기준 곡선)
2021-08-19 19:00:00,2021-08-19 19:45:00,129.3061272302213,ARIMA (+기준 곡선)
2021-08-19 20:00:00,2021-08-19 20:00:00,116.60373753725835,ARIMA (+기준 곡선)
2021-08-19 20:00:00,2021-08-19 20:15:00,121.95057665141604,ARIMA (+기준 곡선)
2021-08-19 20:00:00,2021-08-19 20:30:00,120.79573368299629,ARIMA (+기준 곡선)
2021-08-19 20:00:00,2021-08-19 20:45:00,118.18457948086096,ARIMA (+기준 곡선)
2021-08-19 21:00:00,2021-08-19 21:00:00,121.27039793255724,ARIMA (+기준 곡선)
2021-08-19 21:00:00,2021-08-19 21:15:00,116.97018386139368,ARIMA (+기준 곡선)
2021-08-19 21:00:00,2021-08-19 21:30:00,116.80882583890497,ARIMA (+기준 곡선)
2021-08-19 21:00:00,2021-08-19 21:45:00,117.1306946705608,ARIMA (+기준 곡선)
2021-08-19 22:00:00,2021-08-19 22:00:00,103.62236155572492,ARIMA (+기준 곡선)
2021-08-19 22:00:00,2021-08-19 22:15:00,111.67750216579248,ARIMA (+기준 곡선)
2021-08-19 22:00:00,2021-08-19 22:30:00,112.1452891343926,ARIMA (+기준 곡선)
2021-08-19 22:00:00,2021-08-19 22:45:00,109.99775601139407,ARIMA (+기준 곡선)
2021-08-19 23:00:00,2021-08-19 23:00:00,111.9581981142904,ARIMA (+기준 곡선)
2021-08-19 23:00:00,2021-08-19 23:15:00,109.2170157989494,ARIMA (+기준 곡선)
2021-08-19 23:00:00,2021-08-19 23:30:00,106.2150829447008,ARIMA (+기준 곡선)
2021-08-19 23:00:00,2021-08-19 23:45:00,86.97213860532698,ARIMA (+기준 곡선)
2021-08-20 00:00:00,2021-08-20 00:00:00,82.49168792115547,ARIMA (+기준 곡선)
2021-08-20 00:00:00,2021-08-20 00:15:00,74.90661289606655,ARIMA (+기준 곡선)
2021-08-20 00:00:00,2021-08-20 00:30:00,71.71942839326715,ARIMA (+기준 곡선)
2021-08-20 00:00:00,2021-08-20 00:45:00,68.91858196090887,ARIMA (+기준 곡선)
2021-08-20 01:00:00,2021-08-20 01:00:00,91.73029672592156,ARIMA (+기준 곡선)
2021-08-20 01:00:00,2021-08-20 01:15:00,102.49743592400483,ARIMA (+기준 곡선)
2021-08-20 01:00:00,2021-08-20 01:30:00,104.69268417552895,ARIMA (+기준 곡선)
2021-08-20 01:00:00,2021-08-20 01:45:00,103.21284794422948,ARIMA (+기준 곡선)
2021-08-20 02:00:00,2021-08-20 02:00:00,100.58915923914596,ARIMA (+기준 곡선)
2021-08-20 02:00:00,2021-08-20 02:15:00,105.27827555632815,ARIMA (+기준 곡선)
2021-08-20 02:00:00,2021-08-20 02:30:00,104.82325829831288,ARIMA (+기준 곡선)
2021-08-20 02:00:00,2021-08-20 02:45:00,101.24231739843106,ARIMA (+기준 곡선)
2021-08-20 03:00:00,2021-08-20 03:00:00,93.45443840164714,ARIMA (+기준 곡선)
2021-08-20 03:00:00,2021-08-20 03:15:00,106.7724178892228,ARIMA (+기준 곡선)
2021-08-20 03:00:00,2021-08-20 03:30:00,109.44324303708076,ARIMA (+기준 곡선)
2021-08-20 03:00:00,2021-08-20 03:45:00,108.0995526031574,ARIMA (+기준 곡선)
2021-08-20 04:00:00,2021-08-20 04:00:00,103.18495512409348,ARIMA (+기준 곡선)
2021-08-20 04:00:00,2021-08-20 04:15:00,103.75644973579168,ARIMA (+기준 곡선)
2021-08-20 04:00:00,2021-08-20 04:30:00,102.89180473094233,ARIMA (+기준 곡선)
2021-08-20 04:00:00,2021-08-20 04:45:00,100.05046398733838,ARIMA (+기준 곡선)
2021-08-20 05:00:00,2021-08-20 05:00:00,84.62738513121369,ARIMA (+기준 곡선)
2021-08-20 05:00:00,2021-08-20 05:15:00,73.83932500764907,ARIMA (+기준 곡선)
2021-08-20 05:00:00,2021-08-20 05:30:00,91.29198784781552,ARIMA (+기준 곡선)
2021-08-20 05:00:00,2021-08-20 05:45:00,104.61338702604478,ARIMA (+기준 곡선)
2021-08-20 06:00:00,2021-08-20 06:00:00,105.00232732748742,ARIMA (+기준 곡선)
2021-08-20 06:00:00,2021-08-20 06:15:00,104.9571280718167,ARIMA (+기준 곡선)
2021-08-20 06:00:00,2021-08-20 06:30:00,104.71022343401091,ARIMA (+기준 곡선)
2021-08-20 06:00:00,2021-08-20 06:45:00,104.07414355921098,ARIMA (+기준 곡선)
2021-08-20 07:00:00,2021-08-20 07:00:00,108.14355178159347,ARIMA (+기준 곡선)
2021-08-20 07:00:00,2021-08-20 07:15:00,119.3122441618252,ARIMA (+기준 곡선)
2021-08-20 07:00:00,2021-08-20 07:30:00,143.05615924226262,ARIMA (+기준 곡선)
2021-08-20 07:00:00,2021-08-20 07:45:00,146.1773836958654,ARIMA (+기준 곡선)
2021-08-20 08:00:00,2021-08-20 08:00:00,154.72291447847758,ARIMA (+기준 곡선)
2021-08-20 08:00:00,2021-08-20 08:15:00,180.66076503771217,ARIMA (+기준 곡선)
2021-08-20 08:00:00,2021-08-20 08:30:00,187.69650498298307,ARIMA (+기준 곡선)
2021-08-20 08:00:00,2021-08-20 08:45:00,186.2599007174424,ARIMA (+기준 곡선)
2021-08-20 09:00:00,2021-08-20 09:00:00,169.3088915850272,ARIMA (+기준 곡선)
2021-08-20 09:00:00,2021-08-20 09:15:00,171.53175776245578,ARIMA (+기준 곡선)
2021-08-20 09:00:00,2021-08-20 09:30:00,174.92762508567608,ARIMA (+기준 곡선)
2021-08-20 09:00:00,2021-08-20 09:45:00,177.58242585015046,ARIMA (+기준 곡선)
2021-08-20 10:00:00,2021-08-20 10:00:00,142.6526021184354,ARIMA (+기준 곡선)
2021-08-20 10:00:00,2021-08-20 10:15:00,176.40093815288844,ARIMA (+기준 곡선)
2021-08-20 10:00:00,2021-08-20 10:30:00,179.3873877804944,ARIMA (+기준 곡선)
2021-08-20 10:00:00,2021-08-20 10:45:00,177.6352601451969,ARIMA (+기준 곡선)
2021-08-20 11:00:00,2021-08-20 11:00:00,169.26939241527515,ARIMA (+기준 곡선)
2021-08-20 11:00:00,2021-08-20 11:15:00,175.84042393540994,ARIMA (+기준 곡선)
2021-08-20 11:00:00,2021-08-20 11:30:00,180.71424505464884,ARIMA (+기준 곡선)
2021-08-20 11:00:00,2021-08-20 11:45:00,179.82187769901216,ARIMA (+기준 곡선)
2021-08-20 12:00:00,2021-08-20 12:00:00,121.42391160451383,ARIMA (+기준 곡선)
2021-08-20 12:00:00,2021-08-20 12:15:00,100.72176307478978,ARIMA (+기준 곡선)
2021-08-20 12:00:00,2021-08-20 12:30:00,100.84763431180532,ARIMA (+기준 곡선)
2021-08-20 12:00:00,2021-08-20 12:45:00,102.6924782340225,ARIMA (+기준 곡선)
2021-08-20 13:00:00,2021-08-20 13:00:00,173.85621506553105,ARIMA (+기준 곡선)
2021-08-20 13:00:00,2021-08-20 13:15:00,186.60536081101435,ARIMA (+기준 곡선)
2021-08-20 13:00:00,2021-08-20 13:30:00,189.7702807587643,ARIMA (+기준 곡선)
2021-08-20 13:00:00,2021-08-20 13:45:00,188.9011231779977,ARIMA (+기준 곡선)
2021-08-20 14:00:00,2021-08-20 14:00:00,176.5804450281023,ARIMA (+기준 곡선)
2021-08-20 14:00:00,2021-08-20 14:15:00,176.05487681593195,ARIMA (+기준 곡선)
2021-08-20 14:00:00,2021-08-20 14:30:00,176.68744603799445,ARIMA (+기준 곡선)
2021-08-20 14:00:00,2021-08-20 14:45:00,175.99849879558198,ARIMA (+기준 곡선)
2021-08-20 15:00:00,2021-08-20 15:00:00,135.60398615944464,ARIMA (+기준 곡선)
2021-08-20 15:00:00,2021-08-20 15:15:00,137.19723146321624,ARIMA (+기준 곡선)
2021-08-20 15:00:00,2021-08-20 15:30:00,171.9916303911565,ARIMA (+기준 곡선)
2021-08-20 15:00:00,2021-08-20 15:45:00,176.08963536482506,ARIMA (+기준 곡선)
2021-08-20 16:00:00,2021-08-20 16:00:00,170.9665624112327,ARIMA (+기준 곡선)
2021-08-20 16:00:00,2021-08-20 16:15:00,166.69738374599527,ARIMA (+기준 곡선)
2021-08-20 16:00:00,2021-08-20 16:30:00,165.4006098638411,ARIMA (+기준 곡선)
2021-08-20 16:00:00,2021-08-20 16:45:00,163.4601365780457,ARIMA (+기준 곡선)
2021-08-20 17:00:00,2021-08-20 17:00:00,116.40719006311954,ARIMA (+기준 곡선)
2021-08-20 17:00:00,2021-08-20 17:15:00,104.9847311127387,ARIMA (+기준 곡선)
2021-08-20 17:00:00,2021-08-20 17:30:00,145.4241650252156,ARIMA (+기준 곡선)
2021-08-20 17:00:00,2021-08-20 17:45:00,160.6053958362932,ARIMA (+기준 곡선)
2021-08-20 18:00:00,2021-08-20 18:00:00,163.75825869457103,ARIMA (+기준 곡선)
2021-08-20 18:00:00,2021-08-20 18:15:00,165.00443472608106,ARIMA (+기준 곡선)
2021-08-20 18:00:00,2021-08-20 18:30:00,159.86222917518066,ARIMA (+기준 곡선)
2021-08-20 18:00:00,2021-08-20 18:45:00,160.8495854174725,ARIMA (+기준 곡선)
2021-08-20 19:00:00,2021-08-20 19:00:00,152.54468077976327,ARIMA (+기준 곡선)
2021-08-20 19:00:00,2021-08-20 19:15:00,149.54304729721457,ARIMA (+기준 곡선)
2021-08-20 19:00:00,2021-08-20 19:30:00,149.93381015179386,ARIMA (+기준 곡선)
2021-08-20 19:00:00,2021-08-20 19:45:00,131.2293599647035,ARIMA (+기준 곡선)
2021-08-20 20:00:00,2021-08-20 20:00:00,94.46912133623567,ARIMA (+기준 곡선)
2021-08-20 20:00:00,2021-08-20 20:15:00,107.56954744449529,ARIMA (+기준 곡선)
2021-08-20 20:00:00,2021-08-20 20:30:00,109.63522054699652,ARIMA (+기준 곡선)
2021-08-20 20:00:00,2021-08-20 20:45:00,109.16049902744942,ARIMA (+기준 곡선)
2021-08-20 21:00:00,2021-08-20 21:00:00,112.54143650595206,ARIMA (+기준 곡선)
2021-08-20 21:00:00,2021-08-20 21:15:00,110.5154662919075,ARIMA (+기준 곡선)
2021-08-20 21:00:00,2021-08-20 21:30:00,111.48030313158432,ARIMA (+기준 곡선)
2021-08-20 21:00:00,2021-08-20 21:45:00,112.57505899787368,ARIMA (+기준 곡선)
2021-08-20 22:00:00,2021-08-20 22:00:00,98.42621404936553,ARIMA (+기준 곡선)
2021-08-20 22:00:00,2021-08-20 22:15:00,107.65776425804036,ARIMA (+기준 곡선)
2021-08-20 22:00:00,2021-08-20 22:30:00,108.47155939073492,ARIMA (+기준 곡선)
2021-08-20 22:00:00,2021-08-20 22:45:00,106.72368549763664,ARIMA (+기준 곡선)
2021-08-20 23:00:00,2021-08-20 23:00:00,109.35009232323266,ARIMA (+기준 곡선)
2021-08-20 23:00:00,2021-08-20 23:15:00,106.07412748369596,ARIMA (+기준 곡선)
2021-08-20 23:00:00,2021-08-20 23:30:00,103.43757131381558,ARIMA (+기준 곡선)
2021-08-20 23:00:00,2021-08-20 23:45:00,84.32980000385156,ARIMA (+기준 곡선)
2021-08-21 00:00:00,2021-08-21 00:00:00,64.79312149157902,ARIMA (+기준 곡선)
2021-08-21 00:00:00,2021-08-21 00:15:00,57.62540255279364,ARIMA (+기준 곡선)
2021-08-21 00:00:00,2021-08-21 00:30:00,57.03105070817059,ARIMA (+기준 곡선)
2021-08-21 00:00:00,2021-08-21 00:45:00,57.33383388584193,ARIMA (+기준 곡선)
2021-08-21 01:00:00,2021-08-21 01:00:00,86.98626275078239,ARIMA (+기준 곡선)
2021-08-21 01:00:00,2021-08-21 01:15:00,97.32717082378046,ARIMA (+기준 곡선)
2021-08-21 01:00:00,2021-08-21 01:30:00,98.72933607698027,ARIMA (+기준 곡선)
2021-08-21 01:00:00,2021-08-21 01:45:00,97.43562823311402,ARIMA (+기준 곡선)
2021-08-21 02:00:00,2021-08-21 02:00:00,100.76223165211664,ARIMA (+기준 곡선)
2021-08-21 02:00:00,2021-08-21 02:15:00,97.24499213897133,ARIMA (+기준 곡선)
2021-08-21 02:00:00,2021-08-21 02:30:00,94.3679073363882,ARIMA (+기준 곡선)
2021-08-21 02:00:00,2021-08-21 02:45:00,91.10473266364464,ARIMA (+기준 곡선)
2021-08-21 03:00:00,2021-08-21 03:00:00,91.46678014144524,ARIMA (+기준 곡선)
2021-08-21 03:00:00,2021-08-21 03:15:00,97.0222549494416,ARIMA (+기준 곡선)
2021-08-21 03:00:00,2021-08-21 03:30:00,100.05150734766448,ARIMA (+기준 곡선)
2021-08-21 03:00:00,2021-08-21 03:45:00,102.57111492331686,ARIMA (+기준 곡선)
2021-08-21 04:00:00,2021-08-21 04:00:00,100.99007468082728,ARIMA (+기준 곡선)
2021-08-21 04:00:00,2021-08-21 04:15:00,93.67549346768249,ARIMA (+기준 곡선)
2021-08-21 04:00:00,2021-08-21 04:30:00,94.50823788865168,ARIMA (+기준 곡선)
2021-08-21 04:00:00,2021-08-21 04:45:00,93.47365883144724,ARIMA (+기준 곡선)
2021-08-21 05:00:00,2021-08-21 05:00:00,81.79672325548738,ARIMA (+기준 곡선)
2021-08-21 05:00:00,2021-08-21 05:15:00,71.12460760012233,ARIMA (+기준 곡선)
2021-08-21 05:00:00,2021-08-21 05:30:00,87.86435981310021,ARIMA (+기준 곡선)
2021-08-21 05:00:00,2021-08-21 05:45:00,97.35021782595106,ARIMA (+기준 곡선)
2021-08-21 06:00:00,2021-08-21 06:00:00,105.89527892153836,ARIMA (+기준 곡선)
2021-08-21 06:00:00,2021-08-21 06:15:00,96.99614285508976,ARIMA (+기준 곡선)
2021-08-21 06:00:00,2021-08-21 06:30:00,94.0261480621904,ARIMA (+기준 곡선)
2021-08-21 06:00:00,2021-08-21 06:45:00,89.23959403973785,ARIMA (+기준 곡선)
2021-08-21 07:00:00,2021-08-21 07:00:00,87.99147150374229,ARIMA (+기준 곡선)
2021-08-21 07:00:00,2021-08-21 07:15:00,75.53488693032838,ARIMA (+기준 곡선)
2021-08-21 07:00:00,2021-08-21 07:30:00,47.63681524071634,ARIMA (+기준 곡선)
2021-08-21 07:00:00,2021-08-21 07:45:00,29.75781898918498,ARIMA (+기준 곡선)
2021-08-21 08:00:00,2021-08-21 08:00:00,27.191942772427826,ARIMA (+기준 곡선)
2021-08-21 08:00:00,2021-08-21 08:15:00,25.706161371883667,ARIMA (+기준 곡선)
2021-08-21 08:00:00,2021-08-21 08:30:00,23.888161337273345,ARIMA (+기준 곡선)
2021-08-21 08:00:00,2021-08-21 08:45:00,23.254700755601554,ARIMA (+기준 곡선)
2021-08-21 09:00:00,2021-08-21 09:00:00,23.054739522794737,ARIMA (+기준 곡선)
2021-08-21 09:00:00,2021-08-21 09:15:00,23.212798765430147,ARIMA (+기준 곡선)
2021-08-21 09:00:00,2021-08-21 09:30:00,22.55625223311933,ARIMA (+기준 곡선)
2021-08-21 09:00:00,2021-08-21 09:45:00,22.706294026645256,ARIMA (+기준 곡선)
2021-08-21 10:00:00,2021-08-21 10:00:00,21.034910431018098,ARIMA (+기준 곡선)
2021-08-21 10:00:00,2021-08-21 10:15:00,22.167655164728224,ARIMA (+기준 곡선)
2021-08-21 10:00:00,2021-08-21 10:30:00,21.746253145967263,ARIMA (+기준 곡선)
2021-08-21 10:00:00,2021-08-21 10:45:00,21.459418729804995,ARIMA (+기준 곡선)
2021-08-21 11:00:00,2021-08-21 11:00:00,21.89455136345955,ARIMA (+기준 곡선)
2021-08-21 11:00:00,2021-08-21 11:15:00,22.56509449068116,ARIMA (+기준 곡선)
2021-08-21 11:00:00,2021-08-21 11:30:00,23.28077986772186,ARIMA (+기준 곡선)
2021-08-21 11:00:00,2021-08-21 11:45:00,23.743349121448432,ARIMA (+기준 곡선)
2021-08-21 12:00:00,2021-08-21 12:00:00,20.91883093733937,ARIMA (+기준 곡선)
2021-08-21 12:00:00,2021-08-21 12:15:00,20.586798790289237,ARIMA (+기준 곡선)
2021-08-21 12:00:00,2021-08-21 12:30:00,21.900432427598588,ARIMA (+기준 곡선)
2021-08-21 12:00:00,2021-08-21 12:45:00,21.54682118141336,ARIMA (+기준 곡선)
2021-08-21 13:00:00,2021-08-21 13:00:00,21.51064346769277,ARIMA (+기준 곡선)
2021-08-21 13:00:00,2021-08-21 13:15:00,21.83520239734285,ARIMA (+기준 곡선)
2021-08-21 13:00:00,2021-08-21 13:30:00,20.809816507598843,ARIMA (+기준 곡선)
2021-08-21 13:00:00,2021-08-21 13:45:00,20.61197315921102,ARIMA (+기준 곡선)
2021-08-21 14:00:00,2021-08-21 14:00:00,20.970005555566747,ARIMA (+기준 곡선)
2021-08-21 14:00:00,2021-08-21 14:15:00,20.89554968488124,ARIMA (+기준 곡선)
2021-08-21 14:00:00,2021-08-21 14:30:00,20.885493529296504,ARIMA (+기준 곡선)
2021-08-21 14:00:00,2021-08-21 14:45:00,21.264220238235595,ARIMA (+기준 곡선)
2021-08-21 15:00:00,2021-08-21 15:00:00,25.935133641054136,ARIMA (+기준 곡선)
2021-08-21 15:00:00,2021-08-21 15:15:00,24.637720681178426,ARIMA (+기준 곡선)
2021-08-21 15:00:00,2021-08-21 15:30:00,23.44617299316099,ARIMA (+기준 곡선)
2021-08-21 15:00:00,2021-08-21 15:45:00,23.55900464485825,ARIMA (+기준 곡선)
2021-08-21 16:00:00,2021-08-21 16:00:00,21.799242108385226,ARIMA (+기준 곡선)
2021-08-21 16:00:00,2021-08-21 16:15:00,21.423128551128364,ARIMA (+기준 곡선)
2021-08-21 16:00:00,2021-08-21 16:30:00,21.2973387739407,ARIMA (+기준 곡선)
2021-08-21 16:00:00,2021-08-21 16:45:00,20.743224610908435,ARIMA (+기준 곡선)
2021-08-21 17:00:00,2021-08-21 17:00:00,21.617657238362074,ARIMA (+기준 곡선)
2021-08-21 17:00:00,2021-08-21 17:15:00,21.040454934571684,ARIMA (+기준 곡선)
2021-08-21 17:00:00,2021-08-21 17:30:00,20.77705902886759,ARIMA (+기준 곡선)
2021-08-21 17:00:00,2021-08-21 17:45:00,20.931751738003136,ARIMA (+기준 곡선)
2021-08-21 18:00:00,2021-08-21 18:00:00,22.010893070925405,ARIMA (+기준 곡선)
2021-08-21 18:00:00,2021-08-21 18:15:00,21.7871534021488,ARIMA (+기준 곡선)
2021-08-21 18:00:00,2021-08-21 18:30:00,21.85312649444973,ARIMA (+기준 곡선)
2021-08-21 18:00:00,2021-08-21 18:45:00,22.146230069005536,ARIMA (+기준 곡선)
2021-08-21 19:00:00,2021-08-21 19:00:00,24.453696098204688,ARIMA (+기준 곡선)
2021-08-21 19:00:00,2021-08-21 19:15:00,23.898129127456443,ARIMA (+기준 곡선)
2021-08-21 19:00:00,2021-08-21 19:30:00,22.250490657169333,ARIMA (+기준 곡선)
2021-08-21 19:00:00,2021-08-21 19:45:00,21.504428141903645,ARIMA (+기준 곡선)
2021-08-21 20:00:00,2021-08-21 20:00:00,20.53782063255155,ARIMA (+기준 곡선)
2021-08-21 20:00:00,2021-08-21 20:15:00,20.3426689279382,ARIMA (+기준 곡선)
2021-08-21 20:00:00,2021-08-21 20:30:00,21.230143899979936,ARIMA (+기준 곡선)
2021-08-21 20:00:00,2021-08-21 20:45:00,21.26106607763977,ARIMA (+기준 곡선)
2021-08-21 21:00:00,2021-08-21 21:00:00,22.38069655958682,ARIMA (+기준 곡선)
2021-08-21 21:00:00,2021-08-21 21:15:00,21.903864136477075,ARIMA (+기준 곡선)
2021-08-21 21:00:00,2021-08-21 21:30:00,21.81806773424779,ARIMA (+기준 곡선)
2021-08-21 21:00:00,2021-08-21 21:45:00,21.98362815424037,ARIMA (+기준 곡선)
2021-08-21 22:00:00,2021-08-21 22:00:00,23.466408044215623,ARIMA (+기준 곡선)
2021-08-21 22:00:00,2021-08-21 22:15:00,24.06199262819204,ARIMA (+기준 곡선)
2021-08-21 22:00:00,2021-08-21 22:30:00,24.93695244107137,ARIMA (+기준 곡선)
2021-08-21 22:00:00,2021-08-21 22:45:00,22.22868750962739,ARIMA (+기준 곡선)
2021-08-21 23:00:00,2021-08-21 23:00:00,22.67116767152328,ARIMA (+기준 곡선)
2021-08-21 23:00:00,2021-08-21 23:15:00,21.58853911597172,ARIMA (+기준 곡선)
2021-08-21 23:00:00,2021-08-21 23:30:00,21.81814869962286,ARIMA (+기준 곡선)
2021-08-21 23:00:00,2021-08-21 23:45:00,21.95331473477632,ARIMA (+기준 곡선)
2021-08-22 00:00:00,2021-08-22 00:00:00,21.988173975555707,ARIMA (+기준 곡선)
2021-08-22 00:00:00,2021-08-22 00:15:00,21.627606857239968,ARIMA (+기준 곡선)
2021-08-22 00:00:00,2021-08-22 00:30:00,22.333204046691424,ARIMA (+기준 곡선)
2021-08-22 00:00:00,2021-08-22 00:45:00,22.408458091528157,ARIMA (+기준 곡선)
2021-08-22 01:00:00,2021-08-22 01:00:00,22.79730590229128,ARIMA (+기준 곡선)
2021-08-22 01:00:00,2021-08-22 01:15:00,22.674975531457648,ARIMA (+기준 곡선)
2021-08-22 01:00:00,2021-08-22 01:30:00,23.248829879393963,ARIMA (+기준 곡선)
2021-08-22 01:00:00,2021-08-22 01:45:00,24.361532686983427,ARIMA (+기준 곡선)
2021-08-22 02:00:00,2021-08-22 02:00:00,24.293414164234505,ARIMA (+기준 곡선)
2021-08-22 02:00:00,2021-08-22 02:15:00,22.4516701003662,ARIMA (+기준 곡선)
2021-08-22 02:00:00,2021-08-22 02:30:00,21.48847940012628,ARIMA (+기준 곡선)
2021-08-22 02:00:00,2021-08-22 02:45:00,21.74482026294337,ARIMA (+기준 곡선)
2021-08-22 03:00:00,2021-08-22 03:00:00,22.53561066296785,ARIMA (+기준 곡선)
2021-08-22 03:00:00,2021-08-22 03:15:00,22.31824652409856,ARIMA (+기준 곡선)
2021-08-22 03:00:00,2021-08-22 03:30:00,22.16660391490793,ARIMA (+기준 곡선)
2021-08-22 03:00:00,2021-08-22 03:45:00,21.886845234144804,ARIMA (+기준 곡선)
2021-08-22 04:00:00,2021-08-22 04:00:00,22.372963194868404,ARIMA (+기준 곡선)
2021-08-22 04:00:00,2021-08-22 04:15:00,23.00084727052017,ARIMA (+기준 곡선)
2021-08-22 04:00:00,2021-08-22 04:30:00,22.136094138564744,ARIMA (+기준 곡선)
2021-08-22 04:00:00,2021-08-22 04:45:00,21.640039188776296,ARIMA (+기준 곡선)
2021-08-22 05:00:00,2021-08-22 05:00:00,22.87539929225467,ARIMA (+기준 곡선)
2021-08-22 05:00:00,2021-08-22 05:15:00,22.812273979552355,ARIMA (+기준 곡선)
2021-08-22 05:00:00,2021-08-22 05:30:00,21.8414438099839,ARIMA (+기준 곡선)
2021-08-22 05:00:00,2021-08-22 05:45:00,21.338415360377446,ARIMA (+기준 곡선)
2021-08-22 06:00:00,2021-08-22 06:00:00,23.92001403307046,ARIMA (+기준 곡선)
2021-08-22 06:00:00,2021-08-22 06:15:00,23.32964772263707,ARIMA (+기준 곡선)
2021-08-22 06:00:00,2021-08-22 06:30:00,22.85806278698429,ARIMA (+기준 곡선)
2021-08-22 06:00:00,2021-08-22 06:45:00,22.383287781992056,ARIMA (+기준 곡선)
2021-08-22 07:00:00,2021-08-22 07:00:00,21.602240281406484,ARIMA (+기준 곡선)
2021-08-22 07:00:00,2021-08-22 07:15:00,21.78412274998993,ARIMA (+기준 곡선)
2021-08-22 07:00:00,2021-08-22 07:30:00,22.88902906442001,ARIMA (+기준 곡선)
2021-08-22 07:00:00,2021-08-22 07:45:00,22.334768421905743,ARIMA (+기준 곡선)
2021-08-22 08:00:00,2021-08-22 08:00:00,21.649711094477464,ARIMA (+기준 곡선)
2021-08-22 08:00:00,2021-08-22 08:15:00,22.930875088615,ARIMA (+기준 곡선)
2021-08-22 08:00:00,2021-08-22 08:30:00,22.426967906436225,ARIMA (+기준 곡선)
2021-08-22 08:00:00,2021-08-22 08:45:00,22.27782994565252,ARIMA (+기준 곡선)
2021-08-22 09:00:00,2021-08-22 09:00:00,21.67406931231689,ARIMA (+기준 곡선)
2021-08-22 09:00:00,2021-08-22 09:15:00,22.127472915292916,ARIMA (+기준 곡선)
2021-08-22 09:00:00,2021-08-22 09:30:00,21.70609240250044,ARIMA (+기준 곡선)
2021-08-22 09:00:00,2021-08-22 09:45:00,21.09594617088334,ARIMA (+기준 곡선)
2021-08-22 10:00:00,2021-08-22 10:00:00,22.421320926341085,ARIMA (+기준 곡선)
2021-08-22 10:00:00,2021-08-22 10:15:00,21.929225959089894,ARIMA (+기준 곡선)
2021-08-22 10:00:00,2021-08-22 10:30:00,22.089069193411145,ARIMA (+기준 곡선)
2021-08-22 10:00:00,2021-08-22 10:45:00,22.35999301352537,ARIMA (+기준 곡선)
2021-08-22 11:00:00,2021-08-22 11:00:00,22.734374908390475,ARIMA (+기준 곡선)
2021-08-22 11:00:00,2021-08-22 11:15:00,24.112682561577625,ARIMA (+기준 곡선)
2021-08-22 11:00:00,2021-08-22 11:30:00,23.767365427528077,ARIMA (+기준 곡선)
2021-08-22 11:00:00,2021-08-22 11:45:00,22.59249384651481,ARIMA (+기준 곡선)
2021-08-22 12:00:00,2021-08-22 12:00:00,21.253465882131877,ARIMA (+기준 곡선)
2021-08-22 12:00:00,2021-08-22 12:15:00,21.38475903282429,ARIMA (+기준 곡선)
2021-08-22 12:00:00,2021-08-22 12:30:00,22.7341085253647,ARIMA (+기준 곡선)
2021-08-22 12:00:00,2021-08-22 12:45:00,22.032303098545764,ARIMA (+기준 곡선)
2021-08-22 13:00:00,2021-08-22 13:00:00,23.203708833238277,ARIMA (+기준 곡선)
2021-08-22 13:00:00,2021-08-22 13:15:00,22.717486848098744,ARIMA (+기준 곡선)
2021-08-22 13:00:00,2021-08-22 13:30:00,22.276751193101404,ARIMA (+기준 곡선)
2021-08-22 13:00:00,2021-08-22 13:45:00,22.20360663047721,ARIMA (+기준 곡선)
2021-08-22 14:00:00,2021-08-22 14:00:00,22.48504521844141,ARIMA (+기준 곡선)
2021-08-22 14:00:00,2021-08-22 14:15:00,22.75865118289485,ARIMA (+기준 곡선)
2021-08-22 14:00:00,2021-08-22 14:30:00,24.042366039158463,ARIMA (+기준 곡선)
2021-08-22 14:00:00,2021-08-22 14:45:00,24.193534790005504,ARIMA (+기준 곡선)
2021-08-22 15:00:00,2021-08-22 15:00:00,22.19724200587058,ARIMA (+기준 곡선)
2021-08-22 15:00:00,2021-08-22 15:15:00,22.42477602029874,ARIMA (+기준 곡선)
2021-08-22 15:00:00,2021-08-22 15:30:00,22.026740741624707,ARIMA (+기준 곡선)
2021-08-22 15:00:00,2021-08-22 15:45:00,21.94437926007541,ARIMA (+기준 곡선)
2021-08-22 16:00:00,2021-08-22 16:00:00,23.978945695072994,ARIMA (+기준 곡선)
2021-08-22 16:00:00,2021-08-22 16:15:00,23.36594795567205,ARIMA (+기준 곡선)
2021-08-22 16:00:00,2021-08-22 16:30:00,22.47377440407706,ARIMA (+기준 곡선)
2021-08-22 16:00:00,2021-08-22 16:45:00,22.94370162392336,ARIMA (+기준 곡선)
2021-08-22 17:00:00,2021-08-22 17:00:00,22.484976695026308,ARIMA (+기준 곡선)
2021-08-22 17:00:00,2021-08-22 17:15:00,22.877598095544915,ARIMA (+기준 곡선)
2021-08-22 17:00:00,2021-08-22 17:30:00,22.414039290062316,ARIMA (+기준 곡선)
2021-08-22 17:00:00,2021-08-22 17:45:00,23.412493943997468,ARIMA (+기준 곡선)
2021-08-22 18:00:00,2021-08-22 18:00:00,22.63077386861943,ARIMA (+기준 곡선)
2021-08-22 18:00:00,2021-08-22 18:15:00,23.298287256157742,ARIMA (+기준 곡선)
2021-08-22 18:00:00,2021-08-22 18:30:00,21.37508486941989,ARIMA (+기준 곡선)
2021-08-22 18:00:00,2021-08-22 18:45:00,21.430097733145026,ARIMA (+기준 곡선)
2021-08-22 19:00:00,2021-08-22 19:00:00,21.69343126702819,ARIMA (+기준 곡선)
2021-08-22 19:00:00,2021-08-22 19:15:00,21.85026622336284,ARIMA (+기준 곡선)
2021-08-22 19:00:00,2021-08-22 19:30:00,22.53902263044932,ARIMA (+기준 곡선)
2021-08-22 19:00:00,2021-08-22 19:45:00,22.85795631948091,ARIMA (+기준 곡선)
2021-08-22 20:00:00,2021-08-22 20:00:00,21.20702115244805,ARIMA (+기준 곡선)
2021-08-22 20:00:00,2021-08-22 20:15:00,21.408882516469596,ARIMA (+기준 곡선)
2021-08-22 20:00:00,2021-08-22 20:30:00,20.991306992366766,ARIMA (+기준 곡선)
2021-08-22 20:00:00,2021-08-22 20:45:00,21.71885165056295,ARIMA (+기준 곡선)
2021-08-22 21:00:00,2021-08-22 21:00:00,24.33215466387849,ARIMA (+기준 곡선)
2021-08-22 21:00:00,2021-08-22 21:15:00,24.81387423814661,ARIMA (+기준 곡선)
2021-08-22 21:00:00,2021-08-22 21:30:00,24.122989424005407,ARIMA (+기준 곡선)
2021-08-22 21:00:00,2021-08-22 21:45:00,23.845221309352997,ARIMA (+기준 곡선)
2021-08-22 22:00:00,2021-08-22 22:00:00,21.7130430835656,ARIMA (+기준 곡선)
2021-08-22 22:00:00,2021-08-22 22:15:00,21.860206940479664,ARIMA (+기준 곡선)
2021-08-22 22:00:00,2021-08-22 22:30:00,22.289895812591304,ARIMA (+기준 곡선)
2021-08-22 22:00:00,2021-08-22 22:45:00,22.5274179426373,ARIMA (+기준 곡선)
2021-08-22 23:00:00,2021-08-22 23:00:00,22.418523946764125,ARIMA (+기준 곡선)
2021-08-22 23:00:00,2021-08-22 23:15:00,22.49197651719508,ARIMA (+기준 곡선)
2021-08-22 23:00:00,2021-08-22 23:30:00,21.376663209486413,ARIMA (+기준 곡선)
2021-08-22 23:00:00,2021-08-22 23:45:00,21.88737076132504,ARIMA (+기준 곡선)
2021-08-23 00:00:00,2021-08-23 00:00:00,24.393416875071917,ARIMA (+기준 곡선)
2021-08-23 00:00:00,2021-08-23 00:15:00,24.08994721683837,ARIMA (+기준 곡선)
2021-08-23 00:00:00,2021-08-23 00:30:00,24.86619219815267,ARIMA (+기준 곡선)
2021-08-23 00:00:00,2021-08-23 00:45:00,23.859613470681385,ARIMA (+기준 곡선)
2021-08-23 01:00:00,2021-08-23 01:00:00,20.988108441141325,ARIMA (+기준 곡선)
2021-08-23 01:00:00,2021-08-23 01:15:00,22.6235178691651,ARIMA (+기준 곡선)
2021-08-23 01:00:00,2021-08-23 01:30:00,22.040822700571866,ARIMA (+기준 곡선)
2021-08-23 01:00:00,2021-08-23 01:45:00,21.22856570274121,ARIMA (+기준 곡선)
2021-08-23 02:00:00,2021-08-23 02:00:00,22.596827319616924,ARIMA (+기준 곡선)
2021-08-23 02:00:00,2021-08-23 02:15:00,21.8577236831567,ARIMA (+기준 곡선)
2021-08-23 02:00:00,2021-08-23 02:30:00,22.87830921482201,ARIMA (+기준 곡선)
2021-08-23 02:00:00,2021-08-23 02:45:00,22.971814138825376,ARIMA (+기준 곡선)
2021-08-23 03:00:00,2021-08-23 03:00:00,22.6199940517275,ARIMA (+기준 곡선)
2021-08-23 03:00:00,2021-08-23 03:15:00,22.091614414041285,ARIMA (+기준 곡선)
2021-08-23 03:00:00,2021-08-23 03:30:00,22.060021690204103,ARIMA (+기준 곡선)
2021-08-23 03:00:00,2021-08-23 03:45:00,23.36906001191811,ARIMA (+기준 곡선)
2021-08-23 04:00:00,2021-08-23 04:00:00,22.186235798043512,ARIMA (+기준 곡선)
2021-08-23 04:00:00,2021-08-23 04:15:00,22.19463251902917,ARIMA (+기준 곡선)
2021-08-23 04:00:00,2021-08-23 04:30:00,21.870614399921298,ARIMA (+기준 곡선)
2021-08-23 04:00:00,2021-08-23 04:45:00,21.90188993858437,ARIMA (+기준 곡선)
2021-08-23 05:00:00,2021-08-23 05:00:00,22.598367118553835,ARIMA (+기준 곡선)
2021-08-23 05:00:00,2021-08-23 05:15:00,22.053934208410777,ARIMA (+기준 곡선)
2021-08-23 05:00:00,2021-08-23 05:30:00,21.52161549076876,ARIMA (+기준 곡선)
2021-08-23 05:00:00,2021-08-23 05:45:00,21.664571015142485,ARIMA (+기준 곡선)
2021-08-23 06:00:00,2021-08-23 06:00:00,22.48444456149844,ARIMA (+기준 곡선)
2021-08-23 06:00:00,2021-08-23 06:15:00,22.904769708445485,ARIMA (+기준 곡선)
2021-08-23 06:00:00,2021-08-23 06:30:00,21.858850920858224,ARIMA (+기준 곡선)
2021-08-23 06:00:00,2021-08-23 06:45:00,22.66961342606351,ARIMA (+기준 곡선)
2021-08-23 07:00:00,2021-08-23 07:00:00,26.440954502338947,ARIMA (+기준 곡선)
2021-08-23 07:00:00,2021-08-23 07:15:00,40.88530903792808,ARIMA (+기준 곡선)
2021-08-23 07:00:00,2021-08-23 07:30:00,72.51465403793125,ARIMA (+기준 곡선)
2021-08-23 07:00:00,2021-08-23 07:45:00,117.13814491239488,ARIMA (+기준 곡선)
2021-08-23 08:00:00,2021-08-23 08:00:00,142.62422055345775,ARIMA (+기준 곡선)
2021-08-23 08:00:00,2021-08-23 08:15:00,182.79968617188007,ARIMA (+기준 곡선)
2021-08-23 08:00:00,2021-08-23 08:30:00,188.887822571623,ARIMA (+기준 곡선)
2021-08-23 08:00:00,2021-08-23 08:45:00,182.72891083943327,ARIMA (+기준 곡선)
2021-08-23 09:00:00,2021-08-23 09:00:00,178.40575805717447,ARIMA (+기준 곡선)
2021-08-23 09:00:00,2021-08-23 09:15:00,174.09801450718572,ARIMA (+기준 곡선)
2021-08-23 09:00:00,2021-08-23 09:30:00,177.13460060312303,ARIMA (+기준 곡선)
2021-08-23 09:00:00,2021-08-23 09:45:00,173.17640182576378,ARIMA (+기준 곡선)
2021-08-23 10:00:00,2021-08-23 10:00:00,146.19083189376573,ARIMA (+기준 곡선)
2021-08-23 10:00:00,2021-08-23 10:15:00,178.91772277197876,ARIMA (+기준 곡선)
2021-08-23 10:00:00,2021-08-23 10:30:00,180.7942500117088,ARIMA (+기준 곡선)
2021-08-23 10:00:00,2021-08-23 10:45:00,182.70300543852363,ARIMA (+기준 곡선)
2021-08-23 11:00:00,2021-08-23 11:00:00,174.41365748089612,ARIMA (+기준 곡선)
2021-08-23 11:00:00,2021-08-23 11:15:00,178.5863830647618,ARIMA (+기준 곡선)
2021-08-23 11:00:00,2021-08-23 11:30:00,175.60030245575712,ARIMA (+기준 곡선)
2021-08-23 11:00:00,2021-08-23 11:45:00,170.95315731166667,ARIMA (+기준 곡선)
2021-08-23 12:00:00,2021-08-23 12:00:00,133.82222445656384,ARIMA (+기준 곡선)
2021-08-23 12:00:00,2021-08-23 12:15:00,111.64100043422268,ARIMA (+기준 곡선)
2021-08-23 12:00:00,2021-08-23 12:30:00,107.49576767513229,ARIMA (+기준 곡선)
2021-08-23 12:00:00,2021-08-23 12:45:00,109.3595167811512,ARIMA (+기준 곡선)
2021-08-23 13:00:00,2021-08-23 13:00:00,171.8798577943688,ARIMA (+기준 곡선)
2021-08-23 13:00:00,2021-08-23 13:15:00,182.3887078614068,ARIMA (+기준 곡선)
2021-08-23 13:00:00,2021-08-23 13:30:00,184.5827616890274,ARIMA (+기준 곡선)
2021-08-23 13:00:00,2021-08-23 13:45:00,179.98798735746618,ARIMA (+기준 곡선)
2021-08-23 14:00:00,2021-08-23 14:00:00,188.4576555193715,ARIMA (+기준 곡선)
2021-08-23 14:00:00,2021-08-23 14:15:00,183.6565255204886,ARIMA (+기준 곡선)
2021-08-23 14:00:00,2021-08-23 14:30:00,185.25237476625963,ARIMA (+기준 곡선)
2021-08-23 14:00:00,2021-08-23 14:45:00,179.08625542496614,ARIMA (+기준 곡선)
2021-08-23 15:00:00,2021-08-23 15:00:00,150.98120605581232,ARIMA (+기준 곡선)
2021-08-23 15:00:00,2021-08-23 15:15:00,153.6298387910159,ARIMA (+기준 곡선)
2021-08-23 15:00:00,2021-08-23 15:30:00,182.43768361050888,ARIMA (+기준 곡선)
2021-08-23 15:00:00,2021-08-23 15:45:00,184.56665201546943,ARIMA (+기준 곡선)
2021-08-23 16:00:00,2021-08-23 16:00:00,184.8050097957912,ARIMA (+기준 곡선)
2021-08-23 16:00:00,2021-08-23 16:15:00,176.6783217388013,ARIMA (+기준 곡선)
2021-08-23 16:00:00,2021-08-23 16:30:00,175.3587912392235,ARIMA (+기준 곡선)
2021-08-23 16:00:00,2021-08-23 16:45:00,171.6576936862196,ARIMA (+기준 곡선)
2021-08-23 17:00:00,2021-08-23 17:00:00,134.3277833075836,ARIMA (+기준 곡선)
2021-08-23 17:00:00,2021-08-23 17:15:00,121.09374768618969,ARIMA (+기준 곡선)
2021-08-23 17:00:00,2021-08-23 17:30:00,142.40148802643864,ARIMA (+기준 곡선)
2021-08-23 17:00:00,2021-08-23 17:45:00,152.4506976316036,ARIMA (+기준 곡선)
2021-08-23 18:00:00,2021-08-23 18:00:00,167.94538642510508,ARIMA (+기준 곡선)
2021-08-23 18:00:00,2021-08-23 18:15:00,154.83484635366162,ARIMA (+기준 곡선)
2021-08-23 18:00:00,2021-08-23 18:30:00,152.04658539059864,ARIMA (+기준 곡선)
2021-08-23 18:00:00,2021-08-23 18:45:00,145.34100124863943,ARIMA (+기준 곡선)
2021-08-23 19:00:00,2021-08-23 19:00:00,137.82281584365663,ARIMA (+기준 곡선)
2021-08-23 19:00:00,2021-08-23 19:15:00,144.3231721569777,ARIMA (+기준 곡선)
2021-08-23 19:00:00,2021-08-23 19:30:00,138.13240245249904,ARIMA (+기준 곡선)
2021-08-23 19:00:00,2021-08-23 19:45:00,117.76768741236904,ARIMA (+기준 곡선)
2021-08-23 20:00:00,2021-08-23 20:00:00,104.13232160306438,ARIMA (+기준 곡선)
2021-08-23 20:00:00,2021-08-23 20:15:00,111.95295940384612,ARIMA (+기준 곡선)
2021-08-23 20:00:00,2021-08-23 20:30:00,118.32314258703428,ARIMA (+기준 곡선)
2021-08-23 20:00:00,2021-08-23 20:45:00,118.56022528388227,ARIMA (+기준 곡선)
2021-08-23 21:00:00,2021-08-23 21:00:00,116.06712827067292,ARIMA (+기준 곡선)
2021-08-23 21:00:00,2021-08-23 21:15:00,120.19644512320828,ARIMA (+기준 곡선)
2021-08-23 21:00:00,2021-08-23 21:30:00,115.58596615623864,ARIMA (+기준 곡선)
2021-08-23 21:00:00,2021-08-23 21:45:00,110.59184691665538,ARIMA (+기준 곡선)
2021-08-23 22:00:00,2021-08-23 22:00:00,94.4978703787178,ARIMA (+기준 곡선)
2021-08-23 22:00:00,2021-08-23 22:15:00,106.27826320829143,ARIMA (+기준 곡선)
2021-08-23 22:00:00,2021-08-23 22:30:00,108.72242218777218,ARIMA (+기준 곡선)
2021-08-23 22:00:00,2021-08-23 22:45:00,109.7764781563656,ARIMA (+기준 곡선)
2021-08-23 23:00:00,2021-08-23 23:00:00,110.68521784817445,ARIMA (+기준 곡선)
2021-08-23 23:00:00,2021-08-23 23:15:00,110.27617342324662,ARIMA (+기준 곡선)
2021-08-23 23:00:00,2021-08-23 23:30:00,102.80126869535192,ARIMA (+기준 곡선)
2021-08-23 23:00:00,2021-08-23 23:45:00,82.01361501370603,ARIMA (+기준 곡선)
2021-08-24 00:00:00,2021-08-24 00:00:00,70.80622885751679,ARIMA (+기준 곡선)
2021-08-24 00:00:00,2021-08-24 00:15:00,68.761832611417,ARIMA (+기준 곡선)
2021-08-24 00:00:00,2021-08-24 00:30:00,67.51256182734667,ARIMA (+기준 곡선)
2021-08-24 00:00:00,2021-08-24 00:45:00,66.30584022847776,ARIMA (+기준 곡선)
2021-08-24 01:00:00,2021-08-24 01:00:00,88.22934243782437,ARIMA (+기준 곡선)
2021-08-24 01:00:00,2021-08-24 01:15:00,100.31843857437504,ARIMA (+기준 곡선)
2021-08-24 01:00:00,2021-08-24 01:30:00,103.66958563118494,ARIMA (+기준 곡선)
2021-08-24 01:00:00,2021-08-24 01:45:00,103.06332946082748,ARIMA (+기준 곡선)
2021-08-24 02:00:00,2021-08-24 02:00:00,107.99667384644032,ARIMA (+기준 곡선)
2021-08-24 02:00:00,2021-08-24 02:15:00,109.507640466897,ARIMA (+기준 곡선)
2021-08-24 02:00:00,2021-08-24 02:30:00,108.75552989913092,ARIMA (+기준 곡선)
2021-08-24 02:00:00,2021-08-24 02:45:00,105.97836181776124,ARIMA (+기준 곡선)
2021-08-24 03:00:00,2021-08-24 03:00:00,94.20847168189506,ARIMA (+기준 곡선)
2021-08-24 03:00:00,2021-08-24 03:15:00,108.10567080001022,ARIMA (+기준 곡선)
2021-08-24 03:00:00,2021-08-24 03:30:00,111.45606362290148,ARIMA (+기준 곡선)
2021-08-24 03:00:00,2021-08-24 03:45:00,109.9107782578794,ARIMA (+기준 곡선)
2021-08-24 04:00:00,2021-08-24 04:00:00,103.39126201045292,ARIMA (+기준 곡선)
2021-08-24 04:00:00,2021-08-24 04:15:00,105.44716546193156,ARIMA (+기준 곡선)
2021-08-24 04:00:00,2021-08-24 04:30:00,104.58401340504425,ARIMA (+기준 곡선)
2021-08-24 04:00:00,2021-08-24 04:45:00,102.31333942115816,ARIMA (+기준 곡선)
2021-08-24 05:00:00,2021-08-24 05:00:00,85.9032301077878,ARIMA (+기준 곡선)
2021-08-24 05:00:00,2021-08-24 05:15:00,77.67891947732478,ARIMA (+기준 곡선)
2021-08-24 05:00:00,2021-08-24 05:30:00,95.7587143555227,ARIMA (+기준 곡선)
2021-08-24 05:00:00,2021-08-24 05:45:00,108.39167275714613,ARIMA (+기준 곡선)
2021-08-24 06:00:00,2021-08-24 06:00:00,107.88017310428248,ARIMA (+기준 곡선)
2021-08-24 06:00:00,2021-08-24 06:15:00,107.65230966288772,ARIMA (+기준 곡선)
2021-08-24 06:00:00,2021-08-24 06:30:00,107.1446558618036,ARIMA (+기준 곡선)
2021-08-24 06:00:00,2021-08-24 06:45:00,106.3614468468576,ARIMA (+기준 곡선)
2021-08-24 07:00:00,2021-08-24 07:00:00,114.14730365622694,ARIMA (+기준 곡선)
2021-08-24 07:00:00,2021-08-24 07:15:00,123.87057315700883,ARIMA (+기준 곡선)
2021-08-24 07:00:00,2021-08-24 07:30:00,147.59216049280687,ARIMA (+기준 곡선)
2021-08-24 07:00:00,2021-08-24 07:45:00,148.29109013069709,ARIMA (+기준 곡선)
2021-08-24 08:00:00,2021-08-24 08:00:00,165.2554206944301,ARIMA (+기준 곡선)
2021-08-24 08:00:00,2021-08-24 08:15:00,186.20224035793137,ARIMA (+기준 곡선)
2021-08-24 08:00:00,2021-08-24 08:30:00,191.12878354086791,ARIMA (+기준 곡선)
2021-08-24 08:00:00,2021-08-24 08:45:00,188.2735616588136,ARIMA (+기준 곡선)
2021-08-24 09:00:00,2021-08-24 09:00:00,181.91448480063053,ARIMA (+기준 곡선)
2021-08-24 09:00:00,2021-08-24 09:15:00,182.2268558237527,ARIMA (+기준 곡선)
2021-08-24 09:00:00,2021-08-24 09:30:00,184.6036622118428,ARIMA (+기준 곡선)
2021-08-24 09:00:00,2021-08-24 09:45:00,185.7368136502249,ARIMA (+기준 곡선)
2021-08-24 10:00:00,2021-08-24 10:00:00,150.16556451078702,ARIMA (+기준 곡선)
2021-08-24 10:00:00,2021-08-24 10:15:00,181.20937398277556,ARIMA (+기준 곡선)
2021-08-24 10:00:00,2021-08-24 10:30:00,183.44629764986837,ARIMA (+기준 곡선)
2021-08-24 10:00:00,2021-08-24 10:45:00,182.92753652475977,ARIMA (+기준 곡선)
2021-08-24 11:00:00,2021-08-24 11:00:00,176.58847922341198,ARIMA (+기준 곡선)
2021-08-24 11:00:00,2021-08-24 11:15:00,183.8817132461312,ARIMA (+기준 곡선)
2021-08-24 11:00:00,2021-08-24 11:30:00,187.30276350208123,ARIMA (+기준 곡선)
2021-08-24 11:00:00,2021-08-24 11:45:00,184.57347779866663,ARIMA (+기준 곡선)
2021-08-24 12:00:00,2021-08-24 12:00:00,119.49086895998444,ARIMA (+기준 곡선)
2021-08-24 12:00:00,2021-08-24 12:15:00,100.7280348941222,ARIMA (+기준 곡선)
2021-08-24 12:00:00,2021-08-24 12:30:00,101.34698513072422,ARIMA (+기준 곡선)
2021-08-24 12:00:00,2021-08-24 12:45:00,109.51190642421447,ARIMA (+기준 곡선)
2021-08-24 13:00:00,2021-08-24 13:00:00,172.4800340897554,ARIMA (+기준 곡선)
2021-08-24 13:00:00,2021-08-24 13:15:00,185.79789276325508,ARIMA (+기준 곡선)
2021-08-24 13:00:00,2021-08-24 13:30:00,187.806720612558,ARIMA (+기준 곡선)
2021-08-24 13:00:00,2021-08-24 13:45:00,188.23971288323003,ARIMA (+기준 곡선)
2021-08-24 14:00:00,2021-08-24 14:00:00,179.59470889289798,ARIMA (+기준 곡선)
2021-08-24 14:00:00,2021-08-24 14:15:00,178.32524543227154,ARIMA (+기준 곡선)
2021-08-24 14:00:00,2021-08-24 14:30:00,180.7320226387625,ARIMA (+기준 곡선)
2021-08-24 14:00:00,2021-08-24 14:45:00,180.2553900349197,ARIMA (+기준 곡선)
2021-08-24 15:00:00,2021-08-24 15:00:00,146.6551347554116,ARIMA (+기준 곡선)
2021-08-24 15:00:00,2021-08-24 15:15:00,151.98020057773132,ARIMA (+기준 곡선)
2021-08-24 15:00:00,2021-08-24 15:30:00,179.97045937450258,ARIMA (+기준 곡선)
2021-08-24 15:00:00,2021-08-24 15:45:00,182.5057010260177,ARIMA (+기준 곡선)
2021-08-24 16:00:00,2021-08-24 16:00:00,193.83564356610052,ARIMA (+기준 곡선)
2021-08-24 16:00:00,2021-08-24 16:15:00,183.23347047652413,ARIMA (+기준 곡선)
2021-08-24 16:00:00,2021-08-24 16:30:00,178.7275465052329,ARIMA (+기준 곡선)
2021-08-24 16:00:00,2021-08-24 16:45:00,175.16825341418527,ARIMA (+기준 곡선)
2021-08-24 17:00:00,2021-08-24 17:00:00,128.5321862734649,ARIMA (+기준 곡선)
2021-08-24 17:00:00,2021-08-24 17:15:00,115.7716587806848,ARIMA (+기준 곡선)
2021-08-24 17:00:00,2021-08-24 17:30:00,156.85282441325256,ARIMA (+기준 곡선)
2021-08-24 17:00:00,2021-08-24 17:45:00,171.56111160734798,ARIMA (+기준 곡선)
2021-08-24 18:00:00,2021-08-24 18:00:00,161.7303671145143,ARIMA (+기준 곡선)
2021-08-24 18:00:00,2021-08-24 18:15:00,165.41193043004688,ARIMA (+기준 곡선)
2021-08-24 18:00:00,2021-08-24 18:30:00,163.9015039929147,ARIMA (+기준 곡선)
2021-08-24 18:00:00,2021-08-24 18:45:00,164.4176357717196,ARIMA (+기준 곡선)
2021-08-24 19:00:00,2021-08-24 19:00:00,153.42879704009545,ARIMA (+기준 곡선)
2021-08-24 19:00:00,2021-08-24 19:15:00,149.90235798154137,ARIMA (+기준 곡선)
2021-08-24 19:00:00,2021-08-24 19:30:00,150.32883332114884,ARIMA (+기준 곡선)
2021-08-24 19:00:00,2021-08-24 19:45:00,131.7931460160303,ARIMA (+기준 곡선)
2021-08-24 20:00:00,2021-08-24 20:00:00,123.98080073864668,ARIMA (+기준 곡선)
2021-08-24 20:00:00,2021-08-24 20:15:00,128.152056674847,ARIMA (+기준 곡선)
2021-08-24 20:00:00,2021-08-24 20:30:00,127.44265242191015,ARIMA (+기준 곡선)
2021-08-24 20:00:00,2021-08-24 20:45:00,123.93943428406136,ARIMA (+기준 곡선)
2021-08-24 21:00:00,2021-08-24 21:00:00,117.63128229499422,ARIMA (+기준 곡선)
2021-08-24 21:00:00,2021-08-24 21:15:00,116.0244168128697,ARIMA (+기준 곡선)
2021-08-24 21:00:00,2021-08-24 21:30:00,117.47199978836194,ARIMA (+기준 곡선)
2021-08-24 21:00:00,2021-08-24 21:45:00,118.55539435837818,ARIMA (+기준 곡선)
2021-08-24 22:00:00,2021-08-24 22:00:00,101.98238974729324,ARIMA (+기준 곡선)
2021-08-24 22:00:00,2021-08-24 22:15:00,114.01636601829628,ARIMA (+기준 곡선)
2021-08-24 22:00:00,2021-08-24 22:30:00,115.0096138305116,ARIMA (+기준 곡선)
2021-08-24 22:00:00,2021-08-24 22:45:00,113.03105636023864,ARIMA (+기준 곡선)
2021-08-24 23:00:00,2021-08-24 23:00:00,110.28605261888816,ARIMA (+기준 곡선)
2021-08-24 23:00:00,2021-08-24 23:15:00,109.66216012885768,ARIMA (+기준 곡선)
2021-08-24 23:00:00,2021-08-24 23:30:00,107.30744155481702,ARIMA (+기준 곡선)
2021-08-24 23:00:00,2021-08-24 23:45:00,89.8915074568179,ARIMA (+기준 곡선)
2021-08-25 00:00:00,2021-08-25 00:00:00,70.90719069006084,ARIMA (+기준 곡선)
2021-08-25 00:00:00,2021-08-25 00:15:00,68.74421597651718,ARIMA (+기준 곡선)
2021-08-25 00:00:00,2021-08-25 00:30:00,67.45223186769894,ARIMA (+기준 곡선)
2021-08-25 00:00:00,2021-08-25 00:45:00,66.22612313724603,ARIMA (+기준 곡선)
2021-08-25 01:00:00,2021-08-25 01:00:00,92.24834517625696,ARIMA (+기준 곡선)
2021-08-25 01:00:00,2021-08-25 01:15:00,104.36967339423262,ARIMA (+기준 곡선)
2021-08-25 01:00:00,2021-08-25 01:30:00,107.52408298135474,ARIMA (+기준 곡선)
2021-08-25 01:00:00,2021-08-25 01:45:00,106.67100880952329,ARIMA (+기준 곡선)
2021-08-25 02:00:00,2021-08-25 02:00:00,107.87270962652332,ARIMA (+기준 곡선)
2021-08-25 02:00:00,2021-08-25 02:15:00,110.03836761101851,ARIMA (+기준 곡선)
2021-08-25 02:00:00,2021-08-25 02:30:00,109.45036572284212,ARIMA (+기준 곡선)
2021-08-25 02:00:00,2021-08-25 02:45:00,106.69346211898376,ARIMA (+기준 곡선)
2021-08-25 03:00:00,2021-08-25 03:00:00,95.81094283843876,ARIMA (+기준 곡선)
2021-08-25 03:00:00,2021-08-25 03:15:00,109.02112110313368,ARIMA (+기준 곡선)
2021-08-25 03:00:00,2021-08-25 03:30:00,112.1446561584914,ARIMA (+기준 곡선)
2021-08-25 03:00:00,2021-08-25 03:45:00,110.51198837065752,ARIMA (+기준 곡선)
2021-08-25 04:00:00,2021-08-25 04:00:00,105.15517196182718,ARIMA (+기준 곡선)
2021-08-25 04:00:00,2021-08-25 04:15:00,105.14121206706776,ARIMA (+기준 곡선)
2021-08-25 04:00:00,2021-08-25 04:30:00,103.72440226528312,ARIMA (+기준 곡선)
2021-08-25 04:00:00,2021-08-25 04:45:00,101.34753766534286,ARIMA (+기준 곡선)
2021-08-25 05:00:00,2021-08-25 05:00:00,87.72857798496749,ARIMA (+기준 곡선)
2021-08-25 05:00:00,2021-08-25 05:15:00,78.43479013098958,ARIMA (+기준 곡선)
2021-08-25 05:00:00,2021-08-25 05:30:00,96.17958469611604,ARIMA (+기준 곡선)
2021-08-25 05:00:00,2021-08-25 05:45:00,108.69847202643116,ARIMA (+기준 곡선)
2021-08-25 06:00:00,2021-08-25 06:00:00,109.6352046400513,ARIMA (+기준 곡선)
2021-08-25 06:00:00,2021-08-25 06:15:00,108.894190238319,ARIMA (+기준 곡선)
2021-08-25 06:00:00,2021-08-25 06:30:00,108.18485843097945,ARIMA (+기준 곡선)
2021-08-25 06:00:00,2021-08-25 06:45:00,107.29738170571991,ARIMA (+기준 곡선)
2021-08-25 07:00:00,2021-08-25 07:00:00,108.13091438706428,ARIMA (+기준 곡선)
2021-08-25 07:00:00,2021-08-25 07:15:00,120.35752239495902,ARIMA (+기준 곡선)
2021-08-25 07:00:00,2021-08-25 07:30:00,144.95342673607053,ARIMA (+기준 곡선)
2021-08-25 07:00:00,2021-08-25 07:45:00,146.0284732375732,ARIMA (+기준 곡선)
2021-08-25 08:00:00,2021-08-25 08:00:00,167.91551147748464,ARIMA (+기준 곡선)
2021-08-25 08:00:00,2021-08-25 08:15:00,189.0006356531292,ARIMA (+기준 곡선)
2021-08-25 08:00:00,2021-08-25 08:30:00,193.8257408133452,ARIMA (+기준 곡선)
2021-08-25 08:00:00,2021-08-25 08:45:00,190.81011983174733,ARIMA (+기준 곡선)
2021-08-25 09:00:00,2021-08-25 09:00:00,173.93350872674137,ARIMA (+기준 곡선)
2021-08-25 09:00:00,2021-08-25 09:15:00,176.37127144855708,ARIMA (+기준 곡선)
2021-08-25 09:00:00,2021-08-25 09:30:00,179.634411589275,ARIMA (+기준 곡선)
2021-08-25 09:00:00,2021-08-25 09:45:00,181.26114833669743,ARIMA (+기준 곡선)
2021-08-25 10:00:00,2021-08-25 10:00:00,146.66826577848727,ARIMA (+기준 곡선)
2021-08-25 10:00:00,2021-08-25 10:15:00,177.37543052029642,ARIMA (+기준 곡선)
2021-08-25 10:00:00,2021-08-25 10:30:00,179.6921539781479,ARIMA (+기준 곡선)
2021-08-25 10:00:00,2021-08-25 10:45:00,179.36162644573724,ARIMA (+기준 곡선)
2021-08-25 11:00:00,2021-08-25 11:00:00,185.14676767259843,ARIMA (+기준 곡선)
2021-08-25 11:00:00,2021-08-25 11:15:00,188.65348120425804,ARIMA (+기준 곡선)
2021-08-25 11:00:00,2021-08-25 11:30:00,190.7538404068495,ARIMA (+기준 곡선)
2021-08-25 11:00:00,2021-08-25 11:45:00,187.4578112608777,ARIMA (+기준 곡선)
2021-08-25 12:00:00,2021-08-25 12:00:00,116.620592802612,ARIMA (+기준 곡선)
2021-08-25 12:00:00,2021-08-25 12:15:00,97.90178460970246,ARIMA (+기준 곡선)
2021-08-25 12:00:00,2021-08-25 12:30:00,98.64565197025682,ARIMA (+기준 곡선)
2021-08-25 12:00:00,2021-08-25 12:45:00,106.94972527792164,ARIMA (+기준 곡선)
2021-08-25 13:00:00,2021-08-25 13:00:00,164.00252085776586,ARIMA (+기준 곡선)
2021-08-25 13:00:00,2021-08-25 13:15:00,180.1713961403501,ARIMA (+기준 곡선)
2021-08-25 13:00:00,2021-08-25 13:30:00,183.2190318019868,ARIMA (+기준 곡선)
2021-08-25 13:00:00,2021-08-25 13:45:00,184.13247886257463,ARIMA (+기준 곡선)
2021-08-25 14:00:00,2021-08-25 14:00:00,178.60848658447898,ARIMA (+기준 곡선)
2021-08-25 14:00:00,2021-08-25 14:15:00,176.81080646994255,ARIMA (+기준 곡선)
2021-08-25 14:00:00,2021-08-25 14:30:00,179.10599643060647,ARIMA (+기준 곡선)
2021-08-25 14:00:00,2021-08-25 14:45:00,178.63820323838152,ARIMA (+기준 곡선)
2021-08-25 15:00:00,2021-08-25 15:00:00,141.6460371108754,ARIMA (+기준 곡선)
2021-08-25 15:00:00,2021-08-25 15:15:00,147.62525798692786,ARIMA (+기준 곡선)
2021-08-25 15:00:00,2021-08-25 15:30:00,175.96616246903434,ARIMA (+기준 곡선)
2021-08-25 15:00:00,2021-08-25 15:45:00,178.7475127432658,ARIMA (+기준 곡선)
2021-08-25 16:00:00,2021-08-25 16:00:00,179.6342385089195,ARIMA (+기준 곡선)
2021-08-25 16:00:00,2021-08-25 16:15:00,173.98064790895282,ARIMA (+기준 곡선)
2021-08-25 16:00:00,2021-08-25 16:30:00,171.26048127116508,ARIMA (+기준 곡선)
2021-08-25 16:00:00,2021-08-25 16:45:00,168.5141600955805,ARIMA (+기준 곡선)
2021-08-25 17:00:00,2021-08-25 17:00:00,117.98113145164774,ARIMA (+기준 곡선)
2021-08-25 17:00:00,2021-08-25 17:15:00,105.16673457602027,ARIMA (+기준 곡선)
2021-08-25 17:00:00,2021-08-25 17:30:00,146.68859927020776,ARIMA (+기준 곡선)
2021-08-25 17:00:00,2021-08-25 17:45:00,161.9447753444091,ARIMA (+기준 곡선)
2021-08-25 18:00:00,2021-08-25 18:00:00,172.30339637580445,ARIMA (+기준 곡선)
2021-08-25 18:00:00,2021-08-25 18:15:00,169.81864129611432,ARIMA (+기준 곡선)
2021-08-25 18:00:00,2021-08-25 18:30:00,166.27258548179148,ARIMA (+기준 곡선)
2021-08-25 18:00:00,2021-08-25 18:45:00,166.00505048353097,ARIMA (+기준 곡선)
2021-08-25 19:00:00,2021-08-25 19:00:00,159.9435143565174,ARIMA (+기준 곡선)
2021-08-25 19:00:00,2021-08-25 19:15:00,155.4346963474347,ARIMA (+기준 곡선)
2021-08-25 19:00:00,2021-08-25 19:30:00,155.22560698202597,ARIMA (+기준 곡선)
2021-08-25 19:00:00,2021-08-25 19:45:00,136.18846443530384,ARIMA (+기준 곡선)
2021-08-25 20:00:00,2021-08-25 20:00:00,107.00627578099277,ARIMA (+기준 곡선)
2021-08-25 20:00:00,2021-08-25 20:15:00,118.26301036762962,ARIMA (+기준 곡선)
2021-08-25 20:00:00,2021-08-25 20:30:00,119.95126472835136,ARIMA (+기준 곡선)
2021-08-25 20:00:00,2021-08-25 20:45:00,117.419424628282,ARIMA (+기준 곡선)
2021-08-25 21:00:00,2021-08-25 21:00:00,118.92350023835915,ARIMA (+기준 곡선)
2021-08-25 21:00:00,2021-08-25 21:15:00,114.02427969729584,ARIMA (+기준 곡선)
2021-08-25 21:00:00,2021-08-25 21:30:00,114.57221460985906,ARIMA (+기준 곡선)
2021-08-25 21:00:00,2021-08-25 21:45:00,115.46372179596985,ARIMA (+기준 곡선)
2021-08-25 22:00:00,2021-08-25 22:00:00,99.76357563741716,ARIMA (+기준 곡선)
2021-08-25 22:00:00,2021-08-25 22:15:00,111.889824533167,ARIMA (+기준 곡선)
2021-08-25 22:00:00,2021-08-25 22:30:00,112.92390461081858,ARIMA (+기준 곡선)
2021-08-25 22:00:00,2021-08-25 22:45:00,110.96962236489912,ARIMA (+기준 곡선)
2021-08-25 23:00:00,2021-08-25 23:00:00,112.83934378270158,ARIMA (+기준 곡선)
2021-08-25 23:00:00,2021-08-25 23:15:00,109.80296972896062,ARIMA (+기준 곡선)
2021-08-25 23:00:00,2021-08-25 23:30:00,106.6764820420788,ARIMA (+기준 곡선)
2021-08-25 23:00:00,2021-08-25 23:45:00,88.98376388879743,ARIMA (+기준 곡선)
2021-08-26 00:00:00,2021-08-26 00:00:00,68.61341893476148,ARIMA (+기준 곡선)
2021-08-26 00:00:00,2021-08-26 00:15:00,67.76179842350328,ARIMA (+기준 곡선)
2021-08-26 00:00:00,2021-08-26 00:30:00,66.7976285376999,ARIMA (+기준 곡선)
2021-08-26 00:00:00,2021-08-26 00:45:00,65.61102408722233,ARIMA (+기준 곡선)
2021-08-26 01:00:00,2021-08-26 01:00:00,91.56660349380788,ARIMA (+기준 곡선)
2021-08-26 01:00:00,2021-08-26 01:15:00,102.95312721443496,ARIMA (+기준 곡선)
2021-08-26 01:00:00,2021-08-26 01:30:00,105.88918689073758,ARIMA (+기준 곡선)
2021-08-26 01:00:00,2021-08-26 01:45:00,104.97203752815444,ARIMA (+기준 곡선)
2021-08-26 02:00:00,2021-08-26 02:00:00,104.7766810152108,ARIMA (+기준 곡선)
2021-08-26 02:00:00,2021-08-26 02:15:00,107.72767574509416,ARIMA (+기준 곡선)
2021-08-26 02:00:00,2021-08-26 02:30:00,107.38896404700252,ARIMA (+기준 곡선)
2021-08-26 02:00:00,2021-08-26 02:45:00,104.71980962759244,ARIMA (+기준 곡선)
2021-08-26 03:00:00,2021-08-26 03:00:00,100.87440614825692,ARIMA (+기준 곡선)
2021-08-26 03:00:00,2021-08-26 03:15:00,112.13486325574208,ARIMA (+기준 곡선)
2021-08-26 03:00:00,2021-08-26 03:30:00,114.4771968733416,ARIMA (+기준 곡선)
2021-08-26 03:00:00,2021-08-26 03:45:00,112.43030568541188,ARIMA (+기준 곡선)
2021-08-26 04:00:00,2021-08-26 04:00:00,102.74825573849472,ARIMA (+기준 곡선)
2021-08-26 04:00:00,2021-08-26 04:15:00,104.2097715032766,ARIMA (+기준 곡선)
2021-08-26 04:00:00,2021-08-26 04:30:00,103.17718750889046,ARIMA (+기준 곡선)
2021-08-26 04:00:00,2021-08-26 04:45:00,100.8633853109576,ARIMA (+기준 곡선)
2021-08-26 05:00:00,2021-08-26 05:00:00,85.93060162208926,ARIMA (+기준 곡선)
2021-08-26 05:00:00,2021-08-26 05:15:00,77.5357925689018,ARIMA (+기준 곡선)
2021-08-26 05:00:00,2021-08-26 05:30:00,95.50923981652733,ARIMA (+기준 곡선)
2021-08-26 05:00:00,2021-08-26 05:45:00,108.05995729358608,ARIMA (+기준 곡선)
2021-08-26 06:00:00,2021-08-26 06:00:00,109.10035833940664,ARIMA (+기준 곡선)
2021-08-26 06:00:00,2021-08-26 06:15:00,108.70585167909265,ARIMA (+기준 곡선)
2021-08-26 06:00:00,2021-08-26 06:30:00,108.0381282390552,ARIMA (+기준 곡선)
2021-08-26 06:00:00,2021-08-26 06:45:00,107.10662812078864,ARIMA (+기준 곡선)
2021-08-26 07:00:00,2021-08-26 07:00:00,111.36347106743032,ARIMA (+기준 곡선)
2021-08-26 07:00:00,2021-08-26 07:15:00,121.69685783276968,ARIMA (+기준 곡선)
2021-08-26 07:00:00,2021-08-26 07:30:00,145.63981836559853,ARIMA (+기준 곡선)
2021-08-26 07:00:00,2021-08-26 07:45:00,146.4404381393134,ARIMA (+기준 곡선)
2021-08-26 08:00:00,2021-08-26 08:00:00,165.28277562856113,ARIMA (+기준 곡선)
2021-08-26 08:00:00,2021-08-26 08:15:00,186.28779157184204,ARIMA (+기준 곡선)
2021-08-26 08:00:00,2021-08-26 08:30:00,191.16977198591053,ARIMA (+기준 곡선)
2021-08-26 08:00:00,2021-08-26 08:45:00,188.24478294043976,ARIMA (+기준 곡선)
2021-08-26 09:00:00,2021-08-26 09:00:00,185.96663852125005,ARIMA (+기준 곡선)
2021-08-26 09:00:00,2021-08-26 09:15:00,183.2746436105568,ARIMA (+기준 곡선)
2021-08-26 09:00:00,2021-08-26 09:30:00,184.70763749839765,ARIMA (+기준 곡선)
2021-08-26 09:00:00,2021-08-26 09:45:00,185.517035230744,ARIMA (+기준 곡선)
2021-08-26 10:00:00,2021-08-26 10:00:00,156.73613933781505,ARIMA (+기준 곡선)
2021-08-26 10:00:00,2021-08-26 10:15:00,186.73652162570835,ARIMA (+기준 곡선)
2021-08-26 10:00:00,2021-08-26 10:30:00,188.3573425453183,ARIMA (+기준 곡선)
2021-08-26 10:00:00,2021-08-26 10:45:00,187.37729962599187,ARIMA (+기준 곡선)
2021-08-26 11:00:00,2021-08-26 11:00:00,190.66130762905925,ARIMA (+기준 곡선)
2021-08-26 11:00:00,2021-08-26 11:15:00,193.33026497300028,ARIMA (+기준 곡선)
2021-08-26 11:00:00,2021-08-26 11:30:00,194.95998288394117,ARIMA (+기준 곡선)
2021-08-26 11:00:00,2021-08-26 11:45:00,191.3226593495229,ARIMA (+기준 곡선)
2021-08-26 12:00:00,2021-08-26 12:00:00,127.1366215146444,ARIMA (+기준 곡선)
2021-08-26 12:00:00,2021-08-26 12:15:00,106.21680057608305,ARIMA (+기준 곡선)
2021-08-26 12:00:00,2021-08-26 12:30:00,105.95024034741922,ARIMA (+기준 곡선)
2021-08-26 12:00:00,2021-08-26 12:45:00,113.63117699575106,ARIMA (+기준 곡선)
2021-08-26 13:00:00,2021-08-26 13:00:00,170.6020559258823,ARIMA (+기준 곡선)
2021-08-26 13:00:00,2021-08-26 13:15:00,184.8311301691784,ARIMA (+기준 곡선)
2021-08-26 13:00:00,2021-08-26 13:30:00,187.1388964056128,ARIMA (+기준 곡선)
2021-08-26 13:00:00,2021-08-26 13:45:00,187.68542759526449,ARIMA (+기준 곡선)
2021-08-26 14:00:00,2021-08-26 14:00:00,191.61235913975185,ARIMA (+기준 곡선)
2021-08-26 14:00:00,2021-08-26 14:15:00,186.18362342001444,ARIMA (+기준 곡선)
2021-08-26 14:00:00,2021-08-26 14:30:00,187.037192324362,ARIMA (+기준 곡선)
2021-08-26 14:00:00,2021-08-26 14:45:00,185.8139991091216,ARIMA (+기준 곡선)
2021-08-26 15:00:00,2021-08-26 15:00:00,147.36223213252205,ARIMA (+기준 곡선)
2021-08-26 15:00:00,2021-08-26 15:15:00,153.20458667399592,ARIMA (+기준 곡선)
2021-08-26 15:00:00,2021-08-26 15:30:00,181.284168020167,ARIMA (+기준 곡선)
2021-08-26 15:00:00,2021-08-26 15:45:00,183.78660745451305,ARIMA (+기준 곡선)
2021-08-26 16:00:00,2021-08-26 16:00:00,189.10979323847604,ARIMA (+기준 곡선)
2021-08-26 16:00:00,2021-08-26 16:15:00,183.4696657248358,ARIMA (+기준 곡선)
2021-08-26 16:00:00,2021-08-26 16:30:00,180.3549484280343,ARIMA (+기준 곡선)
2021-08-26 16:00:00,2021-08-26 16:45:00,177.12757918094152,ARIMA (+기준 곡선)
2021-08-26 17:00:00,2021-08-26 17:00:00,116.89238515426464,ARIMA (+기준 곡선)
2021-08-26 17:00:00,2021-08-26 17:15:00,108.83757790642724,ARIMA (+기준 곡선)
2021-08-26 17:00:00,2021-08-26 17:30:00,151.6041020072295,ARIMA (+기준 곡선)
2021-08-26 17:00:00,2021-08-26 17:45:00,167.0700251782017,ARIMA (+기준 곡선)
2021-08-26 18:00:00,2021-08-26 18:00:00,163.7336723852589,ARIMA (+기준 곡선)
2021-08-26 18:00:00,2021-08-26 18:15:00,164.65873722929237,ARIMA (+기준 곡선)
2021-08-26 18:00:00,2021-08-26 18:30:00,162.4318045366679,ARIMA (+기준 곡선)
2021-08-26 18:00:00,2021-08-26 18:45:00,162.83170541841704,ARIMA (+기준 곡선)
2021-08-26 19:00:00,2021-08-26 19:00:00,160.1100765905437,ARIMA (+기준 곡선)
2021-08-26 19:00:00,2021-08-26 19:15:00,154.55154227569696,ARIMA (+기준 곡선)
2021-08-26 19:00:00,2021-08-26 19:30:00,154.18822965727864,ARIMA (+기준 곡선)
2021-08-26 19:00:00,2021-08-26 19:45:00,135.2503633230756,ARIMA (+기준 곡선)
2021-08-26 20:00:00,2021-08-26 20:00:00,114.92334430856604,ARIMA (+기준 곡선)
2021-08-26 20:00:00,2021-08-26 20:15:00,125.53441592236857,ARIMA (+기준 곡선)
2021-08-26 20:00:00,2021-08-26 20:30:00,126.76979067270396,ARIMA (+기준 곡선)
2021-08-26 20:00:00,2021-08-26 20:45:00,123.86583259826834,ARIMA (+기준 곡선)
2021-08-26 21:00:00,2021-08-26 21:00:00,119.3598437953664,ARIMA (+기준 곡선)
2021-08-26 21:00:00,2021-08-26 21:15:00,116.41054287120647,ARIMA (+기준 곡선)
2021-08-26 21:00:00,2021-08-26 21:30:00,117.4901876388707,ARIMA (+기준 곡선)
2021-08-26 21:00:00,2021-08-26 21:45:00,118.49399499597342,ARIMA (+기준 곡선)
2021-08-26 22:00:00,2021-08-26 22:00:00,103.00747643030572,ARIMA (+기준 곡선)
2021-08-26 22:00:00,2021-08-26 22:15:00,115.14070733113098,ARIMA (+기준 곡선)
2021-08-26 22:00:00,2021-08-26 22:30:00,116.12795890560196,ARIMA (+기준 곡선)
2021-08-26 22:00:00,2021-08-26 22:45:00,114.11511564629186,ARIMA (+기준 곡선)
2021-08-26 23:00:00,2021-08-26 23:00:00,110.527423709338,ARIMA (+기준 곡선)
2021-08-26 23:00:00,2021-08-26 23:15:00,109.7518237330804,ARIMA (+기준 곡선)
2021-08-26 23:00:00,2021-08-26 23:30:00,107.37411478605998,ARIMA (+기준 곡선)
2021-08-26 23:00:00,2021-08-26 23:45:00,89.97167935280815,ARIMA (+기준 곡선)
2021-08-27 00:00:00,2021-08-27 00:00:00,74.55514124534844,ARIMA (+기준 곡선)
2021-08-27 00:00:00,2021-08-27 00:15:00,71.62224877844353,ARIMA (+기준 곡선)
2021-08-27 00:00:00,2021-08-27 00:30:00,69.99628655891104,ARIMA (+기준 곡선)
2021-08-27 00:00:00,2021-08-27 00:45:00,68.57576240340487,ARIMA (+기준 곡선)
2021-08-27 01:00:00,2021-08-27 01:00:00,91.2020608714334,ARIMA (+기준 곡선)
2021-08-27 01:00:00,2021-08-27 01:15:00,103.33822528637872,ARIMA (+기준 곡선)
2021-08-27 01:00:00,2021-08-27 01:30:00,106.57413001952892,ARIMA (+기준 곡선)
2021-08-27 01:00:00,2021-08-27 01:45:00,105.81561942095816,ARIMA (+기준 곡선)
2021-08-27 02:00:00,2021-08-27 02:00:00,105.43664543996506,ARIMA (+기준 곡선)
2021-08-27 02:00:00,2021-08-27 02:15:00,108.416058807825,ARIMA (+기준 곡선)
2021-08-27 02:00:00,2021-08-27 02:30:00,108.1558737255262,ARIMA (+기준 곡선)
2021-08-27 02:00:00,2021-08-27 02:45:00,105.5739921413426,ARIMA (+기준 곡선)
2021-08-27 03:00:00,2021-08-27 03:00:00,96.18116076267911,ARIMA (+기준 곡선)
2021-08-27 03:00:00,2021-08-27 03:15:00,109.62593158044665,ARIMA (+기준 곡선)
2021-08-27 03:00:00,2021-08-27 03:30:00,112.8008132690472,ARIMA (+기준 곡선)
2021-08-27 03:00:00,2021-08-27 03:45:00,111.1663834365478,ARIMA (+기준 곡선)
2021-08-27 04:00:00,2021-08-27 04:00:00,110.17045320808448,ARIMA (+기준 곡선)
2021-08-27 04:00:00,2021-08-27 04:15:00,108.62942548381405,ARIMA (+기준 곡선)
2021-08-27 04:00:00,2021-08-27 04:30:00,106.63074974899942,ARIMA (+기준 곡선)
2021-08-27 04:00:00,2021-08-27 04:45:00,103.96574104118966,ARIMA (+기준 곡선)
2021-08-27 05:00:00,2021-08-27 05:00:00,83.33241657838546,ARIMA (+기준 곡선)
2021-08-27 05:00:00,2021-08-27 05:15:00,76.49384030479395,ARIMA (+기준 곡선)
2021-08-27 05:00:00,2021-08-27 05:30:00,95.04192788795724,ARIMA (+기준 곡선)
2021-08-27 05:00:00,2021-08-27 05:45:00,107.86410425504458,ARIMA (+기준 곡선)
2021-08-27 06:00:00,2021-08-27 06:00:00,107.067424911695,ARIMA (+기준 곡선)
2021-08-27 06:00:00,2021-08-27 06:15:00,106.79714776636897,ARIMA (+기준 곡선)
2021-08-27 06:00:00,2021-08-27 06:30:00,106.34126625907903,ARIMA (+기준 곡선)
2021-08-27 06:00:00,2021-08-27 06:45:00,105.63224930015338,ARIMA (+기준 곡선)
2021-08-27 07:00:00,2021-08-27 07:00:00,105.12563176755852,ARIMA (+기준 곡선)
2021-08-27 07:00:00,2021-08-27 07:15:00,117.80345410674344,ARIMA (+기준 곡선)
2021-08-27 07:00:00,2021-08-27 07:30:00,142.66419802692985,ARIMA (+기준 곡선)
2021-08-27 07:00:00,2021-08-27 07:45:00,143.93680142532736,ARIMA (+기준 곡선)
2021-08-27 08:00:00,2021-08-27 08:00:00,158.47384678023008,ARIMA (+기준 곡선)
2021-08-27 08:00:00,2021-08-27 08:15:00,181.0025364801461,ARIMA (+기준 곡선)
2021-08-27 08:00:00,2021-08-27 08:30:00,186.63047801970225,ARIMA (+기준 곡선)
2021-08-27 08:00:00,2021-08-27 08:45:00,184.1931023142388,ARIMA (+기준 곡선)
2021-08-27 09:00:00,2021-08-27 09:00:00,176.82310134794045,ARIMA (+기준 곡선)
2021-08-27 09:00:00,2021-08-27 09:15:00,177.91747200030517,ARIMA (+기준 곡선)
2021-08-27 09:00:00,2021-08-27 09:30:00,180.71614909742388,ARIMA (+기준 곡선)
2021-08-27 09:00:00,2021-08-27 09:45:00,182.14677015429552,ARIMA (+기준 곡선)
2021-08-27 10:00:00,2021-08-27 10:00:00,141.51642135758786,ARIMA (+기준 곡선)
2021-08-27 10:00:00,2021-08-27 10:15:00,175.29279450777952,ARIMA (+기준 곡선)
2021-08-27 10:00:00,2021-08-27 10:30:00,178.5647831854606,ARIMA (+기준 곡선)
2021-08-27 10:00:00,2021-08-27 10:45:00,178.5542074212516,ARIMA (+기준 곡선)
2021-08-27 11:00:00,2021-08-27 11:00:00,176.7237346225258,ARIMA (+기준 곡선)
2021-08-27 11:00:00,2021-08-27 11:15:00,182.9846701789518,ARIMA (+기준 곡선)
2021-08-27 11:00:00,2021-08-27 11:30:00,186.13148476288623,ARIMA (+기준 곡선)
2021-08-27 11:00:00,2021-08-27 11:45:00,183.35152424158568,ARIMA (+기준 곡선)
2021-08-27 12:00:00,2021-08-27 12:00:00,112.3038417643218,ARIMA (+기준 곡선)
2021-08-27 12:00:00,2021-08-27 12:15:00,94.95649448509413,ARIMA (+기준 곡선)
2021-08-27 12:00:00,2021-08-27 12:30:00,96.22263399324048,ARIMA (+기준 곡선)
2021-08-27 12:00:00,2021-08-27 12:45:00,104.78512419743338,ARIMA (+기준 곡선)
2021-08-27 13:00:00,2021-08-27 13:00:00,167.46236637397632,ARIMA (+기준 곡선)
2021-08-27 13:00:00,2021-08-27 13:15:00,180.90495215760416,ARIMA (+기준 곡선)
2021-08-27 13:00:00,2021-08-27 13:30:00,183.14242958080376,ARIMA (+기준 곡선)
2021-08-27 13:00:00,2021-08-27 13:45:00,183.81810568978025,ARIMA (+기준 곡선)
2021-08-27 14:00:00,2021-08-27 14:00:00,171.29600561677046,ARIMA (+기준 곡선)
2021-08-27 14:00:00,2021-08-27 14:15:00,172.54192293646952,ARIMA (+기준 곡선)
2021-08-27 14:00:00,2021-08-27 14:30:00,175.88214320672162,ARIMA (+기준 곡선)
2021-08-27 14:00:00,2021-08-27 14:45:00,175.84988673455712,ARIMA (+기준 곡선)
2021-08-27 15:00:00,2021-08-27 15:00:00,126.82019451746632,ARIMA (+기준 곡선)
2021-08-27 15:00:00,2021-08-27 15:15:00,137.5291888266505,ARIMA (+기준 곡선)
2021-08-27 15:00:00,2021-08-27 15:30:00,167.67040115643,ARIMA (+기준 곡선)
2021-08-27 15:00:00,2021-08-27 15:45:00,171.34191837831668,ARIMA (+기준 곡선)
2021-08-27 16:00:00,2021-08-27 16:00:00,165.09142362976235,ARIMA (+기준 곡선)
2021-08-27 16:00:00,2021-08-27 16:15:00,164.28005683937047,ARIMA (+기준 곡선)
2021-08-27 16:00:00,2021-08-27 16:30:00,163.35604315310056,ARIMA (+기준 곡선)
2021-08-27 16:00:00,2021-08-27 16:45:00,161.46423735283122,ARIMA (+기준 곡선)
2021-08-27 17:00:00,2021-08-27 17:00:00,114.87903624722708,ARIMA (+기준 곡선)
2021-08-27 17:00:00,2021-08-27 17:15:00,101.89366969403277,ARIMA (+기준 곡선)
2021-08-27 17:00:00,2021-08-27 17:30:00,143.47587131237813,ARIMA (+기준 곡선)
2021-08-27 17:00:00,2021-08-27 17:45:00,158.85161266848638,ARIMA (+기준 곡선)
2021-08-27 18:00:00,2021-08-27 18:00:00,162.2003851012154,ARIMA (+기준 곡선)
2021-08-27 18:00:00,2021-08-27 18:15:00,163.3793452606898,ARIMA (+기준 곡선)
2021-08-27 18:00:00,2021-08-27 18:30:00,161.11351842935298,ARIMA (+기준 곡선)
2021-08-27 18:00:00,2021-08-27 18:45:00,161.39721472896974,ARIMA (+기준 곡선)
2021-08-27 19:00:00,2021-08-27 19:00:00,139.29426236988627,ARIMA (+기준 곡선)
2021-08-27 19:00:00,2021-08-27 19:15:00,139.76744830177452,ARIMA (+기준 곡선)
2021-08-27 19:00:00,2021-08-27 19:30:00,141.65335548107046,ARIMA (+기준 곡선)
2021-08-27 19:00:00,2021-08-27 19:45:00,123.79424301673777,ARIMA (+기준 곡선)
2021-08-27 20:00:00,2021-08-27 20:00:00,99.85960592777428,ARIMA (+기준 곡선)
2021-08-27 20:00:00,2021-08-27 20:15:00,110.2639562653858,ARIMA (+기준 곡선)
2021-08-27 20:00:00,2021-08-27 20:30:00,112.00712744987445,ARIMA (+기준 곡선)
2021-08-27 20:00:00,2021-08-27 20:45:00,109.7738691117151,ARIMA (+기준 곡선)
2021-08-27 21:00:00,2021-08-27 21:00:00,107.452756717683,ARIMA (+기준 곡선)
2021-08-27 21:00:00,2021-08-27 21:15:00,105.70010394535396,ARIMA (+기준 곡선)
2021-08-27 21:00:00,2021-08-27 21:30:00,107.41785275145531,ARIMA (+기준 곡선)
2021-08-27 21:00:00,2021-08-27 21:45:00,108.86783433360586,ARIMA (+기준 곡선)
2021-08-27 22:00:00,2021-08-27 22:00:00,84.18351119383183,ARIMA (+기준 곡선)
2021-08-27 22:00:00,2021-08-27 22:15:00,100.06204495922424,ARIMA (+기준 곡선)
2021-08-27 22:00:00,2021-08-27 22:30:00,102.59711270556971,ARIMA (+기준 곡선)
2021-08-27 22:00:00,2021-08-27 22:45:00,101.43704513839762,ARIMA (+기준 곡선)
2021-08-27 23:00:00,2021-08-27 23:00:00,102.47219711633876,ARIMA (+기준 곡선)
2021-08-27 23:00:00,2021-08-27 23:15:00,100.5806557875814,ARIMA (+기준 곡선)
2021-08-27 23:00:00,2021-08-27 23:30:00,98.0733903113859,ARIMA (+기준 곡선)
2021-08-27 23:00:00,2021-08-27 23:45:00,80.8181118173547,ARIMA (+기준 곡선)
2021-08-28 00:00:00,2021-08-28 00:00:00,60.8343378320502,ARIMA (+기준 곡선)
2021-08-28 00:00:00,2021-08-28 00:15:00,56.50099761002799,ARIMA (+기준 곡선)
2021-08-28 00:00:00,2021-08-28 00:30:00,56.87763530122727,ARIMA (+기준 곡선)
2021-08-28 00:00:00,2021-08-28 00:45:00,57.45437117423108,ARIMA (+기준 곡선)
2021-08-28 01:00:00,2021-08-28 01:00:00,92.49010250184436,ARIMA (+기준 곡선)
2021-08-28 01:00:00,2021-08-28 01:15:00,101.33195291491452,ARIMA (+기준 곡선)
2021-08-28 01:00:00,2021-08-28 01:30:00,101.30254769308544,ARIMA (+기준 곡선)
2021-08-28 01:00:00,2021-08-28 01:45:00,101.54704956531712,ARIMA (+기준 곡선)
2021-08-28 02:00:00,2021-08-28 02:00:00,106.32604423765112,ARIMA (+기준 곡선)
2021-08-28 02:00:00,2021-08-28 02:15:00,104.57174196960968,ARIMA (+기준 곡선)
2021-08-28 02:00:00,2021-08-28 02:30:00,102.33372283606448,ARIMA (+기준 곡선)
2021-08-28 02:00:00,2021-08-28 02:45:00,99.72461633791862,ARIMA (+기준 곡선)
2021-08-28 03:00:00,2021-08-28 03:00:00,88.12038644835444,ARIMA (+기준 곡선)
2021-08-28 03:00:00,2021-08-28 03:15:00,97.08010349734217,ARIMA (+기준 곡선)
2021-08-28 03:00:00,2021-08-28 03:30:00,100.92240672782827,ARIMA (+기준 곡선)
2021-08-28 03:00:00,2021-08-28 03:45:00,105.05080981200716,ARIMA (+기준 곡선)
2021-08-28 04:00:00,2021-08-28 04:00:00,105.30160608068552,ARIMA (+기준 곡선)
2021-08-28 04:00:00,2021-08-28 04:15:00,99.73363191926464,ARIMA (+기준 곡선)
2021-08-28 04:00:00,2021-08-28 04:30:00,101.52612214067652,ARIMA (+기준 곡선)
2021-08-28 04:00:00,2021-08-28 04:45:00,100.05493145994512,ARIMA (+기준 곡선)
2021-08-28 05:00:00,2021-08-28 05:00:00,77.42345400272953,ARIMA (+기준 곡선)
2021-08-28 05:00:00,2021-08-28 05:15:00,70.71300821475025,ARIMA (+기준 곡선)
2021-08-28 05:00:00,2021-08-28 05:30:00,88.83293822013303,ARIMA (+기준 곡선)
2021-08-28 05:00:00,2021-08-28 05:45:00,99.77218093487669,ARIMA (+기준 곡선)
2021-08-28 06:00:00,2021-08-28 06:00:00,102.93029525180566,ARIMA (+기준 곡선)
2021-08-28 06:00:00,2021-08-28 06:15:00,96.8371932344246,ARIMA (+기준 곡선)
2021-08-28 06:00:00,2021-08-28 06:30:00,94.39863779672282,ARIMA (+기준 곡선)
2021-08-28 06:00:00,2021-08-28 06:45:00,89.47059821082595,ARIMA (+기준 곡선)
2021-08-28 07:00:00,2021-08-28 07:00:00,92.56900751022336,ARIMA (+기준 곡선)
2021-08-28 07:00:00,2021-08-28 07:15:00,79.6912069319796,ARIMA (+기준 곡선)
2021-08-28 07:00:00,2021-08-28 07:30:00,51.40187566759661,ARIMA (+기준 곡선)
2021-08-28 07:00:00,2021-08-28 07:45:00,32.19463128498716,ARIMA (+기준 곡선)
2021-08-28 08:00:00,2021-08-28 08:00:00,30.766479375156106,ARIMA (+기준 곡선)
2021-08-28 08:00:00,2021-08-28 08:15:00,26.78428809897284,ARIMA (+기준 곡선)
2021-08-28 08:00:00,2021-08-28 08:30:00,25.123350493428088,ARIMA (+기준 곡선)
2021-08-28 08:00:00,2021-08-28 08:45:00,24.999286914942623,ARIMA (+기준 곡선)
2021-08-28 09:00:00,2021-08-28 09:00:00,32.325088500054406,ARIMA (+기준 곡선)
2021-08-28 09:00:00,2021-08-28 09:15:00,30.241317137202145,ARIMA (+기준 곡선)
2021-08-28 09:00:00,2021-08-28 09:30:00,28.801553079704345,ARIMA (+기준 곡선)
2021-08-28 09:00:00,2021-08-28 09:45:00,28.29119792461266,ARIMA (+기준 곡선)
2021-08-28 10:00:00,2021-08-28 10:00:00,32.85001425869591,ARIMA (+기준 곡선)
2021-08-28 10:00:00,2021-08-28 10:15:00,31.616381281552226,ARIMA (+기준 곡선)
2021-08-28 10:00:00,2021-08-28 10:30:00,30.292203419856698,ARIMA (+기준 곡선)
2021-08-28 10:00:00,2021-08-28 10:45:00,29.11130533947498,ARIMA (+기준 곡선)
2021-08-28 11:00:00,2021-08-28 11:00:00,35.59936257377825,ARIMA (+기준 곡선)
2021-08-28 11:00:00,2021-08-28 11:15:00,34.20856239512149,ARIMA (+기준 곡선)
2021-08-28 11:00:00,2021-08-28 11:30:00,33.89760999704498,ARIMA (+기준 곡선)
2021-08-28 11:00:00,2021-08-28 11:45:00,32.7797026494585,ARIMA (+기준 곡선)
2021-08-28 12:00:00,2021-08-28 12:00:00,33.43752664952228,ARIMA (+기준 곡선)
2021-08-28 12:00:00,2021-08-28 12:15:00,31.15933468236112,ARIMA (+기준 곡선)
2021-08-28 12:00:00,2021-08-28 12:30:00,31.371352127459723,ARIMA (+기준 곡선)
2021-08-28 12:00:00,2021-08-28 12:45:00,30.423303417677307,ARIMA (+기준 곡선)
2021-08-28 13:00:00,2021-08-28 13:00:00,34.53404246090166,ARIMA (+기준 곡선)
2021-08-28 13:00:00,2021-08-28 13:15:00,32.94281933725448,ARIMA (+기준 곡선)
2021-08-28 13:00:00,2021-08-28 13:30:00,31.085115741495223,ARIMA (+기준 곡선)
2021-08-28 13:00:00,2021-08-28 13:45:00,30.20798320054708,ARIMA (+기준 곡선)
2021-08-28 14:00:00,2021-08-28 14:00:00,37.12171372365998,ARIMA (+기준 곡선)
2021-08-28 14:00:00,2021-08-28 14:15:00,34.270115133860685,ARIMA (+기준 곡선)
2021-08-28 14:00:00,2021-08-28 14:30:00,32.873828892053204,ARIMA (+기준 곡선)
2021-08-28 14:00:00,2021-08-28 14:45:00,33.01181078578384,ARIMA (+기준 곡선)
2021-08-28 15:00:00,2021-08-28 15:00:00,35.729891446163705,ARIMA (+기준 곡선)
2021-08-28 15:00:00,2021-08-28 15:15:00,34.14439819839415,ARIMA (+기준 곡선)
2021-08-28 15:00:00,2021-08-28 15:30:00,32.673922820639106,ARIMA (+기준 곡선)
2021-08-28 15:00:00,2021-08-28 15:45:00,32.548672382642664,ARIMA (+기준 곡선)
2021-08-28 16:00:00,2021-08-28 16:00:00,35.40201036650973,ARIMA (+기준 곡선)
2021-08-28 16:00:00,2021-08-28 16:15:00,33.37606928909624,ARIMA (+기준 곡선)
2021-08-28 16:00:00,2021-08-28 16:30:00,32.35548087515507,ARIMA (+기준 곡선)
2021-08-28 16:00:00,2021-08-28 16:45:00,31.403138635527583,ARIMA (+기준 곡선)
2021-08-28 17:00:00,2021-08-28 17:00:00,40.428839203068165,ARIMA (+기준 곡선)
2021-08-28 17:00:00,2021-08-28 17:15:00,37.57196806423412,ARIMA (+기준 곡선)
2021-08-28 17:00:00,2021-08-28 17:30:00,36.01105174781792,ARIMA (+기준 곡선)
2021-08-28 17:00:00,2021-08-28 17:45:00,35.22507897666118,ARIMA (+기준 곡선)
2021-08-28 18:00:00,2021-08-28 18:00:00,28.161211421089625,ARIMA (+기준 곡선)
2021-08-28 18:00:00,2021-08-28 18:15:00,30.20562247364072,ARIMA (+기준 곡선)
2021-08-28 18:00:00,2021-08-28 18:30:00,30.21219727342659,ARIMA (+기준 곡선)
2021-08-28 18:00:00,2021-08-28 18:45:00,30.281939680609405,ARIMA (+기준 곡선)
2021-08-28 19:00:00,2021-08-28 19:00:00,26.0683886745796,ARIMA (+기준 곡선)
2021-08-28 19:00:00,2021-08-28 19:15:00,26.561764848841776,ARIMA (+기준 곡선)
2021-08-28 19:00:00,2021-08-28 19:30:00,25.85613863067174,ARIMA (+기준 곡선)
2021-08-28 19:00:00,2021-08-28 19:45:00,25.444751435814972,ARIMA (+기준 곡선)
2021-08-28 20:00:00,2021-08-28 20:00:00,23.04257240550814,ARIMA (+기준 곡선)
2021-08-28 20:00:00,2021-08-28 20:15:00,23.65228130612232,ARIMA (+기준 곡선)
2021-08-28 20:00:00,2021-08-28 20:30:00,24.408175781766523,ARIMA (+기준 곡선)
2021-08-28 20:00:00,2021-08-28 20:45:00,24.716141953401472,ARIMA (+기준 곡선)
2021-08-28 21:00:00,2021-08-28 21:00:00,23.91363733228165,ARIMA (+기준 곡선)
2021-08-28 21:00:00,2021-08-28 21:15:00,24.217000788988976,ARIMA (+기준 곡선)
2021-08-28 21:00:00,2021-08-28 21:30:00,24.44909508884976,ARIMA (+기준 곡선)
2021-08-28 21:00:00,2021-08-28 21:45:00,24.76920290042633,ARIMA (+기준 곡선)
2021-08-28 22:00:00,2021-08-28 22:00:00,24.632949242735545,ARIMA (+기준 곡선)
2021-08-28 22:00:00,2021-08-28 22:15:00,26.219529960747987,ARIMA (+기준 곡선)
2021-08-28 22:00:00,2021-08-28 22:30:00,26.773776282101675,ARIMA (+기준 곡선)
2021-08-28 22:00:00,2021-08-28 22:45:00,24.580845521663605,ARIMA (+기준 곡선)
2021-08-28 23:00:00,2021-08-28 23:00:00,23.23841071322381,ARIMA (+기준 곡선)
2021-08-28 23:00:00,2021-08-28 23:15:00,23.1186638407608,ARIMA (+기준 곡선)
2021-08-28 23:00:00,2021-08-28 23:30:00,23.662496210367262,ARIMA (+기준 곡선)
2021-08-28 23:00:00,2021-08-28 23:45:00,24.145895300997264,ARIMA (+기준 곡선)
2021-08-29 00:00:00,2021-08-29 00:00:00,22.67988871729532,ARIMA (+기준 곡선)
2021-08-29 00:00:00,2021-08-29 00:15:00,23.04395865727523,ARIMA (+기준 곡선)
2021-08-29 00:00:00,2021-08-29 00:30:00,23.96207111172584,ARIMA (+기준 곡선)
2021-08-29 00:00:00,2021-08-29 00:45:00,24.39225643389646,ARIMA (+기준 곡선)
2021-08-29 01:00:00,2021-08-29 01:00:00,23.659686099125928,ARIMA (+기준 곡선)
2021-08-29 01:00:00,2021-08-29 01:15:00,24.008230197081797,ARIMA (+기준 곡선)
2021-08-29 01:00:00,2021-08-29 01:30:00,24.774705622168277,ARIMA (+기준 곡선)
2021-08-29 01:00:00,2021-08-29 01:45:00,26.49176581055128,ARIMA (+기준 곡선)
2021-08-29 02:00:00,2021-08-29 02:00:00,24.92256459246661,ARIMA (+기준 곡선)
2021-08-29 02:00:00,2021-08-29 02:15:00,23.679834610389246,ARIMA (+기준 곡선)
2021-08-29 02:00:00,2021-08-29 02:30:00,23.003590767567182,ARIMA (+기준 곡선)
2021-08-29 02:00:00,2021-08-29 02:45:00,23.566897202784126,ARIMA (+기준 곡선)
2021-08-29 03:00:00,2021-08-29 03:00:00,22.900836523222925,ARIMA (+기준 곡선)
2021-08-29 03:00:00,2021-08-29 03:15:00,23.507478471736786,ARIMA (+기준 곡선)
2021-08-29 03:00:00,2021-08-29 03:30:00,23.39687948978308,ARIMA (+기준 곡선)
2021-08-29 03:00:00,2021-08-29 03:45:00,23.23635701584289,ARIMA (+기준 곡선)
2021-08-29 04:00:00,2021-08-29 04:00:00,23.60152334381949,ARIMA (+기준 곡선)
2021-08-29 04:00:00,2021-08-29 04:15:00,24.19492525225485,ARIMA (+기준 곡선)
2021-08-29 04:00:00,2021-08-29 04:30:00,23.789852998867865,ARIMA (+기준 곡선)
2021-08-29 04:00:00,2021-08-29 04:45:00,23.480532030135773,ARIMA (+기준 곡선)
2021-08-29 05:00:00,2021-08-29 05:00:00,23.869422274519657,ARIMA (+기준 곡선)
2021-08-29 05:00:00,2021-08-29 05:15:00,24.019909049999868,ARIMA (+기준 곡선)
2021-08-29 05:00:00,2021-08-29 05:30:00,23.8953138400582,ARIMA (+기준 곡선)
2021-08-29 05:00:00,2021-08-29 05:45:00,23.72476428952797,ARIMA (+기준 곡선)
2021-08-29 06:00:00,2021-08-29 06:00:00,22.41484871152386,ARIMA (+기준 곡선)
2021-08-29 06:00:00,2021-08-29 06:15:00,22.984564630448123,ARIMA (+기준 곡선)
2021-08-29 06:00:00,2021-08-29 06:30:00,22.997138513529144,ARIMA (+기준 곡선)
2021-08-29 06:00:00,2021-08-29 06:45:00,22.9655574120096,ARIMA (+기준 곡선)
2021-08-29 07:00:00,2021-08-29 07:00:00,22.11348455258424,ARIMA (+기준 곡선)
2021-08-29 07:00:00,2021-08-29 07:15:00,22.814896162938044,ARIMA (+기준 곡선)
2021-08-29 07:00:00,2021-08-29 07:30:00,23.969711351966478,ARIMA (+기준 곡선)
2021-08-29 07:00:00,2021-08-29 07:45:00,23.64626913255931,ARIMA (+기준 곡선)
2021-08-29 08:00:00,2021-08-29 08:00:00,22.67001274236949,ARIMA (+기준 곡선)
2021-08-29 08:00:00,2021-08-29 08:15:00,23.935651150422164,ARIMA (+기준 곡선)
2021-08-29 08:00:00,2021-08-29 08:30:00,23.6487275664621,ARIMA (+기준 곡선)
2021-08-29 08:00:00,2021-08-29 08:45:00,23.75186619982547,ARIMA (+기준 곡선)
2021-08-29 09:00:00,2021-08-29 09:00:00,23.37128004452797,ARIMA (+기준 곡선)
2021-08-29 09:00:00,2021-08-29 09:15:00,24.339522268522742,ARIMA (+기준 곡선)
2021-08-29 09:00:00,2021-08-29 09:30:00,23.328951272362527,ARIMA (+기준 곡선)
2021-08-29 09:00:00,2021-08-29 09:45:00,22.853629401221365,ARIMA (+기준 곡선)
2021-08-29 10:00:00,2021-08-29 10:00:00,22.49733294242351,ARIMA (+기준 곡선)
2021-08-29 10:00:00,2021-08-29 10:15:00,22.592639608164543,ARIMA (+기준 곡선)
2021-08-29 10:00:00,2021-08-29 10:30:00,23.012062067410803,ARIMA (+기준 곡선)
2021-08-29 10:00:00,2021-08-29 10:45:00,23.39418178395561,ARIMA (+기준 곡선)
2021-08-29 11:00:00,2021-08-29 11:00:00,23.630492432238285,ARIMA (+기준 곡선)
2021-08-29 11:00:00,2021-08-29 11:15:00,24.866073541860885,ARIMA (+기준 곡선)
2021-08-29 11:00:00,2021-08-29 11:30:00,24.70610717609416,ARIMA (+기준 곡선)
2021-08-29 11:00:00,2021-08-29 11:45:00,23.648521048455585,ARIMA (+기준 곡선)
2021-08-29 12:00:00,2021-08-29 12:00:00,23.29903847311556,ARIMA (+기준 곡선)
2021-08-29 12:00:00,2021-08-29 12:15:00,24.454066970404742,ARIMA (+기준 곡선)
2021-08-29 12:00:00,2021-08-29 12:30:00,25.96653222163506,ARIMA (+기준 곡선)
2021-08-29 12:00:00,2021-08-29 12:45:00,25.478519438242174,ARIMA (+기준 곡선)
2021-08-29 13:00:00,2021-08-29 13:00:00,21.321140257685563,ARIMA (+기준 곡선)
2021-08-29 13:00:00,2021-08-29 13:15:00,22.419355315585047,ARIMA (+기준 곡선)
2021-08-29 13:00:00,2021-08-29 13:30:00,22.351071307879625,ARIMA (+기준 곡선)
2021-08-29 13:00:00,2021-08-29 13:45:00,22.58612779848384,ARIMA (+기준 곡선)
2021-08-29 14:00:00,2021-08-29 14:00:00,20.650746184357043,ARIMA (+기준 곡선)
2021-08-29 14:00:00,2021-08-29 14:15:00,21.5720813482502,ARIMA (+기준 곡선)
2021-08-29 14:00:00,2021-08-29 14:30:00,23.2377728386884,ARIMA (+기준 곡선)
2021-08-29 14:00:00,2021-08-29 14:45:00,23.621253424036414,ARIMA (+기준 곡선)
2021-08-29 15:00:00,2021-08-29 15:00:00,21.148476506035927,ARIMA (+기준 곡선)
2021-08-29 15:00:00,2021-08-29 15:15:00,21.96911336208219,ARIMA (+기준 곡선)
2021-08-29 15:00:00,2021-08-29 15:30:00,21.77364713336922,ARIMA (+기준 곡선)
2021-08-29 15:00:00,2021-08-29 15:45:00,22.008629606321296,ARIMA (+기준 곡선)
2021-08-29 16:00:00,2021-08-29 16:00:00,22.48794655540852,ARIMA (+기준 곡선)
2021-08-29 16:00:00,2021-08-29 16:15:00,22.713182222504948,ARIMA (+기준 곡선)
2021-08-29 16:00:00,2021-08-29 16:30:00,22.64831890361502,ARIMA (+기준 곡선)
2021-08-29 16:00:00,2021-08-29 16:45:00,22.816878603368888,ARIMA (+기준 곡선)
2021-08-29 17:00:00,2021-08-29 17:00:00,22.041875680094098,ARIMA (+기준 곡선)
2021-08-29 17:00:00,2021-08-29 17:15:00,22.05805276798977,ARIMA (+기준 곡선)
2021-08-29 17:00:00,2021-08-29 17:30:00,21.82278693564106,ARIMA (+기준 곡선)
2021-08-29 17:00:00,2021-08-29 17:45:00,22.925498390107727,ARIMA (+기준 곡선)
2021-08-29 18:00:00,2021-08-29 18:00:00,25.421389895792032,ARIMA (+기준 곡선)
2021-08-29 18:00:00,2021-08-29 18:15:00,25.407778944450836,ARIMA (+기준 곡선)
2021-08-29 18:00:00,2021-08-29 18:30:00,23.58135477970833,ARIMA (+기준 곡선)
2021-08-29 18:00:00,2021-08-29 18:45:00,23.5383390613992,ARIMA (+기준 곡선)
2021-08-29 19:00:00,2021-08-29 19:00:00,21.69891273312184,ARIMA (+기준 곡선)
2021-08-29 19:00:00,2021-08-29 19:15:00,22.463711327940853,ARIMA (+기준 곡선)
2021-08-29 19:00:00,2021-08-29 19:30:00,23.436728527083314,ARIMA (+기준 곡선)
2021-08-29 19:00:00,2021-08-29 19:45:00,23.824211873892903,ARIMA (+기준 곡선)
2021-08-29 20:00:00,2021-08-29 20:00:00,20.861292539343214,ARIMA (+기준 곡선)
2021-08-29 20:00:00,2021-08-29 20:15:00,21.88610586976605,ARIMA (+기준 곡선)
2021-08-29 20:00:00,2021-08-29 20:30:00,21.374991891217743,ARIMA (+기준 곡선)
2021-08-29 20:00:00,2021-08-29 20:45:00,22.1334380783839,ARIMA (+기준 곡선)
2021-08-29 21:00:00,2021-08-29 21:00:00,21.747085518826974,ARIMA (+기준 곡선)
2021-08-29 21:00:00,2021-08-29 21:15:00,22.89349837207509,ARIMA (+기준 곡선)
2021-08-29 21:00:00,2021-08-29 21:30:00,22.736011937011465,ARIMA (+기준 곡선)
2021-08-29 21:00:00,2021-08-29 21:45:00,22.910910459931884,ARIMA (+기준 곡선)
2021-08-29 22:00:00,2021-08-29 22:00:00,20.54119955913062,ARIMA (+기준 곡선)
2021-08-29 22:00:00,2021-08-29 22:15:00,20.90422840733637,ARIMA (+기준 곡선)
2021-08-29 22:00:00,2021-08-29 22:30:00,21.707175026189866,ARIMA (+기준 곡선)
2021-08-29 22:00:00,2021-08-29 22:45:00,21.741252534440672,ARIMA (+기준 곡선)
2021-08-29 23:00:00,2021-08-29 23:00:00,21.10386116959165,ARIMA (+기준 곡선)
2021-08-29 23:00:00,2021-08-29 23:15:00,21.45407760298424,ARIMA (+기준 곡선)
2021-08-29 23:00:00,2021-08-29 23:30:00,20.77403844283919,ARIMA (+기준 곡선)
2021-08-29 23:00:00,2021-08-29 23:45:00,22.10351833649192,ARIMA (+기준 곡선)
2021-08-30 00:00:00,2021-08-30 00:00:00,20.682260668176443,ARIMA (+기준 곡선)
2021-08-30 00:00:00,2021-08-30 00:15:00,21.52937446381588,ARIMA (+기준 곡선)
2021-08-30 00:00:00,2021-08-30 00:30:00,22.852953123239544,ARIMA (+기준 곡선)
2021-08-30 00:00:00,2021-08-30 00:45:00,22.090992754192733,ARIMA (+기준 곡선)
2021-08-30 01:00:00,2021-08-30 01:00:00,19.506667354742486,ARIMA (+기준 곡선)
2021-08-30 01:00:00,2021-08-30 01:15:00,21.146328130815903,ARIMA (+기준 곡선)
2021-08-30 01:00:00,2021-08-30 01:30:00,20.81161548472289,ARIMA (+기준 곡선)
2021-08-30 01:00:00,2021-08-30 01:45:00,20.290094882722077,ARIMA (+기준 곡선)
2021-08-30 02:00:00,2021-08-30 02:00:00,22.3478170264826,ARIMA (+기준 곡선)
2021-08-30 02:00:00,2021-08-30 02:15:00,21.17902290217269,ARIMA (+기준 곡선)
2021-08-30 02:00:00,2021-08-30 02:30:00,22.227414502685026,ARIMA (+기준 곡선)
2021-08-30 02:00:00,2021-08-30 02:45:00,22.294851068557875,ARIMA (+기준 곡선)
2021-08-30 03:00:00,2021-08-30 03:00:00,20.34733002500151,ARIMA (+기준 곡선)
2021-08-30 03:00:00,2021-08-30 03:15:00,20.9607589009616,ARIMA (+기준 곡선)
2021-08-30 03:00:00,2021-08-30 03:30:00,20.813833216206447,ARIMA (+기준 곡선)
2021-08-30 03:00:00,2021-08-30 03:45:00,21.66215053175729,ARIMA (+기준 곡선)
2021-08-30 04:00:00,2021-08-30 04:00:00,19.79132160337694,ARIMA (+기준 곡선)
2021-08-30 04:00:00,2021-08-30 04:15:00,19.8175311877588,ARIMA (+기준 곡선)
2021-08-30 04:00:00,2021-08-30 04:30:00,19.63113740686433,ARIMA (+기준 곡선)
2021-08-30 04:00:00,2021-08-30 04:45:00,19.83484590497229,ARIMA (+기준 곡선)
2021-08-30 05:00:00,2021-08-30 05:00:00,20.571857401549703,ARIMA (+기준 곡선)
2021-08-30 05:00:00,2021-08-30 05:15:00,20.262906666858463,ARIMA (+기준 곡선)
2021-08-30 05:00:00,2021-08-30 05:30:00,19.91075822844861,ARIMA (+기준 곡선)
2021-08-30 05:00:00,2021-08-30 05:45:00,20.09492811752433,ARIMA (+기준 곡선)
2021-08-30 06:00:00,2021-08-30 06:00:00,20.5621785965315,ARIMA (+기준 곡선)
2021-08-30 06:00:00,2021-08-30 06:15:00,20.81454567530332,ARIMA (+기준 곡선)
2021-08-30 06:00:00,2021-08-30 06:30:00,20.006460908348004,ARIMA (+기준 곡선)
2021-08-30 06:00:00,2021-08-30 06:45:00,20.75801119101825,ARIMA (+기준 곡선)
2021-08-30 07:00:00,2021-08-30 07:00:00,24.939947972546,ARIMA (+기준 곡선)
2021-08-30 07:00:00,2021-08-30 07:15:00,39.79751037539686,ARIMA (+기준 곡선)
2021-08-30 07:00:00,2021-08-30 07:30:00,70.03932075684891,ARIMA (+기준 곡선)
2021-08-30 07:00:00,2021-08-30 07:45:00,111.99786508729636,ARIMA (+기준 곡선)
2021-08-30 08:00:00,2021-08-30 08:00:00,135.44109384663645,ARIMA (+기준 곡선)
2021-08-30 08:00:00,2021-08-30 08:15:00,173.38724553576026,ARIMA (+기준 곡선)
2021-08-30 08:00:00,2021-08-30 08:30:00,180.27153364623555,ARIMA (+기준 곡선)
2021-08-30 08:00:00,2021-08-30 08:45:00,177.32057154689628,ARIMA (+기준 곡선)
2021-08-30 09:00:00,2021-08-30 09:00:00,180.79113716460645,ARIMA (+기준 곡선)
2021-08-30 09:00:00,2021-08-30 09:15:00,173.6127080709329,ARIMA (+기준 곡선)
2021-08-30 09:00:00,2021-08-30 09:30:00,178.83615743633885,ARIMA (+기준 곡선)
2021-08-30 09:00:00,2021-08-30 09:45:00,175.84901457325668,ARIMA (+기준 곡선)
2021-08-30 10:00:00,2021-08-30 10:00:00,137.40028990573717,ARIMA (+기준 곡선)
2021-08-30 10:00:00,2021-08-30 10:15:00,173.78667632825773,ARIMA (+기준 곡선)
2021-08-30 10:00:00,2021-08-30 10:30:00,176.56028165505003,ARIMA (+기준 곡선)
2021-08-30 10:00:00,2021-08-30 10:45:00,176.99212231868614,ARIMA (+기준 곡선)
2021-08-30 11:00:00,2021-08-30 11:00:00,168.338522401334,ARIMA (+기준 곡선)
2021-08-30 11:00:00,2021-08-30 11:15:00,175.6596764934297,ARIMA (+기준 곡선)
2021-08-30 11:00:00,2021-08-30 11:30:00,173.6176769730186,ARIMA (+기준 곡선)
2021-08-30 11:00:00,2021-08-30 11:45:00,169.28966443167175,ARIMA (+기준 곡선)
2021-08-30 12:00:00,2021-08-30 12:00:00,127.63056930661776,ARIMA (+기준 곡선)
2021-08-30 12:00:00,2021-08-30 12:15:00,103.72785414405084,ARIMA (+기준 곡선)
2021-08-30 12:00:00,2021-08-30 12:30:00,101.24142127584392,ARIMA (+기준 곡선)
2021-08-30 12:00:00,2021-08-30 12:45:00,107.82536774566772,ARIMA (+기준 곡선)
2021-08-30 13:00:00,2021-08-30 13:00:00,171.0692448723014,ARIMA (+기준 곡선)
2021-08-30 13:00:00,2021-08-30 13:15:00,178.81102675068632,ARIMA (+기준 곡선)
2021-08-30 13:00:00,2021-08-30 13:30:00,180.51128664401477,ARIMA (+기준 곡선)
2021-08-30 13:00:00,2021-08-30 13:45:00,178.66124411894108,ARIMA (+기준 곡선)
2021-08-30 14:00:00,2021-08-30 14:00:00,170.2435988687085,ARIMA (+기준 곡선)
2021-08-30 14:00:00,2021-08-30 14:15:00,170.62270922310518,ARIMA (+기준 곡선)
2021-08-30 14:00:00,2021-08-30 14:30:00,173.31397414648086,ARIMA (+기준 곡선)
2021-08-30 14:00:00,2021-08-30 14:45:00,170.1424909241861,ARIMA (+기준 곡선)
2021-08-30 15:00:00,2021-08-30 15:00:00,136.04957971827116,ARIMA (+기준 곡선)
2021-08-30 15:00:00,2021-08-30 15:15:00,146.581803302819,ARIMA (+기준 곡선)
2021-08-30 15:00:00,2021-08-30 15:30:00,172.05441362017197,ARIMA (+기준 곡선)
2021-08-30 15:00:00,2021-08-30 15:45:00,176.23975198980943,ARIMA (+기준 곡선)
2021-08-30 16:00:00,2021-08-30 16:00:00,165.03521431908936,ARIMA (+기준 곡선)
2021-08-30 16:00:00,2021-08-30 16:15:00,161.15163505079423,ARIMA (+기준 곡선)
2021-08-30 16:00:00,2021-08-30 16:30:00,162.0898014832821,ARIMA (+기준 곡선)
2021-08-30 16:00:00,2021-08-30 16:45:00,157.82710993766355,ARIMA (+기준 곡선)
2021-08-30 17:00:00,2021-08-30 17:00:00,134.59599119140572,ARIMA (+기준 곡선)
2021-08-30 17:00:00,2021-08-30 17:15:00,117.58866606331333,ARIMA (+기준 곡선)
2021-08-30 17:00:00,2021-08-30 17:30:00,140.28208166895092,ARIMA (+기준 곡선)
2021-08-30 17:00:00,2021-08-30 17:45:00,151.6159535985184,ARIMA (+기준 곡선)
2021-08-30 18:00:00,2021-08-30 18:00:00,165.01646039009475,ARIMA (+기준 곡선)
2021-08-30 18:00:00,2021-08-30 18:15:00,151.7982245166113,ARIMA (+기준 곡선)
2021-08-30 18:00:00,2021-08-30 18:30:00,147.32487897225977,ARIMA (+기준 곡선)
2021-08-30 18:00:00,2021-08-30 18:45:00,138.78445053743133,ARIMA (+기준 곡선)
2021-08-30 19:00:00,2021-08-30 19:00:00,160.60865951015205,ARIMA (+기준 곡선)
2021-08-30 19:00:00,2021-08-30 19:15:00,154.85113416158447,ARIMA (+기준 곡선)
2021-08-30 19:00:00,2021-08-30 19:30:00,146.3442677309259,ARIMA (+기준 곡선)
2021-08-30 19:00:00,2021-08-30 19:45:00,122.6796296046295,ARIMA (+기준 곡선)
2021-08-30 20:00:00,2021-08-30 20:00:00,117.6692563182995,ARIMA (+기준 곡선)
2021-08-30 20:00:00,2021-08-30 20:15:00,120.95414462636792,ARIMA (+기준 곡선)
2021-08-30 20:00:00,2021-08-30 20:30:00,124.41992553464716,ARIMA (+기준 곡선)
2021-08-30 20:00:00,2021-08-30 20:45:00,123.44195808908376,ARIMA (+기준 곡선)
2021-08-30 21:00:00,2021-08-30 21:00:00,127.81610376420625,ARIMA (+기준 곡선)
2021-08-30 21:00:00,2021-08-30 21:15:00,129.3199535759015,ARIMA (+기준 곡선)
2021-08-30 21:00:00,2021-08-30 21:30:00,122.77457499387609,ARIMA (+기준 곡선)
2021-08-30 21:00:00,2021-08-30 21:45:00,117.24838837951718,ARIMA (+기준 곡선)
2021-08-30 22:00:00,2021-08-30 22:00:00,109.74067295964916,ARIMA (+기준 곡선)
2021-08-30 22:00:00,2021-08-30 22:15:00,118.25234681862553,ARIMA (+기준 곡선)
2021-08-30 22:00:00,2021-08-30 22:30:00,119.16279542755008,ARIMA (+기준 곡선)
2021-08-30 22:00:00,2021-08-30 22:45:00,119.53942873267968,ARIMA (+기준 곡선)
2021-08-30 23:00:00,2021-08-30 23:00:00,116.99016185744328,ARIMA (+기준 곡선)
2021-08-30 23:00:00,2021-08-30 23:15:00,115.78166536728824,ARIMA (+기준 곡선)
2021-08-30 23:00:00,2021-08-30 23:30:00,108.96919572668456,ARIMA (+기준 곡선)
2021-08-30 23:00:00,2021-08-30 23:45:00,87.27235758309021,ARIMA (+기준 곡선)
2021-08-31 00:00:00,2021-08-31 00:00:00,82.15828909004176,ARIMA (+기준 곡선)
2021-08-31 00:00:00,2021-08-31 00:15:00,78.31424409315832,ARIMA (+기준 곡선)
2021-08-31 00:00:00,2021-08-31 00:30:00,76.5235449052394,ARIMA (+기준 곡선)
2021-08-31 00:00:00,2021-08-31 00:45:00,74.4364050574685,ARIMA (+기준 곡선)
2021-08-31 01:00:00,2021-08-31 01:00:00,95.21121989062271,ARIMA (+기준 곡선)
2021-08-31 01:00:00,2021-08-31 01:15:00,107.79747556161423,ARIMA (+기준 곡선)
2021-08-31 01:00:00,2021-08-31 01:30:00,111.15710691901543,ARIMA (+기준 곡선)
2021-08-31 01:00:00,2021-08-31 01:45:00,110.23977033891816,ARIMA (+기준 곡선)
2021-08-31 02:00:00,2021-08-31 02:00:00,110.82909870932808,ARIMA (+기준 곡선)
2021-08-31 02:00:00,2021-08-31 02:15:00,113.090562383885,ARIMA (+기준 곡선)
2021-08-31 02:00:00,2021-08-31 02:30:00,112.46401152544028,ARIMA (+기준 곡선)
2021-08-31 02:00:00,2021-08-31 02:45:00,110.73569974763248,ARIMA (+기준 곡선)
2021-08-31 03:00:00,2021-08-31 03:00:00,90.566066947442,ARIMA (+기준 곡선)
2021-08-31 03:00:00,2021-08-31 03:15:00,106.1353618855412,ARIMA (+기준 곡선)
2021-08-31 03:00:00,2021-08-31 03:30:00,110.75278998815428,ARIMA (+기준 곡선)
2021-08-31 03:00:00,2021-08-31 03:45:00,110.3825903734195,ARIMA (+기준 곡선)
2021-08-31 04:00:00,2021-08-31 04:00:00,106.64825092911802,ARIMA (+기준 곡선)
2021-08-31 04:00:00,2021-08-31 04:15:00,108.09220208237822,ARIMA (+기준 곡선)
2021-08-31 04:00:00,2021-08-31 04:30:00,107.19575777618864,ARIMA (+기준 곡선)
2021-08-31 04:00:00,2021-08-31 04:45:00,104.58313568883857,ARIMA (+기준 곡선)
2021-08-31 05:00:00,2021-08-31 05:00:00,87.79820012519569,ARIMA (+기준 곡선)
2021-08-31 05:00:00,2021-08-31 05:15:00,79.6515445317555,ARIMA (+기준 곡선)
2021-08-31 05:00:00,2021-08-31 05:30:00,97.42267215338389,ARIMA (+기준 곡선)
2021-08-31 05:00:00,2021-08-31 05:45:00,110.42116608312944,ARIMA (+기준 곡선)
2021-08-31 06:00:00,2021-08-31 06:00:00,113.9901426051466,ARIMA (+기준 곡선)
2021-08-31 06:00:00,2021-08-31 06:15:00,111.90272968915409,ARIMA (+기준 곡선)
2021-08-31 06:00:00,2021-08-31 06:30:00,111.06150199234514,ARIMA (+기준 곡선)
2021-08-31 06:00:00,2021-08-31 06:45:00,111.34766053267788,ARIMA (+기준 곡선)
2021-08-31 07:00:00,2021-08-31 07:00:00,112.50660695329118,ARIMA (+기준 곡선)
2021-08-31 07:00:00,2021-08-31 07:15:00,125.54955731136764,ARIMA (+기준 곡선)
2021-08-31 07:00:00,2021-08-31 07:30:00,149.48739216001232,ARIMA (+기준 곡선)
2021-08-31 07:00:00,2021-08-31 07:45:00,149.81132625732909,ARIMA (+기준 곡선)
2021-08-31 08:00:00,2021-08-31 08:00:00,162.86639572430988,ARIMA (+기준 곡선)
2021-08-31 08:00:00,2021-08-31 08:15:00,184.97939102764772,ARIMA (+기준 곡선)
2021-08-31 08:00:00,2021-08-31 08:30:00,190.3126876198174,ARIMA (+기준 곡선)
2021-08-31 08:00:00,2021-08-31 08:45:00,188.36833584054529,ARIMA (+기준 곡선)
2021-08-31 09:00:00,2021-08-31 09:00:00,159.37334239524205,ARIMA (+기준 곡선)
2021-08-31 09:00:00,2021-08-31 09:15:00,168.14795835028428,ARIMA (+기준 곡선)
2021-08-31 09:00:00,2021-08-31 09:30:00,171.5509336530869,ARIMA (+기준 곡선)
2021-08-31 09:00:00,2021-08-31 09:45:00,175.39460984049953,ARIMA (+기준 곡선)
2021-08-31 10:00:00,2021-08-31 10:00:00,149.62549450051355,ARIMA (+기준 곡선)
2021-08-31 10:00:00,2021-08-31 10:15:00,179.3445377800374,ARIMA (+기준 곡선)
2021-08-31 10:00:00,2021-08-31 10:30:00,181.46253659203904,ARIMA (+기준 곡선)
2021-08-31 10:00:00,2021-08-31 10:45:00,181.3769543400276,ARIMA (+기준 곡선)
2021-08-31 11:00:00,2021-08-31 11:00:00,178.02162837361865,ARIMA (+기준 곡선)
2021-08-31 11:00:00,2021-08-31 11:15:00,183.5273462096744,ARIMA (+기준 곡선)
2021-08-31 11:00:00,2021-08-31 11:30:00,186.07406955769247,ARIMA (+기준 곡선)
2021-08-31 11:00:00,2021-08-31 11:45:00,183.32251896171016,ARIMA (+기준 곡선)
2021-08-31 12:00:00,2021-08-31 12:00:00,104.74719153463472,ARIMA (+기준 곡선)
2021-08-31 12:00:00,2021-08-31 12:15:00,88.78649254089143,ARIMA (+기준 곡선)
2021-08-31 12:00:00,2021-08-31 12:30:00,91.0765387528638,ARIMA (+기준 곡선)
2021-08-31 12:00:00,2021-08-31 12:45:00,103.82329653835193,ARIMA (+기준 곡선)
2021-08-31 13:00:00,2021-08-31 13:00:00,173.6004748480603,ARIMA (+기준 곡선)
2021-08-31 13:00:00,2021-08-31 13:15:00,184.57543294263505,ARIMA (+기준 곡선)
2021-08-31 13:00:00,2021-08-31 13:30:00,186.6059059819168,ARIMA (+기준 곡선)
2021-08-31 13:00:00,2021-08-31 13:45:00,186.60807312946375,ARIMA (+기준 곡선)
2021-08-31 14:00:00,2021-08-31 14:00:00,174.95870434195325,ARIMA (+기준 곡선)
2021-08-31 14:00:00,2021-08-31 14:15:00,173.3846775852812,ARIMA (+기준 곡선)
2021-08-31 14:00:00,2021-08-31 14:30:00,176.10357982945945,ARIMA (+기준 곡선)
2021-08-31 14:00:00,2021-08-31 14:45:00,176.40759146871753,ARIMA (+기준 곡선)
2021-08-31 15:00:00,2021-08-31 15:00:00,139.13942229674342,ARIMA (+기준 곡선)
2021-08-31 15:00:00,2021-08-31 15:15:00,151.43553353648048,ARIMA (+기준 곡선)
2021-08-31 15:00:00,2021-08-31 15:30:00,176.06183674459243,ARIMA (+기준 곡선)
2021-08-31 15:00:00,2021-08-31 15:45:00,178.41233761743842,ARIMA (+기준 곡선)
2021-08-31 16:00:00,2021-08-31 16:00:00,168.73700570295728,ARIMA (+기준 곡선)
2021-08-31 16:00:00,2021-08-31 16:15:00,165.4380384182221,ARIMA (+기준 곡선)
2021-08-31 16:00:00,2021-08-31 16:30:00,163.09557633167512,ARIMA (+기준 곡선)
2021-08-31 16:00:00,2021-08-31 16:45:00,161.37345987478935,ARIMA (+기준 곡선)
2021-08-31 17:00:00,2021-08-31 17:00:00,112.62764043581927,ARIMA (+기준 곡선)
2021-08-31 17:00:00,2021-08-31 17:15:00,102.50438849014482,ARIMA (+기준 곡선)
2021-08-31 17:00:00,2021-08-31 17:30:00,144.33462357120308,ARIMA (+기준 곡선)
2021-08-31 17:00:00,2021-08-31 17:45:00,159.37004321825205,ARIMA (+기준 곡선)
2021-08-31 18:00:00,2021-08-31 18:00:00,146.68483089141648,ARIMA (+기준 곡선)
2021-08-31 18:00:00,2021-08-31 18:15:00,150.67700257515315,ARIMA (+기준 곡선)
2021-08-31 18:00:00,2021-08-31 18:30:00,150.27167640370556,ARIMA (+기준 곡선)
2021-08-31 18:00:00,2021-08-31 18:45:00,152.17867821124617,ARIMA (+기준 곡선)
2021-08-31 19:00:00,2021-08-31 19:00:00,144.05372801729143,ARIMA (+기준 곡선)
2021-08-31 19:00:00,2021-08-31 19:15:00,143.33893936947013,ARIMA (+기준 곡선)
2021-08-31 19:00:00,2021-08-31 19:30:00,144.0023304179433,ARIMA (+기준 곡선)
2021-08-31 19:00:00,2021-08-31 19:45:00,125.2173426570157,ARIMA (+기준 곡선)
2021-08-31 20:00:00,2021-08-31 20:00:00,129.07217252043395,ARIMA (+기준 곡선)
2021-08-31 20:00:00,2021-08-31 20:15:00,129.17314985948127,ARIMA (+기준 곡선)
2021-08-31 20:00:00,2021-08-31 20:30:00,127.67518688961091,ARIMA (+기준 곡선)
2021-08-31 20:00:00,2021-08-31 20:45:00,124.13406531194862,ARIMA (+기준 곡선)
2021-08-31 21:00:00,2021-08-31 21:00:00,129.98377234493375,ARIMA (+기준 곡선)
2021-08-31 21:00:00,2021-08-31 21:15:00,126.9953007587564,ARIMA (+기준 곡선)
2021-08-31 21:00:00,2021-08-31 21:30:00,125.30081288830048,ARIMA (+기준 곡선)
2021-08-31 21:00:00,2021-08-31 21:45:00,123.30463723837944,ARIMA (+기준 곡선)
2021-08-31 22:00:00,2021-08-31 22:00:00,109.78916536234806,ARIMA (+기준 곡선)
2021-08-31 22:00:00,2021-08-31 22:15:00,118.77321199006802,ARIMA (+기준 곡선)
2021-08-31 22:00:00,2021-08-31 22:30:00,117.8393544191204,ARIMA (+기준 곡선)
2021-08-31 22:00:00,2021-08-31 22:45:00,115.8461518124068,ARIMA (+기준 곡선)
2021-08-31 23:00:00,2021-08-31 23:00:00,111.58288215772954,ARIMA (+기준 곡선)
2021-08-31 23:00:00,2021-08-31 23:15:00,112.2144914808396,ARIMA (+기준 곡선)
2021-08-31 23:00:00,2021-08-31 23:30:00,109.9119301183944,ARIMA (+기준 곡선)
2021-08-31 23:00:00,2021-08-31 23:45:00,90.82075362833316,ARIMA (+기준 곡선)
2021-09-01 00:00:00,2021-09-01 00:00:00,84.40515517416118,ARIMA (+기준 곡선)
2021-09-01 00:00:00,2021-09-01 00:15:00,78.88362196604642,ARIMA (+기준 곡선)
2021-09-01 00:00:00,2021-09-01 00:30:00,76.08078276846845,ARIMA (+기준 곡선)
2021-09-01 00:00:00,2021-09-01 00:45:00,73.44799410219615,ARIMA (+기준 곡선)
2021-09-01 01:00:00,2021-09-01 01:00:00,92.63181274322233,ARIMA (+기준 곡선)
2021-09-01 01:00:00,2021-09-01 01:15:00,105.30679404819882,ARIMA (+기준 곡선)
2021-09-01 01:00:00,2021-09-01 01:30:00,108.6067875791468,ARIMA (+기준 곡선)
2021-09-01 01:00:00,2021-09-01 01:45:00,107.68041455228403,ARIMA (+기준 곡선)
2021-09-01 02:00:00,2021-09-01 02:00:00,112.54315052260968,ARIMA (+기준 곡선)
2021-09-01 02:00:00,2021-09-01 02:15:00,113.91201895832693,ARIMA (+기준 곡선)
2021-09-01 02:00:00,2021-09-01 02:30:00,112.71195564571744,ARIMA (+기준 곡선)
2021-09-01 02:00:00,2021-09-01 02:45:00,110.48686670903017,ARIMA (+기준 곡선)
2021-09-01 03:00:00,2021-09-01 03:00:00,92.68627293093668,ARIMA (+기준 곡선)
2021-09-01 03:00:00,2021-09-01 03:15:00,107.42391414822028,ARIMA (+기준 곡선)
2021-09-01 03:00:00,2021-09-01 03:30:00,111.4875114440476,ARIMA (+기준 곡선)
2021-09-01 03:00:00,2021-09-01 03:45:00,110.74856157595296,ARIMA (+기준 곡선)
2021-09-01 04:00:00,2021-09-01 04:00:00,101.24540157539124,ARIMA (+기준 곡선)
2021-09-01 04:00:00,2021-09-01 04:15:00,104.62276382919735,ARIMA (+기준 곡선)
2021-09-01 04:00:00,2021-09-01 04:30:00,104.17746490170286,ARIMA (+기준 곡선)
2021-09-01 04:00:00,2021-09-01 04:45:00,101.93205078697238,ARIMA (+기준 곡선)
2021-09-01 05:00:00,2021-09-01 05:00:00,93.71651716911784,ARIMA (+기준 곡선)
2021-09-01 05:00:00,2021-09-01 05:15:00,83.45266702513968,ARIMA (+기준 곡선)
2021-09-01 05:00:00,2021-09-01 05:30:00,100.3495686884762,ARIMA (+기준 곡선)
2021-09-01 05:00:00,2021-09-01 05:45:00,112.68152283097264,ARIMA (+기준 곡선)
2021-09-01 06:00:00,2021-09-01 06:00:00,111.95579380541513,ARIMA (+기준 곡선)
2021-09-01 06:00:00,2021-09-01 06:15:00,110.74128477122792,ARIMA (+기준 곡선)
2021-09-01 06:00:00,2021-09-01 06:30:00,110.12203460677448,ARIMA (+기준 곡선)
2021-09-01 06:00:00,2021-09-01 06:45:00,110.48279404194616,ARIMA (+기준 곡선)
2021-09-01 07:00:00,2021-09-01 07:00:00,115.42707737361364,ARIMA (+기준 곡선)
2021-09-01 07:00:00,2021-09-01 07:15:00,127.79527916737482,ARIMA (+기준 곡선)
2021-09-01 07:00:00,2021-09-01 07:30:00,151.2841242725992,ARIMA (+기준 곡선)
2021-09-01 07:00:00,2021-09-01 07:45:00,151.1926260641522,ARIMA (+기준 곡선)
2021-09-01 08:00:00,2021-09-01 08:00:00,158.7257287584172,ARIMA (+기준 곡선)
2021-09-01 08:00:00,2021-09-01 08:15:00,182.3465816433014,ARIMA (+기준 곡선)
2021-09-01 08:00:00,2021-09-01 08:30:00,188.10487012493968,ARIMA (+기준 곡선)
2021-09-01 08:00:00,2021-09-01 08:45:00,186.65027751145985,ARIMA (+기준 곡선)
2021-09-01 09:00:00,2021-09-01 09:00:00,186.379174002068,ARIMA (+기준 곡선)
2021-09-01 09:00:00,2021-09-01 09:15:00,185.56242319396856,ARIMA (+기준 곡선)
2021-09-01 09:00:00,2021-09-01 09:30:00,185.80994583992785,ARIMA (+기준 곡선)
2021-09-01 09:00:00,2021-09-01 09:45:00,187.14814673923965,ARIMA (+기준 곡선)
2021-09-01 10:00:00,2021-09-01 10:00:00,150.0718240911366,ARIMA (+기준 곡선)
2021-09-01 10:00:00,2021-09-01 10:15:00,182.04195244732625,ARIMA (+기준 곡선)
2021-09-01 10:00:00,2021-09-01 10:30:00,184.058752084712,ARIMA (+기준 곡선)
2021-09-01 10:00:00,2021-09-01 10:45:00,183.9491430916508,ARIMA (+기준 곡선)
2021-09-01 11:00:00,2021-09-01 11:00:00,190.87049191041484,ARIMA (+기준 곡선)
2021-09-01 11:00:00,2021-09-01 11:15:00,193.2927857696673,ARIMA (+기준 곡선)
2021-09-01 11:00:00,2021-09-01 11:30:00,194.6695064700976,ARIMA (+기준 곡선)
2021-09-01 11:00:00,2021-09-01 11:45:00,190.9569464373724,ARIMA (+기준 곡선)
2021-09-01 12:00:00,2021-09-01 12:00:00,106.8695472238416,ARIMA (+기준 곡선)
2021-09-01 12:00:00,2021-09-01 12:15:00,93.46051785448864,ARIMA (+기준 곡선)
2021-09-01 12:00:00,2021-09-01 12:30:00,95.59986759694765,ARIMA (+기준 곡선)
2021-09-01 12:00:00,2021-09-01 12:45:00,108.1555041130637,ARIMA (+기준 곡선)
2021-09-01 13:00:00,2021-09-01 13:00:00,177.73694919663558,ARIMA (+기준 곡선)
2021-09-01 13:00:00,2021-09-01 13:15:00,188.6957503914208,ARIMA (+기준 곡선)
2021-09-01 13:00:00,2021-09-01 13:30:00,190.80176856239797,ARIMA (+기준 곡선)
2021-09-01 13:00:00,2021-09-01 13:45:00,190.95058009569163,ARIMA (+기준 곡선)
2021-09-01 14:00:00,2021-09-01 14:00:00,187.41813059301347,ARIMA (+기준 곡선)
2021-09-01 14:00:00,2021-09-01 14:15:00,182.7803360809189,ARIMA (+기준 곡선)
2021-09-01 14:00:00,2021-09-01 14:30:00,184.7228153093185,ARIMA (+기준 곡선)
2021-09-01 14:00:00,2021-09-01 14:45:00,184.36917846540516,ARIMA (+기준 곡선)
2021-09-01 15:00:00,2021-09-01 15:00:00,143.3343520858009,ARIMA (+기준 곡선)
2021-09-01 15:00:00,2021-09-01 15:15:00,154.96492234673164,ARIMA (+기준 곡선)
2021-09-01 15:00:00,2021-09-01 15:30:00,179.693425028693,ARIMA (+기준 곡선)
2021-09-01 15:00:00,2021-09-01 15:45:00,182.43161860312085,ARIMA (+기준 곡선)
2021-09-01 16:00:00,2021-09-01 16:00:00,181.49097743506343,ARIMA (+기준 곡선)
2021-09-01 16:00:00,2021-09-01 16:15:00,175.3969500280484,ARIMA (+기준 곡선)
2021-09-01 16:00:00,2021-09-01 16:30:00,172.1944224880477,ARIMA (+기준 곡선)
2021-09-01 16:00:00,2021-09-01 16:45:00,169.93662340300443,ARIMA (+기준 곡선)
2021-09-01 17:00:00,2021-09-01 17:00:00,122.30635108443118,ARIMA (+기준 곡선)
2021-09-01 17:00:00,2021-09-01 17:15:00,112.15968359306164,ARIMA (+기준 곡선)
2021-09-01 17:00:00,2021-09-01 17:30:00,153.36940499277566,ARIMA (+기준 곡선)
2021-09-01 17:00:00,2021-09-01 17:45:00,167.72481912785216,ARIMA (+기준 곡선)
2021-09-01 18:00:00,2021-09-01 18:00:00,174.49062091937466,ARIMA (+기준 곡선)
2021-09-01 18:00:00,2021-09-01 18:15:00,171.03529845725825,ARIMA (+기준 곡선)
2021-09-01 18:00:00,2021-09-01 18:30:00,168.19468982072166,ARIMA (+기준 곡선)
2021-09-01 18:00:00,2021-09-01 18:45:00,167.9672342739644,ARIMA (+기준 곡선)
2021-09-01 19:00:00,2021-09-01 19:00:00,162.00185909065274,ARIMA (+기준 곡선)
2021-09-01 19:00:00,2021-09-01 19:15:00,155.96994129528187,ARIMA (+기준 곡선)
2021-09-01 19:00:00,2021-09-01 19:30:00,155.65273490225186,ARIMA (+기준 곡선)
2021-09-01 19:00:00,2021-09-01 19:45:00,136.28850884196055,ARIMA (+기준 곡선)
2021-09-01 20:00:00,2021-09-01 20:00:00,118.59420253375414,ARIMA (+기준 곡선)
2021-09-01 20:00:00,2021-09-01 20:15:00,126.20575876474928,ARIMA (+기준 곡선)
2021-09-01 20:00:00,2021-09-01 20:30:00,126.61505042320148,ARIMA (+기준 곡선)
2021-09-01 20:00:00,2021-09-01 20:45:00,124.6366914577452,ARIMA (+기준 곡선)
2021-09-01 21:00:00,2021-09-01 21:00:00,131.5798492132126,ARIMA (+기준 곡선)
2021-09-01 21:00:00,2021-09-01 21:15:00,127.26094906858084,ARIMA (+기준 곡선)
2021-09-01 21:00:00,2021-09-01 21:30:00,126.6292826280738,ARIMA (+기준 곡선)
2021-09-01 21:00:00,2021-09-01 21:45:00,125.46557612906302,ARIMA (+기준 곡선)
2021-09-01 22:00:00,2021-09-01 22:00:00,109.24617139086833,ARIMA (+기준 곡선)
2021-09-01 22:00:00,2021-09-01 22:15:00,119.69039117907658,ARIMA (+기준 곡선)
2021-09-01 22:00:00,2021-09-01 22:30:00,119.2553595511734,ARIMA (+기준 곡선)
2021-09-01 22:00:00,2021-09-01 22:45:00,117.68328272857224,ARIMA (+기준 곡선)
2021-09-01 23:00:00,2021-09-01 23:00:00,119.90161229967738,ARIMA (+기준 곡선)
2021-09-01 23:00:00,2021-09-01 23:15:00,117.34516394636316,ARIMA (+기준 곡선)
2021-09-01 23:00:00,2021-09-01 23:30:00,114.65567650472278,ARIMA (+기준 곡선)
2021-09-01 23:00:00,2021-09-01 23:45:00,95.41010179707308,ARIMA (+기준 곡선)
2021-09-02 00:00:00,2021-09-02 00:00:00,87.20034743572057,ARIMA (+기준 곡선)
2021-09-02 00:00:00,2021-09-02 00:15:00,80.80241029684562,ARIMA (+기준 곡선)
2021-09-02 00:00:00,2021-09-02 00:30:00,78.30488357031693,ARIMA (+기준 곡선)
2021-09-02 00:00:00,2021-09-02 00:45:00,75.91597673877926,ARIMA (+기준 곡선)
2021-09-02 01:00:00,2021-09-02 01:00:00,97.62581870340496,ARIMA (+기준 곡선)
2021-09-02 01:00:00,2021-09-02 01:15:00,109.74005050609271,ARIMA (+기준 곡선)
2021-09-02 01:00:00,2021-09-02 01:30:00,112.75487212906688,ARIMA (+기준 곡선)
2021-09-02 01:00:00,2021-09-02 01:45:00,111.60133588301676,ARIMA (+기준 곡선)
2021-09-02 02:00:00,2021-09-02 02:00:00,114.97649999605424,ARIMA (+기준 곡선)
2021-09-02 02:00:00,2021-09-02 02:15:00,116.53837278457988,ARIMA (+기준 곡선)
2021-09-02 02:00:00,2021-09-02 02:30:00,115.42997515259736,ARIMA (+기준 곡선)
2021-09-02 02:00:00,2021-09-02 02:45:00,113.2863354558311,ARIMA (+기준 곡선)
2021-09-02 03:00:00,2021-09-02 03:00:00,96.35575708380972,ARIMA (+기준 곡선)
2021-09-02 03:00:00,2021-09-02 03:15:00,110.26364331632664,ARIMA (+기준 곡선)
2021-09-02 03:00:00,2021-09-02 03:30:00,114.33072523438672,ARIMA (+기준 곡선)
2021-09-02 03:00:00,2021-09-02 03:45:00,113.62763106756894,ARIMA (+기준 곡선)
2021-09-02 04:00:00,2021-09-02 04:00:00,114.64381810627616,ARIMA (+기준 곡선)
2021-09-02 04:00:00,2021-09-02 04:15:00,114.10547101169202,ARIMA (+기준 곡선)
2021-09-02 04:00:00,2021-09-02 04:30:00,112.4156752588348,ARIMA (+기준 곡선)
2021-09-02 04:00:00,2021-09-02 04:45:00,109.1849902885064,ARIMA (+기준 곡선)
2021-09-02 05:00:00,2021-09-02 05:00:00,92.20498721734116,ARIMA (+기준 곡선)
2021-09-02 05:00:00,2021-09-02 05:15:00,83.31265069284028,ARIMA (+기준 곡선)
2021-09-02 05:00:00,2021-09-02 05:30:00,100.89416093838216,ARIMA (+기준 곡선)
2021-09-02 05:00:00,2021-09-02 05:45:00,113.69054844776664,ARIMA (+기준 곡선)
2021-09-02 06:00:00,2021-09-02 06:00:00,109.7203811595356,ARIMA (+기준 곡선)
2021-09-02 06:00:00,2021-09-02 06:15:00,110.66140732962673,ARIMA (+기준 곡선)
2021-09-02 06:00:00,2021-09-02 06:30:00,110.61267650573636,ARIMA (+기준 곡선)
2021-09-02 06:00:00,2021-09-02 06:45:00,111.32975179237395,ARIMA (+기준 곡선)
2021-09-02 07:00:00,2021-09-02 07:00:00,117.03688715066458,ARIMA (+기준 곡선)
2021-09-02 07:00:00,2021-09-02 07:15:00,129.00862479285604,ARIMA (+기준 곡선)
2021-09-02 07:00:00,2021-09-02 07:30:00,152.70916557377208,ARIMA (+기준 곡선)
2021-09-02 07:00:00,2021-09-02 07:45:00,152.8351564419759,ARIMA (+기준 곡선)
2021-09-02 08:00:00,2021-09-02 08:00:00,170.201060987081,ARIMA (+기준 곡선)
2021-09-02 08:00:00,2021-09-02 08:15:00,192.0562536695734,ARIMA (+기준 곡선)
2021-09-02 08:00:00,2021-09-02 08:30:00,196.59125414394936,ARIMA (+기준 곡선)
2021-09-02 08:00:00,2021-09-02 08:45:00,194.09670523610797,ARIMA (+기준 곡선)
2021-09-02 09:00:00,2021-09-02 09:00:00,169.6652669151339,ARIMA (+기준 곡선)
2021-09-02 09:00:00,2021-09-02 09:15:00,174.72862054985055,ARIMA (+기준 곡선)
2021-09-02 09:00:00,2021-09-02 09:30:00,177.64493404757644,ARIMA (+기준 곡선)
2021-09-02 09:00:00,2021-09-02 09:45:00,181.13627474860564,ARIMA (+기준 곡선)
2021-09-02 10:00:00,2021-09-02 10:00:00,158.2676873181287,ARIMA (+기준 곡선)
2021-09-02 10:00:00,2021-09-02 10:15:00,187.8093997403097,ARIMA (+기준 곡선)
2021-09-02 10:00:00,2021-09-02 10:30:00,189.2852504243824,ARIMA (+기준 곡선)
2021-09-02 10:00:00,2021-09-02 10:45:00,188.4288323762854,ARIMA (+기준 곡선)
2021-09-02 11:00:00,2021-09-02 11:00:00,187.4590660620449,ARIMA (+기준 곡선)
2021-09-02 11:00:00,2021-09-02 11:15:00,189.9382459545485,ARIMA (+기준 곡선)
2021-09-02 11:00:00,2021-09-02 11:30:00,192.1929268919897,ARIMA (+기준 곡선)
2021-09-02 11:00:00,2021-09-02 11:45:00,189.34600415229403,ARIMA (+기준 곡선)
2021-09-02 12:00:00,2021-09-02 12:00:00,126.87853483990531,ARIMA (+기준 곡선)
2021-09-02 12:00:00,2021-09-02 12:15:00,105.63350720083751,ARIMA (+기준 곡선)
2021-09-02 12:00:00,2021-09-02 12:30:00,105.55337913301692,ARIMA (+기준 곡선)
2021-09-02 12:00:00,2021-09-02 12:45:00,116.58585053637115,ARIMA (+기준 곡선)
2021-09-02 13:00:00,2021-09-02 13:00:00,169.24546746199397,ARIMA (+기준 곡선)
2021-09-02 13:00:00,2021-09-02 13:15:00,182.89969688083735,ARIMA (+기준 곡선)
2021-09-02 13:00:00,2021-09-02 13:30:00,186.41165450354683,ARIMA (+기준 곡선)
2021-09-02 13:00:00,2021-09-02 13:45:00,187.7323722207217,ARIMA (+기준 곡선)
2021-09-02 14:00:00,2021-09-02 14:00:00,181.72199930130645,ARIMA (+기준 곡선)
2021-09-02 14:00:00,2021-09-02 14:15:00,178.68911803506433,ARIMA (+기준 곡선)
2021-09-02 14:00:00,2021-09-02 14:30:00,181.565129957644,ARIMA (+기준 곡선)
2021-09-02 14:00:00,2021-09-02 14:45:00,181.8026528337709,ARIMA (+기준 곡선)
2021-09-02 15:00:00,2021-09-02 15:00:00,149.7308836019904,ARIMA (+기준 곡선)
2021-09-02 15:00:00,2021-09-02 15:15:00,159.6443623139951,ARIMA (+기준 곡선)
2021-09-02 15:00:00,2021-09-02 15:30:00,183.53858515614976,ARIMA (+기준 곡선)
2021-09-02 15:00:00,2021-09-02 15:45:00,185.56158736162297,ARIMA (+기준 곡선)
2021-09-02 16:00:00,2021-09-02 16:00:00,177.40577962980785,ARIMA (+기준 곡선)
2021-09-02 16:00:00,2021-09-02 16:15:00,173.23340390245994,ARIMA (+기준 곡선)
2021-09-02 16:00:00,2021-09-02 16:30:00,170.52529669011835,ARIMA (+기준 곡선)
2021-09-02 16:00:00,2021-09-02 16:45:00,168.6051765267816,ARIMA (+기준 곡선)
2021-09-02 17:00:00,2021-09-02 17:00:00,125.03563307711354,ARIMA (+기준 곡선)
2021-09-02 17:00:00,2021-09-02 17:15:00,112.47628257555016,ARIMA (+기준 곡선)
2021-09-02 17:00:00,2021-09-02 17:30:00,153.7664326257783,ARIMA (+기준 곡선)
2021-09-02 17:00:00,2021-09-02 17:45:00,168.24483668639914,ARIMA (+기준 곡선)
2021-09-02 18:00:00,2021-09-02 18:00:00,157.60389840184246,ARIMA (+기준 곡선)
2021-09-02 18:00:00,2021-09-02 18:15:00,159.61864141192842,ARIMA (+기준 곡선)
2021-09-02 18:00:00,2021-09-02 18:30:00,158.85522545856006,ARIMA (+기준 곡선)
2021-09-02 18:00:00,2021-09-02 18:45:00,160.4167967888134,ARIMA (+기준 곡선)
2021-09-02 19:00:00,2021-09-02 19:00:00,160.17610103408273,ARIMA (+기준 곡선)
2021-09-02 19:00:00,2021-09-02 19:15:00,155.09197845016084,ARIMA (+기준 곡선)
2021-09-02 19:00:00,2021-09-02 19:30:00,154.7518459836479,ARIMA (+기준 곡선)
2021-09-02 19:00:00,2021-09-02 19:45:00,135.14658395403623,ARIMA (+기준 곡선)
2021-09-02 20:00:00,2021-09-02 20:00:00,127.52209558426829,ARIMA (+기준 곡선)
2021-09-02 20:00:00,2021-09-02 20:15:00,132.46835275956448,ARIMA (+기준 곡선)
2021-09-02 20:00:00,2021-09-02 20:30:00,131.6928092103878,ARIMA (+기준 곡선)
2021-09-02 20:00:00,2021-09-02 20:45:00,128.5489360126793,ARIMA (+기준 곡선)
2021-09-02 21:00:00,2021-09-02 21:00:00,125.5823037907467,ARIMA (+기준 곡선)
2021-09-02 21:00:00,2021-09-02 21:15:00,125.05176028240038,ARIMA (+기준 곡선)
2021-09-02 21:00:00,2021-09-02 21:30:00,124.91273828877574,ARIMA (+기준 곡선)
2021-09-02 21:00:00,2021-09-02 21:45:00,123.95399896559694,ARIMA (+기준 곡선)
2021-09-02 22:00:00,2021-09-02 22:00:00,112.18492227721944,ARIMA (+기준 곡선)
2021-09-02 22:00:00,2021-09-02 22:15:00,120.94688052674294,ARIMA (+기준 곡선)
2021-09-02 22:00:00,2021-09-02 22:30:00,120.3634442509239,ARIMA (+기준 곡선)
2021-09-02 22:00:00,2021-09-02 22:45:00,118.73086094687764,ARIMA (+기준 곡선)
2021-09-02 23:00:00,2021-09-02 23:00:00,124.34825822524051,ARIMA (+기준 곡선)
2021-09-02 23:00:00,2021-09-02 23:15:00,118.65152066337514,ARIMA (+기준 곡선)
2021-09-02 23:00:00,2021-09-02 23:30:00,115.75603040950568,ARIMA (+기준 곡선)
2021-09-02 23:00:00,2021-09-02 23:45:00,96.39430830819448,ARIMA (+기준 곡선)
2021-09-03 00:00:00,2021-09-03 00:00:00,83.8132163979319,ARIMA (+기준 곡선)
2021-09-03 00:00:00,2021-09-03 00:15:00,80.0584866557902,ARIMA (+기준 곡선)
2021-09-03 00:00:00,2021-09-03 00:30:00,77.68837227696474,ARIMA (+기준 곡선)
2021-09-03 00:00:00,2021-09-03 00:45:00,75.3219582317727,ARIMA (+기준 곡선)
2021-09-03 01:00:00,2021-09-03 01:00:00,93.03319070528843,ARIMA (+기준 곡선)
2021-09-03 01:00:00,2021-09-03 01:15:00,106.07281781417056,ARIMA (+기준 곡선)
2021-09-03 01:00:00,2021-09-03 01:30:00,109.74765897530295,ARIMA (+기준 곡선)
2021-09-03 01:00:00,2021-09-03 01:45:00,109.06907910762294,ARIMA (+기준 곡선)
2021-09-03 02:00:00,2021-09-03 02:00:00,116.54871945352232,ARIMA (+기준 곡선)
2021-09-03 02:00:00,2021-09-03 02:15:00,116.67227422601836,ARIMA (+기준 곡선)
2021-09-03 02:00:00,2021-09-03 02:30:00,115.34356985683723,ARIMA (+기준 곡선)
2021-09-03 02:00:00,2021-09-03 02:45:00,113.04381776682462,ARIMA (+기준 곡선)
2021-09-03 03:00:00,2021-09-03 03:00:00,92.30920457845458,ARIMA (+기준 곡선)
2021-09-03 03:00:00,2021-09-03 03:15:00,107.69194704895966,ARIMA (+기준 곡선)
2021-09-03 03:00:00,2021-09-03 03:30:00,112.0381321628859,ARIMA (+기준 곡선)
2021-09-03 03:00:00,2021-09-03 03:45:00,111.48573252623332,ARIMA (+기준 곡선)
2021-09-03 04:00:00,2021-09-03 04:00:00,112.05542502955768,ARIMA (+기준 곡선)
2021-09-03 04:00:00,2021-09-03 04:15:00,112.54017194959836,ARIMA (+기준 곡선)
2021-09-03 04:00:00,2021-09-03 04:30:00,110.9758105077587,ARIMA (+기준 곡선)
2021-09-03 04:00:00,2021-09-03 04:45:00,107.8698618094264,ARIMA (+기준 곡선)
2021-09-03 05:00:00,2021-09-03 05:00:00,85.276744525595,ARIMA (+기준 곡선)
2021-09-03 05:00:00,2021-09-03 05:15:00,78.85180224515477,ARIMA (+기준 곡선)
2021-09-03 05:00:00,2021-09-03 05:30:00,97.17042400650404,ARIMA (+기준 곡선)
2021-09-03 05:00:00,2021-09-03 05:45:00,110.34779148570392,ARIMA (+기준 곡선)
2021-09-03 06:00:00,2021-09-03 06:00:00,111.02012585689828,ARIMA (+기준 곡선)
2021-09-03 06:00:00,2021-09-03 06:15:00,111.28490626889766,ARIMA (+기준 곡선)
2021-09-03 06:00:00,2021-09-03 06:30:00,110.84326011635332,ARIMA (+기준 곡선)
2021-09-03 06:00:00,2021-09-03 06:45:00,111.21337216027804,ARIMA (+기준 곡선)
2021-09-03 07:00:00,2021-09-03 07:00:00,107.17360354144624,ARIMA (+기준 곡선)
2021-09-03 07:00:00,2021-09-03 07:15:00,121.65489213028012,ARIMA (+기준 곡선)
2021-09-03 07:00:00,2021-09-03 07:30:00,146.4138373377776,ARIMA (+기준 곡선)
2021-09-03 07:00:00,2021-09-03 07:45:00,147.47068741379866,ARIMA (+기준 곡선)
2021-09-03 08:00:00,2021-09-03 08:00:00,165.52266445285497,ARIMA (+기준 곡선)
2021-09-03 08:00:00,2021-09-03 08:15:00,187.39838749699743,ARIMA (+기준 곡선)
2021-09-03 08:00:00,2021-09-03 08:30:00,192.2853643745132,ARIMA (+기준 곡선)
2021-09-03 08:00:00,2021-09-03 08:45:00,190.21332417480127,ARIMA (+기준 곡선)
2021-09-03 09:00:00,2021-09-03 09:00:00,172.1928325506772,ARIMA (+기준 곡선)
2021-09-03 09:00:00,2021-09-03 09:15:00,176.18785574317502,ARIMA (+기준 곡선)
2021-09-03 09:00:00,2021-09-03 09:30:00,178.42089346929188,ARIMA (+기준 곡선)
2021-09-03 09:00:00,2021-09-03 09:45:00,181.25686640504247,ARIMA (+기준 곡선)
2021-09-03 10:00:00,2021-09-03 10:00:00,146.78007049201778,ARIMA (+기준 곡선)
2021-09-03 10:00:00,2021-09-03 10:15:00,177.6535587118574,ARIMA (+기준 곡선)
2021-09-03 10:00:00,2021-09-03 10:30:00,180.3740364120864,ARIMA (+기준 곡선)
2021-09-03 10:00:00,2021-09-03 10:45:00,180.94369866832488,ARIMA (+기준 곡선)
2021-09-03 11:00:00,2021-09-03 11:00:00,172.08290464884988,ARIMA (+기준 곡선)
2021-09-03 11:00:00,2021-09-03 11:15:00,178.49781886005852,ARIMA (+기준 곡선)
2021-09-03 11:00:00,2021-09-03 11:30:00,182.2424617022237,ARIMA (+기준 곡선)
2021-09-03 11:00:00,2021-09-03 11:45:00,180.3682763947952,ARIMA (+기준 곡선)
2021-09-03 12:00:00,2021-09-03 12:00:00,126.7637064157872,ARIMA (+기준 곡선)
2021-09-03 12:00:00,2021-09-03 12:15:00,104.41642423154931,ARIMA (+기준 곡선)
2021-09-03 12:00:00,2021-09-03 12:30:00,103.7859712589666,ARIMA (+기준 곡선)
2021-09-03 12:00:00,2021-09-03 12:45:00,114.3667676691496,ARIMA (+기준 곡선)
2021-09-03 13:00:00,2021-09-03 13:00:00,166.59205587974714,ARIMA (+기준 곡선)
2021-09-03 13:00:00,2021-09-03 13:15:00,179.9119598229624,ARIMA (+기준 곡선)
2021-09-03 13:00:00,2021-09-03 13:30:00,183.2578890783856,ARIMA (+기준 곡선)
2021-09-03 13:00:00,2021-09-03 13:45:00,184.4411609960939,ARIMA (+기준 곡선)
2021-09-03 14:00:00,2021-09-03 14:00:00,176.00599799975436,ARIMA (+기준 곡선)
2021-09-03 14:00:00,2021-09-03 14:15:00,174.1485253804145,ARIMA (+기준 곡선)
2021-09-03 14:00:00,2021-09-03 14:30:00,177.0867169520874,ARIMA (+기준 곡선)
2021-09-03 14:00:00,2021-09-03 14:45:00,177.38612580102202,ARIMA (+기준 곡선)
2021-09-03 15:00:00,2021-09-03 15:00:00,138.93929603998905,ARIMA (+기준 곡선)
2021-09-03 15:00:00,2021-09-03 15:15:00,151.02468837789792,ARIMA (+기준 곡선)
2021-09-03 15:00:00,2021-09-03 15:30:00,175.79723858896293,ARIMA (+기준 곡선)
2021-09-03 15:00:00,2021-09-03 15:45:00,178.32557248018756,ARIMA (+기준 곡선)
2021-09-03 16:00:00,2021-09-03 16:00:00,159.16694098433345,ARIMA (+기준 곡선)
2021-09-03 16:00:00,2021-09-03 16:15:00,159.2794145709921,ARIMA (+기준 곡선)
2021-09-03 16:00:00,2021-09-03 16:30:00,158.1262618504839,ARIMA (+기준 곡선)
2021-09-03 16:00:00,2021-09-03 16:45:00,157.37689805466445,ARIMA (+기준 곡선)
2021-09-03 17:00:00,2021-09-03 17:00:00,119.10087921583636,ARIMA (+기준 곡선)
2021-09-03 17:00:00,2021-09-03 17:15:00,105.38544879966204,ARIMA (+기준 곡선)
2021-09-03 17:00:00,2021-09-03 17:30:00,146.75959249089607,ARIMA (+기준 곡선)
2021-09-03 17:00:00,2021-09-03 17:45:00,161.21304036346314,ARIMA (+기준 곡선)
2021-09-03 18:00:00,2021-09-03 18:00:00,167.31791275046453,ARIMA (+기준 곡선)
2021-09-03 18:00:00,2021-09-03 18:15:00,164.92034832128775,ARIMA (+기준 곡선)
2021-09-03 18:00:00,2021-09-03 18:30:00,161.9514089265951,ARIMA (+기준 곡선)
2021-09-03 18:00:00,2021-09-03 18:45:00,161.80388271579724,ARIMA (+기준 곡선)
2021-09-03 19:00:00,2021-09-03 19:00:00,147.21742850977688,ARIMA (+기준 곡선)
2021-09-03 19:00:00,2021-09-03 19:15:00,145.0208142573573,ARIMA (+기준 곡선)
2021-09-03 19:00:00,2021-09-03 19:30:00,145.65856141453293,ARIMA (+기준 곡선)
2021-09-03 19:00:00,2021-09-03 19:45:00,126.98144510482926,ARIMA (+기준 곡선)
2021-09-03 20:00:00,2021-09-03 20:00:00,106.82531421289396,ARIMA (+기준 곡선)
2021-09-03 20:00:00,2021-09-03 20:15:00,116.72142723685435,ARIMA (+기준 곡선)
2021-09-03 20:00:00,2021-09-03 20:30:00,117.7493438639109,ARIMA (+기준 곡선)
2021-09-03 20:00:00,2021-09-03 20:45:00,116.1883716040796,ARIMA (+기준 곡선)
2021-09-03 21:00:00,2021-09-03 21:00:00,112.57525392289747,ARIMA (+기준 곡선)
2021-09-03 21:00:00,2021-09-03 21:15:00,112.59554465631058,ARIMA (+기준 곡선)
2021-09-03 21:00:00,2021-09-03 21:30:00,113.45099464547334,ARIMA (+기준 곡선)
2021-09-03 21:00:00,2021-09-03 21:45:00,113.43040994209608,ARIMA (+기준 곡선)
2021-09-03 22:00:00,2021-09-03 22:00:00,91.08657707585864,ARIMA (+기준 곡선)
2021-09-03 22:00:00,2021-09-03 22:15:00,104.47638257219656,ARIMA (+기준 곡선)
2021-09-03 22:00:00,2021-09-03 22:30:00,105.39104364066904,ARIMA (+기준 곡선)
2021-09-03 22:00:00,2021-09-03 22:45:00,104.79384962367207,ARIMA (+기준 곡선)
2021-09-03 23:00:00,2021-09-03 23:00:00,112.9543549996779,ARIMA (+기준 곡선)
2021-09-03 23:00:00,2021-09-03 23:15:00,109.1855334941074,ARIMA (+기준 곡선)
2021-09-03 23:00:00,2021-09-03 23:30:00,106.35264708380598,ARIMA (+기준 곡선)
2021-09-03 23:00:00,2021-09-03 23:45:00,86.7686398164291,ARIMA (+기준 곡선)
2021-09-04 00:00:00,2021-09-04 00:00:00,67.45686334393413,ARIMA (+기준 곡선)
2021-09-04 00:00:00,2021-09-04 00:15:00,61.00759216170951,ARIMA (+기준 곡선)
2021-09-04 00:00:00,2021-09-04 00:30:00,60.39847968961491,ARIMA (+기준 곡선)
2021-09-04 00:00:00,2021-09-04 00:45:00,60.308075061561,ARIMA (+기준 곡선)
2021-09-04 01:00:00,2021-09-04 01:00:00,86.02829376524463,ARIMA (+기준 곡선)
2021-09-04 01:00:00,2021-09-04 01:15:00,97.35378274208254,ARIMA (+기준 곡선)
2021-09-04 01:00:00,2021-09-04 01:30:00,98.25641547037154,ARIMA (+기준 곡선)
2021-09-04 01:00:00,2021-09-04 01:45:00,98.21115228694936,ARIMA (+기준 곡선)
2021-09-04 02:00:00,2021-09-04 02:00:00,107.6315162493762,ARIMA (+기준 곡선)
2021-09-04 02:00:00,2021-09-04 02:15:00,106.57807512481853,ARIMA (+기준 곡선)
2021-09-04 02:00:00,2021-09-04 02:30:00,102.7380015490449,ARIMA (+기준 곡선)
2021-09-04 02:00:00,2021-09-04 02:45:00,98.91884020345184,ARIMA (+기준 곡선)
2021-09-04 03:00:00,2021-09-04 03:00:00,91.6361489652108,ARIMA (+기준 곡선)
2021-09-04 03:00:00,2021-09-04 03:15:00,98.05683374053328,ARIMA (+기준 곡선)
2021-09-04 03:00:00,2021-09-04 03:30:00,99.11151835225192,ARIMA (+기준 곡선)
2021-09-04 03:00:00,2021-09-04 03:45:00,103.20839706632552,ARIMA (+기준 곡선)
2021-09-04 04:00:00,2021-09-04 04:00:00,99.72656939010083,ARIMA (+기준 곡선)
2021-09-04 04:00:00,2021-09-04 04:15:00,96.2723295446662,ARIMA (+기준 곡선)
2021-09-04 04:00:00,2021-09-04 04:30:00,97.79429160247538,ARIMA (+기준 곡선)
2021-09-04 04:00:00,2021-09-04 04:45:00,95.21513459125144,ARIMA (+기준 곡선)
2021-09-04 05:00:00,2021-09-04 05:00:00,86.88407115420958,ARIMA (+기준 곡선)
2021-09-04 05:00:00,2021-09-04 05:15:00,76.96160219051292,ARIMA (+기준 곡선)
2021-09-04 05:00:00,2021-09-04 05:30:00,93.52287219803576,ARIMA (+기준 곡선)
2021-09-04 05:00:00,2021-09-04 05:45:00,103.99107998370742,ARIMA (+기준 곡선)
2021-09-04 06:00:00,2021-09-04 06:00:00,101.80846621695292,ARIMA (+기준 곡선)
2021-09-04 06:00:00,2021-09-04 06:15:00,97.06539987083964,ARIMA (+기준 곡선)
2021-09-04 06:00:00,2021-09-04 06:30:00,94.16671798476888,ARIMA (+기준 곡선)
2021-09-04 06:00:00,2021-09-04 06:45:00,90.3305835843424,ARIMA (+기준 곡선)
2021-09-04 07:00:00,2021-09-04 07:00:00,102.06755748676856,ARIMA (+기준 곡선)
2021-09-04 07:00:00,2021-09-04 07:15:00,88.09739409374802,ARIMA (+기준 곡선)
2021-09-04 07:00:00,2021-09-04 07:30:00,57.32065451797816,ARIMA (+기준 곡선)
2021-09-04 07:00:00,2021-09-04 07:45:00,38.34827543149548,ARIMA (+기준 곡선)
2021-09-04 08:00:00,2021-09-04 08:00:00,33.2128929791193,ARIMA (+기준 곡선)
2021-09-04 08:00:00,2021-09-04 08:15:00,30.45116879651513,ARIMA (+기준 곡선)
2021-09-04 08:00:00,2021-09-04 08:30:00,29.18711978726044,ARIMA (+기준 곡선)
2021-09-04 08:00:00,2021-09-04 08:45:00,29.16769296903096,ARIMA (+기준 곡선)
2021-09-04 09:00:00,2021-09-04 09:00:00,30.19124168099523,ARIMA (+기준 곡선)
2021-09-04 09:00:00,2021-09-04 09:15:00,29.959625627301275,ARIMA (+기준 곡선)
2021-09-04 09:00:00,2021-09-04 09:30:00,29.37439380547988,ARIMA (+기준 곡선)
2021-09-04 09:00:00,2021-09-04 09:45:00,29.28338080777868,ARIMA (+기준 곡선)
2021-09-04 10:00:00,2021-09-04 10:00:00,30.966925797127217,ARIMA (+기준 곡선)
2021-09-04 10:00:00,2021-09-04 10:15:00,30.694114029570336,ARIMA (+기준 곡선)
2021-09-04 10:00:00,2021-09-04 10:30:00,30.82278463731524,ARIMA (+기준 곡선)
2021-09-04 10:00:00,2021-09-04 10:45:00,29.87689679530372,ARIMA (+기준 곡선)
2021-09-04 11:00:00,2021-09-04 11:00:00,32.43683198487317,ARIMA (+기준 곡선)
2021-09-04 11:00:00,2021-09-04 11:15:00,32.45764764306906,ARIMA (+기준 곡선)
2021-09-04 11:00:00,2021-09-04 11:30:00,33.175073088780984,ARIMA (+기준 곡선)
2021-09-04 11:00:00,2021-09-04 11:45:00,32.23243666447036,ARIMA (+기준 곡선)
2021-09-04 12:00:00,2021-09-04 12:00:00,30.83224030530357,ARIMA (+기준 곡선)
2021-09-04 12:00:00,2021-09-04 12:15:00,29.726162331736717,ARIMA (+기준 곡선)
2021-09-04 12:00:00,2021-09-04 12:30:00,30.48921377335923,ARIMA (+기준 곡선)
2021-09-04 12:00:00,2021-09-04 12:45:00,30.144633330352534,ARIMA (+기준 곡선)
2021-09-04 13:00:00,2021-09-04 13:00:00,31.059972937300635,ARIMA (+기준 곡선)
2021-09-04 13:00:00,2021-09-04 13:15:00,30.862300709795303,ARIMA (+기준 곡선)
2021-09-04 13:00:00,2021-09-04 13:30:00,29.893160034516697,ARIMA (+기준 곡선)
2021-09-04 13:00:00,2021-09-04 13:45:00,30.15510556199895,ARIMA (+기준 곡선)
2021-09-04 14:00:00,2021-09-04 14:00:00,34.73702674107111,ARIMA (+기준 곡선)
2021-09-04 14:00:00,2021-09-04 14:15:00,32.6422352965024,ARIMA (+기준 곡선)
2021-09-04 14:00:00,2021-09-04 14:30:00,32.056831354388805,ARIMA (+기준 곡선)
2021-09-04 14:00:00,2021-09-04 14:45:00,32.459632938055634,ARIMA (+기준 곡선)
2021-09-04 15:00:00,2021-09-04 15:00:00,33.08344946598087,ARIMA (+기준 곡선)
2021-09-04 15:00:00,2021-09-04 15:15:00,32.46098607983409,ARIMA (+기준 곡선)
2021-09-04 15:00:00,2021-09-04 15:30:00,31.778498235959148,ARIMA (+기준 곡선)
2021-09-04 15:00:00,2021-09-04 15:45:00,32.02955531731529,ARIMA (+기준 곡선)
2021-09-04 16:00:00,2021-09-04 16:00:00,32.39317858489892,ARIMA (+기준 곡선)
2021-09-04 16:00:00,2021-09-04 16:15:00,33.02418695469726,ARIMA (+기준 곡선)
2021-09-04 16:00:00,2021-09-04 16:30:00,33.44831673433055,ARIMA (+기준 곡선)
2021-09-04 16:00:00,2021-09-04 16:45:00,32.18342955760362,ARIMA (+기준 곡선)
2021-09-04 17:00:00,2021-09-04 17:00:00,39.46738994219815,ARIMA (+기준 곡선)
2021-09-04 17:00:00,2021-09-04 17:15:00,35.54383109850916,ARIMA (+기준 곡선)
2021-09-04 17:00:00,2021-09-04 17:30:00,31.87972813034012,ARIMA (+기준 곡선)
2021-09-04 17:00:00,2021-09-04 17:45:00,31.423425079808084,ARIMA (+기준 곡선)
2021-09-04 18:00:00,2021-09-04 18:00:00,31.432598510061595,ARIMA (+기준 곡선)
2021-09-04 18:00:00,2021-09-04 18:15:00,31.466622614098107,ARIMA (+기준 곡선)
2021-09-04 18:00:00,2021-09-04 18:30:00,30.90433465113368,ARIMA (+기준 곡선)
2021-09-04 18:00:00,2021-09-04 18:45:00,30.886469137926063,ARIMA (+기준 곡선)
2021-09-04 19:00:00,2021-09-04 19:00:00,26.7244346244126,ARIMA (+기준 곡선)
2021-09-04 19:00:00,2021-09-04 19:15:00,27.391165851080714,ARIMA (+기준 곡선)
2021-09-04 19:00:00,2021-09-04 19:30:00,26.983274018530143,ARIMA (+기준 곡선)
2021-09-04 19:00:00,2021-09-04 19:45:00,26.93800917769049,ARIMA (+기준 곡선)
2021-09-04 20:00:00,2021-09-04 20:00:00,24.319634771962228,ARIMA (+기준 곡선)
2021-09-04 20:00:00,2021-09-04 20:15:00,25.16289653547213,ARIMA (+기준 곡선)
2021-09-04 20:00:00,2021-09-04 20:30:00,26.223390079507563,ARIMA (+기준 곡선)
2021-09-04 20:00:00,2021-09-04 20:45:00,26.81348774788793,ARIMA (+기준 곡선)
2021-09-04 21:00:00,2021-09-04 21:00:00,26.30149002298145,ARIMA (+기준 곡선)
2021-09-04 21:00:00,2021-09-04 21:15:00,26.937149654935027,ARIMA (+기준 곡선)
2021-09-04 21:00:00,2021-09-04 21:30:00,27.20833051620065,ARIMA (+기준 곡선)
2021-09-04 21:00:00,2021-09-04 21:45:00,27.55810608142957,ARIMA (+기준 곡선)
2021-09-04 22:00:00,2021-09-04 22:00:00,24.63391294356972,ARIMA (+기준 곡선)
2021-09-04 22:00:00,2021-09-04 22:15:00,27.04590735704412,ARIMA (+기준 곡선)
2021-09-04 22:00:00,2021-09-04 22:30:00,27.94414223124605,ARIMA (+기준 곡선)
2021-09-04 22:00:00,2021-09-04 22:45:00,26.02606884951576,ARIMA (+기준 곡선)
2021-09-04 23:00:00,2021-09-04 23:00:00,23.700021632039245,ARIMA (+기준 곡선)
2021-09-04 23:00:00,2021-09-04 23:15:00,23.76717406319991,ARIMA (+기준 곡선)
2021-09-04 23:00:00,2021-09-04 23:30:00,24.57702357345362,ARIMA (+기준 곡선)
2021-09-04 23:00:00,2021-09-04 23:45:00,25.27687974829123,ARIMA (+기준 곡선)
2021-09-05 00:00:00,2021-09-05 00:00:00,23.199801814596952,ARIMA (+기준 곡선)
2021-09-05 00:00:00,2021-09-05 00:15:00,23.854659619302765,ARIMA (+기준 곡선)
2021-09-05 00:00:00,2021-09-05 00:30:00,24.89682714810844,ARIMA (+기준 곡선)
2021-09-05 00:00:00,2021-09-05 00:45:00,25.419878510780595,ARIMA (+기준 곡선)
2021-09-05 01:00:00,2021-09-05 01:00:00,24.57500085381332,ARIMA (+기준 곡선)
2021-09-05 01:00:00,2021-09-05 01:15:00,25.22404202561681,ARIMA (+기준 곡선)
2021-09-05 01:00:00,2021-09-05 01:30:00,25.97630116826815,ARIMA (+기준 곡선)
2021-09-05 01:00:00,2021-09-05 01:45:00,27.66850859382928,ARIMA (+기준 곡선)
2021-09-05 02:00:00,2021-09-05 02:00:00,22.997137672448204,ARIMA (+기준 곡선)
2021-09-05 02:00:00,2021-09-05 02:15:00,22.68169168120525,ARIMA (+기준 곡선)
2021-09-05 02:00:00,2021-09-05 02:30:00,22.358830132694287,ARIMA (+기준 곡선)
2021-09-05 02:00:00,2021-09-05 02:45:00,23.198173394029684,ARIMA (+기준 곡선)
2021-09-05 03:00:00,2021-09-05 03:00:00,22.663379729294626,ARIMA (+기준 곡선)
2021-09-05 03:00:00,2021-09-05 03:15:00,23.48141863839581,ARIMA (+기준 곡선)
2021-09-05 03:00:00,2021-09-05 03:30:00,23.449929495666733,ARIMA (+기준 곡선)
2021-09-05 03:00:00,2021-09-05 03:45:00,23.34413552972769,ARIMA (+기준 곡선)
2021-09-05 04:00:00,2021-09-05 04:00:00,23.51940929029476,ARIMA (+기준 곡선)
2021-09-05 04:00:00,2021-09-05 04:15:00,24.14060618719176,ARIMA (+기준 곡선)
2021-09-05 04:00:00,2021-09-05 04:30:00,23.768142974542137,ARIMA (+기준 곡선)
2021-09-05 04:00:00,2021-09-05 04:45:00,23.48624149716483,ARIMA (+기준 곡선)
2021-09-05 05:00:00,2021-09-05 05:00:00,23.79130005216651,ARIMA (+기준 곡선)
2021-09-05 05:00:00,2021-09-05 05:15:00,24.223783272131563,ARIMA (+기준 곡선)
2021-09-05 05:00:00,2021-09-05 05:30:00,24.029020552417453,ARIMA (+기준 곡선)
2021-09-05 05:00:00,2021-09-05 05:45:00,23.82569507469915,ARIMA (+기준 곡선)
2021-09-05 06:00:00,2021-09-05 06:00:00,21.860734126150053,ARIMA (+기준 곡선)
2021-09-05 06:00:00,2021-09-05 06:15:00,22.52126035062449,ARIMA (+기준 곡선)
2021-09-05 06:00:00,2021-09-05 06:30:00,22.599471573834336,ARIMA (+기준 곡선)
2021-09-05 06:00:00,2021-09-05 06:45:00,22.61980679026317,ARIMA (+기준 곡선)
2021-09-05 07:00:00,2021-09-05 07:00:00,22.02214889725823,ARIMA (+기준 곡선)
2021-09-05 07:00:00,2021-09-05 07:15:00,22.651984900168944,ARIMA (+기준 곡선)
2021-09-05 07:00:00,2021-09-05 07:30:00,23.772837619653444,ARIMA (+기준 곡선)
2021-09-05 07:00:00,2021-09-05 07:45:00,23.42980833006116,ARIMA (+기준 곡선)
2021-09-05 08:00:00,2021-09-05 08:00:00,22.14414159426032,ARIMA (+기준 곡선)
2021-09-05 08:00:00,2021-09-05 08:15:00,23.398524678874217,ARIMA (+기준 곡선)
2021-09-05 08:00:00,2021-09-05 08:30:00,23.123703635916872,ARIMA (+기준 곡선)
2021-09-05 08:00:00,2021-09-05 08:45:00,23.253605901030262,ARIMA (+기준 곡선)
2021-09-05 09:00:00,2021-09-05 09:00:00,23.7100409517438,ARIMA (+기준 곡선)
2021-09-05 09:00:00,2021-09-05 09:15:00,24.48613313940456,ARIMA (+기준 곡선)
2021-09-05 09:00:00,2021-09-05 09:30:00,23.33549211220201,ARIMA (+기준 곡선)
2021-09-05 09:00:00,2021-09-05 09:45:00,22.80350319457928,ARIMA (+기준 곡선)
2021-09-05 10:00:00,2021-09-05 10:00:00,22.934067271496424,ARIMA (+기준 곡선)
2021-09-05 10:00:00,2021-09-05 10:15:00,22.63695624519629,ARIMA (+기준 곡선)
2021-09-05 10:00:00,2021-09-05 10:30:00,22.974620934664017,ARIMA (+기준 곡선)
2021-09-05 10:00:00,2021-09-05 10:45:00,23.2876409418083,ARIMA (+기준 곡선)
2021-09-05 11:00:00,2021-09-05 11:00:00,23.12254949693066,ARIMA (+기준 곡선)
2021-09-05 11:00:00,2021-09-05 11:15:00,24.38341410614422,ARIMA (+기준 곡선)
2021-09-05 11:00:00,2021-09-05 11:30:00,26.33947305850294,ARIMA (+기준 곡선)
2021-09-05 11:00:00,2021-09-05 11:45:00,23.41615935597604,ARIMA (+기준 곡선)
2021-09-05 12:00:00,2021-09-05 12:00:00,22.304885482399637,ARIMA (+기준 곡선)
2021-09-05 12:00:00,2021-09-05 12:15:00,22.154761909468604,ARIMA (+기준 곡선)
2021-09-05 12:00:00,2021-09-05 12:30:00,23.106664588774585,ARIMA (+기준 곡선)
2021-09-05 12:00:00,2021-09-05 12:45:00,22.531512970528237,ARIMA (+기준 곡선)
2021-09-05 13:00:00,2021-09-05 13:00:00,22.754820582762765,ARIMA (+기준 곡선)
2021-09-05 13:00:00,2021-09-05 13:15:00,22.5273615193167,ARIMA (+기준 곡선)
2021-09-05 13:00:00,2021-09-05 13:30:00,22.04867235383803,ARIMA (+기준 곡선)
2021-09-05 13:00:00,2021-09-05 13:45:00,22.126049195765,ARIMA (+기준 곡선)
2021-09-05 14:00:00,2021-09-05 14:00:00,22.67128237919844,ARIMA (+기준 곡선)
2021-09-05 14:00:00,2021-09-05 14:15:00,22.993290754548934,ARIMA (+기준 곡선)
2021-09-05 14:00:00,2021-09-05 14:30:00,24.16440777061343,ARIMA (+기준 곡선)
2021-09-05 14:00:00,2021-09-05 14:45:00,24.19011952442252,ARIMA (+기준 곡선)
2021-09-05 15:00:00,2021-09-05 15:00:00,22.60397846786998,ARIMA (+기준 곡선)
2021-09-05 15:00:00,2021-09-05 15:15:00,22.81715519188291,ARIMA (+기준 곡선)
2021-09-05 15:00:00,2021-09-05 15:30:00,22.416519646367508,ARIMA (+기준 곡선)
2021-09-05 15:00:00,2021-09-05 15:45:00,22.506602034887084,ARIMA (+기준 곡선)
2021-09-05 16:00:00,2021-09-05 16:00:00,27.15541178664462,ARIMA (+기준 곡선)
2021-09-05 16:00:00,2021-09-05 16:15:00,25.59420124239954,ARIMA (+기준 곡선)
2021-09-05 16:00:00,2021-09-05 16:30:00,24.976066069604038,ARIMA (+기준 곡선)
2021-09-05 16:00:00,2021-09-05 16:45:00,24.95104872026409,ARIMA (+기준 곡선)
2021-09-05 17:00:00,2021-09-05 17:00:00,22.02802575456886,ARIMA (+기준 곡선)
2021-09-05 17:00:00,2021-09-05 17:15:00,22.482735115833968,ARIMA (+기준 곡선)
2021-09-05 17:00:00,2021-09-05 17:30:00,22.503200086354425,ARIMA (+기준 곡선)
2021-09-05 17:00:00,2021-09-05 17:45:00,23.486057986141,ARIMA (+기준 곡선)
2021-09-05 18:00:00,2021-09-05 18:00:00,23.460492245498685,ARIMA (+기준 곡선)
2021-09-05 18:00:00,2021-09-05 18:15:00,23.84281062292508,ARIMA (+기준 곡선)
2021-09-05 18:00:00,2021-09-05 18:30:00,22.28237369659222,ARIMA (+기준 곡선)
2021-09-05 18:00:00,2021-09-05 18:45:00,21.969815040679944,ARIMA (+기준 곡선)
2021-09-05 19:00:00,2021-09-05 19:00:00,21.733332347171697,ARIMA (+기준 곡선)
2021-09-05 19:00:00,2021-09-05 19:15:00,21.87905193876304,ARIMA (+기준 곡선)
2021-09-05 19:00:00,2021-09-05 19:30:00,22.561757199843115,ARIMA (+기준 곡선)
2021-09-05 19:00:00,2021-09-05 19:45:00,22.70934661795907,ARIMA (+기준 곡선)
2021-09-05 20:00:00,2021-09-05 20:00:00,22.48234839160069,ARIMA (+기준 곡선)
2021-09-05 20:00:00,2021-09-05 20:15:00,23.026616431230103,ARIMA (+기준 곡선)
2021-09-05 20:00:00,2021-09-05 20:30:00,22.20182644412742,ARIMA (+기준 곡선)
2021-09-05 20:00:00,2021-09-05 20:45:00,22.61376129911349,ARIMA (+기준 곡선)
2021-09-05 21:00:00,2021-09-05 21:00:00,23.688480187475477,ARIMA (+기준 곡선)
2021-09-05 21:00:00,2021-09-05 21:15:00,24.170037985714757,ARIMA (+기준 곡선)
2021-09-05 21:00:00,2021-09-05 21:30:00,23.75223153472843,ARIMA (+기준 곡선)
2021-09-05 21:00:00,2021-09-05 21:45:00,23.836286797855013,ARIMA (+기준 곡선)
2021-09-05 22:00:00,2021-09-05 22:00:00,21.355242384202263,ARIMA (+기준 곡선)
2021-09-05 22:00:00,2021-09-05 22:15:00,22.28358161639411,ARIMA (+기준 곡선)
2021-09-05 22:00:00,2021-09-05 22:30:00,22.80180206851845,ARIMA (+기준 곡선)
2021-09-05 22:00:00,2021-09-05 22:45:00,22.40083256831609,ARIMA (+기준 곡선)
2021-09-05 23:00:00,2021-09-05 23:00:00,25.704815441657782,ARIMA (+기준 곡선)
2021-09-05 23:00:00,2021-09-05 23:15:00,24.134176517777437,ARIMA (+기준 곡선)
2021-09-05 23:00:00,2021-09-05 23:30:00,23.229839834463384,ARIMA (+기준 곡선)
2021-09-05 23:00:00,2021-09-05 23:45:00,23.89745698135858,ARIMA (+기준 곡선)
2021-09-06 00:00:00,2021-09-06 00:00:00,22.33062038824893,ARIMA (+기준 곡선)
2021-09-06 00:00:00,2021-09-06 00:15:00,22.88059425280172,ARIMA (+기준 곡선)
2021-09-06 00:00:00,2021-09-06 00:30:00,23.95179358686195,ARIMA (+기준 곡선)
2021-09-06 00:00:00,2021-09-06 00:45:00,23.24130896063368,ARIMA (+기준 곡선)
2021-09-06 01:00:00,2021-09-06 01:00:00,21.330642828676005,ARIMA (+기준 곡선)
2021-09-06 01:00:00,2021-09-06 01:15:00,22.639770666115147,ARIMA (+기준 곡선)
2021-09-06 01:00:00,2021-09-06 01:30:00,22.27204297554609,ARIMA (+기준 곡선)
2021-09-06 01:00:00,2021-09-06 01:45:00,22.12337131802929,ARIMA (+기준 곡선)
2021-09-06 02:00:00,2021-09-06 02:00:00,22.330153879064337,ARIMA (+기준 곡선)
2021-09-06 02:00:00,2021-09-06 02:15:00,21.64453323375818,ARIMA (+기준 곡선)
2021-09-06 02:00:00,2021-09-06 02:30:00,22.574627468997683,ARIMA (+기준 곡선)
2021-09-06 02:00:00,2021-09-06 02:45:00,22.73417599108973,ARIMA (+기준 곡선)
2021-09-06 03:00:00,2021-09-06 03:00:00,22.186460581913813,ARIMA (+기준 곡선)
2021-09-06 03:00:00,2021-09-06 03:15:00,22.924194035149505,ARIMA (+기준 곡선)
2021-09-06 03:00:00,2021-09-06 03:30:00,22.421461191864434,ARIMA (+기준 곡선)
2021-09-06 03:00:00,2021-09-06 03:45:00,23.060764075171274,ARIMA (+기준 곡선)
2021-09-06 04:00:00,2021-09-06 04:00:00,22.07660445899496,ARIMA (+기준 곡선)
2021-09-06 04:00:00,2021-09-06 04:15:00,21.850359115047038,ARIMA (+기준 곡선)
2021-09-06 04:00:00,2021-09-06 04:30:00,21.714146563493543,ARIMA (+기준 곡선)
2021-09-06 04:00:00,2021-09-06 04:45:00,21.79022349873019,ARIMA (+기준 곡선)
2021-09-06 05:00:00,2021-09-06 05:00:00,22.487544426051745,ARIMA (+기준 곡선)
2021-09-06 05:00:00,2021-09-06 05:15:00,21.993187207297225,ARIMA (+기준 곡선)
2021-09-06 05:00:00,2021-09-06 05:30:00,21.622407725617094,ARIMA (+기준 곡선)
2021-09-06 05:00:00,2021-09-06 05:45:00,21.87509212390323,ARIMA (+기준 곡선)
2021-09-06 06:00:00,2021-09-06 06:00:00,24.278687092316805,ARIMA (+기준 곡선)
2021-09-06 06:00:00,2021-09-06 06:15:00,23.615910392238003,ARIMA (+기준 곡선)
2021-09-06 06:00:00,2021-09-06 06:30:00,22.55286432478404,ARIMA (+기준 곡선)
2021-09-06 06:00:00,2021-09-06 06:45:00,22.924176292213723,ARIMA (+기준 곡선)
2021-09-06 07:00:00,2021-09-06 07:00:00,29.429396724196177,ARIMA (+기준 곡선)
2021-09-06 07:00:00,2021-09-06 07:15:00,42.70286484896376,ARIMA (+기준 곡선)
2021-09-06 07:00:00,2021-09-06 07:30:00,71.53245076274823,ARIMA (+기준 곡선)
2021-09-06 07:00:00,2021-09-06 07:45:00,110.6795893372115,ARIMA (+기준 곡선)
2021-09-06 08:00:00,2021-09-06 08:00:00,136.36359846735405,ARIMA (+기준 곡선)
2021-09-06 08:00:00,2021-09-06 08:15:00,174.94421227090044,ARIMA (+기준 곡선)
2021-09-06 08:00:00,2021-09-06 08:30:00,181.6924436850132,ARIMA (+기준 곡선)
2021-09-06 08:00:00,2021-09-06 08:45:00,180.02615368973093,ARIMA (+기준 곡선)
2021-09-06 09:00:00,2021-09-06 09:00:00,174.57781592907094,ARIMA (+기준 곡선)
2021-09-06 09:00:00,2021-09-06 09:15:00,170.0407770629238,ARIMA (+기준 곡선)
2021-09-06 09:00:00,2021-09-06 09:30:00,178.1926435114423,ARIMA (+기준 곡선)
2021-09-06 09:00:00,2021-09-06 09:45:00,175.3151024954528,ARIMA (+기준 곡선)
2021-09-06 10:00:00,2021-09-06 10:00:00,134.81484960040686,ARIMA (+기준 곡선)
2021-09-06 10:00:00,2021-09-06 10:15:00,169.86760870887787,ARIMA (+기준 곡선)
2021-09-06 10:00:00,2021-09-06 10:30:00,174.05058192791864,ARIMA (+기준 곡선)
2021-09-06 10:00:00,2021-09-06 10:45:00,172.73006134814588,ARIMA (+기준 곡선)
2021-09-06 11:00:00,2021-09-06 11:00:00,175.2126550937014,ARIMA (+기준 곡선)
2021-09-06 11:00:00,2021-09-06 11:15:00,179.06300864175657,ARIMA (+기준 곡선)
2021-09-06 11:00:00,2021-09-06 11:30:00,174.3795887649191,ARIMA (+기준 곡선)
2021-09-06 11:00:00,2021-09-06 11:45:00,172.58775080749953,ARIMA (+기준 곡선)
2021-09-06 12:00:00,2021-09-06 12:00:00,121.04068534672668,ARIMA (+기준 곡선)
2021-09-06 12:00:00,2021-09-06 12:15:00,101.34770665503864,ARIMA (+기준 곡선)
2021-09-06 12:00:00,2021-09-06 12:30:00,98.775740934065,ARIMA (+기준 곡선)
2021-09-06 12:00:00,2021-09-06 12:45:00,109.47203323323332,ARIMA (+기준 곡선)
2021-09-06 13:00:00,2021-09-06 13:00:00,163.5919324412393,ARIMA (+기준 곡선)
2021-09-06 13:00:00,2021-09-06 13:15:00,174.25486194623917,ARIMA (+기준 곡선)
2021-09-06 13:00:00,2021-09-06 13:30:00,175.3127996839648,ARIMA (+기준 곡선)
2021-09-06 13:00:00,2021-09-06 13:45:00,174.39640704326655,ARIMA (+기준 곡선)
2021-09-06 14:00:00,2021-09-06 14:00:00,161.34297518106564,ARIMA (+기준 곡선)
2021-09-06 14:00:00,2021-09-06 14:15:00,165.09808053832663,ARIMA (+기준 곡선)
2021-09-06 14:00:00,2021-09-06 14:30:00,168.57057040277834,ARIMA (+기준 곡선)
2021-09-06 14:00:00,2021-09-06 14:45:00,166.11983022075694,ARIMA (+기준 곡선)
2021-09-06 15:00:00,2021-09-06 15:00:00,128.62801693240402,ARIMA (+기준 곡선)
2021-09-06 15:00:00,2021-09-06 15:15:00,139.33360257210046,ARIMA (+기준 곡선)
2021-09-06 15:00:00,2021-09-06 15:30:00,166.23053603869576,ARIMA (+기준 곡선)
2021-09-06 15:00:00,2021-09-06 15:45:00,170.81254332719018,ARIMA (+기준 곡선)
2021-09-06 16:00:00,2021-09-06 16:00:00,159.91465177511125,ARIMA (+기준 곡선)
2021-09-06 16:00:00,2021-09-06 16:15:00,157.9939642741338,ARIMA (+기준 곡선)
2021-09-06 16:00:00,2021-09-06 16:30:00,158.03995286093837,ARIMA (+기준 곡선)
2021-09-06 16:00:00,2021-09-06 16:45:00,154.97706832046754,ARIMA (+기준 곡선)
2021-09-06 17:00:00,2021-09-06 17:00:00,114.085048318578,ARIMA (+기준 곡선)
2021-09-06 17:00:00,2021-09-06 17:15:00,102.2948075387842,ARIMA (+기준 곡선)
2021-09-06 17:00:00,2021-09-06 17:30:00,128.0694909154545,ARIMA (+기준 곡선)
2021-09-06 17:00:00,2021-09-06 17:45:00,142.82205005924413,ARIMA (+기준 곡선)
2021-09-06 18:00:00,2021-09-06 18:00:00,146.0057820667781,ARIMA (+기준 곡선)
2021-09-06 18:00:00,2021-09-06 18:15:00,139.62073423800925,ARIMA (+기준 곡선)
2021-09-06 18:00:00,2021-09-06 18:30:00,137.00088054376812,ARIMA (+기준 곡선)
2021-09-06 18:00:00,2021-09-06 18:45:00,131.1121744541327,ARIMA (+기준 곡선)
2021-09-06 19:00:00,2021-09-06 19:00:00,146.73154804756496,ARIMA (+기준 곡선)
2021-09-06 19:00:00,2021-09-06 19:15:00,142.27607426534678,ARIMA (+기준 곡선)
2021-09-06 19:00:00,2021-09-06 19:30:00,133.48391688758375,ARIMA (+기준 곡선)
2021-09-06 19:00:00,2021-09-06 19:45:00,112.65638889288503,ARIMA (+기준 곡선)
2021-09-06 20:00:00,2021-09-06 20:00:00,109.00267029331168,ARIMA (+기준 곡선)
2021-09-06 20:00:00,2021-09-06 20:15:00,114.6097504620467,ARIMA (+기준 곡선)
2021-09-06 20:00:00,2021-09-06 20:30:00,117.75421321031683,ARIMA (+기준 곡선)
2021-09-06 20:00:00,2021-09-06 20:45:00,116.54682933635048,ARIMA (+기준 곡선)
2021-09-06 21:00:00,2021-09-06 21:00:00,116.65481687045713,ARIMA (+기준 곡선)
2021-09-06 21:00:00,2021-09-06 21:15:00,119.4876912180235,ARIMA (+기준 곡선)
2021-09-06 21:00:00,2021-09-06 21:30:00,112.8667938385628,ARIMA (+기준 곡선)
2021-09-06 21:00:00,2021-09-06 21:45:00,108.83266937717536,ARIMA (+기준 곡선)
2021-09-06 22:00:00,2021-09-06 22:00:00,103.25381533332455,ARIMA (+기준 곡선)
2021-09-06 22:00:00,2021-09-06 22:15:00,111.62496018213928,ARIMA (+기준 곡선)
2021-09-06 22:00:00,2021-09-06 22:30:00,113.04463741524184,ARIMA (+기준 곡선)
2021-09-06 22:00:00,2021-09-06 22:45:00,112.94405760468926,ARIMA (+기준 곡선)
2021-09-06 23:00:00,2021-09-06 23:00:00,109.28006568761177,ARIMA (+기준 곡선)
2021-09-06 23:00:00,2021-09-06 23:15:00,106.89345973784678,ARIMA (+기준 곡선)
2021-09-06 23:00:00,2021-09-06 23:30:00,101.43255633842372,ARIMA (+기준 곡선)
2021-09-06 23:00:00,2021-09-06 23:45:00,80.04950457522907,ARIMA (+기준 곡선)
2021-09-07 00:00:00,2021-09-07 00:00:00,74.10490184230808,ARIMA (+기준 곡선)
2021-09-07 00:00:00,2021-09-07 00:15:00,71.09551175298702,ARIMA (+기준 곡선)
2021-09-07 00:00:00,2021-09-07 00:30:00,69.05089826693342,ARIMA (+기준 곡선)
2021-09-07 00:00:00,2021-09-07 00:45:00,67.28113774552668,ARIMA (+기준 곡선)
2021-09-07 01:00:00,2021-09-07 01:00:00,93.86222156767715,ARIMA (+기준 곡선)
2021-09-07 01:00:00,2021-09-07 01:15:00,104.72416440961617,ARIMA (+기준 곡선)
2021-09-07 01:00:00,2021-09-07 01:30:00,108.14405601195176,ARIMA (+기준 곡선)
2021-09-07 01:00:00,2021-09-07 01:45:00,106.81207674267677,ARIMA (+기준 곡선)
2021-09-07 02:00:00,2021-09-07 02:00:00,116.88479577913344,ARIMA (+기준 곡선)
2021-09-07 02:00:00,2021-09-07 02:15:00,115.13593922765156,ARIMA (+기준 곡선)
2021-09-07 02:00:00,2021-09-07 02:30:00,112.32802924025732,ARIMA (+기준 곡선)
2021-09-07 02:00:00,2021-09-07 02:45:00,109.18395664348736,ARIMA (+기준 곡선)
2021-09-07 03:00:00,2021-09-07 03:00:00,95.683579211667,ARIMA (+기준 곡선)
2021-09-07 03:00:00,2021-09-07 03:15:00,107.795483527127,ARIMA (+기준 곡선)
2021-09-07 03:00:00,2021-09-07 03:30:00,111.02235251514932,ARIMA (+기준 곡선)
2021-09-07 03:00:00,2021-09-07 03:45:00,110.06548810998623,ARIMA (+기준 곡선)
2021-09-07 04:00:00,2021-09-07 04:00:00,104.67590786712591,ARIMA (+기준 곡선)
2021-09-07 04:00:00,2021-09-07 04:15:00,106.9076409179467,ARIMA (+기준 곡선)
2021-09-07 04:00:00,2021-09-07 04:30:00,105.9989774390156,ARIMA (+기준 곡선)
2021-09-07 04:00:00,2021-09-07 04:45:00,103.21598998554204,ARIMA (+기준 곡선)
2021-09-07 05:00:00,2021-09-07 05:00:00,94.798621142886,ARIMA (+기준 곡선)
2021-09-07 05:00:00,2021-09-07 05:15:00,83.15347571754086,ARIMA (+기준 곡선)
2021-09-07 05:00:00,2021-09-07 05:30:00,100.5893081787926,ARIMA (+기준 곡선)
2021-09-07 05:00:00,2021-09-07 05:45:00,112.33820001073413,ARIMA (+기준 곡선)
2021-09-07 06:00:00,2021-09-07 06:00:00,114.7061458386195,ARIMA (+기준 곡선)
2021-09-07 06:00:00,2021-09-07 06:15:00,112.77530708316958,ARIMA (+기준 곡선)
2021-09-07 06:00:00,2021-09-07 06:30:00,111.28576356999996,ARIMA (+기준 곡선)
2021-09-07 06:00:00,2021-09-07 06:45:00,111.16505696092024,ARIMA (+기준 곡선)
2021-09-07 07:00:00,2021-09-07 07:00:00,120.08856770943204,ARIMA (+기준 곡선)
2021-09-07 07:00:00,2021-09-07 07:15:00,128.938226737729,ARIMA (+기준 곡선)
2021-09-07 07:00:00,2021-09-07 07:30:00,152.5286589447172,ARIMA (+기준 곡선)
2021-09-07 07:00:00,2021-09-07 07:45:00,151.3498372167457,ARIMA (+기준 곡선)
2021-09-07 08:00:00,2021-09-07 08:00:00,163.5221569962029,ARIMA (+기준 곡선)
2021-09-07 08:00:00,2021-09-07 08:15:00,186.5423274532698,ARIMA (+기준 곡선)
2021-09-07 08:00:00,2021-09-07 08:30:00,191.28800845850125,ARIMA (+기준 곡선)
2021-09-07 08:00:00,2021-09-07 08:45:00,188.90825496754852,ARIMA (+기준 곡선)
2021-09-07 09:00:00,2021-09-07 09:00:00,182.3492285802526,ARIMA (+기준 곡선)
2021-09-07 09:00:00,2021-09-07 09:15:00,181.7627658114016,ARIMA (+기준 곡선)
2021-09-07 09:00:00,2021-09-07 09:30:00,184.15137566962304,ARIMA (+기준 곡선)
2021-09-07 09:00:00,2021-09-07 09:45:00,186.25536840010392,ARIMA (+기준 곡선)
2021-09-07 10:00:00,2021-09-07 10:00:00,141.15564379202044,ARIMA (+기준 곡선)
2021-09-07 10:00:00,2021-09-07 10:15:00,174.89519014038547,ARIMA (+기준 곡선)
2021-09-07 10:00:00,2021-09-07 10:30:00,177.6777670212461,ARIMA (+기준 곡선)
2021-09-07 10:00:00,2021-09-07 10:45:00,179.02304993000214,ARIMA (+기준 곡선)
2021-09-07 11:00:00,2021-09-07 11:00:00,177.3465541783741,ARIMA (+기준 곡선)
2021-09-07 11:00:00,2021-09-07 11:15:00,181.22282869386387,ARIMA (+기준 곡선)
2021-09-07 11:00:00,2021-09-07 11:30:00,183.81955870523805,ARIMA (+기준 곡선)
2021-09-07 11:00:00,2021-09-07 11:45:00,181.4080371400013,ARIMA (+기준 곡선)
2021-09-07 12:00:00,2021-09-07 12:00:00,121.44911744182852,ARIMA (+기준 곡선)
2021-09-07 12:00:00,2021-09-07 12:15:00,100.16370409532324,ARIMA (+기준 곡선)
2021-09-07 12:00:00,2021-09-07 12:30:00,100.2874245456642,ARIMA (+기준 곡선)
2021-09-07 12:00:00,2021-09-07 12:45:00,113.63397883741096,ARIMA (+기준 곡선)
2021-09-07 13:00:00,2021-09-07 13:00:00,177.1401672302233,ARIMA (+기준 곡선)
2021-09-07 13:00:00,2021-09-07 13:15:00,186.3611467734825,ARIMA (+기준 곡선)
2021-09-07 13:00:00,2021-09-07 13:30:00,187.3870984058559,ARIMA (+기준 곡선)
2021-09-07 13:00:00,2021-09-07 13:45:00,187.5814586326869,ARIMA (+기준 곡선)
2021-09-07 14:00:00,2021-09-07 14:00:00,168.98414399363037,ARIMA (+기준 곡선)
2021-09-07 14:00:00,2021-09-07 14:15:00,171.80045717602655,ARIMA (+기준 곡선)
2021-09-07 14:00:00,2021-09-07 14:30:00,175.26502047800918,ARIMA (+기준 곡선)
2021-09-07 14:00:00,2021-09-07 14:45:00,176.1117442719214,ARIMA (+기준 곡선)
2021-09-07 15:00:00,2021-09-07 15:00:00,145.6755147093488,ARIMA (+기준 곡선)
2021-09-07 15:00:00,2021-09-07 15:15:00,157.59421739680442,ARIMA (+기준 곡선)
2021-09-07 15:00:00,2021-09-07 15:30:00,178.91770569930475,ARIMA (+기준 곡선)
2021-09-07 15:00:00,2021-09-07 15:45:00,180.2970787531704,ARIMA (+기준 곡선)
2021-09-07 16:00:00,2021-09-07 16:00:00,171.8795006166286,ARIMA (+기준 곡선)
2021-09-07 16:00:00,2021-09-07 16:15:00,169.52849154350537,ARIMA (+기준 곡선)
2021-09-07 16:00:00,2021-09-07 16:30:00,166.8114721972145,ARIMA (+기준 곡선)
2021-09-07 16:00:00,2021-09-07 16:45:00,164.41835972154064,ARIMA (+기준 곡선)
2021-09-07 17:00:00,2021-09-07 17:00:00,113.22614939843004,ARIMA (+기준 곡선)
2021-09-07 17:00:00,2021-09-07 17:15:00,102.60245397237856,ARIMA (+기준 곡선)
2021-09-07 17:00:00,2021-09-07 17:30:00,144.75799601374555,ARIMA (+기준 곡선)
2021-09-07 17:00:00,2021-09-07 17:45:00,159.88833732582617,ARIMA (+기준 곡선)
2021-09-07 18:00:00,2021-09-07 18:00:00,161.1786876555158,ARIMA (+기준 곡선)
2021-09-07 18:00:00,2021-09-07 18:15:00,160.1718271979589,ARIMA (+기준 곡선)
2021-09-07 18:00:00,2021-09-07 18:30:00,159.02637525233638,ARIMA (+기준 곡선)
2021-09-07 18:00:00,2021-09-07 18:45:00,159.17333673098858,ARIMA (+기준 곡선)
2021-09-07 19:00:00,2021-09-07 19:00:00,150.37950138405782,ARIMA (+기준 곡선)
2021-09-07 19:00:00,2021-09-07 19:15:00,145.79617156704344,ARIMA (+기준 곡선)
2021-09-07 19:00:00,2021-09-07 19:30:00,148.03355442064998,ARIMA (+기준 곡선)
2021-09-07 19:00:00,2021-09-07 19:45:00,129.27442284424993,ARIMA (+기준 곡선)
2021-09-07 20:00:00,2021-09-07 20:00:00,125.84564723475071,ARIMA (+기준 곡선)
2021-09-07 20:00:00,2021-09-07 20:15:00,129.2495725145154,ARIMA (+기준 곡선)
2021-09-07 20:00:00,2021-09-07 20:30:00,128.40447867982678,ARIMA (+기준 곡선)
2021-09-07 20:00:00,2021-09-07 20:45:00,125.05216133666576,ARIMA (+기준 곡선)
2021-09-07 21:00:00,2021-09-07 21:00:00,132.1028489312842,ARIMA (+기준 곡선)
2021-09-07 21:00:00,2021-09-07 21:15:00,126.98125516513107,ARIMA (+기준 곡선)
2021-09-07 21:00:00,2021-09-07 21:30:00,125.5789331974361,ARIMA (+기준 곡선)
2021-09-07 21:00:00,2021-09-07 21:45:00,123.53416503661477,ARIMA (+기준 곡선)
2021-09-07 22:00:00,2021-09-07 22:00:00,110.73797329406506,ARIMA (+기준 곡선)
2021-09-07 22:00:00,2021-09-07 22:15:00,119.81865467950932,ARIMA (+기준 곡선)
2021-09-07 22:00:00,2021-09-07 22:30:00,118.51825634784346,ARIMA (+기준 곡선)
2021-09-07 22:00:00,2021-09-07 22:45:00,117.35584153239724,ARIMA (+기준 곡선)
2021-09-07 23:00:00,2021-09-07 23:00:00,112.00901849018452,ARIMA (+기준 곡선)
2021-09-07 23:00:00,2021-09-07 23:15:00,112.96874551838282,ARIMA (+기준 곡선)
2021-09-07 23:00:00,2021-09-07 23:30:00,110.21094059540734,ARIMA (+기준 곡선)
2021-09-07 23:00:00,2021-09-07 23:45:00,91.73640488757724,ARIMA (+기준 곡선)
2021-09-08 00:00:00,2021-09-08 00:00:00,77.56894344061506,ARIMA (+기준 곡선)
2021-09-08 00:00:00,2021-09-08 00:15:00,74.1541572021741,ARIMA (+기준 곡선)
2021-09-08 00:00:00,2021-09-08 00:30:00,72.24648666156412,ARIMA (+기준 곡선)
2021-09-08 00:00:00,2021-09-08 00:45:00,70.64851511145858,ARIMA (+기준 곡선)
2021-09-08 01:00:00,2021-09-08 01:00:00,94.42424320606382,ARIMA (+기준 곡선)
2021-09-08 01:00:00,2021-09-08 01:15:00,106.1450118537427,ARIMA (+기준 곡선)
2021-09-08 01:00:00,2021-09-08 01:30:00,110.01222117807627,ARIMA (+기준 곡선)
2021-09-08 01:00:00,2021-09-08 01:45:00,109.0082293468282,ARIMA (+기준 곡선)
2021-09-08 02:00:00,2021-09-08 02:00:00,113.72388906582692,ARIMA (+기준 곡선)
2021-09-08 02:00:00,2021-09-08 02:15:00,114.31523368125316,ARIMA (+기준 곡선)
2021-09-08 02:00:00,2021-09-08 02:30:00,112.37588733036694,ARIMA (+기준 곡선)
2021-09-08 02:00:00,2021-09-08 02:45:00,109.87876603189808,ARIMA (+기준 곡선)
2021-09-08 03:00:00,2021-09-08 03:00:00,99.6054852637396,ARIMA (+기준 곡선)
2021-09-08 03:00:00,2021-09-08 03:15:00,112.4434285030527,ARIMA (+기준 곡선)
2021-09-08 03:00:00,2021-09-08 03:30:00,115.37904108303776,ARIMA (+기준 곡선)
2021-09-08 03:00:00,2021-09-08 03:45:00,114.1277285096342,ARIMA (+기준 곡선)
2021-09-08 04:00:00,2021-09-08 04:00:00,117.65272020836754,ARIMA (+기준 곡선)
2021-09-08 04:00:00,2021-09-08 04:15:00,116.05454813955606,ARIMA (+기준 곡선)
2021-09-08 04:00:00,2021-09-08 04:30:00,113.90522018163936,ARIMA (+기준 곡선)
2021-09-08 04:00:00,2021-09-08 04:45:00,110.13103303403986,ARIMA (+기준 곡선)
2021-09-08 05:00:00,2021-09-08 05:00:00,91.27095168739504,ARIMA (+기준 곡선)
2021-09-08 05:00:00,2021-09-08 05:15:00,82.30667427374925,ARIMA (+기준 곡선)
2021-09-08 05:00:00,2021-09-08 05:30:00,100.72772133415626,ARIMA (+기준 곡선)
2021-09-08 05:00:00,2021-09-08 05:45:00,113.27878739188871,ARIMA (+기준 곡선)
2021-09-08 06:00:00,2021-09-08 06:00:00,111.14427379829938,ARIMA (+기준 곡선)
2021-09-08 06:00:00,2021-09-08 06:15:00,112.04139095957756,ARIMA (+기준 곡선)
2021-09-08 06:00:00,2021-09-08 06:30:00,111.50146929126508,ARIMA (+기준 곡선)
2021-09-08 06:00:00,2021-09-08 06:45:00,112.02444116876902,ARIMA (+기준 곡선)
2021-09-08 07:00:00,2021-09-08 07:00:00,118.28281252923318,ARIMA (+기준 곡선)
2021-09-08 07:00:00,2021-09-08 07:15:00,129.30893137173635,ARIMA (+기준 곡선)
2021-09-08 07:00:00,2021-09-08 07:30:00,153.51578072792955,ARIMA (+기준 곡선)
2021-09-08 07:00:00,2021-09-08 07:45:00,152.79455827728594,ARIMA (+기준 곡선)
2021-09-08 08:00:00,2021-09-08 08:00:00,158.0971171397513,ARIMA (+기준 곡선)
2021-09-08 08:00:00,2021-09-08 08:15:00,183.7385309194532,ARIMA (+기준 곡선)
2021-09-08 08:00:00,2021-09-08 08:30:00,189.61079586653415,ARIMA (+기준 곡선)
2021-09-08 08:00:00,2021-09-08 08:45:00,188.06970542713415,ARIMA (+기준 곡선)
2021-09-08 09:00:00,2021-09-08 09:00:00,170.87270166306536,ARIMA (+기준 곡선)
2021-09-08 09:00:00,2021-09-08 09:15:00,175.66170858270536,ARIMA (+기준 곡선)
2021-09-08 09:00:00,2021-09-08 09:30:00,179.73409574317623,ARIMA (+기준 곡선)
2021-09-08 09:00:00,2021-09-08 09:45:00,183.0470255420144,ARIMA (+기준 곡선)
2021-09-08 10:00:00,2021-09-08 10:00:00,134.2742239869147,ARIMA (+기준 곡선)
2021-09-08 10:00:00,2021-09-08 10:15:00,170.16329344829867,ARIMA (+기준 곡선)
2021-09-08 10:00:00,2021-09-08 10:30:00,174.0503181367663,ARIMA (+기준 곡선)
2021-09-08 10:00:00,2021-09-08 10:45:00,176.15750013654406,ARIMA (+기준 곡선)
2021-09-08 11:00:00,2021-09-08 11:00:00,164.89897444839795,ARIMA (+기준 곡선)
2021-09-08 11:00:00,2021-09-08 11:15:00,172.2094022863451,ARIMA (+기준 곡선)
2021-09-08 11:00:00,2021-09-08 11:30:00,176.4513136044287,ARIMA (+기준 곡선)
2021-09-08 11:00:00,2021-09-08 11:45:00,175.28008493697976,ARIMA (+기준 곡선)
2021-09-08 12:00:00,2021-09-08 12:00:00,86.53319047035694,ARIMA (+기준 곡선)
2021-09-08 12:00:00,2021-09-08 12:15:00,77.95277535872248,ARIMA (+기준 곡선)
2021-09-08 12:00:00,2021-09-08 12:30:00,82.29996015632494,ARIMA (+기준 곡선)
2021-09-08 12:00:00,2021-09-08 12:45:00,98.55124037052674,ARIMA (+기준 곡선)
2021-09-08 13:00:00,2021-09-08 13:00:00,127.4010738169753,ARIMA (+기준 곡선)
2021-09-08 13:00:00,2021-09-08 13:15:00,150.40784812389023,ARIMA (+기준 곡선)
2021-09-08 13:00:00,2021-09-08 13:30:00,157.7322358013788,ARIMA (+기준 곡선)
2021-09-08 13:00:00,2021-09-08 13:45:00,162.77276231285322,ARIMA (+기준 곡선)
2021-09-08 14:00:00,2021-09-08 14:00:00,165.3832913089771,ARIMA (+기준 곡선)
2021-09-08 14:00:00,2021-09-08 14:15:00,163.73623045574865,ARIMA (+기준 곡선)
2021-09-08 14:00:00,2021-09-08 14:30:00,166.47413607576294,ARIMA (+기준 곡선)
2021-09-08 14:00:00,2021-09-08 14:45:00,166.7178483132912,ARIMA (+기준 곡선)
2021-09-08 15:00:00,2021-09-08 15:00:00,121.1383943580828,ARIMA (+기준 곡선)
2021-09-08 15:00:00,2021-09-08 15:15:00,137.00395292601002,ARIMA (+기준 곡선)
2021-09-08 15:00:00,2021-09-08 15:30:00,160.11845959663634,ARIMA (+기준 곡선)
2021-09-08 15:00:00,2021-09-08 15:45:00,162.91875914753984,ARIMA (+기준 곡선)
2021-09-08 16:00:00,2021-09-08 16:00:00,176.59719207165406,ARIMA (+기준 곡선)
2021-09-08 16:00:00,2021-09-08 16:15:00,168.31201882788616,ARIMA (+기준 곡선)
2021-09-08 16:00:00,2021-09-08 16:30:00,163.16689362685312,ARIMA (+기준 곡선)
2021-09-08 16:00:00,2021-09-08 16:45:00,159.0820124989085,ARIMA (+기준 곡선)
2021-09-08 17:00:00,2021-09-08 17:00:00,118.34995154432092,ARIMA (+기준 곡선)
2021-09-08 17:00:00,2021-09-08 17:15:00,102.72567846369898,ARIMA (+기준 곡선)
2021-09-08 17:00:00,2021-09-08 17:30:00,142.76661116013875,ARIMA (+기준 곡선)
2021-09-08 17:00:00,2021-09-08 17:45:00,156.37208101805265,ARIMA (+기준 곡선)
2021-09-08 18:00:00,2021-09-08 18:00:00,171.96670994898182,ARIMA (+기준 곡선)
2021-09-08 18:00:00,2021-09-08 18:15:00,165.35078219682254,ARIMA (+기준 곡선)
2021-09-08 18:00:00,2021-09-08 18:30:00,161.53470544021454,ARIMA (+기준 곡선)
2021-09-08 18:00:00,2021-09-08 18:45:00,159.6969212898989,ARIMA (+기준 곡선)
2021-09-08 19:00:00,2021-09-08 19:00:00,157.93160957720525,ARIMA (+기준 곡선)
2021-09-08 19:00:00,2021-09-08 19:15:00,149.24657106323954,ARIMA (+기준 곡선)
2021-09-08 19:00:00,2021-09-08 19:30:00,149.66482237625377,ARIMA (+기준 곡선)
2021-09-08 19:00:00,2021-09-08 19:45:00,129.664951962798,ARIMA (+기준 곡선)
2021-09-08 20:00:00,2021-09-08 20:00:00,108.61660760770572,ARIMA (+기준 곡선)
2021-09-08 20:00:00,2021-09-08 20:15:00,118.04374493748152,ARIMA (+기준 곡선)
2021-09-08 20:00:00,2021-09-08 20:30:00,118.90285493255924,ARIMA (+기준 곡선)
2021-09-08 20:00:00,2021-09-08 20:45:00,116.81153836947036,ARIMA (+기준 곡선)
2021-09-08 21:00:00,2021-09-08 21:00:00,106.37729317866898,ARIMA (+기준 곡선)
2021-09-08 21:00:00,2021-09-08 21:15:00,107.6957336572935,ARIMA (+기준 곡선)
2021-09-08 21:00:00,2021-09-08 21:30:00,109.2908749219802,ARIMA (+기준 곡선)
2021-09-08 21:00:00,2021-09-08 21:45:00,109.26569479528467,ARIMA (+기준 곡선)
2021-09-08 22:00:00,2021-09-08 22:00:00,102.78817426709251,ARIMA (+기준 곡선)
2021-09-08 22:00:00,2021-09-08 22:15:00,112.37846548497852,ARIMA (+기준 곡선)
2021-09-08 22:00:00,2021-09-08 22:30:00,111.01813116780218,ARIMA (+기준 곡선)
2021-09-08 22:00:00,2021-09-08 22:45:00,109.72798483935314,ARIMA (+기준 곡선)
2021-09-08 23:00:00,2021-09-08 23:00:00,102.9459833954514,ARIMA (+기준 곡선)
2021-09-08 23:00:00,2021-09-08 23:15:00,104.42125032402444,ARIMA (+기준 곡선)
2021-09-08 23:00:00,2021-09-08 23:30:00,101.8042988940681,ARIMA (+기준 곡선)
2021-09-08 23:00:00,2021-09-08 23:45:00,83.38363025714273,ARIMA (+기준 곡선)
2021-09-09 00:00:00,2021-09-09 00:00:00,69.05496427278962,ARIMA (+기준 곡선)
2021-09-09 00:00:00,2021-09-09 00:15:00,66.22971503165427,ARIMA (+기준 곡선)
2021-09-09 00:00:00,2021-09-09 00:30:00,64.28373035441834,ARIMA (+기준 곡선)
2021-09-09 00:00:00,2021-09-09 00:45:00,62.5315604557717,ARIMA (+기준 곡선)
2021-09-09 01:00:00,2021-09-09 01:00:00,90.666860926574,ARIMA (+기준 곡선)
2021-09-09 01:00:00,2021-09-09 01:15:00,101.34059480335524,ARIMA (+기준 곡선)
2021-09-09 01:00:00,2021-09-09 01:30:00,104.59108826850505,ARIMA (+기준 곡선)
2021-09-09 01:00:00,2021-09-09 01:45:00,103.15146756250292,ARIMA (+기준 곡선)
2021-09-09 02:00:00,2021-09-09 02:00:00,100.85506885840924,ARIMA (+기준 곡선)
2021-09-09 02:00:00,2021-09-09 02:15:00,102.61849522152376,ARIMA (+기준 곡선)
2021-09-09 02:00:00,2021-09-09 02:30:00,101.5424818392386,ARIMA (+기준 곡선)
2021-09-09 02:00:00,2021-09-09 02:45:00,99.71478011283752,ARIMA (+기준 곡선)
2021-09-09 03:00:00,2021-09-09 03:00:00,94.38795128713308,ARIMA (+기준 곡선)
2021-09-09 03:00:00,2021-09-09 03:15:00,105.61339021514468,ARIMA (+기준 곡선)
2021-09-09 03:00:00,2021-09-09 03:30:00,108.17188315463471,ARIMA (+기준 곡선)
2021-09-09 03:00:00,2021-09-09 03:45:00,106.76610574700082,ARIMA (+기준 곡선)
2021-09-09 04:00:00,2021-09-09 04:00:00,111.4283203693458,ARIMA (+기준 곡선)
2021-09-09 04:00:00,2021-09-09 04:15:00,109.3186310028484,ARIMA (+기준 곡선)
2021-09-09 04:00:00,2021-09-09 04:30:00,106.98566240413072,ARIMA (+기준 곡선)
2021-09-09 04:00:00,2021-09-09 04:45:00,103.11243343904242,ARIMA (+기준 곡선)
2021-09-09 05:00:00,2021-09-09 05:00:00,80.35992703416953,ARIMA (+기준 곡선)
2021-09-09 05:00:00,2021-09-09 05:15:00,72.77065111590704,ARIMA (+기준 곡선)
2021-09-09 05:00:00,2021-09-09 05:30:00,91.6849231201868,ARIMA (+기준 곡선)
2021-09-09 05:00:00,2021-09-09 05:45:00,104.65746341326768,ARIMA (+기준 곡선)
2021-09-09 06:00:00,2021-09-09 06:00:00,108.98383736510456,ARIMA (+기준 곡선)
2021-09-09 06:00:00,2021-09-09 06:15:00,107.912621394411,ARIMA (+기준 곡선)
2021-09-09 06:00:00,2021-09-09 06:30:00,106.70027512000723,ARIMA (+기준 곡선)
2021-09-09 06:00:00,2021-09-09 06:45:00,106.7825596671413,ARIMA (+기준 곡선)
2021-09-09 07:00:00,2021-09-09 07:00:00,116.564139994214,ARIMA (+기준 곡선)
2021-09-09 07:00:00,2021-09-09 07:15:00,126.20003417830335,ARIMA (+기준 곡선)
2021-09-09 07:00:00,2021-09-09 07:30:00,149.75933878230614,ARIMA (+기준 곡선)
2021-09-09 07:00:00,2021-09-09 07:45:00,148.6060695082496,ARIMA (+기준 곡선)
2021-09-09 08:00:00,2021-09-09 08:00:00,165.9668033376634,ARIMA (+기준 곡선)
2021-09-09 08:00:00,2021-09-09 08:15:00,186.66205328335735,ARIMA (+기준 곡선)
2021-09-09 08:00:00,2021-09-09 08:30:00,190.7871931280693,ARIMA (+기준 곡선)
2021-09-09 08:00:00,2021-09-09 08:45:00,188.0586704793688,ARIMA (+기준 곡선)
2021-09-09 09:00:00,2021-09-09 09:00:00,178.07594695844284,ARIMA (+기준 곡선)
2021-09-09 09:00:00,2021-09-09 09:15:00,178.55728730543615,ARIMA (+기준 곡선)
2021-09-09 09:00:00,2021-09-09 09:30:00,181.19959760045947,ARIMA (+기준 곡선)
2021-09-09 09:00:00,2021-09-09 09:45:00,183.4448289784247,ARIMA (+기준 곡선)
2021-09-09 10:00:00,2021-09-09 10:00:00,138.92120921825864,ARIMA (+기준 곡선)
2021-09-09 10:00:00,2021-09-09 10:15:00,172.70768404280875,ARIMA (+기준 곡선)
2021-09-09 10:00:00,2021-09-09 10:30:00,175.5364709047,ARIMA (+기준 곡선)
2021-09-09 10:00:00,2021-09-09 10:45:00,176.95593998933023,ARIMA (+기준 곡선)
2021-09-09 11:00:00,2021-09-09 11:00:00,170.9552462322863,ARIMA (+기준 곡선)
2021-09-09 11:00:00,2021-09-09 11:15:00,175.61192191651526,ARIMA (+기준 곡선)
2021-09-09 11:00:00,2021-09-09 11:30:00,178.85659135948293,ARIMA (+기준 곡선)
2021-09-09 11:00:00,2021-09-09 11:45:00,176.96961200176716,ARIMA (+기준 곡선)
2021-09-09 12:00:00,2021-09-09 12:00:00,115.13426459564133,ARIMA (+기준 곡선)
2021-09-09 12:00:00,2021-09-09 12:15:00,96.59804005252852,ARIMA (+기준 곡선)
2021-09-09 12:00:00,2021-09-09 12:30:00,96.97360426991824,ARIMA (+기준 곡선)
2021-09-09 12:00:00,2021-09-09 12:45:00,110.3567995110831,ARIMA (+기준 곡선)
2021-09-09 13:00:00,2021-09-09 13:00:00,169.10402182651214,ARIMA (+기준 곡선)
2021-09-09 13:00:00,2021-09-09 13:15:00,180.1842061677097,ARIMA (+기준 곡선)
2021-09-09 13:00:00,2021-09-09 13:30:00,182.01589284566197,ARIMA (+기준 곡선)
2021-09-09 13:00:00,2021-09-09 13:45:00,182.79171870394845,ARIMA (+기준 곡선)
2021-09-09 14:00:00,2021-09-09 14:00:00,170.82270106595257,ARIMA (+기준 곡선)
2021-09-09 14:00:00,2021-09-09 14:15:00,170.6906931173708,ARIMA (+기준 곡선)
2021-09-09 14:00:00,2021-09-09 14:30:00,173.55112622682748,ARIMA (+기준 곡선)
2021-09-09 14:00:00,2021-09-09 14:45:00,173.99632865434037,ARIMA (+기준 곡선)
2021-09-09 15:00:00,2021-09-09 15:00:00,128.80933522490997,ARIMA (+기준 곡선)
2021-09-09 15:00:00,2021-09-09 15:15:00,144.34334183384536,ARIMA (+기준 곡선)
2021-09-09 15:00:00,2021-09-09 15:30:00,167.45381379441366,ARIMA (+기준 곡선)
2021-09-09 15:00:00,2021-09-09 15:45:00,170.1883111745337,ARIMA (+기준 곡선)
2021-09-09 16:00:00,2021-09-09 16:00:00,180.30161982359587,ARIMA (+기준 곡선)
2021-09-09 16:00:00,2021-09-09 16:15:00,173.57241765808757,ARIMA (+기준 곡선)
2021-09-09 16:00:00,2021-09-09 16:30:00,168.8673094062834,ARIMA (+기준 곡선)
2021-09-09 16:00:00,2021-09-09 16:45:00,165.0729197701033,ARIMA (+기준 곡선)
2021-09-09 17:00:00,2021-09-09 17:00:00,122.42168466008792,ARIMA (+기준 곡선)
2021-09-09 17:00:00,2021-09-09 17:15:00,106.07772866706088,ARIMA (+기준 곡선)
2021-09-09 17:00:00,2021-09-09 17:30:00,146.664533518214,ARIMA (+기준 곡선)
2021-09-09 17:00:00,2021-09-09 17:45:00,160.72405878989872,ARIMA (+기준 곡선)
2021-09-09 18:00:00,2021-09-09 18:00:00,164.9496775941751,ARIMA (+기준 곡선)
2021-09-09 18:00:00,2021-09-09 18:15:00,162.1564546589307,ARIMA (+기준 곡선)
2021-09-09 18:00:00,2021-09-09 18:30:00,160.01682215129404,ARIMA (+기준 곡선)
2021-09-09 18:00:00,2021-09-09 18:45:00,159.44265768268596,ARIMA (+기준 곡선)
2021-09-09 19:00:00,2021-09-09 19:00:00,161.94349564867866,ARIMA (+기준 곡선)
2021-09-09 19:00:00,2021-09-09 19:15:00,152.58467701512788,ARIMA (+기준 곡선)
2021-09-09 19:00:00,2021-09-09 19:30:00,153.0730709760751,ARIMA (+기준 곡선)
2021-09-09 19:00:00,2021-09-09 19:45:00,133.0334172963355,ARIMA (+기준 곡선)
2021-09-09 20:00:00,2021-09-09 20:00:00,112.2156202914408,ARIMA (+기준 곡선)
2021-09-09 20:00:00,2021-09-09 20:15:00,119.86159303393012,ARIMA (+기준 곡선)
2021-09-09 20:00:00,2021-09-09 20:30:00,120.80618022217406,ARIMA (+기준 곡선)
2021-09-09 20:00:00,2021-09-09 20:45:00,118.72531792922123,ARIMA (+기준 곡선)
2021-09-09 21:00:00,2021-09-09 21:00:00,125.73517957600468,ARIMA (+기준 곡선)
2021-09-09 21:00:00,2021-09-09 21:15:00,121.95376115012245,ARIMA (+기준 곡선)
2021-09-09 21:00:00,2021-09-09 21:30:00,121.11266782939325,ARIMA (+기준 곡선)
2021-09-09 21:00:00,2021-09-09 21:45:00,119.50573226954722,ARIMA (+기준 곡선)
2021-09-09 22:00:00,2021-09-09 22:00:00,111.41592161251124,ARIMA (+기준 곡선)
2021-09-09 22:00:00,2021-09-09 22:15:00,119.2849806895458,ARIMA (+기준 곡선)
2021-09-09 22:00:00,2021-09-09 22:30:00,117.5456916730803,ARIMA (+기준 곡선)
2021-09-09 22:00:00,2021-09-09 22:45:00,115.97165053948692,ARIMA (+기준 곡선)
2021-09-09 23:00:00,2021-09-09 23:00:00,103.73263151449432,ARIMA (+기준 곡선)
2021-09-09 23:00:00,2021-09-09 23:15:00,106.047359336511,ARIMA (+기준 곡선)
2021-09-09 23:00:00,2021-09-09 23:30:00,104.17002681109813,ARIMA (+기준 곡선)
2021-09-09 23:00:00,2021-09-09 23:45:00,86.40179919029842,ARIMA (+기준 곡선)
2021-09-10 00:00:00,2021-09-10 00:00:00,76.06796125542832,ARIMA (+기준 곡선)
2021-09-10 00:00:00,2021-09-10 00:15:00,72.50364068383811,ARIMA (+기준 곡선)
2021-09-10 00:00:00,2021-09-10 00:30:00,70.33896425391714,ARIMA (+기준 곡선)
2021-09-10 00:00:00,2021-09-10 00:45:00,68.43161237586922,ARIMA (+기준 곡선)
2021-09-10 01:00:00,2021-09-10 01:00:00,95.85664463149624,ARIMA (+기준 곡선)
2021-09-10 01:00:00,2021-09-10 01:15:00,106.64733543910944,ARIMA (+기준 곡선)
2021-09-10 01:00:00,2021-09-10 01:30:00,109.8975634582003,ARIMA (+기준 곡선)
2021-09-10 01:00:00,2021-09-10 01:45:00,108.4626344150088,ARIMA (+기준 곡선)
2021-09-10 02:00:00,2021-09-10 02:00:00,109.55946601409175,ARIMA (+기준 곡선)
2021-09-10 02:00:00,2021-09-10 02:15:00,110.13226933803408,ARIMA (+기준 곡선)
2021-09-10 02:00:00,2021-09-10 02:30:00,108.56904003199642,ARIMA (+기준 곡선)
2021-09-10 02:00:00,2021-09-10 02:45:00,106.3622241422813,ARIMA (+기준 곡선)
2021-09-10 03:00:00,2021-09-10 03:00:00,86.12177979507794,ARIMA (+기준 곡선)
2021-09-10 03:00:00,2021-09-10 03:15:00,102.85085573337965,ARIMA (+기준 곡선)
2021-09-10 03:00:00,2021-09-10 03:30:00,107.22121308156608,ARIMA (+기준 곡선)
2021-09-10 03:00:00,2021-09-10 03:45:00,107.0479726473188,ARIMA (+기준 곡선)
2021-09-10 04:00:00,2021-09-10 04:00:00,110.64779844168542,ARIMA (+기준 곡선)
2021-09-10 04:00:00,2021-09-10 04:15:00,110.41851815020355,ARIMA (+기준 곡선)
2021-09-10 04:00:00,2021-09-10 04:30:00,108.69904891609642,ARIMA (+기준 곡선)
2021-09-10 04:00:00,2021-09-10 04:45:00,105.23835542171658,ARIMA (+기준 곡선)
2021-09-10 05:00:00,2021-09-10 05:00:00,80.58394379872799,ARIMA (+기준 곡선)
2021-09-10 05:00:00,2021-09-10 05:15:00,74.07330137798442,ARIMA (+기준 곡선)
2021-09-10 05:00:00,2021-09-10 05:30:00,93.46850513676586,ARIMA (+기준 곡선)
2021-09-10 05:00:00,2021-09-10 05:45:00,106.75588087401432,ARIMA (+기준 곡선)
2021-09-10 06:00:00,2021-09-10 06:00:00,108.94567433559048,ARIMA (+기준 곡선)
2021-09-10 06:00:00,2021-09-10 06:15:00,108.61496946237304,ARIMA (+기준 곡선)
2021-09-10 06:00:00,2021-09-10 06:30:00,107.87655226070046,ARIMA (+기준 곡선)
2021-09-10 06:00:00,2021-09-10 06:45:00,108.3356936133262,ARIMA (+기준 곡선)
2021-09-10 07:00:00,2021-09-10 07:00:00,110.61102850072878,ARIMA (+기준 곡선)
2021-09-10 07:00:00,2021-09-10 07:15:00,122.24346307910746,ARIMA (+기준 곡선)
2021-09-10 07:00:00,2021-09-10 07:30:00,147.0679697488,ARIMA (+기준 곡선)
2021-09-10 07:00:00,2021-09-10 07:45:00,146.84510779000985,ARIMA (+기준 곡선)
2021-09-10 08:00:00,2021-09-10 08:00:00,165.9277777292179,ARIMA (+기준 곡선)
2021-09-10 08:00:00,2021-09-10 08:15:00,186.34989959769703,ARIMA (+기준 곡선)
2021-09-10 08:00:00,2021-09-10 08:30:00,190.6754966174314,ARIMA (+기준 곡선)
2021-09-10 08:00:00,2021-09-10 08:45:00,187.96206700470708,ARIMA (+기준 곡선)
2021-09-10 09:00:00,2021-09-10 09:00:00,183.4866277817276,ARIMA (+기준 곡선)
2021-09-10 09:00:00,2021-09-10 09:15:00,181.63551111329224,ARIMA (+기준 곡선)
2021-09-10 09:00:00,2021-09-10 09:30:00,183.65975109595328,ARIMA (+기준 곡선)
2021-09-10 09:00:00,2021-09-10 09:45:00,185.68121215886663,ARIMA (+기준 곡선)
2021-09-10 10:00:00,2021-09-10 10:00:00,164.39386786793773,ARIMA (+기준 곡선)
2021-09-10 10:00:00,2021-09-10 10:15:00,189.3486871534322,ARIMA (+기준 곡선)
2021-09-10 10:00:00,2021-09-10 10:30:00,188.98941471715952,ARIMA (+기준 곡선)
2021-09-10 10:00:00,2021-09-10 10:45:00,188.0840457871864,ARIMA (+기준 곡선)
2021-09-10 11:00:00,2021-09-10 11:00:00,172.8035114776424,ARIMA (+기준 곡선)
2021-09-10 11:00:00,2021-09-10 11:15:00,178.79572350368903,ARIMA (+기준 곡선)
2021-09-10 11:00:00,2021-09-10 11:30:00,182.21040464208463,ARIMA (+기준 곡선)
2021-09-10 11:00:00,2021-09-10 11:45:00,180.52861094847995,ARIMA (+기준 곡선)
2021-09-10 12:00:00,2021-09-10 12:00:00,125.66000001229298,ARIMA (+기준 곡선)
2021-09-10 12:00:00,2021-09-10 12:15:00,103.81236130772598,ARIMA (+기준 곡선)
2021-09-10 12:00:00,2021-09-10 12:30:00,103.56669080905846,ARIMA (+기준 곡선)
2021-09-10 12:00:00,2021-09-10 12:45:00,116.66490975881212,ARIMA (+기준 곡선)
2021-09-10 13:00:00,2021-09-10 13:00:00,168.76334899488683,ARIMA (+기준 곡선)
2021-09-10 13:00:00,2021-09-10 13:15:00,182.42077860339637,ARIMA (+기준 곡선)
2021-09-10 13:00:00,2021-09-10 13:30:00,184.8406324331542,ARIMA (+기준 곡선)
2021-09-10 13:00:00,2021-09-10 13:45:00,185.99876540429136,ARIMA (+기준 곡선)
2021-09-10 14:00:00,2021-09-10 14:00:00,187.76063174295257,ARIMA (+기준 곡선)
2021-09-10 14:00:00,2021-09-10 14:15:00,183.39110858989628,ARIMA (+기준 곡선)
2021-09-10 14:00:00,2021-09-10 14:30:00,184.56877615015105,ARIMA (+기준 곡선)
2021-09-10 14:00:00,2021-09-10 14:45:00,183.76630350889917,ARIMA (+기준 곡선)
2021-09-10 15:00:00,2021-09-10 15:00:00,133.67251324312892,ARIMA (+기준 곡선)
2021-09-10 15:00:00,2021-09-10 15:15:00,150.2925419239433,ARIMA (+기준 곡선)
2021-09-10 15:00:00,2021-09-10 15:30:00,173.53489237089082,ARIMA (+기준 곡선)
2021-09-10 15:00:00,2021-09-10 15:45:00,176.34133496499769,ARIMA (+기준 곡선)
2021-09-10 16:00:00,2021-09-10 16:00:00,175.2652376696456,ARIMA (+기준 곡선)
2021-09-10 16:00:00,2021-09-10 16:15:00,172.99058100101337,ARIMA (+기준 곡선)
2021-09-10 16:00:00,2021-09-10 16:30:00,169.79029250427766,ARIMA (+기준 곡선)
2021-09-10 16:00:00,2021-09-10 16:45:00,166.92464073221993,ARIMA (+기준 곡선)
2021-09-10 17:00:00,2021-09-10 17:00:00,123.3635305273377,ARIMA (+기준 곡선)
2021-09-10 17:00:00,2021-09-10 17:15:00,108.67206138317644,ARIMA (+기준 곡선)
2021-09-10 17:00:00,2021-09-10 17:30:00,149.81059102981445,ARIMA (+기준 곡선)
2021-09-10 17:00:00,2021-09-10 17:45:00,164.30259645855304,ARIMA (+기준 곡선)
2021-09-10 18:00:00,2021-09-10 18:00:00,159.6270155294059,ARIMA (+기준 곡선)
2021-09-10 18:00:00,2021-09-10 18:15:00,160.20681662403285,ARIMA (+기준 곡선)
2021-09-10 18:00:00,2021-09-10 18:30:00,159.4761046073658,ARIMA (+기준 곡선)
2021-09-10 18:00:00,2021-09-10 18:45:00,159.94233142195262,ARIMA (+기준 곡선)
2021-09-10 19:00:00,2021-09-10 19:00:00,157.78758373386543,ARIMA (+기준 곡선)
2021-09-10 19:00:00,2021-09-10 19:15:00,151.01282298150116,ARIMA (+기준 곡선)
2021-09-10 19:00:00,2021-09-10 19:30:00,152.45794175468856,ARIMA (+기준 곡선)
2021-09-10 19:00:00,2021-09-10 19:45:00,133.0439049148239,ARIMA (+기준 곡선)
2021-09-10 20:00:00,2021-09-10 20:00:00,116.14439031494558,ARIMA (+기준 곡선)
2021-09-10 20:00:00,2021-09-10 20:15:00,122.99564519089742,ARIMA (+기준 곡선)
2021-09-10 20:00:00,2021-09-10 20:30:00,123.62898122394648,ARIMA (+기준 곡선)
2021-09-10 20:00:00,2021-09-10 20:45:00,121.33270029499404,ARIMA (+기준 곡선)
2021-09-10 21:00:00,2021-09-10 21:00:00,117.40741384848486,ARIMA (+기준 곡선)
2021-09-10 21:00:00,2021-09-10 21:15:00,115.83395906373283,ARIMA (+기준 곡선)
2021-09-10 21:00:00,2021-09-10 21:30:00,116.47886172073162,ARIMA (+기준 곡선)
2021-09-10 21:00:00,2021-09-10 21:45:00,115.9678566548989,ARIMA (+기준 곡선)
2021-09-10 22:00:00,2021-09-10 22:00:00,94.51651116462143,ARIMA (+기준 곡선)
2021-09-10 22:00:00,2021-09-10 22:15:00,107.78640367639636,ARIMA (+기준 곡선)
2021-09-10 22:00:00,2021-09-10 22:30:00,108.2804612169973,ARIMA (+기준 곡선)
2021-09-10 22:00:00,2021-09-10 22:45:00,108.42123648557924,ARIMA (+기준 곡선)
2021-09-10 23:00:00,2021-09-10 23:00:00,104.90716847836696,ARIMA (+기준 곡선)
2021-09-10 23:00:00,2021-09-10 23:15:00,105.88084047542443,ARIMA (+기준 곡선)
2021-09-10 23:00:00,2021-09-10 23:30:00,103.5132731718913,ARIMA (+기준 곡선)
2021-09-10 23:00:00,2021-09-10 23:45:00,85.27734631684397,ARIMA (+기준 곡선)
2021-09-11 00:00:00,2021-09-11 00:00:00,56.36948197414926,ARIMA (+기준 곡선)
2021-09-11 00:00:00,2021-09-11 00:15:00,53.11292272516136,ARIMA (+기준 곡선)
2021-09-11 00:00:00,2021-09-11 00:30:00,53.83095631341591,ARIMA (+기준 곡선)
2021-09-11 00:00:00,2021-09-11 00:45:00,54.78742826006456,ARIMA (+기준 곡선)
2021-09-11 01:00:00,2021-09-11 01:00:00,82.61193193394699,ARIMA (+기준 곡선)
2021-09-11 01:00:00,2021-09-11 01:15:00,96.30418372075458,ARIMA (+기준 곡선)
2021-09-11 01:00:00,2021-09-11 01:30:00,97.16657551555876,ARIMA (+기준 곡선)
2021-09-11 01:00:00,2021-09-11 01:45:00,96.84755772249844,ARIMA (+기준 곡선)
2021-09-11 02:00:00,2021-09-11 02:00:00,103.17259482890812,ARIMA (+기준 곡선)
2021-09-11 02:00:00,2021-09-11 02:15:00,102.33902784969496,ARIMA (+기준 곡선)
2021-09-11 02:00:00,2021-09-11 02:30:00,99.23136399706812,ARIMA (+기준 곡선)
2021-09-11 02:00:00,2021-09-11 02:45:00,96.56151893515673,ARIMA (+기준 곡선)
2021-09-11 03:00:00,2021-09-11 03:00:00,81.55625879791044,ARIMA (+기준 곡선)
2021-09-11 03:00:00,2021-09-11 03:15:00,90.78754919473928,ARIMA (+기준 곡선)
2021-09-11 03:00:00,2021-09-11 03:30:00,92.00228502731552,ARIMA (+기준 곡선)
2021-09-11 03:00:00,2021-09-11 03:45:00,96.17853452798708,ARIMA (+기준 곡선)
2021-09-11 04:00:00,2021-09-11 04:00:00,100.07353770875464,ARIMA (+기준 곡선)
2021-09-11 04:00:00,2021-09-11 04:15:00,97.24577553563611,ARIMA (+기준 곡선)
2021-09-11 04:00:00,2021-09-11 04:30:00,97.72015224899602,ARIMA (+기준 곡선)
2021-09-11 04:00:00,2021-09-11 04:45:00,94.84392597276442,ARIMA (+기준 곡선)
2021-09-11 05:00:00,2021-09-11 05:00:00,69.15142245901768,ARIMA (+기준 곡선)
2021-09-11 05:00:00,2021-09-11 05:15:00,62.92088982711514,ARIMA (+기준 곡선)
2021-09-11 05:00:00,2021-09-11 05:30:00,81.66142456432789,ARIMA (+기준 곡선)
2021-09-11 05:00:00,2021-09-11 05:45:00,93.80741909016608,ARIMA (+기준 곡선)
2021-09-11 06:00:00,2021-09-11 06:00:00,95.652508396262,ARIMA (+기준 곡선)
2021-09-11 06:00:00,2021-09-11 06:15:00,93.315536722078,ARIMA (+기준 곡선)
2021-09-11 06:00:00,2021-09-11 06:30:00,90.21903790609484,ARIMA (+기준 곡선)
2021-09-11 06:00:00,2021-09-11 06:45:00,86.51921502979953,ARIMA (+기준 곡선)
2021-09-11 07:00:00,2021-09-11 07:00:00,78.62684841981277,ARIMA (+기준 곡선)
2021-09-11 07:00:00,2021-09-11 07:15:00,69.47240422144478,ARIMA (+기준 곡선)
2021-09-11 07:00:00,2021-09-11 07:30:00,41.65780490315168,ARIMA (+기준 곡선)
2021-09-11 07:00:00,2021-09-11 07:45:00,24.47796465294914,ARIMA (+기준 곡선)
2021-09-11 08:00:00,2021-09-11 08:00:00,21.234347052897903,ARIMA (+기준 곡선)
2021-09-11 08:00:00,2021-09-11 08:15:00,18.75002836333068,ARIMA (+기준 곡선)
2021-09-11 08:00:00,2021-09-11 08:30:00,18.15935335291075,ARIMA (+기준 곡선)
2021-09-11 08:00:00,2021-09-11 08:45:00,18.493312984558397,ARIMA (+기준 곡선)
2021-09-11 09:00:00,2021-09-11 09:00:00,21.17168051273361,ARIMA (+기준 곡선)
2021-09-11 09:00:00,2021-09-11 09:15:00,20.73906212332961,ARIMA (+기준 곡선)
2021-09-11 09:00:00,2021-09-11 09:30:00,20.11554932079377,ARIMA (+기준 곡선)
2021-09-11 09:00:00,2021-09-11 09:45:00,20.09732396256512,ARIMA (+기준 곡선)
2021-09-11 10:00:00,2021-09-11 10:00:00,21.842600417983128,ARIMA (+기준 곡선)
2021-09-11 10:00:00,2021-09-11 10:15:00,21.58281708418806,ARIMA (+기준 곡선)
2021-09-11 10:00:00,2021-09-11 10:30:00,22.113400400590397,ARIMA (+기준 곡선)
2021-09-11 10:00:00,2021-09-11 10:45:00,20.98333213063734,ARIMA (+기준 곡선)
2021-09-11 11:00:00,2021-09-11 11:00:00,21.35301687372837,ARIMA (+기준 곡선)
2021-09-11 11:00:00,2021-09-11 11:15:00,21.666132416132445,ARIMA (+기준 곡선)
2021-09-11 11:00:00,2021-09-11 11:30:00,22.494912151198715,ARIMA (+기준 곡선)
2021-09-11 11:00:00,2021-09-11 11:45:00,21.870188330881145,ARIMA (+기준 곡선)
2021-09-11 12:00:00,2021-09-11 12:00:00,21.87491242853173,ARIMA (+기준 곡선)
2021-09-11 12:00:00,2021-09-11 12:15:00,20.920438489118997,ARIMA (+기준 곡선)
2021-09-11 12:00:00,2021-09-11 12:30:00,21.394373629724548,ARIMA (+기준 곡선)
2021-09-11 12:00:00,2021-09-11 12:45:00,20.918465651159742,ARIMA (+기준 곡선)
2021-09-11 13:00:00,2021-09-11 13:00:00,22.34780298028209,ARIMA (+기준 곡선)
2021-09-11 13:00:00,2021-09-11 13:15:00,22.17654688310413,ARIMA (+기준 곡선)
2021-09-11 13:00:00,2021-09-11 13:30:00,21.33067823563144,ARIMA (+기준 곡선)
2021-09-11 13:00:00,2021-09-11 13:45:00,21.93680325343616,ARIMA (+기준 곡선)
2021-09-11 14:00:00,2021-09-11 14:00:00,22.490777096524567,ARIMA (+기준 곡선)
2021-09-11 14:00:00,2021-09-11 14:15:00,21.706475766055792,ARIMA (+기준 곡선)
2021-09-11 14:00:00,2021-09-11 14:30:00,21.371036447960424,ARIMA (+기준 곡선)
2021-09-11 14:00:00,2021-09-11 14:45:00,21.983660338893092,ARIMA (+기준 곡선)
2021-09-11 15:00:00,2021-09-11 15:00:00,23.043550353555347,ARIMA (+기준 곡선)
2021-09-11 15:00:00,2021-09-11 15:15:00,22.679967256760825,ARIMA (+기준 곡선)
2021-09-11 15:00:00,2021-09-11 15:30:00,22.1506847276472,ARIMA (+기준 곡선)
2021-09-11 15:00:00,2021-09-11 15:45:00,22.408276712665423,ARIMA (+기준 곡선)
2021-09-11 16:00:00,2021-09-11 16:00:00,23.291031852742947,ARIMA (+기준 곡선)
2021-09-11 16:00:00,2021-09-11 16:15:00,23.721481652621083,ARIMA (+기준 곡선)
2021-09-11 16:00:00,2021-09-11 16:30:00,24.28241534476425,ARIMA (+기준 곡선)
2021-09-11 16:00:00,2021-09-11 16:45:00,24.144821290855724,ARIMA (+기준 곡선)
2021-09-11 17:00:00,2021-09-11 17:00:00,23.06381538724183,ARIMA (+기준 곡선)
2021-09-11 17:00:00,2021-09-11 17:15:00,21.770802687575504,ARIMA (+기준 곡선)
2021-09-11 17:00:00,2021-09-11 17:30:00,19.27977593587952,ARIMA (+기준 곡선)
2021-09-11 17:00:00,2021-09-11 17:45:00,19.176000693551003,ARIMA (+기준 곡선)
2021-09-11 18:00:00,2021-09-11 18:00:00,22.2756696171695,ARIMA (+기준 곡선)
2021-09-11 18:00:00,2021-09-11 18:15:00,21.179223728431904,ARIMA (+기준 곡선)
2021-09-11 18:00:00,2021-09-11 18:30:00,20.41627705870065,ARIMA (+기준 곡선)
2021-09-11 18:00:00,2021-09-11 18:45:00,20.308442357600093,ARIMA (+기준 곡선)
2021-09-11 19:00:00,2021-09-11 19:00:00,22.113796464518398,ARIMA (+기준 곡선)
2021-09-11 19:00:00,2021-09-11 19:15:00,21.14585480117046,ARIMA (+기준 곡선)
2021-09-11 19:00:00,2021-09-11 19:30:00,19.895231442199908,ARIMA (+기준 곡선)
2021-09-11 19:00:00,2021-09-11 19:45:00,19.421021278217808,ARIMA (+기준 곡선)
2021-09-11 20:00:00,2021-09-11 20:00:00,22.39464555193413,ARIMA (+기준 곡선)
2021-09-11 20:00:00,2021-09-11 20:15:00,21.911433506012344,ARIMA (+기준 곡선)
2021-09-11 20:00:00,2021-09-11 20:30:00,22.087021257208967,ARIMA (+기준 곡선)
2021-09-11 20:00:00,2021-09-11 20:45:00,21.575475642530897,ARIMA (+기준 곡선)
2021-09-11 21:00:00,2021-09-11 21:00:00,23.114897744379352,ARIMA (+기준 곡선)
2021-09-11 21:00:00,2021-09-11 21:15:00,22.25891525578088,ARIMA (+기준 곡선)
2021-09-11 21:00:00,2021-09-11 21:30:00,21.906871928710697,ARIMA (+기준 곡선)
2021-09-11 21:00:00,2021-09-11 21:45:00,21.681075248770952,ARIMA (+기준 곡선)
2021-09-11 22:00:00,2021-09-11 22:00:00,23.122173881283175,ARIMA (+기준 곡선)
2021-09-11 22:00:00,2021-09-11 22:15:00,23.89391520287353,ARIMA (+기준 곡선)
2021-09-11 22:00:00,2021-09-11 22:30:00,23.98031215349941,ARIMA (+기준 곡선)
2021-09-11 22:00:00,2021-09-11 22:45:00,21.83417135725321,ARIMA (+기준 곡선)
2021-09-11 23:00:00,2021-09-11 23:00:00,21.86994256873228,ARIMA (+기준 곡선)
2021-09-11 23:00:00,2021-09-11 23:15:00,21.073644028099277,ARIMA (+기준 곡선)
2021-09-11 23:00:00,2021-09-11 23:30:00,21.368759427008072,ARIMA (+기준 곡선)
2021-09-11 23:00:00,2021-09-11 23:45:00,21.55758211791571,ARIMA (+기준 곡선)
2021-09-12 00:00:00,2021-09-12 00:00:00,21.84571809963369,ARIMA (+기준 곡선)
2021-09-12 00:00:00,2021-09-12 00:15:00,21.699492247672048,ARIMA (+기준 곡선)
2021-09-12 00:00:00,2021-09-12 00:30:00,22.39666636471256,ARIMA (+기준 곡선)
2021-09-12 00:00:00,2021-09-12 00:45:00,22.28068413629747,ARIMA (+기준 곡선)
2021-09-12 01:00:00,2021-09-12 01:00:00,21.841168920194672,ARIMA (+기준 곡선)
2021-09-12 01:00:00,2021-09-12 01:15:00,21.90410304788542,ARIMA (+기준 곡선)
2021-09-12 01:00:00,2021-09-12 01:30:00,22.377026427552643,ARIMA (+기준 곡선)
2021-09-12 01:00:00,2021-09-12 01:45:00,23.73979406775449,ARIMA (+기준 곡선)
2021-09-12 02:00:00,2021-09-12 02:00:00,23.13766316564366,ARIMA (+기준 곡선)
2021-09-12 02:00:00,2021-09-12 02:15:00,21.743376140352936,ARIMA (+기준 곡선)
2021-09-12 02:00:00,2021-09-12 02:30:00,20.964464353232135,ARIMA (+기준 곡선)
2021-09-12 02:00:00,2021-09-12 02:45:00,21.31756596467578,ARIMA (+기준 곡선)
2021-09-12 03:00:00,2021-09-12 03:00:00,22.52461399947065,ARIMA (+기준 곡선)
2021-09-12 03:00:00,2021-09-12 03:15:00,22.422901815289297,ARIMA (+기준 곡선)
2021-09-12 03:00:00,2021-09-12 03:30:00,22.017799456220803,ARIMA (+기준 곡선)
2021-09-12 03:00:00,2021-09-12 03:45:00,21.66124160532486,ARIMA (+기준 곡선)
2021-09-12 04:00:00,2021-09-12 04:00:00,22.80364572133232,ARIMA (+기준 곡선)
2021-09-12 04:00:00,2021-09-12 04:15:00,23.490898650420675,ARIMA (+기준 곡선)
2021-09-12 04:00:00,2021-09-12 04:30:00,22.66314415392332,ARIMA (+기준 곡선)
2021-09-12 04:00:00,2021-09-12 04:45:00,21.85485057812161,ARIMA (+기준 곡선)
2021-09-12 05:00:00,2021-09-12 05:00:00,23.41233902282456,ARIMA (+기준 곡선)
2021-09-12 05:00:00,2021-09-12 05:15:00,22.99603077629444,ARIMA (+기준 곡선)
2021-09-12 05:00:00,2021-09-12 05:30:00,22.63700051399561,ARIMA (+기준 곡선)
2021-09-12 05:00:00,2021-09-12 05:45:00,22.306430196851544,ARIMA (+기준 곡선)
2021-09-12 06:00:00,2021-09-12 06:00:00,22.06040439787514,ARIMA (+기준 곡선)
2021-09-12 06:00:00,2021-09-12 06:15:00,22.11461723533968,ARIMA (+기준 곡선)
2021-09-12 06:00:00,2021-09-12 06:30:00,21.899973871629125,ARIMA (+기준 곡선)
2021-09-12 06:00:00,2021-09-12 06:45:00,21.71058762483885,ARIMA (+기준 곡선)
2021-09-12 07:00:00,2021-09-12 07:00:00,22.292086264693907,ARIMA (+기준 곡선)
2021-09-12 07:00:00,2021-09-12 07:15:00,22.38039688333994,ARIMA (+기준 곡선)
2021-09-12 07:00:00,2021-09-12 07:30:00,23.11178572312472,ARIMA (+기준 곡선)
2021-09-12 07:00:00,2021-09-12 07:45:00,22.6324793453976,ARIMA (+기준 곡선)
2021-09-12 08:00:00,2021-09-12 08:00:00,22.788359848560493,ARIMA (+기준 곡선)
2021-09-12 08:00:00,2021-09-12 08:15:00,23.76819579371251,ARIMA (+기준 곡선)
2021-09-12 08:00:00,2021-09-12 08:30:00,22.83370736692637,ARIMA (+기준 곡선)
2021-09-12 08:00:00,2021-09-12 08:45:00,22.793364572965416,ARIMA (+기준 곡선)
2021-09-12 09:00:00,2021-09-12 09:00:00,23.04984847765811,ARIMA (+기준 곡선)
2021-09-12 09:00:00,2021-09-12 09:15:00,23.637700371083906,ARIMA (+기준 곡선)
2021-09-12 09:00:00,2021-09-12 09:30:00,22.60756102455455,ARIMA (+기준 곡선)
2021-09-12 09:00:00,2021-09-12 09:45:00,22.219708582216438,ARIMA (+기준 곡선)
2021-09-12 10:00:00,2021-09-12 10:00:00,22.00783718821681,ARIMA (+기준 곡선)
2021-09-12 10:00:00,2021-09-12 10:15:00,21.987582413956485,ARIMA (+기준 곡선)
2021-09-12 10:00:00,2021-09-12 10:30:00,22.264942158749815,ARIMA (+기준 곡선)
2021-09-12 10:00:00,2021-09-12 10:45:00,22.52661427381713,ARIMA (+기준 곡선)
2021-09-12 11:00:00,2021-09-12 11:00:00,23.413437586910007,ARIMA (+기준 곡선)
2021-09-12 11:00:00,2021-09-12 11:15:00,24.340899033143184,ARIMA (+기준 곡선)
2021-09-12 11:00:00,2021-09-12 11:30:00,25.97816180329211,ARIMA (+기준 곡선)
2021-09-12 11:00:00,2021-09-12 11:45:00,23.266628544120582,ARIMA (+기준 곡선)
2021-09-12 12:00:00,2021-09-12 12:00:00,22.700763689314787,ARIMA (+기준 곡선)
2021-09-12 12:00:00,2021-09-12 12:15:00,22.56297448509001,ARIMA (+기준 곡선)
2021-09-12 12:00:00,2021-09-12 12:30:00,22.907786423831404,ARIMA (+기준 곡선)
2021-09-12 12:00:00,2021-09-12 12:45:00,22.347651376905507,ARIMA (+기준 곡선)
2021-09-12 13:00:00,2021-09-12 13:00:00,22.318683294717594,ARIMA (+기준 곡선)
2021-09-12 13:00:00,2021-09-12 13:15:00,22.120959937588665,ARIMA (+기준 곡선)
2021-09-12 13:00:00,2021-09-12 13:30:00,21.728137515582084,ARIMA (+기준 곡선)
2021-09-12 13:00:00,2021-09-12 13:45:00,21.76618891103421,ARIMA (+기준 곡선)
2021-09-12 14:00:00,2021-09-12 14:00:00,23.306462804261688,ARIMA (+기준 곡선)
2021-09-12 14:00:00,2021-09-12 14:15:00,23.329133367136325,ARIMA (+기준 곡선)
2021-09-12 14:00:00,2021-09-12 14:30:00,24.22745464222744,ARIMA (+기준 곡선)
2021-09-12 14:00:00,2021-09-12 14:45:00,24.15106744258682,ARIMA (+기준 곡선)
2021-09-12 15:00:00,2021-09-12 15:00:00,25.72237484288684,ARIMA (+기준 곡선)
2021-09-12 15:00:00,2021-09-12 15:15:00,24.90645415760857,ARIMA (+기준 곡선)
2021-09-12 15:00:00,2021-09-12 15:30:00,24.099226484037462,ARIMA (+기준 곡선)
2021-09-12 15:00:00,2021-09-12 15:45:00,24.38373973451836,ARIMA (+기준 곡선)
2021-09-12 16:00:00,2021-09-12 16:00:00,23.65109043263942,ARIMA (+기준 곡선)
2021-09-12 16:00:00,2021-09-12 16:15:00,23.445001551623847,ARIMA (+기준 곡선)
2021-09-12 16:00:00,2021-09-12 16:30:00,23.255731602927764,ARIMA (+기준 곡선)
2021-09-12 16:00:00,2021-09-12 16:45:00,23.39344368084408,ARIMA (+기준 곡선)
2021-09-12 17:00:00,2021-09-12 17:00:00,22.70736258201889,ARIMA (+기준 곡선)
2021-09-12 17:00:00,2021-09-12 17:15:00,22.99573843819388,ARIMA (+기준 곡선)
2021-09-12 17:00:00,2021-09-12 17:30:00,22.805689420609795,ARIMA (+기준 곡선)
2021-09-12 17:00:00,2021-09-12 17:45:00,23.71657241415569,ARIMA (+기준 곡선)
2021-09-12 18:00:00,2021-09-12 18:00:00,23.253016040238805,ARIMA (+기준 곡선)
2021-09-12 18:00:00,2021-09-12 18:15:00,23.70260128797593,ARIMA (+기준 곡선)
2021-09-12 18:00:00,2021-09-12 18:30:00,22.326184137869195,ARIMA (+기준 곡선)
2021-09-12 18:00:00,2021-09-12 18:45:00,22.03948317421308,ARIMA (+기준 곡선)
2021-09-12 19:00:00,2021-09-12 19:00:00,22.508879043538748,ARIMA (+기준 곡선)
2021-09-12 19:00:00,2021-09-12 19:15:00,22.677978277736617,ARIMA (+기준 곡선)
2021-09-12 19:00:00,2021-09-12 19:30:00,23.52322126468473,ARIMA (+기준 곡선)
2021-09-12 19:00:00,2021-09-12 19:45:00,23.13248939563095,ARIMA (+기준 곡선)
2021-09-12 20:00:00,2021-09-12 20:00:00,23.3862623996562,ARIMA (+기준 곡선)
2021-09-12 20:00:00,2021-09-12 20:15:00,23.185840420783943,ARIMA (+기준 곡선)
2021-09-12 20:00:00,2021-09-12 20:30:00,22.42117976256019,ARIMA (+기준 곡선)
2021-09-12 20:00:00,2021-09-12 20:45:00,22.80743635216794,ARIMA (+기준 곡선)
2021-09-12 21:00:00,2021-09-12 21:00:00,23.46062864988488,ARIMA (+기준 곡선)
2021-09-12 21:00:00,2021-09-12 21:15:00,24.077828192709333,ARIMA (+기준 곡선)
2021-09-12 21:00:00,2021-09-12 21:30:00,23.70351405784493,ARIMA (+기준 곡선)
2021-09-12 21:00:00,2021-09-12 21:45:00,23.661656159608007,ARIMA (+기준 곡선)
2021-09-12 22:00:00,2021-09-12 22:00:00,25.58208941266758,ARIMA (+기준 곡선)
2021-09-12 22:00:00,2021-09-12 22:15:00,24.858237724870435,ARIMA (+기준 곡선)
2021-09-12 22:00:00,2021-09-12 22:30:00,24.916596446719986,ARIMA (+기준 곡선)
2021-09-12 22:00:00,2021-09-12 22:45:00,24.64058949024216,ARIMA (+기준 곡선)
2021-09-12 23:00:00,2021-09-12 23:00:00,23.083625549785705,ARIMA (+기준 곡선)
2021-09-12 23:00:00,2021-09-12 23:15:00,22.74058420478108,ARIMA (+기준 곡선)
2021-09-12 23:00:00,2021-09-12 23:30:00,22.22978586548818,ARIMA (+기준 곡선)
2021-09-12 23:00:00,2021-09-12 23:45:00,22.94039910809035,ARIMA (+기준 곡선)
2021-09-13 00:00:00,2021-09-13 00:00:00,23.0443920060351,ARIMA (+기준 곡선)
2021-09-13 00:00:00,2021-09-13 00:15:00,23.29413239637567,ARIMA (+기준 곡선)
2021-09-13 00:00:00,2021-09-13 00:30:00,24.318489638319004,ARIMA (+기준 곡선)
2021-09-13 00:00:00,2021-09-13 00:45:00,23.578596779830757,ARIMA (+기준 곡선)
2021-09-13 01:00:00,2021-09-13 01:00:00,22.154954510778985,ARIMA (+기준 곡선)
2021-09-13 01:00:00,2021-09-13 01:15:00,23.230889035552465,ARIMA (+기준 곡선)
2021-09-13 01:00:00,2021-09-13 01:30:00,22.78936247659877,ARIMA (+기준 곡선)
2021-09-13 01:00:00,2021-09-13 01:45:00,22.597197037343896,ARIMA (+기준 곡선)
2021-09-13 02:00:00,2021-09-13 02:00:00,23.0404486983384,ARIMA (+기준 곡선)
2021-09-13 02:00:00,2021-09-13 02:15:00,22.23489601218007,ARIMA (+기준 곡선)
2021-09-13 02:00:00,2021-09-13 02:30:00,23.10681597205511,ARIMA (+기준 곡선)
2021-09-13 02:00:00,2021-09-13 02:45:00,23.218788322354804,ARIMA (+기준 곡선)
2021-09-13 03:00:00,2021-09-13 03:00:00,22.795585151699655,ARIMA (+기준 곡선)
2021-09-13 03:00:00,2021-09-13 03:15:00,23.10979012859605,ARIMA (+기준 곡선)
2021-09-13 03:00:00,2021-09-13 03:30:00,22.613940447085483,ARIMA (+기준 곡선)
2021-09-13 03:00:00,2021-09-13 03:45:00,23.258524600935164,ARIMA (+기준 곡선)
2021-09-13 04:00:00,2021-09-13 04:00:00,24.156537632312457,ARIMA (+기준 곡선)
2021-09-13 04:00:00,2021-09-13 04:15:00,23.23079437911332,ARIMA (+기준 곡선)
2021-09-13 04:00:00,2021-09-13 04:30:00,22.83424637381709,ARIMA (+기준 곡선)
2021-09-13 04:00:00,2021-09-13 04:45:00,22.730723604801597,ARIMA (+기준 곡선)
2021-09-13 05:00:00,2021-09-13 05:00:00,23.349225175230423,ARIMA (+기준 곡선)
2021-09-13 05:00:00,2021-09-13 05:15:00,22.76773856567272,ARIMA (+기준 곡선)
2021-09-13 05:00:00,2021-09-13 05:30:00,22.35036954356141,ARIMA (+기준 곡선)
2021-09-13 05:00:00,2021-09-13 05:45:00,22.570278441927965,ARIMA (+기준 곡선)
2021-09-13 06:00:00,2021-09-13 06:00:00,23.152679596990247,ARIMA (+기준 곡선)
2021-09-13 06:00:00,2021-09-13 06:15:00,23.22034483378057,ARIMA (+기준 곡선)
2021-09-13 06:00:00,2021-09-13 06:30:00,22.37733162803261,ARIMA (+기준 곡선)
2021-09-13 06:00:00,2021-09-13 06:45:00,22.89811816713468,ARIMA (+기준 곡선)
2021-09-13 07:00:00,2021-09-13 07:00:00,29.547636449509827,ARIMA (+기준 곡선)
2021-09-13 07:00:00,2021-09-13 07:15:00,42.89558556787838,ARIMA (+기준 곡선)
2021-09-13 07:00:00,2021-09-13 07:30:00,71.76499771286612,ARIMA (+기준 곡선)
2021-09-13 07:00:00,2021-09-13 07:45:00,110.94015383430492,ARIMA (+기준 곡선)
2021-09-13 08:00:00,2021-09-13 08:00:00,155.84541036680827,ARIMA (+기준 곡선)
2021-09-13 08:00:00,2021-09-13 08:15:00,187.9592525645024,ARIMA (+기준 곡선)
2021-09-13 08:00:00,2021-09-13 08:30:00,192.0779594915629,ARIMA (+기준 곡선)
2021-09-13 08:00:00,2021-09-13 08:45:00,188.48509168791267,ARIMA (+기준 곡선)
2021-09-13 09:00:00,2021-09-13 09:00:00,189.38041699038635,ARIMA (+기준 곡선)
2021-09-13 09:00:00,2021-09-13 09:15:00,180.7169671570228,ARIMA (+기준 곡선)
2021-09-13 09:00:00,2021-09-13 09:30:00,187.14423571940205,ARIMA (+기준 곡선)
2021-09-13 09:00:00,2021-09-13 09:45:00,183.10265560911304,ARIMA (+기준 곡선)
2021-09-13 10:00:00,2021-09-13 10:00:00,143.17961693765943,ARIMA (+기준 곡선)
2021-09-13 10:00:00,2021-09-13 10:15:00,179.27836939624794,ARIMA (+기준 곡선)
2021-09-13 10:00:00,2021-09-13 10:30:00,182.65952997057104,ARIMA (+기준 곡선)
2021-09-13 10:00:00,2021-09-13 10:45:00,180.79402942560145,ARIMA (+기준 곡선)
2021-09-13 11:00:00,2021-09-13 11:00:00,178.40813094672637,ARIMA (+기준 곡선)
2021-09-13 11:00:00,2021-09-13 11:15:00,184.16729155995608,ARIMA (+기준 곡선)
2021-09-13 11:00:00,2021-09-13 11:30:00,179.98640203389604,ARIMA (+기준 곡선)
2021-09-13 11:00:00,2021-09-13 11:45:00,178.4088787424867,ARIMA (+기준 곡선)
2021-09-13 12:00:00,2021-09-13 12:00:00,135.24793510484986,ARIMA (+기준 곡선)
2021-09-13 12:00:00,2021-09-13 12:15:00,112.31937898194025,ARIMA (+기준 곡선)
2021-09-13 12:00:00,2021-09-13 12:30:00,108.8099299246765,ARIMA (+기준 곡선)
2021-09-13 12:00:00,2021-09-13 12:45:00,118.8098918100804,ARIMA (+기준 곡선)
2021-09-13 13:00:00,2021-09-13 13:00:00,169.17443742467245,ARIMA (+기준 곡선)
2021-09-13 13:00:00,2021-09-13 13:15:00,180.62924562380292,ARIMA (+기준 곡선)
2021-09-13 13:00:00,2021-09-13 13:30:00,181.8382805023828,ARIMA (+기준 곡선)
2021-09-13 13:00:00,2021-09-13 13:45:00,181.00601983308457,ARIMA (+기준 곡선)
2021-09-13 14:00:00,2021-09-13 14:00:00,181.9977345110485,ARIMA (+기준 곡선)
2021-09-13 14:00:00,2021-09-13 14:15:00,182.1937801562894,ARIMA (+기준 곡선)
2021-09-13 14:00:00,2021-09-13 14:30:00,183.8048690812692,ARIMA (+기준 곡선)
2021-09-13 14:00:00,2021-09-13 14:45:00,179.99808690120432,ARIMA (+기준 곡선)
2021-09-13 15:00:00,2021-09-13 15:00:00,146.1072828764116,ARIMA (+기준 곡선)
2021-09-13 15:00:00,2021-09-13 15:15:00,154.84274467631258,ARIMA (+기준 곡선)
2021-09-13 15:00:00,2021-09-13 15:30:00,180.64723731153236,ARIMA (+기준 곡선)
2021-09-13 15:00:00,2021-09-13 15:45:00,184.4389930631868,ARIMA (+기준 곡선)
2021-09-13 16:00:00,2021-09-13 16:00:00,163.64253435496957,ARIMA (+기준 곡선)
2021-09-13 16:00:00,2021-09-13 16:15:00,164.01621639865894,ARIMA (+기준 곡선)
2021-09-13 16:00:00,2021-09-13 16:30:00,165.16397951206065,ARIMA (+기준 곡선)
2021-09-13 16:00:00,2021-09-13 16:45:00,163.01585592373127,ARIMA (+기준 곡선)
2021-09-13 17:00:00,2021-09-13 17:00:00,142.9595370240538,ARIMA (+기준 곡선)
2021-09-13 17:00:00,2021-09-13 17:15:00,126.17428085930536,ARIMA (+기준 곡선)
2021-09-13 17:00:00,2021-09-13 17:30:00,149.41231503571214,ARIMA (+기준 곡선)
2021-09-13 17:00:00,2021-09-13 17:45:00,162.2956657765904,ARIMA (+기준 곡선)
2021-09-13 18:00:00,2021-09-13 18:00:00,158.34291252013887,ARIMA (+기준 곡선)
2021-09-13 18:00:00,2021-09-13 18:15:00,151.13349803475288,ARIMA (+기준 곡선)
2021-09-13 18:00:00,2021-09-13 18:30:00,148.7848052356296,ARIMA (+기준 곡선)
2021-09-13 18:00:00,2021-09-13 18:45:00,143.0748746924673,ARIMA (+기준 곡선)
2021-09-13 19:00:00,2021-09-13 19:00:00,139.72498480225508,ARIMA (+기준 곡선)
2021-09-13 19:00:00,2021-09-13 19:15:00,140.55667649095483,ARIMA (+기준 곡선)
2021-09-13 19:00:00,2021-09-13 19:30:00,134.49311818304488,ARIMA (+기준 곡선)
2021-09-13 19:00:00,2021-09-13 19:45:00,115.6299291026077,ARIMA (+기준 곡선)
2021-09-13 20:00:00,2021-09-13 20:00:00,113.86809402513305,ARIMA (+기준 곡선)
2021-09-13 20:00:00,2021-09-13 20:15:00,121.69648323137493,ARIMA (+기준 곡선)
2021-09-13 20:00:00,2021-09-13 20:30:00,125.38280814792932,ARIMA (+기준 곡선)
2021-09-13 20:00:00,2021-09-13 20:45:00,124.62535813764072,ARIMA (+기준 곡선)
2021-09-13 21:00:00,2021-09-13 21:00:00,125.36643009935352,ARIMA (+기준 곡선)
2021-09-13 21:00:00,2021-09-13 21:15:00,127.77602944212296,ARIMA (+기준 곡선)
2021-09-13 21:00:00,2021-09-13 21:30:00,121.27855353923933,ARIMA (+기준 곡선)
2021-09-13 21:00:00,2021-09-13 21:45:00,117.26695820666392,ARIMA (+기준 곡선)
2021-09-13 22:00:00,2021-09-13 22:00:00,101.7689816956459,ARIMA (+기준 곡선)
2021-09-13 22:00:00,2021-09-13 22:15:00,113.82383538513238,ARIMA (+기준 곡선)
2021-09-13 22:00:00,2021-09-13 22:30:00,116.4173689321351,ARIMA (+기준 곡선)
2021-09-13 22:00:00,2021-09-13 22:45:00,117.11777639153176,ARIMA (+기준 곡선)
2021-09-13 23:00:00,2021-09-13 23:00:00,110.78291305856168,ARIMA (+기준 곡선)
2021-09-13 23:00:00,2021-09-13 23:15:00,110.74378130914214,ARIMA (+기준 곡선)
2021-09-13 23:00:00,2021-09-13 23:30:00,105.91818392292711,ARIMA (+기준 곡선)
2021-09-13 23:00:00,2021-09-13 23:45:00,84.82600713683993,ARIMA (+기준 곡선)
2021-09-14 00:00:00,2021-09-14 00:00:00,81.60159985859119,ARIMA (+기준 곡선)
2021-09-14 00:00:00,2021-09-14 00:15:00,77.60517308292684,ARIMA (+기준 곡선)
2021-09-14 00:00:00,2021-09-14 00:30:00,75.40689519923248,ARIMA (+기준 곡선)
2021-09-14 00:00:00,2021-09-14 00:45:00,73.56804333298987,ARIMA (+기준 곡선)
2021-09-14 01:00:00,2021-09-14 01:00:00,92.77046473087944,ARIMA (+기준 곡선)
2021-09-14 01:00:00,2021-09-14 01:15:00,105.76677938684035,ARIMA (+기준 곡선)
2021-09-14 01:00:00,2021-09-14 01:30:00,110.10651511304825,ARIMA (+기준 곡선)
2021-09-14 01:00:00,2021-09-14 01:45:00,109.40790066755356,ARIMA (+기준 곡선)
2021-09-14 02:00:00,2021-09-14 02:00:00,113.86372425293254,ARIMA (+기준 곡선)
2021-09-14 02:00:00,2021-09-14 02:15:00,114.7377555348666,ARIMA (+기준 곡선)
2021-09-14 02:00:00,2021-09-14 02:30:00,112.97068300683031,ARIMA (+기준 곡선)
2021-09-14 02:00:00,2021-09-14 02:45:00,110.6364331427544,ARIMA (+기준 곡선)
2021-09-14 03:00:00,2021-09-14 03:00:00,95.71397731256442,ARIMA (+기준 곡선)
2021-09-14 03:00:00,2021-09-14 03:15:00,109.2196126238161,ARIMA (+기준 곡선)
2021-09-14 03:00:00,2021-09-14 03:30:00,112.9524265509058,ARIMA (+기준 곡선)
2021-09-14 03:00:00,2021-09-14 03:45:00,112.35770365381556,ARIMA (+기준 곡선)
2021-09-14 04:00:00,2021-09-14 04:00:00,112.7236636585339,ARIMA (+기준 곡선)
2021-09-14 04:00:00,2021-09-14 04:15:00,111.76953123072896,ARIMA (+기준 곡선)
2021-09-14 04:00:00,2021-09-14 04:30:00,110.40475727007264,ARIMA (+기준 곡선)
2021-09-14 04:00:00,2021-09-14 04:45:00,107.27826245380372,ARIMA (+기준 곡선)
2021-09-14 05:00:00,2021-09-14 05:00:00,87.38701277387736,ARIMA (+기준 곡선)
2021-09-14 05:00:00,2021-09-14 05:15:00,79.25521316597121,ARIMA (+기준 곡선)
2021-09-14 05:00:00,2021-09-14 05:30:00,98.07375689337503,ARIMA (+기준 곡선)
2021-09-14 05:00:00,2021-09-14 05:45:00,110.95766676127782,ARIMA (+기준 곡선)
2021-09-14 06:00:00,2021-09-14 06:00:00,114.39179625061551,ARIMA (+기준 곡선)
2021-09-14 06:00:00,2021-09-14 06:15:00,112.96059811096023,ARIMA (+기준 곡선)
2021-09-14 06:00:00,2021-09-14 06:30:00,111.86978471016656,ARIMA (+기준 곡선)
2021-09-14 06:00:00,2021-09-14 06:45:00,112.01317498951946,ARIMA (+기준 곡선)
2021-09-14 07:00:00,2021-09-14 07:00:00,113.5423241057085,ARIMA (+기준 곡선)
2021-09-14 07:00:00,2021-09-14 07:15:00,124.15646549843386,ARIMA (+기준 곡선)
2021-09-14 07:00:00,2021-09-14 07:30:00,148.9692302597195,ARIMA (+기준 곡선)
2021-09-14 07:00:00,2021-09-14 07:45:00,148.79573783739175,ARIMA (+기준 곡선)
2021-09-14 08:00:00,2021-09-14 08:00:00,172.2628696055508,ARIMA (+기준 곡선)
2021-09-14 08:00:00,2021-09-14 08:15:00,191.395530218448,ARIMA (+기준 곡선)
2021-09-14 08:00:00,2021-09-14 08:30:00,195.07386385132455,ARIMA (+기준 곡선)
2021-09-14 08:00:00,2021-09-14 08:45:00,191.98844319292851,ARIMA (+기준 곡선)
2021-09-14 09:00:00,2021-09-14 09:00:00,169.21884685464735,ARIMA (+기준 곡선)
2021-09-14 09:00:00,2021-09-14 09:15:00,174.7038833517846,ARIMA (+기준 곡선)
2021-09-14 09:00:00,2021-09-14 09:30:00,178.81601627786677,ARIMA (+기준 곡선)
2021-09-14 09:00:00,2021-09-14 09:45:00,182.07134015832355,ARIMA (+기준 곡선)
2021-09-14 10:00:00,2021-09-14 10:00:00,147.04647777614602,ARIMA (+기준 곡선)
2021-09-14 10:00:00,2021-09-14 10:15:00,177.7385882872703,ARIMA (+기준 곡선)
2021-09-14 10:00:00,2021-09-14 10:30:00,179.84887553566992,ARIMA (+기준 곡선)
2021-09-14 10:00:00,2021-09-14 10:45:00,180.6963587007532,ARIMA (+기준 곡선)
2021-09-14 11:00:00,2021-09-14 11:00:00,158.3809419181498,ARIMA (+기준 곡선)
2021-09-14 11:00:00,2021-09-14 11:15:00,168.71991222142418,ARIMA (+기준 곡선)
2021-09-14 11:00:00,2021-09-14 11:30:00,173.8449053493494,ARIMA (+기준 곡선)
2021-09-14 11:00:00,2021-09-14 11:45:00,173.2035968875468,ARIMA (+기준 곡선)
2021-09-14 12:00:00,2021-09-14 12:00:00,117.84420862198628,ARIMA (+기준 곡선)
2021-09-14 12:00:00,2021-09-14 12:15:00,97.53070583360812,ARIMA (+기준 곡선)
2021-09-14 12:00:00,2021-09-14 12:30:00,97.73990323642757,ARIMA (+기준 곡선)
2021-09-14 12:00:00,2021-09-14 12:45:00,111.04417658404364,ARIMA (+기준 곡선)
2021-09-14 13:00:00,2021-09-14 13:00:00,165.8412913090887,ARIMA (+기준 곡선)
2021-09-14 13:00:00,2021-09-14 13:15:00,179.35496364432464,ARIMA (+기준 곡선)
2021-09-14 13:00:00,2021-09-14 13:30:00,181.55447334885952,ARIMA (+기준 곡선)
2021-09-14 13:00:00,2021-09-14 13:45:00,182.5873047897333,ARIMA (+기준 곡선)
2021-09-14 14:00:00,2021-09-14 14:00:00,174.39594439959694,ARIMA (+기준 곡선)
2021-09-14 14:00:00,2021-09-14 14:15:00,172.20594600473655,ARIMA (+기준 곡선)
2021-09-14 14:00:00,2021-09-14 14:30:00,174.72879425644902,ARIMA (+기준 곡선)
2021-09-14 14:00:00,2021-09-14 14:45:00,174.93294609154336,ARIMA (+기준 곡선)
2021-09-14 15:00:00,2021-09-14 15:00:00,123.91858397104208,ARIMA (+기준 곡선)
2021-09-14 15:00:00,2021-09-14 15:15:00,140.23810248962533,ARIMA (+기준 곡선)
2021-09-14 15:00:00,2021-09-14 15:30:00,164.0322740011431,ARIMA (+기준 곡선)
2021-09-14 15:00:00,2021-09-14 15:45:00,167.344846599268,ARIMA (+기준 곡선)
2021-09-14 16:00:00,2021-09-14 16:00:00,168.03927376962605,ARIMA (+기준 곡선)
2021-09-14 16:00:00,2021-09-14 16:15:00,164.9592093186966,ARIMA (+기준 곡선)
2021-09-14 16:00:00,2021-09-14 16:30:00,161.7056268041136,ARIMA (+기준 곡선)
2021-09-14 16:00:00,2021-09-14 16:45:00,158.90312403545812,ARIMA (+기준 곡선)
2021-09-14 17:00:00,2021-09-14 17:00:00,112.02936019489763,ARIMA (+기준 곡선)
2021-09-14 17:00:00,2021-09-14 17:15:00,99.59692399770684,ARIMA (+기준 곡선)
2021-09-14 17:00:00,2021-09-14 17:30:00,141.05763576278736,ARIMA (+기준 곡선)
2021-09-14 17:00:00,2021-09-14 17:45:00,155.72133166436328,ARIMA (+기준 곡선)
2021-09-14 18:00:00,2021-09-14 18:00:00,148.78557129371742,ARIMA (+기준 곡선)
2021-09-14 18:00:00,2021-09-14 18:15:00,149.7884000603665,ARIMA (+기준 곡선)
2021-09-14 18:00:00,2021-09-14 18:30:00,149.56488203568122,ARIMA (+기준 곡선)
2021-09-14 18:00:00,2021-09-14 18:45:00,150.3351492258029,ARIMA (+기준 곡선)
2021-09-14 19:00:00,2021-09-14 19:00:00,157.3579836125856,ARIMA (+기준 곡선)
2021-09-14 19:00:00,2021-09-14 19:15:00,147.95180777168355,ARIMA (+기준 곡선)
2021-09-14 19:00:00,2021-09-14 19:30:00,148.32554819454404,ARIMA (+기준 곡선)
2021-09-14 19:00:00,2021-09-14 19:45:00,128.30499941023157,ARIMA (+기준 곡선)
2021-09-14 20:00:00,2021-09-14 20:00:00,119.12323744842747,ARIMA (+기준 곡선)
2021-09-14 20:00:00,2021-09-14 20:15:00,124.64946080217024,ARIMA (+기준 곡선)
2021-09-14 20:00:00,2021-09-14 20:30:00,123.81087799290508,ARIMA (+기준 곡선)
2021-09-14 20:00:00,2021-09-14 20:45:00,120.352759708891,ARIMA (+기준 곡선)
2021-09-14 21:00:00,2021-09-14 21:00:00,123.53732918977434,ARIMA (+기준 곡선)
2021-09-14 21:00:00,2021-09-14 21:15:00,119.8789216695286,ARIMA (+기준 곡선)
2021-09-14 21:00:00,2021-09-14 21:30:00,119.06462162374852,ARIMA (+기준 곡선)
2021-09-14 21:00:00,2021-09-14 21:45:00,117.4548099126604,ARIMA (+기준 곡선)
2021-09-14 22:00:00,2021-09-14 22:00:00,105.1839974394979,ARIMA (+기준 곡선)
2021-09-14 22:00:00,2021-09-14 22:15:00,114.91061923154427,ARIMA (+기준 곡선)
2021-09-14 22:00:00,2021-09-14 22:30:00,113.74013128144846,ARIMA (+기준 곡선)
2021-09-14 22:00:00,2021-09-14 22:45:00,112.6487161304234,ARIMA (+기준 곡선)
2021-09-14 23:00:00,2021-09-14 23:00:00,110.46095630702662,ARIMA (+기준 곡선)
2021-09-14 23:00:00,2021-09-14 23:15:00,110.3238535934178,ARIMA (+기준 곡선)
2021-09-14 23:00:00,2021-09-14 23:30:00,107.21561141912667,ARIMA (+기준 곡선)
2021-09-14 23:00:00,2021-09-14 23:45:00,88.42670274763906,ARIMA (+기준 곡선)
2021-08-09 00:00:00,2021-08-09 00:00:00,19.18473,NHITS
2021-08-09 00:00:00,2021-08-09 00:15:00,19.98079,NHITS
2021-08-09 00:00:00,2021-08-09 00:30:00,20.541515,NHITS
2021-08-09 00:00:00,2021-08-09 00:45:00,22.15189,NHITS
2021-08-09 01:00:00,2021-08-09 01:00:00,21.019154,NHITS
2021-08-09 01:00:00,2021-08-09 01:15:00,22.373386,NHITS
2021-08-09 01:00:00,2021-08-09 01:30:00,24.771664,NHITS
2021-08-09 01:00:00,2021-08-09 01:45:00,27.888412,NHITS
2021-08-09 02:00:00,2021-08-09 02:00:00,23.07619,NHITS
2021-08-09 02:00:00,2021-08-09 02:15:00,23.56715,NHITS
2021-08-09 02:00:00,2021-08-09 02:30:00,23.127747,NHITS
2021-08-09 02:00:00,2021-08-09 02:45:00,24.755444,NHITS
2021-08-09 03:00:00,2021-08-09 03:00:00,21.06152,NHITS
2021-08-09 03:00:00,2021-08-09 03:15:00,20.873959,NHITS
2021-08-09 03:00:00,2021-08-09 03:30:00,18.643944,NHITS
2021-08-09 03:00:00,2021-08-09 03:45:00,19.477234,NHITS
2021-08-09 04:00:00,2021-08-09 04:00:00,22.331902,NHITS
2021-08-09 04:00:00,2021-08-09 04:15:00,20.975292,NHITS
2021-08-09 04:00:00,2021-08-09 04:30:00,18.262844,NHITS
2021-08-09 04:00:00,2021-08-09 04:45:00,21.012413,NHITS
2021-08-09 05:00:00,2021-08-09 05:00:00,19.497417,NHITS
2021-08-09 05:00:00,2021-08-09 05:15:00,20.145733,NHITS
2021-08-09 05:00:00,2021-08-09 05:30:00,16.396942,NHITS
2021-08-09 05:00:00,2021-08-09 05:45:00,22.444397,NHITS
2021-08-09 06:00:00,2021-08-09 06:00:00,16.33323,NHITS
2021-08-09 06:00:00,2021-08-09 06:15:00,21.640335,NHITS
2021-08-09 06:00:00,2021-08-09 06:30:00,19.353703,NHITS
2021-08-09 06:00:00,2021-08-09 06:45:00,26.829933,NHITS
2021-08-09 07:00:00,2021-08-09 07:00:00,31.27581,NHITS
2021-08-09 07:00:00,2021-08-09 07:15:00,46.49876,NHITS
2021-08-09 07:00:00,2021-08-09 07:30:00,55.453865,NHITS
2021-08-09 07:00:00,2021-08-09 07:45:00,63.873558,NHITS
2021-08-09 08:00:00,2021-08-09 08:00:00,112.232086,NHITS
2021-08-09 08:00:00,2021-08-09 08:15:00,116.45918,NHITS
2021-08-09 08:00:00,2021-08-09 08:30:00,111.14954,NHITS
2021-08-09 08:00:00,2021-08-09 08:45:00,112.99959,NHITS
2021-08-09 09:00:00,2021-08-09 09:00:00,208.76862,NHITS
2021-08-09 09:00:00,2021-08-09 09:15:00,204.36237,NHITS
2021-08-09 09:00:00,2021-08-09 09:30:00,189.96298,NHITS
2021-08-09 09:00:00,2021-08-09 09:45:00,179.18536,NHITS
2021-08-09 10:00:00,2021-08-09 10:00:00,196.28404,NHITS
2021-08-09 10:00:00,2021-08-09 10:15:00,184.00812,NHITS
2021-08-09 10:00:00,2021-08-09 10:30:00,167.97844,NHITS
2021-08-09 10:00:00,2021-08-09 10:45:00,151.814,NHITS
2021-08-09 11:00:00,2021-08-09 11:00:00,169.0787,NHITS
2021-08-09 11:00:00,2021-08-09 11:15:00,144.74115,NHITS
2021-08-09 11:00:00,2021-08-09 11:30:00,128.0305,NHITS
2021-08-09 11:00:00,2021-08-09 11:45:00,113.42819,NHITS
2021-08-09 12:00:00,2021-08-09 12:00:00,182.26086,NHITS
2021-08-09 12:00:00,2021-08-09 12:15:00,165.95743,NHITS
2021-08-09 12:00:00,2021-08-09 12:30:00,162.11548,NHITS
2021-08-09 12:00:00,2021-08-09 12:45:00,153.33344,NHITS
2021-08-09 13:00:00,2021-08-09 13:00:00,131.5925,NHITS
2021-08-09 13:00:00,2021-08-09 13:15:00,129.04466,NHITS
2021-08-09 13:00:00,2021-08-09 13:30:00,137.53586,NHITS
2021-08-09 13:00:00,2021-08-09 13:45:00,132.77786,NHITS
2021-08-09 14:00:00,2021-08-09 14:00:00,201.59238,NHITS
2021-08-09 14:00:00,2021-08-09 14:15:00,189.8445,NHITS
2021-08-09 14:00:00,2021-08-09 14:30:00,182.75699,NHITS
2021-08-09 14:00:00,2021-08-09 14:45:00,175.7698,NHITS
2021-08-09 15:00:00,2021-08-09 15:00:00,170.3179,NHITS
2021-08-09 15:00:00,2021-08-09 15:15:00,161.0398,NHITS
2021-08-09 15:00:00,2021-08-09 15:30:00,148.87628,NHITS
2021-08-09 15:00:00,2021-08-09 15:45:00,141.92804,NHITS
2021-08-09 16:00:00,2021-08-09 16:00:00,174.19812,NHITS
2021-08-09 16:00:00,2021-08-09 16:15:00,159.92274,NHITS
2021-08-09 16:00:00,2021-08-09 16:30:00,140.75626,NHITS
2021-08-09 16:00:00,2021-08-09 16:45:00,132.48882,NHITS
2021-08-09 17:00:00,2021-08-09 17:00:00,163.7803,NHITS
2021-08-09 17:00:00,2021-08-09 17:15:00,146.88507,NHITS
2021-08-09 17:00:00,2021-08-09 17:30:00,127.815765,NHITS
2021-08-09 17:00:00,2021-08-09 17:45:00,117.32321,NHITS
2021-08-09 18:00:00,2021-08-09 18:00:00,119.45999,NHITS
2021-08-09 18:00:00,2021-08-09 18:15:00,113.16301,NHITS
2021-08-09 18:00:00,2021-08-09 18:30:00,103.08572,NHITS
2021-08-09 18:00:00,2021-08-09 18:45:00,95.380585,NHITS
2021-08-09 19:00:00,2021-08-09 19:00:00,93.12711,NHITS
2021-08-09 19:00:00,2021-08-09 19:15:00,87.71895,NHITS
2021-08-09 19:00:00,2021-08-09 19:30:00,79.829025,NHITS
2021-08-09 19:00:00,2021-08-09 19:45:00,73.77719,NHITS
2021-08-09 20:00:00,2021-08-09 20:00:00,83.12616,NHITS
2021-08-09 20:00:00,2021-08-09 20:15:00,79.48493,NHITS
2021-08-09 20:00:00,2021-08-09 20:30:00,74.96019,NHITS
2021-08-09 20:00:00,2021-08-09 20:45:00,71.24996,NHITS
2021-08-09 21:00:00,2021-08-09 21:00:00,107.668365,NHITS
2021-08-09 21:00:00,2021-08-09 21:15:00,104.27277,NHITS
2021-08-09 21:00:00,2021-08-09 21:30:00,100.12933,NHITS
2021-08-09 21:00:00,2021-08-09 21:45:00,97.770004,NHITS
2021-08-09 22:00:00,2021-08-09 22:00:00,110.34519,NHITS
2021-08-09 22:00:00,2021-08-09 22:15:00,105.41301,NHITS
2021-08-09 22:00:00,2021-08-09 22:30:00,98.13486,NHITS
2021-08-09 22:00:00,2021-08-09 22:45:00,95.711754,NHITS
2021-08-09 23:00:00,2021-08-09 23:00:00,102.19289,NHITS
2021-08-09 23:00:00,2021-08-09 23:15:00,93.57642,NHITS
2021-08-09 23:00:00,2021-08-09 23:30:00,83.534966,NHITS
2021-08-09 23:00:00,2021-08-09 23:45:00,78.73324,NHITS
2021-08-10 00:00:00,2021-08-10 00:00:00,57.408066,NHITS
2021-08-10 00:00:00,2021-08-10 00:15:00,51.558594,NHITS
2021-08-10 00:00:00,2021-08-10 00:30:00,45.689457,NHITS
2021-08-10 00:00:00,2021-08-10 00:45:00,43.354027,NHITS
2021-08-10 01:00:00,2021-08-10 01:00:00,59.394924,NHITS
2021-08-10 01:00:00,2021-08-10 01:15:00,62.64692,NHITS
2021-08-10 01:00:00,2021-08-10 01:30:00,71.31085,NHITS
2021-08-10 01:00:00,2021-08-10 01:45:00,78.01421,NHITS
2021-08-10 02:00:00,2021-08-10 02:00:00,89.582565,NHITS
2021-08-10 02:00:00,2021-08-10 02:15:00,92.792694,NHITS
2021-08-10 02:00:00,2021-08-10 02:30:00,94.71044,NHITS
2021-08-10 02:00:00,2021-08-10 02:45:00,98.59584,NHITS
2021-08-10 03:00:00,2021-08-10 03:00:00,96.70989,NHITS
2021-08-10 03:00:00,2021-08-10 03:15:00,99.27952,NHITS
2021-08-10 03:00:00,2021-08-10 03:30:00,97.26266,NHITS
2021-08-10 03:00:00,2021-08-10 03:45:00,100.303535,NHITS
2021-08-10 04:00:00,2021-08-10 04:00:00,95.79572,NHITS
2021-08-10 04:00:00,2021-08-10 04:15:00,98.88768,NHITS
2021-08-10 04:00:00,2021-08-10 04:30:00,92.927284,NHITS
2021-08-10 04:00:00,2021-08-10 04:45:00,97.16455,NHITS
2021-08-10 05:00:00,2021-08-10 05:00:00,93.08816,NHITS
2021-08-10 05:00:00,2021-08-10 05:15:00,100.46475,NHITS
2021-08-10 05:00:00,2021-08-10 05:30:00,93.784546,NHITS
2021-08-10 05:00:00,2021-08-10 05:45:00,101.64643,NHITS
2021-08-10 06:00:00,2021-08-10 06:00:00,98.42806,NHITS
2021-08-10 06:00:00,2021-08-10 06:15:00,108.54988,NHITS
2021-08-10 06:00:00,2021-08-10 06:30:00,106.49807,NHITS
2021-08-10 06:00:00,2021-08-10 06:45:00,113.55263,NHITS
2021-08-10 07:00:00,2021-08-10 07:00:00,116.292595,NHITS
2021-08-10 07:00:00,2021-08-10 07:15:00,131.44704,NHITS
2021-08-10 07:00:00,2021-08-10 07:30:00,138.004,NHITS
2021-08-10 07:00:00,2021-08-10 07:45:00,146.87802,NHITS
2021-08-10 08:00:00,2021-08-10 08:00:00,134.74911,NHITS
2021-08-10 08:00:00,2021-08-10 08:15:00,145.27992,NHITS
2021-08-10 08:00:00,2021-08-10 08:30:00,143.9149,NHITS
2021-08-10 08:00:00,2021-08-10 08:45:00,147.58078,NHITS
2021-08-10 09:00:00,2021-08-10 09:00:00,185.1825,NHITS
2021-08-10 09:00:00,2021-08-10 09:15:00,185.25229,NHITS
2021-08-10 09:00:00,2021-08-10 09:30:00,169.50903,NHITS
2021-08-10 09:00:00,2021-08-10 09:45:00,158.38617,NHITS
2021-08-10 10:00:00,2021-08-10 10:00:00,181.61737,NHITS
2021-08-10 10:00:00,2021-08-10 10:15:00,179.9191,NHITS
2021-08-10 10:00:00,2021-08-10 10:30:00,164.15219,NHITS
2021-08-10 10:00:00,2021-08-10 10:45:00,151.59503,NHITS
2021-08-10 11:00:00,2021-08-10 11:00:00,174.55684,NHITS
2021-08-10 11:00:00,2021-08-10 11:15:00,166.52162,NHITS
2021-08-10 11:00:00,2021-08-10 11:30:00,148.58386,NHITS
2021-08-10 11:00:00,2021-08-10 11:45:00,134.9383,NHITS
2021-08-10 12:00:00,2021-08-10 12:00:00,178.5274,NHITS
2021-08-10 12:00:00,2021-08-10 12:15:00,165.11923,NHITS
2021-08-10 12:00:00,2021-08-10 12:30:00,150.66336,NHITS
2021-08-10 12:00:00,2021-08-10 12:45:00,139.57428,NHITS
2021-08-10 13:00:00,2021-08-10 13:00:00,120.06285,NHITS
2021-08-10 13:00:00,2021-08-10 13:15:00,129.65967,NHITS
2021-08-10 13:00:00,2021-08-10 13:30:00,137.21103,NHITS
2021-08-10 13:00:00,2021-08-10 13:45:00,136.45181,NHITS
2021-08-10 14:00:00,2021-08-10 14:00:00,191.71107,NHITS
2021-08-10 14:00:00,2021-08-10 14:15:00,175.98727,NHITS
2021-08-10 14:00:00,2021-08-10 14:30:00,164.42978,NHITS
2021-08-10 14:00:00,2021-08-10 14:45:00,152.26282,NHITS
2021-08-10 15:00:00,2021-08-10 15:00:00,159.69778,NHITS
2021-08-10 15:00:00,2021-08-10 15:15:00,148.70923,NHITS
2021-08-10 15:00:00,2021-08-10 15:30:00,139.90434,NHITS
2021-08-10 15:00:00,2021-08-10 15:45:00,127.06892,NHITS
2021-08-10 16:00:00,2021-08-10 16:00:00,172.25015,NHITS
2021-08-10 16:00:00,2021-08-10 16:15:00,156.84457,NHITS
2021-08-10 16:00:00,2021-08-10 16:30:00,141.29791,NHITS
2021-08-10 16:00:00,2021-08-10 16:45:00,125.365875,NHITS
2021-08-10 17:00:00,2021-08-10 17:00:00,147.79669,NHITS
2021-08-10 17:00:00,2021-08-10 17:15:00,128.7605,NHITS
2021-08-10 17:00:00,2021-08-10 17:30:00,110.04602,NHITS
2021-08-10 17:00:00,2021-08-10 17:45:00,93.26955,NHITS
2021-08-10 18:00:00,2021-08-10 18:00:00,152.41394,NHITS
2021-08-10 18:00:00,2021-08-10 18:15:00,148.13437,NHITS
2021-08-10 18:00:00,2021-08-10 18:30:00,140.45134,NHITS
2021-08-10 18:00:00,2021-08-10 18:45:00,129.88928,NHITS
2021-08-10 19:00:00,2021-08-10 19:00:00,163.13708,NHITS
2021-08-10 19:00:00,2021-08-10 19:15:00,155.39413,NHITS
2021-08-10 19:00:00,2021-08-10 19:30:00,144.57248,NHITS
2021-08-10 19:00:00,2021-08-10 19:45:00,134.67915,NHITS
2021-08-10 20:00:00,2021-08-10 20:00:00,131.67711,NHITS
2021-08-10 20:00:00,2021-08-10 20:15:00,126.4405,NHITS
2021-08-10 20:00:00,2021-08-10 20:30:00,118.96424,NHITS
2021-08-10 20:00:00,2021-08-10 20:45:00,115.786865,NHITS
2021-08-10 21:00:00,2021-08-10 21:00:00,125.019455,NHITS
2021-08-10 21:00:00,2021-08-10 21:15:00,118.46779,NHITS
2021-08-10 21:00:00,2021-08-10 21:30:00,112.43062,NHITS
2021-08-10 21:00:00,2021-08-10 21:45:00,109.81892,NHITS
2021-08-10 22:00:00,2021-08-10 22:00:00,116.08551,NHITS
2021-08-10 22:00:00,2021-08-10 22:15:00,109.64931,NHITS
2021-08-10 22:00:00,2021-08-10 22:30:00,101.2471,NHITS
2021-08-10 22:00:00,2021-08-10 22:45:00,98.78167,NHITS
2021-08-10 23:00:00,2021-08-10 23:00:00,98.61154,NHITS
2021-08-10 23:00:00,2021-08-10 23:15:00,88.34339,NHITS
2021-08-10 23:00:00,2021-08-10 23:30:00,76.21937,NHITS
2021-08-10 23:00:00,2021-08-10 23:45:00,72.266914,NHITS
2021-08-11 00:00:00,2021-08-11 00:00:00,64.796646,NHITS
2021-08-11 00:00:00,2021-08-11 00:15:00,55.12551,NHITS
2021-08-11 00:00:00,2021-08-11 00:30:00,43.520878,NHITS
2021-08-11 00:00:00,2021-08-11 00:45:00,42.322773,NHITS
2021-08-11 01:00:00,2021-08-11 01:00:00,58.62463,NHITS
2021-08-11 01:00:00,2021-08-11 01:15:00,61.636368,NHITS
2021-08-11 01:00:00,2021-08-11 01:30:00,72.10337,NHITS
2021-08-11 01:00:00,2021-08-11 01:45:00,81.503,NHITS
2021-08-11 02:00:00,2021-08-11 02:00:00,83.12511,NHITS
2021-08-11 02:00:00,2021-08-11 02:15:00,87.08711,NHITS
2021-08-11 02:00:00,2021-08-11 02:30:00,89.400314,NHITS
2021-08-11 02:00:00,2021-08-11 02:45:00,93.73141,NHITS
2021-08-11 03:00:00,2021-08-11 03:00:00,109.82864,NHITS
2021-08-11 03:00:00,2021-08-11 03:15:00,114.05951,NHITS
2021-08-11 03:00:00,2021-08-11 03:30:00,113.19,NHITS
2021-08-11 03:00:00,2021-08-11 03:45:00,116.73258,NHITS
2021-08-11 04:00:00,2021-08-11 04:00:00,101.45473,NHITS
2021-08-11 04:00:00,2021-08-11 04:15:00,105.61566,NHITS
2021-08-11 04:00:00,2021-08-11 04:30:00,100.29851,NHITS
2021-08-11 04:00:00,2021-08-11 04:45:00,104.54761,NHITS
2021-08-11 05:00:00,2021-08-11 05:00:00,108.43034,NHITS
2021-08-11 05:00:00,2021-08-11 05:15:00,115.801834,NHITS
2021-08-11 05:00:00,2021-08-11 05:30:00,108.34894,NHITS
2021-08-11 05:00:00,2021-08-11 05:45:00,115.595764,NHITS
2021-08-11 06:00:00,2021-08-11 06:00:00,106.66066,NHITS
2021-08-11 06:00:00,2021-08-11 06:15:00,115.368515,NHITS
2021-08-11 06:00:00,2021-08-11 06:30:00,113.783066,NHITS
2021-08-11 06:00:00,2021-08-11 06:45:00,118.900116,NHITS
2021-08-11 07:00:00,2021-08-11 07:00:00,134.9072,NHITS
2021-08-11 07:00:00,2021-08-11 07:15:00,149.25891,NHITS
2021-08-11 07:00:00,2021-08-11 07:30:00,156.27945,NHITS
2021-08-11 07:00:00,2021-08-11 07:45:00,165.39465,NHITS
2021-08-11 08:00:00,2021-08-11 08:00:00,153.45473,NHITS
2021-08-11 08:00:00,2021-08-11 08:15:00,164.92911,NHITS
2021-08-11 08:00:00,2021-08-11 08:30:00,170.83276,NHITS
2021-08-11 08:00:00,2021-08-11 08:45:00,174.6876,NHITS
2021-08-11 09:00:00,2021-08-11 09:00:00,207.04233,NHITS
2021-08-11 09:00:00,2021-08-11 09:15:00,206.64743,NHITS
2021-08-11 09:00:00,2021-08-11 09:30:00,195.08011,NHITS
2021-08-11 09:00:00,2021-08-11 09:45:00,183.16068,NHITS
2021-08-11 10:00:00,2021-08-11 10:00:00,181.71425,NHITS
2021-08-11 10:00:00,2021-08-11 10:15:00,178.61734,NHITS
2021-08-11 10:00:00,2021-08-11 10:30:00,166.10654,NHITS
2021-08-11 10:00:00,2021-08-11 10:45:00,154.10034,NHITS
2021-08-11 11:00:00,2021-08-11 11:00:00,173.53766,NHITS
2021-08-11 11:00:00,2021-08-11 11:15:00,163.72913,NHITS
2021-08-11 11:00:00,2021-08-11 11:30:00,150.83502,NHITS
2021-08-11 11:00:00,2021-08-11 11:45:00,138.57533,NHITS
2021-08-11 12:00:00,2021-08-11 12:00:00,183.10757,NHITS
2021-08-11 12:00:00,2021-08-11 12:15:00,160.40714,NHITS
2021-08-11 12:00:00,2021-08-11 12:30:00,145.15506,NHITS
2021-08-11 12:00:00,2021-08-11 12:45:00,134.28345,NHITS
2021-08-11 13:00:00,2021-08-11 13:00:00,115.83059,NHITS
2021-08-11 13:00:00,2021-08-11 13:15:00,127.39569,NHITS
2021-08-11 13:00:00,2021-08-11 13:30:00,142.23715,NHITS
2021-08-11 13:00:00,2021-08-11 13:45:00,141.83128,NHITS
2021-08-11 14:00:00,2021-08-11 14:00:00,205.35182,NHITS
2021-08-11 14:00:00,2021-08-11 14:15:00,183.97694,NHITS
2021-08-11 14:00:00,2021-08-11 14:30:00,171.69771,NHITS
2021-08-11 14:00:00,2021-08-11 14:45:00,158.83304,NHITS
2021-08-11 15:00:00,2021-08-11 15:00:00,168.67734,NHITS
2021-08-11 15:00:00,2021-08-11 15:15:00,156.86221,NHITS
2021-08-11 15:00:00,2021-08-11 15:30:00,150.15527,NHITS
2021-08-11 15:00:00,2021-08-11 15:45:00,138.37077,NHITS
2021-08-11 16:00:00,2021-08-11 16:00:00,156.00723,NHITS
2021-08-11 16:00:00,2021-08-11 16:15:00,139.98923,NHITS
2021-08-11 16:00:00,2021-08-11 16:30:00,126.993805,NHITS
2021-08-11 16:00:00,2021-08-11 16:45:00,111.74435,NHITS
2021-08-11 17:00:00,2021-08-11 17:00:00,174.1607,NHITS
2021-08-11 17:00:00,2021-08-11 17:15:00,151.30188,NHITS
2021-08-11 17:00:00,2021-08-11 17:30:00,132.29578,NHITS
2021-08-11 17:00:00,2021-08-11 17:45:00,116.66005,NHITS
2021-08-11 18:00:00,2021-08-11 18:00:00,177.37788,NHITS
2021-08-11 18:00:00,2021-08-11 18:15:00,177.37268,NHITS
2021-08-11 18:00:00,2021-08-11 18:30:00,173.0677,NHITS
2021-08-11 18:00:00,2021-08-11 18:45:00,165.28635,NHITS
2021-08-11 19:00:00,2021-08-11 19:00:00,165.1554,NHITS
2021-08-11 19:00:00,2021-08-11 19:15:00,155.44775,NHITS
2021-08-11 19:00:00,2021-08-11 19:30:00,144.19023,NHITS
2021-08-11 19:00:00,2021-08-11 19:45:00,132.83463,NHITS
2021-08-11 20:00:00,2021-08-11 20:00:00,128.24516,NHITS
2021-08-11 20:00:00,2021-08-11 20:15:00,124.587944,NHITS
2021-08-11 20:00:00,2021-08-11 20:30:00,118.784515,NHITS
2021-08-11 20:00:00,2021-08-11 20:45:00,115.21808,NHITS
2021-08-11 21:00:00,2021-08-11 21:00:00,113.62933,NHITS
2021-08-11 21:00:00,2021-08-11 21:15:00,108.50682,NHITS
2021-08-11 21:00:00,2021-08-11 21:30:00,104.482635,NHITS
2021-08-11 21:00:00,2021-08-11 21:45:00,100.69434,NHITS
2021-08-11 22:00:00,2021-08-11 22:00:00,110.15581,NHITS
2021-08-11 22:00:00,2021-08-11 22:15:00,104.816864,NHITS
2021-08-11 22:00:00,2021-08-11 22:30:00,97.60714,NHITS
2021-08-11 22:00:00,2021-08-11 22:45:00,93.85025,NHITS
2021-08-11 23:00:00,2021-08-11 23:00:00,98.22994,NHITS
2021-08-11 23:00:00,2021-08-11 23:15:00,88.49833,NHITS
2021-08-11 23:00:00,2021-08-11 23:30:00,75.186516,NHITS
2021-08-11 23:00:00,2021-08-11 23:45:00,68.68891,NHITS
2021-08-12 00:00:00,2021-08-12 00:00:00,61.521774,NHITS
2021-08-12 00:00:00,2021-08-12 00:15:00,51.266808,NHITS
2021-08-12 00:00:00,2021-08-12 00:30:00,41.30615,NHITS
2021-08-12 00:00:00,2021-08-12 00:45:00,38.344017,NHITS
2021-08-12 01:00:00,2021-08-12 01:00:00,66.29544,NHITS
2021-08-12 01:00:00,2021-08-12 01:15:00,72.080925,NHITS
2021-08-12 01:00:00,2021-08-12 01:30:00,85.230316,NHITS
2021-08-12 01:00:00,2021-08-12 01:45:00,93.14702,NHITS
2021-08-12 02:00:00,2021-08-12 02:00:00,109.9431,NHITS
2021-08-12 02:00:00,2021-08-12 02:15:00,113.361374,NHITS
2021-08-12 02:00:00,2021-08-12 02:30:00,111.817894,NHITS
2021-08-12 02:00:00,2021-08-12 02:45:00,111.64876,NHITS
2021-08-12 03:00:00,2021-08-12 03:00:00,103.2854,NHITS
2021-08-12 03:00:00,2021-08-12 03:15:00,105.61951,NHITS
2021-08-12 03:00:00,2021-08-12 03:30:00,105.674225,NHITS
2021-08-12 03:00:00,2021-08-12 03:45:00,105.85821,NHITS
2021-08-12 04:00:00,2021-08-12 04:00:00,107.43349,NHITS
2021-08-12 04:00:00,2021-08-12 04:15:00,109.13755,NHITS
2021-08-12 04:00:00,2021-08-12 04:30:00,101.960526,NHITS
2021-08-12 04:00:00,2021-08-12 04:45:00,101.06493,NHITS
2021-08-12 05:00:00,2021-08-12 05:00:00,88.4318,NHITS
2021-08-12 05:00:00,2021-08-12 05:15:00,92.59179,NHITS
2021-08-12 05:00:00,2021-08-12 05:30:00,84.653694,NHITS
2021-08-12 05:00:00,2021-08-12 05:45:00,86.81015,NHITS
2021-08-12 06:00:00,2021-08-12 06:00:00,99.35147,NHITS
2021-08-12 06:00:00,2021-08-12 06:15:00,106.205,NHITS
2021-08-12 06:00:00,2021-08-12 06:30:00,105.89963,NHITS
2021-08-12 06:00:00,2021-08-12 06:45:00,110.02829,NHITS
2021-08-12 07:00:00,2021-08-12 07:00:00,113.77825,NHITS
2021-08-12 07:00:00,2021-08-12 07:15:00,125.91164,NHITS
2021-08-12 07:00:00,2021-08-12 07:30:00,136.28476,NHITS
2021-08-12 07:00:00,2021-08-12 07:45:00,146.27011,NHITS
2021-08-12 08:00:00,2021-08-12 08:00:00,148.08026,NHITS
2021-08-12 08:00:00,2021-08-12 08:15:00,157.58362,NHITS
2021-08-12 08:00:00,2021-08-12 08:30:00,166.87943,NHITS
2021-08-12 08:00:00,2021-08-12 08:45:00,170.7247,NHITS
2021-08-12 09:00:00,2021-08-12 09:00:00,195.53677,NHITS
2021-08-12 09:00:00,2021-08-12 09:15:00,189.47215,NHITS
2021-08-12 09:00:00,2021-08-12 09:30:00,178.99315,NHITS
2021-08-12 09:00:00,2021-08-12 09:45:00,166.3316,NHITS
2021-08-12 10:00:00,2021-08-12 10:00:00,167.01898,NHITS
2021-08-12 10:00:00,2021-08-12 10:15:00,158.23434,NHITS
2021-08-12 10:00:00,2021-08-12 10:30:00,151.1836,NHITS
2021-08-12 10:00:00,2021-08-12 10:45:00,139.37115,NHITS
2021-08-12 11:00:00,2021-08-12 11:00:00,177.92899,NHITS
2021-08-12 11:00:00,2021-08-12 11:15:00,157.05405,NHITS
2021-08-12 11:00:00,2021-08-12 11:30:00,145.81241,NHITS
2021-08-12 11:00:00,2021-08-12 11:45:00,137.2928,NHITS
2021-08-12 12:00:00,2021-08-12 12:00:00,189.66086,NHITS
2021-08-12 12:00:00,2021-08-12 12:15:00,148.44931,NHITS
2021-08-12 12:00:00,2021-08-12 12:30:00,131.7043,NHITS
2021-08-12 12:00:00,2021-08-12 12:45:00,128.58003,NHITS
2021-08-12 13:00:00,2021-08-12 13:00:00,117.003296,NHITS
2021-08-12 13:00:00,2021-08-12 13:15:00,129.44376,NHITS
2021-08-12 13:00:00,2021-08-12 13:30:00,146.93427,NHITS
2021-08-12 13:00:00,2021-08-12 13:45:00,154.0469,NHITS
2021-08-12 14:00:00,2021-08-12 14:00:00,189.58508,NHITS
2021-08-12 14:00:00,2021-08-12 14:15:00,164.06538,NHITS
2021-08-12 14:00:00,2021-08-12 14:30:00,150.10263,NHITS
2021-08-12 14:00:00,2021-08-12 14:45:00,148.67532,NHITS
2021-08-12 15:00:00,2021-08-12 15:00:00,172.24408,NHITS
2021-08-12 15:00:00,2021-08-12 15:15:00,161.12323,NHITS
2021-08-12 15:00:00,2021-08-12 15:30:00,154.84848,NHITS
2021-08-12 15:00:00,2021-08-12 15:45:00,152.0485,NHITS
2021-08-12 16:00:00,2021-08-12 16:00:00,189.05913,NHITS
2021-08-12 16:00:00,2021-08-12 16:15:00,170.59528,NHITS
2021-08-12 16:00:00,2021-08-12 16:30:00,155.10097,NHITS
2021-08-12 16:00:00,2021-08-12 16:45:00,150.35019,NHITS
2021-08-12 17:00:00,2021-08-12 17:00:00,152.65889,NHITS
2021-08-12 17:00:00,2021-08-12 17:15:00,127.43848,NHITS
2021-08-12 17:00:00,2021-08-12 17:30:00,106.123566,NHITS
2021-08-12 17:00:00,2021-08-12 17:45:00,101.97253,NHITS
2021-08-12 18:00:00,2021-08-12 18:00:00,170.9192,NHITS
2021-08-12 18:00:00,2021-08-12 18:15:00,176.28012,NHITS
2021-08-12 18:00:00,2021-08-12 18:30:00,177.4898,NHITS
2021-08-12 18:00:00,2021-08-12 18:45:00,174.10649,NHITS
2021-08-12 19:00:00,2021-08-12 19:00:00,153.6847,NHITS
2021-08-12 19:00:00,2021-08-12 19:15:00,141.45522,NHITS
2021-08-12 19:00:00,2021-08-12 19:30:00,132.55148,NHITS
2021-08-12 19:00:00,2021-08-12 19:45:00,127.22575,NHITS
2021-08-12 20:00:00,2021-08-12 20:00:00,128.17537,NHITS
2021-08-12 20:00:00,2021-08-12 20:15:00,125.97775,NHITS
2021-08-12 20:00:00,2021-08-12 20:30:00,122.16412,NHITS
2021-08-12 20:00:00,2021-08-12 20:45:00,117.990204,NHITS
2021-08-12 21:00:00,2021-08-12 21:00:00,122.6877,NHITS
2021-08-12 21:00:00,2021-08-12 21:15:00,119.3858,NHITS
2021-08-12 21:00:00,2021-08-12 21:30:00,115.9778,NHITS
2021-08-12 21:00:00,2021-08-12 21:45:00,111.82107,NHITS
2021-08-12 22:00:00,2021-08-12 22:00:00,107.114136,NHITS
2021-08-12 22:00:00,2021-08-12 22:15:00,104.192245,NHITS
2021-08-12 22:00:00,2021-08-12 22:30:00,99.18289,NHITS
2021-08-12 22:00:00,2021-08-12 22:45:00,94.71442,NHITS
2021-08-12 23:00:00,2021-08-12 23:00:00,117.68062,NHITS
2021-08-12 23:00:00,2021-08-12 23:15:00,110.68075,NHITS
2021-08-12 23:00:00,2021-08-12 23:30:00,98.58364,NHITS
2021-08-12 23:00:00,2021-08-12 23:45:00,91.04449,NHITS
2021-08-13 00:00:00,2021-08-13 00:00:00,60.4449,NHITS
2021-08-13 00:00:00,2021-08-13 00:15:00,47.400253,NHITS
2021-08-13 00:00:00,2021-08-13 00:30:00,43.4616,NHITS
2021-08-13 00:00:00,2021-08-13 00:45:00,39.159958,NHITS
2021-08-13 01:00:00,2021-08-13 01:00:00,68.76504,NHITS
2021-08-13 01:00:00,2021-08-13 01:15:00,78.494606,NHITS
2021-08-13 01:00:00,2021-08-13 01:30:00,88.31681,NHITS
2021-08-13 01:00:00,2021-08-13 01:45:00,92.726364,NHITS
2021-08-13 02:00:00,2021-08-13 02:00:00,104.643745,NHITS
2021-08-13 02:00:00,2021-08-13 02:15:00,106.15065,NHITS
2021-08-13 02:00:00,2021-08-13 02:30:00,102.15563,NHITS
2021-08-13 02:00:00,2021-08-13 02:45:00,98.83346,NHITS
2021-08-13 03:00:00,2021-08-13 03:00:00,116.981766,NHITS
2021-08-13 03:00:00,2021-08-13 03:15:00,117.303986,NHITS
2021-08-13 03:00:00,2021-08-13 03:30:00,116.8994,NHITS
2021-08-13 03:00:00,2021-08-13 03:45:00,116.91666,NHITS
2021-08-13 04:00:00,2021-08-13 04:00:00,110.41063,NHITS
2021-08-13 04:00:00,2021-08-13 04:15:00,108.54986,NHITS
2021-08-13 04:00:00,2021-08-13 04:30:00,103.34565,NHITS
2021-08-13 04:00:00,2021-08-13 04:45:00,101.82906,NHITS
2021-08-13 05:00:00,2021-08-13 05:00:00,106.18452,NHITS
2021-08-13 05:00:00,2021-08-13 05:15:00,101.65971,NHITS
2021-08-13 05:00:00,2021-08-13 05:30:00,95.342896,NHITS
2021-08-13 05:00:00,2021-08-13 05:45:00,93.86373,NHITS
2021-08-13 06:00:00,2021-08-13 06:00:00,103.88422,NHITS
2021-08-13 06:00:00,2021-08-13 06:15:00,105.270584,NHITS
2021-08-13 06:00:00,2021-08-13 06:30:00,106.441154,NHITS
2021-08-13 06:00:00,2021-08-13 06:45:00,108.65012,NHITS
2021-08-13 07:00:00,2021-08-13 07:00:00,96.53839,NHITS
2021-08-13 07:00:00,2021-08-13 07:15:00,98.89837,NHITS
2021-08-13 07:00:00,2021-08-13 07:30:00,104.61617,NHITS
2021-08-13 07:00:00,2021-08-13 07:45:00,109.30741,NHITS
2021-08-13 08:00:00,2021-08-13 08:00:00,163.23087,NHITS
2021-08-13 08:00:00,2021-08-13 08:15:00,168.79431,NHITS
2021-08-13 08:00:00,2021-08-13 08:30:00,175.53658,NHITS
2021-08-13 08:00:00,2021-08-13 08:45:00,177.5004,NHITS
2021-08-13 09:00:00,2021-08-13 09:00:00,186.31448,NHITS
2021-08-13 09:00:00,2021-08-13 09:15:00,182.75223,NHITS
2021-08-13 09:00:00,2021-08-13 09:30:00,174.86174,NHITS
2021-08-13 09:00:00,2021-08-13 09:45:00,170.2065,NHITS
2021-08-13 10:00:00,2021-08-13 10:00:00,188.12958,NHITS
2021-08-13 10:00:00,2021-08-13 10:15:00,186.5765,NHITS
2021-08-13 10:00:00,2021-08-13 10:30:00,182.99654,NHITS
2021-08-13 10:00:00,2021-08-13 10:45:00,177.23892,NHITS
2021-08-13 11:00:00,2021-08-13 11:00:00,189.86772,NHITS
2021-08-13 11:00:00,2021-08-13 11:15:00,179.75702,NHITS
2021-08-13 11:00:00,2021-08-13 11:30:00,173.82039,NHITS
2021-08-13 11:00:00,2021-08-13 11:45:00,162.48813,NHITS
2021-08-13 12:00:00,2021-08-13 12:00:00,201.31718,NHITS
2021-08-13 12:00:00,2021-08-13 12:15:00,146.81891,NHITS
2021-08-13 12:00:00,2021-08-13 12:30:00,139.47162,NHITS
2021-08-13 12:00:00,2021-08-13 12:45:00,135.55174,NHITS
2021-08-13 13:00:00,2021-08-13 13:00:00,117.649155,NHITS
2021-08-13 13:00:00,2021-08-13 13:15:00,138.9826,NHITS
2021-08-13 13:00:00,2021-08-13 13:30:00,149.12169,NHITS
2021-08-13 13:00:00,2021-08-13 13:45:00,157.19174,NHITS
2021-08-13 14:00:00,2021-08-13 14:00:00,183.21411,NHITS
2021-08-13 14:00:00,2021-08-13 14:15:00,167.20541,NHITS
2021-08-13 14:00:00,2021-08-13 14:30:00,158.54065,NHITS
2021-08-13 14:00:00,2021-08-13 14:45:00,160.76291,NHITS
2021-08-13 15:00:00,2021-08-13 15:00:00,186.46252,NHITS
2021-08-13 15:00:00,2021-08-13 15:15:00,184.08136,NHITS
2021-08-13 15:00:00,2021-08-13 15:30:00,184.28957,NHITS
2021-08-13 15:00:00,2021-08-13 15:45:00,185.97287,NHITS
2021-08-13 16:00:00,2021-08-13 16:00:00,192.39534,NHITS
2021-08-13 16:00:00,2021-08-13 16:15:00,179.66708,NHITS
2021-08-13 16:00:00,2021-08-13 16:30:00,170.77196,NHITS
2021-08-13 16:00:00,2021-08-13 16:45:00,172.29776,NHITS
2021-08-13 17:00:00,2021-08-13 17:00:00,170.2893,NHITS
2021-08-13 17:00:00,2021-08-13 17:15:00,150.94635,NHITS
2021-08-13 17:00:00,2021-08-13 17:30:00,137.0956,NHITS
2021-08-13 17:00:00,2021-08-13 17:45:00,140.38498,NHITS
2021-08-13 18:00:00,2021-08-13 18:00:00,180.46729,NHITS
2021-08-13 18:00:00,2021-08-13 18:15:00,181.17609,NHITS
2021-08-13 18:00:00,2021-08-13 18:30:00,182.05815,NHITS
2021-08-13 18:00:00,2021-08-13 18:45:00,181.13577,NHITS
2021-08-13 19:00:00,2021-08-13 19:00:00,167.22092,NHITS
2021-08-13 19:00:00,2021-08-13 19:15:00,159.83992,NHITS
2021-08-13 19:00:00,2021-08-13 19:30:00,155.08713,NHITS
2021-08-13 19:00:00,2021-08-13 19:45:00,150.33463,NHITS
2021-08-13 20:00:00,2021-08-13 20:00:00,115.82703,NHITS
2021-08-13 20:00:00,2021-08-13 20:15:00,115.15203,NHITS
2021-08-13 20:00:00,2021-08-13 20:30:00,114.24602,NHITS
2021-08-13 20:00:00,2021-08-13 20:45:00,111.31026,NHITS
2021-08-13 21:00:00,2021-08-13 21:00:00,122.77852,NHITS
2021-08-13 21:00:00,2021-08-13 21:15:00,121.90774,NHITS
2021-08-13 21:00:00,2021-08-13 21:30:00,122.949394,NHITS
2021-08-13 21:00:00,2021-08-13 21:45:00,120.30996,NHITS
2021-08-13 22:00:00,2021-08-13 22:00:00,109.079666,NHITS
2021-08-13 22:00:00,2021-08-13 22:15:00,108.807365,NHITS
2021-08-13 22:00:00,2021-08-13 22:30:00,109.977516,NHITS
2021-08-13 22:00:00,2021-08-13 22:45:00,108.74353,NHITS
2021-08-13 23:00:00,2021-08-13 23:00:00,116.37312,NHITS
2021-08-13 23:00:00,2021-08-13 23:15:00,114.18003,NHITS
2021-08-13 23:00:00,2021-08-13 23:30:00,111.47988,NHITS
2021-08-13 23:00:00,2021-08-13 23:45:00,108.70786,NHITS
2021-08-14 00:00:00,2021-08-14 00:00:00,60.187614,NHITS
2021-08-14 00:00:00,2021-08-14 00:15:00,55.04659,NHITS
2021-08-14 00:00:00,2021-08-14 00:30:00,51.53617,NHITS
2021-08-14 00:00:00,2021-08-14 00:45:00,49.98627,NHITS
2021-08-14 01:00:00,2021-08-14 01:00:00,63.695763,NHITS
2021-08-14 01:00:00,2021-08-14 01:15:00,68.0825,NHITS
2021-08-14 01:00:00,2021-08-14 01:30:00,71.08924,NHITS
2021-08-14 01:00:00,2021-08-14 01:45:00,72.33585,NHITS
2021-08-14 02:00:00,2021-08-14 02:00:00,103.32867,NHITS
2021-08-14 02:00:00,2021-08-14 02:15:00,102.72065,NHITS
2021-08-14 02:00:00,2021-08-14 02:30:00,100.41707,NHITS
2021-08-14 02:00:00,2021-08-14 02:45:00,98.70017,NHITS
2021-08-14 03:00:00,2021-08-14 03:00:00,104.85392,NHITS
2021-08-14 03:00:00,2021-08-14 03:15:00,106.230225,NHITS
2021-08-14 03:00:00,2021-08-14 03:30:00,104.903076,NHITS
2021-08-14 03:00:00,2021-08-14 03:45:00,105.40781,NHITS
2021-08-14 04:00:00,2021-08-14 04:00:00,96.48405,NHITS
2021-08-14 04:00:00,2021-08-14 04:15:00,95.84837,NHITS
2021-08-14 04:00:00,2021-08-14 04:30:00,91.54386,NHITS
2021-08-14 04:00:00,2021-08-14 04:45:00,91.528755,NHITS
2021-08-14 05:00:00,2021-08-14 05:00:00,93.96063,NHITS
2021-08-14 05:00:00,2021-08-14 05:15:00,91.28767,NHITS
2021-08-14 05:00:00,2021-08-14 05:30:00,84.52795,NHITS
2021-08-14 05:00:00,2021-08-14 05:45:00,82.818565,NHITS
2021-08-14 06:00:00,2021-08-14 06:00:00,91.46674,NHITS
2021-08-14 06:00:00,2021-08-14 06:15:00,90.75192,NHITS
2021-08-14 06:00:00,2021-08-14 06:30:00,87.724075,NHITS
2021-08-14 06:00:00,2021-08-14 06:45:00,86.94223,NHITS
2021-08-14 07:00:00,2021-08-14 07:00:00,70.152306,NHITS
2021-08-14 07:00:00,2021-08-14 07:15:00,57.637638,NHITS
2021-08-14 07:00:00,2021-08-14 07:30:00,41.55336,NHITS
2021-08-14 07:00:00,2021-08-14 07:45:00,31.057758,NHITS
2021-08-14 08:00:00,2021-08-14 08:00:00,24.772373,NHITS
2021-08-14 08:00:00,2021-08-14 08:15:00,24.005932,NHITS
2021-08-14 08:00:00,2021-08-14 08:30:00,22.004826,NHITS
2021-08-14 08:00:00,2021-08-14 08:45:00,21.338192,NHITS
2021-08-14 09:00:00,2021-08-14 09:00:00,20.533257,NHITS
2021-08-14 09:00:00,2021-08-14 09:15:00,20.232365,NHITS
2021-08-14 09:00:00,2021-08-14 09:30:00,20.606716,NHITS
2021-08-14 09:00:00,2021-08-14 09:45:00,20.658466,NHITS
2021-08-14 10:00:00,2021-08-14 10:00:00,22.422089,NHITS
2021-08-14 10:00:00,2021-08-14 10:15:00,22.625637,NHITS
2021-08-14 10:00:00,2021-08-14 10:30:00,23.730453,NHITS
2021-08-14 10:00:00,2021-08-14 10:45:00,23.978497,NHITS
2021-08-14 11:00:00,2021-08-14 11:00:00,19.420944,NHITS
2021-08-14 11:00:00,2021-08-14 11:15:00,19.429546,NHITS
2021-08-14 11:00:00,2021-08-14 11:30:00,20.033234,NHITS
2021-08-14 11:00:00,2021-08-14 11:45:00,19.787323,NHITS
2021-08-14 12:00:00,2021-08-14 12:00:00,26.118023,NHITS
2021-08-14 12:00:00,2021-08-14 12:15:00,23.548466,NHITS
2021-08-14 12:00:00,2021-08-14 12:30:00,23.936176,NHITS
2021-08-14 12:00:00,2021-08-14 12:45:00,22.829632,NHITS
2021-08-14 13:00:00,2021-08-14 13:00:00,20.426426,NHITS
2021-08-14 13:00:00,2021-08-14 13:15:00,20.467972,NHITS
2021-08-14 13:00:00,2021-08-14 13:30:00,20.918022,NHITS
2021-08-14 13:00:00,2021-08-14 13:45:00,21.010056,NHITS
2021-08-14 14:00:00,2021-08-14 14:00:00,20.393661,NHITS
2021-08-14 14:00:00,2021-08-14 14:15:00,20.468227,NHITS
2021-08-14 14:00:00,2021-08-14 14:30:00,20.355068,NHITS
2021-08-14 14:00:00,2021-08-14 14:45:00,20.171703,NHITS
2021-08-14 15:00:00,2021-08-14 15:00:00,21.712215,NHITS
2021-08-14 15:00:00,2021-08-14 15:15:00,21.885231,NHITS
2021-08-14 15:00:00,2021-08-14 15:30:00,21.870975,NHITS
2021-08-14 15:00:00,2021-08-14 15:45:00,22.047634,NHITS
2021-08-14 16:00:00,2021-08-14 16:00:00,22.886192,NHITS
2021-08-14 16:00:00,2021-08-14 16:15:00,22.838146,NHITS
2021-08-14 16:00:00,2021-08-14 16:30:00,22.78603,NHITS
2021-08-14 16:00:00,2021-08-14 16:45:00,22.608818,NHITS
2021-08-14 17:00:00,2021-08-14 17:00:00,22.099888,NHITS
2021-08-14 17:00:00,2021-08-14 17:15:00,21.935585,NHITS
2021-08-14 17:00:00,2021-08-14 17:30:00,21.6651,NHITS
2021-08-14 17:00:00,2021-08-14 17:45:00,21.48415,NHITS
2021-08-14 18:00:00,2021-08-14 18:00:00,21.703522,NHITS
2021-08-14 18:00:00,2021-08-14 18:15:00,21.550041,NHITS
2021-08-14 18:00:00,2021-08-14 18:30:00,21.460835,NHITS
2021-08-14 18:00:00,2021-08-14 18:45:00,20.692257,NHITS
2021-08-14 19:00:00,2021-08-14 19:00:00,20.743599,NHITS
2021-08-14 19:00:00,2021-08-14 19:15:00,20.563854,NHITS
2021-08-14 19:00:00,2021-08-14 19:30:00,20.564968,NHITS
2021-08-14 19:00:00,2021-08-14 19:45:00,19.749973,NHITS
2021-08-14 20:00:00,2021-08-14 20:00:00,20.890812,NHITS
2021-08-14 20:00:00,2021-08-14 20:15:00,20.839787,NHITS
2021-08-14 20:00:00,2021-08-14 20:30:00,20.85532,NHITS
2021-08-14 20:00:00,2021-08-14 20:45:00,20.57365,NHITS
2021-08-14 21:00:00,2021-08-14 21:00:00,21.879997,NHITS
2021-08-14 21:00:00,2021-08-14 21:15:00,21.95005,NHITS
2021-08-14 21:00:00,2021-08-14 21:30:00,22.465569,NHITS
2021-08-14 21:00:00,2021-08-14 21:45:00,22.019882,NHITS
2021-08-14 22:00:00,2021-08-14 22:00:00,22.291904,NHITS
2021-08-14 22:00:00,2021-08-14 22:15:00,22.440094,NHITS
2021-08-14 22:00:00,2021-08-14 22:30:00,22.649082,NHITS
2021-08-14 22:00:00,2021-08-14 22:45:00,22.606064,NHITS
2021-08-14 23:00:00,2021-08-14 23:00:00,20.020164,NHITS
2021-08-14 23:00:00,2021-08-14 23:15:00,20.075489,NHITS
2021-08-14 23:00:00,2021-08-14 23:30:00,20.283073,NHITS
2021-08-14 23:00:00,2021-08-14 23:45:00,20.3606,NHITS
2021-08-15 00:00:00,2021-08-15 00:00:00,20.353191,NHITS
2021-08-15 00:00:00,2021-08-15 00:15:00,20.854092,NHITS
2021-08-15 00:00:00,2021-08-15 00:30:00,20.212479,NHITS
2021-08-15 00:00:00,2021-08-15 00:45:00,20.21772,NHITS
2021-08-15 01:00:00,2021-08-15 01:00:00,21.703575,NHITS
2021-08-15 01:00:00,2021-08-15 01:15:00,21.384872,NHITS
2021-08-15 01:00:00,2021-08-15 01:30:00,20.849506,NHITS
2021-08-15 01:00:00,2021-08-15 01:45:00,20.576572,NHITS
2021-08-15 02:00:00,2021-08-15 02:00:00,27.595264,NHITS
2021-08-15 02:00:00,2021-08-15 02:15:00,27.189083,NHITS
2021-08-15 02:00:00,2021-08-15 02:30:00,26.786018,NHITS
2021-08-15 02:00:00,2021-08-15 02:45:00,26.193195,NHITS
2021-08-15 03:00:00,2021-08-15 03:00:00,20.784512,NHITS
2021-08-15 03:00:00,2021-08-15 03:15:00,20.472874,NHITS
2021-08-15 03:00:00,2021-08-15 03:30:00,19.926155,NHITS
2021-08-15 03:00:00,2021-08-15 03:45:00,19.092136,NHITS
2021-08-15 04:00:00,2021-08-15 04:00:00,22.003036,NHITS
2021-08-15 04:00:00,2021-08-15 04:15:00,21.705963,NHITS
2021-08-15 04:00:00,2021-08-15 04:30:00,21.097263,NHITS
2021-08-15 04:00:00,2021-08-15 04:45:00,20.257866,NHITS
2021-08-15 05:00:00,2021-08-15 05:00:00,21.870712,NHITS
2021-08-15 05:00:00,2021-08-15 05:15:00,21.786564,NHITS
2021-08-15 05:00:00,2021-08-15 05:30:00,20.921757,NHITS
2021-08-15 05:00:00,2021-08-15 05:45:00,20.349983,NHITS
2021-08-15 06:00:00,2021-08-15 06:00:00,21.360504,NHITS
2021-08-15 06:00:00,2021-08-15 06:15:00,20.692383,NHITS
2021-08-15 06:00:00,2021-08-15 06:30:00,20.298607,NHITS
2021-08-15 06:00:00,2021-08-15 06:45:00,19.666801,NHITS
2021-08-15 07:00:00,2021-08-15 07:00:00,21.070797,NHITS
2021-08-15 07:00:00,2021-08-15 07:15:00,21.038925,NHITS
2021-08-15 07:00:00,2021-08-15 07:30:00,20.557156,NHITS
2021-08-15 07:00:00,2021-08-15 07:45:00,19.962482,NHITS
2021-08-15 08:00:00,2021-08-15 08:00:00,21.779873,NHITS
2021-08-15 08:00:00,2021-08-15 08:15:00,20.8541,NHITS
2021-08-15 08:00:00,2021-08-15 08:30:00,21.084148,NHITS
2021-08-15 08:00:00,2021-08-15 08:45:00,20.65237,NHITS
2021-08-15 09:00:00,2021-08-15 09:00:00,25.983269,NHITS
2021-08-15 09:00:00,2021-08-15 09:15:00,25.679646,NHITS
2021-08-15 09:00:00,2021-08-15 09:30:00,26.328114,NHITS
2021-08-15 09:00:00,2021-08-15 09:45:00,25.889656,NHITS
2021-08-15 10:00:00,2021-08-15 10:00:00,20.900158,NHITS
2021-08-15 10:00:00,2021-08-15 10:15:00,20.347218,NHITS
2021-08-15 10:00:00,2021-08-15 10:30:00,20.969475,NHITS
2021-08-15 10:00:00,2021-08-15 10:45:00,20.736546,NHITS
2021-08-15 11:00:00,2021-08-15 11:00:00,21.10611,NHITS
2021-08-15 11:00:00,2021-08-15 11:15:00,20.48714,NHITS
2021-08-15 11:00:00,2021-08-15 11:30:00,21.112293,NHITS
2021-08-15 11:00:00,2021-08-15 11:45:00,20.547928,NHITS
2021-08-15 12:00:00,2021-08-15 12:00:00,22.541336,NHITS
2021-08-15 12:00:00,2021-08-15 12:15:00,21.770618,NHITS
2021-08-15 12:00:00,2021-08-15 12:30:00,22.094578,NHITS
2021-08-15 12:00:00,2021-08-15 12:45:00,20.957268,NHITS
2021-08-15 13:00:00,2021-08-15 13:00:00,23.966026,NHITS
2021-08-15 13:00:00,2021-08-15 13:15:00,23.504532,NHITS
2021-08-15 13:00:00,2021-08-15 13:30:00,23.872585,NHITS
2021-08-15 13:00:00,2021-08-15 13:45:00,23.25507,NHITS
2021-08-15 14:00:00,2021-08-15 14:00:00,21.751259,NHITS
2021-08-15 14:00:00,2021-08-15 14:15:00,21.724533,NHITS
2021-08-15 14:00:00,2021-08-15 14:30:00,21.53918,NHITS
2021-08-15 14:00:00,2021-08-15 14:45:00,21.47646,NHITS
2021-08-15 15:00:00,2021-08-15 15:00:00,20.480019,NHITS
2021-08-15 15:00:00,2021-08-15 15:15:00,20.39983,NHITS
2021-08-15 15:00:00,2021-08-15 15:30:00,20.473003,NHITS
2021-08-15 15:00:00,2021-08-15 15:45:00,19.752522,NHITS
2021-08-15 16:00:00,2021-08-15 16:00:00,20.64598,NHITS
2021-08-15 16:00:00,2021-08-15 16:15:00,20.753967,NHITS
2021-08-15 16:00:00,2021-08-15 16:30:00,20.570396,NHITS
2021-08-15 16:00:00,2021-08-15 16:45:00,19.970158,NHITS
2021-08-15 17:00:00,2021-08-15 17:00:00,20.75267,NHITS
2021-08-15 17:00:00,2021-08-15 17:15:00,20.86765,NHITS
2021-08-15 17:00:00,2021-08-15 17:30:00,20.566944,NHITS
2021-08-15 17:00:00,2021-08-15 17:45:00,20.031239,NHITS
2021-08-15 18:00:00,2021-08-15 18:00:00,21.718754,NHITS
2021-08-15 18:00:00,2021-08-15 18:15:00,21.765919,NHITS
2021-08-15 18:00:00,2021-08-15 18:30:00,21.866707,NHITS
2021-08-15 18:00:00,2021-08-15 18:45:00,20.944023,NHITS
2021-08-15 19:00:00,2021-08-15 19:00:00,20.872871,NHITS
2021-08-15 19:00:00,2021-08-15 19:15:00,21.383568,NHITS
2021-08-15 19:00:00,2021-08-15 19:30:00,21.234379,NHITS
2021-08-15 19:00:00,2021-08-15 19:45:00,20.789993,NHITS
2021-08-15 20:00:00,2021-08-15 20:00:00,23.7667,NHITS
2021-08-15 20:00:00,2021-08-15 20:15:00,23.81321,NHITS
2021-08-15 20:00:00,2021-08-15 20:30:00,24.317753,NHITS
2021-08-15 20:00:00,2021-08-15 20:45:00,23.943161,NHITS
2021-08-15 21:00:00,2021-08-15 21:00:00,21.357353,NHITS
2021-08-15 21:00:00,2021-08-15 21:15:00,21.584126,NHITS
2021-08-15 21:00:00,2021-08-15 21:30:00,21.845406,NHITS
2021-08-15 21:00:00,2021-08-15 21:45:00,21.71806,NHITS
2021-08-15 22:00:00,2021-08-15 22:00:00,21.075237,NHITS
2021-08-15 22:00:00,2021-08-15 22:15:00,21.15607,NHITS
2021-08-15 22:00:00,2021-08-15 22:30:00,21.333557,NHITS
2021-08-15 22:00:00,2021-08-15 22:45:00,21.38271,NHITS
2021-08-15 23:00:00,2021-08-15 23:00:00,23.009502,NHITS
2021-08-15 23:00:00,2021-08-15 23:15:00,23.103027,NHITS
2021-08-15 23:00:00,2021-08-15 23:30:00,23.295311,NHITS
2021-08-15 23:00:00,2021-08-15 23:45:00,23.33915,NHITS
2021-08-16 00:00:00,2021-08-16 00:00:00,21.864216,NHITS
2021-08-16 00:00:00,2021-08-16 00:15:00,22.554333,NHITS
2021-08-16 00:00:00,2021-08-16 00:30:00,22.053135,NHITS
2021-08-16 00:00:00,2021-08-16 00:45:00,21.941051,NHITS
2021-08-16 01:00:00,2021-08-16 01:00:00,21.031364,NHITS
2021-08-16 01:00:00,2021-08-16 01:15:00,21.249249,NHITS
2021-08-16 01:00:00,2021-08-16 01:30:00,21.05986,NHITS
2021-08-16 01:00:00,2021-08-16 01:45:00,20.746563,NHITS
2021-08-16 02:00:00,2021-08-16 02:00:00,20.861977,NHITS
2021-08-16 02:00:00,2021-08-16 02:15:00,21.26186,NHITS
2021-08-16 02:00:00,2021-08-16 02:30:00,21.130013,NHITS
2021-08-16 02:00:00,2021-08-16 02:45:00,21.206642,NHITS
2021-08-16 03:00:00,2021-08-16 03:00:00,23.877068,NHITS
2021-08-16 03:00:00,2021-08-16 03:15:00,24.301228,NHITS
2021-08-16 03:00:00,2021-08-16 03:30:00,23.909073,NHITS
2021-08-16 03:00:00,2021-08-16 03:45:00,24.091457,NHITS
2021-08-16 04:00:00,2021-08-16 04:00:00,20.754593,NHITS
2021-08-16 04:00:00,2021-08-16 04:15:00,21.116753,NHITS
2021-08-16 04:00:00,2021-08-16 04:30:00,20.953362,NHITS
2021-08-16 04:00:00,2021-08-16 04:45:00,20.99469,NHITS
2021-08-16 05:00:00,2021-08-16 05:00:00,21.888157,NHITS
2021-08-16 05:00:00,2021-08-16 05:15:00,22.145668,NHITS
2021-08-16 05:00:00,2021-08-16 05:30:00,22.009579,NHITS
2021-08-16 05:00:00,2021-08-16 05:45:00,22.7612,NHITS
2021-08-16 06:00:00,2021-08-16 06:00:00,21.713627,NHITS
2021-08-16 06:00:00,2021-08-16 06:15:00,22.309784,NHITS
2021-08-16 06:00:00,2021-08-16 06:30:00,22.353176,NHITS
2021-08-16 06:00:00,2021-08-16 06:45:00,22.964653,NHITS
2021-08-16 07:00:00,2021-08-16 07:00:00,23.39981,NHITS
2021-08-16 07:00:00,2021-08-16 07:15:00,49.099903,NHITS
2021-08-16 07:00:00,2021-08-16 07:30:00,98.243195,NHITS
2021-08-16 07:00:00,2021-08-16 07:45:00,123.663765,NHITS
2021-08-16 08:00:00,2021-08-16 08:00:00,184.96945,NHITS
2021-08-16 08:00:00,2021-08-16 08:15:00,197.88275,NHITS
2021-08-16 08:00:00,2021-08-16 08:30:00,203.87955,NHITS
2021-08-16 08:00:00,2021-08-16 08:45:00,205.01064,NHITS
2021-08-16 09:00:00,2021-08-16 09:00:00,175.99196,NHITS
2021-08-16 09:00:00,2021-08-16 09:15:00,176.2601,NHITS
2021-08-16 09:00:00,2021-08-16 09:30:00,175.02827,NHITS
2021-08-16 09:00:00,2021-08-16 09:45:00,172.10739,NHITS
2021-08-16 10:00:00,2021-08-16 10:00:00,174.22934,NHITS
2021-08-16 10:00:00,2021-08-16 10:15:00,178.23813,NHITS
2021-08-16 10:00:00,2021-08-16 10:30:00,182.22571,NHITS
2021-08-16 10:00:00,2021-08-16 10:45:00,185.13205,NHITS
2021-08-16 11:00:00,2021-08-16 11:00:00,153.78093,NHITS
2021-08-16 11:00:00,2021-08-16 11:15:00,158.43701,NHITS
2021-08-16 11:00:00,2021-08-16 11:30:00,157.71999,NHITS
2021-08-16 11:00:00,2021-08-16 11:45:00,151.29068,NHITS
2021-08-16 12:00:00,2021-08-16 12:00:00,131.12643,NHITS
2021-08-16 12:00:00,2021-08-16 12:15:00,96.11088,NHITS
2021-08-16 12:00:00,2021-08-16 12:30:00,79.33438,NHITS
2021-08-16 12:00:00,2021-08-16 12:45:00,72.2108,NHITS
2021-08-16 13:00:00,2021-08-16 13:00:00,129.5141,NHITS
2021-08-16 13:00:00,2021-08-16 13:15:00,162.1462,NHITS
2021-08-16 13:00:00,2021-08-16 13:30:00,179.99304,NHITS
2021-08-16 13:00:00,2021-08-16 13:45:00,184.74603,NHITS
2021-08-16 14:00:00,2021-08-16 14:00:00,162.8074,NHITS
2021-08-16 14:00:00,2021-08-16 14:15:00,163.00145,NHITS
2021-08-16 14:00:00,2021-08-16 14:30:00,145.87622,NHITS
2021-08-16 14:00:00,2021-08-16 14:45:00,140.83188,NHITS
2021-08-16 15:00:00,2021-08-16 15:00:00,145.9377,NHITS
2021-08-16 15:00:00,2021-08-16 15:15:00,146.59987,NHITS
2021-08-16 15:00:00,2021-08-16 15:30:00,145.52963,NHITS
2021-08-16 15:00:00,2021-08-16 15:45:00,149.87369,NHITS
2021-08-16 16:00:00,2021-08-16 16:00:00,132.9276,NHITS
2021-08-16 16:00:00,2021-08-16 16:15:00,128.36893,NHITS
2021-08-16 16:00:00,2021-08-16 16:30:00,122.098434,NHITS
2021-08-16 16:00:00,2021-08-16 16:45:00,120.76605,NHITS
2021-08-16 17:00:00,2021-08-16 17:00:00,102.26765,NHITS
2021-08-16 17:00:00,2021-08-16 17:15:00,94.10199,NHITS
2021-08-16 17:00:00,2021-08-16 17:30:00,94.144394,NHITS
2021-08-16 17:00:00,2021-08-16 17:45:00,103.13091,NHITS
2021-08-16 18:00:00,2021-08-16 18:00:00,95.38708,NHITS
2021-08-16 18:00:00,2021-08-16 18:15:00,96.78718,NHITS
2021-08-16 18:00:00,2021-08-16 18:30:00,92.74862,NHITS
2021-08-16 18:00:00,2021-08-16 18:45:00,89.96776,NHITS
2021-08-16 19:00:00,2021-08-16 19:00:00,84.76996,NHITS
2021-08-16 19:00:00,2021-08-16 19:15:00,81.50459,NHITS
2021-08-16 19:00:00,2021-08-16 19:30:00,71.91028,NHITS
2021-08-16 19:00:00,2021-08-16 19:45:00,66.36205,NHITS
2021-08-16 20:00:00,2021-08-16 20:00:00,76.519905,NHITS
2021-08-16 20:00:00,2021-08-16 20:15:00,78.12945,NHITS
2021-08-16 20:00:00,2021-08-16 20:30:00,81.42246,NHITS
2021-08-16 20:00:00,2021-08-16 20:45:00,81.391136,NHITS
2021-08-16 21:00:00,2021-08-16 21:00:00,102.77341,NHITS
2021-08-16 21:00:00,2021-08-16 21:15:00,103.596115,NHITS
2021-08-16 21:00:00,2021-08-16 21:30:00,99.27476,NHITS
2021-08-16 21:00:00,2021-08-16 21:45:00,95.49658,NHITS
2021-08-16 22:00:00,2021-08-16 22:00:00,109.026505,NHITS
2021-08-16 22:00:00,2021-08-16 22:15:00,110.73633,NHITS
2021-08-16 22:00:00,2021-08-16 22:30:00,112.54181,NHITS
2021-08-16 22:00:00,2021-08-16 22:45:00,109.43434,NHITS
2021-08-16 23:00:00,2021-08-16 23:00:00,100.84727,NHITS
2021-08-16 23:00:00,2021-08-16 23:15:00,94.79286,NHITS
2021-08-16 23:00:00,2021-08-16 23:30:00,84.91837,NHITS
2021-08-16 23:00:00,2021-08-16 23:45:00,72.34778,NHITS
2021-08-17 00:00:00,2021-08-17 00:00:00,69.73557,NHITS
2021-08-17 00:00:00,2021-08-17 00:15:00,62.780106,NHITS
2021-08-17 00:00:00,2021-08-17 00:30:00,62.865654,NHITS
2021-08-17 00:00:00,2021-08-17 00:45:00,69.59977,NHITS
2021-08-17 01:00:00,2021-08-17 01:00:00,81.16869,NHITS
2021-08-17 01:00:00,2021-08-17 01:15:00,100.075,NHITS
2021-08-17 01:00:00,2021-08-17 01:30:00,108.02493,NHITS
2021-08-17 01:00:00,2021-08-17 01:45:00,111.911064,NHITS
2021-08-17 02:00:00,2021-08-17 02:00:00,99.989235,NHITS
2021-08-17 02:00:00,2021-08-17 02:15:00,100.36369,NHITS
2021-08-17 02:00:00,2021-08-17 02:30:00,95.00908,NHITS
2021-08-17 02:00:00,2021-08-17 02:45:00,92.59342,NHITS
2021-08-17 03:00:00,2021-08-17 03:00:00,99.20414,NHITS
2021-08-17 03:00:00,2021-08-17 03:15:00,99.45576,NHITS
2021-08-17 03:00:00,2021-08-17 03:30:00,102.994385,NHITS
2021-08-17 03:00:00,2021-08-17 03:45:00,104.39804,NHITS
2021-08-17 04:00:00,2021-08-17 04:00:00,90.265724,NHITS
2021-08-17 04:00:00,2021-08-17 04:15:00,85.78959,NHITS
2021-08-17 04:00:00,2021-08-17 04:30:00,82.00418,NHITS
2021-08-17 04:00:00,2021-08-17 04:45:00,79.13099,NHITS
2021-08-17 05:00:00,2021-08-17 05:00:00,86.98019,NHITS
2021-08-17 05:00:00,2021-08-17 05:15:00,83.09307,NHITS
2021-08-17 05:00:00,2021-08-17 05:30:00,86.56264,NHITS
2021-08-17 05:00:00,2021-08-17 05:45:00,89.898224,NHITS
2021-08-17 06:00:00,2021-08-17 06:00:00,104.70323,NHITS
2021-08-17 06:00:00,2021-08-17 06:15:00,107.02113,NHITS
2021-08-17 06:00:00,2021-08-17 06:30:00,107.76687,NHITS
2021-08-17 06:00:00,2021-08-17 06:45:00,110.77337,NHITS
2021-08-17 07:00:00,2021-08-17 07:00:00,104.87861,NHITS
2021-08-17 07:00:00,2021-08-17 07:15:00,118.25166,NHITS
2021-08-17 07:00:00,2021-08-17 07:30:00,138.22903,NHITS
2021-08-17 07:00:00,2021-08-17 07:45:00,155.11719,NHITS
2021-08-17 08:00:00,2021-08-17 08:00:00,167.04399,NHITS
2021-08-17 08:00:00,2021-08-17 08:15:00,175.3602,NHITS
2021-08-17 08:00:00,2021-08-17 08:30:00,175.69623,NHITS
2021-08-17 08:00:00,2021-08-17 08:45:00,174.73788,NHITS
2021-08-17 09:00:00,2021-08-17 09:00:00,159.34616,NHITS
2021-08-17 09:00:00,2021-08-17 09:15:00,156.21945,NHITS
2021-08-17 09:00:00,2021-08-17 09:30:00,156.44104,NHITS
2021-08-17 09:00:00,2021-08-17 09:45:00,155.91104,NHITS
2021-08-17 10:00:00,2021-08-17 10:00:00,175.68033,NHITS
2021-08-17 10:00:00,2021-08-17 10:15:00,177.6774,NHITS
2021-08-17 10:00:00,2021-08-17 10:30:00,188.40909,NHITS
2021-08-17 10:00:00,2021-08-17 10:45:00,193.91504,NHITS
2021-08-17 11:00:00,2021-08-17 11:00:00,166.32724,NHITS
2021-08-17 11:00:00,2021-08-17 11:15:00,166.4456,NHITS
2021-08-17 11:00:00,2021-08-17 11:30:00,168.3064,NHITS
2021-08-17 11:00:00,2021-08-17 11:45:00,164.24869,NHITS
2021-08-17 12:00:00,2021-08-17 12:00:00,151.45114,NHITS
2021-08-17 12:00:00,2021-08-17 12:15:00,104.46537,NHITS
2021-08-17 12:00:00,2021-08-17 12:30:00,88.08948,NHITS
2021-08-17 12:00:00,2021-08-17 12:45:00,85.24319,NHITS
2021-08-17 13:00:00,2021-08-17 13:00:00,162.39503,NHITS
2021-08-17 13:00:00,2021-08-17 13:15:00,195.79886,NHITS
2021-08-17 13:00:00,2021-08-17 13:30:00,213.83846,NHITS
2021-08-17 13:00:00,2021-08-17 13:45:00,220.19928,NHITS
2021-08-17 14:00:00,2021-08-17 14:00:00,172.69174,NHITS
2021-08-17 14:00:00,2021-08-17 14:15:00,171.54947,NHITS
2021-08-17 14:00:00,2021-08-17 14:30:00,157.03654,NHITS
2021-08-17 14:00:00,2021-08-17 14:45:00,152.95535,NHITS
2021-08-17 15:00:00,2021-08-17 15:00:00,156.9674,NHITS
2021-08-17 15:00:00,2021-08-17 15:15:00,157.35416,NHITS
2021-08-17 15:00:00,2021-08-17 15:30:00,157.29985,NHITS
2021-08-17 15:00:00,2021-08-17 15:45:00,162.0037,NHITS
2021-08-17 16:00:00,2021-08-17 16:00:00,167.63756,NHITS
2021-08-17 16:00:00,2021-08-17 16:15:00,161.0574,NHITS
2021-08-17 16:00:00,2021-08-17 16:30:00,156.3071,NHITS
2021-08-17 16:00:00,2021-08-17 16:45:00,156.40936,NHITS
2021-08-17 17:00:00,2021-08-17 17:00:00,133.71902,NHITS
2021-08-17 17:00:00,2021-08-17 17:15:00,122.17081,NHITS
2021-08-17 17:00:00,2021-08-17 17:30:00,125.21138,NHITS
2021-08-17 17:00:00,2021-08-17 17:45:00,137.6998,NHITS
2021-08-17 18:00:00,2021-08-17 18:00:00,133.54903,NHITS
2021-08-17 18:00:00,2021-08-17 18:15:00,133.71251,NHITS
2021-08-17 18:00:00,2021-08-17 18:30:00,133.97049,NHITS
2021-08-17 18:00:00,2021-08-17 18:45:00,131.57202,NHITS
2021-08-17 19:00:00,2021-08-17 19:00:00,154.68227,NHITS
2021-08-17 19:00:00,2021-08-17 19:15:00,151.40582,NHITS
2021-08-17 19:00:00,2021-08-17 19:30:00,147.6919,NHITS
2021-08-17 19:00:00,2021-08-17 19:45:00,142.55925,NHITS
2021-08-17 20:00:00,2021-08-17 20:00:00,108.726814,NHITS
2021-08-17 20:00:00,2021-08-17 20:15:00,106.559425,NHITS
2021-08-17 20:00:00,2021-08-17 20:30:00,104.60828,NHITS
2021-08-17 20:00:00,2021-08-17 20:45:00,100.582466,NHITS
2021-08-17 21:00:00,2021-08-17 21:00:00,117.384415,NHITS
2021-08-17 21:00:00,2021-08-17 21:15:00,117.054596,NHITS
2021-08-17 21:00:00,2021-08-17 21:30:00,114.257065,NHITS
2021-08-17 21:00:00,2021-08-17 21:45:00,110.732834,NHITS
2021-08-17 22:00:00,2021-08-17 22:00:00,113.83958,NHITS
2021-08-17 22:00:00,2021-08-17 22:15:00,113.028595,NHITS
2021-08-17 22:00:00,2021-08-17 22:30:00,111.59305,NHITS
2021-08-17 22:00:00,2021-08-17 22:45:00,105.23848,NHITS
2021-08-17 23:00:00,2021-08-17 23:00:00,120.64937,NHITS
2021-08-17 23:00:00,2021-08-17 23:15:00,114.78209,NHITS
2021-08-17 23:00:00,2021-08-17 23:30:00,104.8627,NHITS
2021-08-17 23:00:00,2021-08-17 23:45:00,91.15454,NHITS
2021-08-18 00:00:00,2021-08-18 00:00:00,70.80574,NHITS
2021-08-18 00:00:00,2021-08-18 00:15:00,62.485115,NHITS
2021-08-18 00:00:00,2021-08-18 00:30:00,61.61775,NHITS
2021-08-18 00:00:00,2021-08-18 00:45:00,64.81088,NHITS
2021-08-18 01:00:00,2021-08-18 01:00:00,75.708565,NHITS
2021-08-18 01:00:00,2021-08-18 01:15:00,91.44706,NHITS
2021-08-18 01:00:00,2021-08-18 01:30:00,97.58617,NHITS
2021-08-18 01:00:00,2021-08-18 01:45:00,102.0052,NHITS
2021-08-18 02:00:00,2021-08-18 02:00:00,104.28677,NHITS
2021-08-18 02:00:00,2021-08-18 02:15:00,102.33526,NHITS
2021-08-18 02:00:00,2021-08-18 02:30:00,96.19792,NHITS
2021-08-18 02:00:00,2021-08-18 02:45:00,95.88915,NHITS
2021-08-18 03:00:00,2021-08-18 03:00:00,103.02177,NHITS
2021-08-18 03:00:00,2021-08-18 03:15:00,105.04925,NHITS
2021-08-18 03:00:00,2021-08-18 03:30:00,108.68861,NHITS
2021-08-18 03:00:00,2021-08-18 03:45:00,112.10135,NHITS
2021-08-18 04:00:00,2021-08-18 04:00:00,97.76058,NHITS
2021-08-18 04:00:00,2021-08-18 04:15:00,92.95685,NHITS
2021-08-18 04:00:00,2021-08-18 04:30:00,90.869705,NHITS
2021-08-18 04:00:00,2021-08-18 04:45:00,91.620674,NHITS
2021-08-18 05:00:00,2021-08-18 05:00:00,85.817635,NHITS
2021-08-18 05:00:00,2021-08-18 05:15:00,81.82122,NHITS
2021-08-18 05:00:00,2021-08-18 05:30:00,85.93184,NHITS
2021-08-18 05:00:00,2021-08-18 05:45:00,93.12636,NHITS
2021-08-18 06:00:00,2021-08-18 06:00:00,100.599075,NHITS
2021-08-18 06:00:00,2021-08-18 06:15:00,103.97237,NHITS
2021-08-18 06:00:00,2021-08-18 06:30:00,104.73233,NHITS
2021-08-18 06:00:00,2021-08-18 06:45:00,108.39218,NHITS
2021-08-18 07:00:00,2021-08-18 07:00:00,110.65479,NHITS
2021-08-18 07:00:00,2021-08-18 07:15:00,120.989845,NHITS
2021-08-18 07:00:00,2021-08-18 07:30:00,136.8334,NHITS
2021-08-18 07:00:00,2021-08-18 07:45:00,152.97296,NHITS
2021-08-18 08:00:00,2021-08-18 08:00:00,158.34882,NHITS
2021-08-18 08:00:00,2021-08-18 08:15:00,170.88629,NHITS
2021-08-18 08:00:00,2021-08-18 08:30:00,175.96655,NHITS
2021-08-18 08:00:00,2021-08-18 08:45:00,176.27872,NHITS
2021-08-18 09:00:00,2021-08-18 09:00:00,170.00742,NHITS
2021-08-18 09:00:00,2021-08-18 09:15:00,167.05263,NHITS
2021-08-18 09:00:00,2021-08-18 09:30:00,166.10318,NHITS
2021-08-18 09:00:00,2021-08-18 09:45:00,166.0802,NHITS
2021-08-18 10:00:00,2021-08-18 10:00:00,171.7547,NHITS
2021-08-18 10:00:00,2021-08-18 10:15:00,167.81305,NHITS
2021-08-18 10:00:00,2021-08-18 10:30:00,171.7996,NHITS
2021-08-18 10:00:00,2021-08-18 10:45:00,173.71959,NHITS
2021-08-18 11:00:00,2021-08-18 11:00:00,177.38664,NHITS
2021-08-18 11:00:00,2021-08-18 11:15:00,176.51305,NHITS
2021-08-18 11:00:00,2021-08-18 11:30:00,178.69263,NHITS
2021-08-18 11:00:00,2021-08-18 11:45:00,176.84985,NHITS
2021-08-18 12:00:00,2021-08-18 12:00:00,142.38344,NHITS
2021-08-18 12:00:00,2021-08-18 12:15:00,101.63745,NHITS
2021-08-18 12:00:00,2021-08-18 12:30:00,85.93406,NHITS
2021-08-18 12:00:00,2021-08-18 12:45:00,84.70741,NHITS
2021-08-18 13:00:00,2021-08-18 13:00:00,142.3504,NHITS
2021-08-18 13:00:00,2021-08-18 13:15:00,176.84538,NHITS
2021-08-18 13:00:00,2021-08-18 13:30:00,195.35025,NHITS
2021-08-18 13:00:00,2021-08-18 13:45:00,200.92253,NHITS
2021-08-18 14:00:00,2021-08-18 14:00:00,189.04442,NHITS
2021-08-18 14:00:00,2021-08-18 14:15:00,189.31972,NHITS
2021-08-18 14:00:00,2021-08-18 14:30:00,169.69583,NHITS
2021-08-18 14:00:00,2021-08-18 14:45:00,162.61621,NHITS
2021-08-18 15:00:00,2021-08-18 15:00:00,185.79138,NHITS
2021-08-18 15:00:00,2021-08-18 15:15:00,184.93863,NHITS
2021-08-18 15:00:00,2021-08-18 15:30:00,179.12097,NHITS
2021-08-18 15:00:00,2021-08-18 15:45:00,178.7938,NHITS
2021-08-18 16:00:00,2021-08-18 16:00:00,178.93488,NHITS
2021-08-18 16:00:00,2021-08-18 16:15:00,175.62012,NHITS
2021-08-18 16:00:00,2021-08-18 16:30:00,172.70367,NHITS
2021-08-18 16:00:00,2021-08-18 16:45:00,172.21744,NHITS
2021-08-18 17:00:00,2021-08-18 17:00:00,140.1037,NHITS
2021-08-18 17:00:00,2021-08-18 17:15:00,135.17453,NHITS
2021-08-18 17:00:00,2021-08-18 17:30:00,144.50716,NHITS
2021-08-18 17:00:00,2021-08-18 17:45:00,157.45082,NHITS
2021-08-18 18:00:00,2021-08-18 18:00:00,185.69913,NHITS
2021-08-18 18:00:00,2021-08-18 18:15:00,184.07031,NHITS
2021-08-18 18:00:00,2021-08-18 18:30:00,183.64053,NHITS
2021-08-18 18:00:00,2021-08-18 18:45:00,180.09932,NHITS
2021-08-18 19:00:00,2021-08-18 19:00:00,145.95757,NHITS
2021-08-18 19:00:00,2021-08-18 19:15:00,137.5231,NHITS
2021-08-18 19:00:00,2021-08-18 19:30:00,127.003586,NHITS
2021-08-18 19:00:00,2021-08-18 19:45:00,117.563126,NHITS
2021-08-18 20:00:00,2021-08-18 20:00:00,109.78706,NHITS
2021-08-18 20:00:00,2021-08-18 20:15:00,108.051094,NHITS
2021-08-18 20:00:00,2021-08-18 20:30:00,110.77268,NHITS
2021-08-18 20:00:00,2021-08-18 20:45:00,108.894424,NHITS
2021-08-18 21:00:00,2021-08-18 21:00:00,118.70066,NHITS
2021-08-18 21:00:00,2021-08-18 21:15:00,116.79274,NHITS
2021-08-18 21:00:00,2021-08-18 21:30:00,110.439156,NHITS
2021-08-18 21:00:00,2021-08-18 21:45:00,106.159004,NHITS
2021-08-18 22:00:00,2021-08-18 22:00:00,123.080696,NHITS
2021-08-18 22:00:00,2021-08-18 22:15:00,124.349655,NHITS
2021-08-18 22:00:00,2021-08-18 22:30:00,124.67839,NHITS
2021-08-18 22:00:00,2021-08-18 22:45:00,121.84898,NHITS
2021-08-18 23:00:00,2021-08-18 23:00:00,105.79603,NHITS
2021-08-18 23:00:00,2021-08-18 23:15:00,101.7819,NHITS
2021-08-18 23:00:00,2021-08-18 23:30:00,91.91093,NHITS
2021-08-18 23:00:00,2021-08-18 23:45:00,79.30384,NHITS
2021-08-19 00:00:00,2021-08-19 00:00:00,79.1684,NHITS
2021-08-19 00:00:00,2021-08-19 00:15:00,71.51274,NHITS
2021-08-19 00:00:00,2021-08-19 00:30:00,68.90459,NHITS
2021-08-19 00:00:00,2021-08-19 00:45:00,74.28352,NHITS
2021-08-19 01:00:00,2021-08-19 01:00:00,74.49022,NHITS
2021-08-19 01:00:00,2021-08-19 01:15:00,87.06504,NHITS
2021-08-19 01:00:00,2021-08-19 01:30:00,93.91065,NHITS
2021-08-19 01:00:00,2021-08-19 01:45:00,98.561775,NHITS
2021-08-19 02:00:00,2021-08-19 02:00:00,114.31562,NHITS
2021-08-19 02:00:00,2021-08-19 02:15:00,113.204575,NHITS
2021-08-19 02:00:00,2021-08-19 02:30:00,109.15294,NHITS
2021-08-19 02:00:00,2021-08-19 02:45:00,107.907,NHITS
2021-08-19 03:00:00,2021-08-19 03:00:00,113.14221,NHITS
2021-08-19 03:00:00,2021-08-19 03:15:00,113.541534,NHITS
2021-08-19 03:00:00,2021-08-19 03:30:00,117.38726,NHITS
2021-08-19 03:00:00,2021-08-19 03:45:00,120.05253,NHITS
2021-08-19 04:00:00,2021-08-19 04:00:00,110.39679,NHITS
2021-08-19 04:00:00,2021-08-19 04:15:00,106.00116,NHITS
2021-08-19 04:00:00,2021-08-19 04:30:00,102.85516,NHITS
2021-08-19 04:00:00,2021-08-19 04:45:00,101.68251,NHITS
2021-08-19 05:00:00,2021-08-19 05:00:00,90.78626,NHITS
2021-08-19 05:00:00,2021-08-19 05:15:00,88.93584,NHITS
2021-08-19 05:00:00,2021-08-19 05:30:00,92.740135,NHITS
2021-08-19 05:00:00,2021-08-19 05:45:00,98.314285,NHITS
2021-08-19 06:00:00,2021-08-19 06:00:00,107.540375,NHITS
2021-08-19 06:00:00,2021-08-19 06:15:00,110.58011,NHITS
2021-08-19 06:00:00,2021-08-19 06:30:00,109.74324,NHITS
2021-08-19 06:00:00,2021-08-19 06:45:00,113.19877,NHITS
2021-08-19 07:00:00,2021-08-19 07:00:00,99.714516,NHITS
2021-08-19 07:00:00,2021-08-19 07:15:00,109.75663,NHITS
2021-08-19 07:00:00,2021-08-19 07:30:00,126.397766,NHITS
2021-08-19 07:00:00,2021-08-19 07:45:00,142.379,NHITS
2021-08-19 08:00:00,2021-08-19 08:00:00,163.00177,NHITS
2021-08-19 08:00:00,2021-08-19 08:15:00,174.04758,NHITS
2021-08-19 08:00:00,2021-08-19 08:30:00,180.47726,NHITS
2021-08-19 08:00:00,2021-08-19 08:45:00,180.64148,NHITS
2021-08-19 09:00:00,2021-08-19 09:00:00,160.93214,NHITS
2021-08-19 09:00:00,2021-08-19 09:15:00,157.0451,NHITS
2021-08-19 09:00:00,2021-08-19 09:30:00,159.21565,NHITS
2021-08-19 09:00:00,2021-08-19 09:45:00,157.8353,NHITS
2021-08-19 10:00:00,2021-08-19 10:00:00,185.1148,NHITS
2021-08-19 10:00:00,2021-08-19 10:15:00,184.42218,NHITS
2021-08-19 10:00:00,2021-08-19 10:30:00,190.50873,NHITS
2021-08-19 10:00:00,2021-08-19 10:45:00,192.49939,NHITS
2021-08-19 11:00:00,2021-08-19 11:00:00,177.26674,NHITS
2021-08-19 11:00:00,2021-08-19 11:15:00,177.15948,NHITS
2021-08-19 11:00:00,2021-08-19 11:30:00,180.79248,NHITS
2021-08-19 11:00:00,2021-08-19 11:45:00,178.95067,NHITS
2021-08-19 12:00:00,2021-08-19 12:00:00,143.8367,NHITS
2021-08-19 12:00:00,2021-08-19 12:15:00,106.64217,NHITS
2021-08-19 12:00:00,2021-08-19 12:30:00,90.892975,NHITS
2021-08-19 12:00:00,2021-08-19 12:45:00,89.25215,NHITS
2021-08-19 13:00:00,2021-08-19 13:00:00,145.18976,NHITS
2021-08-19 13:00:00,2021-08-19 13:15:00,179.11716,NHITS
2021-08-19 13:00:00,2021-08-19 13:30:00,194.76965,NHITS
2021-08-19 13:00:00,2021-08-19 13:45:00,200.50967,NHITS
2021-08-19 14:00:00,2021-08-19 14:00:00,184.28308,NHITS
2021-08-19 14:00:00,2021-08-19 14:15:00,183.64803,NHITS
2021-08-19 14:00:00,2021-08-19 14:30:00,163.68646,NHITS
2021-08-19 14:00:00,2021-08-19 14:45:00,157.00964,NHITS
2021-08-19 15:00:00,2021-08-19 15:00:00,184.32825,NHITS
2021-08-19 15:00:00,2021-08-19 15:15:00,184.17159,NHITS
2021-08-19 15:00:00,2021-08-19 15:30:00,181.43689,NHITS
2021-08-19 15:00:00,2021-08-19 15:45:00,182.94617,NHITS
2021-08-19 16:00:00,2021-08-19 16:00:00,170.90051,NHITS
2021-08-19 16:00:00,2021-08-19 16:15:00,162.55725,NHITS
2021-08-19 16:00:00,2021-08-19 16:30:00,150.19907,NHITS
2021-08-19 16:00:00,2021-08-19 16:45:00,144.90056,NHITS
2021-08-19 17:00:00,2021-08-19 17:00:00,139.63914,NHITS
2021-08-19 17:00:00,2021-08-19 17:15:00,134.82428,NHITS
2021-08-19 17:00:00,2021-08-19 17:30:00,147.75763,NHITS
2021-08-19 17:00:00,2021-08-19 17:45:00,156.89209,NHITS
2021-08-19 18:00:00,2021-08-19 18:00:00,159.72209,NHITS
2021-08-19 18:00:00,2021-08-19 18:15:00,160.40399,NHITS
2021-08-19 18:00:00,2021-08-19 18:30:00,160.29428,NHITS
2021-08-19 18:00:00,2021-08-19 18:45:00,156.83624,NHITS
2021-08-19 19:00:00,2021-08-19 19:00:00,156.48502,NHITS
2021-08-19 19:00:00,2021-08-19 19:15:00,152.88028,NHITS
2021-08-19 19:00:00,2021-08-19 19:30:00,148.71704,NHITS
2021-08-19 19:00:00,2021-08-19 19:45:00,142.6341,NHITS
2021-08-19 20:00:00,2021-08-19 20:00:00,116.545815,NHITS
2021-08-19 20:00:00,2021-08-19 20:15:00,114.948524,NHITS
2021-08-19 20:00:00,2021-08-19 20:30:00,116.37067,NHITS
2021-08-19 20:00:00,2021-08-19 20:45:00,113.41709,NHITS
2021-08-19 21:00:00,2021-08-19 21:00:00,126.589645,NHITS
2021-08-19 21:00:00,2021-08-19 21:15:00,125.72035,NHITS
2021-08-19 21:00:00,2021-08-19 21:30:00,122.27304,NHITS
2021-08-19 21:00:00,2021-08-19 21:45:00,118.232506,NHITS
2021-08-19 22:00:00,2021-08-19 22:00:00,121.02014,NHITS
2021-08-19 22:00:00,2021-08-19 22:15:00,123.03112,NHITS
2021-08-19 22:00:00,2021-08-19 22:30:00,122.6393,NHITS
2021-08-19 22:00:00,2021-08-19 22:45:00,119.49212,NHITS
2021-08-19 23:00:00,2021-08-19 23:00:00,114.85808,NHITS
2021-08-19 23:00:00,2021-08-19 23:15:00,112.763245,NHITS
2021-08-19 23:00:00,2021-08-19 23:30:00,106.03871,NHITS
2021-08-19 23:00:00,2021-08-19 23:45:00,94.520386,NHITS
2021-08-20 00:00:00,2021-08-20 00:00:00,85.87738,NHITS
2021-08-20 00:00:00,2021-08-20 00:15:00,77.64401,NHITS
2021-08-20 00:00:00,2021-08-20 00:30:00,73.361404,NHITS
2021-08-20 00:00:00,2021-08-20 00:45:00,75.452156,NHITS
2021-08-20 01:00:00,2021-08-20 01:00:00,74.60145,NHITS
2021-08-20 01:00:00,2021-08-20 01:15:00,85.85591,NHITS
2021-08-20 01:00:00,2021-08-20 01:30:00,93.335335,NHITS
2021-08-20 01:00:00,2021-08-20 01:45:00,96.04143,NHITS
2021-08-20 02:00:00,2021-08-20 02:00:00,99.788025,NHITS
2021-08-20 02:00:00,2021-08-20 02:15:00,100.06946,NHITS
2021-08-20 02:00:00,2021-08-20 02:30:00,98.90688,NHITS
2021-08-20 02:00:00,2021-08-20 02:45:00,97.98881,NHITS
2021-08-20 03:00:00,2021-08-20 03:00:00,106.18842,NHITS
2021-08-20 03:00:00,2021-08-20 03:15:00,106.77488,NHITS
2021-08-20 03:00:00,2021-08-20 03:30:00,109.84325,NHITS
2021-08-20 03:00:00,2021-08-20 03:45:00,111.35094,NHITS
2021-08-20 04:00:00,2021-08-20 04:00:00,102.37059,NHITS
2021-08-20 04:00:00,2021-08-20 04:15:00,99.004135,NHITS
2021-08-20 04:00:00,2021-08-20 04:30:00,97.26689,NHITS
2021-08-20 04:00:00,2021-08-20 04:45:00,94.888275,NHITS
2021-08-20 05:00:00,2021-08-20 05:00:00,93.490486,NHITS
2021-08-20 05:00:00,2021-08-20 05:15:00,93.57187,NHITS
2021-08-20 05:00:00,2021-08-20 05:30:00,100.740845,NHITS
2021-08-20 05:00:00,2021-08-20 05:45:00,105.93092,NHITS
2021-08-20 06:00:00,2021-08-20 06:00:00,103.56068,NHITS
2021-08-20 06:00:00,2021-08-20 06:15:00,105.65729,NHITS
2021-08-20 06:00:00,2021-08-20 06:30:00,107.167496,NHITS
2021-08-20 06:00:00,2021-08-20 06:45:00,112.11222,NHITS
2021-08-20 07:00:00,2021-08-20 07:00:00,106.85125,NHITS
2021-08-20 07:00:00,2021-08-20 07:15:00,121.69153,NHITS
2021-08-20 07:00:00,2021-08-20 07:30:00,147.32014,NHITS
2021-08-20 07:00:00,2021-08-20 07:45:00,167.04259,NHITS
2021-08-20 08:00:00,2021-08-20 08:00:00,158.31442,NHITS
2021-08-20 08:00:00,2021-08-20 08:15:00,167.63306,NHITS
2021-08-20 08:00:00,2021-08-20 08:30:00,173.25146,NHITS
2021-08-20 08:00:00,2021-08-20 08:45:00,173.44858,NHITS
2021-08-20 09:00:00,2021-08-20 09:00:00,167.22472,NHITS
2021-08-20 09:00:00,2021-08-20 09:15:00,163.64905,NHITS
2021-08-20 09:00:00,2021-08-20 09:30:00,162.8621,NHITS
2021-08-20 09:00:00,2021-08-20 09:45:00,160.18971,NHITS
2021-08-20 10:00:00,2021-08-20 10:00:00,174.49486,NHITS
2021-08-20 10:00:00,2021-08-20 10:15:00,171.66292,NHITS
2021-08-20 10:00:00,2021-08-20 10:30:00,178.09332,NHITS
2021-08-20 10:00:00,2021-08-20 10:45:00,179.99142,NHITS
2021-08-20 11:00:00,2021-08-20 11:00:00,167.57231,NHITS
2021-08-20 11:00:00,2021-08-20 11:15:00,168.94142,NHITS
2021-08-20 11:00:00,2021-08-20 11:30:00,168.58476,NHITS
2021-08-20 11:00:00,2021-08-20 11:45:00,162.27386,NHITS
2021-08-20 12:00:00,2021-08-20 12:00:00,154.94516,NHITS
2021-08-20 12:00:00,2021-08-20 12:15:00,109.27191,NHITS
2021-08-20 12:00:00,2021-08-20 12:30:00,96.94237,NHITS
2021-08-20 12:00:00,2021-08-20 12:45:00,102.5774,NHITS
2021-08-20 13:00:00,2021-08-20 13:00:00,149.09935,NHITS
2021-08-20 13:00:00,2021-08-20 13:15:00,170.76324,NHITS
2021-08-20 13:00:00,2021-08-20 13:30:00,184.06335,NHITS
2021-08-20 13:00:00,2021-08-20 13:45:00,195.85567,NHITS
2021-08-20 14:00:00,2021-08-20 14:00:00,182.39664,NHITS
2021-08-20 14:00:00,2021-08-20 14:15:00,179.61176,NHITS
2021-08-20 14:00:00,2021-08-20 14:30:00,159.46375,NHITS
2021-08-20 14:00:00,2021-08-20 14:45:00,155.213,NHITS
2021-08-20 15:00:00,2021-08-20 15:00:00,174.9508,NHITS
2021-08-20 15:00:00,2021-08-20 15:15:00,175.15378,NHITS
2021-08-20 15:00:00,2021-08-20 15:30:00,174.35426,NHITS
2021-08-20 15:00:00,2021-08-20 15:45:00,178.24445,NHITS
2021-08-20 16:00:00,2021-08-20 16:00:00,164.73541,NHITS
2021-08-20 16:00:00,2021-08-20 16:15:00,153.54865,NHITS
2021-08-20 16:00:00,2021-08-20 16:30:00,133.89304,NHITS
2021-08-20 16:00:00,2021-08-20 16:45:00,128.18896,NHITS
2021-08-20 17:00:00,2021-08-20 17:00:00,143.44086,NHITS
2021-08-20 17:00:00,2021-08-20 17:15:00,132.29044,NHITS
2021-08-20 17:00:00,2021-08-20 17:30:00,137.05054,NHITS
2021-08-20 17:00:00,2021-08-20 17:45:00,147.62125,NHITS
2021-08-20 18:00:00,2021-08-20 18:00:00,164.84541,NHITS
2021-08-20 18:00:00,2021-08-20 18:15:00,163.06963,NHITS
2021-08-20 18:00:00,2021-08-20 18:30:00,156.31421,NHITS
2021-08-20 18:00:00,2021-08-20 18:45:00,149.34705,NHITS
2021-08-20 19:00:00,2021-08-20 19:00:00,151.41048,NHITS
2021-08-20 19:00:00,2021-08-20 19:15:00,143.98627,NHITS
2021-08-20 19:00:00,2021-08-20 19:30:00,130.33388,NHITS
2021-08-20 19:00:00,2021-08-20 19:45:00,120.76338,NHITS
2021-08-20 20:00:00,2021-08-20 20:00:00,96.12923,NHITS
2021-08-20 20:00:00,2021-08-20 20:15:00,95.11512,NHITS
2021-08-20 20:00:00,2021-08-20 20:30:00,96.40207,NHITS
2021-08-20 20:00:00,2021-08-20 20:45:00,95.05366,NHITS
2021-08-20 21:00:00,2021-08-20 21:00:00,118.56943,NHITS
2021-08-20 21:00:00,2021-08-20 21:15:00,115.28129,NHITS
2021-08-20 21:00:00,2021-08-20 21:30:00,110.99504,NHITS
2021-08-20 21:00:00,2021-08-20 21:45:00,107.248924,NHITS
2021-08-20 22:00:00,2021-08-20 22:00:00,115.09381,NHITS
2021-08-20 22:00:00,2021-08-20 22:15:00,114.43783,NHITS
2021-08-20 22:00:00,2021-08-20 22:30:00,114.105316,NHITS
2021-08-20 22:00:00,2021-08-20 22:45:00,110.85213,NHITS
2021-08-20 23:00:00,2021-08-20 23:00:00,114.581505,NHITS
2021-08-20 23:00:00,2021-08-20 23:15:00,110.77124,NHITS
2021-08-20 23:00:00,2021-08-20 23:30:00,103.57053,NHITS
2021-08-20 23:00:00,2021-08-20 23:45:00,91.04946,NHITS
2021-08-21 00:00:00,2021-08-21 00:00:00,66.32213,NHITS
2021-08-21 00:00:00,2021-08-21 00:15:00,57.17254,NHITS
2021-08-21 00:00:00,2021-08-21 00:30:00,56.312267,NHITS
2021-08-21 00:00:00,2021-08-21 00:45:00,60.483147,NHITS
2021-08-21 01:00:00,2021-08-21 01:00:00,67.93438,NHITS
2021-08-21 01:00:00,2021-08-21 01:15:00,78.21995,NHITS
2021-08-21 01:00:00,2021-08-21 01:30:00,84.31771,NHITS
2021-08-21 01:00:00,2021-08-21 01:45:00,85.65235,NHITS
2021-08-21 02:00:00,2021-08-21 02:00:00,97.42101,NHITS
2021-08-21 02:00:00,2021-08-21 02:15:00,96.92132,NHITS
2021-08-21 02:00:00,2021-08-21 02:30:00,93.319786,NHITS
2021-08-21 02:00:00,2021-08-21 02:45:00,90.37444,NHITS
2021-08-21 03:00:00,2021-08-21 03:00:00,109.544426,NHITS
2021-08-21 03:00:00,2021-08-21 03:15:00,111.32612,NHITS
2021-08-21 03:00:00,2021-08-21 03:30:00,114.444595,NHITS
2021-08-21 03:00:00,2021-08-21 03:45:00,113.646774,NHITS
2021-08-21 04:00:00,2021-08-21 04:00:00,100.60474,NHITS
2021-08-21 04:00:00,2021-08-21 04:15:00,96.355896,NHITS
2021-08-21 04:00:00,2021-08-21 04:30:00,94.448975,NHITS
2021-08-21 04:00:00,2021-08-21 04:45:00,91.27321,NHITS
2021-08-21 05:00:00,2021-08-21 05:00:00,101.774216,NHITS
2021-08-21 05:00:00,2021-08-21 05:15:00,97.510605,NHITS
2021-08-21 05:00:00,2021-08-21 05:30:00,98.06436,NHITS
2021-08-21 05:00:00,2021-08-21 05:45:00,97.636055,NHITS
2021-08-21 06:00:00,2021-08-21 06:00:00,111.15628,NHITS
2021-08-21 06:00:00,2021-08-21 06:15:00,111.8109,NHITS
2021-08-21 06:00:00,2021-08-21 06:30:00,111.439926,NHITS
2021-08-21 06:00:00,2021-08-21 06:45:00,109.64938,NHITS
2021-08-21 07:00:00,2021-08-21 07:00:00,89.003235,NHITS
2021-08-21 07:00:00,2021-08-21 07:15:00,68.80096,NHITS
2021-08-21 07:00:00,2021-08-21 07:30:00,56.446594,NHITS
2021-08-21 07:00:00,2021-08-21 07:45:00,45.116653,NHITS
2021-08-21 08:00:00,2021-08-21 08:00:00,27.081848,NHITS
2021-08-21 08:00:00,2021-08-21 08:15:00,27.947784,NHITS
2021-08-21 08:00:00,2021-08-21 08:30:00,28.424301,NHITS
2021-08-21 08:00:00,2021-08-21 08:45:00,27.662613,NHITS
2021-08-21 09:00:00,2021-08-21 09:00:00,22.854313,NHITS
2021-08-21 09:00:00,2021-08-21 09:15:00,22.167507,NHITS
2021-08-21 09:00:00,2021-08-21 09:30:00,24.281399,NHITS
2021-08-21 09:00:00,2021-08-21 09:45:00,23.37461,NHITS
2021-08-21 10:00:00,2021-08-21 10:00:00,20.829147,NHITS
2021-08-21 10:00:00,2021-08-21 10:15:00,20.904938,NHITS
2021-08-21 10:00:00,2021-08-21 10:30:00,22.436138,NHITS
2021-08-21 10:00:00,2021-08-21 10:45:00,23.372448,NHITS
2021-08-21 11:00:00,2021-08-21 11:00:00,21.414127,NHITS
2021-08-21 11:00:00,2021-08-21 11:15:00,21.270424,NHITS
2021-08-21 11:00:00,2021-08-21 11:30:00,21.516193,NHITS
2021-08-21 11:00:00,2021-08-21 11:45:00,22.063515,NHITS
2021-08-21 12:00:00,2021-08-21 12:00:00,20.69728,NHITS
2021-08-21 12:00:00,2021-08-21 12:15:00,19.535858,NHITS
2021-08-21 12:00:00,2021-08-21 12:30:00,20.876831,NHITS
2021-08-21 12:00:00,2021-08-21 12:45:00,20.297882,NHITS
2021-08-21 13:00:00,2021-08-21 13:00:00,22.654995,NHITS
2021-08-21 13:00:00,2021-08-21 13:15:00,23.448189,NHITS
2021-08-21 13:00:00,2021-08-21 13:30:00,22.859776,NHITS
2021-08-21 13:00:00,2021-08-21 13:45:00,22.845589,NHITS
2021-08-21 14:00:00,2021-08-21 14:00:00,21.407558,NHITS
2021-08-21 14:00:00,2021-08-21 14:15:00,21.767548,NHITS
2021-08-21 14:00:00,2021-08-21 14:30:00,21.521938,NHITS
2021-08-21 14:00:00,2021-08-21 14:45:00,21.652115,NHITS
2021-08-21 15:00:00,2021-08-21 15:00:00,26.8875,NHITS
2021-08-21 15:00:00,2021-08-21 15:15:00,27.329712,NHITS
2021-08-21 15:00:00,2021-08-21 15:30:00,26.615253,NHITS
2021-08-21 15:00:00,2021-08-21 15:45:00,26.61583,NHITS
2021-08-21 16:00:00,2021-08-21 16:00:00,22.407478,NHITS
2021-08-21 16:00:00,2021-08-21 16:15:00,22.325523,NHITS
2021-08-21 16:00:00,2021-08-21 16:30:00,21.62363,NHITS
2021-08-21 16:00:00,2021-08-21 16:45:00,21.459618,NHITS
2021-08-21 17:00:00,2021-08-21 17:00:00,22.162811,NHITS
2021-08-21 17:00:00,2021-08-21 17:15:00,22.062988,NHITS
2021-08-21 17:00:00,2021-08-21 17:30:00,21.53265,NHITS
2021-08-21 17:00:00,2021-08-21 17:45:00,21.278164,NHITS
2021-08-21 18:00:00,2021-08-21 18:00:00,22.281155,NHITS
2021-08-21 18:00:00,2021-08-21 18:15:00,22.330303,NHITS
2021-08-21 18:00:00,2021-08-21 18:30:00,22.203182,NHITS
2021-08-21 18:00:00,2021-08-21 18:45:00,22.025024,NHITS
2021-08-21 19:00:00,2021-08-21 19:00:00,22.803867,NHITS
2021-08-21 19:00:00,2021-08-21 19:15:00,22.884785,NHITS
2021-08-21 19:00:00,2021-08-21 19:30:00,22.474445,NHITS
2021-08-21 19:00:00,2021-08-21 19:45:00,22.43412,NHITS
2021-08-21 20:00:00,2021-08-21 20:00:00,20.978168,NHITS
2021-08-21 20:00:00,2021-08-21 20:15:00,21.176968,NHITS
2021-08-21 20:00:00,2021-08-21 20:30:00,21.079777,NHITS
2021-08-21 20:00:00,2021-08-21 20:45:00,21.187557,NHITS
2021-08-21 21:00:00,2021-08-21 21:00:00,22.212986,NHITS
2021-08-21 21:00:00,2021-08-21 21:15:00,22.490017,NHITS
2021-08-21 21:00:00,2021-08-21 21:30:00,22.301952,NHITS
2021-08-21 21:00:00,2021-08-21 21:45:00,22.146374,NHITS
2021-08-21 22:00:00,2021-08-21 22:00:00,23.18615,NHITS
2021-08-21 22:00:00,2021-08-21 22:15:00,23.273823,NHITS
2021-08-21 22:00:00,2021-08-21 22:30:00,23.096825,NHITS
2021-08-21 22:00:00,2021-08-21 22:45:00,22.88448,NHITS
2021-08-21 23:00:00,2021-08-21 23:00:00,23.071575,NHITS
2021-08-21 23:00:00,2021-08-21 23:15:00,23.162846,NHITS
2021-08-21 23:00:00,2021-08-21 23:30:00,22.841194,NHITS
2021-08-21 23:00:00,2021-08-21 23:45:00,22.701572,NHITS
2021-08-22 00:00:00,2021-08-22 00:00:00,23.284801,NHITS
2021-08-22 00:00:00,2021-08-22 00:15:00,23.211594,NHITS
2021-08-22 00:00:00,2021-08-22 00:30:00,23.148907,NHITS
2021-08-22 00:00:00,2021-08-22 00:45:00,23.31533,NHITS
2021-08-22 01:00:00,2021-08-22 01:00:00,23.12289,NHITS
2021-08-22 01:00:00,2021-08-22 01:15:00,23.422146,NHITS
2021-08-22 01:00:00,2021-08-22 01:30:00,23.12059,NHITS
2021-08-22 01:00:00,2021-08-22 01:45:00,23.235683,NHITS
2021-08-22 02:00:00,2021-08-22 02:00:00,26.121208,NHITS
2021-08-22 02:00:00,2021-08-22 02:15:00,25.78804,NHITS
2021-08-22 02:00:00,2021-08-22 02:30:00,26.304653,NHITS
2021-08-22 02:00:00,2021-08-22 02:45:00,25.95847,NHITS
2021-08-22 03:00:00,2021-08-22 03:00:00,22.734226,NHITS
2021-08-22 03:00:00,2021-08-22 03:15:00,23.052547,NHITS
2021-08-22 03:00:00,2021-08-22 03:30:00,23.108002,NHITS
2021-08-22 03:00:00,2021-08-22 03:45:00,23.295723,NHITS
2021-08-22 04:00:00,2021-08-22 04:00:00,20.62701,NHITS
2021-08-22 04:00:00,2021-08-22 04:15:00,20.926254,NHITS
2021-08-22 04:00:00,2021-08-22 04:30:00,21.424767,NHITS
2021-08-22 04:00:00,2021-08-22 04:45:00,21.181408,NHITS
2021-08-22 05:00:00,2021-08-22 05:00:00,21.622025,NHITS
2021-08-22 05:00:00,2021-08-22 05:15:00,21.803822,NHITS
2021-08-22 05:00:00,2021-08-22 05:30:00,22.051224,NHITS
2021-08-22 05:00:00,2021-08-22 05:45:00,22.103336,NHITS
2021-08-22 06:00:00,2021-08-22 06:00:00,25.628807,NHITS
2021-08-22 06:00:00,2021-08-22 06:15:00,25.87321,NHITS
2021-08-22 06:00:00,2021-08-22 06:30:00,26.015266,NHITS
2021-08-22 06:00:00,2021-08-22 06:45:00,26.056778,NHITS
2021-08-22 07:00:00,2021-08-22 07:00:00,21.869537,NHITS
2021-08-22 07:00:00,2021-08-22 07:15:00,21.93179,NHITS
2021-08-22 07:00:00,2021-08-22 07:30:00,22.156338,NHITS
2021-08-22 07:00:00,2021-08-22 07:45:00,22.388119,NHITS
2021-08-22 08:00:00,2021-08-22 08:00:00,21.729507,NHITS
2021-08-22 08:00:00,2021-08-22 08:15:00,22.244072,NHITS
2021-08-22 08:00:00,2021-08-22 08:30:00,22.16864,NHITS
2021-08-22 08:00:00,2021-08-22 08:45:00,22.128521,NHITS
2021-08-22 09:00:00,2021-08-22 09:00:00,21.752522,NHITS
2021-08-22 09:00:00,2021-08-22 09:15:00,21.808609,NHITS
2021-08-22 09:00:00,2021-08-22 09:30:00,21.772465,NHITS
2021-08-22 09:00:00,2021-08-22 09:45:00,21.814583,NHITS
2021-08-22 10:00:00,2021-08-22 10:00:00,21.43089,NHITS
2021-08-22 10:00:00,2021-08-22 10:15:00,21.960934,NHITS
2021-08-22 10:00:00,2021-08-22 10:30:00,22.068012,NHITS
2021-08-22 10:00:00,2021-08-22 10:45:00,22.402931,NHITS
2021-08-22 11:00:00,2021-08-22 11:00:00,21.786404,NHITS
2021-08-22 11:00:00,2021-08-22 11:15:00,22.250385,NHITS
2021-08-22 11:00:00,2021-08-22 11:30:00,22.27213,NHITS
2021-08-22 11:00:00,2021-08-22 11:45:00,22.638542,NHITS
2021-08-22 12:00:00,2021-08-22 12:00:00,21.20559,NHITS
2021-08-22 12:00:00,2021-08-22 12:15:00,21.116264,NHITS
2021-08-22 12:00:00,2021-08-22 12:30:00,21.230148,NHITS
2021-08-22 12:00:00,2021-08-22 12:45:00,20.979496,NHITS
2021-08-22 13:00:00,2021-08-22 13:00:00,24.20324,NHITS
2021-08-22 13:00:00,2021-08-22 13:15:00,24.296902,NHITS
2021-08-22 13:00:00,2021-08-22 13:30:00,23.902058,NHITS
2021-08-22 13:00:00,2021-08-22 13:45:00,24.113106,NHITS
2021-08-22 14:00:00,2021-08-22 14:00:00,22.485989,NHITS
2021-08-22 14:00:00,2021-08-22 14:15:00,22.392616,NHITS
2021-08-22 14:00:00,2021-08-22 14:30:00,22.170471,NHITS
2021-08-22 14:00:00,2021-08-22 14:45:00,22.458797,NHITS
2021-08-22 15:00:00,2021-08-22 15:00:00,23.039928,NHITS
2021-08-22 15:00:00,2021-08-22 15:15:00,23.20707,NHITS
2021-08-22 15:00:00,2021-08-22 15:30:00,23.009682,NHITS
2021-08-22 15:00:00,2021-08-22 15:45:00,23.137547,NHITS
2021-08-22 16:00:00,2021-08-22 16:00:00,22.998299,NHITS
2021-08-22 16:00:00,2021-08-22 16:15:00,23.142258,NHITS
2021-08-22 16:00:00,2021-08-22 16:30:00,22.635147,NHITS
2021-08-22 16:00:00,2021-08-22 16:45:00,22.735695,NHITS
2021-08-22 17:00:00,2021-08-22 17:00:00,24.017868,NHITS
2021-08-22 17:00:00,2021-08-22 17:15:00,24.12183,NHITS
2021-08-22 17:00:00,2021-08-22 17:30:00,23.527706,NHITS
2021-08-22 17:00:00,2021-08-22 17:45:00,23.503422,NHITS
2021-08-22 18:00:00,2021-08-22 18:00:00,21.814758,NHITS
2021-08-22 18:00:00,2021-08-22 18:15:00,22.043793,NHITS
2021-08-22 18:00:00,2021-08-22 18:30:00,21.635872,NHITS
2021-08-22 18:00:00,2021-08-22 18:45:00,21.733334,NHITS
2021-08-22 19:00:00,2021-08-22 19:00:00,21.944103,NHITS
2021-08-22 19:00:00,2021-08-22 19:15:00,22.088848,NHITS
2021-08-22 19:00:00,2021-08-22 19:30:00,21.45385,NHITS
2021-08-22 19:00:00,2021-08-22 19:45:00,21.779922,NHITS
2021-08-22 20:00:00,2021-08-22 20:00:00,22.008068,NHITS
2021-08-22 20:00:00,2021-08-22 20:15:00,22.483723,NHITS
2021-08-22 20:00:00,2021-08-22 20:30:00,22.202908,NHITS
2021-08-22 20:00:00,2021-08-22 20:45:00,22.376438,NHITS
2021-08-22 21:00:00,2021-08-22 21:00:00,23.059566,NHITS
2021-08-22 21:00:00,2021-08-22 21:15:00,23.336296,NHITS
2021-08-22 21:00:00,2021-08-22 21:30:00,22.944618,NHITS
2021-08-22 21:00:00,2021-08-22 21:45:00,23.00076,NHITS
2021-08-22 22:00:00,2021-08-22 22:00:00,22.93259,NHITS
2021-08-22 22:00:00,2021-08-22 22:15:00,23.179688,NHITS
2021-08-22 22:00:00,2021-08-22 22:30:00,22.994762,NHITS
2021-08-22 22:00:00,2021-08-22 22:45:00,23.000252,NHITS
2021-08-22 23:00:00,2021-08-22 23:00:00,22.040134,NHITS
2021-08-22 23:00:00,2021-08-22 23:15:00,22.167797,NHITS
2021-08-22 23:00:00,2021-08-22 23:30:00,21.784977,NHITS
2021-08-22 23:00:00,2021-08-22 23:45:00,21.663464,NHITS
2021-08-23 00:00:00,2021-08-23 00:00:00,25.714943,NHITS
2021-08-23 00:00:00,2021-08-23 00:15:00,25.980545,NHITS
2021-08-23 00:00:00,2021-08-23 00:30:00,25.732758,NHITS
2021-08-23 00:00:00,2021-08-23 00:45:00,26.232063,NHITS
2021-08-23 01:00:00,2021-08-23 01:00:00,21.942986,NHITS
2021-08-23 01:00:00,2021-08-23 01:15:00,21.708466,NHITS
2021-08-23 01:00:00,2021-08-23 01:30:00,22.27932,NHITS
2021-08-23 01:00:00,2021-08-23 01:45:00,22.059353,NHITS
2021-08-23 02:00:00,2021-08-23 02:00:00,22.912018,NHITS
2021-08-23 02:00:00,2021-08-23 02:15:00,22.742714,NHITS
2021-08-23 02:00:00,2021-08-23 02:30:00,23.064552,NHITS
2021-08-23 02:00:00,2021-08-23 02:45:00,23.047108,NHITS
2021-08-23 03:00:00,2021-08-23 03:00:00,23.218578,NHITS
2021-08-23 03:00:00,2021-08-23 03:15:00,23.082588,NHITS
2021-08-23 03:00:00,2021-08-23 03:30:00,23.118732,NHITS
2021-08-23 03:00:00,2021-08-23 03:45:00,23.61354,NHITS
2021-08-23 04:00:00,2021-08-23 04:00:00,22.092598,NHITS
2021-08-23 04:00:00,2021-08-23 04:15:00,22.002998,NHITS
2021-08-23 04:00:00,2021-08-23 04:30:00,21.700577,NHITS
2021-08-23 04:00:00,2021-08-23 04:45:00,22.184586,NHITS
2021-08-23 05:00:00,2021-08-23 05:00:00,22.127655,NHITS
2021-08-23 05:00:00,2021-08-23 05:15:00,21.58828,NHITS
2021-08-23 05:00:00,2021-08-23 05:30:00,21.456963,NHITS
2021-08-23 05:00:00,2021-08-23 05:45:00,24.086475,NHITS
2021-08-23 06:00:00,2021-08-23 06:00:00,22.103107,NHITS
2021-08-23 06:00:00,2021-08-23 06:15:00,21.442345,NHITS
2021-08-23 06:00:00,2021-08-23 06:30:00,21.484962,NHITS
2021-08-23 06:00:00,2021-08-23 06:45:00,23.297405,NHITS
2021-08-23 07:00:00,2021-08-23 07:00:00,21.076347,NHITS
2021-08-23 07:00:00,2021-08-23 07:15:00,38.889927,NHITS
2021-08-23 07:00:00,2021-08-23 07:30:00,73.1162,NHITS
2021-08-23 07:00:00,2021-08-23 07:45:00,100.23777,NHITS
2021-08-23 08:00:00,2021-08-23 08:00:00,149.5211,NHITS
2021-08-23 08:00:00,2021-08-23 08:15:00,172.25378,NHITS
2021-08-23 08:00:00,2021-08-23 08:30:00,178.11292,NHITS
2021-08-23 08:00:00,2021-08-23 08:45:00,172.77498,NHITS
2021-08-23 09:00:00,2021-08-23 09:00:00,173.49702,NHITS
2021-08-23 09:00:00,2021-08-23 09:15:00,171.21979,NHITS
2021-08-23 09:00:00,2021-08-23 09:30:00,169.86589,NHITS
2021-08-23 09:00:00,2021-08-23 09:45:00,172.07191,NHITS
2021-08-23 10:00:00,2021-08-23 10:00:00,179.74435,NHITS
2021-08-23 10:00:00,2021-08-23 10:15:00,183.82367,NHITS
2021-08-23 10:00:00,2021-08-23 10:30:00,185.0304,NHITS
2021-08-23 10:00:00,2021-08-23 10:45:00,189.47577,NHITS
2021-08-23 11:00:00,2021-08-23 11:00:00,166.25171,NHITS
2021-08-23 11:00:00,2021-08-23 11:15:00,170.24658,NHITS
2021-08-23 11:00:00,2021-08-23 11:30:00,168.04477,NHITS
2021-08-23 11:00:00,2021-08-23 11:45:00,153.40688,NHITS
2021-08-23 12:00:00,2021-08-23 12:00:00,156.33824,NHITS
2021-08-23 12:00:00,2021-08-23 12:15:00,125.68623,NHITS
2021-08-23 12:00:00,2021-08-23 12:30:00,118.61026,NHITS
2021-08-23 12:00:00,2021-08-23 12:45:00,119.544815,NHITS
2021-08-23 13:00:00,2021-08-23 13:00:00,155.13167,NHITS
2021-08-23 13:00:00,2021-08-23 13:15:00,175.03638,NHITS
2021-08-23 13:00:00,2021-08-23 13:30:00,190.89835,NHITS
2021-08-23 13:00:00,2021-08-23 13:45:00,192.9324,NHITS
2021-08-23 14:00:00,2021-08-23 14:00:00,192.87463,NHITS
2021-08-23 14:00:00,2021-08-23 14:15:00,198.17648,NHITS
2021-08-23 14:00:00,2021-08-23 14:30:00,194.32144,NHITS
2021-08-23 14:00:00,2021-08-23 14:45:00,187.3897,NHITS
2021-08-23 15:00:00,2021-08-23 15:00:00,182.70734,NHITS
2021-08-23 15:00:00,2021-08-23 15:15:00,182.026,NHITS
2021-08-23 15:00:00,2021-08-23 15:30:00,191.09923,NHITS
2021-08-23 15:00:00,2021-08-23 15:45:00,196.84874,NHITS
2021-08-23 16:00:00,2021-08-23 16:00:00,191.34018,NHITS
2021-08-23 16:00:00,2021-08-23 16:15:00,187.23116,NHITS
2021-08-23 16:00:00,2021-08-23 16:30:00,179.46065,NHITS
2021-08-23 16:00:00,2021-08-23 16:45:00,174.7442,NHITS
2021-08-23 17:00:00,2021-08-23 17:00:00,131.83249,NHITS
2021-08-23 17:00:00,2021-08-23 17:15:00,128.72945,NHITS
2021-08-23 17:00:00,2021-08-23 17:30:00,151.27856,NHITS
2021-08-23 17:00:00,2021-08-23 17:45:00,165.56549,NHITS
2021-08-23 18:00:00,2021-08-23 18:00:00,177.26024,NHITS
2021-08-23 18:00:00,2021-08-23 18:15:00,178.05865,NHITS
2021-08-23 18:00:00,2021-08-23 18:30:00,175.89539,NHITS
2021-08-23 18:00:00,2021-08-23 18:45:00,173.80795,NHITS
2021-08-23 19:00:00,2021-08-23 19:00:00,126.00688,NHITS
2021-08-23 19:00:00,2021-08-23 19:15:00,118.49607,NHITS
2021-08-23 19:00:00,2021-08-23 19:30:00,93.33153,NHITS
2021-08-23 19:00:00,2021-08-23 19:45:00,81.65667,NHITS
2021-08-23 20:00:00,2021-08-23 20:00:00,97.90752,NHITS
2021-08-23 20:00:00,2021-08-23 20:15:00,101.27579,NHITS
2021-08-23 20:00:00,2021-08-23 20:30:00,99.46417,NHITS
2021-08-23 20:00:00,2021-08-23 20:45:00,98.377304,NHITS
2021-08-23 21:00:00,2021-08-23 21:00:00,108.536,NHITS
2021-08-23 21:00:00,2021-08-23 21:15:00,106.70335,NHITS
2021-08-23 21:00:00,2021-08-23 21:30:00,108.88382,NHITS
2021-08-23 21:00:00,2021-08-23 21:45:00,108.3271,NHITS
2021-08-23 22:00:00,2021-08-23 22:00:00,107.45677,NHITS
2021-08-23 22:00:00,2021-08-23 22:15:00,110.63359,NHITS
2021-08-23 22:00:00,2021-08-23 22:30:00,111.88751,NHITS
2021-08-23 22:00:00,2021-08-23 22:45:00,112.725525,NHITS
2021-08-23 23:00:00,2021-08-23 23:00:00,110.147125,NHITS
2021-08-23 23:00:00,2021-08-23 23:15:00,103.6603,NHITS
2021-08-23 23:00:00,2021-08-23 23:30:00,95.90734,NHITS
2021-08-23 23:00:00,2021-08-23 23:45:00,87.14292,NHITS
2021-08-24 00:00:00,2021-08-24 00:00:00,61.651543,NHITS
2021-08-24 00:00:00,2021-08-24 00:15:00,59.05436,NHITS
2021-08-24 00:00:00,2021-08-24 00:30:00,59.342125,NHITS
2021-08-24 00:00:00,2021-08-24 00:45:00,71.88764,NHITS
2021-08-24 01:00:00,2021-08-24 01:00:00,75.0884,NHITS
2021-08-24 01:00:00,2021-08-24 01:15:00,88.418396,NHITS
2021-08-24 01:00:00,2021-08-24 01:30:00,101.00389,NHITS
2021-08-24 01:00:00,2021-08-24 01:45:00,105.11128,NHITS
2021-08-24 02:00:00,2021-08-24 02:00:00,114.47716,NHITS
2021-08-24 02:00:00,2021-08-24 02:15:00,115.34523,NHITS
2021-08-24 02:00:00,2021-08-24 02:30:00,108.91324,NHITS
2021-08-24 02:00:00,2021-08-24 02:45:00,108.82065,NHITS
2021-08-24 03:00:00,2021-08-24 03:00:00,108.35969,NHITS
2021-08-24 03:00:00,2021-08-24 03:15:00,106.75313,NHITS
2021-08-24 03:00:00,2021-08-24 03:30:00,110.60881,NHITS
2021-08-24 03:00:00,2021-08-24 03:45:00,113.42717,NHITS
2021-08-24 04:00:00,2021-08-24 04:00:00,107.21167,NHITS
2021-08-24 04:00:00,2021-08-24 04:15:00,100.38373,NHITS
2021-08-24 04:00:00,2021-08-24 04:30:00,90.95782,NHITS
2021-08-24 04:00:00,2021-08-24 04:45:00,89.64373,NHITS
2021-08-24 05:00:00,2021-08-24 05:00:00,97.077705,NHITS
2021-08-24 05:00:00,2021-08-24 05:15:00,93.64278,NHITS
2021-08-24 05:00:00,2021-08-24 05:30:00,96.683586,NHITS
2021-08-24 05:00:00,2021-08-24 05:45:00,108.40643,NHITS
2021-08-24 06:00:00,2021-08-24 06:00:00,103.44075,NHITS
2021-08-24 06:00:00,2021-08-24 06:15:00,106.14443,NHITS
2021-08-24 06:00:00,2021-08-24 06:30:00,108.83707,NHITS
2021-08-24 06:00:00,2021-08-24 06:45:00,115.28137,NHITS
2021-08-24 07:00:00,2021-08-24 07:00:00,121.569885,NHITS
2021-08-24 07:00:00,2021-08-24 07:15:00,131.49765,NHITS
2021-08-24 07:00:00,2021-08-24 07:30:00,152.2654,NHITS
2021-08-24 07:00:00,2021-08-24 07:45:00,175.59085,NHITS
2021-08-24 08:00:00,2021-08-24 08:00:00,170.11243,NHITS
2021-08-24 08:00:00,2021-08-24 08:15:00,184.13129,NHITS
2021-08-24 08:00:00,2021-08-24 08:30:00,187.75931,NHITS
2021-08-24 08:00:00,2021-08-24 08:45:00,184.43106,NHITS
2021-08-24 09:00:00,2021-08-24 09:00:00,186.98975,NHITS
2021-08-24 09:00:00,2021-08-24 09:15:00,181.76718,NHITS
2021-08-24 09:00:00,2021-08-24 09:30:00,183.5588,NHITS
2021-08-24 09:00:00,2021-08-24 09:45:00,187.44595,NHITS
2021-08-24 10:00:00,2021-08-24 10:00:00,178.20862,NHITS
2021-08-24 10:00:00,2021-08-24 10:15:00,180.26538,NHITS
2021-08-24 10:00:00,2021-08-24 10:30:00,185.00972,NHITS
2021-08-24 10:00:00,2021-08-24 10:45:00,189.97855,NHITS
2021-08-24 11:00:00,2021-08-24 11:00:00,170.93976,NHITS
2021-08-24 11:00:00,2021-08-24 11:15:00,170.65274,NHITS
2021-08-24 11:00:00,2021-08-24 11:30:00,173.3742,NHITS
2021-08-24 11:00:00,2021-08-24 11:45:00,170.19446,NHITS
2021-08-24 12:00:00,2021-08-24 12:00:00,141.87286,NHITS
2021-08-24 12:00:00,2021-08-24 12:15:00,105.613205,NHITS
2021-08-24 12:00:00,2021-08-24 12:30:00,103.66394,NHITS
2021-08-24 12:00:00,2021-08-24 12:45:00,117.725075,NHITS
2021-08-24 13:00:00,2021-08-24 13:00:00,160.62863,NHITS
2021-08-24 13:00:00,2021-08-24 13:15:00,182.73364,NHITS
2021-08-24 13:00:00,2021-08-24 13:30:00,198.25616,NHITS
2021-08-24 13:00:00,2021-08-24 13:45:00,196.68477,NHITS
2021-08-24 14:00:00,2021-08-24 14:00:00,179.5847,NHITS
2021-08-24 14:00:00,2021-08-24 14:15:00,182.30658,NHITS
2021-08-24 14:00:00,2021-08-24 14:30:00,176.70467,NHITS
2021-08-24 14:00:00,2021-08-24 14:45:00,170.32214,NHITS
2021-08-24 15:00:00,2021-08-24 15:00:00,182.11328,NHITS
2021-08-24 15:00:00,2021-08-24 15:15:00,183.28769,NHITS
2021-08-24 15:00:00,2021-08-24 15:30:00,192.40112,NHITS
2021-08-24 15:00:00,2021-08-24 15:45:00,196.33002,NHITS
2021-08-24 16:00:00,2021-08-24 16:00:00,195.61908,NHITS
2021-08-24 16:00:00,2021-08-24 16:15:00,186.21094,NHITS
2021-08-24 16:00:00,2021-08-24 16:30:00,182.90509,NHITS
2021-08-24 16:00:00,2021-08-24 16:45:00,181.53584,NHITS
2021-08-24 17:00:00,2021-08-24 17:00:00,147.41801,NHITS
2021-08-24 17:00:00,2021-08-24 17:15:00,137.77296,NHITS
2021-08-24 17:00:00,2021-08-24 17:30:00,150.8645,NHITS
2021-08-24 17:00:00,2021-08-24 17:45:00,163.03575,NHITS
2021-08-24 18:00:00,2021-08-24 18:00:00,159.78043,NHITS
2021-08-24 18:00:00,2021-08-24 18:15:00,162.53345,NHITS
2021-08-24 18:00:00,2021-08-24 18:30:00,164.7659,NHITS
2021-08-24 18:00:00,2021-08-24 18:45:00,165.80748,NHITS
2021-08-24 19:00:00,2021-08-24 19:00:00,154.84232,NHITS
2021-08-24 19:00:00,2021-08-24 19:15:00,153.3093,NHITS
2021-08-24 19:00:00,2021-08-24 19:30:00,146.38264,NHITS
2021-08-24 19:00:00,2021-08-24 19:45:00,140.68773,NHITS
2021-08-24 20:00:00,2021-08-24 20:00:00,127.61719,NHITS
2021-08-24 20:00:00,2021-08-24 20:15:00,127.31868,NHITS
2021-08-24 20:00:00,2021-08-24 20:30:00,125.08252,NHITS
2021-08-24 20:00:00,2021-08-24 20:45:00,125.07881,NHITS
2021-08-24 21:00:00,2021-08-24 21:00:00,119.40624,NHITS
2021-08-24 21:00:00,2021-08-24 21:15:00,119.20845,NHITS
2021-08-24 21:00:00,2021-08-24 21:30:00,118.09515,NHITS
2021-08-24 21:00:00,2021-08-24 21:45:00,113.742355,NHITS
2021-08-24 22:00:00,2021-08-24 22:00:00,117.73434,NHITS
2021-08-24 22:00:00,2021-08-24 22:15:00,117.715744,NHITS
2021-08-24 22:00:00,2021-08-24 22:30:00,120.38085,NHITS
2021-08-24 22:00:00,2021-08-24 22:45:00,117.70441,NHITS
2021-08-24 23:00:00,2021-08-24 23:00:00,108.91086,NHITS
2021-08-24 23:00:00,2021-08-24 23:15:00,104.950134,NHITS
2021-08-24 23:00:00,2021-08-24 23:30:00,100.03357,NHITS
2021-08-24 23:00:00,2021-08-24 23:45:00,90.002556,NHITS
2021-08-25 00:00:00,2021-08-25 00:00:00,70.68308,NHITS
2021-08-25 00:00:00,2021-08-25 00:15:00,67.51646,NHITS
2021-08-25 00:00:00,2021-08-25 00:30:00,66.552185,NHITS
2021-08-25 00:00:00,2021-08-25 00:45:00,81.53292,NHITS
2021-08-25 01:00:00,2021-08-25 01:00:00,83.73177,NHITS
2021-08-25 01:00:00,2021-08-25 01:15:00,97.07802,NHITS
2021-08-25 01:00:00,2021-08-25 01:30:00,102.18327,NHITS
2021-08-25 01:00:00,2021-08-25 01:45:00,103.79019,NHITS
2021-08-25 02:00:00,2021-08-25 02:00:00,111.68414,NHITS
2021-08-25 02:00:00,2021-08-25 02:15:00,112.019226,NHITS
2021-08-25 02:00:00,2021-08-25 02:30:00,102.29946,NHITS
2021-08-25 02:00:00,2021-08-25 02:45:00,99.82231,NHITS
2021-08-25 03:00:00,2021-08-25 03:00:00,109.40819,NHITS
2021-08-25 03:00:00,2021-08-25 03:15:00,109.403206,NHITS
2021-08-25 03:00:00,2021-08-25 03:30:00,112.16664,NHITS
2021-08-25 03:00:00,2021-08-25 03:45:00,113.406105,NHITS
2021-08-25 04:00:00,2021-08-25 04:00:00,106.179955,NHITS
2021-08-25 04:00:00,2021-08-25 04:15:00,100.080505,NHITS
2021-08-25 04:00:00,2021-08-25 04:30:00,92.571884,NHITS
2021-08-25 04:00:00,2021-08-25 04:45:00,91.08511,NHITS
2021-08-25 05:00:00,2021-08-25 05:00:00,99.194984,NHITS
2021-08-25 05:00:00,2021-08-25 05:15:00,95.7954,NHITS
2021-08-25 05:00:00,2021-08-25 05:30:00,100.76652,NHITS
2021-08-25 05:00:00,2021-08-25 05:45:00,114.23602,NHITS
2021-08-25 06:00:00,2021-08-25 06:00:00,103.97957,NHITS
2021-08-25 06:00:00,2021-08-25 06:15:00,106.66017,NHITS
2021-08-25 06:00:00,2021-08-25 06:30:00,110.39076,NHITS
2021-08-25 06:00:00,2021-08-25 06:45:00,116.28575,NHITS
2021-08-25 07:00:00,2021-08-25 07:00:00,111.76256,NHITS
2021-08-25 07:00:00,2021-08-25 07:15:00,120.288315,NHITS
2021-08-25 07:00:00,2021-08-25 07:30:00,142.02644,NHITS
2021-08-25 07:00:00,2021-08-25 07:45:00,165.84674,NHITS
2021-08-25 08:00:00,2021-08-25 08:00:00,167.28793,NHITS
2021-08-25 08:00:00,2021-08-25 08:15:00,184.51059,NHITS
2021-08-25 08:00:00,2021-08-25 08:30:00,194.84021,NHITS
2021-08-25 08:00:00,2021-08-25 08:45:00,196.3471,NHITS
2021-08-25 09:00:00,2021-08-25 09:00:00,176.51822,NHITS
2021-08-25 09:00:00,2021-08-25 09:15:00,170.83755,NHITS
2021-08-25 09:00:00,2021-08-25 09:30:00,173.50427,NHITS
2021-08-25 09:00:00,2021-08-25 09:45:00,176.38745,NHITS
2021-08-25 10:00:00,2021-08-25 10:00:00,177.14468,NHITS
2021-08-25 10:00:00,2021-08-25 10:15:00,174.53557,NHITS
2021-08-25 10:00:00,2021-08-25 10:30:00,178.22264,NHITS
2021-08-25 10:00:00,2021-08-25 10:45:00,182.6401,NHITS
2021-08-25 11:00:00,2021-08-25 11:00:00,188.45851,NHITS
2021-08-25 11:00:00,2021-08-25 11:15:00,187.53104,NHITS
2021-08-25 11:00:00,2021-08-25 11:30:00,191.10481,NHITS
2021-08-25 11:00:00,2021-08-25 11:45:00,187.55112,NHITS
2021-08-25 12:00:00,2021-08-25 12:00:00,142.06955,NHITS
2021-08-25 12:00:00,2021-08-25 12:15:00,110.06571,NHITS
2021-08-25 12:00:00,2021-08-25 12:30:00,108.61552,NHITS
2021-08-25 12:00:00,2021-08-25 12:45:00,122.69651,NHITS
2021-08-25 13:00:00,2021-08-25 13:00:00,151.50824,NHITS
2021-08-25 13:00:00,2021-08-25 13:15:00,175.36432,NHITS
2021-08-25 13:00:00,2021-08-25 13:30:00,192.82573,NHITS
2021-08-25 13:00:00,2021-08-25 13:45:00,194.33061,NHITS
2021-08-25 14:00:00,2021-08-25 14:00:00,177.78058,NHITS
2021-08-25 14:00:00,2021-08-25 14:15:00,179.68274,NHITS
2021-08-25 14:00:00,2021-08-25 14:30:00,172.05914,NHITS
2021-08-25 14:00:00,2021-08-25 14:45:00,161.94995,NHITS
2021-08-25 15:00:00,2021-08-25 15:00:00,172.34921,NHITS
2021-08-25 15:00:00,2021-08-25 15:15:00,165.95117,NHITS
2021-08-25 15:00:00,2021-08-25 15:30:00,177.87427,NHITS
2021-08-25 15:00:00,2021-08-25 15:45:00,181.78998,NHITS
2021-08-25 16:00:00,2021-08-25 16:00:00,176.27528,NHITS
2021-08-25 16:00:00,2021-08-25 16:15:00,165.24185,NHITS
2021-08-25 16:00:00,2021-08-25 16:30:00,163.96524,NHITS
2021-08-25 16:00:00,2021-08-25 16:45:00,160.26706,NHITS
2021-08-25 17:00:00,2021-08-25 17:00:00,129.32492,NHITS
2021-08-25 17:00:00,2021-08-25 17:15:00,121.50457,NHITS
2021-08-25 17:00:00,2021-08-25 17:30:00,142.18002,NHITS
2021-08-25 17:00:00,2021-08-25 17:45:00,155.4154,NHITS
2021-08-25 18:00:00,2021-08-25 18:00:00,176.22795,NHITS
2021-08-25 18:00:00,2021-08-25 18:15:00,174.33594,NHITS
2021-08-25 18:00:00,2021-08-25 18:30:00,172.45499,NHITS
2021-08-25 18:00:00,2021-08-25 18:45:00,170.97443,NHITS
2021-08-25 19:00:00,2021-08-25 19:00:00,159.37701,NHITS
2021-08-25 19:00:00,2021-08-25 19:15:00,155.60823,NHITS
2021-08-25 19:00:00,2021-08-25 19:30:00,138.99086,NHITS
2021-08-25 19:00:00,2021-08-25 19:45:00,127.922714,NHITS
2021-08-25 20:00:00,2021-08-25 20:00:00,103.41203,NHITS
2021-08-25 20:00:00,2021-08-25 20:15:00,103.89274,NHITS
2021-08-25 20:00:00,2021-08-25 20:30:00,102.85665,NHITS
2021-08-25 20:00:00,2021-08-25 20:45:00,103.177505,NHITS
2021-08-25 21:00:00,2021-08-25 21:00:00,122.38443,NHITS
2021-08-25 21:00:00,2021-08-25 21:15:00,121.9842,NHITS
2021-08-25 21:00:00,2021-08-25 21:30:00,119.993454,NHITS
2021-08-25 21:00:00,2021-08-25 21:45:00,117.3172,NHITS
2021-08-25 22:00:00,2021-08-25 22:00:00,116.91168,NHITS
2021-08-25 22:00:00,2021-08-25 22:15:00,118.49779,NHITS
2021-08-25 22:00:00,2021-08-25 22:30:00,119.96211,NHITS
2021-08-25 22:00:00,2021-08-25 22:45:00,119.7908,NHITS
2021-08-25 23:00:00,2021-08-25 23:00:00,115.191895,NHITS
2021-08-25 23:00:00,2021-08-25 23:15:00,111.41354,NHITS
2021-08-25 23:00:00,2021-08-25 23:30:00,106.751114,NHITS
2021-08-25 23:00:00,2021-08-25 23:45:00,96.8171,NHITS
2021-08-26 00:00:00,2021-08-26 00:00:00,65.95746,NHITS
2021-08-26 00:00:00,2021-08-26 00:15:00,60.80163,NHITS
2021-08-26 00:00:00,2021-08-26 00:30:00,61.028687,NHITS
2021-08-26 00:00:00,2021-08-26 00:45:00,72.047874,NHITS
2021-08-26 01:00:00,2021-08-26 01:00:00,80.07732,NHITS
2021-08-26 01:00:00,2021-08-26 01:15:00,90.42071,NHITS
2021-08-26 01:00:00,2021-08-26 01:30:00,95.19993,NHITS
2021-08-26 01:00:00,2021-08-26 01:45:00,99.57707,NHITS
2021-08-26 02:00:00,2021-08-26 02:00:00,108.60885,NHITS
2021-08-26 02:00:00,2021-08-26 02:15:00,110.28221,NHITS
2021-08-26 02:00:00,2021-08-26 02:30:00,103.14937,NHITS
2021-08-26 02:00:00,2021-08-26 02:45:00,97.86511,NHITS
2021-08-26 03:00:00,2021-08-26 03:00:00,116.99396,NHITS
2021-08-26 03:00:00,2021-08-26 03:15:00,116.86017,NHITS
2021-08-26 03:00:00,2021-08-26 03:30:00,118.50662,NHITS
2021-08-26 03:00:00,2021-08-26 03:45:00,118.88422,NHITS
2021-08-26 04:00:00,2021-08-26 04:00:00,105.32412,NHITS
2021-08-26 04:00:00,2021-08-26 04:15:00,99.94644,NHITS
2021-08-26 04:00:00,2021-08-26 04:30:00,90.55144,NHITS
2021-08-26 04:00:00,2021-08-26 04:45:00,86.95188,NHITS
2021-08-26 05:00:00,2021-08-26 05:00:00,98.36374,NHITS
2021-08-26 05:00:00,2021-08-26 05:15:00,92.237274,NHITS
2021-08-26 05:00:00,2021-08-26 05:30:00,90.86174,NHITS
2021-08-26 05:00:00,2021-08-26 05:45:00,100.76097,NHITS
2021-08-26 06:00:00,2021-08-26 06:00:00,104.92722,NHITS
2021-08-26 06:00:00,2021-08-26 06:15:00,105.064804,NHITS
2021-08-26 06:00:00,2021-08-26 06:30:00,105.06366,NHITS
2021-08-26 06:00:00,2021-08-26 06:45:00,109.42583,NHITS
2021-08-26 07:00:00,2021-08-26 07:00:00,112.183784,NHITS
2021-08-26 07:00:00,2021-08-26 07:15:00,117.884895,NHITS
2021-08-26 07:00:00,2021-08-26 07:30:00,134.41624,NHITS
2021-08-26 07:00:00,2021-08-26 07:45:00,155.14032,NHITS
2021-08-26 08:00:00,2021-08-26 08:00:00,153.60632,NHITS
2021-08-26 08:00:00,2021-08-26 08:15:00,166.87979,NHITS
2021-08-26 08:00:00,2021-08-26 08:30:00,172.6149,NHITS
2021-08-26 08:00:00,2021-08-26 08:45:00,173.64252,NHITS
2021-08-26 09:00:00,2021-08-26 09:00:00,195.31514,NHITS
2021-08-26 09:00:00,2021-08-26 09:15:00,189.94221,NHITS
2021-08-26 09:00:00,2021-08-26 09:30:00,192.05179,NHITS
2021-08-26 09:00:00,2021-08-26 09:45:00,193.66545,NHITS
2021-08-26 10:00:00,2021-08-26 10:00:00,189.08263,NHITS
2021-08-26 10:00:00,2021-08-26 10:15:00,190.5156,NHITS
2021-08-26 10:00:00,2021-08-26 10:30:00,195.61235,NHITS
2021-08-26 10:00:00,2021-08-26 10:45:00,200.21918,NHITS
2021-08-26 11:00:00,2021-08-26 11:00:00,190.35632,NHITS
2021-08-26 11:00:00,2021-08-26 11:15:00,190.30121,NHITS
2021-08-26 11:00:00,2021-08-26 11:30:00,194.56143,NHITS
2021-08-26 11:00:00,2021-08-26 11:45:00,188.47876,NHITS
2021-08-26 12:00:00,2021-08-26 12:00:00,147.01216,NHITS
2021-08-26 12:00:00,2021-08-26 12:15:00,118.3537,NHITS
2021-08-26 12:00:00,2021-08-26 12:30:00,119.123215,NHITS
2021-08-26 12:00:00,2021-08-26 12:45:00,143.674,NHITS
2021-08-26 13:00:00,2021-08-26 13:00:00,161.68388,NHITS
2021-08-26 13:00:00,2021-08-26 13:15:00,187.80844,NHITS
2021-08-26 13:00:00,2021-08-26 13:30:00,202.7336,NHITS
2021-08-26 13:00:00,2021-08-26 13:45:00,201.73312,NHITS
2021-08-26 14:00:00,2021-08-26 14:00:00,198.0754,NHITS
2021-08-26 14:00:00,2021-08-26 14:15:00,203.13046,NHITS
2021-08-26 14:00:00,2021-08-26 14:30:00,196.22432,NHITS
2021-08-26 14:00:00,2021-08-26 14:45:00,185.94034,NHITS
2021-08-26 15:00:00,2021-08-26 15:00:00,177.6555,NHITS
2021-08-26 15:00:00,2021-08-26 15:15:00,171.3349,NHITS
2021-08-26 15:00:00,2021-08-26 15:30:00,184.21692,NHITS
2021-08-26 15:00:00,2021-08-26 15:45:00,190.6228,NHITS
2021-08-26 16:00:00,2021-08-26 16:00:00,184.26668,NHITS
2021-08-26 16:00:00,2021-08-26 16:15:00,173.8248,NHITS
2021-08-26 16:00:00,2021-08-26 16:30:00,172.75658,NHITS
2021-08-26 16:00:00,2021-08-26 16:45:00,170.10997,NHITS
2021-08-26 17:00:00,2021-08-26 17:00:00,115.14748,NHITS
2021-08-26 17:00:00,2021-08-26 17:15:00,110.617455,NHITS
2021-08-26 17:00:00,2021-08-26 17:30:00,138.37392,NHITS
2021-08-26 17:00:00,2021-08-26 17:45:00,156.59938,NHITS
2021-08-26 18:00:00,2021-08-26 18:00:00,165.20897,NHITS
2021-08-26 18:00:00,2021-08-26 18:15:00,166.62314,NHITS
2021-08-26 18:00:00,2021-08-26 18:30:00,164.72675,NHITS
2021-08-26 18:00:00,2021-08-26 18:45:00,161.92065,NHITS
2021-08-26 19:00:00,2021-08-26 19:00:00,165.50311,NHITS
2021-08-26 19:00:00,2021-08-26 19:15:00,164.09561,NHITS
2021-08-26 19:00:00,2021-08-26 19:30:00,153.77307,NHITS
2021-08-26 19:00:00,2021-08-26 19:45:00,146.79108,NHITS
2021-08-26 20:00:00,2021-08-26 20:00:00,111.873634,NHITS
2021-08-26 20:00:00,2021-08-26 20:15:00,110.996796,NHITS
2021-08-26 20:00:00,2021-08-26 20:30:00,109.4011,NHITS
2021-08-26 20:00:00,2021-08-26 20:45:00,108.125984,NHITS
2021-08-26 21:00:00,2021-08-26 21:00:00,118.10272,NHITS
2021-08-26 21:00:00,2021-08-26 21:15:00,116.741196,NHITS
2021-08-26 21:00:00,2021-08-26 21:30:00,115.21355,NHITS
2021-08-26 21:00:00,2021-08-26 21:45:00,113.73151,NHITS
2021-08-26 22:00:00,2021-08-26 22:00:00,120.34625,NHITS
2021-08-26 22:00:00,2021-08-26 22:15:00,121.61342,NHITS
2021-08-26 22:00:00,2021-08-26 22:30:00,123.03847,NHITS
2021-08-26 22:00:00,2021-08-26 22:45:00,122.24019,NHITS
2021-08-26 23:00:00,2021-08-26 23:00:00,109.00664,NHITS
2021-08-26 23:00:00,2021-08-26 23:15:00,108.643936,NHITS
2021-08-26 23:00:00,2021-08-26 23:30:00,109.01155,NHITS
2021-08-26 23:00:00,2021-08-26 23:45:00,101.48225,NHITS
2021-08-27 00:00:00,2021-08-27 00:00:00,73.77811,NHITS
2021-08-27 00:00:00,2021-08-27 00:15:00,69.693695,NHITS
2021-08-27 00:00:00,2021-08-27 00:30:00,69.737335,NHITS
2021-08-27 00:00:00,2021-08-27 00:45:00,78.475006,NHITS
2021-08-27 01:00:00,2021-08-27 01:00:00,79.12859,NHITS
2021-08-27 01:00:00,2021-08-27 01:15:00,91.24361,NHITS
2021-08-27 01:00:00,2021-08-27 01:30:00,97.47685,NHITS
2021-08-27 01:00:00,2021-08-27 01:45:00,100.53502,NHITS
2021-08-27 02:00:00,2021-08-27 02:00:00,110.9741,NHITS
2021-08-27 02:00:00,2021-08-27 02:15:00,111.515884,NHITS
2021-08-27 02:00:00,2021-08-27 02:30:00,108.21442,NHITS
2021-08-27 02:00:00,2021-08-27 02:45:00,106.10353,NHITS
2021-08-27 03:00:00,2021-08-27 03:00:00,111.2727,NHITS
2021-08-27 03:00:00,2021-08-27 03:15:00,110.57755,NHITS
2021-08-27 03:00:00,2021-08-27 03:30:00,114.286415,NHITS
2021-08-27 03:00:00,2021-08-27 03:45:00,116.09945,NHITS
2021-08-27 04:00:00,2021-08-27 04:00:00,115.71672,NHITS
2021-08-27 04:00:00,2021-08-27 04:15:00,110.89072,NHITS
2021-08-27 04:00:00,2021-08-27 04:30:00,104.4948,NHITS
2021-08-27 04:00:00,2021-08-27 04:45:00,103.81162,NHITS
2021-08-27 05:00:00,2021-08-27 05:00:00,93.26642,NHITS
2021-08-27 05:00:00,2021-08-27 05:15:00,89.3315,NHITS
2021-08-27 05:00:00,2021-08-27 05:30:00,91.241455,NHITS
2021-08-27 05:00:00,2021-08-27 05:45:00,101.74017,NHITS
2021-08-27 06:00:00,2021-08-27 06:00:00,103.69592,NHITS
2021-08-27 06:00:00,2021-08-27 06:15:00,106.07651,NHITS
2021-08-27 06:00:00,2021-08-27 06:30:00,104.772736,NHITS
2021-08-27 06:00:00,2021-08-27 06:45:00,108.193596,NHITS
2021-08-27 07:00:00,2021-08-27 07:00:00,102.88565,NHITS
2021-08-27 07:00:00,2021-08-27 07:15:00,112.27559,NHITS
2021-08-27 07:00:00,2021-08-27 07:30:00,130.7738,NHITS
2021-08-27 07:00:00,2021-08-27 07:45:00,150.80774,NHITS
2021-08-27 08:00:00,2021-08-27 08:00:00,144.34073,NHITS
2021-08-27 08:00:00,2021-08-27 08:15:00,161.24973,NHITS
2021-08-27 08:00:00,2021-08-27 08:30:00,167.06859,NHITS
2021-08-27 08:00:00,2021-08-27 08:45:00,165.38405,NHITS
2021-08-27 09:00:00,2021-08-27 09:00:00,178.92627,NHITS
2021-08-27 09:00:00,2021-08-27 09:15:00,174.45615,NHITS
2021-08-27 09:00:00,2021-08-27 09:30:00,176.53459,NHITS
2021-08-27 09:00:00,2021-08-27 09:45:00,178.40341,NHITS
2021-08-27 10:00:00,2021-08-27 10:00:00,162.70004,NHITS
2021-08-27 10:00:00,2021-08-27 10:15:00,165.0482,NHITS
2021-08-27 10:00:00,2021-08-27 10:30:00,169.55179,NHITS
2021-08-27 10:00:00,2021-08-27 10:45:00,174.34937,NHITS
2021-08-27 11:00:00,2021-08-27 11:00:00,170.12683,NHITS
2021-08-27 11:00:00,2021-08-27 11:15:00,170.89255,NHITS
2021-08-27 11:00:00,2021-08-27 11:30:00,176.94534,NHITS
2021-08-27 11:00:00,2021-08-27 11:45:00,175.8074,NHITS
2021-08-27 12:00:00,2021-08-27 12:00:00,127.74535,NHITS
2021-08-27 12:00:00,2021-08-27 12:15:00,99.28089,NHITS
2021-08-27 12:00:00,2021-08-27 12:30:00,100.833534,NHITS
2021-08-27 12:00:00,2021-08-27 12:45:00,127.747406,NHITS
2021-08-27 13:00:00,2021-08-27 13:00:00,159.0437,NHITS
2021-08-27 13:00:00,2021-08-27 13:15:00,187.96338,NHITS
2021-08-27 13:00:00,2021-08-27 13:30:00,204.15625,NHITS
2021-08-27 13:00:00,2021-08-27 13:45:00,199.84776,NHITS
2021-08-27 14:00:00,2021-08-27 14:00:00,164.10373,NHITS
2021-08-27 14:00:00,2021-08-27 14:15:00,166.44734,NHITS
2021-08-27 14:00:00,2021-08-27 14:30:00,161.5788,NHITS
2021-08-27 14:00:00,2021-08-27 14:45:00,157.47433,NHITS
2021-08-27 15:00:00,2021-08-27 15:00:00,156.90341,NHITS
2021-08-27 15:00:00,2021-08-27 15:15:00,159.16553,NHITS
2021-08-27 15:00:00,2021-08-27 15:30:00,171.79279,NHITS
2021-08-27 15:00:00,2021-08-27 15:45:00,176.51657,NHITS
2021-08-27 16:00:00,2021-08-27 16:00:00,146.61784,NHITS
2021-08-27 16:00:00,2021-08-27 16:15:00,133.58588,NHITS
2021-08-27 16:00:00,2021-08-27 16:30:00,138.72119,NHITS
2021-08-27 16:00:00,2021-08-27 16:45:00,141.62854,NHITS
2021-08-27 17:00:00,2021-08-27 17:00:00,121.94078,NHITS
2021-08-27 17:00:00,2021-08-27 17:15:00,131.72826,NHITS
2021-08-27 17:00:00,2021-08-27 17:30:00,164.1857,NHITS
2021-08-27 17:00:00,2021-08-27 17:45:00,182.54663,NHITS
2021-08-27 18:00:00,2021-08-27 18:00:00,165.9556,NHITS
2021-08-27 18:00:00,2021-08-27 18:15:00,164.69315,NHITS
2021-08-27 18:00:00,2021-08-27 18:30:00,157.69565,NHITS
2021-08-27 18:00:00,2021-08-27 18:45:00,151.69023,NHITS
2021-08-27 19:00:00,2021-08-27 19:00:00,124.20332,NHITS
2021-08-27 19:00:00,2021-08-27 19:15:00,114.24411,NHITS
2021-08-27 19:00:00,2021-08-27 19:30:00,99.08115,NHITS
2021-08-27 19:00:00,2021-08-27 19:45:00,89.8822,NHITS
2021-08-27 20:00:00,2021-08-27 20:00:00,105.6622,NHITS
2021-08-27 20:00:00,2021-08-27 20:15:00,107.32442,NHITS
2021-08-27 20:00:00,2021-08-27 20:30:00,107.17407,NHITS
2021-08-27 20:00:00,2021-08-27 20:45:00,103.06654,NHITS
2021-08-27 21:00:00,2021-08-27 21:00:00,106.33842,NHITS
2021-08-27 21:00:00,2021-08-27 21:15:00,105.19499,NHITS
2021-08-27 21:00:00,2021-08-27 21:30:00,105.3139,NHITS
2021-08-27 21:00:00,2021-08-27 21:45:00,103.07989,NHITS
2021-08-27 22:00:00,2021-08-27 22:00:00,99.143585,NHITS
2021-08-27 22:00:00,2021-08-27 22:15:00,101.475204,NHITS
2021-08-27 22:00:00,2021-08-27 22:30:00,101.713524,NHITS
2021-08-27 22:00:00,2021-08-27 22:45:00,98.255486,NHITS
2021-08-27 23:00:00,2021-08-27 23:00:00,104.51295,NHITS
2021-08-27 23:00:00,2021-08-27 23:15:00,101.59599,NHITS
2021-08-27 23:00:00,2021-08-27 23:30:00,102.17505,NHITS
2021-08-27 23:00:00,2021-08-27 23:45:00,93.171616,NHITS
2021-08-28 00:00:00,2021-08-28 00:00:00,67.826706,NHITS
2021-08-28 00:00:00,2021-08-28 00:15:00,61.42319,NHITS
2021-08-28 00:00:00,2021-08-28 00:30:00,61.178165,NHITS
2021-08-28 00:00:00,2021-08-28 00:45:00,71.057365,NHITS
2021-08-28 01:00:00,2021-08-28 01:00:00,81.92692,NHITS
2021-08-28 01:00:00,2021-08-28 01:15:00,94.45999,NHITS
2021-08-28 01:00:00,2021-08-28 01:30:00,99.471115,NHITS
2021-08-28 01:00:00,2021-08-28 01:45:00,99.179985,NHITS
2021-08-28 02:00:00,2021-08-28 02:00:00,108.134735,NHITS
2021-08-28 02:00:00,2021-08-28 02:15:00,106.553604,NHITS
2021-08-28 02:00:00,2021-08-28 02:30:00,101.49486,NHITS
2021-08-28 02:00:00,2021-08-28 02:45:00,98.64085,NHITS
2021-08-28 03:00:00,2021-08-28 03:00:00,105.20129,NHITS
2021-08-28 03:00:00,2021-08-28 03:15:00,105.662605,NHITS
2021-08-28 03:00:00,2021-08-28 03:30:00,107.005066,NHITS
2021-08-28 03:00:00,2021-08-28 03:45:00,106.72619,NHITS
2021-08-28 04:00:00,2021-08-28 04:00:00,100.30225,NHITS
2021-08-28 04:00:00,2021-08-28 04:15:00,95.9519,NHITS
2021-08-28 04:00:00,2021-08-28 04:30:00,94.70537,NHITS
2021-08-28 04:00:00,2021-08-28 04:45:00,92.75647,NHITS
2021-08-28 05:00:00,2021-08-28 05:00:00,88.60491,NHITS
2021-08-28 05:00:00,2021-08-28 05:15:00,83.58024,NHITS
2021-08-28 05:00:00,2021-08-28 05:30:00,84.00201,NHITS
2021-08-28 05:00:00,2021-08-28 05:45:00,87.50979,NHITS
2021-08-28 06:00:00,2021-08-28 06:00:00,110.13,NHITS
2021-08-28 06:00:00,2021-08-28 06:15:00,110.948364,NHITS
2021-08-28 06:00:00,2021-08-28 06:30:00,111.5408,NHITS
2021-08-28 06:00:00,2021-08-28 06:45:00,108.37395,NHITS
2021-08-28 07:00:00,2021-08-28 07:00:00,93.63532,NHITS
2021-08-28 07:00:00,2021-08-28 07:15:00,83.00652,NHITS
2021-08-28 07:00:00,2021-08-28 07:30:00,66.81305,NHITS
2021-08-28 07:00:00,2021-08-28 07:45:00,58.154427,NHITS
2021-08-28 08:00:00,2021-08-28 08:00:00,32.26245,NHITS
2021-08-28 08:00:00,2021-08-28 08:15:00,33.128876,NHITS
2021-08-28 08:00:00,2021-08-28 08:30:00,33.36845,NHITS
2021-08-28 08:00:00,2021-08-28 08:45:00,30.88932,NHITS
2021-08-28 09:00:00,2021-08-28 09:00:00,35.504128,NHITS
2021-08-28 09:00:00,2021-08-28 09:15:00,35.16899,NHITS
2021-08-28 09:00:00,2021-08-28 09:30:00,35.79233,NHITS
2021-08-28 09:00:00,2021-08-28 09:45:00,36.452427,NHITS
2021-08-28 10:00:00,2021-08-28 10:00:00,35.0062,NHITS
2021-08-28 10:00:00,2021-08-28 10:15:00,35.58796,NHITS
2021-08-28 10:00:00,2021-08-28 10:30:00,35.922485,NHITS
2021-08-28 10:00:00,2021-08-28 10:45:00,36.468365,NHITS
2021-08-28 11:00:00,2021-08-28 11:00:00,38.092297,NHITS
2021-08-28 11:00:00,2021-08-28 11:15:00,38.548775,NHITS
2021-08-28 11:00:00,2021-08-28 11:30:00,38.707638,NHITS
2021-08-28 11:00:00,2021-08-28 11:45:00,38.86645,NHITS
2021-08-28 12:00:00,2021-08-28 12:00:00,35.900444,NHITS
2021-08-28 12:00:00,2021-08-28 12:15:00,35.208942,NHITS
2021-08-28 12:00:00,2021-08-28 12:30:00,35.561066,NHITS
2021-08-28 12:00:00,2021-08-28 12:45:00,35.85148,NHITS
2021-08-28 13:00:00,2021-08-28 13:00:00,37.18936,NHITS
2021-08-28 13:00:00,2021-08-28 13:15:00,37.512913,NHITS
2021-08-28 13:00:00,2021-08-28 13:30:00,37.954918,NHITS
2021-08-28 13:00:00,2021-08-28 13:45:00,37.56065,NHITS
2021-08-28 14:00:00,2021-08-28 14:00:00,40.167007,NHITS
2021-08-28 14:00:00,2021-08-28 14:15:00,40.591503,NHITS
2021-08-28 14:00:00,2021-08-28 14:30:00,40.626434,NHITS
2021-08-28 14:00:00,2021-08-28 14:45:00,41.058334,NHITS
2021-08-28 15:00:00,2021-08-28 15:00:00,36.432854,NHITS
2021-08-28 15:00:00,2021-08-28 15:15:00,36.821312,NHITS
2021-08-28 15:00:00,2021-08-28 15:30:00,36.439903,NHITS
2021-08-28 15:00:00,2021-08-28 15:45:00,36.952618,NHITS
2021-08-28 16:00:00,2021-08-28 16:00:00,37.0322,NHITS
2021-08-28 16:00:00,2021-08-28 16:15:00,37.358215,NHITS
2021-08-28 16:00:00,2021-08-28 16:30:00,37.27979,NHITS
2021-08-28 16:00:00,2021-08-28 16:45:00,37.76048,NHITS
2021-08-28 17:00:00,2021-08-28 17:00:00,45.38742,NHITS
2021-08-28 17:00:00,2021-08-28 17:15:00,45.651096,NHITS
2021-08-28 17:00:00,2021-08-28 17:30:00,45.27523,NHITS
2021-08-28 17:00:00,2021-08-28 17:45:00,45.9281,NHITS
2021-08-28 18:00:00,2021-08-28 18:00:00,21.535866,NHITS
2021-08-28 18:00:00,2021-08-28 18:15:00,21.981285,NHITS
2021-08-28 18:00:00,2021-08-28 18:30:00,21.725006,NHITS
2021-08-28 18:00:00,2021-08-28 18:45:00,22.282066,NHITS
2021-08-28 19:00:00,2021-08-28 19:00:00,22.89647,NHITS
2021-08-28 19:00:00,2021-08-28 19:15:00,23.155231,NHITS
2021-08-28 19:00:00,2021-08-28 19:30:00,22.75027,NHITS
2021-08-28 19:00:00,2021-08-28 19:45:00,23.489979,NHITS
2021-08-28 20:00:00,2021-08-28 20:00:00,21.653511,NHITS
2021-08-28 20:00:00,2021-08-28 20:15:00,22.560135,NHITS
2021-08-28 20:00:00,2021-08-28 20:30:00,22.663425,NHITS
2021-08-28 20:00:00,2021-08-28 20:45:00,23.222797,NHITS
2021-08-28 21:00:00,2021-08-28 21:00:00,22.542973,NHITS
2021-08-28 21:00:00,2021-08-28 21:15:00,22.764141,NHITS
2021-08-28 21:00:00,2021-08-28 21:30:00,22.887066,NHITS
2021-08-28 21:00:00,2021-08-28 21:45:00,23.47786,NHITS
2021-08-28 22:00:00,2021-08-28 22:00:00,22.956234,NHITS
2021-08-28 22:00:00,2021-08-28 22:15:00,23.237648,NHITS
2021-08-28 22:00:00,2021-08-28 22:30:00,23.023907,NHITS
2021-08-28 22:00:00,2021-08-28 22:45:00,23.491505,NHITS
2021-08-28 23:00:00,2021-08-28 23:00:00,22.669281,NHITS
2021-08-28 23:00:00,2021-08-28 23:15:00,22.727436,NHITS
2021-08-28 23:00:00,2021-08-28 23:30:00,22.86121,NHITS
2021-08-28 23:00:00,2021-08-28 23:45:00,23.130417,NHITS
2021-08-29 00:00:00,2021-08-29 00:00:00,22.375717,NHITS
2021-08-29 00:00:00,2021-08-29 00:15:00,22.512054,NHITS
2021-08-29 00:00:00,2021-08-29 00:30:00,22.388168,NHITS
2021-08-29 00:00:00,2021-08-29 00:45:00,22.912975,NHITS
2021-08-29 01:00:00,2021-08-29 01:00:00,22.829975,NHITS
2021-08-29 01:00:00,2021-08-29 01:15:00,22.854946,NHITS
2021-08-29 01:00:00,2021-08-29 01:30:00,23.162891,NHITS
2021-08-29 01:00:00,2021-08-29 01:45:00,23.084404,NHITS
2021-08-29 02:00:00,2021-08-29 02:00:00,24.804394,NHITS
2021-08-29 02:00:00,2021-08-29 02:15:00,24.845718,NHITS
2021-08-29 02:00:00,2021-08-29 02:30:00,24.783367,NHITS
2021-08-29 02:00:00,2021-08-29 02:45:00,24.765598,NHITS
2021-08-29 03:00:00,2021-08-29 03:00:00,21.973602,NHITS
2021-08-29 03:00:00,2021-08-29 03:15:00,22.011238,NHITS
2021-08-29 03:00:00,2021-08-29 03:30:00,21.893227,NHITS
2021-08-29 03:00:00,2021-08-29 03:45:00,22.333569,NHITS
2021-08-29 04:00:00,2021-08-29 04:00:00,21.825981,NHITS
2021-08-29 04:00:00,2021-08-29 04:15:00,22.027184,NHITS
2021-08-29 04:00:00,2021-08-29 04:30:00,21.725006,NHITS
2021-08-29 04:00:00,2021-08-29 04:45:00,21.976555,NHITS
2021-08-29 05:00:00,2021-08-29 05:00:00,22.171291,NHITS
2021-08-29 05:00:00,2021-08-29 05:15:00,22.12154,NHITS
2021-08-29 05:00:00,2021-08-29 05:30:00,21.768257,NHITS
2021-08-29 05:00:00,2021-08-29 05:45:00,22.466885,NHITS
2021-08-29 06:00:00,2021-08-29 06:00:00,22.465347,NHITS
2021-08-29 06:00:00,2021-08-29 06:15:00,22.582138,NHITS
2021-08-29 06:00:00,2021-08-29 06:30:00,22.349926,NHITS
2021-08-29 06:00:00,2021-08-29 06:45:00,22.98687,NHITS
2021-08-29 07:00:00,2021-08-29 07:00:00,21.885147,NHITS
2021-08-29 07:00:00,2021-08-29 07:15:00,21.53077,NHITS
2021-08-29 07:00:00,2021-08-29 07:30:00,21.50753,NHITS
2021-08-29 07:00:00,2021-08-29 07:45:00,22.340954,NHITS
2021-08-29 08:00:00,2021-08-29 08:00:00,22.403118,NHITS
2021-08-29 08:00:00,2021-08-29 08:15:00,22.298595,NHITS
2021-08-29 08:00:00,2021-08-29 08:30:00,22.514442,NHITS
2021-08-29 08:00:00,2021-08-29 08:45:00,23.069904,NHITS
2021-08-29 09:00:00,2021-08-29 09:00:00,22.077827,NHITS
2021-08-29 09:00:00,2021-08-29 09:15:00,22.089947,NHITS
2021-08-29 09:00:00,2021-08-29 09:30:00,22.260715,NHITS
2021-08-29 09:00:00,2021-08-29 09:45:00,22.433914,NHITS
2021-08-29 10:00:00,2021-08-29 10:00:00,20.663597,NHITS
2021-08-29 10:00:00,2021-08-29 10:15:00,21.12764,NHITS
2021-08-29 10:00:00,2021-08-29 10:30:00,21.044243,NHITS
2021-08-29 10:00:00,2021-08-29 10:45:00,21.436356,NHITS
2021-08-29 11:00:00,2021-08-29 11:00:00,21.231552,NHITS
2021-08-29 11:00:00,2021-08-29 11:15:00,21.86161,NHITS
2021-08-29 11:00:00,2021-08-29 11:30:00,21.889717,NHITS
2021-08-29 11:00:00,2021-08-29 11:45:00,21.98436,NHITS
2021-08-29 12:00:00,2021-08-29 12:00:00,23.604336,NHITS
2021-08-29 12:00:00,2021-08-29 12:15:00,23.769123,NHITS
2021-08-29 12:00:00,2021-08-29 12:30:00,23.957355,NHITS
2021-08-29 12:00:00,2021-08-29 12:45:00,23.855618,NHITS
2021-08-29 13:00:00,2021-08-29 13:00:00,17.709702,NHITS
2021-08-29 13:00:00,2021-08-29 13:15:00,17.910263,NHITS
2021-08-29 13:00:00,2021-08-29 13:30:00,17.928894,NHITS
2021-08-29 13:00:00,2021-08-29 13:45:00,17.99887,NHITS
2021-08-29 14:00:00,2021-08-29 14:00:00,18.044876,NHITS
2021-08-29 14:00:00,2021-08-29 14:15:00,18.499924,NHITS
2021-08-29 14:00:00,2021-08-29 14:30:00,18.273064,NHITS
2021-08-29 14:00:00,2021-08-29 14:45:00,18.58136,NHITS
2021-08-29 15:00:00,2021-08-29 15:00:00,20.189957,NHITS
2021-08-29 15:00:00,2021-08-29 15:15:00,20.615181,NHITS
2021-08-29 15:00:00,2021-08-29 15:30:00,20.035248,NHITS
2021-08-29 15:00:00,2021-08-29 15:45:00,20.545227,NHITS
2021-08-29 16:00:00,2021-08-29 16:00:00,20.19358,NHITS
2021-08-29 16:00:00,2021-08-29 16:15:00,20.34127,NHITS
2021-08-29 16:00:00,2021-08-29 16:30:00,20.120232,NHITS
2021-08-29 16:00:00,2021-08-29 16:45:00,20.344635,NHITS
2021-08-29 17:00:00,2021-08-29 17:00:00,22.600632,NHITS
2021-08-29 17:00:00,2021-08-29 17:15:00,22.54934,NHITS
2021-08-29 17:00:00,2021-08-29 17:30:00,22.052746,NHITS
2021-08-29 17:00:00,2021-08-29 17:45:00,22.582035,NHITS
2021-08-29 18:00:00,2021-08-29 18:00:00,25.046753,NHITS
2021-08-29 18:00:00,2021-08-29 18:15:00,25.325165,NHITS
2021-08-29 18:00:00,2021-08-29 18:30:00,25.11005,NHITS
2021-08-29 18:00:00,2021-08-29 18:45:00,25.683098,NHITS
2021-08-29 19:00:00,2021-08-29 19:00:00,20.748077,NHITS
2021-08-29 19:00:00,2021-08-29 19:15:00,20.850266,NHITS
2021-08-29 19:00:00,2021-08-29 19:30:00,20.348984,NHITS
2021-08-29 19:00:00,2021-08-29 19:45:00,20.91201,NHITS
2021-08-29 20:00:00,2021-08-29 20:00:00,19.272781,NHITS
2021-08-29 20:00:00,2021-08-29 20:15:00,19.974655,NHITS
2021-08-29 20:00:00,2021-08-29 20:30:00,20.265205,NHITS
2021-08-29 20:00:00,2021-08-29 20:45:00,21.265419,NHITS
2021-08-29 21:00:00,2021-08-29 21:00:00,19.670036,NHITS
2021-08-29 21:00:00,2021-08-29 21:15:00,20.079422,NHITS
2021-08-29 21:00:00,2021-08-29 21:30:00,20.395386,NHITS
2021-08-29 21:00:00,2021-08-29 21:45:00,20.882408,NHITS
2021-08-29 22:00:00,2021-08-29 22:00:00,20.743279,NHITS
2021-08-29 22:00:00,2021-08-29 22:15:00,20.948326,NHITS
2021-08-29 22:00:00,2021-08-29 22:30:00,20.835297,NHITS
2021-08-29 22:00:00,2021-08-29 22:45:00,21.02259,NHITS
2021-08-29 23:00:00,2021-08-29 23:00:00,19.878052,NHITS
2021-08-29 23:00:00,2021-08-29 23:15:00,19.677452,NHITS
2021-08-29 23:00:00,2021-08-29 23:30:00,19.42273,NHITS
2021-08-29 23:00:00,2021-08-29 23:45:00,19.360298,NHITS
2021-08-30 00:00:00,2021-08-30 00:00:00,19.71495,NHITS
2021-08-30 00:00:00,2021-08-30 00:15:00,19.933975,NHITS
2021-08-30 00:00:00,2021-08-30 00:30:00,19.835197,NHITS
2021-08-30 00:00:00,2021-08-30 00:45:00,19.840263,NHITS
2021-08-30 01:00:00,2021-08-30 01:00:00,19.612175,NHITS
2021-08-30 01:00:00,2021-08-30 01:15:00,19.925423,NHITS
2021-08-30 01:00:00,2021-08-30 01:30:00,19.57222,NHITS
2021-08-30 01:00:00,2021-08-30 01:45:00,19.231506,NHITS
2021-08-30 02:00:00,2021-08-30 02:00:00,22.48745,NHITS
2021-08-30 02:00:00,2021-08-30 02:15:00,22.778542,NHITS
2021-08-30 02:00:00,2021-08-30 02:30:00,22.639122,NHITS
2021-08-30 02:00:00,2021-08-30 02:45:00,22.843895,NHITS
2021-08-30 03:00:00,2021-08-30 03:00:00,19.562943,NHITS
2021-08-30 03:00:00,2021-08-30 03:15:00,20.014305,NHITS
2021-08-30 03:00:00,2021-08-30 03:30:00,19.592613,NHITS
2021-08-30 03:00:00,2021-08-30 03:45:00,19.932945,NHITS
2021-08-30 04:00:00,2021-08-30 04:00:00,18.748207,NHITS
2021-08-30 04:00:00,2021-08-30 04:15:00,19.014244,NHITS
2021-08-30 04:00:00,2021-08-30 04:30:00,18.857666,NHITS
2021-08-30 04:00:00,2021-08-30 04:45:00,18.836174,NHITS
2021-08-30 05:00:00,2021-08-30 05:00:00,19.46553,NHITS
2021-08-30 05:00:00,2021-08-30 05:15:00,20.163078,NHITS
2021-08-30 05:00:00,2021-08-30 05:30:00,19.191277,NHITS
2021-08-30 05:00:00,2021-08-30 05:45:00,19.262314,NHITS
2021-08-30 06:00:00,2021-08-30 06:00:00,19.763023,NHITS
2021-08-30 06:00:00,2021-08-30 06:15:00,20.548279,NHITS
2021-08-30 06:00:00,2021-08-30 06:30:00,20.059364,NHITS
2021-08-30 06:00:00,2021-08-30 06:45:00,20.837044,NHITS
2021-08-30 07:00:00,2021-08-30 07:00:00,16.849007,NHITS
2021-08-30 07:00:00,2021-08-30 07:15:00,31.30896,NHITS
2021-08-30 07:00:00,2021-08-30 07:30:00,61.437424,NHITS
2021-08-30 07:00:00,2021-08-30 07:45:00,106.4273,NHITS
2021-08-30 08:00:00,2021-08-30 08:00:00,129.24426,NHITS
2021-08-30 08:00:00,2021-08-30 08:15:00,152.65576,NHITS
2021-08-30 08:00:00,2021-08-30 08:30:00,152.01698,NHITS
2021-08-30 08:00:00,2021-08-30 08:45:00,149.05185,NHITS
2021-08-30 09:00:00,2021-08-30 09:00:00,180.58316,NHITS
2021-08-30 09:00:00,2021-08-30 09:15:00,179.46924,NHITS
2021-08-30 09:00:00,2021-08-30 09:30:00,174.80557,NHITS
2021-08-30 09:00:00,2021-08-30 09:45:00,171.20624,NHITS
2021-08-30 10:00:00,2021-08-30 10:00:00,169.20013,NHITS
2021-08-30 10:00:00,2021-08-30 10:15:00,170.35777,NHITS
2021-08-30 10:00:00,2021-08-30 10:30:00,172.54947,NHITS
2021-08-30 10:00:00,2021-08-30 10:45:00,177.85095,NHITS
2021-08-30 11:00:00,2021-08-30 11:00:00,162.20079,NHITS
2021-08-30 11:00:00,2021-08-30 11:15:00,161.5401,NHITS
2021-08-30 11:00:00,2021-08-30 11:30:00,153.41844,NHITS
2021-08-30 11:00:00,2021-08-30 11:45:00,143.79663,NHITS
2021-08-30 12:00:00,2021-08-30 12:00:00,156.4336,NHITS
2021-08-30 12:00:00,2021-08-30 12:15:00,122.68243,NHITS
2021-08-30 12:00:00,2021-08-30 12:30:00,102.33185,NHITS
2021-08-30 12:00:00,2021-08-30 12:45:00,90.644226,NHITS
2021-08-30 13:00:00,2021-08-30 13:00:00,166.87215,NHITS
2021-08-30 13:00:00,2021-08-30 13:15:00,192.40317,NHITS
2021-08-30 13:00:00,2021-08-30 13:30:00,199.59723,NHITS
2021-08-30 13:00:00,2021-08-30 13:45:00,193.8982,NHITS
2021-08-30 14:00:00,2021-08-30 14:00:00,174.96036,NHITS
2021-08-30 14:00:00,2021-08-30 14:15:00,172.93073,NHITS
2021-08-30 14:00:00,2021-08-30 14:30:00,161.68806,NHITS
2021-08-30 14:00:00,2021-08-30 14:45:00,153.99472,NHITS
2021-08-30 15:00:00,2021-08-30 15:00:00,165.17685,NHITS
2021-08-30 15:00:00,2021-08-30 15:15:00,168.15707,NHITS
2021-08-30 15:00:00,2021-08-30 15:30:00,169.366,NHITS
2021-08-30 15:00:00,2021-08-30 15:45:00,171.65584,NHITS
2021-08-30 16:00:00,2021-08-30 16:00:00,178.74078,NHITS
2021-08-30 16:00:00,2021-08-30 16:15:00,172.69264,NHITS
2021-08-30 16:00:00,2021-08-30 16:30:00,160.01797,NHITS
2021-08-30 16:00:00,2021-08-30 16:45:00,153.06473,NHITS
2021-08-30 17:00:00,2021-08-30 17:00:00,149.06451,NHITS
2021-08-30 17:00:00,2021-08-30 17:15:00,142.45174,NHITS
2021-08-30 17:00:00,2021-08-30 17:30:00,150.19514,NHITS
2021-08-30 17:00:00,2021-08-30 17:45:00,160.15536,NHITS
2021-08-30 18:00:00,2021-08-30 18:00:00,165.51343,NHITS
2021-08-30 18:00:00,2021-08-30 18:15:00,165.47815,NHITS
2021-08-30 18:00:00,2021-08-30 18:30:00,164.05489,NHITS
2021-08-30 18:00:00,2021-08-30 18:45:00,162.94925,NHITS
2021-08-30 19:00:00,2021-08-30 19:00:00,166.85226,NHITS
2021-08-30 19:00:00,2021-08-30 19:15:00,161.57259,NHITS
2021-08-30 19:00:00,2021-08-30 19:30:00,150.95277,NHITS
2021-08-30 19:00:00,2021-08-30 19:45:00,145.40414,NHITS
2021-08-30 20:00:00,2021-08-30 20:00:00,128.62161,NHITS
2021-08-30 20:00:00,2021-08-30 20:15:00,130.9679,NHITS
2021-08-30 20:00:00,2021-08-30 20:30:00,132.77194,NHITS
2021-08-30 20:00:00,2021-08-30 20:45:00,132.93828,NHITS
2021-08-30 21:00:00,2021-08-30 21:00:00,128.7146,NHITS
2021-08-30 21:00:00,2021-08-30 21:15:00,127.76146,NHITS
2021-08-30 21:00:00,2021-08-30 21:30:00,125.74149,NHITS
2021-08-30 21:00:00,2021-08-30 21:45:00,124.71864,NHITS
2021-08-30 22:00:00,2021-08-30 22:00:00,123.777275,NHITS
2021-08-30 22:00:00,2021-08-30 22:15:00,123.77524,NHITS
2021-08-30 22:00:00,2021-08-30 22:30:00,124.75212,NHITS
2021-08-30 22:00:00,2021-08-30 22:45:00,125.6479,NHITS
2021-08-30 23:00:00,2021-08-30 23:00:00,116.87302,NHITS
2021-08-30 23:00:00,2021-08-30 23:15:00,111.58534,NHITS
2021-08-30 23:00:00,2021-08-30 23:30:00,102.49809,NHITS
2021-08-30 23:00:00,2021-08-30 23:45:00,98.06166,NHITS
2021-08-31 00:00:00,2021-08-31 00:00:00,73.761734,NHITS
2021-08-31 00:00:00,2021-08-31 00:15:00,70.1373,NHITS
2021-08-31 00:00:00,2021-08-31 00:30:00,72.65799,NHITS
2021-08-31 00:00:00,2021-08-31 00:45:00,78.8185,NHITS
2021-08-31 01:00:00,2021-08-31 01:00:00,89.48643,NHITS
2021-08-31 01:00:00,2021-08-31 01:15:00,101.768105,NHITS
2021-08-31 01:00:00,2021-08-31 01:30:00,106.65494,NHITS
2021-08-31 01:00:00,2021-08-31 01:45:00,107.536934,NHITS
2021-08-31 02:00:00,2021-08-31 02:00:00,108.57592,NHITS
2021-08-31 02:00:00,2021-08-31 02:15:00,108.85769,NHITS
2021-08-31 02:00:00,2021-08-31 02:30:00,106.377235,NHITS
2021-08-31 02:00:00,2021-08-31 02:45:00,105.59771,NHITS
2021-08-31 03:00:00,2021-08-31 03:00:00,100.64131,NHITS
2021-08-31 03:00:00,2021-08-31 03:15:00,103.607834,NHITS
2021-08-31 03:00:00,2021-08-31 03:30:00,104.432,NHITS
2021-08-31 03:00:00,2021-08-31 03:45:00,103.67327,NHITS
2021-08-31 04:00:00,2021-08-31 04:00:00,104.42029,NHITS
2021-08-31 04:00:00,2021-08-31 04:15:00,105.496925,NHITS
2021-08-31 04:00:00,2021-08-31 04:30:00,101.84621,NHITS
2021-08-31 04:00:00,2021-08-31 04:45:00,96.99404,NHITS
2021-08-31 05:00:00,2021-08-31 05:00:00,92.758255,NHITS
2021-08-31 05:00:00,2021-08-31 05:15:00,88.12715,NHITS
2021-08-31 05:00:00,2021-08-31 05:30:00,93.432724,NHITS
2021-08-31 05:00:00,2021-08-31 05:45:00,100.88295,NHITS
2021-08-31 06:00:00,2021-08-31 06:00:00,113.97177,NHITS
2021-08-31 06:00:00,2021-08-31 06:15:00,116.1817,NHITS
2021-08-31 06:00:00,2021-08-31 06:30:00,115.41809,NHITS
2021-08-31 06:00:00,2021-08-31 06:45:00,113.751785,NHITS
2021-08-31 07:00:00,2021-08-31 07:00:00,115.10596,NHITS
2021-08-31 07:00:00,2021-08-31 07:15:00,127.77069,NHITS
2021-08-31 07:00:00,2021-08-31 07:30:00,145.80952,NHITS
2021-08-31 07:00:00,2021-08-31 07:45:00,162.63208,NHITS
2021-08-31 08:00:00,2021-08-31 08:00:00,173.38354,NHITS
2021-08-31 08:00:00,2021-08-31 08:15:00,187.91058,NHITS
2021-08-31 08:00:00,2021-08-31 08:30:00,189.25433,NHITS
2021-08-31 08:00:00,2021-08-31 08:45:00,187.71446,NHITS
2021-08-31 09:00:00,2021-08-31 09:00:00,153.03728,NHITS
2021-08-31 09:00:00,2021-08-31 09:15:00,153.75761,NHITS
2021-08-31 09:00:00,2021-08-31 09:30:00,151.3175,NHITS
2021-08-31 09:00:00,2021-08-31 09:45:00,150.71062,NHITS
2021-08-31 10:00:00,2021-08-31 10:00:00,184.50662,NHITS
2021-08-31 10:00:00,2021-08-31 10:15:00,185.22731,NHITS
2021-08-31 10:00:00,2021-08-31 10:30:00,187.6484,NHITS
2021-08-31 10:00:00,2021-08-31 10:45:00,193.71205,NHITS
2021-08-31 11:00:00,2021-08-31 11:00:00,176.76665,NHITS
2021-08-31 11:00:00,2021-08-31 11:15:00,178.54593,NHITS
2021-08-31 11:00:00,2021-08-31 11:30:00,174.96399,NHITS
2021-08-31 11:00:00,2021-08-31 11:45:00,170.20734,NHITS
2021-08-31 12:00:00,2021-08-31 12:00:00,136.96655,NHITS
2021-08-31 12:00:00,2021-08-31 12:15:00,101.2829,NHITS
2021-08-31 12:00:00,2021-08-31 12:30:00,82.32431,NHITS
2021-08-31 12:00:00,2021-08-31 12:45:00,78.124405,NHITS
2021-08-31 13:00:00,2021-08-31 13:00:00,165.96362,NHITS
2021-08-31 13:00:00,2021-08-31 13:15:00,189.77132,NHITS
2021-08-31 13:00:00,2021-08-31 13:30:00,197.40582,NHITS
2021-08-31 13:00:00,2021-08-31 13:45:00,197.4277,NHITS
2021-08-31 14:00:00,2021-08-31 14:00:00,176.07408,NHITS
2021-08-31 14:00:00,2021-08-31 14:15:00,172.72928,NHITS
2021-08-31 14:00:00,2021-08-31 14:30:00,162.49637,NHITS
2021-08-31 14:00:00,2021-08-31 14:45:00,157.17685,NHITS
2021-08-31 15:00:00,2021-08-31 15:00:00,171.28683,NHITS
2021-08-31 15:00:00,2021-08-31 15:15:00,174.39175,NHITS
2021-08-31 15:00:00,2021-08-31 15:30:00,175.81342,NHITS
2021-08-31 15:00:00,2021-08-31 15:45:00,179.9739,NHITS
2021-08-31 16:00:00,2021-08-31 16:00:00,165.42383,NHITS
2021-08-31 16:00:00,2021-08-31 16:15:00,158.5704,NHITS
2021-08-31 16:00:00,2021-08-31 16:30:00,145.37755,NHITS
2021-08-31 16:00:00,2021-08-31 16:45:00,138.4114,NHITS
2021-08-31 17:00:00,2021-08-31 17:00:00,123.124176,NHITS
2021-08-31 17:00:00,2021-08-31 17:15:00,111.387436,NHITS
2021-08-31 17:00:00,2021-08-31 17:30:00,125.27242,NHITS
2021-08-31 17:00:00,2021-08-31 17:45:00,144.60872,NHITS
2021-08-31 18:00:00,2021-08-31 18:00:00,145.53731,NHITS
2021-08-31 18:00:00,2021-08-31 18:15:00,146.76357,NHITS
2021-08-31 18:00:00,2021-08-31 18:30:00,143.5699,NHITS
2021-08-31 18:00:00,2021-08-31 18:45:00,140.69682,NHITS
2021-08-31 19:00:00,2021-08-31 19:00:00,147.96584,NHITS
2021-08-31 19:00:00,2021-08-31 19:15:00,141.72566,NHITS
2021-08-31 19:00:00,2021-08-31 19:30:00,130.7421,NHITS
2021-08-31 19:00:00,2021-08-31 19:45:00,125.52417,NHITS
2021-08-31 20:00:00,2021-08-31 20:00:00,137.36267,NHITS
2021-08-31 20:00:00,2021-08-31 20:15:00,138.02184,NHITS
2021-08-31 20:00:00,2021-08-31 20:30:00,137.45465,NHITS
2021-08-31 20:00:00,2021-08-31 20:45:00,135.82848,NHITS
2021-08-31 21:00:00,2021-08-31 21:00:00,136.78653,NHITS
2021-08-31 21:00:00,2021-08-31 21:15:00,135.15402,NHITS
2021-08-31 21:00:00,2021-08-31 21:30:00,132.62659,NHITS
2021-08-31 21:00:00,2021-08-31 21:45:00,131.41777,NHITS
2021-08-31 22:00:00,2021-08-31 22:00:00,127.09433,NHITS
2021-08-31 22:00:00,2021-08-31 22:15:00,125.39244,NHITS
2021-08-31 22:00:00,2021-08-31 22:30:00,125.55138,NHITS
2021-08-31 22:00:00,2021-08-31 22:45:00,126.96676,NHITS
2021-08-31 23:00:00,2021-08-31 23:00:00,109.10761,NHITS
2021-08-31 23:00:00,2021-08-31 23:15:00,100.04729,NHITS
2021-08-31 23:00:00,2021-08-31 23:30:00,88.43215,NHITS
2021-08-31 23:00:00,2021-08-31 23:45:00,84.89482,NHITS
2021-09-01 00:00:00,2021-09-01 00:00:00,84.24578,NHITS
2021-09-01 00:00:00,2021-09-01 00:15:00,79.056564,NHITS
2021-09-01 00:00:00,2021-09-01 00:30:00,81.223114,NHITS
2021-09-01 00:00:00,2021-09-01 00:45:00,88.083855,NHITS
2021-09-01 01:00:00,2021-09-01 01:00:00,84.490234,NHITS
2021-09-01 01:00:00,2021-09-01 01:15:00,96.71895,NHITS
2021-09-01 01:00:00,2021-09-01 01:30:00,99.86541,NHITS
2021-09-01 01:00:00,2021-09-01 01:45:00,98.90191,NHITS
2021-09-01 02:00:00,2021-09-01 02:00:00,113.624245,NHITS
2021-09-01 02:00:00,2021-09-01 02:15:00,113.34287,NHITS
2021-09-01 02:00:00,2021-09-01 02:30:00,109.53656,NHITS
2021-09-01 02:00:00,2021-09-01 02:45:00,107.52324,NHITS
2021-09-01 03:00:00,2021-09-01 03:00:00,101.376854,NHITS
2021-09-01 03:00:00,2021-09-01 03:15:00,104.64608,NHITS
2021-09-01 03:00:00,2021-09-01 03:30:00,105.25163,NHITS
2021-09-01 03:00:00,2021-09-01 03:45:00,104.110535,NHITS
2021-09-01 04:00:00,2021-09-01 04:00:00,95.09022,NHITS
2021-09-01 04:00:00,2021-09-01 04:15:00,96.27439,NHITS
2021-09-01 04:00:00,2021-09-01 04:30:00,91.21953,NHITS
2021-09-01 04:00:00,2021-09-01 04:45:00,84.46907,NHITS
2021-09-01 05:00:00,2021-09-01 05:00:00,100.94241,NHITS
2021-09-01 05:00:00,2021-09-01 05:15:00,96.85909,NHITS
2021-09-01 05:00:00,2021-09-01 05:30:00,102.36332,NHITS
2021-09-01 05:00:00,2021-09-01 05:45:00,111.23462,NHITS
2021-09-01 06:00:00,2021-09-01 06:00:00,107.769035,NHITS
2021-09-01 06:00:00,2021-09-01 06:15:00,109.55104,NHITS
2021-09-01 06:00:00,2021-09-01 06:30:00,109.17435,NHITS
2021-09-01 06:00:00,2021-09-01 06:45:00,108.70088,NHITS
2021-09-01 07:00:00,2021-09-01 07:00:00,112.763916,NHITS
2021-09-01 07:00:00,2021-09-01 07:15:00,122.56912,NHITS
2021-09-01 07:00:00,2021-09-01 07:30:00,137.21136,NHITS
2021-09-01 07:00:00,2021-09-01 07:45:00,153.28128,NHITS
2021-09-01 08:00:00,2021-09-01 08:00:00,156.1759,NHITS
2021-09-01 08:00:00,2021-09-01 08:15:00,173.47644,NHITS
2021-09-01 08:00:00,2021-09-01 08:30:00,177.34346,NHITS
2021-09-01 08:00:00,2021-09-01 08:45:00,177.93309,NHITS
2021-09-01 09:00:00,2021-09-01 09:00:00,198.56627,NHITS
2021-09-01 09:00:00,2021-09-01 09:15:00,196.33989,NHITS
2021-09-01 09:00:00,2021-09-01 09:30:00,192.62411,NHITS
2021-09-01 09:00:00,2021-09-01 09:45:00,191.47708,NHITS
2021-09-01 10:00:00,2021-09-01 10:00:00,178.6243,NHITS
2021-09-01 10:00:00,2021-09-01 10:15:00,177.07242,NHITS
2021-09-01 10:00:00,2021-09-01 10:30:00,179.89726,NHITS
2021-09-01 10:00:00,2021-09-01 10:45:00,185.65363,NHITS
2021-09-01 11:00:00,2021-09-01 11:00:00,197.3442,NHITS
2021-09-01 11:00:00,2021-09-01 11:15:00,197.17035,NHITS
2021-09-01 11:00:00,2021-09-01 11:30:00,192.97372,NHITS
2021-09-01 11:00:00,2021-09-01 11:45:00,184.15736,NHITS
2021-09-01 12:00:00,2021-09-01 12:00:00,137.98949,NHITS
2021-09-01 12:00:00,2021-09-01 12:15:00,98.22305,NHITS
2021-09-01 12:00:00,2021-09-01 12:30:00,83.10068,NHITS
2021-09-01 12:00:00,2021-09-01 12:45:00,79.73747,NHITS
2021-09-01 13:00:00,2021-09-01 13:00:00,172.00195,NHITS
2021-09-01 13:00:00,2021-09-01 13:15:00,198.05666,NHITS
2021-09-01 13:00:00,2021-09-01 13:30:00,202.30762,NHITS
2021-09-01 13:00:00,2021-09-01 13:45:00,200.65416,NHITS
2021-09-01 14:00:00,2021-09-01 14:00:00,195.23706,NHITS
2021-09-01 14:00:00,2021-09-01 14:15:00,192.70215,NHITS
2021-09-01 14:00:00,2021-09-01 14:30:00,183.08786,NHITS
2021-09-01 14:00:00,2021-09-01 14:45:00,169.94064,NHITS
2021-09-01 15:00:00,2021-09-01 15:00:00,172.18134,NHITS
2021-09-01 15:00:00,2021-09-01 15:15:00,174.7193,NHITS
2021-09-01 15:00:00,2021-09-01 15:30:00,173.74974,NHITS
2021-09-01 15:00:00,2021-09-01 15:45:00,175.24472,NHITS
2021-09-01 16:00:00,2021-09-01 16:00:00,183.08685,NHITS
2021-09-01 16:00:00,2021-09-01 16:15:00,175.78838,NHITS
2021-09-01 16:00:00,2021-09-01 16:30:00,160.55765,NHITS
2021-09-01 16:00:00,2021-09-01 16:45:00,150.20763,NHITS
2021-09-01 17:00:00,2021-09-01 17:00:00,128.82555,NHITS
2021-09-01 17:00:00,2021-09-01 17:15:00,117.31191,NHITS
2021-09-01 17:00:00,2021-09-01 17:30:00,138.32372,NHITS
2021-09-01 17:00:00,2021-09-01 17:45:00,159.20111,NHITS
2021-09-01 18:00:00,2021-09-01 18:00:00,183.48532,NHITS
2021-09-01 18:00:00,2021-09-01 18:15:00,184.43402,NHITS
2021-09-01 18:00:00,2021-09-01 18:30:00,177.73808,NHITS
2021-09-01 18:00:00,2021-09-01 18:45:00,173.07071,NHITS
2021-09-01 19:00:00,2021-09-01 19:00:00,163.61336,NHITS
2021-09-01 19:00:00,2021-09-01 19:15:00,155.46706,NHITS
2021-09-01 19:00:00,2021-09-01 19:30:00,143.0372,NHITS
2021-09-01 19:00:00,2021-09-01 19:45:00,136.06572,NHITS
2021-09-01 20:00:00,2021-09-01 20:00:00,130.04445,NHITS
2021-09-01 20:00:00,2021-09-01 20:15:00,132.90395,NHITS
2021-09-01 20:00:00,2021-09-01 20:30:00,128.92416,NHITS
2021-09-01 20:00:00,2021-09-01 20:45:00,125.282364,NHITS
2021-09-01 21:00:00,2021-09-01 21:00:00,136.49043,NHITS
2021-09-01 21:00:00,2021-09-01 21:15:00,136.60812,NHITS
2021-09-01 21:00:00,2021-09-01 21:30:00,133.92154,NHITS
2021-09-01 21:00:00,2021-09-01 21:45:00,131.40897,NHITS
2021-09-01 22:00:00,2021-09-01 22:00:00,125.97819,NHITS
2021-09-01 22:00:00,2021-09-01 22:15:00,128.09515,NHITS
2021-09-01 22:00:00,2021-09-01 22:30:00,126.648056,NHITS
2021-09-01 22:00:00,2021-09-01 22:45:00,126.49934,NHITS
2021-09-01 23:00:00,2021-09-01 23:00:00,121.152115,NHITS
2021-09-01 23:00:00,2021-09-01 23:15:00,117.30294,NHITS
2021-09-01 23:00:00,2021-09-01 23:30:00,110.04527,NHITS
2021-09-01 23:00:00,2021-09-01 23:45:00,106.99883,NHITS
2021-09-02 00:00:00,2021-09-02 00:00:00,89.31195,NHITS
2021-09-02 00:00:00,2021-09-02 00:15:00,82.52964,NHITS
2021-09-02 00:00:00,2021-09-02 00:30:00,82.20522,NHITS
2021-09-02 00:00:00,2021-09-02 00:45:00,89.21458,NHITS
2021-09-02 01:00:00,2021-09-02 01:00:00,94.9785,NHITS
2021-09-02 01:00:00,2021-09-02 01:15:00,108.48064,NHITS
2021-09-02 01:00:00,2021-09-02 01:30:00,110.283165,NHITS
2021-09-02 01:00:00,2021-09-02 01:45:00,107.76904,NHITS
2021-09-02 02:00:00,2021-09-02 02:00:00,114.55549,NHITS
2021-09-02 02:00:00,2021-09-02 02:15:00,114.81501,NHITS
2021-09-02 02:00:00,2021-09-02 02:30:00,113.315475,NHITS
2021-09-02 02:00:00,2021-09-02 02:45:00,112.56735,NHITS
2021-09-02 03:00:00,2021-09-02 03:00:00,107.87023,NHITS
2021-09-02 03:00:00,2021-09-02 03:15:00,112.45243,NHITS
2021-09-02 03:00:00,2021-09-02 03:30:00,113.406784,NHITS
2021-09-02 03:00:00,2021-09-02 03:45:00,111.90179,NHITS
2021-09-02 04:00:00,2021-09-02 04:00:00,113.25598,NHITS
2021-09-02 04:00:00,2021-09-02 04:15:00,114.52713,NHITS
2021-09-02 04:00:00,2021-09-02 04:30:00,110.388374,NHITS
2021-09-02 04:00:00,2021-09-02 04:45:00,104.851944,NHITS
2021-09-02 05:00:00,2021-09-02 05:00:00,98.56363,NHITS
2021-09-02 05:00:00,2021-09-02 05:15:00,96.181564,NHITS
2021-09-02 05:00:00,2021-09-02 05:30:00,103.16582,NHITS
2021-09-02 05:00:00,2021-09-02 05:45:00,112.553764,NHITS
2021-09-02 06:00:00,2021-09-02 06:00:00,110.96453,NHITS
2021-09-02 06:00:00,2021-09-02 06:15:00,112.99331,NHITS
2021-09-02 06:00:00,2021-09-02 06:30:00,112.046906,NHITS
2021-09-02 06:00:00,2021-09-02 06:45:00,110.58487,NHITS
2021-09-02 07:00:00,2021-09-02 07:00:00,116.332504,NHITS
2021-09-02 07:00:00,2021-09-02 07:15:00,126.64458,NHITS
2021-09-02 07:00:00,2021-09-02 07:30:00,138.97736,NHITS
2021-09-02 07:00:00,2021-09-02 07:45:00,152.9145,NHITS
2021-09-02 08:00:00,2021-09-02 08:00:00,172.11124,NHITS
2021-09-02 08:00:00,2021-09-02 08:15:00,187.08247,NHITS
2021-09-02 08:00:00,2021-09-02 08:30:00,187.96533,NHITS
2021-09-02 08:00:00,2021-09-02 08:45:00,185.62173,NHITS
2021-09-02 09:00:00,2021-09-02 09:00:00,173.54568,NHITS
2021-09-02 09:00:00,2021-09-02 09:15:00,169.34781,NHITS
2021-09-02 09:00:00,2021-09-02 09:30:00,167.17578,NHITS
2021-09-02 09:00:00,2021-09-02 09:45:00,167.83173,NHITS
2021-09-02 10:00:00,2021-09-02 10:00:00,194.25638,NHITS
2021-09-02 10:00:00,2021-09-02 10:15:00,193.81102,NHITS
2021-09-02 10:00:00,2021-09-02 10:30:00,197.38518,NHITS
2021-09-02 10:00:00,2021-09-02 10:45:00,203.19165,NHITS
2021-09-02 11:00:00,2021-09-02 11:00:00,191.30617,NHITS
2021-09-02 11:00:00,2021-09-02 11:15:00,189.5966,NHITS
2021-09-02 11:00:00,2021-09-02 11:30:00,184.23773,NHITS
2021-09-02 11:00:00,2021-09-02 11:45:00,176.36758,NHITS
2021-09-02 12:00:00,2021-09-02 12:00:00,167.5511,NHITS
2021-09-02 12:00:00,2021-09-02 12:15:00,122.689026,NHITS
2021-09-02 12:00:00,2021-09-02 12:30:00,106.73045,NHITS
2021-09-02 12:00:00,2021-09-02 12:45:00,105.385925,NHITS
2021-09-02 13:00:00,2021-09-02 13:00:00,155.38983,NHITS
2021-09-02 13:00:00,2021-09-02 13:15:00,177.61078,NHITS
2021-09-02 13:00:00,2021-09-02 13:30:00,183.61877,NHITS
2021-09-02 13:00:00,2021-09-02 13:45:00,181.41272,NHITS
2021-09-02 14:00:00,2021-09-02 14:00:00,188.72336,NHITS
2021-09-02 14:00:00,2021-09-02 14:15:00,183.73447,NHITS
2021-09-02 14:00:00,2021-09-02 14:30:00,174.02927,NHITS
2021-09-02 14:00:00,2021-09-02 14:45:00,159.17126,NHITS
2021-09-02 15:00:00,2021-09-02 15:00:00,179.68779,NHITS
2021-09-02 15:00:00,2021-09-02 15:15:00,178.60426,NHITS
2021-09-02 15:00:00,2021-09-02 15:30:00,180.61432,NHITS
2021-09-02 15:00:00,2021-09-02 15:45:00,180.5264,NHITS
2021-09-02 16:00:00,2021-09-02 16:00:00,176.14752,NHITS
2021-09-02 16:00:00,2021-09-02 16:15:00,168.36621,NHITS
2021-09-02 16:00:00,2021-09-02 16:30:00,152.88388,NHITS
2021-09-02 16:00:00,2021-09-02 16:45:00,142.56297,NHITS
2021-09-02 17:00:00,2021-09-02 17:00:00,134.4712,NHITS
2021-09-02 17:00:00,2021-09-02 17:15:00,116.56647,NHITS
2021-09-02 17:00:00,2021-09-02 17:30:00,136.99356,NHITS
2021-09-02 17:00:00,2021-09-02 17:45:00,159.10112,NHITS
2021-09-02 18:00:00,2021-09-02 18:00:00,158.84953,NHITS
2021-09-02 18:00:00,2021-09-02 18:15:00,160.89418,NHITS
2021-09-02 18:00:00,2021-09-02 18:30:00,157.07968,NHITS
2021-09-02 18:00:00,2021-09-02 18:45:00,153.97586,NHITS
2021-09-02 19:00:00,2021-09-02 19:00:00,168.43164,NHITS
2021-09-02 19:00:00,2021-09-02 19:15:00,163.94257,NHITS
2021-09-02 19:00:00,2021-09-02 19:30:00,155.97513,NHITS
2021-09-02 19:00:00,2021-09-02 19:45:00,150.68983,NHITS
2021-09-02 20:00:00,2021-09-02 20:00:00,139.7788,NHITS
2021-09-02 20:00:00,2021-09-02 20:15:00,141.38322,NHITS
2021-09-02 20:00:00,2021-09-02 20:30:00,138.87852,NHITS
2021-09-02 20:00:00,2021-09-02 20:45:00,135.42038,NHITS
2021-09-02 21:00:00,2021-09-02 21:00:00,126.63472,NHITS
2021-09-02 21:00:00,2021-09-02 21:15:00,127.270615,NHITS
2021-09-02 21:00:00,2021-09-02 21:30:00,125.74809,NHITS
2021-09-02 21:00:00,2021-09-02 21:45:00,122.99442,NHITS
2021-09-02 22:00:00,2021-09-02 22:00:00,129.57784,NHITS
2021-09-02 22:00:00,2021-09-02 22:15:00,132.32166,NHITS
2021-09-02 22:00:00,2021-09-02 22:30:00,131.29622,NHITS
2021-09-02 22:00:00,2021-09-02 22:45:00,129.72816,NHITS
2021-09-02 23:00:00,2021-09-02 23:00:00,127.7556,NHITS
2021-09-02 23:00:00,2021-09-02 23:15:00,126.89899,NHITS
2021-09-02 23:00:00,2021-09-02 23:30:00,122.396484,NHITS
2021-09-02 23:00:00,2021-09-02 23:45:00,118.6097,NHITS
2021-09-03 00:00:00,2021-09-03 00:00:00,85.19376,NHITS
2021-09-03 00:00:00,2021-09-03 00:15:00,77.38176,NHITS
2021-09-03 00:00:00,2021-09-03 00:30:00,75.54931,NHITS
2021-09-03 00:00:00,2021-09-03 00:45:00,80.25484,NHITS
2021-09-03 01:00:00,2021-09-03 01:00:00,91.13781,NHITS
2021-09-03 01:00:00,2021-09-03 01:15:00,102.04546,NHITS
2021-09-03 01:00:00,2021-09-03 01:30:00,101.211716,NHITS
2021-09-03 01:00:00,2021-09-03 01:45:00,98.97649,NHITS
2021-09-03 02:00:00,2021-09-03 02:00:00,118.4923,NHITS
2021-09-03 02:00:00,2021-09-03 02:15:00,118.91362,NHITS
2021-09-03 02:00:00,2021-09-03 02:30:00,118.59518,NHITS
2021-09-03 02:00:00,2021-09-03 02:45:00,117.99765,NHITS
2021-09-03 03:00:00,2021-09-03 03:00:00,105.87498,NHITS
2021-09-03 03:00:00,2021-09-03 03:15:00,108.843,NHITS
2021-09-03 03:00:00,2021-09-03 03:30:00,108.51597,NHITS
2021-09-03 03:00:00,2021-09-03 03:45:00,106.83957,NHITS
2021-09-03 04:00:00,2021-09-03 04:00:00,110.87024,NHITS
2021-09-03 04:00:00,2021-09-03 04:15:00,111.20192,NHITS
2021-09-03 04:00:00,2021-09-03 04:30:00,109.81095,NHITS
2021-09-03 04:00:00,2021-09-03 04:45:00,107.71659,NHITS
2021-09-03 05:00:00,2021-09-03 05:00:00,98.59025,NHITS
2021-09-03 05:00:00,2021-09-03 05:15:00,97.99466,NHITS
2021-09-03 05:00:00,2021-09-03 05:30:00,100.39638,NHITS
2021-09-03 05:00:00,2021-09-03 05:45:00,102.5602,NHITS
2021-09-03 06:00:00,2021-09-03 06:00:00,116.03221,NHITS
2021-09-03 06:00:00,2021-09-03 06:15:00,116.71615,NHITS
2021-09-03 06:00:00,2021-09-03 06:30:00,115.73955,NHITS
2021-09-03 06:00:00,2021-09-03 06:45:00,113.291435,NHITS
2021-09-03 07:00:00,2021-09-03 07:00:00,105.1896,NHITS
2021-09-03 07:00:00,2021-09-03 07:15:00,115.01937,NHITS
2021-09-03 07:00:00,2021-09-03 07:30:00,126.83844,NHITS
2021-09-03 07:00:00,2021-09-03 07:45:00,136.14539,NHITS
2021-09-03 08:00:00,2021-09-03 08:00:00,167.49509,NHITS
2021-09-03 08:00:00,2021-09-03 08:15:00,180.61852,NHITS
2021-09-03 08:00:00,2021-09-03 08:30:00,181.2387,NHITS
2021-09-03 08:00:00,2021-09-03 08:45:00,176.87105,NHITS
2021-09-03 09:00:00,2021-09-03 09:00:00,177.03961,NHITS
2021-09-03 09:00:00,2021-09-03 09:15:00,173.29813,NHITS
2021-09-03 09:00:00,2021-09-03 09:30:00,169.47327,NHITS
2021-09-03 09:00:00,2021-09-03 09:45:00,173.40222,NHITS
2021-09-03 10:00:00,2021-09-03 10:00:00,173.75093,NHITS
2021-09-03 10:00:00,2021-09-03 10:15:00,175.51111,NHITS
2021-09-03 10:00:00,2021-09-03 10:30:00,179.01254,NHITS
2021-09-03 10:00:00,2021-09-03 10:45:00,185.2799,NHITS
2021-09-03 11:00:00,2021-09-03 11:00:00,170.12543,NHITS
2021-09-03 11:00:00,2021-09-03 11:15:00,170.94382,NHITS
2021-09-03 11:00:00,2021-09-03 11:30:00,170.04752,NHITS
2021-09-03 11:00:00,2021-09-03 11:45:00,168.03476,NHITS
2021-09-03 12:00:00,2021-09-03 12:00:00,171.31345,NHITS
2021-09-03 12:00:00,2021-09-03 12:15:00,128.47197,NHITS
2021-09-03 12:00:00,2021-09-03 12:30:00,110.47583,NHITS
2021-09-03 12:00:00,2021-09-03 12:45:00,111.78168,NHITS
2021-09-03 13:00:00,2021-09-03 13:00:00,155.01385,NHITS
2021-09-03 13:00:00,2021-09-03 13:15:00,176.75171,NHITS
2021-09-03 13:00:00,2021-09-03 13:30:00,181.39395,NHITS
2021-09-03 13:00:00,2021-09-03 13:45:00,177.34982,NHITS
2021-09-03 14:00:00,2021-09-03 14:00:00,180.46716,NHITS
2021-09-03 14:00:00,2021-09-03 14:15:00,176.16467,NHITS
2021-09-03 14:00:00,2021-09-03 14:30:00,164.64365,NHITS
2021-09-03 14:00:00,2021-09-03 14:45:00,156.4935,NHITS
2021-09-03 15:00:00,2021-09-03 15:00:00,167.22588,NHITS
2021-09-03 15:00:00,2021-09-03 15:15:00,166.62491,NHITS
2021-09-03 15:00:00,2021-09-03 15:30:00,169.84558,NHITS
2021-09-03 15:00:00,2021-09-03 15:45:00,174.01773,NHITS
2021-09-03 16:00:00,2021-09-03 16:00:00,147.1467,NHITS
2021-09-03 16:00:00,2021-09-03 16:15:00,143.79514,NHITS
2021-09-03 16:00:00,2021-09-03 16:30:00,135.65237,NHITS
2021-09-03 16:00:00,2021-09-03 16:45:00,130.01987,NHITS
2021-09-03 17:00:00,2021-09-03 17:00:00,130.60402,NHITS
2021-09-03 17:00:00,2021-09-03 17:15:00,121.80773,NHITS
2021-09-03 17:00:00,2021-09-03 17:30:00,145.21747,NHITS
2021-09-03 17:00:00,2021-09-03 17:45:00,165.80229,NHITS
2021-09-03 18:00:00,2021-09-03 18:00:00,169.22728,NHITS
2021-09-03 18:00:00,2021-09-03 18:15:00,170.67252,NHITS
2021-09-03 18:00:00,2021-09-03 18:30:00,168.08267,NHITS
2021-09-03 18:00:00,2021-09-03 18:45:00,165.52014,NHITS
2021-09-03 19:00:00,2021-09-03 19:00:00,138.09613,NHITS
2021-09-03 19:00:00,2021-09-03 19:15:00,129.32086,NHITS
2021-09-03 19:00:00,2021-09-03 19:30:00,116.51231,NHITS
2021-09-03 19:00:00,2021-09-03 19:45:00,109.09497,NHITS
2021-09-03 20:00:00,2021-09-03 20:00:00,118.17771,NHITS
2021-09-03 20:00:00,2021-09-03 20:15:00,120.9118,NHITS
2021-09-03 20:00:00,2021-09-03 20:30:00,120.559555,NHITS
2021-09-03 20:00:00,2021-09-03 20:45:00,118.452644,NHITS
2021-09-03 21:00:00,2021-09-03 21:00:00,110.87935,NHITS
2021-09-03 21:00:00,2021-09-03 21:15:00,111.70575,NHITS
2021-09-03 21:00:00,2021-09-03 21:30:00,111.70929,NHITS
2021-09-03 21:00:00,2021-09-03 21:45:00,110.19521,NHITS
2021-09-03 22:00:00,2021-09-03 22:00:00,105.44259,NHITS
2021-09-03 22:00:00,2021-09-03 22:15:00,107.725624,NHITS
2021-09-03 22:00:00,2021-09-03 22:30:00,108.8902,NHITS
2021-09-03 22:00:00,2021-09-03 22:45:00,108.74076,NHITS
2021-09-03 23:00:00,2021-09-03 23:00:00,116.27777,NHITS
2021-09-03 23:00:00,2021-09-03 23:15:00,114.69118,NHITS
2021-09-03 23:00:00,2021-09-03 23:30:00,111.4805,NHITS
2021-09-03 23:00:00,2021-09-03 23:45:00,109.35585,NHITS
2021-09-04 00:00:00,2021-09-04 00:00:00,72.02227,NHITS
2021-09-04 00:00:00,2021-09-04 00:15:00,68.1395,NHITS
2021-09-04 00:00:00,2021-09-04 00:30:00,68.71773,NHITS
2021-09-04 00:00:00,2021-09-04 00:45:00,75.02161,NHITS
2021-09-04 01:00:00,2021-09-04 01:00:00,77.49889,NHITS
2021-09-04 01:00:00,2021-09-04 01:15:00,88.45763,NHITS
2021-09-04 01:00:00,2021-09-04 01:30:00,88.630806,NHITS
2021-09-04 01:00:00,2021-09-04 01:45:00,87.06629,NHITS
2021-09-04 02:00:00,2021-09-04 02:00:00,105.885056,NHITS
2021-09-04 02:00:00,2021-09-04 02:15:00,105.4503,NHITS
2021-09-04 02:00:00,2021-09-04 02:30:00,103.48802,NHITS
2021-09-04 02:00:00,2021-09-04 02:45:00,102.83689,NHITS
2021-09-04 03:00:00,2021-09-04 03:00:00,105.29127,NHITS
2021-09-04 03:00:00,2021-09-04 03:15:00,106.96538,NHITS
2021-09-04 03:00:00,2021-09-04 03:30:00,108.9536,NHITS
2021-09-04 03:00:00,2021-09-04 03:45:00,109.94736,NHITS
2021-09-04 04:00:00,2021-09-04 04:00:00,94.34813,NHITS
2021-09-04 04:00:00,2021-09-04 04:15:00,95.0871,NHITS
2021-09-04 04:00:00,2021-09-04 04:30:00,94.49134,NHITS
2021-09-04 04:00:00,2021-09-04 04:45:00,93.82034,NHITS
2021-09-04 05:00:00,2021-09-04 05:00:00,102.18664,NHITS
2021-09-04 05:00:00,2021-09-04 05:15:00,98.497406,NHITS
2021-09-04 05:00:00,2021-09-04 05:30:00,98.58252,NHITS
2021-09-04 05:00:00,2021-09-04 05:45:00,101.32602,NHITS
2021-09-04 06:00:00,2021-09-04 06:00:00,105.94292,NHITS
2021-09-04 06:00:00,2021-09-04 06:15:00,108.05701,NHITS
2021-09-04 06:00:00,2021-09-04 06:30:00,107.59415,NHITS
2021-09-04 06:00:00,2021-09-04 06:45:00,105.96532,NHITS
2021-09-04 07:00:00,2021-09-04 07:00:00,100.1598,NHITS
2021-09-04 07:00:00,2021-09-04 07:15:00,81.956436,NHITS
2021-09-04 07:00:00,2021-09-04 07:30:00,62.343147,NHITS
2021-09-04 07:00:00,2021-09-04 07:45:00,46.4473,NHITS
2021-09-04 08:00:00,2021-09-04 08:00:00,32.616108,NHITS
2021-09-04 08:00:00,2021-09-04 08:15:00,32.051746,NHITS
2021-09-04 08:00:00,2021-09-04 08:30:00,31.275574,NHITS
2021-09-04 08:00:00,2021-09-04 08:45:00,32.051746,NHITS
2021-09-04 09:00:00,2021-09-04 09:00:00,30.94228,NHITS
2021-09-04 09:00:00,2021-09-04 09:15:00,31.565388,NHITS
2021-09-04 09:00:00,2021-09-04 09:30:00,30.980309,NHITS
2021-09-04 09:00:00,2021-09-04 09:45:00,30.884243,NHITS
2021-09-04 10:00:00,2021-09-04 10:00:00,31.471989,NHITS
2021-09-04 10:00:00,2021-09-04 10:15:00,31.821857,NHITS
2021-09-04 10:00:00,2021-09-04 10:30:00,31.995224,NHITS
2021-09-04 10:00:00,2021-09-04 10:45:00,31.930546,NHITS
2021-09-04 11:00:00,2021-09-04 11:00:00,33.43375,NHITS
2021-09-04 11:00:00,2021-09-04 11:15:00,34.114243,NHITS
2021-09-04 11:00:00,2021-09-04 11:30:00,33.746967,NHITS
2021-09-04 11:00:00,2021-09-04 11:45:00,33.2842,NHITS
2021-09-04 12:00:00,2021-09-04 12:00:00,30.297855,NHITS
2021-09-04 12:00:00,2021-09-04 12:15:00,30.767532,NHITS
2021-09-04 12:00:00,2021-09-04 12:30:00,28.879864,NHITS
2021-09-04 12:00:00,2021-09-04 12:45:00,27.241058,NHITS
2021-09-04 13:00:00,2021-09-04 13:00:00,31.353977,NHITS
2021-09-04 13:00:00,2021-09-04 13:15:00,32.06006,NHITS
2021-09-04 13:00:00,2021-09-04 13:30:00,31.60841,NHITS
2021-09-04 13:00:00,2021-09-04 13:45:00,31.165874,NHITS
2021-09-04 14:00:00,2021-09-04 14:00:00,36.62989,NHITS
2021-09-04 14:00:00,2021-09-04 14:15:00,37.346405,NHITS
2021-09-04 14:00:00,2021-09-04 14:30:00,37.67588,NHITS
2021-09-04 14:00:00,2021-09-04 14:45:00,37.198963,NHITS
2021-09-04 15:00:00,2021-09-04 15:00:00,32.851173,NHITS
2021-09-04 15:00:00,2021-09-04 15:15:00,33.30738,NHITS
2021-09-04 15:00:00,2021-09-04 15:30:00,33.15646,NHITS
2021-09-04 15:00:00,2021-09-04 15:45:00,32.70582,NHITS
2021-09-04 16:00:00,2021-09-04 16:00:00,32.81369,NHITS
2021-09-04 16:00:00,2021-09-04 16:15:00,33.0878,NHITS
2021-09-04 16:00:00,2021-09-04 16:30:00,32.852997,NHITS
2021-09-04 16:00:00,2021-09-04 16:45:00,32.668095,NHITS
2021-09-04 17:00:00,2021-09-04 17:00:00,42.956993,NHITS
2021-09-04 17:00:00,2021-09-04 17:15:00,43.129833,NHITS
2021-09-04 17:00:00,2021-09-04 17:30:00,42.826786,NHITS
2021-09-04 17:00:00,2021-09-04 17:45:00,42.57102,NHITS
2021-09-04 18:00:00,2021-09-04 18:00:00,30.914959,NHITS
2021-09-04 18:00:00,2021-09-04 18:15:00,31.26693,NHITS
2021-09-04 18:00:00,2021-09-04 18:30:00,31.04078,NHITS
2021-09-04 18:00:00,2021-09-04 18:45:00,30.696304,NHITS
2021-09-04 19:00:00,2021-09-04 19:00:00,23.97496,NHITS
2021-09-04 19:00:00,2021-09-04 19:15:00,24.168106,NHITS
2021-09-04 19:00:00,2021-09-04 19:30:00,23.707375,NHITS
2021-09-04 19:00:00,2021-09-04 19:45:00,23.696358,NHITS
2021-09-04 20:00:00,2021-09-04 20:00:00,22.620537,NHITS
2021-09-04 20:00:00,2021-09-04 20:15:00,23.155685,NHITS
2021-09-04 20:00:00,2021-09-04 20:30:00,23.211563,NHITS
2021-09-04 20:00:00,2021-09-04 20:45:00,23.172844,NHITS
2021-09-04 21:00:00,2021-09-04 21:00:00,25.23502,NHITS
2021-09-04 21:00:00,2021-09-04 21:15:00,25.366535,NHITS
2021-09-04 21:00:00,2021-09-04 21:30:00,25.391918,NHITS
2021-09-04 21:00:00,2021-09-04 21:45:00,25.539837,NHITS
2021-09-04 22:00:00,2021-09-04 22:00:00,21.908485,NHITS
2021-09-04 22:00:00,2021-09-04 22:15:00,21.866928,NHITS
2021-09-04 22:00:00,2021-09-04 22:30:00,21.875786,NHITS
2021-09-04 22:00:00,2021-09-04 22:45:00,21.93148,NHITS
2021-09-04 23:00:00,2021-09-04 23:00:00,22.61219,NHITS
2021-09-04 23:00:00,2021-09-04 23:15:00,22.586792,NHITS
2021-09-04 23:00:00,2021-09-04 23:30:00,22.46804,NHITS
2021-09-04 23:00:00,2021-09-04 23:45:00,22.312828,NHITS
2021-09-05 00:00:00,2021-09-05 00:00:00,22.493935,NHITS
2021-09-05 00:00:00,2021-09-05 00:15:00,22.669998,NHITS
2021-09-05 00:00:00,2021-09-05 00:30:00,22.662903,NHITS
2021-09-05 00:00:00,2021-09-05 00:45:00,22.652245,NHITS
2021-09-05 01:00:00,2021-09-05 01:00:00,23.748672,NHITS
2021-09-05 01:00:00,2021-09-05 01:15:00,24.088623,NHITS
2021-09-05 01:00:00,2021-09-05 01:30:00,23.836517,NHITS
2021-09-05 01:00:00,2021-09-05 01:45:00,23.654457,NHITS
2021-09-05 02:00:00,2021-09-05 02:00:00,21.515564,NHITS
2021-09-05 02:00:00,2021-09-05 02:15:00,21.783974,NHITS
2021-09-05 02:00:00,2021-09-05 02:30:00,21.551262,NHITS
2021-09-05 02:00:00,2021-09-05 02:45:00,21.622696,NHITS
2021-09-05 03:00:00,2021-09-05 03:00:00,21.915901,NHITS
2021-09-05 03:00:00,2021-09-05 03:15:00,22.25071,NHITS
2021-09-05 03:00:00,2021-09-05 03:30:00,21.927048,NHITS
2021-09-05 03:00:00,2021-09-05 03:45:00,22.01252,NHITS
2021-09-05 04:00:00,2021-09-05 04:00:00,22.129242,NHITS
2021-09-05 04:00:00,2021-09-05 04:15:00,22.307373,NHITS
2021-09-05 04:00:00,2021-09-05 04:30:00,21.981804,NHITS
2021-09-05 04:00:00,2021-09-05 04:45:00,22.02623,NHITS
2021-09-05 05:00:00,2021-09-05 05:00:00,21.963089,NHITS
2021-09-05 05:00:00,2021-09-05 05:15:00,22.16372,NHITS
2021-09-05 05:00:00,2021-09-05 05:30:00,21.774742,NHITS
2021-09-05 05:00:00,2021-09-05 05:45:00,22.304214,NHITS
2021-09-05 06:00:00,2021-09-05 06:00:00,22.377518,NHITS
2021-09-05 06:00:00,2021-09-05 06:15:00,22.32962,NHITS
2021-09-05 06:00:00,2021-09-05 06:30:00,21.939606,NHITS
2021-09-05 06:00:00,2021-09-05 06:45:00,22.169464,NHITS
2021-09-05 07:00:00,2021-09-05 07:00:00,22.042656,NHITS
2021-09-05 07:00:00,2021-09-05 07:15:00,22.138092,NHITS
2021-09-05 07:00:00,2021-09-05 07:30:00,21.677284,NHITS
2021-09-05 07:00:00,2021-09-05 07:45:00,21.82502,NHITS
2021-09-05 08:00:00,2021-09-05 08:00:00,21.912926,NHITS
2021-09-05 08:00:00,2021-09-05 08:15:00,22.316803,NHITS
2021-09-05 08:00:00,2021-09-05 08:30:00,22.017197,NHITS
2021-09-05 08:00:00,2021-09-05 08:45:00,22.489716,NHITS
2021-09-05 09:00:00,2021-09-05 09:00:00,23.153587,NHITS
2021-09-05 09:00:00,2021-09-05 09:15:00,23.190872,NHITS
2021-09-05 09:00:00,2021-09-05 09:30:00,22.50637,NHITS
2021-09-05 09:00:00,2021-09-05 09:45:00,22.50138,NHITS
2021-09-05 10:00:00,2021-09-05 10:00:00,22.7305,NHITS
2021-09-05 10:00:00,2021-09-05 10:15:00,22.958115,NHITS
2021-09-05 10:00:00,2021-09-05 10:30:00,22.673508,NHITS
2021-09-05 10:00:00,2021-09-05 10:45:00,22.747131,NHITS
2021-09-05 11:00:00,2021-09-05 11:00:00,21.766174,NHITS
2021-09-05 11:00:00,2021-09-05 11:15:00,21.916931,NHITS
2021-09-05 11:00:00,2021-09-05 11:30:00,21.75917,NHITS
2021-09-05 11:00:00,2021-09-05 11:45:00,21.820038,NHITS
2021-09-05 12:00:00,2021-09-05 12:00:00,21.665794,NHITS
2021-09-05 12:00:00,2021-09-05 12:15:00,21.751312,NHITS
2021-09-05 12:00:00,2021-09-05 12:30:00,21.69368,NHITS
2021-09-05 12:00:00,2021-09-05 12:45:00,21.60466,NHITS
2021-09-05 13:00:00,2021-09-05 13:00:00,21.78086,NHITS
2021-09-05 13:00:00,2021-09-05 13:15:00,21.898674,NHITS
2021-09-05 13:00:00,2021-09-05 13:30:00,21.56514,NHITS
2021-09-05 13:00:00,2021-09-05 13:45:00,21.377907,NHITS
2021-09-05 14:00:00,2021-09-05 14:00:00,22.005089,NHITS
2021-09-05 14:00:00,2021-09-05 14:15:00,22.012283,NHITS
2021-09-05 14:00:00,2021-09-05 14:30:00,21.937187,NHITS
2021-09-05 14:00:00,2021-09-05 14:45:00,21.811928,NHITS
2021-09-05 15:00:00,2021-09-05 15:00:00,22.961708,NHITS
2021-09-05 15:00:00,2021-09-05 15:15:00,23.232025,NHITS
2021-09-05 15:00:00,2021-09-05 15:30:00,22.806343,NHITS
2021-09-05 15:00:00,2021-09-05 15:45:00,22.578987,NHITS
2021-09-05 16:00:00,2021-09-05 16:00:00,27.875511,NHITS
2021-09-05 16:00:00,2021-09-05 16:15:00,28.072971,NHITS
2021-09-05 16:00:00,2021-09-05 16:30:00,27.55642,NHITS
2021-09-05 16:00:00,2021-09-05 16:45:00,27.208183,NHITS
2021-09-05 17:00:00,2021-09-05 17:00:00,21.573334,NHITS
2021-09-05 17:00:00,2021-09-05 17:15:00,21.610443,NHITS
2021-09-05 17:00:00,2021-09-05 17:30:00,20.983597,NHITS
2021-09-05 17:00:00,2021-09-05 17:45:00,20.577103,NHITS
2021-09-05 18:00:00,2021-09-05 18:00:00,23.029167,NHITS
2021-09-05 18:00:00,2021-09-05 18:15:00,23.125252,NHITS
2021-09-05 18:00:00,2021-09-05 18:30:00,22.900612,NHITS
2021-09-05 18:00:00,2021-09-05 18:45:00,22.6762,NHITS
2021-09-05 19:00:00,2021-09-05 19:00:00,22.03807,NHITS
2021-09-05 19:00:00,2021-09-05 19:15:00,22.225624,NHITS
2021-09-05 19:00:00,2021-09-05 19:30:00,21.845207,NHITS
2021-09-05 19:00:00,2021-09-05 19:45:00,21.83033,NHITS
2021-09-05 20:00:00,2021-09-05 20:00:00,23.168526,NHITS
2021-09-05 20:00:00,2021-09-05 20:15:00,23.261665,NHITS
2021-09-05 20:00:00,2021-09-05 20:30:00,23.215607,NHITS
2021-09-05 20:00:00,2021-09-05 20:45:00,22.956795,NHITS
2021-09-05 21:00:00,2021-09-05 21:00:00,23.113274,NHITS
2021-09-05 21:00:00,2021-09-05 21:15:00,23.092285,NHITS
2021-09-05 21:00:00,2021-09-05 21:30:00,22.924988,NHITS
2021-09-05 21:00:00,2021-09-05 21:45:00,22.821182,NHITS
2021-09-05 22:00:00,2021-09-05 22:00:00,21.885147,NHITS
2021-09-05 22:00:00,2021-09-05 22:15:00,21.809433,NHITS
2021-09-05 22:00:00,2021-09-05 22:30:00,21.664597,NHITS
2021-09-05 22:00:00,2021-09-05 22:45:00,21.618835,NHITS
2021-09-05 23:00:00,2021-09-05 23:00:00,26.836502,NHITS
2021-09-05 23:00:00,2021-09-05 23:15:00,26.814213,NHITS
2021-09-05 23:00:00,2021-09-05 23:30:00,26.596565,NHITS
2021-09-05 23:00:00,2021-09-05 23:45:00,26.419865,NHITS
2021-09-06 00:00:00,2021-09-06 00:00:00,21.90786,NHITS
2021-09-06 00:00:00,2021-09-06 00:15:00,22.140305,NHITS
2021-09-06 00:00:00,2021-09-06 00:30:00,22.25673,NHITS
2021-09-06 00:00:00,2021-09-06 00:45:00,22.140503,NHITS
2021-09-06 01:00:00,2021-09-06 01:00:00,22.150436,NHITS
2021-09-06 01:00:00,2021-09-06 01:15:00,22.03312,NHITS
2021-09-06 01:00:00,2021-09-06 01:30:00,22.043877,NHITS
2021-09-06 01:00:00,2021-09-06 01:45:00,21.51799,NHITS
2021-09-06 02:00:00,2021-09-06 02:00:00,22.201942,NHITS
2021-09-06 02:00:00,2021-09-06 02:15:00,21.999771,NHITS
2021-09-06 02:00:00,2021-09-06 02:30:00,22.32064,NHITS
2021-09-06 02:00:00,2021-09-06 02:45:00,22.086365,NHITS
2021-09-06 03:00:00,2021-09-06 03:00:00,22.226349,NHITS
2021-09-06 03:00:00,2021-09-06 03:15:00,21.995796,NHITS
2021-09-06 03:00:00,2021-09-06 03:30:00,21.802147,NHITS
2021-09-06 03:00:00,2021-09-06 03:45:00,21.628769,NHITS
2021-09-06 04:00:00,2021-09-06 04:00:00,22.158577,NHITS
2021-09-06 04:00:00,2021-09-06 04:15:00,21.924416,NHITS
2021-09-06 04:00:00,2021-09-06 04:30:00,22.077568,NHITS
2021-09-06 04:00:00,2021-09-06 04:45:00,21.670616,NHITS
2021-09-06 05:00:00,2021-09-06 05:00:00,22.282768,NHITS
2021-09-06 05:00:00,2021-09-06 05:15:00,22.062164,NHITS
2021-09-06 05:00:00,2021-09-06 05:30:00,21.848335,NHITS
2021-09-06 05:00:00,2021-09-06 05:45:00,21.955826,NHITS
2021-09-06 06:00:00,2021-09-06 06:00:00,24.235573,NHITS
2021-09-06 06:00:00,2021-09-06 06:15:00,24.094353,NHITS
2021-09-06 06:00:00,2021-09-06 06:30:00,23.799751,NHITS
2021-09-06 06:00:00,2021-09-06 06:45:00,23.553314,NHITS
2021-09-06 07:00:00,2021-09-06 07:00:00,24.654404,NHITS
2021-09-06 07:00:00,2021-09-06 07:15:00,34.59549,NHITS
2021-09-06 07:00:00,2021-09-06 07:30:00,63.3726,NHITS
2021-09-06 07:00:00,2021-09-06 07:45:00,99.53125,NHITS
2021-09-06 08:00:00,2021-09-06 08:00:00,116.5014,NHITS
2021-09-06 08:00:00,2021-09-06 08:15:00,143.76456,NHITS
2021-09-06 08:00:00,2021-09-06 08:30:00,156.09882,NHITS
2021-09-06 08:00:00,2021-09-06 08:45:00,160.00467,NHITS
2021-09-06 09:00:00,2021-09-06 09:00:00,175.4114,NHITS
2021-09-06 09:00:00,2021-09-06 09:15:00,171.70496,NHITS
2021-09-06 09:00:00,2021-09-06 09:30:00,170.7447,NHITS
2021-09-06 09:00:00,2021-09-06 09:45:00,168.40091,NHITS
2021-09-06 10:00:00,2021-09-06 10:00:00,161.7449,NHITS
2021-09-06 10:00:00,2021-09-06 10:15:00,168.03427,NHITS
2021-09-06 10:00:00,2021-09-06 10:30:00,171.79459,NHITS
2021-09-06 10:00:00,2021-09-06 10:45:00,176.22191,NHITS
2021-09-06 11:00:00,2021-09-06 11:00:00,172.8544,NHITS
2021-09-06 11:00:00,2021-09-06 11:15:00,175.30676,NHITS
2021-09-06 11:00:00,2021-09-06 11:30:00,176.03061,NHITS
2021-09-06 11:00:00,2021-09-06 11:45:00,167.82642,NHITS
2021-09-06 12:00:00,2021-09-06 12:00:00,134.48814,NHITS
2021-09-06 12:00:00,2021-09-06 12:15:00,96.83159,NHITS
2021-09-06 12:00:00,2021-09-06 12:30:00,95.836365,NHITS
2021-09-06 12:00:00,2021-09-06 12:45:00,138.78168,NHITS
2021-09-06 13:00:00,2021-09-06 13:00:00,161.56012,NHITS
2021-09-06 13:00:00,2021-09-06 13:15:00,185.92615,NHITS
2021-09-06 13:00:00,2021-09-06 13:30:00,187.9155,NHITS
2021-09-06 13:00:00,2021-09-06 13:45:00,184.78735,NHITS
2021-09-06 14:00:00,2021-09-06 14:00:00,159.8776,NHITS
2021-09-06 14:00:00,2021-09-06 14:15:00,158.25684,NHITS
2021-09-06 14:00:00,2021-09-06 14:30:00,162.95813,NHITS
2021-09-06 14:00:00,2021-09-06 14:45:00,157.77893,NHITS
2021-09-06 15:00:00,2021-09-06 15:00:00,158.17438,NHITS
2021-09-06 15:00:00,2021-09-06 15:15:00,173.67114,NHITS
2021-09-06 15:00:00,2021-09-06 15:30:00,183.79099,NHITS
2021-09-06 15:00:00,2021-09-06 15:45:00,186.56476,NHITS
2021-09-06 16:00:00,2021-09-06 16:00:00,162.86185,NHITS
2021-09-06 16:00:00,2021-09-06 16:15:00,158.98279,NHITS
2021-09-06 16:00:00,2021-09-06 16:30:00,160.305,NHITS
2021-09-06 16:00:00,2021-09-06 16:45:00,160.2338,NHITS
2021-09-06 17:00:00,2021-09-06 17:00:00,125.32403,NHITS
2021-09-06 17:00:00,2021-09-06 17:15:00,129.18076,NHITS
2021-09-06 17:00:00,2021-09-06 17:30:00,147.57538,NHITS
2021-09-06 17:00:00,2021-09-06 17:45:00,159.69652,NHITS
2021-09-06 18:00:00,2021-09-06 18:00:00,144.91617,NHITS
2021-09-06 18:00:00,2021-09-06 18:15:00,144.51956,NHITS
2021-09-06 18:00:00,2021-09-06 18:30:00,143.26607,NHITS
2021-09-06 18:00:00,2021-09-06 18:45:00,143.09984,NHITS
2021-09-06 19:00:00,2021-09-06 19:00:00,149.79785,NHITS
2021-09-06 19:00:00,2021-09-06 19:15:00,148.43764,NHITS
2021-09-06 19:00:00,2021-09-06 19:30:00,141.22914,NHITS
2021-09-06 19:00:00,2021-09-06 19:45:00,136.08537,NHITS
2021-09-06 20:00:00,2021-09-06 20:00:00,119.766365,NHITS
2021-09-06 20:00:00,2021-09-06 20:15:00,121.62482,NHITS
2021-09-06 20:00:00,2021-09-06 20:30:00,121.15135,NHITS
2021-09-06 20:00:00,2021-09-06 20:45:00,120.25014,NHITS
2021-09-06 21:00:00,2021-09-06 21:00:00,116.6494,NHITS
2021-09-06 21:00:00,2021-09-06 21:15:00,118.016335,NHITS
2021-09-06 21:00:00,2021-09-06 21:30:00,117.25169,NHITS
2021-09-06 21:00:00,2021-09-06 21:45:00,113.869705,NHITS
2021-09-06 22:00:00,2021-09-06 22:00:00,117.3999,NHITS
2021-09-06 22:00:00,2021-09-06 22:15:00,119.29924,NHITS
2021-09-06 22:00:00,2021-09-06 22:30:00,124.087364,NHITS
2021-09-06 22:00:00,2021-09-06 22:45:00,126.52969,NHITS
2021-09-06 23:00:00,2021-09-06 23:00:00,110.947525,NHITS
2021-09-06 23:00:00,2021-09-06 23:15:00,108.531456,NHITS
2021-09-06 23:00:00,2021-09-06 23:30:00,97.71045,NHITS
2021-09-06 23:00:00,2021-09-06 23:45:00,87.00803,NHITS
2021-09-07 00:00:00,2021-09-07 00:00:00,70.235466,NHITS
2021-09-07 00:00:00,2021-09-07 00:15:00,68.92376,NHITS
2021-09-07 00:00:00,2021-09-07 00:30:00,64.39946,NHITS
2021-09-07 00:00:00,2021-09-07 00:45:00,72.02315,NHITS
2021-09-07 01:00:00,2021-09-07 01:00:00,88.95432,NHITS
2021-09-07 01:00:00,2021-09-07 01:15:00,102.75459,NHITS
2021-09-07 01:00:00,2021-09-07 01:30:00,108.275856,NHITS
2021-09-07 01:00:00,2021-09-07 01:45:00,107.46161,NHITS
2021-09-07 02:00:00,2021-09-07 02:00:00,124.92169,NHITS
2021-09-07 02:00:00,2021-09-07 02:15:00,127.39757,NHITS
2021-09-07 02:00:00,2021-09-07 02:30:00,120.62892,NHITS
2021-09-07 02:00:00,2021-09-07 02:45:00,115.4975,NHITS
2021-09-07 03:00:00,2021-09-07 03:00:00,107.99928,NHITS
2021-09-07 03:00:00,2021-09-07 03:15:00,106.95668,NHITS
2021-09-07 03:00:00,2021-09-07 03:30:00,113.33543,NHITS
2021-09-07 03:00:00,2021-09-07 03:45:00,116.098465,NHITS
2021-09-07 04:00:00,2021-09-07 04:00:00,102.04394,NHITS
2021-09-07 04:00:00,2021-09-07 04:15:00,101.91163,NHITS
2021-09-07 04:00:00,2021-09-07 04:30:00,97.01117,NHITS
2021-09-07 04:00:00,2021-09-07 04:45:00,88.98524,NHITS
2021-09-07 05:00:00,2021-09-07 05:00:00,102.12962,NHITS
2021-09-07 05:00:00,2021-09-07 05:15:00,94.19069,NHITS
2021-09-07 05:00:00,2021-09-07 05:30:00,106.47349,NHITS
2021-09-07 05:00:00,2021-09-07 05:45:00,127.784164,NHITS
2021-09-07 06:00:00,2021-09-07 06:00:00,115.85542,NHITS
2021-09-07 06:00:00,2021-09-07 06:15:00,116.7788,NHITS
2021-09-07 06:00:00,2021-09-07 06:30:00,119.034035,NHITS
2021-09-07 06:00:00,2021-09-07 06:45:00,121.3348,NHITS
2021-09-07 07:00:00,2021-09-07 07:00:00,126.2712,NHITS
2021-09-07 07:00:00,2021-09-07 07:15:00,139.65604,NHITS
2021-09-07 07:00:00,2021-09-07 07:30:00,161.32263,NHITS
2021-09-07 07:00:00,2021-09-07 07:45:00,184.11679,NHITS
2021-09-07 08:00:00,2021-09-07 08:00:00,163.07698,NHITS
2021-09-07 08:00:00,2021-09-07 08:15:00,173.37685,NHITS
2021-09-07 08:00:00,2021-09-07 08:30:00,184.89624,NHITS
2021-09-07 08:00:00,2021-09-07 08:45:00,187.85913,NHITS
2021-09-07 09:00:00,2021-09-07 09:00:00,191.24287,NHITS
2021-09-07 09:00:00,2021-09-07 09:15:00,190.15884,NHITS
2021-09-07 09:00:00,2021-09-07 09:30:00,189.61078,NHITS
2021-09-07 09:00:00,2021-09-07 09:45:00,186.82578,NHITS
2021-09-07 10:00:00,2021-09-07 10:00:00,164.51181,NHITS
2021-09-07 10:00:00,2021-09-07 10:15:00,164.75201,NHITS
2021-09-07 10:00:00,2021-09-07 10:30:00,171.9196,NHITS
2021-09-07 10:00:00,2021-09-07 10:45:00,175.70337,NHITS
2021-09-07 11:00:00,2021-09-07 11:00:00,178.4372,NHITS
2021-09-07 11:00:00,2021-09-07 11:15:00,181.73764,NHITS
2021-09-07 11:00:00,2021-09-07 11:30:00,184.77936,NHITS
2021-09-07 11:00:00,2021-09-07 11:45:00,173.81491,NHITS
2021-09-07 12:00:00,2021-09-07 12:00:00,145.1941,NHITS
2021-09-07 12:00:00,2021-09-07 12:15:00,96.701164,NHITS
2021-09-07 12:00:00,2021-09-07 12:30:00,95.172905,NHITS
2021-09-07 12:00:00,2021-09-07 12:45:00,128.35445,NHITS
2021-09-07 13:00:00,2021-09-07 13:00:00,173.18909,NHITS
2021-09-07 13:00:00,2021-09-07 13:15:00,196.59103,NHITS
2021-09-07 13:00:00,2021-09-07 13:30:00,201.71585,NHITS
2021-09-07 13:00:00,2021-09-07 13:45:00,199.28711,NHITS
2021-09-07 14:00:00,2021-09-07 14:00:00,161.74646,NHITS
2021-09-07 14:00:00,2021-09-07 14:15:00,163.27008,NHITS
2021-09-07 14:00:00,2021-09-07 14:30:00,165.63455,NHITS
2021-09-07 14:00:00,2021-09-07 14:45:00,153.43277,NHITS
2021-09-07 15:00:00,2021-09-07 15:00:00,172.91998,NHITS
2021-09-07 15:00:00,2021-09-07 15:15:00,170.56454,NHITS
2021-09-07 15:00:00,2021-09-07 15:30:00,190.15689,NHITS
2021-09-07 15:00:00,2021-09-07 15:45:00,198.93155,NHITS
2021-09-07 16:00:00,2021-09-07 16:00:00,161.26364,NHITS
2021-09-07 16:00:00,2021-09-07 16:15:00,156.31042,NHITS
2021-09-07 16:00:00,2021-09-07 16:30:00,160.04959,NHITS
2021-09-07 16:00:00,2021-09-07 16:45:00,155.30795,NHITS
2021-09-07 17:00:00,2021-09-07 17:00:00,120.38047,NHITS
2021-09-07 17:00:00,2021-09-07 17:15:00,98.79105,NHITS
2021-09-07 17:00:00,2021-09-07 17:30:00,124.36804,NHITS
2021-09-07 17:00:00,2021-09-07 17:45:00,154.42404,NHITS
2021-09-07 18:00:00,2021-09-07 18:00:00,163.88326,NHITS
2021-09-07 18:00:00,2021-09-07 18:15:00,163.50586,NHITS
2021-09-07 18:00:00,2021-09-07 18:30:00,163.90965,NHITS
2021-09-07 18:00:00,2021-09-07 18:45:00,165.87173,NHITS
2021-09-07 19:00:00,2021-09-07 19:00:00,151.72919,NHITS
2021-09-07 19:00:00,2021-09-07 19:15:00,149.33336,NHITS
2021-09-07 19:00:00,2021-09-07 19:30:00,141.9378,NHITS
2021-09-07 19:00:00,2021-09-07 19:45:00,134.89508,NHITS
2021-09-07 20:00:00,2021-09-07 20:00:00,131.12788,NHITS
2021-09-07 20:00:00,2021-09-07 20:15:00,127.67061,NHITS
2021-09-07 20:00:00,2021-09-07 20:30:00,125.19495,NHITS
2021-09-07 20:00:00,2021-09-07 20:45:00,124.12198,NHITS
2021-09-07 21:00:00,2021-09-07 21:00:00,140.47334,NHITS
2021-09-07 21:00:00,2021-09-07 21:15:00,141.22119,NHITS
2021-09-07 21:00:00,2021-09-07 21:30:00,140.10245,NHITS
2021-09-07 21:00:00,2021-09-07 21:45:00,136.77579,NHITS
2021-09-07 22:00:00,2021-09-07 22:00:00,125.193695,NHITS
2021-09-07 22:00:00,2021-09-07 22:15:00,125.54349,NHITS
2021-09-07 22:00:00,2021-09-07 22:30:00,127.17971,NHITS
2021-09-07 22:00:00,2021-09-07 22:45:00,129.13235,NHITS
2021-09-07 23:00:00,2021-09-07 23:00:00,111.74266,NHITS
2021-09-07 23:00:00,2021-09-07 23:15:00,109.38446,NHITS
2021-09-07 23:00:00,2021-09-07 23:30:00,100.6457,NHITS
2021-09-07 23:00:00,2021-09-07 23:45:00,88.65653,NHITS
2021-09-08 00:00:00,2021-09-08 00:00:00,75.959595,NHITS
2021-09-08 00:00:00,2021-09-08 00:15:00,70.687325,NHITS
2021-09-08 00:00:00,2021-09-08 00:30:00,66.05438,NHITS
2021-09-08 00:00:00,2021-09-08 00:45:00,71.66732,NHITS
2021-09-08 01:00:00,2021-09-08 01:00:00,87.312,NHITS
2021-09-08 01:00:00,2021-09-08 01:15:00,99.343956,NHITS
2021-09-08 01:00:00,2021-09-08 01:30:00,107.467865,NHITS
2021-09-08 01:00:00,2021-09-08 01:45:00,107.63075,NHITS
2021-09-08 02:00:00,2021-09-08 02:00:00,116.96354,NHITS
2021-09-08 02:00:00,2021-09-08 02:15:00,118.56728,NHITS
2021-09-08 02:00:00,2021-09-08 02:30:00,109.79856,NHITS
2021-09-08 02:00:00,2021-09-08 02:45:00,104.46004,NHITS
2021-09-08 03:00:00,2021-09-08 03:00:00,111.773026,NHITS
2021-09-08 03:00:00,2021-09-08 03:15:00,109.09952,NHITS
2021-09-08 03:00:00,2021-09-08 03:30:00,114.32523,NHITS
2021-09-08 03:00:00,2021-09-08 03:45:00,117.360054,NHITS
2021-09-08 04:00:00,2021-09-08 04:00:00,121.51877,NHITS
2021-09-08 04:00:00,2021-09-08 04:15:00,120.484245,NHITS
2021-09-08 04:00:00,2021-09-08 04:30:00,116.06065,NHITS
2021-09-08 04:00:00,2021-09-08 04:45:00,109.48282,NHITS
2021-09-08 05:00:00,2021-09-08 05:00:00,94.05038,NHITS
2021-09-08 05:00:00,2021-09-08 05:15:00,82.67495,NHITS
2021-09-08 05:00:00,2021-09-08 05:30:00,93.55576,NHITS
2021-09-08 05:00:00,2021-09-08 05:45:00,113.72938,NHITS
2021-09-08 06:00:00,2021-09-08 06:00:00,106.14057,NHITS
2021-09-08 06:00:00,2021-09-08 06:15:00,107.08289,NHITS
2021-09-08 06:00:00,2021-09-08 06:30:00,110.26665,NHITS
2021-09-08 06:00:00,2021-09-08 06:45:00,114.21168,NHITS
2021-09-08 07:00:00,2021-09-08 07:00:00,120.4164,NHITS
2021-09-08 07:00:00,2021-09-08 07:15:00,130.90381,NHITS
2021-09-08 07:00:00,2021-09-08 07:30:00,153.06824,NHITS
2021-09-08 07:00:00,2021-09-08 07:45:00,172.99405,NHITS
2021-09-08 08:00:00,2021-09-08 08:00:00,150.78827,NHITS
2021-09-08 08:00:00,2021-09-08 08:15:00,161.33896,NHITS
2021-09-08 08:00:00,2021-09-08 08:30:00,172.02463,NHITS
2021-09-08 08:00:00,2021-09-08 08:45:00,174.63222,NHITS
2021-09-08 09:00:00,2021-09-08 09:00:00,174.35356,NHITS
2021-09-08 09:00:00,2021-09-08 09:15:00,173.40466,NHITS
2021-09-08 09:00:00,2021-09-08 09:30:00,171.44026,NHITS
2021-09-08 09:00:00,2021-09-08 09:45:00,167.41656,NHITS
2021-09-08 10:00:00,2021-09-08 10:00:00,153.17929,NHITS
2021-09-08 10:00:00,2021-09-08 10:15:00,155.15732,NHITS
2021-09-08 10:00:00,2021-09-08 10:30:00,162.28207,NHITS
2021-09-08 10:00:00,2021-09-08 10:45:00,166.61049,NHITS
2021-09-08 11:00:00,2021-09-08 11:00:00,159.34079,NHITS
2021-09-08 11:00:00,2021-09-08 11:15:00,162.52255,NHITS
2021-09-08 11:00:00,2021-09-08 11:30:00,165.50272,NHITS
2021-09-08 11:00:00,2021-09-08 11:45:00,158.28275,NHITS
2021-09-08 12:00:00,2021-09-08 12:00:00,92.54623,NHITS
2021-09-08 12:00:00,2021-09-08 12:15:00,47.171436,NHITS
2021-09-08 12:00:00,2021-09-08 12:30:00,45.25312,NHITS
2021-09-08 12:00:00,2021-09-08 12:45:00,83.373,NHITS
2021-09-08 13:00:00,2021-09-08 13:00:00,104.3224,NHITS
2021-09-08 13:00:00,2021-09-08 13:15:00,128.50533,NHITS
2021-09-08 13:00:00,2021-09-08 13:30:00,131.55319,NHITS
2021-09-08 13:00:00,2021-09-08 13:45:00,128.73091,NHITS
2021-09-08 14:00:00,2021-09-08 14:00:00,164.92389,NHITS
2021-09-08 14:00:00,2021-09-08 14:15:00,167.77231,NHITS
2021-09-08 14:00:00,2021-09-08 14:30:00,170.85394,NHITS
2021-09-08 14:00:00,2021-09-08 14:45:00,159.79947,NHITS
2021-09-08 15:00:00,2021-09-08 15:00:00,139.45471,NHITS
2021-09-08 15:00:00,2021-09-08 15:15:00,137.73209,NHITS
2021-09-08 15:00:00,2021-09-08 15:30:00,153.31485,NHITS
2021-09-08 15:00:00,2021-09-08 15:45:00,157.70912,NHITS
2021-09-08 16:00:00,2021-09-08 16:00:00,173.37888,NHITS
2021-09-08 16:00:00,2021-09-08 16:15:00,173.89513,NHITS
2021-09-08 16:00:00,2021-09-08 16:30:00,176.20377,NHITS
2021-09-08 16:00:00,2021-09-08 16:45:00,166.36394,NHITS
2021-09-08 17:00:00,2021-09-08 17:00:00,133.59132,NHITS
2021-09-08 17:00:00,2021-09-08 17:15:00,119.9068,NHITS
2021-09-08 17:00:00,2021-09-08 17:30:00,148.827,NHITS
2021-09-08 17:00:00,2021-09-08 17:45:00,174.5195,NHITS
2021-09-08 18:00:00,2021-09-08 18:00:00,177.39891,NHITS
2021-09-08 18:00:00,2021-09-08 18:15:00,174.02818,NHITS
2021-09-08 18:00:00,2021-09-08 18:30:00,172.35577,NHITS
2021-09-08 18:00:00,2021-09-08 18:45:00,172.17802,NHITS
2021-09-08 19:00:00,2021-09-08 19:00:00,155.3844,NHITS
2021-09-08 19:00:00,2021-09-08 19:15:00,152.94211,NHITS
2021-09-08 19:00:00,2021-09-08 19:30:00,138.16747,NHITS
2021-09-08 19:00:00,2021-09-08 19:45:00,121.59502,NHITS
2021-09-08 20:00:00,2021-09-08 20:00:00,107.33288,NHITS
2021-09-08 20:00:00,2021-09-08 20:15:00,105.81356,NHITS
2021-09-08 20:00:00,2021-09-08 20:30:00,103.95517,NHITS
2021-09-08 20:00:00,2021-09-08 20:45:00,102.5551,NHITS
2021-09-08 21:00:00,2021-09-08 21:00:00,103.49583,NHITS
2021-09-08 21:00:00,2021-09-08 21:15:00,103.416626,NHITS
2021-09-08 21:00:00,2021-09-08 21:30:00,103.72076,NHITS
2021-09-08 21:00:00,2021-09-08 21:45:00,101.91336,NHITS
2021-09-08 22:00:00,2021-09-08 22:00:00,119.37407,NHITS
2021-09-08 22:00:00,2021-09-08 22:15:00,121.89398,NHITS
2021-09-08 22:00:00,2021-09-08 22:30:00,122.504944,NHITS
2021-09-08 22:00:00,2021-09-08 22:45:00,123.775955,NHITS
2021-09-08 23:00:00,2021-09-08 23:00:00,102.39978,NHITS
2021-09-08 23:00:00,2021-09-08 23:15:00,101.34759,NHITS
2021-09-08 23:00:00,2021-09-08 23:30:00,96.29068,NHITS
2021-09-08 23:00:00,2021-09-08 23:45:00,87.11702,NHITS
2021-09-09 00:00:00,2021-09-09 00:00:00,65.43249,NHITS
2021-09-09 00:00:00,2021-09-09 00:15:00,55.549698,NHITS
2021-09-09 00:00:00,2021-09-09 00:30:00,49.25177,NHITS
2021-09-09 00:00:00,2021-09-09 00:45:00,51.06841,NHITS
2021-09-09 01:00:00,2021-09-09 01:00:00,86.28139,NHITS
2021-09-09 01:00:00,2021-09-09 01:15:00,101.39316,NHITS
2021-09-09 01:00:00,2021-09-09 01:30:00,109.775055,NHITS
2021-09-09 01:00:00,2021-09-09 01:45:00,109.31729,NHITS
2021-09-09 02:00:00,2021-09-09 02:00:00,102.213425,NHITS
2021-09-09 02:00:00,2021-09-09 02:15:00,103.77697,NHITS
2021-09-09 02:00:00,2021-09-09 02:30:00,100.76697,NHITS
2021-09-09 02:00:00,2021-09-09 02:45:00,96.28134,NHITS
2021-09-09 03:00:00,2021-09-09 03:00:00,108.9783,NHITS
2021-09-09 03:00:00,2021-09-09 03:15:00,107.68946,NHITS
2021-09-09 03:00:00,2021-09-09 03:30:00,113.651566,NHITS
2021-09-09 03:00:00,2021-09-09 03:45:00,115.465,NHITS
2021-09-09 04:00:00,2021-09-09 04:00:00,115.855354,NHITS
2021-09-09 04:00:00,2021-09-09 04:15:00,115.63003,NHITS
2021-09-09 04:00:00,2021-09-09 04:30:00,112.70396,NHITS
2021-09-09 04:00:00,2021-09-09 04:45:00,103.77635,NHITS
2021-09-09 05:00:00,2021-09-09 05:00:00,78.26331,NHITS
2021-09-09 05:00:00,2021-09-09 05:15:00,67.36956,NHITS
2021-09-09 05:00:00,2021-09-09 05:30:00,79.20557,NHITS
2021-09-09 05:00:00,2021-09-09 05:45:00,95.19273,NHITS
2021-09-09 06:00:00,2021-09-09 06:00:00,110.83261,NHITS
2021-09-09 06:00:00,2021-09-09 06:15:00,112.390305,NHITS
2021-09-09 06:00:00,2021-09-09 06:30:00,111.159325,NHITS
2021-09-09 06:00:00,2021-09-09 06:45:00,110.352356,NHITS
2021-09-09 07:00:00,2021-09-09 07:00:00,120.977684,NHITS
2021-09-09 07:00:00,2021-09-09 07:15:00,130.0386,NHITS
2021-09-09 07:00:00,2021-09-09 07:30:00,150.46588,NHITS
2021-09-09 07:00:00,2021-09-09 07:45:00,168.59015,NHITS
2021-09-09 08:00:00,2021-09-09 08:00:00,167.11649,NHITS
2021-09-09 08:00:00,2021-09-09 08:15:00,176.95328,NHITS
2021-09-09 08:00:00,2021-09-09 08:30:00,186.15524,NHITS
2021-09-09 08:00:00,2021-09-09 08:45:00,187.51642,NHITS
2021-09-09 09:00:00,2021-09-09 09:00:00,190.31683,NHITS
2021-09-09 09:00:00,2021-09-09 09:15:00,189.17896,NHITS
2021-09-09 09:00:00,2021-09-09 09:30:00,187.10193,NHITS
2021-09-09 09:00:00,2021-09-09 09:45:00,181.74008,NHITS
2021-09-09 10:00:00,2021-09-09 10:00:00,161.70915,NHITS
2021-09-09 10:00:00,2021-09-09 10:15:00,162.6095,NHITS
2021-09-09 10:00:00,2021-09-09 10:30:00,168.07722,NHITS
2021-09-09 10:00:00,2021-09-09 10:45:00,172.0987,NHITS
2021-09-09 11:00:00,2021-09-09 11:00:00,169.03828,NHITS
2021-09-09 11:00:00,2021-09-09 11:15:00,169.56133,NHITS
2021-09-09 11:00:00,2021-09-09 11:30:00,172.89078,NHITS
2021-09-09 11:00:00,2021-09-09 11:45:00,167.70047,NHITS
2021-09-09 12:00:00,2021-09-09 12:00:00,144.7158,NHITS
2021-09-09 12:00:00,2021-09-09 12:15:00,95.14389,NHITS
2021-09-09 12:00:00,2021-09-09 12:30:00,77.48075,NHITS
2021-09-09 12:00:00,2021-09-09 12:45:00,104.48569,NHITS
2021-09-09 13:00:00,2021-09-09 13:00:00,166.31737,NHITS
2021-09-09 13:00:00,2021-09-09 13:15:00,187.89949,NHITS
2021-09-09 13:00:00,2021-09-09 13:30:00,190.21143,NHITS
2021-09-09 13:00:00,2021-09-09 13:45:00,186.11102,NHITS
2021-09-09 14:00:00,2021-09-09 14:00:00,165.77786,NHITS
2021-09-09 14:00:00,2021-09-09 14:15:00,169.19614,NHITS
2021-09-09 14:00:00,2021-09-09 14:30:00,169.77332,NHITS
2021-09-09 14:00:00,2021-09-09 14:45:00,157.29375,NHITS
2021-09-09 15:00:00,2021-09-09 15:00:00,150.66212,NHITS
2021-09-09 15:00:00,2021-09-09 15:15:00,152.57779,NHITS
2021-09-09 15:00:00,2021-09-09 15:30:00,166.80396,NHITS
2021-09-09 15:00:00,2021-09-09 15:45:00,169.43759,NHITS
2021-09-09 16:00:00,2021-09-09 16:00:00,177.99353,NHITS
2021-09-09 16:00:00,2021-09-09 16:15:00,179.73387,NHITS
2021-09-09 16:00:00,2021-09-09 16:30:00,178.99973,NHITS
2021-09-09 16:00:00,2021-09-09 16:45:00,165.55716,NHITS
2021-09-09 17:00:00,2021-09-09 17:00:00,134.75018,NHITS
2021-09-09 17:00:00,2021-09-09 17:15:00,121.15058,NHITS
2021-09-09 17:00:00,2021-09-09 17:30:00,149.7229,NHITS
2021-09-09 17:00:00,2021-09-09 17:45:00,175.27078,NHITS
2021-09-09 18:00:00,2021-09-09 18:00:00,169.0033,NHITS
2021-09-09 18:00:00,2021-09-09 18:15:00,169.03812,NHITS
2021-09-09 18:00:00,2021-09-09 18:30:00,169.8024,NHITS
2021-09-09 18:00:00,2021-09-09 18:45:00,170.86633,NHITS
2021-09-09 19:00:00,2021-09-09 19:00:00,170.17078,NHITS
2021-09-09 19:00:00,2021-09-09 19:15:00,168.9003,NHITS
2021-09-09 19:00:00,2021-09-09 19:30:00,160.83035,NHITS
2021-09-09 19:00:00,2021-09-09 19:45:00,150.34476,NHITS
2021-09-09 20:00:00,2021-09-09 20:00:00,114.27715,NHITS
2021-09-09 20:00:00,2021-09-09 20:15:00,112.967896,NHITS
2021-09-09 20:00:00,2021-09-09 20:30:00,111.252785,NHITS
2021-09-09 20:00:00,2021-09-09 20:45:00,110.509384,NHITS
2021-09-09 21:00:00,2021-09-09 21:00:00,130.07214,NHITS
2021-09-09 21:00:00,2021-09-09 21:15:00,131.13939,NHITS
2021-09-09 21:00:00,2021-09-09 21:30:00,130.31178,NHITS
2021-09-09 21:00:00,2021-09-09 21:45:00,126.68906,NHITS
2021-09-09 22:00:00,2021-09-09 22:00:00,128.49362,NHITS
2021-09-09 22:00:00,2021-09-09 22:15:00,131.15231,NHITS
2021-09-09 22:00:00,2021-09-09 22:30:00,132.15614,NHITS
2021-09-09 22:00:00,2021-09-09 22:45:00,133.77948,NHITS
2021-09-09 23:00:00,2021-09-09 23:00:00,98.56703,NHITS
2021-09-09 23:00:00,2021-09-09 23:15:00,98.16891,NHITS
2021-09-09 23:00:00,2021-09-09 23:30:00,93.870605,NHITS
2021-09-09 23:00:00,2021-09-09 23:45:00,86.243416,NHITS
2021-09-10 00:00:00,2021-09-10 00:00:00,77.44695,NHITS
2021-09-10 00:00:00,2021-09-10 00:15:00,65.56189,NHITS
2021-09-10 00:00:00,2021-09-10 00:30:00,58.600647,NHITS
2021-09-10 00:00:00,2021-09-10 00:45:00,58.606606,NHITS
2021-09-10 01:00:00,2021-09-10 01:00:00,93.989716,NHITS
2021-09-10 01:00:00,2021-09-10 01:15:00,106.0972,NHITS
2021-09-10 01:00:00,2021-09-10 01:30:00,109.05468,NHITS
2021-09-10 01:00:00,2021-09-10 01:45:00,107.51323,NHITS
2021-09-10 02:00:00,2021-09-10 02:00:00,113.44054,NHITS
2021-09-10 02:00:00,2021-09-10 02:15:00,113.92073,NHITS
2021-09-10 02:00:00,2021-09-10 02:30:00,113.07213,NHITS
2021-09-10 02:00:00,2021-09-10 02:45:00,107.76347,NHITS
2021-09-10 03:00:00,2021-09-10 03:00:00,95.488754,NHITS
2021-09-10 03:00:00,2021-09-10 03:15:00,93.6798,NHITS
2021-09-10 03:00:00,2021-09-10 03:30:00,97.82282,NHITS
2021-09-10 03:00:00,2021-09-10 03:45:00,98.018234,NHITS
2021-09-10 04:00:00,2021-09-10 04:00:00,113.19263,NHITS
2021-09-10 04:00:00,2021-09-10 04:15:00,111.18613,NHITS
2021-09-10 04:00:00,2021-09-10 04:30:00,109.0428,NHITS
2021-09-10 04:00:00,2021-09-10 04:45:00,100.38116,NHITS
2021-09-10 05:00:00,2021-09-10 05:00:00,77.62014,NHITS
2021-09-10 05:00:00,2021-09-10 05:15:00,71.78729,NHITS
2021-09-10 05:00:00,2021-09-10 05:30:00,86.146034,NHITS
2021-09-10 05:00:00,2021-09-10 05:45:00,100.65961,NHITS
2021-09-10 06:00:00,2021-09-10 06:00:00,108.525475,NHITS
2021-09-10 06:00:00,2021-09-10 06:15:00,106.67848,NHITS
2021-09-10 06:00:00,2021-09-10 06:30:00,105.75714,NHITS
2021-09-10 06:00:00,2021-09-10 06:45:00,105.1463,NHITS
2021-09-10 07:00:00,2021-09-10 07:00:00,109.81636,NHITS
2021-09-10 07:00:00,2021-09-10 07:15:00,118.39375,NHITS
2021-09-10 07:00:00,2021-09-10 07:30:00,140.18549,NHITS
2021-09-10 07:00:00,2021-09-10 07:45:00,159.26077,NHITS
2021-09-10 08:00:00,2021-09-10 08:00:00,171.58705,NHITS
2021-09-10 08:00:00,2021-09-10 08:15:00,180.82571,NHITS
2021-09-10 08:00:00,2021-09-10 08:30:00,186.71161,NHITS
2021-09-10 08:00:00,2021-09-10 08:45:00,185.95709,NHITS
2021-09-10 09:00:00,2021-09-10 09:00:00,189.63225,NHITS
2021-09-10 09:00:00,2021-09-10 09:15:00,186.10672,NHITS
2021-09-10 09:00:00,2021-09-10 09:30:00,182.90796,NHITS
2021-09-10 09:00:00,2021-09-10 09:45:00,177.25089,NHITS
2021-09-10 10:00:00,2021-09-10 10:00:00,198.44725,NHITS
2021-09-10 10:00:00,2021-09-10 10:15:00,197.48563,NHITS
2021-09-10 10:00:00,2021-09-10 10:30:00,201.76399,NHITS
2021-09-10 10:00:00,2021-09-10 10:45:00,205.99573,NHITS
2021-09-10 11:00:00,2021-09-10 11:00:00,168.23532,NHITS
2021-09-10 11:00:00,2021-09-10 11:15:00,166.0202,NHITS
2021-09-10 11:00:00,2021-09-10 11:30:00,170.28137,NHITS
2021-09-10 11:00:00,2021-09-10 11:45:00,166.34734,NHITS
2021-09-10 12:00:00,2021-09-10 12:00:00,149.10767,NHITS
2021-09-10 12:00:00,2021-09-10 12:15:00,94.35578,NHITS
2021-09-10 12:00:00,2021-09-10 12:30:00,89.197105,NHITS
2021-09-10 12:00:00,2021-09-10 12:45:00,130.28139,NHITS
2021-09-10 13:00:00,2021-09-10 13:00:00,166.09808,NHITS
2021-09-10 13:00:00,2021-09-10 13:15:00,189.36877,NHITS
2021-09-10 13:00:00,2021-09-10 13:30:00,190.6697,NHITS
2021-09-10 13:00:00,2021-09-10 13:45:00,185.51904,NHITS
2021-09-10 14:00:00,2021-09-10 14:00:00,189.29845,NHITS
2021-09-10 14:00:00,2021-09-10 14:15:00,191.55164,NHITS
2021-09-10 14:00:00,2021-09-10 14:30:00,189.5806,NHITS
2021-09-10 14:00:00,2021-09-10 14:45:00,177.85216,NHITS
2021-09-10 15:00:00,2021-09-10 15:00:00,157.62936,NHITS
2021-09-10 15:00:00,2021-09-10 15:15:00,166.64212,NHITS
2021-09-10 15:00:00,2021-09-10 15:30:00,179.60815,NHITS
2021-09-10 15:00:00,2021-09-10 15:45:00,180.41637,NHITS
2021-09-10 16:00:00,2021-09-10 16:00:00,170.10602,NHITS
2021-09-10 16:00:00,2021-09-10 16:15:00,170.04352,NHITS
2021-09-10 16:00:00,2021-09-10 16:30:00,170.42584,NHITS
2021-09-10 16:00:00,2021-09-10 16:45:00,163.20523,NHITS
2021-09-10 17:00:00,2021-09-10 17:00:00,135.0353,NHITS
2021-09-10 17:00:00,2021-09-10 17:15:00,130.03177,NHITS
2021-09-10 17:00:00,2021-09-10 17:30:00,156.35347,NHITS
2021-09-10 17:00:00,2021-09-10 17:45:00,178.91904,NHITS
2021-09-10 18:00:00,2021-09-10 18:00:00,154.9122,NHITS
2021-09-10 18:00:00,2021-09-10 18:15:00,154.16913,NHITS
2021-09-10 18:00:00,2021-09-10 18:30:00,151.26404,NHITS
2021-09-10 18:00:00,2021-09-10 18:45:00,151.41093,NHITS
2021-09-10 19:00:00,2021-09-10 19:00:00,158.4547,NHITS
2021-09-10 19:00:00,2021-09-10 19:15:00,154.52716,NHITS
2021-09-10 19:00:00,2021-09-10 19:30:00,141.10767,NHITS
2021-09-10 19:00:00,2021-09-10 19:45:00,124.78104,NHITS
2021-09-10 20:00:00,2021-09-10 20:00:00,127.42493,NHITS
2021-09-10 20:00:00,2021-09-10 20:15:00,130.59167,NHITS
2021-09-10 20:00:00,2021-09-10 20:30:00,130.44919,NHITS
2021-09-10 20:00:00,2021-09-10 20:45:00,128.93413,NHITS
2021-09-10 21:00:00,2021-09-10 21:00:00,115.82004,NHITS
2021-09-10 21:00:00,2021-09-10 21:15:00,116.06785,NHITS
2021-09-10 21:00:00,2021-09-10 21:30:00,117.28969,NHITS
2021-09-10 21:00:00,2021-09-10 21:45:00,113.42624,NHITS
2021-09-10 22:00:00,2021-09-10 22:00:00,102.95809,NHITS
2021-09-10 22:00:00,2021-09-10 22:15:00,107.23451,NHITS
2021-09-10 22:00:00,2021-09-10 22:30:00,110.29786,NHITS
2021-09-10 22:00:00,2021-09-10 22:45:00,111.39876,NHITS
2021-09-10 23:00:00,2021-09-10 23:00:00,104.93547,NHITS
2021-09-10 23:00:00,2021-09-10 23:15:00,102.396126,NHITS
2021-09-10 23:00:00,2021-09-10 23:30:00,97.9075,NHITS
2021-09-10 23:00:00,2021-09-10 23:45:00,90.3397,NHITS
2021-09-11 00:00:00,2021-09-11 00:00:00,63.803,NHITS
2021-09-11 00:00:00,2021-09-11 00:15:00,58.54185,NHITS
2021-09-11 00:00:00,2021-09-11 00:30:00,51.498096,NHITS
2021-09-11 00:00:00,2021-09-11 00:45:00,52.12588,NHITS
2021-09-11 01:00:00,2021-09-11 01:00:00,76.26845,NHITS
2021-09-11 01:00:00,2021-09-11 01:15:00,89.15078,NHITS
2021-09-11 01:00:00,2021-09-11 01:30:00,89.88133,NHITS
2021-09-11 01:00:00,2021-09-11 01:45:00,86.69661,NHITS
2021-09-11 02:00:00,2021-09-11 02:00:00,107.777596,NHITS
2021-09-11 02:00:00,2021-09-11 02:15:00,108.45848,NHITS
2021-09-11 02:00:00,2021-09-11 02:30:00,105.391914,NHITS
2021-09-11 02:00:00,2021-09-11 02:45:00,97.44514,NHITS
2021-09-11 03:00:00,2021-09-11 03:00:00,94.475845,NHITS
2021-09-11 03:00:00,2021-09-11 03:15:00,97.44152,NHITS
2021-09-11 03:00:00,2021-09-11 03:30:00,100.949,NHITS
2021-09-11 03:00:00,2021-09-11 03:45:00,100.10611,NHITS
2021-09-11 04:00:00,2021-09-11 04:00:00,99.49443,NHITS
2021-09-11 04:00:00,2021-09-11 04:15:00,98.02924,NHITS
2021-09-11 04:00:00,2021-09-11 04:30:00,97.682076,NHITS
2021-09-11 04:00:00,2021-09-11 04:45:00,90.531044,NHITS
2021-09-11 05:00:00,2021-09-11 05:00:00,72.08922,NHITS
2021-09-11 05:00:00,2021-09-11 05:15:00,65.15859,NHITS
2021-09-11 05:00:00,2021-09-11 05:30:00,76.6506,NHITS
2021-09-11 05:00:00,2021-09-11 05:45:00,81.92529,NHITS
2021-09-11 06:00:00,2021-09-11 06:00:00,97.928696,NHITS
2021-09-11 06:00:00,2021-09-11 06:15:00,96.15773,NHITS
2021-09-11 06:00:00,2021-09-11 06:30:00,95.29172,NHITS
2021-09-11 06:00:00,2021-09-11 06:45:00,91.653496,NHITS
2021-09-11 07:00:00,2021-09-11 07:00:00,70.0941,NHITS
2021-09-11 07:00:00,2021-09-11 07:15:00,56.353367,NHITS
2021-09-11 07:00:00,2021-09-11 07:30:00,43.74444,NHITS
2021-09-11 07:00:00,2021-09-11 07:45:00,25.093788,NHITS
2021-09-11 08:00:00,2021-09-11 08:00:00,15.078423,NHITS
2021-09-11 08:00:00,2021-09-11 08:15:00,15.826447,NHITS
2021-09-11 08:00:00,2021-09-11 08:30:00,17.545303,NHITS
2021-09-11 08:00:00,2021-09-11 08:45:00,17.659828,NHITS
2021-09-11 09:00:00,2021-09-11 09:00:00,21.94825,NHITS
2021-09-11 09:00:00,2021-09-11 09:15:00,22.299934,NHITS
2021-09-11 09:00:00,2021-09-11 09:30:00,22.629555,NHITS
2021-09-11 09:00:00,2021-09-11 09:45:00,22.783104,NHITS
2021-09-11 10:00:00,2021-09-11 10:00:00,22.777176,NHITS
2021-09-11 10:00:00,2021-09-11 10:15:00,23.180893,NHITS
2021-09-11 10:00:00,2021-09-11 10:30:00,23.1753,NHITS
2021-09-11 10:00:00,2021-09-11 10:45:00,23.19748,NHITS
2021-09-11 11:00:00,2021-09-11 11:00:00,21.972977,NHITS
2021-09-11 11:00:00,2021-09-11 11:15:00,22.014786,NHITS
2021-09-11 11:00:00,2021-09-11 11:30:00,22.60492,NHITS
2021-09-11 11:00:00,2021-09-11 11:45:00,22.012024,NHITS
2021-09-11 12:00:00,2021-09-11 12:00:00,22.766441,NHITS
2021-09-11 12:00:00,2021-09-11 12:15:00,22.013779,NHITS
2021-09-11 12:00:00,2021-09-11 12:30:00,22.167137,NHITS
2021-09-11 12:00:00,2021-09-11 12:45:00,22.607018,NHITS
2021-09-11 13:00:00,2021-09-11 13:00:00,23.913643,NHITS
2021-09-11 13:00:00,2021-09-11 13:15:00,23.420372,NHITS
2021-09-11 13:00:00,2021-09-11 13:30:00,23.790695,NHITS
2021-09-11 13:00:00,2021-09-11 13:45:00,23.53498,NHITS
2021-09-11 14:00:00,2021-09-11 14:00:00,23.091309,NHITS
2021-09-11 14:00:00,2021-09-11 14:15:00,22.89441,NHITS
2021-09-11 14:00:00,2021-09-11 14:30:00,23.386765,NHITS
2021-09-11 14:00:00,2021-09-11 14:45:00,22.869034,NHITS
2021-09-11 15:00:00,2021-09-11 15:00:00,23.101875,NHITS
2021-09-11 15:00:00,2021-09-11 15:15:00,22.64595,NHITS
2021-09-11 15:00:00,2021-09-11 15:30:00,23.435555,NHITS
2021-09-11 15:00:00,2021-09-11 15:45:00,22.74295,NHITS
2021-09-11 16:00:00,2021-09-11 16:00:00,24.134071,NHITS
2021-09-11 16:00:00,2021-09-11 16:15:00,23.695938,NHITS
2021-09-11 16:00:00,2021-09-11 16:30:00,24.537987,NHITS
2021-09-11 16:00:00,2021-09-11 16:45:00,23.99099,NHITS
2021-09-11 17:00:00,2021-09-11 17:00:00,22.96341,NHITS
2021-09-11 17:00:00,2021-09-11 17:15:00,22.690117,NHITS
2021-09-11 17:00:00,2021-09-11 17:30:00,22.958466,NHITS
2021-09-11 17:00:00,2021-09-11 17:45:00,23.104347,NHITS
2021-09-11 18:00:00,2021-09-11 18:00:00,23.154793,NHITS
2021-09-11 18:00:00,2021-09-11 18:15:00,22.785759,NHITS
2021-09-11 18:00:00,2021-09-11 18:30:00,23.120155,NHITS
2021-09-11 18:00:00,2021-09-11 18:45:00,22.871948,NHITS
2021-09-11 19:00:00,2021-09-11 19:00:00,21.577682,NHITS
2021-09-11 19:00:00,2021-09-11 19:15:00,21.668266,NHITS
2021-09-11 19:00:00,2021-09-11 19:30:00,21.958473,NHITS
2021-09-11 19:00:00,2021-09-11 19:45:00,22.094398,NHITS
2021-09-11 20:00:00,2021-09-11 20:00:00,23.8555,NHITS
2021-09-11 20:00:00,2021-09-11 20:15:00,23.73494,NHITS
2021-09-11 20:00:00,2021-09-11 20:30:00,24.670006,NHITS
2021-09-11 20:00:00,2021-09-11 20:45:00,24.82354,NHITS
2021-09-11 21:00:00,2021-09-11 21:00:00,23.677437,NHITS
2021-09-11 21:00:00,2021-09-11 21:15:00,23.932556,NHITS
2021-09-11 21:00:00,2021-09-11 21:30:00,24.879845,NHITS
2021-09-11 21:00:00,2021-09-11 21:45:00,24.990242,NHITS
2021-09-11 22:00:00,2021-09-11 22:00:00,22.923027,NHITS
2021-09-11 22:00:00,2021-09-11 22:15:00,23.00534,NHITS
2021-09-11 22:00:00,2021-09-11 22:30:00,23.388947,NHITS
2021-09-11 22:00:00,2021-09-11 22:45:00,23.292435,NHITS
2021-09-11 23:00:00,2021-09-11 23:00:00,22.84513,NHITS
2021-09-11 23:00:00,2021-09-11 23:15:00,22.629028,NHITS
2021-09-11 23:00:00,2021-09-11 23:30:00,22.75869,NHITS
2021-09-11 23:00:00,2021-09-11 23:45:00,22.144455,NHITS
2021-09-12 00:00:00,2021-09-12 00:00:00,22.957977,NHITS
2021-09-12 00:00:00,2021-09-12 00:15:00,23.070557,NHITS
2021-09-12 00:00:00,2021-09-12 00:30:00,23.243591,NHITS
2021-09-12 00:00:00,2021-09-12 00:45:00,22.856277,NHITS
2021-09-12 01:00:00,2021-09-12 01:00:00,22.707,NHITS
2021-09-12 01:00:00,2021-09-12 01:15:00,22.448036,NHITS
2021-09-12 01:00:00,2021-09-12 01:30:00,22.290932,NHITS
2021-09-12 01:00:00,2021-09-12 01:45:00,21.847847,NHITS
2021-09-12 02:00:00,2021-09-12 02:00:00,24.38321,NHITS
2021-09-12 02:00:00,2021-09-12 02:15:00,24.036972,NHITS
2021-09-12 02:00:00,2021-09-12 02:30:00,24.331459,NHITS
2021-09-12 02:00:00,2021-09-12 02:45:00,23.905327,NHITS
2021-09-12 03:00:00,2021-09-12 03:00:00,23.240898,NHITS
2021-09-12 03:00:00,2021-09-12 03:15:00,22.885735,NHITS
2021-09-12 03:00:00,2021-09-12 03:30:00,22.970718,NHITS
2021-09-12 03:00:00,2021-09-12 03:45:00,22.56337,NHITS
2021-09-12 04:00:00,2021-09-12 04:00:00,22.28801,NHITS
2021-09-12 04:00:00,2021-09-12 04:15:00,22.03759,NHITS
2021-09-12 04:00:00,2021-09-12 04:30:00,22.35611,NHITS
2021-09-12 04:00:00,2021-09-12 04:45:00,21.939384,NHITS
2021-09-12 05:00:00,2021-09-12 05:00:00,22.748093,NHITS
2021-09-12 05:00:00,2021-09-12 05:15:00,22.760147,NHITS
2021-09-12 05:00:00,2021-09-12 05:30:00,22.684013,NHITS
2021-09-12 05:00:00,2021-09-12 05:45:00,22.303299,NHITS
2021-09-12 06:00:00,2021-09-12 06:00:00,23.025093,NHITS
2021-09-12 06:00:00,2021-09-12 06:15:00,22.951775,NHITS
2021-09-12 06:00:00,2021-09-12 06:30:00,23.080002,NHITS
2021-09-12 06:00:00,2021-09-12 06:45:00,22.70037,NHITS
2021-09-12 07:00:00,2021-09-12 07:00:00,22.912422,NHITS
2021-09-12 07:00:00,2021-09-12 07:15:00,23.115456,NHITS
2021-09-12 07:00:00,2021-09-12 07:30:00,23.175484,NHITS
2021-09-12 07:00:00,2021-09-12 07:45:00,23.166199,NHITS
2021-09-12 08:00:00,2021-09-12 08:00:00,23.179932,NHITS
2021-09-12 08:00:00,2021-09-12 08:15:00,22.925812,NHITS
2021-09-12 08:00:00,2021-09-12 08:30:00,23.637169,NHITS
2021-09-12 08:00:00,2021-09-12 08:45:00,23.152283,NHITS
2021-09-12 09:00:00,2021-09-12 09:00:00,23.070816,NHITS
2021-09-12 09:00:00,2021-09-12 09:15:00,23.262688,NHITS
2021-09-12 09:00:00,2021-09-12 09:30:00,23.345322,NHITS
2021-09-12 09:00:00,2021-09-12 09:45:00,22.846779,NHITS
2021-09-12 10:00:00,2021-09-12 10:00:00,21.92566,NHITS
2021-09-12 10:00:00,2021-09-12 10:15:00,21.8348,NHITS
2021-09-12 10:00:00,2021-09-12 10:30:00,22.059456,NHITS
2021-09-12 10:00:00,2021-09-12 10:45:00,21.594841,NHITS
2021-09-12 11:00:00,2021-09-12 11:00:00,23.197556,NHITS
2021-09-12 11:00:00,2021-09-12 11:15:00,23.081093,NHITS
2021-09-12 11:00:00,2021-09-12 11:30:00,23.410378,NHITS
2021-09-12 11:00:00,2021-09-12 11:45:00,22.904984,NHITS
2021-09-12 12:00:00,2021-09-12 12:00:00,22.063553,NHITS
2021-09-12 12:00:00,2021-09-12 12:15:00,22.223602,NHITS
2021-09-12 12:00:00,2021-09-12 12:30:00,21.953362,NHITS
2021-09-12 12:00:00,2021-09-12 12:45:00,21.949509,NHITS
2021-09-12 13:00:00,2021-09-12 13:00:00,22.181427,NHITS
2021-09-12 13:00:00,2021-09-12 13:15:00,21.618637,NHITS
2021-09-12 13:00:00,2021-09-12 13:30:00,22.030586,NHITS
2021-09-12 13:00:00,2021-09-12 13:45:00,21.339195,NHITS
2021-09-12 14:00:00,2021-09-12 14:00:00,23.13427,NHITS
2021-09-12 14:00:00,2021-09-12 14:15:00,23.21148,NHITS
2021-09-12 14:00:00,2021-09-12 14:30:00,23.171463,NHITS
2021-09-12 14:00:00,2021-09-12 14:45:00,22.924988,NHITS
2021-09-12 15:00:00,2021-09-12 15:00:00,27.995808,NHITS
2021-09-12 15:00:00,2021-09-12 15:15:00,27.864212,NHITS
2021-09-12 15:00:00,2021-09-12 15:30:00,28.106918,NHITS
2021-09-12 15:00:00,2021-09-12 15:45:00,27.727379,NHITS
2021-09-12 16:00:00,2021-09-12 16:00:00,23.058044,NHITS
2021-09-12 16:00:00,2021-09-12 16:15:00,23.02008,NHITS
2021-09-12 16:00:00,2021-09-12 16:30:00,23.434067,NHITS
2021-09-12 16:00:00,2021-09-12 16:45:00,22.8553,NHITS
2021-09-12 17:00:00,2021-09-12 17:00:00,22.990921,NHITS
2021-09-12 17:00:00,2021-09-12 17:15:00,22.345673,NHITS
2021-09-12 17:00:00,2021-09-12 17:30:00,22.73864,NHITS
2021-09-12 17:00:00,2021-09-12 17:45:00,22.487434,NHITS
2021-09-12 18:00:00,2021-09-12 18:00:00,22.82312,NHITS
2021-09-12 18:00:00,2021-09-12 18:15:00,22.6548,NHITS
2021-09-12 18:00:00,2021-09-12 18:30:00,23.016739,NHITS
2021-09-12 18:00:00,2021-09-12 18:45:00,22.689056,NHITS
2021-09-12 19:00:00,2021-09-12 19:00:00,22.860481,NHITS
2021-09-12 19:00:00,2021-09-12 19:15:00,22.75145,NHITS
2021-09-12 19:00:00,2021-09-12 19:30:00,23.034134,NHITS
2021-09-12 19:00:00,2021-09-12 19:45:00,22.876732,NHITS
2021-09-12 20:00:00,2021-09-12 20:00:00,23.558487,NHITS
2021-09-12 20:00:00,2021-09-12 20:15:00,23.83403,NHITS
2021-09-12 20:00:00,2021-09-12 20:30:00,23.943542,NHITS
2021-09-12 20:00:00,2021-09-12 20:45:00,23.951782,NHITS
2021-09-12 21:00:00,2021-09-12 21:00:00,22.833939,NHITS
2021-09-12 21:00:00,2021-09-12 21:15:00,22.918045,NHITS
2021-09-12 21:00:00,2021-09-12 21:30:00,23.37275,NHITS
2021-09-12 21:00:00,2021-09-12 21:45:00,23.170845,NHITS
2021-09-12 22:00:00,2021-09-12 22:00:00,27.86821,NHITS
2021-09-12 22:00:00,2021-09-12 22:15:00,27.796803,NHITS
2021-09-12 22:00:00,2021-09-12 22:30:00,28.128006,NHITS
2021-09-12 22:00:00,2021-09-12 22:45:00,27.686234,NHITS
2021-09-12 23:00:00,2021-09-12 23:00:00,23.105171,NHITS
2021-09-12 23:00:00,2021-09-12 23:15:00,22.88095,NHITS
2021-09-12 23:00:00,2021-09-12 23:30:00,23.13372,NHITS
2021-09-12 23:00:00,2021-09-12 23:45:00,22.685005,NHITS
2021-09-13 00:00:00,2021-09-13 00:00:00,22.921333,NHITS
2021-09-13 00:00:00,2021-09-13 00:15:00,23.103607,NHITS
2021-09-13 00:00:00,2021-09-13 00:30:00,23.19175,NHITS
2021-09-13 00:00:00,2021-09-13 00:45:00,23.115929,NHITS
2021-09-13 01:00:00,2021-09-13 01:00:00,23.141533,NHITS
2021-09-13 01:00:00,2021-09-13 01:15:00,23.062752,NHITS
2021-09-13 01:00:00,2021-09-13 01:30:00,23.029648,NHITS
2021-09-13 01:00:00,2021-09-13 01:45:00,22.519005,NHITS
2021-09-13 02:00:00,2021-09-13 02:00:00,23.192787,NHITS
2021-09-13 02:00:00,2021-09-13 02:15:00,23.022568,NHITS
2021-09-13 02:00:00,2021-09-13 02:30:00,23.273338,NHITS
2021-09-13 02:00:00,2021-09-13 02:45:00,23.042328,NHITS
2021-09-13 03:00:00,2021-09-13 03:00:00,23.243828,NHITS
2021-09-13 03:00:00,2021-09-13 03:15:00,23.02214,NHITS
2021-09-13 03:00:00,2021-09-13 03:30:00,22.814095,NHITS
2021-09-13 03:00:00,2021-09-13 03:45:00,22.611816,NHITS
2021-09-13 04:00:00,2021-09-13 04:00:00,25.13733,NHITS
2021-09-13 04:00:00,2021-09-13 04:15:00,24.976044,NHITS
2021-09-13 04:00:00,2021-09-13 04:30:00,25.081703,NHITS
2021-09-13 04:00:00,2021-09-13 04:45:00,24.683296,NHITS
2021-09-13 05:00:00,2021-09-13 05:00:00,23.280685,NHITS
2021-09-13 05:00:00,2021-09-13 05:15:00,23.084503,NHITS
2021-09-13 05:00:00,2021-09-13 05:30:00,22.93666,NHITS
2021-09-13 05:00:00,2021-09-13 05:45:00,23.189308,NHITS
2021-09-13 06:00:00,2021-09-13 06:00:00,22.17498,NHITS
2021-09-13 06:00:00,2021-09-13 06:15:00,22.075394,NHITS
2021-09-13 06:00:00,2021-09-13 06:30:00,21.812706,NHITS
2021-09-13 06:00:00,2021-09-13 06:45:00,21.622917,NHITS
2021-09-13 07:00:00,2021-09-13 07:00:00,24.39843,NHITS
2021-09-13 07:00:00,2021-09-13 07:15:00,36.402718,NHITS
2021-09-13 07:00:00,2021-09-13 07:30:00,67.148254,NHITS
2021-09-13 07:00:00,2021-09-13 07:45:00,104.4389,NHITS
2021-09-13 08:00:00,2021-09-13 08:00:00,145.43706,NHITS
2021-09-13 08:00:00,2021-09-13 08:15:00,171.16025,NHITS
2021-09-13 08:00:00,2021-09-13 08:30:00,183.17099,NHITS
2021-09-13 08:00:00,2021-09-13 08:45:00,187.43329,NHITS
2021-09-13 09:00:00,2021-09-13 09:00:00,195.00864,NHITS
2021-09-13 09:00:00,2021-09-13 09:15:00,191.41414,NHITS
2021-09-13 09:00:00,2021-09-13 09:30:00,188.83395,NHITS
2021-09-13 09:00:00,2021-09-13 09:45:00,183.70055,NHITS
2021-09-13 10:00:00,2021-09-13 10:00:00,169.5694,NHITS
2021-09-13 10:00:00,2021-09-13 10:15:00,176.69807,NHITS
2021-09-13 10:00:00,2021-09-13 10:30:00,181.368,NHITS
2021-09-13 10:00:00,2021-09-13 10:45:00,185.89227,NHITS
2021-09-13 11:00:00,2021-09-13 11:00:00,175.46921,NHITS
2021-09-13 11:00:00,2021-09-13 11:15:00,178.1443,NHITS
2021-09-13 11:00:00,2021-09-13 11:30:00,177.1592,NHITS
2021-09-13 11:00:00,2021-09-13 11:45:00,166.85672,NHITS
2021-09-13 12:00:00,2021-09-13 12:00:00,150.99277,NHITS
2021-09-13 12:00:00,2021-09-13 12:15:00,110.88818,NHITS
2021-09-13 12:00:00,2021-09-13 12:30:00,111.11866,NHITS
2021-09-13 12:00:00,2021-09-13 12:45:00,158.62036,NHITS
2021-09-13 13:00:00,2021-09-13 13:00:00,165.08203,NHITS
2021-09-13 13:00:00,2021-09-13 13:15:00,191.7632,NHITS
2021-09-13 13:00:00,2021-09-13 13:30:00,195.84648,NHITS
2021-09-13 13:00:00,2021-09-13 13:45:00,193.17569,NHITS
2021-09-13 14:00:00,2021-09-13 14:00:00,187.94359,NHITS
2021-09-13 14:00:00,2021-09-13 14:15:00,185.65823,NHITS
2021-09-13 14:00:00,2021-09-13 14:30:00,187.5615,NHITS
2021-09-13 14:00:00,2021-09-13 14:45:00,179.36194,NHITS
2021-09-13 15:00:00,2021-09-13 15:00:00,175.53113,NHITS
2021-09-13 15:00:00,2021-09-13 15:15:00,188.75229,NHITS
2021-09-13 15:00:00,2021-09-13 15:30:00,202.6503,NHITS
2021-09-13 15:00:00,2021-09-13 15:45:00,207.91434,NHITS
2021-09-13 16:00:00,2021-09-13 16:00:00,158.55649,NHITS
2021-09-13 16:00:00,2021-09-13 16:15:00,152.27484,NHITS
2021-09-13 16:00:00,2021-09-13 16:30:00,155.5903,NHITS
2021-09-13 16:00:00,2021-09-13 16:45:00,154.93787,NHITS
2021-09-13 17:00:00,2021-09-13 17:00:00,157.20627,NHITS
2021-09-13 17:00:00,2021-09-13 17:15:00,152.7663,NHITS
2021-09-13 17:00:00,2021-09-13 17:30:00,175.26077,NHITS
2021-09-13 17:00:00,2021-09-13 17:45:00,195.31505,NHITS
2021-09-13 18:00:00,2021-09-13 18:00:00,159.0164,NHITS
2021-09-13 18:00:00,2021-09-13 18:15:00,160.17276,NHITS
2021-09-13 18:00:00,2021-09-13 18:30:00,157.84595,NHITS
2021-09-13 18:00:00,2021-09-13 18:45:00,157.1667,NHITS
2021-09-13 19:00:00,2021-09-13 19:00:00,133.37518,NHITS
2021-09-13 19:00:00,2021-09-13 19:15:00,131.4331,NHITS
2021-09-13 19:00:00,2021-09-13 19:30:00,124.223694,NHITS
2021-09-13 19:00:00,2021-09-13 19:45:00,119.174545,NHITS
2021-09-13 20:00:00,2021-09-13 20:00:00,118.01845,NHITS
2021-09-13 20:00:00,2021-09-13 20:15:00,119.48695,NHITS
2021-09-13 20:00:00,2021-09-13 20:30:00,119.11858,NHITS
2021-09-13 20:00:00,2021-09-13 20:45:00,118.45047,NHITS
2021-09-13 21:00:00,2021-09-13 21:00:00,126.25352,NHITS
2021-09-13 21:00:00,2021-09-13 21:15:00,127.31958,NHITS
2021-09-13 21:00:00,2021-09-13 21:30:00,126.58544,NHITS
2021-09-13 21:00:00,2021-09-13 21:45:00,123.25385,NHITS
2021-09-13 22:00:00,2021-09-13 22:00:00,110.84894,NHITS
2021-09-13 22:00:00,2021-09-13 22:15:00,111.806816,NHITS
2021-09-13 22:00:00,2021-09-13 22:30:00,116.89466,NHITS
2021-09-13 22:00:00,2021-09-13 22:45:00,119.55397,NHITS
2021-09-13 23:00:00,2021-09-13 23:00:00,111.35913,NHITS
2021-09-13 23:00:00,2021-09-13 23:15:00,108.50514,NHITS
2021-09-13 23:00:00,2021-09-13 23:30:00,97.70919,NHITS
2021-09-13 23:00:00,2021-09-13 23:45:00,87.0406,NHITS
2021-09-14 00:00:00,2021-09-14 00:00:00,77.52397,NHITS
2021-09-14 00:00:00,2021-09-14 00:15:00,75.9339,NHITS
2021-09-14 00:00:00,2021-09-14 00:30:00,71.537506,NHITS
2021-09-14 00:00:00,2021-09-14 00:45:00,79.63463,NHITS
2021-09-14 01:00:00,2021-09-14 01:00:00,85.4971,NHITS
2021-09-14 01:00:00,2021-09-14 01:15:00,100.21398,NHITS
2021-09-14 01:00:00,2021-09-14 01:30:00,106.82471,NHITS
2021-09-14 01:00:00,2021-09-14 01:45:00,106.491135,NHITS
2021-09-14 02:00:00,2021-09-14 02:00:00,116.83197,NHITS
2021-09-14 02:00:00,2021-09-14 02:15:00,118.93534,NHITS
2021-09-14 02:00:00,2021-09-14 02:30:00,113.014275,NHITS
2021-09-14 02:00:00,2021-09-14 02:45:00,108.217575,NHITS
2021-09-14 03:00:00,2021-09-14 03:00:00,105.80558,NHITS
2021-09-14 03:00:00,2021-09-14 03:15:00,104.38438,NHITS
2021-09-14 03:00:00,2021-09-14 03:30:00,110.75404,NHITS
2021-09-14 03:00:00,2021-09-14 03:45:00,113.29599,NHITS
2021-09-14 04:00:00,2021-09-14 04:00:00,114.30854,NHITS
2021-09-14 04:00:00,2021-09-14 04:15:00,113.963745,NHITS
2021-09-14 04:00:00,2021-09-14 04:30:00,108.734505,NHITS
2021-09-14 04:00:00,2021-09-14 04:45:00,100.32144,NHITS
2021-09-14 05:00:00,2021-09-14 05:00:00,85.53365,NHITS
2021-09-14 05:00:00,2021-09-14 05:15:00,78.215866,NHITS
2021-09-14 05:00:00,2021-09-14 05:30:00,92.06804,NHITS
2021-09-14 05:00:00,2021-09-14 05:45:00,115.251495,NHITS
2021-09-14 06:00:00,2021-09-14 06:00:00,115.10496,NHITS
2021-09-14 06:00:00,2021-09-14 06:15:00,116.68467,NHITS
2021-09-14 06:00:00,2021-09-14 06:30:00,119.31638,NHITS
2021-09-14 06:00:00,2021-09-14 06:45:00,122.05529,NHITS
2021-09-14 07:00:00,2021-09-14 07:00:00,116.44678,NHITS
2021-09-14 07:00:00,2021-09-14 07:15:00,131.74509,NHITS
2021-09-14 07:00:00,2021-09-14 07:30:00,153.81389,NHITS
2021-09-14 07:00:00,2021-09-14 07:45:00,174.88768,NHITS
2021-09-14 08:00:00,2021-09-14 08:00:00,177.04852,NHITS
2021-09-14 08:00:00,2021-09-14 08:15:00,187.82951,NHITS
2021-09-14 08:00:00,2021-09-14 08:30:00,199.3386,NHITS
2021-09-14 08:00:00,2021-09-14 08:45:00,201.78741,NHITS
2021-09-14 09:00:00,2021-09-14 09:00:00,170.97446,NHITS
2021-09-14 09:00:00,2021-09-14 09:15:00,169.82,NHITS
2021-09-14 09:00:00,2021-09-14 09:30:00,169.38303,NHITS
2021-09-14 09:00:00,2021-09-14 09:45:00,166.42412,NHITS
2021-09-14 10:00:00,2021-09-14 10:00:00,174.65929,NHITS
2021-09-14 10:00:00,2021-09-14 10:15:00,174.62323,NHITS
2021-09-14 10:00:00,2021-09-14 10:30:00,181.49301,NHITS
2021-09-14 10:00:00,2021-09-14 10:45:00,185.22523,NHITS
2021-09-14 11:00:00,2021-09-14 11:00:00,150.11823,NHITS
2021-09-14 11:00:00,2021-09-14 11:15:00,152.72491,NHITS
2021-09-14 11:00:00,2021-09-14 11:30:00,157.1423,NHITS
2021-09-14 11:00:00,2021-09-14 11:45:00,149.07848,NHITS
2021-09-14 12:00:00,2021-09-14 12:00:00,141.79175,NHITS
2021-09-14 12:00:00,2021-09-14 12:15:00,93.88717,NHITS
2021-09-14 12:00:00,2021-09-14 12:30:00,93.20807,NHITS
2021-09-14 12:00:00,2021-09-14 12:45:00,127.72237,NHITS
2021-09-14 13:00:00,2021-09-14 13:00:00,157.6755,NHITS
2021-09-14 13:00:00,2021-09-14 13:15:00,181.06268,NHITS
2021-09-14 13:00:00,2021-09-14 13:30:00,186.0464,NHITS
2021-09-14 13:00:00,2021-09-14 13:45:00,183.4831,NHITS
2021-09-14 14:00:00,2021-09-14 14:00:00,172.14157,NHITS
2021-09-14 14:00:00,2021-09-14 14:15:00,173.45882,NHITS
2021-09-14 14:00:00,2021-09-14 14:30:00,178.5217,NHITS
2021-09-14 14:00:00,2021-09-14 14:45:00,170.57886,NHITS
2021-09-14 15:00:00,2021-09-14 15:00:00,143.6784,NHITS
2021-09-14 15:00:00,2021-09-14 15:15:00,145.43187,NHITS
2021-09-14 15:00:00,2021-09-14 15:30:00,162.99072,NHITS
2021-09-14 15:00:00,2021-09-14 15:45:00,168.89508,NHITS
2021-09-14 16:00:00,2021-09-14 16:00:00,159.90323,NHITS
2021-09-14 16:00:00,2021-09-14 16:15:00,155.7073,NHITS
2021-09-14 16:00:00,2021-09-14 16:30:00,158.55124,NHITS
2021-09-14 16:00:00,2021-09-14 16:45:00,153.00945,NHITS
2021-09-14 17:00:00,2021-09-14 17:00:00,121.63887,NHITS
2021-09-14 17:00:00,2021-09-14 17:15:00,100.2907,NHITS
2021-09-14 17:00:00,2021-09-14 17:30:00,125.545074,NHITS
2021-09-14 17:00:00,2021-09-14 17:45:00,155.26749,NHITS
2021-09-14 18:00:00,2021-09-14 18:00:00,151.13066,NHITS
2021-09-14 18:00:00,2021-09-14 18:15:00,151.07977,NHITS
2021-09-14 18:00:00,2021-09-14 18:30:00,151.08163,NHITS
2021-09-14 18:00:00,2021-09-14 18:45:00,152.53552,NHITS
2021-09-14 19:00:00,2021-09-14 19:00:00,165.34766,NHITS
2021-09-14 19:00:00,2021-09-14 19:15:00,163.09058,NHITS
2021-09-14 19:00:00,2021-09-14 19:30:00,156.0622,NHITS
2021-09-14 19:00:00,2021-09-14 19:45:00,149.24338,NHITS
2021-09-14 20:00:00,2021-09-14 20:00:00,124.04436,NHITS
2021-09-14 20:00:00,2021-09-14 20:15:00,120.66488,NHITS
2021-09-14 20:00:00,2021-09-14 20:30:00,117.93863,NHITS
2021-09-14 20:00:00,2021-09-14 20:45:00,116.79615,NHITS
2021-09-14 21:00:00,2021-09-14 21:00:00,129.03874,NHITS
2021-09-14 21:00:00,2021-09-14 21:15:00,129.72617,NHITS
2021-09-14 21:00:00,2021-09-14 21:30:00,128.96812,NHITS
2021-09-14 21:00:00,2021-09-14 21:45:00,125.96156,NHITS
2021-09-14 22:00:00,2021-09-14 22:00:00,119.073875,NHITS
2021-09-14 22:00:00,2021-09-14 22:15:00,119.17897,NHITS
2021-09-14 22:00:00,2021-09-14 22:30:00,120.78435,NHITS
2021-09-14 22:00:00,2021-09-14 22:45:00,122.241516,NHITS
2021-09-14 23:00:00,2021-09-14 23:00:00,112.57855,NHITS
2021-09-14 23:00:00,2021-09-14 23:15:00,110.34041,NHITS
2021-09-14 23:00:00,2021-09-14 23:30:00,102.342186,NHITS
2021-09-14 23:00:00,2021-09-14 23:45:00,90.78139,NHITS
2021-08-09 00:00:00,2021-08-09 00:00:00,26.875061,TFT
2021-08-09 00:00:00,2021-08-09 00:15:00,25.964046,TFT
2021-08-09 00:00:00,2021-08-09 00:30:00,25.498146,TFT
2021-08-09 00:00:00,2021-08-09 00:45:00,25.463741,TFT
2021-08-09 01:00:00,2021-08-09 01:00:00,24.919956,TFT
2021-08-09 01:00:00,2021-08-09 01:15:00,24.236576,TFT
2021-08-09 01:00:00,2021-08-09 01:30:00,23.933022,TFT
2021-08-09 01:00:00,2021-08-09 01:45:00,24.035,TFT
2021-08-09 02:00:00,2021-08-09 02:00:00,24.522392,TFT
2021-08-09 02:00:00,2021-08-09 02:15:00,23.772007,TFT
2021-08-09 02:00:00,2021-08-09 02:30:00,23.484692,TFT
2021-08-09 02:00:00,2021-08-09 02:45:00,23.62806,TFT
2021-08-09 03:00:00,2021-08-09 03:00:00,24.34237,TFT
2021-08-09 03:00:00,2021-08-09 03:15:00,23.530178,TFT
2021-08-09 03:00:00,2021-08-09 03:30:00,23.211555,TFT
2021-08-09 03:00:00,2021-08-09 03:45:00,23.339901,TFT
2021-08-09 04:00:00,2021-08-09 04:00:00,24.21529,TFT
2021-08-09 04:00:00,2021-08-09 04:15:00,23.315231,TFT
2021-08-09 04:00:00,2021-08-09 04:30:00,22.92923,TFT
2021-08-09 04:00:00,2021-08-09 04:45:00,23.01572,TFT
2021-08-09 05:00:00,2021-08-09 05:00:00,23.534325,TFT
2021-08-09 05:00:00,2021-08-09 05:15:00,22.680565,TFT
2021-08-09 05:00:00,2021-08-09 05:30:00,22.42083,TFT
2021-08-09 05:00:00,2021-08-09 05:45:00,22.77182,TFT
2021-08-09 06:00:00,2021-08-09 06:00:00,22.980244,TFT
2021-08-09 06:00:00,2021-08-09 06:15:00,23.164227,TFT
2021-08-09 06:00:00,2021-08-09 06:30:00,24.55328,TFT
2021-08-09 06:00:00,2021-08-09 06:45:00,27.731247,TFT
2021-08-09 07:00:00,2021-08-09 07:00:00,31.229748,TFT
2021-08-09 07:00:00,2021-08-09 07:15:00,44.46073,TFT
2021-08-09 07:00:00,2021-08-09 07:30:00,76.47005,TFT
2021-08-09 07:00:00,2021-08-09 07:45:00,131.63489,TFT
2021-08-09 08:00:00,2021-08-09 08:00:00,183.0903,TFT
2021-08-09 08:00:00,2021-08-09 08:15:00,187.02698,TFT
2021-08-09 08:00:00,2021-08-09 08:30:00,186.51242,TFT
2021-08-09 08:00:00,2021-08-09 08:45:00,184.84555,TFT
2021-08-09 09:00:00,2021-08-09 09:00:00,188.99551,TFT
2021-08-09 09:00:00,2021-08-09 09:15:00,187.01045,TFT
2021-08-09 09:00:00,2021-08-09 09:30:00,185.33409,TFT
2021-08-09 09:00:00,2021-08-09 09:45:00,183.7864,TFT
2021-08-09 10:00:00,2021-08-09 10:00:00,185.0716,TFT
2021-08-09 10:00:00,2021-08-09 10:15:00,183.47589,TFT
2021-08-09 10:00:00,2021-08-09 10:30:00,182.16304,TFT
2021-08-09 10:00:00,2021-08-09 10:45:00,180.75641,TFT
2021-08-09 11:00:00,2021-08-09 11:00:00,181.31873,TFT
2021-08-09 11:00:00,2021-08-09 11:15:00,179.64189,TFT
2021-08-09 11:00:00,2021-08-09 11:30:00,178.08426,TFT
2021-08-09 11:00:00,2021-08-09 11:45:00,176.35724,TFT
2021-08-09 12:00:00,2021-08-09 12:00:00,177.31808,TFT
2021-08-09 12:00:00,2021-08-09 12:15:00,175.52066,TFT
2021-08-09 12:00:00,2021-08-09 12:30:00,174.15344,TFT
2021-08-09 12:00:00,2021-08-09 12:45:00,172.89038,TFT
2021-08-09 13:00:00,2021-08-09 13:00:00,167.99286,TFT
2021-08-09 13:00:00,2021-08-09 13:15:00,170.16454,TFT
2021-08-09 13:00:00,2021-08-09 13:30:00,170.53065,TFT
2021-08-09 13:00:00,2021-08-09 13:45:00,170.20221,TFT
2021-08-09 14:00:00,2021-08-09 14:00:00,174.81415,TFT
2021-08-09 14:00:00,2021-08-09 14:15:00,173.51462,TFT
2021-08-09 14:00:00,2021-08-09 14:30:00,172.50797,TFT
2021-08-09 14:00:00,2021-08-09 14:45:00,171.58142,TFT
2021-08-09 15:00:00,2021-08-09 15:00:00,172.49797,TFT
2021-08-09 15:00:00,2021-08-09 15:15:00,171.85834,TFT
2021-08-09 15:00:00,2021-08-09 15:30:00,171.34778,TFT
2021-08-09 15:00:00,2021-08-09 15:45:00,170.73856,TFT
2021-08-09 16:00:00,2021-08-09 16:00:00,172.79373,TFT
2021-08-09 16:00:00,2021-08-09 16:15:00,171.81003,TFT
2021-08-09 16:00:00,2021-08-09 16:30:00,171.0279,TFT
2021-08-09 16:00:00,2021-08-09 16:45:00,170.11981,TFT
2021-08-09 17:00:00,2021-08-09 17:00:00,171.56699,TFT
2021-08-09 17:00:00,2021-08-09 17:15:00,170.02963,TFT
2021-08-09 17:00:00,2021-08-09 17:30:00,168.72183,TFT
2021-08-09 17:00:00,2021-08-09 17:45:00,167.13617,TFT
2021-08-09 18:00:00,2021-08-09 18:00:00,164.2788,TFT
2021-08-09 18:00:00,2021-08-09 18:15:00,163.19849,TFT
2021-08-09 18:00:00,2021-08-09 18:30:00,161.32513,TFT
2021-08-09 18:00:00,2021-08-09 18:45:00,158.46078,TFT
2021-08-09 19:00:00,2021-08-09 19:00:00,152.71172,TFT
2021-08-09 19:00:00,2021-08-09 19:15:00,150.70953,TFT
2021-08-09 19:00:00,2021-08-09 19:30:00,146.60129,TFT
2021-08-09 19:00:00,2021-08-09 19:45:00,141.18431,TFT
2021-08-09 20:00:00,2021-08-09 20:00:00,134.32198,TFT
2021-08-09 20:00:00,2021-08-09 20:15:00,130.76859,TFT
2021-08-09 20:00:00,2021-08-09 20:30:00,125.9751,TFT
2021-08-09 20:00:00,2021-08-09 20:45:00,120.89613,TFT
2021-08-09 21:00:00,2021-08-09 21:00:00,124.65965,TFT
2021-08-09 21:00:00,2021-08-09 21:15:00,120.07097,TFT
2021-08-09 21:00:00,2021-08-09 21:30:00,116.00685,TFT
2021-08-09 21:00:00,2021-08-09 21:45:00,112.25864,TFT
2021-08-09 22:00:00,2021-08-09 22:00:00,114.94415,TFT
2021-08-09 22:00:00,2021-08-09 22:15:00,111.914116,TFT
2021-08-09 22:00:00,2021-08-09 22:30:00,109.30491,TFT
2021-08-09 22:00:00,2021-08-09 22:45:00,106.82195,TFT
2021-08-09 23:00:00,2021-08-09 23:00:00,109.81942,TFT
2021-08-09 23:00:00,2021-08-09 23:15:00,107.763145,TFT
2021-08-09 23:00:00,2021-08-09 23:30:00,106.12358,TFT
2021-08-09 23:00:00,2021-08-09 23:45:00,104.62996,TFT
2021-08-10 00:00:00,2021-08-10 00:00:00,107.62215,TFT
2021-08-10 00:00:00,2021-08-10 00:15:00,109.55533,TFT
2021-08-10 00:00:00,2021-08-10 00:30:00,110.42145,TFT
2021-08-10 00:00:00,2021-08-10 00:45:00,110.450134,TFT
2021-08-10 01:00:00,2021-08-10 01:00:00,90.015884,TFT
2021-08-10 01:00:00,2021-08-10 01:15:00,95.605125,TFT
2021-08-10 01:00:00,2021-08-10 01:30:00,99.103096,TFT
2021-08-10 01:00:00,2021-08-10 01:45:00,101.199524,TFT
2021-08-10 02:00:00,2021-08-10 02:00:00,106.50909,TFT
2021-08-10 02:00:00,2021-08-10 02:15:00,107.62836,TFT
2021-08-10 02:00:00,2021-08-10 02:30:00,107.695,TFT
2021-08-10 02:00:00,2021-08-10 02:45:00,107.30153,TFT
2021-08-10 03:00:00,2021-08-10 03:00:00,107.83644,TFT
2021-08-10 03:00:00,2021-08-10 03:15:00,108.44849,TFT
2021-08-10 03:00:00,2021-08-10 03:30:00,108.06923,TFT
2021-08-10 03:00:00,2021-08-10 03:45:00,107.24499,TFT
2021-08-10 04:00:00,2021-08-10 04:00:00,106.99619,TFT
2021-08-10 04:00:00,2021-08-10 04:15:00,107.38331,TFT
2021-08-10 04:00:00,2021-08-10 04:30:00,106.753075,TFT
2021-08-10 04:00:00,2021-08-10 04:45:00,105.661606,TFT
2021-08-10 05:00:00,2021-08-10 05:00:00,102.748085,TFT
2021-08-10 05:00:00,2021-08-10 05:15:00,103.66284,TFT
2021-08-10 05:00:00,2021-08-10 05:30:00,103.50748,TFT
2021-08-10 05:00:00,2021-08-10 05:45:00,103.18127,TFT
2021-08-10 06:00:00,2021-08-10 06:00:00,97.43155,TFT
2021-08-10 06:00:00,2021-08-10 06:15:00,101.12065,TFT
2021-08-10 06:00:00,2021-08-10 06:30:00,105.08489,TFT
2021-08-10 06:00:00,2021-08-10 06:45:00,110.91271,TFT
2021-08-10 07:00:00,2021-08-10 07:00:00,115.00217,TFT
2021-08-10 07:00:00,2021-08-10 07:15:00,129.88727,TFT
2021-08-10 07:00:00,2021-08-10 07:30:00,145.29132,TFT
2021-08-10 07:00:00,2021-08-10 07:45:00,160.18689,TFT
2021-08-10 08:00:00,2021-08-10 08:00:00,172.09393,TFT
2021-08-10 08:00:00,2021-08-10 08:15:00,182.26459,TFT
2021-08-10 08:00:00,2021-08-10 08:30:00,186.95865,TFT
2021-08-10 08:00:00,2021-08-10 08:45:00,188.54407,TFT
2021-08-10 09:00:00,2021-08-10 09:00:00,191.64487,TFT
2021-08-10 09:00:00,2021-08-10 09:15:00,190.72818,TFT
2021-08-10 09:00:00,2021-08-10 09:30:00,189.39764,TFT
2021-08-10 09:00:00,2021-08-10 09:45:00,188.0971,TFT
2021-08-10 10:00:00,2021-08-10 10:00:00,188.53386,TFT
2021-08-10 10:00:00,2021-08-10 10:15:00,187.12329,TFT
2021-08-10 10:00:00,2021-08-10 10:30:00,185.74988,TFT
2021-08-10 10:00:00,2021-08-10 10:45:00,184.53821,TFT
2021-08-10 11:00:00,2021-08-10 11:00:00,184.68605,TFT
2021-08-10 11:00:00,2021-08-10 11:15:00,183.2377,TFT
2021-08-10 11:00:00,2021-08-10 11:30:00,181.9212,TFT
2021-08-10 11:00:00,2021-08-10 11:45:00,180.79355,TFT
2021-08-10 12:00:00,2021-08-10 12:00:00,180.13086,TFT
2021-08-10 12:00:00,2021-08-10 12:15:00,179.0503,TFT
2021-08-10 12:00:00,2021-08-10 12:30:00,178.23096,TFT
2021-08-10 12:00:00,2021-08-10 12:45:00,177.65479,TFT
2021-08-10 13:00:00,2021-08-10 13:00:00,167.38098,TFT
2021-08-10 13:00:00,2021-08-10 13:15:00,171.38554,TFT
2021-08-10 13:00:00,2021-08-10 13:30:00,173.35971,TFT
2021-08-10 13:00:00,2021-08-10 13:45:00,174.29088,TFT
2021-08-10 14:00:00,2021-08-10 14:00:00,178.9823,TFT
2021-08-10 14:00:00,2021-08-10 14:15:00,178.39111,TFT
2021-08-10 14:00:00,2021-08-10 14:30:00,177.74265,TFT
2021-08-10 14:00:00,2021-08-10 14:45:00,177.19562,TFT
2021-08-10 15:00:00,2021-08-10 15:00:00,173.74832,TFT
2021-08-10 15:00:00,2021-08-10 15:15:00,174.43484,TFT
2021-08-10 15:00:00,2021-08-10 15:30:00,174.60306,TFT
2021-08-10 15:00:00,2021-08-10 15:45:00,174.54129,TFT
2021-08-10 16:00:00,2021-08-10 16:00:00,176.45914,TFT
2021-08-10 16:00:00,2021-08-10 16:15:00,176.02994,TFT
2021-08-10 16:00:00,2021-08-10 16:30:00,175.25365,TFT
2021-08-10 16:00:00,2021-08-10 16:45:00,174.28613,TFT
2021-08-10 17:00:00,2021-08-10 17:00:00,172.13754,TFT
2021-08-10 17:00:00,2021-08-10 17:15:00,171.09921,TFT
2021-08-10 17:00:00,2021-08-10 17:30:00,169.48999,TFT
2021-08-10 17:00:00,2021-08-10 17:45:00,167.48312,TFT
2021-08-10 18:00:00,2021-08-10 18:00:00,166.49283,TFT
2021-08-10 18:00:00,2021-08-10 18:15:00,164.5126,TFT
2021-08-10 18:00:00,2021-08-10 18:30:00,161.90407,TFT
2021-08-10 18:00:00,2021-08-10 18:45:00,158.98843,TFT
2021-08-10 19:00:00,2021-08-10 19:00:00,160.42029,TFT
2021-08-10 19:00:00,2021-08-10 19:15:00,156.36212,TFT
2021-08-10 19:00:00,2021-08-10 19:30:00,152.17975,TFT
2021-08-10 19:00:00,2021-08-10 19:45:00,147.99707,TFT
2021-08-10 20:00:00,2021-08-10 20:00:00,146.01852,TFT
2021-08-10 20:00:00,2021-08-10 20:15:00,141.509,TFT
2021-08-10 20:00:00,2021-08-10 20:30:00,137.0351,TFT
2021-08-10 20:00:00,2021-08-10 20:45:00,132.85191,TFT
2021-08-10 21:00:00,2021-08-10 21:00:00,131.69101,TFT
2021-08-10 21:00:00,2021-08-10 21:15:00,127.656265,TFT
2021-08-10 21:00:00,2021-08-10 21:30:00,123.86746,TFT
2021-08-10 21:00:00,2021-08-10 21:45:00,120.54569,TFT
2021-08-10 22:00:00,2021-08-10 22:00:00,119.464035,TFT
2021-08-10 22:00:00,2021-08-10 22:15:00,116.5551,TFT
2021-08-10 22:00:00,2021-08-10 22:30:00,113.792885,TFT
2021-08-10 22:00:00,2021-08-10 22:45:00,111.459045,TFT
2021-08-10 23:00:00,2021-08-10 23:00:00,107.93448,TFT
2021-08-10 23:00:00,2021-08-10 23:15:00,106.58971,TFT
2021-08-10 23:00:00,2021-08-10 23:30:00,105.28914,TFT
2021-08-10 23:00:00,2021-08-10 23:45:00,104.329865,TFT
2021-08-11 00:00:00,2021-08-11 00:00:00,97.27284,TFT
2021-08-11 00:00:00,2021-08-11 00:15:00,98.566124,TFT
2021-08-11 00:00:00,2021-08-11 00:30:00,99.71828,TFT
2021-08-11 00:00:00,2021-08-11 00:45:00,100.82307,TFT
2021-08-11 01:00:00,2021-08-11 01:00:00,89.96028,TFT
2021-08-11 01:00:00,2021-08-11 01:15:00,94.23304,TFT
2021-08-11 01:00:00,2021-08-11 01:30:00,97.41252,TFT
2021-08-11 01:00:00,2021-08-11 01:45:00,99.69279,TFT
2021-08-11 02:00:00,2021-08-11 02:00:00,104.18899,TFT
2021-08-11 02:00:00,2021-08-11 02:15:00,106.18742,TFT
2021-08-11 02:00:00,2021-08-11 02:30:00,107.028854,TFT
2021-08-11 02:00:00,2021-08-11 02:45:00,107.28994,TFT
2021-08-11 03:00:00,2021-08-11 03:00:00,109.06555,TFT
2021-08-11 03:00:00,2021-08-11 03:15:00,109.77464,TFT
2021-08-11 03:00:00,2021-08-11 03:30:00,109.524734,TFT
2021-08-11 03:00:00,2021-08-11 03:45:00,108.86741,TFT
2021-08-11 04:00:00,2021-08-11 04:00:00,107.43184,TFT
2021-08-11 04:00:00,2021-08-11 04:15:00,108.323105,TFT
2021-08-11 04:00:00,2021-08-11 04:30:00,108.04187,TFT
2021-08-11 04:00:00,2021-08-11 04:45:00,107.24701,TFT
2021-08-11 05:00:00,2021-08-11 05:00:00,105.57047,TFT
2021-08-11 05:00:00,2021-08-11 05:15:00,106.35221,TFT
2021-08-11 05:00:00,2021-08-11 05:30:00,106.14761,TFT
2021-08-11 05:00:00,2021-08-11 05:45:00,105.795685,TFT
2021-08-11 06:00:00,2021-08-11 06:00:00,101.84349,TFT
2021-08-11 06:00:00,2021-08-11 06:15:00,105.12275,TFT
2021-08-11 06:00:00,2021-08-11 06:30:00,108.30422,TFT
2021-08-11 06:00:00,2021-08-11 06:45:00,112.61375,TFT
2021-08-11 07:00:00,2021-08-11 07:00:00,122.38478,TFT
2021-08-11 07:00:00,2021-08-11 07:15:00,132.78447,TFT
2021-08-11 07:00:00,2021-08-11 07:30:00,143.36978,TFT
2021-08-11 07:00:00,2021-08-11 07:45:00,154.22133,TFT
2021-08-11 08:00:00,2021-08-11 08:00:00,166.02478,TFT
2021-08-11 08:00:00,2021-08-11 08:15:00,176.69987,TFT
2021-08-11 08:00:00,2021-08-11 08:30:00,183.284,TFT
2021-08-11 08:00:00,2021-08-11 08:45:00,186.91049,TFT
2021-08-11 09:00:00,2021-08-11 09:00:00,189.4537,TFT
2021-08-11 09:00:00,2021-08-11 09:15:00,190.5882,TFT
2021-08-11 09:00:00,2021-08-11 09:30:00,190.36282,TFT
2021-08-11 09:00:00,2021-08-11 09:45:00,189.60126,TFT
2021-08-11 10:00:00,2021-08-11 10:00:00,187.57426,TFT
2021-08-11 10:00:00,2021-08-11 10:15:00,187.72903,TFT
2021-08-11 10:00:00,2021-08-11 10:30:00,187.08534,TFT
2021-08-11 10:00:00,2021-08-11 10:45:00,186.19145,TFT
2021-08-11 11:00:00,2021-08-11 11:00:00,183.90768,TFT
2021-08-11 11:00:00,2021-08-11 11:15:00,183.75348,TFT
2021-08-11 11:00:00,2021-08-11 11:30:00,183.09805,TFT
2021-08-11 11:00:00,2021-08-11 11:45:00,182.32709,TFT
2021-08-11 12:00:00,2021-08-11 12:00:00,180.52008,TFT
2021-08-11 12:00:00,2021-08-11 12:15:00,180.32619,TFT
2021-08-11 12:00:00,2021-08-11 12:30:00,179.95255,TFT
2021-08-11 12:00:00,2021-08-11 12:45:00,179.5906,TFT
2021-08-11 13:00:00,2021-08-11 13:00:00,167.1966,TFT
2021-08-11 13:00:00,2021-08-11 13:15:00,171.85051,TFT
2021-08-11 13:00:00,2021-08-11 13:30:00,174.311,TFT
2021-08-11 13:00:00,2021-08-11 13:45:00,175.57562,TFT
2021-08-11 14:00:00,2021-08-11 14:00:00,179.66711,TFT
2021-08-11 14:00:00,2021-08-11 14:15:00,179.3675,TFT
2021-08-11 14:00:00,2021-08-11 14:30:00,178.93765,TFT
2021-08-11 14:00:00,2021-08-11 14:45:00,178.53848,TFT
2021-08-11 15:00:00,2021-08-11 15:00:00,174.65433,TFT
2021-08-11 15:00:00,2021-08-11 15:15:00,175.16354,TFT
2021-08-11 15:00:00,2021-08-11 15:30:00,175.38675,TFT
2021-08-11 15:00:00,2021-08-11 15:45:00,175.42816,TFT
2021-08-11 16:00:00,2021-08-11 16:00:00,172.75504,TFT
2021-08-11 16:00:00,2021-08-11 16:15:00,173.56915,TFT
2021-08-11 16:00:00,2021-08-11 16:30:00,173.57916,TFT
2021-08-11 16:00:00,2021-08-11 16:45:00,173.04147,TFT
2021-08-11 17:00:00,2021-08-11 17:00:00,173.2537,TFT
2021-08-11 17:00:00,2021-08-11 17:15:00,171.42624,TFT
2021-08-11 17:00:00,2021-08-11 17:30:00,169.19919,TFT
2021-08-11 17:00:00,2021-08-11 17:45:00,166.63196,TFT
2021-08-11 18:00:00,2021-08-11 18:00:00,164.2451,TFT
2021-08-11 18:00:00,2021-08-11 18:15:00,161.383,TFT
2021-08-11 18:00:00,2021-08-11 18:30:00,158.33002,TFT
2021-08-11 18:00:00,2021-08-11 18:45:00,155.2298,TFT
2021-08-11 19:00:00,2021-08-11 19:00:00,153.76236,TFT
2021-08-11 19:00:00,2021-08-11 19:15:00,149.90671,TFT
2021-08-11 19:00:00,2021-08-11 19:30:00,146.16202,TFT
2021-08-11 19:00:00,2021-08-11 19:45:00,142.57822,TFT
2021-08-11 20:00:00,2021-08-11 20:00:00,135.6909,TFT
2021-08-11 20:00:00,2021-08-11 20:15:00,132.48463,TFT
2021-08-11 20:00:00,2021-08-11 20:30:00,129.44473,TFT
2021-08-11 20:00:00,2021-08-11 20:45:00,126.63994,TFT
2021-08-11 21:00:00,2021-08-11 21:00:00,119.17227,TFT
2021-08-11 21:00:00,2021-08-11 21:15:00,117.4691,TFT
2021-08-11 21:00:00,2021-08-11 21:30:00,115.838806,TFT
2021-08-11 21:00:00,2021-08-11 21:45:00,114.324005,TFT
2021-08-11 22:00:00,2021-08-11 22:00:00,106.38464,TFT
2021-08-11 22:00:00,2021-08-11 22:15:00,106.32386,TFT
2021-08-11 22:00:00,2021-08-11 22:30:00,106.082085,TFT
2021-08-11 22:00:00,2021-08-11 22:45:00,105.72154,TFT
2021-08-11 23:00:00,2021-08-11 23:00:00,97.85833,TFT
2021-08-11 23:00:00,2021-08-11 23:15:00,98.57008,TFT
2021-08-11 23:00:00,2021-08-11 23:30:00,99.14983,TFT
2021-08-11 23:00:00,2021-08-11 23:45:00,99.675606,TFT
2021-08-12 00:00:00,2021-08-12 00:00:00,82.72036,TFT
2021-08-12 00:00:00,2021-08-12 00:15:00,85.21613,TFT
2021-08-12 00:00:00,2021-08-12 00:30:00,87.64618,TFT
2021-08-12 00:00:00,2021-08-12 00:45:00,89.98084,TFT
2021-08-12 01:00:00,2021-08-12 01:00:00,95.493744,TFT
2021-08-12 01:00:00,2021-08-12 01:15:00,98.44388,TFT
2021-08-12 01:00:00,2021-08-12 01:30:00,100.42981,TFT
2021-08-12 01:00:00,2021-08-12 01:45:00,101.777794,TFT
2021-08-12 02:00:00,2021-08-12 02:00:00,110.01771,TFT
2021-08-12 02:00:00,2021-08-12 02:15:00,110.61038,TFT
2021-08-12 02:00:00,2021-08-12 02:30:00,110.40456,TFT
2021-08-12 02:00:00,2021-08-12 02:45:00,109.74863,TFT
2021-08-12 03:00:00,2021-08-12 03:00:00,110.67683,TFT
2021-08-12 03:00:00,2021-08-12 03:15:00,111.26389,TFT
2021-08-12 03:00:00,2021-08-12 03:30:00,110.902176,TFT
2021-08-12 03:00:00,2021-08-12 03:45:00,109.930214,TFT
2021-08-12 04:00:00,2021-08-12 04:00:00,109.73822,TFT
2021-08-12 04:00:00,2021-08-12 04:15:00,110.04617,TFT
2021-08-12 04:00:00,2021-08-12 04:30:00,109.3511,TFT
2021-08-12 04:00:00,2021-08-12 04:45:00,108.001945,TFT
2021-08-12 05:00:00,2021-08-12 05:00:00,105.30638,TFT
2021-08-12 05:00:00,2021-08-12 05:15:00,105.87576,TFT
2021-08-12 05:00:00,2021-08-12 05:30:00,105.32649,TFT
2021-08-12 05:00:00,2021-08-12 05:45:00,104.33893,TFT
2021-08-12 06:00:00,2021-08-12 06:00:00,102.98473,TFT
2021-08-12 06:00:00,2021-08-12 06:15:00,105.22142,TFT
2021-08-12 06:00:00,2021-08-12 06:30:00,107.5342,TFT
2021-08-12 06:00:00,2021-08-12 06:45:00,110.956566,TFT
2021-08-12 07:00:00,2021-08-12 07:00:00,120.4328,TFT
2021-08-12 07:00:00,2021-08-12 07:15:00,131.02231,TFT
2021-08-12 07:00:00,2021-08-12 07:30:00,142.57227,TFT
2021-08-12 07:00:00,2021-08-12 07:45:00,155.06891,TFT
2021-08-12 08:00:00,2021-08-12 08:00:00,170.95953,TFT
2021-08-12 08:00:00,2021-08-12 08:15:00,181.56563,TFT
2021-08-12 08:00:00,2021-08-12 08:30:00,187.54698,TFT
2021-08-12 08:00:00,2021-08-12 08:45:00,190.0859,TFT
2021-08-12 09:00:00,2021-08-12 09:00:00,191.17787,TFT
2021-08-12 09:00:00,2021-08-12 09:15:00,191.75806,TFT
2021-08-12 09:00:00,2021-08-12 09:30:00,191.12962,TFT
2021-08-12 09:00:00,2021-08-12 09:45:00,190.0053,TFT
2021-08-12 10:00:00,2021-08-12 10:00:00,189.36932,TFT
2021-08-12 10:00:00,2021-08-12 10:15:00,189.18494,TFT
2021-08-12 10:00:00,2021-08-12 10:30:00,188.3034,TFT
2021-08-12 10:00:00,2021-08-12 10:45:00,187.13538,TFT
2021-08-12 11:00:00,2021-08-12 11:00:00,187.41081,TFT
2021-08-12 11:00:00,2021-08-12 11:15:00,186.72993,TFT
2021-08-12 11:00:00,2021-08-12 11:30:00,185.57672,TFT
2021-08-12 11:00:00,2021-08-12 11:45:00,184.27509,TFT
2021-08-12 12:00:00,2021-08-12 12:00:00,184.61713,TFT
2021-08-12 12:00:00,2021-08-12 12:15:00,183.7586,TFT
2021-08-12 12:00:00,2021-08-12 12:30:00,182.73083,TFT
2021-08-12 12:00:00,2021-08-12 12:45:00,181.71791,TFT
2021-08-12 13:00:00,2021-08-12 13:00:00,169.49919,TFT
2021-08-12 13:00:00,2021-08-12 13:15:00,173.43561,TFT
2021-08-12 13:00:00,2021-08-12 13:30:00,175.19171,TFT
2021-08-12 13:00:00,2021-08-12 13:45:00,175.89438,TFT
2021-08-12 14:00:00,2021-08-12 14:00:00,181.6641,TFT
2021-08-12 14:00:00,2021-08-12 14:15:00,180.89323,TFT
2021-08-12 14:00:00,2021-08-12 14:30:00,180.04407,TFT
2021-08-12 14:00:00,2021-08-12 14:45:00,179.24463,TFT
2021-08-12 15:00:00,2021-08-12 15:00:00,179.79486,TFT
2021-08-12 15:00:00,2021-08-12 15:15:00,179.15161,TFT
2021-08-12 15:00:00,2021-08-12 15:30:00,178.45119,TFT
2021-08-12 15:00:00,2021-08-12 15:45:00,177.74362,TFT
2021-08-12 16:00:00,2021-08-12 16:00:00,179.6098,TFT
2021-08-12 16:00:00,2021-08-12 16:15:00,178.59251,TFT
2021-08-12 16:00:00,2021-08-12 16:30:00,177.50314,TFT
2021-08-12 16:00:00,2021-08-12 16:45:00,176.29495,TFT
2021-08-12 17:00:00,2021-08-12 17:00:00,176.08658,TFT
2021-08-12 17:00:00,2021-08-12 17:15:00,174.53345,TFT
2021-08-12 17:00:00,2021-08-12 17:30:00,172.53893,TFT
2021-08-12 17:00:00,2021-08-12 17:45:00,170.1012,TFT
2021-08-12 18:00:00,2021-08-12 18:00:00,169.12949,TFT
2021-08-12 18:00:00,2021-08-12 18:15:00,166.18988,TFT
2021-08-12 18:00:00,2021-08-12 18:30:00,162.77411,TFT
2021-08-12 18:00:00,2021-08-12 18:45:00,158.99463,TFT
2021-08-12 19:00:00,2021-08-12 19:00:00,158.88771,TFT
2021-08-12 19:00:00,2021-08-12 19:15:00,154.3646,TFT
2021-08-12 19:00:00,2021-08-12 19:30:00,149.62134,TFT
2021-08-12 19:00:00,2021-08-12 19:45:00,144.77039,TFT
2021-08-12 20:00:00,2021-08-12 20:00:00,141.91624,TFT
2021-08-12 20:00:00,2021-08-12 20:15:00,137.48029,TFT
2021-08-12 20:00:00,2021-08-12 20:30:00,133.01053,TFT
2021-08-12 20:00:00,2021-08-12 20:45:00,128.75073,TFT
2021-08-12 21:00:00,2021-08-12 21:00:00,125.41896,TFT
2021-08-12 21:00:00,2021-08-12 21:15:00,122.42355,TFT
2021-08-12 21:00:00,2021-08-12 21:30:00,119.36665,TFT
2021-08-12 21:00:00,2021-08-12 21:45:00,116.51111,TFT
2021-08-12 22:00:00,2021-08-12 22:00:00,111.301476,TFT
2021-08-12 22:00:00,2021-08-12 22:15:00,110.24155,TFT
2021-08-12 22:00:00,2021-08-12 22:30:00,108.815994,TFT
2021-08-12 22:00:00,2021-08-12 22:45:00,107.35367,TFT
2021-08-12 23:00:00,2021-08-12 23:00:00,105.84835,TFT
2021-08-12 23:00:00,2021-08-12 23:15:00,105.34006,TFT
2021-08-12 23:00:00,2021-08-12 23:30:00,104.486115,TFT
2021-08-12 23:00:00,2021-08-12 23:45:00,103.673874,TFT
2021-08-13 00:00:00,2021-08-13 00:00:00,80.607605,TFT
2021-08-13 00:00:00,2021-08-13 00:15:00,82.57766,TFT
2021-08-13 00:00:00,2021-08-13 00:30:00,84.025085,TFT
2021-08-13 00:00:00,2021-08-13 00:45:00,85.31,TFT
2021-08-13 01:00:00,2021-08-13 01:00:00,94.713684,TFT
2021-08-13 01:00:00,2021-08-13 01:15:00,97.46067,TFT
2021-08-13 01:00:00,2021-08-13 01:30:00,99.04828,TFT
2021-08-13 01:00:00,2021-08-13 01:45:00,99.62229,TFT
2021-08-13 02:00:00,2021-08-13 02:00:00,105.66405,TFT
2021-08-13 02:00:00,2021-08-13 02:15:00,106.64991,TFT
2021-08-13 02:00:00,2021-08-13 02:30:00,107.02085,TFT
2021-08-13 02:00:00,2021-08-13 02:45:00,106.70557,TFT
2021-08-13 03:00:00,2021-08-13 03:00:00,107.81726,TFT
2021-08-13 03:00:00,2021-08-13 03:15:00,108.213394,TFT
2021-08-13 03:00:00,2021-08-13 03:30:00,108.08516,TFT
2021-08-13 03:00:00,2021-08-13 03:45:00,107.39883,TFT
2021-08-13 04:00:00,2021-08-13 04:00:00,106.82439,TFT
2021-08-13 04:00:00,2021-08-13 04:15:00,107.0051,TFT
2021-08-13 04:00:00,2021-08-13 04:30:00,106.55348,TFT
2021-08-13 04:00:00,2021-08-13 04:45:00,105.47876,TFT
2021-08-13 05:00:00,2021-08-13 05:00:00,103.81714,TFT
2021-08-13 05:00:00,2021-08-13 05:15:00,103.83948,TFT
2021-08-13 05:00:00,2021-08-13 05:30:00,103.219,TFT
2021-08-13 05:00:00,2021-08-13 05:45:00,102.09935,TFT
2021-08-13 06:00:00,2021-08-13 06:00:00,100.97012,TFT
2021-08-13 06:00:00,2021-08-13 06:15:00,102.31209,TFT
2021-08-13 06:00:00,2021-08-13 06:30:00,103.751595,TFT
2021-08-13 06:00:00,2021-08-13 06:45:00,105.66195,TFT
2021-08-13 07:00:00,2021-08-13 07:00:00,113.75224,TFT
2021-08-13 07:00:00,2021-08-13 07:15:00,122.66293,TFT
2021-08-13 07:00:00,2021-08-13 07:30:00,133.54456,TFT
2021-08-13 07:00:00,2021-08-13 07:45:00,146.72327,TFT
2021-08-13 08:00:00,2021-08-13 08:00:00,168.9738,TFT
2021-08-13 08:00:00,2021-08-13 08:15:00,179.56529,TFT
2021-08-13 08:00:00,2021-08-13 08:30:00,184.64694,TFT
2021-08-13 08:00:00,2021-08-13 08:45:00,185.73267,TFT
2021-08-13 09:00:00,2021-08-13 09:00:00,188.411,TFT
2021-08-13 09:00:00,2021-08-13 09:15:00,187.55261,TFT
2021-08-13 09:00:00,2021-08-13 09:30:00,186.28946,TFT
2021-08-13 09:00:00,2021-08-13 09:45:00,184.59174,TFT
2021-08-13 10:00:00,2021-08-13 10:00:00,186.61241,TFT
2021-08-13 10:00:00,2021-08-13 10:15:00,185.03116,TFT
2021-08-13 10:00:00,2021-08-13 10:30:00,183.33614,TFT
2021-08-13 10:00:00,2021-08-13 10:45:00,181.22699,TFT
2021-08-13 11:00:00,2021-08-13 11:00:00,182.96477,TFT
2021-08-13 11:00:00,2021-08-13 11:15:00,180.74255,TFT
2021-08-13 11:00:00,2021-08-13 11:30:00,178.56847,TFT
2021-08-13 11:00:00,2021-08-13 11:45:00,176.18298,TFT
2021-08-13 12:00:00,2021-08-13 12:00:00,177.85547,TFT
2021-08-13 12:00:00,2021-08-13 12:15:00,175.82358,TFT
2021-08-13 12:00:00,2021-08-13 12:30:00,174.2641,TFT
2021-08-13 12:00:00,2021-08-13 12:45:00,172.75119,TFT
2021-08-13 13:00:00,2021-08-13 13:00:00,160.38734,TFT
2021-08-13 13:00:00,2021-08-13 13:15:00,164.6254,TFT
2021-08-13 13:00:00,2021-08-13 13:30:00,165.94824,TFT
2021-08-13 13:00:00,2021-08-13 13:45:00,165.96219,TFT
2021-08-13 14:00:00,2021-08-13 14:00:00,174.48949,TFT
2021-08-13 14:00:00,2021-08-13 14:15:00,173.3397,TFT
2021-08-13 14:00:00,2021-08-13 14:30:00,172.39594,TFT
2021-08-13 14:00:00,2021-08-13 14:45:00,171.37051,TFT
2021-08-13 15:00:00,2021-08-13 15:00:00,173.8143,TFT
2021-08-13 15:00:00,2021-08-13 15:15:00,172.76562,TFT
2021-08-13 15:00:00,2021-08-13 15:30:00,171.99695,TFT
2021-08-13 15:00:00,2021-08-13 15:45:00,171.10373,TFT
2021-08-13 16:00:00,2021-08-13 16:00:00,173.21313,TFT
2021-08-13 16:00:00,2021-08-13 16:15:00,171.92404,TFT
2021-08-13 16:00:00,2021-08-13 16:30:00,170.86218,TFT
2021-08-13 16:00:00,2021-08-13 16:45:00,169.56934,TFT
2021-08-13 17:00:00,2021-08-13 17:00:00,170.7829,TFT
2021-08-13 17:00:00,2021-08-13 17:15:00,168.62766,TFT
2021-08-13 17:00:00,2021-08-13 17:30:00,166.47638,TFT
2021-08-13 17:00:00,2021-08-13 17:45:00,163.75087,TFT
2021-08-13 18:00:00,2021-08-13 18:00:00,163.60088,TFT
2021-08-13 18:00:00,2021-08-13 18:15:00,159.1637,TFT
2021-08-13 18:00:00,2021-08-13 18:30:00,154.4704,TFT
2021-08-13 18:00:00,2021-08-13 18:45:00,149.05075,TFT
2021-08-13 19:00:00,2021-08-13 19:00:00,146.59697,TFT
2021-08-13 19:00:00,2021-08-13 19:15:00,139.94131,TFT
2021-08-13 19:00:00,2021-08-13 19:30:00,133.87265,TFT
2021-08-13 19:00:00,2021-08-13 19:45:00,128.13486,TFT
2021-08-13 20:00:00,2021-08-13 20:00:00,125.22533,TFT
2021-08-13 20:00:00,2021-08-13 20:15:00,120.46651,TFT
2021-08-13 20:00:00,2021-08-13 20:30:00,116.67766,TFT
2021-08-13 20:00:00,2021-08-13 20:45:00,113.41087,TFT
2021-08-13 21:00:00,2021-08-13 21:00:00,111.76516,TFT
2021-08-13 21:00:00,2021-08-13 21:15:00,109.45372,TFT
2021-08-13 21:00:00,2021-08-13 21:30:00,107.636536,TFT
2021-08-13 21:00:00,2021-08-13 21:45:00,105.9694,TFT
2021-08-13 22:00:00,2021-08-13 22:00:00,103.69043,TFT
2021-08-13 22:00:00,2021-08-13 22:15:00,102.969055,TFT
2021-08-13 22:00:00,2021-08-13 22:30:00,102.31943,TFT
2021-08-13 22:00:00,2021-08-13 22:45:00,101.53543,TFT
2021-08-13 23:00:00,2021-08-13 23:00:00,98.97214,TFT
2021-08-13 23:00:00,2021-08-13 23:15:00,99.229645,TFT
2021-08-13 23:00:00,2021-08-13 23:30:00,99.46158,TFT
2021-08-13 23:00:00,2021-08-13 23:45:00,99.52988,TFT
2021-08-14 00:00:00,2021-08-14 00:00:00,67.67036,TFT
2021-08-14 00:00:00,2021-08-14 00:15:00,69.98134,TFT
2021-08-14 00:00:00,2021-08-14 00:30:00,72.11029,TFT
2021-08-14 00:00:00,2021-08-14 00:45:00,73.31564,TFT
2021-08-14 01:00:00,2021-08-14 01:00:00,85.36175,TFT
2021-08-14 01:00:00,2021-08-14 01:15:00,88.38236,TFT
2021-08-14 01:00:00,2021-08-14 01:30:00,90.54259,TFT
2021-08-14 01:00:00,2021-08-14 01:45:00,91.32202,TFT
2021-08-14 02:00:00,2021-08-14 02:00:00,96.25818,TFT
2021-08-14 02:00:00,2021-08-14 02:15:00,97.8351,TFT
2021-08-14 02:00:00,2021-08-14 02:30:00,98.59346,TFT
2021-08-14 02:00:00,2021-08-14 02:45:00,98.23389,TFT
2021-08-14 03:00:00,2021-08-14 03:00:00,101.16907,TFT
2021-08-14 03:00:00,2021-08-14 03:15:00,101.519516,TFT
2021-08-14 03:00:00,2021-08-14 03:30:00,101.11786,TFT
2021-08-14 03:00:00,2021-08-14 03:45:00,99.66936,TFT
2021-08-14 04:00:00,2021-08-14 04:00:00,102.13216,TFT
2021-08-14 04:00:00,2021-08-14 04:15:00,101.40462,TFT
2021-08-14 04:00:00,2021-08-14 04:30:00,99.82834,TFT
2021-08-14 04:00:00,2021-08-14 04:45:00,97.01663,TFT
2021-08-14 05:00:00,2021-08-14 05:00:00,100.61931,TFT
2021-08-14 05:00:00,2021-08-14 05:15:00,98.708115,TFT
2021-08-14 05:00:00,2021-08-14 05:30:00,95.78662,TFT
2021-08-14 05:00:00,2021-08-14 05:45:00,91.35336,TFT
2021-08-14 06:00:00,2021-08-14 06:00:00,97.36076,TFT
2021-08-14 06:00:00,2021-08-14 06:15:00,94.19874,TFT
2021-08-14 06:00:00,2021-08-14 06:30:00,89.77234,TFT
2021-08-14 06:00:00,2021-08-14 06:45:00,83.43744,TFT
2021-08-14 07:00:00,2021-08-14 07:00:00,68.37967,TFT
2021-08-14 07:00:00,2021-08-14 07:15:00,59.892776,TFT
2021-08-14 07:00:00,2021-08-14 07:30:00,50.20819,TFT
2021-08-14 07:00:00,2021-08-14 07:45:00,42.21568,TFT
2021-08-14 08:00:00,2021-08-14 08:00:00,26.213966,TFT
2021-08-14 08:00:00,2021-08-14 08:15:00,24.80061,TFT
2021-08-14 08:00:00,2021-08-14 08:30:00,24.048527,TFT
2021-08-14 08:00:00,2021-08-14 08:45:00,23.7058,TFT
2021-08-14 09:00:00,2021-08-14 09:00:00,24.018768,TFT
2021-08-14 09:00:00,2021-08-14 09:15:00,23.431786,TFT
2021-08-14 09:00:00,2021-08-14 09:30:00,23.166824,TFT
2021-08-14 09:00:00,2021-08-14 09:45:00,23.17189,TFT
2021-08-14 10:00:00,2021-08-14 10:00:00,24.220078,TFT
2021-08-14 10:00:00,2021-08-14 10:15:00,23.905972,TFT
2021-08-14 10:00:00,2021-08-14 10:30:00,23.883316,TFT
2021-08-14 10:00:00,2021-08-14 10:45:00,24.114796,TFT
2021-08-14 11:00:00,2021-08-14 11:00:00,25.172222,TFT
2021-08-14 11:00:00,2021-08-14 11:15:00,24.969807,TFT
2021-08-14 11:00:00,2021-08-14 11:30:00,24.739723,TFT
2021-08-14 11:00:00,2021-08-14 11:45:00,24.501156,TFT
2021-08-14 12:00:00,2021-08-14 12:00:00,24.526749,TFT
2021-08-14 12:00:00,2021-08-14 12:15:00,24.036942,TFT
2021-08-14 12:00:00,2021-08-14 12:30:00,23.574566,TFT
2021-08-14 12:00:00,2021-08-14 12:45:00,23.353035,TFT
2021-08-14 13:00:00,2021-08-14 13:00:00,23.078579,TFT
2021-08-14 13:00:00,2021-08-14 13:15:00,23.149605,TFT
2021-08-14 13:00:00,2021-08-14 13:30:00,23.132973,TFT
2021-08-14 13:00:00,2021-08-14 13:45:00,23.32594,TFT
2021-08-14 14:00:00,2021-08-14 14:00:00,22.776543,TFT
2021-08-14 14:00:00,2021-08-14 14:15:00,23.13522,TFT
2021-08-14 14:00:00,2021-08-14 14:30:00,23.29403,TFT
2021-08-14 14:00:00,2021-08-14 14:45:00,23.627815,TFT
2021-08-14 15:00:00,2021-08-14 15:00:00,22.716602,TFT
2021-08-14 15:00:00,2021-08-14 15:15:00,23.092865,TFT
2021-08-14 15:00:00,2021-08-14 15:30:00,23.241085,TFT
2021-08-14 15:00:00,2021-08-14 15:45:00,23.559616,TFT
2021-08-14 16:00:00,2021-08-14 16:00:00,22.493118,TFT
2021-08-14 16:00:00,2021-08-14 16:15:00,22.767742,TFT
2021-08-14 16:00:00,2021-08-14 16:30:00,22.839737,TFT
2021-08-14 16:00:00,2021-08-14 16:45:00,23.096252,TFT
2021-08-14 17:00:00,2021-08-14 17:00:00,22.072235,TFT
2021-08-14 17:00:00,2021-08-14 17:15:00,22.208797,TFT
2021-08-14 17:00:00,2021-08-14 17:30:00,22.208706,TFT
2021-08-14 17:00:00,2021-08-14 17:45:00,22.427776,TFT
2021-08-14 18:00:00,2021-08-14 18:00:00,22.555752,TFT
2021-08-14 18:00:00,2021-08-14 18:15:00,22.359467,TFT
2021-08-14 18:00:00,2021-08-14 18:30:00,22.188774,TFT
2021-08-14 18:00:00,2021-08-14 18:45:00,22.316338,TFT
2021-08-14 19:00:00,2021-08-14 19:00:00,23.191807,TFT
2021-08-14 19:00:00,2021-08-14 19:15:00,22.855122,TFT
2021-08-14 19:00:00,2021-08-14 19:30:00,22.597076,TFT
2021-08-14 19:00:00,2021-08-14 19:45:00,22.682941,TFT
2021-08-14 20:00:00,2021-08-14 20:00:00,23.214,TFT
2021-08-14 20:00:00,2021-08-14 20:15:00,22.914684,TFT
2021-08-14 20:00:00,2021-08-14 20:30:00,22.691418,TFT
2021-08-14 20:00:00,2021-08-14 20:45:00,22.799397,TFT
2021-08-14 21:00:00,2021-08-14 21:00:00,23.108688,TFT
2021-08-14 21:00:00,2021-08-14 21:15:00,22.812065,TFT
2021-08-14 21:00:00,2021-08-14 21:30:00,22.594772,TFT
2021-08-14 21:00:00,2021-08-14 21:45:00,22.681652,TFT
2021-08-14 22:00:00,2021-08-14 22:00:00,23.027336,TFT
2021-08-14 22:00:00,2021-08-14 22:15:00,22.678772,TFT
2021-08-14 22:00:00,2021-08-14 22:30:00,22.437717,TFT
2021-08-14 22:00:00,2021-08-14 22:45:00,22.484089,TFT
2021-08-14 23:00:00,2021-08-14 23:00:00,22.784119,TFT
2021-08-14 23:00:00,2021-08-14 23:15:00,22.44807,TFT
2021-08-14 23:00:00,2021-08-14 23:30:00,22.23156,TFT
2021-08-14 23:00:00,2021-08-14 23:45:00,22.241581,TFT
2021-08-15 00:00:00,2021-08-15 00:00:00,24.331642,TFT
2021-08-15 00:00:00,2021-08-15 00:15:00,24.549809,TFT
2021-08-15 00:00:00,2021-08-15 00:30:00,24.635803,TFT
2021-08-15 00:00:00,2021-08-15 00:45:00,24.728458,TFT
2021-08-15 01:00:00,2021-08-15 01:00:00,23.90989,TFT
2021-08-15 01:00:00,2021-08-15 01:15:00,23.792057,TFT
2021-08-15 01:00:00,2021-08-15 01:30:00,23.764858,TFT
2021-08-15 01:00:00,2021-08-15 01:45:00,23.883121,TFT
2021-08-15 02:00:00,2021-08-15 02:00:00,23.897434,TFT
2021-08-15 02:00:00,2021-08-15 02:15:00,23.632538,TFT
2021-08-15 02:00:00,2021-08-15 02:30:00,23.616096,TFT
2021-08-15 02:00:00,2021-08-15 02:45:00,23.803307,TFT
2021-08-15 03:00:00,2021-08-15 03:00:00,23.64061,TFT
2021-08-15 03:00:00,2021-08-15 03:15:00,23.385933,TFT
2021-08-15 03:00:00,2021-08-15 03:30:00,23.411938,TFT
2021-08-15 03:00:00,2021-08-15 03:45:00,23.638035,TFT
2021-08-15 04:00:00,2021-08-15 04:00:00,23.565369,TFT
2021-08-15 04:00:00,2021-08-15 04:15:00,23.22509,TFT
2021-08-15 04:00:00,2021-08-15 04:30:00,23.207893,TFT
2021-08-15 04:00:00,2021-08-15 04:45:00,23.394852,TFT
2021-08-15 05:00:00,2021-08-15 05:00:00,23.418182,TFT
2021-08-15 05:00:00,2021-08-15 05:15:00,22.952328,TFT
2021-08-15 05:00:00,2021-08-15 05:30:00,22.878395,TFT
2021-08-15 05:00:00,2021-08-15 05:45:00,23.042961,TFT
2021-08-15 06:00:00,2021-08-15 06:00:00,23.205658,TFT
2021-08-15 06:00:00,2021-08-15 06:15:00,22.755577,TFT
2021-08-15 06:00:00,2021-08-15 06:30:00,22.826294,TFT
2021-08-15 06:00:00,2021-08-15 06:45:00,23.185276,TFT
2021-08-15 07:00:00,2021-08-15 07:00:00,22.855316,TFT
2021-08-15 07:00:00,2021-08-15 07:15:00,22.778164,TFT
2021-08-15 07:00:00,2021-08-15 07:30:00,23.115314,TFT
2021-08-15 07:00:00,2021-08-15 07:45:00,23.624592,TFT
2021-08-15 08:00:00,2021-08-15 08:00:00,23.021637,TFT
2021-08-15 08:00:00,2021-08-15 08:15:00,23.089447,TFT
2021-08-15 08:00:00,2021-08-15 08:30:00,23.415092,TFT
2021-08-15 08:00:00,2021-08-15 08:45:00,23.832603,TFT
2021-08-15 09:00:00,2021-08-15 09:00:00,23.656734,TFT
2021-08-15 09:00:00,2021-08-15 09:15:00,23.512703,TFT
2021-08-15 09:00:00,2021-08-15 09:30:00,23.62352,TFT
2021-08-15 09:00:00,2021-08-15 09:45:00,23.868168,TFT
2021-08-15 10:00:00,2021-08-15 10:00:00,24.058624,TFT
2021-08-15 10:00:00,2021-08-15 10:15:00,23.874477,TFT
2021-08-15 10:00:00,2021-08-15 10:30:00,23.983837,TFT
2021-08-15 10:00:00,2021-08-15 10:45:00,24.284492,TFT
2021-08-15 11:00:00,2021-08-15 11:00:00,24.752686,TFT
2021-08-15 11:00:00,2021-08-15 11:15:00,24.571915,TFT
2021-08-15 11:00:00,2021-08-15 11:30:00,24.414185,TFT
2021-08-15 11:00:00,2021-08-15 11:45:00,24.251877,TFT
2021-08-15 12:00:00,2021-08-15 12:00:00,24.155663,TFT
2021-08-15 12:00:00,2021-08-15 12:15:00,23.774162,TFT
2021-08-15 12:00:00,2021-08-15 12:30:00,23.483467,TFT
2021-08-15 12:00:00,2021-08-15 12:45:00,23.44318,TFT
2021-08-15 13:00:00,2021-08-15 13:00:00,23.507576,TFT
2021-08-15 13:00:00,2021-08-15 13:15:00,23.618176,TFT
2021-08-15 13:00:00,2021-08-15 13:30:00,23.716553,TFT
2021-08-15 13:00:00,2021-08-15 13:45:00,23.972885,TFT
2021-08-15 14:00:00,2021-08-15 14:00:00,23.861958,TFT
2021-08-15 14:00:00,2021-08-15 14:15:00,24.178745,TFT
2021-08-15 14:00:00,2021-08-15 14:30:00,24.354885,TFT
2021-08-15 14:00:00,2021-08-15 14:45:00,24.631947,TFT
2021-08-15 15:00:00,2021-08-15 15:00:00,24.17788,TFT
2021-08-15 15:00:00,2021-08-15 15:15:00,24.447449,TFT
2021-08-15 15:00:00,2021-08-15 15:30:00,24.53196,TFT
2021-08-15 15:00:00,2021-08-15 15:45:00,24.707726,TFT
2021-08-15 16:00:00,2021-08-15 16:00:00,23.970558,TFT
2021-08-15 16:00:00,2021-08-15 16:15:00,24.118214,TFT
2021-08-15 16:00:00,2021-08-15 16:30:00,24.080727,TFT
2021-08-15 16:00:00,2021-08-15 16:45:00,24.1391,TFT
2021-08-15 17:00:00,2021-08-15 17:00:00,23.405113,TFT
2021-08-15 17:00:00,2021-08-15 17:15:00,23.426605,TFT
2021-08-15 17:00:00,2021-08-15 17:30:00,23.32719,TFT
2021-08-15 17:00:00,2021-08-15 17:45:00,23.364067,TFT
2021-08-15 18:00:00,2021-08-15 18:00:00,23.508617,TFT
2021-08-15 18:00:00,2021-08-15 18:15:00,23.337742,TFT
2021-08-15 18:00:00,2021-08-15 18:30:00,23.187504,TFT
2021-08-15 18:00:00,2021-08-15 18:45:00,23.225334,TFT
2021-08-15 19:00:00,2021-08-15 19:00:00,23.78344,TFT
2021-08-15 19:00:00,2021-08-15 19:15:00,23.584301,TFT
2021-08-15 19:00:00,2021-08-15 19:30:00,23.399864,TFT
2021-08-15 19:00:00,2021-08-15 19:45:00,23.44323,TFT
2021-08-15 20:00:00,2021-08-15 20:00:00,23.804462,TFT
2021-08-15 20:00:00,2021-08-15 20:15:00,23.657806,TFT
2021-08-15 20:00:00,2021-08-15 20:30:00,23.51094,TFT
2021-08-15 20:00:00,2021-08-15 20:45:00,23.594872,TFT
2021-08-15 21:00:00,2021-08-15 21:00:00,23.505695,TFT
2021-08-15 21:00:00,2021-08-15 21:15:00,23.513706,TFT
2021-08-15 21:00:00,2021-08-15 21:30:00,23.470634,TFT
2021-08-15 21:00:00,2021-08-15 21:45:00,23.608223,TFT
2021-08-15 22:00:00,2021-08-15 22:00:00,23.442719,TFT
2021-08-15 22:00:00,2021-08-15 22:15:00,23.565365,TFT
2021-08-15 22:00:00,2021-08-15 22:30:00,23.623455,TFT
2021-08-15 22:00:00,2021-08-15 22:45:00,23.821198,TFT
2021-08-15 23:00:00,2021-08-15 23:00:00,23.675323,TFT
2021-08-15 23:00:00,2021-08-15 23:15:00,23.910656,TFT
2021-08-15 23:00:00,2021-08-15 23:30:00,24.106049,TFT
2021-08-15 23:00:00,2021-08-15 23:45:00,24.41674,TFT
2021-08-16 00:00:00,2021-08-16 00:00:00,28.349304,TFT
2021-08-16 00:00:00,2021-08-16 00:15:00,27.312645,TFT
2021-08-16 00:00:00,2021-08-16 00:30:00,27.017212,TFT
2021-08-16 00:00:00,2021-08-16 00:45:00,27.06594,TFT
2021-08-16 01:00:00,2021-08-16 01:00:00,25.058815,TFT
2021-08-16 01:00:00,2021-08-16 01:15:00,24.463364,TFT
2021-08-16 01:00:00,2021-08-16 01:30:00,24.465553,TFT
2021-08-16 01:00:00,2021-08-16 01:45:00,24.714573,TFT
2021-08-16 02:00:00,2021-08-16 02:00:00,24.64148,TFT
2021-08-16 02:00:00,2021-08-16 02:15:00,23.957996,TFT
2021-08-16 02:00:00,2021-08-16 02:30:00,23.899864,TFT
2021-08-16 02:00:00,2021-08-16 02:45:00,24.106007,TFT
2021-08-16 03:00:00,2021-08-16 03:00:00,24.44365,TFT
2021-08-16 03:00:00,2021-08-16 03:15:00,23.65453,TFT
2021-08-16 03:00:00,2021-08-16 03:30:00,23.521965,TFT
2021-08-16 03:00:00,2021-08-16 03:45:00,23.681847,TFT
2021-08-16 04:00:00,2021-08-16 04:00:00,23.813946,TFT
2021-08-16 04:00:00,2021-08-16 04:15:00,23.063457,TFT
2021-08-16 04:00:00,2021-08-16 04:30:00,22.960789,TFT
2021-08-16 04:00:00,2021-08-16 04:45:00,23.18235,TFT
2021-08-16 05:00:00,2021-08-16 05:00:00,23.525543,TFT
2021-08-16 05:00:00,2021-08-16 05:15:00,22.91307,TFT
2021-08-16 05:00:00,2021-08-16 05:30:00,23.072933,TFT
2021-08-16 05:00:00,2021-08-16 05:45:00,23.73619,TFT
2021-08-16 06:00:00,2021-08-16 06:00:00,24.76783,TFT
2021-08-16 06:00:00,2021-08-16 06:15:00,25.168987,TFT
2021-08-16 06:00:00,2021-08-16 06:30:00,26.951157,TFT
2021-08-16 06:00:00,2021-08-16 06:45:00,30.191124,TFT
2021-08-16 07:00:00,2021-08-16 07:00:00,32.989212,TFT
2021-08-16 07:00:00,2021-08-16 07:15:00,40.97975,TFT
2021-08-16 07:00:00,2021-08-16 07:30:00,59.01931,TFT
2021-08-16 07:00:00,2021-08-16 07:45:00,99.71431,TFT
2021-08-16 08:00:00,2021-08-16 08:00:00,183.30666,TFT
2021-08-16 08:00:00,2021-08-16 08:15:00,188.70529,TFT
2021-08-16 08:00:00,2021-08-16 08:30:00,186.49643,TFT
2021-08-16 08:00:00,2021-08-16 08:45:00,184.33592,TFT
2021-08-16 09:00:00,2021-08-16 09:00:00,188.23828,TFT
2021-08-16 09:00:00,2021-08-16 09:15:00,187.65096,TFT
2021-08-16 09:00:00,2021-08-16 09:30:00,186.983,TFT
2021-08-16 09:00:00,2021-08-16 09:45:00,186.01413,TFT
2021-08-16 10:00:00,2021-08-16 10:00:00,186.34055,TFT
2021-08-16 10:00:00,2021-08-16 10:15:00,185.71951,TFT
2021-08-16 10:00:00,2021-08-16 10:30:00,184.9707,TFT
2021-08-16 10:00:00,2021-08-16 10:45:00,183.72183,TFT
2021-08-16 11:00:00,2021-08-16 11:00:00,183.18707,TFT
2021-08-16 11:00:00,2021-08-16 11:15:00,182.17688,TFT
2021-08-16 11:00:00,2021-08-16 11:30:00,180.83865,TFT
2021-08-16 11:00:00,2021-08-16 11:45:00,178.98122,TFT
2021-08-16 12:00:00,2021-08-16 12:00:00,178.14021,TFT
2021-08-16 12:00:00,2021-08-16 12:15:00,177.10294,TFT
2021-08-16 12:00:00,2021-08-16 12:30:00,176.02547,TFT
2021-08-16 12:00:00,2021-08-16 12:45:00,174.73846,TFT
2021-08-16 13:00:00,2021-08-16 13:00:00,158.40515,TFT
2021-08-16 13:00:00,2021-08-16 13:15:00,162.64215,TFT
2021-08-16 13:00:00,2021-08-16 13:30:00,164.24802,TFT
2021-08-16 13:00:00,2021-08-16 13:45:00,164.6698,TFT
2021-08-16 14:00:00,2021-08-16 14:00:00,173.43748,TFT
2021-08-16 14:00:00,2021-08-16 14:15:00,173.6051,TFT
2021-08-16 14:00:00,2021-08-16 14:30:00,173.40146,TFT
2021-08-16 14:00:00,2021-08-16 14:45:00,172.86552,TFT
2021-08-16 15:00:00,2021-08-16 15:00:00,173.26569,TFT
2021-08-16 15:00:00,2021-08-16 15:15:00,173.60678,TFT
2021-08-16 15:00:00,2021-08-16 15:30:00,173.65392,TFT
2021-08-16 15:00:00,2021-08-16 15:45:00,173.33896,TFT
2021-08-16 16:00:00,2021-08-16 16:00:00,172.71965,TFT
2021-08-16 16:00:00,2021-08-16 16:15:00,173.1719,TFT
2021-08-16 16:00:00,2021-08-16 16:30:00,173.19292,TFT
2021-08-16 16:00:00,2021-08-16 16:45:00,172.77734,TFT
2021-08-16 17:00:00,2021-08-16 17:00:00,169.64194,TFT
2021-08-16 17:00:00,2021-08-16 17:15:00,170.71121,TFT
2021-08-16 17:00:00,2021-08-16 17:30:00,170.54225,TFT
2021-08-16 17:00:00,2021-08-16 17:45:00,169.54391,TFT
2021-08-16 18:00:00,2021-08-16 18:00:00,162.51886,TFT
2021-08-16 18:00:00,2021-08-16 18:15:00,163.43634,TFT
2021-08-16 18:00:00,2021-08-16 18:30:00,161.9689,TFT
2021-08-16 18:00:00,2021-08-16 18:45:00,158.8913,TFT
2021-08-16 19:00:00,2021-08-16 19:00:00,148.61896,TFT
2021-08-16 19:00:00,2021-08-16 19:15:00,146.28587,TFT
2021-08-16 19:00:00,2021-08-16 19:30:00,141.66275,TFT
2021-08-16 19:00:00,2021-08-16 19:45:00,135.73914,TFT
2021-08-16 20:00:00,2021-08-16 20:00:00,121.27898,TFT
2021-08-16 20:00:00,2021-08-16 20:15:00,119.06324,TFT
2021-08-16 20:00:00,2021-08-16 20:30:00,116.33907,TFT
2021-08-16 20:00:00,2021-08-16 20:45:00,113.20588,TFT
2021-08-16 21:00:00,2021-08-16 21:00:00,117.532364,TFT
2021-08-16 21:00:00,2021-08-16 21:15:00,114.17479,TFT
2021-08-16 21:00:00,2021-08-16 21:30:00,111.39213,TFT
2021-08-16 21:00:00,2021-08-16 21:45:00,108.94487,TFT
2021-08-16 22:00:00,2021-08-16 22:00:00,110.34487,TFT
2021-08-16 22:00:00,2021-08-16 22:15:00,107.7308,TFT
2021-08-16 22:00:00,2021-08-16 22:30:00,105.78644,TFT
2021-08-16 22:00:00,2021-08-16 22:45:00,104.190025,TFT
2021-08-16 23:00:00,2021-08-16 23:00:00,104.797516,TFT
2021-08-16 23:00:00,2021-08-16 23:15:00,103.211464,TFT
2021-08-16 23:00:00,2021-08-16 23:30:00,102.12612,TFT
2021-08-16 23:00:00,2021-08-16 23:45:00,101.346855,TFT
2021-08-17 00:00:00,2021-08-17 00:00:00,108.391624,TFT
2021-08-17 00:00:00,2021-08-17 00:15:00,107.31194,TFT
2021-08-17 00:00:00,2021-08-17 00:30:00,106.731224,TFT
2021-08-17 00:00:00,2021-08-17 00:45:00,106.368996,TFT
2021-08-17 01:00:00,2021-08-17 01:00:00,99.22569,TFT
2021-08-17 01:00:00,2021-08-17 01:15:00,101.76497,TFT
2021-08-17 01:00:00,2021-08-17 01:30:00,102.9588,TFT
2021-08-17 01:00:00,2021-08-17 01:45:00,103.13371,TFT
2021-08-17 02:00:00,2021-08-17 02:00:00,107.52891,TFT
2021-08-17 02:00:00,2021-08-17 02:15:00,107.18204,TFT
2021-08-17 02:00:00,2021-08-17 02:30:00,106.44585,TFT
2021-08-17 02:00:00,2021-08-17 02:45:00,105.273575,TFT
2021-08-17 03:00:00,2021-08-17 03:00:00,107.39082,TFT
2021-08-17 03:00:00,2021-08-17 03:15:00,106.721985,TFT
2021-08-17 03:00:00,2021-08-17 03:30:00,105.663864,TFT
2021-08-17 03:00:00,2021-08-17 03:45:00,104.20437,TFT
2021-08-17 04:00:00,2021-08-17 04:00:00,105.58899,TFT
2021-08-17 04:00:00,2021-08-17 04:15:00,104.81816,TFT
2021-08-17 04:00:00,2021-08-17 04:30:00,103.62535,TFT
2021-08-17 04:00:00,2021-08-17 04:45:00,102.025505,TFT
2021-08-17 05:00:00,2021-08-17 05:00:00,103.05086,TFT
2021-08-17 05:00:00,2021-08-17 05:15:00,102.24077,TFT
2021-08-17 05:00:00,2021-08-17 05:30:00,101.09871,TFT
2021-08-17 05:00:00,2021-08-17 05:45:00,99.72782,TFT
2021-08-17 06:00:00,2021-08-17 06:00:00,99.315926,TFT
2021-08-17 06:00:00,2021-08-17 06:15:00,100.52253,TFT
2021-08-17 06:00:00,2021-08-17 06:30:00,102.82863,TFT
2021-08-17 06:00:00,2021-08-17 06:45:00,107.135025,TFT
2021-08-17 07:00:00,2021-08-17 07:00:00,106.91055,TFT
2021-08-17 07:00:00,2021-08-17 07:15:00,119.86219,TFT
2021-08-17 07:00:00,2021-08-17 07:30:00,136.11505,TFT
2021-08-17 07:00:00,2021-08-17 07:45:00,155.0827,TFT
2021-08-17 08:00:00,2021-08-17 08:00:00,173.39651,TFT
2021-08-17 08:00:00,2021-08-17 08:15:00,185.34366,TFT
2021-08-17 08:00:00,2021-08-17 08:30:00,189.96347,TFT
2021-08-17 08:00:00,2021-08-17 08:45:00,190.27472,TFT
2021-08-17 09:00:00,2021-08-17 09:00:00,187.71918,TFT
2021-08-17 09:00:00,2021-08-17 09:15:00,186.6312,TFT
2021-08-17 09:00:00,2021-08-17 09:30:00,185.24068,TFT
2021-08-17 09:00:00,2021-08-17 09:45:00,183.9762,TFT
2021-08-17 10:00:00,2021-08-17 10:00:00,181.87738,TFT
2021-08-17 10:00:00,2021-08-17 10:15:00,181.3727,TFT
2021-08-17 10:00:00,2021-08-17 10:30:00,180.8111,TFT
2021-08-17 10:00:00,2021-08-17 10:45:00,180.28679,TFT
2021-08-17 11:00:00,2021-08-17 11:00:00,178.42339,TFT
2021-08-17 11:00:00,2021-08-17 11:15:00,178.36563,TFT
2021-08-17 11:00:00,2021-08-17 11:30:00,178.12561,TFT
2021-08-17 11:00:00,2021-08-17 11:45:00,177.8313,TFT
2021-08-17 12:00:00,2021-08-17 12:00:00,176.64124,TFT
2021-08-17 12:00:00,2021-08-17 12:15:00,176.67361,TFT
2021-08-17 12:00:00,2021-08-17 12:30:00,176.56833,TFT
2021-08-17 12:00:00,2021-08-17 12:45:00,176.44475,TFT
2021-08-17 13:00:00,2021-08-17 13:00:00,169.69943,TFT
2021-08-17 13:00:00,2021-08-17 13:15:00,171.40381,TFT
2021-08-17 13:00:00,2021-08-17 13:30:00,172.39954,TFT
2021-08-17 13:00:00,2021-08-17 13:45:00,173.06657,TFT
2021-08-17 14:00:00,2021-08-17 14:00:00,173.73975,TFT
2021-08-17 14:00:00,2021-08-17 14:15:00,174.33481,TFT
2021-08-17 14:00:00,2021-08-17 14:30:00,174.68127,TFT
2021-08-17 14:00:00,2021-08-17 14:45:00,174.9299,TFT
2021-08-17 15:00:00,2021-08-17 15:00:00,173.6603,TFT
2021-08-17 15:00:00,2021-08-17 15:15:00,174.2984,TFT
2021-08-17 15:00:00,2021-08-17 15:30:00,174.68219,TFT
2021-08-17 15:00:00,2021-08-17 15:45:00,174.9519,TFT
2021-08-17 16:00:00,2021-08-17 16:00:00,174.39395,TFT
2021-08-17 16:00:00,2021-08-17 16:15:00,174.79897,TFT
2021-08-17 16:00:00,2021-08-17 16:30:00,174.9977,TFT
2021-08-17 16:00:00,2021-08-17 16:45:00,175.06277,TFT
2021-08-17 17:00:00,2021-08-17 17:00:00,173.80235,TFT
2021-08-17 17:00:00,2021-08-17 17:15:00,173.92545,TFT
2021-08-17 17:00:00,2021-08-17 17:30:00,173.5293,TFT
2021-08-17 17:00:00,2021-08-17 17:45:00,172.6234,TFT
2021-08-17 18:00:00,2021-08-17 18:00:00,169.59793,TFT
2021-08-17 18:00:00,2021-08-17 18:15:00,168.14853,TFT
2021-08-17 18:00:00,2021-08-17 18:30:00,165.82965,TFT
2021-08-17 18:00:00,2021-08-17 18:45:00,162.86623,TFT
2021-08-17 19:00:00,2021-08-17 19:00:00,162.96109,TFT
2021-08-17 19:00:00,2021-08-17 19:15:00,158.76924,TFT
2021-08-17 19:00:00,2021-08-17 19:30:00,154.19003,TFT
2021-08-17 19:00:00,2021-08-17 19:45:00,149.25208,TFT
2021-08-17 20:00:00,2021-08-17 20:00:00,145.88193,TFT
2021-08-17 20:00:00,2021-08-17 20:15:00,141.24748,TFT
2021-08-17 20:00:00,2021-08-17 20:30:00,136.5866,TFT
2021-08-17 20:00:00,2021-08-17 20:45:00,131.95903,TFT
2021-08-17 21:00:00,2021-08-17 21:00:00,129.28265,TFT
2021-08-17 21:00:00,2021-08-17 21:15:00,126.08226,TFT
2021-08-17 21:00:00,2021-08-17 21:30:00,122.78138,TFT
2021-08-17 21:00:00,2021-08-17 21:45:00,119.45119,TFT
2021-08-17 22:00:00,2021-08-17 22:00:00,118.85087,TFT
2021-08-17 22:00:00,2021-08-17 22:15:00,116.88707,TFT
2021-08-17 22:00:00,2021-08-17 22:30:00,114.57974,TFT
2021-08-17 22:00:00,2021-08-17 22:45:00,112.095245,TFT
2021-08-17 23:00:00,2021-08-17 23:00:00,112.95157,TFT
2021-08-17 23:00:00,2021-08-17 23:15:00,111.62686,TFT
2021-08-17 23:00:00,2021-08-17 23:30:00,109.910164,TFT
2021-08-17 23:00:00,2021-08-17 23:45:00,108.022415,TFT
2021-08-18 00:00:00,2021-08-18 00:00:00,106.91528,TFT
2021-08-18 00:00:00,2021-08-18 00:15:00,107.24513,TFT
2021-08-18 00:00:00,2021-08-18 00:30:00,106.77717,TFT
2021-08-18 00:00:00,2021-08-18 00:45:00,105.91207,TFT
2021-08-18 01:00:00,2021-08-18 01:00:00,86.76264,TFT
2021-08-18 01:00:00,2021-08-18 01:15:00,90.590164,TFT
2021-08-18 01:00:00,2021-08-18 01:30:00,93.47477,TFT
2021-08-18 01:00:00,2021-08-18 01:45:00,95.40886,TFT
2021-08-18 02:00:00,2021-08-18 02:00:00,107.73988,TFT
2021-08-18 02:00:00,2021-08-18 02:15:00,107.683334,TFT
2021-08-18 02:00:00,2021-08-18 02:30:00,106.935486,TFT
2021-08-18 02:00:00,2021-08-18 02:45:00,105.818596,TFT
2021-08-18 03:00:00,2021-08-18 03:00:00,108.346375,TFT
2021-08-18 03:00:00,2021-08-18 03:15:00,107.95416,TFT
2021-08-18 03:00:00,2021-08-18 03:30:00,106.922195,TFT
2021-08-18 03:00:00,2021-08-18 03:45:00,105.51903,TFT
2021-08-18 04:00:00,2021-08-18 04:00:00,106.516594,TFT
2021-08-18 04:00:00,2021-08-18 04:15:00,106.05507,TFT
2021-08-18 04:00:00,2021-08-18 04:30:00,104.957794,TFT
2021-08-18 04:00:00,2021-08-18 04:45:00,103.47953,TFT
2021-08-18 05:00:00,2021-08-18 05:00:00,103.58291,TFT
2021-08-18 05:00:00,2021-08-18 05:15:00,103.33957,TFT
2021-08-18 05:00:00,2021-08-18 05:30:00,102.62116,TFT
2021-08-18 05:00:00,2021-08-18 05:45:00,101.823364,TFT
2021-08-18 06:00:00,2021-08-18 06:00:00,100.30953,TFT
2021-08-18 06:00:00,2021-08-18 06:15:00,102.2943,TFT
2021-08-18 06:00:00,2021-08-18 06:30:00,104.55232,TFT
2021-08-18 06:00:00,2021-08-18 06:45:00,107.8416,TFT
2021-08-18 07:00:00,2021-08-18 07:00:00,110.98863,TFT
2021-08-18 07:00:00,2021-08-18 07:15:00,120.43706,TFT
2021-08-18 07:00:00,2021-08-18 07:30:00,132.66801,TFT
2021-08-18 07:00:00,2021-08-18 07:45:00,148.08505,TFT
2021-08-18 08:00:00,2021-08-18 08:00:00,164.64725,TFT
2021-08-18 08:00:00,2021-08-18 08:15:00,179.0083,TFT
2021-08-18 08:00:00,2021-08-18 08:30:00,187.05818,TFT
2021-08-18 08:00:00,2021-08-18 08:45:00,189.74518,TFT
2021-08-18 09:00:00,2021-08-18 09:00:00,187.89761,TFT
2021-08-18 09:00:00,2021-08-18 09:15:00,187.28616,TFT
2021-08-18 09:00:00,2021-08-18 09:30:00,186.08401,TFT
2021-08-18 09:00:00,2021-08-18 09:45:00,184.89035,TFT
2021-08-18 10:00:00,2021-08-18 10:00:00,182.40063,TFT
2021-08-18 10:00:00,2021-08-18 10:15:00,182.00935,TFT
2021-08-18 10:00:00,2021-08-18 10:30:00,181.57135,TFT
2021-08-18 10:00:00,2021-08-18 10:45:00,181.14685,TFT
2021-08-18 11:00:00,2021-08-18 11:00:00,179.34491,TFT
2021-08-18 11:00:00,2021-08-18 11:15:00,179.35281,TFT
2021-08-18 11:00:00,2021-08-18 11:30:00,179.20634,TFT
2021-08-18 11:00:00,2021-08-18 11:45:00,178.9891,TFT
2021-08-18 12:00:00,2021-08-18 12:00:00,176.9278,TFT
2021-08-18 12:00:00,2021-08-18 12:15:00,177.24075,TFT
2021-08-18 12:00:00,2021-08-18 12:30:00,177.34677,TFT
2021-08-18 12:00:00,2021-08-18 12:45:00,177.361,TFT
2021-08-18 13:00:00,2021-08-18 13:00:00,168.13315,TFT
2021-08-18 13:00:00,2021-08-18 13:15:00,170.6658,TFT
2021-08-18 13:00:00,2021-08-18 13:30:00,172.13599,TFT
2021-08-18 13:00:00,2021-08-18 13:45:00,173.0615,TFT
2021-08-18 14:00:00,2021-08-18 14:00:00,175.10365,TFT
2021-08-18 14:00:00,2021-08-18 14:15:00,175.5906,TFT
2021-08-18 14:00:00,2021-08-18 14:30:00,175.86348,TFT
2021-08-18 14:00:00,2021-08-18 14:45:00,176.03375,TFT
2021-08-18 15:00:00,2021-08-18 15:00:00,175.43164,TFT
2021-08-18 15:00:00,2021-08-18 15:15:00,175.70755,TFT
2021-08-18 15:00:00,2021-08-18 15:30:00,175.8973,TFT
2021-08-18 15:00:00,2021-08-18 15:45:00,176.03046,TFT
2021-08-18 16:00:00,2021-08-18 16:00:00,175.21819,TFT
2021-08-18 16:00:00,2021-08-18 16:15:00,175.45581,TFT
2021-08-18 16:00:00,2021-08-18 16:30:00,175.58951,TFT
2021-08-18 16:00:00,2021-08-18 16:45:00,175.60959,TFT
2021-08-18 17:00:00,2021-08-18 17:00:00,173.69298,TFT
2021-08-18 17:00:00,2021-08-18 17:15:00,173.7782,TFT
2021-08-18 17:00:00,2021-08-18 17:30:00,173.34595,TFT
2021-08-18 17:00:00,2021-08-18 17:45:00,172.32587,TFT
2021-08-18 18:00:00,2021-08-18 18:00:00,170.82239,TFT
2021-08-18 18:00:00,2021-08-18 18:15:00,168.55273,TFT
2021-08-18 18:00:00,2021-08-18 18:30:00,165.55641,TFT
2021-08-18 18:00:00,2021-08-18 18:45:00,161.90645,TFT
2021-08-18 19:00:00,2021-08-18 19:00:00,158.9599,TFT
2021-08-18 19:00:00,2021-08-18 19:15:00,154.4501,TFT
2021-08-18 19:00:00,2021-08-18 19:30:00,149.55426,TFT
2021-08-18 19:00:00,2021-08-18 19:45:00,144.42148,TFT
2021-08-18 20:00:00,2021-08-18 20:00:00,138.9485,TFT
2021-08-18 20:00:00,2021-08-18 20:15:00,134.9112,TFT
2021-08-18 20:00:00,2021-08-18 20:30:00,130.76082,TFT
2021-08-18 20:00:00,2021-08-18 20:45:00,126.70769,TFT
2021-08-18 21:00:00,2021-08-18 21:00:00,122.440216,TFT
2021-08-18 21:00:00,2021-08-18 21:15:00,120.25615,TFT
2021-08-18 21:00:00,2021-08-18 21:30:00,117.76297,TFT
2021-08-18 21:00:00,2021-08-18 21:45:00,115.220604,TFT
2021-08-18 22:00:00,2021-08-18 22:00:00,113.65929,TFT
2021-08-18 22:00:00,2021-08-18 22:15:00,112.448235,TFT
2021-08-18 22:00:00,2021-08-18 22:30:00,110.78566,TFT
2021-08-18 22:00:00,2021-08-18 22:45:00,108.982056,TFT
2021-08-18 23:00:00,2021-08-18 23:00:00,106.49363,TFT
2021-08-18 23:00:00,2021-08-18 23:15:00,106.2794,TFT
2021-08-18 23:00:00,2021-08-18 23:30:00,105.47045,TFT
2021-08-18 23:00:00,2021-08-18 23:45:00,104.49074,TFT
2021-08-19 00:00:00,2021-08-19 00:00:00,101.431915,TFT
2021-08-19 00:00:00,2021-08-19 00:15:00,102.33827,TFT
2021-08-19 00:00:00,2021-08-19 00:30:00,102.53905,TFT
2021-08-19 00:00:00,2021-08-19 00:45:00,102.424164,TFT
2021-08-19 01:00:00,2021-08-19 01:00:00,91.41887,TFT
2021-08-19 01:00:00,2021-08-19 01:15:00,95.62931,TFT
2021-08-19 01:00:00,2021-08-19 01:30:00,98.35997,TFT
2021-08-19 01:00:00,2021-08-19 01:45:00,99.876564,TFT
2021-08-19 02:00:00,2021-08-19 02:00:00,111.58165,TFT
2021-08-19 02:00:00,2021-08-19 02:15:00,111.09306,TFT
2021-08-19 02:00:00,2021-08-19 02:30:00,110.471634,TFT
2021-08-19 02:00:00,2021-08-19 02:45:00,109.56883,TFT
2021-08-19 03:00:00,2021-08-19 03:00:00,111.55522,TFT
2021-08-19 03:00:00,2021-08-19 03:15:00,110.82048,TFT
2021-08-19 03:00:00,2021-08-19 03:30:00,110.078705,TFT
2021-08-19 03:00:00,2021-08-19 03:45:00,109.13774,TFT
2021-08-19 04:00:00,2021-08-19 04:00:00,110.22008,TFT
2021-08-19 04:00:00,2021-08-19 04:15:00,109.3009,TFT
2021-08-19 04:00:00,2021-08-19 04:30:00,108.39027,TFT
2021-08-19 04:00:00,2021-08-19 04:45:00,107.32666,TFT
2021-08-19 05:00:00,2021-08-19 05:00:00,106.990776,TFT
2021-08-19 05:00:00,2021-08-19 05:15:00,106.45051,TFT
2021-08-19 05:00:00,2021-08-19 05:30:00,105.93895,TFT
2021-08-19 05:00:00,2021-08-19 05:45:00,105.585846,TFT
2021-08-19 06:00:00,2021-08-19 06:00:00,106.10957,TFT
2021-08-19 06:00:00,2021-08-19 06:15:00,107.82824,TFT
2021-08-19 06:00:00,2021-08-19 06:30:00,110.00233,TFT
2021-08-19 06:00:00,2021-08-19 06:45:00,112.94288,TFT
2021-08-19 07:00:00,2021-08-19 07:00:00,118.620865,TFT
2021-08-19 07:00:00,2021-08-19 07:15:00,127.60327,TFT
2021-08-19 07:00:00,2021-08-19 07:30:00,138.50644,TFT
2021-08-19 07:00:00,2021-08-19 07:45:00,152.46234,TFT
2021-08-19 08:00:00,2021-08-19 08:00:00,170.70947,TFT
2021-08-19 08:00:00,2021-08-19 08:15:00,183.65808,TFT
2021-08-19 08:00:00,2021-08-19 08:30:00,189.5647,TFT
2021-08-19 08:00:00,2021-08-19 08:45:00,190.15125,TFT
2021-08-19 09:00:00,2021-08-19 09:00:00,187.38742,TFT
2021-08-19 09:00:00,2021-08-19 09:15:00,186.88351,TFT
2021-08-19 09:00:00,2021-08-19 09:30:00,185.83255,TFT
2021-08-19 09:00:00,2021-08-19 09:45:00,184.75012,TFT
2021-08-19 10:00:00,2021-08-19 10:00:00,183.64781,TFT
2021-08-19 10:00:00,2021-08-19 10:15:00,183.6124,TFT
2021-08-19 10:00:00,2021-08-19 10:30:00,183.25423,TFT
2021-08-19 10:00:00,2021-08-19 10:45:00,182.70583,TFT
2021-08-19 11:00:00,2021-08-19 11:00:00,182.05545,TFT
2021-08-19 11:00:00,2021-08-19 11:15:00,182.11838,TFT
2021-08-19 11:00:00,2021-08-19 11:30:00,181.7753,TFT
2021-08-19 11:00:00,2021-08-19 11:45:00,181.19473,TFT
2021-08-19 12:00:00,2021-08-19 12:00:00,180.34993,TFT
2021-08-19 12:00:00,2021-08-19 12:15:00,180.52692,TFT
2021-08-19 12:00:00,2021-08-19 12:30:00,180.29956,TFT
2021-08-19 12:00:00,2021-08-19 12:45:00,179.84784,TFT
2021-08-19 13:00:00,2021-08-19 13:00:00,172.59259,TFT
2021-08-19 13:00:00,2021-08-19 13:15:00,174.9125,TFT
2021-08-19 13:00:00,2021-08-19 13:30:00,175.53598,TFT
2021-08-19 13:00:00,2021-08-19 13:45:00,175.54541,TFT
2021-08-19 14:00:00,2021-08-19 14:00:00,178.56908,TFT
2021-08-19 14:00:00,2021-08-19 14:15:00,178.67822,TFT
2021-08-19 14:00:00,2021-08-19 14:30:00,178.44733,TFT
2021-08-19 14:00:00,2021-08-19 14:45:00,178.0484,TFT
2021-08-19 15:00:00,2021-08-19 15:00:00,178.40446,TFT
2021-08-19 15:00:00,2021-08-19 15:15:00,178.37675,TFT
2021-08-19 15:00:00,2021-08-19 15:30:00,178.13498,TFT
2021-08-19 15:00:00,2021-08-19 15:45:00,177.76031,TFT
2021-08-19 16:00:00,2021-08-19 16:00:00,177.84494,TFT
2021-08-19 16:00:00,2021-08-19 16:15:00,177.77663,TFT
2021-08-19 16:00:00,2021-08-19 16:30:00,177.5079,TFT
2021-08-19 16:00:00,2021-08-19 16:45:00,177.0632,TFT
2021-08-19 17:00:00,2021-08-19 17:00:00,176.76306,TFT
2021-08-19 17:00:00,2021-08-19 17:15:00,176.38907,TFT
2021-08-19 17:00:00,2021-08-19 17:30:00,175.56665,TFT
2021-08-19 17:00:00,2021-08-19 17:45:00,174.17377,TFT
2021-08-19 18:00:00,2021-08-19 18:00:00,172.20798,TFT
2021-08-19 18:00:00,2021-08-19 18:15:00,169.87238,TFT
2021-08-19 18:00:00,2021-08-19 18:30:00,166.66237,TFT
2021-08-19 18:00:00,2021-08-19 18:45:00,162.55084,TFT
2021-08-19 19:00:00,2021-08-19 19:00:00,159.35469,TFT
2021-08-19 19:00:00,2021-08-19 19:15:00,154.15541,TFT
2021-08-19 19:00:00,2021-08-19 19:30:00,148.89609,TFT
2021-08-19 19:00:00,2021-08-19 19:45:00,143.5919,TFT
2021-08-19 20:00:00,2021-08-19 20:00:00,139.47786,TFT
2021-08-19 20:00:00,2021-08-19 20:15:00,135.03207,TFT
2021-08-19 20:00:00,2021-08-19 20:30:00,131.1387,TFT
2021-08-19 20:00:00,2021-08-19 20:45:00,127.5641,TFT
2021-08-19 21:00:00,2021-08-19 21:00:00,124.86903,TFT
2021-08-19 21:00:00,2021-08-19 21:15:00,122.48296,TFT
2021-08-19 21:00:00,2021-08-19 21:30:00,120.3622,TFT
2021-08-19 21:00:00,2021-08-19 21:45:00,118.27125,TFT
2021-08-19 22:00:00,2021-08-19 22:00:00,116.20094,TFT
2021-08-19 22:00:00,2021-08-19 22:15:00,115.16667,TFT
2021-08-19 22:00:00,2021-08-19 22:30:00,114.06788,TFT
2021-08-19 22:00:00,2021-08-19 22:45:00,112.75363,TFT
2021-08-19 23:00:00,2021-08-19 23:00:00,110.303345,TFT
2021-08-19 23:00:00,2021-08-19 23:15:00,110.29544,TFT
2021-08-19 23:00:00,2021-08-19 23:30:00,109.99727,TFT
2021-08-19 23:00:00,2021-08-19 23:45:00,109.349365,TFT
2021-08-20 00:00:00,2021-08-20 00:00:00,102.83735,TFT
2021-08-20 00:00:00,2021-08-20 00:15:00,104.270744,TFT
2021-08-20 00:00:00,2021-08-20 00:30:00,105.13118,TFT
2021-08-20 00:00:00,2021-08-20 00:45:00,105.41702,TFT
2021-08-20 01:00:00,2021-08-20 01:00:00,90.16014,TFT
2021-08-20 01:00:00,2021-08-20 01:15:00,95.61329,TFT
2021-08-20 01:00:00,2021-08-20 01:30:00,99.12637,TFT
2021-08-20 01:00:00,2021-08-20 01:45:00,100.92148,TFT
2021-08-20 02:00:00,2021-08-20 02:00:00,105.66977,TFT
2021-08-20 02:00:00,2021-08-20 02:15:00,106.499756,TFT
2021-08-20 02:00:00,2021-08-20 02:30:00,106.84535,TFT
2021-08-20 02:00:00,2021-08-20 02:45:00,106.74716,TFT
2021-08-20 03:00:00,2021-08-20 03:00:00,106.41002,TFT
2021-08-20 03:00:00,2021-08-20 03:15:00,106.66777,TFT
2021-08-20 03:00:00,2021-08-20 03:30:00,106.65147,TFT
2021-08-20 03:00:00,2021-08-20 03:45:00,106.340965,TFT
2021-08-20 04:00:00,2021-08-20 04:00:00,105.06835,TFT
2021-08-20 04:00:00,2021-08-20 04:15:00,105.29124,TFT
2021-08-20 04:00:00,2021-08-20 04:30:00,105.16605,TFT
2021-08-20 04:00:00,2021-08-20 04:45:00,104.74199,TFT
2021-08-20 05:00:00,2021-08-20 05:00:00,102.433914,TFT
2021-08-20 05:00:00,2021-08-20 05:15:00,103.11291,TFT
2021-08-20 05:00:00,2021-08-20 05:30:00,103.43028,TFT
2021-08-20 05:00:00,2021-08-20 05:45:00,103.75509,TFT
2021-08-20 06:00:00,2021-08-20 06:00:00,102.08017,TFT
2021-08-20 06:00:00,2021-08-20 06:15:00,105.32769,TFT
2021-08-20 06:00:00,2021-08-20 06:30:00,108.68586,TFT
2021-08-20 06:00:00,2021-08-20 06:45:00,112.72652,TFT
2021-08-20 07:00:00,2021-08-20 07:00:00,117.2829,TFT
2021-08-20 07:00:00,2021-08-20 07:15:00,128.71255,TFT
2021-08-20 07:00:00,2021-08-20 07:30:00,142.98122,TFT
2021-08-20 07:00:00,2021-08-20 07:45:00,160.23624,TFT
2021-08-20 08:00:00,2021-08-20 08:00:00,173.4337,TFT
2021-08-20 08:00:00,2021-08-20 08:15:00,183.29944,TFT
2021-08-20 08:00:00,2021-08-20 08:30:00,185.70724,TFT
2021-08-20 08:00:00,2021-08-20 08:45:00,184.89954,TFT
2021-08-20 09:00:00,2021-08-20 09:00:00,181.88962,TFT
2021-08-20 09:00:00,2021-08-20 09:15:00,181.87946,TFT
2021-08-20 09:00:00,2021-08-20 09:30:00,181.89857,TFT
2021-08-20 09:00:00,2021-08-20 09:45:00,181.53517,TFT
2021-08-20 10:00:00,2021-08-20 10:00:00,179.77585,TFT
2021-08-20 10:00:00,2021-08-20 10:15:00,179.93207,TFT
2021-08-20 10:00:00,2021-08-20 10:30:00,180.00519,TFT
2021-08-20 10:00:00,2021-08-20 10:45:00,179.57712,TFT
2021-08-20 11:00:00,2021-08-20 11:00:00,177.51282,TFT
2021-08-20 11:00:00,2021-08-20 11:15:00,177.58249,TFT
2021-08-20 11:00:00,2021-08-20 11:30:00,177.5387,TFT
2021-08-20 11:00:00,2021-08-20 11:45:00,177.0318,TFT
2021-08-20 12:00:00,2021-08-20 12:00:00,174.87971,TFT
2021-08-20 12:00:00,2021-08-20 12:15:00,175.0633,TFT
2021-08-20 12:00:00,2021-08-20 12:30:00,175.30386,TFT
2021-08-20 12:00:00,2021-08-20 12:45:00,175.20215,TFT
2021-08-20 13:00:00,2021-08-20 13:00:00,168.90607,TFT
2021-08-20 13:00:00,2021-08-20 13:15:00,171.61662,TFT
2021-08-20 13:00:00,2021-08-20 13:30:00,172.69989,TFT
2021-08-20 13:00:00,2021-08-20 13:45:00,172.74686,TFT
2021-08-20 14:00:00,2021-08-20 14:00:00,172.83716,TFT
2021-08-20 14:00:00,2021-08-20 14:15:00,173.57468,TFT
2021-08-20 14:00:00,2021-08-20 14:30:00,174.08698,TFT
2021-08-20 14:00:00,2021-08-20 14:45:00,174.12898,TFT
2021-08-20 15:00:00,2021-08-20 15:00:00,172.6553,TFT
2021-08-20 15:00:00,2021-08-20 15:15:00,173.27179,TFT
2021-08-20 15:00:00,2021-08-20 15:30:00,173.77504,TFT
2021-08-20 15:00:00,2021-08-20 15:45:00,173.88174,TFT
2021-08-20 16:00:00,2021-08-20 16:00:00,172.28784,TFT
2021-08-20 16:00:00,2021-08-20 16:15:00,172.75665,TFT
2021-08-20 16:00:00,2021-08-20 16:30:00,173.0828,TFT
2021-08-20 16:00:00,2021-08-20 16:45:00,173.01093,TFT
2021-08-20 17:00:00,2021-08-20 17:00:00,171.23752,TFT
2021-08-20 17:00:00,2021-08-20 17:15:00,171.10428,TFT
2021-08-20 17:00:00,2021-08-20 17:30:00,170.71036,TFT
2021-08-20 17:00:00,2021-08-20 17:45:00,169.69484,TFT
2021-08-20 18:00:00,2021-08-20 18:00:00,166.6824,TFT
2021-08-20 18:00:00,2021-08-20 18:15:00,164.57419,TFT
2021-08-20 18:00:00,2021-08-20 18:30:00,161.67874,TFT
2021-08-20 18:00:00,2021-08-20 18:45:00,157.87106,TFT
2021-08-20 19:00:00,2021-08-20 19:00:00,152.06126,TFT
2021-08-20 19:00:00,2021-08-20 19:15:00,146.99744,TFT
2021-08-20 19:00:00,2021-08-20 19:30:00,141.81473,TFT
2021-08-20 19:00:00,2021-08-20 19:45:00,136.79585,TFT
2021-08-20 20:00:00,2021-08-20 20:00:00,124.74374,TFT
2021-08-20 20:00:00,2021-08-20 20:15:00,123.02252,TFT
2021-08-20 20:00:00,2021-08-20 20:30:00,120.90109,TFT
2021-08-20 20:00:00,2021-08-20 20:45:00,118.79189,TFT
2021-08-20 21:00:00,2021-08-20 21:00:00,112.80085,TFT
2021-08-20 21:00:00,2021-08-20 21:15:00,112.46179,TFT
2021-08-20 21:00:00,2021-08-20 21:30:00,111.74948,TFT
2021-08-20 21:00:00,2021-08-20 21:45:00,110.84257,TFT
2021-08-20 22:00:00,2021-08-20 22:00:00,104.24921,TFT
2021-08-20 22:00:00,2021-08-20 22:15:00,105.29946,TFT
2021-08-20 22:00:00,2021-08-20 22:30:00,105.71022,TFT
2021-08-20 22:00:00,2021-08-20 22:45:00,105.66825,TFT
2021-08-20 23:00:00,2021-08-20 23:00:00,98.656204,TFT
2021-08-20 23:00:00,2021-08-20 23:15:00,100.76213,TFT
2021-08-20 23:00:00,2021-08-20 23:30:00,102.05916,TFT
2021-08-20 23:00:00,2021-08-20 23:45:00,102.73087,TFT
2021-08-21 00:00:00,2021-08-21 00:00:00,72.0585,TFT
2021-08-21 00:00:00,2021-08-21 00:15:00,77.04903,TFT
2021-08-21 00:00:00,2021-08-21 00:30:00,81.361946,TFT
2021-08-21 00:00:00,2021-08-21 00:45:00,84.500656,TFT
2021-08-21 01:00:00,2021-08-21 01:00:00,86.43031,TFT
2021-08-21 01:00:00,2021-08-21 01:15:00,90.36708,TFT
2021-08-21 01:00:00,2021-08-21 01:30:00,92.95386,TFT
2021-08-21 01:00:00,2021-08-21 01:45:00,94.26695,TFT
2021-08-21 02:00:00,2021-08-21 02:00:00,100.08811,TFT
2021-08-21 02:00:00,2021-08-21 02:15:00,100.77235,TFT
2021-08-21 02:00:00,2021-08-21 02:30:00,101.25302,TFT
2021-08-21 02:00:00,2021-08-21 02:45:00,101.24475,TFT
2021-08-21 03:00:00,2021-08-21 03:00:00,103.13216,TFT
2021-08-21 03:00:00,2021-08-21 03:15:00,103.113594,TFT
2021-08-21 03:00:00,2021-08-21 03:30:00,103.06249,TFT
2021-08-21 03:00:00,2021-08-21 03:45:00,102.63553,TFT
2021-08-21 04:00:00,2021-08-21 04:00:00,103.7509,TFT
2021-08-21 04:00:00,2021-08-21 04:15:00,103.36542,TFT
2021-08-21 04:00:00,2021-08-21 04:30:00,102.90302,TFT
2021-08-21 04:00:00,2021-08-21 04:45:00,101.98894,TFT
2021-08-21 05:00:00,2021-08-21 05:00:00,102.343445,TFT
2021-08-21 05:00:00,2021-08-21 05:15:00,101.77125,TFT
2021-08-21 05:00:00,2021-08-21 05:30:00,101.01196,TFT
2021-08-21 05:00:00,2021-08-21 05:45:00,99.69017,TFT
2021-08-21 06:00:00,2021-08-21 06:00:00,97.44565,TFT
2021-08-21 06:00:00,2021-08-21 06:15:00,97.45184,TFT
2021-08-21 06:00:00,2021-08-21 06:30:00,96.19471,TFT
2021-08-21 06:00:00,2021-08-21 06:45:00,92.97748,TFT
2021-08-21 07:00:00,2021-08-21 07:00:00,64.7576,TFT
2021-08-21 07:00:00,2021-08-21 07:15:00,60.705074,TFT
2021-08-21 07:00:00,2021-08-21 07:30:00,53.56678,TFT
2021-08-21 07:00:00,2021-08-21 07:45:00,46.289505,TFT
2021-08-21 08:00:00,2021-08-21 08:00:00,26.956623,TFT
2021-08-21 08:00:00,2021-08-21 08:15:00,25.215206,TFT
2021-08-21 08:00:00,2021-08-21 08:30:00,24.390934,TFT
2021-08-21 08:00:00,2021-08-21 08:45:00,24.091366,TFT
2021-08-21 09:00:00,2021-08-21 09:00:00,23.97887,TFT
2021-08-21 09:00:00,2021-08-21 09:15:00,23.656246,TFT
2021-08-21 09:00:00,2021-08-21 09:30:00,23.768833,TFT
2021-08-21 09:00:00,2021-08-21 09:45:00,24.137714,TFT
2021-08-21 10:00:00,2021-08-21 10:00:00,25.065445,TFT
2021-08-21 10:00:00,2021-08-21 10:15:00,24.850174,TFT
2021-08-21 10:00:00,2021-08-21 10:30:00,24.96117,TFT
2021-08-21 10:00:00,2021-08-21 10:45:00,25.20206,TFT
2021-08-21 11:00:00,2021-08-21 11:00:00,25.613754,TFT
2021-08-21 11:00:00,2021-08-21 11:15:00,25.050323,TFT
2021-08-21 11:00:00,2021-08-21 11:30:00,24.71902,TFT
2021-08-21 11:00:00,2021-08-21 11:45:00,24.4827,TFT
2021-08-21 12:00:00,2021-08-21 12:00:00,24.466003,TFT
2021-08-21 12:00:00,2021-08-21 12:15:00,23.843216,TFT
2021-08-21 12:00:00,2021-08-21 12:30:00,23.51485,TFT
2021-08-21 12:00:00,2021-08-21 12:45:00,23.449776,TFT
2021-08-21 13:00:00,2021-08-21 13:00:00,23.717178,TFT
2021-08-21 13:00:00,2021-08-21 13:15:00,23.6092,TFT
2021-08-21 13:00:00,2021-08-21 13:30:00,23.661171,TFT
2021-08-21 13:00:00,2021-08-21 13:45:00,23.932018,TFT
2021-08-21 14:00:00,2021-08-21 14:00:00,23.991497,TFT
2021-08-21 14:00:00,2021-08-21 14:15:00,24.086945,TFT
2021-08-21 14:00:00,2021-08-21 14:30:00,24.221172,TFT
2021-08-21 14:00:00,2021-08-21 14:45:00,24.524876,TFT
2021-08-21 15:00:00,2021-08-21 15:00:00,24.198486,TFT
2021-08-21 15:00:00,2021-08-21 15:15:00,24.250732,TFT
2021-08-21 15:00:00,2021-08-21 15:30:00,24.292896,TFT
2021-08-21 15:00:00,2021-08-21 15:45:00,24.493374,TFT
2021-08-21 16:00:00,2021-08-21 16:00:00,23.903877,TFT
2021-08-21 16:00:00,2021-08-21 16:15:00,23.86124,TFT
2021-08-21 16:00:00,2021-08-21 16:30:00,23.789036,TFT
2021-08-21 16:00:00,2021-08-21 16:45:00,23.880291,TFT
2021-08-21 17:00:00,2021-08-21 17:00:00,23.417149,TFT
2021-08-21 17:00:00,2021-08-21 17:15:00,23.260925,TFT
2021-08-21 17:00:00,2021-08-21 17:30:00,23.089539,TFT
2021-08-21 17:00:00,2021-08-21 17:45:00,23.115574,TFT
2021-08-21 18:00:00,2021-08-21 18:00:00,23.216541,TFT
2021-08-21 18:00:00,2021-08-21 18:15:00,22.967384,TFT
2021-08-21 18:00:00,2021-08-21 18:30:00,22.77095,TFT
2021-08-21 18:00:00,2021-08-21 18:45:00,22.8423,TFT
2021-08-21 19:00:00,2021-08-21 19:00:00,23.250668,TFT
2021-08-21 19:00:00,2021-08-21 19:15:00,23.112186,TFT
2021-08-21 19:00:00,2021-08-21 19:30:00,23.06248,TFT
2021-08-21 19:00:00,2021-08-21 19:45:00,23.300003,TFT
2021-08-21 20:00:00,2021-08-21 20:00:00,23.249252,TFT
2021-08-21 20:00:00,2021-08-21 20:15:00,23.339828,TFT
2021-08-21 20:00:00,2021-08-21 20:30:00,23.48909,TFT
2021-08-21 20:00:00,2021-08-21 20:45:00,23.835987,TFT
2021-08-21 21:00:00,2021-08-21 21:00:00,23.764408,TFT
2021-08-21 21:00:00,2021-08-21 21:15:00,23.777653,TFT
2021-08-21 21:00:00,2021-08-21 21:30:00,23.859566,TFT
2021-08-21 21:00:00,2021-08-21 21:45:00,24.085049,TFT
2021-08-21 22:00:00,2021-08-21 22:00:00,24.222393,TFT
2021-08-21 22:00:00,2021-08-21 22:15:00,23.954521,TFT
2021-08-21 22:00:00,2021-08-21 22:30:00,23.835636,TFT
2021-08-21 22:00:00,2021-08-21 22:45:00,23.875374,TFT
2021-08-21 23:00:00,2021-08-21 23:00:00,24.509834,TFT
2021-08-21 23:00:00,2021-08-21 23:15:00,23.941284,TFT
2021-08-21 23:00:00,2021-08-21 23:30:00,23.653545,TFT
2021-08-21 23:00:00,2021-08-21 23:45:00,23.587368,TFT
2021-08-22 00:00:00,2021-08-22 00:00:00,23.082733,TFT
2021-08-22 00:00:00,2021-08-22 00:15:00,22.764206,TFT
2021-08-22 00:00:00,2021-08-22 00:30:00,22.602234,TFT
2021-08-22 00:00:00,2021-08-22 00:45:00,22.502506,TFT
2021-08-22 01:00:00,2021-08-22 01:00:00,22.361523,TFT
2021-08-22 01:00:00,2021-08-22 01:15:00,22.12561,TFT
2021-08-22 01:00:00,2021-08-22 01:30:00,22.081318,TFT
2021-08-22 01:00:00,2021-08-22 01:45:00,22.084755,TFT
2021-08-22 02:00:00,2021-08-22 02:00:00,22.433388,TFT
2021-08-22 02:00:00,2021-08-22 02:15:00,22.140697,TFT
2021-08-22 02:00:00,2021-08-22 02:30:00,22.07206,TFT
2021-08-22 02:00:00,2021-08-22 02:45:00,22.068672,TFT
2021-08-22 03:00:00,2021-08-22 03:00:00,22.632229,TFT
2021-08-22 03:00:00,2021-08-22 03:15:00,22.27079,TFT
2021-08-22 03:00:00,2021-08-22 03:30:00,22.170158,TFT
2021-08-22 03:00:00,2021-08-22 03:45:00,22.153976,TFT
2021-08-22 04:00:00,2021-08-22 04:00:00,22.982624,TFT
2021-08-22 04:00:00,2021-08-22 04:15:00,22.512524,TFT
2021-08-22 04:00:00,2021-08-22 04:30:00,22.368305,TFT
2021-08-22 04:00:00,2021-08-22 04:45:00,22.337551,TFT
2021-08-22 05:00:00,2021-08-22 05:00:00,23.472084,TFT
2021-08-22 05:00:00,2021-08-22 05:15:00,22.852806,TFT
2021-08-22 05:00:00,2021-08-22 05:30:00,22.653503,TFT
2021-08-22 05:00:00,2021-08-22 05:45:00,22.599075,TFT
2021-08-22 06:00:00,2021-08-22 06:00:00,23.87246,TFT
2021-08-22 06:00:00,2021-08-22 06:15:00,23.179554,TFT
2021-08-22 06:00:00,2021-08-22 06:30:00,22.953022,TFT
2021-08-22 06:00:00,2021-08-22 06:45:00,22.885628,TFT
2021-08-22 07:00:00,2021-08-22 07:00:00,22.883942,TFT
2021-08-22 07:00:00,2021-08-22 07:15:00,22.65744,TFT
2021-08-22 07:00:00,2021-08-22 07:30:00,22.640842,TFT
2021-08-22 07:00:00,2021-08-22 07:45:00,22.700047,TFT
2021-08-22 08:00:00,2021-08-22 08:00:00,22.528053,TFT
2021-08-22 08:00:00,2021-08-22 08:15:00,22.465351,TFT
2021-08-22 08:00:00,2021-08-22 08:30:00,22.504505,TFT
2021-08-22 08:00:00,2021-08-22 08:45:00,22.58601,TFT
2021-08-22 09:00:00,2021-08-22 09:00:00,22.559765,TFT
2021-08-22 09:00:00,2021-08-22 09:15:00,22.459244,TFT
2021-08-22 09:00:00,2021-08-22 09:30:00,22.473724,TFT
2021-08-22 09:00:00,2021-08-22 09:45:00,22.551224,TFT
2021-08-22 10:00:00,2021-08-22 10:00:00,22.7818,TFT
2021-08-22 10:00:00,2021-08-22 10:15:00,22.635986,TFT
2021-08-22 10:00:00,2021-08-22 10:30:00,22.68488,TFT
2021-08-22 10:00:00,2021-08-22 10:45:00,22.837269,TFT
2021-08-22 11:00:00,2021-08-22 11:00:00,23.186165,TFT
2021-08-22 11:00:00,2021-08-22 11:15:00,22.95224,TFT
2021-08-22 11:00:00,2021-08-22 11:30:00,22.898682,TFT
2021-08-22 11:00:00,2021-08-22 11:45:00,22.910385,TFT
2021-08-22 12:00:00,2021-08-22 12:00:00,23.136086,TFT
2021-08-22 12:00:00,2021-08-22 12:15:00,22.799541,TFT
2021-08-22 12:00:00,2021-08-22 12:30:00,22.713566,TFT
2021-08-22 12:00:00,2021-08-22 12:45:00,22.789032,TFT
2021-08-22 13:00:00,2021-08-22 13:00:00,23.401169,TFT
2021-08-22 13:00:00,2021-08-22 13:15:00,23.309788,TFT
2021-08-22 13:00:00,2021-08-22 13:30:00,23.363354,TFT
2021-08-22 13:00:00,2021-08-22 13:45:00,23.514435,TFT
2021-08-22 14:00:00,2021-08-22 14:00:00,24.227074,TFT
2021-08-22 14:00:00,2021-08-22 14:15:00,24.1296,TFT
2021-08-22 14:00:00,2021-08-22 14:30:00,24.08265,TFT
2021-08-22 14:00:00,2021-08-22 14:45:00,24.097553,TFT
2021-08-22 15:00:00,2021-08-22 15:00:00,24.508945,TFT
2021-08-22 15:00:00,2021-08-22 15:15:00,24.26759,TFT
2021-08-22 15:00:00,2021-08-22 15:30:00,24.059662,TFT
2021-08-22 15:00:00,2021-08-22 15:45:00,23.91808,TFT
2021-08-22 16:00:00,2021-08-22 16:00:00,24.042767,TFT
2021-08-22 16:00:00,2021-08-22 16:15:00,23.74902,TFT
2021-08-22 16:00:00,2021-08-22 16:30:00,23.505901,TFT
2021-08-22 16:00:00,2021-08-22 16:45:00,23.344872,TFT
2021-08-22 17:00:00,2021-08-22 17:00:00,23.418667,TFT
2021-08-22 17:00:00,2021-08-22 17:15:00,23.188892,TFT
2021-08-22 17:00:00,2021-08-22 17:30:00,23.043167,TFT
2021-08-22 17:00:00,2021-08-22 17:45:00,22.986397,TFT
2021-08-22 18:00:00,2021-08-22 18:00:00,23.260391,TFT
2021-08-22 18:00:00,2021-08-22 18:15:00,23.078045,TFT
2021-08-22 18:00:00,2021-08-22 18:30:00,23.017593,TFT
2021-08-22 18:00:00,2021-08-22 18:45:00,23.01181,TFT
2021-08-22 19:00:00,2021-08-22 19:00:00,23.51656,TFT
2021-08-22 19:00:00,2021-08-22 19:15:00,23.265167,TFT
2021-08-22 19:00:00,2021-08-22 19:30:00,23.14798,TFT
2021-08-22 19:00:00,2021-08-22 19:45:00,23.07811,TFT
2021-08-22 20:00:00,2021-08-22 20:00:00,23.37297,TFT
2021-08-22 20:00:00,2021-08-22 20:15:00,23.123734,TFT
2021-08-22 20:00:00,2021-08-22 20:30:00,22.994812,TFT
2021-08-22 20:00:00,2021-08-22 20:45:00,22.90746,TFT
2021-08-22 21:00:00,2021-08-22 21:00:00,23.125278,TFT
2021-08-22 21:00:00,2021-08-22 21:15:00,22.886425,TFT
2021-08-22 21:00:00,2021-08-22 21:30:00,22.759464,TFT
2021-08-22 21:00:00,2021-08-22 21:45:00,22.670738,TFT
2021-08-22 22:00:00,2021-08-22 22:00:00,22.836716,TFT
2021-08-22 22:00:00,2021-08-22 22:15:00,22.614227,TFT
2021-08-22 22:00:00,2021-08-22 22:30:00,22.502369,TFT
2021-08-22 22:00:00,2021-08-22 22:45:00,22.42891,TFT
2021-08-22 23:00:00,2021-08-22 23:00:00,22.609966,TFT
2021-08-22 23:00:00,2021-08-22 23:15:00,22.405064,TFT
2021-08-22 23:00:00,2021-08-22 23:30:00,22.331127,TFT
2021-08-22 23:00:00,2021-08-22 23:45:00,22.30867,TFT
2021-08-23 00:00:00,2021-08-23 00:00:00,27.427639,TFT
2021-08-23 00:00:00,2021-08-23 00:15:00,26.068089,TFT
2021-08-23 00:00:00,2021-08-23 00:30:00,25.546658,TFT
2021-08-23 00:00:00,2021-08-23 00:45:00,25.545437,TFT
2021-08-23 01:00:00,2021-08-23 01:00:00,22.89362,TFT
2021-08-23 01:00:00,2021-08-23 01:15:00,22.254734,TFT
2021-08-23 01:00:00,2021-08-23 01:30:00,22.089024,TFT
2021-08-23 01:00:00,2021-08-23 01:45:00,22.220005,TFT
2021-08-23 02:00:00,2021-08-23 02:00:00,22.745033,TFT
2021-08-23 02:00:00,2021-08-23 02:15:00,21.96952,TFT
2021-08-23 02:00:00,2021-08-23 02:30:00,21.726845,TFT
2021-08-23 02:00:00,2021-08-23 02:45:00,21.787422,TFT
2021-08-23 03:00:00,2021-08-23 03:00:00,22.998753,TFT
2021-08-23 03:00:00,2021-08-23 03:15:00,22.045197,TFT
2021-08-23 03:00:00,2021-08-23 03:30:00,21.6875,TFT
2021-08-23 03:00:00,2021-08-23 03:45:00,21.665245,TFT
2021-08-23 04:00:00,2021-08-23 04:00:00,22.503384,TFT
2021-08-23 04:00:00,2021-08-23 04:15:00,21.558624,TFT
2021-08-23 04:00:00,2021-08-23 04:30:00,21.211182,TFT
2021-08-23 04:00:00,2021-08-23 04:45:00,21.238907,TFT
2021-08-23 05:00:00,2021-08-23 05:00:00,20.84571,TFT
2021-08-23 05:00:00,2021-08-23 05:15:00,20.349907,TFT
2021-08-23 05:00:00,2021-08-23 05:30:00,20.425468,TFT
2021-08-23 05:00:00,2021-08-23 05:45:00,21.015762,TFT
2021-08-23 06:00:00,2021-08-23 06:00:00,21.284698,TFT
2021-08-23 06:00:00,2021-08-23 06:15:00,22.0038,TFT
2021-08-23 06:00:00,2021-08-23 06:30:00,23.86581,TFT
2021-08-23 06:00:00,2021-08-23 06:45:00,27.324043,TFT
2021-08-23 07:00:00,2021-08-23 07:00:00,30.829292,TFT
2021-08-23 07:00:00,2021-08-23 07:15:00,42.452248,TFT
2021-08-23 07:00:00,2021-08-23 07:30:00,72.10009,TFT
2021-08-23 07:00:00,2021-08-23 07:45:00,127.712875,TFT
2021-08-23 08:00:00,2021-08-23 08:00:00,184.99576,TFT
2021-08-23 08:00:00,2021-08-23 08:15:00,185.72974,TFT
2021-08-23 08:00:00,2021-08-23 08:30:00,184.34422,TFT
2021-08-23 08:00:00,2021-08-23 08:45:00,182.93442,TFT
2021-08-23 09:00:00,2021-08-23 09:00:00,190.15714,TFT
2021-08-23 09:00:00,2021-08-23 09:15:00,189.09088,TFT
2021-08-23 09:00:00,2021-08-23 09:30:00,187.99207,TFT
2021-08-23 09:00:00,2021-08-23 09:45:00,186.60938,TFT
2021-08-23 10:00:00,2021-08-23 10:00:00,188.17813,TFT
2021-08-23 10:00:00,2021-08-23 10:15:00,186.9383,TFT
2021-08-23 10:00:00,2021-08-23 10:30:00,185.64754,TFT
2021-08-23 10:00:00,2021-08-23 10:45:00,183.97214,TFT
2021-08-23 11:00:00,2021-08-23 11:00:00,184.64502,TFT
2021-08-23 11:00:00,2021-08-23 11:15:00,183.04572,TFT
2021-08-23 11:00:00,2021-08-23 11:30:00,181.24365,TFT
2021-08-23 11:00:00,2021-08-23 11:45:00,179.08936,TFT
2021-08-23 12:00:00,2021-08-23 12:00:00,179.7901,TFT
2021-08-23 12:00:00,2021-08-23 12:15:00,178.07779,TFT
2021-08-23 12:00:00,2021-08-23 12:30:00,176.50725,TFT
2021-08-23 12:00:00,2021-08-23 12:45:00,174.88435,TFT
2021-08-23 13:00:00,2021-08-23 13:00:00,163.33365,TFT
2021-08-23 13:00:00,2021-08-23 13:15:00,166.8411,TFT
2021-08-23 13:00:00,2021-08-23 13:30:00,168.00177,TFT
2021-08-23 13:00:00,2021-08-23 13:45:00,167.90002,TFT
2021-08-23 14:00:00,2021-08-23 14:00:00,173.98859,TFT
2021-08-23 14:00:00,2021-08-23 14:15:00,173.35501,TFT
2021-08-23 14:00:00,2021-08-23 14:30:00,172.58948,TFT
2021-08-23 14:00:00,2021-08-23 14:45:00,171.58176,TFT
2021-08-23 15:00:00,2021-08-23 15:00:00,172.83083,TFT
2021-08-23 15:00:00,2021-08-23 15:15:00,172.25519,TFT
2021-08-23 15:00:00,2021-08-23 15:30:00,171.54369,TFT
2021-08-23 15:00:00,2021-08-23 15:45:00,170.57057,TFT
2021-08-23 16:00:00,2021-08-23 16:00:00,172.2361,TFT
2021-08-23 16:00:00,2021-08-23 16:15:00,171.1372,TFT
2021-08-23 16:00:00,2021-08-23 16:30:00,170.04204,TFT
2021-08-23 16:00:00,2021-08-23 16:45:00,168.67503,TFT
2021-08-23 17:00:00,2021-08-23 17:00:00,167.92569,TFT
2021-08-23 17:00:00,2021-08-23 17:15:00,166.89975,TFT
2021-08-23 17:00:00,2021-08-23 17:30:00,165.31268,TFT
2021-08-23 17:00:00,2021-08-23 17:45:00,163.07251,TFT
2021-08-23 18:00:00,2021-08-23 18:00:00,164.14679,TFT
2021-08-23 18:00:00,2021-08-23 18:15:00,160.71783,TFT
2021-08-23 18:00:00,2021-08-23 18:30:00,156.84033,TFT
2021-08-23 18:00:00,2021-08-23 18:45:00,152.18005,TFT
2021-08-23 19:00:00,2021-08-23 19:00:00,148.82053,TFT
2021-08-23 19:00:00,2021-08-23 19:15:00,144.10085,TFT
2021-08-23 19:00:00,2021-08-23 19:30:00,138.75888,TFT
2021-08-23 19:00:00,2021-08-23 19:45:00,133.08897,TFT
2021-08-23 20:00:00,2021-08-23 20:00:00,124.44592,TFT
2021-08-23 20:00:00,2021-08-23 20:15:00,121.76788,TFT
2021-08-23 20:00:00,2021-08-23 20:30:00,118.5598,TFT
2021-08-23 20:00:00,2021-08-23 20:45:00,115.339355,TFT
2021-08-23 21:00:00,2021-08-23 21:00:00,117.42678,TFT
2021-08-23 21:00:00,2021-08-23 21:15:00,114.183914,TFT
2021-08-23 21:00:00,2021-08-23 21:30:00,111.489876,TFT
2021-08-23 21:00:00,2021-08-23 21:45:00,109.08775,TFT
2021-08-23 22:00:00,2021-08-23 22:00:00,110.912895,TFT
2021-08-23 22:00:00,2021-08-23 22:15:00,108.45746,TFT
2021-08-23 22:00:00,2021-08-23 22:30:00,106.56764,TFT
2021-08-23 22:00:00,2021-08-23 22:45:00,104.90709,TFT
2021-08-23 23:00:00,2021-08-23 23:00:00,106.6472,TFT
2021-08-23 23:00:00,2021-08-23 23:15:00,104.80676,TFT
2021-08-23 23:00:00,2021-08-23 23:30:00,103.59925,TFT
2021-08-23 23:00:00,2021-08-23 23:45:00,102.66057,TFT
2021-08-24 00:00:00,2021-08-24 00:00:00,102.84842,TFT
2021-08-24 00:00:00,2021-08-24 00:15:00,104.47267,TFT
2021-08-24 00:00:00,2021-08-24 00:30:00,105.57669,TFT
2021-08-24 00:00:00,2021-08-24 00:45:00,106.21158,TFT
2021-08-24 01:00:00,2021-08-24 01:00:00,88.92709,TFT
2021-08-24 01:00:00,2021-08-24 01:15:00,94.4484,TFT
2021-08-24 01:00:00,2021-08-24 01:30:00,98.288666,TFT
2021-08-24 01:00:00,2021-08-24 01:45:00,100.26386,TFT
2021-08-24 02:00:00,2021-08-24 02:00:00,106.55157,TFT
2021-08-24 02:00:00,2021-08-24 02:15:00,106.60289,TFT
2021-08-24 02:00:00,2021-08-24 02:30:00,106.485146,TFT
2021-08-24 02:00:00,2021-08-24 02:45:00,105.81607,TFT
2021-08-24 03:00:00,2021-08-24 03:00:00,106.52285,TFT
2021-08-24 03:00:00,2021-08-24 03:15:00,106.27702,TFT
2021-08-24 03:00:00,2021-08-24 03:30:00,105.84348,TFT
2021-08-24 03:00:00,2021-08-24 03:45:00,104.869095,TFT
2021-08-24 04:00:00,2021-08-24 04:00:00,104.613434,TFT
2021-08-24 04:00:00,2021-08-24 04:15:00,104.16239,TFT
2021-08-24 04:00:00,2021-08-24 04:30:00,103.402855,TFT
2021-08-24 04:00:00,2021-08-24 04:45:00,102.027794,TFT
2021-08-24 05:00:00,2021-08-24 05:00:00,100.67501,TFT
2021-08-24 05:00:00,2021-08-24 05:15:00,99.9435,TFT
2021-08-24 05:00:00,2021-08-24 05:30:00,98.90112,TFT
2021-08-24 05:00:00,2021-08-24 05:45:00,97.44725,TFT
2021-08-24 06:00:00,2021-08-24 06:00:00,95.46429,TFT
2021-08-24 06:00:00,2021-08-24 06:15:00,96.322586,TFT
2021-08-24 06:00:00,2021-08-24 06:30:00,98.47885,TFT
2021-08-24 06:00:00,2021-08-24 06:45:00,102.52787,TFT
2021-08-24 07:00:00,2021-08-24 07:00:00,111.003975,TFT
2021-08-24 07:00:00,2021-08-24 07:15:00,122.67746,TFT
2021-08-24 07:00:00,2021-08-24 07:30:00,137.94044,TFT
2021-08-24 07:00:00,2021-08-24 07:45:00,155.62836,TFT
2021-08-24 08:00:00,2021-08-24 08:00:00,173.47092,TFT
2021-08-24 08:00:00,2021-08-24 08:15:00,184.73001,TFT
2021-08-24 08:00:00,2021-08-24 08:30:00,189.57547,TFT
2021-08-24 08:00:00,2021-08-24 08:45:00,190.30492,TFT
2021-08-24 09:00:00,2021-08-24 09:00:00,189.78201,TFT
2021-08-24 09:00:00,2021-08-24 09:15:00,188.31528,TFT
2021-08-24 09:00:00,2021-08-24 09:30:00,186.75198,TFT
2021-08-24 09:00:00,2021-08-24 09:45:00,185.36996,TFT
2021-08-24 10:00:00,2021-08-24 10:00:00,184.85031,TFT
2021-08-24 10:00:00,2021-08-24 10:15:00,183.51608,TFT
2021-08-24 10:00:00,2021-08-24 10:30:00,182.51775,TFT
2021-08-24 10:00:00,2021-08-24 10:45:00,181.70705,TFT
2021-08-24 11:00:00,2021-08-24 11:00:00,181.30487,TFT
2021-08-24 11:00:00,2021-08-24 11:15:00,180.2868,TFT
2021-08-24 11:00:00,2021-08-24 11:30:00,179.53467,TFT
2021-08-24 11:00:00,2021-08-24 11:45:00,178.90778,TFT
2021-08-24 12:00:00,2021-08-24 12:00:00,178.63571,TFT
2021-08-24 12:00:00,2021-08-24 12:15:00,177.80005,TFT
2021-08-24 12:00:00,2021-08-24 12:30:00,177.25204,TFT
2021-08-24 12:00:00,2021-08-24 12:45:00,176.85469,TFT
2021-08-24 13:00:00,2021-08-24 13:00:00,169.37076,TFT
2021-08-24 13:00:00,2021-08-24 13:15:00,171.05054,TFT
2021-08-24 13:00:00,2021-08-24 13:30:00,172.00485,TFT
2021-08-24 13:00:00,2021-08-24 13:45:00,172.6214,TFT
2021-08-24 14:00:00,2021-08-24 14:00:00,174.86713,TFT
2021-08-24 14:00:00,2021-08-24 14:15:00,174.72235,TFT
2021-08-24 14:00:00,2021-08-24 14:30:00,174.66434,TFT
2021-08-24 14:00:00,2021-08-24 14:45:00,174.64569,TFT
2021-08-24 15:00:00,2021-08-24 15:00:00,174.61328,TFT
2021-08-24 15:00:00,2021-08-24 15:15:00,174.40567,TFT
2021-08-24 15:00:00,2021-08-24 15:30:00,174.3479,TFT
2021-08-24 15:00:00,2021-08-24 15:45:00,174.33347,TFT
2021-08-24 16:00:00,2021-08-24 16:00:00,174.82236,TFT
2021-08-24 16:00:00,2021-08-24 16:15:00,174.43457,TFT
2021-08-24 16:00:00,2021-08-24 16:30:00,174.18279,TFT
2021-08-24 16:00:00,2021-08-24 16:45:00,173.89659,TFT
2021-08-24 17:00:00,2021-08-24 17:00:00,173.26031,TFT
2021-08-24 17:00:00,2021-08-24 17:15:00,172.46622,TFT
2021-08-24 17:00:00,2021-08-24 17:30:00,171.43619,TFT
2021-08-24 17:00:00,2021-08-24 17:45:00,169.97482,TFT
2021-08-24 18:00:00,2021-08-24 18:00:00,167.83441,TFT
2021-08-24 18:00:00,2021-08-24 18:15:00,165.62527,TFT
2021-08-24 18:00:00,2021-08-24 18:30:00,162.81738,TFT
2021-08-24 18:00:00,2021-08-24 18:45:00,159.48204,TFT
2021-08-24 19:00:00,2021-08-24 19:00:00,158.63596,TFT
2021-08-24 19:00:00,2021-08-24 19:15:00,154.49911,TFT
2021-08-24 19:00:00,2021-08-24 19:30:00,150.0686,TFT
2021-08-24 19:00:00,2021-08-24 19:45:00,145.38638,TFT
2021-08-24 20:00:00,2021-08-24 20:00:00,142.21246,TFT
2021-08-24 20:00:00,2021-08-24 20:15:00,138.0412,TFT
2021-08-24 20:00:00,2021-08-24 20:30:00,133.88344,TFT
2021-08-24 20:00:00,2021-08-24 20:45:00,129.78442,TFT
2021-08-24 21:00:00,2021-08-24 21:00:00,125.02701,TFT
2021-08-24 21:00:00,2021-08-24 21:15:00,122.75269,TFT
2021-08-24 21:00:00,2021-08-24 21:30:00,120.25073,TFT
2021-08-24 21:00:00,2021-08-24 21:45:00,117.655815,TFT
2021-08-24 22:00:00,2021-08-24 22:00:00,115.531525,TFT
2021-08-24 22:00:00,2021-08-24 22:15:00,114.17934,TFT
2021-08-24 22:00:00,2021-08-24 22:30:00,112.51207,TFT
2021-08-24 22:00:00,2021-08-24 22:45:00,110.68001,TFT
2021-08-24 23:00:00,2021-08-24 23:00:00,107.9068,TFT
2021-08-24 23:00:00,2021-08-24 23:15:00,107.55434,TFT
2021-08-24 23:00:00,2021-08-24 23:30:00,106.782295,TFT
2021-08-24 23:00:00,2021-08-24 23:45:00,105.81729,TFT
2021-08-25 00:00:00,2021-08-25 00:00:00,99.70052,TFT
2021-08-25 00:00:00,2021-08-25 00:15:00,101.43548,TFT
2021-08-25 00:00:00,2021-08-25 00:30:00,102.423645,TFT
2021-08-25 00:00:00,2021-08-25 00:45:00,102.92442,TFT
2021-08-25 01:00:00,2021-08-25 01:00:00,92.80895,TFT
2021-08-25 01:00:00,2021-08-25 01:15:00,96.87549,TFT
2021-08-25 01:00:00,2021-08-25 01:30:00,99.608025,TFT
2021-08-25 01:00:00,2021-08-25 01:45:00,101.22783,TFT
2021-08-25 02:00:00,2021-08-25 02:00:00,108.272194,TFT
2021-08-25 02:00:00,2021-08-25 02:15:00,108.711365,TFT
2021-08-25 02:00:00,2021-08-25 02:30:00,108.74832,TFT
2021-08-25 02:00:00,2021-08-25 02:45:00,108.17531,TFT
2021-08-25 03:00:00,2021-08-25 03:00:00,108.98627,TFT
2021-08-25 03:00:00,2021-08-25 03:15:00,109.013885,TFT
2021-08-25 03:00:00,2021-08-25 03:30:00,108.7731,TFT
2021-08-25 03:00:00,2021-08-25 03:45:00,107.94826,TFT
2021-08-25 04:00:00,2021-08-25 04:00:00,106.99235,TFT
2021-08-25 04:00:00,2021-08-25 04:15:00,106.91157,TFT
2021-08-25 04:00:00,2021-08-25 04:30:00,106.45182,TFT
2021-08-25 04:00:00,2021-08-25 04:45:00,105.352005,TFT
2021-08-25 05:00:00,2021-08-25 05:00:00,103.61555,TFT
2021-08-25 05:00:00,2021-08-25 05:15:00,103.30377,TFT
2021-08-25 05:00:00,2021-08-25 05:30:00,102.70405,TFT
2021-08-25 05:00:00,2021-08-25 05:45:00,101.72033,TFT
2021-08-25 06:00:00,2021-08-25 06:00:00,99.93729,TFT
2021-08-25 06:00:00,2021-08-25 06:15:00,101.16259,TFT
2021-08-25 06:00:00,2021-08-25 06:30:00,103.03309,TFT
2021-08-25 06:00:00,2021-08-25 06:45:00,105.847916,TFT
2021-08-25 07:00:00,2021-08-25 07:00:00,112.67873,TFT
2021-08-25 07:00:00,2021-08-25 07:15:00,121.42106,TFT
2021-08-25 07:00:00,2021-08-25 07:30:00,132.71756,TFT
2021-08-25 07:00:00,2021-08-25 07:45:00,146.7843,TFT
2021-08-25 08:00:00,2021-08-25 08:00:00,165.14734,TFT
2021-08-25 08:00:00,2021-08-25 08:15:00,179.25668,TFT
2021-08-25 08:00:00,2021-08-25 08:30:00,188.09303,TFT
2021-08-25 08:00:00,2021-08-25 08:45:00,191.73837,TFT
2021-08-25 09:00:00,2021-08-25 09:00:00,191.52927,TFT
2021-08-25 09:00:00,2021-08-25 09:15:00,191.04886,TFT
2021-08-25 09:00:00,2021-08-25 09:30:00,189.66656,TFT
2021-08-25 09:00:00,2021-08-25 09:45:00,188.1363,TFT
2021-08-25 10:00:00,2021-08-25 10:00:00,186.94318,TFT
2021-08-25 10:00:00,2021-08-25 10:15:00,185.60162,TFT
2021-08-25 10:00:00,2021-08-25 10:30:00,184.51947,TFT
2021-08-25 10:00:00,2021-08-25 10:45:00,183.5996,TFT
2021-08-25 11:00:00,2021-08-25 11:00:00,183.29967,TFT
2021-08-25 11:00:00,2021-08-25 11:15:00,182.18484,TFT
2021-08-25 11:00:00,2021-08-25 11:30:00,181.37074,TFT
2021-08-25 11:00:00,2021-08-25 11:45:00,180.68945,TFT
2021-08-25 12:00:00,2021-08-25 12:00:00,180.07474,TFT
2021-08-25 12:00:00,2021-08-25 12:15:00,179.28345,TFT
2021-08-25 12:00:00,2021-08-25 12:30:00,178.76318,TFT
2021-08-25 12:00:00,2021-08-25 12:45:00,178.35968,TFT
2021-08-25 13:00:00,2021-08-25 13:00:00,170.53168,TFT
2021-08-25 13:00:00,2021-08-25 13:15:00,172.63309,TFT
2021-08-25 13:00:00,2021-08-25 13:30:00,173.65027,TFT
2021-08-25 13:00:00,2021-08-25 13:45:00,174.19559,TFT
2021-08-25 14:00:00,2021-08-25 14:00:00,176.49648,TFT
2021-08-25 14:00:00,2021-08-25 14:15:00,176.37584,TFT
2021-08-25 14:00:00,2021-08-25 14:30:00,176.26758,TFT
2021-08-25 14:00:00,2021-08-25 14:45:00,176.16232,TFT
2021-08-25 15:00:00,2021-08-25 15:00:00,175.8641,TFT
2021-08-25 15:00:00,2021-08-25 15:15:00,175.71439,TFT
2021-08-25 15:00:00,2021-08-25 15:30:00,175.65262,TFT
2021-08-25 15:00:00,2021-08-25 15:45:00,175.60023,TFT
2021-08-25 16:00:00,2021-08-25 16:00:00,175.27715,TFT
2021-08-25 16:00:00,2021-08-25 16:15:00,175.18987,TFT
2021-08-25 16:00:00,2021-08-25 16:30:00,175.06741,TFT
2021-08-25 16:00:00,2021-08-25 16:45:00,174.80762,TFT
2021-08-25 17:00:00,2021-08-25 17:00:00,172.91159,TFT
2021-08-25 17:00:00,2021-08-25 17:15:00,172.64389,TFT
2021-08-25 17:00:00,2021-08-25 17:30:00,171.68799,TFT
2021-08-25 17:00:00,2021-08-25 17:45:00,170.01028,TFT
2021-08-25 18:00:00,2021-08-25 18:00:00,168.9358,TFT
2021-08-25 18:00:00,2021-08-25 18:15:00,166.11476,TFT
2021-08-25 18:00:00,2021-08-25 18:30:00,162.60011,TFT
2021-08-25 18:00:00,2021-08-25 18:45:00,158.5106,TFT
2021-08-25 19:00:00,2021-08-25 19:00:00,155.20407,TFT
2021-08-25 19:00:00,2021-08-25 19:15:00,150.72302,TFT
2021-08-25 19:00:00,2021-08-25 19:30:00,146.05167,TFT
2021-08-25 19:00:00,2021-08-25 19:45:00,141.28293,TFT
2021-08-25 20:00:00,2021-08-25 20:00:00,131.61969,TFT
2021-08-25 20:00:00,2021-08-25 20:15:00,129.41261,TFT
2021-08-25 20:00:00,2021-08-25 20:30:00,126.75348,TFT
2021-08-25 20:00:00,2021-08-25 20:45:00,123.92055,TFT
2021-08-25 21:00:00,2021-08-25 21:00:00,120.11196,TFT
2021-08-25 21:00:00,2021-08-25 21:15:00,119.00581,TFT
2021-08-25 21:00:00,2021-08-25 21:30:00,117.41254,TFT
2021-08-25 21:00:00,2021-08-25 21:45:00,115.57534,TFT
2021-08-25 22:00:00,2021-08-25 22:00:00,111.50423,TFT
2021-08-25 22:00:00,2021-08-25 22:15:00,111.331604,TFT
2021-08-25 22:00:00,2021-08-25 22:30:00,110.59053,TFT
2021-08-25 22:00:00,2021-08-25 22:45:00,109.49513,TFT
2021-08-25 23:00:00,2021-08-25 23:00:00,105.005356,TFT
2021-08-25 23:00:00,2021-08-25 23:15:00,105.75757,TFT
2021-08-25 23:00:00,2021-08-25 23:30:00,105.863014,TFT
2021-08-25 23:00:00,2021-08-25 23:45:00,105.55541,TFT
2021-08-26 00:00:00,2021-08-26 00:00:00,93.07099,TFT
2021-08-26 00:00:00,2021-08-26 00:15:00,96.487045,TFT
2021-08-26 00:00:00,2021-08-26 00:30:00,98.89626,TFT
2021-08-26 00:00:00,2021-08-26 00:45:00,100.44413,TFT
2021-08-26 01:00:00,2021-08-26 01:00:00,93.01091,TFT
2021-08-26 01:00:00,2021-08-26 01:15:00,97.3702,TFT
2021-08-26 01:00:00,2021-08-26 01:30:00,100.32818,TFT
2021-08-26 01:00:00,2021-08-26 01:45:00,102.02094,TFT
2021-08-26 02:00:00,2021-08-26 02:00:00,109.11502,TFT
2021-08-26 02:00:00,2021-08-26 02:15:00,109.424805,TFT
2021-08-26 02:00:00,2021-08-26 02:30:00,109.57164,TFT
2021-08-26 02:00:00,2021-08-26 02:45:00,109.20341,TFT
2021-08-26 03:00:00,2021-08-26 03:00:00,110.60603,TFT
2021-08-26 03:00:00,2021-08-26 03:15:00,110.195076,TFT
2021-08-26 03:00:00,2021-08-26 03:30:00,109.84409,TFT
2021-08-26 03:00:00,2021-08-26 03:45:00,109.18393,TFT
2021-08-26 04:00:00,2021-08-26 04:00:00,108.27922,TFT
2021-08-26 04:00:00,2021-08-26 04:15:00,107.95904,TFT
2021-08-26 04:00:00,2021-08-26 04:30:00,107.45819,TFT
2021-08-26 04:00:00,2021-08-26 04:45:00,106.57455,TFT
2021-08-26 05:00:00,2021-08-26 05:00:00,105.36611,TFT
2021-08-26 05:00:00,2021-08-26 05:15:00,104.67332,TFT
2021-08-26 05:00:00,2021-08-26 05:30:00,103.94166,TFT
2021-08-26 05:00:00,2021-08-26 05:45:00,103.1301,TFT
2021-08-26 06:00:00,2021-08-26 06:00:00,102.564606,TFT
2021-08-26 06:00:00,2021-08-26 06:15:00,103.187515,TFT
2021-08-26 06:00:00,2021-08-26 06:30:00,104.77672,TFT
2021-08-26 06:00:00,2021-08-26 06:45:00,107.54687,TFT
2021-08-26 07:00:00,2021-08-26 07:00:00,115.720665,TFT
2021-08-26 07:00:00,2021-08-26 07:15:00,124.19712,TFT
2021-08-26 07:00:00,2021-08-26 07:30:00,136.34088,TFT
2021-08-26 07:00:00,2021-08-26 07:45:00,152.43106,TFT
2021-08-26 08:00:00,2021-08-26 08:00:00,172.47949,TFT
2021-08-26 08:00:00,2021-08-26 08:15:00,185.49664,TFT
2021-08-26 08:00:00,2021-08-26 08:30:00,191.45605,TFT
2021-08-26 08:00:00,2021-08-26 08:45:00,192.07115,TFT
2021-08-26 09:00:00,2021-08-26 09:00:00,190.50055,TFT
2021-08-26 09:00:00,2021-08-26 09:15:00,189.39912,TFT
2021-08-26 09:00:00,2021-08-26 09:30:00,188.21368,TFT
2021-08-26 09:00:00,2021-08-26 09:45:00,187.02869,TFT
2021-08-26 10:00:00,2021-08-26 10:00:00,187.05916,TFT
2021-08-26 10:00:00,2021-08-26 10:15:00,186.2259,TFT
2021-08-26 10:00:00,2021-08-26 10:30:00,185.50266,TFT
2021-08-26 10:00:00,2021-08-26 10:45:00,184.71744,TFT
2021-08-26 11:00:00,2021-08-26 11:00:00,185.14511,TFT
2021-08-26 11:00:00,2021-08-26 11:15:00,184.33238,TFT
2021-08-26 11:00:00,2021-08-26 11:30:00,183.58203,TFT
2021-08-26 11:00:00,2021-08-26 11:45:00,182.75127,TFT
2021-08-26 12:00:00,2021-08-26 12:00:00,182.90485,TFT
2021-08-26 12:00:00,2021-08-26 12:15:00,182.16364,TFT
2021-08-26 12:00:00,2021-08-26 12:30:00,181.49448,TFT
2021-08-26 12:00:00,2021-08-26 12:45:00,180.77206,TFT
2021-08-26 13:00:00,2021-08-26 13:00:00,175.41388,TFT
2021-08-26 13:00:00,2021-08-26 13:15:00,177.25896,TFT
2021-08-26 13:00:00,2021-08-26 13:30:00,177.54507,TFT
2021-08-26 13:00:00,2021-08-26 13:45:00,177.21902,TFT
2021-08-26 14:00:00,2021-08-26 14:00:00,180.41692,TFT
2021-08-26 14:00:00,2021-08-26 14:15:00,179.65997,TFT
2021-08-26 14:00:00,2021-08-26 14:30:00,178.98218,TFT
2021-08-26 14:00:00,2021-08-26 14:45:00,178.2878,TFT
2021-08-26 15:00:00,2021-08-26 15:00:00,178.71777,TFT
2021-08-26 15:00:00,2021-08-26 15:15:00,178.22256,TFT
2021-08-26 15:00:00,2021-08-26 15:30:00,177.74226,TFT
2021-08-26 15:00:00,2021-08-26 15:45:00,177.19843,TFT
2021-08-26 16:00:00,2021-08-26 16:00:00,177.96545,TFT
2021-08-26 16:00:00,2021-08-26 16:15:00,177.39864,TFT
2021-08-26 16:00:00,2021-08-26 16:30:00,176.85034,TFT
2021-08-26 16:00:00,2021-08-26 16:45:00,176.16852,TFT
2021-08-26 17:00:00,2021-08-26 17:00:00,175.1394,TFT
2021-08-26 17:00:00,2021-08-26 17:15:00,174.67422,TFT
2021-08-26 17:00:00,2021-08-26 17:30:00,173.60085,TFT
2021-08-26 17:00:00,2021-08-26 17:45:00,171.8255,TFT
2021-08-26 18:00:00,2021-08-26 18:00:00,170.4646,TFT
2021-08-26 18:00:00,2021-08-26 18:15:00,167.69055,TFT
2021-08-26 18:00:00,2021-08-26 18:30:00,163.9714,TFT
2021-08-26 18:00:00,2021-08-26 18:45:00,159.44518,TFT
2021-08-26 19:00:00,2021-08-26 19:00:00,156.86948,TFT
2021-08-26 19:00:00,2021-08-26 19:15:00,151.43674,TFT
2021-08-26 19:00:00,2021-08-26 19:30:00,146.12805,TFT
2021-08-26 19:00:00,2021-08-26 19:45:00,140.9352,TFT
2021-08-26 20:00:00,2021-08-26 20:00:00,134.8361,TFT
2021-08-26 20:00:00,2021-08-26 20:15:00,131.3949,TFT
2021-08-26 20:00:00,2021-08-26 20:30:00,128.1916,TFT
2021-08-26 20:00:00,2021-08-26 20:45:00,125.08745,TFT
2021-08-26 21:00:00,2021-08-26 21:00:00,119.86643,TFT
2021-08-26 21:00:00,2021-08-26 21:15:00,118.9673,TFT
2021-08-26 21:00:00,2021-08-26 21:30:00,117.663345,TFT
2021-08-26 21:00:00,2021-08-26 21:45:00,115.99231,TFT
2021-08-26 22:00:00,2021-08-26 22:00:00,112.37873,TFT
2021-08-26 22:00:00,2021-08-26 22:15:00,112.24024,TFT
2021-08-26 22:00:00,2021-08-26 22:30:00,111.74544,TFT
2021-08-26 22:00:00,2021-08-26 22:45:00,110.77201,TFT
2021-08-26 23:00:00,2021-08-26 23:00:00,104.82437,TFT
2021-08-26 23:00:00,2021-08-26 23:15:00,106.22837,TFT
2021-08-26 23:00:00,2021-08-26 23:30:00,106.895584,TFT
2021-08-26 23:00:00,2021-08-26 23:45:00,106.83818,TFT
2021-08-27 00:00:00,2021-08-27 00:00:00,95.0914,TFT
2021-08-27 00:00:00,2021-08-27 00:15:00,98.24674,TFT
2021-08-27 00:00:00,2021-08-27 00:30:00,100.48541,TFT
2021-08-27 00:00:00,2021-08-27 00:45:00,101.73089,TFT
2021-08-27 01:00:00,2021-08-27 01:00:00,89.912384,TFT
2021-08-27 01:00:00,2021-08-27 01:15:00,94.81424,TFT
2021-08-27 01:00:00,2021-08-27 01:30:00,98.4048,TFT
2021-08-27 01:00:00,2021-08-27 01:45:00,100.48752,TFT
2021-08-27 02:00:00,2021-08-27 02:00:00,105.5947,TFT
2021-08-27 02:00:00,2021-08-27 02:15:00,106.38153,TFT
2021-08-27 02:00:00,2021-08-27 02:30:00,106.93482,TFT
2021-08-27 02:00:00,2021-08-27 02:45:00,106.973724,TFT
2021-08-27 03:00:00,2021-08-27 03:00:00,107.0426,TFT
2021-08-27 03:00:00,2021-08-27 03:15:00,107.25591,TFT
2021-08-27 03:00:00,2021-08-27 03:30:00,107.30151,TFT
2021-08-27 03:00:00,2021-08-27 03:45:00,107.01395,TFT
2021-08-27 04:00:00,2021-08-27 04:00:00,106.09242,TFT
2021-08-27 04:00:00,2021-08-27 04:15:00,106.098694,TFT
2021-08-27 04:00:00,2021-08-27 04:30:00,105.8318,TFT
2021-08-27 04:00:00,2021-08-27 04:45:00,105.25444,TFT
2021-08-27 05:00:00,2021-08-27 05:00:00,102.93318,TFT
2021-08-27 05:00:00,2021-08-27 05:15:00,103.15293,TFT
2021-08-27 05:00:00,2021-08-27 05:30:00,103.02156,TFT
2021-08-27 05:00:00,2021-08-27 05:45:00,102.79244,TFT
2021-08-27 06:00:00,2021-08-27 06:00:00,100.71144,TFT
2021-08-27 06:00:00,2021-08-27 06:15:00,102.65551,TFT
2021-08-27 06:00:00,2021-08-27 06:30:00,105.18439,TFT
2021-08-27 06:00:00,2021-08-27 06:45:00,109.00664,TFT
2021-08-27 07:00:00,2021-08-27 07:00:00,115.33158,TFT
2021-08-27 07:00:00,2021-08-27 07:15:00,128.23535,TFT
2021-08-27 07:00:00,2021-08-27 07:30:00,147.36702,TFT
2021-08-27 07:00:00,2021-08-27 07:45:00,169.96054,TFT
2021-08-27 08:00:00,2021-08-27 08:00:00,184.33594,TFT
2021-08-27 08:00:00,2021-08-27 08:15:00,187.39946,TFT
2021-08-27 08:00:00,2021-08-27 08:30:00,186.81898,TFT
2021-08-27 08:00:00,2021-08-27 08:45:00,185.61424,TFT
2021-08-27 09:00:00,2021-08-27 09:00:00,186.25674,TFT
2021-08-27 09:00:00,2021-08-27 09:15:00,185.20045,TFT
2021-08-27 09:00:00,2021-08-27 09:30:00,184.35974,TFT
2021-08-27 09:00:00,2021-08-27 09:45:00,183.35182,TFT
2021-08-27 10:00:00,2021-08-27 10:00:00,184.65805,TFT
2021-08-27 10:00:00,2021-08-27 10:15:00,183.39114,TFT
2021-08-27 10:00:00,2021-08-27 10:30:00,182.26202,TFT
2021-08-27 10:00:00,2021-08-27 10:45:00,180.92339,TFT
2021-08-27 11:00:00,2021-08-27 11:00:00,181.95166,TFT
2021-08-27 11:00:00,2021-08-27 11:15:00,180.46024,TFT
2021-08-27 11:00:00,2021-08-27 11:30:00,179.08386,TFT
2021-08-27 11:00:00,2021-08-27 11:45:00,177.57089,TFT
2021-08-27 12:00:00,2021-08-27 12:00:00,177.81845,TFT
2021-08-27 12:00:00,2021-08-27 12:15:00,176.80095,TFT
2021-08-27 12:00:00,2021-08-27 12:30:00,175.87411,TFT
2021-08-27 12:00:00,2021-08-27 12:45:00,174.83899,TFT
2021-08-27 13:00:00,2021-08-27 13:00:00,165.29178,TFT
2021-08-27 13:00:00,2021-08-27 13:15:00,168.74586,TFT
2021-08-27 13:00:00,2021-08-27 13:30:00,169.87921,TFT
2021-08-27 13:00:00,2021-08-27 13:45:00,169.71666,TFT
2021-08-27 14:00:00,2021-08-27 14:00:00,173.50476,TFT
2021-08-27 14:00:00,2021-08-27 14:15:00,173.52377,TFT
2021-08-27 14:00:00,2021-08-27 14:30:00,173.12631,TFT
2021-08-27 14:00:00,2021-08-27 14:45:00,172.37885,TFT
2021-08-27 15:00:00,2021-08-27 15:00:00,171.84521,TFT
2021-08-27 15:00:00,2021-08-27 15:15:00,172.23041,TFT
2021-08-27 15:00:00,2021-08-27 15:30:00,172.01996,TFT
2021-08-27 15:00:00,2021-08-27 15:45:00,171.38794,TFT
2021-08-27 16:00:00,2021-08-27 16:00:00,171.23132,TFT
2021-08-27 16:00:00,2021-08-27 16:15:00,171.26762,TFT
2021-08-27 16:00:00,2021-08-27 16:30:00,170.77989,TFT
2021-08-27 16:00:00,2021-08-27 16:45:00,169.83632,TFT
2021-08-27 17:00:00,2021-08-27 17:00:00,169.39075,TFT
2021-08-27 17:00:00,2021-08-27 17:15:00,168.7049,TFT
2021-08-27 17:00:00,2021-08-27 17:30:00,167.32478,TFT
2021-08-27 17:00:00,2021-08-27 17:45:00,165.18294,TFT
2021-08-27 18:00:00,2021-08-27 18:00:00,164.12952,TFT
2021-08-27 18:00:00,2021-08-27 18:15:00,161.23453,TFT
2021-08-27 18:00:00,2021-08-27 18:30:00,157.37369,TFT
2021-08-27 18:00:00,2021-08-27 18:45:00,152.52737,TFT
2021-08-27 19:00:00,2021-08-27 19:00:00,147.02554,TFT
2021-08-27 19:00:00,2021-08-27 19:15:00,142.59108,TFT
2021-08-27 19:00:00,2021-08-27 19:30:00,137.50003,TFT
2021-08-27 19:00:00,2021-08-27 19:45:00,132.30437,TFT
2021-08-27 20:00:00,2021-08-27 20:00:00,119.887146,TFT
2021-08-27 20:00:00,2021-08-27 20:15:00,119.47572,TFT
2021-08-27 20:00:00,2021-08-27 20:30:00,117.78987,TFT
2021-08-27 20:00:00,2021-08-27 20:45:00,115.646515,TFT
2021-08-27 21:00:00,2021-08-27 21:00:00,107.270584,TFT
2021-08-27 21:00:00,2021-08-27 21:15:00,108.591446,TFT
2021-08-27 21:00:00,2021-08-27 21:30:00,108.53307,TFT
2021-08-27 21:00:00,2021-08-27 21:45:00,107.645325,TFT
2021-08-27 22:00:00,2021-08-27 22:00:00,95.757,TFT
2021-08-27 22:00:00,2021-08-27 22:15:00,98.96823,TFT
2021-08-27 22:00:00,2021-08-27 22:30:00,100.62654,TFT
2021-08-27 22:00:00,2021-08-27 22:45:00,101.04619,TFT
2021-08-27 23:00:00,2021-08-27 23:00:00,95.8132,TFT
2021-08-27 23:00:00,2021-08-27 23:15:00,98.03669,TFT
2021-08-27 23:00:00,2021-08-27 23:30:00,99.23292,TFT
2021-08-27 23:00:00,2021-08-27 23:45:00,99.57914,TFT
2021-08-28 00:00:00,2021-08-28 00:00:00,69.90324,TFT
2021-08-28 00:00:00,2021-08-28 00:15:00,73.301056,TFT
2021-08-28 00:00:00,2021-08-28 00:30:00,75.935234,TFT
2021-08-28 00:00:00,2021-08-28 00:45:00,77.73068,TFT
2021-08-28 01:00:00,2021-08-28 01:00:00,86.34174,TFT
2021-08-28 01:00:00,2021-08-28 01:15:00,88.4699,TFT
2021-08-28 01:00:00,2021-08-28 01:30:00,90.2612,TFT
2021-08-28 01:00:00,2021-08-28 01:45:00,91.18968,TFT
2021-08-28 02:00:00,2021-08-28 02:00:00,96.627266,TFT
2021-08-28 02:00:00,2021-08-28 02:15:00,97.038025,TFT
2021-08-28 02:00:00,2021-08-28 02:30:00,97.65893,TFT
2021-08-28 02:00:00,2021-08-28 02:45:00,97.82916,TFT
2021-08-28 03:00:00,2021-08-28 03:00:00,100.52556,TFT
2021-08-28 03:00:00,2021-08-28 03:15:00,100.23336,TFT
2021-08-28 03:00:00,2021-08-28 03:30:00,100.19754,TFT
2021-08-28 03:00:00,2021-08-28 03:45:00,99.86387,TFT
2021-08-28 04:00:00,2021-08-28 04:00:00,101.611305,TFT
2021-08-28 04:00:00,2021-08-28 04:15:00,100.847694,TFT
2021-08-28 04:00:00,2021-08-28 04:30:00,100.266884,TFT
2021-08-28 04:00:00,2021-08-28 04:45:00,99.33597,TFT
2021-08-28 05:00:00,2021-08-28 05:00:00,100.51834,TFT
2021-08-28 05:00:00,2021-08-28 05:15:00,99.23758,TFT
2021-08-28 05:00:00,2021-08-28 05:30:00,97.99412,TFT
2021-08-28 05:00:00,2021-08-28 05:45:00,96.15993,TFT
2021-08-28 06:00:00,2021-08-28 06:00:00,96.083496,TFT
2021-08-28 06:00:00,2021-08-28 06:15:00,94.25677,TFT
2021-08-28 06:00:00,2021-08-28 06:30:00,91.90674,TFT
2021-08-28 06:00:00,2021-08-28 06:45:00,88.0766,TFT
2021-08-28 07:00:00,2021-08-28 07:00:00,68.4703,TFT
2021-08-28 07:00:00,2021-08-28 07:15:00,65.88186,TFT
2021-08-28 07:00:00,2021-08-28 07:30:00,60.303528,TFT
2021-08-28 07:00:00,2021-08-28 07:45:00,53.76468,TFT
2021-08-28 08:00:00,2021-08-28 08:00:00,25.891182,TFT
2021-08-28 08:00:00,2021-08-28 08:15:00,24.362625,TFT
2021-08-28 08:00:00,2021-08-28 08:30:00,23.745174,TFT
2021-08-28 08:00:00,2021-08-28 08:45:00,23.624062,TFT
2021-08-28 09:00:00,2021-08-28 09:00:00,23.39531,TFT
2021-08-28 09:00:00,2021-08-28 09:15:00,23.049587,TFT
2021-08-28 09:00:00,2021-08-28 09:30:00,23.083527,TFT
2021-08-28 09:00:00,2021-08-28 09:45:00,23.35661,TFT
2021-08-28 10:00:00,2021-08-28 10:00:00,24.198421,TFT
2021-08-28 10:00:00,2021-08-28 10:15:00,23.88578,TFT
2021-08-28 10:00:00,2021-08-28 10:30:00,23.860943,TFT
2021-08-28 10:00:00,2021-08-28 10:45:00,24.007183,TFT
2021-08-28 11:00:00,2021-08-28 11:00:00,24.679638,TFT
2021-08-28 11:00:00,2021-08-28 11:15:00,24.184345,TFT
2021-08-28 11:00:00,2021-08-28 11:30:00,23.907997,TFT
2021-08-28 11:00:00,2021-08-28 11:45:00,23.780144,TFT
2021-08-28 12:00:00,2021-08-28 12:00:00,24.08229,TFT
2021-08-28 12:00:00,2021-08-28 12:15:00,23.54808,TFT
2021-08-28 12:00:00,2021-08-28 12:30:00,23.231304,TFT
2021-08-28 12:00:00,2021-08-28 12:45:00,23.14928,TFT
2021-08-28 13:00:00,2021-08-28 13:00:00,23.515053,TFT
2021-08-28 13:00:00,2021-08-28 13:15:00,23.25779,TFT
2021-08-28 13:00:00,2021-08-28 13:30:00,23.132225,TFT
2021-08-28 13:00:00,2021-08-28 13:45:00,23.22358,TFT
2021-08-28 14:00:00,2021-08-28 14:00:00,23.466328,TFT
2021-08-28 14:00:00,2021-08-28 14:15:00,23.33548,TFT
2021-08-28 14:00:00,2021-08-28 14:30:00,23.267525,TFT
2021-08-28 14:00:00,2021-08-28 14:45:00,23.398277,TFT
2021-08-28 15:00:00,2021-08-28 15:00:00,23.328072,TFT
2021-08-28 15:00:00,2021-08-28 15:15:00,23.195824,TFT
2021-08-28 15:00:00,2021-08-28 15:30:00,23.100002,TFT
2021-08-28 15:00:00,2021-08-28 15:45:00,23.201416,TFT
2021-08-28 16:00:00,2021-08-28 16:00:00,22.94207,TFT
2021-08-28 16:00:00,2021-08-28 16:15:00,22.75172,TFT
2021-08-28 16:00:00,2021-08-28 16:30:00,22.60405,TFT
2021-08-28 16:00:00,2021-08-28 16:45:00,22.663979,TFT
2021-08-28 17:00:00,2021-08-28 17:00:00,22.570114,TFT
2021-08-28 17:00:00,2021-08-28 17:15:00,22.26249,TFT
2021-08-28 17:00:00,2021-08-28 17:30:00,22.063084,TFT
2021-08-28 17:00:00,2021-08-28 17:45:00,22.110699,TFT
2021-08-28 18:00:00,2021-08-28 18:00:00,22.312614,TFT
2021-08-28 18:00:00,2021-08-28 18:15:00,21.936638,TFT
2021-08-28 18:00:00,2021-08-28 18:30:00,21.764076,TFT
2021-08-28 18:00:00,2021-08-28 18:45:00,21.88443,TFT
2021-08-28 19:00:00,2021-08-28 19:00:00,22.534344,TFT
2021-08-28 19:00:00,2021-08-28 19:15:00,22.135757,TFT
2021-08-28 19:00:00,2021-08-28 19:30:00,22.03846,TFT
2021-08-28 19:00:00,2021-08-28 19:45:00,22.259106,TFT
2021-08-28 20:00:00,2021-08-28 20:00:00,22.543037,TFT
2021-08-28 20:00:00,2021-08-28 20:15:00,22.290436,TFT
2021-08-28 20:00:00,2021-08-28 20:30:00,22.31921,TFT
2021-08-28 20:00:00,2021-08-28 20:45:00,22.61443,TFT
2021-08-28 21:00:00,2021-08-28 21:00:00,22.852192,TFT
2021-08-28 21:00:00,2021-08-28 21:15:00,22.582794,TFT
2021-08-28 21:00:00,2021-08-28 21:30:00,22.584507,TFT
2021-08-28 21:00:00,2021-08-28 21:45:00,22.810116,TFT
2021-08-28 22:00:00,2021-08-28 22:00:00,23.285751,TFT
2021-08-28 22:00:00,2021-08-28 22:15:00,22.812386,TFT
2021-08-28 22:00:00,2021-08-28 22:30:00,22.652538,TFT
2021-08-28 22:00:00,2021-08-28 22:45:00,22.716843,TFT
2021-08-28 23:00:00,2021-08-28 23:00:00,23.847641,TFT
2021-08-28 23:00:00,2021-08-28 23:15:00,23.056286,TFT
2021-08-28 23:00:00,2021-08-28 23:30:00,22.679245,TFT
2021-08-28 23:00:00,2021-08-28 23:45:00,22.570374,TFT
2021-08-29 00:00:00,2021-08-29 00:00:00,24.187252,TFT
2021-08-29 00:00:00,2021-08-29 00:15:00,23.600697,TFT
2021-08-29 00:00:00,2021-08-29 00:30:00,23.33804,TFT
2021-08-29 00:00:00,2021-08-29 00:45:00,23.254177,TFT
2021-08-29 01:00:00,2021-08-29 01:00:00,23.284378,TFT
2021-08-29 01:00:00,2021-08-29 01:15:00,22.925125,TFT
2021-08-29 01:00:00,2021-08-29 01:30:00,22.785145,TFT
2021-08-29 01:00:00,2021-08-29 01:45:00,22.79581,TFT
2021-08-29 02:00:00,2021-08-29 02:00:00,23.354313,TFT
2021-08-29 02:00:00,2021-08-29 02:15:00,22.920643,TFT
2021-08-29 02:00:00,2021-08-29 02:30:00,22.757465,TFT
2021-08-29 02:00:00,2021-08-29 02:45:00,22.764881,TFT
2021-08-29 03:00:00,2021-08-29 03:00:00,23.482628,TFT
2021-08-29 03:00:00,2021-08-29 03:15:00,22.96413,TFT
2021-08-29 03:00:00,2021-08-29 03:30:00,22.766003,TFT
2021-08-29 03:00:00,2021-08-29 03:45:00,22.75214,TFT
2021-08-29 04:00:00,2021-08-29 04:00:00,23.610489,TFT
2021-08-29 04:00:00,2021-08-29 04:15:00,22.983715,TFT
2021-08-29 04:00:00,2021-08-29 04:30:00,22.73064,TFT
2021-08-29 04:00:00,2021-08-29 04:45:00,22.674324,TFT
2021-08-29 05:00:00,2021-08-29 05:00:00,23.736607,TFT
2021-08-29 05:00:00,2021-08-29 05:15:00,22.964108,TFT
2021-08-29 05:00:00,2021-08-29 05:30:00,22.637337,TFT
2021-08-29 05:00:00,2021-08-29 05:45:00,22.533978,TFT
2021-08-29 06:00:00,2021-08-29 06:00:00,23.742218,TFT
2021-08-29 06:00:00,2021-08-29 06:15:00,22.889107,TFT
2021-08-29 06:00:00,2021-08-29 06:30:00,22.552921,TFT
2021-08-29 06:00:00,2021-08-29 06:45:00,22.467468,TFT
2021-08-29 07:00:00,2021-08-29 07:00:00,23.009254,TFT
2021-08-29 07:00:00,2021-08-29 07:15:00,22.404507,TFT
2021-08-29 07:00:00,2021-08-29 07:30:00,22.169193,TFT
2021-08-29 07:00:00,2021-08-29 07:45:00,22.132774,TFT
2021-08-29 08:00:00,2021-08-29 08:00:00,22.47071,TFT
2021-08-29 08:00:00,2021-08-29 08:15:00,21.994759,TFT
2021-08-29 08:00:00,2021-08-29 08:30:00,21.815186,TFT
2021-08-29 08:00:00,2021-08-29 08:45:00,21.832565,TFT
2021-08-29 09:00:00,2021-08-29 09:00:00,22.385864,TFT
2021-08-29 09:00:00,2021-08-29 09:15:00,21.991196,TFT
2021-08-29 09:00:00,2021-08-29 09:30:00,21.889633,TFT
2021-08-29 09:00:00,2021-08-29 09:45:00,21.988907,TFT
2021-08-29 10:00:00,2021-08-29 10:00:00,22.804207,TFT
2021-08-29 10:00:00,2021-08-29 10:15:00,22.492722,TFT
2021-08-29 10:00:00,2021-08-29 10:30:00,22.438766,TFT
2021-08-29 10:00:00,2021-08-29 10:45:00,22.54837,TFT
2021-08-29 11:00:00,2021-08-29 11:00:00,23.35078,TFT
2021-08-29 11:00:00,2021-08-29 11:15:00,22.98698,TFT
2021-08-29 11:00:00,2021-08-29 11:30:00,22.788513,TFT
2021-08-29 11:00:00,2021-08-29 11:45:00,22.699657,TFT
2021-08-29 12:00:00,2021-08-29 12:00:00,23.265846,TFT
2021-08-29 12:00:00,2021-08-29 12:15:00,22.810707,TFT
2021-08-29 12:00:00,2021-08-29 12:30:00,22.567337,TFT
2021-08-29 12:00:00,2021-08-29 12:45:00,22.536892,TFT
2021-08-29 13:00:00,2021-08-29 13:00:00,23.156185,TFT
2021-08-29 13:00:00,2021-08-29 13:15:00,22.927696,TFT
2021-08-29 13:00:00,2021-08-29 13:30:00,22.843418,TFT
2021-08-29 13:00:00,2021-08-29 13:45:00,22.935184,TFT
2021-08-29 14:00:00,2021-08-29 14:00:00,23.62915,TFT
2021-08-29 14:00:00,2021-08-29 14:15:00,23.451511,TFT
2021-08-29 14:00:00,2021-08-29 14:30:00,23.355404,TFT
2021-08-29 14:00:00,2021-08-29 14:45:00,23.407398,TFT
2021-08-29 15:00:00,2021-08-29 15:00:00,23.914467,TFT
2021-08-29 15:00:00,2021-08-29 15:15:00,23.663643,TFT
2021-08-29 15:00:00,2021-08-29 15:30:00,23.47585,TFT
2021-08-29 15:00:00,2021-08-29 15:45:00,23.431736,TFT
2021-08-29 16:00:00,2021-08-29 16:00:00,23.699265,TFT
2021-08-29 16:00:00,2021-08-29 16:15:00,23.38836,TFT
2021-08-29 16:00:00,2021-08-29 16:30:00,23.141945,TFT
2021-08-29 16:00:00,2021-08-29 16:45:00,23.047188,TFT
2021-08-29 17:00:00,2021-08-29 17:00:00,23.247864,TFT
2021-08-29 17:00:00,2021-08-29 17:15:00,22.94672,TFT
2021-08-29 17:00:00,2021-08-29 17:30:00,22.743896,TFT
2021-08-29 17:00:00,2021-08-29 17:45:00,22.713482,TFT
2021-08-29 18:00:00,2021-08-29 18:00:00,23.306927,TFT
2021-08-29 18:00:00,2021-08-29 18:15:00,22.99464,TFT
2021-08-29 18:00:00,2021-08-29 18:30:00,22.854473,TFT
2021-08-29 18:00:00,2021-08-29 18:45:00,22.883373,TFT
2021-08-29 19:00:00,2021-08-29 19:00:00,23.764812,TFT
2021-08-29 19:00:00,2021-08-29 19:15:00,23.391949,TFT
2021-08-29 19:00:00,2021-08-29 19:30:00,23.238003,TFT
2021-08-29 19:00:00,2021-08-29 19:45:00,23.248466,TFT
2021-08-29 20:00:00,2021-08-29 20:00:00,23.7677,TFT
2021-08-29 20:00:00,2021-08-29 20:15:00,23.446396,TFT
2021-08-29 20:00:00,2021-08-29 20:30:00,23.322407,TFT
2021-08-29 20:00:00,2021-08-29 20:45:00,23.344326,TFT
2021-08-29 21:00:00,2021-08-29 21:00:00,23.646065,TFT
2021-08-29 21:00:00,2021-08-29 21:15:00,23.370243,TFT
2021-08-29 21:00:00,2021-08-29 21:30:00,23.270294,TFT
2021-08-29 21:00:00,2021-08-29 21:45:00,23.304169,TFT
2021-08-29 22:00:00,2021-08-29 22:00:00,23.518196,TFT
2021-08-29 22:00:00,2021-08-29 22:15:00,23.264893,TFT
2021-08-29 22:00:00,2021-08-29 22:30:00,23.17846,TFT
2021-08-29 22:00:00,2021-08-29 22:45:00,23.224308,TFT
2021-08-29 23:00:00,2021-08-29 23:00:00,23.4231,TFT
2021-08-29 23:00:00,2021-08-29 23:15:00,23.181229,TFT
2021-08-29 23:00:00,2021-08-29 23:30:00,23.108746,TFT
2021-08-29 23:00:00,2021-08-29 23:45:00,23.17101,TFT
2021-08-30 00:00:00,2021-08-30 00:00:00,26.511131,TFT
2021-08-30 00:00:00,2021-08-30 00:15:00,25.194786,TFT
2021-08-30 00:00:00,2021-08-30 00:30:00,24.757164,TFT
2021-08-30 00:00:00,2021-08-30 00:45:00,24.899117,TFT
2021-08-30 01:00:00,2021-08-30 01:00:00,22.116882,TFT
2021-08-30 01:00:00,2021-08-30 01:15:00,21.494759,TFT
2021-08-30 01:00:00,2021-08-30 01:30:00,21.433624,TFT
2021-08-30 01:00:00,2021-08-30 01:45:00,21.78643,TFT
2021-08-30 02:00:00,2021-08-30 02:00:00,22.561432,TFT
2021-08-30 02:00:00,2021-08-30 02:15:00,21.763466,TFT
2021-08-30 02:00:00,2021-08-30 02:30:00,21.615082,TFT
2021-08-30 02:00:00,2021-08-30 02:45:00,21.907753,TFT
2021-08-30 03:00:00,2021-08-30 03:00:00,22.700356,TFT
2021-08-30 03:00:00,2021-08-30 03:15:00,21.822037,TFT
2021-08-30 03:00:00,2021-08-30 03:30:00,21.632866,TFT
2021-08-30 03:00:00,2021-08-30 03:45:00,21.889435,TFT
2021-08-30 04:00:00,2021-08-30 04:00:00,22.079292,TFT
2021-08-30 04:00:00,2021-08-30 04:15:00,21.24321,TFT
2021-08-30 04:00:00,2021-08-30 04:30:00,21.092133,TFT
2021-08-30 04:00:00,2021-08-30 04:45:00,21.382034,TFT
2021-08-30 05:00:00,2021-08-30 05:00:00,21.58493,TFT
2021-08-30 05:00:00,2021-08-30 05:15:00,20.9413,TFT
2021-08-30 05:00:00,2021-08-30 05:30:00,21.051231,TFT
2021-08-30 05:00:00,2021-08-30 05:45:00,21.712639,TFT
2021-08-30 06:00:00,2021-08-30 06:00:00,22.481827,TFT
2021-08-30 06:00:00,2021-08-30 06:15:00,22.798622,TFT
2021-08-30 06:00:00,2021-08-30 06:30:00,24.386284,TFT
2021-08-30 06:00:00,2021-08-30 06:45:00,27.580421,TFT
2021-08-30 07:00:00,2021-08-30 07:00:00,32.165867,TFT
2021-08-30 07:00:00,2021-08-30 07:15:00,43.941418,TFT
2021-08-30 07:00:00,2021-08-30 07:30:00,74.02147,TFT
2021-08-30 07:00:00,2021-08-30 07:45:00,127.81478,TFT
2021-08-30 08:00:00,2021-08-30 08:00:00,144.37012,TFT
2021-08-30 08:00:00,2021-08-30 08:15:00,162.74246,TFT
2021-08-30 08:00:00,2021-08-30 08:30:00,170.88037,TFT
2021-08-30 08:00:00,2021-08-30 08:45:00,174.6824,TFT
2021-08-30 09:00:00,2021-08-30 09:00:00,189.84738,TFT
2021-08-30 09:00:00,2021-08-30 09:15:00,187.39285,TFT
2021-08-30 09:00:00,2021-08-30 09:30:00,185.3879,TFT
2021-08-30 09:00:00,2021-08-30 09:45:00,183.62894,TFT
2021-08-30 10:00:00,2021-08-30 10:00:00,186.53897,TFT
2021-08-30 10:00:00,2021-08-30 10:15:00,184.34464,TFT
2021-08-30 10:00:00,2021-08-30 10:30:00,182.5749,TFT
2021-08-30 10:00:00,2021-08-30 10:45:00,180.96004,TFT
2021-08-30 11:00:00,2021-08-30 11:00:00,179.8067,TFT
2021-08-30 11:00:00,2021-08-30 11:15:00,178.7821,TFT
2021-08-30 11:00:00,2021-08-30 11:30:00,177.59543,TFT
2021-08-30 11:00:00,2021-08-30 11:45:00,176.28218,TFT
2021-08-30 12:00:00,2021-08-30 12:00:00,177.17029,TFT
2021-08-30 12:00:00,2021-08-30 12:15:00,176.10687,TFT
2021-08-30 12:00:00,2021-08-30 12:30:00,174.93805,TFT
2021-08-30 12:00:00,2021-08-30 12:45:00,173.7522,TFT
2021-08-30 13:00:00,2021-08-30 13:00:00,142.49486,TFT
2021-08-30 13:00:00,2021-08-30 13:15:00,149.41675,TFT
2021-08-30 13:00:00,2021-08-30 13:30:00,153.94669,TFT
2021-08-30 13:00:00,2021-08-30 13:45:00,156.70761,TFT
2021-08-30 14:00:00,2021-08-30 14:00:00,168.348,TFT
2021-08-30 14:00:00,2021-08-30 14:15:00,169.1123,TFT
2021-08-30 14:00:00,2021-08-30 14:30:00,168.65158,TFT
2021-08-30 14:00:00,2021-08-30 14:45:00,167.78761,TFT
2021-08-30 15:00:00,2021-08-30 15:00:00,170.44101,TFT
2021-08-30 15:00:00,2021-08-30 15:15:00,170.17825,TFT
2021-08-30 15:00:00,2021-08-30 15:30:00,169.24313,TFT
2021-08-30 15:00:00,2021-08-30 15:45:00,167.98814,TFT
2021-08-30 16:00:00,2021-08-30 16:00:00,173.42528,TFT
2021-08-30 16:00:00,2021-08-30 16:15:00,171.14954,TFT
2021-08-30 16:00:00,2021-08-30 16:30:00,168.87222,TFT
2021-08-30 16:00:00,2021-08-30 16:45:00,166.45871,TFT
2021-08-30 17:00:00,2021-08-30 17:00:00,170.27579,TFT
2021-08-30 17:00:00,2021-08-30 17:15:00,166.86713,TFT
2021-08-30 17:00:00,2021-08-30 17:30:00,163.5409,TFT
2021-08-30 17:00:00,2021-08-30 17:45:00,159.91278,TFT
2021-08-30 18:00:00,2021-08-30 18:00:00,163.55923,TFT
2021-08-30 18:00:00,2021-08-30 18:15:00,158.00809,TFT
2021-08-30 18:00:00,2021-08-30 18:30:00,152.44702,TFT
2021-08-30 18:00:00,2021-08-30 18:45:00,146.52391,TFT
2021-08-30 19:00:00,2021-08-30 19:00:00,151.30634,TFT
2021-08-30 19:00:00,2021-08-30 19:15:00,143.84482,TFT
2021-08-30 19:00:00,2021-08-30 19:30:00,137.08678,TFT
2021-08-30 19:00:00,2021-08-30 19:45:00,130.70322,TFT
2021-08-30 20:00:00,2021-08-30 20:00:00,132.72542,TFT
2021-08-30 20:00:00,2021-08-30 20:15:00,126.32248,TFT
2021-08-30 20:00:00,2021-08-30 20:30:00,121.06058,TFT
2021-08-30 20:00:00,2021-08-30 20:45:00,116.53173,TFT
2021-08-30 21:00:00,2021-08-30 21:00:00,119.69656,TFT
2021-08-30 21:00:00,2021-08-30 21:15:00,115.09871,TFT
2021-08-30 21:00:00,2021-08-30 21:30:00,111.55688,TFT
2021-08-30 21:00:00,2021-08-30 21:45:00,108.575485,TFT
2021-08-30 22:00:00,2021-08-30 22:00:00,111.0366,TFT
2021-08-30 22:00:00,2021-08-30 22:15:00,107.91799,TFT
2021-08-30 22:00:00,2021-08-30 22:30:00,105.5644,TFT
2021-08-30 22:00:00,2021-08-30 22:45:00,103.551834,TFT
2021-08-30 23:00:00,2021-08-30 23:00:00,105.20474,TFT
2021-08-30 23:00:00,2021-08-30 23:15:00,103.14663,TFT
2021-08-30 23:00:00,2021-08-30 23:30:00,101.70887,TFT
2021-08-30 23:00:00,2021-08-30 23:45:00,100.541756,TFT
2021-08-31 00:00:00,2021-08-31 00:00:00,110.29869,TFT
2021-08-31 00:00:00,2021-08-31 00:15:00,108.38106,TFT
2021-08-31 00:00:00,2021-08-31 00:30:00,107.25525,TFT
2021-08-31 00:00:00,2021-08-31 00:45:00,106.40596,TFT
2021-08-31 01:00:00,2021-08-31 01:00:00,86.42484,TFT
2021-08-31 01:00:00,2021-08-31 01:15:00,90.86889,TFT
2021-08-31 01:00:00,2021-08-31 01:30:00,93.98858,TFT
2021-08-31 01:00:00,2021-08-31 01:45:00,95.47721,TFT
2021-08-31 02:00:00,2021-08-31 02:00:00,100.56628,TFT
2021-08-31 02:00:00,2021-08-31 02:15:00,101.03027,TFT
2021-08-31 02:00:00,2021-08-31 02:30:00,100.865746,TFT
2021-08-31 02:00:00,2021-08-31 02:45:00,99.964264,TFT
2021-08-31 03:00:00,2021-08-31 03:00:00,99.93512,TFT
2021-08-31 03:00:00,2021-08-31 03:15:00,100.144806,TFT
2021-08-31 03:00:00,2021-08-31 03:30:00,99.55499,TFT
2021-08-31 03:00:00,2021-08-31 03:45:00,98.31564,TFT
2021-08-31 04:00:00,2021-08-31 04:00:00,98.73698,TFT
2021-08-31 04:00:00,2021-08-31 04:15:00,98.57315,TFT
2021-08-31 04:00:00,2021-08-31 04:30:00,97.58713,TFT
2021-08-31 04:00:00,2021-08-31 04:45:00,96.098564,TFT
2021-08-31 05:00:00,2021-08-31 05:00:00,95.43841,TFT
2021-08-31 05:00:00,2021-08-31 05:15:00,95.55903,TFT
2021-08-31 05:00:00,2021-08-31 05:30:00,95.00302,TFT
2021-08-31 05:00:00,2021-08-31 05:45:00,94.50116,TFT
2021-08-31 06:00:00,2021-08-31 06:00:00,92.964035,TFT
2021-08-31 06:00:00,2021-08-31 06:15:00,96.18112,TFT
2021-08-31 06:00:00,2021-08-31 06:30:00,100.91293,TFT
2021-08-31 06:00:00,2021-08-31 06:45:00,108.30494,TFT
2021-08-31 07:00:00,2021-08-31 07:00:00,110.477844,TFT
2021-08-31 07:00:00,2021-08-31 07:15:00,125.76369,TFT
2021-08-31 07:00:00,2021-08-31 07:30:00,142.10973,TFT
2021-08-31 07:00:00,2021-08-31 07:45:00,156.86479,TFT
2021-08-31 08:00:00,2021-08-31 08:00:00,165.72516,TFT
2021-08-31 08:00:00,2021-08-31 08:15:00,173.36499,TFT
2021-08-31 08:00:00,2021-08-31 08:30:00,177.07864,TFT
2021-08-31 08:00:00,2021-08-31 08:45:00,178.58632,TFT
2021-08-31 09:00:00,2021-08-31 09:00:00,176.4414,TFT
2021-08-31 09:00:00,2021-08-31 09:15:00,177.33191,TFT
2021-08-31 09:00:00,2021-08-31 09:30:00,177.59288,TFT
2021-08-31 09:00:00,2021-08-31 09:45:00,177.55933,TFT
2021-08-31 10:00:00,2021-08-31 10:00:00,176.67433,TFT
2021-08-31 10:00:00,2021-08-31 10:15:00,176.38718,TFT
2021-08-31 10:00:00,2021-08-31 10:30:00,176.15065,TFT
2021-08-31 10:00:00,2021-08-31 10:45:00,175.92688,TFT
2021-08-31 11:00:00,2021-08-31 11:00:00,171.71185,TFT
2021-08-31 11:00:00,2021-08-31 11:15:00,172.36617,TFT
2021-08-31 11:00:00,2021-08-31 11:30:00,172.77104,TFT
2021-08-31 11:00:00,2021-08-31 11:45:00,172.99933,TFT
2021-08-31 12:00:00,2021-08-31 12:00:00,163.923,TFT
2021-08-31 12:00:00,2021-08-31 12:15:00,166.75562,TFT
2021-08-31 12:00:00,2021-08-31 12:30:00,168.62152,TFT
2021-08-31 12:00:00,2021-08-31 12:45:00,169.8471,TFT
2021-08-31 13:00:00,2021-08-31 13:00:00,158.67776,TFT
2021-08-31 13:00:00,2021-08-31 13:15:00,163.31952,TFT
2021-08-31 13:00:00,2021-08-31 13:30:00,166.37973,TFT
2021-08-31 13:00:00,2021-08-31 13:45:00,168.32983,TFT
2021-08-31 14:00:00,2021-08-31 14:00:00,164.92929,TFT
2021-08-31 14:00:00,2021-08-31 14:15:00,167.06541,TFT
2021-08-31 14:00:00,2021-08-31 14:30:00,168.55731,TFT
2021-08-31 14:00:00,2021-08-31 14:45:00,169.59134,TFT
2021-08-31 15:00:00,2021-08-31 15:00:00,166.95163,TFT
2021-08-31 15:00:00,2021-08-31 15:15:00,168.1009,TFT
2021-08-31 15:00:00,2021-08-31 15:30:00,169.01547,TFT
2021-08-31 15:00:00,2021-08-31 15:45:00,169.68582,TFT
2021-08-31 16:00:00,2021-08-31 16:00:00,165.09589,TFT
2021-08-31 16:00:00,2021-08-31 16:15:00,166.52208,TFT
2021-08-31 16:00:00,2021-08-31 16:30:00,167.42166,TFT
2021-08-31 16:00:00,2021-08-31 16:45:00,167.84564,TFT
2021-08-31 17:00:00,2021-08-31 17:00:00,162.49713,TFT
2021-08-31 17:00:00,2021-08-31 17:15:00,163.09314,TFT
2021-08-31 17:00:00,2021-08-31 17:30:00,163.03038,TFT
2021-08-31 17:00:00,2021-08-31 17:45:00,162.30313,TFT
2021-08-31 18:00:00,2021-08-31 18:00:00,154.09698,TFT
2021-08-31 18:00:00,2021-08-31 18:15:00,153.56271,TFT
2021-08-31 18:00:00,2021-08-31 18:30:00,152.23094,TFT
2021-08-31 18:00:00,2021-08-31 18:45:00,150.23697,TFT
2021-08-31 19:00:00,2021-08-31 19:00:00,152.38861,TFT
2021-08-31 19:00:00,2021-08-31 19:15:00,148.1784,TFT
2021-08-31 19:00:00,2021-08-31 19:30:00,144.17697,TFT
2021-08-31 19:00:00,2021-08-31 19:45:00,140.18788,TFT
2021-08-31 20:00:00,2021-08-31 20:00:00,141.01242,TFT
2021-08-31 20:00:00,2021-08-31 20:15:00,135.55804,TFT
2021-08-31 20:00:00,2021-08-31 20:30:00,130.77235,TFT
2021-08-31 20:00:00,2021-08-31 20:45:00,126.44444,TFT
2021-08-31 21:00:00,2021-08-31 21:00:00,125.92144,TFT
2021-08-31 21:00:00,2021-08-31 21:15:00,121.26137,TFT
2021-08-31 21:00:00,2021-08-31 21:30:00,117.33414,TFT
2021-08-31 21:00:00,2021-08-31 21:45:00,113.94698,TFT
2021-08-31 22:00:00,2021-08-31 22:00:00,112.91329,TFT
2021-08-31 22:00:00,2021-08-31 22:15:00,109.52042,TFT
2021-08-31 22:00:00,2021-08-31 22:30:00,106.762276,TFT
2021-08-31 22:00:00,2021-08-31 22:45:00,104.46129,TFT
2021-08-31 23:00:00,2021-08-31 23:00:00,102.14797,TFT
2021-08-31 23:00:00,2021-08-31 23:15:00,99.98733,TFT
2021-08-31 23:00:00,2021-08-31 23:30:00,98.41694,TFT
2021-08-31 23:00:00,2021-08-31 23:45:00,97.26195,TFT
2021-09-01 00:00:00,2021-09-01 00:00:00,94.84701,TFT
2021-09-01 00:00:00,2021-09-01 00:15:00,94.191986,TFT
2021-09-01 00:00:00,2021-09-01 00:30:00,94.036865,TFT
2021-09-01 00:00:00,2021-09-01 00:45:00,94.13639,TFT
2021-09-01 01:00:00,2021-09-01 01:00:00,82.74969,TFT
2021-09-01 01:00:00,2021-09-01 01:15:00,85.06976,TFT
2021-09-01 01:00:00,2021-09-01 01:30:00,87.303734,TFT
2021-09-01 01:00:00,2021-09-01 01:45:00,89.16437,TFT
2021-09-01 02:00:00,2021-09-01 02:00:00,100.83315,TFT
2021-09-01 02:00:00,2021-09-01 02:15:00,100.88298,TFT
2021-09-01 02:00:00,2021-09-01 02:30:00,100.459564,TFT
2021-09-01 02:00:00,2021-09-01 02:45:00,99.7958,TFT
2021-09-01 03:00:00,2021-09-01 03:00:00,102.16852,TFT
2021-09-01 03:00:00,2021-09-01 03:15:00,102.21969,TFT
2021-09-01 03:00:00,2021-09-01 03:30:00,101.500046,TFT
2021-09-01 03:00:00,2021-09-01 03:45:00,100.37515,TFT
2021-09-01 04:00:00,2021-09-01 04:00:00,100.882095,TFT
2021-09-01 04:00:00,2021-09-01 04:15:00,100.98699,TFT
2021-09-01 04:00:00,2021-09-01 04:30:00,100.102425,TFT
2021-09-01 04:00:00,2021-09-01 04:45:00,98.705376,TFT
2021-09-01 05:00:00,2021-09-01 05:00:00,99.697754,TFT
2021-09-01 05:00:00,2021-09-01 05:15:00,99.48497,TFT
2021-09-01 05:00:00,2021-09-01 05:30:00,98.539825,TFT
2021-09-01 05:00:00,2021-09-01 05:45:00,97.50269,TFT
2021-09-01 06:00:00,2021-09-01 06:00:00,97.22151,TFT
2021-09-01 06:00:00,2021-09-01 06:15:00,99.42755,TFT
2021-09-01 06:00:00,2021-09-01 06:30:00,102.263565,TFT
2021-09-01 06:00:00,2021-09-01 06:45:00,106.7749,TFT
2021-09-01 07:00:00,2021-09-01 07:00:00,114.75418,TFT
2021-09-01 07:00:00,2021-09-01 07:15:00,125.41472,TFT
2021-09-01 07:00:00,2021-09-01 07:30:00,137.23729,TFT
2021-09-01 07:00:00,2021-09-01 07:45:00,149.76123,TFT
2021-09-01 08:00:00,2021-09-01 08:00:00,159.64987,TFT
2021-09-01 08:00:00,2021-09-01 08:15:00,170.66043,TFT
2021-09-01 08:00:00,2021-09-01 08:30:00,177.6568,TFT
2021-09-01 08:00:00,2021-09-01 08:45:00,181.49683,TFT
2021-09-01 09:00:00,2021-09-01 09:00:00,183.58401,TFT
2021-09-01 09:00:00,2021-09-01 09:15:00,184.40184,TFT
2021-09-01 09:00:00,2021-09-01 09:30:00,184.3649,TFT
2021-09-01 09:00:00,2021-09-01 09:45:00,183.94025,TFT
2021-09-01 10:00:00,2021-09-01 10:00:00,181.69699,TFT
2021-09-01 10:00:00,2021-09-01 10:15:00,181.62268,TFT
2021-09-01 10:00:00,2021-09-01 10:30:00,181.34651,TFT
2021-09-01 10:00:00,2021-09-01 10:45:00,180.96307,TFT
2021-09-01 11:00:00,2021-09-01 11:00:00,179.63556,TFT
2021-09-01 11:00:00,2021-09-01 11:15:00,179.21582,TFT
2021-09-01 11:00:00,2021-09-01 11:30:00,178.8884,TFT
2021-09-01 11:00:00,2021-09-01 11:45:00,178.58151,TFT
2021-09-01 12:00:00,2021-09-01 12:00:00,170.27432,TFT
2021-09-01 12:00:00,2021-09-01 12:15:00,172.36497,TFT
2021-09-01 12:00:00,2021-09-01 12:30:00,173.6911,TFT
2021-09-01 12:00:00,2021-09-01 12:45:00,174.5174,TFT
2021-09-01 13:00:00,2021-09-01 13:00:00,163.51381,TFT
2021-09-01 13:00:00,2021-09-01 13:15:00,167.88828,TFT
2021-09-01 13:00:00,2021-09-01 13:30:00,170.65569,TFT
2021-09-01 13:00:00,2021-09-01 13:45:00,172.33679,TFT
2021-09-01 14:00:00,2021-09-01 14:00:00,172.99925,TFT
2021-09-01 14:00:00,2021-09-01 14:15:00,173.36095,TFT
2021-09-01 14:00:00,2021-09-01 14:30:00,173.75925,TFT
2021-09-01 14:00:00,2021-09-01 14:45:00,174.09393,TFT
2021-09-01 15:00:00,2021-09-01 15:00:00,171.132,TFT
2021-09-01 15:00:00,2021-09-01 15:15:00,171.72073,TFT
2021-09-01 15:00:00,2021-09-01 15:30:00,172.30917,TFT
2021-09-01 15:00:00,2021-09-01 15:45:00,172.74799,TFT
2021-09-01 16:00:00,2021-09-01 16:00:00,171.94324,TFT
2021-09-01 16:00:00,2021-09-01 16:15:00,171.73819,TFT
2021-09-01 16:00:00,2021-09-01 16:30:00,171.62918,TFT
2021-09-01 16:00:00,2021-09-01 16:45:00,171.35129,TFT
2021-09-01 17:00:00,2021-09-01 17:00:00,168.94185,TFT
2021-09-01 17:00:00,2021-09-01 17:15:00,167.69272,TFT
2021-09-01 17:00:00,2021-09-01 17:30:00,166.29138,TFT
2021-09-01 17:00:00,2021-09-01 17:45:00,164.45831,TFT
2021-09-01 18:00:00,2021-09-01 18:00:00,163.31494,TFT
2021-09-01 18:00:00,2021-09-01 18:15:00,159.72221,TFT
2021-09-01 18:00:00,2021-09-01 18:30:00,156.19354,TFT
2021-09-01 18:00:00,2021-09-01 18:45:00,152.58092,TFT
2021-09-01 19:00:00,2021-09-01 19:00:00,150.77742,TFT
2021-09-01 19:00:00,2021-09-01 19:15:00,145.71472,TFT
2021-09-01 19:00:00,2021-09-01 19:30:00,141.14717,TFT
2021-09-01 19:00:00,2021-09-01 19:45:00,136.87447,TFT
2021-09-01 20:00:00,2021-09-01 20:00:00,131.98578,TFT
2021-09-01 20:00:00,2021-09-01 20:15:00,127.30519,TFT
2021-09-01 20:00:00,2021-09-01 20:30:00,123.40019,TFT
2021-09-01 20:00:00,2021-09-01 20:45:00,120.04825,TFT
2021-09-01 21:00:00,2021-09-01 21:00:00,117.268265,TFT
2021-09-01 21:00:00,2021-09-01 21:15:00,113.544495,TFT
2021-09-01 21:00:00,2021-09-01 21:30:00,110.72928,TFT
2021-09-01 21:00:00,2021-09-01 21:45:00,108.50134,TFT
2021-09-01 22:00:00,2021-09-01 22:00:00,105.073044,TFT
2021-09-01 22:00:00,2021-09-01 22:15:00,102.58966,TFT
2021-09-01 22:00:00,2021-09-01 22:30:00,100.92408,TFT
2021-09-01 22:00:00,2021-09-01 22:45:00,99.73891,TFT
2021-09-01 23:00:00,2021-09-01 23:00:00,96.08064,TFT
2021-09-01 23:00:00,2021-09-01 23:15:00,94.59828,TFT
2021-09-01 23:00:00,2021-09-01 23:30:00,93.9215,TFT
2021-09-01 23:00:00,2021-09-01 23:45:00,93.69484,TFT
2021-09-02 00:00:00,2021-09-02 00:00:00,85.22001,TFT
2021-09-02 00:00:00,2021-09-02 00:15:00,85.08141,TFT
2021-09-02 00:00:00,2021-09-02 00:30:00,85.72758,TFT
2021-09-02 00:00:00,2021-09-02 00:45:00,86.74943,TFT
2021-09-02 01:00:00,2021-09-02 01:00:00,91.19866,TFT
2021-09-02 01:00:00,2021-09-02 01:15:00,93.08676,TFT
2021-09-02 01:00:00,2021-09-02 01:30:00,94.40248,TFT
2021-09-02 01:00:00,2021-09-02 01:45:00,95.22512,TFT
2021-09-02 02:00:00,2021-09-02 02:00:00,105.66325,TFT
2021-09-02 02:00:00,2021-09-02 02:15:00,105.91009,TFT
2021-09-02 02:00:00,2021-09-02 02:30:00,105.501045,TFT
2021-09-02 02:00:00,2021-09-02 02:45:00,104.52221,TFT
2021-09-02 03:00:00,2021-09-02 03:00:00,106.24726,TFT
2021-09-02 03:00:00,2021-09-02 03:15:00,106.37178,TFT
2021-09-02 03:00:00,2021-09-02 03:30:00,105.86422,TFT
2021-09-02 03:00:00,2021-09-02 03:45:00,104.661674,TFT
2021-09-02 04:00:00,2021-09-02 04:00:00,105.561295,TFT
2021-09-02 04:00:00,2021-09-02 04:15:00,105.2445,TFT
2021-09-02 04:00:00,2021-09-02 04:30:00,104.34645,TFT
2021-09-02 04:00:00,2021-09-02 04:45:00,102.735054,TFT
2021-09-02 05:00:00,2021-09-02 05:00:00,102.48503,TFT
2021-09-02 05:00:00,2021-09-02 05:15:00,102.15992,TFT
2021-09-02 05:00:00,2021-09-02 05:30:00,101.32069,TFT
2021-09-02 05:00:00,2021-09-02 05:45:00,100.01875,TFT
2021-09-02 06:00:00,2021-09-02 06:00:00,101.150925,TFT
2021-09-02 06:00:00,2021-09-02 06:15:00,102.785164,TFT
2021-09-02 06:00:00,2021-09-02 06:30:00,105.062355,TFT
2021-09-02 06:00:00,2021-09-02 06:45:00,108.45358,TFT
2021-09-02 07:00:00,2021-09-02 07:00:00,118.822334,TFT
2021-09-02 07:00:00,2021-09-02 07:15:00,128.1567,TFT
2021-09-02 07:00:00,2021-09-02 07:30:00,139.11499,TFT
2021-09-02 07:00:00,2021-09-02 07:45:00,151.1481,TFT
2021-09-02 08:00:00,2021-09-02 08:00:00,165.36969,TFT
2021-09-02 08:00:00,2021-09-02 08:15:00,175.07947,TFT
2021-09-02 08:00:00,2021-09-02 08:30:00,181.4213,TFT
2021-09-02 08:00:00,2021-09-02 08:45:00,184.6593,TFT
2021-09-02 09:00:00,2021-09-02 09:00:00,184.27226,TFT
2021-09-02 09:00:00,2021-09-02 09:15:00,185.21844,TFT
2021-09-02 09:00:00,2021-09-02 09:30:00,185.29276,TFT
2021-09-02 09:00:00,2021-09-02 09:45:00,184.88208,TFT
2021-09-02 10:00:00,2021-09-02 10:00:00,184.16092,TFT
2021-09-02 10:00:00,2021-09-02 10:15:00,183.53192,TFT
2021-09-02 10:00:00,2021-09-02 10:30:00,183.00507,TFT
2021-09-02 10:00:00,2021-09-02 10:45:00,182.47536,TFT
2021-09-02 11:00:00,2021-09-02 11:00:00,182.04414,TFT
2021-09-02 11:00:00,2021-09-02 11:15:00,181.32225,TFT
2021-09-02 11:00:00,2021-09-02 11:30:00,180.8119,TFT
2021-09-02 11:00:00,2021-09-02 11:45:00,180.3534,TFT
2021-09-02 12:00:00,2021-09-02 12:00:00,180.02542,TFT
2021-09-02 12:00:00,2021-09-02 12:15:00,179.31284,TFT
2021-09-02 12:00:00,2021-09-02 12:30:00,178.91492,TFT
2021-09-02 12:00:00,2021-09-02 12:45:00,178.61423,TFT
2021-09-02 13:00:00,2021-09-02 13:00:00,165.31027,TFT
2021-09-02 13:00:00,2021-09-02 13:15:00,169.81659,TFT
2021-09-02 13:00:00,2021-09-02 13:30:00,172.1451,TFT
2021-09-02 13:00:00,2021-09-02 13:45:00,173.27577,TFT
2021-09-02 14:00:00,2021-09-02 14:00:00,178.43222,TFT
2021-09-02 14:00:00,2021-09-02 14:15:00,177.55548,TFT
2021-09-02 14:00:00,2021-09-02 14:30:00,176.97627,TFT
2021-09-02 14:00:00,2021-09-02 14:45:00,176.52094,TFT
2021-09-02 15:00:00,2021-09-02 15:00:00,177.79706,TFT
2021-09-02 15:00:00,2021-09-02 15:15:00,176.82257,TFT
2021-09-02 15:00:00,2021-09-02 15:30:00,176.26419,TFT
2021-09-02 15:00:00,2021-09-02 15:45:00,175.82555,TFT
2021-09-02 16:00:00,2021-09-02 16:00:00,176.26566,TFT
2021-09-02 16:00:00,2021-09-02 16:15:00,175.32506,TFT
2021-09-02 16:00:00,2021-09-02 16:30:00,174.62604,TFT
2021-09-02 16:00:00,2021-09-02 16:45:00,173.84283,TFT
2021-09-02 17:00:00,2021-09-02 17:00:00,173.89664,TFT
2021-09-02 17:00:00,2021-09-02 17:15:00,172.0586,TFT
2021-09-02 17:00:00,2021-09-02 17:30:00,170.16974,TFT
2021-09-02 17:00:00,2021-09-02 17:45:00,167.87317,TFT
2021-09-02 18:00:00,2021-09-02 18:00:00,166.00735,TFT
2021-09-02 18:00:00,2021-09-02 18:15:00,162.42535,TFT
2021-09-02 18:00:00,2021-09-02 18:30:00,158.56735,TFT
2021-09-02 18:00:00,2021-09-02 18:45:00,154.3333,TFT
2021-09-02 19:00:00,2021-09-02 19:00:00,152.93265,TFT
2021-09-02 19:00:00,2021-09-02 19:15:00,147.97264,TFT
2021-09-02 19:00:00,2021-09-02 19:30:00,143.31418,TFT
2021-09-02 19:00:00,2021-09-02 19:45:00,138.67874,TFT
2021-09-02 20:00:00,2021-09-02 20:00:00,135.8523,TFT
2021-09-02 20:00:00,2021-09-02 20:15:00,131.79588,TFT
2021-09-02 20:00:00,2021-09-02 20:30:00,128.17722,TFT
2021-09-02 20:00:00,2021-09-02 20:45:00,124.61929,TFT
2021-09-02 21:00:00,2021-09-02 21:00:00,120.73766,TFT
2021-09-02 21:00:00,2021-09-02 21:15:00,118.55847,TFT
2021-09-02 21:00:00,2021-09-02 21:30:00,116.472015,TFT
2021-09-02 21:00:00,2021-09-02 21:45:00,114.164894,TFT
2021-09-02 22:00:00,2021-09-02 22:00:00,110.438614,TFT
2021-09-02 22:00:00,2021-09-02 22:15:00,109.637634,TFT
2021-09-02 22:00:00,2021-09-02 22:30:00,108.60771,TFT
2021-09-02 22:00:00,2021-09-02 22:45:00,107.13591,TFT
2021-09-02 23:00:00,2021-09-02 23:00:00,102.94319,TFT
2021-09-02 23:00:00,2021-09-02 23:15:00,103.15225,TFT
2021-09-02 23:00:00,2021-09-02 23:30:00,102.93587,TFT
2021-09-02 23:00:00,2021-09-02 23:45:00,102.20806,TFT
2021-09-03 00:00:00,2021-09-03 00:00:00,91.0397,TFT
2021-09-03 00:00:00,2021-09-03 00:15:00,93.007996,TFT
2021-09-03 00:00:00,2021-09-03 00:30:00,94.45174,TFT
2021-09-03 00:00:00,2021-09-03 00:45:00,95.13171,TFT
2021-09-03 01:00:00,2021-09-03 01:00:00,90.83011,TFT
2021-09-03 01:00:00,2021-09-03 01:15:00,94.42099,TFT
2021-09-03 01:00:00,2021-09-03 01:30:00,97.00921,TFT
2021-09-03 01:00:00,2021-09-03 01:45:00,98.30029,TFT
2021-09-03 02:00:00,2021-09-03 02:00:00,103.95016,TFT
2021-09-03 02:00:00,2021-09-03 02:15:00,104.82849,TFT
2021-09-03 02:00:00,2021-09-03 02:30:00,105.203964,TFT
2021-09-03 02:00:00,2021-09-03 02:45:00,104.97755,TFT
2021-09-03 03:00:00,2021-09-03 03:00:00,104.70501,TFT
2021-09-03 03:00:00,2021-09-03 03:15:00,105.153,TFT
2021-09-03 03:00:00,2021-09-03 03:30:00,105.13161,TFT
2021-09-03 03:00:00,2021-09-03 03:45:00,104.609375,TFT
2021-09-03 04:00:00,2021-09-03 04:00:00,104.167046,TFT
2021-09-03 04:00:00,2021-09-03 04:15:00,104.13361,TFT
2021-09-03 04:00:00,2021-09-03 04:30:00,103.69794,TFT
2021-09-03 04:00:00,2021-09-03 04:45:00,102.80826,TFT
2021-09-03 05:00:00,2021-09-03 05:00:00,101.16595,TFT
2021-09-03 05:00:00,2021-09-03 05:15:00,101.22432,TFT
2021-09-03 05:00:00,2021-09-03 05:30:00,100.97917,TFT
2021-09-03 05:00:00,2021-09-03 05:45:00,100.56738,TFT
2021-09-03 06:00:00,2021-09-03 06:00:00,100.648834,TFT
2021-09-03 06:00:00,2021-09-03 06:15:00,102.74722,TFT
2021-09-03 06:00:00,2021-09-03 06:30:00,105.91262,TFT
2021-09-03 06:00:00,2021-09-03 06:45:00,110.64691,TFT
2021-09-03 07:00:00,2021-09-03 07:00:00,118.52162,TFT
2021-09-03 07:00:00,2021-09-03 07:15:00,130.92969,TFT
2021-09-03 07:00:00,2021-09-03 07:30:00,145.84293,TFT
2021-09-03 07:00:00,2021-09-03 07:45:00,161.25795,TFT
2021-09-03 08:00:00,2021-09-03 08:00:00,173.97223,TFT
2021-09-03 08:00:00,2021-09-03 08:15:00,181.1499,TFT
2021-09-03 08:00:00,2021-09-03 08:30:00,183.94455,TFT
2021-09-03 08:00:00,2021-09-03 08:45:00,184.40738,TFT
2021-09-03 09:00:00,2021-09-03 09:00:00,184.83337,TFT
2021-09-03 09:00:00,2021-09-03 09:15:00,184.00851,TFT
2021-09-03 09:00:00,2021-09-03 09:30:00,183.21358,TFT
2021-09-03 09:00:00,2021-09-03 09:45:00,182.48232,TFT
2021-09-03 10:00:00,2021-09-03 10:00:00,183.78348,TFT
2021-09-03 10:00:00,2021-09-03 10:15:00,182.64575,TFT
2021-09-03 10:00:00,2021-09-03 10:30:00,181.6701,TFT
2021-09-03 10:00:00,2021-09-03 10:45:00,180.78508,TFT
2021-09-03 11:00:00,2021-09-03 11:00:00,182.01541,TFT
2021-09-03 11:00:00,2021-09-03 11:15:00,180.79823,TFT
2021-09-03 11:00:00,2021-09-03 11:30:00,179.66563,TFT
2021-09-03 11:00:00,2021-09-03 11:45:00,178.625,TFT
2021-09-03 12:00:00,2021-09-03 12:00:00,180.4039,TFT
2021-09-03 12:00:00,2021-09-03 12:15:00,178.96082,TFT
2021-09-03 12:00:00,2021-09-03 12:30:00,177.77835,TFT
2021-09-03 12:00:00,2021-09-03 12:45:00,176.7768,TFT
2021-09-03 13:00:00,2021-09-03 13:00:00,162.71342,TFT
2021-09-03 13:00:00,2021-09-03 13:15:00,167.4035,TFT
2021-09-03 13:00:00,2021-09-03 13:30:00,169.489,TFT
2021-09-03 13:00:00,2021-09-03 13:45:00,170.19695,TFT
2021-09-03 14:00:00,2021-09-03 14:00:00,177.33661,TFT
2021-09-03 14:00:00,2021-09-03 14:15:00,176.12683,TFT
2021-09-03 14:00:00,2021-09-03 14:30:00,175.11469,TFT
2021-09-03 14:00:00,2021-09-03 14:45:00,174.21315,TFT
2021-09-03 15:00:00,2021-09-03 15:00:00,176.15387,TFT
2021-09-03 15:00:00,2021-09-03 15:15:00,174.92317,TFT
2021-09-03 15:00:00,2021-09-03 15:30:00,173.9231,TFT
2021-09-03 15:00:00,2021-09-03 15:45:00,173.00491,TFT
2021-09-03 16:00:00,2021-09-03 16:00:00,172.61055,TFT
2021-09-03 16:00:00,2021-09-03 16:15:00,172.06908,TFT
2021-09-03 16:00:00,2021-09-03 16:30:00,171.18408,TFT
2021-09-03 16:00:00,2021-09-03 16:45:00,170.05371,TFT
2021-09-03 17:00:00,2021-09-03 17:00:00,171.48712,TFT
2021-09-03 17:00:00,2021-09-03 17:15:00,169.37616,TFT
2021-09-03 17:00:00,2021-09-03 17:30:00,166.9982,TFT
2021-09-03 17:00:00,2021-09-03 17:45:00,164.18994,TFT
2021-09-03 18:00:00,2021-09-03 18:00:00,163.5102,TFT
2021-09-03 18:00:00,2021-09-03 18:15:00,159.40424,TFT
2021-09-03 18:00:00,2021-09-03 18:30:00,154.93193,TFT
2021-09-03 18:00:00,2021-09-03 18:45:00,150.11328,TFT
2021-09-03 19:00:00,2021-09-03 19:00:00,146.2678,TFT
2021-09-03 19:00:00,2021-09-03 19:15:00,141.23177,TFT
2021-09-03 19:00:00,2021-09-03 19:30:00,136.4068,TFT
2021-09-03 19:00:00,2021-09-03 19:45:00,131.8312,TFT
2021-09-03 20:00:00,2021-09-03 20:00:00,124.975945,TFT
2021-09-03 20:00:00,2021-09-03 20:15:00,122.200516,TFT
2021-09-03 20:00:00,2021-09-03 20:30:00,119.62717,TFT
2021-09-03 20:00:00,2021-09-03 20:45:00,117.19099,TFT
2021-09-03 21:00:00,2021-09-03 21:00:00,109.96582,TFT
2021-09-03 21:00:00,2021-09-03 21:15:00,109.501396,TFT
2021-09-03 21:00:00,2021-09-03 21:30:00,108.926765,TFT
2021-09-03 21:00:00,2021-09-03 21:45:00,108.09601,TFT
2021-09-03 22:00:00,2021-09-03 22:00:00,100.12726,TFT
2021-09-03 22:00:00,2021-09-03 22:15:00,101.10826,TFT
2021-09-03 22:00:00,2021-09-03 22:30:00,101.78824,TFT
2021-09-03 22:00:00,2021-09-03 22:45:00,101.941986,TFT
2021-09-03 23:00:00,2021-09-03 23:00:00,96.2267,TFT
2021-09-03 23:00:00,2021-09-03 23:15:00,97.64511,TFT
2021-09-03 23:00:00,2021-09-03 23:30:00,98.78903,TFT
2021-09-03 23:00:00,2021-09-03 23:45:00,99.38723,TFT
2021-09-04 00:00:00,2021-09-04 00:00:00,67.72083,TFT
2021-09-04 00:00:00,2021-09-04 00:15:00,69.60027,TFT
2021-09-04 00:00:00,2021-09-04 00:30:00,71.38106,TFT
2021-09-04 00:00:00,2021-09-04 00:45:00,72.518616,TFT
2021-09-04 01:00:00,2021-09-04 01:00:00,89.07788,TFT
2021-09-04 01:00:00,2021-09-04 01:15:00,90.228325,TFT
2021-09-04 01:00:00,2021-09-04 01:30:00,91.08611,TFT
2021-09-04 01:00:00,2021-09-04 01:45:00,91.33025,TFT
2021-09-04 02:00:00,2021-09-04 02:00:00,95.81281,TFT
2021-09-04 02:00:00,2021-09-04 02:15:00,96.26257,TFT
2021-09-04 02:00:00,2021-09-04 02:30:00,96.43912,TFT
2021-09-04 02:00:00,2021-09-04 02:45:00,96.15286,TFT
2021-09-04 03:00:00,2021-09-04 03:00:00,99.39977,TFT
2021-09-04 03:00:00,2021-09-04 03:15:00,99.12033,TFT
2021-09-04 03:00:00,2021-09-04 03:30:00,98.64679,TFT
2021-09-04 03:00:00,2021-09-04 03:45:00,97.791855,TFT
2021-09-04 04:00:00,2021-09-04 04:00:00,100.63456,TFT
2021-09-04 04:00:00,2021-09-04 04:15:00,99.779015,TFT
2021-09-04 04:00:00,2021-09-04 04:30:00,98.73638,TFT
2021-09-04 04:00:00,2021-09-04 04:45:00,97.26988,TFT
2021-09-04 05:00:00,2021-09-04 05:00:00,100.25123,TFT
2021-09-04 05:00:00,2021-09-04 05:15:00,98.733055,TFT
2021-09-04 05:00:00,2021-09-04 05:30:00,97.011795,TFT
2021-09-04 05:00:00,2021-09-04 05:45:00,94.75902,TFT
2021-09-04 06:00:00,2021-09-04 06:00:00,96.66001,TFT
2021-09-04 06:00:00,2021-09-04 06:15:00,94.628525,TFT
2021-09-04 06:00:00,2021-09-04 06:30:00,92.05237,TFT
2021-09-04 06:00:00,2021-09-04 06:45:00,88.22401,TFT
2021-09-04 07:00:00,2021-09-04 07:00:00,83.95006,TFT
2021-09-04 07:00:00,2021-09-04 07:15:00,81.766365,TFT
2021-09-04 07:00:00,2021-09-04 07:30:00,77.95315,TFT
2021-09-04 07:00:00,2021-09-04 07:45:00,71.87789,TFT
2021-09-04 08:00:00,2021-09-04 08:00:00,27.07388,TFT
2021-09-04 08:00:00,2021-09-04 08:15:00,25.009186,TFT
2021-09-04 08:00:00,2021-09-04 08:30:00,24.029198,TFT
2021-09-04 08:00:00,2021-09-04 08:45:00,23.686577,TFT
2021-09-04 09:00:00,2021-09-04 09:00:00,23.27256,TFT
2021-09-04 09:00:00,2021-09-04 09:15:00,22.729713,TFT
2021-09-04 09:00:00,2021-09-04 09:30:00,22.611633,TFT
2021-09-04 09:00:00,2021-09-04 09:45:00,22.770897,TFT
2021-09-04 10:00:00,2021-09-04 10:00:00,23.768982,TFT
2021-09-04 10:00:00,2021-09-04 10:15:00,23.296303,TFT
2021-09-04 10:00:00,2021-09-04 10:30:00,23.162804,TFT
2021-09-04 10:00:00,2021-09-04 10:45:00,23.257576,TFT
2021-09-04 11:00:00,2021-09-04 11:00:00,23.968025,TFT
2021-09-04 11:00:00,2021-09-04 11:15:00,23.478981,TFT
2021-09-04 11:00:00,2021-09-04 11:30:00,23.248016,TFT
2021-09-04 11:00:00,2021-09-04 11:45:00,23.194176,TFT
2021-09-04 12:00:00,2021-09-04 12:00:00,23.378654,TFT
2021-09-04 12:00:00,2021-09-04 12:15:00,22.930252,TFT
2021-09-04 12:00:00,2021-09-04 12:30:00,22.687904,TFT
2021-09-04 12:00:00,2021-09-04 12:45:00,22.667023,TFT
2021-09-04 13:00:00,2021-09-04 13:00:00,22.827003,TFT
2021-09-04 13:00:00,2021-09-04 13:15:00,22.69117,TFT
2021-09-04 13:00:00,2021-09-04 13:30:00,22.67199,TFT
2021-09-04 13:00:00,2021-09-04 13:45:00,22.857399,TFT
2021-09-04 14:00:00,2021-09-04 14:00:00,22.882553,TFT
2021-09-04 14:00:00,2021-09-04 14:15:00,22.919891,TFT
2021-09-04 14:00:00,2021-09-04 14:30:00,23.002419,TFT
2021-09-04 14:00:00,2021-09-04 14:45:00,23.26667,TFT
2021-09-04 15:00:00,2021-09-04 15:00:00,22.921097,TFT
2021-09-04 15:00:00,2021-09-04 15:15:00,22.96862,TFT
2021-09-04 15:00:00,2021-09-04 15:30:00,23.037933,TFT
2021-09-04 15:00:00,2021-09-04 15:45:00,23.28392,TFT
2021-09-04 16:00:00,2021-09-04 16:00:00,22.71125,TFT
2021-09-04 16:00:00,2021-09-04 16:15:00,22.693954,TFT
2021-09-04 16:00:00,2021-09-04 16:30:00,22.710983,TFT
2021-09-04 16:00:00,2021-09-04 16:45:00,22.916298,TFT
2021-09-04 17:00:00,2021-09-04 17:00:00,22.483627,TFT
2021-09-04 17:00:00,2021-09-04 17:15:00,22.353645,TFT
2021-09-04 17:00:00,2021-09-04 17:30:00,22.319824,TFT
2021-09-04 17:00:00,2021-09-04 17:45:00,22.516273,TFT
2021-09-04 18:00:00,2021-09-04 18:00:00,22.6531,TFT
2021-09-04 18:00:00,2021-09-04 18:15:00,22.406761,TFT
2021-09-04 18:00:00,2021-09-04 18:30:00,22.369904,TFT
2021-09-04 18:00:00,2021-09-04 18:45:00,22.615692,TFT
2021-09-04 19:00:00,2021-09-04 19:00:00,23.132782,TFT
2021-09-04 19:00:00,2021-09-04 19:15:00,22.83348,TFT
2021-09-04 19:00:00,2021-09-04 19:30:00,22.817802,TFT
2021-09-04 19:00:00,2021-09-04 19:45:00,23.100174,TFT
2021-09-04 20:00:00,2021-09-04 20:00:00,23.5233,TFT
2021-09-04 20:00:00,2021-09-04 20:15:00,23.191437,TFT
2021-09-04 20:00:00,2021-09-04 20:30:00,23.16967,TFT
2021-09-04 20:00:00,2021-09-04 20:45:00,23.422913,TFT
2021-09-04 21:00:00,2021-09-04 21:00:00,24.16285,TFT
2021-09-04 21:00:00,2021-09-04 21:15:00,23.603989,TFT
2021-09-04 21:00:00,2021-09-04 21:30:00,23.423958,TFT
2021-09-04 21:00:00,2021-09-04 21:45:00,23.519623,TFT
2021-09-04 22:00:00,2021-09-04 22:00:00,24.560478,TFT
2021-09-04 22:00:00,2021-09-04 22:15:00,23.676102,TFT
2021-09-04 22:00:00,2021-09-04 22:30:00,23.267052,TFT
2021-09-04 22:00:00,2021-09-04 22:45:00,23.161903,TFT
2021-09-04 23:00:00,2021-09-04 23:00:00,25.19117,TFT
2021-09-04 23:00:00,2021-09-04 23:15:00,23.850891,TFT
2021-09-04 23:00:00,2021-09-04 23:30:00,23.148674,TFT
2021-09-04 23:00:00,2021-09-04 23:45:00,22.82808,TFT
2021-09-05 00:00:00,2021-09-05 00:00:00,24.014297,TFT
2021-09-05 00:00:00,2021-09-05 00:15:00,23.147987,TFT
2021-09-05 00:00:00,2021-09-05 00:30:00,22.743843,TFT
2021-09-05 00:00:00,2021-09-05 00:45:00,22.567299,TFT
2021-09-05 01:00:00,2021-09-05 01:00:00,22.256264,TFT
2021-09-05 01:00:00,2021-09-05 01:15:00,21.96894,TFT
2021-09-05 01:00:00,2021-09-05 01:30:00,21.888855,TFT
2021-09-05 01:00:00,2021-09-05 01:45:00,21.918411,TFT
2021-09-05 02:00:00,2021-09-05 02:00:00,22.424011,TFT
2021-09-05 02:00:00,2021-09-05 02:15:00,22.057892,TFT
2021-09-05 02:00:00,2021-09-05 02:30:00,21.942535,TFT
2021-09-05 02:00:00,2021-09-05 02:45:00,21.955078,TFT
2021-09-05 03:00:00,2021-09-05 03:00:00,22.644096,TFT
2021-09-05 03:00:00,2021-09-05 03:15:00,22.176613,TFT
2021-09-05 03:00:00,2021-09-05 03:30:00,22.008736,TFT
2021-09-05 03:00:00,2021-09-05 03:45:00,21.987282,TFT
2021-09-05 04:00:00,2021-09-05 04:00:00,22.76088,TFT
2021-09-05 04:00:00,2021-09-05 04:15:00,22.194748,TFT
2021-09-05 04:00:00,2021-09-05 04:30:00,21.973816,TFT
2021-09-05 04:00:00,2021-09-05 04:45:00,21.91375,TFT
2021-09-05 05:00:00,2021-09-05 05:00:00,22.745552,TFT
2021-09-05 05:00:00,2021-09-05 05:15:00,22.079826,TFT
2021-09-05 05:00:00,2021-09-05 05:30:00,21.810783,TFT
2021-09-05 05:00:00,2021-09-05 05:45:00,21.724838,TFT
2021-09-05 06:00:00,2021-09-05 06:00:00,22.491837,TFT
2021-09-05 06:00:00,2021-09-05 06:15:00,21.81176,TFT
2021-09-05 06:00:00,2021-09-05 06:30:00,21.571083,TFT
2021-09-05 06:00:00,2021-09-05 06:45:00,21.534752,TFT
2021-09-05 07:00:00,2021-09-05 07:00:00,21.909508,TFT
2021-09-05 07:00:00,2021-09-05 07:15:00,21.43431,TFT
2021-09-05 07:00:00,2021-09-05 07:30:00,21.291397,TFT
2021-09-05 07:00:00,2021-09-05 07:45:00,21.318756,TFT
2021-09-05 08:00:00,2021-09-05 08:00:00,21.593712,TFT
2021-09-05 08:00:00,2021-09-05 08:15:00,21.222229,TFT
2021-09-05 08:00:00,2021-09-05 08:30:00,21.113327,TFT
2021-09-05 08:00:00,2021-09-05 08:45:00,21.168701,TFT
2021-09-05 09:00:00,2021-09-05 09:00:00,21.58574,TFT
2021-09-05 09:00:00,2021-09-05 09:15:00,21.239662,TFT
2021-09-05 09:00:00,2021-09-05 09:30:00,21.156975,TFT
2021-09-05 09:00:00,2021-09-05 09:45:00,21.260422,TFT
2021-09-05 10:00:00,2021-09-05 10:00:00,21.845772,TFT
2021-09-05 10:00:00,2021-09-05 10:15:00,21.566315,TFT
2021-09-05 10:00:00,2021-09-05 10:30:00,21.543854,TFT
2021-09-05 10:00:00,2021-09-05 10:45:00,21.70111,TFT
2021-09-05 11:00:00,2021-09-05 11:00:00,22.254372,TFT
2021-09-05 11:00:00,2021-09-05 11:15:00,22.01448,TFT
2021-09-05 11:00:00,2021-09-05 11:30:00,21.958633,TFT
2021-09-05 11:00:00,2021-09-05 11:45:00,22.02919,TFT
2021-09-05 12:00:00,2021-09-05 12:00:00,22.225494,TFT
2021-09-05 12:00:00,2021-09-05 12:15:00,21.981583,TFT
2021-09-05 12:00:00,2021-09-05 12:30:00,21.90686,TFT
2021-09-05 12:00:00,2021-09-05 12:45:00,21.994194,TFT
2021-09-05 13:00:00,2021-09-05 13:00:00,22.200539,TFT
2021-09-05 13:00:00,2021-09-05 13:15:00,22.121475,TFT
2021-09-05 13:00:00,2021-09-05 13:30:00,22.140709,TFT
2021-09-05 13:00:00,2021-09-05 13:45:00,22.277954,TFT
2021-09-05 14:00:00,2021-09-05 14:00:00,22.596725,TFT
2021-09-05 14:00:00,2021-09-05 14:15:00,22.551804,TFT
2021-09-05 14:00:00,2021-09-05 14:30:00,22.536041,TFT
2021-09-05 14:00:00,2021-09-05 14:45:00,22.604744,TFT
2021-09-05 15:00:00,2021-09-05 15:00:00,22.798721,TFT
2021-09-05 15:00:00,2021-09-05 15:15:00,22.680923,TFT
2021-09-05 15:00:00,2021-09-05 15:30:00,22.572472,TFT
2021-09-05 15:00:00,2021-09-05 15:45:00,22.543373,TFT
2021-09-05 16:00:00,2021-09-05 16:00:00,22.593369,TFT
2021-09-05 16:00:00,2021-09-05 16:15:00,22.41568,TFT
2021-09-05 16:00:00,2021-09-05 16:30:00,22.259285,TFT
2021-09-05 16:00:00,2021-09-05 16:45:00,22.1922,TFT
2021-09-05 17:00:00,2021-09-05 17:00:00,22.2389,TFT
2021-09-05 17:00:00,2021-09-05 17:15:00,22.06144,TFT
2021-09-05 17:00:00,2021-09-05 17:30:00,21.945847,TFT
2021-09-05 17:00:00,2021-09-05 17:45:00,21.932587,TFT
2021-09-05 18:00:00,2021-09-05 18:00:00,22.313362,TFT
2021-09-05 18:00:00,2021-09-05 18:15:00,22.106293,TFT
2021-09-05 18:00:00,2021-09-05 18:30:00,22.017242,TFT
2021-09-05 18:00:00,2021-09-05 18:45:00,22.022697,TFT
2021-09-05 19:00:00,2021-09-05 19:00:00,22.607399,TFT
2021-09-05 19:00:00,2021-09-05 19:15:00,22.331146,TFT
2021-09-05 19:00:00,2021-09-05 19:30:00,22.20243,TFT
2021-09-05 19:00:00,2021-09-05 19:45:00,22.169884,TFT
2021-09-05 20:00:00,2021-09-05 20:00:00,22.581596,TFT
2021-09-05 20:00:00,2021-09-05 20:15:00,22.31089,TFT
2021-09-05 20:00:00,2021-09-05 20:30:00,22.183044,TFT
2021-09-05 20:00:00,2021-09-05 20:45:00,22.147568,TFT
2021-09-05 21:00:00,2021-09-05 21:00:00,22.442566,TFT
2021-09-05 21:00:00,2021-09-05 21:15:00,22.192635,TFT
2021-09-05 21:00:00,2021-09-05 21:30:00,22.08014,TFT
2021-09-05 21:00:00,2021-09-05 21:45:00,22.054039,TFT
2021-09-05 22:00:00,2021-09-05 22:00:00,22.296722,TFT
2021-09-05 22:00:00,2021-09-05 22:15:00,22.063972,TFT
2021-09-05 22:00:00,2021-09-05 22:30:00,21.97136,TFT
2021-09-05 22:00:00,2021-09-05 22:45:00,21.965279,TFT
2021-09-05 23:00:00,2021-09-05 23:00:00,22.211868,TFT
2021-09-05 23:00:00,2021-09-05 23:15:00,21.997513,TFT
2021-09-05 23:00:00,2021-09-05 23:30:00,21.94146,TFT
2021-09-05 23:00:00,2021-09-05 23:45:00,21.981049,TFT
2021-09-06 00:00:00,2021-09-06 00:00:00,24.525642,TFT
2021-09-06 00:00:00,2021-09-06 00:15:00,23.63179,TFT
2021-09-06 00:00:00,2021-09-06 00:30:00,23.235672,TFT
2021-09-06 00:00:00,2021-09-06 00:45:00,23.208778,TFT
2021-09-06 01:00:00,2021-09-06 01:00:00,21.998154,TFT
2021-09-06 01:00:00,2021-09-06 01:15:00,21.440948,TFT
2021-09-06 01:00:00,2021-09-06 01:30:00,21.260872,TFT
2021-09-06 01:00:00,2021-09-06 01:45:00,21.38591,TFT
2021-09-06 02:00:00,2021-09-06 02:00:00,22.117172,TFT
2021-09-06 02:00:00,2021-09-06 02:15:00,21.434547,TFT
2021-09-06 02:00:00,2021-09-06 02:30:00,21.198105,TFT
2021-09-06 02:00:00,2021-09-06 02:45:00,21.303123,TFT
2021-09-06 03:00:00,2021-09-06 03:00:00,22.528404,TFT
2021-09-06 03:00:00,2021-09-06 03:15:00,21.72403,TFT
2021-09-06 03:00:00,2021-09-06 03:30:00,21.435196,TFT
2021-09-06 03:00:00,2021-09-06 03:45:00,21.52671,TFT
2021-09-06 04:00:00,2021-09-06 04:00:00,22.197258,TFT
2021-09-06 04:00:00,2021-09-06 04:15:00,21.49366,TFT
2021-09-06 04:00:00,2021-09-06 04:30:00,21.314903,TFT
2021-09-06 04:00:00,2021-09-06 04:45:00,21.549522,TFT
2021-09-06 05:00:00,2021-09-06 05:00:00,22.019806,TFT
2021-09-06 05:00:00,2021-09-06 05:15:00,21.679977,TFT
2021-09-06 05:00:00,2021-09-06 05:30:00,21.945961,TFT
2021-09-06 05:00:00,2021-09-06 05:45:00,22.7958,TFT
2021-09-06 06:00:00,2021-09-06 06:00:00,23.85849,TFT
2021-09-06 06:00:00,2021-09-06 06:15:00,24.978226,TFT
2021-09-06 06:00:00,2021-09-06 06:30:00,27.538136,TFT
2021-09-06 06:00:00,2021-09-06 06:45:00,32.465347,TFT
2021-09-06 07:00:00,2021-09-06 07:00:00,39.995163,TFT
2021-09-06 07:00:00,2021-09-06 07:15:00,59.942875,TFT
2021-09-06 07:00:00,2021-09-06 07:30:00,104.4893,TFT
2021-09-06 07:00:00,2021-09-06 07:45:00,156.25189,TFT
2021-09-06 08:00:00,2021-09-06 08:00:00,158.20238,TFT
2021-09-06 08:00:00,2021-09-06 08:15:00,173.00407,TFT
2021-09-06 08:00:00,2021-09-06 08:30:00,179.702,TFT
2021-09-06 08:00:00,2021-09-06 08:45:00,182.94873,TFT
2021-09-06 09:00:00,2021-09-06 09:00:00,188.63724,TFT
2021-09-06 09:00:00,2021-09-06 09:15:00,186.53363,TFT
2021-09-06 09:00:00,2021-09-06 09:30:00,184.71071,TFT
2021-09-06 09:00:00,2021-09-06 09:45:00,183.16779,TFT
2021-09-06 10:00:00,2021-09-06 10:00:00,183.81897,TFT
2021-09-06 10:00:00,2021-09-06 10:15:00,183.05954,TFT
2021-09-06 10:00:00,2021-09-06 10:30:00,181.75497,TFT
2021-09-06 10:00:00,2021-09-06 10:45:00,180.27055,TFT
2021-09-06 11:00:00,2021-09-06 11:00:00,182.18909,TFT
2021-09-06 11:00:00,2021-09-06 11:15:00,180.67343,TFT
2021-09-06 11:00:00,2021-09-06 11:30:00,178.90924,TFT
2021-09-06 11:00:00,2021-09-06 11:45:00,177.06201,TFT
2021-09-06 12:00:00,2021-09-06 12:00:00,176.16718,TFT
2021-09-06 12:00:00,2021-09-06 12:15:00,175.7049,TFT
2021-09-06 12:00:00,2021-09-06 12:30:00,174.5299,TFT
2021-09-06 12:00:00,2021-09-06 12:45:00,173.10997,TFT
2021-09-06 13:00:00,2021-09-06 13:00:00,148.35315,TFT
2021-09-06 13:00:00,2021-09-06 13:15:00,154.91641,TFT
2021-09-06 13:00:00,2021-09-06 13:30:00,158.97873,TFT
2021-09-06 13:00:00,2021-09-06 13:45:00,161.1897,TFT
2021-09-06 14:00:00,2021-09-06 14:00:00,166.2681,TFT
2021-09-06 14:00:00,2021-09-06 14:15:00,167.36873,TFT
2021-09-06 14:00:00,2021-09-06 14:30:00,166.9468,TFT
2021-09-06 14:00:00,2021-09-06 14:45:00,165.96576,TFT
2021-09-06 15:00:00,2021-09-06 15:00:00,166.00336,TFT
2021-09-06 15:00:00,2021-09-06 15:15:00,166.23384,TFT
2021-09-06 15:00:00,2021-09-06 15:30:00,165.18024,TFT
2021-09-06 15:00:00,2021-09-06 15:45:00,163.61833,TFT
2021-09-06 16:00:00,2021-09-06 16:00:00,169.25067,TFT
2021-09-06 16:00:00,2021-09-06 16:15:00,166.91284,TFT
2021-09-06 16:00:00,2021-09-06 16:30:00,164.14166,TFT
2021-09-06 16:00:00,2021-09-06 16:45:00,161.08041,TFT
2021-09-06 17:00:00,2021-09-06 17:00:00,158.0434,TFT
2021-09-06 17:00:00,2021-09-06 17:15:00,156.34378,TFT
2021-09-06 17:00:00,2021-09-06 17:30:00,153.13165,TFT
2021-09-06 17:00:00,2021-09-06 17:45:00,148.89377,TFT
2021-09-06 18:00:00,2021-09-06 18:00:00,155.29666,TFT
2021-09-06 18:00:00,2021-09-06 18:15:00,149.72797,TFT
2021-09-06 18:00:00,2021-09-06 18:30:00,143.64174,TFT
2021-09-06 18:00:00,2021-09-06 18:45:00,137.10236,TFT
2021-09-06 19:00:00,2021-09-06 19:00:00,146.3487,TFT
2021-09-06 19:00:00,2021-09-06 19:15:00,139.01562,TFT
2021-09-06 19:00:00,2021-09-06 19:30:00,132.43073,TFT
2021-09-06 19:00:00,2021-09-06 19:45:00,125.97807,TFT
2021-09-06 20:00:00,2021-09-06 20:00:00,130.31323,TFT
2021-09-06 20:00:00,2021-09-06 20:15:00,124.330124,TFT
2021-09-06 20:00:00,2021-09-06 20:30:00,119.32326,TFT
2021-09-06 20:00:00,2021-09-06 20:45:00,114.5557,TFT
2021-09-06 21:00:00,2021-09-06 21:00:00,119.46237,TFT
2021-09-06 21:00:00,2021-09-06 21:15:00,114.9422,TFT
2021-09-06 21:00:00,2021-09-06 21:30:00,111.339294,TFT
2021-09-06 21:00:00,2021-09-06 21:45:00,107.861206,TFT
2021-09-06 22:00:00,2021-09-06 22:00:00,110.874084,TFT
2021-09-06 22:00:00,2021-09-06 22:15:00,107.85513,TFT
2021-09-06 22:00:00,2021-09-06 22:30:00,105.425835,TFT
2021-09-06 22:00:00,2021-09-06 22:45:00,102.92393,TFT
2021-09-06 23:00:00,2021-09-06 23:00:00,101.805046,TFT
2021-09-06 23:00:00,2021-09-06 23:15:00,100.8272,TFT
2021-09-06 23:00:00,2021-09-06 23:30:00,99.89199,TFT
2021-09-06 23:00:00,2021-09-06 23:45:00,98.62263,TFT
2021-09-07 00:00:00,2021-09-07 00:00:00,98.44234,TFT
2021-09-07 00:00:00,2021-09-07 00:15:00,100.67351,TFT
2021-09-07 00:00:00,2021-09-07 00:30:00,102.31106,TFT
2021-09-07 00:00:00,2021-09-07 00:45:00,102.89684,TFT
2021-09-07 01:00:00,2021-09-07 01:00:00,85.5397,TFT
2021-09-07 01:00:00,2021-09-07 01:15:00,90.45406,TFT
2021-09-07 01:00:00,2021-09-07 01:30:00,94.01444,TFT
2021-09-07 01:00:00,2021-09-07 01:45:00,95.89144,TFT
2021-09-07 02:00:00,2021-09-07 02:00:00,105.09921,TFT
2021-09-07 02:00:00,2021-09-07 02:15:00,105.6121,TFT
2021-09-07 02:00:00,2021-09-07 02:30:00,105.24813,TFT
2021-09-07 02:00:00,2021-09-07 02:45:00,104.22503,TFT
2021-09-07 03:00:00,2021-09-07 03:00:00,104.30646,TFT
2021-09-07 03:00:00,2021-09-07 03:15:00,105.0963,TFT
2021-09-07 03:00:00,2021-09-07 03:30:00,104.85727,TFT
2021-09-07 03:00:00,2021-09-07 03:45:00,103.947205,TFT
2021-09-07 04:00:00,2021-09-07 04:00:00,101.48601,TFT
2021-09-07 04:00:00,2021-09-07 04:15:00,103.008804,TFT
2021-09-07 04:00:00,2021-09-07 04:30:00,103.362854,TFT
2021-09-07 04:00:00,2021-09-07 04:45:00,103.15175,TFT
2021-09-07 05:00:00,2021-09-07 05:00:00,103.30227,TFT
2021-09-07 05:00:00,2021-09-07 05:15:00,105.28702,TFT
2021-09-07 05:00:00,2021-09-07 05:30:00,106.762314,TFT
2021-09-07 05:00:00,2021-09-07 05:45:00,108.53638,TFT
2021-09-07 06:00:00,2021-09-07 06:00:00,103.93601,TFT
2021-09-07 06:00:00,2021-09-07 06:15:00,110.50485,TFT
2021-09-07 06:00:00,2021-09-07 06:30:00,118.222626,TFT
2021-09-07 06:00:00,2021-09-07 06:45:00,127.96016,TFT
2021-09-07 07:00:00,2021-09-07 07:00:00,135.33665,TFT
2021-09-07 07:00:00,2021-09-07 07:15:00,149.39171,TFT
2021-09-07 07:00:00,2021-09-07 07:30:00,161.66388,TFT
2021-09-07 07:00:00,2021-09-07 07:45:00,170.92094,TFT
2021-09-07 08:00:00,2021-09-07 08:00:00,174.20486,TFT
2021-09-07 08:00:00,2021-09-07 08:15:00,179.25635,TFT
2021-09-07 08:00:00,2021-09-07 08:30:00,181.3669,TFT
2021-09-07 08:00:00,2021-09-07 08:45:00,181.9249,TFT
2021-09-07 09:00:00,2021-09-07 09:00:00,183.58997,TFT
2021-09-07 09:00:00,2021-09-07 09:15:00,182.63562,TFT
2021-09-07 09:00:00,2021-09-07 09:30:00,181.65068,TFT
2021-09-07 09:00:00,2021-09-07 09:45:00,180.76767,TFT
2021-09-07 10:00:00,2021-09-07 10:00:00,177.68723,TFT
2021-09-07 10:00:00,2021-09-07 10:15:00,177.66818,TFT
2021-09-07 10:00:00,2021-09-07 10:30:00,177.55014,TFT
2021-09-07 10:00:00,2021-09-07 10:45:00,177.33868,TFT
2021-09-07 11:00:00,2021-09-07 11:00:00,176.8407,TFT
2021-09-07 11:00:00,2021-09-07 11:15:00,176.36719,TFT
2021-09-07 11:00:00,2021-09-07 11:30:00,176.0404,TFT
2021-09-07 11:00:00,2021-09-07 11:45:00,175.774,TFT
2021-09-07 12:00:00,2021-09-07 12:00:00,175.12695,TFT
2021-09-07 12:00:00,2021-09-07 12:15:00,174.65009,TFT
2021-09-07 12:00:00,2021-09-07 12:30:00,174.48392,TFT
2021-09-07 12:00:00,2021-09-07 12:45:00,174.4335,TFT
2021-09-07 13:00:00,2021-09-07 13:00:00,164.32019,TFT
2021-09-07 13:00:00,2021-09-07 13:15:00,169.14912,TFT
2021-09-07 13:00:00,2021-09-07 13:30:00,171.87862,TFT
2021-09-07 13:00:00,2021-09-07 13:45:00,173.29294,TFT
2021-09-07 14:00:00,2021-09-07 14:00:00,170.96039,TFT
2021-09-07 14:00:00,2021-09-07 14:15:00,171.81097,TFT
2021-09-07 14:00:00,2021-09-07 14:30:00,172.45721,TFT
2021-09-07 14:00:00,2021-09-07 14:45:00,172.90015,TFT
2021-09-07 15:00:00,2021-09-07 15:00:00,174.99689,TFT
2021-09-07 15:00:00,2021-09-07 15:15:00,173.96313,TFT
2021-09-07 15:00:00,2021-09-07 15:30:00,173.49335,TFT
2021-09-07 15:00:00,2021-09-07 15:45:00,173.24622,TFT
2021-09-07 16:00:00,2021-09-07 16:00:00,172.8451,TFT
2021-09-07 16:00:00,2021-09-07 16:15:00,172.06448,TFT
2021-09-07 16:00:00,2021-09-07 16:30:00,171.57109,TFT
2021-09-07 16:00:00,2021-09-07 16:45:00,171.03122,TFT
2021-09-07 17:00:00,2021-09-07 17:00:00,168.77637,TFT
2021-09-07 17:00:00,2021-09-07 17:15:00,167.53394,TFT
2021-09-07 17:00:00,2021-09-07 17:30:00,166.16125,TFT
2021-09-07 17:00:00,2021-09-07 17:45:00,164.40744,TFT
2021-09-07 18:00:00,2021-09-07 18:00:00,164.82446,TFT
2021-09-07 18:00:00,2021-09-07 18:15:00,161.53638,TFT
2021-09-07 18:00:00,2021-09-07 18:30:00,158.22232,TFT
2021-09-07 18:00:00,2021-09-07 18:45:00,154.83081,TFT
2021-09-07 19:00:00,2021-09-07 19:00:00,154.5492,TFT
2021-09-07 19:00:00,2021-09-07 19:15:00,149.95007,TFT
2021-09-07 19:00:00,2021-09-07 19:30:00,145.71597,TFT
2021-09-07 19:00:00,2021-09-07 19:45:00,141.67642,TFT
2021-09-07 20:00:00,2021-09-07 20:00:00,141.68082,TFT
2021-09-07 20:00:00,2021-09-07 20:15:00,136.71317,TFT
2021-09-07 20:00:00,2021-09-07 20:30:00,132.25714,TFT
2021-09-07 20:00:00,2021-09-07 20:45:00,128.22641,TFT
2021-09-07 21:00:00,2021-09-07 21:00:00,126.761505,TFT
2021-09-07 21:00:00,2021-09-07 21:15:00,122.57475,TFT
2021-09-07 21:00:00,2021-09-07 21:30:00,118.9404,TFT
2021-09-07 21:00:00,2021-09-07 21:45:00,115.78668,TFT
2021-09-07 22:00:00,2021-09-07 22:00:00,112.90036,TFT
2021-09-07 22:00:00,2021-09-07 22:15:00,110.061554,TFT
2021-09-07 22:00:00,2021-09-07 22:30:00,107.66872,TFT
2021-09-07 22:00:00,2021-09-07 22:45:00,105.66534,TFT
2021-09-07 23:00:00,2021-09-07 23:00:00,100.05933,TFT
2021-09-07 23:00:00,2021-09-07 23:15:00,98.94117,TFT
2021-09-07 23:00:00,2021-09-07 23:30:00,98.14096,TFT
2021-09-07 23:00:00,2021-09-07 23:45:00,97.57331,TFT
2021-09-08 00:00:00,2021-09-08 00:00:00,88.33679,TFT
2021-09-08 00:00:00,2021-09-08 00:15:00,89.39142,TFT
2021-09-08 00:00:00,2021-09-08 00:30:00,90.61668,TFT
2021-09-08 00:00:00,2021-09-08 00:45:00,91.7805,TFT
2021-09-08 01:00:00,2021-09-08 01:00:00,84.648224,TFT
2021-09-08 01:00:00,2021-09-08 01:15:00,87.559166,TFT
2021-09-08 01:00:00,2021-09-08 01:30:00,90.1121,TFT
2021-09-08 01:00:00,2021-09-08 01:45:00,92.046555,TFT
2021-09-08 02:00:00,2021-09-08 02:00:00,104.73932,TFT
2021-09-08 02:00:00,2021-09-08 02:15:00,105.25191,TFT
2021-09-08 02:00:00,2021-09-08 02:30:00,104.95418,TFT
2021-09-08 02:00:00,2021-09-08 02:45:00,104.20256,TFT
2021-09-08 03:00:00,2021-09-08 03:00:00,107.201614,TFT
2021-09-08 03:00:00,2021-09-08 03:15:00,107.53846,TFT
2021-09-08 03:00:00,2021-09-08 03:30:00,106.992676,TFT
2021-09-08 03:00:00,2021-09-08 03:45:00,105.91746,TFT
2021-09-08 04:00:00,2021-09-08 04:00:00,106.59362,TFT
2021-09-08 04:00:00,2021-09-08 04:15:00,107.190315,TFT
2021-09-08 04:00:00,2021-09-08 04:30:00,106.89161,TFT
2021-09-08 04:00:00,2021-09-08 04:45:00,106.1107,TFT
2021-09-08 05:00:00,2021-09-08 05:00:00,104.52156,TFT
2021-09-08 05:00:00,2021-09-08 05:15:00,106.228035,TFT
2021-09-08 05:00:00,2021-09-08 05:30:00,107.21231,TFT
2021-09-08 05:00:00,2021-09-08 05:45:00,108.22731,TFT
2021-09-08 06:00:00,2021-09-08 06:00:00,106.014084,TFT
2021-09-08 06:00:00,2021-09-08 06:15:00,111.02371,TFT
2021-09-08 06:00:00,2021-09-08 06:30:00,116.55988,TFT
2021-09-08 06:00:00,2021-09-08 06:45:00,123.65872,TFT
2021-09-08 07:00:00,2021-09-08 07:00:00,133.1237,TFT
2021-09-08 07:00:00,2021-09-08 07:15:00,144.92606,TFT
2021-09-08 07:00:00,2021-09-08 07:30:00,156.20819,TFT
2021-09-08 07:00:00,2021-09-08 07:45:00,166.20282,TFT
2021-09-08 08:00:00,2021-09-08 08:00:00,170.68443,TFT
2021-09-08 08:00:00,2021-09-08 08:15:00,178.25412,TFT
2021-09-08 08:00:00,2021-09-08 08:30:00,182.29169,TFT
2021-09-08 08:00:00,2021-09-08 08:45:00,184.07648,TFT
2021-09-08 09:00:00,2021-09-08 09:00:00,184.0121,TFT
2021-09-08 09:00:00,2021-09-08 09:15:00,184.69753,TFT
2021-09-08 09:00:00,2021-09-08 09:30:00,184.4843,TFT
2021-09-08 09:00:00,2021-09-08 09:45:00,183.92816,TFT
2021-09-08 10:00:00,2021-09-08 10:00:00,179.68466,TFT
2021-09-08 10:00:00,2021-09-08 10:15:00,180.699,TFT
2021-09-08 10:00:00,2021-09-08 10:30:00,180.90996,TFT
2021-09-08 10:00:00,2021-09-08 10:45:00,180.75319,TFT
2021-09-08 11:00:00,2021-09-08 11:00:00,176.80278,TFT
2021-09-08 11:00:00,2021-09-08 11:15:00,177.97763,TFT
2021-09-08 11:00:00,2021-09-08 11:30:00,178.43393,TFT
2021-09-08 11:00:00,2021-09-08 11:45:00,178.53107,TFT
2021-09-08 12:00:00,2021-09-08 12:00:00,169.06111,TFT
2021-09-08 12:00:00,2021-09-08 12:15:00,172.59433,TFT
2021-09-08 12:00:00,2021-09-08 12:30:00,174.65286,TFT
2021-09-08 12:00:00,2021-09-08 12:45:00,175.81029,TFT
2021-09-08 13:00:00,2021-09-08 13:00:00,160.21823,TFT
2021-09-08 13:00:00,2021-09-08 13:15:00,167.89676,TFT
2021-09-08 13:00:00,2021-09-08 13:30:00,172.66788,TFT
2021-09-08 13:00:00,2021-09-08 13:45:00,175.40794,TFT
2021-09-08 14:00:00,2021-09-08 14:00:00,176.10281,TFT
2021-09-08 14:00:00,2021-09-08 14:15:00,176.80276,TFT
2021-09-08 14:00:00,2021-09-08 14:30:00,177.0095,TFT
2021-09-08 14:00:00,2021-09-08 14:45:00,177.00774,TFT
2021-09-08 15:00:00,2021-09-08 15:00:00,172.81934,TFT
2021-09-08 15:00:00,2021-09-08 15:15:00,173.7335,TFT
2021-09-08 15:00:00,2021-09-08 15:30:00,174.37363,TFT
2021-09-08 15:00:00,2021-09-08 15:45:00,174.72833,TFT
2021-09-08 16:00:00,2021-09-08 16:00:00,176.12094,TFT
2021-09-08 16:00:00,2021-09-08 16:15:00,175.12979,TFT
2021-09-08 16:00:00,2021-09-08 16:30:00,174.42041,TFT
2021-09-08 16:00:00,2021-09-08 16:45:00,173.65524,TFT
2021-09-08 17:00:00,2021-09-08 17:00:00,172.1265,TFT
2021-09-08 17:00:00,2021-09-08 17:15:00,170.31009,TFT
2021-09-08 17:00:00,2021-09-08 17:30:00,168.45174,TFT
2021-09-08 17:00:00,2021-09-08 17:45:00,166.23523,TFT
2021-09-08 18:00:00,2021-09-08 18:00:00,165.25327,TFT
2021-09-08 18:00:00,2021-09-08 18:15:00,161.67088,TFT
2021-09-08 18:00:00,2021-09-08 18:30:00,158.08994,TFT
2021-09-08 18:00:00,2021-09-08 18:45:00,154.43094,TFT
2021-09-08 19:00:00,2021-09-08 19:00:00,151.89679,TFT
2021-09-08 19:00:00,2021-09-08 19:15:00,147.4576,TFT
2021-09-08 19:00:00,2021-09-08 19:30:00,143.33789,TFT
2021-09-08 19:00:00,2021-09-08 19:45:00,139.40266,TFT
2021-09-08 20:00:00,2021-09-08 20:00:00,131.98566,TFT
2021-09-08 20:00:00,2021-09-08 20:15:00,128.50896,TFT
2021-09-08 20:00:00,2021-09-08 20:30:00,125.38454,TFT
2021-09-08 20:00:00,2021-09-08 20:45:00,122.50542,TFT
2021-09-08 21:00:00,2021-09-08 21:00:00,111.71823,TFT
2021-09-08 21:00:00,2021-09-08 21:15:00,110.25931,TFT
2021-09-08 21:00:00,2021-09-08 21:30:00,109.02767,TFT
2021-09-08 21:00:00,2021-09-08 21:45:00,107.84625,TFT
2021-09-08 22:00:00,2021-09-08 22:00:00,105.84186,TFT
2021-09-08 22:00:00,2021-09-08 22:15:00,104.431725,TFT
2021-09-08 22:00:00,2021-09-08 22:30:00,103.30044,TFT
2021-09-08 22:00:00,2021-09-08 22:45:00,102.31017,TFT
2021-09-08 23:00:00,2021-09-08 23:00:00,93.7684,TFT
2021-09-08 23:00:00,2021-09-08 23:15:00,93.89474,TFT
2021-09-08 23:00:00,2021-09-08 23:30:00,94.24514,TFT
2021-09-08 23:00:00,2021-09-08 23:45:00,94.60623,TFT
2021-09-09 00:00:00,2021-09-09 00:00:00,81.34967,TFT
2021-09-09 00:00:00,2021-09-09 00:15:00,82.80488,TFT
2021-09-09 00:00:00,2021-09-09 00:30:00,84.52795,TFT
2021-09-09 00:00:00,2021-09-09 00:45:00,86.186935,TFT
2021-09-09 01:00:00,2021-09-09 01:00:00,92.217804,TFT
2021-09-09 01:00:00,2021-09-09 01:15:00,94.66945,TFT
2021-09-09 01:00:00,2021-09-09 01:30:00,96.222046,TFT
2021-09-09 01:00:00,2021-09-09 01:45:00,96.99495,TFT
2021-09-09 02:00:00,2021-09-09 02:00:00,106.41052,TFT
2021-09-09 02:00:00,2021-09-09 02:15:00,106.9249,TFT
2021-09-09 02:00:00,2021-09-09 02:30:00,106.59358,TFT
2021-09-09 02:00:00,2021-09-09 02:45:00,105.564995,TFT
2021-09-09 03:00:00,2021-09-09 03:00:00,108.70719,TFT
2021-09-09 03:00:00,2021-09-09 03:15:00,108.656845,TFT
2021-09-09 03:00:00,2021-09-09 03:30:00,107.979935,TFT
2021-09-09 03:00:00,2021-09-09 03:45:00,106.63144,TFT
2021-09-09 04:00:00,2021-09-09 04:00:00,107.380226,TFT
2021-09-09 04:00:00,2021-09-09 04:15:00,107.38309,TFT
2021-09-09 04:00:00,2021-09-09 04:30:00,106.72992,TFT
2021-09-09 04:00:00,2021-09-09 04:45:00,105.412575,TFT
2021-09-09 05:00:00,2021-09-09 05:00:00,103.53351,TFT
2021-09-09 05:00:00,2021-09-09 05:15:00,104.49852,TFT
2021-09-09 05:00:00,2021-09-09 05:30:00,104.749214,TFT
2021-09-09 05:00:00,2021-09-09 05:45:00,104.65709,TFT
2021-09-09 06:00:00,2021-09-09 06:00:00,105.60168,TFT
2021-09-09 06:00:00,2021-09-09 06:15:00,109.15199,TFT
2021-09-09 06:00:00,2021-09-09 06:30:00,113.316956,TFT
2021-09-09 06:00:00,2021-09-09 06:45:00,118.980576,TFT
2021-09-09 07:00:00,2021-09-09 07:00:00,131.61249,TFT
2021-09-09 07:00:00,2021-09-09 07:15:00,143.4362,TFT
2021-09-09 07:00:00,2021-09-09 07:30:00,155.82562,TFT
2021-09-09 07:00:00,2021-09-09 07:45:00,167.32922,TFT
2021-09-09 08:00:00,2021-09-09 08:00:00,176.67462,TFT
2021-09-09 08:00:00,2021-09-09 08:15:00,183.13614,TFT
2021-09-09 08:00:00,2021-09-09 08:30:00,186.00412,TFT
2021-09-09 08:00:00,2021-09-09 08:45:00,186.6465,TFT
2021-09-09 09:00:00,2021-09-09 09:00:00,187.12585,TFT
2021-09-09 09:00:00,2021-09-09 09:15:00,186.66937,TFT
2021-09-09 09:00:00,2021-09-09 09:30:00,185.7711,TFT
2021-09-09 09:00:00,2021-09-09 09:45:00,184.75311,TFT
2021-09-09 10:00:00,2021-09-09 10:00:00,184.3239,TFT
2021-09-09 10:00:00,2021-09-09 10:15:00,183.65768,TFT
2021-09-09 10:00:00,2021-09-09 10:30:00,182.88736,TFT
2021-09-09 10:00:00,2021-09-09 10:45:00,182.09729,TFT
2021-09-09 11:00:00,2021-09-09 11:00:00,182.55861,TFT
2021-09-09 11:00:00,2021-09-09 11:15:00,181.7326,TFT
2021-09-09 11:00:00,2021-09-09 11:30:00,180.94653,TFT
2021-09-09 11:00:00,2021-09-09 11:45:00,180.20264,TFT
2021-09-09 12:00:00,2021-09-09 12:00:00,180.80411,TFT
2021-09-09 12:00:00,2021-09-09 12:15:00,179.74933,TFT
2021-09-09 12:00:00,2021-09-09 12:30:00,179.04883,TFT
2021-09-09 12:00:00,2021-09-09 12:45:00,178.48526,TFT
2021-09-09 13:00:00,2021-09-09 13:00:00,169.23001,TFT
2021-09-09 13:00:00,2021-09-09 13:15:00,173.82956,TFT
2021-09-09 13:00:00,2021-09-09 13:30:00,175.96913,TFT
2021-09-09 13:00:00,2021-09-09 13:45:00,176.77524,TFT
2021-09-09 14:00:00,2021-09-09 14:00:00,178.51308,TFT
2021-09-09 14:00:00,2021-09-09 14:15:00,177.74646,TFT
2021-09-09 14:00:00,2021-09-09 14:30:00,177.18521,TFT
2021-09-09 14:00:00,2021-09-09 14:45:00,176.6976,TFT
2021-09-09 15:00:00,2021-09-09 15:00:00,177.07312,TFT
2021-09-09 15:00:00,2021-09-09 15:15:00,176.35904,TFT
2021-09-09 15:00:00,2021-09-09 15:30:00,175.86725,TFT
2021-09-09 15:00:00,2021-09-09 15:45:00,175.38669,TFT
2021-09-09 16:00:00,2021-09-09 16:00:00,177.95459,TFT
2021-09-09 16:00:00,2021-09-09 16:15:00,176.31781,TFT
2021-09-09 16:00:00,2021-09-09 16:30:00,175.0654,TFT
2021-09-09 16:00:00,2021-09-09 16:45:00,173.80333,TFT
2021-09-09 17:00:00,2021-09-09 17:00:00,174.27167,TFT
2021-09-09 17:00:00,2021-09-09 17:15:00,172.02414,TFT
2021-09-09 17:00:00,2021-09-09 17:30:00,169.67622,TFT
2021-09-09 17:00:00,2021-09-09 17:45:00,166.8904,TFT
2021-09-09 18:00:00,2021-09-09 18:00:00,167.07304,TFT
2021-09-09 18:00:00,2021-09-09 18:15:00,162.95297,TFT
2021-09-09 18:00:00,2021-09-09 18:30:00,158.73793,TFT
2021-09-09 18:00:00,2021-09-09 18:45:00,154.26054,TFT
2021-09-09 19:00:00,2021-09-09 19:00:00,153.56647,TFT
2021-09-09 19:00:00,2021-09-09 19:15:00,148.4848,TFT
2021-09-09 19:00:00,2021-09-09 19:30:00,143.65958,TFT
2021-09-09 19:00:00,2021-09-09 19:45:00,138.8575,TFT
2021-09-09 20:00:00,2021-09-09 20:00:00,134.73946,TFT
2021-09-09 20:00:00,2021-09-09 20:15:00,130.89464,TFT
2021-09-09 20:00:00,2021-09-09 20:30:00,127.17681,TFT
2021-09-09 20:00:00,2021-09-09 20:45:00,123.48883,TFT
2021-09-09 21:00:00,2021-09-09 21:00:00,121.46202,TFT
2021-09-09 21:00:00,2021-09-09 21:15:00,118.79584,TFT
2021-09-09 21:00:00,2021-09-09 21:30:00,116.134605,TFT
2021-09-09 21:00:00,2021-09-09 21:45:00,113.42882,TFT
2021-09-09 22:00:00,2021-09-09 22:00:00,111.22529,TFT
2021-09-09 22:00:00,2021-09-09 22:15:00,109.773766,TFT
2021-09-09 22:00:00,2021-09-09 22:30:00,108.114494,TFT
2021-09-09 22:00:00,2021-09-09 22:45:00,106.2764,TFT
2021-09-09 23:00:00,2021-09-09 23:00:00,99.33838,TFT
2021-09-09 23:00:00,2021-09-09 23:15:00,99.8669,TFT
2021-09-09 23:00:00,2021-09-09 23:30:00,99.907074,TFT
2021-09-09 23:00:00,2021-09-09 23:45:00,99.513756,TFT
2021-09-10 00:00:00,2021-09-10 00:00:00,88.675575,TFT
2021-09-10 00:00:00,2021-09-10 00:15:00,90.49884,TFT
2021-09-10 00:00:00,2021-09-10 00:30:00,91.78671,TFT
2021-09-10 00:00:00,2021-09-10 00:45:00,92.44903,TFT
2021-09-10 01:00:00,2021-09-10 01:00:00,92.11878,TFT
2021-09-10 01:00:00,2021-09-10 01:15:00,95.218956,TFT
2021-09-10 01:00:00,2021-09-10 01:30:00,97.30032,TFT
2021-09-10 01:00:00,2021-09-10 01:45:00,98.10167,TFT
2021-09-10 02:00:00,2021-09-10 02:00:00,103.361275,TFT
2021-09-10 02:00:00,2021-09-10 02:15:00,104.21745,TFT
2021-09-10 02:00:00,2021-09-10 02:30:00,104.50481,TFT
2021-09-10 02:00:00,2021-09-10 02:45:00,104.03836,TFT
2021-09-10 03:00:00,2021-09-10 03:00:00,104.069176,TFT
2021-09-10 03:00:00,2021-09-10 03:15:00,104.58353,TFT
2021-09-10 03:00:00,2021-09-10 03:30:00,104.525406,TFT
2021-09-10 03:00:00,2021-09-10 03:45:00,103.85274,TFT
2021-09-10 04:00:00,2021-09-10 04:00:00,103.24918,TFT
2021-09-10 04:00:00,2021-09-10 04:15:00,103.48965,TFT
2021-09-10 04:00:00,2021-09-10 04:30:00,103.17539,TFT
2021-09-10 04:00:00,2021-09-10 04:45:00,102.30453,TFT
2021-09-10 05:00:00,2021-09-10 05:00:00,99.7421,TFT
2021-09-10 05:00:00,2021-09-10 05:15:00,100.563,TFT
2021-09-10 05:00:00,2021-09-10 05:30:00,100.84952,TFT
2021-09-10 05:00:00,2021-09-10 05:45:00,100.82228,TFT
2021-09-10 06:00:00,2021-09-10 06:00:00,100.34034,TFT
2021-09-10 06:00:00,2021-09-10 06:15:00,103.56238,TFT
2021-09-10 06:00:00,2021-09-10 06:30:00,107.619125,TFT
2021-09-10 06:00:00,2021-09-10 06:45:00,113.4673,TFT
2021-09-10 07:00:00,2021-09-10 07:00:00,124.11369,TFT
2021-09-10 07:00:00,2021-09-10 07:15:00,139.66266,TFT
2021-09-10 07:00:00,2021-09-10 07:30:00,157.06622,TFT
2021-09-10 07:00:00,2021-09-10 07:45:00,171.83133,TFT
2021-09-10 08:00:00,2021-09-10 08:00:00,179.64348,TFT
2021-09-10 08:00:00,2021-09-10 08:15:00,183.6759,TFT
2021-09-10 08:00:00,2021-09-10 08:30:00,184.04948,TFT
2021-09-10 08:00:00,2021-09-10 08:45:00,183.09813,TFT
2021-09-10 09:00:00,2021-09-10 09:00:00,184.04208,TFT
2021-09-10 09:00:00,2021-09-10 09:15:00,183.12419,TFT
2021-09-10 09:00:00,2021-09-10 09:30:00,182.0063,TFT
2021-09-10 09:00:00,2021-09-10 09:45:00,180.86087,TFT
2021-09-10 10:00:00,2021-09-10 10:00:00,183.05464,TFT
2021-09-10 10:00:00,2021-09-10 10:15:00,181.79001,TFT
2021-09-10 10:00:00,2021-09-10 10:30:00,180.45877,TFT
2021-09-10 10:00:00,2021-09-10 10:45:00,179.13654,TFT
2021-09-10 11:00:00,2021-09-10 11:00:00,180.0253,TFT
2021-09-10 11:00:00,2021-09-10 11:15:00,179.16296,TFT
2021-09-10 11:00:00,2021-09-10 11:30:00,177.99524,TFT
2021-09-10 11:00:00,2021-09-10 11:45:00,176.77312,TFT
2021-09-10 12:00:00,2021-09-10 12:00:00,178.61034,TFT
2021-09-10 12:00:00,2021-09-10 12:15:00,177.56781,TFT
2021-09-10 12:00:00,2021-09-10 12:30:00,176.43912,TFT
2021-09-10 12:00:00,2021-09-10 12:45:00,175.32227,TFT
2021-09-10 13:00:00,2021-09-10 13:00:00,162.75922,TFT
2021-09-10 13:00:00,2021-09-10 13:15:00,167.8306,TFT
2021-09-10 13:00:00,2021-09-10 13:30:00,170.21176,TFT
2021-09-10 13:00:00,2021-09-10 13:45:00,170.94232,TFT
2021-09-10 14:00:00,2021-09-10 14:00:00,176.475,TFT
2021-09-10 14:00:00,2021-09-10 14:15:00,175.45193,TFT
2021-09-10 14:00:00,2021-09-10 14:30:00,174.35165,TFT
2021-09-10 14:00:00,2021-09-10 14:45:00,173.19806,TFT
2021-09-10 15:00:00,2021-09-10 15:00:00,173.67157,TFT
2021-09-10 15:00:00,2021-09-10 15:15:00,173.31711,TFT
2021-09-10 15:00:00,2021-09-10 15:30:00,172.5154,TFT
2021-09-10 15:00:00,2021-09-10 15:45:00,171.43536,TFT
2021-09-10 16:00:00,2021-09-10 16:00:00,172.88501,TFT
2021-09-10 16:00:00,2021-09-10 16:15:00,171.82315,TFT
2021-09-10 16:00:00,2021-09-10 16:30:00,170.39584,TFT
2021-09-10 16:00:00,2021-09-10 16:45:00,168.58641,TFT
2021-09-10 17:00:00,2021-09-10 17:00:00,168.09645,TFT
2021-09-10 17:00:00,2021-09-10 17:15:00,166.2879,TFT
2021-09-10 17:00:00,2021-09-10 17:30:00,163.72086,TFT
2021-09-10 17:00:00,2021-09-10 17:45:00,160.40488,TFT
2021-09-10 18:00:00,2021-09-10 18:00:00,157.41327,TFT
2021-09-10 18:00:00,2021-09-10 18:15:00,154.0492,TFT
2021-09-10 18:00:00,2021-09-10 18:30:00,150.03209,TFT
2021-09-10 18:00:00,2021-09-10 18:45:00,145.44989,TFT
2021-09-10 19:00:00,2021-09-10 19:00:00,141.04059,TFT
2021-09-10 19:00:00,2021-09-10 19:15:00,137.08057,TFT
2021-09-10 19:00:00,2021-09-10 19:30:00,133.22273,TFT
2021-09-10 19:00:00,2021-09-10 19:45:00,129.22354,TFT
2021-09-10 20:00:00,2021-09-10 20:00:00,121.50054,TFT
2021-09-10 20:00:00,2021-09-10 20:15:00,119.559235,TFT
2021-09-10 20:00:00,2021-09-10 20:30:00,117.75397,TFT
2021-09-10 20:00:00,2021-09-10 20:45:00,115.64241,TFT
2021-09-10 21:00:00,2021-09-10 21:00:00,106.01333,TFT
2021-09-10 21:00:00,2021-09-10 21:15:00,106.244804,TFT
2021-09-10 21:00:00,2021-09-10 21:30:00,106.45817,TFT
2021-09-10 21:00:00,2021-09-10 21:45:00,106.01235,TFT
2021-09-10 22:00:00,2021-09-10 22:00:00,96.053635,TFT
2021-09-10 22:00:00,2021-09-10 22:15:00,97.50457,TFT
2021-09-10 22:00:00,2021-09-10 22:30:00,98.898895,TFT
2021-09-10 22:00:00,2021-09-10 22:45:00,99.47696,TFT
2021-09-10 23:00:00,2021-09-10 23:00:00,90.342766,TFT
2021-09-10 23:00:00,2021-09-10 23:15:00,92.51005,TFT
2021-09-10 23:00:00,2021-09-10 23:30:00,94.63432,TFT
2021-09-10 23:00:00,2021-09-10 23:45:00,95.90125,TFT
2021-09-11 00:00:00,2021-09-11 00:00:00,64.32972,TFT
2021-09-11 00:00:00,2021-09-11 00:15:00,66.99211,TFT
2021-09-11 00:00:00,2021-09-11 00:30:00,69.6618,TFT
2021-09-11 00:00:00,2021-09-11 00:45:00,71.58234,TFT
2021-09-11 01:00:00,2021-09-11 01:00:00,77.858864,TFT
2021-09-11 01:00:00,2021-09-11 01:15:00,81.25533,TFT
2021-09-11 01:00:00,2021-09-11 01:30:00,84.11702,TFT
2021-09-11 01:00:00,2021-09-11 01:45:00,85.841225,TFT
2021-09-11 02:00:00,2021-09-11 02:00:00,92.76168,TFT
2021-09-11 02:00:00,2021-09-11 02:15:00,93.972534,TFT
2021-09-11 02:00:00,2021-09-11 02:30:00,94.87981,TFT
2021-09-11 02:00:00,2021-09-11 02:45:00,95.172,TFT
2021-09-11 03:00:00,2021-09-11 03:00:00,96.58726,TFT
2021-09-11 03:00:00,2021-09-11 03:15:00,97.11638,TFT
2021-09-11 03:00:00,2021-09-11 03:30:00,97.271614,TFT
2021-09-11 03:00:00,2021-09-11 03:45:00,96.930244,TFT
2021-09-11 04:00:00,2021-09-11 04:00:00,97.082634,TFT
2021-09-11 04:00:00,2021-09-11 04:15:00,97.20625,TFT
2021-09-11 04:00:00,2021-09-11 04:30:00,96.73781,TFT
2021-09-11 04:00:00,2021-09-11 04:45:00,95.56751,TFT
2021-09-11 05:00:00,2021-09-11 05:00:00,94.24283,TFT
2021-09-11 05:00:00,2021-09-11 05:15:00,94.027534,TFT
2021-09-11 05:00:00,2021-09-11 05:30:00,92.772766,TFT
2021-09-11 05:00:00,2021-09-11 05:45:00,90.30518,TFT
2021-09-11 06:00:00,2021-09-11 06:00:00,88.946434,TFT
2021-09-11 06:00:00,2021-09-11 06:15:00,87.55634,TFT
2021-09-11 06:00:00,2021-09-11 06:30:00,84.25885,TFT
2021-09-11 06:00:00,2021-09-11 06:45:00,79.22599,TFT
2021-09-11 07:00:00,2021-09-11 07:00:00,52.89384,TFT
2021-09-11 07:00:00,2021-09-11 07:15:00,46.912876,TFT
2021-09-11 07:00:00,2021-09-11 07:30:00,40.701473,TFT
2021-09-11 07:00:00,2021-09-11 07:45:00,35.74702,TFT
2021-09-11 08:00:00,2021-09-11 08:00:00,22.272781,TFT
2021-09-11 08:00:00,2021-09-11 08:15:00,21.374252,TFT
2021-09-11 08:00:00,2021-09-11 08:30:00,21.05046,TFT
2021-09-11 08:00:00,2021-09-11 08:45:00,21.119537,TFT
2021-09-11 09:00:00,2021-09-11 09:00:00,20.91513,TFT
2021-09-11 09:00:00,2021-09-11 09:15:00,20.981651,TFT
2021-09-11 09:00:00,2021-09-11 09:30:00,21.169846,TFT
2021-09-11 09:00:00,2021-09-11 09:45:00,21.528305,TFT
2021-09-11 10:00:00,2021-09-11 10:00:00,22.148079,TFT
2021-09-11 10:00:00,2021-09-11 10:15:00,22.183235,TFT
2021-09-11 10:00:00,2021-09-11 10:30:00,22.28225,TFT
2021-09-11 10:00:00,2021-09-11 10:45:00,22.51332,TFT
2021-09-11 11:00:00,2021-09-11 11:00:00,22.90522,TFT
2021-09-11 11:00:00,2021-09-11 11:15:00,22.814774,TFT
2021-09-11 11:00:00,2021-09-11 11:30:00,22.734459,TFT
2021-09-11 11:00:00,2021-09-11 11:45:00,22.76612,TFT
2021-09-11 12:00:00,2021-09-11 12:00:00,22.752998,TFT
2021-09-11 12:00:00,2021-09-11 12:15:00,22.640205,TFT
2021-09-11 12:00:00,2021-09-11 12:30:00,22.517693,TFT
2021-09-11 12:00:00,2021-09-11 12:45:00,22.55397,TFT
2021-09-11 13:00:00,2021-09-11 13:00:00,22.45668,TFT
2021-09-11 13:00:00,2021-09-11 13:15:00,22.519226,TFT
2021-09-11 13:00:00,2021-09-11 13:30:00,22.50734,TFT
2021-09-11 13:00:00,2021-09-11 13:45:00,22.631721,TFT
2021-09-11 14:00:00,2021-09-11 14:00:00,22.366196,TFT
2021-09-11 14:00:00,2021-09-11 14:15:00,22.500221,TFT
2021-09-11 14:00:00,2021-09-11 14:30:00,22.515068,TFT
2021-09-11 14:00:00,2021-09-11 14:45:00,22.64505,TFT
2021-09-11 15:00:00,2021-09-11 15:00:00,22.227036,TFT
2021-09-11 15:00:00,2021-09-11 15:15:00,22.31472,TFT
2021-09-11 15:00:00,2021-09-11 15:30:00,22.283348,TFT
2021-09-11 15:00:00,2021-09-11 15:45:00,22.367172,TFT
2021-09-11 16:00:00,2021-09-11 16:00:00,21.856659,TFT
2021-09-11 16:00:00,2021-09-11 16:15:00,21.854073,TFT
2021-09-11 16:00:00,2021-09-11 16:30:00,21.759308,TFT
2021-09-11 16:00:00,2021-09-11 16:45:00,21.793587,TFT
2021-09-11 17:00:00,2021-09-11 17:00:00,21.332619,TFT
2021-09-11 17:00:00,2021-09-11 17:15:00,21.238068,TFT
2021-09-11 17:00:00,2021-09-11 17:30:00,21.102875,TFT
2021-09-11 17:00:00,2021-09-11 17:45:00,21.128235,TFT
2021-09-11 18:00:00,2021-09-11 18:00:00,21.134583,TFT
2021-09-11 18:00:00,2021-09-11 18:15:00,20.937477,TFT
2021-09-11 18:00:00,2021-09-11 18:30:00,20.796585,TFT
2021-09-11 18:00:00,2021-09-11 18:45:00,20.857979,TFT
2021-09-11 19:00:00,2021-09-11 19:00:00,21.485893,TFT
2021-09-11 19:00:00,2021-09-11 19:15:00,21.190033,TFT
2021-09-11 19:00:00,2021-09-11 19:30:00,21.0401,TFT
2021-09-11 19:00:00,2021-09-11 19:45:00,21.116074,TFT
2021-09-11 20:00:00,2021-09-11 20:00:00,21.531303,TFT
2021-09-11 20:00:00,2021-09-11 20:15:00,21.260895,TFT
2021-09-11 20:00:00,2021-09-11 20:30:00,21.143326,TFT
2021-09-11 20:00:00,2021-09-11 20:45:00,21.237541,TFT
2021-09-11 21:00:00,2021-09-11 21:00:00,21.294746,TFT
2021-09-11 21:00:00,2021-09-11 21:15:00,21.024117,TFT
2021-09-11 21:00:00,2021-09-11 21:30:00,20.903633,TFT
2021-09-11 21:00:00,2021-09-11 21:45:00,20.983215,TFT
2021-09-11 22:00:00,2021-09-11 22:00:00,21.043373,TFT
2021-09-11 22:00:00,2021-09-11 22:15:00,20.713379,TFT
2021-09-11 22:00:00,2021-09-11 22:30:00,20.54551,TFT
2021-09-11 22:00:00,2021-09-11 22:45:00,20.578766,TFT
2021-09-11 23:00:00,2021-09-11 23:00:00,21.01995,TFT
2021-09-11 23:00:00,2021-09-11 23:15:00,20.556778,TFT
2021-09-11 23:00:00,2021-09-11 23:30:00,20.301819,TFT
2021-09-11 23:00:00,2021-09-11 23:45:00,20.262703,TFT
2021-09-12 00:00:00,2021-09-12 00:00:00,21.769447,TFT
2021-09-12 00:00:00,2021-09-12 00:15:00,21.640854,TFT
2021-09-12 00:00:00,2021-09-12 00:30:00,21.608742,TFT
2021-09-12 00:00:00,2021-09-12 00:45:00,21.67202,TFT
2021-09-12 01:00:00,2021-09-12 01:00:00,21.508804,TFT
2021-09-12 01:00:00,2021-09-12 01:15:00,21.40889,TFT
2021-09-12 01:00:00,2021-09-12 01:30:00,21.411957,TFT
2021-09-12 01:00:00,2021-09-12 01:45:00,21.513954,TFT
2021-09-12 02:00:00,2021-09-12 02:00:00,21.68782,TFT
2021-09-12 02:00:00,2021-09-12 02:15:00,21.50016,TFT
2021-09-12 02:00:00,2021-09-12 02:30:00,21.465996,TFT
2021-09-12 02:00:00,2021-09-12 02:45:00,21.548264,TFT
2021-09-12 03:00:00,2021-09-12 03:00:00,21.789833,TFT
2021-09-12 03:00:00,2021-09-12 03:15:00,21.54654,TFT
2021-09-12 03:00:00,2021-09-12 03:30:00,21.48883,TFT
2021-09-12 03:00:00,2021-09-12 03:45:00,21.556221,TFT
2021-09-12 04:00:00,2021-09-12 04:00:00,21.763237,TFT
2021-09-12 04:00:00,2021-09-12 04:15:00,21.4953,TFT
2021-09-12 04:00:00,2021-09-12 04:30:00,21.42926,TFT
2021-09-12 04:00:00,2021-09-12 04:45:00,21.49199,TFT
2021-09-12 05:00:00,2021-09-12 05:00:00,21.680046,TFT
2021-09-12 05:00:00,2021-09-12 05:15:00,21.395378,TFT
2021-09-12 05:00:00,2021-09-12 05:30:00,21.330208,TFT
2021-09-12 05:00:00,2021-09-12 05:45:00,21.403763,TFT
2021-09-12 06:00:00,2021-09-12 06:00:00,21.587196,TFT
2021-09-12 06:00:00,2021-09-12 06:15:00,21.323853,TFT
2021-09-12 06:00:00,2021-09-12 06:30:00,21.290024,TFT
2021-09-12 06:00:00,2021-09-12 06:45:00,21.398994,TFT
2021-09-12 07:00:00,2021-09-12 07:00:00,21.462906,TFT
2021-09-12 07:00:00,2021-09-12 07:15:00,21.283356,TFT
2021-09-12 07:00:00,2021-09-12 07:30:00,21.26255,TFT
2021-09-12 07:00:00,2021-09-12 07:45:00,21.360443,TFT
2021-09-12 08:00:00,2021-09-12 08:00:00,21.417625,TFT
2021-09-12 08:00:00,2021-09-12 08:15:00,21.23497,TFT
2021-09-12 08:00:00,2021-09-12 08:30:00,21.17765,TFT
2021-09-12 08:00:00,2021-09-12 08:45:00,21.245766,TFT
2021-09-12 09:00:00,2021-09-12 09:00:00,21.410027,TFT
2021-09-12 09:00:00,2021-09-12 09:15:00,21.24047,TFT
2021-09-12 09:00:00,2021-09-12 09:30:00,21.20285,TFT
2021-09-12 09:00:00,2021-09-12 09:45:00,21.319534,TFT
2021-09-12 10:00:00,2021-09-12 10:00:00,21.663017,TFT
2021-09-12 10:00:00,2021-09-12 10:15:00,21.601768,TFT
2021-09-12 10:00:00,2021-09-12 10:30:00,21.649185,TFT
2021-09-12 10:00:00,2021-09-12 10:45:00,21.834045,TFT
2021-09-12 11:00:00,2021-09-12 11:00:00,22.192009,TFT
2021-09-12 11:00:00,2021-09-12 11:15:00,22.17913,TFT
2021-09-12 11:00:00,2021-09-12 11:30:00,22.191887,TFT
2021-09-12 11:00:00,2021-09-12 11:45:00,22.295517,TFT
2021-09-12 12:00:00,2021-09-12 12:00:00,22.369728,TFT
2021-09-12 12:00:00,2021-09-12 12:15:00,22.377106,TFT
2021-09-12 12:00:00,2021-09-12 12:30:00,22.374344,TFT
2021-09-12 12:00:00,2021-09-12 12:45:00,22.490517,TFT
2021-09-12 13:00:00,2021-09-12 13:00:00,22.492493,TFT
2021-09-12 13:00:00,2021-09-12 13:15:00,22.629623,TFT
2021-09-12 13:00:00,2021-09-12 13:30:00,22.693298,TFT
2021-09-12 13:00:00,2021-09-12 13:45:00,22.84568,TFT
2021-09-12 14:00:00,2021-09-12 14:00:00,22.791092,TFT
2021-09-12 14:00:00,2021-09-12 14:15:00,22.950897,TFT
2021-09-12 14:00:00,2021-09-12 14:30:00,22.986382,TFT
2021-09-12 14:00:00,2021-09-12 14:45:00,23.083763,TFT
2021-09-12 15:00:00,2021-09-12 15:00:00,22.911911,TFT
2021-09-12 15:00:00,2021-09-12 15:15:00,23.008675,TFT
2021-09-12 15:00:00,2021-09-12 15:30:00,22.973083,TFT
2021-09-12 15:00:00,2021-09-12 15:45:00,22.996887,TFT
2021-09-12 16:00:00,2021-09-12 16:00:00,22.665459,TFT
2021-09-12 16:00:00,2021-09-12 16:15:00,22.713577,TFT
2021-09-12 16:00:00,2021-09-12 16:30:00,22.643333,TFT
2021-09-12 16:00:00,2021-09-12 16:45:00,22.638962,TFT
2021-09-12 17:00:00,2021-09-12 17:00:00,22.310036,TFT
2021-09-12 17:00:00,2021-09-12 17:15:00,22.324516,TFT
2021-09-12 17:00:00,2021-09-12 17:30:00,22.26358,TFT
2021-09-12 17:00:00,2021-09-12 17:45:00,22.286346,TFT
2021-09-12 18:00:00,2021-09-12 18:00:00,22.192902,TFT
2021-09-12 18:00:00,2021-09-12 18:15:00,22.15979,TFT
2021-09-12 18:00:00,2021-09-12 18:30:00,22.122818,TFT
2021-09-12 18:00:00,2021-09-12 18:45:00,22.176361,TFT
2021-09-12 19:00:00,2021-09-12 19:00:00,22.382416,TFT
2021-09-12 19:00:00,2021-09-12 19:15:00,22.270859,TFT
2021-09-12 19:00:00,2021-09-12 19:30:00,22.214386,TFT
2021-09-12 19:00:00,2021-09-12 19:45:00,22.248169,TFT
2021-09-12 20:00:00,2021-09-12 20:00:00,22.262978,TFT
2021-09-12 20:00:00,2021-09-12 20:15:00,22.180298,TFT
2021-09-12 20:00:00,2021-09-12 20:30:00,22.14212,TFT
2021-09-12 20:00:00,2021-09-12 20:45:00,22.181183,TFT
2021-09-12 21:00:00,2021-09-12 21:00:00,22.035667,TFT
2021-09-12 21:00:00,2021-09-12 21:15:00,21.989677,TFT
2021-09-12 21:00:00,2021-09-12 21:30:00,21.975204,TFT
2021-09-12 21:00:00,2021-09-12 21:45:00,22.03115,TFT
2021-09-12 22:00:00,2021-09-12 22:00:00,21.854286,TFT
2021-09-12 22:00:00,2021-09-12 22:15:00,21.821297,TFT
2021-09-12 22:00:00,2021-09-12 22:30:00,21.82125,TFT
2021-09-12 22:00:00,2021-09-12 22:45:00,21.89595,TFT
2021-09-12 23:00:00,2021-09-12 23:00:00,21.691528,TFT
2021-09-12 23:00:00,2021-09-12 23:15:00,21.673058,TFT
2021-09-12 23:00:00,2021-09-12 23:30:00,21.699379,TFT
2021-09-12 23:00:00,2021-09-12 23:45:00,21.808754,TFT
2021-09-13 00:00:00,2021-09-13 00:00:00,24.502266,TFT
2021-09-13 00:00:00,2021-09-13 00:15:00,23.61084,TFT
2021-09-13 00:00:00,2021-09-13 00:30:00,23.214386,TFT
2021-09-13 00:00:00,2021-09-13 00:45:00,23.185852,TFT
2021-09-13 01:00:00,2021-09-13 01:00:00,21.994087,TFT
2021-09-13 01:00:00,2021-09-13 01:15:00,21.435738,TFT
2021-09-13 01:00:00,2021-09-13 01:30:00,21.253845,TFT
2021-09-13 01:00:00,2021-09-13 01:45:00,21.376587,TFT
2021-09-13 02:00:00,2021-09-13 02:00:00,22.13543,TFT
2021-09-13 02:00:00,2021-09-13 02:15:00,21.447517,TFT
2021-09-13 02:00:00,2021-09-13 02:30:00,21.206818,TFT
2021-09-13 02:00:00,2021-09-13 02:45:00,21.307976,TFT
2021-09-13 03:00:00,2021-09-13 03:00:00,22.43171,TFT
2021-09-13 03:00:00,2021-09-13 03:15:00,21.642494,TFT
2021-09-13 03:00:00,2021-09-13 03:30:00,21.360977,TFT
2021-09-13 03:00:00,2021-09-13 03:45:00,21.456467,TFT
2021-09-13 04:00:00,2021-09-13 04:00:00,22.271217,TFT
2021-09-13 04:00:00,2021-09-13 04:15:00,21.552078,TFT
2021-09-13 04:00:00,2021-09-13 04:30:00,21.363518,TFT
2021-09-13 04:00:00,2021-09-13 04:45:00,21.590462,TFT
2021-09-13 05:00:00,2021-09-13 05:00:00,22.07962,TFT
2021-09-13 05:00:00,2021-09-13 05:15:00,21.73394,TFT
2021-09-13 05:00:00,2021-09-13 05:30:00,21.996094,TFT
2021-09-13 05:00:00,2021-09-13 05:45:00,22.842346,TFT
2021-09-13 06:00:00,2021-09-13 06:00:00,23.849373,TFT
2021-09-13 06:00:00,2021-09-13 06:15:00,24.973862,TFT
2021-09-13 06:00:00,2021-09-13 06:30:00,27.536232,TFT
2021-09-13 06:00:00,2021-09-13 06:45:00,32.465145,TFT
2021-09-13 07:00:00,2021-09-13 07:00:00,39.989918,TFT
2021-09-13 07:00:00,2021-09-13 07:15:00,59.936592,TFT
2021-09-13 07:00:00,2021-09-13 07:30:00,104.47812,TFT
2021-09-13 07:00:00,2021-09-13 07:45:00,156.24301,TFT
2021-09-13 08:00:00,2021-09-13 08:00:00,163.77747,TFT
2021-09-13 08:00:00,2021-09-13 08:15:00,176.3072,TFT
2021-09-13 08:00:00,2021-09-13 08:30:00,181.63046,TFT
2021-09-13 08:00:00,2021-09-13 08:45:00,183.99133,TFT
2021-09-13 09:00:00,2021-09-13 09:00:00,189.10086,TFT
2021-09-13 09:00:00,2021-09-13 09:15:00,186.84091,TFT
2021-09-13 09:00:00,2021-09-13 09:30:00,184.9553,TFT
2021-09-13 09:00:00,2021-09-13 09:45:00,183.3729,TFT
2021-09-13 10:00:00,2021-09-13 10:00:00,185.6608,TFT
2021-09-13 10:00:00,2021-09-13 10:15:00,183.86008,TFT
2021-09-13 10:00:00,2021-09-13 10:30:00,182.28308,TFT
2021-09-13 10:00:00,2021-09-13 10:45:00,180.79933,TFT
2021-09-13 11:00:00,2021-09-13 11:00:00,182.95981,TFT
2021-09-13 11:00:00,2021-09-13 11:15:00,181.16344,TFT
2021-09-13 11:00:00,2021-09-13 11:30:00,179.39166,TFT
2021-09-13 11:00:00,2021-09-13 11:45:00,177.61722,TFT
2021-09-13 12:00:00,2021-09-13 12:00:00,181.33694,TFT
2021-09-13 12:00:00,2021-09-13 12:15:00,179.1056,TFT
2021-09-13 12:00:00,2021-09-13 12:30:00,177.01724,TFT
2021-09-13 12:00:00,2021-09-13 12:45:00,175.07782,TFT
2021-09-13 13:00:00,2021-09-13 13:00:00,152.28232,TFT
2021-09-13 13:00:00,2021-09-13 13:15:00,158.2172,TFT
2021-09-13 13:00:00,2021-09-13 13:30:00,161.54823,TFT
2021-09-13 13:00:00,2021-09-13 13:45:00,163.12006,TFT
2021-09-13 14:00:00,2021-09-13 14:00:00,176.74185,TFT
2021-09-13 14:00:00,2021-09-13 14:15:00,174.4104,TFT
2021-09-13 14:00:00,2021-09-13 14:30:00,172.14058,TFT
2021-09-13 14:00:00,2021-09-13 14:45:00,170.03851,TFT
2021-09-13 15:00:00,2021-09-13 15:00:00,173.4961,TFT
2021-09-13 15:00:00,2021-09-13 15:15:00,171.41606,TFT
2021-09-13 15:00:00,2021-09-13 15:30:00,169.28006,TFT
2021-09-13 15:00:00,2021-09-13 15:45:00,167.11752,TFT
2021-09-13 16:00:00,2021-09-13 16:00:00,168.74005,TFT
2021-09-13 16:00:00,2021-09-13 16:15:00,166.84158,TFT
2021-09-13 16:00:00,2021-09-13 16:30:00,164.48895,TFT
2021-09-13 16:00:00,2021-09-13 16:45:00,161.75798,TFT
2021-09-13 17:00:00,2021-09-13 17:00:00,169.19098,TFT
2021-09-13 17:00:00,2021-09-13 17:15:00,164.61734,TFT
2021-09-13 17:00:00,2021-09-13 17:30:00,160.15414,TFT
2021-09-13 17:00:00,2021-09-13 17:45:00,155.34097,TFT
2021-09-13 18:00:00,2021-09-13 18:00:00,158.41237,TFT
2021-09-13 18:00:00,2021-09-13 18:15:00,152.57166,TFT
2021-09-13 18:00:00,2021-09-13 18:30:00,146.55844,TFT
2021-09-13 18:00:00,2021-09-13 18:45:00,140.15659,TFT
2021-09-13 19:00:00,2021-09-13 19:00:00,144.96638,TFT
2021-09-13 19:00:00,2021-09-13 19:15:00,138.3063,TFT
2021-09-13 19:00:00,2021-09-13 19:30:00,132.1909,TFT
2021-09-13 19:00:00,2021-09-13 19:45:00,126.12259,TFT
2021-09-13 20:00:00,2021-09-13 20:00:00,131.55377,TFT
2021-09-13 20:00:00,2021-09-13 20:15:00,125.561005,TFT
2021-09-13 20:00:00,2021-09-13 20:30:00,120.58303,TFT
2021-09-13 20:00:00,2021-09-13 20:45:00,115.860855,TFT
2021-09-13 21:00:00,2021-09-13 21:00:00,120.88259,TFT
2021-09-13 21:00:00,2021-09-13 21:15:00,116.27256,TFT
2021-09-13 21:00:00,2021-09-13 21:30:00,112.6365,TFT
2021-09-13 21:00:00,2021-09-13 21:45:00,109.14693,TFT
2021-09-13 22:00:00,2021-09-13 22:00:00,111.73743,TFT
2021-09-13 22:00:00,2021-09-13 22:15:00,108.77042,TFT
2021-09-13 22:00:00,2021-09-13 22:30:00,106.37548,TFT
2021-09-13 22:00:00,2021-09-13 22:45:00,103.90476,TFT
2021-09-13 23:00:00,2021-09-13 23:00:00,103.074875,TFT
2021-09-13 23:00:00,2021-09-13 23:15:00,102.01609,TFT
2021-09-13 23:00:00,2021-09-13 23:30:00,101.029854,TFT
2021-09-13 23:00:00,2021-09-13 23:45:00,99.728424,TFT
2021-09-14 00:00:00,2021-09-14 00:00:00,103.82102,TFT
2021-09-14 00:00:00,2021-09-14 00:15:00,104.956726,TFT
2021-09-14 00:00:00,2021-09-14 00:30:00,105.68842,TFT
2021-09-14 00:00:00,2021-09-14 00:45:00,105.65752,TFT
2021-09-14 01:00:00,2021-09-14 01:00:00,85.48538,TFT
2021-09-14 01:00:00,2021-09-14 01:15:00,90.526215,TFT
2021-09-14 01:00:00,2021-09-14 01:30:00,94.25577,TFT
2021-09-14 01:00:00,2021-09-14 01:45:00,96.289215,TFT
2021-09-14 02:00:00,2021-09-14 02:00:00,104.96443,TFT
2021-09-14 02:00:00,2021-09-14 02:15:00,105.79002,TFT
2021-09-14 02:00:00,2021-09-14 02:30:00,105.62197,TFT
2021-09-14 02:00:00,2021-09-14 02:45:00,104.73142,TFT
2021-09-14 03:00:00,2021-09-14 03:00:00,105.01408,TFT
2021-09-14 03:00:00,2021-09-14 03:15:00,105.85521,TFT
2021-09-14 03:00:00,2021-09-14 03:30:00,105.6468,TFT
2021-09-14 03:00:00,2021-09-14 03:45:00,104.75681,TFT
2021-09-14 04:00:00,2021-09-14 04:00:00,103.71205,TFT
2021-09-14 04:00:00,2021-09-14 04:15:00,104.89848,TFT
2021-09-14 04:00:00,2021-09-14 04:30:00,105.04041,TFT
2021-09-14 04:00:00,2021-09-14 04:45:00,104.66663,TFT
2021-09-14 05:00:00,2021-09-14 05:00:00,101.30389,TFT
2021-09-14 05:00:00,2021-09-14 05:15:00,103.83668,TFT
2021-09-14 05:00:00,2021-09-14 05:30:00,105.65117,TFT
2021-09-14 05:00:00,2021-09-14 05:45:00,107.67449,TFT
2021-09-14 06:00:00,2021-09-14 06:00:00,103.59294,TFT
2021-09-14 06:00:00,2021-09-14 06:15:00,110.16148,TFT
2021-09-14 06:00:00,2021-09-14 06:30:00,117.891464,TFT
2021-09-14 06:00:00,2021-09-14 06:45:00,127.67475,TFT
2021-09-14 07:00:00,2021-09-14 07:00:00,128.47214,TFT
2021-09-14 07:00:00,2021-09-14 07:15:00,143.6842,TFT
2021-09-14 07:00:00,2021-09-14 07:30:00,157.55235,TFT
2021-09-14 07:00:00,2021-09-14 07:45:00,168.40985,TFT
2021-09-14 08:00:00,2021-09-14 08:00:00,177.17648,TFT
2021-09-14 08:00:00,2021-09-14 08:15:00,181.10153,TFT
2021-09-14 08:00:00,2021-09-14 08:30:00,182.51736,TFT
2021-09-14 08:00:00,2021-09-14 08:45:00,182.67557,TFT
2021-09-14 09:00:00,2021-09-14 09:00:00,182.06985,TFT
2021-09-14 09:00:00,2021-09-14 09:15:00,181.71667,TFT
2021-09-14 09:00:00,2021-09-14 09:30:00,181.12106,TFT
2021-09-14 09:00:00,2021-09-14 09:45:00,180.48392,TFT
2021-09-14 10:00:00,2021-09-14 10:00:00,179.36261,TFT
2021-09-14 10:00:00,2021-09-14 10:15:00,178.85242,TFT
2021-09-14 10:00:00,2021-09-14 10:30:00,178.39246,TFT
2021-09-14 10:00:00,2021-09-14 10:45:00,177.95895,TFT
2021-09-14 11:00:00,2021-09-14 11:00:00,170.55785,TFT
2021-09-14 11:00:00,2021-09-14 11:15:00,172.88437,TFT
2021-09-14 11:00:00,2021-09-14 11:30:00,174.09561,TFT
2021-09-14 11:00:00,2021-09-14 11:45:00,174.67303,TFT
2021-09-14 12:00:00,2021-09-14 12:00:00,175.40833,TFT
2021-09-14 12:00:00,2021-09-14 12:15:00,175.044,TFT
2021-09-14 12:00:00,2021-09-14 12:30:00,174.86795,TFT
2021-09-14 12:00:00,2021-09-14 12:45:00,174.77266,TFT
2021-09-14 13:00:00,2021-09-14 13:00:00,162.04211,TFT
2021-09-14 13:00:00,2021-09-14 13:15:00,167.78812,TFT
2021-09-14 13:00:00,2021-09-14 13:30:00,171.18202,TFT
2021-09-14 13:00:00,2021-09-14 13:45:00,173.00314,TFT
2021-09-14 14:00:00,2021-09-14 14:00:00,173.43933,TFT
2021-09-14 14:00:00,2021-09-14 14:15:00,173.79192,TFT
2021-09-14 14:00:00,2021-09-14 14:30:00,173.93245,TFT
2021-09-14 14:00:00,2021-09-14 14:45:00,173.98073,TFT
2021-09-14 15:00:00,2021-09-14 15:00:00,169.41667,TFT
2021-09-14 15:00:00,2021-09-14 15:15:00,170.86096,TFT
2021-09-14 15:00:00,2021-09-14 15:30:00,171.73996,TFT
2021-09-14 15:00:00,2021-09-14 15:45:00,172.22238,TFT
2021-09-14 16:00:00,2021-09-14 16:00:00,173.07947,TFT
2021-09-14 16:00:00,2021-09-14 16:15:00,172.44266,TFT
2021-09-14 16:00:00,2021-09-14 16:30:00,171.94873,TFT
2021-09-14 16:00:00,2021-09-14 16:45:00,171.36047,TFT
2021-09-14 17:00:00,2021-09-14 17:00:00,168.98727,TFT
2021-09-14 17:00:00,2021-09-14 17:15:00,167.76654,TFT
2021-09-14 17:00:00,2021-09-14 17:30:00,166.38205,TFT
2021-09-14 17:00:00,2021-09-14 17:45:00,164.60669,TFT
2021-09-14 18:00:00,2021-09-14 18:00:00,162.21283,TFT
2021-09-14 18:00:00,2021-09-14 18:15:00,159.74274,TFT
2021-09-14 18:00:00,2021-09-14 18:30:00,156.87083,TFT
2021-09-14 18:00:00,2021-09-14 18:45:00,153.73749,TFT
2021-09-14 19:00:00,2021-09-14 19:00:00,155.76157,TFT
2021-09-14 19:00:00,2021-09-14 19:15:00,150.96654,TFT
2021-09-14 19:00:00,2021-09-14 19:30:00,146.56049,TFT
2021-09-14 19:00:00,2021-09-14 19:45:00,142.373,TFT
2021-09-14 20:00:00,2021-09-14 20:00:00,141.18416,TFT
2021-09-14 20:00:00,2021-09-14 20:15:00,136.31453,TFT
2021-09-14 20:00:00,2021-09-14 20:30:00,131.93808,TFT
2021-09-14 20:00:00,2021-09-14 20:45:00,127.97354,TFT
2021-09-14 21:00:00,2021-09-14 21:00:00,125.00808,TFT
2021-09-14 21:00:00,2021-09-14 21:15:00,121.144485,TFT
2021-09-14 21:00:00,2021-09-14 21:30:00,117.79298,TFT
2021-09-14 21:00:00,2021-09-14 21:45:00,114.87397,TFT
2021-09-14 22:00:00,2021-09-14 22:00:00,111.78098,TFT
2021-09-14 22:00:00,2021-09-14 22:15:00,109.14008,TFT
2021-09-14 22:00:00,2021-09-14 22:30:00,106.92559,TFT
2021-09-14 22:00:00,2021-09-14 22:45:00,105.07044,TFT
2021-09-14 23:00:00,2021-09-14 23:00:00,99.7604,TFT
2021-09-14 23:00:00,2021-09-14 23:15:00,98.71063,TFT
2021-09-14 23:00:00,2021-09-14 23:30:00,97.96596,TFT
2021-09-14 23:00:00,2021-09-14 23:45:00,97.43974,TFT
